loan_purpose,loan_amount,debt_to_income_ratio,property_value,income,occupancy_type,derived_race,derived_sex,applicant_age,loan_to_value_ratio,action_taken
1,385000.0,43,405000.0,99.0,1,White,Male,35-44,95.0,Loan originated
1,255000.0,48,275000.0,85.0,1,Hispanic or Latino,Female,25-34,95.0,Loan originated
1,1115000.0,38,1395000.0,319.0,1,Asian,Male,35-44,80.0,Loan originated
1,965000.0,47,1385000.0,210.0,1,Asian,Female,35-44,70.0,Loan originated
1,905000.0,<20%,1125000.0,845.0,1,Asian,Male,35-44,80.0,Loan originated
1,605000.0,46,755000.0,205.0,1,White,Female,35-44,80.0,Loan originated
1,225000.0,20%-<30%,325000.0,133.0,1,White,Male,>74,68.75,Loan originated
1,705000.0,49,785000.0,139.0,1,Asian,Male,35-44,90.0,Loan originated
1,705000.0,49,885000.0,171.0,1,Asian,Male,25-34,80.0,Loan originated
1,605000.0,>60%,1495000.0,89.0,1,White,Male,>74,40.05,Application denied
1,625000.0,30%-<36%,695000.0,199.0,1,Asian,Joint,25-34,90.0,Loan originated
1,745000.0,20%-<30%,935000.0,290.0,1,White,Female,35-44,80.0,Loan originated
1,475000.0,41,595000.0,130.0,1,Asian,Male,25-34,80.0,Loan originated
1,275000.0,50%-60%,375000.0,102.0,1,White,Joint,45-54,73.81,Application denied
1,655000.0,39,815000.0,168.0,1,Asian,Male,45-54,80.0,Loan originated
1,325000.0,49,335000.0,104.0,1,Hispanic or Latino,Male,65-74,97.0,Loan originated
1,1405000.0,30%-<36%,1755000.0,400.0,1,Asian,Female,25-34,80.0,Loan originated
1,475000.0,20%-<30%,725000.0,333.0,1,Asian,Female,55-64,65.278,Loan originated
1,305000.0,<20%,1205000.0,375.0,1,Asian,Male,45-54,25.614,Loan originated
1,585000.0,39,835000.0,188.0,1,Asian,Male,45-54,70.0,Loan originated
1,835000.0,20%-<30%,1235000.0,325.0,1,White,Joint,25-34,67.65,Loan originated
1,645000.0,49,765000.0,234.0,1,Asian,Joint,35-44,84.61,Loan originated
1,345000.0,42,375000.0,78.0,1,White,Female,45-54,89.974,Loan originated
1,625000.0,40,705000.0,169.0,1,Asian,Female,35-44,89.99,Loan originated
1,625000.0,<20%,835000.0,355.0,1,Asian,Joint,35-44,75.0,Loan originated
1,1145000.0,20%-<30%,1425000.0,470.0,1,White,Joint,25-34,80.689,Loan originated
1,115000.0,44,125000.0,34.0,1,White,Joint,55-64,95.0,Loan originated
1,805000.0,20%-<30%,1615000.0,367.0,1,Asian,Joint,35-44,50.0,Loan originated
1,895000.0,41,1045000.0,292.0,1,Asian,Joint,35-44,85.0,Loan originated
1,1145000.0,45,1535000.0,245.0,1,White,Male,55-64,75.0,Loan originated
1,655000.0,20%-<30%,765000.0,263.0,1,White,Male,35-44,85.0,Loan originated
1,925000.0,20%-<30%,1165000.0,309.0,1,Asian,Joint,45-54,80.0,Loan originated
1,585000.0,49,605000.0,116.0,1,White,Male,25-34,100.0,Loan originated
1,215000.0,42,225000.0,408.0,1,Hispanic or Latino,Female,35-44,95.0,Loan originated
1,535000.0,48,775000.0,14.0,1,Asian,Female,25-34,70.0,Loan originated
1,495000.0,48,625000.0,316.0,1,Asian,Male,<25,80.0,Loan originated
1,465000.0,46,685000.0,137.0,1,Asian,Male,45-54,67.883,Loan originated
1,755000.0,49,1075000.0,193.0,1,White,Male,35-44,70.0,Loan originated
1,425000.0,20%-<30%,1025000.0,293.0,1,White,Male,35-44,41.176,Loan originated
1,345000.0,40,695000.0,172.0,1,White,Male,55-64,48.641,Loan originated
1,1145000.0,39,1445000.0,303.0,1,Asian,Joint,35-44,79.792,Loan originated
1,535000.0,49,675000.0,108.0,1,Black or African American,Female,35-44,80.0,Loan originated
1,535000.0,30%-<36%,675000.0,243.0,1,White,Joint,35-44,80.0,Loan originated
1,665000.0,>60%,835000.0,220.0,1,Black or African American,Joint,25-34,79.99,Application denied
1,365000.0,30%-<36%,465000.0,180.0,1,Hispanic or Latino,Male,35-44,80.0,Loan originated
1,755000.0,40,1155000.0,183.0,1,White,Male,25-34,65.0,Loan originated
1,775000.0,49,815000.0,162.0,1,White,Joint,35-44,95.0,Loan originated
1,765000.0,41,1175000.0,303.0,1,White,Male,35-44,65.539,Loan originated
1,585000.0,44,725000.0,130.0,1,Asian,Female,25-34,80.0,Loan originated
1,425000.0,43,535000.0,101.0,1,Other,Joint,55-64,80.0,Loan originated
1,265000.0,49,285000.0,67.0,1,Hispanic or Latino,Female,25-34,95.0,Loan originated
1,295000.0,20%-<30%,1245000.0,164.0,1,Asian,Joint,65-74,23.42,Loan originated
1,395000.0,43,405000.0,98.0,1,White,Joint,25-34,97.0,Loan originated
1,955000.0,20%-<30%,1365000.0,368.0,1,Asian,Joint,35-44,70.0,Loan originated
1,265000.0,30%-<36%,755000.0,214.0,1,White,Joint,65-74,34.621,Loan originated
1,505000.0,45,555000.0,114.0,1,Hispanic or Latino,Female,25-34,90.0,Loan originated
1,255000.0,36,655000.0,188.0,1,Asian,Female,45-54,39.0,Loan originated
1,355000.0,30%-<36%,2425000.0,236.0,1,White,Joint,35-44,14.451,Loan originated
1,155000.0,39,205000.0,48.0,1,Hispanic or Latino,Female,>74,75.0,Loan originated
1,455000.0,49,505000.0,98.0,1,Asian,Female,35-44,90.0,Loan originated
1,265000.0,40,285000.0,66.0,1,Hispanic or Latino,Female,25-34,95.0,Loan originated
1,565000.0,49,1025000.0,141.0,1,Asian,Male,45-54,55.077,Loan originated
1,465000.0,50%-60%,505000.0,81.0,1,Hispanic or Latino,Male,35-44,92.52,Application denied
1,225000.0,30%-<36%,665000.0,153.0,1,Hispanic or Latino,Joint,45-54,34.363,Loan originated
1,405000.0,47,535000.0,85.0,1,Asian,Joint,45-54,75.0,Loan originated
1,405000.0,42,425000.0,119.0,1,Hispanic or Latino,Joint,25-34,97.0,Loan originated
1,1005000.0,30%-<36%,1205000.0,320.0,1,Asian,Joint,25-34,83.33,Loan originated
1,235000.0,46,395000.0,53.0,1,Hispanic or Latino,Male,25-34,74.615,Loan originated
1,275000.0,47,305000.0,59.0,1,Hispanic or Latino,Male,35-44,90.0,Loan originated
1,475000.0,41,495000.0,119.0,1,White,Joint,35-44,95.0,Loan originated
1,395000.0,40,435000.0,116.0,1,White,Male,35-44,90.0,Loan originated
1,75000.0,>60%,1035000.0,36.0,1,White,Female,65-74,7.244,Application denied
1,355000.0,41,555000.0,166.0,1,White,Female,55-64,64.0,Loan originated
1,545000.0,20%-<30%,575000.0,275.0,1,White,Female,35-44,95.0,Loan originated
1,585000.0,48,905000.0,132.0,1,Asian,Male,35-44,64.59,Loan originated
1,985000.0,30%-<36%,1095000.0,494.0,1,White,Joint,45-54,90.0,Loan originated
1,495000.0,20%-<30%,625000.0,179.0,1,White,Joint,35-44,80.0,Loan originated
1,1045000.0,47,1305000.0,251.0,1,White,Male,35-44,80.0,Loan originated
1,575000.0,30%-<36%,635000.0,310.0,1,Asian,Joint,25-34,89.98,Loan originated
1,535000.0,<20%,685000.0,282.0,1,White,Male,25-34,77.941,Loan originated
1,505000.0,47,645000.0,132.0,1,White,Female,35-44,78.75,Loan originated
1,525000.0,40,545000.0,237.0,1,Hispanic or Latino,Joint,45-54,95.0,Loan originated
1,765000.0,20%-<30%,805000.0,304.0,1,Hispanic or Latino,Joint,25-34,95.0,Loan originated
1,545000.0,49,615000.0,116.0,1,White,Male,35-44,90.0,Loan originated
1,865000.0,30%-<36%,1155000.0,257.0,1,White,Joint,25-34,74.892,Loan originated
1,185000.0,>60%,185000.0,56.0,1,Hispanic or Latino,Male,25-34,95.0,Application denied
1,765000.0,49,975000.0,149.0,1,White,Male,25-34,79.0,Loan originated
1,585000.0,42,725000.0,140.0,1,White,Female,25-34,80.0,Loan originated
1,95000.0,30%-<36%,385000.0,77.0,1,White,Female,65-74,23.684,Loan originated
1,355000.0,30%-<36%,675000.0,150.0,1,Asian,Male,35-44,51.852,Loan originated
1,665000.0,37,825000.0,221.0,1,White,Joint,35-44,83.0,Loan originated
1,405000.0,49,515000.0,108.0,1,Asian,Female,65-74,80.0,Loan originated
1,545000.0,30%-<36%,575000.0,175.0,1,Asian,Male,35-44,95.0,Loan originated
1,515000.0,42,585000.0,139.0,1,White,Male,55-64,88.135,Loan originated
1,215000.0,20%-<30%,665000.0,87.0,1,White,Female,35-44,31.921,Loan originated
1,765000.0,48,855000.0,164.0,1,Black or African American,Female,35-44,90.0,Loan originated
1,715000.0,39,685000.0,249.0,1,Hispanic or Latino,Joint,25-34,105.029,Application denied
1,455000.0,37,565000.0,155.0,1,Asian,Male,45-54,80.0,Loan originated
1,275000.0,46,365000.0,70.0,1,White,Male,45-54,75.61,Loan originated
1,265000.0,47,515000.0,79.0,1,Asian,Female,45-54,50.98,Loan originated
1,315000.0,30%-<36%,1315000.0,133.0,1,White,Joint,25-34,23.66,Loan originated
1,255000.0,48,845000.0,80.0,1,White,Female,45-54,30.0,Loan originated
1,275000.0,47,305000.0,60.0,1,White,Male,45-54,90.0,Loan originated
1,765000.0,47,805000.0,234.0,1,Black or African American,Joint,35-44,95.0,Loan originated
1,525000.0,41,655000.0,212.0,1,White,Joint,35-44,80.0,Loan originated
1,555000.0,30%-<36%,735000.0,219.0,1,White,Female,>74,75.0,Loan originated
1,375000.0,46,535000.0,77.0,1,White,Female,35-44,70.0,Loan originated
1,35000.0,44,335000.0,40.0,1,White,Joint,65-74,101.212,Loan originated
1,735000.0,38,975000.0,282.0,1,White,Female,55-64,75.0,Loan originated
1,345000.0,47,365000.0,86.0,1,Hispanic or Latino,Male,<25,97.0,Loan originated
1,1085000.0,43,1355000.0,267.0,1,White,Male,35-44,80.0,Loan originated
1,1075000.0,37,1525000.0,340.0,1,White,Male,25-34,70.395,Loan originated
1,1105000.0,20%-<30%,1575000.0,368.0,1,Asian,Joint,25-34,70.0,Loan originated
1,735000.0,48,815000.0,162.0,1,White,Male,25-34,90.0,Loan originated
1,655000.0,49,735000.0,260.0,1,Asian,Joint,35-44,90.0,Loan originated
1,765000.0,44,905000.0,186.0,1,White,Male,25-34,84.78,Loan originated
1,685000.0,45,715000.0,156.0,1,White,Male,25-34,97.0,Loan originated
1,675000.0,39,705000.0,223.0,1,White,Joint,25-34,97.0,Loan originated
1,875000.0,46,1155000.0,184.0,1,White,Female,35-44,76.087,Loan originated
1,425000.0,>60%,625000.0,60.0,1,Asian,Joint,35-44,67.845,Application denied
1,625000.0,49,775000.0,262.0,1,Hispanic or Latino,Male,65-74,80.0,Loan originated
1,535000.0,40,595000.0,179.0,1,Black or African American,Female,25-34,89.83,Loan originated
1,615000.0,49,865000.0,125.0,1,White,Joint,35-44,71.09,Loan originated
1,655000.0,20%-<30%,865000.0,260.0,1,White,Joint,65-74,75.0,Loan originated
1,515000.0,39,685000.0,196.0,1,Asian,Male,55-64,75.0,Loan originated
1,605000.0,39,755000.0,447.0,1,White,Female,35-44,80.0,Loan originated
1,515000.0,49,575000.0,102.0,1,White,Male,35-44,89.815,Loan originated
1,285000.0,37,435000.0,73.0,1,White,Male,55-64,65.516,Loan originated
1,705000.0,20%-<30%,785000.0,411.0,1,Asian,Joint,35-44,90.0,Loan originated
1,765000.0,49,985000.0,349.0,1,Black or African American,Joint,45-54,78.163,Loan originated
1,635000.0,43,795000.0,315.0,1,White,Male,45-54,80.0,Loan originated
1,1085000.0,30%-<36%,1455000.0,370.0,1,Asian,Joint,25-34,84.979,Loan originated
1,805000.0,20%-<30%,1565000.0,510.0,1,Asian,Joint,45-54,51.41,Loan originated
1,685000.0,43,725000.0,189.0,1,Hispanic or Latino,Joint,25-34,95.0,Loan originated
1,545000.0,38,675000.0,170.0,1,Asian,Male,25-34,80.0,Loan originated
1,455000.0,30%-<36%,605000.0,295.0,1,Asian,Joint,25-34,75.0,Loan originated
1,445000.0,38,635000.0,375.0,1,Asian,Male,25-34,70.0,Loan originated
1,595000.0,49,1325000.0,149.0,1,Asian,Male,35-44,45.0,Loan originated
1,765000.0,20%-<30%,1055000.0,289.0,1,Asian,Joint,25-34,72.857,Loan originated
1,1145000.0,42,1745000.0,339.0,1,Asian,Joint,35-44,82.97,Loan originated
1,1005000.0,41,1315000.0,255.0,1,White,Male,45-54,76.255,Application denied
1,765000.0,42,985000.0,166.0,1,Asian,Female,35-44,78.214,Loan originated
1,705000.0,49,785000.0,267.0,1,Asian,Male,25-34,90.0,Loan originated
1,155000.0,46,305000.0,35.0,1,White,Female,25-34,50.0,Loan originated
1,1145000.0,49,1585000.0,266.0,1,Asian,Male,55-64,72.769,Loan originated
1,995000.0,49,1245000.0,253.0,1,White,Male,35-44,80.0,Loan originated
1,1035000.0,46,1225000.0,235.0,1,Black or African American,Female,35-44,85.0,Loan originated
1,1035000.0,38,1295000.0,308.0,1,White,Joint,25-34,79.89,Loan originated
1,1085000.0,30%-<36%,1365000.0,397.0,1,Asian,Male,45-54,80.0,Loan originated
1,765000.0,40,1205000.0,213.0,1,Asian,Male,35-44,63.83,Loan originated
1,1005000.0,20%-<30%,1305000.0,357.0,1,Asian,Female,25-34,76.9,Loan originated
1,385000.0,40,405000.0,142.0,1,White,Male,45-54,95.0,Loan originated
1,1145000.0,40,1435000.0,287.0,1,Asian,Female,45-54,80.0,Loan originated
1,625000.0,45,775000.0,158.0,1,White,Joint,25-34,80.0,Loan originated
1,95000.0,41,165000.0,74.0,1,Hispanic or Latino,Female,35-44,55.15,Loan originated
1,525000.0,47,655000.0,137.0,1,Black or African American,Female,45-54,80.0,Loan originated
1,275000.0,40,345000.0,63.0,1,Hispanic or Latino,Joint,65-74,80.0,Loan originated
1,255000.0,50%-60%,435000.0,69.0,1,Other,Female,65-74,60.0,Loan originated
1,605000.0,40,755000.0,248.0,1,White,Male,55-64,80.0,Loan originated
1,525000.0,39,585000.0,163.0,1,Other,Female,55-64,90.0,Loan originated
1,275000.0,30%-<36%,345000.0,257.0,1,Hispanic or Latino,Joint,35-44,80.0,Loan originated
1,655000.0,45,685000.0,179.0,1,Black or African American,Joint,55-64,95.0,Loan originated
1,435000.0,48,615000.0,121.0,1,Asian,Female,45-54,70.0,Application denied
1,455000.0,48,695000.0,143.0,1,White,Male,35-44,66.0,Loan originated
1,495000.0,47,515000.0,127.0,1,Asian,Joint,25-34,95.919,Loan originated
1,345000.0,43,395000.0,93.0,1,White,Male,45-54,87.47,Loan originated
1,595000.0,30%-<36%,745000.0,191.0,1,White,Joint,25-34,80.0,Loan originated
1,265000.0,<20%,665000.0,220.0,1,Asian,Male,25-34,39.853,Loan originated
1,735000.0,39,775000.0,177.0,1,Asian,Joint,35-44,94.999,Loan originated
1,755000.0,49,885000.0,235.0,1,Hispanic or Latino,Male,55-64,85.0,Loan originated
1,345000.0,40,595000.0,142.0,1,White,Female,>74,58.264,Loan originated
1,605000.0,49,755000.0,161.0,1,Asian,Joint,25-34,80.0,Loan originated
1,745000.0,44,935000.0,233.0,1,White,Joint,35-44,80.0,Loan originated
1,445000.0,36,455000.0,135.0,1,White,Joint,25-34,97.0,Loan originated
1,935000.0,20%-<30%,1335000.0,425.0,1,Asian,Female,35-44,70.0,Loan originated
1,635000.0,46,795000.0,224.0,1,Asian,Joint,25-34,80.0,Loan originated
1,725000.0,37,1035000.0,353.0,1,Asian,Male,45-54,70.0,Loan originated
1,865000.0,42,1075000.0,217.0,1,Asian,Male,35-44,80.0,Loan originated
1,655000.0,42,875000.0,154.0,1,Hispanic or Latino,Female,25-34,75.0,Loan originated
1,615000.0,41,685000.0,155.0,1,Asian,Male,65-74,90.0,Loan originated
1,485000.0,30%-<36%,655000.0,167.0,1,Asian,Male,25-34,75.0,Loan originated
1,415000.0,36,805000.0,132.0,1,White,Joint,35-44,51.88,Loan originated
1,355000.0,41,445000.0,88.0,1,White,Male,35-44,80.0,Loan originated
1,505000.0,49,1275000.0,125.0,1,White,Joint,>74,39.216,Loan originated
1,475000.0,46,675000.0,104.0,1,White,Male,>74,70.0,Loan originated
1,405000.0,48,505000.0,91.0,1,Asian,Female,35-44,80.0,Loan originated
1,765000.0,45,825000.0,163.0,1,Black or African American,Male,35-44,92.683,Loan originated
1,255000.0,48,1175000.0,254.0,1,Asian,Joint,35-44,21.259,Loan originated
1,1065000.0,20%-<30%,1185000.0,386.0,1,Asian,Joint,25-34,89.99,Loan originated
1,405000.0,>60%,655000.0,60.0,1,Asian,Male,25-34,61.538,Application denied
1,335000.0,20%-<30%,435000.0,122.0,1,White,Male,45-54,76.74,Loan originated
1,305000.0,30%-<36%,305000.0,46.0,1,White,Female,45-54,102.2,Application denied
1,75000.0,41,115000.0,48.0,1,White,Female,>74,63.64,Loan originated
1,855000.0,30%-<36%,1135000.0,432.0,1,White,Joint,45-54,76.0,Loan originated
1,745000.0,36,895000.0,279.0,1,White,Joint,35-44,83.24,Loan originated
1,445000.0,44,455000.0,120.0,1,Hispanic or Latino,Joint,25-34,100.0,Application denied
1,625000.0,20%-<30%,1675000.0,340.0,1,White,Joint,35-44,37.31,Loan originated
1,1135000.0,37,1415000.0,300.0,1,Asian,Male,35-44,80.0,Loan originated
1,795000.0,49,1135000.0,167.0,1,Asian,Male,45-54,71.0,Loan originated
1,635000.0,49,845000.0,168.0,1,White,Male,35-44,75.0,Loan originated
1,365000.0,43,375000.0,89.0,1,White,Joint,<25,97.0,Loan originated
1,735000.0,36,765000.0,256.0,1,Hispanic or Latino,Female,35-44,97.0,Loan originated
1,275000.0,50%-60%,325000.0,82.0,1,White,Female,25-34,85.0,Application denied
1,455000.0,>60%,515000.0,27.0,1,White,Joint,45-54,88.24,Application denied
1,205000.0,>60%,265000.0,28.0,1,Hispanic or Latino,Female,45-54,76.34,Application denied
1,625000.0,43,735000.0,227.0,1,Hispanic or Latino,Male,25-34,85.0,Loan originated
1,785000.0,36,825000.0,224.0,1,Asian,Joint,35-44,95.0,Loan originated
1,305000.0,39,805000.0,93.0,1,White,Female,65-74,37.5,Loan originated
1,315000.0,<20%,345000.0,212.0,1,Hispanic or Latino,Male,45-54,90.0,Loan originated
1,985000.0,39,1105000.0,274.0,1,Asian,Joint,35-44,89.17,Loan originated
1,435000.0,44,535000.0,117.0,1,Asian,Joint,35-44,79.894,Loan originated
1,685000.0,<20%,855000.0,1401.0,1,White,Male,25-34,80.0,Loan originated
1,845000.0,30%-<36%,1685000.0,257.0,1,Asian,Male,35-44,50.0,Loan originated
1,435000.0,49,465000.0,95.0,1,Hispanic or Latino,Female,25-34,95.0,Application denied
1,495000.0,30%-<36%,555000.0,129.0,1,White,Joint,25-34,90.0,Loan originated
1,935000.0,48,1255000.0,208.0,1,Asian,Female,45-54,75.0,Loan originated
1,485000.0,46,545000.0,216.0,1,Asian,Female,45-54,90.0,Loan originated
1,505000.0,46,685000.0,175.0,1,White,Male,25-34,75.0,Loan originated
1,545000.0,50%-60%,735000.0,105.0,1,Asian,Male,45-54,75.0,Application denied
1,675000.0,<20%,1255000.0,365.0,1,Hispanic or Latino,Female,45-54,54.0,Loan originated
1,305000.0,46,405000.0,70.0,1,Hispanic or Latino,Male,45-54,75.0,Loan originated
1,905000.0,30%-<36%,1205000.0,330.0,1,White,Female,55-64,75.0,Loan originated
1,1015000.0,36,1265000.0,270.0,1,White,Joint,25-34,80.0,Loan originated
1,875000.0,48,1095000.0,219.0,1,Asian,Joint,35-44,80.0,Loan originated
1,415000.0,45,545000.0,94.0,1,White,Male,25-34,75.0,Loan originated
1,545000.0,39,885000.0,174.0,1,Asian,Male,45-54,62.0,Loan originated
1,445000.0,39,1045000.0,165.0,1,White,Female,35-44,42.803,Loan originated
1,765000.0,46,1265000.0,263.0,1,Hispanic or Latino,Joint,45-54,60.41,Loan originated
1,445000.0,45,495000.0,112.0,1,White,Male,25-34,90.0,Loan originated
1,985000.0,37,1225000.0,586.0,1,White,Male,25-34,80.0,Loan originated
1,545000.0,49,605000.0,166.0,1,Hispanic or Latino,Joint,35-44,90.0,Loan originated
1,345000.0,45,435000.0,115.0,1,White,Joint,45-54,80.0,Loan originated
1,385000.0,50%-60%,395000.0,83.0,1,Hispanic or Latino,Female,35-44,97.0,Loan originated
1,405000.0,46,505000.0,110.0,1,White,Female,25-34,79.99,Loan originated
1,665000.0,41,705000.0,330.0,1,Asian,Female,25-34,95.0,Loan originated
1,585000.0,38,615000.0,230.0,1,Hispanic or Latino,Joint,25-34,95.0,Loan originated
1,1035000.0,20%-<30%,1385000.0,502.0,1,White,Male,25-34,89.982,Loan originated
1,415000.0,20%-<30%,495000.0,201.0,1,Hispanic or Latino,Male,35-44,85.0,Loan originated
1,335000.0,20%-<30%,515000.0,136.0,1,White,Male,25-34,65.049,Loan originated
1,425000.0,37,505000.0,130.0,1,Hispanic or Latino,Joint,25-34,88.0,Loan originated
1,725000.0,43,755000.0,236.0,1,Hispanic or Latino,Joint,35-44,97.0,Loan originated
1,555000.0,43,955000.0,141.0,1,White,Male,65-74,57.895,Loan originated
1,195000.0,46,455000.0,73.0,1,Hispanic or Latino,Female,35-44,41.76,Loan originated
1,545000.0,39,685000.0,167.0,1,Asian,Male,25-34,80.0,Loan originated
1,565000.0,46,625000.0,187.0,1,Black or African American,Joint,25-34,89.99,Loan originated
1,1145000.0,42,1355000.0,320.0,1,White,Joint,25-34,85.0,Loan originated
1,735000.0,49,815000.0,197.0,1,Asian,Male,35-44,90.0,Loan originated
1,295000.0,48,395000.0,98.0,1,White,Joint,65-74,75.0,Application denied
1,485000.0,42,695000.0,129.0,1,White,Male,<25,69.99,Loan originated
1,405000.0,36,1605000.0,144.0,1,Asian,Joint,45-54,25.0,Loan originated
1,565000.0,44,595000.0,147.0,1,White,Female,35-44,95.0,Loan originated
1,275000.0,40,305000.0,92.0,1,White,Male,45-54,90.0,Loan originated
1,445000.0,49,465000.0,151.0,1,Hispanic or Latino,Male,35-44,95.0,Loan originated
1,605000.0,49,635000.0,187.0,1,White,Joint,35-44,95.0,Loan originated
1,725000.0,43,765000.0,176.0,1,Asian,Male,25-34,95.0,Loan originated
1,1045000.0,20%-<30%,1305000.0,505.0,1,Hispanic or Latino,Male,25-34,80.0,Loan originated
1,765000.0,41,955000.0,238.0,1,Asian,Joint,35-44,80.0,Loan originated
1,595000.0,42,745000.0,342.0,1,White,Male,25-34,80.0,Loan originated
1,345000.0,45,405000.0,90.0,1,Hispanic or Latino,Female,25-34,85.0,Loan originated
1,355000.0,48,845000.0,83.0,1,Asian,Female,35-44,41.31,Loan originated
1,455000.0,30%-<36%,905000.0,179.0,1,White,Female,55-64,50.0,Loan originated
1,515000.0,48,645000.0,158.0,1,Hispanic or Latino,Joint,45-54,80.0,Loan originated
1,285000.0,49,445000.0,61.0,1,Asian,Male,25-34,63.0,Loan originated
1,515000.0,48,605000.0,117.0,1,Other,Joint,35-44,85.0,Loan originated
1,505000.0,<20%,1195000.0,310.0,1,White,Female,55-64,42.773,Loan originated
1,715000.0,50%-60%,845000.0,139.0,1,White,Female,35-44,84.0,Loan originated
1,805000.0,49,955000.0,169.0,1,White,Joint,55-64,85.0,Loan originated
1,965000.0,39,1205000.0,330.0,1,Asian,Male,45-54,80.0,Loan originated
1,445000.0,47,885000.0,118.0,1,Asian,Male,45-54,50.0,Loan originated
1,355000.0,42,395000.0,76.0,1,Hispanic or Latino,Female,35-44,90.0,Loan originated
1,385000.0,38,465000.0,112.0,1,Hispanic or Latino,Female,35-44,82.796,Application denied
1,825000.0,38,1035000.0,234.0,1,White,Female,25-34,80.0,Loan originated
1,585000.0,49,1235000.0,127.0,1,Asian,Female,45-54,48.0,Loan originated
1,215000.0,44,505000.0,86.0,1,Hispanic or Latino,Joint,55-64,42.963,Loan originated
1,715000.0,20%-<30%,895000.0,306.0,1,Hispanic or Latino,Male,55-64,80.0,Loan originated
1,305000.0,20%-<30%,315000.0,119.0,1,White,Male,45-54,97.0,Loan originated
1,305000.0,30%-<36%,385000.0,92.0,1,Hispanic or Latino,Male,45-54,80.0,Loan originated
1,395000.0,49,495000.0,81.0,1,White,Female,35-44,80.0,Loan originated
1,455000.0,49,1165000.0,95.0,1,White,Joint,65-74,43.016,Loan originated
1,525000.0,39,585000.0,174.0,1,Asian,Male,55-64,90.0,Application denied
1,65000.0,20%-<30%,115000.0,82.0,1,White,Female,65-74,50.0,Loan originated
1,405000.0,42,765000.0,116.0,1,Asian,Male,25-34,52.632,Loan originated
1,745000.0,49,785000.0,161.0,1,White,Male,25-34,95.0,Application denied
1,435000.0,37,455000.0,128.0,1,Hispanic or Latino,Female,35-44,95.0,Loan originated
1,765000.0,46,845000.0,568.0,1,Asian,Male,35-44,90.0,Loan originated
1,725000.0,49,905000.0,137.0,1,White,Joint,35-44,80.0,Loan originated
1,755000.0,49,855000.0,294.0,1,Asian,Joint,25-34,87.39,Loan originated
1,765000.0,44,1025000.0,282.0,1,White,Joint,35-44,80.0,Loan originated
1,645000.0,42,685000.0,134.0,1,Hispanic or Latino,Joint,35-44,98.676,Loan originated
1,565000.0,44,675000.0,140.0,1,White,Joint,35-44,85.0,Loan originated
1,365000.0,41,375000.0,124.0,1,White,Female,45-54,97.0,Loan originated
1,1145000.0,30%-<36%,1305000.0,356.0,1,White,Joint,35-44,88.0,Loan originated
1,375000.0,30%-<36%,775000.0,122.0,1,Asian,Joint,25-34,48.386,Loan originated
1,325000.0,50%-60%,545000.0,96.0,1,Black or African American,Female,35-44,59.727,Loan originated
1,485000.0,42,515000.0,125.0,1,White,Joint,35-44,95.0,Loan originated
1,715000.0,49,895000.0,154.0,1,Hispanic or Latino,Joint,35-44,80.0,Loan originated
1,795000.0,41,995000.0,204.0,1,White,Male,25-34,80.0,Loan originated
1,505000.0,36,565000.0,214.0,1,White,Joint,55-64,90.0,Loan originated
1,625000.0,50%-60%,665000.0,155.0,1,Asian,Male,35-44,93.999,Application denied
1,305000.0,30%-<36%,505000.0,120.0,1,White,Male,55-64,60.0,Application denied
1,305000.0,49,505000.0,72.0,1,Black or African American,Female,45-54,99.2,Loan originated
1,215000.0,44,215000.0,81.0,1,Hispanic or Latino,Female,45-54,97.0,Application denied
1,695000.0,46,1165000.0,265.0,1,Asian,Joint,35-44,60.0,Loan originated
1,405000.0,48,505000.0,96.0,1,Asian,Female,25-34,80.0,Loan originated
1,755000.0,49,885000.0,140.0,1,Hispanic or Latino,Male,25-34,85.0,Loan originated
1,855000.0,40,1085000.0,252.0,1,Asian,Male,55-64,79.0,Loan originated
1,455000.0,20%-<30%,775000.0,235.0,1,White,Joint,65-74,58.065,Loan originated
1,435000.0,42,465000.0,119.0,1,White,Male,25-34,95.0,Loan originated
1,505000.0,48,535000.0,164.0,1,Hispanic or Latino,Male,55-64,95.0,Loan originated
1,105000.0,47,275000.0,75.0,1,White,Joint,>74,36.36,Loan originated
1,375000.0,47,445000.0,81.0,1,White,Male,35-44,85.0,Loan originated
1,375000.0,30%-<36%,395000.0,108.0,1,White,Male,35-44,97.0,Loan originated
1,855000.0,43,935000.0,227.0,1,White,Joint,25-34,91.444,Loan originated
1,695000.0,44,875000.0,206.0,1,White,Male,25-34,80.0,Loan originated
1,1085000.0,47,1205000.0,231.0,1,Asian,Male,25-34,90.0,Loan originated
1,365000.0,47,385000.0,353.0,1,White,Male,35-44,95.0,Loan originated
1,355000.0,49,605000.0,87.0,1,White,Male,25-34,60.0,Loan originated
1,555000.0,47,2205000.0,226.0,1,White,Male,35-44,86.364,Loan originated
1,385000.0,49,475000.0,79.0,1,Asian,Male,55-64,80.0,Loan originated
1,295000.0,20%-<30%,375000.0,144.0,1,White,Joint,65-74,80.0,Loan originated
1,355000.0,37,505000.0,105.0,1,Asian,Male,35-44,70.0,Loan originated
1,255000.0,46,285000.0,56.0,1,White,Male,<25,90.0,Loan originated
1,365000.0,42,375000.0,101.0,1,White,Joint,25-34,97.0,Loan originated
1,245000.0,50%-60%,305000.0,116.0,1,Asian,Male,25-34,80.0,Application denied
1,455000.0,36,575000.0,133.0,1,White,Female,35-44,80.0,Loan originated
1,505000.0,49,745000.0,105.0,1,Asian,Joint,55-64,67.56,Loan originated
1,605000.0,20%-<30%,755000.0,259.0,1,White,Joint,25-34,80.0,Loan originated
1,765000.0,44,835000.0,170.0,1,Hispanic or Latino,Male,35-44,95.0,Loan originated
1,205000.0,36,925000.0,85.0,1,Asian,Male,25-34,21.56,Loan originated
1,765000.0,42,825000.0,229.0,1,Black or African American,Joint,25-34,92.814,Loan originated
1,755000.0,49,1005000.0,182.0,1,White,Male,<25,75.0,Loan originated
1,815000.0,42,865000.0,207.0,1,Hispanic or Latino,Joint,25-34,95.0,Loan originated
1,365000.0,48,405000.0,174.0,1,Hispanic or Latino,Joint,35-44,91.43,Loan originated
1,485000.0,41,515000.0,140.0,1,Hispanic or Latino,Male,45-54,95.0,Loan originated
1,805000.0,42,855000.0,216.0,1,Hispanic or Latino,Female,45-54,95.0,Loan originated
1,225000.0,36,255000.0,86.0,1,Asian,Male,25-34,87.0,Loan originated
1,235000.0,43,245000.0,79.0,1,White,Joint,45-54,97.0,Loan originated
1,595000.0,46,855000.0,181.0,1,Black or African American,Male,35-44,70.18,Loan originated
1,145000.0,20%-<30%,235000.0,94.0,1,Hispanic or Latino,Joint,35-44,100.0,Application denied
1,75000.0,20%-<30%,95000.0,78.0,1,White,Joint,35-44,75.0,Loan originated
1,295000.0,43,1155000.0,165.0,1,White,Male,55-64,25.015,Loan originated
1,285000.0,43,775000.0,89.0,1,White,Female,45-54,37.095,Loan originated
1,1055000.0,20%-<30%,1355000.0,574.0,1,White,Joint,55-64,77.491,Loan originated
1,655000.0,30%-<36%,855000.0,226.0,1,White,Joint,35-44,76.608,Loan originated
1,445000.0,50%-60%,525000.0,165.0,1,Asian,Male,35-44,85.0,Application denied
1,395000.0,44,495000.0,166.0,1,White,Female,>74,80.0,Loan originated
1,435000.0,20%-<30%,585000.0,222.0,1,White,Female,35-44,75.0,Loan originated
1,575000.0,43,605000.0,220.0,1,Hispanic or Latino,Male,35-44,95.0,Loan originated
1,495000.0,43,575000.0,120.0,1,White,Female,25-34,85.965,Loan originated
1,425000.0,48,445000.0,98.0,1,Hispanic or Latino,Female,25-34,97.0,Loan originated
1,535000.0,20%-<30%,555000.0,377.0,1,Asian,Joint,45-54,95.0,Loan originated
1,365000.0,48,385000.0,95.0,1,Black or African American,Female,35-44,93.51,Loan originated
1,1135000.0,42,1985000.0,262.0,1,Asian,Male,35-44,57.071,Loan originated
1,385000.0,49,415000.0,96.0,1,Hispanic or Latino,Male,55-64,95.0,Loan originated
1,505000.0,48,1005000.0,196.0,1,Asian,Male,55-64,50.0,Loan originated
1,485000.0,49,615000.0,108.0,1,White,Male,25-34,80.0,Loan originated
1,285000.0,45,295000.0,81.0,1,Hispanic or Latino,Male,25-34,97.0,Loan originated
1,265000.0,<20%,325000.0,174.0,1,Hispanic or Latino,Male,35-44,80.0,Loan originated
1,175000.0,44,575000.0,120.0,1,White,Joint,55-64,30.718,Loan originated
1,725000.0,48,995000.0,211.0,1,White,Joint,45-54,72.755,Loan originated
1,395000.0,38,465000.0,100.0,1,White,Male,25-34,85.0,Loan originated
1,765000.0,49,955000.0,213.0,1,Asian,Male,35-44,80.0,Loan originated
1,645000.0,39,685000.0,199.0,1,Asian,Female,45-54,95.0,Loan originated
1,315000.0,39,435000.0,98.0,1,Black or African American,Female,45-54,100.0,Loan originated
1,765000.0,41,1555000.0,195.0,1,White,Male,25-34,50.0,Loan originated
1,515000.0,38,635000.0,150.0,1,White,Joint,25-34,80.804,Loan originated
1,505000.0,47,1025000.0,117.0,1,Hispanic or Latino,Joint,25-34,48.78,Loan originated
1,485000.0,48,615000.0,106.0,1,Asian,Joint,55-64,78.68,Loan originated
1,375000.0,30%-<36%,875000.0,157.0,1,Asian,Male,55-64,42.95,Loan originated
1,345000.0,37,425000.0,102.0,1,White,Female,25-34,80.0,Loan originated
1,125000.0,30%-<36%,305000.0,87.0,1,Hispanic or Latino,Joint,65-74,39.6,Application denied
1,525000.0,30%-<36%,655000.0,163.0,1,Black or African American,Female,55-64,80.0,Loan originated
1,685000.0,30%-<36%,725000.0,446.0,1,Hispanic or Latino,Male,25-34,95.0,Loan originated
1,785000.0,49,1305000.0,153.0,1,Asian,Male,35-44,60.46,Loan originated
1,815000.0,36,1475000.0,235.0,1,White,Male,45-54,55.475,Loan originated
1,295000.0,30%-<36%,665000.0,102.0,1,White,Male,65-74,43.939,Loan originated
1,765000.0,38,995000.0,187.0,1,White,Female,25-34,77.04,Loan originated
1,205000.0,20%-<30%,805000.0,162.0,1,Hispanic or Latino,Female,45-54,25.0,Loan originated
1,645000.0,50%-60%,675000.0,130.0,1,Hispanic or Latino,Male,35-44,95.0,Loan originated
1,745000.0,46,805000.0,156.0,1,Hispanic or Latino,Joint,45-54,92.813,Loan originated
1,325000.0,43,825000.0,100.0,1,Asian,Joint,25-34,39.419,Loan originated
1,245000.0,44,765000.0,74.0,1,White,Joint,65-74,31.89,Loan originated
1,435000.0,38,445000.0,140.0,1,White,Male,25-34,97.0,Loan originated
1,965000.0,37,1205000.0,256.0,1,Asian,Joint,35-44,80.0,Loan originated
1,525000.0,41,545000.0,155.0,1,Hispanic or Latino,Male,25-34,96.5,Loan originated
1,585000.0,45,725000.0,169.0,1,White,Female,25-34,80.0,Loan originated
1,485000.0,30%-<36%,495000.0,179.0,1,Asian,Male,25-34,97.0,Loan originated
1,825000.0,44,2885000.0,256.0,1,Asian,Male,55-64,28.48,Loan originated
1,545000.0,49,725000.0,142.0,1,White,Female,45-54,75.0,Loan originated
1,605000.0,44,635000.0,147.0,1,White,Male,25-34,95.0,Loan originated
1,795000.0,38,995000.0,280.0,1,Asian,Joint,35-44,80.0,Loan originated
1,525000.0,42,875000.0,408.0,1,White,Male,45-54,59.77,Loan originated
1,405000.0,44,1075000.0,177.0,1,White,Joint,25-34,37.209,Loan originated
1,245000.0,20%-<30%,535000.0,139.0,1,White,Female,25-34,44.776,Loan originated
1,765000.0,48,1175000.0,174.0,1,White,Female,45-54,65.517,Loan originated
1,215000.0,49,235000.0,42.0,1,Asian,Joint,25-34,91.304,Loan originated
1,375000.0,46,415000.0,79.0,1,Hispanic or Latino,Male,35-44,92.0,Loan originated
1,565000.0,47,705000.0,100.0,1,Asian,Male,35-44,92.86,Loan originated
1,465000.0,<20%,625000.0,308.0,1,Hispanic or Latino,Joint,35-44,75.0,Loan originated
1,385000.0,<20%,505000.0,0.0,1,Hispanic or Latino,Male,55-64,79.38,Loan originated
1,295000.0,47,365000.0,60.0,1,Asian,Male,35-44,80.0,Loan originated
1,755000.0,49,905000.0,444.0,1,White,Male,35-44,84.0,Loan originated
1,355000.0,38,445000.0,89.0,1,Hispanic or Latino,Female,25-34,80.0,Loan originated
1,705000.0,50%-60%,885000.0,149.0,1,White,Female,45-54,80.0,Application denied
1,575000.0,49,645000.0,104.0,1,Asian,Joint,35-44,98.2,Loan originated
1,695000.0,47,1695000.0,306.0,1,White,Joint,55-64,41.0,Loan originated
1,315000.0,44,615000.0,87.0,1,White,Joint,45-54,51.22,Loan originated
1,755000.0,41,1455000.0,202.0,1,White,Male,55-64,51.724,Loan originated
1,135000.0,49,285000.0,115.0,1,White,Joint,>74,48.0,Loan originated
1,525000.0,>60%,855000.0,68.0,1,White,Female,35-44,61.765,Application denied
1,715000.0,20%-<30%,755000.0,241.0,1,Asian,Joint,45-54,95.0,Loan originated
1,345000.0,30%-<36%,445000.0,122.0,1,White,Joint,65-74,77.363,Loan originated
1,465000.0,45,515000.0,114.0,1,Hispanic or Latino,Male,25-34,90.0,Loan originated
1,755000.0,49,1395000.0,171.0,1,White,Male,45-54,53.716,Loan originated
1,185000.0,20%-<30%,175000.0,171.0,1,Black or African American,Joint,45-54,106.05,Loan originated
1,915000.0,42,1305000.0,235.0,1,White,Male,55-64,69.8,Loan originated
1,365000.0,46,455000.0,82.0,1,Hispanic or Latino,Female,55-64,100.0,Loan originated
1,445000.0,43,475000.0,125.0,1,Asian,Joint,25-34,95.0,Loan originated
1,555000.0,47,575000.0,234.0,1,White,Joint,45-54,94.838,Loan originated
1,865000.0,30%-<36%,1015000.0,292.0,1,White,Joint,35-44,85.0,Loan originated
1,255000.0,49,265000.0,66.0,1,Hispanic or Latino,Female,25-34,100.0,Loan originated
1,645000.0,39,685000.0,533.0,1,White,Joint,>74,95.0,Loan originated
1,355000.0,<20%,1705000.0,281.0,1,White,Joint,55-64,20.59,Loan originated
1,435000.0,48,455000.0,114.0,1,White,Male,25-34,95.0,Loan originated
1,525000.0,<20%,655000.0,1953.0,1,White,Joint,35-44,80.0,Loan originated
1,635000.0,30%-<36%,635000.0,220.0,1,White,Male,55-64,70.0,Loan originated
1,525000.0,49,705000.0,120.0,1,White,Female,45-54,75.0,Loan originated
1,565000.0,44,705000.0,193.0,1,Asian,Female,35-44,80.0,Loan originated
1,265000.0,47,295000.0,78.0,1,Hispanic or Latino,Female,65-74,88.294,Loan originated
1,385000.0,41,485000.0,91.0,1,White,Female,25-34,80.0,Loan originated
1,765000.0,43,965000.0,257.0,1,White,Female,35-44,79.792,Loan originated
1,1005000.0,41,1555000.0,231.0,1,Asian,Male,25-34,64.517,Loan originated
1,385000.0,49,425000.0,81.0,1,Asian,Female,25-34,90.0,Loan originated
1,455000.0,46,755000.0,161.0,1,Hispanic or Latino,Male,45-54,60.0,Loan originated
1,725000.0,42,905000.0,178.0,1,White,Female,25-34,80.0,Loan originated
1,445000.0,36,945000.0,252.0,1,White,Joint,45-54,47.313,Loan originated
1,425000.0,48,495000.0,104.0,1,Hispanic or Latino,Male,25-34,84.88,Loan originated
1,335000.0,36,395000.0,140.0,1,Hispanic or Latino,Male,65-74,85.0,Loan originated
1,45000.0,44,85000.0,64.0,1,Hispanic or Latino,Joint,55-64,52.94,Loan originated
1,945000.0,38,1345000.0,250.0,1,White,Joint,45-54,70.35,Loan originated
1,455000.0,49,575000.0,85.0,1,White,Male,25-34,80.0,Loan originated
1,375000.0,48,395000.0,93.0,1,Hispanic or Latino,Male,55-64,95.0,Loan originated
1,1055000.0,43,1555000.0,242.0,1,White,Male,35-44,67.74,Loan originated
1,955000.0,30%-<36%,1155000.0,275.0,1,Asian,Joint,35-44,82.928,Loan originated
1,795000.0,50%-60%,995000.0,190.0,1,Asian,Joint,55-64,80.0,Loan originated
1,635000.0,40,705000.0,178.0,1,White,Female,35-44,90.0,Loan originated
1,665000.0,44,695000.0,345.0,1,Asian,Joint,25-34,95.0,Loan originated
1,315000.0,39,365000.0,93.0,1,Hispanic or Latino,Female,25-34,86.111,Loan originated
1,635000.0,48,695000.0,204.0,1,White,Joint,25-34,91.392,Loan originated
1,355000.0,44,445000.0,77.0,1,White,Joint,25-34,80.0,Loan originated
1,765000.0,20%-<30%,1655000.0,449.0,1,White,Joint,45-54,46.364,Loan originated
1,515000.0,<20%,865000.0,417.0,1,White,Male,55-64,59.542,Loan originated
1,995000.0,42,1185000.0,318.0,1,White,Joint,65-74,84.16,Loan originated
1,485000.0,39,615000.0,145.0,1,White,Female,35-44,80.0,Application denied
1,395000.0,45,425000.0,86.0,1,Hispanic or Latino,Female,25-34,93.78,Loan originated
1,485000.0,49,515000.0,121.0,1,Hispanic or Latino,Male,25-34,95.0,Loan originated
1,585000.0,46,835000.0,128.0,1,White,Joint,65-74,70.0,Loan originated
1,375000.0,38,395000.0,124.0,1,White,Joint,25-34,97.0,Loan originated
1,735000.0,46,1435000.0,212.0,1,Asian,Male,35-44,51.29,Loan originated
1,925000.0,47,1155000.0,525.0,1,White,Joint,25-34,80.0,Loan originated
1,145000.0,45,195000.0,34.0,1,White,Female,<25,80.0,Application denied
1,615000.0,49,675000.0,159.0,1,Asian,Joint,35-44,90.727,Loan originated
1,765000.0,44,825000.0,180.0,1,Hispanic or Latino,Female,35-44,92.727,Loan originated
1,445000.0,45,565000.0,112.0,1,Hispanic or Latino,Female,45-54,80.0,Loan originated
1,585000.0,20%-<30%,1465000.0,553.0,1,White,Joint,55-64,40.0,Loan originated
1,475000.0,<20%,1745000.0,423.0,1,White,Joint,35-44,27.011,Loan originated
1,385000.0,37,475000.0,113.0,1,White,Joint,25-34,80.0,Loan originated
1,285000.0,43,575000.0,307.0,1,White,Joint,65-74,50.0,Loan originated
1,365000.0,30%-<36%,375000.0,199.0,1,Hispanic or Latino,Female,55-64,97.0,Loan originated
1,145000.0,47,425000.0,63.0,1,White,Female,65-74,34.524,Loan originated
1,765000.0,48,1165000.0,258.0,1,White,Joint,35-44,65.236,Loan originated
1,755000.0,39,945000.0,245.0,1,White,Male,25-34,80.0,Loan originated
1,595000.0,40,745000.0,162.0,1,White,Male,35-44,80.0,Loan originated
1,575000.0,49,755000.0,116.0,1,Hispanic or Latino,Male,35-44,80.0,Loan originated
1,365000.0,20%-<30%,575000.0,198.0,1,White,Female,55-64,63.48,Loan originated
1,305000.0,44,315000.0,63.0,1,Hispanic or Latino,Female,25-34,95.0,Loan originated
1,385000.0,41,485000.0,106.0,1,White,Joint,55-64,80.0,Loan originated
1,475000.0,30%-<36%,495000.0,135.0,1,Hispanic or Latino,Joint,45-54,97.0,Loan originated
1,565000.0,20%-<30%,515000.0,225.0,1,Hispanic or Latino,Male,35-44,108.89,Loan originated
1,235000.0,49,285000.0,45.0,1,White,Male,55-64,80.0,Loan originated
1,1065000.0,45,1255000.0,316.0,1,Hispanic or Latino,Joint,35-44,85.0,Loan originated
1,435000.0,44,575000.0,189.0,1,Other,Female,35-44,75.0,Loan originated
1,385000.0,30%-<36%,415000.0,123.0,1,Hispanic or Latino,Female,25-34,95.0,Loan originated
1,525000.0,49,685000.0,106.0,1,Hispanic or Latino,Female,25-34,76.669,Loan originated
1,505000.0,>60%,635000.0,76.0,1,Hispanic or Latino,Male,<25,80.0,Application denied
1,165000.0,48,335000.0,39.0,1,White,Female,<25,50.0,Loan originated
1,415000.0,43,745000.0,128.0,1,White,Joint,35-44,55.0,Loan originated
1,295000.0,30%-<36%,375000.0,98.0,1,Hispanic or Latino,Male,25-34,79.355,Loan originated
1,1135000.0,45,1515000.0,266.0,1,Asian,Male,45-54,75.0,Loan originated
1,1085000.0,<20%,1355000.0,1350.0,1,White,Joint,45-54,80.0,Application denied
1,765000.0,39,1055000.0,298.0,1,Asian,Joint,25-34,72.607,Loan originated
1,675000.0,20%-<30%,1005000.0,343.0,1,White,Joint,35-44,68.0,Loan originated
1,525000.0,44,655000.0,208.0,1,White,Joint,35-44,80.0,Loan originated
1,855000.0,44,1135000.0,254.0,1,White,Female,25-34,75.0,Loan originated
1,415000.0,<20%,685000.0,292.0,1,Asian,Male,35-44,60.0,Loan originated
1,1105000.0,30%-<36%,1235000.0,305.0,1,Asian,Male,25-34,90.0,Loan originated
1,645000.0,36,805000.0,188.0,1,White,Male,35-44,80.0,Loan originated
1,745000.0,39,805000.0,222.0,1,White,Male,35-44,92.57,Loan originated
1,415000.0,30%-<36%,435000.0,160.0,1,White,Male,35-44,95.0,Loan originated
1,635000.0,48,875000.0,129.0,1,Hispanic or Latino,Male,35-44,72.989,Loan originated
1,325000.0,43,345000.0,94.0,1,Hispanic or Latino,Male,25-34,95.0,Loan originated
1,245000.0,44,305000.0,59.0,1,Other,Male,25-34,94.454,Loan originated
1,765000.0,40,825000.0,315.0,1,Hispanic or Latino,Joint,45-54,93.33,Loan originated
1,1105000.0,42,1385000.0,303.0,1,Asian,Male,25-34,80.0,Loan originated
1,595000.0,50%-60%,625000.0,119.0,1,Asian,Joint,55-64,95.0,Application denied
1,355000.0,20%-<30%,1155000.0,150.0,1,Asian,Male,35-44,30.736,Loan originated
1,845000.0,30%-<36%,1055000.0,243.0,1,Asian,Male,35-44,80.0,Loan originated
1,965000.0,20%-<30%,1205000.0,953.0,1,White,Male,25-34,80.0,Loan originated
1,535000.0,30%-<36%,785000.0,460.0,1,Asian,Joint,45-54,68.21,Loan originated
1,305000.0,20%-<30%,605000.0,187.0,1,White,Female,65-74,50.331,Loan originated
1,645000.0,49,1295000.0,150.0,1,White,Joint,45-54,50.0,Loan originated
1,345000.0,44,395000.0,83.0,1,Asian,Joint,35-44,89.0,Loan originated
1,165000.0,20%-<30%,215000.0,122.0,1,White,Joint,65-74,80.0,Loan originated
1,185000.0,30%-<36%,235000.0,179.0,1,Hispanic or Latino,Joint,55-64,79.83,Application denied
1,695000.0,46,725000.0,166.0,1,Hispanic or Latino,Joint,25-34,95.0,Loan originated
1,525000.0,30%-<36%,1045000.0,280.0,1,Black or African American,Joint,35-44,51.0,Loan originated
1,765000.0,49,805000.0,183.0,1,Asian,Joint,55-64,95.0,Loan originated
1,615000.0,49,655000.0,165.0,1,White,Male,25-34,98.0,Loan originated
1,435000.0,20%-<30%,855000.0,158.0,1,White,Female,45-54,52.0,Loan originated
1,585000.0,20%-<30%,1075000.0,344.0,1,White,Joint,35-44,53.891,Loan originated
1,535000.0,47,595000.0,112.0,1,Asian,Male,35-44,90.0,Loan originated
1,625000.0,46,615000.0,220.0,1,Hispanic or Latino,Joint,25-34,100.851,Application denied
1,1125000.0,39,1405000.0,373.0,1,Asian,Joint,35-44,80.0,Loan originated
1,385000.0,49,475000.0,110.0,1,Hispanic or Latino,Joint,35-44,80.0,Loan originated
1,405000.0,36,2255000.0,164.0,1,Asian,Female,35-44,17.778,Loan originated
1,45000.0,>60%,55000.0,54.0,1,White,Joint,65-74,95.0,Application denied
1,475000.0,49,595000.0,103.0,1,White,Joint,25-34,80.0,Loan originated
1,505000.0,50%-60%,675000.0,170.0,1,White,Female,35-44,74.963,Application denied
1,455000.0,<20%,1455000.0,401.0,1,Asian,Joint,35-44,30.93,Loan originated
1,325000.0,49,405000.0,55.0,1,White,Female,25-34,80.0,Loan originated
1,465000.0,41,495000.0,124.0,1,White,Female,>74,95.0,Loan originated
1,965000.0,30%-<36%,1375000.0,1117.0,1,White,Joint,35-44,70.0,Loan originated
1,875000.0,49,925000.0,257.0,1,White,Joint,25-34,95.0,Loan originated
1,365000.0,30%-<36%,665000.0,104.0,1,White,Joint,>74,55.14,Loan originated
1,935000.0,<20%,1255000.0,481.0,1,Asian,Male,25-34,75.0,Application denied
1,485000.0,46,635000.0,109.0,1,Asian,Female,25-34,76.267,Loan originated
1,225000.0,38,275000.0,157.0,1,White,Female,35-44,80.0,Loan originated
1,485000.0,50%-60%,565000.0,112.0,1,Asian,Male,55-64,85.0,Loan originated
1,655000.0,39,775000.0,193.0,1,Asian,Female,35-44,85.0,Loan originated
1,675000.0,43,845000.0,170.0,1,Asian,Male,25-34,80.0,Loan originated
1,535000.0,39,765000.0,180.0,1,Asian,Female,45-54,70.0,Loan originated
1,445000.0,30%-<36%,475000.0,134.0,1,White,Joint,25-34,94.681,Loan originated
1,615000.0,49,775000.0,143.0,1,Asian,Female,45-54,80.0,Loan originated
1,755000.0,36,935000.0,224.0,1,Asian,Joint,45-54,80.0,Loan originated
1,1105000.0,<20%,1385000.0,899.0,1,Hispanic or Latino,Male,55-64,80.0,Loan originated
1,515000.0,37,705000.0,213.0,1,Hispanic or Latino,Male,35-44,74.0,Loan originated
1,1095000.0,42,1575000.0,308.0,1,Asian,Joint,25-34,70.0,Loan originated
1,575000.0,30%-<36%,725000.0,186.0,1,Asian,Male,45-54,80.0,Loan originated
1,265000.0,46,285000.0,134.0,1,Asian,Female,25-34,90.0,Loan originated
1,955000.0,38,1205000.0,336.0,1,White,Joint,25-34,80.0,Loan originated
1,305000.0,30%-<36%,575000.0,103.0,1,Hispanic or Latino,Female,35-44,52.391,Loan originated
1,635000.0,30%-<36%,795000.0,208.0,1,Hispanic or Latino,Female,35-44,80.0,Loan originated
1,765000.0,48,955000.0,161.0,1,Asian,Joint,45-54,79.875,Loan originated
1,255000.0,>60%,285000.0,115.0,1,White,Female,<25,90.0,Application denied
1,655000.0,45,695000.0,222.0,1,White,Joint,45-54,95.0,Loan originated
1,705000.0,48,735000.0,177.0,1,White,Joint,35-44,95.0,Loan originated
1,765000.0,40,985000.0,243.0,1,Hispanic or Latino,Joint,45-54,78.22,Loan originated
1,295000.0,30%-<36%,305000.0,125.0,1,Hispanic or Latino,Male,<25,95.0,Loan originated
1,365000.0,49,515000.0,93.0,1,Hispanic or Latino,Male,25-34,70.0,Loan originated
1,205000.0,20%-<30%,435000.0,172.0,1,Asian,Female,25-34,46.512,Loan originated
1,355000.0,42,535000.0,83.0,1,White,Male,35-44,65.421,Loan originated
1,595000.0,48,665000.0,135.0,1,Hispanic or Latino,Male,25-34,90.0,Loan originated
1,275000.0,46,375000.0,84.0,1,White,Male,25-34,73.333,Loan originated
1,305000.0,41,455000.0,88.0,1,Asian,Male,35-44,66.66,Loan originated
1,95000.0,46,375000.0,96.0,1,White,Joint,>74,26.0,Loan originated
1,355000.0,46,535000.0,83.0,1,Hispanic or Latino,Male,35-44,66.5,Loan originated
1,545000.0,20%-<30%,675000.0,181.0,1,White,Joint,25-34,80.0,Loan originated
1,705000.0,45,875000.0,174.0,1,Hispanic or Latino,Male,<25,80.0,Loan originated
1,595000.0,45,1335000.0,574.0,1,Asian,Female,35-44,44.112,Loan originated
1,555000.0,45,695000.0,246.0,1,White,Joint,25-34,80.0,Loan originated
1,465000.0,48,575000.0,93.0,1,Black or African American,Male,35-44,80.0,Loan originated
1,515000.0,41,685000.0,155.0,1,Asian,Female,45-54,75.0,Loan originated
1,125000.0,20%-<30%,135000.0,83.0,1,Hispanic or Latino,Male,25-34,95.0,Loan originated
1,465000.0,49,525000.0,108.0,1,Asian,Male,<25,89.5,Loan originated
1,1005000.0,30%-<36%,2505000.0,542.0,1,Asian,Male,35-44,40.0,Loan originated
1,5000.0,30%-<36%,285000.0,158.0,1,Black or African American,Joint,55-64,100.0,Loan originated
1,435000.0,48,455000.0,89.0,1,Hispanic or Latino,Joint,65-74,96.0,Loan originated
1,735000.0,37,885000.0,203.0,1,Hispanic or Latino,Joint,25-34,83.06,Loan originated
1,545000.0,20%-<30%,675000.0,214.0,1,Asian,Joint,<25,80.0,Loan originated
1,365000.0,47,735000.0,90.0,1,White,Female,35-44,48.98,Loan originated
1,485000.0,42,545000.0,127.0,1,Hispanic or Latino,Male,45-54,90.0,Loan originated
1,305000.0,48,375000.0,105.0,1,White,Male,35-44,80.0,Loan originated
1,485000.0,49,605000.0,121.0,1,White,Male,25-34,80.0,Loan originated
1,525000.0,48,655000.0,242.0,1,Hispanic or Latino,Male,35-44,80.0,Loan originated
1,515000.0,43,565000.0,168.0,1,Hispanic or Latino,Male,25-34,95.0,Loan originated
1,485000.0,49,605000.0,148.0,1,White,Male,25-34,80.0,Loan originated
1,365000.0,39,385000.0,88.0,1,Hispanic or Latino,Female,25-34,95.0,Loan originated
1,465000.0,49,585000.0,101.0,1,Hispanic or Latino,Joint,35-44,96.5,Loan originated
1,735000.0,<20%,915000.0,546.0,1,White,Female,45-54,80.0,Loan originated
1,405000.0,49,535000.0,252.0,1,Asian,Female,<25,75.0,Loan originated
1,725000.0,49,915000.0,202.0,1,White,Male,25-34,80.0,Loan originated
1,365000.0,36,795000.0,115.0,1,Asian,Joint,35-44,46.0,Loan originated
1,555000.0,41,695000.0,210.0,1,Black or African American,Male,35-44,80.0,Loan originated
1,1095000.0,40,1365000.0,392.0,1,White,Joint,25-34,80.0,Loan originated
1,685000.0,37,855000.0,233.0,1,Asian,Joint,35-44,80.0,Loan originated
1,895000.0,37,995000.0,257.0,1,White,Female,35-44,90.0,Loan originated
1,175000.0,41,245000.0,111.0,1,Hispanic or Latino,Female,35-44,69.672,Loan originated
1,635000.0,42,795000.0,208.0,1,White,Joint,25-34,80.0,Loan originated
1,285000.0,20%-<30%,295000.0,153.0,1,White,Joint,65-74,95.0,Loan originated
1,755000.0,48,905000.0,160.0,1,White,Male,35-44,84.111,Loan originated
1,155000.0,43,405000.0,60.0,1,Hispanic or Latino,Male,25-34,37.5,Loan originated
1,765000.0,48,1035000.0,192.0,1,Black or African American,Joint,25-34,74.06,Loan originated
1,525000.0,>60%,555000.0,121.0,1,White,Female,25-34,95.0,Application denied
1,685000.0,30%-<36%,725000.0,241.0,1,White,Joint,25-34,95.0,Loan originated
1,375000.0,30%-<36%,475000.0,145.0,1,White,Female,55-64,80.0,Loan originated
1,685000.0,42,725000.0,179.0,1,White,Female,25-34,101.0,Loan originated
1,505000.0,20%-<30%,1075000.0,235.0,1,Asian,Male,55-64,46.378,Loan originated
1,765000.0,20%-<30%,855000.0,433.0,1,White,Female,25-34,90.0,Loan originated
1,155000.0,39,495000.0,62.0,1,White,Female,45-54,31.0,Loan originated
1,725000.0,49,805000.0,139.0,1,Hispanic or Latino,Male,45-54,90.0,Loan originated
1,505000.0,30%-<36%,535000.0,158.0,1,Asian,Joint,35-44,94.994,Loan originated
1,185000.0,<20%,235000.0,304.0,1,White,Joint,55-64,75.71,Application denied
1,95000.0,<20%,895000.0,174.0,1,White,Joint,45-54,10.112,Loan originated
1,605000.0,49,635000.0,130.0,1,Black or African American,Joint,55-64,95.0,Loan originated
1,235000.0,30%-<36%,435000.0,72.0,1,Hispanic or Latino,Male,25-34,53.488,Loan originated
1,565000.0,45,705000.0,198.0,1,White,Joint,25-34,80.0,Loan originated
1,375000.0,48,395000.0,100.0,1,White,Female,45-54,95.0,Loan originated
1,505000.0,42,2305000.0,629.0,1,White,Joint,65-74,21.739,Application denied
1,675000.0,30%-<36%,1675000.0,380.0,1,Asian,Joint,55-64,40.12,Loan originated
1,535000.0,45,675000.0,121.0,1,Hispanic or Latino,Male,25-34,80.0,Loan originated
1,1145000.0,42,1255000.0,250.0,1,White,Joint,55-64,92.0,Loan originated
1,585000.0,39,735000.0,249.0,1,White,Joint,35-44,80.0,Application denied
1,635000.0,49,955000.0,122.0,1,Hispanic or Latino,Female,35-44,66.91,Loan originated
1,215000.0,49,235000.0,57.0,1,White,Female,55-64,90.0,Loan originated
1,465000.0,49,785000.0,152.0,1,White,Joint,65-74,59.615,Loan originated
1,705000.0,49,945000.0,216.0,1,Asian,Male,55-64,74.7,Loan originated
1,205000.0,41,655000.0,284.0,1,White,Joint,65-74,32.0,Loan originated
1,485000.0,45,515000.0,274.0,1,Asian,Male,25-34,95.0,Loan originated
1,1045000.0,30%-<36%,1395000.0,434.0,1,White,Joint,25-34,75.0,Loan originated
1,645000.0,40,805000.0,168.0,1,Asian,Male,25-34,80.0,Loan originated
1,355000.0,40,435000.0,94.0,1,Hispanic or Latino,Joint,25-34,80.0,Loan originated
1,1145000.0,40,1345000.0,288.0,1,Asian,Joint,25-34,86.0,Loan originated
1,505000.0,43,1505000.0,140.0,1,White,Male,25-34,33.333,Loan originated
1,385000.0,30%-<36%,435000.0,109.0,1,White,Male,65-74,90.0,Loan originated
1,405000.0,49,415000.0,88.0,1,Hispanic or Latino,Joint,55-64,101.94,Loan originated
1,245000.0,38,365000.0,150.0,1,Asian,Male,35-44,66.94,Loan originated
1,405000.0,20%-<30%,1055000.0,526.0,1,White,Male,35-44,39.0,Loan originated
1,685000.0,48,875000.0,132.0,1,White,Male,35-44,95.0,Loan originated
1,465000.0,47,475000.0,112.0,1,White,Joint,35-44,97.0,Loan originated
1,675000.0,49,735000.0,146.0,1,Hispanic or Latino,Male,35-44,91.224,Loan originated
1,745000.0,39,925000.0,401.0,1,White,Male,55-64,80.0,Loan originated
1,575000.0,46,695000.0,117.0,1,Hispanic or Latino,Joint,55-64,103.365,Loan originated
1,575000.0,36,865000.0,196.0,1,White,Female,25-34,67.21,Loan originated
1,745000.0,30%-<36%,1095000.0,235.0,1,White,Male,65-74,67.89,Loan originated
1,495000.0,47,555000.0,128.0,1,Hispanic or Latino,Female,45-54,90.0,Loan originated
1,375000.0,49,1305000.0,95.0,1,Asian,Joint,45-54,29.0,Loan originated
1,745000.0,47,1135000.0,171.0,1,Asian,Female,55-64,65.487,Loan originated
1,285000.0,46,295000.0,61.0,1,Asian,Female,35-44,97.0,Loan originated
1,755000.0,49,835000.0,146.0,1,Black or African American,Female,35-44,90.0,Loan originated
1,1045000.0,30%-<36%,1905000.0,338.0,1,White,Joint,45-54,54.737,Loan originated
1,305000.0,48,805000.0,116.0,1,Asian,Joint,35-44,37.5,Loan originated
1,515000.0,20%-<30%,855000.0,372.0,1,Black or African American,Female,65-74,60.0,Application denied
1,725000.0,30%-<36%,905000.0,280.0,1,Asian,Female,25-34,80.0,Loan originated
1,305000.0,44,325000.0,85.0,1,Hispanic or Latino,Joint,<25,95.0,Loan originated
1,835000.0,20%-<30%,985000.0,351.0,1,Asian,Joint,35-44,85.0,Loan originated
1,285000.0,49,305000.0,113.0,1,Hispanic or Latino,Joint,45-54,92.5,Loan originated
1,605000.0,49,675000.0,174.0,1,Asian,Joint,35-44,90.0,Loan originated
1,445000.0,30%-<36%,465000.0,172.0,1,Hispanic or Latino,Joint,25-34,95.0,Loan originated
1,625000.0,42,705000.0,148.0,1,White,Joint,25-34,89.99,Loan originated
1,145000.0,49,165000.0,41.0,1,Hispanic or Latino,Male,45-54,90.0,Loan originated
1,135000.0,38,175000.0,43.0,1,White,Male,55-64,80.0,Loan originated
1,805000.0,49,1395000.0,240.0,1,White,Joint,45-54,57.348,Loan originated
1,205000.0,41,215000.0,66.0,1,White,Female,25-34,97.0,Loan originated
1,235000.0,49,755000.0,61.0,1,Asian,Female,25-34,31.368,Loan originated
1,505000.0,38,785000.0,153.0,1,Asian,Female,45-54,63.91,Loan originated
1,765000.0,20%-<30%,975000.0,303.0,1,White,Joint,45-54,79.02,Loan originated
1,615000.0,20%-<30%,895000.0,338.0,1,White,Joint,35-44,69.0,Loan originated
1,1005000.0,41,1335000.0,328.0,1,Asian,Joint,35-44,74.906,Loan originated
1,945000.0,30%-<36%,995000.0,338.0,1,White,Male,35-44,95.0,Loan originated
1,335000.0,30%-<36%,425000.0,80.0,1,White,Joint,65-74,80.0,Loan originated
1,805000.0,39,975000.0,328.0,1,White,Male,25-34,85.0,Loan originated
1,665000.0,<20%,965000.0,2189.0,1,Asian,Male,65-74,68.75,Loan originated
1,905000.0,30%-<36%,1305000.0,893.0,1,White,Joint,25-34,69.231,Loan originated
1,465000.0,37,575000.0,143.0,1,Hispanic or Latino,Male,35-44,80.0,Loan originated
1,565000.0,49,705000.0,123.0,1,White,Male,55-64,80.0,Loan originated
1,385000.0,30%-<36%,635000.0,193.0,1,White,Male,25-34,61.0,Loan originated
1,485000.0,44,505000.0,168.0,1,White,Male,25-34,97.0,Loan originated
1,365000.0,<20%,415000.0,0.0,1,Hispanic or Latino,Male,35-44,88.0,Application denied
1,285000.0,45,735000.0,69.0,1,Hispanic or Latino,Female,55-64,38.356,Loan originated
1,615000.0,44,775000.0,189.0,1,White,Joint,25-34,80.0,Loan originated
1,395000.0,49,415000.0,98.0,1,Hispanic or Latino,Joint,45-54,100.0,Loan originated
1,485000.0,40,515000.0,155.0,1,White,Joint,25-34,95.0,Loan originated
1,485000.0,46,605000.0,153.0,1,White,Joint,45-54,80.0,Loan originated
1,605000.0,41,645000.0,188.0,1,Hispanic or Latino,Female,35-44,95.0,Loan originated
1,405000.0,48,1205000.0,195.0,1,White,Joint,45-54,34.0,Application denied
1,305000.0,44,385000.0,155.0,1,Hispanic or Latino,Joint,35-44,80.0,Loan originated
1,455000.0,46,725000.0,105.0,1,White,Female,65-74,63.08,Loan originated
1,445000.0,49,555000.0,139.0,1,White,Female,55-64,80.0,Loan originated
1,855000.0,44,1405000.0,186.0,1,Asian,Female,25-34,60.498,Loan originated
1,985000.0,41,1225000.0,271.0,1,White,Joint,25-34,80.0,Loan originated
1,645000.0,40,925000.0,243.0,1,Asian,Joint,45-54,69.9,Loan originated
1,595000.0,44,625000.0,148.0,1,Hispanic or Latino,Female,45-54,95.0,Loan originated
1,665000.0,49,825000.0,137.0,1,Asian,Joint,45-54,80.0,Loan originated
1,455000.0,43,575000.0,193.0,1,Hispanic or Latino,Male,45-54,80.0,Loan originated
1,505000.0,46,635000.0,119.0,1,Hispanic or Latino,Joint,35-44,80.0,Loan originated
1,705000.0,49,745000.0,195.0,1,Asian,Joint,45-54,95.0,Loan originated
1,565000.0,30%-<36%,625000.0,225.0,1,Asian,Male,25-34,90.0,Loan originated
1,385000.0,30%-<36%,555000.0,135.0,1,White,Male,65-74,69.87,Loan originated
1,405000.0,30%-<36%,505000.0,106.0,1,Asian,Joint,35-44,80.0,Loan originated
1,505000.0,49,1215000.0,215.0,1,White,Joint,55-64,41.25,Loan originated
1,235000.0,>60%,255000.0,69.0,1,Hispanic or Latino,Female,35-44,92.19,Application denied
1,425000.0,37,525000.0,119.0,1,White,Joint,35-44,80.0,Loan originated
1,865000.0,38,1085000.0,269.0,1,White,Male,25-34,80.0,Loan originated
1,885000.0,30%-<36%,935000.0,242.0,1,White,Female,35-44,95.0,Loan originated
1,205000.0,45,225000.0,81.0,1,Hispanic or Latino,Male,25-34,90.0,Loan originated
1,605000.0,49,805000.0,334.0,1,White,Joint,35-44,75.0,Loan originated
1,425000.0,<20%,925000.0,713.0,1,Asian,Joint,45-54,47.0,Loan originated
1,455000.0,48,475000.0,85.0,1,White,Female,25-34,100.0,Loan originated
1,315000.0,>60%,325000.0,48.0,1,Asian,Male,45-54,97.0,Application denied
1,855000.0,43,905000.0,202.0,1,White,Male,25-34,95.0,Loan originated
1,325000.0,20%-<30%,655000.0,142.0,1,White,Male,55-64,48.855,Loan originated
1,275000.0,<20%,285000.0,168.0,1,White,Joint,25-34,95.0,Loan originated
1,345000.0,30%-<36%,645000.0,103.0,1,White,Male,25-34,54.0,Loan originated
1,405000.0,41,505000.0,81.0,1,Asian,Joint,55-64,80.0,Loan originated
1,1025000.0,47,1705000.0,211.0,1,White,Female,65-74,60.0,Loan originated
1,445000.0,46,625000.0,189.0,1,White,Joint,45-54,71.774,Loan originated
1,515000.0,20%-<30%,645000.0,252.0,1,White,Female,65-74,80.0,Loan originated
1,705000.0,49,915000.0,159.0,1,White,Female,35-44,77.0,Loan originated
1,345000.0,43,435000.0,130.0,1,White,Joint,45-54,80.0,Loan originated
1,645000.0,43,805000.0,172.0,1,Asian,Female,45-54,79.41,Loan originated
1,1105000.0,44,1385000.0,269.0,1,Asian,Female,45-54,80.0,Loan originated
1,505000.0,44,535000.0,198.0,1,Hispanic or Latino,Male,<25,95.0,Loan originated
1,335000.0,47,685000.0,121.0,1,White,Joint,25-34,48.899,Loan originated
1,405000.0,46,395000.0,175.0,1,White,Joint,25-34,80.0,Loan originated
1,285000.0,47,575000.0,81.0,1,Asian,Female,25-34,50.0,Loan originated
1,505000.0,43,625000.0,126.0,1,Hispanic or Latino,Joint,35-44,100.0,Loan originated
1,465000.0,45,585000.0,159.0,1,Asian,Joint,25-34,80.0,Loan originated
1,675000.0,45,755000.0,168.0,1,Hispanic or Latino,Male,25-34,90.0,Loan originated
1,215000.0,47,805000.0,61.0,1,White,Female,55-64,27.14,Loan originated
1,915000.0,30%-<36%,1275000.0,298.0,1,Black or African American,Joint,35-44,72.0,Loan originated
1,1105000.0,<20%,1305000.0,891.0,1,Hispanic or Latino,Female,35-44,85.0,Loan originated
1,645000.0,49,725000.0,120.0,1,Hispanic or Latino,Male,25-34,89.5,Loan originated
1,305000.0,42,555000.0,94.0,1,Asian,Female,35-44,55.0,Loan originated
1,595000.0,20%-<30%,745000.0,228.0,1,White,Joint,35-44,80.0,Loan originated
1,595000.0,30%-<36%,745000.0,178.0,1,Asian,Male,45-54,80.0,Loan originated
1,635000.0,38,1335000.0,447.0,1,Asian,Joint,35-44,47.368,Loan originated
1,615000.0,48,765000.0,121.0,1,Asian,Joint,25-34,80.0,Loan originated
1,415000.0,44,595000.0,121.0,1,Hispanic or Latino,Female,35-44,70.0,Loan originated
1,575000.0,42,715000.0,15.0,1,Asian,Female,35-44,80.0,Loan originated
1,845000.0,45,935000.0,194.0,1,Asian,Male,35-44,89.999,Loan originated
1,105000.0,50%-60%,215000.0,73.0,1,Asian,Female,25-34,47.62,Application denied
1,815000.0,36,1815000.0,390.0,1,White,Joint,25-34,45.025,Loan originated
1,235000.0,48,475000.0,66.0,1,White,Joint,65-74,49.0,Loan originated
1,675000.0,44,845000.0,164.0,1,Asian,Joint,25-34,80.0,Loan originated
1,675000.0,48,725000.0,251.0,1,White,Male,25-34,93.75,Loan originated
1,275000.0,20%-<30%,915000.0,160.0,1,White,Joint,35-44,29.67,Loan originated
1,505000.0,39,625000.0,133.0,1,Hispanic or Latino,Joint,45-54,80.0,Loan originated
1,1015000.0,42,1415000.0,352.0,1,Asian,Female,35-44,72.06,Loan originated
1,495000.0,<20%,585000.0,1647.0,1,White,Male,55-64,85.0,Application denied
1,725000.0,20%-<30%,805000.0,563.0,1,Asian,Male,25-34,90.0,Loan originated
1,635000.0,20%-<30%,785000.0,310.0,1,Asian,Joint,35-44,80.0,Loan originated
1,805000.0,36,1595000.0,259.0,1,Asian,Female,25-34,50.28,Loan originated
1,485000.0,38,615000.0,135.0,1,White,Male,45-54,80.0,Loan originated
1,695000.0,20%-<30%,1205000.0,305.0,1,White,Joint,45-54,57.5,Loan originated
1,695000.0,30%-<36%,755000.0,205.0,1,White,Joint,25-34,93.0,Loan originated
1,615000.0,20%-<30%,1215000.0,270.0,1,White,Joint,25-34,50.51,Loan originated
1,455000.0,38,1305000.0,247.0,1,White,Male,>74,34.62,Loan originated
1,275000.0,20%-<30%,875000.0,160.0,1,White,Joint,45-54,31.429,Loan originated
1,305000.0,43,345000.0,99.0,1,Hispanic or Latino,Joint,35-44,90.0,Loan originated
1,675000.0,49,905000.0,129.0,1,Asian,Female,55-64,75.0,Loan originated
1,455000.0,20%-<30%,575000.0,193.0,1,White,Female,35-44,80.0,Loan originated
1,885000.0,39,1175000.0,248.0,1,Asian,Joint,25-34,75.0,Loan originated
1,305000.0,42,315000.0,69.0,1,White,Female,25-34,100.0,Loan originated
1,345000.0,37,355000.0,95.0,1,Hispanic or Latino,Joint,<25,100.0,Loan originated
1,15000.0,42,435000.0,156.0,1,Hispanic or Latino,Joint,25-34,100.0,Loan originated
1,385000.0,45,475000.0,95.0,1,White,Female,25-34,80.0,Loan originated
1,705000.0,45,785000.0,162.0,1,Black or African American,Male,<25,89.9,Loan originated
1,565000.0,46,595000.0,126.0,1,Hispanic or Latino,Male,25-34,95.0,Loan originated
1,625000.0,44,655000.0,167.0,1,Asian,Joint,25-34,95.0,Loan originated
1,395000.0,49,545000.0,156.0,1,Hispanic or Latino,Male,35-44,72.276,Loan originated
1,575000.0,30%-<36%,615000.0,238.0,1,White,Joint,35-44,92.31,Loan originated
1,515000.0,45,545000.0,120.0,1,Hispanic or Latino,Male,35-44,95.0,Loan originated
1,455000.0,44,955000.0,247.0,1,White,Male,55-64,47.914,Loan originated
1,1025000.0,20%-<30%,1575000.0,520.0,1,Asian,Joint,25-34,64.97,Loan originated
1,725000.0,42,855000.0,209.0,1,Hispanic or Latino,Male,35-44,85.0,Loan originated
1,375000.0,30%-<36%,415000.0,150.0,1,Hispanic or Latino,Joint,25-34,90.0,Loan originated
1,395000.0,36,955000.0,179.0,1,Asian,Female,65-74,41.053,Loan originated
1,505000.0,48,635000.0,141.0,1,Asian,Female,45-54,78.493,Loan originated
1,205000.0,49,315000.0,199.0,1,White,Female,55-64,62.893,Loan originated
1,365000.0,46,385000.0,90.0,1,Hispanic or Latino,Male,35-44,95.0,Loan originated
1,675000.0,47,705000.0,139.0,1,Hispanic or Latino,Joint,45-54,97.0,Loan originated
1,485000.0,30%-<36%,605000.0,168.0,1,White,Male,45-54,80.0,Application denied
1,535000.0,30%-<36%,665000.0,162.0,1,White,Female,25-34,80.0,Loan originated
1,535000.0,48,665000.0,175.0,1,Asian,Female,25-34,80.0,Loan originated
1,575000.0,44,925000.0,131.0,1,White,Female,55-64,62.145,Loan originated
1,1095000.0,41,1555000.0,288.0,1,White,Female,45-54,70.645,Loan originated
1,465000.0,41,515000.0,104.0,1,Hispanic or Latino,Female,35-44,90.0,Loan originated
1,365000.0,<20%,1365000.0,284.0,1,White,Female,65-74,26.74,Loan originated
1,405000.0,20%-<30%,1705000.0,288.0,1,White,Male,55-64,24.0,Loan originated
1,485000.0,43,605000.0,118.0,1,Asian,Male,35-44,80.0,Loan originated
1,625000.0,49,685000.0,150.0,1,White,Joint,<25,90.0,Loan originated
1,435000.0,30%-<36%,485000.0,126.0,1,Hispanic or Latino,Male,25-34,90.07,Loan originated
1,435000.0,42,475000.0,126.0,1,Asian,Female,25-34,92.0,Loan originated
1,575000.0,40,775000.0,12.0,1,Asian,Male,45-54,75.0,Loan originated
1,305000.0,30%-<36%,885000.0,160.0,1,White,Joint,>74,33.86,Loan originated
1,575000.0,41,715000.0,135.0,1,Hispanic or Latino,Joint,45-54,80.0,Loan originated
1,565000.0,43,615000.0,142.0,1,Hispanic or Latino,Male,25-34,91.997,Loan originated
1,405000.0,49,435000.0,110.0,1,Asian,Female,<25,94.0,Loan originated
1,715000.0,47,745000.0,206.0,1,Asian,Male,45-54,95.0,Loan originated
1,335000.0,20%-<30%,415000.0,193.0,1,Asian,Female,65-74,80.0,Loan originated
1,125000.0,20%-<30%,515000.0,80.0,1,Hispanic or Latino,Female,65-74,23.41,Loan originated
1,1015000.0,46,1195000.0,244.0,1,White,Male,25-34,85.0,Loan originated
1,655000.0,30%-<36%,1355000.0,210.0,1,Asian,Female,35-44,48.15,Loan originated
1,375000.0,30%-<36%,415000.0,150.0,1,White,Female,25-34,90.0,Loan originated
1,685000.0,30%-<36%,855000.0,287.0,1,White,Female,55-64,80.0,Loan originated
1,445000.0,30%-<36%,555000.0,159.0,1,White,Male,35-44,80.0,Loan originated
1,755000.0,46,1405000.0,270.0,1,White,Joint,45-54,53.57,Loan originated
1,45000.0,20%-<30%,445000.0,84.0,1,White,Joint,>74,10.002,Loan originated
1,745000.0,47,1065000.0,159.0,1,Hispanic or Latino,Female,55-64,70.0,Loan originated
1,675000.0,41,745000.0,444.0,1,Asian,Joint,45-54,89.99,Loan originated
1,495000.0,40,545000.0,171.0,1,Asian,Male,45-54,89.835,Loan originated
1,895000.0,42,1285000.0,195.0,1,White,Joint,35-44,70.0,Loan originated
1,535000.0,43,675000.0,272.0,1,Hispanic or Latino,Female,45-54,80.0,Loan originated
1,765000.0,42,3275000.0,431.0,1,White,Joint,45-54,23.43,Loan originated
1,465000.0,20%-<30%,605000.0,202.0,1,White,Joint,35-44,76.033,Loan originated
1,315000.0,20%-<30%,355000.0,116.0,1,Hispanic or Latino,Female,25-34,90.0,Loan originated
1,345000.0,45,435000.0,75.0,1,Hispanic or Latino,Female,35-44,80.0,Loan originated
1,485000.0,36,745000.0,164.0,1,White,Joint,25-34,65.0,Loan originated
1,405000.0,40,455000.0,112.0,1,White,Female,25-34,90.0,Loan originated
1,525000.0,46,1025000.0,241.0,1,White,Joint,65-74,50.98,Loan originated
1,155000.0,45,245000.0,45.0,1,White,Female,35-44,63.26,Loan originated
1,955000.0,39,1125000.0,272.0,1,Asian,Male,25-34,85.0,Loan originated
1,625000.0,49,805000.0,182.0,1,Asian,Male,25-34,78.688,Loan originated
1,1145000.0,47,1575000.0,225.0,1,Asian,Male,45-54,73.237,Loan originated
1,1025000.0,30%-<36%,1275000.0,291.0,1,White,Male,35-44,80.0,Loan originated
1,305000.0,44,325000.0,84.0,1,Hispanic or Latino,Joint,35-44,95.0,Loan originated
1,465000.0,46,515000.0,134.0,1,White,Male,35-44,89.996,Loan originated
1,305000.0,45,845000.0,119.0,1,White,Female,65-74,35.43,Loan originated
1,355000.0,20%-<30%,445000.0,184.0,1,White,Male,45-54,80.0,Loan originated
1,95000.0,20%-<30%,295000.0,47.0,1,White,Joint,55-64,100.414,Loan originated
1,615000.0,>60%,765000.0,97.0,1,White,Joint,35-44,80.0,Application denied
1,455000.0,44,665000.0,99.0,1,White,Male,25-34,68.182,Loan originated
1,305000.0,41,325000.0,192.0,1,Hispanic or Latino,Male,25-34,95.0,Loan originated
1,1025000.0,30%-<36%,1405000.0,381.0,1,White,Female,65-74,72.857,Loan originated
1,525000.0,41,695000.0,144.0,1,White,Male,25-34,75.0,Loan originated
1,965000.0,40,1015000.0,324.0,1,Asian,Joint,25-34,95.0,Loan originated
1,345000.0,42,395000.0,81.0,1,Asian,Male,25-34,87.179,Loan originated
1,725000.0,<20%,905000.0,408.0,1,White,Joint,35-44,80.0,Loan originated
1,585000.0,>60%,625000.0,11.0,1,White,Joint,35-44,95.0,Application denied
1,405000.0,20%-<30%,445000.0,146.0,1,White,Joint,25-34,93.0,Loan originated
1,765000.0,30%-<36%,1305000.0,310.0,1,Asian,Female,45-54,58.96,Loan originated
1,765000.0,43,805000.0,256.0,1,White,Joint,35-44,95.0,Loan originated
1,395000.0,43,495000.0,94.0,1,White,Male,45-54,79.96,Loan originated
1,465000.0,40,775000.0,130.0,1,White,Female,25-34,60.0,Loan originated
1,415000.0,39,525000.0,106.0,1,White,Joint,25-34,80.0,Loan originated
1,615000.0,49,815000.0,121.0,1,White,Joint,35-44,74.957,Loan originated
1,235000.0,47,635000.0,61.0,1,White,Joint,65-74,37.0,Loan originated
1,365000.0,30%-<36%,375000.0,159.0,1,White,Female,25-34,100.0,Loan originated
1,355000.0,50%-60%,355000.0,65.0,1,White,Male,35-44,100.0,Application denied
1,335000.0,49,875000.0,79.0,1,White,Female,25-34,38.215,Loan originated
1,695000.0,49,775000.0,144.0,1,Asian,Male,25-34,90.0,Loan originated
1,855000.0,47,1105000.0,161.0,1,Asian,Joint,35-44,77.27,Loan originated
1,885000.0,41,1105000.0,331.0,1,White,Joint,25-34,80.0,Loan originated
1,275000.0,40,1175000.0,90.0,1,White,Male,<25,24.0,Loan originated
1,415000.0,42,465000.0,110.0,1,White,Male,25-34,90.0,Loan originated
1,555000.0,39,695000.0,289.0,1,White,Joint,35-44,80.0,Loan originated
1,395000.0,49,465000.0,81.0,1,Hispanic or Latino,Female,25-34,104.939,Loan originated
1,755000.0,20%-<30%,1265000.0,280.0,1,White,Joint,35-44,59.524,Loan originated
1,1015000.0,40,1385000.0,225.0,1,White,Female,35-44,72.714,Loan originated
1,515000.0,39,685000.0,135.0,1,Hispanic or Latino,Joint,<25,75.0,Loan originated
1,665000.0,30%-<36%,895000.0,194.0,1,White,Male,35-44,75.0,Loan originated
1,645000.0,20%-<30%,805000.0,402.0,1,White,Joint,55-64,80.0,Loan originated
1,505000.0,44,1005000.0,132.0,1,White,Male,35-44,50.0,Loan originated
1,295000.0,43,395000.0,80.0,1,White,Female,25-34,74.684,Loan originated
1,215000.0,49,235000.0,150.0,1,Hispanic or Latino,Joint,55-64,95.0,Loan originated
1,355000.0,30%-<36%,855000.0,122.0,1,White,Joint,65-74,41.176,Loan originated
1,415000.0,41,685000.0,192.0,1,White,Joint,<25,60.0,Loan originated
1,385000.0,49,485000.0,94.0,1,Asian,Female,55-64,79.167,Loan originated
1,405000.0,39,605000.0,131.0,1,Asian,Male,35-44,66.667,Loan originated
1,235000.0,44,465000.0,71.0,1,White,Male,>74,50.0,Loan originated
1,1005000.0,41,1255000.0,301.0,1,White,Joint,35-44,80.0,Loan originated
1,525000.0,39,655000.0,157.0,1,White,Male,55-64,80.0,Loan originated
1,525000.0,30%-<36%,885000.0,254.0,1,Asian,Joint,25-34,60.0,Loan originated
1,945000.0,48,1185000.0,256.0,1,Black or African American,Female,35-44,80.0,Loan originated
1,605000.0,44,815000.0,136.0,1,Asian,Female,25-34,75.0,Loan originated
1,825000.0,36,1025000.0,269.0,1,Asian,Joint,25-34,80.0,Loan originated
1,445000.0,30%-<36%,595000.0,206.0,1,White,Female,35-44,75.0,Loan originated
1,705000.0,50%-60%,1005000.0,152.0,1,Hispanic or Latino,Joint,45-54,70.0,Application denied
1,625000.0,49,775000.0,144.0,1,Hispanic or Latino,Joint,25-34,80.0,Loan originated
1,725000.0,40,855000.0,253.0,1,White,Joint,35-44,85.0,Loan originated
1,355000.0,39,375000.0,140.0,1,Hispanic or Latino,Female,25-34,95.0,Loan originated
1,375000.0,46,465000.0,109.0,1,Hispanic or Latino,Joint,25-34,80.0,Loan originated
1,385000.0,45,435000.0,92.0,1,Hispanic or Latino,Joint,25-34,90.0,Loan originated
1,805000.0,39,1305000.0,865.0,1,Hispanic or Latino,Male,65-74,61.538,Loan originated
1,225000.0,20%-<30%,525000.0,415.0,1,White,Joint,45-54,42.759,Loan originated
1,475000.0,45,595000.0,137.0,1,Asian,Male,35-44,80.0,Loan originated
1,585000.0,40,735000.0,333.0,1,Black or African American,Joint,55-64,80.0,Loan originated
1,875000.0,20%-<30%,1675000.0,1468.0,1,White,Male,35-44,82.236,Loan originated
1,645000.0,39,805000.0,449.0,1,Asian,Joint,25-34,80.0,Application denied
1,995000.0,40,1325000.0,338.0,1,White,Male,35-44,93.868,Loan originated
1,765000.0,20%-<30%,955000.0,391.0,1,Asian,Male,<25,80.0,Loan originated
1,355000.0,49,455000.0,75.0,1,Hispanic or Latino,Female,65-74,78.889,Loan originated
1,1125000.0,39,1255000.0,303.0,1,White,Male,35-44,89.9,Loan originated
1,975000.0,30%-<36%,1395000.0,272.0,1,White,Joint,25-34,70.0,Loan originated
1,435000.0,48,455000.0,114.0,1,Hispanic or Latino,Female,35-44,95.0,Loan originated
1,255000.0,45,1305000.0,87.0,1,Asian,Female,45-54,19.231,Loan originated
1,1145000.0,30%-<36%,1905000.0,380.0,1,Asian,Joint,25-34,60.0,Loan originated
1,655000.0,44,725000.0,150.0,1,Asian,Female,35-44,89.903,Loan originated
1,1015000.0,37,1255000.0,242.0,1,White,Joint,35-44,84.0,Loan originated
1,455000.0,49,475000.0,93.0,1,White,Female,25-34,95.0,Loan originated
1,585000.0,41,885000.0,156.0,1,Asian,Joint,35-44,66.64,Loan originated
1,665000.0,46,835000.0,167.0,1,Asian,Female,45-54,80.0,Loan originated
1,455000.0,49,725000.0,131.0,1,White,Female,65-74,62.5,Loan originated
1,645000.0,42,715000.0,160.0,1,White,Male,45-54,90.0,Loan originated
1,595000.0,46,875000.0,168.0,1,White,Joint,35-44,67.816,Loan originated
1,675000.0,49,715000.0,155.0,1,White,Female,55-64,95.0,Loan originated
1,565000.0,49,755000.0,130.0,1,White,Male,25-34,75.0,Loan originated
1,1145000.0,49,1475000.0,243.0,1,Asian,Female,25-34,77.954,Loan originated
1,345000.0,39,695000.0,138.0,1,Asian,Joint,55-64,49.0,Loan originated
1,265000.0,<20%,835000.0,392.0,1,White,Joint,55-64,31.939,Loan originated
1,645000.0,37,865000.0,204.0,1,Hispanic or Latino,Joint,35-44,80.0,Loan originated
1,315000.0,43,375000.0,84.0,1,Hispanic or Latino,Female,25-34,85.0,Loan originated
1,295000.0,30%-<36%,365000.0,81.0,1,Hispanic or Latino,Male,55-64,80.0,Loan originated
1,275000.0,41,305000.0,70.0,1,Hispanic or Latino,Female,25-34,91.06,Loan originated
1,245000.0,41,315000.0,72.0,1,White,Female,<25,80.0,Loan originated
1,595000.0,41,605000.0,147.0,1,Asian,Female,35-44,97.0,Loan originated
1,365000.0,42,375000.0,81.0,1,White,Joint,25-34,97.0,Loan originated
1,735000.0,48,925000.0,155.0,1,Hispanic or Latino,Male,25-34,80.0,Loan originated
1,955000.0,41,1365000.0,272.0,1,Asian,Joint,55-64,70.073,Loan originated
1,335000.0,36,445000.0,98.0,1,White,Male,25-34,75.197,Loan originated
1,715000.0,38,845000.0,185.0,1,White,Joint,35-44,85.0,Loan originated
1,905000.0,49,1195000.0,291.0,1,White,Female,45-54,75.63,Loan originated
1,65000.0,30%-<36%,165000.0,32.0,1,White,Male,<25,41.875,Application denied
1,365000.0,20%-<30%,455000.0,258.0,1,Hispanic or Latino,Joint,35-44,80.0,Loan originated
1,245000.0,48,535000.0,56.0,1,White,Female,>74,45.0,Loan originated
1,345000.0,30%-<36%,435000.0,108.0,1,Other,Female,25-34,80.0,Loan originated
1,425000.0,50%-60%,545000.0,82.0,1,Asian,Joint,45-54,77.78,Application denied
1,355000.0,44,765000.0,97.0,1,White,Joint,65-74,47.0,Loan originated
1,545000.0,46,675000.0,147.0,1,Black or African American,Joint,35-44,80.0,Loan originated
1,435000.0,43,485000.0,159.0,1,Hispanic or Latino,Joint,25-34,90.0,Loan originated
1,525000.0,<20%,655000.0,253.0,1,Asian,Male,25-34,80.0,Loan originated
1,505000.0,48,625000.0,127.0,1,White,Joint,25-34,80.0,Loan originated
1,875000.0,30%-<36%,925000.0,276.0,1,White,Joint,25-34,95.0,Loan originated
1,965000.0,39,1175000.0,282.0,1,Hispanic or Latino,Joint,45-54,82.043,Loan originated
1,455000.0,36,475000.0,142.0,1,Hispanic or Latino,Joint,25-34,97.0,Loan originated
1,445000.0,30%-<36%,745000.0,165.0,1,Hispanic or Latino,Female,35-44,59.947,Loan originated
1,105000.0,<20%,835000.0,239.0,1,White,Joint,55-64,11.997,Loan originated
1,805000.0,47,985000.0,175.0,1,Hispanic or Latino,Male,45-54,81.218,Application denied
1,675000.0,48,705000.0,179.0,1,White,Joint,25-34,95.0,Loan originated
1,155000.0,50%-60%,705000.0,44.0,1,Asian,Male,65-74,21.384,Application denied
1,705000.0,20%-<30%,1705000.0,330.0,1,White,Joint,25-34,41.08,Loan originated
1,545000.0,44,575000.0,168.0,1,Hispanic or Latino,Joint,35-44,95.0,Loan originated
1,565000.0,44,755000.0,146.0,1,Asian,Male,35-44,95.014,Loan originated
1,405000.0,44,435000.0,95.0,1,Asian,Male,25-34,98.0,Application denied
1,405000.0,30%-<36%,905000.0,204.0,1,Asian,Joint,35-44,45.0,Loan originated
1,415000.0,47,515000.0,137.0,1,White,Female,55-64,100.0,Application denied
1,945000.0,36,1255000.0,258.0,1,Asian,Joint,25-34,75.0,Loan originated
1,145000.0,<20%,155000.0,175.0,1,Hispanic or Latino,Male,25-34,95.0,Loan originated
1,695000.0,49,725000.0,140.0,1,Hispanic or Latino,Male,35-44,96.0,Loan originated
1,625000.0,49,715000.0,136.0,1,Other,Male,65-74,87.73,Loan originated
1,455000.0,43,565000.0,94.0,1,Asian,Female,55-64,80.0,Loan originated
1,385000.0,20%-<30%,405000.0,185.0,1,Hispanic or Latino,Male,55-64,99.999,Application denied
1,325000.0,40,435000.0,91.0,1,Hispanic or Latino,Female,35-44,95.0,Loan originated
1,525000.0,43,675000.0,127.0,1,Asian,Joint,35-44,77.423,Loan originated
1,355000.0,20%-<30%,375000.0,172.0,1,White,Male,35-44,97.0,Loan originated
1,315000.0,44,415000.0,77.0,1,Black or African American,Female,45-54,77.439,Loan originated
1,305000.0,49,315000.0,69.0,1,Hispanic or Latino,Female,35-44,94.33,Loan originated
1,505000.0,37,855000.0,409.0,1,Hispanic or Latino,Joint,45-54,70.0,Loan originated
1,1045000.0,42,1305000.0,320.0,1,Asian,Male,<25,80.0,Loan originated
1,1085000.0,48,2105000.0,366.0,1,White,Joint,55-64,51.714,Loan originated
1,525000.0,43,925000.0,13.0,1,Asian,Joint,35-44,56.66,Loan originated
1,155000.0,39,495000.0,62.0,1,White,Male,25-34,31.224,Loan originated
1,315000.0,43,335000.0,129.0,1,White,Joint,25-34,95.0,Loan originated
1,715000.0,39,795000.0,263.0,1,Black or African American,Joint,35-44,90.0,Loan originated
1,455000.0,47,885000.0,217.0,1,White,Female,65-74,51.548,Loan originated
1,515000.0,30%-<36%,1125000.0,155.0,1,Other,Male,35-44,45.536,Loan originated
1,385000.0,42,405000.0,90.0,1,Hispanic or Latino,Male,25-34,97.0,Loan originated
1,325000.0,49,345000.0,94.0,1,Hispanic or Latino,Female,65-74,95.0,Loan originated
1,715000.0,30%-<36%,1165000.0,267.0,1,White,Female,65-74,62.0,Loan originated
1,475000.0,48,765000.0,302.0,1,White,Male,45-54,62.23,Loan originated
1,565000.0,47,585000.0,167.0,1,Asian,Male,25-34,98.203,Loan originated
1,675000.0,46,845000.0,197.0,1,Asian,Male,35-44,80.0,Loan originated
1,565000.0,49,815000.0,110.0,1,Asian,Joint,35-44,70.0,Loan originated
1,565000.0,20%-<30%,705000.0,17.0,1,Asian,Joint,35-44,80.0,Loan originated
1,345000.0,30%-<36%,665000.0,132.0,1,White,Male,45-54,51.515,Loan originated
1,585000.0,41,735000.0,242.0,1,Hispanic or Latino,Female,55-64,79.452,Loan originated
1,295000.0,41,375000.0,105.0,1,White,Joint,35-44,80.0,Loan originated
1,515000.0,48,545000.0,132.0,1,Hispanic or Latino,Female,25-34,95.0,Loan originated
1,455000.0,50%-60%,515000.0,89.0,1,Hispanic or Latino,Male,35-44,88.487,Loan originated
1,275000.0,49,525000.0,71.0,1,White,Male,25-34,52.38,Loan originated
1,955000.0,42,1265000.0,253.0,1,Hispanic or Latino,Joint,35-44,74.86,Loan originated
1,525000.0,47,575000.0,124.0,1,Hispanic or Latino,Male,35-44,89.999,Loan originated
1,685000.0,49,805000.0,129.0,1,Hispanic or Latino,Male,25-34,85.0,Loan originated
1,785000.0,45,825000.0,169.0,1,Hispanic or Latino,Male,45-54,95.0,Loan originated
1,505000.0,39,625000.0,124.0,1,White,Male,25-34,80.0,Loan originated
1,445000.0,48,555000.0,94.0,1,Hispanic or Latino,Female,35-44,80.0,Loan originated
1,465000.0,48,1565000.0,142.0,1,White,Female,55-64,29.808,Loan originated
1,685000.0,37,855000.0,192.0,1,White,Male,25-34,80.0,Loan originated
1,765000.0,20%-<30%,805000.0,365.0,1,Hispanic or Latino,Male,45-54,95.0,Application denied
1,695000.0,20%-<30%,735000.0,317.0,1,White,Male,35-44,95.0,Loan originated
1,415000.0,30%-<36%,525000.0,167.0,1,Asian,Male,45-54,80.0,Loan originated
1,755000.0,48,1005000.0,153.0,1,White,Joint,35-44,75.0,Loan originated
1,475000.0,49,595000.0,167.0,1,White,Female,35-44,79.966,Loan originated
1,475000.0,47,525000.0,129.0,1,Asian,Joint,25-34,90.0,Loan originated
1,315000.0,>60%,335000.0,168.0,1,Hispanic or Latino,Female,25-34,93.11,Application denied
1,655000.0,36,1005000.0,220.0,1,Asian,Joint,25-34,65.0,Loan originated
1,345000.0,36,865000.0,105.0,1,Asian,Male,25-34,40.31,Loan originated
1,225000.0,47,255000.0,122.0,1,Hispanic or Latino,Joint,25-34,90.0,Loan originated
1,385000.0,48,585000.0,362.0,1,Asian,Joint,35-44,65.8,Application denied
1,575000.0,<20%,1045000.0,890.0,1,Asian,Male,<25,55.0,Loan originated
1,475000.0,30%-<36%,675000.0,174.0,1,Asian,Female,35-44,70.0,Loan originated
1,415000.0,48,425000.0,80.0,1,Hispanic or Latino,Joint,25-34,97.0,Loan originated
1,915000.0,39,1085000.0,326.0,1,Hispanic or Latino,Joint,35-44,85.0,Loan originated
1,675000.0,41,715000.0,196.0,1,Asian,Joint,25-34,95.0,Loan originated
1,265000.0,40,695000.0,96.0,1,White,Joint,65-74,37.88,Loan originated
1,285000.0,49,315000.0,85.0,1,Asian,Female,45-54,90.0,Application denied
1,105000.0,43,405000.0,44.0,1,Asian,Female,<25,32.139,Loan originated
1,15000.0,20%-<30%,455000.0,219.0,1,Hispanic or Latino,Male,35-44,100.0,Loan originated
1,495000.0,46,615000.0,119.0,1,Hispanic or Latino,Joint,55-64,100.0,Loan originated
1,945000.0,50%-60%,1005000.0,192.0,1,Asian,Joint,35-44,94.75,Loan originated
1,615000.0,20%-<30%,635000.0,382.0,1,Hispanic or Latino,Male,55-64,97.0,Loan originated
1,655000.0,30%-<36%,775000.0,248.0,1,Hispanic or Latino,Male,35-44,85.0,Loan originated
1,305000.0,41,325000.0,84.0,1,Hispanic or Latino,Male,25-34,97.0,Loan originated
1,355000.0,43,495000.0,138.0,1,White,Joint,35-44,71.72,Loan originated
1,695000.0,48,815000.0,194.0,1,Hispanic or Latino,Joint,35-44,85.0,Loan originated
1,735000.0,42,975000.0,272.0,1,White,Female,45-54,75.0,Loan originated
1,785000.0,49,835000.0,204.0,1,Hispanic or Latino,Male,25-34,95.0,Loan originated
1,1005000.0,38,1075000.0,349.0,1,Hispanic or Latino,Male,35-44,93.735,Loan originated
1,785000.0,49,825000.0,185.0,1,White,Joint,35-44,95.0,Loan originated
1,495000.0,<20%,625000.0,755.0,1,Hispanic or Latino,Male,35-44,80.0,Loan originated
1,465000.0,<20%,615000.0,1138.0,1,Asian,Male,<25,75.0,Loan originated
1,705000.0,42,1305000.0,449.0,1,White,Female,35-44,53.85,Loan originated
1,405000.0,48,485000.0,89.0,1,Hispanic or Latino,Female,25-34,84.167,Loan originated
1,375000.0,43,415000.0,114.0,1,Hispanic or Latino,Female,55-64,90.0,Loan originated
1,455000.0,48,475000.0,145.0,1,Hispanic or Latino,Female,35-44,95.0,Loan originated
1,305000.0,30%-<36%,315000.0,105.0,1,Hispanic or Latino,Female,35-44,97.0,Loan originated
1,525000.0,49,775000.0,121.0,1,White,Female,35-44,68.0,Loan originated
1,495000.0,20%-<30%,785000.0,214.0,1,White,Male,45-54,63.168,Loan originated
1,745000.0,20%-<30%,885000.0,299.0,1,White,Joint,25-34,85.0,Loan originated
1,455000.0,49,485000.0,102.0,1,White,Joint,<25,94.792,Loan originated
1,145000.0,44,375000.0,51.0,1,White,Joint,65-74,37.838,Loan originated
1,555000.0,41,585000.0,137.0,1,Asian,Male,35-44,95.0,Loan originated
1,805000.0,47,1195000.0,241.0,1,Black or African American,Female,45-54,67.365,Loan originated
1,665000.0,49,915000.0,135.0,1,Asian,Joint,45-54,72.678,Loan originated
1,1005000.0,47,1255000.0,310.0,1,Asian,Joint,35-44,80.0,Loan originated
1,495000.0,<20%,625000.0,242.0,1,Asian,Joint,25-34,80.0,Loan originated
1,375000.0,48,445000.0,87.0,1,Hispanic or Latino,Female,55-64,85.0,Loan originated
1,245000.0,48,375000.0,62.0,1,Hispanic or Latino,Female,45-54,65.684,Loan originated
1,335000.0,20%-<30%,635000.0,184.0,1,White,Female,55-64,52.756,Loan originated
1,345000.0,30%-<36%,945000.0,120.0,1,Asian,Female,25-34,36.218,Loan originated
1,425000.0,48,415000.0,115.0,1,Other,Male,25-34,101.75,Loan originated
1,465000.0,48,775000.0,103.0,1,Asian,Female,35-44,59.611,Loan originated
1,255000.0,<20%,885000.0,170.0,1,White,Joint,55-64,28.249,Loan originated
1,625000.0,37,735000.0,213.0,1,White,Male,65-74,85.0,Application denied
1,1135000.0,47,1445000.0,350.0,1,Hispanic or Latino,Male,35-44,78.446,Loan originated
1,495000.0,20%-<30%,545000.0,198.0,1,White,Female,45-54,90.0,Loan originated
1,605000.0,30%-<36%,795000.0,242.0,1,White,Joint,25-34,75.94,Loan originated
1,475000.0,30%-<36%,495000.0,153.0,1,White,Joint,35-44,95.0,Loan originated
1,425000.0,46,535000.0,112.0,1,White,Female,35-44,80.0,Loan originated
1,825000.0,<20%,1105000.0,1385.0,1,Asian,Male,55-64,75.0,Application denied
1,755000.0,50%-60%,745000.0,139.0,1,Asian,Joint,35-44,100.936,Loan originated
1,305000.0,20%-<30%,975000.0,149.0,1,White,Male,45-54,30.769,Loan originated
1,435000.0,49,545000.0,96.0,1,Hispanic or Latino,Joint,25-34,80.0,Loan originated
1,565000.0,30%-<36%,595000.0,315.0,1,White,Male,25-34,95.0,Loan originated
1,635000.0,30%-<36%,965000.0,258.0,1,White,Joint,45-54,64.955,Loan originated
1,445000.0,<20%,575000.0,277.0,1,Hispanic or Latino,Male,25-34,80.0,Loan originated
1,635000.0,30%-<36%,635000.0,285.0,1,Hispanic or Latino,Female,25-34,100.0,Loan originated
1,425000.0,46,525000.0,130.0,1,Hispanic or Latino,Female,55-64,80.0,Loan originated
1,265000.0,47,275000.0,93.0,1,Black or African American,Female,35-44,100.0,Loan originated
1,1005000.0,37,1325000.0,372.0,1,Asian,Joint,35-44,75.47,Loan originated
1,405000.0,49,445000.0,96.0,1,Black or African American,Joint,25-34,92.29,Loan originated
1,595000.0,30%-<36%,615000.0,230.0,1,White,Joint,45-54,97.0,Application denied
1,415000.0,39,455000.0,109.0,1,Asian,Female,35-44,90.0,Loan originated
1,155000.0,47,165000.0,83.0,1,Hispanic or Latino,Male,25-34,95.0,Loan originated
1,405000.0,36,455000.0,116.0,1,Hispanic or Latino,Male,35-44,89.13,Application denied
1,545000.0,<20%,685000.0,360.0,1,White,Male,25-34,80.0,Loan originated
1,425000.0,30%-<36%,465000.0,126.0,1,White,Joint,>74,89.99,Loan originated
1,655000.0,38,865000.0,188.0,1,White,Female,25-34,75.0,Loan originated
1,225000.0,42,275000.0,56.0,1,Hispanic or Latino,Male,25-34,85.0,Application denied
1,315000.0,47,445000.0,65.0,1,White,Male,35-44,70.65,Loan originated
1,1045000.0,>60%,1255000.0,114.0,1,White,Joint,55-64,80.0,Application denied
1,625000.0,44,655000.0,150.0,1,White,Joint,25-34,95.0,Loan originated
1,685000.0,48,1035000.0,265.0,1,Asian,Male,45-54,67.0,Loan originated
1,495000.0,20%-<30%,625000.0,206.0,1,White,Male,25-34,80.0,Loan originated
1,505000.0,42,535000.0,121.0,1,Hispanic or Latino,Joint,45-54,95.0,Loan originated
1,175000.0,36,235000.0,71.0,1,Hispanic or Latino,Female,55-64,74.69,Loan originated
1,1045000.0,41,1305000.0,323.0,1,Asian,Joint,35-44,80.0,Loan originated
1,505000.0,44,1905000.0,260.0,1,White,Female,55-64,26.316,Loan originated
1,585000.0,48,615000.0,140.0,1,Asian,Male,35-44,94.96,Application denied
1,765000.0,30%-<36%,805000.0,264.0,1,White,Male,35-44,95.0,Loan originated
1,595000.0,30%-<36%,715000.0,185.0,1,White,Male,35-44,83.099,Loan originated
1,805000.0,20%-<30%,1425000.0,319.0,1,White,Female,35-44,56.022,Loan originated
1,375000.0,43,395000.0,149.0,1,Hispanic or Latino,Male,35-44,95.0,Loan originated
1,355000.0,40,445000.0,100.0,1,White,Male,25-34,80.0,Application denied
1,445000.0,48,555000.0,112.0,1,White,Joint,>74,80.0,Loan originated
1,235000.0,36,375000.0,88.0,1,Hispanic or Latino,Male,45-54,63.51,Loan originated
1,765000.0,40,805000.0,226.0,1,Asian,Male,35-44,98.0,Loan originated
1,735000.0,49,1325000.0,145.0,1,White,Female,35-44,56.0,Loan originated
1,1145000.0,30%-<36%,2095000.0,552.0,1,Asian,Joint,25-34,54.545,Loan originated
1,495000.0,39,615000.0,146.0,1,Asian,Male,25-34,80.0,Loan originated
1,735000.0,30%-<36%,825000.0,242.0,1,White,Joint,45-54,90.0,Loan originated
1,565000.0,38,595000.0,147.0,1,Asian,Joint,35-44,96.5,Loan originated
1,805000.0,44,895000.0,253.0,1,Hispanic or Latino,Male,35-44,90.0,Loan originated
1,975000.0,49,1085000.0,207.0,1,Asian,Male,25-34,90.0,Loan originated
1,445000.0,36,565000.0,198.0,1,Asian,Joint,25-34,80.0,Loan originated
1,575000.0,30%-<36%,715000.0,185.0,1,White,Joint,25-34,80.0,Loan originated
1,185000.0,48,465000.0,43.0,1,Hispanic or Latino,Male,55-64,40.217,Loan originated
1,585000.0,48,1085000.0,127.0,1,Asian,Male,55-64,53.917,Loan originated
1,615000.0,42,725000.0,175.0,1,Hispanic or Latino,Male,35-44,85.0,Loan originated
1,165000.0,44,225000.0,56.0,1,Hispanic or Latino,Male,45-54,75.03,Loan originated
1,535000.0,40,785000.0,201.0,1,White,Female,35-44,68.23,Loan originated
1,775000.0,46,1105000.0,212.0,1,White,Female,35-44,70.0,Loan originated
1,655000.0,47,695000.0,158.0,1,Asian,Joint,25-34,95.0,Loan originated
1,465000.0,<20%,625000.0,261.0,1,Asian,Female,55-64,75.0,Loan originated
1,315000.0,30%-<36%,395000.0,93.0,1,Hispanic or Latino,Male,35-44,79.487,Loan originated
1,695000.0,41,865000.0,160.0,1,Asian,Male,25-34,80.0,Loan originated
1,365000.0,48,465000.0,97.0,1,White,Female,65-74,80.0,Loan originated
1,515000.0,20%-<30%,605000.0,240.0,1,Asian,Joint,55-64,85.0,Loan originated
1,525000.0,40,535000.0,153.0,1,Hispanic or Latino,Joint,25-34,100.0,Loan originated
1,555000.0,45,955000.0,328.0,1,Asian,Joint,25-34,57.89,Loan originated
1,125000.0,20%-<30%,135000.0,329.0,1,White,Joint,45-54,90.0,Loan originated
1,665000.0,30%-<36%,955000.0,228.0,1,Hispanic or Latino,Male,35-44,70.0,Loan originated
1,605000.0,39,1225000.0,184.0,1,Hispanic or Latino,Joint,25-34,50.0,Loan originated
1,595000.0,44,625000.0,138.0,1,Hispanic or Latino,Male,35-44,94.987,Loan originated
1,565000.0,20%-<30%,755000.0,320.0,1,White,Joint,25-34,75.0,Loan originated
1,405000.0,41,505000.0,209.0,1,Hispanic or Latino,Male,<25,80.0,Loan originated
1,315000.0,30%-<36%,335000.0,376.0,1,Other,Joint,35-44,95.0,Loan originated
1,685000.0,43,725000.0,234.0,1,White,Joint,35-44,95.0,Loan originated
1,735000.0,42,1235000.0,209.0,1,White,Joint,55-64,60.0,Loan originated
1,475000.0,42,495000.0,122.0,1,Hispanic or Latino,Joint,25-34,94.19,Loan originated
1,555000.0,42,625000.0,136.0,1,White,Male,45-54,89.517,Loan originated
1,345000.0,20%-<30%,355000.0,122.0,1,White,Female,<25,97.0,Loan originated
1,285000.0,46,505000.0,83.0,1,Black or African American,Male,>74,55.276,Loan originated
1,475000.0,43,505000.0,123.0,1,Hispanic or Latino,Female,35-44,95.0,Loan originated
1,735000.0,43,815000.0,357.0,1,Hispanic or Latino,Joint,35-44,89.571,Loan originated
1,685000.0,49,715000.0,161.0,1,Asian,Joint,25-34,95.0,Loan originated
1,725000.0,45,805000.0,179.0,1,Hispanic or Latino,Joint,35-44,90.0,Loan originated
1,605000.0,43,755000.0,150.0,1,Asian,Male,65-74,80.0,Loan originated
1,875000.0,43,925000.0,237.0,1,White,Joint,35-44,95.0,Loan originated
1,645000.0,49,1075000.0,125.0,1,Asian,Joint,45-54,59.535,Loan originated
1,745000.0,47,775000.0,175.0,1,Hispanic or Latino,Joint,35-44,96.5,Loan originated
1,765000.0,45,1435000.0,514.0,1,White,Male,55-64,53.418,Loan originated
1,675000.0,49,755000.0,159.0,1,White,Male,25-34,90.0,Loan originated
1,465000.0,48,585000.0,100.0,1,Asian,Female,55-64,80.0,Loan originated
1,465000.0,42,585000.0,165.0,1,Asian,Joint,35-44,80.0,Loan originated
1,425000.0,45,525000.0,114.0,1,Asian,Female,45-54,80.0,Loan originated
1,675000.0,42,835000.0,483.0,1,Asian,Male,35-44,79.98,Loan originated
1,1135000.0,49,1535000.0,259.0,1,Asian,Joint,55-64,73.856,Loan originated
1,595000.0,49,625000.0,140.0,1,Asian,Male,35-44,95.0,Loan originated
1,55000.0,43,685000.0,252.0,1,Asian,Male,35-44,7.35,Application denied
1,535000.0,49,635000.0,203.0,1,Hispanic or Latino,Female,25-34,85.0,Loan originated
1,395000.0,48,415000.0,89.0,1,Hispanic or Latino,Male,45-54,95.0,Application denied
1,305000.0,30%-<36%,825000.0,146.0,1,White,Joint,55-64,36.364,Loan originated
1,395000.0,41,595000.0,120.0,1,White,Male,55-64,66.102,Loan originated
1,555000.0,20%-<30%,685000.0,352.0,1,White,Joint,45-54,80.0,Loan originated
1,655000.0,46,1365000.0,195.0,1,White,Female,55-64,48.0,Loan originated
1,315000.0,30%-<36%,375000.0,153.0,1,Hispanic or Latino,Joint,25-34,84.946,Loan originated
1,1055000.0,47,1175000.0,340.0,1,Black or African American,Male,35-44,90.0,Loan originated
1,1055000.0,45,1755000.0,308.0,1,Asian,Joint,35-44,60.114,Loan originated
1,485000.0,41,515000.0,191.0,1,White,Female,25-34,95.0,Loan originated
1,725000.0,45,905000.0,517.0,1,Hispanic or Latino,Female,55-64,80.0,Loan originated
1,695000.0,49,875000.0,134.0,1,Asian,Male,35-44,79.66,Loan originated
1,475000.0,36,505000.0,160.0,1,Asian,Joint,25-34,95.0,Loan originated
1,885000.0,36,1205000.0,294.0,1,Asian,Male,45-54,74.0,Loan originated
1,75000.0,37,95000.0,64.0,1,White,Male,65-74,77.78,Loan originated
1,565000.0,49,635000.0,115.0,1,Asian,Joint,25-34,90.0,Loan originated
1,495000.0,44,615000.0,113.0,1,Hispanic or Latino,Female,45-54,80.0,Loan originated
1,465000.0,40,475000.0,146.0,1,Hispanic or Latino,Female,25-34,97.0,Loan originated
1,485000.0,42,505000.0,116.0,1,Asian,Female,<25,97.0,Loan originated
1,825000.0,48,1105000.0,225.0,1,White,Male,45-54,75.0,Loan originated
1,975000.0,49,1065000.0,209.0,1,Asian,Male,35-44,92.0,Loan originated
1,525000.0,41,625000.0,269.0,1,Asian,Male,45-54,83.333,Loan originated
1,805000.0,43,1635000.0,223.0,1,Asian,Joint,65-74,48.79,Loan originated
1,465000.0,48,585000.0,155.0,1,Asian,Joint,35-44,80.0,Loan originated
1,585000.0,47,665000.0,154.0,1,Asian,Male,25-34,88.636,Application denied
1,645000.0,48,805000.0,119.0,1,Hispanic or Latino,Male,35-44,80.0,Loan originated
1,105000.0,30%-<36%,595000.0,76.0,1,White,Joint,65-74,16.694,Loan originated
1,515000.0,45,545000.0,121.0,1,White,Male,55-64,95.0,Loan originated
1,495000.0,48,515000.0,126.0,1,Black or African American,Female,25-34,97.0,Loan originated
1,1025000.0,30%-<36%,1375000.0,338.0,1,Asian,Joint,35-44,74.49,Loan originated
1,395000.0,43,1375000.0,145.0,1,Asian,Male,45-54,28.312,Loan originated
1,385000.0,45,485000.0,97.0,1,White,Joint,65-74,79.55,Loan originated
1,465000.0,43,485000.0,120.0,1,Hispanic or Latino,Male,35-44,95.0,Loan originated
1,1135000.0,44,1265000.0,225.0,1,Asian,Male,25-34,89.97,Loan originated
1,1115000.0,39,1175000.0,376.0,1,White,Joint,45-54,95.0,Loan originated
1,955000.0,39,1455000.0,236.0,1,Asian,Joint,25-34,66.0,Loan originated
1,795000.0,30%-<36%,995000.0,287.0,1,White,Male,35-44,80.0,Loan originated
1,525000.0,30%-<36%,1055000.0,539.0,1,Asian,Joint,25-34,50.0,Loan originated
1,545000.0,30%-<36%,1155000.0,174.0,1,White,Joint,25-34,48.0,Loan originated
1,135000.0,38,425000.0,113.0,1,White,Joint,65-74,30.588,Loan originated
1,145000.0,37,155000.0,81.0,1,White,Male,<25,95.0,Loan originated
1,955000.0,30%-<36%,1195000.0,287.0,1,Asian,Joint,35-44,80.0,Loan originated
1,675000.0,46,845000.0,169.0,1,Hispanic or Latino,Joint,25-34,80.0,Loan originated
1,185000.0,44,685000.0,101.0,1,Black or African American,Male,55-64,27.0,Loan originated
1,605000.0,46,755000.0,223.0,1,Asian,Male,35-44,80.0,Loan originated
1,465000.0,30%-<36%,575000.0,145.0,1,Asian,Male,35-44,80.0,Application denied
1,545000.0,37,565000.0,181.0,1,Asian,Joint,35-44,97.0,Loan originated
1,405000.0,38,785000.0,225.0,1,White,Joint,35-44,51.923,Loan originated
1,585000.0,49,655000.0,156.0,1,Asian,Male,35-44,90.0,Loan originated
1,555000.0,37,575000.0,156.0,1,Asian,Female,35-44,97.0,Loan originated
1,715000.0,20%-<30%,755000.0,270.0,1,White,Joint,25-34,95.0,Loan originated
1,1095000.0,48,1465000.0,314.0,1,Asian,Female,25-34,75.0,Loan originated
1,485000.0,36,505000.0,144.0,1,White,Joint,25-34,100.0,Loan originated
1,255000.0,41,345000.0,93.0,1,White,Male,35-44,73.91,Loan originated
1,335000.0,48,485000.0,163.0,1,Asian,Female,35-44,70.0,Loan originated
1,565000.0,39,665000.0,202.0,1,White,Joint,25-34,85.0,Loan originated
1,415000.0,47,435000.0,116.0,1,White,Male,25-34,97.0,Loan originated
1,355000.0,>60%,395000.0,81.0,1,White,Male,25-34,90.0,Application denied
1,715000.0,46,805000.0,137.0,1,White,Male,<25,89.376,Loan originated
1,565000.0,20%-<30%,865000.0,306.0,1,Asian,Joint,35-44,65.318,Loan originated
1,575000.0,20%-<30%,1725000.0,294.0,1,White,Joint,35-44,33.14,Loan originated
1,675000.0,43,1615000.0,246.0,1,White,Joint,65-74,41.875,Loan originated
1,445000.0,30%-<36%,1145000.0,160.0,1,Hispanic or Latino,Male,55-64,38.596,Loan originated
1,315000.0,44,425000.0,99.0,1,Hispanic or Latino,Male,45-54,73.71,Loan originated
1,545000.0,46,605000.0,108.0,1,Hispanic or Latino,Joint,55-64,90.0,Loan originated
1,675000.0,49,715000.0,165.0,1,Hispanic or Latino,Male,25-34,95.0,Loan originated
1,715000.0,30%-<36%,775000.0,238.0,1,Asian,Male,35-44,92.731,Loan originated
1,435000.0,30%-<36%,595000.0,11.0,1,White,Male,25-34,72.88,Loan originated
1,275000.0,20%-<30%,515000.0,156.0,1,White,Joint,35-44,53.398,Loan originated
1,505000.0,20%-<30%,1755000.0,302.0,1,White,Joint,55-64,28.571,Loan originated
1,405000.0,45,415000.0,90.0,1,White,Male,25-34,97.0,Application denied
1,1145000.0,45,1455000.0,429.0,1,Asian,Joint,45-54,80.0,Loan originated
1,1005000.0,38,1555000.0,427.0,1,Asian,Joint,25-34,65.0,Loan originated
1,175000.0,<20%,225000.0,170.0,1,White,Male,45-54,80.0,Loan originated
1,495000.0,49,615000.0,112.0,1,Asian,Joint,35-44,80.0,Loan originated
1,555000.0,20%-<30%,825000.0,220.0,1,White,Joint,25-34,66.667,Loan originated
1,265000.0,<20%,525000.0,77.0,1,Asian,Female,45-54,49.34,Loan originated
1,285000.0,38,385000.0,96.0,1,White,Joint,<25,73.96,Loan originated
1,275000.0,30%-<36%,345000.0,130.0,1,Hispanic or Latino,Male,25-34,80.0,Loan originated
1,225000.0,48,525000.0,141.0,1,White,Female,65-74,43.269,Loan originated
1,575000.0,42,715000.0,209.0,1,Black or African American,Male,35-44,80.0,Loan originated
1,545000.0,20%-<30%,725000.0,259.0,1,Hispanic or Latino,Joint,45-54,75.0,Loan originated
1,485000.0,49,575000.0,139.0,1,Hispanic or Latino,Male,45-54,85.0,Loan originated
1,445000.0,48,525000.0,233.0,1,White,Joint,25-34,85.0,Loan originated
1,255000.0,30%-<36%,1485000.0,211.0,1,White,Male,55-64,16.892,Loan originated
1,565000.0,43,895000.0,202.0,1,Asian,Female,45-54,63.223,Loan originated
1,405000.0,49,505000.0,120.0,1,White,Male,<25,80.0,Loan originated
1,305000.0,20%-<30%,1555000.0,362.0,1,Asian,Joint,45-54,19.345,Loan originated
1,575000.0,46,725000.0,174.0,1,Hispanic or Latino,Joint,45-54,80.0,Loan originated
1,655000.0,48,695000.0,139.0,1,Hispanic or Latino,Joint,35-44,95.0,Loan originated
1,355000.0,30%-<36%,425000.0,140.0,1,White,Male,25-34,84.561,Loan originated
1,425000.0,36,435000.0,130.0,1,White,Joint,<25,97.0,Loan originated
1,845000.0,37,1445000.0,259.0,1,Asian,Joint,45-54,58.612,Loan originated
1,505000.0,20%-<30%,1375000.0,441.0,1,Asian,Joint,25-34,37.0,Loan originated
1,65000.0,36,485000.0,46.0,1,Hispanic or Latino,Female,65-74,12.371,Loan originated
1,615000.0,20%-<30%,825000.0,225.0,1,White,Joint,35-44,75.0,Loan originated
1,1015000.0,49,1065000.0,254.0,1,Hispanic or Latino,Joint,35-44,95.0,Loan originated
1,705000.0,41,745000.0,217.0,1,Asian,Joint,35-44,95.0,Loan originated
1,735000.0,37,1045000.0,201.0,1,White,Joint,35-44,70.0,Loan originated
1,905000.0,30%-<36%,1135000.0,457.0,1,Asian,Joint,25-34,80.0,Loan originated
1,875000.0,40,975000.0,251.0,1,White,Joint,35-44,90.0,Loan originated
1,865000.0,30%-<36%,1085000.0,303.0,1,Asian,Joint,25-34,80.0,Loan originated
1,1045000.0,45,1105000.0,288.0,1,Hispanic or Latino,Joint,25-34,95.0,Loan originated
1,205000.0,30%-<36%,265000.0,66.0,1,White,Joint,65-74,90.094,Loan originated
1,385000.0,49,435000.0,92.0,1,White,Male,55-64,89.9,Loan originated
1,265000.0,43,285000.0,60.0,1,Hispanic or Latino,Male,35-44,95.0,Loan originated
1,405000.0,42,635000.0,169.0,1,Asian,Female,35-44,64.023,Loan originated
1,995000.0,30%-<36%,1245000.0,287.0,1,Asian,Joint,35-44,83.0,Loan originated
1,1185000.0,45,1695000.0,284.0,1,White,Joint,35-44,70.0,Loan originated
1,745000.0,49,935000.0,154.0,1,Asian,Male,35-44,80.0,Loan originated
1,155000.0,<20%,875000.0,159.0,1,Asian,Joint,25-34,100.0,Loan originated
1,575000.0,49,725000.0,131.0,1,Hispanic or Latino,Male,55-64,80.0,Loan originated
1,355000.0,36,395000.0,97.0,1,White,Female,<25,89.999,Loan originated
1,785000.0,47,1705000.0,228.0,1,White,Female,35-44,45.882,Loan originated
1,515000.0,42,1205000.0,192.0,1,White,Female,55-64,42.58,Loan originated
1,765000.0,30%-<36%,825000.0,206.0,1,White,Joint,35-44,93.482,Loan originated
1,675000.0,40,845000.0,323.0,1,Asian,Joint,65-74,80.0,Loan originated
1,495000.0,40,555000.0,160.0,1,Asian,Joint,45-54,90.0,Loan originated
1,355000.0,49,465000.0,75.0,1,Hispanic or Latino,Male,45-54,76.92,Loan originated
1,535000.0,49,595000.0,234.0,1,Asian,Female,25-34,90.0,Loan originated
1,1055000.0,20%-<30%,1315000.0,339.0,1,White,Joint,25-34,80.0,Loan originated
1,475000.0,38,505000.0,137.0,1,Hispanic or Latino,Male,25-34,100.0,Loan originated
1,525000.0,30%-<36%,655000.0,170.0,1,Asian,Male,25-34,80.0,Loan originated
1,475000.0,<20%,595000.0,256.0,1,White,Joint,25-34,80.0,Loan originated
1,585000.0,40,615000.0,226.0,1,Hispanic or Latino,Female,35-44,95.0,Loan originated
1,455000.0,48,825000.0,124.0,1,White,Male,25-34,55.784,Loan originated
1,595000.0,49,665000.0,115.0,1,Asian,Female,35-44,90.0,Loan originated
1,315000.0,45,335000.0,114.0,1,Hispanic or Latino,Joint,55-64,95.0,Loan originated
1,295000.0,48,345000.0,72.0,1,Black or African American,Male,65-74,82.881,Loan originated
1,395000.0,45,485000.0,85.0,1,Hispanic or Latino,Female,35-44,80.0,Loan originated
1,865000.0,37,915000.0,223.0,1,White,Joint,25-34,95.0,Loan originated
1,425000.0,49,525000.0,110.0,1,White,Female,25-34,80.0,Loan originated
1,765000.0,46,915000.0,148.0,1,Asian,Male,35-44,83.41,Loan originated
1,175000.0,42,185000.0,62.0,1,Hispanic or Latino,Female,<25,95.0,Loan originated
1,185000.0,36,225000.0,76.0,1,Asian,Joint,25-34,80.0,Loan originated
1,405000.0,47,705000.0,175.0,1,Asian,Female,35-44,57.356,Loan originated
1,885000.0,47,1105000.0,214.0,1,Asian,Joint,25-34,80.0,Loan originated
1,955000.0,30%-<36%,1105000.0,294.0,1,White,Joint,25-34,86.36,Loan originated
1,855000.0,50%-60%,1225000.0,246.0,1,Asian,Male,35-44,70.0,Loan originated
1,945000.0,30%-<36%,1405000.0,333.0,1,White,Joint,25-34,67.14,Loan originated
1,835000.0,40,1035000.0,321.0,1,Asian,Female,35-44,80.0,Loan originated
1,665000.0,47,735000.0,168.0,1,Hispanic or Latino,Joint,45-54,90.0,Loan originated
1,895000.0,20%-<30%,1125000.0,587.0,1,White,Male,35-44,80.0,Loan originated
1,135000.0,37,145000.0,94.0,1,White,Joint,>74,90.0,Loan originated
1,645000.0,39,815000.0,216.0,1,White,Female,45-54,80.0,Loan originated
1,585000.0,40,625000.0,141.0,1,Hispanic or Latino,Female,25-34,95.0,Loan originated
1,305000.0,40,385000.0,88.0,1,Other,Female,25-34,80.0,Loan originated
1,675000.0,44,715000.0,207.0,1,Asian,Joint,35-44,95.0,Loan originated
1,605000.0,46,955000.0,135.0,1,White,Female,55-64,62.929,Loan originated
1,505000.0,>60%,625000.0,91.0,1,Hispanic or Latino,Male,35-44,80.0,Application denied
1,505000.0,>60%,535000.0,68.0,1,Hispanic or Latino,Joint,25-34,95.0,Application denied
1,1045000.0,42,1315000.0,267.0,1,Asian,Male,25-34,79.091,Loan originated
1,585000.0,48,755000.0,173.0,1,Asian,Male,45-54,77.0,Loan originated
1,365000.0,48,385000.0,166.0,1,Asian,Joint,25-34,95.0,Loan originated
1,645000.0,49,1145000.0,155.0,1,White,Joint,55-64,56.14,Loan originated
1,445000.0,30%-<36%,645000.0,209.0,1,Asian,Male,45-54,70.0,Loan originated
1,1005000.0,41,1455000.0,250.0,1,Asian,Female,55-64,68.966,Loan originated
1,365000.0,38,565000.0,146.0,1,Asian,Female,45-54,65.0,Loan originated
1,335000.0,38,355000.0,104.0,1,Hispanic or Latino,Joint,55-64,95.0,Application denied
1,295000.0,30%-<36%,315000.0,226.0,1,Asian,Female,35-44,95.0,Loan originated
1,1105000.0,49,1705000.0,246.0,1,Asian,Joint,35-44,65.0,Loan originated
1,645000.0,30%-<36%,675000.0,194.0,1,White,Joint,25-34,95.0,Loan originated
1,495000.0,38,515000.0,160.0,1,Hispanic or Latino,Joint,25-34,100.0,Loan originated
1,405000.0,45,505000.0,116.0,1,Asian,Male,55-64,80.0,Loan originated
1,1085000.0,45,1145000.0,367.0,1,Asian,Joint,25-34,95.0,Loan originated
1,785000.0,44,1335000.0,172.0,1,Asian,Female,25-34,58.712,Loan originated
1,345000.0,30%-<36%,425000.0,130.0,1,White,Male,65-74,80.0,Loan originated
1,665000.0,20%-<30%,785000.0,303.0,1,White,Male,25-34,84.615,Loan originated
1,495000.0,43,615000.0,140.0,1,White,Female,35-44,80.0,Loan originated
1,425000.0,49,475000.0,85.0,1,White,Male,25-34,90.0,Loan originated
1,525000.0,30%-<36%,695000.0,141.0,1,White,Female,25-34,75.0,Loan originated
1,535000.0,30%-<36%,1035000.0,262.0,1,Hispanic or Latino,Joint,35-44,51.691,Loan originated
1,445000.0,20%-<30%,865000.0,239.0,1,White,Joint,45-54,50.867,Loan originated
1,425000.0,49,545000.0,81.0,1,White,Female,35-44,79.0,Loan originated
1,735000.0,30%-<36%,825000.0,248.0,1,White,Joint,35-44,90.0,Loan originated
1,1135000.0,39,1415000.0,756.0,1,Asian,Joint,55-64,79.96,Loan originated
1,1005000.0,>60%,2205000.0,2.0,1,White,Male,55-64,45.455,Application denied
1,475000.0,47,595000.0,174.0,1,White,Male,45-54,80.0,Loan originated
1,405000.0,44,425000.0,91.0,1,Hispanic or Latino,Female,45-54,95.0,Loan originated
1,345000.0,41,435000.0,97.0,1,White,Male,55-64,80.0,Loan originated
1,995000.0,30%-<36%,1425000.0,265.0,1,Asian,Joint,25-34,70.0,Loan originated
1,525000.0,>60%,855000.0,68.0,1,White,Female,35-44,61.765,Application denied
1,315000.0,45,335000.0,87.0,1,White,Joint,35-44,96.939,Loan originated
1,345000.0,43,685000.0,176.0,1,Asian,Male,25-34,50.0,Loan originated
1,385000.0,47,395000.0,98.0,1,Hispanic or Latino,Male,25-34,99.25,Loan originated
1,755000.0,45,815000.0,265.0,1,White,Male,35-44,91.519,Loan originated
1,695000.0,41,925000.0,169.0,1,White,Male,35-44,75.0,Loan originated
1,695000.0,41,735000.0,180.0,1,White,Male,45-54,94.932,Loan originated
1,125000.0,48,565000.0,40.0,1,White,Female,55-64,22.092,Loan originated
1,1135000.0,30%-<36%,1515000.0,349.0,1,Asian,Joint,25-34,75.0,Loan originated
1,435000.0,49,485000.0,130.0,1,Asian,Joint,45-54,89.855,Application denied
1,375000.0,20%-<30%,385000.0,148.0,1,Asian,Male,35-44,97.0,Loan originated
1,1095000.0,39,1365000.0,315.0,1,Hispanic or Latino,Joint,65-74,80.0,Loan originated
1,445000.0,41,555000.0,152.0,1,Hispanic or Latino,Joint,25-34,100.0,Loan originated
1,1005000.0,38,1535000.0,298.0,1,Asian,Joint,25-34,65.15,Loan originated
1,205000.0,45,755000.0,56.0,1,Black or African American,Female,>74,26.526,Loan originated
1,485000.0,20%-<30%,605000.0,232.0,1,Hispanic or Latino,Male,35-44,80.0,Loan originated
1,525000.0,49,655000.0,117.0,1,Asian,Male,35-44,80.0,Loan originated
1,65000.0,45,325000.0,22.0,1,White,Female,55-64,19.018,Loan originated
1,405000.0,40,425000.0,164.0,1,Hispanic or Latino,Joint,25-34,95.0,Loan originated
1,435000.0,20%-<30%,545000.0,400.0,1,Black or African American,Male,65-74,80.0,Loan originated
1,835000.0,36,1045000.0,271.0,1,Hispanic or Latino,Joint,45-54,80.0,Loan originated
1,185000.0,20%-<30%,415000.0,114.0,1,Hispanic or Latino,Male,55-64,43.91,Loan originated
1,365000.0,37,465000.0,112.0,1,Hispanic or Latino,Male,35-44,80.0,Application denied
1,635000.0,41,675000.0,175.0,1,Asian,Male,25-34,95.0,Loan originated
1,155000.0,43,955000.0,89.0,1,White,Female,55-64,15.625,Loan originated
1,535000.0,43,565000.0,143.0,1,White,Female,55-64,95.0,Loan originated
1,315000.0,49,325000.0,61.0,1,Hispanic or Latino,Male,25-34,96.5,Loan originated
1,275000.0,48,575000.0,106.0,1,Asian,Joint,25-34,47.826,Loan originated
1,225000.0,45,515000.0,65.0,1,Hispanic or Latino,Male,35-44,44.118,Loan originated
1,465000.0,45,575000.0,131.0,1,Asian,Male,35-44,80.0,Loan originated
1,535000.0,42,665000.0,238.0,1,Asian,Male,25-34,80.0,Loan originated
1,1065000.0,42,1335000.0,246.0,1,Asian,Joint,25-34,80.0,Loan originated
1,765000.0,30%-<36%,1535000.0,250.0,1,White,Joint,35-44,50.033,Loan originated
1,445000.0,30%-<36%,555000.0,146.0,1,Hispanic or Latino,Female,25-34,80.0,Loan originated
1,325000.0,47,345000.0,106.0,1,Hispanic or Latino,Joint,55-64,95.0,Loan originated
1,155000.0,<20%,485000.0,225.0,1,White,Female,55-64,31.088,Loan originated
1,755000.0,30%-<36%,945000.0,267.0,1,Asian,Male,35-44,80.0,Loan originated
1,345000.0,49,465000.0,122.0,1,Hispanic or Latino,Joint,25-34,73.734,Application denied
1,605000.0,42,825000.0,150.0,1,Hispanic or Latino,Male,35-44,72.99,Application denied
1,1095000.0,20%-<30%,1365000.0,447.0,1,Asian,Joint,25-34,80.0,Loan originated
1,315000.0,45,335000.0,110.0,1,Hispanic or Latino,Male,25-34,95.0,Loan originated
1,245000.0,30%-<36%,315000.0,244.0,1,White,Male,35-44,80.0,Loan originated
1,425000.0,20%-<30%,535000.0,136.0,1,Asian,Joint,25-34,80.0,Loan originated
1,745000.0,30%-<36%,825000.0,197.0,1,Asian,Male,25-34,90.0,Loan originated
1,455000.0,45,475000.0,92.0,1,White,Female,35-44,95.0,Loan originated
1,115000.0,>60%,145000.0,276.0,1,White,Male,45-54,76.87,Application denied
1,715000.0,48,755000.0,168.0,1,Asian,Male,35-44,95.0,Loan originated
1,245000.0,<20%,455000.0,149.0,1,Hispanic or Latino,Joint,35-44,55.0,Loan originated
1,225000.0,47,715000.0,112.0,1,White,Joint,>74,30.827,Loan originated
1,155000.0,20%-<30%,555000.0,145.0,1,White,Male,35-44,27.273,Loan originated
1,205000.0,20%-<30%,545000.0,145.0,1,Hispanic or Latino,Male,55-64,37.04,Loan originated
1,465000.0,42,765000.0,143.0,1,White,Joint,25-34,60.0,Loan originated
1,335000.0,45,605000.0,79.0,1,White,Male,45-54,55.0,Loan originated
1,705000.0,30%-<36%,1105000.0,244.0,1,Asian,Male,35-44,63.42,Loan originated
1,575000.0,30%-<36%,685000.0,187.0,1,Asian,Joint,35-44,85.0,Loan originated
1,435000.0,41,675000.0,104.0,1,Hispanic or Latino,Male,25-34,64.179,Loan originated
1,1005000.0,38,2855000.0,290.0,1,Asian,Female,25-34,35.088,Loan originated
1,1145000.0,30%-<36%,1425000.0,424.0,1,White,Male,25-34,79.944,Loan originated
1,385000.0,49,405000.0,76.0,1,Hispanic or Latino,Male,25-34,95.0,Loan originated
1,435000.0,41,475000.0,107.0,1,White,Female,25-34,90.526,Loan originated
1,325000.0,47,405000.0,91.0,1,White,Male,25-34,80.0,Loan originated
1,365000.0,41,495000.0,263.0,1,White,Male,25-34,75.0,Loan originated
1,125000.0,<20%,625000.0,210.0,1,White,Joint,45-54,20.0,Loan originated
1,465000.0,49,715000.0,120.0,1,Asian,Female,45-54,64.917,Loan originated
1,1105000.0,48,1225000.0,245.0,1,Asian,Male,35-44,102.245,Loan originated
1,635000.0,42,735000.0,168.0,1,Asian,Joint,25-34,86.486,Application denied
1,755000.0,38,835000.0,340.0,1,White,Male,25-34,90.0,Loan originated
1,735000.0,39,1055000.0,174.0,1,White,Male,35-44,70.0,Loan originated
1,765000.0,45,975000.0,210.0,1,Asian,Male,25-34,80.0,Loan originated
1,1055000.0,20%-<30%,1525000.0,410.0,1,Asian,Joint,25-34,68.85,Loan originated
1,385000.0,48,415000.0,96.0,1,Hispanic or Latino,Male,65-74,95.0,Loan originated
1,1055000.0,40,1175000.0,268.0,1,Asian,Female,35-44,90.0,Loan originated
1,925000.0,30%-<36%,1155000.0,355.0,1,White,Joint,35-44,80.0,Loan originated
1,665000.0,49,995000.0,221.0,1,White,Female,65-74,66.667,Loan originated
1,315000.0,46,515000.0,89.0,1,White,Male,25-34,61.94,Loan originated
1,155000.0,36,375000.0,83.0,1,White,Joint,55-64,42.31,Loan originated
1,745000.0,47,925000.0,177.0,1,Asian,Female,25-34,80.0,Loan originated
1,155000.0,30%-<36%,195000.0,67.0,1,Hispanic or Latino,Male,25-34,80.0,Loan originated
1,605000.0,47,755000.0,137.0,1,White,Male,35-44,80.0,Loan originated
1,635000.0,49,805000.0,201.0,1,Hispanic or Latino,Joint,35-44,79.975,Loan originated
1,645000.0,38,665000.0,170.0,1,Asian,Male,35-44,96.5,Loan originated
1,345000.0,43,365000.0,77.0,1,White,Male,35-44,99.5,Loan originated
1,335000.0,40,535000.0,230.0,1,White,Female,35-44,62.406,Loan originated
1,765000.0,49,905000.0,142.0,1,White,Female,35-44,84.812,Loan originated
1,245000.0,49,295000.0,65.0,1,Hispanic or Latino,Female,65-74,85.0,Loan originated
1,275000.0,>60%,275000.0,29.0,1,Asian,Joint,45-54,97.0,Application denied
1,625000.0,49,775000.0,141.0,1,White,Female,>74,80.0,Loan originated
1,425000.0,20%-<30%,875000.0,194.0,1,White,Male,25-34,48.276,Loan originated
1,715000.0,38,795000.0,172.0,1,Hispanic or Latino,Joint,25-34,89.975,Loan originated
1,425000.0,49,535000.0,82.0,1,White,Joint,55-64,80.0,Loan originated
1,455000.0,37,565000.0,147.0,1,White,Female,45-54,80.0,Loan originated
1,635000.0,<20%,1135000.0,379.0,1,White,Joint,25-34,55.752,Loan originated
1,435000.0,>60%,565000.0,58.0,1,Hispanic or Latino,Joint,35-44,76.0,Application denied
1,475000.0,47,595000.0,99.0,1,Hispanic or Latino,Female,25-34,80.0,Loan originated
1,405000.0,49,455000.0,101.0,1,Hispanic or Latino,Joint,55-64,89.011,Loan originated
1,505000.0,20%-<30%,905000.0,259.0,1,White,Female,25-34,55.8,Loan originated
1,235000.0,47,275000.0,58.0,1,Asian,Male,25-34,88.0,Loan originated
1,475000.0,36,705000.0,144.0,1,White,Female,55-64,66.855,Loan originated
1,405000.0,44,435000.0,104.0,1,White,Joint,25-34,93.105,Loan originated
1,525000.0,37,665000.0,167.0,1,Other,Male,45-54,80.0,Loan originated
1,695000.0,47,875000.0,149.0,1,Asian,Female,45-54,98.0,Loan originated
1,1085000.0,44,1285000.0,437.0,1,Asian,Joint,55-64,85.0,Loan originated
1,365000.0,37,465000.0,101.0,1,White,Male,65-74,80.0,Loan originated
1,565000.0,30%-<36%,935000.0,262.0,1,Hispanic or Latino,Female,45-54,60.0,Loan originated
1,665000.0,48,855000.0,150.0,1,White,Male,35-44,78.0,Loan originated
1,875000.0,40,1255000.0,248.0,1,Asian,Joint,25-34,70.0,Loan originated
1,595000.0,50%-60%,635000.0,105.0,1,White,Male,35-44,93.861,Loan originated
1,995000.0,48,1245000.0,215.0,1,White,Joint,25-34,80.0,Loan originated
1,705000.0,37,875000.0,236.0,1,White,Joint,35-44,80.0,Loan originated
1,475000.0,30%-<36%,495000.0,165.0,1,White,Female,25-34,95.0,Loan originated
1,1105000.0,30%-<36%,1615000.0,418.0,1,Asian,Joint,35-44,68.069,Loan originated
1,785000.0,46,875000.0,208.0,1,Other,Female,25-34,90.0,Loan originated
1,695000.0,42,775000.0,285.0,1,Asian,Male,35-44,89.99,Loan originated
1,235000.0,>60%,315000.0,42.0,1,Hispanic or Latino,Male,35-44,74.603,Application denied
1,665000.0,41,1025000.0,264.0,1,White,Joint,35-44,65.0,Loan originated
1,505000.0,48,525000.0,107.0,1,Hispanic or Latino,Male,35-44,97.0,Loan originated
1,215000.0,44,465000.0,69.0,1,Hispanic or Latino,Male,55-64,46.237,Loan originated
1,585000.0,20%-<30%,685000.0,368.0,1,Hispanic or Latino,Female,25-34,85.0,Loan originated
1,405000.0,41,415000.0,103.0,1,Hispanic or Latino,Joint,35-44,100.0,Loan originated
1,315000.0,42,425000.0,84.0,1,Asian,Joint,35-44,75.0,Loan originated
1,765000.0,49,945000.0,271.0,1,Asian,Joint,55-64,80.0,Loan originated
1,455000.0,<20%,575000.0,236.0,1,White,Male,45-54,79.989,Loan originated
1,635000.0,20%-<30%,1205000.0,269.0,1,White,Female,45-54,53.0,Loan originated
1,445000.0,20%-<30%,495000.0,165.0,1,White,Joint,25-34,90.0,Loan originated
1,435000.0,43,445000.0,129.0,1,White,Joint,25-34,97.0,Loan originated
1,565000.0,47,595000.0,120.0,1,White,Male,25-34,95.0,Loan originated
1,715000.0,46,895000.0,219.0,1,White,Joint,55-64,80.0,Loan originated
1,675000.0,38,905000.0,172.0,1,Asian,Female,25-34,75.0,Loan originated
1,935000.0,47,985000.0,177.0,1,Asian,Male,35-44,95.0,Loan originated
1,505000.0,30%-<36%,1175000.0,292.0,1,Asian,Joint,55-64,42.736,Loan originated
1,155000.0,45,195000.0,47.0,1,White,Male,45-54,78.0,Loan originated
1,435000.0,44,585000.0,130.0,1,White,Joint,55-64,75.0,Loan originated
1,735000.0,49,815000.0,148.0,1,Asian,Male,25-34,90.0,Loan originated
1,855000.0,44,1345000.0,303.0,1,Asian,Female,45-54,63.2,Loan originated
1,505000.0,30%-<36%,735000.0,171.0,1,Asian,Female,45-54,68.02,Loan originated
1,635000.0,47,1165000.0,171.0,1,Asian,Female,35-44,54.507,Loan originated
1,445000.0,49,1605000.0,147.0,1,Asian,Joint,55-64,27.499,Loan originated
1,655000.0,30%-<36%,1295000.0,176.0,1,White,Male,35-44,52.0,Loan originated
1,315000.0,49,395000.0,94.0,1,Hispanic or Latino,Joint,35-44,80.0,Loan originated
1,795000.0,41,885000.0,219.0,1,White,Female,45-54,89.89,Loan originated
1,135000.0,45,535000.0,41.0,1,Asian,Joint,65-74,25.1,Loan originated
1,595000.0,37,635000.0,178.0,1,Black or African American,Female,65-74,94.841,Loan originated
1,785000.0,49,825000.0,202.0,1,Asian,Female,35-44,95.0,Loan originated
1,655000.0,30%-<36%,955000.0,345.0,1,Asian,Joint,25-34,68.42,Loan originated
1,535000.0,41,665000.0,149.0,1,Asian,Female,25-34,80.0,Loan originated
1,355000.0,43,365000.0,85.0,1,White,Female,55-64,95.0,Loan originated
1,975000.0,37,1145000.0,315.0,1,White,Female,55-64,85.0,Loan originated
1,575000.0,20%-<30%,965000.0,229.0,1,White,Joint,25-34,58.945,Loan originated
1,1195000.0,30%-<36%,1495000.0,393.0,1,White,Male,35-44,80.0,Loan originated
1,755000.0,49,1055000.0,152.0,1,White,Male,55-64,71.564,Loan originated
1,215000.0,38,265000.0,107.0,1,Hispanic or Latino,Female,55-64,80.0,Loan originated
1,625000.0,30%-<36%,805000.0,210.0,1,White,Joint,35-44,77.5,Loan originated
1,385000.0,50%-60%,395000.0,68.0,1,Hispanic or Latino,Female,45-54,99.99,Loan originated
1,475000.0,30%-<36%,635000.0,144.0,1,Hispanic or Latino,Joint,25-34,75.0,Loan originated
1,565000.0,46,705000.0,165.0,1,White,Male,45-54,80.0,Loan originated
1,455000.0,30%-<36%,755000.0,175.0,1,Asian,Joint,35-44,60.0,Loan originated
1,865000.0,40,1455000.0,225.0,1,Asian,Joint,35-44,59.904,Loan originated
1,205000.0,20%-<30%,275000.0,116.0,1,Asian,Male,45-54,75.0,Application denied
1,1085000.0,38,1365000.0,488.0,1,Asian,Joint,25-34,80.0,Loan originated
1,525000.0,30%-<36%,675000.0,172.0,1,White,Female,25-34,77.61,Loan originated
1,445000.0,39,635000.0,292.0,1,White,Joint,45-54,70.0,Loan originated
1,895000.0,37,1395000.0,269.0,1,Asian,Joint,35-44,64.16,Loan originated
1,255000.0,42,875000.0,112.0,1,White,Joint,25-34,28.571,Loan originated
1,155000.0,36,545000.0,117.0,1,White,Joint,>74,27.298,Loan originated
1,605000.0,49,815000.0,124.0,1,Hispanic or Latino,Female,35-44,74.07,Loan originated
1,615000.0,48,655000.0,112.0,1,Black or African American,Female,45-54,95.0,Loan originated
1,725000.0,20%-<30%,925000.0,280.0,1,White,Male,35-44,77.838,Loan originated
1,1125000.0,41,1505000.0,362.0,1,Asian,Female,55-64,75.0,Loan originated
1,295000.0,46,495000.0,65.0,1,White,Male,>74,59.596,Loan originated
1,425000.0,37,675000.0,210.0,1,White,Male,45-54,62.68,Loan originated
1,515000.0,49,545000.0,256.0,1,White,Female,35-44,95.0,Loan originated
1,545000.0,48,895000.0,123.0,1,Asian,Joint,25-34,61.029,Loan originated
1,1045000.0,20%-<30%,1235000.0,348.0,1,White,Joint,35-44,85.0,Loan originated
1,585000.0,44,835000.0,154.0,1,Asian,Male,35-44,70.0,Loan originated
1,415000.0,30%-<36%,515000.0,153.0,1,Hispanic or Latino,Male,25-34,80.0,Loan originated
1,705000.0,48,885000.0,236.0,1,Asian,Joint,45-54,80.0,Loan originated
1,475000.0,41,595000.0,111.0,1,Hispanic or Latino,Female,45-54,80.0,Loan originated
1,335000.0,49,555000.0,86.0,1,Asian,Joint,25-34,71.8,Loan originated
1,465000.0,47,525000.0,120.0,1,White,Male,<25,89.9,Loan originated
1,195000.0,30%-<36%,245000.0,86.0,1,Hispanic or Latino,Female,45-54,80.0,Loan originated
1,915000.0,30%-<36%,1615000.0,270.0,1,Asian,Joint,25-34,56.683,Loan originated
1,815000.0,42,925000.0,242.0,1,White,Male,25-34,90.0,Loan originated
1,935000.0,20%-<30%,1165000.0,394.0,1,White,Male,35-44,80.0,Loan originated
1,1085000.0,30%-<36%,1355000.0,352.0,1,Asian,Joint,25-34,80.0,Loan originated
1,395000.0,49,545000.0,101.0,1,Hispanic or Latino,Female,45-54,72.678,Loan originated
1,345000.0,46,555000.0,127.0,1,Hispanic or Latino,Joint,25-34,60.932,Loan originated
1,245000.0,36,315000.0,71.0,1,Hispanic or Latino,Male,25-34,80.0,Loan originated
1,95000.0,48,105000.0,48.0,1,Hispanic or Latino,Female,25-34,95.0,Application denied
1,395000.0,30%-<36%,415000.0,103.0,1,Asian,Joint,45-54,95.0,Loan originated
1,255000.0,39,325000.0,70.0,1,Hispanic or Latino,Female,25-34,80.0,Loan originated
1,125000.0,30%-<36%,725000.0,72.0,1,Hispanic or Latino,Joint,65-74,16.864,Loan originated
1,235000.0,36,295000.0,59.0,1,Other,Female,55-64,80.0,Loan originated
1,515000.0,42,765000.0,127.0,1,Asian,Female,45-54,67.277,Loan originated
1,355000.0,37,1375000.0,612.0,1,White,Male,55-64,80.0,Loan originated
1,855000.0,20%-<30%,1155000.0,464.0,1,Asian,Male,35-44,73.997,Loan originated
1,485000.0,30%-<36%,655000.0,239.0,1,Asian,Joint,35-44,75.0,Application denied
1,845000.0,20%-<30%,1055000.0,480.0,1,Asian,Male,25-34,80.0,Loan originated
1,955000.0,30%-<36%,1505000.0,275.0,1,White,Joint,35-44,63.333,Loan originated
1,585000.0,50%-60%,665000.0,120.0,1,Black or African American,Female,35-44,89.242,Application denied
1,415000.0,30%-<36%,515000.0,139.0,1,Hispanic or Latino,Male,35-44,80.0,Loan originated
1,575000.0,30%-<36%,765000.0,191.0,1,Asian,Male,25-34,95.0,Loan originated
1,855000.0,30%-<36%,1225000.0,399.0,1,Asian,Male,45-54,69.962,Loan originated
1,685000.0,20%-<30%,855000.0,325.0,1,White,Male,25-34,80.0,Loan originated
1,555000.0,20%-<30%,1655000.0,1068.0,1,White,Male,55-64,33.333,Loan originated
1,615000.0,41,765000.0,176.0,1,White,Joint,55-64,80.0,Loan originated
1,225000.0,30%-<36%,295000.0,65.0,1,White,Male,65-74,75.0,Loan originated
1,745000.0,49,1015000.0,150.0,1,Asian,Female,25-34,73.103,Loan originated
1,425000.0,42,925000.0,150.0,1,White,Joint,55-64,45.946,Loan originated
1,855000.0,30%-<36%,1075000.0,367.0,1,Hispanic or Latino,Male,35-44,79.48,Loan originated
1,715000.0,37,755000.0,198.0,1,White,Joint,25-34,95.02,Loan originated
1,405000.0,42,455000.0,118.0,1,Hispanic or Latino,Male,45-54,90.0,Loan originated
1,725000.0,20%-<30%,955000.0,238.0,1,White,Male,55-64,76.443,Loan originated
1,675000.0,40,755000.0,330.0,1,White,Joint,45-54,90.0,Loan originated
1,825000.0,47,1105000.0,176.0,1,White,Joint,25-34,75.0,Loan originated
1,1115000.0,20%-<30%,1485000.0,499.0,1,Asian,Joint,25-34,75.0,Loan originated
1,255000.0,30%-<36%,605000.0,190.0,1,White,Joint,65-74,41.667,Loan originated
1,425000.0,46,445000.0,110.0,1,White,Female,45-54,97.0,Loan originated
1,375000.0,20%-<30%,625000.0,383.0,1,White,Male,35-44,60.0,Loan originated
1,325000.0,49,485000.0,59.0,1,Hispanic or Latino,Female,45-54,68.0,Loan originated
1,265000.0,46,275000.0,67.0,1,White,Female,25-34,97.0,Loan originated
1,295000.0,37,645000.0,134.0,1,Asian,Female,>74,46.071,Application denied
1,1045000.0,30%-<36%,1305000.0,331.0,1,Asian,Male,25-34,80.0,Loan originated
1,445000.0,47,475000.0,162.0,1,Hispanic or Latino,Male,45-54,95.0,Loan originated
1,555000.0,20%-<30%,795000.0,573.0,1,Asian,Joint,45-54,70.0,Loan originated
1,1045000.0,20%-<30%,1305000.0,482.0,1,White,Joint,25-34,80.0,Loan originated
1,615000.0,20%-<30%,765000.0,249.0,1,Asian,Joint,35-44,80.0,Loan originated
1,525000.0,48,585000.0,230.0,1,White,Joint,25-34,89.655,Loan originated
1,725000.0,41,765000.0,192.0,1,Asian,Joint,35-44,95.0,Loan originated
1,445000.0,40,555000.0,305.0,1,Asian,Joint,45-54,80.0,Loan originated
1,655000.0,48,755000.0,248.0,1,Asian,Joint,35-44,86.816,Loan originated
1,515000.0,43,575000.0,134.0,1,Asian,Joint,25-34,89.949,Loan originated
1,385000.0,48,475000.0,93.0,1,Hispanic or Latino,Male,55-64,80.0,Loan originated
1,445000.0,45,555000.0,102.0,1,Hispanic or Latino,Joint,45-54,80.0,Loan originated
1,645000.0,<20%,855000.0,404.0,1,White,Joint,25-34,75.0,Loan originated
1,765000.0,47,855000.0,165.0,1,Asian,Joint,35-44,89.44,Loan originated
1,475000.0,45,525000.0,123.0,1,Hispanic or Latino,Female,25-34,90.476,Loan originated
1,635000.0,47,795000.0,125.0,1,Asian,Female,25-34,80.0,Loan originated
1,575000.0,20%-<30%,955000.0,217.0,1,Asian,Male,35-44,60.0,Loan originated
1,1015000.0,38,1355000.0,383.0,1,Asian,Joint,55-64,75.0,Loan originated
1,595000.0,36,745000.0,169.0,1,Asian,Joint,35-44,80.0,Loan originated
1,755000.0,39,2655000.0,537.0,1,White,Female,65-74,28.302,Loan originated
1,565000.0,38,585000.0,170.0,1,White,Joint,45-54,97.0,Loan originated
1,805000.0,38,1005000.0,247.0,1,White,Female,35-44,80.0,Loan originated
1,765000.0,41,1135000.0,325.0,1,White,Male,35-44,95.0,Loan originated
1,715000.0,30%-<36%,755000.0,241.0,1,White,Joint,35-44,95.0,Loan originated
1,415000.0,20%-<30%,695000.0,338.0,1,Hispanic or Latino,Joint,45-54,59.99,Loan originated
1,665000.0,50%-60%,705000.0,235.0,1,Hispanic or Latino,Joint,45-54,95.0,Application denied
1,415000.0,>60%,565000.0,66.0,1,Asian,Male,45-54,74.0,Application denied
1,525000.0,30%-<36%,665000.0,149.0,1,Asian,Male,25-34,80.0,Loan originated
1,305000.0,47,375000.0,73.0,1,Hispanic or Latino,Male,<25,80.0,Loan originated
1,565000.0,43,705000.0,128.0,1,Asian,Joint,35-44,80.0,Loan originated
1,305000.0,40,345000.0,80.0,1,White,Male,35-44,85.739,Application denied
1,325000.0,30%-<36%,335000.0,94.0,1,White,Joint,35-44,97.0,Loan originated
1,945000.0,37,1395000.0,247.0,1,Asian,Joint,45-54,67.811,Loan originated
1,495000.0,38,625000.0,193.0,1,Black or African American,Female,35-44,80.0,Loan originated
1,1145000.0,48,1265000.0,258.0,1,Asian,Female,35-44,91.19,Loan originated
1,685000.0,47,725000.0,275.0,1,Hispanic or Latino,Female,25-34,95.0,Loan originated
1,375000.0,44,395000.0,106.0,1,Hispanic or Latino,Female,45-54,95.0,Loan originated
1,585000.0,49,775000.0,119.0,1,Asian,Male,25-34,95.005,Loan originated
1,875000.0,44,1095000.0,240.0,1,Asian,Male,25-34,80.0,Loan originated
1,315000.0,30%-<36%,395000.0,99.0,1,Asian,Male,45-54,80.0,Loan originated
1,605000.0,45,875000.0,171.0,1,Asian,Joint,45-54,68.966,Loan originated
1,185000.0,41,545000.0,58.0,1,Hispanic or Latino,Male,55-64,34.259,Loan originated
1,345000.0,41,425000.0,92.0,1,White,Female,25-34,80.0,Loan originated
1,705000.0,49,835000.0,182.0,1,Hispanic or Latino,Male,45-54,85.0,Loan originated
1,695000.0,44,875000.0,228.0,1,Asian,Joint,25-34,80.0,Loan originated
1,345000.0,48,435000.0,106.0,1,Hispanic or Latino,Joint,45-54,80.0,Loan originated
1,425000.0,43,545000.0,124.0,1,Hispanic or Latino,Female,35-44,79.046,Loan originated
1,335000.0,20%-<30%,355000.0,135.0,1,Asian,Male,25-34,95.0,Loan originated
1,1055000.0,49,1405000.0,242.0,1,White,Joint,35-44,75.0,Loan originated
1,1005000.0,>60%,1705000.0,182.0,1,White,Male,55-64,58.82,Application denied
1,485000.0,49,615000.0,89.0,1,White,Female,<25,80.0,Application denied
1,685000.0,43,855000.0,171.0,1,White,Female,35-44,80.0,Loan originated
1,315000.0,47,485000.0,137.0,1,Asian,Female,35-44,65.0,Loan originated
1,675000.0,48,715000.0,140.0,1,Hispanic or Latino,Female,35-44,95.0,Loan originated
1,575000.0,20%-<30%,605000.0,232.0,1,Asian,Joint,25-34,95.0,Loan originated
1,585000.0,47,605000.0,138.0,1,Hispanic or Latino,Joint,35-44,97.0,Loan originated
1,945000.0,40,1055000.0,330.0,1,Hispanic or Latino,Male,35-44,90.0,Loan originated
1,505000.0,48,635000.0,247.0,1,Asian,Female,25-34,80.0,Loan originated
1,505000.0,42,545000.0,118.0,1,Hispanic or Latino,Male,25-34,91.743,Loan originated
1,55000.0,30%-<36%,225000.0,29.0,1,White,Female,65-74,81.996,Loan originated
1,495000.0,20%-<30%,625000.0,281.0,1,White,Male,<25,79.837,Loan originated
1,455000.0,39,565000.0,135.0,1,Asian,Male,35-44,80.0,Loan originated
1,505000.0,44,525000.0,116.0,1,Hispanic or Latino,Joint,35-44,97.0,Loan originated
1,465000.0,20%-<30%,585000.0,293.0,1,Asian,Joint,65-74,80.0,Loan originated
1,485000.0,44,675000.0,123.0,1,Asian,Male,35-44,95.275,Loan originated
1,455000.0,47,755000.0,114.0,1,Hispanic or Latino,Joint,55-64,60.0,Loan originated
1,255000.0,30%-<36%,265000.0,228.0,1,White,Joint,45-54,95.0,Loan originated
1,565000.0,46,705000.0,113.0,1,Hispanic or Latino,Joint,25-34,80.0,Loan originated
1,1145000.0,40,1455000.0,318.0,1,Asian,Joint,35-44,79.275,Loan originated
1,615000.0,49,1165000.0,131.0,1,White,Female,45-54,53.2,Loan originated
1,935000.0,40,1255000.0,347.0,1,White,Male,35-44,75.0,Loan originated
1,555000.0,50%-60%,1435000.0,135.0,1,White,Joint,25-34,38.328,Loan originated
1,495000.0,44,995000.0,141.0,1,White,Female,35-44,49.816,Loan originated
1,765000.0,36,1015000.0,347.0,1,Hispanic or Latino,Joint,45-54,75.89,Loan originated
1,405000.0,46,755000.0,160.0,1,White,Male,45-54,54.53,Loan originated
1,285000.0,49,435000.0,65.0,1,Hispanic or Latino,Female,55-64,88.287,Loan originated
1,975000.0,30%-<36%,1215000.0,464.0,1,Asian,Female,35-44,80.0,Loan originated
1,365000.0,49,435000.0,82.0,1,Hispanic or Latino,Female,55-64,85.0,Loan originated
1,305000.0,49,405000.0,62.0,1,Asian,Male,25-34,95.0,Loan originated
1,385000.0,49,475000.0,93.0,1,Asian,Female,55-64,79.808,Loan originated
1,375000.0,30%-<36%,395000.0,118.0,1,White,Female,35-44,95.0,Loan originated
1,1005000.0,47,1355000.0,223.0,1,Asian,Male,35-44,74.07,Loan originated
1,925000.0,44,975000.0,201.0,1,Asian,Joint,55-64,95.0,Loan originated
1,455000.0,20%-<30%,985000.0,210.0,1,Asian,Joint,25-34,45.918,Loan originated
1,535000.0,30%-<36%,725000.0,152.0,1,Asian,Female,25-34,73.103,Loan originated
1,845000.0,43,1055000.0,180.0,1,Asian,Male,25-34,80.0,Loan originated
1,1145000.0,39,1455000.0,279.0,1,Asian,Male,35-44,79.241,Loan originated
1,585000.0,44,715000.0,127.0,1,White,Male,35-44,82.0,Loan originated
1,745000.0,48,925000.0,159.0,1,Asian,Joint,25-34,80.0,Loan originated
1,655000.0,30%-<36%,875000.0,216.0,1,White,Female,35-44,75.0,Loan originated
1,715000.0,46,735000.0,204.0,1,Hispanic or Latino,Male,25-34,96.99,Application denied
1,735000.0,38,915000.0,202.0,1,White,Male,45-54,80.0,Loan originated
1,425000.0,40,435000.0,113.0,1,Hispanic or Latino,Joint,25-34,97.0,Loan originated
1,365000.0,<20%,455000.0,302.0,1,Asian,Male,25-34,80.0,Loan originated
1,545000.0,49,685000.0,146.0,1,Asian,Male,35-44,80.0,Loan originated
1,415000.0,42,1165000.0,118.0,1,Hispanic or Latino,Female,25-34,35.34,Loan originated
1,385000.0,49,685000.0,87.0,1,Hispanic or Latino,Female,25-34,55.89,Loan originated
1,295000.0,49,435000.0,106.0,1,White,Female,55-64,80.326,Loan originated
1,555000.0,46,935000.0,164.0,1,Asian,Male,55-64,60.0,Loan originated
1,615000.0,38,775000.0,207.0,1,White,Male,65-74,80.0,Loan originated
1,545000.0,20%-<30%,605000.0,247.0,1,Hispanic or Latino,Joint,35-44,90.0,Loan originated
1,915000.0,38,1135000.0,516.0,1,Hispanic or Latino,Male,65-74,80.0,Loan originated
1,245000.0,44,705000.0,166.0,1,Asian,Joint,45-54,35.0,Loan originated
1,555000.0,37,735000.0,146.0,1,Asian,Female,35-44,75.0,Loan originated
1,705000.0,30%-<36%,2155000.0,290.0,1,White,Joint,45-54,32.56,Loan originated
1,485000.0,45,545000.0,134.0,1,White,Male,45-54,90.0,Loan originated
1,625000.0,46,825000.0,136.0,1,White,Joint,25-34,75.816,Loan originated
1,635000.0,46,745000.0,146.0,1,Asian,Male,25-34,85.0,Loan originated
1,405000.0,45,515000.0,90.0,1,Hispanic or Latino,Male,25-34,80.0,Loan originated
1,365000.0,45,455000.0,100.0,1,White,Male,25-34,80.889,Loan originated
1,375000.0,20%-<30%,505000.0,393.0,1,Asian,Joint,<25,75.0,Loan originated
1,495000.0,48,525000.0,167.0,1,Asian,Female,55-64,94.996,Loan originated
1,555000.0,40,655000.0,188.0,1,Asian,Male,35-44,84.92,Loan originated
1,585000.0,44,725000.0,129.0,1,Asian,Joint,35-44,80.0,Loan originated
1,465000.0,41,615000.0,130.0,1,White,Female,25-34,75.0,Loan originated
1,595000.0,49,635000.0,128.0,1,Hispanic or Latino,Joint,65-74,94.77,Loan originated
1,425000.0,42,525000.0,135.0,1,Asian,Joint,45-54,80.0,Loan originated
1,435000.0,>60%,465000.0,114.0,1,Hispanic or Latino,Joint,35-44,95.0,Loan originated
1,405000.0,48,715000.0,98.0,1,Asian,Male,25-34,56.34,Loan originated
1,805000.0,41,1325000.0,283.0,1,Hispanic or Latino,Female,25-34,75.0,Loan originated
1,375000.0,38,445000.0,78.0,1,White,Male,<25,84.091,Loan originated
1,715000.0,48,895000.0,161.0,1,Hispanic or Latino,Female,25-34,80.0,Loan originated
1,1145000.0,43,1695000.0,360.0,1,Asian,Joint,45-54,89.99,Loan originated
1,495000.0,49,625000.0,147.0,1,Asian,Joint,55-64,80.0,Loan originated
1,755000.0,42,815000.0,200.0,1,Asian,Female,35-44,92.276,Loan originated
1,725000.0,48,855000.0,200.0,1,White,Female,35-44,85.0,Loan originated
1,665000.0,47,825000.0,157.0,1,Asian,Female,25-34,80.0,Loan originated
1,575000.0,42,925000.0,144.0,1,Asian,Male,35-44,62.0,Loan originated
1,585000.0,38,615000.0,182.0,1,Asian,Male,35-44,94.96,Loan originated
1,475000.0,38,495000.0,129.0,1,Asian,Joint,25-34,95.0,Loan originated
1,1055000.0,41,1405000.0,263.0,1,Hispanic or Latino,Male,65-74,75.0,Loan originated
1,545000.0,38,575000.0,145.0,1,Hispanic or Latino,Joint,35-44,95.0,Loan originated
1,675000.0,20%-<30%,845000.0,251.0,1,Hispanic or Latino,Male,35-44,80.0,Loan originated
1,435000.0,45,625000.0,193.0,1,Asian,Joint,25-34,70.0,Loan originated
1,395000.0,49,495000.0,151.0,1,White,Joint,25-34,80.0,Loan originated
1,405000.0,30%-<36%,525000.0,138.0,1,Black or African American,Female,35-44,77.59,Loan originated
1,425000.0,<20%,555000.0,290.0,1,Asian,Joint,45-54,80.0,Loan originated
1,565000.0,36,705000.0,253.0,1,White,Joint,55-64,80.0,Loan originated
1,455000.0,46,465000.0,100.0,1,Asian,Male,25-34,97.0,Loan originated
1,225000.0,37,415000.0,96.0,1,Hispanic or Latino,Joint,25-34,55.0,Loan originated
1,515000.0,38,645000.0,156.0,1,Asian,Male,65-74,80.0,Loan originated
1,475000.0,44,795000.0,238.0,1,Asian,Male,25-34,59.99995,Loan originated
1,555000.0,44,615000.0,127.0,1,Hispanic or Latino,Female,25-34,90.0,Loan originated
1,1135000.0,38,2275000.0,481.0,1,Asian,Joint,35-44,50.0,Loan originated
1,755000.0,30%-<36%,895000.0,372.0,1,Black or African American,Male,35-44,89.989,Loan originated
1,165000.0,49,405000.0,40.0,1,White,Female,65-74,41.25,Loan originated
1,475000.0,49,595000.0,121.0,1,Hispanic or Latino,Female,35-44,80.0,Loan originated
1,745000.0,48,825000.0,169.0,1,White,Male,55-64,90.0,Loan originated
1,845000.0,41,1055000.0,218.0,1,Asian,Joint,35-44,80.0,Loan originated
1,325000.0,48,405000.0,68.0,1,Hispanic or Latino,Male,35-44,80.0,Loan originated
1,155000.0,44,215000.0,50.0,1,White,Male,<25,75.0,Loan originated
1,535000.0,49,555000.0,117.0,1,Hispanic or Latino,Male,35-44,95.0,Loan originated
1,255000.0,20%-<30%,285000.0,199.0,1,Hispanic or Latino,Joint,55-64,90.0,Application denied
1,1015000.0,30%-<36%,1455000.0,383.0,1,Asian,Male,35-44,70.0,Loan originated
1,465000.0,39,765000.0,253.0,1,White,Joint,45-54,61.0,Loan originated
1,765000.0,30%-<36%,905000.0,275.0,1,White,Female,25-34,85.0,Loan originated
1,725000.0,45,1025000.0,201.0,1,Asian,Male,35-44,69.99,Loan originated
1,175000.0,38,575000.0,78.0,1,White,Male,25-34,29.825,Loan originated
1,155000.0,45,355000.0,57.0,1,Asian,Joint,65-74,99.16,Application denied
1,645000.0,47,865000.0,179.0,1,Asian,Male,25-34,75.0,Application denied
1,525000.0,49,675000.0,130.0,1,Hispanic or Latino,Joint,45-54,98.0,Loan originated
1,765000.0,44,1755000.0,347.0,1,Black or African American,Female,45-54,43.59,Loan originated
1,745000.0,46,785000.0,193.0,1,White,Joint,45-54,95.0,Loan originated
1,305000.0,49,345000.0,104.0,1,Black or African American,Male,35-44,95.295,Loan originated
1,1005000.0,20%-<30%,1555000.0,405.0,1,White,Male,45-54,64.52,Loan originated
1,675000.0,47,745000.0,144.0,1,White,Female,25-34,90.0,Loan originated
1,505000.0,45,585000.0,102.0,1,Hispanic or Latino,Joint,25-34,87.0,Loan originated
1,625000.0,48,1575000.0,145.0,1,White,Joint,25-34,39.365,Loan originated
1,405000.0,>60%,635000.0,75.0,1,White,Male,<25,63.492,Application denied
1,445000.0,44,465000.0,143.0,1,White,Male,35-44,95.0,Loan originated
1,765000.0,41,1015000.0,200.0,1,White,Male,35-44,75.665,Loan originated
1,925000.0,36,975000.0,351.0,1,White,Male,25-34,95.0,Loan originated
1,805000.0,30%-<36%,1155000.0,286.0,1,White,Joint,25-34,70.0,Loan originated
1,765000.0,46,1025000.0,210.0,1,Hispanic or Latino,Female,45-54,74.732,Loan originated
1,1115000.0,36,1395000.0,324.0,1,Asian,Joint,25-34,80.0,Loan originated
1,415000.0,30%-<36%,465000.0,154.0,1,White,Joint,25-34,90.0,Loan originated
1,715000.0,46,845000.0,149.0,1,Hispanic or Latino,Joint,25-34,85.0,Loan originated
1,475000.0,43,595000.0,106.0,1,Asian,Male,<25,80.0,Loan originated
1,345000.0,37,545000.0,220.0,1,White,Female,35-44,62.96,Loan originated
1,215000.0,30%-<36%,385000.0,66.0,1,Hispanic or Latino,Male,35-44,94.241,Loan originated
1,325000.0,48,645000.0,84.0,1,Hispanic or Latino,Joint,65-74,51.0,Loan originated
1,1135000.0,48,1425000.0,255.0,1,White,Joint,45-54,80.0,Loan originated
1,415000.0,41,425000.0,97.0,1,Hispanic or Latino,Joint,25-34,100.0,Loan originated
1,705000.0,43,805000.0,172.0,1,Asian,Male,25-34,87.578,Loan originated
1,675000.0,43,775000.0,224.0,1,Hispanic or Latino,Joint,45-54,87.14,Loan originated
1,395000.0,47,525000.0,87.0,1,Asian,Joint,45-54,76.0,Loan originated
1,1085000.0,47,1305000.0,379.0,1,Asian,Joint,45-54,83.792,Loan originated
1,415000.0,38,455000.0,147.0,1,White,Male,25-34,92.667,Loan originated
1,625000.0,45,655000.0,173.0,1,Hispanic or Latino,Joint,25-34,95.0,Loan originated
1,685000.0,41,855000.0,404.0,1,White,Joint,55-64,80.0,Loan originated
1,245000.0,47,315000.0,72.0,1,White,Male,35-44,80.0,Loan originated
1,1285000.0,44,1605000.0,265.0,1,Asian,Joint,25-34,80.0,Loan originated
1,515000.0,40,1005000.0,159.0,1,Asian,Joint,45-54,51.0,Loan originated
1,735000.0,45,985000.0,344.0,1,White,Joint,35-44,75.0,Loan originated
1,575000.0,20%-<30%,585000.0,231.0,1,White,Male,45-54,97.0,Loan originated
1,375000.0,30%-<36%,395000.0,111.0,1,Hispanic or Latino,Female,45-54,100.0,Loan originated
1,745000.0,47,995000.0,142.0,1,Hispanic or Latino,Male,35-44,75.0,Loan originated
1,425000.0,37,625000.0,143.0,1,Hispanic or Latino,Joint,35-44,67.986,Loan originated
1,255000.0,20%-<30%,595000.0,117.0,1,White,Joint,55-64,42.373,Loan originated
1,625000.0,30%-<36%,775000.0,239.0,1,Other,Male,25-34,80.0,Loan originated
1,435000.0,43,635000.0,145.0,1,White,Female,35-44,68.661,Loan originated
1,245000.0,44,435000.0,58.0,1,Hispanic or Latino,Female,25-34,57.0,Loan originated
1,275000.0,48,415000.0,70.0,1,White,Female,>74,66.585,Loan originated
1,405000.0,48,505000.0,105.0,1,Black or African American,Female,55-64,80.0,Loan originated
1,515000.0,<20%,805000.0,389.0,1,White,Joint,45-54,64.375,Loan originated
1,705000.0,48,835000.0,168.0,1,White,Joint,35-44,85.0,Loan originated
1,455000.0,49,795000.0,129.0,1,White,Female,45-54,57.0,Loan originated
1,365000.0,20%-<30%,455000.0,134.0,1,Hispanic or Latino,Joint,35-44,80.0,Loan originated
1,455000.0,>60%,465000.0,75.0,1,Hispanic or Latino,Joint,55-64,102.376,Application denied
1,565000.0,20%-<30%,705000.0,325.0,1,White,Joint,25-34,80.0,Loan originated
1,385000.0,43,395000.0,92.0,1,Asian,Male,35-44,97.0,Loan originated
1,505000.0,30%-<36%,2255000.0,321.0,1,Asian,Joint,35-44,22.17,Loan originated
1,825000.0,30%-<36%,915000.0,289.0,1,Asian,Joint,25-34,90.0,Loan originated
1,415000.0,30%-<36%,815000.0,221.0,1,White,Joint,25-34,51.0,Loan originated
1,945000.0,46,1185000.0,183.0,1,Asian,Male,45-54,80.0,Loan originated
1,355000.0,20%-<30%,1005000.0,209.0,1,Hispanic or Latino,Female,35-44,35.323,Loan originated
1,505000.0,44,995000.0,96.0,1,White,Joint,65-74,50.75,Loan originated
1,205000.0,41,785000.0,96.0,1,White,Joint,65-74,26.0,Loan originated
1,775000.0,45,1065000.0,233.0,1,Other,Male,45-54,73.0,Loan originated
1,265000.0,43,405000.0,81.0,1,Hispanic or Latino,Male,65-74,65.347,Loan originated
1,315000.0,30%-<36%,395000.0,92.0,1,White,Joint,35-44,80.0,Loan originated
1,295000.0,47,365000.0,84.0,1,White,Male,25-34,80.0,Loan originated
1,585000.0,46,735000.0,131.0,1,Asian,Female,45-54,80.0,Loan originated
1,595000.0,30%-<36%,1155000.0,210.0,1,White,Joint,35-44,51.304,Loan originated
1,1085000.0,30%-<36%,1355000.0,350.0,1,Asian,Joint,25-34,80.0,Loan originated
1,625000.0,20%-<30%,775000.0,260.0,1,Asian,Female,45-54,80.0,Loan originated
1,215000.0,47,385000.0,49.0,1,White,Male,25-34,55.263,Loan originated
1,205000.0,40,405000.0,55.0,1,White,Male,25-34,50.0,Loan originated
1,665000.0,38,735000.0,170.0,1,Asian,Male,55-64,90.0,Loan originated
1,535000.0,41,665000.0,153.0,1,White,Female,65-74,80.0,Loan originated
1,385000.0,48,485000.0,135.0,1,White,Female,25-34,80.0,Loan originated
1,1095000.0,30%-<36%,1375000.0,312.0,1,Asian,Joint,25-34,80.0,Loan originated
1,505000.0,38,635000.0,160.0,1,Asian,Female,25-34,80.0,Loan originated
1,315000.0,20%-<30%,615000.0,135.0,1,Asian,Female,25-34,51.22,Loan originated
1,685000.0,47,715000.0,171.0,1,Asian,Female,35-44,100.0,Loan originated
1,315000.0,20%-<30%,505000.0,115.0,1,White,Female,35-44,62.178,Loan originated
1,515000.0,20%-<30%,645000.0,266.0,1,Asian,Joint,35-44,80.0,Loan originated
1,1005000.0,39,1405000.0,349.0,1,White,Joint,35-44,71.857,Loan originated
1,415000.0,39,725000.0,126.0,1,White,Male,35-44,57.75,Loan originated
1,655000.0,20%-<30%,815000.0,383.0,1,Hispanic or Latino,Female,45-54,80.0,Loan originated
1,825000.0,41,1025000.0,311.0,1,White,Female,45-54,80.0,Application denied
1,325000.0,30%-<36%,465000.0,177.0,1,Hispanic or Latino,Joint,25-34,69.893,Loan originated
1,175000.0,30%-<36%,225000.0,120.0,1,White,Male,65-74,76.39,Loan originated
1,275000.0,30%-<36%,775000.0,92.0,1,White,Female,55-64,35.65,Loan originated
1,1065000.0,30%-<36%,1815000.0,379.0,1,Asian,Joint,25-34,58.5,Loan originated
1,405000.0,44,555000.0,97.0,1,Black or African American,Female,45-54,72.798,Loan originated
1,145000.0,50%-60%,235000.0,49.0,1,White,Joint,65-74,62.0,Loan originated
1,185000.0,38,435000.0,153.0,1,White,Joint,55-64,43.053,Loan originated
1,1035000.0,30%-<36%,1215000.0,315.0,1,Asian,Joint,25-34,85.0,Loan originated
1,515000.0,30%-<36%,645000.0,340.0,1,White,Male,45-54,80.0,Loan originated
1,385000.0,30%-<36%,885000.0,156.0,1,White,Joint,35-44,43.182,Loan originated
1,405000.0,20%-<30%,425000.0,190.0,1,Black or African American,Male,35-44,100.0,Application denied
1,555000.0,30%-<36%,935000.0,173.0,1,Hispanic or Latino,Male,35-44,60.0,Loan originated
1,675000.0,41,715000.0,255.0,1,White,Joint,35-44,95.0,Loan originated
1,425000.0,37,535000.0,149.0,1,White,Female,55-64,80.0,Loan originated
1,755000.0,47,2255000.0,216.0,1,Asian,Joint,45-54,33.33,Loan originated
1,705000.0,45,885000.0,150.0,1,White,Male,25-34,80.0,Loan originated
1,705000.0,30%-<36%,1535000.0,228.0,1,White,Female,55-64,45.98,Loan originated
1,745000.0,45,845000.0,165.0,1,White,Male,35-44,88.166,Loan originated
1,475000.0,39,505000.0,132.0,1,Hispanic or Latino,Male,25-34,97.0,Loan originated
1,565000.0,40,705000.0,170.0,1,Hispanic or Latino,Joint,35-44,80.0,Loan originated
1,375000.0,43,675000.0,159.0,1,Asian,Joint,35-44,55.57,Loan originated
1,345000.0,49,435000.0,83.0,1,White,Male,45-54,80.0,Loan originated
1,355000.0,48,575000.0,78.0,1,Hispanic or Latino,Male,25-34,61.4,Loan originated
1,715000.0,30%-<36%,925000.0,238.0,1,White,Joint,35-44,77.283,Loan originated
1,655000.0,49,825000.0,135.0,1,Asian,Female,55-64,80.0,Loan originated
1,405000.0,43,605000.0,107.0,1,White,Male,25-34,68.0,Loan originated
1,745000.0,20%-<30%,935000.0,254.0,1,White,Joint,35-44,80.0,Loan originated
1,615000.0,50%-60%,645000.0,120.0,1,Asian,Male,35-44,96.094,Application denied
1,725000.0,20%-<30%,905000.0,270.0,1,White,Joint,55-64,80.0,Loan originated
1,345000.0,20%-<30%,395000.0,136.0,1,Black or African American,Female,55-64,88.228,Loan originated
1,745000.0,30%-<36%,925000.0,214.0,1,Black or African American,Male,35-44,80.0,Application denied
1,385000.0,20%-<30%,425000.0,189.0,1,White,Joint,35-44,90.0,Loan originated
1,605000.0,30%-<36%,855000.0,196.0,1,White,Joint,35-44,70.588,Loan originated
1,315000.0,41,305000.0,101.0,1,Black or African American,Female,55-64,101.75,Loan originated
1,315000.0,<20%,525000.0,204.0,1,White,Joint,25-34,60.0,Loan originated
1,1005000.0,48,1265000.0,211.0,1,White,Male,55-64,79.365,Loan originated
1,295000.0,30%-<36%,895000.0,123.0,1,Asian,Female,25-34,32.781,Loan originated
1,675000.0,39,745000.0,191.0,1,White,Male,55-64,90.0,Loan originated
1,185000.0,36,495000.0,68.0,1,White,Female,25-34,37.0,Loan originated
1,245000.0,30%-<36%,545000.0,223.0,1,White,Female,65-74,45.445,Loan originated
1,365000.0,46,385000.0,86.0,1,Hispanic or Latino,Male,<25,95.0,Loan originated
1,1005000.0,42,1255000.0,345.0,1,White,Joint,55-64,80.0,Loan originated
1,455000.0,42,535000.0,113.0,1,Black or African American,Male,<25,85.0,Loan originated
1,635000.0,30%-<36%,795000.0,200.0,1,Black or African American,Female,45-54,80.0,Loan originated
1,735000.0,39,915000.0,221.0,1,Hispanic or Latino,Male,45-54,80.0,Loan originated
1,1005000.0,37,1605000.0,328.0,1,Asian,Joint,45-54,62.5,Application denied
1,435000.0,42,545000.0,99.0,1,Hispanic or Latino,Male,35-44,80.0,Loan originated
1,615000.0,49,645000.0,214.0,1,Hispanic or Latino,Male,25-34,95.0,Loan originated
1,985000.0,42,1045000.0,351.0,1,White,Joint,35-44,95.0,Loan originated
1,645000.0,30%-<36%,1255000.0,251.0,1,White,Female,55-64,51.6,Loan originated
1,1145000.0,20%-<30%,1535000.0,428.0,1,Hispanic or Latino,Joint,25-34,74.805,Loan originated
1,575000.0,42,605000.0,252.0,1,Hispanic or Latino,Male,45-54,95.0,Loan originated
1,755000.0,49,805000.0,149.0,1,White,Joint,45-54,93.23,Loan originated
1,745000.0,48,1085000.0,154.0,1,White,Female,35-44,68.519,Loan originated
1,455000.0,46,1955000.0,159.0,1,White,Joint,65-74,23.077,Loan originated
1,255000.0,48,335000.0,66.0,1,White,Joint,25-34,76.0,Loan originated
1,765000.0,48,1185000.0,160.0,1,Asian,Male,25-34,64.962,Loan originated
1,655000.0,36,695000.0,356.0,1,White,Male,35-44,94.277,Loan originated
1,455000.0,30%-<36%,975000.0,215.0,1,Asian,Joint,35-44,96.48,Loan originated
1,405000.0,43,475000.0,119.0,1,Asian,Male,25-34,85.106,Loan originated
1,905000.0,20%-<30%,1205000.0,678.0,1,White,Joint,25-34,74.689,Loan originated
1,395000.0,42,545000.0,107.0,1,White,Joint,55-64,72.33,Loan originated
1,375000.0,20%-<30%,575000.0,221.0,1,Hispanic or Latino,Joint,35-44,65.458,Loan originated
1,355000.0,30%-<36%,395000.0,213.0,1,Hispanic or Latino,Joint,35-44,90.0,Application denied
1,1115000.0,30%-<36%,1405000.0,302.0,1,Asian,Female,25-34,80.0,Loan originated
1,1015000.0,47,1195000.0,206.0,1,Hispanic or Latino,Male,35-44,85.0,Loan originated
1,385000.0,48,505000.0,167.0,1,White,Male,65-74,75.0,Loan originated
1,615000.0,44,725000.0,167.0,1,White,Male,45-54,85.0,Loan originated
1,485000.0,37,805000.0,161.0,1,Asian,Joint,35-44,60.0,Loan originated
1,645000.0,30%-<36%,805000.0,179.0,1,Hispanic or Latino,Female,35-44,80.0,Loan originated
1,375000.0,49,415000.0,154.0,1,Hispanic or Latino,Joint,25-34,90.0,Loan originated
1,565000.0,42,1805000.0,115.0,1,White,Male,55-64,31.17,Loan originated
1,885000.0,30%-<36%,935000.0,326.0,1,Asian,Joint,45-54,95.0,Loan originated
1,625000.0,37,895000.0,172.0,1,White,Joint,25-34,70.0,Loan originated
1,645000.0,37,755000.0,194.0,1,White,Joint,25-34,86.0,Loan originated
1,715000.0,41,765000.0,183.0,1,Asian,Joint,55-64,97.0,Loan originated
1,715000.0,43,755000.0,246.0,1,White,Male,35-44,95.0,Loan originated
1,535000.0,30%-<36%,825000.0,139.0,1,Asian,Female,25-34,65.488,Loan originated
1,625000.0,49,695000.0,129.0,1,Hispanic or Latino,Joint,35-44,90.0,Loan originated
1,435000.0,45,455000.0,92.0,1,Asian,Female,25-34,100.0,Loan originated
1,415000.0,47,435000.0,119.0,1,White,Male,25-34,95.0,Loan originated
1,925000.0,49,1155000.0,191.0,1,Hispanic or Latino,Female,25-34,80.0,Loan originated
1,625000.0,44,665000.0,176.0,1,White,Joint,45-54,95.0,Loan originated
1,475000.0,47,535000.0,128.0,1,White,Male,25-34,90.0,Loan originated
1,645000.0,46,845000.0,174.0,1,Asian,Male,35-44,95.0,Loan originated
1,965000.0,42,1205000.0,227.0,1,Asian,Joint,25-34,80.0,Loan originated
1,695000.0,49,775000.0,168.0,1,White,Male,25-34,89.806,Loan originated
1,615000.0,49,655000.0,110.0,1,Asian,Male,25-34,94.955,Loan originated
1,395000.0,42,555000.0,96.0,1,Hispanic or Latino,Male,45-54,100.901,Loan originated
1,1135000.0,41,2255000.0,303.0,1,Asian,Joint,35-44,50.097,Loan originated
1,445000.0,46,495000.0,193.0,1,White,Joint,25-34,90.0,Loan originated
1,755000.0,46,1015000.0,176.0,1,Asian,Female,25-34,74.26,Loan originated
1,1055000.0,47,1755000.0,229.0,1,White,Male,25-34,60.0,Loan originated
1,545000.0,43,605000.0,121.0,1,Hispanic or Latino,Female,25-34,90.0,Loan originated
1,995000.0,40,1895000.0,258.0,1,White,Male,45-54,52.51,Loan originated
1,335000.0,40,375000.0,117.0,1,White,Joint,25-34,90.0,Loan originated
1,215000.0,47,315000.0,55.0,1,White,Female,65-74,68.254,Loan originated
1,365000.0,43,455000.0,98.0,1,White,Male,45-54,80.0,Loan originated
1,535000.0,48,715000.0,160.0,1,White,Female,35-44,75.0,Loan originated
1,445000.0,48,925000.0,122.0,1,White,Male,35-44,48.108,Loan originated
1,625000.0,48,785000.0,175.0,1,Asian,Male,25-34,80.0,Loan originated
1,345000.0,46,425000.0,132.0,1,Hispanic or Latino,Male,25-34,80.0,Application denied
1,525000.0,42,655000.0,128.0,1,Hispanic or Latino,Male,35-44,80.0,Loan originated
1,425000.0,45,625000.0,105.0,1,White,Male,25-34,68.0,Loan originated
1,955000.0,46,1025000.0,218.0,1,White,Joint,25-34,93.137,Loan originated
1,655000.0,48,895000.0,133.0,1,Hispanic or Latino,Male,25-34,72.232,Loan originated
1,15000.0,38,505000.0,117.0,1,Hispanic or Latino,Female,35-44,100.0,Loan originated
1,655000.0,20%-<30%,725000.0,497.0,1,Hispanic or Latino,Male,65-74,90.0,Loan originated
1,155000.0,44,155000.0,71.0,1,White,Female,35-44,101.75,Loan originated
1,295000.0,30%-<36%,495000.0,107.0,1,White,Joint,55-64,60.0,Loan originated
1,745000.0,20%-<30%,925000.0,269.0,1,White,Joint,25-34,80.0,Loan originated
1,615000.0,49,865000.0,133.0,1,White,Male,35-44,71.512,Loan originated
1,965000.0,42,1205000.0,189.0,1,Asian,Joint,25-34,80.0,Loan originated
1,735000.0,36,1055000.0,225.0,1,Asian,Joint,45-54,70.0,Loan originated
1,455000.0,40,575000.0,215.0,1,Asian,Male,35-44,80.0,Application denied
1,675000.0,44,1475000.0,283.0,1,Asian,Joint,35-44,45.87,Loan originated
1,745000.0,30%-<36%,925000.0,269.0,1,Asian,Joint,25-34,80.0,Loan originated
1,605000.0,41,755000.0,228.0,1,Asian,Male,55-64,80.0,Loan originated
1,625000.0,37,955000.0,186.0,1,Hispanic or Latino,Joint,45-54,64.93,Loan originated
1,575000.0,47,655000.0,137.0,1,Hispanic or Latino,Joint,35-44,87.693,Loan originated
1,635000.0,44,985000.0,202.0,1,Hispanic or Latino,Female,35-44,64.47,Loan originated
1,875000.0,41,1875000.0,362.0,1,Asian,Joint,45-54,47.0,Loan originated
1,265000.0,<20%,335000.0,449.0,1,White,Female,35-44,80.0,Loan originated
1,1005000.0,36,1265000.0,273.0,1,Asian,Joint,25-34,79.365,Loan originated
1,765000.0,37,955000.0,203.0,1,Hispanic or Latino,Joint,45-54,80.0,Loan originated
1,905000.0,47,1005000.0,216.0,1,White,Joint,45-54,90.0,Loan originated
1,435000.0,20%-<30%,545000.0,145.0,1,White,Male,35-44,80.0,Loan originated
1,615000.0,47,805000.0,126.0,1,Asian,Male,25-34,95.0,Loan originated
1,425000.0,20%-<30%,535000.0,182.0,1,Asian,Female,35-44,80.0,Loan originated
1,685000.0,47,1745000.0,186.0,1,White,Male,35-44,40.0,Loan originated
1,415000.0,45,615000.0,104.0,1,White,Joint,65-74,67.48,Loan originated
1,565000.0,48,575000.0,154.0,1,Hispanic or Latino,Joint,25-34,97.0,Loan originated
1,395000.0,30%-<36%,565000.0,184.0,1,Asian,Female,35-44,70.0,Loan originated
1,475000.0,20%-<30%,725000.0,244.0,1,Asian,Male,55-64,65.517,Loan originated
1,365000.0,44,565000.0,87.0,1,Asian,Male,45-54,63.39,Loan originated
1,605000.0,42,755000.0,160.0,1,Asian,Male,25-34,80.0,Loan originated
1,275000.0,49,455000.0,92.0,1,White,Female,25-34,61.111,Loan originated
1,895000.0,38,1115000.0,264.0,1,Asian,Joint,35-44,80.0,Loan originated
1,505000.0,47,535000.0,99.0,1,Hispanic or Latino,Female,35-44,94.0,Loan originated
1,655000.0,30%-<36%,825000.0,316.0,1,White,Joint,35-44,80.0,Loan originated
1,295000.0,41,395000.0,102.0,1,White,Female,55-64,74.994,Loan originated
1,765000.0,30%-<36%,855000.0,291.0,1,White,Male,25-34,89.388,Loan originated
1,325000.0,42,575000.0,94.0,1,White,Female,65-74,56.522,Loan originated
1,395000.0,47,495000.0,88.0,1,White,Male,35-44,80.0,Loan originated
1,605000.0,20%-<30%,715000.0,357.0,1,White,Joint,65-74,85.0,Loan originated
1,485000.0,48,515000.0,147.0,1,Asian,Female,25-34,95.0,Loan originated
1,285000.0,20%-<30%,485000.0,150.0,1,White,Female,55-64,58.592,Loan originated
1,1065000.0,30%-<36%,1415000.0,312.0,1,White,Female,25-34,75.0,Loan originated
1,285000.0,43,335000.0,80.0,1,Black or African American,Male,55-64,105.0,Loan originated
1,745000.0,49,785000.0,159.0,1,White,Male,35-44,95.0,Loan originated
1,305000.0,20%-<30%,795000.0,167.0,1,White,Female,65-74,37.97,Loan originated
1,845000.0,42,1055000.0,235.0,1,White,Male,25-34,80.0,Loan originated
1,335000.0,42,415000.0,115.0,1,Hispanic or Latino,Female,<25,80.0,Application denied
1,535000.0,49,665000.0,108.0,1,Asian,Female,25-34,80.0,Loan originated
1,845000.0,48,885000.0,209.0,1,Hispanic or Latino,Joint,35-44,94.972,Loan originated
1,625000.0,48,825000.0,123.0,1,Hispanic or Latino,Male,35-44,76.5,Loan originated
1,495000.0,30%-<36%,615000.0,259.0,1,White,Joint,35-44,80.0,Loan originated
1,365000.0,30%-<36%,405000.0,135.0,1,White,Male,35-44,94.0,Loan originated
1,405000.0,50%-60%,515000.0,81.0,1,White,Male,25-34,80.0,Loan originated
1,605000.0,48,755000.0,158.0,1,White,Joint,35-44,100.0,Loan originated
1,295000.0,47,305000.0,66.0,1,White,Female,25-34,97.0,Loan originated
1,405000.0,30%-<36%,905000.0,256.0,1,White,Joint,25-34,44.444,Loan originated
1,545000.0,37,675000.0,165.0,1,Asian,Male,35-44,80.0,Loan originated
1,375000.0,50%-60%,385000.0,81.0,1,Hispanic or Latino,Female,35-44,97.0,Application denied
1,515000.0,46,865000.0,163.0,1,White,Joint,45-54,59.954,Loan originated
1,155000.0,46,195000.0,57.0,1,White,Female,25-34,80.0,Loan originated
1,255000.0,30%-<36%,455000.0,82.0,1,White,Male,25-34,55.556,Loan originated
1,285000.0,<20%,425000.0,157.0,1,White,Joint,25-34,67.441,Loan originated
1,505000.0,43,855000.0,185.0,1,White,Joint,35-44,58.824,Loan originated
1,575000.0,45,905000.0,154.0,1,Asian,Male,25-34,63.34,Loan originated
1,955000.0,45,1195000.0,251.0,1,White,Male,25-34,80.0,Loan originated
1,1095000.0,39,1465000.0,276.0,1,White,Joint,25-34,75.0,Loan originated
1,345000.0,20%-<30%,755000.0,502.0,1,White,Joint,<25,46.0,Loan originated
1,745000.0,20%-<30%,1245000.0,350.0,1,Asian,Male,25-34,60.0,Loan originated
1,405000.0,30%-<36%,885000.0,154.0,1,White,Male,25-34,46.01,Loan originated
1,645000.0,<20%,925000.0,440.0,1,Asian,Joint,35-44,70.0,Loan originated
1,455000.0,40,565000.0,161.0,1,White,Joint,45-54,80.0,Loan originated
1,555000.0,<20%,685000.0,300.0,1,White,Joint,25-34,80.0,Loan originated
1,335000.0,20%-<30%,905000.0,189.0,1,White,Male,55-64,36.667,Loan originated
1,885000.0,48,1335000.0,232.0,1,White,Joint,35-44,66.29,Loan originated
1,725000.0,46,805000.0,179.0,1,Black or African American,Female,45-54,90.0,Loan originated
1,1055000.0,41,1625000.0,281.0,1,White,Joint,25-34,64.923,Loan originated
1,725000.0,39,815000.0,202.0,1,White,Joint,35-44,90.0,Loan originated
1,15000.0,30%-<36%,545000.0,151.0,1,Hispanic or Latino,Male,25-34,100.0,Loan originated
1,505000.0,49,785000.0,126.0,1,White,Joint,65-74,63.613,Loan originated
1,715000.0,49,895000.0,142.0,1,White,Male,35-44,80.0,Loan originated
1,735000.0,47,955000.0,12.0,1,Asian,Joint,35-44,80.0,Loan originated
1,95000.0,30%-<36%,225000.0,37.0,1,White,Male,65-74,44.0,Loan originated
1,405000.0,20%-<30%,585000.0,189.0,1,Hispanic or Latino,Joint,25-34,70.0,Loan originated
1,905000.0,39,955000.0,242.0,1,White,Female,35-44,95.0,Loan originated
1,565000.0,30%-<36%,625000.0,173.0,1,White,Male,35-44,90.0,Loan originated
1,595000.0,38,615000.0,194.0,1,White,Female,35-44,97.0,Loan originated
1,865000.0,20%-<30%,1765000.0,599.0,1,Asian,Female,35-44,48.704,Loan originated
1,1005000.0,30%-<36%,1345000.0,408.0,1,White,Male,45-54,74.944,Loan originated
1,525000.0,48,615000.0,130.0,1,Hispanic or Latino,Female,25-34,85.0,Loan originated
1,605000.0,30%-<36%,1015000.0,276.0,1,Asian,Male,45-54,59.76,Loan originated
1,505000.0,45,535000.0,133.0,1,Asian,Joint,35-44,95.0,Loan originated
1,1005000.0,30%-<36%,1255000.0,354.0,1,Asian,Joint,25-34,80.0,Loan originated
1,415000.0,43,485000.0,132.0,1,Hispanic or Latino,Joint,35-44,85.0,Loan originated
1,505000.0,49,1155000.0,133.0,1,White,Female,45-54,43.48,Loan originated
1,485000.0,48,615000.0,120.0,1,Asian,Male,35-44,100.0,Loan originated
1,215000.0,30%-<36%,415000.0,204.0,1,White,Joint,65-74,51.807,Loan originated
1,855000.0,49,1195000.0,228.0,1,Asian,Female,25-34,71.904,Loan originated
1,115000.0,<20%,155000.0,82.0,1,White,Female,65-74,70.11,Application denied
1,445000.0,40,555000.0,135.0,1,Asian,Joint,45-54,80.0,Loan originated
1,405000.0,46,475000.0,103.0,1,Hispanic or Latino,Joint,35-44,102.75,Loan originated
1,475000.0,38,705000.0,140.0,1,White,Joint,35-44,84.0,Loan originated
1,495000.0,38,675000.0,126.0,1,White,Female,45-54,73.185,Loan originated
1,885000.0,38,1175000.0,357.0,1,Asian,Joint,45-54,75.0,Loan originated
1,315000.0,49,1085000.0,114.0,1,Asian,Joint,45-54,30.0,Loan originated
1,675000.0,48,845000.0,161.0,1,Asian,Joint,45-54,80.0,Loan originated
1,605000.0,48,625000.0,140.0,1,White,Female,25-34,97.0,Loan originated
1,715000.0,39,795000.0,233.0,1,White,Joint,35-44,90.0,Loan originated
1,565000.0,48,585000.0,114.0,1,Hispanic or Latino,Joint,45-54,97.0,Loan originated
1,415000.0,48,525000.0,290.0,1,White,Male,35-44,80.0,Loan originated
1,145000.0,49,215000.0,113.0,1,Hispanic or Latino,Joint,55-64,64.92,Application denied
1,505000.0,44,995000.0,165.0,1,Asian,Female,25-34,50.9,Loan originated
