loan_purpose,loan_amount,debt_to_income_ratio,property_value,income,occupancy_type,derived_race,derived_sex,applicant_age,loan_to_value_ratio,action_taken
1,565000.0,39,615000.0,156.0,1,Asian,Female,25-34,91.803,Loan originated
1,575000.0,44,685000.0,144.0,1,White,Female,35-44,85.0,Loan originated
1,465000.0,48,485000.0,134.0,1,Hispanic or Latino,Female,45-54,95.0,Loan originated
1,825000.0,41,1655000.0,211.0,1,Asian,Female,25-34,50.0,Loan originated
1,445000.0,49,695000.0,194.0,1,Asian,Female,45-54,63.821,Loan originated
1,865000.0,49,915000.0,201.0,1,Asian,Female,25-34,94.945,Loan originated
1,425000.0,46,435000.0,103.0,1,Hispanic or Latino,Female,35-44,100.0,Loan originated
1,565000.0,44,755000.0,146.0,1,Hispanic or Latino,Joint,45-54,75.867,Loan originated
1,735000.0,20%-<30%,815000.0,314.0,1,Asian,Joint,25-34,90.0,Loan originated
1,675000.0,30%-<36%,845000.0,183.0,1,Asian,Joint,35-44,80.0,Application denied
1,465000.0,49,585000.0,110.0,1,Hispanic or Latino,Joint,65-74,79.4,Loan originated
1,275000.0,30%-<36%,345000.0,100.0,1,White,Female,55-64,80.0,Loan originated
1,1145000.0,43,1605000.0,239.0,1,White,Male,55-64,72.0,Loan originated
1,505000.0,38,835000.0,148.0,1,Asian,Female,35-44,60.843,Loan originated
1,1065000.0,48,1125000.0,275.0,1,White,Male,55-64,95.0,Loan originated
1,405000.0,44,725000.0,136.0,1,Asian,Male,25-34,54.946,Loan originated
1,205000.0,20%-<30%,455000.0,126.0,1,Asian,Female,25-34,44.444,Loan originated
1,505000.0,38,765000.0,1199.0,1,White,Joint,25-34,65.789,Application denied
1,305000.0,41,385000.0,102.0,1,Hispanic or Latino,Joint,35-44,80.0,Loan originated
1,175000.0,30%-<36%,305000.0,113.0,1,Hispanic or Latino,Male,25-34,59.33,Loan originated
1,675000.0,49,835000.0,202.0,1,Asian,Joint,45-54,80.0,Loan originated
1,265000.0,30%-<36%,965000.0,135.0,1,White,Male,65-74,27.083,Loan originated
1,445000.0,44,555000.0,107.0,1,Hispanic or Latino,Joint,35-44,80.0,Loan originated
1,595000.0,48,745000.0,121.0,1,Asian,Joint,35-44,100.0,Loan originated
1,305000.0,44,375000.0,106.0,1,White,Joint,25-34,80.0,Loan originated
1,545000.0,48,745000.0,108.0,1,Asian,Male,35-44,73.298,Loan originated
1,1005000.0,43,1255000.0,347.0,1,White,Joint,55-64,80.0,Application denied
1,255000.0,42,1155000.0,88.0,1,White,Female,55-64,22.0,Loan originated
1,605000.0,45,645000.0,179.0,1,White,Male,35-44,95.0,Loan originated
1,475000.0,48,495000.0,133.0,1,Hispanic or Latino,Joint,35-44,95.0,Loan originated
1,425000.0,42,925000.0,150.0,1,White,Joint,55-64,45.946,Loan originated
1,385000.0,49,475000.0,105.0,1,Hispanic or Latino,Male,45-54,80.0,Loan originated
1,625000.0,48,1575000.0,145.0,1,White,Joint,25-34,39.365,Loan originated
1,505000.0,20%-<30%,625000.0,194.0,1,White,Male,25-34,80.0,Loan originated
1,205000.0,45,705000.0,78.0,1,White,Female,55-64,28.673,Loan originated
1,885000.0,42,1105000.0,299.0,1,Asian,Male,45-54,80.0,Loan originated
1,925000.0,47,1235000.0,313.0,1,Hispanic or Latino,Joint,35-44,75.0,Loan originated
1,245000.0,43,555000.0,63.0,1,Asian,Male,45-54,43.6,Loan originated
1,955000.0,46,1275000.0,276.0,1,Asian,Male,25-34,75.0,Loan originated
1,555000.0,20%-<30%,1655000.0,1068.0,1,White,Male,55-64,33.333,Loan originated
1,285000.0,30%-<36%,425000.0,99.0,1,Hispanic or Latino,Male,45-54,67.059,Loan originated
1,545000.0,30%-<36%,725000.0,277.0,1,Hispanic or Latino,Female,55-64,75.0,Loan originated
1,515000.0,49,575000.0,127.0,1,Black or African American,Male,35-44,90.0,Loan originated
1,445000.0,45,595000.0,191.0,1,White,Female,45-54,74.718,Loan originated
1,365000.0,30%-<36%,1065000.0,200.0,1,White,Male,35-44,33.962,Loan originated
1,425000.0,20%-<30%,525000.0,133.0,1,White,Female,45-54,80.0,Loan originated
1,765000.0,37,1525000.0,244.0,1,White,Joint,65-74,50.0,Loan originated
1,585000.0,44,615000.0,136.0,1,Hispanic or Latino,Male,55-64,94.3,Loan originated
1,765000.0,49,1035000.0,188.0,1,White,Male,35-44,74.206,Loan originated
1,735000.0,46,1435000.0,177.0,1,White,Joint,25-34,51.049,Loan originated
1,445000.0,44,565000.0,118.0,1,Black or African American,Male,35-44,80.0,Loan originated
1,475000.0,48,595000.0,219.0,1,White,Joint,65-74,80.0,Loan originated
1,895000.0,36,1195000.0,263.0,1,White,Male,35-44,75.0,Loan originated
1,635000.0,44,785000.0,166.0,1,Asian,Joint,55-64,80.0,Loan originated
1,375000.0,36,415000.0,102.0,1,Asian,Male,<25,90.0,Loan originated
1,1275000.0,41,1625000.0,325.0,1,White,Joint,25-34,78.462,Loan originated
1,675000.0,40,865000.0,160.0,1,Asian,Joint,35-44,79.65,Loan originated
1,955000.0,44,1125000.0,218.0,1,Asian,Joint,25-34,85.0,Loan originated
1,415000.0,49,435000.0,88.0,1,White,Female,25-34,95.0,Loan originated
1,525000.0,45,555000.0,111.0,1,Hispanic or Latino,Female,25-34,95.0,Loan originated
1,725000.0,39,905000.0,282.0,1,Asian,Male,25-34,80.0,Loan originated
1,235000.0,43,255000.0,66.0,1,Hispanic or Latino,Male,25-34,90.0,Loan originated
1,305000.0,30%-<36%,365000.0,117.0,1,Hispanic or Latino,Female,55-64,85.0,Loan originated
1,365000.0,37,495000.0,137.0,1,White,Joint,25-34,73.687,Loan originated
1,415000.0,49,555000.0,81.0,1,Asian,Female,25-34,75.0,Loan originated
1,495000.0,42,555000.0,208.0,1,Hispanic or Latino,Joint,45-54,90.0,Loan originated
1,645000.0,49,675000.0,150.0,1,Hispanic or Latino,Male,45-54,95.0,Loan originated
1,595000.0,30%-<36%,665000.0,192.0,1,Asian,Male,35-44,90.0,Loan originated
1,1015000.0,44,1265000.0,225.0,1,White,Male,45-54,80.0,Loan originated
1,925000.0,48,1315000.0,367.0,1,White,Joint,35-44,70.0,Loan originated
1,445000.0,45,695000.0,230.0,1,White,Male,45-54,64.029,Loan originated
1,1005000.0,41,1345000.0,831.0,1,Asian,Female,35-44,75.0,Loan originated
1,405000.0,47,455000.0,104.0,1,Hispanic or Latino,Female,25-34,89.989,Loan originated
1,445000.0,20%-<30%,945000.0,254.0,1,White,Joint,45-54,47.313,Application denied
1,525000.0,49,555000.0,184.0,1,Hispanic or Latino,Joint,25-34,95.0,Loan originated
1,505000.0,45,625000.0,149.0,1,White,Female,45-54,80.0,Loan originated
1,285000.0,47,365000.0,65.0,1,White,Male,55-64,80.0,Loan originated
1,315000.0,30%-<36%,425000.0,141.0,1,White,Female,55-64,85.0,Loan originated
1,955000.0,37,1195000.0,334.0,1,Black or African American,Female,45-54,90.0,Loan originated
1,575000.0,42,715000.0,208.0,1,Asian,Male,45-54,79.99,Loan originated
1,975000.0,47,1295000.0,211.0,1,White,Female,45-54,75.0,Loan originated
1,765000.0,41,1195000.0,219.0,1,Asian,Female,25-34,80.0,Loan originated
1,435000.0,43,445000.0,106.0,1,Hispanic or Latino,Male,<25,97.0,Loan originated
1,765000.0,20%-<30%,2725000.0,730.0,1,White,Female,45-54,28.147,Loan originated
1,315000.0,20%-<30%,965000.0,233.0,1,White,Joint,45-54,32.64,Loan originated
1,165000.0,30%-<36%,175000.0,110.0,1,Hispanic or Latino,Female,25-34,95.0,Loan originated
1,545000.0,48,745000.0,116.0,1,Asian,Female,25-34,73.333,Loan originated
1,515000.0,41,575000.0,155.0,1,Hispanic or Latino,Male,35-44,90.0,Loan originated
1,315000.0,46,325000.0,77.0,1,Hispanic or Latino,Female,25-34,97.0,Loan originated
1,325000.0,20%-<30%,655000.0,250.0,1,White,Joint,65-74,50.0,Loan originated
1,705000.0,47,885000.0,290.0,1,White,Joint,55-64,80.0,Loan originated
1,475000.0,44,595000.0,132.0,1,White,Joint,55-64,80.0,Loan originated
1,515000.0,43,555000.0,133.0,1,Hispanic or Latino,Male,25-34,94.182,Loan originated
1,855000.0,30%-<36%,1675000.0,325.0,1,White,Female,45-54,50.746,Loan originated
1,645000.0,39,725000.0,262.0,1,Asian,Joint,35-44,89.986,Loan originated
1,455000.0,30%-<36%,515000.0,160.0,1,Asian,Male,45-54,89.0,Loan originated
1,735000.0,45,865000.0,184.0,1,White,Female,35-44,85.0,Loan originated
1,1145000.0,39,1275000.0,321.0,1,White,Joint,25-34,89.992,Loan originated
1,385000.0,46,545000.0,82.0,1,Asian,Male,35-44,70.0,Loan originated
1,725000.0,48,1225000.0,219.0,1,White,Joint,45-54,60.0,Loan originated
1,755000.0,44,1005000.0,174.0,1,White,Joint,35-44,75.0,Loan originated
1,1055000.0,20%-<30%,1315000.0,423.0,1,White,Joint,35-44,80.0,Loan originated
1,505000.0,20%-<30%,835000.0,233.0,1,White,Joint,35-44,61.0,Loan originated
1,825000.0,30%-<36%,925000.0,341.0,1,Black or African American,Male,35-44,90.0,Loan originated
1,1005000.0,40,1335000.0,264.0,1,White,Joint,35-44,75.0,Loan originated
1,545000.0,20%-<30%,695000.0,233.0,1,Asian,Joint,25-34,77.258,Loan originated
1,255000.0,47,625000.0,72.0,1,Hispanic or Latino,Female,65-74,41.0,Loan originated
1,405000.0,<20%,1105000.0,334.0,1,White,Joint,35-44,36.364,Loan originated
1,405000.0,43,415000.0,102.0,1,Hispanic or Latino,Male,35-44,97.0,Loan originated
1,395000.0,43,435000.0,74.0,1,Hispanic or Latino,Male,35-44,90.0,Loan originated
1,525000.0,42,655000.0,132.0,1,White,Female,65-74,80.0,Loan originated
1,535000.0,49,1055000.0,278.0,1,Asian,Joint,65-74,50.72,Loan originated
1,295000.0,44,305000.0,97.0,1,White,Male,<25,97.0,Loan originated
1,325000.0,37,345000.0,84.0,1,Hispanic or Latino,Male,45-54,100.0,Loan originated
1,705000.0,20%-<30%,875000.0,272.0,1,White,Joint,25-34,80.0,Loan originated
1,555000.0,30%-<36%,855000.0,218.0,1,White,Joint,35-44,64.966,Loan originated
1,595000.0,30%-<36%,855000.0,269.0,1,White,Male,55-64,70.0,Loan originated
1,355000.0,44,375000.0,79.0,1,Asian,Joint,55-64,94.793,Loan originated
1,105000.0,50%-60%,705000.0,92.0,1,Hispanic or Latino,Female,45-54,14.29,Application denied
1,765000.0,43,965000.0,260.0,1,Asian,Male,35-44,79.849,Loan originated
1,945000.0,43,1175000.0,214.0,1,Asian,Male,25-34,80.0,Loan originated
1,445000.0,20%-<30%,465000.0,202.0,1,White,Male,25-34,95.0,Loan originated
1,335000.0,40,355000.0,99.0,1,Hispanic or Latino,Joint,35-44,95.0,Loan originated
1,485000.0,>60%,605000.0,228.0,1,White,Joint,65-74,80.0,Application denied
1,1105000.0,30%-<36%,1385000.0,302.0,1,Asian,Joint,25-34,80.0,Loan originated
1,125000.0,40,455000.0,45.0,1,White,Female,55-64,27.778,Loan originated
1,315000.0,20%-<30%,345000.0,153.0,1,Hispanic or Latino,Joint,25-34,91.176,Loan originated
1,295000.0,45,305000.0,78.0,1,Hispanic or Latino,Female,45-54,94.498,Loan originated
1,485000.0,44,515000.0,134.0,1,White,Male,25-34,95.0,Loan originated
1,655000.0,41,685000.0,175.0,1,Asian,Joint,35-44,95.0,Loan originated
1,705000.0,48,835000.0,148.0,1,White,Male,25-34,85.0,Loan originated
1,495000.0,30%-<36%,625000.0,172.0,1,White,Joint,25-34,80.0,Loan originated
1,585000.0,42,725000.0,172.0,1,White,Male,55-64,80.0,Loan originated
1,405000.0,20%-<30%,2505000.0,381.0,1,Asian,Joint,45-54,80.0,Loan originated
1,705000.0,20%-<30%,935000.0,362.0,1,Asian,Joint,35-44,74.734,Loan originated
1,535000.0,47,565000.0,155.0,1,Hispanic or Latino,Male,25-34,95.0,Loan originated
1,765000.0,43,915000.0,185.0,1,Asian,Male,45-54,84.066,Loan originated
1,615000.0,37,885000.0,173.0,1,Asian,Female,25-34,70.0,Application denied
1,455000.0,<20%,755000.0,790.0,1,White,Joint,55-64,60.0,Loan originated
1,15000.0,50%-60%,555000.0,168.0,1,Black or African American,Joint,25-34,100.0,Loan originated
1,985000.0,30%-<36%,1225000.0,275.0,1,White,Joint,35-44,80.0,Loan originated
1,595000.0,38,615000.0,194.0,1,White,Female,35-44,97.0,Loan originated
1,665000.0,<20%,665000.0,342.0,1,Asian,Female,25-34,100.0,Loan originated
1,475000.0,30%-<36%,855000.0,173.0,1,White,Joint,25-34,55.294,Loan originated
1,485000.0,44,565000.0,169.0,1,White,Female,35-44,85.0,Loan originated
1,865000.0,47,1085000.0,214.0,1,White,Joint,25-34,80.0,Loan originated
1,305000.0,45,1075000.0,144.0,1,Hispanic or Latino,Female,45-54,27.804,Application denied
1,535000.0,20%-<30%,635000.0,201.0,1,Black or African American,Male,35-44,85.0,Loan originated
1,625000.0,20%-<30%,1185000.0,149.0,1,Asian,Joint,45-54,55.36,Loan originated
1,205000.0,45,255000.0,58.0,1,Hispanic or Latino,Male,55-64,80.0,Loan originated
1,535000.0,30%-<36%,1255000.0,217.0,1,White,Female,35-44,42.841,Loan originated
1,355000.0,30%-<36%,425000.0,140.0,1,White,Male,25-34,84.561,Loan originated
1,385000.0,20%-<30%,475000.0,149.0,1,White,Joint,25-34,80.0,Loan originated
1,625000.0,37,695000.0,214.0,1,White,Joint,45-54,90.0,Loan originated
1,925000.0,30%-<36%,975000.0,260.0,1,Asian,Joint,25-34,98.0,Loan originated
1,505000.0,44,595000.0,159.0,1,Hispanic or Latino,Male,25-34,84.983,Loan originated
1,385000.0,38,785000.0,130.0,1,Asian,Female,25-34,49.16,Loan originated
1,155000.0,20%-<30%,225000.0,95.0,1,White,Male,25-34,69.034,Loan originated
1,875000.0,20%-<30%,1825000.0,419.0,1,Asian,Male,35-44,47.95,Loan originated
1,545000.0,46,685000.0,122.0,1,Asian,Male,35-44,80.0,Loan originated
1,465000.0,43,585000.0,468.0,1,Asian,Joint,25-34,80.0,Loan originated
1,355000.0,37,395000.0,102.0,1,White,Female,<25,93.0,Loan originated
1,525000.0,44,585000.0,132.0,1,Black or African American,Joint,55-64,90.0,Loan originated
1,305000.0,43,4405000.0,1093.0,1,White,Joint,35-44,75.0,Loan originated
1,765000.0,30%-<36%,865000.0,297.0,1,Hispanic or Latino,Joint,35-44,89.0,Loan originated
1,1145000.0,39,1605000.0,426.0,1,White,Joint,25-34,71.813,Loan originated
1,155000.0,49,235000.0,41.0,1,Black or African American,Female,65-74,65.0,Loan originated
1,865000.0,42,1085000.0,188.0,1,Asian,Male,25-34,80.0,Loan originated
1,875000.0,20%-<30%,1095000.0,303.0,1,Asian,Joint,25-34,79.99,Loan originated
1,785000.0,42,1055000.0,200.0,1,Asian,Joint,45-54,75.0,Loan originated
1,465000.0,43,585000.0,109.0,1,Asian,Joint,35-44,78.438,Loan originated
1,545000.0,38,575000.0,145.0,1,Hispanic or Latino,Joint,35-44,95.0,Loan originated
1,445000.0,47,565000.0,135.0,1,Hispanic or Latino,Joint,25-34,80.0,Loan originated
1,1005000.0,20%-<30%,1265000.0,361.0,1,White,Joint,35-44,80.0,Loan originated
1,875000.0,48,1275000.0,188.0,1,White,Female,35-44,68.63,Loan originated
1,175000.0,38,505000.0,70.0,1,Hispanic or Latino,Male,45-54,33.531,Loan originated
1,445000.0,37,555000.0,153.0,1,Hispanic or Latino,Female,35-44,80.0,Loan originated
1,335000.0,40,355000.0,90.0,1,Hispanic or Latino,Male,25-34,95.0,Loan originated
1,385000.0,30%-<36%,425000.0,123.0,1,White,Male,25-34,90.0,Loan originated
1,115000.0,20%-<30%,125000.0,79.0,1,White,Joint,55-64,93.93,Application denied
1,445000.0,42,555000.0,231.0,1,Hispanic or Latino,Female,25-34,80.0,Loan originated
1,515000.0,49,535000.0,126.0,1,Hispanic or Latino,Joint,25-34,99.83,Loan originated
1,255000.0,30%-<36%,505000.0,102.0,1,Asian,Female,55-64,50.0,Loan originated
1,355000.0,47,395000.0,80.0,1,White,Joint,55-64,90.0,Loan originated
1,885000.0,47,1105000.0,220.0,1,White,Joint,45-54,80.0,Loan originated
1,1145000.0,20%-<30%,1245000.0,405.0,1,Asian,Male,35-44,91.96,Loan originated
1,345000.0,>60%,385000.0,62.0,1,Hispanic or Latino,Male,25-34,90.0,Application denied
1,765000.0,20%-<30%,1055000.0,297.0,1,Asian,Male,25-34,72.953,Loan originated
1,255000.0,30%-<36%,1285000.0,151.0,1,White,Joint,45-54,19.53,Loan originated
1,635000.0,39,855000.0,157.0,1,White,Male,45-54,75.0,Loan originated
1,995000.0,40,1425000.0,265.0,1,White,Joint,65-74,70.0,Application denied
1,575000.0,40,715000.0,155.0,1,Asian,Joint,35-44,80.0,Loan originated
1,765000.0,20%-<30%,805000.0,313.0,1,Asian,Joint,25-34,95.0,Loan originated
1,1055000.0,48,1205000.0,250.0,1,Asian,Joint,25-34,88.0,Loan originated
1,1025000.0,45,1285000.0,257.0,1,Asian,Joint,25-34,80.0,Loan originated
1,605000.0,48,1275000.0,154.0,1,White,Joint,35-44,47.059,Loan originated
1,175000.0,41,245000.0,111.0,1,Hispanic or Latino,Female,35-44,69.672,Loan originated
1,325000.0,46,595000.0,170.0,1,White,Joint,35-44,55.0,Loan originated
1,385000.0,48,405000.0,80.0,1,Hispanic or Latino,Joint,45-54,95.0,Loan originated
1,355000.0,41,445000.0,86.0,1,Asian,Male,25-34,79.545,Loan originated
1,495000.0,30%-<36%,515000.0,177.0,1,Other,Male,35-44,94.995,Loan originated
1,455000.0,20%-<30%,955000.0,277.0,1,White,Joint,25-34,47.769,Loan originated
1,925000.0,20%-<30%,975000.0,370.0,1,Black or African American,Joint,35-44,95.0,Loan originated
1,445000.0,30%-<36%,925000.0,130.0,1,Asian,Female,35-44,48.276,Loan originated
1,485000.0,49,585000.0,91.0,1,Hispanic or Latino,Male,<25,102.948,Loan originated
1,815000.0,38,1015000.0,241.0,1,Asian,Female,35-44,80.0,Loan originated
1,495000.0,36,615000.0,160.0,1,White,Male,55-64,80.0,Loan originated
1,385000.0,49,425000.0,74.0,1,Asian,Male,25-34,91.293,Loan originated
1,685000.0,48,725000.0,246.0,1,Hispanic or Latino,Joint,45-54,95.0,Loan originated
1,515000.0,43,575000.0,214.0,1,Hispanic or Latino,Joint,25-34,90.0,Loan originated
1,275000.0,42,285000.0,68.0,1,Hispanic or Latino,Male,<25,97.0,Loan originated
1,175000.0,48,275000.0,174.0,1,Hispanic or Latino,Joint,55-64,63.636,Loan originated
1,305000.0,43,415000.0,80.0,1,White,Male,<25,75.0,Loan originated
1,615000.0,49,725000.0,133.0,1,Hispanic or Latino,Female,35-44,85.0,Loan originated
1,425000.0,30%-<36%,475000.0,135.0,1,White,Female,35-44,90.0,Loan originated
1,415000.0,49,615000.0,133.0,1,Hispanic or Latino,Joint,35-44,68.0,Loan originated
1,285000.0,38,605000.0,85.0,1,Asian,Joint,65-74,97.665,Loan originated
1,825000.0,30%-<36%,1035000.0,344.0,1,Asian,Joint,25-34,80.0,Loan originated
1,285000.0,48,565000.0,61.0,1,Asian,Male,35-44,50.0,Loan originated
1,155000.0,20%-<30%,785000.0,104.0,1,Hispanic or Latino,Male,<25,20.0,Loan originated
1,505000.0,40,635000.0,174.0,1,Asian,Female,55-64,80.0,Loan originated
1,445000.0,41,465000.0,155.0,1,White,Male,35-44,95.0,Loan originated
1,185000.0,49,475000.0,40.0,1,White,Female,65-74,38.689,Loan originated
1,325000.0,38,405000.0,124.0,1,Hispanic or Latino,Female,35-44,80.0,Loan originated
1,205000.0,20%-<30%,565000.0,117.0,1,Other,Female,25-34,35.72,Loan originated
1,445000.0,38,495000.0,128.0,1,White,Female,35-44,90.0,Loan originated
1,765000.0,42,875000.0,180.0,1,White,Female,45-54,87.606,Loan originated
1,925000.0,46,975000.0,264.0,1,White,Joint,35-44,95.0,Loan originated
1,935000.0,49,1105000.0,181.0,1,Asian,Male,25-34,84.91,Loan originated
1,745000.0,38,1165000.0,229.0,1,Asian,Female,25-34,63.949,Loan originated
1,605000.0,46,685000.0,179.0,1,White,Joint,25-34,87.497,Loan originated
1,275000.0,30%-<36%,405000.0,100.0,1,White,Joint,35-44,66.667,Application denied
1,935000.0,20%-<30%,1255000.0,333.0,1,White,Joint,25-34,74.96,Loan originated
1,345000.0,43,435000.0,89.0,1,White,Male,35-44,80.0,Application denied
1,455000.0,45,575000.0,101.0,1,Asian,Male,35-44,80.0,Loan originated
1,795000.0,48,995000.0,170.0,1,White,Male,55-64,80.0,Loan originated
1,455000.0,47,475000.0,134.0,1,Hispanic or Latino,Joint,25-34,95.0,Loan originated
1,525000.0,30%-<36%,1025000.0,254.0,1,Hispanic or Latino,Male,55-64,51.22,Loan originated
1,765000.0,<20%,1505000.0,7478.0,1,Black or African American,Male,<25,51.103,Loan originated
1,395000.0,42,495000.0,184.0,1,White,Female,>74,80.0,Loan originated
1,495000.0,44,555000.0,114.0,1,White,Female,35-44,90.0,Loan originated
1,705000.0,30%-<36%,825000.0,416.0,1,Asian,Joint,35-44,85.0,Loan originated
1,395000.0,43,395000.0,91.0,1,Hispanic or Latino,Joint,25-34,100.74,Application denied
1,475000.0,36,525000.0,142.0,1,White,Male,25-34,89.66,Loan originated
1,855000.0,45,955000.0,206.0,1,Asian,Joint,25-34,89.496,Loan originated
1,1105000.0,20%-<30%,1535000.0,396.0,1,Asian,Female,45-54,71.895,Loan originated
1,795000.0,>60%,1615000.0,156.0,1,Asian,Joint,25-34,49.852,Application denied
1,1145000.0,40,1525000.0,299.0,1,White,Male,45-54,75.0,Loan originated
1,825000.0,30%-<36%,1035000.0,217.0,1,Asian,Joint,25-34,80.0,Loan originated
1,395000.0,45,445000.0,85.0,1,White,Male,<25,90.0,Loan originated
1,615000.0,20%-<30%,765000.0,562.0,1,White,Joint,55-64,80.0,Loan originated
1,1105000.0,45,1375000.0,303.0,1,Asian,Male,35-44,89.982,Loan originated
1,645000.0,39,715000.0,185.0,1,White,Joint,35-44,90.0,Loan originated
1,595000.0,49,705000.0,668.0,1,White,Joint,25-34,85.0,Loan originated
1,335000.0,49,625000.0,83.0,1,Black or African American,Female,65-74,54.516,Loan originated
1,655000.0,41,685000.0,185.0,1,Hispanic or Latino,Joint,35-44,95.0,Loan originated
1,645000.0,40,925000.0,243.0,1,Asian,Joint,45-54,69.9,Loan originated
1,605000.0,42,765000.0,128.0,1,Hispanic or Latino,Male,35-44,89.958,Application denied
1,105000.0,47,485000.0,44.0,1,Black or African American,Female,65-74,20.478,Loan originated
1,285000.0,49,485000.0,203.0,1,White,Male,>74,58.805,Loan originated
1,585000.0,49,655000.0,196.0,1,Hispanic or Latino,Joint,25-34,90.0,Loan originated
1,965000.0,30%-<36%,1205000.0,285.0,1,Asian,Joint,25-34,80.0,Loan originated
1,765000.0,20%-<30%,975000.0,303.0,1,White,Joint,45-54,79.02,Loan originated
1,265000.0,20%-<30%,375000.0,132.0,1,White,Joint,25-34,70.0,Loan originated
1,365000.0,47,545000.0,77.0,1,White,Male,25-34,66.055,Loan originated
1,125000.0,36,175000.0,163.0,1,Hispanic or Latino,Male,25-34,75.0,Loan originated
1,485000.0,30%-<36%,705000.0,199.0,1,Black or African American,Female,35-44,70.0,Loan originated
1,165000.0,45,325000.0,51.0,1,Hispanic or Latino,Female,35-44,50.0,Loan originated
1,305000.0,38,495000.0,95.0,1,White,Joint,35-44,62.299,Loan originated
1,425000.0,30%-<36%,715000.0,177.0,1,White,Joint,35-44,58.414,Loan originated
1,305000.0,44,385000.0,71.0,1,Hispanic or Latino,Joint,35-44,80.0,Loan originated
1,765000.0,<20%,855000.0,699.0,1,Asian,Male,45-54,90.118,Application denied
1,1005000.0,>60%,1165000.0,163.0,1,Hispanic or Latino,Male,35-44,85.837,Application denied
1,685000.0,<20%,915000.0,512.0,1,Asian,Joint,65-74,75.0,Loan originated
1,405000.0,45,435000.0,103.0,1,White,Female,25-34,93.104,Loan originated
1,505000.0,30%-<36%,715000.0,155.0,1,Hispanic or Latino,Male,35-44,70.0,Loan originated
1,235000.0,42,245000.0,88.0,1,Hispanic or Latino,Male,35-44,100.4,Loan originated
1,795000.0,30%-<36%,995000.0,311.0,1,Asian,Joint,25-34,80.0,Loan originated
1,705000.0,45,745000.0,190.0,1,Asian,Male,25-34,94.966,Loan originated
1,635000.0,30%-<36%,865000.0,234.0,1,Asian,Male,35-44,73.241,Loan originated
1,415000.0,46,445000.0,100.0,1,White,Male,25-34,95.0,Loan originated
1,595000.0,44,625000.0,121.0,1,Hispanic or Latino,Male,35-44,95.0,Loan originated
1,375000.0,48,425000.0,140.0,1,Asian,Joint,35-44,90.0,Loan originated
1,1005000.0,47,1375000.0,309.0,1,Asian,Joint,45-54,73.188,Loan originated
1,295000.0,39,855000.0,114.0,1,White,Joint,55-64,34.665,Loan originated
1,625000.0,39,905000.0,221.0,1,Asian,Male,45-54,70.0,Loan originated
1,115000.0,50%-60%,675000.0,69.0,1,Hispanic or Latino,Male,55-64,17.26,Loan originated
1,725000.0,20%-<30%,905000.0,268.0,1,White,Joint,35-44,80.0,Loan originated
1,755000.0,30%-<36%,1005000.0,286.0,1,White,Joint,25-34,75.0,Loan originated
1,245000.0,37,325000.0,238.0,1,Hispanic or Latino,Female,25-34,75.0,Loan originated
1,895000.0,44,1495000.0,339.0,1,White,Joint,>74,89.99,Loan originated
1,755000.0,38,1705000.0,338.0,1,Asian,Joint,35-44,44.11,Loan originated
1,755000.0,43,1915000.0,411.0,1,White,Female,45-54,39.164,Loan originated
1,545000.0,49,685000.0,220.0,1,Black or African American,Female,65-74,80.0,Loan originated
1,375000.0,49,505000.0,70.0,1,Hispanic or Latino,Female,45-54,74.0,Loan originated
1,765000.0,49,845000.0,144.0,1,White,Male,35-44,89.93,Loan originated
1,405000.0,42,765000.0,116.0,1,Asian,Male,25-34,52.632,Loan originated
1,525000.0,48,555000.0,113.0,1,Hispanic or Latino,Joint,25-34,95.0,Loan originated
1,515000.0,45,545000.0,137.0,1,Hispanic or Latino,Joint,25-34,95.0,Loan originated
1,465000.0,49,495000.0,85.0,1,Asian,Female,35-44,92.992,Loan originated
1,1115000.0,20%-<30%,2345000.0,531.0,1,White,Joint,25-34,47.48,Loan originated
1,515000.0,43,645000.0,129.0,1,Asian,Joint,35-44,80.0,Loan originated
1,225000.0,30%-<36%,275000.0,76.0,1,White,Female,35-44,80.0,Loan originated
1,765000.0,49,1345000.0,161.0,1,Asian,Joint,25-34,57.2,Loan originated
1,585000.0,49,645000.0,128.0,1,White,Female,55-64,90.0,Loan originated
1,15000.0,20%-<30%,655000.0,133.0,1,Asian,Female,45-54,83.0,Loan originated
1,455000.0,46,565000.0,88.0,1,Black or African American,Female,55-64,80.0,Loan originated
1,555000.0,20%-<30%,955000.0,263.0,1,White,Male,35-44,59.0,Loan originated
1,475000.0,37,595000.0,205.0,1,White,Joint,25-34,80.0,Loan originated
1,425000.0,43,535000.0,231.0,1,White,Male,35-44,80.0,Loan originated
1,715000.0,20%-<30%,845000.0,257.0,1,White,Joint,25-34,85.0,Loan originated
1,685000.0,48,875000.0,132.0,1,White,Male,35-44,95.0,Loan originated
1,725000.0,47,915000.0,174.0,1,Hispanic or Latino,Female,45-54,80.0,Loan originated
1,405000.0,30%-<36%,755000.0,147.0,1,White,Female,25-34,53.795,Loan originated
1,745000.0,49,955000.0,143.0,1,Hispanic or Latino,Female,55-64,78.0,Loan originated
1,705000.0,20%-<30%,885000.0,247.0,1,Asian,Female,35-44,80.0,Loan originated
1,435000.0,40,575000.0,171.0,1,White,Female,45-54,75.0,Loan originated
1,525000.0,49,1025000.0,107.0,1,Asian,Joint,35-44,52.0,Loan originated
1,135000.0,41,375000.0,79.0,1,White,Male,45-54,35.53,Loan originated
1,705000.0,42,1005000.0,166.0,1,Asian,Female,25-34,70.0,Loan originated
1,465000.0,42,515000.0,134.0,1,Hispanic or Latino,Female,25-34,90.2,Loan originated
1,495000.0,41,625000.0,124.0,1,Hispanic or Latino,Male,35-44,79.452,Loan originated
1,785000.0,43,985000.0,201.0,1,Asian,Female,25-34,80.0,Loan originated
1,355000.0,42,445000.0,90.0,1,Hispanic or Latino,Male,25-34,80.0,Loan originated
1,335000.0,49,345000.0,87.0,1,White,Joint,25-34,100.0,Application denied
1,965000.0,30%-<36%,1205000.0,312.0,1,White,Male,55-64,80.0,Loan originated
1,535000.0,20%-<30%,665000.0,219.0,1,Hispanic or Latino,Joint,25-34,80.0,Loan originated
1,425000.0,20%-<30%,605000.0,201.0,1,Asian,Joint,35-44,70.0,Loan originated
1,335000.0,46,355000.0,80.0,1,Hispanic or Latino,Female,35-44,95.0,Loan originated
1,155000.0,40,185000.0,88.0,1,Hispanic or Latino,Male,35-44,86.11,Loan originated
1,345000.0,47,645000.0,141.0,1,White,Male,25-34,53.125,Application denied
1,225000.0,50%-60%,455000.0,167.0,1,Asian,Male,45-54,50.0,Application denied
1,1005000.0,30%-<36%,2755000.0,624.0,1,White,Joint,35-44,36.364,Loan originated
1,505000.0,30%-<36%,525000.0,135.0,1,Asian,Male,25-34,97.0,Loan originated
1,395000.0,38,445000.0,104.0,1,Hispanic or Latino,Male,35-44,89.77,Loan originated
1,325000.0,42,335000.0,83.0,1,White,Male,<25,97.0,Loan originated
1,345000.0,30%-<36%,655000.0,284.0,1,White,Joint,65-74,53.701,Loan originated
1,785000.0,40,1205000.0,209.0,1,White,Joint,35-44,65.0,Loan originated
1,555000.0,20%-<30%,585000.0,367.0,1,White,Joint,45-54,95.0,Loan originated
1,615000.0,49,725000.0,212.0,1,Hispanic or Latino,Joint,35-44,85.0,Loan originated
1,535000.0,41,935000.0,162.0,1,White,Joint,35-44,56.989,Loan originated
1,755000.0,46,795000.0,170.0,1,Hispanic or Latino,Joint,35-44,95.0,Loan originated
1,775000.0,20%-<30%,1105000.0,459.0,1,White,Male,25-34,70.0,Loan originated
1,825000.0,42,925000.0,189.0,1,White,Male,45-54,90.0,Loan originated
1,605000.0,20%-<30%,1705000.0,265.0,1,Asian,Joint,45-54,35.294,Loan originated
1,375000.0,39,495000.0,110.0,1,White,Joint,65-74,74.9,Loan originated
1,225000.0,40,275000.0,64.0,1,White,Male,<25,85.0,Loan originated
1,205000.0,20%-<30%,225000.0,108.0,1,White,Male,45-54,95.0,Loan originated
1,535000.0,41,565000.0,153.0,1,Hispanic or Latino,Male,25-34,95.0,Loan originated
1,505000.0,30%-<36%,1905000.0,205.0,1,Asian,Female,25-34,26.32,Loan originated
1,455000.0,40,675000.0,133.0,1,Asian,Male,55-64,67.37,Loan originated
1,695000.0,42,795000.0,181.0,1,Asian,Joint,35-44,88.108,Loan originated
1,655000.0,39,685000.0,204.0,1,Other,Female,25-34,100.0,Loan originated
1,765000.0,49,805000.0,345.0,1,Black or African American,Joint,45-54,95.0,Loan originated
1,305000.0,44,1205000.0,94.0,1,Asian,Joint,>74,24.894,Loan originated
1,725000.0,37,915000.0,230.0,1,White,Male,25-34,80.0,Loan originated
1,295000.0,46,365000.0,81.0,1,White,Female,25-34,80.0,Loan originated
1,615000.0,47,795000.0,220.0,1,Hispanic or Latino,Male,45-54,77.444,Loan originated
1,705000.0,44,945000.0,291.0,1,White,Joint,35-44,75.0,Application denied
1,535000.0,48,705000.0,127.0,1,Asian,Joint,45-54,77.0,Loan originated
1,505000.0,36,845000.0,170.0,1,Asian,Female,35-44,60.0,Loan originated
1,325000.0,44,555000.0,90.0,1,Asian,Joint,35-44,97.364,Loan originated
1,815000.0,45,1025000.0,181.0,1,Asian,Joint,25-34,80.0,Loan originated
1,565000.0,48,895000.0,197.0,1,White,Joint,65-74,63.575,Loan originated
1,765000.0,20%-<30%,1865000.0,799.0,1,White,Joint,45-54,40.86,Loan originated
1,585000.0,>60%,615000.0,9.0,1,Asian,Joint,55-64,95.0,Application denied
1,755000.0,44,945000.0,231.0,1,Asian,Male,45-54,80.0,Loan originated
1,295000.0,20%-<30%,415000.0,88.0,1,White,Female,35-44,71.084,Loan originated
1,335000.0,49,355000.0,109.0,1,Hispanic or Latino,Female,45-54,95.0,Loan originated
1,515000.0,47,605000.0,113.0,1,White,Joint,55-64,85.0,Loan originated
1,765000.0,39,1055000.0,183.0,1,Asian,Male,45-54,72.866,Loan originated
1,355000.0,49,735000.0,85.0,1,White,Male,45-54,47.6,Loan originated
1,885000.0,42,1805000.0,344.0,1,White,Joint,35-44,48.889,Loan originated
1,1025000.0,36,1285000.0,282.0,1,Asian,Joint,45-54,80.0,Loan originated
1,625000.0,20%-<30%,785000.0,259.0,1,Asian,Male,35-44,80.0,Loan originated
1,325000.0,30%-<36%,525000.0,208.0,1,White,Male,35-44,61.905,Loan originated
1,625000.0,30%-<36%,725000.0,210.0,1,White,Joint,45-54,86.111,Loan originated
1,765000.0,20%-<30%,1075000.0,246.0,1,Asian,Female,35-44,71.64,Loan originated
1,505000.0,20%-<30%,1275000.0,200.0,1,White,Joint,55-64,39.216,Loan originated
1,975000.0,49,1155000.0,204.0,1,Hispanic or Latino,Female,45-54,84.783,Loan originated
1,735000.0,45,895000.0,209.0,1,Asian,Joint,35-44,81.646,Loan originated
1,315000.0,49,325000.0,68.0,1,Hispanic or Latino,Male,<25,95.0,Loan originated
1,785000.0,39,785000.0,203.0,1,Black or African American,Joint,35-44,100.0,Loan originated
1,675000.0,46,955000.0,165.0,1,White,Joint,45-54,70.86,Loan originated
1,345000.0,45,355000.0,87.0,1,White,Female,25-34,97.0,Loan originated
1,645000.0,42,715000.0,160.0,1,White,Male,45-54,90.0,Loan originated
1,755000.0,49,845000.0,166.0,1,White,Joint,25-34,90.0,Loan originated
1,485000.0,20%-<30%,785000.0,329.0,1,White,Male,55-64,61.881,Loan originated
1,515000.0,20%-<30%,1015000.0,287.0,1,White,Joint,35-44,50.495,Loan originated
1,645000.0,49,715000.0,133.0,1,Hispanic or Latino,Male,25-34,90.845,Loan originated
1,285000.0,44,375000.0,68.0,1,White,Male,35-44,76.2,Loan originated
1,505000.0,30%-<36%,535000.0,158.0,1,Hispanic or Latino,Joint,35-44,95.0,Loan originated
1,1005000.0,49,1375000.0,253.0,1,White,Joint,25-34,74.519,Loan originated
1,195000.0,45,205000.0,46.0,1,Hispanic or Latino,Female,55-64,97.0,Loan originated
1,575000.0,20%-<30%,725000.0,231.0,1,White,Joint,25-34,80.0,Loan originated
1,765000.0,44,1235000.0,203.0,1,Asian,Joint,55-64,62.214,Loan originated
1,515000.0,49,525000.0,139.0,1,Hispanic or Latino,Male,35-44,97.15,Loan originated
1,705000.0,40,1305000.0,194.0,1,White,Joint,25-34,53.846,Loan originated
1,195000.0,30%-<36%,385000.0,80.0,1,White,Female,55-64,50.785,Loan originated
1,1045000.0,40,1225000.0,290.0,1,White,Joint,25-34,85.0,Loan originated
1,965000.0,42,1025000.0,246.0,1,White,Joint,25-34,95.0,Loan originated
1,645000.0,48,695000.0,168.0,1,Hispanic or Latino,Joint,25-34,92.95,Loan originated
1,925000.0,49,1155000.0,312.0,1,Asian,Joint,>74,80.0,Loan originated
1,235000.0,47,245000.0,56.0,1,Hispanic or Latino,Male,<25,100.0,Loan originated
1,355000.0,20%-<30%,945000.0,191.0,1,Hispanic or Latino,Male,35-44,36.881,Loan originated
1,665000.0,42,695000.0,197.0,1,White,Female,45-54,94.99,Loan originated
1,885000.0,20%-<30%,1035000.0,310.0,1,Black or African American,Female,25-34,85.0,Loan originated
1,745000.0,<20%,1485000.0,435.0,1,Asian,Joint,35-44,50.0,Loan originated
1,655000.0,44,685000.0,181.0,1,Black or African American,Joint,35-44,100.0,Loan originated
1,655000.0,47,1955000.0,329.0,1,White,Male,45-54,34.0,Loan originated
1,865000.0,38,1075000.0,411.0,1,White,Female,45-54,80.0,Loan originated
1,335000.0,30%-<36%,515000.0,167.0,1,White,Joint,45-54,65.0,Loan originated
1,505000.0,48,1105000.0,210.0,1,White,Joint,45-54,45.45,Loan originated
1,205000.0,>60%,355000.0,52.0,1,Hispanic or Latino,Male,55-64,56.931,Application denied
1,595000.0,48,795000.0,258.0,1,White,Male,35-44,75.0,Loan originated
1,355000.0,49,375000.0,142.0,1,White,Joint,65-74,95.0,Loan originated
1,245000.0,48,375000.0,62.0,1,Hispanic or Latino,Female,45-54,65.684,Loan originated
1,735000.0,48,775000.0,151.0,1,Hispanic or Latino,Male,45-54,95.0,Loan originated
1,685000.0,47,855000.0,144.0,1,Black or African American,Joint,25-34,80.0,Loan originated
1,245000.0,41,445000.0,62.0,1,White,Female,55-64,54.54,Loan originated
1,285000.0,30%-<36%,305000.0,95.0,1,Hispanic or Latino,Male,65-74,95.0,Application denied
1,675000.0,42,705000.0,145.0,1,Hispanic or Latino,Male,45-54,96.43,Loan originated
1,605000.0,44,1005000.0,150.0,1,Asian,Joint,45-54,60.0,Loan originated
1,595000.0,<20%,785000.0,602.0,1,White,Female,25-34,75.0,Loan originated
1,775000.0,39,1015000.0,210.0,1,White,Male,55-64,76.238,Loan originated
1,605000.0,<20%,935000.0,0.0,1,Asian,Joint,35-44,65.0,Loan originated
1,765000.0,<20%,785000.0,780.0,1,White,Male,35-44,97.0,Loan originated
1,1145000.0,39,2055000.0,499.0,1,Asian,Male,35-44,56.05,Loan originated
1,355000.0,42,475000.0,83.0,1,Asian,Joint,<25,75.0,Loan originated
1,425000.0,49,555000.0,92.0,1,Asian,Male,25-34,97.0,Loan originated
1,485000.0,30%-<36%,575000.0,196.0,1,Asian,Joint,35-44,83.75,Loan originated
1,555000.0,41,705000.0,205.0,1,White,Joint,65-74,80.0,Loan originated
1,435000.0,40,595000.0,105.0,1,White,Joint,25-34,73.23,Loan originated
1,515000.0,44,1335000.0,152.0,1,White,Joint,65-74,38.421,Loan originated
1,425000.0,30%-<36%,715000.0,153.0,1,Hispanic or Latino,Male,55-64,60.0,Loan originated
1,355000.0,30%-<36%,445000.0,208.0,1,White,Male,35-44,80.0,Loan originated
1,425000.0,30%-<36%,565000.0,132.0,1,Hispanic or Latino,Male,45-54,75.0,Loan originated
1,575000.0,38,725000.0,215.0,1,White,Joint,25-34,80.0,Loan originated
1,785000.0,49,825000.0,163.0,1,Hispanic or Latino,Joint,35-44,95.0,Loan originated
1,555000.0,44,925000.0,140.0,1,Asian,Female,45-54,59.46,Loan originated
1,905000.0,41,1405000.0,441.0,1,White,Female,35-44,64.28,Loan originated
1,1065000.0,48,1725000.0,352.0,1,Asian,Joint,35-44,61.449,Loan originated
1,165000.0,38,185000.0,91.0,1,Hispanic or Latino,Female,45-54,92.0,Loan originated
1,605000.0,30%-<36%,655000.0,227.0,1,Hispanic or Latino,Joint,25-34,91.82,Loan originated
1,245000.0,30%-<36%,265000.0,155.0,1,Hispanic or Latino,Joint,45-54,95.0,Loan originated
1,585000.0,40,735000.0,419.0,1,White,Joint,65-74,80.0,Loan originated
1,765000.0,30%-<36%,1145000.0,261.0,1,White,Joint,25-34,66.684,Loan originated
1,955000.0,38,1325000.0,265.0,1,Asian,Male,35-44,71.698,Loan originated
1,495000.0,45,555000.0,127.0,1,Hispanic or Latino,Female,45-54,90.0,Loan originated
1,485000.0,47,805000.0,134.0,1,Hispanic or Latino,Joint,25-34,96.99,Loan originated
1,345000.0,45,365000.0,129.0,1,White,Male,45-54,95.0,Loan originated
1,365000.0,49,405000.0,110.0,1,Hispanic or Latino,Male,35-44,90.0,Loan originated
1,415000.0,43,455000.0,89.0,1,White,Female,35-44,90.0,Loan originated
1,1125000.0,30%-<36%,1405000.0,461.0,1,White,Joint,35-44,87.143,Loan originated
1,765000.0,44,1215000.0,504.0,1,White,Male,45-54,63.351,Loan originated
1,255000.0,30%-<36%,1485000.0,211.0,1,White,Male,55-64,16.892,Loan originated
1,225000.0,44,285000.0,47.0,1,White,Female,25-34,100.0,Loan originated
1,375000.0,30%-<36%,475000.0,172.0,1,White,Male,25-34,80.0,Loan originated
1,755000.0,36,1255000.0,226.0,1,Asian,Female,45-54,60.0,Loan originated
1,345000.0,30%-<36%,535000.0,171.0,1,White,Joint,25-34,64.29,Loan originated
1,355000.0,38,485000.0,100.0,1,Hispanic or Latino,Female,55-64,73.196,Loan originated
1,255000.0,41,635000.0,73.0,1,Hispanic or Latino,Female,45-54,39.683,Loan originated
1,245000.0,40,275000.0,73.0,1,Asian,Female,55-64,90.0,Loan originated
1,825000.0,45,1025000.0,247.0,1,Asian,Joint,35-44,80.0,Loan originated
1,535000.0,49,635000.0,117.0,1,Hispanic or Latino,Male,25-34,85.0,Loan originated
1,705000.0,48,885000.0,154.0,1,Asian,Male,45-54,80.0,Loan originated
1,595000.0,30%-<36%,665000.0,191.0,1,Hispanic or Latino,Male,35-44,90.0,Loan originated
1,435000.0,20%-<30%,515000.0,173.0,1,White,Joint,25-34,85.0,Loan originated
1,905000.0,44,1135000.0,217.0,1,White,Male,25-34,80.0,Loan originated
1,565000.0,47,605000.0,157.0,1,Asian,Female,25-34,94.999,Application denied
1,565000.0,40,735000.0,145.0,1,Asian,Female,25-34,77.808,Loan originated
1,745000.0,49,845000.0,334.0,1,Asian,Male,55-64,89.0,Loan originated
1,785000.0,50%-60%,1045000.0,166.0,1,Asian,Male,45-54,75.0,Application denied
1,365000.0,30%-<36%,385000.0,122.0,1,Hispanic or Latino,Male,45-54,95.0,Loan originated
1,475000.0,43,505000.0,140.0,1,White,Joint,35-44,95.0,Loan originated
1,265000.0,48,535000.0,60.0,1,White,Male,55-64,50.0,Loan originated
1,395000.0,49,485000.0,84.0,1,Asian,Male,35-44,80.0,Loan originated
1,555000.0,47,2205000.0,226.0,1,White,Male,35-44,86.364,Loan originated
1,605000.0,41,875000.0,164.0,1,White,Joint,25-34,68.571,Loan originated
1,765000.0,39,1205000.0,471.0,1,Hispanic or Latino,Male,45-54,89.99,Loan originated
1,345000.0,47,365000.0,86.0,1,Hispanic or Latino,Male,<25,97.0,Loan originated
1,555000.0,37,745000.0,267.0,1,Asian,Joint,45-54,75.0,Loan originated
1,685000.0,42,725000.0,161.0,1,White,Female,25-34,95.0,Loan originated
1,485000.0,43,645000.0,180.0,1,Asian,Female,25-34,74.99992,Loan originated
1,575000.0,41,645000.0,141.0,1,Asian,Female,25-34,89.993,Loan originated
1,1005000.0,36,1265000.0,380.0,1,White,Joint,35-44,79.051,Loan originated
1,545000.0,30%-<36%,675000.0,219.0,1,Asian,Female,35-44,80.0,Loan originated
1,325000.0,49,345000.0,63.0,1,White,Female,25-34,95.0,Loan originated
1,525000.0,44,705000.0,121.0,1,Hispanic or Latino,Joint,45-54,95.0,Loan originated
1,405000.0,20%-<30%,1695000.0,295.0,1,Asian,Joint,35-44,23.599,Loan originated
1,355000.0,36,365000.0,108.0,1,White,Female,25-34,95.0,Loan originated
1,505000.0,49,695000.0,100.0,1,Asian,Male,35-44,71.512,Loan originated
1,1145000.0,49,1295000.0,343.0,1,White,Joint,<25,89.001,Loan originated
1,735000.0,>60%,825000.0,275.0,1,White,Male,<25,90.0,Application denied
1,745000.0,39,1805000.0,212.0,1,White,Male,45-54,41.111,Loan originated
1,275000.0,47,775000.0,110.0,1,Hispanic or Latino,Female,25-34,36.04,Loan originated
1,915000.0,42,1155000.0,260.0,1,Asian,Male,35-44,79.75,Loan originated
1,355000.0,49,415000.0,81.0,1,Hispanic or Latino,Male,25-34,85.0,Loan originated
1,125000.0,>60%,365000.0,55.0,1,Hispanic or Latino,Joint,45-54,33.88,Application denied
1,565000.0,44,595000.0,156.0,1,White,Male,35-44,95.0,Loan originated
1,215000.0,20%-<30%,905000.0,147.0,1,White,Joint,65-74,23.102,Loan originated
1,1245000.0,44,1555000.0,421.0,1,Asian,Male,35-44,80.0,Loan originated
1,475000.0,40,865000.0,131.0,1,White,Joint,35-44,55.0,Loan originated
1,225000.0,43,335000.0,63.0,1,Asian,Female,<25,65.0,Loan originated
1,375000.0,45,465000.0,92.0,1,Hispanic or Latino,Female,35-44,80.0,Loan originated
1,1045000.0,30%-<36%,1305000.0,305.0,1,Asian,Joint,35-44,80.0,Loan originated
1,455000.0,46,565000.0,102.0,1,White,Male,25-34,80.0,Application denied
1,485000.0,30%-<36%,545000.0,154.0,1,Hispanic or Latino,Female,35-44,89.99,Loan originated
1,565000.0,47,755000.0,263.0,1,White,Female,35-44,75.0,Loan originated
1,675000.0,44,805000.0,161.0,1,White,Male,45-54,83.75,Loan originated
1,635000.0,47,745000.0,171.0,1,Asian,Female,35-44,85.0,Loan originated
1,435000.0,20%-<30%,545000.0,177.0,1,White,Male,45-54,80.0,Loan originated
1,1105000.0,41,1505000.0,284.0,1,Asian,Joint,35-44,72.993,Loan originated
1,725000.0,45,795000.0,217.0,1,White,Joint,25-34,95.0,Loan originated
1,415000.0,47,445000.0,126.0,1,Hispanic or Latino,Male,25-34,95.0,Loan originated
1,645000.0,49,675000.0,133.0,1,White,Female,45-54,95.0,Loan originated
1,515000.0,42,545000.0,338.0,1,Hispanic or Latino,Male,>74,95.0,Loan originated
1,505000.0,41,805000.0,120.0,1,White,Male,25-34,62.594,Loan originated
1,595000.0,30%-<36%,745000.0,182.0,1,White,Joint,45-54,80.0,Loan originated
1,205000.0,30%-<36%,1255000.0,100.0,1,Hispanic or Latino,Male,35-44,16.0,Loan originated
1,1085000.0,30%-<36%,1285000.0,365.0,1,Asian,Joint,25-34,85.0,Loan originated
1,1045000.0,49,1305000.0,231.0,1,Asian,Male,25-34,80.0,Loan originated
1,755000.0,48,1025000.0,160.0,1,Asian,Joint,45-54,73.18,Loan originated
1,925000.0,40,1255000.0,272.0,1,Hispanic or Latino,Female,55-64,73.8,Loan originated
1,615000.0,46,725000.0,141.0,1,Hispanic or Latino,Male,55-64,85.0,Loan originated
1,415000.0,20%-<30%,465000.0,193.0,1,Hispanic or Latino,Joint,25-34,90.0,Loan originated
1,305000.0,20%-<30%,555000.0,177.0,1,White,Joint,55-64,54.054,Loan originated
1,1095000.0,20%-<30%,1365000.0,411.0,1,White,Female,55-64,80.0,Loan originated
1,565000.0,44,575000.0,196.0,1,White,Joint,55-64,100.395,Loan originated
1,635000.0,20%-<30%,795000.0,281.0,1,Asian,Female,35-44,80.0,Loan originated
1,475000.0,49,595000.0,111.0,1,Hispanic or Latino,Female,25-34,80.0,Loan originated
1,565000.0,45,625000.0,121.0,1,Hispanic or Latino,Male,25-34,92.0,Loan originated
1,435000.0,30%-<36%,685000.0,199.0,1,White,Joint,45-54,64.0,Loan originated
1,265000.0,43,865000.0,107.0,1,Hispanic or Latino,Joint,>74,31.0,Loan originated
1,605000.0,20%-<30%,1075000.0,390.0,1,Asian,Female,35-44,55.814,Loan originated
1,765000.0,39,1015000.0,182.0,1,White,Joint,25-34,75.897,Loan originated
1,725000.0,42,905000.0,377.0,1,Hispanic or Latino,Joint,<25,80.0,Application denied
1,705000.0,45,785000.0,160.0,1,White,Male,45-54,90.0,Loan originated
1,875000.0,37,925000.0,229.0,1,Hispanic or Latino,Joint,35-44,95.0,Loan originated
1,325000.0,30%-<36%,385000.0,93.0,1,Hispanic or Latino,Female,35-44,85.0,Loan originated
1,505000.0,41,805000.0,140.0,1,White,Joint,25-34,62.733,Loan originated
1,585000.0,>60%,655000.0,171.0,1,Asian,Joint,35-44,90.0,Application denied
1,325000.0,30%-<36%,435000.0,200.0,1,Asian,Female,25-34,75.0,Loan originated
1,325000.0,45,365000.0,76.0,1,White,Male,<25,90.0,Loan originated
1,715000.0,43,885000.0,199.0,1,Asian,Male,55-64,80.0,Loan originated
1,765000.0,30%-<36%,975000.0,233.0,1,White,Female,65-74,78.621,Loan originated
1,655000.0,49,815000.0,296.0,1,Asian,Joint,35-44,80.0,Loan originated
1,305000.0,49,655000.0,76.0,1,White,Female,65-74,45.736,Loan originated
1,695000.0,30%-<36%,765000.0,223.0,1,Other,Male,45-54,91.106,Loan originated
1,895000.0,30%-<36%,995000.0,329.0,1,White,Joint,25-34,90.0,Loan originated
1,1145000.0,<20%,4205000.0,2153.0,1,Asian,Male,25-34,27.377,Loan originated
1,795000.0,41,995000.0,210.0,1,Asian,Male,25-34,95.0,Loan originated
1,475000.0,44,505000.0,105.0,1,Hispanic or Latino,Female,25-34,94.0,Loan originated
1,625000.0,47,665000.0,392.0,1,White,Joint,25-34,95.0,Loan originated
1,595000.0,36,845000.0,182.0,1,White,Joint,35-44,70.414,Loan originated
1,415000.0,42,515000.0,294.0,1,Asian,Male,25-34,80.0,Loan originated
1,485000.0,44,645000.0,367.0,1,Hispanic or Latino,Male,45-54,75.0,Loan originated
1,805000.0,30%-<36%,1805000.0,554.0,1,Asian,Joint,55-64,44.45,Loan originated
1,865000.0,42,1085000.0,200.0,1,White,Joint,35-44,80.0,Loan originated
1,395000.0,44,685000.0,113.0,1,Asian,Female,25-34,57.66,Loan originated
1,405000.0,49,1085000.0,85.0,1,Hispanic or Latino,Male,45-54,36.959,Loan originated
1,1015000.0,49,1455000.0,226.0,1,Asian,Joint,55-64,70.0,Loan originated
1,635000.0,45,655000.0,164.0,1,Hispanic or Latino,Male,45-54,97.0,Loan originated
1,395000.0,39,485000.0,135.0,1,White,Female,45-54,82.0,Loan originated
1,925000.0,44,1615000.0,299.0,1,White,Male,35-44,84.112,Loan originated
1,245000.0,45,275000.0,59.0,1,Hispanic or Latino,Female,45-54,90.0,Loan originated
1,695000.0,37,865000.0,357.0,1,Hispanic or Latino,Male,35-44,80.0,Loan originated
1,425000.0,41,445000.0,118.0,1,Hispanic or Latino,Male,45-54,95.0,Loan originated
1,705000.0,44,875000.0,312.0,1,White,Joint,45-54,80.0,Loan originated
1,715000.0,42,715000.0,184.0,1,Asian,Female,25-34,100.0,Loan originated
1,425000.0,44,1205000.0,116.0,1,Asian,Male,25-34,35.417,Loan originated
1,515000.0,20%-<30%,645000.0,162.0,1,Hispanic or Latino,Joint,65-74,79.54,Loan originated
1,365000.0,30%-<36%,495000.0,180.0,1,Asian,Female,25-34,74.697,Loan originated
1,455000.0,42,805000.0,124.0,1,White,Joint,25-34,56.25,Loan originated
1,1065000.0,41,1255000.0,319.0,1,Black or African American,Male,35-44,85.0,Loan originated
1,675000.0,<20%,905000.0,395.0,1,Asian,Joint,35-44,75.0,Loan originated
1,385000.0,30%-<36%,635000.0,126.0,1,Other,Female,25-34,60.63,Loan originated
1,505000.0,42,535000.0,104.0,1,Asian,Female,25-34,94.424,Loan originated
1,1105000.0,30%-<36%,1375000.0,396.0,1,White,Male,35-44,80.0,Loan originated
1,655000.0,30%-<36%,825000.0,203.0,1,Asian,Female,35-44,80.0,Loan originated
1,905000.0,40,1215000.0,216.0,1,Asian,Joint,25-34,75.0,Loan originated
1,345000.0,46,465000.0,107.0,1,White,Joint,55-64,75.0,Loan originated
1,765000.0,43,865000.0,234.0,1,White,Male,35-44,89.134,Loan originated
1,675000.0,49,705000.0,228.0,1,Hispanic or Latino,Joint,35-44,97.0,Loan originated
1,1065000.0,44,1325000.0,505.0,1,Asian,Joint,45-54,80.0,Loan originated
1,1145000.0,47,1715000.0,269.0,1,White,Male,45-54,67.018,Loan originated
1,735000.0,47,775000.0,146.0,1,Black or African American,Female,35-44,95.0,Loan originated
1,265000.0,49,425000.0,83.0,1,Black or African American,Male,35-44,100.706,Loan originated
1,765000.0,46,955000.0,168.0,1,White,Male,25-34,83.416,Loan originated
1,985000.0,47,1555000.0,395.0,1,White,Female,35-44,70.0,Loan originated
1,545000.0,39,605000.0,132.0,1,Asian,Male,25-34,90.0,Loan originated
1,665000.0,30%-<36%,865000.0,250.0,1,Other,Female,<25,76.744,Loan originated
1,765000.0,49,895000.0,158.0,1,Hispanic or Latino,Male,55-64,85.648,Loan originated
1,745000.0,43,935000.0,294.0,1,White,Male,25-34,80.0,Loan originated
1,515000.0,20%-<30%,535000.0,198.0,1,White,Male,55-64,97.0,Loan originated
1,145000.0,<20%,335000.0,83.0,1,Hispanic or Latino,Female,45-54,44.0,Loan originated
1,715000.0,41,895000.0,315.0,1,Asian,Female,45-54,80.0,Loan originated
1,655000.0,38,695000.0,185.0,1,White,Joint,25-34,95.0,Loan originated
1,485000.0,48,555000.0,103.0,1,Hispanic or Latino,Female,25-34,89.0,Loan originated
1,1105000.0,20%-<30%,1575000.0,368.0,1,Asian,Joint,25-34,70.0,Loan originated
1,535000.0,44,565000.0,154.0,1,Asian,Joint,25-34,93.571,Loan originated
1,955000.0,49,1105000.0,202.0,1,White,Joint,25-34,86.77,Loan originated
1,615000.0,40,745000.0,158.0,1,White,Joint,25-34,82.819,Loan originated
1,505000.0,46,625000.0,120.0,1,Asian,Joint,45-54,80.0,Loan originated
1,595000.0,46,595000.0,135.0,1,Hispanic or Latino,Joint,35-44,100.0,Application denied
1,395000.0,20%-<30%,465000.0,211.0,1,Hispanic or Latino,Joint,45-54,85.0,Loan originated
1,585000.0,47,625000.0,160.0,1,Hispanic or Latino,Joint,25-34,95.0,Loan originated
1,635000.0,46,845000.0,180.0,1,Asian,Female,35-44,75.0,Loan originated
1,825000.0,30%-<36%,1135000.0,343.0,1,White,Male,45-54,72.91,Loan originated
1,485000.0,49,545000.0,87.0,1,Hispanic or Latino,Female,25-34,90.0,Loan originated
1,435000.0,47,675000.0,92.0,1,White,Male,25-34,64.444,Loan originated
1,215000.0,20%-<30%,525000.0,132.0,1,Black or African American,Female,<25,40.385,Loan originated
1,565000.0,42,705000.0,212.0,1,White,Joint,45-54,80.0,Application denied
1,715000.0,40,795000.0,187.0,1,White,Male,55-64,90.0,Loan originated
1,895000.0,48,1195000.0,273.0,1,Asian,Joint,35-44,75.0,Loan originated
1,205000.0,47,265000.0,77.0,1,White,Joint,>74,80.0,Loan originated
1,1105000.0,20%-<30%,1695000.0,117.0,1,Asian,Female,55-64,70.0,Loan originated
1,265000.0,48,375000.0,66.0,1,White,Female,35-44,97.0,Loan originated
1,165000.0,30%-<36%,965000.0,115.0,1,White,Joint,>74,17.213,Loan originated
1,755000.0,45,815000.0,169.0,1,White,Male,45-54,93.704,Loan originated
1,455000.0,45,645000.0,253.0,1,White,Joint,55-64,70.0,Loan originated
1,615000.0,47,1025000.0,303.0,1,Asian,Female,45-54,59.942,Loan originated
1,215000.0,43,225000.0,85.0,1,White,Female,25-34,92.996,Loan originated
1,155000.0,45,475000.0,62.0,1,White,Male,65-74,33.0,Loan originated
1,705000.0,44,2505000.0,198.0,1,Asian,Joint,45-54,28.0,Loan originated
1,305000.0,42,315000.0,69.0,1,White,Female,25-34,100.0,Loan originated
1,525000.0,42,945000.0,144.0,1,Hispanic or Latino,Joint,35-44,55.449,Loan originated
1,705000.0,49,1385000.0,157.0,1,Asian,Female,55-64,50.725,Loan originated
1,505000.0,47,615000.0,119.0,1,White,Joint,45-54,85.439,Loan originated
1,705000.0,20%-<30%,875000.0,229.0,1,Asian,Joint,25-34,80.0,Loan originated
1,395000.0,20%-<30%,495000.0,204.0,1,White,Joint,25-34,80.0,Loan originated
1,475000.0,49,875000.0,105.0,1,White,Female,55-64,54.639,Loan originated
1,475000.0,42,555000.0,117.0,1,Black or African American,Female,25-34,85.0,Loan originated
1,585000.0,48,685000.0,138.0,1,Hispanic or Latino,Joint,45-54,85.0,Loan originated
1,835000.0,20%-<30%,1045000.0,454.0,1,White,Male,45-54,80.0,Loan originated
1,455000.0,49,655000.0,114.0,1,White,Male,55-64,69.28,Loan originated
1,725000.0,39,765000.0,236.0,1,Hispanic or Latino,Joint,25-34,95.0,Loan originated
1,735000.0,41,985000.0,200.0,1,Asian,Joint,45-54,75.0,Loan originated
1,475000.0,20%-<30%,725000.0,226.0,1,White,Joint,55-64,65.51,Loan originated
1,405000.0,30%-<36%,945000.0,139.0,1,White,Male,35-44,42.553,Loan originated
1,625000.0,39,785000.0,161.0,1,Hispanic or Latino,Joint,45-54,80.0,Loan originated
1,645000.0,20%-<30%,725000.0,306.0,1,Asian,Male,35-44,90.0,Loan originated
1,1145000.0,42,1315000.0,397.0,1,Asian,Male,35-44,87.77,Loan originated
1,465000.0,42,585000.0,98.0,1,Asian,Joint,45-54,80.0,Loan originated
1,515000.0,30%-<36%,1125000.0,155.0,1,Other,Male,35-44,45.536,Loan originated
1,575000.0,43,825000.0,167.0,1,White,Male,35-44,69.99,Loan originated
1,45000.0,36,55000.0,51.0,1,White,Female,65-74,75.0,Loan originated
1,395000.0,30%-<36%,895000.0,188.0,1,Asian,Male,55-64,44.448,Loan originated
1,405000.0,46,1085000.0,143.0,1,White,Joint,55-64,37.037,Loan originated
1,465000.0,44,715000.0,134.0,1,White,Joint,25-34,65.049,Loan originated
1,385000.0,39,475000.0,138.0,1,White,Joint,25-34,80.0,Loan originated
1,495000.0,49,625000.0,120.0,1,Hispanic or Latino,Male,35-44,80.0,Loan originated
1,405000.0,49,535000.0,102.0,1,Asian,Male,25-34,95.0,Loan originated
1,805000.0,49,855000.0,219.0,1,White,Male,25-34,95.0,Loan originated
1,345000.0,45,395000.0,85.0,1,Asian,Female,45-54,87.469,Loan originated
1,855000.0,30%-<36%,1395000.0,307.0,1,White,Joint,25-34,60.758,Loan originated
1,405000.0,42,1145000.0,111.0,1,Hispanic or Latino,Male,35-44,35.088,Loan originated
1,1055000.0,42,1505000.0,287.0,1,Asian,Male,45-54,70.0,Loan originated
1,765000.0,30%-<36%,895000.0,472.0,1,White,Male,55-64,85.0,Loan originated
1,755000.0,43,945000.0,170.0,1,White,Male,25-34,80.0,Loan originated
1,555000.0,43,655000.0,256.0,1,White,Joint,65-74,85.0,Loan originated
1,575000.0,40,605000.0,187.0,1,Black or African American,Male,25-34,95.0,Loan originated
1,565000.0,47,755000.0,522.0,1,Asian,Joint,45-54,75.0,Loan originated
1,335000.0,45,355000.0,86.0,1,Hispanic or Latino,Male,45-54,95.0,Loan originated
1,335000.0,41,345000.0,124.0,1,White,Male,35-44,97.0,Loan originated
1,765000.0,43,795000.0,214.0,1,Asian,Male,25-34,96.421,Loan originated
1,745000.0,45,785000.0,190.0,1,White,Male,45-54,95.0,Loan originated
1,505000.0,45,525000.0,129.0,1,Other,Female,65-74,95.0,Loan originated
1,755000.0,48,955000.0,285.0,1,White,Joint,25-34,78.947,Loan originated
1,1145000.0,47,1235000.0,255.0,1,Asian,Female,35-44,92.8,Loan originated
1,705000.0,41,935000.0,176.0,1,Asian,Male,25-34,75.0,Loan originated
1,485000.0,48,545000.0,93.0,1,Hispanic or Latino,Male,45-54,90.0,Loan originated
1,325000.0,30%-<36%,405000.0,89.0,1,Hispanic or Latino,Joint,25-34,80.0,Loan originated
1,575000.0,48,775000.0,140.0,1,Asian,Female,25-34,75.0,Loan originated
1,945000.0,42,1185000.0,242.0,1,Asian,Male,45-54,80.0,Loan originated
1,535000.0,49,665000.0,123.0,1,Asian,Male,25-34,80.0,Loan originated
1,645000.0,30%-<36%,685000.0,278.0,1,White,Joint,35-44,95.0,Loan originated
1,35000.0,>60%,35000.0,10.0,1,Hispanic or Latino,Male,<25,103.32,Application denied
1,615000.0,46,655000.0,131.0,1,Hispanic or Latino,Joint,25-34,95.0,Loan originated
1,605000.0,44,835000.0,128.0,1,White,Male,25-34,71.86,Loan originated
1,535000.0,38,635000.0,172.0,1,White,Male,35-44,84.144,Loan originated
1,815000.0,20%-<30%,905000.0,367.0,1,Asian,Joint,35-44,90.0,Loan originated
1,745000.0,40,935000.0,225.0,1,White,Joint,55-64,80.0,Loan originated
1,535000.0,47,615000.0,135.0,1,White,Joint,25-34,86.885,Loan originated
1,775000.0,45,825000.0,180.0,1,Hispanic or Latino,Joint,25-34,93.939,Loan originated
1,155000.0,30%-<36%,555000.0,80.0,1,White,Female,45-54,26.985,Loan originated
1,525000.0,36,965000.0,171.0,1,White,Male,55-64,54.29,Loan originated
1,365000.0,45,515000.0,83.0,1,White,Joint,65-74,71.0,Loan originated
1,655000.0,20%-<30%,695000.0,233.0,1,White,Female,55-64,95.0,Loan originated
1,765000.0,49,835000.0,160.0,1,White,Joint,25-34,93.0,Loan originated
1,565000.0,39,955000.0,197.0,1,White,Joint,45-54,58.947,Loan originated
1,855000.0,20%-<30%,1695000.0,427.0,1,Asian,Joint,35-44,50.296,Loan originated
1,665000.0,49,705000.0,143.0,1,White,Joint,25-34,95.0,Loan originated
1,355000.0,44,375000.0,139.0,1,White,Female,45-54,95.0,Application denied
1,635000.0,45,685000.0,218.0,1,White,Female,25-34,92.7,Loan originated
1,525000.0,40,885000.0,137.0,1,White,Joint,25-34,60.0,Loan originated
1,515000.0,36,575000.0,422.0,1,Asian,Male,25-34,90.0,Loan originated
1,755000.0,46,1015000.0,176.0,1,Asian,Female,25-34,74.26,Loan originated
1,625000.0,45,695000.0,250.0,1,White,Male,25-34,90.0,Loan originated
1,395000.0,39,405000.0,98.0,1,Hispanic or Latino,Male,25-34,97.0,Loan originated
1,515000.0,36,535000.0,184.0,1,Hispanic or Latino,Male,25-34,97.0,Loan originated
1,545000.0,39,885000.0,174.0,1,Asian,Male,45-54,62.0,Loan originated
1,925000.0,50%-60%,1085000.0,260.0,1,Asian,Male,45-54,84.793,Application denied
1,65000.0,20%-<30%,75000.0,35.0,1,White,Male,<25,97.0,Loan originated
1,815000.0,49,1505000.0,169.0,1,Asian,Joint,65-74,54.0,Loan originated
1,265000.0,39,335000.0,154.0,1,White,Female,45-54,80.0,Loan originated
1,575000.0,48,715000.0,131.0,1,White,Male,35-44,80.0,Loan originated
1,805000.0,44,845000.0,182.0,1,Asian,Male,35-44,94.975,Loan originated
1,785000.0,47,875000.0,189.0,1,Asian,Male,25-34,90.0,Loan originated
1,705000.0,45,885000.0,152.0,1,White,Joint,65-74,80.0,Loan originated
1,195000.0,48,295000.0,159.0,1,Hispanic or Latino,Male,55-64,66.555,Loan originated
1,305000.0,41,375000.0,87.0,1,White,Male,25-34,80.0,Loan originated
1,415000.0,37,435000.0,112.0,1,White,Female,55-64,95.0,Loan originated
1,465000.0,42,555000.0,117.0,1,White,Male,35-44,105.0,Loan originated
1,345000.0,36,485000.0,126.0,1,White,Female,35-44,72.01,Loan originated
1,765000.0,41,1165000.0,312.0,1,White,Male,25-34,65.517,Loan originated
1,765000.0,39,875000.0,201.0,1,White,Female,35-44,89.0,Loan originated
1,755000.0,30%-<36%,2755000.0,603.0,1,Asian,Female,45-54,27.273,Loan originated
1,555000.0,45,625000.0,117.0,1,Asian,Joint,45-54,90.0,Loan originated
1,725000.0,20%-<30%,915000.0,451.0,1,White,Male,35-44,80.0,Loan originated
1,1105000.0,30%-<36%,1705000.0,305.0,1,Hispanic or Latino,Female,35-44,65.0,Loan originated
1,155000.0,40,445000.0,83.0,1,White,Joint,65-74,34.091,Loan originated
1,745000.0,49,785000.0,23.0,1,Asian,Male,25-34,94.99,Loan originated
1,805000.0,39,1175000.0,242.0,1,Asian,Joint,25-34,68.889,Loan originated
1,465000.0,44,865000.0,241.0,1,Asian,Joint,25-34,53.917,Loan originated
1,645000.0,30%-<36%,715000.0,249.0,1,White,Joint,25-34,90.0,Loan originated
1,765000.0,30%-<36%,1045000.0,221.0,1,White,Joint,35-44,73.106,Loan originated
1,885000.0,43,1115000.0,187.0,1,Asian,Male,35-44,80.0,Loan originated
1,355000.0,43,475000.0,161.0,1,Hispanic or Latino,Male,45-54,75.0,Loan originated
1,375000.0,42,475000.0,101.0,1,Hispanic or Latino,Male,25-34,80.0,Loan originated
1,635000.0,48,675000.0,174.0,1,Hispanic or Latino,Female,35-44,95.0,Loan originated
1,435000.0,20%-<30%,495000.0,201.0,1,Hispanic or Latino,Male,25-34,90.0,Loan originated
1,1115000.0,47,1165000.0,274.0,1,White,Joint,35-44,95.0,Loan originated
1,605000.0,49,645000.0,135.0,1,Asian,Male,25-34,95.0,Loan originated
1,175000.0,30%-<36%,185000.0,158.0,1,Hispanic or Latino,Male,<25,95.0,Application denied
1,495000.0,40,625000.0,132.0,1,Asian,Female,25-34,80.0,Loan originated
1,355000.0,30%-<36%,455000.0,192.0,1,White,Joint,35-44,78.022,Loan originated
1,705000.0,39,875000.0,29.0,1,Hispanic or Latino,Male,25-34,85.0,Application denied
1,665000.0,49,865000.0,172.0,1,Hispanic or Latino,Male,45-54,76.879,Loan originated
1,565000.0,20%-<30%,705000.0,257.0,1,White,Male,45-54,80.0,Loan originated
1,1035000.0,39,1285000.0,309.0,1,Asian,Male,35-44,80.0,Application denied
1,255000.0,30%-<36%,275000.0,83.0,1,Hispanic or Latino,Female,25-34,90.0,Loan originated
1,175000.0,<20%,955000.0,280.0,1,White,Male,45-54,19.0,Loan originated
1,485000.0,44,615000.0,104.0,1,White,Joint,25-34,80.0,Loan originated
1,655000.0,49,815000.0,157.0,1,White,Male,25-34,80.0,Loan originated
1,395000.0,43,565000.0,95.0,1,Asian,Male,25-34,70.0,Loan originated
1,975000.0,30%-<36%,1305000.0,565.0,1,White,Joint,25-34,75.0,Loan originated
1,365000.0,49,525000.0,85.0,1,Hispanic or Latino,Male,35-44,70.0,Loan originated
1,345000.0,43,435000.0,72.0,1,Asian,Joint,25-34,80.0,Loan originated
1,705000.0,46,885000.0,200.0,1,Hispanic or Latino,Male,45-54,80.0,Loan originated
1,415000.0,40,445000.0,99.0,1,Hispanic or Latino,Female,25-34,95.0,Loan originated
1,755000.0,45,1195000.0,195.0,1,Asian,Joint,45-54,65.22,Loan originated
1,555000.0,49,805000.0,117.0,1,Asian,Male,25-34,68.75,Loan originated
1,435000.0,36,735000.0,157.0,1,Other,Male,55-64,58.904,Loan originated
1,255000.0,30%-<36%,1515000.0,133.0,1,Asian,Joint,45-54,16.48,Loan originated
1,335000.0,42,355000.0,83.0,1,Hispanic or Latino,Male,45-54,95.0,Loan originated
1,545000.0,20%-<30%,725000.0,195.0,1,Asian,Joint,35-44,75.74,Loan originated
1,325000.0,49,335000.0,68.0,1,White,Joint,25-34,95.0,Loan originated
1,55000.0,>60%,75000.0,31.0,1,White,Male,>74,69.38,Application denied
1,615000.0,20%-<30%,775000.0,236.0,1,Asian,Joint,45-54,80.0,Loan originated
1,475000.0,47,825000.0,107.0,1,White,Female,45-54,56.97,Loan originated
1,445000.0,50%-60%,605000.0,90.0,1,Hispanic or Latino,Male,25-34,74.0,Application denied
1,415000.0,20%-<30%,525000.0,176.0,1,White,Joint,55-64,80.0,Loan originated
1,265000.0,30%-<36%,355000.0,167.0,1,White,Joint,35-44,74.286,Loan originated
1,485000.0,30%-<36%,695000.0,156.0,1,White,Male,55-64,70.0,Loan originated
1,785000.0,37,1135000.0,340.0,1,Asian,Joint,35-44,70.0,Loan originated
1,615000.0,49,865000.0,133.0,1,White,Male,35-44,71.512,Loan originated
1,305000.0,40,385000.0,106.0,1,Hispanic or Latino,Joint,55-64,80.0,Loan originated
1,405000.0,46,565000.0,78.0,1,White,Joint,35-44,71.88,Loan originated
1,515000.0,45,545000.0,127.0,1,Hispanic or Latino,Joint,45-54,95.0,Loan originated
1,185000.0,36,205000.0,65.0,1,Hispanic or Latino,Male,<25,90.0,Loan originated
1,265000.0,49,275000.0,58.0,1,White,Female,25-34,95.0,Loan originated
1,595000.0,48,635000.0,131.0,1,White,Female,45-54,95.0,Loan originated
1,905000.0,49,1715000.0,312.0,1,Asian,Joint,35-44,53.0,Loan originated
1,765000.0,49,845000.0,186.0,1,Black or African American,Joint,25-34,90.0,Loan originated
1,495000.0,30%-<36%,615000.0,180.0,1,White,Joint,45-54,80.0,Loan originated
1,575000.0,42,875000.0,163.0,1,Asian,Male,65-74,65.517,Loan originated
1,355000.0,48,435000.0,73.0,1,Asian,Female,35-44,80.0,Loan originated
1,515000.0,45,545000.0,254.0,1,White,Joint,25-34,95.0,Loan originated
1,605000.0,46,645000.0,124.0,1,Asian,Male,25-34,95.0,Loan originated
1,405000.0,20%-<30%,905000.0,340.0,1,White,Joint,45-54,45.0,Loan originated
1,845000.0,30%-<36%,1055000.0,279.0,1,White,Joint,25-34,80.0,Loan originated
1,915000.0,44,1025000.0,258.0,1,White,Male,35-44,90.0,Loan originated
1,765000.0,30%-<36%,1405000.0,256.0,1,Asian,Male,25-34,54.71,Loan originated
1,285000.0,43,355000.0,70.0,1,Hispanic or Latino,Joint,45-54,79.0,Loan originated
1,625000.0,49,925000.0,145.0,1,White,Female,25-34,67.65,Loan originated
1,485000.0,49,605000.0,122.0,1,Hispanic or Latino,Female,25-34,80.0,Loan originated
1,685000.0,40,855000.0,236.0,1,Asian,Male,45-54,80.0,Loan originated
1,585000.0,43,855000.0,140.0,1,White,Joint,35-44,69.0,Loan originated
1,455000.0,30%-<36%,575000.0,211.0,1,Hispanic or Latino,Joint,55-64,80.0,Loan originated
1,955000.0,30%-<36%,1195000.0,335.0,1,White,Male,35-44,80.0,Loan originated
1,925000.0,44,2075000.0,296.0,1,White,Male,55-64,44.578,Loan originated
1,505000.0,49,825000.0,150.0,1,White,Male,35-44,61.0,Loan originated
1,825000.0,48,1595000.0,264.0,1,White,Joint,>74,51.456,Loan originated
1,685000.0,39,855000.0,202.0,1,Asian,Male,25-34,80.0,Loan originated
1,385000.0,44,485000.0,135.0,1,Hispanic or Latino,Joint,35-44,80.0,Loan originated
1,1135000.0,36,1575000.0,424.0,1,Asian,Joint,25-34,71.955,Loan originated
1,615000.0,>60%,715000.0,187.0,1,Asian,Female,45-54,86.07,Application denied
1,765000.0,43,975000.0,186.0,1,Asian,Male,45-54,78.68,Loan originated
1,385000.0,20%-<30%,575000.0,383.0,1,Hispanic or Latino,Joint,35-44,67.0,Loan originated
1,1025000.0,38,1205000.0,405.0,1,Hispanic or Latino,Male,35-44,85.0,Loan originated
1,285000.0,30%-<36%,325000.0,105.0,1,Hispanic or Latino,Male,25-34,90.0,Loan originated
1,715000.0,30%-<36%,745000.0,231.0,1,Asian,Joint,35-44,95.95,Loan originated
1,585000.0,46,655000.0,140.0,1,White,Male,25-34,90.0,Loan originated
1,565000.0,41,665000.0,175.0,1,White,Male,55-64,85.0,Loan originated
1,675000.0,36,845000.0,189.0,1,Hispanic or Latino,Male,25-34,80.0,Loan originated
1,565000.0,43,595000.0,124.0,1,White,Joint,25-34,98.0,Loan originated
1,565000.0,>60%,705000.0,89.0,1,White,Female,55-64,80.0,Application denied
1,165000.0,43,205000.0,94.0,1,Asian,Male,55-64,80.0,Loan originated
1,345000.0,45,435000.0,75.0,1,Asian,Male,<25,80.0,Loan originated
1,585000.0,20%-<30%,785000.0,526.0,1,White,Female,25-34,75.0,Loan originated
1,335000.0,48,355000.0,84.0,1,White,Male,35-44,95.0,Loan originated
1,555000.0,39,615000.0,190.0,1,Hispanic or Latino,Female,<25,90.0,Application denied
1,305000.0,39,355000.0,162.0,1,Hispanic or Latino,Joint,35-44,85.35,Application denied
1,365000.0,38,465000.0,182.0,1,Hispanic or Latino,Joint,45-54,80.0,Application denied
1,255000.0,30%-<36%,315000.0,130.0,1,White,Male,45-54,80.0,Loan originated
1,955000.0,40,3405000.0,342.0,1,White,Joint,45-54,28.074,Loan originated
1,355000.0,42,515000.0,84.0,1,White,Joint,25-34,70.0,Loan originated
1,1005000.0,20%-<30%,1635000.0,366.0,1,White,Joint,25-34,61.796,Loan originated
1,475000.0,45,595000.0,170.0,1,Hispanic or Latino,Joint,35-44,80.0,Loan originated
1,435000.0,43,455000.0,118.0,1,White,Female,35-44,95.0,Loan originated
1,525000.0,49,655000.0,273.0,1,Asian,Male,25-34,80.0,Loan originated
1,465000.0,42,505000.0,163.0,1,Asian,Joint,35-44,92.0,Loan originated
1,515000.0,40,545000.0,147.0,1,Hispanic or Latino,Joint,<25,95.0,Loan originated
1,665000.0,36,715000.0,190.0,1,Asian,Male,35-44,93.005,Loan originated
1,1145000.0,42,1425000.0,239.0,1,Asian,Joint,35-44,80.0,Loan originated
1,955000.0,49,1605000.0,189.0,1,White,Male,35-44,60.0,Loan originated
1,615000.0,37,885000.0,212.0,1,White,Male,45-54,70.0,Loan originated
1,135000.0,49,325000.0,57.0,1,White,Male,65-74,41.793,Loan originated
1,785000.0,50%-60%,1715000.0,135.0,1,White,Joint,65-74,45.481,Loan originated
1,155000.0,43,525000.0,182.0,1,Hispanic or Latino,Female,45-54,28.85,Application denied
1,445000.0,42,845000.0,137.0,1,Asian,Female,35-44,52.381,Loan originated
1,405000.0,40,665000.0,134.0,1,White,Female,65-74,60.606,Loan originated
1,1055000.0,41,1415000.0,311.0,1,White,Male,45-54,75.0,Loan originated
1,235000.0,>60%,235000.0,89.0,1,Black or African American,Male,65-74,98.74,Application denied
1,805000.0,44,895000.0,264.0,1,Asian,Joint,55-64,90.0,Loan originated
1,595000.0,20%-<30%,745000.0,475.0,1,White,Male,25-34,80.0,Loan originated
1,645000.0,44,675000.0,206.0,1,Hispanic or Latino,Female,25-34,95.0,Application denied
1,795000.0,40,995000.0,325.0,1,Asian,Joint,45-54,80.0,Loan originated
1,805000.0,42,1005000.0,221.0,1,White,Joint,35-44,80.0,Loan originated
1,245000.0,<20%,335000.0,196.0,1,Hispanic or Latino,Joint,55-64,75.0,Loan originated
1,625000.0,47,775000.0,131.0,1,Asian,Female,45-54,80.0,Loan originated
1,405000.0,45,1055000.0,121.0,1,White,Female,55-64,39.0,Loan originated
1,1085000.0,46,1355000.0,373.0,1,White,Joint,35-44,80.0,Loan originated
1,885000.0,49,1115000.0,225.0,1,Asian,Male,25-34,80.0,Loan originated
1,705000.0,44,1055000.0,188.0,1,White,Male,25-34,66.54,Loan originated
1,1045000.0,47,1305000.0,251.0,1,White,Male,35-44,80.0,Loan originated
1,645000.0,48,685000.0,130.0,1,Asian,Female,25-34,95.0,Loan originated
1,835000.0,48,875000.0,166.0,1,White,Joint,65-74,95.0,Loan originated
1,725000.0,46,975000.0,222.0,1,Asian,Male,35-44,75.0,Loan originated
1,275000.0,45,285000.0,123.0,1,Hispanic or Latino,Male,25-34,98.33,Loan originated
1,605000.0,38,645000.0,160.0,1,Hispanic or Latino,Female,35-44,95.0,Loan originated
1,575000.0,44,605000.0,166.0,1,Asian,Male,35-44,94.23,Loan originated
1,765000.0,49,1155000.0,150.0,1,Asian,Female,45-54,66.652,Loan originated
1,805000.0,44,1005000.0,199.0,1,Hispanic or Latino,Male,25-34,80.0,Loan originated
1,305000.0,37,1945000.0,147.0,1,Asian,Male,35-44,15.424,Loan originated
1,515000.0,45,535000.0,160.0,1,White,Male,35-44,95.0,Loan originated
1,545000.0,20%-<30%,645000.0,195.0,1,Asian,Female,25-34,84.455,Loan originated
1,335000.0,30%-<36%,525000.0,125.0,1,White,Male,25-34,64.423,Loan originated
1,665000.0,49,835000.0,131.0,1,Black or African American,Joint,55-64,98.08,Loan originated
1,375000.0,38,445000.0,117.0,1,White,Female,35-44,85.0,Loan originated
1,385000.0,47,585000.0,93.0,1,Asian,Joint,<25,65.51,Loan originated
1,105000.0,20%-<30%,695000.0,106.0,1,White,Joint,>74,18.874,Loan originated
1,245000.0,47,425000.0,52.0,1,Asian,Male,35-44,56.47,Loan originated
1,295000.0,41,335000.0,103.0,1,Asian,Female,65-74,90.0,Loan originated
1,385000.0,49,485000.0,93.0,1,Asian,Joint,35-44,80.0,Loan originated
1,575000.0,45,595000.0,150.0,1,Hispanic or Latino,Joint,25-34,97.0,Loan originated
1,135000.0,46,685000.0,148.0,1,White,Female,25-34,100.0,Loan originated
1,715000.0,20%-<30%,745000.0,343.0,1,White,Female,25-34,97.0,Loan originated
1,375000.0,43,415000.0,114.0,1,Hispanic or Latino,Female,55-64,90.0,Loan originated
1,845000.0,49,1265000.0,177.0,1,White,Male,25-34,67.0,Loan originated
1,635000.0,50%-60%,915000.0,121.0,1,White,Joint,45-54,82.0,Loan originated
1,765000.0,30%-<36%,965000.0,209.0,1,White,Female,25-34,79.043,Loan originated
1,505000.0,44,555000.0,113.0,1,Black or African American,Female,45-54,90.909,Application denied
1,875000.0,44,945000.0,217.0,1,Black or African American,Joint,35-44,92.553,Loan originated
1,155000.0,30%-<36%,315000.0,48.0,1,White,Male,35-44,48.39,Loan originated
1,405000.0,42,575000.0,139.0,1,White,Joint,35-44,69.739,Loan originated
1,665000.0,40,835000.0,240.0,1,Asian,Male,45-54,80.0,Loan originated
1,575000.0,36,775000.0,179.0,1,Asian,Male,25-34,75.0,Loan originated
1,625000.0,46,775000.0,173.0,1,Hispanic or Latino,Joint,35-44,80.0,Loan originated
1,425000.0,37,575000.0,121.0,1,Hispanic or Latino,Joint,25-34,73.913,Application denied
1,745000.0,46,995000.0,190.0,1,Asian,Joint,25-34,75.0,Loan originated
1,325000.0,37,405000.0,100.0,1,Asian,Female,25-34,80.0,Loan originated
1,345000.0,47,445000.0,81.0,1,White,Female,65-74,77.523,Loan originated
1,505000.0,49,555000.0,152.0,1,White,Joint,45-54,90.0,Loan originated
1,1045000.0,30%-<36%,1355000.0,323.0,1,Asian,Joint,25-34,77.04,Loan originated
1,765000.0,30%-<36%,855000.0,302.0,1,White,Joint,35-44,88.947,Loan originated
1,395000.0,44,495000.0,102.0,1,White,Female,35-44,80.0,Loan originated
1,425000.0,46,445000.0,94.0,1,Asian,Joint,25-34,95.0,Loan originated
1,805000.0,20%-<30%,805000.0,325.0,1,Asian,Male,35-44,100.0,Loan originated
1,975000.0,46,1035000.0,265.0,1,White,Female,35-44,95.0,Loan originated
1,505000.0,49,635000.0,100.0,1,Asian,Male,45-54,80.0,Loan originated
1,485000.0,47,605000.0,193.0,1,Hispanic or Latino,Male,25-34,80.0,Loan originated
1,575000.0,47,605000.0,137.0,1,Hispanic or Latino,Male,35-44,95.0,Loan originated
1,745000.0,30%-<36%,1015000.0,240.0,1,White,Male,25-34,74.0,Loan originated
1,715000.0,46,795000.0,493.0,1,White,Female,35-44,90.0,Loan originated
1,795000.0,37,835000.0,179.0,1,Hispanic or Latino,Male,45-54,97.994,Loan originated
1,1035000.0,49,1295000.0,211.0,1,Asian,Joint,35-44,79.99,Loan originated
1,345000.0,42,385000.0,85.0,1,White,Male,25-34,88.432,Loan originated
1,395000.0,42,435000.0,156.0,1,Hispanic or Latino,Male,25-34,90.0,Loan originated
1,425000.0,47,785000.0,97.0,1,White,Female,35-44,53.846,Loan originated
1,315000.0,<20%,625000.0,200.0,1,Hispanic or Latino,Male,25-34,51.613,Application denied
1,355000.0,30%-<36%,655000.0,160.0,1,Asian,Female,45-54,53.846,Loan originated
1,1045000.0,41,1305000.0,283.0,1,White,Joint,35-44,80.0,Loan originated
1,625000.0,48,665000.0,153.0,1,Asian,Female,35-44,95.0,Loan originated
1,1005000.0,30%-<36%,1505000.0,340.0,1,Asian,Joint,45-54,66.621,Loan originated
1,575000.0,42,925000.0,148.0,1,Asian,Male,25-34,61.62,Loan originated
1,1055000.0,47,1755000.0,229.0,1,White,Male,25-34,60.0,Loan originated
1,515000.0,49,645000.0,138.0,1,Asian,Male,25-34,100.0,Loan originated
1,1015000.0,44,1355000.0,245.0,1,White,Joint,35-44,75.0,Loan originated
1,145000.0,30%-<36%,435000.0,60.0,1,White,Joint,65-74,32.184,Loan originated
1,505000.0,30%-<36%,625000.0,171.0,1,White,Female,35-44,80.0,Application denied
1,615000.0,37,655000.0,176.0,1,Hispanic or Latino,Female,55-64,95.0,Loan originated
1,675000.0,30%-<36%,755000.0,222.0,1,Asian,Male,35-44,89.95,Loan originated
1,925000.0,20%-<30%,1155000.0,381.0,1,Asian,Joint,25-34,80.0,Loan originated
1,735000.0,36,925000.0,203.0,1,White,Joint,35-44,80.0,Loan originated
1,515000.0,45,595000.0,174.0,1,Asian,Male,55-64,87.719,Loan originated
1,275000.0,20%-<30%,345000.0,168.0,1,Hispanic or Latino,Female,25-34,80.0,Loan originated
1,555000.0,44,775000.0,122.0,1,White,Female,35-44,70.97,Loan originated
1,405000.0,40,425000.0,96.0,1,Hispanic or Latino,Male,<25,97.0,Loan originated
1,685000.0,44,935000.0,139.0,1,Hispanic or Latino,Joint,45-54,74.0,Loan originated
1,855000.0,50%-60%,905000.0,157.0,1,Hispanic or Latino,Male,45-54,95.0,Loan originated
1,915000.0,50%-60%,1555000.0,196.0,1,Asian,Female,25-34,58.572,Loan originated
1,145000.0,50%-60%,195000.0,192.0,1,White,Female,45-54,75.9,Application denied
1,425000.0,49,435000.0,133.0,1,Hispanic or Latino,Male,25-34,100.0,Loan originated
1,535000.0,47,545000.0,163.0,1,Black or African American,Male,25-34,97.0,Loan originated
1,545000.0,<20%,735000.0,590.0,1,White,Male,25-34,75.0,Application denied
1,395000.0,40,445000.0,115.0,1,White,Male,35-44,90.0,Loan originated
1,945000.0,38,1265000.0,346.0,1,Asian,Joint,55-64,75.0,Loan originated
1,635000.0,42,655000.0,159.0,1,Asian,Joint,35-44,97.0,Loan originated
1,125000.0,47,215000.0,100.0,1,Hispanic or Latino,Male,25-34,58.716,Loan originated
1,315000.0,30%-<36%,565000.0,98.0,1,White,Male,25-34,56.696,Loan originated
1,425000.0,48,765000.0,370.0,1,White,Joint,45-54,55.556,Loan originated
1,635000.0,41,845000.0,169.0,1,Asian,Male,45-54,75.0,Loan originated
1,765000.0,37,1005000.0,301.0,1,Asian,Joint,35-44,76.6,Loan originated
1,305000.0,>60%,605000.0,74.0,1,Hispanic or Latino,Joint,55-64,49.79,Application denied
1,995000.0,36,1175000.0,321.0,1,Asian,Male,35-44,85.0,Loan originated
1,245000.0,46,335000.0,67.0,1,Hispanic or Latino,Male,25-34,97.0,Loan originated
1,765000.0,20%-<30%,995000.0,278.0,1,White,Female,45-54,77.429,Loan originated
1,345000.0,49,365000.0,89.0,1,Hispanic or Latino,Female,35-44,95.0,Loan originated
1,485000.0,48,615000.0,129.0,1,Hispanic or Latino,Female,35-44,100.0,Application denied
1,435000.0,36,465000.0,186.0,1,Asian,Joint,45-54,95.0,Loan originated
1,495000.0,45,625000.0,12.0,1,Asian,Female,35-44,80.0,Loan originated
1,235000.0,30%-<36%,295000.0,115.0,1,Hispanic or Latino,Male,25-34,80.0,Loan originated
1,595000.0,46,625000.0,118.0,1,Hispanic or Latino,Male,35-44,95.0,Loan originated
1,715000.0,41,755000.0,236.0,1,Hispanic or Latino,Male,25-34,95.0,Loan originated
1,375000.0,48,585000.0,78.0,1,White,Female,35-44,63.248,Loan originated
1,415000.0,30%-<36%,715000.0,190.0,1,Asian,Female,35-44,57.75,Loan originated
1,275000.0,49,465000.0,91.0,1,White,Male,35-44,59.892,Loan originated
1,205000.0,41,285000.0,80.0,1,Hispanic or Latino,Female,45-54,71.93,Loan originated
1,765000.0,49,965000.0,242.0,1,Asian,Male,35-44,80.0,Loan originated
1,635000.0,50%-60%,795000.0,140.0,1,White,Joint,55-64,79.37,Loan originated
1,1075000.0,30%-<36%,1345000.0,346.0,1,Asian,Joint,25-34,80.0,Loan originated
1,465000.0,<20%,615000.0,1138.0,1,Asian,Male,<25,75.0,Loan originated
1,495000.0,42,515000.0,177.0,1,Black or African American,Joint,25-34,99.93,Loan originated
1,375000.0,39,425000.0,92.0,1,Black or African American,Male,25-34,90.0,Loan originated
1,975000.0,45,1355000.0,279.0,1,Asian,Female,25-34,72.489,Loan originated
1,1085000.0,42,1355000.0,276.0,1,Asian,Male,35-44,80.0,Loan originated
1,675000.0,30%-<36%,845000.0,288.0,1,White,Joint,35-44,80.0,Loan originated
1,585000.0,42,615000.0,155.0,1,White,Male,25-34,95.0,Loan originated
1,395000.0,37,765000.0,122.0,1,White,Female,65-74,51.32,Loan originated
1,435000.0,38,615000.0,115.0,1,White,Joint,25-34,70.0,Loan originated
1,915000.0,37,1865000.0,275.0,1,White,Joint,45-54,49.171,Loan originated
1,205000.0,43,945000.0,79.0,1,White,Joint,>74,21.055,Loan originated
1,335000.0,20%-<30%,475000.0,133.0,1,Asian,Male,25-34,69.932,Loan originated
1,595000.0,39,705000.0,179.0,1,White,Joint,25-34,85.0,Loan originated
1,695000.0,30%-<36%,905000.0,292.0,1,Asian,Male,45-54,77.0,Loan originated
1,75000.0,47,315000.0,35.0,1,White,Female,65-74,23.492,Loan originated
1,255000.0,38,655000.0,50.0,1,White,Female,55-64,39.0,Loan originated
1,225000.0,30%-<36%,235000.0,151.0,1,White,Male,55-64,95.0,Loan originated
1,945000.0,40,1045000.0,326.0,1,White,Joint,25-34,90.0,Loan originated
1,385000.0,49,585000.0,77.0,1,Hispanic or Latino,Male,35-44,65.928,Loan originated
1,465000.0,30%-<36%,575000.0,139.0,1,Asian,Female,35-44,80.0,Loan originated
1,655000.0,36,765000.0,259.0,1,White,Female,<25,84.97,Loan originated
1,795000.0,41,995000.0,225.0,1,White,Female,25-34,80.0,Loan originated
1,595000.0,41,745000.0,150.0,1,White,Female,35-44,79.919,Loan originated
1,1145000.0,20%-<30%,1425000.0,389.0,1,Asian,Male,25-34,80.0,Loan originated
1,1145000.0,45,1795000.0,317.0,1,Asian,Joint,25-34,65.0,Loan originated
1,575000.0,20%-<30%,715000.0,410.0,1,Asian,Male,35-44,80.0,Application denied
1,505000.0,39,625000.0,147.0,1,Asian,Female,45-54,80.0,Loan originated
1,1105000.0,38,1475000.0,447.0,1,Asian,Joint,35-44,75.0,Loan originated
1,595000.0,48,995000.0,183.0,1,Asian,Male,45-54,60.0,Loan originated
1,385000.0,30%-<36%,475000.0,122.0,1,Asian,Male,35-44,80.0,Loan originated
1,505000.0,41,975000.0,158.0,1,White,Joint,35-44,65.134,Loan originated
1,565000.0,44,815000.0,133.0,1,Asian,Female,35-44,70.0,Loan originated
1,15000.0,39,565000.0,181.0,1,White,Joint,35-44,100.0,Loan originated
1,625000.0,49,1805000.0,163.0,1,Asian,Female,25-34,34.626,Loan originated
1,405000.0,48,505000.0,104.0,1,Hispanic or Latino,Male,25-34,79.96,Loan originated
1,615000.0,48,995000.0,174.0,1,White,Joint,45-54,62.44,Loan originated
1,135000.0,43,465000.0,78.0,1,Asian,Female,65-74,28.26,Loan originated
1,335000.0,49,345000.0,74.0,1,Hispanic or Latino,Male,35-44,100.0,Loan originated
1,155000.0,41,295000.0,94.0,1,White,Female,65-74,53.448,Loan originated
1,95000.0,44,125000.0,50.0,1,White,Female,35-44,73.48,Application denied
1,605000.0,20%-<30%,865000.0,346.0,1,Asian,Male,45-54,70.0,Application denied
1,615000.0,42,645000.0,373.0,1,White,Joint,35-44,95.0,Loan originated
1,715000.0,49,845000.0,149.0,1,Asian,Female,45-54,84.99,Loan originated
1,515000.0,41,685000.0,155.0,1,Asian,Female,45-54,75.0,Loan originated
1,465000.0,47,495000.0,150.0,1,Asian,Joint,25-34,95.0,Loan originated
1,325000.0,20%-<30%,655000.0,314.0,1,White,Joint,55-64,49.61,Loan originated
1,675000.0,39,795000.0,292.0,1,Hispanic or Latino,Joint,35-44,85.0,Loan originated
1,575000.0,47,725000.0,232.0,1,White,Joint,45-54,80.0,Loan originated
1,365000.0,48,405000.0,82.0,1,Hispanic or Latino,Female,25-34,90.0,Loan originated
1,865000.0,45,965000.0,217.0,1,White,Joint,25-34,90.0,Loan originated
1,715000.0,41,755000.0,198.0,1,Hispanic or Latino,Female,45-54,95.0,Loan originated
1,425000.0,30%-<36%,535000.0,271.0,1,White,Male,45-54,80.0,Loan originated
1,445000.0,30%-<36%,635000.0,180.0,1,Asian,Male,35-44,70.0,Loan originated
1,325000.0,30%-<36%,375000.0,142.0,1,Hispanic or Latino,Male,45-54,87.844,Loan originated
1,295000.0,37,335000.0,123.0,1,Hispanic or Latino,Female,25-34,90.0,Loan originated
1,155000.0,36,185000.0,48.0,1,White,Female,35-44,85.0,Loan originated
1,255000.0,20%-<30%,755000.0,167.0,1,Asian,Male,55-64,32.937,Loan originated
1,595000.0,30%-<36%,795000.0,248.0,1,White,Joint,25-34,75.0,Loan originated
1,615000.0,39,665000.0,160.0,1,Asian,Male,25-34,92.528,Loan originated
1,505000.0,45,625000.0,130.0,1,White,Joint,35-44,80.0,Loan originated
1,155000.0,47,755000.0,94.0,1,White,Female,55-64,20.0,Loan originated
1,485000.0,20%-<30%,605000.0,191.0,1,White,Joint,25-34,80.0,Loan originated
1,455000.0,20%-<30%,1795000.0,243.0,1,White,Female,25-34,26.0,Loan originated
1,205000.0,48,335000.0,105.0,1,White,Joint,65-74,59.88,Loan originated
1,225000.0,49,285000.0,54.0,1,Black or African American,Female,25-34,100.0,Loan originated
1,405000.0,44,505000.0,98.0,1,Asian,Joint,35-44,79.2,Loan originated
1,805000.0,42,855000.0,191.0,1,Other,Female,35-44,95.0,Loan originated
1,615000.0,48,1195000.0,161.0,1,Asian,Male,35-44,50.918,Loan originated
1,385000.0,40,485000.0,163.0,1,White,Joint,25-34,80.0,Loan originated
1,475000.0,38,675000.0,126.0,1,Asian,Female,25-34,70.15,Loan originated
1,1065000.0,37,1845000.0,352.0,1,Asian,Male,45-54,57.453,Loan originated
1,455000.0,37,575000.0,111.0,1,Asian,Joint,35-44,80.0,Loan originated
1,825000.0,>60%,1275000.0,50.0,1,White,Male,35-44,65.0,Application denied
1,335000.0,50%-60%,345000.0,112.0,1,Hispanic or Latino,Female,55-64,95.0,Application denied
1,735000.0,46,765000.0,162.0,1,Hispanic or Latino,Female,25-34,97.0,Loan originated
1,195000.0,30%-<36%,265000.0,124.0,1,Asian,Female,65-74,74.0,Loan originated
1,385000.0,43,475000.0,119.0,1,White,Female,25-34,80.0,Loan originated
1,645000.0,39,685000.0,165.0,1,Hispanic or Latino,Joint,35-44,95.0,Loan originated
1,645000.0,42,805000.0,191.0,1,Asian,Female,65-74,80.0,Loan originated
1,325000.0,39,345000.0,110.0,1,Hispanic or Latino,Joint,55-64,93.0,Loan originated
1,645000.0,44,815000.0,154.0,1,Hispanic or Latino,Joint,25-34,80.0,Loan originated
1,405000.0,49,515000.0,77.0,1,Asian,Male,25-34,80.0,Loan originated
1,515000.0,<20%,645000.0,555.0,1,White,Male,35-44,80.0,Loan originated
1,255000.0,49,275000.0,88.0,1,White,Male,25-34,95.0,Loan originated
1,845000.0,50%-60%,1055000.0,218.0,1,Asian,Male,35-44,80.0,Application denied
1,765000.0,48,1705000.0,357.0,1,Asian,Joint,45-54,45.059,Loan originated
1,605000.0,30%-<36%,635000.0,230.0,1,Asian,Female,25-34,95.0,Loan originated
1,315000.0,42,585000.0,102.0,1,Hispanic or Latino,Joint,45-54,53.15,Loan originated
1,575000.0,46,685000.0,119.0,1,Black or African American,Female,45-54,104.781,Loan originated
1,575000.0,48,625000.0,175.0,1,Asian,Male,45-54,92.0,Loan originated
1,435000.0,30%-<36%,455000.0,116.0,1,Asian,Joint,25-34,95.0,Loan originated
1,945000.0,48,1175000.0,187.0,1,Asian,Female,25-34,80.0,Loan originated
1,435000.0,46,545000.0,96.0,1,White,Male,45-54,80.0,Loan originated
1,845000.0,42,1055000.0,303.0,1,White,Female,25-34,80.0,Loan originated
1,1055000.0,39,1245000.0,365.0,1,White,Male,35-44,85.0,Loan originated
1,525000.0,44,615000.0,214.0,1,Other,Female,<25,85.0,Loan originated
1,605000.0,20%-<30%,755000.0,251.0,1,White,Male,35-44,80.0,Loan originated
1,465000.0,41,505000.0,161.0,1,White,Joint,35-44,93.3,Application denied
1,445000.0,30%-<36%,955000.0,200.0,1,White,Joint,55-64,46.874,Loan originated
1,65000.0,30%-<36%,415000.0,39.0,1,White,Female,65-74,14.458,Loan originated
1,685000.0,43,855000.0,311.0,1,White,Male,35-44,80.0,Loan originated
1,795000.0,42,995000.0,192.0,1,Asian,Joint,35-44,80.0,Loan originated
1,1125000.0,45,1415000.0,320.0,1,Asian,Joint,35-44,80.0,Loan originated
1,475000.0,30%-<36%,495000.0,176.0,1,Hispanic or Latino,Joint,35-44,95.0,Loan originated
1,535000.0,20%-<30%,805000.0,191.0,1,Asian,Joint,45-54,66.25,Loan originated
1,355000.0,39,445000.0,158.0,1,Hispanic or Latino,Joint,35-44,80.0,Loan originated
1,265000.0,<20%,665000.0,220.0,1,Asian,Male,25-34,39.853,Loan originated
1,835000.0,20%-<30%,1395000.0,381.0,1,White,Joint,35-44,60.0,Loan originated
1,1015000.0,45,1275000.0,313.0,1,White,Female,25-34,80.0,Loan originated
1,1135000.0,20%-<30%,1625000.0,415.0,1,Asian,Joint,35-44,70.0,Loan originated
1,355000.0,46,405000.0,74.0,1,White,Male,25-34,90.0,Loan originated
1,605000.0,46,675000.0,164.0,1,White,Female,55-64,90.0,Loan originated
1,765000.0,45,985000.0,195.0,1,White,Male,25-34,78.219,Loan originated
1,535000.0,30%-<36%,685000.0,145.0,1,Asian,Male,35-44,77.941,Loan originated
1,525000.0,47,545000.0,121.0,1,White,Female,25-34,97.0,Loan originated
1,805000.0,48,855000.0,195.0,1,Hispanic or Latino,Male,45-54,95.0,Loan originated
1,135000.0,30%-<36%,155000.0,59.0,1,Hispanic or Latino,Male,65-74,90.0,Loan originated
1,405000.0,45,515000.0,112.0,1,Black or African American,Joint,25-34,80.0,Loan originated
1,1145000.0,39,1435000.0,323.0,1,Asian,Joint,35-44,80.0,Loan originated
1,925000.0,38,1425000.0,230.0,1,White,Joint,55-64,64.814,Loan originated
1,915000.0,46,1145000.0,223.0,1,White,Male,35-44,80.0,Loan originated
1,715000.0,45,885000.0,152.0,1,Asian,Male,25-34,80.0,Loan originated
1,245000.0,20%-<30%,565000.0,105.0,1,White,Male,25-34,42.857,Loan originated
1,685000.0,44,825000.0,163.0,1,White,Male,25-34,84.0,Loan originated
1,295000.0,20%-<30%,365000.0,182.0,1,White,Male,35-44,80.0,Loan originated
1,955000.0,43,1005000.0,248.0,1,White,Joint,55-64,95.0,Loan originated
1,375000.0,30%-<36%,465000.0,145.0,1,White,Male,25-34,80.0,Loan originated
1,185000.0,41,465000.0,61.0,1,White,Male,55-64,38.925,Loan originated
1,665000.0,45,885000.0,158.0,1,White,Joint,55-64,75.0,Loan originated
1,125000.0,38,165000.0,38.0,1,White,Female,65-74,78.125,Loan originated
1,245000.0,49,325000.0,55.0,1,Hispanic or Latino,Female,<25,74.006,Loan originated
1,435000.0,45,865000.0,156.0,1,White,Joint,35-44,50.0,Loan originated
1,305000.0,30%-<36%,405000.0,99.0,1,White,Female,65-74,75.31,Loan originated
1,315000.0,39,435000.0,98.0,1,Black or African American,Female,45-54,100.0,Loan originated
1,205000.0,40,275000.0,106.0,1,White,Female,55-64,74.9,Loan originated
1,665000.0,48,835000.0,170.0,1,Asian,Female,25-34,80.0,Loan originated
1,575000.0,49,685000.0,123.0,1,White,Male,35-44,83.212,Loan originated
1,675000.0,20%-<30%,915000.0,344.0,1,White,Joint,55-64,73.77,Loan originated
1,825000.0,40,1035000.0,280.0,1,White,Joint,25-34,80.0,Loan originated
1,555000.0,49,695000.0,125.0,1,White,Joint,35-44,80.0,Loan originated
1,1095000.0,40,1285000.0,305.0,1,White,Joint,35-44,85.0,Loan originated
1,415000.0,41,765000.0,153.0,1,Hispanic or Latino,Female,45-54,54.11,Loan originated
1,265000.0,43,535000.0,80.0,1,White,Female,45-54,49.53,Loan originated
1,885000.0,39,1115000.0,232.0,1,Asian,Male,35-44,80.0,Loan originated
1,485000.0,40,605000.0,165.0,1,Black or African American,Male,25-34,80.0,Application denied
1,995000.0,30%-<36%,1115000.0,302.0,1,White,Joint,25-34,90.0,Loan originated
1,285000.0,48,365000.0,88.0,1,White,Joint,25-34,80.0,Loan originated
1,195000.0,44,245000.0,97.0,1,Hispanic or Latino,Joint,55-64,80.0,Loan originated
1,355000.0,40,635000.0,93.0,1,White,Joint,>74,54.97,Loan originated
1,295000.0,47,365000.0,60.0,1,Asian,Male,35-44,80.0,Loan originated
1,685000.0,20%-<30%,1105000.0,748.0,1,Hispanic or Latino,Female,45-54,65.0,Loan originated
1,505000.0,39,2455000.0,212.0,1,White,Joint,65-74,20.408,Loan originated
1,745000.0,44,885000.0,180.0,1,White,Male,55-64,85.0,Loan originated
1,755000.0,49,1325000.0,157.0,1,White,Female,35-44,56.604,Application denied
1,245000.0,49,275000.0,75.0,1,Hispanic or Latino,Female,<25,89.781,Loan originated
1,885000.0,47,1105000.0,214.0,1,Asian,Joint,25-34,80.0,Loan originated
1,445000.0,40,665000.0,120.0,1,Hispanic or Latino,Male,35-44,65.919,Loan originated
1,305000.0,45,335000.0,88.0,1,White,Male,25-34,91.04,Loan originated
1,725000.0,47,905000.0,176.0,1,Asian,Male,35-44,80.0,Loan originated
1,655000.0,<20%,1355000.0,730.0,1,Hispanic or Latino,Joint,45-54,48.148,Loan originated
1,615000.0,20%-<30%,1205000.0,280.0,1,White,Joint,35-44,50.83,Loan originated
1,545000.0,30%-<36%,565000.0,190.0,1,Hispanic or Latino,Female,35-44,97.0,Loan originated
1,1045000.0,40,1235000.0,392.0,1,Asian,Joint,35-44,84.959,Loan originated
1,435000.0,45,445000.0,106.0,1,Black or African American,Female,35-44,97.0,Loan originated
1,675000.0,20%-<30%,1005000.0,343.0,1,White,Joint,35-44,68.0,Loan originated
1,485000.0,42,505000.0,169.0,1,Asian,Joint,25-34,95.0,Loan originated
1,345000.0,20%-<30%,365000.0,214.0,1,White,Female,45-54,95.0,Loan originated
1,585000.0,30%-<36%,775000.0,354.0,1,Asian,Joint,55-64,75.0,Loan originated
1,445000.0,30%-<36%,555000.0,187.0,1,Asian,Joint,25-34,80.0,Loan originated
1,405000.0,48,455000.0,86.0,1,Other,Male,45-54,90.0,Loan originated
1,415000.0,>60%,465000.0,65.0,1,Asian,Joint,35-44,89.892,Application denied
1,495000.0,46,545000.0,120.0,1,Asian,Joint,25-34,90.0,Loan originated
1,805000.0,41,905000.0,199.0,1,Asian,Joint,35-44,88.89,Loan originated
1,605000.0,40,625000.0,188.0,1,Hispanic or Latino,Joint,25-34,97.0,Loan originated
1,445000.0,45,495000.0,91.0,1,Hispanic or Latino,Joint,25-34,90.0,Loan originated
1,145000.0,47,425000.0,63.0,1,White,Female,65-74,34.524,Loan originated
1,755000.0,48,795000.0,160.0,1,White,Male,35-44,95.0,Loan originated
1,655000.0,42,815000.0,176.0,1,Asian,Joint,25-34,80.0,Loan originated
1,205000.0,30%-<36%,335000.0,264.0,1,White,Male,55-64,59.701,Loan originated
1,175000.0,20%-<30%,745000.0,111.0,1,White,Female,25-34,23.87,Loan originated
1,455000.0,43,535000.0,132.0,1,White,Female,25-34,85.0,Loan originated
1,565000.0,42,805000.0,213.0,1,Asian,Female,25-34,70.0,Loan originated
1,235000.0,20%-<30%,435000.0,119.0,1,White,Male,35-44,53.488,Loan originated
1,985000.0,36,1085000.0,261.0,1,Asian,Male,25-34,89.99,Loan originated
1,1125000.0,47,1735000.0,363.0,1,Asian,Joint,35-44,65.0,Loan originated
1,555000.0,49,1125000.0,142.0,1,Black or African American,Joint,25-34,48.889,Loan originated
1,645000.0,47,805000.0,295.0,1,Asian,Joint,25-34,80.0,Loan originated
1,805000.0,39,975000.0,328.0,1,White,Male,25-34,85.0,Loan originated
1,765000.0,46,1265000.0,263.0,1,Hispanic or Latino,Joint,45-54,60.41,Loan originated
1,755000.0,43,945000.0,195.0,1,Asian,Male,45-54,89.99,Loan originated
1,835000.0,20%-<30%,1155000.0,332.0,1,Asian,Joint,45-54,73.0,Loan originated
1,605000.0,50%-60%,645000.0,156.0,1,Black or African American,Female,45-54,95.0,Application denied
1,685000.0,49,855000.0,155.0,1,White,Joint,45-54,80.0,Loan originated
1,765000.0,41,955000.0,173.0,1,Asian,Male,25-34,80.0,Loan originated
1,1295000.0,43,1735000.0,389.0,1,Asian,Joint,25-34,74.57,Loan originated
1,845000.0,49,955000.0,198.0,1,Hispanic or Latino,Female,35-44,89.0,Application denied
1,955000.0,30%-<36%,1195000.0,245.0,1,Asian,Male,25-34,79.994,Loan originated
1,605000.0,30%-<36%,715000.0,224.0,1,Asian,Male,35-44,85.0,Loan originated
1,365000.0,49,385000.0,80.0,1,White,Female,25-34,100.0,Loan originated
1,565000.0,49,755000.0,107.0,1,Asian,Male,25-34,75.0,Loan originated
1,465000.0,30%-<36%,515000.0,161.0,1,Hispanic or Latino,Female,35-44,90.203,Loan originated
1,385000.0,42,715000.0,94.0,1,White,Male,25-34,53.693,Loan originated
1,525000.0,38,745000.0,201.0,1,Asian,Female,35-44,75.0,Loan originated
1,195000.0,43,295000.0,58.0,1,White,Joint,55-64,66.102,Loan originated
1,1085000.0,47,1135000.0,243.0,1,Hispanic or Latino,Female,25-34,95.0,Loan originated
1,755000.0,20%-<30%,945000.0,1316.0,1,White,Male,25-34,80.0,Loan originated
1,755000.0,20%-<30%,945000.0,260.0,1,Asian,Joint,25-34,80.0,Loan originated
1,645000.0,30%-<36%,715000.0,188.0,1,Asian,Joint,35-44,90.0,Loan originated
1,475000.0,42,495000.0,137.0,1,White,Female,35-44,97.0,Loan originated
1,195000.0,20%-<30%,205000.0,95.0,1,White,Male,35-44,95.0,Loan originated
1,655000.0,20%-<30%,875000.0,275.0,1,White,Male,35-44,75.0,Loan originated
1,415000.0,30%-<36%,535000.0,123.0,1,White,Joint,25-34,77.612,Loan originated
1,295000.0,38,295000.0,77.0,1,Hispanic or Latino,Male,25-34,97.0,Loan originated
1,495000.0,49,995000.0,134.0,1,Asian,Joint,35-44,49.598,Loan originated
1,795000.0,37,995000.0,343.0,1,Asian,Joint,55-64,79.9,Loan originated
1,535000.0,46,665000.0,220.0,1,White,Female,55-64,79.996,Loan originated
1,765000.0,49,965000.0,157.0,1,White,Male,25-34,80.0,Loan originated
1,595000.0,49,795000.0,242.0,1,Black or African American,Female,55-64,75.0,Loan originated
1,485000.0,38,515000.0,155.0,1,Black or African American,Female,45-54,95.0,Loan originated
1,995000.0,<20%,1325000.0,1046.0,1,White,Male,25-34,75.0,Loan originated
1,745000.0,39,805000.0,222.0,1,White,Male,35-44,92.57,Loan originated
1,825000.0,39,1655000.0,217.0,1,Asian,Joint,25-34,80.909,Loan originated
1,1035000.0,38,1295000.0,308.0,1,White,Joint,25-34,79.89,Loan originated
1,1065000.0,41,1325000.0,223.0,1,White,Joint,35-44,80.0,Loan originated
1,575000.0,41,955000.0,146.0,1,White,Male,35-44,59.75,Loan originated
1,685000.0,30%-<36%,755000.0,190.0,1,Asian,Male,35-44,89.99,Loan originated
1,1145000.0,48,1265000.0,258.0,1,Asian,Female,35-44,91.19,Loan originated
1,855000.0,20%-<30%,1225000.0,1762.0,1,White,Joint,<25,70.0,Loan originated
1,765000.0,43,905000.0,203.0,1,Asian,Male,25-34,84.532,Loan originated
1,235000.0,41,245000.0,64.0,1,White,Joint,35-44,261.935,Loan originated
1,1145000.0,42,1275000.0,595.0,1,White,Male,45-54,90.0,Loan originated
1,745000.0,30%-<36%,785000.0,265.0,1,Asian,Joint,35-44,95.0,Loan originated
1,605000.0,50%-60%,1085000.0,111.0,1,White,Male,35-44,55.88,Loan originated
1,265000.0,44,415000.0,58.0,1,White,Male,65-74,64.634,Loan originated
1,695000.0,44,725000.0,229.0,1,White,Joint,35-44,102.91,Loan originated
1,325000.0,36,625000.0,102.0,1,Asian,Joint,55-64,52.0,Loan originated
1,485000.0,20%-<30%,695000.0,458.0,1,Hispanic or Latino,Joint,55-64,70.0,Loan originated
1,415000.0,48,525000.0,90.0,1,Asian,Female,35-44,80.0,Loan originated
1,545000.0,44,635000.0,191.0,1,Asian,Joint,25-34,85.0,Loan originated
1,485000.0,30%-<36%,615000.0,200.0,1,Asian,Male,45-54,97.0,Loan originated
1,845000.0,40,1055000.0,231.0,1,White,Male,25-34,80.0,Loan originated
1,615000.0,30%-<36%,765000.0,201.0,1,White,Joint,<25,80.0,Loan originated
1,715000.0,49,955000.0,149.0,1,Hispanic or Latino,Joint,25-34,75.0,Loan originated
1,1055000.0,45,1505000.0,230.0,1,Asian,Male,25-34,70.0,Loan originated
1,325000.0,30%-<36%,405000.0,117.0,1,Hispanic or Latino,Female,55-64,80.0,Loan originated
1,315000.0,42,345000.0,75.0,1,White,Female,<25,90.0,Loan originated
1,215000.0,20%-<30%,235000.0,101.0,1,White,Female,35-44,93.62,Application denied
1,445000.0,46,485000.0,114.0,1,Asian,Female,25-34,92.68,Loan originated
1,915000.0,>60%,1145000.0,81.0,1,Asian,Joint,35-44,80.0,Loan originated
1,1125000.0,30%-<36%,1405000.0,323.0,1,Asian,Joint,35-44,80.0,Loan originated
1,255000.0,41,505000.0,70.0,1,White,Female,55-64,50.0,Loan originated
1,155000.0,30%-<36%,895000.0,88.0,1,Asian,Female,55-64,16.69,Loan originated
1,705000.0,20%-<30%,785000.0,461.0,1,White,Female,>74,90.0,Loan originated
1,605000.0,45,675000.0,184.0,1,Black or African American,Female,55-64,90.0,Loan originated
1,575000.0,47,715000.0,263.0,1,White,Female,55-64,80.0,Loan originated
1,375000.0,30%-<36%,675000.0,127.0,1,White,Female,65-74,55.556,Loan originated
1,765000.0,<20%,1535000.0,676.0,1,White,Male,65-74,50.101,Loan originated
1,595000.0,47,1095000.0,143.0,1,White,Joint,45-54,54.338,Loan originated
1,295000.0,43,795000.0,194.0,1,White,Male,65-74,36.709,Loan originated
1,765000.0,48,875000.0,230.0,1,White,Male,35-44,87.4,Loan originated
1,365000.0,<20%,385000.0,663.0,1,Hispanic or Latino,Female,45-54,97.11,Application denied
1,215000.0,39,435000.0,84.0,1,White,Joint,65-74,48.499,Loan originated
1,385000.0,43,485000.0,84.0,1,White,Male,35-44,80.0,Loan originated
1,675000.0,45,745000.0,172.0,1,Hispanic or Latino,Joint,25-34,89.966,Loan originated
1,605000.0,36,755000.0,180.0,1,Asian,Joint,45-54,79.995,Loan originated
1,555000.0,46,655000.0,133.0,1,White,Female,25-34,85.0,Loan originated
1,425000.0,45,445000.0,116.0,1,White,Male,45-54,96.37,Loan originated
1,935000.0,43,1685000.0,264.0,1,White,Male,65-74,55.193,Loan originated
1,505000.0,37,535000.0,130.0,1,Hispanic or Latino,Female,35-44,94.964,Loan originated
1,645000.0,20%-<30%,805000.0,249.0,1,Asian,Joint,25-34,80.0,Loan originated
1,405000.0,49,905000.0,94.0,1,White,Female,25-34,45.0,Loan originated
1,1245000.0,30%-<36%,1415000.0,371.0,1,White,Joint,35-44,88.0,Loan originated
1,485000.0,50%-60%,565000.0,112.0,1,Asian,Male,55-64,85.0,Loan originated
1,165000.0,20%-<30%,205000.0,137.0,1,Hispanic or Latino,Male,25-34,80.0,Loan originated
1,405000.0,40,1335000.0,131.0,1,White,Female,45-54,30.075,Loan originated
1,165000.0,<20%,705000.0,369.0,1,White,Joint,35-44,23.571,Loan originated
1,385000.0,37,405000.0,109.0,1,Hispanic or Latino,Female,25-34,100.0,Loan originated
1,515000.0,38,655000.0,196.0,1,White,Male,25-34,78.47,Loan originated
1,435000.0,30%-<36%,545000.0,216.0,1,Hispanic or Latino,Female,35-44,80.0,Loan originated
1,575000.0,49,825000.0,123.0,1,Hispanic or Latino,Male,35-44,70.0,Loan originated
1,725000.0,46,905000.0,155.0,1,White,Male,25-34,80.0,Loan originated
1,155000.0,49,725000.0,52.0,1,White,Female,65-74,21.0,Loan originated
1,325000.0,36,435000.0,195.0,1,White,Male,55-64,75.0,Loan originated
1,675000.0,42,915000.0,180.0,1,Asian,Joint,35-44,75.0,Loan originated
1,605000.0,46,805000.0,225.0,1,White,Joint,35-44,75.0,Loan originated
1,405000.0,<20%,465000.0,711.0,1,Hispanic or Latino,Joint,25-34,87.097,Loan originated
1,585000.0,20%-<30%,785000.0,227.0,1,White,Joint,45-54,74.52,Loan originated
1,555000.0,46,585000.0,148.0,1,Hispanic or Latino,Male,25-34,95.0,Loan originated
1,815000.0,40,1155000.0,263.0,1,White,Joint,65-74,70.0,Loan originated
1,455000.0,49,565000.0,97.0,1,Hispanic or Latino,Female,35-44,100.0,Loan originated
1,285000.0,44,305000.0,88.0,1,White,Female,<25,95.0,Loan originated
1,385000.0,49,405000.0,134.0,1,Black or African American,Joint,45-54,95.0,Loan originated
1,615000.0,42,685000.0,199.0,1,White,Female,25-34,90.0,Loan originated
1,225000.0,20%-<30%,435000.0,95.0,1,White,Female,55-64,51.0,Loan originated
1,495000.0,48,615000.0,126.0,1,White,Male,65-74,80.0,Loan originated
1,285000.0,>60%,745000.0,73.0,1,Asian,Joint,45-54,38.05,Application denied
1,455000.0,40,465000.0,130.0,1,Hispanic or Latino,Joint,45-54,96.5,Loan originated
1,535000.0,30%-<36%,665000.0,290.0,1,Asian,Male,45-54,80.0,Loan originated
1,605000.0,49,1425000.0,213.0,1,White,Male,>74,42.105,Loan originated
1,815000.0,49,1855000.0,177.0,1,Hispanic or Latino,Female,55-64,43.784,Loan originated
1,595000.0,43,665000.0,184.0,1,White,Joint,25-34,93.875,Loan originated
1,1015000.0,45,1275000.0,279.0,1,Hispanic or Latino,Joint,35-44,80.0,Loan originated
1,155000.0,20%-<30%,175000.0,138.0,1,White,Joint,65-74,90.0,Loan originated
1,265000.0,36,355000.0,162.0,1,Asian,Joint,25-34,75.58,Loan originated
1,435000.0,45,455000.0,95.0,1,White,Female,35-44,97.0,Loan originated
1,665000.0,46,835000.0,167.0,1,Asian,Female,45-54,80.0,Loan originated
1,815000.0,44,1015000.0,215.0,1,Asian,Joint,25-34,95.0,Loan originated
1,475000.0,39,1205000.0,138.0,1,Hispanic or Latino,Female,35-44,39.583,Loan originated
1,815000.0,38,1365000.0,236.0,1,White,Joint,35-44,60.0,Loan originated
1,185000.0,43,635000.0,81.0,1,White,Female,>74,28.346,Loan originated
1,385000.0,45,415000.0,122.0,1,Hispanic or Latino,Joint,25-34,95.0,Loan originated
1,505000.0,41,525000.0,132.0,1,Hispanic or Latino,Female,25-34,97.0,Loan originated
1,285000.0,49,335000.0,63.0,1,Hispanic or Latino,Female,45-54,86.37,Loan originated
1,395000.0,30%-<36%,695000.0,159.0,1,Asian,Female,>74,56.98,Loan originated
1,305000.0,20%-<30%,655000.0,155.0,1,Asian,Male,25-34,46.118,Loan originated
1,435000.0,49,585000.0,110.0,1,White,Female,45-54,75.0,Loan originated
1,555000.0,44,655000.0,187.0,1,Hispanic or Latino,Joint,55-64,84.62,Application denied
1,505000.0,48,525000.0,107.0,1,Hispanic or Latino,Male,35-44,97.0,Loan originated
1,535000.0,37,595000.0,158.0,1,White,Male,55-64,90.0,Loan originated
1,905000.0,30%-<36%,1325000.0,335.0,1,Asian,Joint,45-54,67.93,Loan originated
1,365000.0,44,615000.0,113.0,1,Other,Male,35-44,59.35,Loan originated
1,635000.0,40,655000.0,156.0,1,Hispanic or Latino,Female,25-34,97.0,Loan originated
1,615000.0,20%-<30%,725000.0,274.0,1,White,Female,45-54,85.0,Loan originated
1,755000.0,47,2655000.0,210.0,1,White,Female,55-64,28.3,Loan originated
1,555000.0,<20%,1555000.0,590.0,1,Asian,Joint,45-54,36.0,Loan originated
1,375000.0,45,385000.0,93.0,1,Hispanic or Latino,Female,25-34,97.0,Loan originated
1,335000.0,37,425000.0,83.0,1,Asian,Joint,45-54,80.0,Loan originated
1,645000.0,30%-<36%,805000.0,343.0,1,White,Joint,35-44,80.0,Loan originated
1,515000.0,43,535000.0,172.0,1,Hispanic or Latino,Joint,25-34,97.0,Loan originated
1,465000.0,30%-<36%,575000.0,125.0,1,White,Female,35-44,80.0,Loan originated
1,265000.0,38,505000.0,86.0,1,White,Joint,35-44,52.665,Loan originated
1,445000.0,20%-<30%,645000.0,175.0,1,White,Joint,45-54,70.0,Loan originated
1,555000.0,38,655000.0,189.0,1,White,Joint,25-34,84.71,Loan originated
1,335000.0,20%-<30%,395000.0,209.0,1,Hispanic or Latino,Male,<25,85.0,Loan originated
1,415000.0,39,525000.0,125.0,1,Black or African American,Female,35-44,80.0,Loan originated
1,405000.0,46,505000.0,94.0,1,Hispanic or Latino,Female,25-34,80.0,Loan originated
1,135000.0,44,745000.0,73.0,1,White,Female,65-74,17.999,Loan originated
1,325000.0,20%-<30%,405000.0,175.0,1,Asian,Female,55-64,80.0,Loan originated
1,255000.0,20%-<30%,505000.0,550.0,1,Asian,Joint,25-34,49.15,Loan originated
1,765000.0,47,935000.0,177.0,1,Asian,Joint,35-44,82.425,Loan originated
1,505000.0,30%-<36%,675000.0,165.0,1,White,Joint,35-44,75.0,Loan originated
1,1145000.0,47,1685000.0,289.0,1,Asian,Male,35-44,68.393,Loan originated
1,385000.0,42,615000.0,122.0,1,White,Joint,45-54,62.602,Loan originated
1,605000.0,<20%,1305000.0,385.0,1,White,Joint,25-34,46.15,Loan originated
1,765000.0,43,965000.0,197.0,1,Black or African American,Female,45-54,80.0,Application denied
1,1125000.0,20%-<30%,1605000.0,586.0,1,White,Joint,25-34,70.0,Loan originated
1,735000.0,41,925000.0,306.0,1,Asian,Male,25-34,80.0,Loan originated
1,285000.0,46,615000.0,68.0,1,Hispanic or Latino,Male,35-44,45.528,Loan originated
1,355000.0,49,445000.0,79.0,1,Hispanic or Latino,Male,35-44,100.0,Loan originated
1,175000.0,36,345000.0,60.0,1,Hispanic or Latino,Female,<25,50.0,Loan originated
1,385000.0,30%-<36%,485000.0,147.0,1,White,Joint,35-44,80.0,Loan originated
1,345000.0,46,415000.0,158.0,1,White,Joint,45-54,85.0,Loan originated
1,925000.0,48,1155000.0,224.0,1,White,Joint,65-74,80.0,Loan originated
1,595000.0,44,615000.0,138.0,1,Hispanic or Latino,Male,35-44,97.0,Loan originated
1,445000.0,20%-<30%,555000.0,250.0,1,Asian,Male,45-54,80.0,Loan originated
1,255000.0,44,435000.0,64.0,1,White,Male,35-44,58.95,Loan originated
1,135000.0,40,155000.0,105.0,1,White,Female,55-64,90.0,Application denied
1,695000.0,30%-<36%,995000.0,227.0,1,White,Female,25-34,69.69,Loan originated
1,835000.0,36,875000.0,339.0,1,Asian,Female,45-54,95.0,Loan originated
1,105000.0,<20%,405000.0,140.0,1,Hispanic or Latino,Male,35-44,25.0,Loan originated
1,695000.0,49,2625000.0,235.0,1,White,Joint,45-54,26.639,Loan originated
1,325000.0,48,405000.0,90.0,1,Hispanic or Latino,Male,25-34,80.0,Loan originated
1,655000.0,30%-<36%,825000.0,210.0,1,White,Male,45-54,80.0,Loan originated
1,605000.0,20%-<30%,785000.0,189.0,1,Asian,Joint,35-44,96.0,Loan originated
1,365000.0,45,375000.0,86.0,1,Asian,Male,45-54,97.0,Loan originated
1,605000.0,48,755000.0,126.0,1,White,Joint,>74,80.0,Loan originated
1,1125000.0,30%-<36%,1405000.0,438.0,1,Asian,Joint,35-44,79.99,Loan originated
1,345000.0,30%-<36%,745000.0,130.0,1,White,Joint,>74,46.309,Loan originated
1,305000.0,20%-<30%,855000.0,51.0,1,White,Female,35-44,35.09,Loan originated
1,565000.0,36,705000.0,160.0,1,White,Joint,25-34,80.0,Loan originated
1,565000.0,37,705000.0,173.0,1,Asian,Male,35-44,80.0,Loan originated
1,555000.0,20%-<30%,925000.0,300.0,1,White,Male,35-44,61.0,Loan originated
1,465000.0,40,485000.0,121.0,1,Hispanic or Latino,Joint,35-44,95.0,Loan originated
1,355000.0,48,455000.0,68.0,1,Hispanic or Latino,Male,35-44,78.02,Loan originated
1,745000.0,20%-<30%,835000.0,462.0,1,Hispanic or Latino,Male,35-44,90.0,Loan originated
1,195000.0,36,475000.0,103.0,1,White,Joint,45-54,40.0,Loan originated
1,435000.0,48,585000.0,89.0,1,Asian,Female,<25,74.23,Loan originated
1,335000.0,50%-60%,375000.0,63.0,1,Asian,Male,45-54,90.0,Application denied
1,405000.0,30%-<36%,425000.0,134.0,1,Hispanic or Latino,Joint,25-34,98.0,Loan originated
1,385000.0,30%-<36%,485000.0,107.0,1,White,Male,55-64,80.0,Loan originated
1,55000.0,49,485000.0,93.0,1,Asian,Male,45-54,12.0,Loan originated
1,375000.0,30%-<36%,385000.0,134.0,1,Hispanic or Latino,Joint,45-54,100.0,Loan originated
1,1105000.0,49,1905000.0,334.0,1,Asian,Female,35-44,57.895,Loan originated
1,725000.0,43,905000.0,190.0,1,Hispanic or Latino,Female,55-64,80.0,Loan originated
1,725000.0,30%-<36%,975000.0,364.0,1,Other,Joint,35-44,85.0,Loan originated
1,855000.0,48,1155000.0,185.0,1,White,Female,25-34,73.913,Loan originated
1,335000.0,30%-<36%,415000.0,86.0,1,Asian,Male,25-34,80.0,Loan originated
1,1405000.0,42,1755000.0,501.0,1,Asian,Female,35-44,80.0,Loan originated
1,505000.0,44,505000.0,149.0,1,Black or African American,Female,25-34,100.0,Loan originated
1,765000.0,30%-<36%,825000.0,250.0,1,White,Joint,25-34,92.916,Loan originated
1,445000.0,49,795000.0,94.0,1,Asian,Male,25-34,55.76,Loan originated
1,425000.0,43,455000.0,114.0,1,Hispanic or Latino,Joint,25-34,95.0,Loan originated
1,845000.0,44,1055000.0,231.0,1,White,Joint,65-74,80.0,Loan originated
1,525000.0,36,705000.0,181.0,1,Asian,Joint,35-44,95.0,Application denied
1,515000.0,20%-<30%,645000.0,235.0,1,White,Female,25-34,80.0,Loan originated
1,465000.0,43,935000.0,279.0,1,Asian,Male,45-54,49.843,Loan originated
1,645000.0,42,665000.0,146.0,1,White,Female,25-34,97.0,Loan originated
1,515000.0,20%-<30%,645000.0,195.0,1,White,Male,45-54,80.0,Loan originated
1,455000.0,<20%,855000.0,380.0,1,White,Joint,35-44,52.996,Loan originated
1,325000.0,49,525000.0,84.0,1,White,Joint,65-74,61.538,Loan originated
1,515000.0,43,695000.0,119.0,1,Hispanic or Latino,Joint,<25,75.0,Loan originated
1,315000.0,20%-<30%,635000.0,178.0,1,White,Joint,45-54,48.892,Loan originated
1,175000.0,44,345000.0,64.0,1,Hispanic or Latino,Female,45-54,95.63,Loan originated
1,545000.0,41,605000.0,136.0,1,Hispanic or Latino,Male,25-34,90.0,Loan originated
1,325000.0,38,405000.0,157.0,1,White,Joint,25-34,80.0,Loan originated
1,595000.0,20%-<30%,745000.0,273.0,1,Hispanic or Latino,Joint,45-54,80.0,Loan originated
1,975000.0,20%-<30%,1505000.0,568.0,1,Asian,Male,25-34,75.167,Loan originated
1,875000.0,47,1085000.0,196.0,1,Asian,Female,25-34,80.0,Application denied
1,425000.0,49,475000.0,85.0,1,White,Male,25-34,90.0,Loan originated
1,405000.0,44,515000.0,95.0,1,Asian,Female,25-34,80.0,Loan originated
1,575000.0,30%-<36%,975000.0,177.0,1,White,Joint,35-44,58.974,Loan originated
1,1015000.0,49,1265000.0,232.0,1,Asian,Joint,35-44,80.0,Loan originated
1,665000.0,30%-<36%,835000.0,212.0,1,Asian,Joint,45-54,80.0,Loan originated
1,645000.0,20%-<30%,685000.0,339.0,1,White,Female,35-44,95.0,Loan originated
1,545000.0,39,745000.0,168.0,1,Asian,Male,35-44,73.299,Loan originated
1,805000.0,20%-<30%,1005000.0,353.0,1,Asian,Joint,25-34,80.0,Loan originated
1,485000.0,39,605000.0,119.0,1,Asian,Female,25-34,80.0,Loan originated
1,715000.0,36,765000.0,249.0,1,White,Joint,35-44,93.0,Loan originated
1,655000.0,49,2615000.0,175.0,1,Asian,Female,25-34,24.828,Loan originated
1,635000.0,39,705000.0,582.0,1,Hispanic or Latino,Male,35-44,90.0,Loan originated
1,605000.0,46,635000.0,151.0,1,Hispanic or Latino,Joint,55-64,95.0,Loan originated
1,375000.0,20%-<30%,615000.0,184.0,1,Hispanic or Latino,Joint,25-34,61.228,Loan originated
1,755000.0,49,1035000.0,227.0,1,White,Female,35-44,73.398,Loan originated
1,955000.0,40,1195000.0,230.0,1,Asian,Joint,25-34,79.967,Loan originated
1,655000.0,50%-60%,725000.0,186.0,1,Hispanic or Latino,Female,35-44,89.99,Application denied
1,475000.0,46,505000.0,322.0,1,White,Female,55-64,95.0,Loan originated
1,695000.0,47,725000.0,240.0,1,Hispanic or Latino,Male,25-34,95.0,Loan originated
1,305000.0,30%-<36%,575000.0,103.0,1,Hispanic or Latino,Female,35-44,52.391,Loan originated
1,465000.0,20%-<30%,625000.0,277.0,1,Asian,Female,25-34,75.0,Loan originated
1,905000.0,<20%,1135000.0,1166.0,1,Hispanic or Latino,Male,25-34,80.0,Loan originated
1,425000.0,30%-<36%,525000.0,221.0,1,White,Joint,35-44,80.0,Loan originated
1,475000.0,20%-<30%,495000.0,260.0,1,White,Male,65-74,97.0,Loan originated
1,245000.0,>60%,265000.0,51.0,1,White,Joint,>74,95.0,Application denied
1,265000.0,40,665000.0,76.0,1,Asian,Female,35-44,39.394,Loan originated
1,545000.0,45,725000.0,187.0,1,White,Joint,35-44,75.0,Loan originated
1,765000.0,47,1055000.0,194.0,1,White,Joint,35-44,72.43,Loan originated
1,605000.0,30%-<36%,1025000.0,340.0,1,White,Joint,25-34,58.537,Loan originated
1,365000.0,47,735000.0,90.0,1,White,Female,35-44,48.98,Loan originated
1,725000.0,47,905000.0,147.0,1,White,Joint,35-44,80.0,Loan originated
1,285000.0,47,475000.0,65.0,1,White,Female,>74,58.346,Loan originated
1,425000.0,41,475000.0,178.0,1,Asian,Female,35-44,90.0,Loan originated
1,385000.0,30%-<36%,575000.0,148.0,1,Asian,Male,25-34,66.667,Loan originated
1,605000.0,40,875000.0,169.0,1,White,Joint,35-44,68.966,Loan originated
1,615000.0,40,665000.0,149.0,1,Hispanic or Latino,Male,25-34,93.0,Loan originated
1,765000.0,48,1805000.0,161.0,1,White,Female,55-64,42.589,Loan originated
1,105000.0,20%-<30%,635000.0,68.0,1,White,Male,35-44,15.649,Loan originated
1,355000.0,50%-60%,565000.0,68.0,1,Asian,Male,55-64,62.858,Loan originated
1,405000.0,37,1205000.0,150.0,1,White,Female,35-44,33.33,Loan originated
1,475000.0,42,505000.0,142.0,1,Hispanic or Latino,Joint,<25,95.0,Loan originated
1,675000.0,30%-<36%,1025000.0,355.0,1,Asian,Joint,45-54,65.69,Loan originated
1,555000.0,49,815000.0,167.0,1,Hispanic or Latino,Joint,55-64,68.272,Loan originated
1,405000.0,42,515000.0,118.0,1,Hispanic or Latino,Female,25-34,80.0,Loan originated
1,335000.0,20%-<30%,355000.0,151.0,1,Hispanic or Latino,Joint,25-34,97.0,Loan originated
1,955000.0,41,1595000.0,237.0,1,White,Female,35-44,60.0,Loan originated
1,515000.0,36,545000.0,195.0,1,Hispanic or Latino,Female,35-44,95.0,Loan originated
1,985000.0,48,1235000.0,249.0,1,White,Male,35-44,80.0,Loan originated
1,345000.0,47,595000.0,79.0,1,White,Female,55-64,58.0,Loan originated
1,235000.0,38,405000.0,90.0,1,White,Joint,55-64,57.002,Loan originated
1,335000.0,40,345000.0,91.0,1,Hispanic or Latino,Male,65-74,97.0,Loan originated
1,235000.0,46,1765000.0,118.0,1,Asian,Joint,55-64,13.518,Loan originated
1,955000.0,30%-<36%,1195000.0,372.0,1,Asian,Male,35-44,80.0,Loan originated
1,605000.0,48,1405000.0,193.0,1,White,Joint,35-44,42.857,Loan originated
1,445000.0,49,505000.0,96.0,1,Hispanic or Latino,Male,45-54,88.0,Loan originated
1,755000.0,46,885000.0,197.0,1,Asian,Joint,45-54,85.33,Loan originated
1,445000.0,46,555000.0,98.0,1,Hispanic or Latino,Joint,>74,80.0,Loan originated
1,1095000.0,43,1365000.0,254.0,1,White,Male,45-54,80.0,Application denied
1,645000.0,<20%,815000.0,393.0,1,Hispanic or Latino,Male,45-54,80.0,Loan originated
1,225000.0,30%-<36%,825000.0,289.0,1,Hispanic or Latino,Joint,55-64,27.361,Loan originated
1,665000.0,>60%,735000.0,117.0,1,Asian,Joint,35-44,89.989,Application denied
1,45000.0,30%-<36%,75000.0,56.0,1,White,Joint,>74,65.75,Loan originated
1,1145000.0,42,1305000.0,302.0,1,Asian,Male,25-34,88.38,Loan originated
1,715000.0,30%-<36%,645000.0,428.0,1,White,Male,35-44,110.465,Application denied
1,845000.0,45,945000.0,222.0,1,Asian,Female,35-44,90.0,Loan originated
1,605000.0,20%-<30%,755000.0,268.0,1,White,Joint,25-34,80.0,Loan originated
1,265000.0,49,335000.0,64.0,1,Hispanic or Latino,Joint,45-54,80.0,Application denied
1,845000.0,46,1055000.0,184.0,1,White,Male,35-44,80.0,Loan originated
1,235000.0,44,295000.0,72.0,1,Black or African American,Female,55-64,80.0,Loan originated
1,425000.0,49,475000.0,107.0,1,Hispanic or Latino,Female,35-44,90.0,Loan originated
1,155000.0,30%-<36%,655000.0,81.0,1,White,Female,45-54,23.938,Loan originated
1,555000.0,44,585000.0,127.0,1,Hispanic or Latino,Joint,25-34,95.0,Loan originated
1,685000.0,46,855000.0,195.0,1,White,Female,45-54,80.0,Loan originated
1,305000.0,37,855000.0,123.0,1,White,Female,35-44,35.522,Loan originated
1,585000.0,40,735000.0,145.0,1,Hispanic or Latino,Joint,45-54,80.0,Loan originated
1,595000.0,20%-<30%,785000.0,285.0,1,Asian,Female,<25,75.0,Loan originated
1,525000.0,41,545000.0,177.0,1,White,Male,35-44,97.0,Loan originated
1,595000.0,46,745000.0,126.0,1,Asian,Female,25-34,80.0,Loan originated
1,205000.0,47,225000.0,81.0,1,White,Male,35-44,95.0,Loan originated
1,645000.0,38,685000.0,221.0,1,White,Joint,35-44,95.0,Loan originated
1,695000.0,49,865000.0,243.0,1,Asian,Male,25-34,80.0,Loan originated
1,195000.0,49,365000.0,42.0,1,Asian,Male,45-54,52.349,Loan originated
1,305000.0,39,405000.0,99.0,1,Hispanic or Latino,Female,25-34,75.0,Loan originated
1,905000.0,46,1445000.0,325.0,1,Asian,Joint,35-44,62.5,Loan originated
1,355000.0,40,1035000.0,133.0,1,White,Female,25-34,34.563,Loan originated
1,345000.0,20%-<30%,695000.0,138.0,1,Black or African American,Male,55-64,49.716,Application denied
1,405000.0,30%-<36%,1525000.0,175.0,1,Other,Male,25-34,26.91,Loan originated
1,585000.0,40,605000.0,187.0,1,Hispanic or Latino,Joint,25-34,97.0,Loan originated
1,445000.0,37,1295000.0,118.0,1,Asian,Female,25-34,35.0,Loan originated
1,545000.0,20%-<30%,575000.0,315.0,1,White,Female,35-44,94.992,Loan originated
1,385000.0,47,405000.0,111.0,1,Hispanic or Latino,Male,35-44,95.0,Loan originated
1,925000.0,36,1165000.0,277.0,1,Asian,Joint,35-44,80.0,Loan originated
1,585000.0,37,815000.0,196.0,1,White,Female,35-44,71.605,Loan originated
1,605000.0,46,755000.0,207.0,1,White,Joint,35-44,80.0,Loan originated
1,535000.0,44,665000.0,153.0,1,Asian,Male,25-34,80.0,Loan originated
1,655000.0,40,825000.0,190.0,1,Asian,Joint,55-64,80.0,Loan originated
1,705000.0,40,1305000.0,234.0,1,White,Joint,>74,53.846,Loan originated
1,545000.0,41,1145000.0,207.0,1,White,Female,35-44,47.767,Loan originated
1,515000.0,47,545000.0,124.0,1,Hispanic or Latino,Joint,35-44,94.873,Loan originated
1,585000.0,41,745000.0,137.0,1,Hispanic or Latino,Joint,65-74,78.524,Loan originated
1,435000.0,49,525000.0,148.0,1,Asian,Female,55-64,81.818,Loan originated
1,675000.0,39,705000.0,239.0,1,Asian,Joint,25-34,95.0,Loan originated
1,705000.0,48,1255000.0,574.0,1,Asian,Joint,45-54,55.956,Loan originated
1,325000.0,50%-60%,465000.0,86.0,1,Hispanic or Latino,Male,45-54,70.0,Application denied
1,225000.0,44,245000.0,92.0,1,Hispanic or Latino,Male,25-34,95.0,Loan originated
1,565000.0,20%-<30%,705000.0,270.0,1,Hispanic or Latino,Male,35-44,80.0,Loan originated
1,1145000.0,47,1215000.0,274.0,1,White,Female,45-54,95.0,Loan originated
1,755000.0,49,845000.0,193.0,1,Hispanic or Latino,Female,35-44,89.994,Loan originated
1,1115000.0,46,1495000.0,396.0,1,Asian,Joint,35-44,75.0,Loan originated
1,425000.0,48,525000.0,92.0,1,Hispanic or Latino,Female,35-44,80.0,Loan originated
1,375000.0,20%-<30%,535000.0,200.0,1,White,Joint,35-44,69.159,Loan originated
1,355000.0,45,375000.0,80.0,1,White,Joint,45-54,95.0,Loan originated
1,525000.0,42,655000.0,163.0,1,Asian,Male,35-44,80.0,Loan originated
1,555000.0,30%-<36%,685000.0,167.0,1,White,Joint,25-34,80.0,Loan originated
1,705000.0,48,775000.0,153.0,1,Asian,Joint,25-34,91.051,Loan originated
1,645000.0,30%-<36%,805000.0,186.0,1,White,Male,35-44,80.0,Loan originated
1,385000.0,48,405000.0,101.0,1,Hispanic or Latino,Joint,25-34,97.0,Loan originated
1,545000.0,36,645000.0,155.0,1,White,Joint,25-34,85.0,Loan originated
1,395000.0,30%-<36%,495000.0,135.0,1,Hispanic or Latino,Female,<25,80.0,Loan originated
1,265000.0,40,365000.0,224.0,1,White,Joint,55-64,73.17,Application denied
1,1135000.0,30%-<36%,1755000.0,639.0,1,Asian,Joint,35-44,65.0,Loan originated
1,385000.0,30%-<36%,405000.0,119.0,1,Hispanic or Latino,Male,35-44,95.0,Loan originated
1,735000.0,20%-<30%,975000.0,351.0,1,White,Joint,35-44,75.0,Loan originated
1,865000.0,38,1075000.0,273.0,1,Asian,Joint,45-54,80.0,Loan originated
1,1045000.0,41,1195000.0,231.0,1,Asian,Joint,25-34,88.0,Loan originated
1,755000.0,37,1305000.0,200.0,1,White,Joint,35-44,92.308,Loan originated
1,835000.0,30%-<36%,875000.0,310.0,1,White,Joint,35-44,95.0,Loan originated
1,565000.0,44,665000.0,137.0,1,Asian,Male,45-54,85.0,Loan originated
1,245000.0,48,535000.0,73.0,1,White,Female,45-54,46.226,Loan originated
1,25000.0,43,325000.0,18.0,1,White,Female,45-54,103.969,Application denied
1,795000.0,30%-<36%,835000.0,293.0,1,Asian,Female,35-44,95.0,Loan originated
1,415000.0,20%-<30%,485000.0,229.0,1,Hispanic or Latino,Male,25-34,85.0,Loan originated
1,855000.0,30%-<36%,3625000.0,490.0,1,White,Joint,35-44,23.442,Loan originated
1,595000.0,49,745000.0,125.0,1,White,Female,55-64,80.0,Loan originated
1,805000.0,37,1685000.0,234.0,1,White,Joint,35-44,48.0,Loan originated
1,805000.0,50%-60%,1155000.0,203.0,1,Asian,Joint,25-34,70.0,Application denied
1,205000.0,49,645000.0,60.0,1,Black or African American,Female,25-34,31.433,Loan originated
1,755000.0,41,885000.0,255.0,1,White,Female,45-54,85.0,Loan originated
1,395000.0,45,495000.0,123.0,1,Hispanic or Latino,Female,35-44,80.0,Loan originated
1,315000.0,48,665000.0,85.0,1,Hispanic or Latino,Female,35-44,47.761,Loan originated
1,435000.0,50%-60%,555000.0,92.0,1,Asian,Male,25-34,80.0,Application denied
1,1075000.0,43,1335000.0,377.0,1,Asian,Female,35-44,80.0,Loan originated
1,635000.0,46,715000.0,142.0,1,Asian,Joint,25-34,90.0,Loan originated
1,475000.0,36,585000.0,198.0,1,Asian,Male,25-34,80.0,Loan originated
1,615000.0,37,765000.0,162.0,1,Asian,Male,25-34,80.0,Loan originated
1,695000.0,44,795000.0,143.0,1,Asian,Joint,45-54,87.443,Loan originated
1,595000.0,39,615000.0,221.0,1,Asian,Female,25-34,97.0,Loan originated
1,445000.0,46,555000.0,130.0,1,Asian,Male,65-74,80.0,Loan originated
1,675000.0,41,905000.0,186.0,1,Asian,Male,25-34,75.0,Loan originated
1,475000.0,44,595000.0,131.0,1,White,Joint,25-34,80.0,Loan originated
1,1125000.0,38,1405000.0,398.0,1,Asian,Joint,35-44,80.0,Loan originated
1,235000.0,49,335000.0,52.0,1,White,Male,25-34,69.0,Loan originated
1,665000.0,38,685000.0,167.0,1,Hispanic or Latino,Male,45-54,97.0,Loan originated
1,555000.0,<20%,985000.0,777.0,1,Asian,Male,35-44,55.857,Loan originated
1,775000.0,20%-<30%,1325000.0,438.0,1,White,Joint,65-74,58.584,Loan originated
1,115000.0,39,155000.0,69.0,1,White,Joint,>74,75.0,Loan originated
1,355000.0,<20%,755000.0,414.0,1,Asian,Male,35-44,46.67,Application denied
1,735000.0,30%-<36%,815000.0,244.0,1,Asian,Joint,35-44,90.0,Loan originated
1,615000.0,46,765000.0,142.0,1,White,Male,35-44,80.0,Loan originated
1,325000.0,49,335000.0,67.0,1,Hispanic or Latino,Male,25-34,100.0,Loan originated
1,515000.0,46,545000.0,219.0,1,White,Male,45-54,95.0,Loan originated
1,575000.0,49,1675000.0,134.0,1,Hispanic or Latino,Joint,55-64,34.03,Loan originated
1,505000.0,20%-<30%,755000.0,247.0,1,Asian,Joint,65-74,66.299,Loan originated
1,275000.0,30%-<36%,295000.0,198.0,1,White,Male,65-74,95.0,Loan originated
1,495000.0,20%-<30%,995000.0,221.0,1,White,Male,45-54,49.9,Loan originated
1,455000.0,47,505000.0,175.0,1,White,Joint,25-34,90.0,Loan originated
1,575000.0,47,765000.0,147.0,1,Hispanic or Latino,Male,25-34,75.0,Loan originated
1,1145000.0,30%-<36%,1475000.0,311.0,1,White,Joint,35-44,77.754,Loan originated
1,405000.0,39,1055000.0,124.0,1,White,Male,35-44,38.095,Loan originated
1,585000.0,30%-<36%,615000.0,241.0,1,White,Female,35-44,95.0,Loan originated
1,1005000.0,42,1255000.0,332.0,1,White,Joint,35-44,80.0,Loan originated
1,435000.0,48,775000.0,102.0,1,Asian,Joint,65-74,55.627,Loan originated
1,405000.0,30%-<36%,705000.0,252.0,1,Asian,Male,55-64,56.738,Loan originated
1,215000.0,20%-<30%,785000.0,194.0,1,Asian,Female,25-34,27.564,Loan originated
1,185000.0,20%-<30%,195000.0,90.0,1,White,Joint,25-34,100.0,Loan originated
1,375000.0,38,445000.0,78.0,1,White,Male,<25,84.091,Loan originated
1,655000.0,30%-<36%,875000.0,196.0,1,White,Female,45-54,75.0,Loan originated
1,415000.0,43,695000.0,104.0,1,Asian,Female,35-44,60.0,Loan originated
1,295000.0,43,645000.0,79.0,1,White,Female,65-74,46.501,Loan originated
1,215000.0,41,415000.0,72.0,1,White,Joint,>74,51.807,Loan originated
1,725000.0,37,905000.0,195.0,1,White,Joint,25-34,80.0,Loan originated
1,905000.0,30%-<36%,1405000.0,286.0,1,White,Joint,25-34,64.286,Loan originated
1,705000.0,44,1175000.0,170.0,1,Asian,Female,45-54,59.68,Loan originated
1,435000.0,39,465000.0,139.0,1,Hispanic or Latino,Male,55-64,95.0,Loan originated
1,185000.0,47,465000.0,54.0,1,Hispanic or Latino,Female,55-64,40.645,Loan originated
1,905000.0,20%-<30%,1505000.0,650.0,1,Asian,Male,25-34,59.98,Loan originated
1,705000.0,39,1005000.0,181.0,1,Asian,Female,25-34,70.0,Loan originated
1,575000.0,>60%,635000.0,88.0,1,Asian,Joint,25-34,90.0,Application denied
1,755000.0,41,1855000.0,417.0,1,Hispanic or Latino,Joint,45-54,40.541,Loan originated
1,545000.0,48,895000.0,129.0,1,White,Female,35-44,61.0,Loan originated
1,595000.0,46,795000.0,145.0,1,White,Female,35-44,75.0,Loan originated
1,1045000.0,36,1335000.0,292.0,1,Asian,Joint,25-34,78.137,Loan originated
1,225000.0,46,405000.0,60.0,1,Hispanic or Latino,Male,45-54,55.147,Loan originated
1,395000.0,30%-<36%,415000.0,175.0,1,Hispanic or Latino,Male,55-64,95.0,Loan originated
1,755000.0,44,875000.0,229.0,1,Black or African American,Female,45-54,85.714,Loan originated
1,605000.0,20%-<30%,1885000.0,410.0,1,Asian,Joint,35-44,31.78,Loan originated
1,505000.0,49,1285000.0,104.0,1,Asian,Female,25-34,39.23,Loan originated
1,245000.0,48,355000.0,48.0,1,White,Male,55-64,69.0,Loan originated
1,625000.0,49,695000.0,129.0,1,Asian,Male,25-34,90.106,Loan originated
1,565000.0,48,635000.0,138.0,1,White,Joint,65-74,89.0,Loan originated
1,595000.0,30%-<36%,655000.0,233.0,1,Asian,Male,25-34,89.99,Loan originated
1,145000.0,20%-<30%,365000.0,66.0,1,White,Joint,>74,40.0,Loan originated
1,585000.0,44,735000.0,164.0,1,Asian,Male,35-44,79.99995,Loan originated
1,85000.0,30%-<36%,115000.0,170.0,1,White,Joint,35-44,72.0,Loan originated
1,345000.0,30%-<36%,745000.0,157.0,1,Black or African American,Male,55-64,45.843,Loan originated
1,465000.0,46,585000.0,290.0,1,Black or African American,Male,>74,80.0,Loan originated
1,655000.0,30%-<36%,1155000.0,187.0,1,Hispanic or Latino,Joint,25-34,57.0,Loan originated
1,455000.0,30%-<36%,555000.0,140.0,1,Hispanic or Latino,Joint,25-34,86.0,Loan originated
1,855000.0,46,1435000.0,186.0,1,Asian,Male,35-44,59.23,Loan originated
1,555000.0,46,585000.0,145.0,1,Asian,Joint,25-34,95.0,Loan originated
1,145000.0,30%-<36%,235000.0,41.0,1,White,Joint,65-74,62.21,Loan originated
1,725000.0,40,905000.0,180.0,1,Asian,Male,35-44,80.0,Loan originated
1,415000.0,30%-<36%,1105000.0,166.0,1,White,Joint,65-74,37.909,Loan originated
1,535000.0,40,625000.0,148.0,1,White,Male,35-44,85.0,Loan originated
1,345000.0,37,435000.0,118.0,1,Asian,Male,25-34,80.0,Loan originated
1,1005000.0,49,2215000.0,251.0,1,Hispanic or Latino,Joint,55-64,45.512,Loan originated
1,735000.0,41,915000.0,186.0,1,Asian,Male,25-34,96.39,Loan originated
1,1015000.0,30%-<36%,1265000.0,412.0,1,Asian,Joint,25-34,80.0,Loan originated
1,725000.0,36,805000.0,258.0,1,Asian,Joint,25-34,90.0,Loan originated
1,455000.0,36,615000.0,154.0,1,White,Female,45-54,75.0,Loan originated
1,1005000.0,30%-<36%,2005000.0,365.0,1,White,Male,>74,50.0,Loan originated
1,585000.0,38,615000.0,151.0,1,Hispanic or Latino,Joint,35-44,95.0,Loan originated
1,665000.0,45,965000.0,150.0,1,Asian,Male,35-44,68.912,Loan originated
1,1055000.0,43,2145000.0,268.0,1,Asian,Joint,35-44,49.26,Loan originated
1,765000.0,38,815000.0,240.0,1,White,Male,25-34,94.444,Application denied
1,635000.0,43,1355000.0,194.0,1,White,Joint,35-44,47.175,Loan originated
1,405000.0,20%-<30%,535000.0,202.0,1,Hispanic or Latino,Joint,45-54,75.472,Loan originated
1,725000.0,49,765000.0,174.0,1,Hispanic or Latino,Joint,25-34,95.0,Loan originated
1,695000.0,38,925000.0,229.0,1,White,Male,25-34,75.0,Loan originated
1,845000.0,49,945000.0,20.0,1,Asian,Joint,35-44,89.95,Loan originated
1,765000.0,45,1435000.0,514.0,1,White,Male,55-64,53.418,Loan originated
1,865000.0,38,1155000.0,229.0,1,Asian,Female,55-64,75.0,Loan originated
1,685000.0,38,755000.0,228.0,1,White,Female,35-44,90.0,Application denied
1,115000.0,49,125000.0,41.0,1,Hispanic or Latino,Female,<25,92.0,Loan originated
1,945000.0,<20%,1185000.0,681.0,1,Asian,Joint,25-34,80.0,Loan originated
1,285000.0,43,305000.0,79.0,1,Hispanic or Latino,Male,35-44,95.0,Loan originated
1,445000.0,42,525000.0,108.0,1,Hispanic or Latino,Male,35-44,85.0,Loan originated
1,705000.0,46,725000.0,191.0,1,Hispanic or Latino,Female,35-44,100.0,Loan originated
1,755000.0,20%-<30%,945000.0,286.0,1,White,Joint,35-44,80.0,Loan originated
1,725000.0,36,765000.0,189.0,1,White,Male,35-44,95.0,Loan originated
1,405000.0,47,535000.0,89.0,1,Asian,Male,65-74,75.0,Loan originated
1,725000.0,49,825000.0,164.0,1,Hispanic or Latino,Joint,35-44,90.879,Loan originated
1,585000.0,49,665000.0,127.0,1,Hispanic or Latino,Male,45-54,88.0,Loan originated
1,465000.0,49,515000.0,242.0,1,Asian,Joint,25-34,90.0,Loan originated
1,295000.0,20%-<30%,695000.0,142.0,1,Asian,Male,35-44,42.446,Loan originated
1,545000.0,48,685000.0,249.0,1,Asian,Joint,25-34,80.0,Loan originated
1,505000.0,40,755000.0,122.0,1,Asian,Female,55-64,66.225,Loan originated
1,505000.0,45,535000.0,104.0,1,Asian,Joint,35-44,94.626,Loan originated
1,785000.0,42,1015000.0,258.0,1,Asian,Female,35-44,80.0,Loan originated
1,1035000.0,40,1435000.0,256.0,1,Asian,Male,25-34,72.075,Loan originated
1,245000.0,45,335000.0,100.0,1,White,Male,55-64,75.0,Loan originated
1,565000.0,45,635000.0,124.0,1,Hispanic or Latino,Joint,35-44,90.0,Loan originated
1,525000.0,48,555000.0,119.0,1,Hispanic or Latino,Joint,35-44,98.0,Loan originated
1,785000.0,30%-<36%,985000.0,570.0,1,Asian,Female,25-34,80.0,Loan originated
1,665000.0,44,825000.0,153.0,1,Hispanic or Latino,Female,25-34,80.0,Loan originated
1,725000.0,30%-<36%,805000.0,218.0,1,White,Joint,45-54,90.0,Loan originated
1,215000.0,48,235000.0,81.0,1,Hispanic or Latino,Male,55-64,95.0,Loan originated
1,725000.0,46,765000.0,157.0,1,White,Male,25-34,95.0,Loan originated
1,435000.0,40,725000.0,163.0,1,Asian,Female,35-44,59.99994,Loan originated
1,585000.0,39,735000.0,193.0,1,Asian,Joint,25-34,80.0,Loan originated
1,425000.0,37,435000.0,112.0,1,Hispanic or Latino,Female,25-34,97.0,Loan originated
1,235000.0,41,295000.0,63.0,1,White,Joint,55-64,83.0,Loan originated
1,165000.0,20%-<30%,265000.0,75.0,1,Hispanic or Latino,Female,35-44,65.0,Loan originated
1,455000.0,49,1325000.0,119.0,1,White,Female,65-74,34.091,Loan originated
1,705000.0,30%-<36%,745000.0,186.0,1,White,Joint,25-34,95.0,Loan originated
1,755000.0,<20%,955000.0,477.0,1,White,Male,55-64,78.947,Loan originated
1,1145000.0,45,1355000.0,282.0,1,White,Female,65-74,85.0,Loan originated
1,555000.0,47,735000.0,144.0,1,Asian,Female,25-34,75.0,Loan originated
1,145000.0,20%-<30%,155000.0,150.0,1,Hispanic or Latino,Male,25-34,97.0,Loan originated
1,755000.0,48,1355000.0,160.0,1,White,Joint,35-44,56.0,Loan originated
1,685000.0,48,1185000.0,140.0,1,Asian,Male,25-34,58.051,Loan originated
1,715000.0,46,885000.0,138.0,1,White,Male,35-44,80.0,Loan originated
1,575000.0,41,615000.0,200.0,1,Hispanic or Latino,Male,35-44,95.0,Application denied
1,165000.0,44,415000.0,52.0,1,Hispanic or Latino,Joint,65-74,39.27,Loan originated
1,485000.0,30%-<36%,785000.0,220.0,1,White,Joint,45-54,61.972,Loan originated
1,725000.0,>60%,805000.0,64.0,1,Asian,Female,25-34,90.0,Application denied
1,955000.0,45,1195000.0,243.0,1,Asian,Joint,>74,79.874,Loan originated
1,205000.0,45,405000.0,70.0,1,Hispanic or Latino,Female,45-54,50.0,Application denied
1,715000.0,49,905000.0,133.0,1,Hispanic or Latino,Male,45-54,79.0,Loan originated
1,265000.0,37,335000.0,72.0,1,White,Female,25-34,80.0,Loan originated
1,475000.0,38,555000.0,130.0,1,White,Female,25-34,85.0,Loan originated
1,615000.0,20%-<30%,775000.0,390.0,1,Hispanic or Latino,Male,35-44,80.0,Loan originated
1,305000.0,20%-<30%,445000.0,117.0,1,Asian,Male,55-64,69.0,Application denied
1,665000.0,47,825000.0,157.0,1,Asian,Female,25-34,80.0,Loan originated
1,305000.0,47,805000.0,87.0,1,Asian,Joint,45-54,38.0,Loan originated
1,815000.0,49,1265000.0,171.0,1,Asian,Male,35-44,64.68,Loan originated
1,1105000.0,30%-<36%,2205000.0,425.0,1,White,Joint,25-34,50.0,Loan originated
1,445000.0,40,555000.0,119.0,1,White,Male,35-44,80.0,Loan originated
1,545000.0,20%-<30%,905000.0,186.0,1,Asian,Male,25-34,60.0,Loan originated
1,905000.0,20%-<30%,1415000.0,449.0,1,White,Joint,25-34,63.83,Loan originated
1,505000.0,44,545000.0,221.0,1,White,Joint,45-54,95.0,Loan originated
1,365000.0,49,385000.0,67.0,1,White,Female,25-34,95.0,Loan originated
1,695000.0,20%-<30%,635000.0,216.0,1,Other,Male,<25,108.661,Application denied
1,295000.0,48,365000.0,58.0,1,Asian,Joint,45-54,80.0,Loan originated
1,865000.0,40,1155000.0,337.0,1,Hispanic or Latino,Male,45-54,75.0,Loan originated
1,895000.0,46,1015000.0,200.0,1,White,Male,35-44,88.0,Loan originated
1,545000.0,49,1305000.0,95.0,1,Asian,Joint,65-74,42.154,Loan originated
1,165000.0,37,265000.0,76.0,1,White,Male,45-54,61.538,Loan originated
1,615000.0,<20%,765000.0,347.0,1,Asian,Joint,35-44,80.0,Loan originated
1,705000.0,48,785000.0,150.0,1,Asian,Male,45-54,89.989,Loan originated
1,85000.0,46,145000.0,26.0,1,White,Female,>74,60.0,Loan originated
1,375000.0,41,495000.0,208.0,1,Hispanic or Latino,Male,35-44,75.0,Loan originated
1,825000.0,40,1105000.0,207.0,1,Asian,Female,35-44,75.0,Loan originated
1,385000.0,45,405000.0,118.0,1,Hispanic or Latino,Joint,35-44,95.0,Loan originated
1,645000.0,46,675000.0,139.0,1,Asian,Female,35-44,95.0,Loan originated
1,385000.0,46,735000.0,310.0,1,White,Joint,25-34,53.0,Loan originated
1,295000.0,46,395000.0,85.0,1,White,Joint,25-34,75.0,Loan originated
1,745000.0,37,785000.0,250.0,1,White,Joint,45-54,95.0,Loan originated
1,905000.0,30%-<36%,1125000.0,241.0,1,White,Joint,25-34,80.0,Loan originated
1,355000.0,42,1285000.0,151.0,1,White,Male,45-54,27.626,Loan originated
1,605000.0,49,865000.0,120.0,1,Asian,Male,25-34,70.0,Loan originated
1,345000.0,20%-<30%,615000.0,153.0,1,White,Female,55-64,56.651,Loan originated
1,345000.0,30%-<36%,425000.0,98.0,1,White,Male,25-34,80.0,Loan originated
1,825000.0,20%-<30%,1635000.0,313.0,1,White,Joint,25-34,50.644,Loan originated
1,445000.0,30%-<36%,555000.0,128.0,1,Asian,Female,25-34,80.0,Loan originated
1,85000.0,48,165000.0,21.0,1,White,Female,65-74,52.619,Loan originated
1,565000.0,30%-<36%,1065000.0,358.0,1,White,Joint,<25,54.0,Loan originated
1,395000.0,49,415000.0,173.0,1,White,Joint,55-64,95.0,Loan originated
1,505000.0,48,515000.0,140.0,1,Hispanic or Latino,Male,25-34,97.0,Loan originated
1,375000.0,47,415000.0,98.0,1,Hispanic or Latino,Male,25-34,90.0,Application denied
1,625000.0,41,805000.0,250.0,1,White,Joint,45-54,79.0,Loan originated
1,675000.0,50%-60%,755000.0,184.0,1,White,Male,35-44,90.0,Application denied
1,605000.0,20%-<30%,1405000.0,301.0,1,White,Joint,65-74,42.857,Loan originated
1,515000.0,20%-<30%,1265000.0,242.0,1,White,Male,35-44,40.72,Loan originated
1,705000.0,45,885000.0,194.0,1,Asian,Female,35-44,79.545,Loan originated
1,545000.0,43,575000.0,189.0,1,Black or African American,Female,55-64,95.0,Loan originated
1,605000.0,20%-<30%,2005000.0,336.0,1,White,Joint,35-44,30.042,Loan originated
1,495000.0,42,525000.0,155.0,1,White,Female,25-34,95.0,Loan originated
1,455000.0,41,535000.0,150.0,1,Hispanic or Latino,Male,35-44,85.0,Loan originated
1,355000.0,20%-<30%,555000.0,199.0,1,White,Male,55-64,63.636,Loan originated
1,265000.0,46,1125000.0,76.0,1,Asian,Joint,45-54,24.0,Loan originated
1,365000.0,30%-<36%,515000.0,118.0,1,White,Female,45-54,71.0,Loan originated
1,675000.0,49,905000.0,133.0,1,White,Joint,35-44,75.0,Loan originated
1,675000.0,41,715000.0,182.0,1,Hispanic or Latino,Female,25-34,95.0,Loan originated
1,305000.0,30%-<36%,665000.0,88.0,1,White,Male,25-34,45.15,Loan originated
1,755000.0,30%-<36%,835000.0,303.0,1,White,Male,45-54,90.0,Loan originated
1,425000.0,49,535000.0,97.0,1,Hispanic or Latino,Male,65-74,80.0,Loan originated
1,195000.0,39,485000.0,77.0,1,White,Joint,65-74,39.96,Loan originated
1,615000.0,49,1415000.0,153.0,1,White,Female,65-74,43.622,Loan originated
1,635000.0,30%-<36%,795000.0,205.0,1,White,Male,25-34,80.0,Loan originated
1,415000.0,30%-<36%,815000.0,155.0,1,White,Joint,45-54,51.04,Loan originated
1,135000.0,42,285000.0,35.0,1,Asian,Male,55-64,45.614,Loan originated
1,355000.0,44,545000.0,125.0,1,White,Joint,45-54,65.0,Loan originated
1,535000.0,>60%,815000.0,120.0,1,Hispanic or Latino,Female,45-54,65.0,Application denied
1,505000.0,20%-<30%,635000.0,216.0,1,White,Female,45-54,80.0,Loan originated
1,345000.0,49,435000.0,170.0,1,Asian,Male,25-34,80.0,Loan originated
1,525000.0,42,705000.0,218.0,1,White,Joint,45-54,74.468,Loan originated
1,675000.0,37,905000.0,174.0,1,White,Female,25-34,75.0,Loan originated
1,745000.0,42,935000.0,197.0,1,White,Male,35-44,80.0,Loan originated
1,745000.0,48,785000.0,165.0,1,Hispanic or Latino,Male,25-34,95.0,Loan originated
1,295000.0,30%-<36%,995000.0,96.0,1,White,Joint,>74,29.648,Loan originated
1,325000.0,38,545000.0,160.0,1,Hispanic or Latino,Female,45-54,60.0,Loan originated
1,395000.0,46,465000.0,111.0,1,White,Female,65-74,103.632,Loan originated
1,435000.0,45,455000.0,120.0,1,Black or African American,Joint,35-44,95.0,Loan originated
1,455000.0,45,695000.0,103.0,1,White,Female,35-44,64.986,Loan originated
1,495000.0,44,755000.0,270.0,1,White,Joint,35-44,66.647,Loan originated
1,135000.0,<20%,435000.0,158.0,1,White,Male,55-64,31.03,Loan originated
1,75000.0,20%-<30%,175000.0,89.0,1,White,Female,45-54,45.3,Loan originated
1,535000.0,36,565000.0,247.0,1,White,Joint,35-44,95.0,Application denied
1,185000.0,50%-60%,525000.0,78.0,1,Hispanic or Latino,Joint,25-34,35.12,Application denied
1,825000.0,40,1035000.0,306.0,1,Asian,Joint,35-44,80.0,Loan originated
1,425000.0,30%-<36%,1575000.0,225.0,1,Asian,Joint,45-54,26.891,Loan originated
1,365000.0,39,615000.0,307.0,1,Asian,Male,45-54,60.0,Loan originated
1,675000.0,30%-<36%,715000.0,186.0,1,Hispanic or Latino,Female,35-44,95.0,Loan originated
1,355000.0,46,525000.0,79.0,1,Hispanic or Latino,Male,25-34,66.667,Loan originated
1,405000.0,20%-<30%,685000.0,170.0,1,White,Joint,>74,58.39,Loan originated
1,515000.0,42,585000.0,139.0,1,White,Male,55-64,88.135,Loan originated
1,385000.0,50%-60%,405000.0,87.0,1,White,Joint,35-44,95.0,Loan originated
1,955000.0,49,1275000.0,224.0,1,Asian,Male,35-44,75.0,Loan originated
1,505000.0,43,635000.0,183.0,1,Asian,Male,35-44,80.0,Loan originated
1,455000.0,48,565000.0,91.0,1,White,Male,25-34,83.0,Loan originated
1,1085000.0,47,2175000.0,247.0,1,White,Female,45-54,49.885,Loan originated
1,925000.0,49,1165000.0,198.0,1,White,Female,55-64,80.0,Loan originated
1,445000.0,43,465000.0,130.0,1,Hispanic or Latino,Joint,35-44,95.0,Loan originated
1,755000.0,48,875000.0,168.0,1,Asian,Male,25-34,86.168,Loan originated
1,435000.0,48,455000.0,93.0,1,Hispanic or Latino,Joint,25-34,95.0,Loan originated
1,805000.0,48,2455000.0,271.0,1,White,Joint,65-74,32.653,Loan originated
1,615000.0,20%-<30%,825000.0,270.0,1,Asian,Male,65-74,75.0,Loan originated
1,635000.0,45,795000.0,162.0,1,Asian,Joint,25-34,80.0,Loan originated
1,485000.0,50%-60%,605000.0,127.0,1,Asian,Joint,25-34,80.0,Application denied
1,685000.0,30%-<36%,855000.0,232.0,1,White,Joint,25-34,80.0,Loan originated
1,1175000.0,37,1565000.0,602.0,1,Asian,Joint,25-34,75.0,Loan originated
1,315000.0,46,395000.0,64.0,1,Asian,Male,45-54,75.472,Application denied
1,225000.0,48,435000.0,114.0,1,Hispanic or Latino,Male,55-64,95.0,Application denied
1,115000.0,40,145000.0,81.0,1,Hispanic or Latino,Joint,55-64,80.0,Loan originated
1,205000.0,20%-<30%,485000.0,108.0,1,Hispanic or Latino,Male,35-44,41.24,Application denied
1,495000.0,44,1125000.0,237.0,1,Asian,Male,55-64,43.91,Loan originated
1,515000.0,30%-<36%,645000.0,225.0,1,White,Joint,25-34,79.993,Loan originated
1,875000.0,20%-<30%,1155000.0,355.0,1,Asian,Joint,25-34,75.65,Loan originated
1,735000.0,49,765000.0,150.0,1,White,Female,25-34,94.999,Loan originated
1,815000.0,49,1455000.0,333.0,1,White,Male,55-64,80.0,Loan originated
1,485000.0,47,605000.0,147.0,1,White,Female,55-64,80.0,Loan originated
1,365000.0,44,385000.0,80.0,1,Hispanic or Latino,Male,25-34,95.0,Loan originated
1,885000.0,<20%,1105000.0,560.0,1,White,Male,55-64,80.0,Loan originated
1,225000.0,44,475000.0,115.0,1,Hispanic or Latino,Joint,65-74,47.111,Loan originated
1,645000.0,40,865000.0,156.0,1,Asian,Male,25-34,75.0,Loan originated
1,1135000.0,30%-<36%,1625000.0,335.0,1,White,Joint,35-44,70.0,Loan originated
1,675000.0,20%-<30%,755000.0,262.0,1,Asian,Male,35-44,90.0,Loan originated
1,315000.0,39,415000.0,123.0,1,White,Male,45-54,75.0,Loan originated
1,695000.0,43,735000.0,185.0,1,White,Joint,35-44,94.0,Loan originated
1,785000.0,44,1105000.0,179.0,1,White,Joint,35-44,70.91,Loan originated
1,425000.0,48,525000.0,366.0,1,Hispanic or Latino,Female,45-54,80.0,Loan originated
1,205000.0,20%-<30%,595000.0,104.0,1,White,Female,65-74,33.613,Loan originated
1,765000.0,39,1025000.0,241.0,1,Asian,Joint,25-34,75.0,Loan originated
1,485000.0,20%-<30%,615000.0,224.0,1,White,Joint,25-34,80.0,Loan originated
1,505000.0,41,535000.0,119.0,1,White,Joint,45-54,95.0,Loan originated
1,625000.0,38,785000.0,195.0,1,Asian,Female,35-44,80.0,Loan originated
1,355000.0,30%-<36%,555000.0,163.0,1,Hispanic or Latino,Female,25-34,62.612,Loan originated
1,765000.0,41,885000.0,202.0,1,Hispanic or Latino,Male,25-34,87.05,Loan originated
1,785000.0,41,1055000.0,283.0,1,Asian,Male,45-54,74.685,Loan originated
1,545000.0,40,575000.0,183.0,1,Hispanic or Latino,Joint,25-34,95.0,Loan originated
1,415000.0,37,445000.0,111.0,1,Asian,Female,25-34,95.0,Loan originated
1,275000.0,45,575000.0,6.0,1,Asian,Male,35-44,47.83,Loan originated
1,185000.0,41,235000.0,213.0,1,White,Joint,35-44,80.0,Loan originated
1,645000.0,46,855000.0,232.0,1,Asian,Male,45-54,74.57,Loan originated
1,645000.0,49,805000.0,148.0,1,Asian,Male,45-54,80.0,Loan originated
1,365000.0,44,555000.0,89.0,1,Hispanic or Latino,Female,25-34,101.815,Loan originated
1,505000.0,45,805000.0,139.0,1,Asian,Female,<25,63.0,Loan originated
1,215000.0,30%-<36%,435000.0,79.0,1,White,Female,25-34,48.84,Loan originated
1,475000.0,38,695000.0,121.0,1,Asian,Male,25-34,67.957,Loan originated
1,905000.0,36,1205000.0,287.0,1,Asian,Joint,25-34,75.0,Loan originated
1,625000.0,48,775000.0,255.0,1,White,Joint,45-54,80.0,Loan originated
1,445000.0,43,525000.0,235.0,1,White,Joint,25-34,84.65,Loan originated
1,165000.0,36,895000.0,147.0,1,White,Joint,55-64,18.436,Loan originated
1,1085000.0,20%-<30%,1555000.0,463.0,1,White,Joint,35-44,70.0,Loan originated
1,575000.0,30%-<36%,825000.0,226.0,1,Asian,Joint,25-34,70.0,Loan originated
1,605000.0,30%-<36%,755000.0,216.0,1,White,Joint,25-34,80.0,Loan originated
1,315000.0,47,395000.0,66.0,1,Asian,Male,45-54,80.0,Loan originated
1,415000.0,39,425000.0,102.0,1,White,Female,35-44,97.0,Loan originated
1,285000.0,30%-<36%,305000.0,87.0,1,Hispanic or Latino,Male,25-34,95.0,Loan originated
1,905000.0,38,1025000.0,254.0,1,White,Joint,25-34,88.29,Loan originated
1,855000.0,20%-<30%,1815000.0,395.0,1,White,Joint,55-64,46.83,Loan originated
1,445000.0,47,465000.0,94.0,1,Hispanic or Latino,Female,25-34,97.0,Loan originated
1,365000.0,46,425000.0,82.0,1,White,Male,25-34,90.579,Loan originated
1,565000.0,49,605000.0,131.0,1,Hispanic or Latino,Male,25-34,93.5,Loan originated
1,605000.0,36,765000.0,181.0,1,Asian,Male,35-44,80.0,Loan originated
1,545000.0,36,675000.0,225.0,1,Hispanic or Latino,Joint,45-54,80.0,Loan originated
1,635000.0,46,1135000.0,151.0,1,Asian,Joint,35-44,55.752,Loan originated
1,905000.0,30%-<36%,1135000.0,261.0,1,Black or African American,Joint,65-74,80.0,Loan originated
1,755000.0,50%-60%,945000.0,240.0,1,Asian,Male,45-54,80.0,Loan originated
1,545000.0,<20%,685000.0,288.0,1,Asian,Joint,25-34,80.0,Loan originated
1,555000.0,49,735000.0,123.0,1,White,Female,65-74,75.0,Loan originated
1,665000.0,30%-<36%,695000.0,406.0,1,White,Joint,25-34,95.0,Loan originated
1,555000.0,38,855000.0,171.0,1,Asian,Female,45-54,65.0,Application denied
1,515000.0,44,635000.0,99.0,1,White,Male,25-34,80.0,Loan originated
1,535000.0,42,665000.0,144.0,1,Asian,Joint,25-34,80.0,Loan originated
1,645000.0,>60%,865000.0,32.0,1,White,Male,35-44,75.0,Application denied
1,315000.0,42,385000.0,96.0,1,Hispanic or Latino,Male,25-34,80.0,Loan originated
1,645000.0,42,805000.0,139.0,1,Hispanic or Latino,Male,45-54,98.564,Loan originated
1,415000.0,49,455000.0,156.0,1,Asian,Female,45-54,90.0,Loan originated
1,1005000.0,20%-<30%,1255000.0,366.0,1,White,Joint,25-34,80.0,Loan originated
1,75000.0,30%-<36%,75000.0,170.0,1,Hispanic or Latino,Male,<25,95.0,Application denied
1,565000.0,43,705000.0,126.0,1,Hispanic or Latino,Joint,25-34,80.0,Loan originated
1,595000.0,47,745000.0,130.0,1,Black or African American,Male,35-44,100.0,Loan originated
1,825000.0,20%-<30%,1025000.0,340.0,1,White,Joint,55-64,80.0,Loan originated
1,575000.0,44,575000.0,119.0,1,Hispanic or Latino,Male,25-34,100.0,Loan originated
1,485000.0,40,505000.0,144.0,1,Hispanic or Latino,Female,25-34,97.0,Loan originated
1,405000.0,49,425000.0,101.0,1,White,Female,25-34,97.0,Loan originated
1,415000.0,49,485000.0,95.0,1,Hispanic or Latino,Joint,35-44,85.0,Loan originated
1,965000.0,48,1485000.0,205.0,1,White,Male,45-54,64.86,Loan originated
1,605000.0,50%-60%,665000.0,231.0,1,Asian,Male,45-54,90.0,Application denied
1,865000.0,20%-<30%,1565000.0,1040.0,1,White,Male,35-44,55.272,Loan originated
1,795000.0,41,935000.0,189.0,1,Hispanic or Latino,Male,25-34,85.0,Loan originated
1,1145000.0,30%-<36%,1635000.0,352.0,1,Asian,Male,35-44,70.306,Loan originated
1,415000.0,39,955000.0,401.0,1,Asian,Joint,45-54,43.515,Loan originated
1,435000.0,48,545000.0,93.0,1,Hispanic or Latino,Joint,45-54,80.0,Loan originated
1,215000.0,43,265000.0,53.0,1,Hispanic or Latino,Male,45-54,80.0,Loan originated
1,875000.0,47,1025000.0,262.0,1,White,Male,35-44,85.0,Loan originated
1,165000.0,43,195000.0,45.0,1,White,Female,55-64,85.0,Loan originated
1,145000.0,20%-<30%,615000.0,122.0,1,Hispanic or Latino,Male,45-54,24.275,Loan originated
1,455000.0,37,535000.0,162.0,1,White,Joint,25-34,85.0,Loan originated
1,335000.0,39,335000.0,87.0,1,Hispanic or Latino,Male,65-74,100.0,Loan originated
1,535000.0,40,675000.0,161.0,1,Asian,Male,25-34,80.0,Loan originated
1,585000.0,47,955000.0,127.0,1,White,Male,25-34,60.733,Loan originated
1,645000.0,42,805000.0,152.0,1,White,Joint,25-34,80.0,Loan originated
1,435000.0,38,485000.0,166.0,1,White,Female,35-44,90.0,Loan originated
1,775000.0,38,1555000.0,529.0,1,White,Female,45-54,50.0,Loan originated
1,515000.0,20%-<30%,645000.0,203.0,1,Asian,Joint,35-44,80.0,Loan originated
1,735000.0,37,1235000.0,208.0,1,Asian,Male,25-34,60.0,Loan originated
1,805000.0,20%-<30%,1355000.0,270.0,1,Asian,Male,25-34,59.259,Loan originated
1,765000.0,46,805000.0,178.0,1,White,Joint,35-44,95.0,Loan originated
1,415000.0,42,465000.0,110.0,1,White,Male,25-34,90.0,Loan originated
1,335000.0,38,715000.0,101.0,1,Asian,Joint,45-54,50.0,Loan originated
1,615000.0,41,645000.0,191.0,1,Asian,Joint,25-34,95.0,Loan originated
1,435000.0,36,585000.0,180.0,1,Asian,Male,55-64,75.0,Application denied
1,625000.0,41,695000.0,192.0,1,Hispanic or Latino,Joint,35-44,90.0,Loan originated
1,505000.0,48,565000.0,114.0,1,Hispanic or Latino,Female,45-54,89.98,Loan originated
1,415000.0,30%-<36%,465000.0,144.0,1,Asian,Male,25-34,89.13,Loan originated
1,505000.0,30%-<36%,555000.0,176.0,1,Hispanic or Latino,Joint,35-44,90.0,Loan originated
1,315000.0,46,375000.0,71.0,1,Hispanic or Latino,Male,45-54,85.0,Loan originated
1,555000.0,43,975000.0,243.0,1,Asian,Male,25-34,56.55,Loan originated
1,805000.0,46,2085000.0,202.0,1,Asian,Female,25-34,38.45,Loan originated
1,165000.0,47,525000.0,53.0,1,White,Joint,45-54,31.346,Loan originated
1,565000.0,20%-<30%,715000.0,236.0,1,Hispanic or Latino,Joint,35-44,80.0,Loan originated
1,185000.0,>60%,185000.0,56.0,1,Hispanic or Latino,Male,25-34,95.0,Application denied
1,555000.0,30%-<36%,695000.0,550.0,1,Hispanic or Latino,Male,55-64,80.0,Loan originated
1,445000.0,49,525000.0,125.0,1,White,Male,35-44,85.0,Loan originated
1,755000.0,46,935000.0,193.0,1,Asian,Joint,35-44,80.0,Application denied
1,215000.0,30%-<36%,465000.0,67.0,1,Asian,Male,45-54,46.752,Loan originated
1,555000.0,44,855000.0,200.0,1,White,Female,35-44,64.706,Loan originated
1,685000.0,30%-<36%,865000.0,240.0,1,White,Male,35-44,80.0,Loan originated
1,575000.0,36,645000.0,347.0,1,White,Joint,25-34,90.0,Loan originated
1,425000.0,30%-<36%,675000.0,123.0,1,White,Female,25-34,62.96,Loan originated
1,305000.0,30%-<36%,605000.0,100.0,1,White,Female,25-34,50.0,Loan originated
1,205000.0,20%-<30%,605000.0,125.0,1,White,Male,65-74,34.167,Loan originated
1,685000.0,49,855000.0,179.0,1,Hispanic or Latino,Male,35-44,80.0,Loan originated
1,715000.0,47,745000.0,160.0,1,Other,Female,35-44,95.0,Loan originated
1,615000.0,20%-<30%,685000.0,319.0,1,White,Joint,25-34,89.898,Loan originated
1,465000.0,46,635000.0,181.0,1,White,Joint,25-34,74.0,Loan originated
1,235000.0,48,535000.0,78.0,1,Hispanic or Latino,Female,35-44,44.134,Loan originated
1,645000.0,46,805000.0,162.0,1,Hispanic or Latino,Joint,25-34,79.925,Loan originated
1,495000.0,50%-60%,525000.0,110.0,1,White,Female,35-44,95.0,Application denied
1,745000.0,46,735000.0,206.0,1,Asian,Male,25-34,95.0,Application denied
1,455000.0,47,1055000.0,115.0,1,White,Female,45-54,42.857,Loan originated
1,645000.0,42,715000.0,175.0,1,Asian,Joint,35-44,90.0,Loan originated
1,555000.0,42,575000.0,125.0,1,Asian,Male,25-34,97.0,Loan originated
1,745000.0,47,875000.0,219.0,1,White,Joint,25-34,85.0,Loan originated
1,695000.0,30%-<36%,1155000.0,367.0,1,White,Female,65-74,60.0,Loan originated
1,975000.0,37,1845000.0,312.0,1,Asian,Joint,55-64,52.57,Loan originated
1,485000.0,36,615000.0,218.0,1,White,Joint,45-54,80.0,Loan originated
1,155000.0,50%-60%,705000.0,44.0,1,Asian,Male,65-74,21.384,Application denied
1,495000.0,30%-<36%,585000.0,143.0,1,Hispanic or Latino,Male,25-34,85.0,Loan originated
1,455000.0,41,535000.0,163.0,1,White,Male,35-44,85.534,Loan originated
1,525000.0,45,665000.0,110.0,1,Black or African American,Male,55-64,80.0,Loan originated
1,545000.0,49,685000.0,146.0,1,Asian,Male,35-44,80.0,Loan originated
1,655000.0,30%-<36%,735000.0,240.0,1,Asian,Joint,25-34,90.0,Loan originated
1,565000.0,30%-<36%,715000.0,186.0,1,Hispanic or Latino,Joint,35-44,80.0,Loan originated
1,455000.0,30%-<36%,955000.0,150.0,1,Hispanic or Latino,Male,45-54,47.368,Loan originated
1,335000.0,46,485000.0,83.0,1,White,Female,65-74,68.75,Loan originated
1,505000.0,<20%,1125000.0,586.0,1,Asian,Joint,45-54,44.44,Loan originated
1,1145000.0,41,1615000.0,390.0,1,Hispanic or Latino,Joint,65-74,71.31,Loan originated
1,255000.0,30%-<36%,265000.0,73.0,1,Hispanic or Latino,Female,45-54,95.0,Loan originated
1,715000.0,48,755000.0,172.0,1,Hispanic or Latino,Joint,25-34,94.99,Loan originated
1,285000.0,40,345000.0,102.0,1,Hispanic or Latino,Joint,25-34,103.77,Loan originated
1,35000.0,41,75000.0,38.0,1,White,Female,>74,53.27,Loan originated
1,445000.0,30%-<36%,565000.0,131.0,1,White,Male,25-34,80.0,Loan originated
1,525000.0,49,655000.0,100.0,1,White,Male,25-34,80.0,Loan originated
1,575000.0,42,715000.0,177.0,1,White,Joint,25-34,80.0,Loan originated
1,655000.0,41,685000.0,171.0,1,Asian,Male,25-34,97.0,Loan originated
1,535000.0,49,835000.0,115.0,1,White,Male,45-54,64.072,Loan originated
1,555000.0,49,935000.0,678.0,1,White,Male,45-54,60.0,Loan originated
1,765000.0,30%-<36%,1175000.0,361.0,1,White,Male,45-54,66.0,Loan originated
1,1005000.0,49,1955000.0,245.0,1,White,Female,55-64,51.282,Loan originated
1,255000.0,46,265000.0,58.0,1,Hispanic or Latino,Female,45-54,95.0,Loan originated
1,655000.0,>60%,675000.0,117.0,1,White,Joint,25-34,97.0,Application denied
1,85000.0,20%-<30%,115000.0,70.0,1,Black or African American,Male,>74,77.09,Application denied
1,215000.0,48,225000.0,50.0,1,White,Female,35-44,97.0,Loan originated
1,135000.0,20%-<30%,155000.0,124.0,1,White,Joint,35-44,91.91,Application denied
1,415000.0,45,465000.0,94.0,1,Hispanic or Latino,Male,45-54,90.0,Loan originated
1,115000.0,44,535000.0,38.0,1,Hispanic or Latino,Female,45-54,21.258,Loan originated
1,745000.0,43,935000.0,253.0,1,White,Male,35-44,80.0,Loan originated
1,855000.0,38,1405000.0,373.0,1,Asian,Joint,45-54,60.811,Loan originated
1,125000.0,<20%,675000.0,169.0,1,White,Joint,65-74,18.657,Loan originated
1,1135000.0,44,1415000.0,333.0,1,Asian,Male,55-64,79.98,Loan originated
1,985000.0,39,1235000.0,287.0,1,Asian,Joint,25-34,80.0,Loan originated
1,1065000.0,36,1255000.0,330.0,1,Hispanic or Latino,Male,35-44,85.0,Loan originated
1,235000.0,43,295000.0,58.0,1,White,Male,25-34,78.484,Loan originated
1,645000.0,45,805000.0,134.0,1,Black or African American,Female,25-34,80.0,Loan originated
1,565000.0,20%-<30%,815000.0,367.0,1,White,Joint,35-44,70.0,Loan originated
1,365000.0,30%-<36%,385000.0,121.0,1,White,Female,55-64,95.0,Loan originated
1,505000.0,30%-<36%,625000.0,184.0,1,White,Joint,35-44,80.0,Loan originated
1,445000.0,20%-<30%,495000.0,224.0,1,Hispanic or Latino,Female,45-54,90.0,Application denied
1,1085000.0,42,1455000.0,305.0,1,Asian,Joint,25-34,75.0,Loan originated
1,395000.0,30%-<36%,595000.0,167.0,1,Asian,Joint,55-64,66.463,Loan originated
1,865000.0,47,965000.0,265.0,1,White,Male,35-44,90.0,Loan originated
1,455000.0,44,655000.0,145.0,1,Black or African American,Female,45-54,69.231,Loan originated
1,845000.0,40,1055000.0,208.0,1,Hispanic or Latino,Joint,35-44,80.0,Loan originated
1,225000.0,48,585000.0,66.0,1,White,Female,>74,38.973,Loan originated
1,755000.0,39,2655000.0,537.0,1,White,Female,65-74,28.302,Loan originated
1,505000.0,43,785000.0,124.0,1,White,Female,25-34,64.0,Loan originated
1,505000.0,48,575000.0,118.0,1,White,Joint,35-44,87.719,Loan originated
1,725000.0,49,1655000.0,180.0,1,White,Joint,45-54,43.973,Loan originated
1,435000.0,45,455000.0,99.0,1,Hispanic or Latino,Joint,35-44,97.0,Loan originated
1,565000.0,42,865000.0,177.0,1,Asian,Female,45-54,65.238,Loan originated
1,555000.0,20%-<30%,1655000.0,250.0,1,White,Joint,35-44,33.333,Loan originated
1,1075000.0,45,1345000.0,216.0,1,White,Joint,65-74,80.0,Loan originated
1,465000.0,47,485000.0,121.0,1,Hispanic or Latino,Joint,25-34,95.0,Loan originated
1,105000.0,>60%,385000.0,38.0,1,Hispanic or Latino,Male,65-74,27.632,Application denied
1,855000.0,39,1005000.0,222.0,1,Asian,Joint,25-34,85.0,Loan originated
1,445000.0,42,635000.0,158.0,1,White,Male,45-54,70.0,Loan originated
1,685000.0,42,865000.0,182.0,1,White,Male,35-44,89.07,Loan originated
1,745000.0,30%-<36%,925000.0,240.0,1,Asian,Female,25-34,80.0,Loan originated
1,305000.0,20%-<30%,1825000.0,229.0,1,Asian,Joint,25-34,17.0,Loan originated
1,1125000.0,43,1405000.0,299.0,1,Hispanic or Latino,Male,35-44,80.0,Loan originated
1,265000.0,30%-<36%,435000.0,160.0,1,White,Male,65-74,61.28,Loan originated
1,665000.0,43,735000.0,200.0,1,White,Joint,25-34,90.0,Loan originated
1,355000.0,48,445000.0,68.0,1,Asian,Female,65-74,79.096,Loan originated
1,235000.0,48,255000.0,75.0,1,Hispanic or Latino,Joint,25-34,94.0,Loan originated
1,245000.0,30%-<36%,385000.0,250.0,1,White,Male,35-44,64.42,Loan originated
1,355000.0,45,445000.0,292.0,1,White,Joint,65-74,80.0,Loan originated
1,985000.0,36,1255000.0,632.0,1,Asian,Female,55-64,80.0,Loan originated
1,225000.0,39,245000.0,56.0,1,Hispanic or Latino,Male,<25,95.0,Loan originated
1,515000.0,20%-<30%,645000.0,240.0,1,Hispanic or Latino,Joint,55-64,80.0,Loan originated
1,665000.0,49,835000.0,141.0,1,Asian,Joint,45-54,80.0,Loan originated
1,845000.0,39,1055000.0,238.0,1,White,Joint,35-44,80.0,Loan originated
1,365000.0,46,455000.0,162.0,1,Hispanic or Latino,Female,35-44,80.0,Loan originated
1,175000.0,46,755000.0,65.0,1,White,Joint,45-54,22.517,Loan originated
1,715000.0,36,895000.0,200.0,1,White,Female,55-64,80.0,Loan originated
1,475000.0,30%-<36%,635000.0,130.0,1,Hispanic or Latino,Female,45-54,73.69,Loan originated
1,975000.0,47,1085000.0,237.0,1,White,Joint,35-44,90.0,Loan originated
1,755000.0,20%-<30%,1555000.0,485.0,1,Asian,Joint,45-54,49.0,Loan originated
1,635000.0,20%-<30%,785000.0,285.0,1,Asian,Female,<25,80.0,Application denied
1,335000.0,45,355000.0,83.0,1,Hispanic or Latino,Female,35-44,97.0,Loan originated
1,535000.0,37,565000.0,154.0,1,Hispanic or Latino,Male,35-44,95.0,Loan originated
1,485000.0,39,515000.0,120.0,1,White,Male,25-34,95.0,Loan originated
1,275000.0,37,535000.0,153.0,1,Asian,Male,35-44,53.0,Loan originated
1,535000.0,46,695000.0,124.0,1,White,Female,45-54,77.142,Loan originated
1,835000.0,30%-<36%,875000.0,243.0,1,Hispanic or Latino,Joint,35-44,95.0,Loan originated
1,675000.0,38,905000.0,255.0,1,White,Joint,45-54,75.0,Loan originated
1,395000.0,45,495000.0,99.0,1,Asian,Female,35-44,80.0,Loan originated
1,225000.0,20%-<30%,445000.0,92.0,1,White,Female,35-44,50.0,Loan originated
1,205000.0,45,525000.0,52.0,1,White,Male,25-34,38.095,Loan originated
1,305000.0,37,325000.0,155.0,1,White,Joint,35-44,95.0,Loan originated
1,765000.0,38,835000.0,224.0,1,Asian,Joint,35-44,93.0,Loan originated
1,745000.0,47,1025000.0,216.0,1,White,Joint,35-44,72.683,Loan originated
1,305000.0,48,655000.0,113.0,1,White,Female,65-74,46.154,Loan originated
1,355000.0,36,555000.0,140.0,1,Asian,Joint,35-44,63.636,Loan originated
1,375000.0,20%-<30%,545000.0,334.0,1,Asian,Male,45-54,69.88,Loan originated
1,1075000.0,20%-<30%,1435000.0,381.0,1,Asian,Male,25-34,75.0,Loan originated
1,765000.0,40,995000.0,195.0,1,White,Joint,35-44,78.0,Loan originated
1,365000.0,38,455000.0,90.0,1,Asian,Female,55-64,80.0,Loan originated
1,475000.0,47,495000.0,101.0,1,White,Joint,25-34,99.415,Loan originated
1,1125000.0,36,1325000.0,339.0,1,White,Joint,25-34,85.0,Loan originated
1,235000.0,42,265000.0,176.0,1,Asian,Female,35-44,90.0,Application denied
1,735000.0,39,815000.0,241.0,1,White,Female,45-54,89.997,Loan originated
1,785000.0,47,925000.0,183.0,1,Hispanic or Latino,Male,35-44,86.005,Loan originated
1,695000.0,30%-<36%,995000.0,432.0,1,White,Female,>74,70.0,Loan originated
1,725000.0,30%-<36%,765000.0,263.0,1,White,Joint,35-44,95.0,Loan originated
1,475000.0,39,535000.0,138.0,1,White,Joint,45-54,90.85,Loan originated
1,575000.0,47,765000.0,145.0,1,White,Joint,45-54,75.0,Loan originated
1,815000.0,20%-<30%,865000.0,384.0,1,Hispanic or Latino,Female,45-54,95.0,Loan originated
1,355000.0,30%-<36%,375000.0,108.0,1,Hispanic or Latino,Joint,<25,100.0,Loan originated
1,845000.0,41,1985000.0,231.0,1,Asian,Joint,25-34,42.299,Loan originated
1,545000.0,37,675000.0,140.0,1,Asian,Joint,25-34,80.0,Loan originated
1,1145000.0,47,1505000.0,292.0,1,Asian,Joint,45-54,76.655,Loan originated
1,425000.0,41,455000.0,108.0,1,Hispanic or Latino,Male,35-44,95.0,Loan originated
1,705000.0,49,1575000.0,158.0,1,White,Female,45-54,44.57,Loan originated
1,665000.0,49,705000.0,158.0,1,Asian,Female,25-34,95.0,Loan originated
1,105000.0,50%-60%,165000.0,61.0,1,Hispanic or Latino,Female,>74,63.86,Loan originated
