loan_purpose,loan_amount,debt_to_income_ratio,property_value,income,occupancy_type,derived_race,derived_sex,applicant_age,loan_to_value_ratio,action_taken
1,725000.0,48,915000.0,185.0,1,White,Male,65-74,80.0,Loan originated
1,265000.0,41,285000.0,69.0,1,Hispanic or Latino,Male,<25,95.0,Loan originated
1,915000.0,30%-<36%,1455000.0,279.0,1,White,Joint,35-44,62.759,Loan originated
1,975000.0,40,1155000.0,239.0,1,Asian,Male,35-44,85.0,Loan originated
1,415000.0,30%-<36%,515000.0,134.0,1,Black or African American,Joint,45-54,79.999,Loan originated
1,755000.0,43,955000.0,270.0,1,Asian,Joint,45-54,79.99,Loan originated
1,535000.0,49,625000.0,145.0,1,White,Joint,25-34,84.99,Loan originated
1,475000.0,37,635000.0,287.0,1,White,Male,25-34,75.0,Loan originated
1,885000.0,30%-<36%,1185000.0,330.0,1,White,Female,55-64,74.662,Loan originated
1,625000.0,37,735000.0,242.0,1,White,Joint,35-44,85.0,Loan originated
1,675000.0,36,845000.0,216.0,1,White,Female,45-54,80.0,Loan originated
1,475000.0,37,635000.0,237.0,1,White,Joint,25-34,75.0,Loan originated
1,275000.0,30%-<36%,875000.0,102.0,1,White,Joint,>74,31.03,Loan originated
1,475000.0,43,515000.0,126.0,1,Hispanic or Latino,Female,55-64,91.262,Loan originated
1,325000.0,30%-<36%,405000.0,283.0,1,Asian,Joint,35-44,80.0,Loan originated
1,1145000.0,42,1475000.0,266.0,1,Asian,Joint,25-34,77.898,Loan originated
1,405000.0,49,505000.0,85.0,1,Asian,Joint,45-54,80.0,Loan originated
1,385000.0,20%-<30%,515000.0,196.0,1,Asian,Female,45-54,75.0,Application denied
1,725000.0,30%-<36%,915000.0,339.0,1,Asian,Male,35-44,79.996,Loan originated
1,1055000.0,20%-<30%,1325000.0,422.0,1,Asian,Joint,25-34,80.0,Loan originated
1,215000.0,20%-<30%,265000.0,76.0,1,White,Male,25-34,80.0,Loan originated
1,935000.0,39,1125000.0,231.0,1,White,Joint,35-44,83.0,Loan originated
1,495000.0,47,625000.0,143.0,1,White,Female,55-64,80.0,Loan originated
1,605000.0,44,755000.0,244.0,1,Asian,Male,35-44,80.0,Loan originated
1,735000.0,30%-<36%,915000.0,220.0,1,White,Joint,35-44,80.0,Loan originated
1,675000.0,50%-60%,685000.0,204.0,1,Hispanic or Latino,Male,<25,95.0,Application denied
1,405000.0,20%-<30%,505000.0,141.0,1,Asian,Female,55-64,80.0,Loan originated
1,765000.0,40,815000.0,195.0,1,Hispanic or Latino,Joint,35-44,95.0,Loan originated
1,645000.0,47,865000.0,206.0,1,Asian,Joint,55-64,75.0,Loan originated
1,115000.0,44,225000.0,58.0,1,Black or African American,Female,25-34,50.0,Loan originated
1,435000.0,38,675000.0,161.0,1,Asian,Female,65-74,70.0,Loan originated
1,245000.0,40,255000.0,70.0,1,White,Male,25-34,95.0,Loan originated
1,805000.0,20%-<30%,1455000.0,288.0,1,Asian,Male,35-44,54.87,Loan originated
1,295000.0,50%-60%,315000.0,73.0,1,White,Female,25-34,95.0,Application denied
1,715000.0,40,895000.0,248.0,1,Asian,Male,25-34,80.0,Loan originated
1,555000.0,49,585000.0,131.0,1,White,Joint,25-34,95.0,Loan originated
1,825000.0,30%-<36%,1025000.0,273.0,1,White,Joint,35-44,80.0,Loan originated
1,445000.0,45,645000.0,95.0,1,White,Joint,45-54,70.0,Loan originated
1,455000.0,45,515000.0,110.0,1,Asian,Female,25-34,89.99,Loan originated
1,375000.0,30%-<36%,425000.0,109.0,1,Hispanic or Latino,Joint,25-34,89.0,Loan originated
1,615000.0,30%-<36%,825000.0,190.0,1,Asian,Female,25-34,75.0,Loan originated
1,105000.0,30%-<36%,245000.0,96.0,1,White,Male,35-44,40.6,Loan originated
1,385000.0,47,475000.0,231.0,1,White,Female,25-34,80.0,Loan originated
1,415000.0,38,825000.0,186.0,1,Hispanic or Latino,Joint,65-74,50.0,Loan originated
1,595000.0,<20%,1605000.0,648.0,1,Asian,Male,35-44,36.88,Loan originated
1,205000.0,49,225000.0,58.0,1,White,Joint,35-44,89.08,Loan originated
1,115000.0,20%-<30%,775000.0,128.0,1,White,Female,45-54,14.839,Loan originated
1,175000.0,41,225000.0,76.0,1,Hispanic or Latino,Female,25-34,95.0,Loan originated
1,1005000.0,43,2075000.0,225.0,1,Asian,Joint,35-44,48.193,Loan originated
1,235000.0,30%-<36%,635000.0,131.0,1,White,Male,45-54,37.402,Loan originated
1,1125000.0,45,1405000.0,246.0,1,White,Male,25-34,80.0,Loan originated
1,495000.0,44,585000.0,171.0,1,White,Male,25-34,85.0,Loan originated
1,605000.0,30%-<36%,605000.0,194.0,1,White,Joint,25-34,100.0,Loan originated
1,405000.0,30%-<36%,605000.0,128.0,1,White,Female,45-54,66.94,Loan originated
1,505000.0,45,535000.0,200.0,1,Hispanic or Latino,Joint,35-44,95.0,Loan originated
1,1105000.0,46,1415000.0,318.0,1,Asian,Joint,45-54,77.74,Loan originated
1,245000.0,47,325000.0,75.0,1,Hispanic or Latino,Male,<25,75.0,Loan originated
1,1105000.0,20%-<30%,1305000.0,508.0,1,White,Joint,35-44,85.0,Loan originated
1,335000.0,49,515000.0,77.0,1,Hispanic or Latino,Joint,65-74,65.0,Loan originated
1,475000.0,30%-<36%,995000.0,185.0,1,White,Male,35-44,47.236,Loan originated
1,465000.0,44,865000.0,241.0,1,Asian,Joint,25-34,53.917,Loan originated
1,675000.0,40,1375000.0,200.0,1,Asian,Male,35-44,49.091,Loan originated
1,315000.0,39,575000.0,105.0,1,White,Female,65-74,53.541,Loan originated
1,495000.0,38,625000.0,193.0,1,Black or African American,Female,35-44,80.0,Loan originated
1,975000.0,50%-60%,1215000.0,410.0,1,Other,Male,45-54,80.0,Loan originated
1,225000.0,30%-<36%,395000.0,144.0,1,White,Male,65-74,56.902,Loan originated
1,1105000.0,30%-<36%,1615000.0,418.0,1,Asian,Joint,35-44,68.069,Loan originated
1,975000.0,43,1155000.0,251.0,1,White,Male,35-44,85.0,Loan originated
1,445000.0,36,555000.0,386.0,1,Asian,Male,45-54,79.99,Loan originated
1,765000.0,30%-<36%,1205000.0,804.0,1,White,Female,45-54,80.0,Loan originated
1,1005000.0,46,1345000.0,226.0,1,Asian,Joint,25-34,75.0,Loan originated
1,635000.0,44,785000.0,151.0,1,Asian,Joint,35-44,80.0,Loan originated
1,365000.0,40,405000.0,82.0,1,White,Male,25-34,90.0,Loan originated
1,625000.0,30%-<36%,925000.0,201.0,1,White,Female,25-34,69.0,Loan originated
1,575000.0,39,605000.0,207.0,1,Hispanic or Latino,Joint,35-44,95.0,Loan originated
1,375000.0,42,435000.0,94.0,1,Hispanic or Latino,Joint,35-44,86.28,Loan originated
1,765000.0,>60%,965000.0,79.0,1,Asian,Male,55-64,79.46,Application denied
1,375000.0,48,595000.0,91.0,1,White,Male,35-44,63.814,Loan originated
1,405000.0,42,505000.0,101.0,1,Asian,Male,35-44,80.0,Loan originated
1,425000.0,46,505000.0,108.0,1,Hispanic or Latino,Male,25-34,84.989,Application denied
1,675000.0,46,845000.0,240.0,1,White,Joint,45-54,80.0,Loan originated
1,265000.0,30%-<36%,585000.0,87.0,1,Hispanic or Latino,Female,65-74,45.69,Loan originated
1,325000.0,42,405000.0,99.0,1,Asian,Male,25-34,80.0,Loan originated
1,935000.0,41,1175000.0,315.0,1,Asian,Joint,45-54,80.0,Loan originated
1,205000.0,>60%,525000.0,63.0,1,White,Female,55-64,40.0,Application denied
1,655000.0,20%-<30%,815000.0,231.0,1,Asian,Male,45-54,80.0,Loan originated
1,485000.0,38,515000.0,210.0,1,White,Female,25-34,95.0,Loan originated
1,315000.0,30%-<36%,395000.0,111.0,1,Asian,Female,65-74,80.0,Loan originated
1,375000.0,30%-<36%,475000.0,155.0,1,Hispanic or Latino,Joint,25-34,80.0,Loan originated
1,595000.0,36,635000.0,180.0,1,Black or African American,Female,45-54,95.0,Loan originated
1,15000.0,<20%,515000.0,157.0,1,Hispanic or Latino,Joint,35-44,101.94,Loan originated
1,155000.0,30%-<36%,255000.0,70.0,1,Hispanic or Latino,Joint,25-34,58.824,Loan originated
1,355000.0,48,425000.0,259.0,1,Black or African American,Female,35-44,85.0,Loan originated
1,515000.0,44,645000.0,154.0,1,Hispanic or Latino,Joint,25-34,80.0,Loan originated
1,1105000.0,20%-<30%,1655000.0,374.0,1,Asian,Joint,25-34,76.67,Loan originated
1,535000.0,48,665000.0,103.0,1,Asian,Male,65-74,80.0,Loan originated
1,395000.0,49,1375000.0,103.0,1,White,Female,65-74,28.96,Loan originated
1,505000.0,38,625000.0,227.0,1,Asian,Joint,25-34,80.0,Loan originated
1,705000.0,43,1155000.0,170.0,1,Asian,Joint,55-64,60.817,Loan originated
1,605000.0,44,645000.0,156.0,1,Hispanic or Latino,Male,<25,95.0,Loan originated
1,765000.0,30%-<36%,795000.0,231.0,1,Hispanic or Latino,Joint,25-34,95.94,Loan originated
1,535000.0,48,675000.0,235.0,1,White,Female,>74,80.0,Loan originated
1,725000.0,48,765000.0,224.0,1,Hispanic or Latino,Male,25-34,95.0,Loan originated
1,755000.0,>60%,1005000.0,87.0,1,White,Joint,25-34,75.0,Application denied
1,785000.0,38,985000.0,207.0,1,White,Joint,25-34,80.0,Loan originated
1,505000.0,30%-<36%,565000.0,156.0,1,White,Female,35-44,90.0,Loan originated
1,765000.0,30%-<36%,1055000.0,399.0,1,White,Joint,25-34,72.86,Loan originated
1,455000.0,41,605000.0,311.0,1,White,Joint,>74,75.0,Loan originated
1,585000.0,48,745000.0,210.0,1,White,Female,45-54,77.987,Loan originated
1,445000.0,<20%,495000.0,1000.0,1,White,Male,35-44,89.899,Application denied
1,555000.0,48,745000.0,112.0,1,Hispanic or Latino,Male,45-54,75.0,Loan originated
1,415000.0,36,815000.0,183.0,1,Asian,Female,25-34,51.1,Application denied
1,175000.0,38,435000.0,63.0,1,Black or African American,Female,45-54,90.58,Application denied
1,545000.0,20%-<30%,945000.0,237.0,1,Asian,Joint,25-34,58.0,Loan originated
1,355000.0,48,475000.0,75.0,1,Asian,Female,45-54,76.0,Loan originated
1,505000.0,43,1135000.0,479.0,1,White,Male,45-54,44.248,Loan originated
1,375000.0,44,475000.0,95.0,1,Asian,Female,45-54,80.0,Loan originated
1,925000.0,48,1155000.0,359.0,1,White,Male,45-54,80.0,Loan originated
1,345000.0,47,385000.0,84.0,1,Hispanic or Latino,Joint,55-64,90.0,Loan originated
1,545000.0,39,575000.0,143.0,1,Asian,Joint,55-64,95.0,Loan originated
1,1135000.0,<20%,1415000.0,806.0,1,White,Male,25-34,80.0,Loan originated
1,325000.0,41,1525000.0,131.0,1,White,Joint,65-74,21.311,Loan originated
1,765000.0,49,1295000.0,178.0,1,Other,Joint,65-74,59.19,Loan originated
1,915000.0,37,1145000.0,246.0,1,Hispanic or Latino,Male,65-74,80.0,Loan originated
1,225000.0,46,245000.0,111.0,1,Hispanic or Latino,Joint,55-64,95.0,Loan originated
1,1145000.0,46,1475000.0,325.0,1,Asian,Male,45-54,78.0,Loan originated
1,265000.0,30%-<36%,265000.0,90.0,1,White,Male,35-44,97.0,Loan originated
1,805000.0,46,1205000.0,243.0,1,Asian,Male,55-64,66.667,Loan originated
1,255000.0,49,265000.0,51.0,1,Hispanic or Latino,Joint,55-64,95.0,Loan originated
1,1005000.0,44,1465000.0,353.0,1,Asian,Joint,25-34,68.12,Loan originated
1,455000.0,49,755000.0,135.0,1,Asian,Female,45-54,60.0,Loan originated
1,215000.0,37,435000.0,57.0,1,White,Female,55-64,48.504,Loan originated
1,315000.0,20%-<30%,615000.0,148.0,1,Asian,Male,25-34,50.81,Loan originated
1,135000.0,42,275000.0,49.0,1,White,Female,65-74,99.655,Loan originated
1,375000.0,>60%,395000.0,54.0,1,Hispanic or Latino,Female,55-64,95.0,Application denied
1,315000.0,48,775000.0,102.0,1,Asian,Male,25-34,40.08,Loan originated
1,725000.0,46,905000.0,146.0,1,White,Female,35-44,80.0,Loan originated
1,505000.0,48,575000.0,101.0,1,Hispanic or Latino,Female,35-44,86.957,Loan originated
1,675000.0,48,965000.0,209.0,1,Asian,Joint,35-44,70.0,Loan originated
1,635000.0,43,795000.0,331.0,1,White,Joint,45-54,90.0,Loan originated
1,385000.0,48,435000.0,101.0,1,White,Male,25-34,90.0,Loan originated
1,495000.0,42,615000.0,119.0,1,Asian,Male,35-44,79.837,Loan originated
1,285000.0,>60%,525000.0,98.0,1,Asian,Male,65-74,54.808,Application denied
1,595000.0,48,735000.0,420.0,1,Asian,Joint,35-44,80.0,Loan originated
1,515000.0,48,1055000.0,137.0,1,White,Joint,35-44,48.571,Loan originated
1,665000.0,39,885000.0,169.0,1,White,Joint,25-34,75.0,Loan originated
1,175000.0,44,465000.0,46.0,1,Hispanic or Latino,Male,45-54,37.63,Loan originated
1,795000.0,48,835000.0,189.0,1,Hispanic or Latino,Female,<25,95.0,Loan originated
1,765000.0,36,915000.0,217.0,1,White,Joint,35-44,83.551,Loan originated
1,205000.0,38,505000.0,70.0,1,Hispanic or Latino,Female,55-64,40.71,Loan originated
1,835000.0,49,1395000.0,170.0,1,White,Joint,35-44,60.0,Loan originated
1,825000.0,44,1035000.0,175.0,1,Asian,Male,35-44,80.0,Loan originated
1,625000.0,47,665000.0,159.0,1,Hispanic or Latino,Female,55-64,95.0,Loan originated
1,705000.0,41,885000.0,244.0,1,White,Joint,65-74,80.0,Loan originated
1,755000.0,30%-<36%,2255000.0,301.0,1,White,Male,35-44,33.334,Loan originated
1,705000.0,38,725000.0,175.0,1,Hispanic or Latino,Male,45-54,97.0,Application denied
1,465000.0,37,485000.0,119.0,1,White,Male,45-54,95.0,Application denied
1,605000.0,30%-<36%,825000.0,312.0,1,White,Female,45-54,74.0,Loan originated
1,205000.0,45,375000.0,123.0,1,White,Female,65-74,54.054,Loan originated
1,1045000.0,38,1305000.0,264.0,1,Asian,Male,45-54,80.0,Loan originated
1,255000.0,36,2105000.0,313.0,1,White,Joint,25-34,11.905,Loan originated
1,335000.0,49,375000.0,80.0,1,Black or African American,Female,45-54,93.0,Loan originated
1,565000.0,48,805000.0,268.0,1,Asian,Joint,35-44,70.0,Loan originated
1,565000.0,44,705000.0,195.0,1,Hispanic or Latino,Female,55-64,80.0,Loan originated
1,455000.0,42,575000.0,511.0,1,White,Joint,35-44,80.0,Loan originated
1,655000.0,39,875000.0,190.0,1,White,Male,35-44,75.0,Loan originated
1,245000.0,44,255000.0,65.0,1,White,Male,<25,98.0,Loan originated
1,425000.0,42,835000.0,122.0,1,White,Female,25-34,50.68,Loan originated
1,725000.0,47,905000.0,246.0,1,White,Joint,25-34,80.0,Loan originated
1,1045000.0,46,1275000.0,238.0,1,White,Male,25-34,82.283,Loan originated
1,635000.0,42,795000.0,147.0,1,Asian,Male,25-34,80.0,Loan originated
1,675000.0,41,765000.0,176.0,1,White,Male,25-34,88.235,Loan originated
1,655000.0,46,875000.0,198.0,1,White,Joint,55-64,74.061,Loan originated
1,625000.0,38,895000.0,389.0,1,White,Female,>74,70.0,Loan originated
1,745000.0,20%-<30%,935000.0,265.0,1,White,Joint,35-44,80.0,Loan originated
1,225000.0,30%-<36%,395000.0,78.0,1,White,Female,65-74,56.88,Loan originated
1,865000.0,48,1075000.0,180.0,1,Asian,Male,55-64,80.0,Loan originated
1,765000.0,<20%,955000.0,592.0,1,Hispanic or Latino,Joint,35-44,80.0,Loan originated
1,765000.0,42,1065000.0,184.0,1,Asian,Joint,55-64,75.0,Loan originated
1,775000.0,20%-<30%,1075000.0,385.0,1,Asian,Joint,35-44,71.963,Loan originated
1,675000.0,43,705000.0,178.0,1,Hispanic or Latino,Male,25-34,97.0,Loan originated
1,355000.0,49,475000.0,116.0,1,White,Female,55-64,75.0,Loan originated
1,905000.0,38,1395000.0,266.0,1,Asian,Male,25-34,65.0,Application denied
1,175000.0,30%-<36%,185000.0,104.0,1,Hispanic or Latino,Male,<25,96.34,Application denied
1,675000.0,47,755000.0,243.0,1,White,Joint,35-44,90.0,Loan originated
1,615000.0,47,1025000.0,303.0,1,Asian,Female,45-54,59.942,Loan originated
1,935000.0,44,985000.0,218.0,1,Hispanic or Latino,Joint,35-44,95.0,Loan originated
1,625000.0,49,695000.0,139.0,1,Asian,Male,35-44,89.9,Loan originated
1,505000.0,37,975000.0,147.0,1,White,Joint,25-34,51.546,Loan originated
1,1095000.0,41,1155000.0,252.0,1,Hispanic or Latino,Joint,45-54,95.0,Loan originated
1,465000.0,50%-60%,765000.0,122.0,1,Hispanic or Latino,Male,55-64,60.784,Loan originated
1,605000.0,43,755000.0,135.0,1,White,Female,65-74,80.0,Loan originated
1,705000.0,37,785000.0,189.0,1,Asian,Male,25-34,89.99,Loan originated
1,285000.0,30%-<36%,315000.0,113.0,1,White,Male,25-34,90.0,Loan originated
1,775000.0,48,975000.0,267.0,1,Asian,Joint,45-54,80.0,Loan originated
1,725000.0,48,805000.0,145.0,1,Asian,Joint,45-54,90.0,Loan originated
1,355000.0,40,805000.0,94.0,1,Asian,Female,35-44,43.299,Loan originated
1,685000.0,40,915000.0,174.0,1,White,Male,25-34,75.0,Loan originated
1,325000.0,40,525000.0,136.0,1,White,Joint,45-54,61.964,Loan originated
1,1145000.0,38,1345000.0,389.0,1,White,Male,45-54,85.0,Loan originated
1,235000.0,20%-<30%,385000.0,329.0,1,White,Joint,65-74,60.131,Loan originated
1,705000.0,47,785000.0,143.0,1,Hispanic or Latino,Male,25-34,90.0,Loan originated
1,655000.0,49,725000.0,142.0,1,Asian,Female,25-34,90.0,Loan originated
1,455000.0,37,675000.0,141.0,1,Other,Male,25-34,66.38,Loan originated
1,905000.0,41,1135000.0,230.0,1,White,Joint,25-34,80.0,Loan originated
1,335000.0,46,425000.0,75.0,1,Asian,Male,65-74,100.0,Loan originated
1,375000.0,30%-<36%,505000.0,125.0,1,White,Male,25-34,75.0,Loan originated
1,925000.0,46,1165000.0,328.0,1,White,Joint,25-34,80.0,Loan originated
1,285000.0,41,365000.0,100.0,1,Hispanic or Latino,Joint,25-34,80.0,Loan originated
1,545000.0,41,605000.0,141.0,1,Hispanic or Latino,Female,35-44,90.0,Loan originated
1,455000.0,43,765000.0,122.0,1,Asian,Joint,25-34,73.09,Loan originated
1,725000.0,38,905000.0,223.0,1,White,Male,35-44,80.0,Loan originated
1,465000.0,30%-<36%,865000.0,155.0,1,Hispanic or Latino,Male,25-34,53.488,Application denied
1,155000.0,20%-<30%,585000.0,235.0,1,Asian,Joint,35-44,25.682,Loan originated
1,375000.0,48,585000.0,109.0,1,Hispanic or Latino,Joint,35-44,64.099,Loan originated
1,535000.0,37,555000.0,149.0,1,Black or African American,Female,25-34,97.0,Loan originated
1,585000.0,38,975000.0,170.0,1,White,Joint,55-64,59.366,Loan originated
1,715000.0,46,885000.0,270.0,1,Asian,Joint,25-34,80.0,Loan originated
1,355000.0,30%-<36%,455000.0,328.0,1,Other,Joint,<25,78.12,Loan originated
1,625000.0,42,925000.0,221.0,1,Asian,Female,35-44,67.47,Loan originated
1,935000.0,41,1105000.0,405.0,1,Asian,Joint,45-54,85.0,Loan originated
1,685000.0,47,855000.0,339.0,1,White,Joint,35-44,80.0,Loan originated
1,605000.0,30%-<36%,2005000.0,276.0,1,Black or African American,Male,35-44,30.0,Loan originated
1,785000.0,20%-<30%,1115000.0,390.0,1,White,Female,55-64,69.955,Loan originated
1,325000.0,49,335000.0,104.0,1,Hispanic or Latino,Male,65-74,97.0,Loan originated
1,345000.0,30%-<36%,425000.0,130.0,1,White,Male,25-34,82.07,Loan originated
1,785000.0,20%-<30%,985000.0,297.0,1,White,Female,25-34,80.0,Loan originated
1,555000.0,49,635000.0,111.0,1,Hispanic or Latino,Female,35-44,87.46,Loan originated
1,635000.0,41,795000.0,261.0,1,Asian,Male,45-54,80.0,Loan originated
1,295000.0,42,305000.0,104.0,1,Hispanic or Latino,Joint,25-34,97.0,Loan originated
1,305000.0,<20%,1025000.0,296.0,1,White,Joint,25-34,29.268,Loan originated
1,285000.0,49,375000.0,102.0,1,White,Joint,>74,74.667,Loan originated
1,765000.0,30%-<36%,1045000.0,239.0,1,Asian,Male,25-34,74.0,Loan originated
1,675000.0,45,1175000.0,234.0,1,White,Joint,65-74,57.501,Loan originated
1,325000.0,49,365000.0,74.0,1,White,Female,25-34,90.0,Loan originated
1,685000.0,46,755000.0,195.0,1,Hispanic or Latino,Joint,35-44,89.987,Loan originated
1,495000.0,43,625000.0,167.0,1,White,Male,65-74,80.0,Loan originated
1,265000.0,46,315000.0,209.0,1,White,Joint,<25,85.0,Loan originated
1,605000.0,30%-<36%,905000.0,230.0,1,White,Female,35-44,66.667,Loan originated
1,335000.0,41,355000.0,86.0,1,Hispanic or Latino,Joint,25-34,95.0,Loan originated
1,395000.0,42,405000.0,105.0,1,Hispanic or Latino,Female,35-44,97.0,Loan originated
1,865000.0,30%-<36%,955000.0,290.0,1,Asian,Female,55-64,89.99,Loan originated
1,565000.0,30%-<36%,975000.0,189.0,1,Asian,Male,45-54,58.0,Loan originated
1,445000.0,20%-<30%,645000.0,175.0,1,White,Joint,45-54,70.0,Loan originated
1,595000.0,36,705000.0,156.0,1,Hispanic or Latino,Joint,25-34,85.0,Loan originated
1,655000.0,44,685000.0,232.0,1,Black or African American,Female,45-54,94.999,Loan originated
1,285000.0,44,355000.0,96.0,1,White,Female,35-44,80.0,Loan originated
1,765000.0,50%-60%,1185000.0,238.0,1,Asian,Joint,45-54,89.0,Application denied
1,475000.0,50%-60%,515000.0,169.0,1,Asian,Male,35-44,93.0,Application denied
1,535000.0,>60%,665000.0,0.0,1,Asian,Male,45-54,80.0,Application denied
1,735000.0,30%-<36%,815000.0,448.0,1,Asian,Male,25-34,89.99,Application denied
1,465000.0,30%-<36%,525000.0,212.0,1,Other,Female,35-44,90.0,Loan originated
1,815000.0,44,1165000.0,191.0,1,Asian,Joint,25-34,69.83,Loan originated
1,475000.0,39,525000.0,124.0,1,Hispanic or Latino,Male,45-54,90.0,Loan originated
1,685000.0,37,855000.0,252.0,1,White,Female,45-54,80.0,Loan originated
1,535000.0,37,565000.0,154.0,1,Hispanic or Latino,Male,35-44,95.0,Loan originated
1,435000.0,30%-<36%,465000.0,179.0,1,Hispanic or Latino,Joint,55-64,95.0,Loan originated
1,115000.0,44,125000.0,34.0,1,White,Joint,55-64,95.0,Loan originated
1,815000.0,20%-<30%,1165000.0,383.0,1,Hispanic or Latino,Male,25-34,70.095,Loan originated
1,435000.0,36,935000.0,110.0,1,White,Female,25-34,46.805,Loan originated
1,715000.0,42,845000.0,189.0,1,White,Joint,35-44,85.0,Loan originated
1,335000.0,<20%,425000.0,192.0,1,White,Male,25-34,80.0,Application denied
1,1085000.0,>60%,1445000.0,179.0,1,Asian,Joint,55-64,75.0,Application denied
1,525000.0,30%-<36%,1045000.0,280.0,1,Black or African American,Joint,35-44,51.0,Loan originated
1,765000.0,47,865000.0,189.0,1,Asian,Joint,25-34,89.134,Loan originated
1,1085000.0,38,1805000.0,552.0,1,Asian,Joint,35-44,60.0,Loan originated
1,585000.0,20%-<30%,1065000.0,238.0,1,White,Joint,35-44,55.189,Loan originated
1,635000.0,49,665000.0,176.0,1,Hispanic or Latino,Male,35-44,95.0,Loan originated
1,555000.0,<20%,695000.0,337.0,1,Hispanic or Latino,Joint,45-54,80.0,Loan originated
1,565000.0,37,965000.0,262.0,1,Asian,Joint,35-44,58.33,Loan originated
1,385000.0,48,485000.0,78.0,1,Hispanic or Latino,Female,25-34,80.0,Application denied
1,765000.0,48,875000.0,230.0,1,White,Male,35-44,87.4,Loan originated
1,725000.0,45,765000.0,193.0,1,Asian,Male,35-44,94.99,Loan originated
1,505000.0,42,535000.0,119.0,1,Asian,Joint,45-54,95.0,Loan originated
1,415000.0,49,505000.0,95.0,1,Hispanic or Latino,Male,35-44,103.0,Loan originated
1,285000.0,50%-60%,865000.0,107.0,1,White,Joint,55-64,32.37,Loan originated
1,675000.0,49,1305000.0,325.0,1,White,Joint,45-54,51.846,Loan originated
1,1015000.0,44,1355000.0,244.0,1,White,Male,35-44,75.0,Loan originated
1,205000.0,20%-<30%,345000.0,118.0,1,Hispanic or Latino,Male,35-44,60.0,Loan originated
1,405000.0,42,635000.0,169.0,1,Asian,Female,35-44,64.023,Loan originated
1,535000.0,44,735000.0,141.0,1,Hispanic or Latino,Female,25-34,72.211,Loan originated
1,835000.0,45,1195000.0,553.0,1,Asian,Joint,65-74,70.0,Loan originated
1,605000.0,30%-<36%,715000.0,305.0,1,White,Joint,45-54,85.0,Loan originated
1,415000.0,43,695000.0,104.0,1,Asian,Female,35-44,60.0,Loan originated
1,305000.0,48,385000.0,114.0,1,White,Joint,65-74,80.0,Loan originated
1,695000.0,45,795000.0,136.0,1,Asian,Male,25-34,87.342,Loan originated
1,275000.0,41,565000.0,79.0,1,White,Female,35-44,48.673,Loan originated
1,615000.0,45,765000.0,151.0,1,Asian,Female,45-54,80.0,Loan originated
1,805000.0,38,1005000.0,247.0,1,White,Female,35-44,80.0,Loan originated
1,445000.0,20%-<30%,555000.0,157.0,1,Asian,Female,55-64,80.0,Loan originated
1,955000.0,20%-<30%,1455000.0,533.0,1,Hispanic or Latino,Male,45-54,65.565,Loan originated
1,605000.0,41,875000.0,164.0,1,White,Joint,25-34,68.571,Loan originated
1,585000.0,42,745000.0,140.0,1,Hispanic or Latino,Male,25-34,78.74,Loan originated
1,405000.0,>60%,505000.0,39.0,1,Asian,Male,<25,80.0,Application denied
1,465000.0,30%-<36%,505000.0,140.0,1,White,Joint,25-34,95.78,Loan originated
1,755000.0,43,835000.0,202.0,1,Asian,Male,35-44,90.0,Loan originated
1,315000.0,43,335000.0,103.0,1,Hispanic or Latino,Joint,65-74,95.0,Loan originated
1,675000.0,48,755000.0,180.0,1,Black or African American,Female,55-64,90.0,Loan originated
1,515000.0,48,645000.0,107.0,1,Asian,Joint,55-64,79.94,Loan originated
1,275000.0,20%-<30%,975000.0,144.0,1,White,Joint,35-44,28.205,Loan originated
1,185000.0,43,565000.0,56.0,1,Asian,Male,35-44,32.942,Loan originated
1,705000.0,49,785000.0,160.0,1,Hispanic or Latino,Male,25-34,90.0,Loan originated
1,1065000.0,40,1325000.0,372.0,1,White,Joint,35-44,80.0,Loan originated
1,505000.0,44,535000.0,157.0,1,Hispanic or Latino,Joint,35-44,95.0,Loan originated
1,565000.0,44,625000.0,134.0,1,Asian,Joint,25-34,90.0,Loan originated
1,525000.0,49,685000.0,106.0,1,Hispanic or Latino,Female,25-34,76.669,Loan originated
1,375000.0,30%-<36%,495000.0,142.0,1,White,Male,25-34,75.0,Loan originated
1,485000.0,40,555000.0,143.0,1,Hispanic or Latino,Joint,55-64,88.261,Loan originated
1,395000.0,20%-<30%,565000.0,171.0,1,White,Joint,55-64,70.0,Loan originated
1,645000.0,45,675000.0,177.0,1,Asian,Male,35-44,94.999,Loan originated
1,345000.0,44,645000.0,92.0,1,White,Female,45-54,53.0,Loan originated
1,605000.0,20%-<30%,805000.0,519.0,1,White,Male,25-34,75.0,Loan originated
1,705000.0,48,875000.0,168.0,1,White,Joint,35-44,80.0,Loan originated
1,55000.0,<20%,55000.0,78.0,1,White,Female,45-54,94.999,Loan originated
1,305000.0,20%-<30%,1265000.0,170.0,1,White,Joint,65-74,23.715,Loan originated
1,515000.0,30%-<36%,775000.0,165.0,1,White,Joint,25-34,65.64,Loan originated
1,505000.0,45,705000.0,140.0,1,Asian,Female,45-54,73.0,Loan originated
1,945000.0,43,1345000.0,238.0,1,Asian,Joint,55-64,70.0,Loan originated
1,285000.0,47,515000.0,79.0,1,White,Joint,35-44,95.0,Loan originated
1,535000.0,40,555000.0,222.0,1,White,Female,55-64,95.0,Loan originated
1,965000.0,20%-<30%,1215000.0,343.0,1,White,Female,35-44,80.0,Loan originated
1,925000.0,47,1155000.0,352.0,1,White,Male,35-44,80.0,Loan originated
1,445000.0,50%-60%,455000.0,82.0,1,Hispanic or Latino,Female,25-34,97.0,Loan originated
1,685000.0,30%-<36%,865000.0,211.0,1,Asian,Female,25-34,80.0,Loan originated
1,345000.0,20%-<30%,425000.0,159.0,1,Hispanic or Latino,Female,55-64,80.0,Loan originated
1,1145000.0,43,1205000.0,348.0,1,Hispanic or Latino,Male,35-44,95.0,Loan originated
1,235000.0,38,255000.0,142.0,1,White,Female,55-64,90.0,Loan originated
1,975000.0,44,1355000.0,222.0,1,Asian,Female,35-44,72.45,Loan originated
1,505000.0,30%-<36%,665000.0,221.0,1,Asian,Female,45-54,75.0,Loan originated
1,755000.0,30%-<36%,835000.0,246.0,1,White,Female,35-44,93.79,Loan originated
1,555000.0,41,585000.0,198.0,1,Hispanic or Latino,Male,25-34,95.0,Loan originated
1,495000.0,40,625000.0,142.0,1,White,Joint,>74,80.0,Loan originated
1,275000.0,42,295000.0,108.0,1,White,Male,35-44,95.0,Loan originated
1,975000.0,39,1225000.0,258.0,1,Asian,Male,45-54,80.0,Loan originated
1,955000.0,36,1005000.0,349.0,1,White,Joint,35-44,94.999,Loan originated
1,435000.0,49,655000.0,79.0,1,Other,Joint,55-64,66.0,Loan originated
1,555000.0,42,695000.0,154.0,1,Hispanic or Latino,Female,25-34,100.0,Loan originated
1,435000.0,44,485000.0,107.0,1,Asian,Joint,25-34,90.0,Loan originated
1,255000.0,47,315000.0,64.0,1,White,Male,65-74,80.0,Loan originated
1,355000.0,30%-<36%,855000.0,122.0,1,White,Joint,65-74,41.176,Loan originated
1,285000.0,38,375000.0,194.0,1,White,Joint,45-54,75.0,Loan originated
1,875000.0,43,1095000.0,387.0,1,Asian,Joint,35-44,79.998,Loan originated
1,705000.0,50%-60%,905000.0,139.0,1,White,Female,45-54,77.852,Loan originated
1,725000.0,49,915000.0,167.0,1,White,Male,35-44,80.0,Loan originated
1,745000.0,40,785000.0,211.0,1,Asian,Joint,25-34,95.0,Loan originated
1,785000.0,37,875000.0,281.0,1,Hispanic or Latino,Male,45-54,90.0,Loan originated
1,705000.0,48,775000.0,140.0,1,Hispanic or Latino,Female,45-54,91.161,Loan originated
1,185000.0,47,585000.0,46.0,1,White,Male,25-34,31.034,Loan originated
1,255000.0,50%-60%,305000.0,141.0,1,Asian,Male,55-64,83.85,Application denied
1,435000.0,46,555000.0,97.0,1,White,Male,35-44,78.182,Loan originated
1,545000.0,30%-<36%,675000.0,174.0,1,Asian,Joint,25-34,80.0,Loan originated
1,225000.0,49,285000.0,54.0,1,Black or African American,Female,25-34,100.0,Loan originated
1,215000.0,20%-<30%,365000.0,152.0,1,White,Male,45-54,58.75,Loan originated
1,535000.0,50%-60%,745000.0,89.0,1,White,Female,25-34,71.622,Application denied
1,315000.0,45,805000.0,101.0,1,Asian,Male,35-44,39.222,Loan originated
1,655000.0,45,825000.0,172.0,1,Asian,Joint,25-34,80.0,Loan originated
1,995000.0,20%-<30%,1665000.0,400.0,1,Asian,Joint,25-34,60.0,Loan originated
1,75000.0,20%-<30%,155000.0,81.0,1,White,Female,55-64,48.39,Loan originated
1,1115000.0,47,2025000.0,268.0,1,White,Joint,25-34,55.062,Loan originated
1,585000.0,42,725000.0,166.0,1,Asian,Male,25-34,80.0,Loan originated
1,385000.0,30%-<36%,455000.0,135.0,1,White,Male,35-44,85.0,Loan originated
1,675000.0,48,715000.0,216.0,1,White,Joint,25-34,95.0,Loan originated
1,805000.0,49,955000.0,177.0,1,White,Joint,25-34,84.211,Loan originated
1,405000.0,41,505000.0,134.0,1,Hispanic or Latino,Joint,35-44,80.0,Loan originated
1,665000.0,>60%,705000.0,21.0,1,Hispanic or Latino,Male,<25,95.0,Application denied
1,1125000.0,47,1345000.0,313.0,1,White,Joint,35-44,83.582,Loan originated
1,485000.0,41,735000.0,133.0,1,Asian,Joint,25-34,65.753,Loan originated
1,435000.0,>60%,455000.0,62.0,1,Hispanic or Latino,Female,25-34,95.0,Application denied
1,505000.0,42,855000.0,188.0,1,Asian,Joint,55-64,58.824,Loan originated
1,535000.0,48,595000.0,191.0,1,White,Male,35-44,90.0,Loan originated
1,645000.0,30%-<36%,815000.0,229.0,1,Asian,Male,45-54,80.0,Loan originated
1,505000.0,30%-<36%,665000.0,206.0,1,Hispanic or Latino,Joint,55-64,75.0,Loan originated
1,765000.0,36,905000.0,228.0,1,White,Joint,25-34,86.0,Loan originated
1,405000.0,49,425000.0,97.0,1,Hispanic or Latino,Joint,55-64,97.0,Loan originated
1,475000.0,49,505000.0,93.0,1,Hispanic or Latino,Male,25-34,92.157,Loan originated
1,195000.0,20%-<30%,815000.0,101.0,1,Asian,Male,25-34,24.81,Loan originated
1,715000.0,46,795000.0,228.0,1,Hispanic or Latino,Female,35-44,90.0,Loan originated
1,365000.0,46,385000.0,85.0,1,Hispanic or Latino,Male,35-44,97.0,Loan originated
1,665000.0,41,695000.0,152.0,1,Hispanic or Latino,Male,45-54,94.999,Loan originated
1,665000.0,49,705000.0,219.0,1,Asian,Male,35-44,94.0,Loan originated
1,515000.0,30%-<36%,695000.0,270.0,1,White,Female,35-44,74.96,Loan originated
1,265000.0,50%-60%,275000.0,100.0,1,White,Male,45-54,97.0,Loan originated
1,405000.0,48,705000.0,96.0,1,White,Female,55-64,57.14,Loan originated
1,755000.0,44,2425000.0,258.0,1,Asian,Joint,25-34,31.0,Loan originated
1,225000.0,37,235000.0,156.0,1,Hispanic or Latino,Joint,35-44,94.74,Loan originated
1,495000.0,49,515000.0,141.0,1,White,Joint,45-54,100.0,Loan originated
1,415000.0,44,445000.0,107.0,1,Hispanic or Latino,Male,<25,95.0,Loan originated
1,515000.0,39,645000.0,130.0,1,White,Male,55-64,80.0,Loan originated
1,275000.0,39,395000.0,102.0,1,Asian,Male,35-44,70.0,Loan originated
1,585000.0,44,725000.0,135.0,1,Hispanic or Latino,Male,55-64,80.0,Loan originated
1,695000.0,>60%,715000.0,13.0,1,Black or African American,Female,35-44,97.0,Application denied
1,775000.0,38,1155000.0,320.0,1,Asian,Female,35-44,80.0,Loan originated
1,625000.0,36,975000.0,215.0,1,White,Joint,25-34,64.0,Loan originated
1,475000.0,49,595000.0,213.0,1,Asian,Joint,25-34,80.0,Loan originated
1,575000.0,30%-<36%,605000.0,175.0,1,White,Male,55-64,95.0,Loan originated
1,375000.0,48,845000.0,131.0,1,White,Joint,55-64,44.44,Loan originated
1,765000.0,20%-<30%,1265000.0,263.0,1,White,Male,45-54,60.597,Loan originated
1,325000.0,44,335000.0,98.0,1,Hispanic or Latino,Male,25-34,97.0,Loan originated
1,685000.0,47,825000.0,185.0,1,Hispanic or Latino,Male,45-54,82.237,Loan originated
1,125000.0,43,135000.0,71.0,1,White,Female,35-44,95.0,Loan originated
1,95000.0,30%-<36%,105000.0,84.0,1,Asian,Female,25-34,95.0,Loan originated
1,775000.0,37,1025000.0,182.0,1,Asian,Male,35-44,75.61,Loan originated
1,645000.0,46,915000.0,310.0,1,Asian,Male,25-34,69.994,Loan originated
1,765000.0,45,985000.0,339.0,1,Asian,Joint,35-44,78.0,Loan originated
1,875000.0,41,1175000.0,382.0,1,White,Joint,25-34,74.468,Loan originated
1,425000.0,41,455000.0,128.0,1,Asian,Female,35-44,95.0,Loan originated
1,415000.0,36,515000.0,156.0,1,Asian,Male,35-44,80.0,Loan originated
1,515000.0,20%-<30%,645000.0,223.0,1,Asian,Joint,25-34,80.0,Loan originated
1,505000.0,<20%,925000.0,385.0,1,Asian,Male,35-44,55.0,Application denied
1,475000.0,20%-<30%,555000.0,487.0,1,Asian,Joint,25-34,85.0,Application denied
1,765000.0,30%-<36%,2405000.0,300.0,1,White,Male,55-64,31.94,Application denied
1,765000.0,20%-<30%,1045000.0,348.0,1,Asian,Joint,35-44,74.0,Loan originated
1,285000.0,39,355000.0,108.0,1,White,Male,35-44,80.0,Loan originated
1,645000.0,20%-<30%,725000.0,268.0,1,White,Joint,35-44,90.0,Loan originated
1,545000.0,43,595000.0,150.0,1,White,Male,45-54,91.597,Loan originated
1,1055000.0,46,1115000.0,226.0,1,White,Joint,45-54,95.0,Loan originated
1,365000.0,44,655000.0,97.0,1,White,Female,35-44,55.385,Loan originated
1,925000.0,42,1255000.0,330.0,1,Asian,Female,35-44,74.32,Loan originated
1,405000.0,37,615000.0,180.0,1,White,Joint,65-74,64.83,Loan originated
1,385000.0,>60%,415000.0,43.0,1,Hispanic or Latino,Male,35-44,93.293,Application denied
1,705000.0,49,1345000.0,141.0,1,Asian,Male,45-54,51.928,Loan originated
1,365000.0,46,1605000.0,115.0,1,White,Joint,>74,23.0,Loan originated
1,645000.0,46,765000.0,151.0,1,Asian,Female,25-34,85.0,Loan originated
1,495000.0,20%-<30%,615000.0,333.0,1,Hispanic or Latino,Female,45-54,80.0,Loan originated
1,775000.0,48,1105000.0,222.0,1,Asian,Female,35-44,70.0,Loan originated
1,715000.0,49,805000.0,147.0,1,Asian,Male,25-34,89.0,Loan originated
1,1135000.0,37,1335000.0,344.0,1,Asian,Joint,25-34,85.0,Loan originated
1,455000.0,37,875000.0,161.0,1,Asian,Joint,35-44,52.0,Loan originated
1,815000.0,48,905000.0,173.0,1,White,Joint,25-34,90.0,Loan originated
1,765000.0,30%-<36%,985000.0,375.0,1,White,Male,55-64,78.214,Loan originated
1,305000.0,43,925000.0,114.0,1,White,Male,45-54,32.269,Loan originated
1,785000.0,44,1105000.0,179.0,1,White,Joint,35-44,70.91,Loan originated
1,215000.0,44,375000.0,63.0,1,Hispanic or Latino,Female,45-54,58.919,Loan originated
1,575000.0,49,605000.0,118.0,1,Hispanic or Latino,Joint,25-34,95.0,Loan originated
1,345000.0,20%-<30%,435000.0,129.0,1,Hispanic or Latino,Joint,25-34,80.0,Loan originated
1,105000.0,<20%,135000.0,152.0,1,Asian,Female,25-34,79.0,Loan originated
1,1055000.0,48,1315000.0,287.0,1,Asian,Joint,45-54,80.0,Loan originated
1,165000.0,<20%,355000.0,113.0,1,White,Male,35-44,46.479,Loan originated
1,925000.0,36,1155000.0,243.0,1,Hispanic or Latino,Male,35-44,80.0,Loan originated
1,295000.0,30%-<36%,365000.0,75.0,1,White,Male,<25,80.0,Loan originated
1,775000.0,30%-<36%,1065000.0,301.0,1,Hispanic or Latino,Joint,65-74,72.642,Loan originated
1,305000.0,49,525000.0,66.0,1,Hispanic or Latino,Female,<25,57.693,Loan originated
1,495000.0,20%-<30%,825000.0,521.0,1,Asian,Male,25-34,60.0,Loan originated
1,335000.0,45,355000.0,88.0,1,White,Male,45-54,97.0,Loan originated
1,225000.0,42,365000.0,110.0,1,White,Female,55-64,62.707,Loan originated
1,565000.0,45,595000.0,228.0,1,White,Joint,45-54,95.0,Loan originated
1,455000.0,20%-<30%,935000.0,212.0,1,White,Joint,55-64,48.387,Loan originated
1,375000.0,49,415000.0,90.0,1,Hispanic or Latino,Male,35-44,90.0,Loan originated
1,645000.0,47,805000.0,201.0,1,Asian,Joint,35-44,80.0,Loan originated
1,815000.0,46,1025000.0,169.0,1,White,Male,25-34,80.0,Loan originated
1,545000.0,45,575000.0,141.0,1,Hispanic or Latino,Male,25-34,95.0,Loan originated
1,365000.0,20%-<30%,385000.0,182.0,1,Asian,Joint,35-44,95.0,Loan originated
1,325000.0,41,345000.0,84.0,1,Hispanic or Latino,Joint,55-64,95.0,Loan originated
1,205000.0,20%-<30%,435000.0,143.0,1,White,Male,55-64,46.512,Loan originated
1,1085000.0,<20%,1355000.0,1350.0,1,White,Joint,45-54,80.0,Application denied
1,555000.0,30%-<36%,715000.0,186.0,1,Asian,Female,25-34,77.635,Loan originated
1,155000.0,36,865000.0,172.0,1,Asian,Joint,25-34,97.442,Loan originated
1,575000.0,49,645000.0,127.0,1,Hispanic or Latino,Male,25-34,90.0,Loan originated
1,365000.0,49,495000.0,78.0,1,Hispanic or Latino,Male,45-54,97.0,Loan originated
1,725000.0,30%-<36%,915000.0,252.0,1,Hispanic or Latino,Joint,55-64,80.0,Loan originated
1,925000.0,30%-<36%,1025000.0,310.0,1,Asian,Joint,55-64,90.0,Loan originated
1,595000.0,48,635000.0,157.0,1,White,Female,55-64,93.67,Loan originated
1,955000.0,36,1195000.0,294.0,1,White,Male,25-34,80.0,Loan originated
1,395000.0,20%-<30%,415000.0,216.0,1,White,Male,35-44,95.0,Loan originated
1,765000.0,44,955000.0,200.0,1,Asian,Male,35-44,80.0,Loan originated
1,415000.0,49,515000.0,157.0,1,Asian,Male,25-34,80.0,Loan originated
1,355000.0,49,765000.0,160.0,1,White,Joint,45-54,45.752,Loan originated
1,165000.0,46,205000.0,92.0,1,White,Female,55-64,78.01,Loan originated
1,485000.0,30%-<36%,765000.0,153.0,1,Asian,Joint,35-44,62.745,Loan originated
1,455000.0,41,575000.0,120.0,1,Hispanic or Latino,Joint,25-34,80.0,Loan originated
1,585000.0,43,615000.0,155.0,1,Asian,Male,25-34,95.0,Loan originated
1,855000.0,41,905000.0,219.0,1,White,Joint,35-44,95.0,Loan originated
1,495000.0,50%-60%,705000.0,244.0,1,White,Female,55-64,70.0,Loan originated
1,345000.0,<20%,405000.0,761.0,1,Hispanic or Latino,Female,25-34,85.0,Application denied
1,335000.0,37,1515000.0,180.0,1,Asian,Joint,35-44,22.0,Loan originated
1,1125000.0,<20%,1405000.0,2855.0,1,White,Male,45-54,80.0,Loan originated
1,415000.0,48,525000.0,102.0,1,White,Male,35-44,80.0,Loan originated
1,525000.0,46,625000.0,105.0,1,Hispanic or Latino,Joint,45-54,84.0,Loan originated
1,635000.0,37,715000.0,267.0,1,White,Male,25-34,90.0,Loan originated
1,295000.0,30%-<36%,785000.0,132.0,1,Asian,Male,45-54,37.179,Loan originated
1,705000.0,48,1525000.0,227.0,1,Asian,Female,55-64,47.0,Loan originated
1,325000.0,43,625000.0,103.0,1,Black or African American,Joint,65-74,52.017,Loan originated
1,265000.0,38,505000.0,86.0,1,White,Joint,35-44,52.665,Loan originated
1,665000.0,46,705000.0,147.0,1,Hispanic or Latino,Male,25-34,95.0,Loan originated
1,485000.0,48,515000.0,186.0,1,Hispanic or Latino,Female,>74,95.0,Loan originated
1,815000.0,36,1025000.0,290.0,1,Hispanic or Latino,Joint,25-34,80.0,Loan originated
1,485000.0,>60%,605000.0,79.0,1,Asian,Male,35-44,80.0,Application denied
1,775000.0,49,1475000.0,184.0,1,White,Joint,45-54,52.54,Loan originated
1,515000.0,30%-<36%,645000.0,184.0,1,Asian,Joint,25-34,80.0,Loan originated
1,545000.0,30%-<36%,645000.0,184.0,1,Hispanic or Latino,Male,25-34,85.0,Loan originated
1,405000.0,30%-<36%,705000.0,252.0,1,Asian,Male,55-64,56.738,Loan originated
1,295000.0,49,395000.0,116.0,1,Hispanic or Latino,Male,65-74,75.0,Loan originated
1,605000.0,40,645000.0,214.0,1,Asian,Joint,35-44,95.0,Loan originated
1,305000.0,20%-<30%,545000.0,165.0,1,White,Female,55-64,55.648,Loan originated
1,565000.0,49,705000.0,101.0,1,White,Female,45-54,80.0,Loan originated
1,905000.0,42,1225000.0,217.0,1,Asian,Female,25-34,73.77,Loan originated
1,465000.0,48,495000.0,98.0,1,Hispanic or Latino,Male,25-34,95.0,Loan originated
1,1145000.0,46,1355000.0,309.0,1,White,Joint,35-44,85.0,Loan originated
1,275000.0,20%-<30%,625000.0,117.0,1,White,Joint,>74,44.356,Loan originated
1,525000.0,49,775000.0,127.0,1,Asian,Joint,35-44,67.74,Loan originated
1,765000.0,20%-<30%,1185000.0,343.0,1,Asian,Joint,35-44,64.688,Loan originated
1,765000.0,43,885000.0,174.0,1,Asian,Male,35-44,86.42,Loan originated
1,445000.0,<20%,555000.0,485.0,1,Hispanic or Latino,Male,25-34,80.0,Loan originated
1,225000.0,39,275000.0,88.0,1,White,Female,25-34,80.0,Loan originated
1,435000.0,30%-<36%,445000.0,124.0,1,White,Joint,25-34,97.0,Loan originated
1,765000.0,40,995000.0,195.0,1,White,Joint,35-44,78.0,Loan originated
1,235000.0,20%-<30%,645000.0,127.0,1,White,Female,45-54,36.406,Loan originated
1,505000.0,48,635000.0,100.0,1,Asian,Joint,35-44,80.0,Loan originated
1,475000.0,50%-60%,565000.0,98.0,1,Asian,Male,35-44,89.332,Application denied
1,485000.0,41,805000.0,140.0,1,Asian,Male,35-44,60.0,Loan originated
1,675000.0,49,825000.0,147.0,1,Asian,Female,25-34,100.0,Loan originated
1,415000.0,20%-<30%,515000.0,272.0,1,Other,Male,35-44,97.0,Loan originated
1,235000.0,49,355000.0,53.0,1,White,Male,55-64,68.0,Loan originated
1,505000.0,48,905000.0,149.0,1,Black or African American,Male,65-74,55.599,Loan originated
1,565000.0,38,625000.0,258.0,1,Asian,Male,35-44,90.0,Application denied
1,415000.0,45,535000.0,91.0,1,Hispanic or Latino,Joint,25-34,77.737,Loan originated
1,755000.0,30%-<36%,945000.0,384.0,1,White,Joint,35-44,80.0,Loan originated
1,705000.0,30%-<36%,1005000.0,204.0,1,White,Male,25-34,70.0,Loan originated
1,595000.0,30%-<36%,805000.0,167.0,1,Asian,Male,45-54,74.875,Loan originated
1,385000.0,38,525000.0,106.0,1,Asian,Female,55-64,73.077,Loan originated
1,885000.0,20%-<30%,1115000.0,393.0,1,Asian,Joint,25-34,80.0,Loan originated
1,965000.0,43,1285000.0,229.0,1,White,Joint,25-34,75.0,Loan originated
1,335000.0,44,1005000.0,73.0,1,White,Female,55-64,33.3,Loan originated
1,665000.0,20%-<30%,875000.0,216.0,1,White,Male,55-64,80.0,Loan originated
1,305000.0,30%-<36%,355000.0,89.0,1,White,Male,25-34,85.714,Loan originated
1,345000.0,47,585000.0,83.0,1,White,Male,65-74,59.253,Loan originated
1,555000.0,20%-<30%,695000.0,217.0,1,Asian,Male,25-34,80.0,Loan originated
1,335000.0,42,485000.0,207.0,1,White,Male,65-74,68.041,Loan originated
1,965000.0,30%-<36%,1205000.0,289.0,1,White,Female,35-44,80.0,Loan originated
1,515000.0,46,595000.0,134.0,1,Hispanic or Latino,Joint,45-54,87.28,Loan originated
1,325000.0,49,405000.0,71.0,1,Hispanic or Latino,Joint,35-44,80.0,Loan originated
1,1005000.0,41,1545000.0,874.0,1,White,Male,25-34,89.99,Loan originated
1,755000.0,20%-<30%,2015000.0,375.0,1,Asian,Male,35-44,37.31,Loan originated
1,775000.0,42,1615000.0,217.0,1,White,Joint,25-34,47.826,Loan originated
1,1025000.0,30%-<36%,1285000.0,400.0,1,Asian,Joint,35-44,80.0,Loan originated
1,445000.0,<20%,855000.0,456.0,1,Hispanic or Latino,Male,55-64,51.878,Loan originated
1,585000.0,41,615000.0,155.0,1,Asian,Male,35-44,95.0,Loan originated
1,1145000.0,30%-<36%,1525000.0,315.0,1,Asian,Joint,35-44,75.0,Loan originated
1,355000.0,36,375000.0,194.0,1,White,Male,25-34,95.0,Loan originated
1,235000.0,43,245000.0,79.0,1,White,Joint,45-54,97.0,Loan originated
1,415000.0,49,525000.0,117.0,1,Hispanic or Latino,Male,25-34,80.0,Loan originated
1,515000.0,30%-<36%,705000.0,179.0,1,Asian,Female,25-34,73.582,Loan originated
1,575000.0,49,945000.0,140.0,1,Asian,Male,25-34,61.35,Loan originated
1,345000.0,49,435000.0,141.0,1,White,Female,>74,80.0,Loan originated
1,645000.0,45,685000.0,140.0,1,Asian,Joint,35-44,95.0,Loan originated
1,795000.0,40,995000.0,224.0,1,Asian,Male,25-34,80.0,Loan originated
1,705000.0,49,895000.0,148.0,1,White,Joint,25-34,79.0,Loan originated
1,695000.0,40,875000.0,192.0,1,White,Male,25-34,80.0,Loan originated
1,675000.0,48,845000.0,242.0,1,Asian,Joint,25-34,80.0,Loan originated
1,235000.0,50%-60%,245000.0,68.0,1,Hispanic or Latino,Joint,35-44,97.0,Application denied
1,595000.0,41,635000.0,185.0,1,Black or African American,Female,55-64,95.0,Loan originated
1,1015000.0,41,1275000.0,292.0,1,Hispanic or Latino,Joint,25-34,80.0,Loan originated
1,765000.0,45,1055000.0,161.0,1,Black or African American,Male,55-64,73.005,Loan originated
1,355000.0,20%-<30%,785000.0,178.0,1,White,Joint,45-54,44.872,Loan originated
1,565000.0,30%-<36%,715000.0,359.0,1,White,Male,25-34,80.0,Loan originated
1,885000.0,44,1115000.0,515.0,1,White,Joint,35-44,80.0,Loan originated
1,165000.0,40,505000.0,47.0,1,Hispanic or Latino,Male,<25,31.949,Loan originated
1,665000.0,>60%,825000.0,153.0,1,Asian,Joint,45-54,80.0,Application denied
1,1135000.0,48,1285000.0,259.0,1,Asian,Joint,25-34,88.34,Loan originated
1,245000.0,48,245000.0,58.0,1,White,Female,45-54,96.96,Loan originated
1,875000.0,20%-<30%,1255000.0,479.0,1,White,Joint,25-34,70.0,Loan originated
1,725000.0,30%-<36%,1455000.0,235.0,1,White,Joint,35-44,50.0,Loan originated
1,925000.0,20%-<30%,1165000.0,309.0,1,Asian,Joint,45-54,80.0,Loan originated
1,665000.0,46,865000.0,131.0,1,Hispanic or Latino,Joint,25-34,77.33,Loan originated
1,405000.0,47,445000.0,100.0,1,White,Male,25-34,90.0,Loan originated
1,1005000.0,40,4805000.0,454.0,1,Asian,Joint,55-64,20.812,Application denied
1,435000.0,38,545000.0,226.0,1,White,Joint,55-64,80.0,Loan originated
1,1005000.0,30%-<36%,1505000.0,403.0,1,Hispanic or Latino,Joint,35-44,66.667,Loan originated
1,905000.0,30%-<36%,1125000.0,241.0,1,White,Joint,25-34,80.0,Loan originated
1,365000.0,30%-<36%,405000.0,114.0,1,Hispanic or Latino,Female,45-54,90.0,Loan originated
1,625000.0,44,665000.0,167.0,1,White,Female,35-44,95.0,Loan originated
1,1015000.0,44,2105000.0,292.0,1,Asian,Male,35-44,49.03,Loan originated
1,735000.0,40,775000.0,230.0,1,Asian,Joint,25-34,95.0,Loan originated
1,275000.0,37,455000.0,101.0,1,White,Female,55-64,60.0,Application denied
1,205000.0,41,315000.0,70.0,1,White,Joint,25-34,97.0,Loan originated
1,485000.0,44,615000.0,141.0,1,White,Joint,35-44,80.0,Loan originated
1,415000.0,40,435000.0,134.0,1,Hispanic or Latino,Male,35-44,95.0,Loan originated
1,655000.0,30%-<36%,815000.0,249.0,1,White,Joint,55-64,80.0,Loan originated
1,735000.0,49,775000.0,171.0,1,Hispanic or Latino,Female,25-34,95.0,Loan originated
1,655000.0,48,875000.0,153.0,1,Asian,Male,45-54,74.286,Loan originated
1,765000.0,38,1035000.0,196.0,1,Asian,Joint,25-34,73.796,Loan originated
1,935000.0,20%-<30%,1165000.0,394.0,1,White,Male,35-44,80.0,Loan originated
1,535000.0,36,635000.0,310.0,1,White,Joint,25-34,84.999,Loan originated
1,765000.0,30%-<36%,1085000.0,230.0,1,Asian,Joint,45-54,70.977,Loan originated
1,175000.0,50%-60%,285000.0,37.0,1,White,Female,55-64,62.143,Application denied
1,695000.0,41,925000.0,174.0,1,White,Joint,35-44,75.0,Loan originated
1,405000.0,30%-<36%,505000.0,135.0,1,White,Joint,25-34,80.0,Loan originated
1,245000.0,44,255000.0,55.0,1,Hispanic or Latino,Female,25-34,97.0,Loan originated
1,445000.0,39,1045000.0,165.0,1,White,Female,35-44,42.803,Loan originated
1,285000.0,40,295000.0,84.0,1,White,Male,45-54,97.0,Loan originated
1,505000.0,30%-<36%,535000.0,141.0,1,Hispanic or Latino,Joint,35-44,95.0,Loan originated
1,805000.0,41,1335000.0,341.0,1,Asian,Joint,25-34,60.15,Loan originated
1,745000.0,30%-<36%,925000.0,269.0,1,Asian,Joint,25-34,80.0,Loan originated
1,905000.0,49,1205000.0,235.0,1,White,Joint,65-74,75.0,Loan originated
1,135000.0,20%-<30%,145000.0,169.0,1,Hispanic or Latino,Joint,35-44,90.0,Loan originated
1,705000.0,45,1005000.0,207.0,1,Hispanic or Latino,Joint,45-54,70.0,Loan originated
1,645000.0,42,805000.0,238.0,1,Asian,Female,35-44,79.996,Loan originated
1,455000.0,46,535000.0,262.0,1,White,Joint,35-44,85.0,Loan originated
1,315000.0,50%-60%,325000.0,93.0,1,Hispanic or Latino,Male,25-34,97.0,Application denied
1,525000.0,42,1075000.0,186.0,1,Asian,Male,45-54,48.837,Application denied
1,175000.0,44,245000.0,43.0,1,Hispanic or Latino,Male,>74,70.0,Loan originated
1,365000.0,30%-<36%,605000.0,107.0,1,Hispanic or Latino,Joint,25-34,60.0,Loan originated
1,1145000.0,47,1745000.0,256.0,1,White,Joint,25-34,65.986,Loan originated
1,785000.0,48,975000.0,238.0,1,Hispanic or Latino,Joint,25-34,80.0,Loan originated
1,805000.0,49,975000.0,147.0,1,Hispanic or Latino,Joint,25-34,82.308,Loan originated
1,695000.0,43,925000.0,355.0,1,Asian,Joint,45-54,75.0,Loan originated
1,485000.0,36,605000.0,139.0,1,Asian,Male,55-64,79.998,Loan originated
1,705000.0,45,785000.0,185.0,1,Hispanic or Latino,Male,25-34,90.0,Loan originated
1,515000.0,48,865000.0,144.0,1,White,Male,35-44,59.538,Loan originated
1,465000.0,46,635000.0,185.0,1,Other,Male,35-44,72.609,Loan originated
1,715000.0,40,975000.0,224.0,1,Asian,Male,35-44,73.74,Loan originated
1,485000.0,20%-<30%,655000.0,195.0,1,White,Male,25-34,74.62,Loan originated
1,485000.0,42,605000.0,185.0,1,White,Female,45-54,80.0,Loan originated
1,495000.0,44,1125000.0,237.0,1,Asian,Male,55-64,43.91,Loan originated
1,585000.0,38,735000.0,174.0,1,Hispanic or Latino,Male,45-54,80.0,Loan originated
1,345000.0,46,595000.0,74.0,1,Hispanic or Latino,Joint,35-44,58.0,Loan originated
1,1005000.0,42,1985000.0,317.0,1,White,Joint,35-44,50.681,Loan originated
1,355000.0,42,535000.0,83.0,1,White,Male,35-44,65.421,Loan originated
1,465000.0,47,485000.0,163.0,1,Asian,Joint,35-44,95.0,Loan originated
1,535000.0,48,675000.0,238.0,1,Asian,Female,65-74,80.0,Loan originated
1,185000.0,38,495000.0,77.0,1,White,Male,>74,37.374,Loan originated
1,615000.0,49,1025000.0,122.0,1,Asian,Joint,35-44,59.805,Loan originated
1,925000.0,41,1265000.0,480.0,1,White,Male,55-64,73.455,Loan originated
1,615000.0,48,775000.0,131.0,1,White,Male,35-44,80.0,Loan originated
1,335000.0,43,415000.0,111.0,1,Hispanic or Latino,Female,45-54,80.0,Loan originated
1,765000.0,45,1175000.0,214.0,1,Asian,Joint,45-54,65.238,Loan originated
1,305000.0,20%-<30%,315000.0,193.0,1,White,Joint,65-74,97.0,Loan originated
1,885000.0,49,1185000.0,203.0,1,White,Joint,55-64,74.576,Loan originated
1,255000.0,46,1255000.0,78.0,1,White,Female,55-64,28.0,Loan originated
1,535000.0,20%-<30%,785000.0,357.0,1,Asian,Joint,45-54,68.287,Loan originated
1,255000.0,46,275000.0,83.0,1,White,Female,25-34,90.0,Loan originated
1,765000.0,<20%,855000.0,1057.0,1,White,Male,25-34,90.0,Loan originated
1,695000.0,45,775000.0,165.0,1,Asian,Male,25-34,90.0,Loan originated
1,735000.0,48,815000.0,147.0,1,Asian,Male,35-44,90.0,Loan originated
1,545000.0,<20%,2205000.0,610.0,1,White,Male,55-64,24.83,Loan originated
1,305000.0,30%-<36%,365000.0,114.0,1,Hispanic or Latino,Male,25-34,105.0,Loan originated
1,655000.0,49,815000.0,154.0,1,Hispanic or Latino,Joint,65-74,80.0,Loan originated
1,595000.0,49,665000.0,112.0,1,Hispanic or Latino,Male,45-54,90.0,Loan originated
1,495000.0,48,615000.0,230.0,1,White,Joint,65-74,80.0,Loan originated
1,105000.0,<20%,555000.0,133.0,1,White,Female,55-64,18.018,Application denied
1,625000.0,30%-<36%,695000.0,183.0,1,White,Male,25-34,91.0,Loan originated
1,225000.0,38,535000.0,86.0,1,Hispanic or Latino,Female,35-44,41.45,Loan originated
1,445000.0,49,1425000.0,116.0,1,White,Female,55-64,30.877,Loan originated
1,485000.0,49,515000.0,104.0,1,Hispanic or Latino,Joint,35-44,100.0,Loan originated
1,305000.0,43,625000.0,107.0,1,Hispanic or Latino,Male,65-74,48.0,Application denied
1,625000.0,48,775000.0,208.0,1,White,Joint,45-54,80.0,Loan originated
1,665000.0,30%-<36%,885000.0,202.0,1,White,Male,25-34,75.0,Loan originated
1,495000.0,30%-<36%,555000.0,184.0,1,Hispanic or Latino,Female,45-54,90.0,Loan originated
1,295000.0,30%-<36%,395000.0,146.0,1,White,Male,65-74,74.684,Loan originated
1,475000.0,48,1375000.0,160.0,1,White,Joint,65-74,34.54,Loan originated
1,545000.0,45,685000.0,113.0,1,Asian,Female,35-44,86.26,Loan originated
1,455000.0,47,495000.0,88.0,1,White,Male,<25,91.837,Loan originated
1,655000.0,46,675000.0,150.0,1,Hispanic or Latino,Joint,55-64,100.0,Loan originated
1,335000.0,48,385000.0,74.0,1,White,Female,25-34,86.894,Loan originated
1,495000.0,48,765000.0,102.0,1,Asian,Female,25-34,64.47,Loan originated
1,875000.0,47,1305000.0,200.0,1,White,Male,35-44,67.492,Loan originated
1,395000.0,47,565000.0,82.0,1,Asian,Joint,45-54,70.0,Loan originated
1,445000.0,49,565000.0,80.0,1,Hispanic or Latino,Male,25-34,80.0,Loan originated
1,525000.0,30%-<36%,655000.0,314.0,1,Hispanic or Latino,Joint,25-34,80.0,Loan originated
1,135000.0,20%-<30%,1185000.0,139.0,1,Asian,Male,25-34,11.02,Loan originated
1,735000.0,45,985000.0,447.0,1,White,Female,55-64,75.0,Loan originated
1,265000.0,49,285000.0,51.0,1,Hispanic or Latino,Male,25-34,98.0,Loan originated
1,665000.0,20%-<30%,825000.0,239.0,1,Asian,Joint,35-44,80.0,Loan originated
1,605000.0,46,755000.0,163.0,1,White,Female,25-34,80.0,Loan originated
1,545000.0,30%-<36%,675000.0,166.0,1,White,Joint,35-44,80.0,Loan originated
1,555000.0,44,745000.0,110.0,1,Hispanic or Latino,Male,25-34,75.0,Loan originated
1,495000.0,49,665000.0,94.0,1,White,Joint,25-34,75.0,Loan originated
1,105000.0,30%-<36%,255000.0,233.0,1,White,Male,65-74,40.24,Loan originated
1,585000.0,46,885000.0,162.0,1,White,Male,65-74,65.9,Loan originated
1,1105000.0,48,1855000.0,277.0,1,Asian,Joint,45-54,59.459,Loan originated
1,565000.0,46,705000.0,241.0,1,Asian,Female,25-34,80.0,Loan originated
1,535000.0,42,775000.0,204.0,1,Asian,Female,25-34,69.032,Loan originated
1,1005000.0,48,1405000.0,240.0,1,White,Joint,>74,71.62,Loan originated
1,905000.0,45,1555000.0,21.0,1,Asian,Male,25-34,57.88,Loan originated
1,1005000.0,48,1465000.0,330.0,1,White,Joint,35-44,68.259,Loan originated
1,1005000.0,30%-<36%,1775000.0,404.0,1,Asian,Joint,25-34,56.253,Loan originated
1,275000.0,30%-<36%,375000.0,119.0,1,Hispanic or Latino,Joint,35-44,75.0,Loan originated
1,1145000.0,36,1565000.0,322.0,1,White,Joint,25-34,73.707,Loan originated
1,395000.0,36,415000.0,136.0,1,Hispanic or Latino,Female,25-34,95.0,Loan originated
1,535000.0,40,635000.0,153.0,1,Hispanic or Latino,Male,45-54,85.0,Loan originated
1,395000.0,43,415000.0,110.0,1,Hispanic or Latino,Joint,45-54,95.0,Loan originated
1,365000.0,41,735000.0,138.0,1,White,Joint,65-74,49.66,Loan originated
1,1145000.0,43,1435000.0,286.0,1,Asian,Male,35-44,80.0,Loan originated
1,215000.0,47,805000.0,61.0,1,White,Female,55-64,27.14,Loan originated
1,385000.0,20%-<30%,485000.0,125.0,1,White,Male,45-54,80.0,Loan originated
1,415000.0,<20%,1585000.0,335.0,1,Asian,Male,35-44,25.87,Loan originated
1,735000.0,46,815000.0,200.0,1,Asian,Male,25-34,90.0,Loan originated
1,405000.0,41,505000.0,129.0,1,Asian,Joint,55-64,100.0,Loan originated
1,665000.0,46,885000.0,204.0,1,Asian,Male,55-64,75.0,Loan originated
1,485000.0,20%-<30%,605000.0,168.0,1,Hispanic or Latino,Male,<25,80.0,Loan originated
1,935000.0,36,1045000.0,275.0,1,Hispanic or Latino,Male,<25,90.0,Loan originated
1,715000.0,30%-<36%,955000.0,235.0,1,Asian,Joint,25-34,75.0,Loan originated
1,945000.0,20%-<30%,1175000.0,506.0,1,Asian,Female,35-44,80.0,Loan originated
1,215000.0,41,425000.0,90.0,1,Hispanic or Latino,Male,55-64,100.0,Loan originated
1,205000.0,37,255000.0,70.0,1,Asian,Male,55-64,80.0,Loan originated
1,525000.0,44,655000.0,246.0,1,White,Joint,55-64,80.0,Loan originated
1,1305000.0,44,2405000.0,520.0,1,Asian,Joint,35-44,54.05,Loan originated
1,485000.0,43,575000.0,128.0,1,Hispanic or Latino,Joint,25-34,85.0,Loan originated
1,655000.0,20%-<30%,775000.0,264.0,1,White,Joint,45-54,85.0,Loan originated
1,475000.0,48,1085000.0,110.0,1,Hispanic or Latino,Male,25-34,43.318,Loan originated
1,795000.0,46,885000.0,243.0,1,White,Male,45-54,89.89,Loan originated
1,465000.0,42,585000.0,150.0,1,Hispanic or Latino,Female,45-54,79.922,Loan originated
1,455000.0,44,785000.0,106.0,1,Asian,Male,<25,57.618,Loan originated
1,605000.0,48,835000.0,205.0,1,Asian,Male,25-34,72.45,Loan originated
1,355000.0,>60%,725000.0,14.0,1,Black or African American,Female,55-64,48.276,Application denied
1,385000.0,46,645000.0,109.0,1,Asian,Female,>74,59.222,Loan originated
1,765000.0,43,865000.0,195.0,1,White,Joint,55-64,89.13,Loan originated
1,415000.0,48,425000.0,101.0,1,White,Joint,25-34,100.0,Loan originated
1,1045000.0,>60%,1495000.0,50.0,1,Hispanic or Latino,Male,55-64,70.0,Application denied
1,735000.0,37,815000.0,219.0,1,Hispanic or Latino,Male,25-34,90.0,Loan originated
1,375000.0,47,505000.0,115.0,1,Asian,Female,35-44,74.999,Loan originated
1,445000.0,46,945000.0,250.0,1,Asian,Joint,35-44,48.0,Loan originated
1,175000.0,50%-60%,195000.0,45.0,1,Hispanic or Latino,Male,45-54,90.049,Application denied
1,935000.0,30%-<36%,1245000.0,376.0,1,Asian,Male,35-44,74.699,Loan originated
1,455000.0,48,565000.0,99.0,1,Hispanic or Latino,Joint,45-54,100.0,Loan originated
1,845000.0,30%-<36%,1685000.0,257.0,1,Asian,Male,35-44,50.0,Loan originated
1,495000.0,20%-<30%,545000.0,261.0,1,Asian,Female,25-34,90.0,Loan originated
1,465000.0,41,555000.0,132.0,1,Hispanic or Latino,Female,25-34,83.636,Loan originated
1,365000.0,47,455000.0,216.0,1,Asian,Female,35-44,80.0,Loan originated
1,225000.0,48,265000.0,50.0,1,White,Male,25-34,86.538,Loan originated
1,675000.0,36,755000.0,284.0,1,Asian,Male,35-44,89.99,Loan originated
1,535000.0,20%-<30%,675000.0,358.0,1,Black or African American,Female,55-64,80.0,Loan originated
1,815000.0,43,925000.0,233.0,1,White,Joint,35-44,88.108,Loan originated
1,435000.0,48,485000.0,115.0,1,Asian,Male,25-34,90.0,Loan originated
1,1145000.0,30%-<36%,1425000.0,379.0,1,White,Joint,45-54,80.0,Loan originated
1,375000.0,43,395000.0,207.0,1,Hispanic or Latino,Female,45-54,95.0,Loan originated
1,755000.0,45,965000.0,170.0,1,White,Joint,35-44,80.0,Loan originated
1,255000.0,46,305000.0,57.0,1,Black or African American,Male,25-34,83.06,Application denied
1,1045000.0,42,1395000.0,394.0,1,Asian,Joint,25-34,74.91,Loan originated
1,125000.0,42,125000.0,140.0,1,White,Joint,55-64,95.0,Loan originated
1,765000.0,47,1485000.0,166.0,1,Asian,Male,25-34,51.794,Loan originated
1,715000.0,49,895000.0,290.0,1,Hispanic or Latino,Male,45-54,80.0,Application denied
1,1055000.0,48,1325000.0,251.0,1,Asian,Female,35-44,80.0,Loan originated
1,445000.0,41,535000.0,136.0,1,Hispanic or Latino,Joint,25-34,103.43,Loan originated
1,405000.0,48,515000.0,104.0,1,Asian,Joint,35-44,100.0,Loan originated
1,615000.0,37,765000.0,152.0,1,White,Male,>74,80.0,Loan originated
1,405000.0,<20%,1205000.0,466.0,1,White,Male,35-44,33.333,Loan originated
1,355000.0,<20%,385000.0,179.0,1,Hispanic or Latino,Joint,25-34,93.0,Loan originated
1,245000.0,30%-<36%,1155000.0,80.0,1,Asian,Joint,65-74,20.87,Loan originated
1,655000.0,42,725000.0,227.0,1,White,Joint,65-74,89.94,Loan originated
1,835000.0,44,1055000.0,235.0,1,White,Female,25-34,79.952,Loan originated
1,585000.0,20%-<30%,645000.0,239.0,1,White,Joint,25-34,90.0,Loan originated
1,535000.0,41,675000.0,143.0,1,Asian,Male,35-44,80.0,Application denied
1,325000.0,30%-<36%,435000.0,98.0,1,White,Female,25-34,95.0,Loan originated
1,765000.0,46,1885000.0,330.0,1,Asian,Joint,35-44,40.74,Loan originated
1,825000.0,30%-<36%,985000.0,280.0,1,Asian,Joint,25-34,83.71,Loan originated
1,805000.0,30%-<36%,1645000.0,282.0,1,Asian,Female,25-34,48.544,Loan originated
1,695000.0,20%-<30%,865000.0,358.0,1,Asian,Joint,25-34,80.0,Loan originated
1,765000.0,38,1005000.0,314.0,1,Asian,Joint,35-44,76.655,Loan originated
1,1125000.0,42,1325000.0,288.0,1,Asian,Joint,35-44,85.0,Loan originated
1,585000.0,39,775000.0,155.0,1,White,Joint,35-44,75.0,Loan originated
1,475000.0,36,525000.0,172.0,1,White,Joint,25-34,90.0,Loan originated
1,525000.0,42,655000.0,130.0,1,Hispanic or Latino,Female,35-44,100.0,Loan originated
1,665000.0,20%-<30%,835000.0,297.0,1,Asian,Male,35-44,79.9879,Loan originated
1,875000.0,48,1275000.0,188.0,1,White,Female,35-44,68.63,Loan originated
1,525000.0,38,665000.0,194.0,1,Hispanic or Latino,Joint,35-44,80.0,Loan originated
1,275000.0,30%-<36%,545000.0,100.0,1,White,Joint,55-64,49.451,Loan originated
1,585000.0,42,865000.0,160.0,1,White,Female,55-64,67.442,Loan originated
1,465000.0,30%-<36%,575000.0,385.0,1,White,Male,55-64,80.0,Loan originated
1,235000.0,20%-<30%,1035000.0,139.0,1,Asian,Female,35-44,22.929,Loan originated
1,475000.0,47,595000.0,184.0,1,Asian,Joint,35-44,80.0,Loan originated
1,645000.0,45,715000.0,173.0,1,Hispanic or Latino,Female,35-44,90.0,Loan originated
1,735000.0,20%-<30%,1335000.0,353.0,1,White,Joint,55-64,55.19,Loan originated
1,555000.0,41,585000.0,131.0,1,White,Female,55-64,95.0,Loan originated
1,505000.0,>60%,905000.0,169.0,1,Asian,Female,25-34,55.556,Application denied
1,805000.0,20%-<30%,805000.0,325.0,1,Asian,Male,35-44,100.0,Loan originated
1,405000.0,30%-<36%,1655000.0,439.0,1,White,Joint,55-64,63.637,Loan originated
1,285000.0,41,365000.0,78.0,1,Hispanic or Latino,Female,25-34,80.0,Loan originated
1,795000.0,38,1135000.0,233.0,1,White,Joint,45-54,70.354,Loan originated
1,535000.0,<20%,765000.0,311.0,1,White,Joint,35-44,69.737,Loan originated
1,95000.0,44,195000.0,26.0,1,Black or African American,Female,55-64,52.749,Loan originated
1,305000.0,38,475000.0,129.0,1,White,Female,45-54,64.211,Loan originated
1,655000.0,49,935000.0,192.0,1,Hispanic or Latino,Female,35-44,70.0,Loan originated
1,325000.0,43,415000.0,132.0,1,Asian,Female,45-54,80.43,Loan originated
1,595000.0,30%-<36%,625000.0,179.0,1,White,Male,35-44,95.0,Loan originated
1,955000.0,49,1515000.0,212.0,1,White,Male,45-54,63.328,Loan originated
1,305000.0,20%-<30%,605000.0,139.0,1,White,Female,25-34,50.413,Loan originated
1,115000.0,30%-<36%,645000.0,69.0,1,White,Male,65-74,17.188,Loan originated
1,105000.0,42,175000.0,28.0,1,White,Female,55-64,54.118,Application denied
1,515000.0,<20%,685000.0,421.0,1,Asian,Male,25-34,75.0,Loan originated
1,215000.0,30%-<36%,465000.0,67.0,1,Asian,Male,45-54,46.752,Loan originated
1,365000.0,42,455000.0,88.0,1,Hispanic or Latino,Joint,35-44,98.0,Loan originated
1,1105000.0,45,1195000.0,334.0,1,White,Joint,35-44,93.0,Loan originated
1,415000.0,47,435000.0,88.0,1,White,Female,35-44,95.0,Loan originated
1,635000.0,44,1125000.0,166.0,1,White,Female,45-54,56.696,Loan originated
1,485000.0,20%-<30%,565000.0,254.0,1,White,Joint,45-54,85.0,Loan originated
1,405000.0,20%-<30%,675000.0,252.0,1,Asian,Joint,25-34,60.0,Loan originated
1,305000.0,48,335000.0,82.0,1,Hispanic or Latino,Female,<25,90.0,Loan originated
1,645000.0,38,815000.0,160.0,1,Asian,Male,35-44,80.0,Loan originated
1,405000.0,39,1405000.0,124.0,1,White,Joint,55-64,28.551,Loan originated
1,945000.0,20%-<30%,1185000.0,367.0,1,White,Joint,25-34,80.0,Loan originated
1,295000.0,38,485000.0,92.0,1,White,Female,35-44,60.784,Loan originated
1,425000.0,47,705000.0,182.0,1,Hispanic or Latino,Joint,55-64,60.299,Loan originated
1,315000.0,41,305000.0,101.0,1,Black or African American,Female,55-64,101.75,Loan originated
1,315000.0,48,555000.0,71.0,1,Asian,Male,45-54,82.273,Loan originated
1,335000.0,39,1135000.0,106.0,1,White,Male,65-74,29.515,Loan originated
1,635000.0,48,655000.0,164.0,1,White,Joint,35-44,97.0,Loan originated
1,785000.0,46,865000.0,160.0,1,Asian,Joint,45-54,93.0,Loan originated
1,875000.0,38,925000.0,352.0,1,White,Male,35-44,95.0,Loan originated
1,465000.0,41,635000.0,178.0,1,White,Male,35-44,73.016,Loan originated
1,945000.0,44,1175000.0,217.0,1,Hispanic or Latino,Male,35-44,80.0,Loan originated
1,405000.0,30%-<36%,855000.0,163.0,1,Hispanic or Latino,Joint,65-74,46.893,Loan originated
1,525000.0,20%-<30%,2525000.0,376.0,1,White,Joint,45-54,20.792,Loan originated
1,225000.0,45,1225000.0,78.0,1,Black or African American,Female,35-44,18.367,Loan originated
1,435000.0,38,545000.0,123.0,1,Hispanic or Latino,Female,35-44,83.0,Loan originated
1,355000.0,44,1085000.0,116.0,1,White,Joint,45-54,32.243,Loan originated
1,585000.0,36,735000.0,161.0,1,Asian,Female,25-34,79.452,Loan originated
1,405000.0,40,445000.0,136.0,1,White,Joint,25-34,90.0,Loan originated
1,885000.0,48,985000.0,185.0,1,Black or African American,Female,35-44,90.0,Loan originated
1,755000.0,43,1085000.0,249.0,1,White,Joint,55-64,69.991,Loan originated
1,415000.0,43,425000.0,86.0,1,Hispanic or Latino,Male,45-54,97.0,Loan originated
1,535000.0,20%-<30%,565000.0,232.0,1,Hispanic or Latino,Male,25-34,95.0,Application denied
1,925000.0,42,1425000.0,464.0,1,White,Joint,35-44,65.0,Loan originated
1,465000.0,39,895000.0,203.0,1,White,Joint,65-74,52.135,Loan originated
1,975000.0,42,1225000.0,252.0,1,White,Male,25-34,79.92,Loan originated
1,555000.0,46,1155000.0,141.0,1,White,Male,35-44,47.826,Loan originated
1,1145000.0,41,1615000.0,390.0,1,Hispanic or Latino,Joint,65-74,71.31,Loan originated
1,165000.0,46,825000.0,119.0,1,Black or African American,Joint,65-74,20.05,Loan originated
1,725000.0,20%-<30%,825000.0,255.0,1,Asian,Joint,25-34,87.88,Loan originated
1,745000.0,20%-<30%,935000.0,290.0,1,White,Female,35-44,80.0,Loan originated
1,545000.0,45,615000.0,193.0,1,White,Joint,35-44,89.92,Loan originated
1,575000.0,42,605000.0,156.0,1,White,Male,25-34,98.33,Loan originated
1,475000.0,49,655000.0,111.0,1,Black or African American,Joint,35-44,72.167,Loan originated
1,395000.0,44,525000.0,176.0,1,White,Male,55-64,75.0,Loan originated
1,805000.0,30%-<36%,2005000.0,392.0,1,Asian,Female,35-44,40.0,Loan originated
1,575000.0,49,635000.0,124.0,1,White,Male,25-34,90.0,Loan originated
1,495000.0,>60%,525000.0,158.0,1,Hispanic or Latino,Female,25-34,95.0,Application denied
1,455000.0,30%-<36%,515000.0,143.0,1,Black or African American,Male,55-64,90.0,Loan originated
1,685000.0,30%-<36%,855000.0,225.0,1,White,Joint,35-44,80.0,Loan originated
1,885000.0,39,945000.0,244.0,1,White,Joint,25-34,94.0,Loan originated
1,785000.0,43,985000.0,201.0,1,Asian,Female,25-34,80.0,Loan originated
1,65000.0,30%-<36%,115000.0,55.0,1,White,Female,>74,55.73,Loan originated
1,495000.0,45,615000.0,305.0,1,Hispanic or Latino,Joint,55-64,80.0,Loan originated
1,765000.0,46,975000.0,186.0,1,White,Joint,35-44,78.621,Loan originated
1,645000.0,48,715000.0,152.0,1,Hispanic or Latino,Joint,35-44,90.0,Loan originated
1,55000.0,43,615000.0,30.0,1,Hispanic or Latino,Female,>74,60.98,Loan originated
1,285000.0,46,305000.0,83.0,1,Hispanic or Latino,Male,55-64,95.0,Loan originated
1,1135000.0,37,1415000.0,300.0,1,Asian,Male,35-44,80.0,Loan originated
1,565000.0,20%-<30%,705000.0,231.0,1,Asian,Joint,25-34,80.8,Loan originated
1,765000.0,43,815000.0,160.0,1,Asian,Joint,35-44,94.055,Loan originated
1,245000.0,30%-<36%,305000.0,162.0,1,Asian,Female,45-54,80.0,Loan originated
1,505000.0,49,675000.0,155.0,1,Black or African American,Joint,55-64,74.225,Loan originated
1,505000.0,41,805000.0,140.0,1,White,Joint,25-34,62.733,Loan originated
1,965000.0,49,1335000.0,210.0,1,White,Joint,35-44,71.91,Loan originated
1,555000.0,42,615000.0,347.0,1,Asian,Male,25-34,90.0,Loan originated
1,685000.0,20%-<30%,815000.0,250.0,1,White,Joint,25-34,83.0,Loan originated
1,1135000.0,45,1515000.0,282.0,1,White,Male,35-44,74.74,Loan originated
1,615000.0,37,725000.0,165.0,1,Asian,Male,45-54,85.0,Loan originated
1,385000.0,46,485000.0,145.0,1,White,Joint,65-74,80.0,Loan originated
1,1005000.0,46,1105000.0,260.0,1,White,Joint,35-44,91.455,Loan originated
1,805000.0,44,2605000.0,398.0,1,White,Joint,35-44,30.769,Loan originated
1,445000.0,30%-<36%,455000.0,140.0,1,Asian,Female,25-34,97.0,Loan originated
1,455000.0,49,955000.0,540.0,1,Asian,Female,35-44,47.37,Loan originated
1,1085000.0,30%-<36%,1355000.0,325.0,1,White,Joint,25-34,80.0,Loan originated
1,595000.0,46,655000.0,150.0,1,White,Joint,45-54,90.0,Loan originated
1,435000.0,48,475000.0,91.0,1,Hispanic or Latino,Male,25-34,91.269,Loan originated
1,205000.0,30%-<36%,335000.0,264.0,1,White,Male,55-64,59.701,Loan originated
1,655000.0,44,755000.0,148.0,1,Asian,Male,25-34,86.753,Loan originated
1,675000.0,47,755000.0,364.0,1,Hispanic or Latino,Male,<25,90.0,Loan originated
1,725000.0,20%-<30%,905000.0,294.0,1,Asian,Joint,25-34,80.0,Loan originated
1,465000.0,42,575000.0,136.0,1,White,Joint,35-44,100.0,Loan originated
1,715000.0,30%-<36%,735000.0,206.0,1,White,Female,35-44,97.0,Loan originated
1,255000.0,37,365000.0,72.0,1,White,Joint,45-54,69.444,Loan originated
1,765000.0,49,955000.0,349.0,1,White,Female,35-44,80.0,Loan originated
1,315000.0,49,425000.0,75.0,1,White,Male,55-64,75.0,Loan originated
1,875000.0,36,1375000.0,257.0,1,Asian,Male,35-44,64.0,Loan originated
1,385000.0,39,485000.0,106.0,1,Asian,Male,35-44,80.0,Loan originated
1,765000.0,30%-<36%,905000.0,247.0,1,White,Female,45-54,85.0,Loan originated
1,305000.0,20%-<30%,355000.0,143.0,1,White,Female,35-44,85.0,Loan originated
1,765000.0,48,845000.0,168.0,1,Asian,Female,35-44,90.0,Loan originated
1,495000.0,30%-<36%,615000.0,258.0,1,White,Joint,35-44,80.0,Loan originated
1,545000.0,41,675000.0,160.0,1,White,Joint,25-34,80.0,Loan originated
1,665000.0,<20%,825000.0,400.0,1,White,Male,25-34,80.0,Loan originated
1,255000.0,47,355000.0,62.0,1,White,Joint,55-64,70.0,Loan originated
1,525000.0,40,655000.0,172.0,1,Asian,Joint,35-44,80.0,Loan originated
1,255000.0,49,425000.0,62.0,1,White,Male,55-64,58.824,Loan originated
1,335000.0,20%-<30%,425000.0,207.0,1,Hispanic or Latino,Male,45-54,80.0,Loan originated
1,605000.0,37,635000.0,173.0,1,White,Female,35-44,95.0,Loan originated
1,675000.0,46,955000.0,188.0,1,White,Joint,55-64,71.05,Loan originated
1,1005000.0,20%-<30%,1305000.0,372.0,1,White,Male,25-34,76.92,Loan originated
1,55000.0,<20%,65000.0,79.0,1,White,Female,<25,75.0,Application denied
1,415000.0,30%-<36%,615000.0,250.0,1,White,Male,55-64,67.48,Loan originated
1,515000.0,49,645000.0,172.0,1,White,Joint,35-44,80.0,Loan originated
1,565000.0,43,635000.0,150.0,1,White,Male,35-44,90.0,Loan originated
1,415000.0,20%-<30%,525000.0,170.0,1,White,Joint,25-34,80.0,Loan originated
1,765000.0,45,805000.0,160.0,1,Asian,Male,55-64,95.0,Loan originated
1,525000.0,46,555000.0,154.0,1,Hispanic or Latino,Joint,25-34,95.0,Loan originated
1,325000.0,49,405000.0,71.0,1,Black or African American,Female,25-34,80.0,Loan originated
1,605000.0,38,755000.0,179.0,1,Asian,Joint,35-44,80.0,Loan originated
1,535000.0,49,565000.0,128.0,1,Asian,Male,45-54,95.0,Loan originated
1,255000.0,46,285000.0,56.0,1,White,Male,<25,90.0,Loan originated
1,705000.0,30%-<36%,1605000.0,338.0,1,Asian,Joint,35-44,43.75,Loan originated
1,1135000.0,>60%,1335000.0,291.0,1,Asian,Male,45-54,85.0,Application denied
1,505000.0,48,525000.0,123.0,1,Other,Joint,35-44,100.0,Loan originated
1,495000.0,39,705000.0,136.0,1,Black or African American,Female,65-74,70.0,Loan originated
1,645000.0,>60%,715000.0,195.0,1,Hispanic or Latino,Male,25-34,90.634,Application denied
1,485000.0,42,575000.0,115.0,1,White,Female,35-44,84.35,Loan originated
1,465000.0,41,715000.0,112.0,1,Asian,Female,35-44,65.0,Loan originated
1,605000.0,37,765000.0,204.0,1,White,Male,35-44,80.0,Loan originated
1,545000.0,41,565000.0,170.0,1,Asian,Female,25-34,96.491,Loan originated
1,515000.0,30%-<36%,645000.0,207.0,1,White,Joint,45-54,80.0,Loan originated
1,705000.0,49,1225000.0,153.0,1,Asian,Female,45-54,57.787,Loan originated
1,675000.0,40,745000.0,170.0,1,Asian,Male,55-64,90.0,Loan originated
1,555000.0,40,865000.0,180.0,1,Asian,Male,<25,65.0,Loan originated
1,695000.0,40,775000.0,207.0,1,White,Male,35-44,89.935,Loan originated
1,615000.0,49,765000.0,147.0,1,White,Joint,25-34,80.0,Loan originated
1,355000.0,48,525000.0,81.0,1,Asian,Female,35-44,68.269,Loan originated
1,235000.0,30%-<36%,315000.0,133.0,1,Asian,Joint,35-44,76.97,Loan originated
1,405000.0,40,515000.0,261.0,1,Hispanic or Latino,Male,25-34,80.0,Loan originated
1,405000.0,46,505000.0,89.0,1,Asian,Joint,35-44,79.99,Loan originated
1,525000.0,43,545000.0,131.0,1,Other,Male,35-44,97.0,Loan originated
1,475000.0,30%-<36%,2075000.0,315.0,1,White,Joint,25-34,22.892,Loan originated
1,995000.0,20%-<30%,1245000.0,450.0,1,White,Male,25-34,80.0,Loan originated
1,205000.0,38,1045000.0,96.0,1,White,Female,45-54,20.0,Loan originated
1,815000.0,30%-<36%,905000.0,318.0,1,White,Joint,25-34,90.0,Loan originated
1,1315000.0,49,1755000.0,281.0,1,White,Female,25-34,75.0,Loan originated
1,285000.0,49,295000.0,58.0,1,Hispanic or Latino,Male,25-34,97.0,Loan originated
1,995000.0,43,1105000.0,231.0,1,Asian,Male,35-44,89.59,Loan originated
1,475000.0,37,495000.0,174.0,1,White,Male,35-44,95.0,Loan originated
1,355000.0,48,735000.0,101.0,1,White,Joint,65-74,47.93,Loan originated
1,295000.0,44,325000.0,70.0,1,Hispanic or Latino,Joint,25-34,93.0,Loan originated
1,765000.0,49,1005000.0,264.0,1,Asian,Joint,45-54,76.655,Loan originated
1,415000.0,38,915000.0,160.0,1,Asian,Joint,35-44,45.68,Loan originated
1,425000.0,40,445000.0,169.0,1,Hispanic or Latino,Joint,25-34,97.0,Loan originated
1,725000.0,48,765000.0,141.0,1,Hispanic or Latino,Female,45-54,95.0,Loan originated
1,465000.0,37,515000.0,125.0,1,Asian,Male,25-34,90.0,Loan originated
1,515000.0,47,605000.0,113.0,1,White,Joint,55-64,85.0,Loan originated
1,145000.0,<20%,615000.0,273.0,1,White,Joint,25-34,23.0,Loan originated
1,765000.0,41,965000.0,214.0,1,White,Male,25-34,79.5431,Loan originated
1,1145000.0,40,1435000.0,287.0,1,Asian,Female,45-54,80.0,Loan originated
1,285000.0,20%-<30%,815000.0,150.0,1,White,Male,45-54,35.321,Loan originated
1,295000.0,30%-<36%,325000.0,135.0,1,Hispanic or Latino,Male,25-34,90.0,Loan originated
1,615000.0,45,635000.0,200.0,1,White,Joint,35-44,97.0,Loan originated
1,425000.0,39,525000.0,279.0,1,White,Female,>74,80.0,Loan originated
1,1375000.0,44,2105000.0,364.0,1,White,Male,35-44,65.476,Loan originated
1,435000.0,47,505000.0,87.0,1,Hispanic or Latino,Male,35-44,86.0,Loan originated
1,745000.0,47,1245000.0,229.0,1,White,Female,35-44,59.866,Application denied
1,645000.0,20%-<30%,665000.0,278.0,1,White,Female,25-34,97.0,Loan originated
1,415000.0,45,745000.0,151.0,1,Asian,Joint,55-64,55.883,Loan originated
1,425000.0,44,475000.0,162.0,1,Hispanic or Latino,Joint,25-34,89.37,Loan originated
1,435000.0,30%-<36%,455000.0,138.0,1,Asian,Joint,35-44,97.0,Loan originated
1,405000.0,36,735000.0,305.0,1,White,Joint,55-64,55.102,Loan originated
1,715000.0,41,795000.0,234.0,1,Asian,Female,55-64,90.0,Loan originated
1,975000.0,30%-<36%,1305000.0,297.0,1,White,Female,35-44,75.0,Loan originated
1,355000.0,49,605000.0,95.0,1,Asian,Female,45-54,58.0,Loan originated
1,275000.0,48,345000.0,52.0,1,Hispanic or Latino,Male,25-34,80.0,Loan originated
1,1145000.0,44,1435000.0,449.0,1,White,Joint,35-44,80.0,Loan originated
1,855000.0,48,1105000.0,176.0,1,Hispanic or Latino,Joint,35-44,78.0,Loan originated
1,405000.0,30%-<36%,545000.0,176.0,1,White,Joint,45-54,74.0,Loan originated
1,655000.0,30%-<36%,875000.0,196.0,1,White,Female,45-54,75.0,Loan originated
1,655000.0,49,1205000.0,208.0,1,Asian,Joint,45-54,55.0,Loan originated
1,515000.0,30%-<36%,1695000.0,271.0,1,White,Male,35-44,30.547,Loan originated
1,405000.0,46,865000.0,171.0,1,Asian,Female,45-54,46.512,Loan originated
1,465000.0,42,485000.0,148.0,1,Hispanic or Latino,Male,25-34,95.0,Loan originated
1,245000.0,40,255000.0,80.0,1,White,Male,35-44,95.0,Loan originated
1,255000.0,20%-<30%,1065000.0,176.0,1,White,Female,35-44,23.409,Loan originated
1,1005000.0,50%-60%,1275000.0,286.0,1,Asian,Joint,45-54,78.74,Loan originated
1,425000.0,40,475000.0,122.0,1,White,Joint,25-34,90.0,Loan originated
1,1015000.0,42,1415000.0,352.0,1,Asian,Female,35-44,72.06,Loan originated
1,705000.0,43,1405000.0,260.0,1,White,Joint,35-44,50.0,Loan originated
1,635000.0,41,665000.0,250.0,1,White,Male,35-44,95.0,Loan originated
1,505000.0,30%-<36%,625000.0,209.0,1,White,Female,55-64,80.0,Loan originated
1,235000.0,41,245000.0,64.0,1,White,Joint,35-44,261.935,Loan originated
1,585000.0,46,645000.0,162.0,1,Hispanic or Latino,Male,45-54,90.0,Loan originated
1,1145000.0,47,1575000.0,318.0,1,White,Female,55-64,73.0,Loan originated
1,765000.0,20%-<30%,865000.0,314.0,1,Asian,Joint,35-44,88.927,Loan originated
1,235000.0,20%-<30%,835000.0,199.0,1,White,Joint,55-64,28.249,Loan originated
1,1125000.0,43,1505000.0,344.0,1,Asian,Joint,45-54,75.0,Loan originated
1,395000.0,49,425000.0,96.0,1,Hispanic or Latino,Female,35-44,95.0,Loan originated
1,515000.0,43,575000.0,179.0,1,White,Female,45-54,90.0,Loan originated
1,615000.0,39,685000.0,167.0,1,Hispanic or Latino,Female,35-44,90.0,Loan originated
1,545000.0,46,675000.0,120.0,1,Asian,Female,25-34,80.0,Loan originated
1,335000.0,44,565000.0,90.0,1,White,Male,>74,59.821,Loan originated
1,1145000.0,45,1345000.0,256.0,1,White,Male,35-44,85.0,Loan originated
1,1145000.0,44,1545000.0,288.0,1,Asian,Joint,35-44,88.3,Loan originated
1,665000.0,36,895000.0,413.0,1,Asian,Joint,45-54,75.0,Loan originated
1,255000.0,41,275000.0,98.0,1,Hispanic or Latino,Joint,<25,95.0,Application denied
1,105000.0,36,865000.0,75.0,1,White,Joint,45-54,11.628,Loan originated
1,545000.0,47,945000.0,125.0,1,Hispanic or Latino,Joint,45-54,57.851,Loan originated
1,405000.0,20%-<30%,1005000.0,224.0,1,White,Female,35-44,40.0,Loan originated
1,535000.0,20%-<30%,835000.0,219.0,1,White,Female,25-34,64.0,Loan originated
1,505000.0,45,625000.0,124.0,1,White,Female,25-34,80.0,Loan originated
1,605000.0,30%-<36%,1005000.0,226.0,1,Asian,Male,65-74,60.0,Loan originated
1,765000.0,43,895000.0,165.0,1,Asian,Male,45-54,85.0,Loan originated
1,155000.0,30%-<36%,305000.0,92.0,1,White,Male,45-54,50.0,Loan originated
1,925000.0,30%-<36%,1155000.0,300.0,1,Asian,Female,45-54,80.0,Loan originated
1,1005000.0,30%-<36%,1255000.0,295.0,1,Asian,Male,35-44,80.0,Loan originated
1,385000.0,30%-<36%,635000.0,193.0,1,White,Male,25-34,61.0,Loan originated
1,695000.0,30%-<36%,995000.0,313.0,1,Asian,Joint,35-44,69.86,Loan originated
1,825000.0,49,1425000.0,179.0,1,White,Joint,45-54,57.895,Loan originated
1,485000.0,49,555000.0,108.0,1,Hispanic or Latino,Male,25-34,87.469,Loan originated
1,365000.0,40,455000.0,92.0,1,White,Female,35-44,80.0,Loan originated
1,265000.0,30%-<36%,435000.0,160.0,1,White,Male,65-74,61.28,Loan originated
1,375000.0,30%-<36%,725000.0,145.0,1,White,Female,55-64,51.724,Loan originated
1,585000.0,46,685000.0,241.0,1,Asian,Male,25-34,85.0,Loan originated
1,725000.0,47,905000.0,311.0,1,White,Joint,35-44,80.0,Loan originated
1,175000.0,<20%,525000.0,130.0,1,White,Male,35-44,32.692,Loan originated
1,365000.0,40,465000.0,120.0,1,Asian,Female,45-54,80.0,Loan originated
1,435000.0,49,465000.0,120.0,1,Hispanic or Latino,Female,45-54,95.0,Loan originated
1,465000.0,20%-<30%,815000.0,269.0,1,White,Male,55-64,57.055,Loan originated
1,465000.0,45,515000.0,105.0,1,Asian,Male,35-44,89.99,Loan originated
1,535000.0,36,765000.0,213.0,1,White,Male,35-44,70.0,Loan originated
1,385000.0,48,395000.0,72.0,1,Black or African American,Male,45-54,97.0,Application denied
1,405000.0,44,425000.0,91.0,1,Asian,Male,35-44,95.0,Loan originated
1,1145000.0,39,1755000.0,401.0,1,White,Joint,35-44,65.7,Loan originated
1,635000.0,48,795000.0,154.0,1,Asian,Male,25-34,80.0,Loan originated
1,465000.0,>60%,585000.0,73.0,1,Asian,Male,55-64,80.0,Application denied
1,645000.0,42,765000.0,181.0,1,Asian,Male,25-34,84.997,Loan originated
1,405000.0,42,425000.0,128.0,1,White,Female,35-44,95.0,Loan originated
1,15000.0,44,305000.0,78.0,1,Hispanic or Latino,Joint,25-34,100.0,Loan originated
1,565000.0,48,595000.0,140.0,1,White,Male,25-34,95.0,Loan originated
1,225000.0,30%-<36%,255000.0,217.0,1,White,Female,35-44,90.0,Loan originated
1,915000.0,20%-<30%,1145000.0,323.0,1,Asian,Joint,45-54,79.825,Loan originated
1,515000.0,44,645000.0,178.0,1,Asian,Male,35-44,80.0,Loan originated
1,295000.0,30%-<36%,365000.0,130.0,1,Hispanic or Latino,Male,35-44,80.0,Loan originated
1,1015000.0,30%-<36%,1275000.0,833.0,1,Black or African American,Joint,45-54,80.0,Loan originated
1,725000.0,30%-<36%,905000.0,184.0,1,White,Male,25-34,80.0,Loan originated
1,1125000.0,44,1405000.0,230.0,1,Asian,Male,25-34,80.0,Loan originated
1,555000.0,20%-<30%,1305000.0,254.0,1,White,Joint,25-34,42.308,Loan originated
1,155000.0,20%-<30%,515000.0,105.0,1,White,Joint,55-64,29.412,Loan originated
1,805000.0,43,845000.0,178.0,1,White,Joint,<25,95.0,Loan originated
1,625000.0,48,785000.0,178.0,1,White,Female,35-44,79.97,Loan originated
1,575000.0,48,595000.0,114.0,1,Hispanic or Latino,Male,35-44,99.521,Loan originated
1,745000.0,39,805000.0,222.0,1,White,Male,35-44,92.57,Loan originated
1,495000.0,20%-<30%,555000.0,154.0,1,White,Male,25-34,90.0,Loan originated
1,555000.0,46,705000.0,134.0,1,Asian,Female,25-34,100.0,Loan originated
1,335000.0,45,355000.0,82.0,1,Asian,Male,25-34,95.0,Loan originated
1,765000.0,40,1355000.0,189.0,1,White,Male,25-34,56.815,Loan originated
1,805000.0,39,1005000.0,328.0,1,White,Female,35-44,80.0,Loan originated
1,415000.0,46,745000.0,90.0,1,Asian,Female,65-74,55.757,Loan originated
1,995000.0,49,1105000.0,252.0,1,Asian,Male,25-34,90.0,Loan originated
1,365000.0,49,535000.0,90.0,1,White,Female,55-64,67.93,Loan originated
1,505000.0,30%-<36%,1265000.0,180.0,1,Asian,Male,35-44,39.683,Loan originated
1,515000.0,30%-<36%,735000.0,138.0,1,White,Male,25-34,70.0,Loan originated
1,705000.0,49,825000.0,156.0,1,Black or African American,Female,45-54,85.0,Loan originated
1,1005000.0,49,1955000.0,245.0,1,White,Female,55-64,51.282,Loan originated
1,435000.0,20%-<30%,485000.0,200.0,1,Black or African American,Male,35-44,90.0,Loan originated
1,665000.0,48,695000.0,140.0,1,White,Male,35-44,95.0,Loan originated
1,205000.0,>60%,705000.0,29.0,1,Hispanic or Latino,Female,45-54,28.571,Application denied
1,705000.0,49,735000.0,210.0,1,Black or African American,Joint,45-54,100.0,Loan originated
1,185000.0,20%-<30%,775000.0,165.0,1,White,Joint,65-74,23.871,Loan originated
1,355000.0,30%-<36%,555000.0,236.0,1,White,Joint,35-44,65.0,Loan originated
1,625000.0,49,785000.0,205.0,1,Hispanic or Latino,Joint,25-34,79.368,Loan originated
1,405000.0,40,415000.0,108.0,1,Hispanic or Latino,Female,25-34,97.0,Loan originated
1,545000.0,49,685000.0,120.0,1,White,Female,35-44,80.0,Loan originated
1,545000.0,42,685000.0,216.0,1,White,Female,35-44,80.0,Loan originated
1,515000.0,30%-<36%,985000.0,199.0,1,White,Female,55-64,52.024,Loan originated
1,565000.0,30%-<36%,705000.0,163.0,1,Hispanic or Latino,Joint,55-64,80.0,Loan originated
1,725000.0,49,1035000.0,264.0,1,White,Joint,35-44,69.95,Loan originated
1,605000.0,44,755000.0,130.0,1,Hispanic or Latino,Male,25-34,80.0,Loan originated
1,555000.0,49,585000.0,128.0,1,Hispanic or Latino,Male,25-34,95.0,Loan originated
1,605000.0,49,615000.0,184.0,1,White,Female,25-34,100.0,Loan originated
1,1065000.0,20%-<30%,1335000.0,626.0,1,White,Male,25-34,80.0,Loan originated
1,745000.0,49,795000.0,147.0,1,Hispanic or Latino,Male,25-34,94.0,Loan originated
1,415000.0,49,435000.0,96.0,1,Other,Male,45-54,96.55,Loan originated
1,775000.0,20%-<30%,1105000.0,279.0,1,Asian,Female,45-54,70.0,Loan originated
1,315000.0,47,565000.0,82.0,1,Hispanic or Latino,Joint,35-44,55.799,Loan originated
1,225000.0,20%-<30%,1325000.0,194.0,1,White,Joint,45-54,16.981,Loan originated
1,385000.0,49,485000.0,129.0,1,Hispanic or Latino,Female,<25,80.0,Loan originated
1,805000.0,47,895000.0,165.0,1,Asian,Male,25-34,89.99,Loan originated
1,475000.0,43,485000.0,132.0,1,Hispanic or Latino,Joint,45-54,100.0,Loan originated
1,925000.0,47,1155000.0,17.0,1,Asian,Male,<25,80.0,Loan originated
1,565000.0,44,595000.0,156.0,1,White,Male,35-44,95.0,Loan originated
1,305000.0,47,385000.0,75.0,1,Hispanic or Latino,Female,25-34,80.0,Loan originated
1,375000.0,46,575000.0,83.0,1,Asian,Female,<25,65.0,Loan originated
1,705000.0,40,875000.0,164.0,1,White,Joint,35-44,80.0,Loan originated
1,175000.0,44,1205000.0,73.0,1,Asian,Joint,>74,14.53,Loan originated
1,365000.0,49,385000.0,97.0,1,Hispanic or Latino,Joint,35-44,95.0,Loan originated
1,235000.0,50%-60%,245000.0,88.0,1,Asian,Joint,55-64,94.0,Application denied
1,195000.0,49,205000.0,69.0,1,Black or African American,Male,25-34,100.4,Loan originated
1,335000.0,30%-<36%,565000.0,204.0,1,Asian,Joint,45-54,58.606,Loan originated
1,605000.0,30%-<36%,635000.0,197.0,1,Hispanic or Latino,Joint,35-44,95.0,Loan originated
1,195000.0,47,245000.0,64.0,1,White,Female,25-34,100.0,Loan originated
1,325000.0,49,595000.0,154.0,1,White,Joint,35-44,55.0,Loan originated
1,1005000.0,42,1275000.0,350.0,1,Asian,Joint,35-44,78.33,Loan originated
1,325000.0,43,405000.0,94.0,1,White,Female,35-44,80.0,Loan originated
1,275000.0,30%-<36%,515000.0,308.0,1,White,Joint,<25,53.6,Loan originated
1,355000.0,44,425000.0,80.0,1,White,Male,25-34,85.0,Loan originated
1,155000.0,45,515000.0,52.0,1,White,Male,55-64,29.297,Application denied
1,805000.0,39,1305000.0,215.0,1,White,Male,65-74,62.0,Loan originated
1,545000.0,49,675000.0,122.0,1,Hispanic or Latino,Joint,35-44,80.0,Loan originated
1,255000.0,49,405000.0,58.0,1,Hispanic or Latino,Male,25-34,62.5,Loan originated
1,435000.0,<20%,495000.0,279.0,1,White,Joint,35-44,86.956,Loan originated
1,415000.0,37,465000.0,118.0,1,White,Male,45-54,90.0,Loan originated
1,405000.0,47,505000.0,85.0,1,White,Male,25-34,80.0,Loan originated
1,375000.0,41,495000.0,208.0,1,Hispanic or Latino,Male,35-44,75.0,Loan originated
1,925000.0,43,1075000.0,237.0,1,Asian,Joint,25-34,86.14,Loan originated
1,285000.0,43,395000.0,82.0,1,Hispanic or Latino,Joint,35-44,71.0,Loan originated
1,405000.0,36,1775000.0,145.0,1,White,Joint,65-74,22.48,Loan originated
1,105000.0,<20%,505000.0,109.0,1,White,Female,>74,20.0,Application denied
1,685000.0,47,765000.0,207.0,1,Hispanic or Latino,Male,35-44,90.0,Loan originated
1,445000.0,<20%,495000.0,252.0,1,Asian,Female,35-44,90.0,Loan originated
1,395000.0,44,445000.0,102.0,1,Hispanic or Latino,Male,35-44,90.0,Loan originated
1,575000.0,37,765000.0,290.0,1,White,Joint,45-54,75.0,Loan originated
1,705000.0,42,1005000.0,182.0,1,White,Male,25-34,70.0,Loan originated
1,1145000.0,37,1425000.0,318.0,1,Asian,Joint,55-64,80.0,Loan originated
1,555000.0,49,585000.0,155.0,1,Hispanic or Latino,Joint,25-34,95.0,Loan originated
1,465000.0,49,525000.0,99.0,1,Hispanic or Latino,Female,55-64,89.0,Loan originated
1,495000.0,20%-<30%,525000.0,520.0,1,White,Joint,45-54,95.0,Loan originated
1,645000.0,43,685000.0,158.0,1,Asian,Female,35-44,95.0,Loan originated
1,355000.0,20%-<30%,705000.0,146.0,1,White,Joint,25-34,50.0,Loan originated
1,475000.0,49,515000.0,123.0,1,Asian,Joint,25-34,93.0,Loan originated
1,305000.0,30%-<36%,1935000.0,275.0,1,Asian,Female,35-44,15.544,Loan originated
1,205000.0,<20%,1465000.0,398.0,1,Asian,Female,45-54,13.699,Loan originated
1,805000.0,39,1005000.0,216.0,1,Asian,Joint,35-44,80.0,Loan originated
1,965000.0,47,1205000.0,205.0,1,White,Female,35-44,80.0,Loan originated
1,685000.0,49,755000.0,143.0,1,Hispanic or Latino,Female,35-44,91.534,Loan originated
1,595000.0,49,1015000.0,212.0,1,White,Joint,65-74,58.42,Loan originated
1,485000.0,30%-<36%,615000.0,200.0,1,Asian,Male,35-44,80.0,Loan originated
1,355000.0,30%-<36%,375000.0,108.0,1,Hispanic or Latino,Male,25-34,95.0,Loan originated
1,1115000.0,42,1425000.0,365.0,1,Asian,Joint,35-44,78.87,Loan originated
1,765000.0,30%-<36%,805000.0,260.0,1,Hispanic or Latino,Male,35-44,95.0,Loan originated
1,645000.0,50%-60%,805000.0,144.0,1,White,Female,<25,80.0,Application denied
1,445000.0,42,565000.0,155.0,1,White,Male,45-54,80.0,Loan originated
1,485000.0,49,645000.0,106.0,1,Asian,Joint,25-34,95.0,Application denied
1,1065000.0,30%-<36%,1425000.0,344.0,1,White,Female,35-44,75.0,Loan originated
1,645000.0,20%-<30%,685000.0,430.0,1,White,Male,35-44,95.0,Loan originated
1,185000.0,20%-<30%,235000.0,143.0,1,Asian,Female,65-74,80.0,Loan originated
1,1085000.0,45,1355000.0,313.0,1,Asian,Joint,35-44,79.77,Application denied
1,765000.0,43,1055000.0,176.0,1,White,Male,35-44,73.0,Loan originated
1,305000.0,30%-<36%,1315000.0,112.0,1,White,Joint,65-74,22.901,Loan originated
1,375000.0,37,755000.0,141.0,1,Hispanic or Latino,Male,25-34,50.0,Loan originated
1,305000.0,43,325000.0,105.0,1,White,Female,45-54,95.0,Loan originated
1,595000.0,42,625000.0,729.0,1,White,Female,35-44,95.0,Loan originated
1,505000.0,49,635000.0,137.0,1,White,Female,>74,80.0,Loan originated
1,315000.0,20%-<30%,555000.0,131.0,1,White,Female,45-54,56.757,Loan originated
1,805000.0,37,1205000.0,296.0,1,White,Female,35-44,66.667,Loan originated
1,645000.0,20%-<30%,765000.0,295.0,1,White,Joint,25-34,85.0,Loan originated
1,335000.0,49,425000.0,91.0,1,Hispanic or Latino,Male,35-44,80.0,Loan originated
1,315000.0,40,365000.0,79.0,1,White,Joint,<25,87.0,Application denied
1,885000.0,49,1105000.0,222.0,1,Asian,Joint,25-34,80.0,Loan originated
1,595000.0,47,795000.0,128.0,1,Hispanic or Latino,Female,65-74,75.0,Loan originated
1,425000.0,30%-<36%,725000.0,133.0,1,White,Joint,65-74,58.62,Loan originated
1,1005000.0,20%-<30%,1425000.0,335.0,1,Asian,Joint,25-34,70.175,Loan originated
1,1145000.0,43,1265000.0,332.0,1,Hispanic or Latino,Joint,45-54,90.0,Loan originated
1,375000.0,46,395000.0,195.0,1,Hispanic or Latino,Joint,35-44,95.0,Loan originated
1,525000.0,37,665000.0,457.0,1,White,Joint,35-44,80.0,Loan originated
1,765000.0,20%-<30%,985000.0,340.0,1,White,Male,45-54,77.822,Loan originated
1,405000.0,39,855000.0,138.0,1,Asian,Female,25-34,47.059,Loan originated
1,145000.0,49,155000.0,58.0,1,Black or African American,Female,>74,95.0,Loan originated
1,655000.0,48,955000.0,147.0,1,Hispanic or Latino,Joint,45-54,68.421,Loan originated
1,145000.0,20%-<30%,235000.0,94.0,1,Hispanic or Latino,Joint,35-44,100.0,Application denied
1,505000.0,46,625000.0,120.0,1,Asian,Joint,45-54,80.0,Loan originated
1,655000.0,41,905000.0,149.0,1,White,Female,35-44,72.222,Loan originated
1,515000.0,47,855000.0,145.0,1,White,Joint,65-74,60.0,Loan originated
1,755000.0,>60%,795000.0,197.0,1,Asian,Joint,35-44,94.697,Application denied
1,405000.0,48,425000.0,139.0,1,Asian,Male,25-34,95.0,Loan originated
1,485000.0,20%-<30%,965000.0,499.0,1,White,Male,35-44,49.914,Loan originated
1,495000.0,30%-<36%,545000.0,151.0,1,Asian,Joint,35-44,90.0,Loan originated
1,755000.0,>60%,795000.0,227.0,1,White,Male,35-44,80.0,Application denied
1,525000.0,47,665000.0,221.0,1,White,Female,35-44,80.0,Loan originated
1,955000.0,49,1065000.0,181.0,1,Hispanic or Latino,Female,25-34,89.812,Loan originated
1,245000.0,44,255000.0,69.0,1,Asian,Male,55-64,100.0,Loan originated
1,505000.0,44,2175000.0,162.0,1,Asian,Male,<25,22.99,Loan originated
1,645000.0,46,665000.0,145.0,1,Hispanic or Latino,Joint,<25,97.0,Loan originated
1,875000.0,38,1255000.0,244.0,1,Asian,Joint,25-34,70.0,Loan originated
1,505000.0,49,775000.0,114.0,1,Asian,Joint,55-64,64.935,Loan originated
1,765000.0,49,1355000.0,250.0,1,White,Joint,55-64,56.667,Loan originated
1,945000.0,20%-<30%,1885000.0,361.0,1,Asian,Joint,45-54,50.0,Loan originated
1,495000.0,43,755000.0,164.0,1,Asian,Male,35-44,64.99999,Loan originated
1,735000.0,49,815000.0,170.0,1,Hispanic or Latino,Female,25-34,90.0,Loan originated
1,535000.0,44,635000.0,148.0,1,Asian,Joint,45-54,84.211,Loan originated
1,455000.0,30%-<36%,735000.0,366.0,1,White,Male,65-74,61.224,Loan originated
1,825000.0,48,1105000.0,197.0,1,Hispanic or Latino,Male,45-54,75.0,Loan originated
1,705000.0,43,935000.0,172.0,1,Asian,Joint,35-44,75.0,Loan originated
1,305000.0,46,315000.0,68.0,1,Hispanic or Latino,Male,25-34,97.0,Loan originated
1,455000.0,>60%,545000.0,160.0,1,Hispanic or Latino,Joint,35-44,85.0,Application denied
1,1045000.0,30%-<36%,1615000.0,309.0,1,Asian,Male,25-34,65.0,Loan originated
1,795000.0,48,835000.0,156.0,1,Hispanic or Latino,Joint,25-34,95.0,Loan originated
1,315000.0,39,385000.0,76.0,1,Hispanic or Latino,Female,35-44,82.789,Loan originated
1,75000.0,44,395000.0,37.0,1,White,Female,25-34,101.974,Loan originated
1,435000.0,20%-<30%,615000.0,192.0,1,Asian,Joint,35-44,70.49,Loan originated
1,715000.0,50%-60%,1425000.0,579.0,1,White,Male,65-74,50.0,Loan originated
1,945000.0,42,1185000.0,249.0,1,White,Joint,35-44,80.0,Loan originated
1,355000.0,42,405000.0,97.0,1,White,Male,25-34,88.0,Loan originated
1,675000.0,38,845000.0,181.0,1,White,Joint,45-54,80.0,Loan originated
1,795000.0,30%-<36%,1295000.0,223.0,1,Asian,Male,25-34,61.38,Loan originated
1,775000.0,47,1075000.0,500.0,1,White,Joint,25-34,71.62,Loan originated
1,435000.0,38,545000.0,160.0,1,Asian,Male,55-64,80.0,Loan originated
1,345000.0,43,525000.0,70.0,1,Hispanic or Latino,Joint,55-64,66.83,Loan originated
1,795000.0,37,1205000.0,300.0,1,White,Male,45-54,89.99,Loan originated
1,385000.0,46,425000.0,93.0,1,Asian,Female,35-44,90.0,Application denied
1,325000.0,46,1025000.0,195.0,1,White,Male,35-44,31.7,Loan originated
1,595000.0,44,625000.0,149.0,1,Hispanic or Latino,Joint,25-34,95.0,Loan originated
1,1115000.0,41,1395000.0,265.0,1,White,Joint,25-34,79.856,Loan originated
1,1065000.0,46,1425000.0,246.0,1,Asian,Joint,35-44,75.0,Loan originated
1,105000.0,42,1705000.0,325.0,1,Asian,Joint,35-44,6.0,Loan originated
1,515000.0,41,545000.0,207.0,1,White,Male,25-34,95.0,Loan originated
1,215000.0,48,225000.0,50.0,1,White,Female,35-44,97.0,Loan originated
1,515000.0,49,645000.0,177.0,1,Hispanic or Latino,Joint,45-54,80.0,Loan originated
1,725000.0,20%-<30%,905000.0,314.0,1,Black or African American,Male,55-64,80.0,Application denied
1,595000.0,46,745000.0,125.0,1,White,Male,35-44,80.0,Loan originated
1,595000.0,39,705000.0,179.0,1,White,Joint,25-34,85.0,Loan originated
1,685000.0,43,765000.0,154.0,1,Hispanic or Latino,Male,25-34,90.0,Loan originated
1,145000.0,42,155000.0,76.0,1,Hispanic or Latino,Male,45-54,95.0,Loan originated
1,615000.0,48,675000.0,263.0,1,White,Male,25-34,92.239,Loan originated
1,805000.0,37,1005000.0,424.0,1,Asian,Joint,45-54,80.0,Loan originated
1,495000.0,<20%,625000.0,1398.0,1,White,Male,65-74,80.0,Loan originated
1,655000.0,36,825000.0,230.0,1,White,Female,55-64,80.0,Loan originated
1,615000.0,46,875000.0,192.0,1,White,Joint,35-44,70.0,Loan originated
1,235000.0,42,295000.0,70.0,1,White,Female,45-54,80.0,Loan originated
1,485000.0,30%-<36%,605000.0,164.0,1,White,Joint,35-44,80.0,Loan originated
1,475000.0,39,525000.0,160.0,1,White,Joint,>74,89.99,Loan originated
1,605000.0,20%-<30%,1195000.0,225.0,1,White,Female,45-54,50.125,Loan originated
1,705000.0,45,725000.0,142.0,1,White,Male,25-34,97.0,Loan originated
1,275000.0,30%-<36%,365000.0,155.0,1,Hispanic or Latino,Female,35-44,73.85,Loan originated
1,535000.0,43,625000.0,195.0,1,White,Joint,45-54,85.0,Loan originated
1,825000.0,30%-<36%,915000.0,286.0,1,White,Joint,45-54,90.0,Loan originated
1,965000.0,44,1365000.0,243.0,1,Asian,Joint,35-44,70.7,Loan originated
1,855000.0,36,905000.0,262.0,1,Hispanic or Latino,Joint,35-44,95.0,Loan originated
1,515000.0,30%-<36%,865000.0,204.0,1,Hispanic or Latino,Joint,35-44,60.0,Loan originated
1,555000.0,39,855000.0,150.0,1,Asian,Male,25-34,65.0,Loan originated
1,615000.0,49,645000.0,133.0,1,Hispanic or Latino,Joint,25-34,95.0,Loan originated
1,205000.0,40,215000.0,107.0,1,Asian,Female,35-44,95.0,Loan originated
1,765000.0,30%-<36%,1105000.0,600.0,1,White,Male,55-64,70.0,Loan originated
1,465000.0,<20%,585000.0,575.0,1,Hispanic or Latino,Male,25-34,80.0,Application denied
1,375000.0,46,465000.0,193.0,1,White,Male,45-54,80.0,Loan originated
1,995000.0,30%-<36%,1105000.0,259.0,1,Asian,Joint,35-44,89.99,Loan originated
1,715000.0,49,815000.0,204.0,1,Asian,Joint,35-44,88.0,Loan originated
1,285000.0,45,325000.0,67.0,1,Hispanic or Latino,Female,25-34,90.0,Loan originated
1,345000.0,40,465000.0,165.0,1,Hispanic or Latino,Joint,25-34,73.734,Loan originated
1,465000.0,47,585000.0,135.0,1,White,Female,35-44,80.0,Loan originated
1,265000.0,<20%,765000.0,296.0,1,White,Male,55-64,34.211,Loan originated
1,585000.0,36,655000.0,208.0,1,Asian,Male,25-34,90.0,Loan originated
1,525000.0,49,585000.0,205.0,1,Asian,Female,35-44,89.99,Loan originated
1,255000.0,<20%,705000.0,739.0,1,Hispanic or Latino,Joint,45-54,37.0,Loan originated
1,395000.0,42,1125000.0,134.0,1,White,Joint,>74,35.0,Loan originated
1,735000.0,30%-<36%,865000.0,311.0,1,White,Joint,35-44,85.0,Loan originated
1,865000.0,49,1025000.0,193.0,1,White,Joint,25-34,85.0,Loan originated
1,905000.0,38,1535000.0,230.0,1,Asian,Joint,35-44,58.824,Loan originated
1,425000.0,37,565000.0,132.0,1,Asian,Female,65-74,75.0,Loan originated
1,765000.0,43,1105000.0,222.0,1,White,Joint,55-64,69.636,Loan originated
1,435000.0,45,885000.0,159.0,1,Asian,Male,55-64,48.32,Loan originated
1,235000.0,49,235000.0,84.0,1,Hispanic or Latino,Female,25-34,100.0,Loan originated
1,805000.0,46,1005000.0,208.0,1,White,Female,35-44,80.0,Loan originated
1,1145000.0,44,1305000.0,432.0,1,Hispanic or Latino,Joint,<25,88.45,Loan originated
1,925000.0,39,1155000.0,319.0,1,White,Joint,25-34,80.0,Loan originated
1,645000.0,39,845000.0,303.0,1,White,Female,35-44,76.44,Loan originated
1,975000.0,49,1025000.0,243.0,1,Hispanic or Latino,Male,25-34,95.0,Loan originated
1,425000.0,50%-60%,525000.0,172.0,1,Hispanic or Latino,Male,35-44,80.0,Application denied
1,485000.0,44,605000.0,97.0,1,Hispanic or Latino,Female,25-34,80.0,Loan originated
1,465000.0,49,565000.0,111.0,1,Hispanic or Latino,Joint,25-34,82.209,Application denied
1,615000.0,46,655000.0,163.0,1,Asian,Male,25-34,95.0,Loan originated
1,435000.0,30%-<36%,535000.0,188.0,1,White,Male,55-64,80.0,Loan originated
1,195000.0,47,415000.0,57.0,1,White,Female,25-34,48.05,Loan originated
1,205000.0,20%-<30%,2225000.0,185.0,1,White,Male,25-34,8.989,Loan originated
1,735000.0,30%-<36%,925000.0,331.0,1,White,Joint,>74,80.0,Loan originated
1,525000.0,41,665000.0,134.0,1,Asian,Male,25-34,80.0,Loan originated
1,485000.0,39,515000.0,132.0,1,White,Male,25-34,95.0,Loan originated
1,665000.0,40,955000.0,213.0,1,White,Female,35-44,70.0,Loan originated
1,155000.0,48,825000.0,148.0,1,Asian,Joint,45-54,18.182,Loan originated
1,765000.0,47,2725000.0,210.0,1,Asian,Male,35-44,29.0,Loan originated
1,935000.0,39,1225000.0,352.0,1,White,Joint,35-44,80.0,Loan originated
1,555000.0,20%-<30%,1105000.0,295.0,1,White,Joint,25-34,50.0,Loan originated
1,655000.0,40,825000.0,175.0,1,White,Male,45-54,80.0,Loan originated
1,705000.0,42,945000.0,402.0,1,White,Male,55-64,75.0,Loan originated
1,85000.0,30%-<36%,95000.0,103.0,1,White,Male,55-64,94.44,Loan originated
1,525000.0,44,825000.0,208.0,1,White,Female,45-54,63.636,Loan originated
1,735000.0,49,1055000.0,235.0,1,Hispanic or Latino,Joint,35-44,70.0,Loan originated
1,715000.0,39,1045000.0,327.0,1,White,Joint,55-64,89.9,Loan originated
1,835000.0,46,925000.0,242.0,1,Hispanic or Latino,Male,35-44,90.0,Loan originated
1,395000.0,47,475000.0,91.0,1,Hispanic or Latino,Joint,35-44,85.0,Loan originated
1,605000.0,42,635000.0,159.0,1,Black or African American,Female,55-64,95.0,Loan originated
1,125000.0,46,475000.0,66.0,1,White,Joint,55-64,25.847,Loan originated
1,455000.0,38,475000.0,230.0,1,Hispanic or Latino,Joint,35-44,94.41,Loan originated
1,275000.0,42,685000.0,85.0,1,White,Joint,65-74,40.099,Loan originated
1,305000.0,48,315000.0,85.0,1,Hispanic or Latino,Joint,25-34,102.91,Loan originated
1,395000.0,20%-<30%,485000.0,171.0,1,White,Male,35-44,80.0,Loan originated
1,395000.0,30%-<36%,465000.0,149.0,1,White,Female,35-44,85.0,Loan originated
1,415000.0,30%-<36%,515000.0,110.0,1,Other,Female,35-44,80.0,Loan originated
1,485000.0,>60%,475000.0,75.0,1,White,Male,25-34,101.75,Application denied
1,555000.0,43,585000.0,172.0,1,White,Female,35-44,95.0,Loan originated
1,925000.0,43,1825000.0,238.0,1,Asian,Male,45-54,50.54,Loan originated
1,555000.0,42,1055000.0,132.0,1,Asian,Female,45-54,52.381,Loan originated
1,585000.0,49,845000.0,182.0,1,White,Joint,55-64,70.0,Loan originated
1,355000.0,41,445000.0,111.0,1,White,Female,35-44,80.0,Loan originated
1,825000.0,<20%,1385000.0,0.0,1,Asian,Male,45-54,60.0,Loan originated
1,205000.0,20%-<30%,445000.0,111.0,1,White,Joint,35-44,45.45,Application denied
1,585000.0,46,835000.0,139.0,1,Asian,Female,25-34,69.05,Loan originated
1,855000.0,47,1155000.0,211.0,1,Hispanic or Latino,Joint,35-44,73.913,Loan originated
1,895000.0,45,1115000.0,216.0,1,Asian,Joint,45-54,80.0,Loan originated
1,435000.0,49,465000.0,180.0,1,Hispanic or Latino,Joint,<25,95.0,Loan originated
1,345000.0,48,365000.0,87.0,1,Hispanic or Latino,Male,25-34,95.0,Loan originated
1,615000.0,48,655000.0,138.0,1,White,Male,>74,95.0,Loan originated
1,935000.0,40,985000.0,351.0,1,White,Joint,35-44,95.0,Loan originated
1,615000.0,40,655000.0,165.0,1,Hispanic or Latino,Male,25-34,95.0,Loan originated
1,475000.0,41,725000.0,126.0,1,Asian,Female,35-44,64.95,Loan originated
1,375000.0,38,535000.0,115.0,1,White,Female,45-54,70.093,Loan originated
1,335000.0,30%-<36%,455000.0,143.0,1,White,Male,25-34,75.0,Loan originated
1,395000.0,30%-<36%,1045000.0,195.0,1,Hispanic or Latino,Male,55-64,39.0,Loan originated
1,165000.0,44,305000.0,54.0,1,White,Male,45-54,54.0,Loan originated
1,945000.0,47,1175000.0,661.0,1,White,Male,25-34,80.0,Application denied
1,265000.0,47,275000.0,71.0,1,White,Male,25-34,97.0,Loan originated
1,875000.0,48,925000.0,187.0,1,White,Male,35-44,95.0,Loan originated
1,545000.0,49,605000.0,104.0,1,Asian,Male,25-34,90.0,Loan originated
1,725000.0,40,965000.0,239.0,1,Asian,Female,45-54,75.0,Loan originated
1,705000.0,42,785000.0,180.0,1,Asian,Joint,35-44,90.0,Loan originated
1,135000.0,49,235000.0,30.0,1,White,Female,65-74,58.696,Loan originated
1,645000.0,48,815000.0,156.0,1,White,Joint,45-54,79.0,Loan originated
1,355000.0,20%-<30%,635000.0,170.0,1,White,Male,55-64,55.836,Loan originated
1,785000.0,44,825000.0,194.0,1,Asian,Joint,25-34,95.0,Loan originated
1,545000.0,48,645000.0,196.0,1,Hispanic or Latino,Joint,35-44,85.0,Loan originated
1,885000.0,46,1265000.0,219.0,1,Asian,Male,35-44,69.995,Loan originated
1,255000.0,30%-<36%,325000.0,231.0,1,White,Joint,>74,80.0,Loan originated
1,695000.0,42,925000.0,360.0,1,White,Male,65-74,75.0,Loan originated
1,525000.0,44,605000.0,115.0,1,Asian,Female,45-54,85.95,Loan originated
1,205000.0,36,1375000.0,99.0,1,Hispanic or Latino,Male,65-74,14.503,Loan originated
1,1145000.0,37,1525000.0,338.0,1,Asian,Female,35-44,75.0,Loan originated
1,705000.0,38,905000.0,192.0,1,Asian,Joint,35-44,77.77,Loan originated
1,675000.0,30%-<36%,745000.0,265.0,1,Asian,Joint,<25,90.0,Loan originated
1,405000.0,42,615000.0,108.0,1,Asian,Male,35-44,65.0,Loan originated
1,485000.0,30%-<36%,615000.0,180.0,1,White,Female,35-44,80.0,Loan originated
1,865000.0,30%-<36%,1075000.0,258.0,1,Asian,Joint,25-34,80.0,Loan originated
1,925000.0,41,1155000.0,558.0,1,White,Male,35-44,80.0,Loan originated
1,125000.0,30%-<36%,425000.0,68.0,1,Hispanic or Latino,Joint,35-44,29.0,Loan originated
1,555000.0,37,1665000.0,282.0,1,Asian,Joint,35-44,33.133,Loan originated
1,725000.0,48,805000.0,180.0,1,White,Male,45-54,90.0,Loan originated
1,1045000.0,41,1315000.0,336.0,1,Asian,Joint,25-34,80.0,Loan originated
1,545000.0,40,605000.0,176.0,1,Hispanic or Latino,Joint,<25,90.0,Loan originated
1,765000.0,49,1305000.0,200.0,1,White,Joint,35-44,58.965,Loan originated
1,255000.0,45,325000.0,85.0,1,White,Male,35-44,80.0,Loan originated
1,495000.0,48,525000.0,127.0,1,White,Male,25-34,94.97,Loan originated
1,385000.0,49,555000.0,201.0,1,White,Joint,25-34,70.0,Loan originated
1,585000.0,30%-<36%,735000.0,317.0,1,White,Joint,35-44,80.0,Loan originated
1,765000.0,42,1075000.0,286.0,1,Asian,Joint,45-54,71.007,Loan originated
1,705000.0,43,1305000.0,194.0,1,Hispanic or Latino,Joint,65-74,53.846,Loan originated
1,725000.0,39,765000.0,180.0,1,Asian,Male,55-64,95.0,Loan originated
1,425000.0,45,535000.0,111.0,1,Hispanic or Latino,Male,25-34,100.0,Loan originated
1,195000.0,47,245000.0,73.0,1,White,Male,35-44,102.369,Loan originated
1,455000.0,42,675000.0,103.0,1,Black or African American,Female,35-44,99.693,Loan originated
1,295000.0,48,495000.0,205.0,1,Asian,Joint,35-44,59.184,Loan originated
1,765000.0,49,905000.0,220.0,1,Asian,Joint,35-44,84.627,Loan originated
1,455000.0,20%-<30%,475000.0,203.0,1,White,Joint,25-34,97.0,Loan originated
1,155000.0,49,235000.0,41.0,1,Black or African American,Female,65-74,65.0,Loan originated
1,395000.0,<20%,695000.0,0.0,1,Asian,Female,55-64,57.0,Application denied
1,215000.0,20%-<30%,225000.0,87.0,1,White,Joint,65-74,95.0,Loan originated
1,505000.0,20%-<30%,1005000.0,202.0,1,White,Female,35-44,50.0,Loan originated
1,1075000.0,20%-<30%,1345000.0,370.0,1,Asian,Male,25-34,80.0,Loan originated
1,245000.0,48,315000.0,55.0,1,White,Female,65-74,80.0,Loan originated
1,925000.0,45,1155000.0,194.0,1,White,Male,35-44,80.0,Loan originated
1,155000.0,36,255000.0,95.0,1,White,Female,65-74,62.66,Loan originated
1,415000.0,45,515000.0,96.0,1,White,Male,55-64,80.0,Application denied
1,455000.0,49,475000.0,87.0,1,Hispanic or Latino,Female,<25,95.0,Loan originated
1,765000.0,49,1125000.0,160.0,1,Hispanic or Latino,Male,55-64,68.13,Loan originated
1,315000.0,50%-60%,455000.0,75.0,1,White,Male,25-34,68.571,Application denied
1,585000.0,46,845000.0,144.0,1,Asian,Female,45-54,70.0,Loan originated
1,145000.0,20%-<30%,205000.0,225.0,1,White,Male,35-44,70.0,Loan originated
1,955000.0,30%-<36%,1285000.0,463.0,1,White,Male,45-54,74.219,Loan originated
1,345000.0,39,745000.0,98.0,1,White,Female,65-74,46.345,Loan originated
1,955000.0,41,1195000.0,252.0,1,White,Male,55-64,80.0,Loan originated
1,755000.0,<20%,1625000.0,600.0,1,Asian,Joint,45-54,46.154,Loan originated
1,485000.0,20%-<30%,565000.0,217.0,1,White,Joint,25-34,84.999,Loan originated
1,355000.0,45,705000.0,93.0,1,White,Male,45-54,50.0,Loan originated
1,465000.0,20%-<30%,585000.0,194.0,1,White,Joint,25-34,80.0,Loan originated
1,425000.0,48,695000.0,109.0,1,White,Joint,35-44,60.801,Loan originated
1,805000.0,46,1505000.0,219.0,1,White,Joint,65-74,53.51,Loan originated
1,795000.0,20%-<30%,935000.0,407.0,1,White,Male,55-64,85.0,Loan originated
1,255000.0,30%-<36%,765000.0,96.0,1,Asian,Female,35-44,33.015,Loan originated
1,1045000.0,48,1305000.0,282.0,1,Asian,Joint,35-44,80.0,Loan originated
1,905000.0,44,1135000.0,240.0,1,Hispanic or Latino,Male,25-34,80.0,Loan originated
1,435000.0,20%-<30%,545000.0,269.0,1,Black or African American,Female,55-64,80.0,Loan originated
1,455000.0,43,755000.0,124.0,1,Hispanic or Latino,Joint,>74,60.296,Loan originated
1,385000.0,45,395000.0,116.0,1,White,Joint,35-44,97.0,Loan originated
1,345000.0,20%-<30%,1355000.0,146.0,1,White,Joint,25-34,25.259,Loan originated
1,475000.0,47,1125000.0,174.0,1,White,Joint,55-64,42.222,Loan originated
1,765000.0,47,965000.0,204.0,1,Hispanic or Latino,Joint,45-54,79.435,Loan originated
1,325000.0,30%-<36%,335000.0,132.0,1,Black or African American,Joint,55-64,95.0,Loan originated
1,595000.0,49,995000.0,198.0,1,Asian,Female,35-44,60.0,Loan originated
1,395000.0,47,495000.0,113.0,1,Hispanic or Latino,Male,45-54,80.0,Application denied
1,505000.0,38,605000.0,140.0,1,White,Joint,25-34,83.471,Loan originated
1,225000.0,49,335000.0,63.0,1,White,Female,>74,66.56,Loan originated
1,615000.0,40,685000.0,169.0,1,Black or African American,Male,65-74,90.0,Loan originated
1,225000.0,20%-<30%,325000.0,184.0,1,White,Joint,35-44,70.0,Loan originated
1,275000.0,<20%,605000.0,232.0,1,White,Male,65-74,45.167,Loan originated
1,405000.0,48,535000.0,91.0,1,White,Joint,55-64,75.0,Loan originated
1,535000.0,20%-<30%,725000.0,230.0,1,Asian,Female,45-54,73.62,Loan originated
1,745000.0,44,825000.0,205.0,1,Asian,Joint,25-34,89.98,Loan originated
1,595000.0,36,635000.0,163.0,1,Asian,Joint,35-44,94.0,Loan originated
1,515000.0,42,535000.0,170.0,1,Asian,Male,25-34,95.0,Loan originated
1,765000.0,40,845000.0,178.0,1,Hispanic or Latino,Female,25-34,91.256,Loan originated
1,505000.0,>60%,1295000.0,71.0,1,Hispanic or Latino,Joint,55-64,38.74,Application denied
1,695000.0,50%-60%,805000.0,138.0,1,Hispanic or Latino,Male,35-44,86.5,Loan originated
1,905000.0,41,1535000.0,234.0,1,Asian,Male,25-34,58.824,Application denied
1,705000.0,44,785000.0,236.0,1,White,Male,45-54,90.0,Loan originated
1,765000.0,45,1005000.0,169.0,1,White,Joint,25-34,76.65,Loan originated
1,545000.0,36,565000.0,194.0,1,Asian,Female,35-44,97.0,Loan originated
1,685000.0,20%-<30%,725000.0,452.0,1,White,Joint,35-44,95.0,Loan originated
1,305000.0,20%-<30%,655000.0,186.0,1,White,Joint,65-74,46.154,Loan originated
1,505000.0,48,745000.0,147.0,1,White,Male,35-44,68.0,Loan originated
1,465000.0,49,1305000.0,115.0,1,Hispanic or Latino,Male,35-44,35.69,Loan originated
1,415000.0,41,505000.0,156.0,1,White,Joint,55-64,83.0,Loan originated
1,415000.0,20%-<30%,515000.0,170.0,1,White,Joint,35-44,80.0,Loan originated
1,375000.0,41,475000.0,118.0,1,White,Joint,25-34,80.0,Loan originated
1,695000.0,49,725000.0,171.0,1,White,Female,55-64,95.0,Loan originated
1,565000.0,44,705000.0,350.0,1,Asian,Joint,65-74,80.0,Loan originated
1,285000.0,>60%,355000.0,40.0,1,Hispanic or Latino,Male,<25,80.0,Application denied
1,765000.0,46,855000.0,217.0,1,Hispanic or Latino,Male,25-34,89.591,Loan originated
1,345000.0,30%-<36%,745000.0,163.0,1,White,Female,65-74,46.581,Loan originated
1,235000.0,38,405000.0,100.0,1,Hispanic or Latino,Male,25-34,100.0,Loan originated
1,685000.0,20%-<30%,865000.0,249.0,1,Asian,Male,25-34,80.0,Loan originated
1,325000.0,48,465000.0,64.0,1,White,Female,55-64,70.652,Loan originated
1,845000.0,38,1055000.0,239.0,1,Asian,Female,35-44,80.0,Loan originated
1,295000.0,48,315000.0,90.0,1,Hispanic or Latino,Male,25-34,95.0,Loan originated
1,175000.0,49,185000.0,56.0,1,White,Male,55-64,95.0,Loan originated
1,575000.0,49,835000.0,121.0,1,White,Joint,45-54,69.0,Loan originated
1,645000.0,30%-<36%,675000.0,248.0,1,White,Joint,35-44,95.0,Loan originated
1,635000.0,30%-<36%,905000.0,201.0,1,Asian,Female,35-44,70.0,Loan originated
1,425000.0,45,975000.0,101.0,1,Asian,Female,25-34,43.75,Loan originated
1,775000.0,47,825000.0,147.0,1,Hispanic or Latino,Male,45-54,95.0,Loan originated
1,295000.0,47,375000.0,77.0,1,Hispanic or Latino,Joint,25-34,100.0,Loan originated
1,595000.0,42,675000.0,177.0,1,White,Male,35-44,88.148,Loan originated
1,475000.0,48,585000.0,257.0,1,Asian,Male,25-34,80.0,Application denied
1,695000.0,40,745000.0,249.0,1,Black or African American,Male,55-64,95.0,Loan originated
1,155000.0,<20%,455000.0,95.0,1,Hispanic or Latino,Female,35-44,33.333,Loan originated
1,715000.0,44,795000.0,183.0,1,White,Joint,25-34,90.0,Loan originated
1,535000.0,43,675000.0,272.0,1,Hispanic or Latino,Female,45-54,80.0,Loan originated
1,765000.0,46,845000.0,246.0,1,Asian,Joint,35-44,90.0,Loan originated
1,1115000.0,40,1485000.0,441.0,1,Asian,Joint,25-34,75.0,Loan originated
1,805000.0,49,955000.0,169.0,1,White,Joint,55-64,85.0,Loan originated
1,305000.0,40,325000.0,94.0,1,Asian,Joint,25-34,95.0,Loan originated
1,185000.0,44,195000.0,58.0,1,White,Joint,<25,100.0,Loan originated
1,1125000.0,30%-<36%,1405000.0,409.0,1,Asian,Joint,25-34,80.0,Loan originated
1,225000.0,44,245000.0,65.0,1,Hispanic or Latino,Male,35-44,95.0,Loan originated
1,235000.0,48,255000.0,47.0,1,Hispanic or Latino,Male,45-54,95.0,Loan originated
1,675000.0,49,755000.0,161.0,1,White,Male,25-34,89.933,Loan originated
1,615000.0,45,645000.0,133.0,1,Hispanic or Latino,Joint,25-34,95.0,Loan originated
1,375000.0,30%-<36%,505000.0,186.0,1,Hispanic or Latino,Male,25-34,75.0,Application denied
1,645000.0,38,805000.0,180.0,1,White,Female,35-44,80.0,Loan originated
1,385000.0,<20%,475000.0,360.0,1,Asian,Female,45-54,80.0,Loan originated
1,285000.0,44,295000.0,63.0,1,White,Male,35-44,100.0,Loan originated
1,955000.0,39,1195000.0,279.0,1,White,Male,65-74,80.0,Loan originated
1,455000.0,37,485000.0,150.0,1,Hispanic or Latino,Female,45-54,95.0,Loan originated
1,745000.0,30%-<36%,985000.0,324.0,1,Asian,Joint,35-44,75.0,Loan originated
1,765000.0,44,1235000.0,189.0,1,Asian,Joint,25-34,61.97,Loan originated
1,875000.0,42,1175000.0,212.0,1,Asian,Joint,25-34,74.677,Loan originated
1,755000.0,30%-<36%,945000.0,353.0,1,Asian,Male,35-44,80.0,Loan originated
1,705000.0,40,855000.0,153.0,1,Asian,Female,35-44,85.0,Loan originated
1,515000.0,37,645000.0,592.0,1,Asian,Joint,25-34,80.0,Loan originated
1,495000.0,42,515000.0,148.0,1,Hispanic or Latino,Female,25-34,101.94,Loan originated
1,765000.0,30%-<36%,965000.0,258.0,1,White,Male,35-44,80.0,Loan originated
1,555000.0,50%-60%,645000.0,105.0,1,Hispanic or Latino,Joint,25-34,87.0,Application denied
1,605000.0,47,725000.0,151.0,1,Asian,Joint,35-44,99.444,Loan originated
1,555000.0,46,1065000.0,160.0,1,Asian,Female,35-44,52.0,Loan originated
1,505000.0,49,875000.0,97.0,1,Asian,Male,65-74,57.94,Application denied
1,205000.0,>60%,515000.0,29.0,1,Hispanic or Latino,Female,45-54,39.972,Application denied
1,255000.0,20%-<30%,275000.0,168.0,1,White,Male,55-64,94.87,Application denied
1,705000.0,49,885000.0,172.0,1,White,Female,35-44,80.0,Loan originated
1,365000.0,49,415000.0,290.0,1,White,Male,35-44,88.78,Loan originated
1,75000.0,44,145000.0,72.0,1,White,Male,65-74,48.79,Loan originated
1,755000.0,<20%,2205000.0,1375.0,1,Asian,Male,35-44,34.091,Loan originated
1,305000.0,20%-<30%,625000.0,168.0,1,Asian,Female,25-34,48.516,Loan originated
1,375000.0,30%-<36%,545000.0,133.0,1,Asian,Male,65-74,70.0,Loan originated
1,645000.0,44,805000.0,176.0,1,Asian,Female,25-34,80.0,Loan originated
1,575000.0,48,875000.0,119.0,1,Asian,Female,45-54,66.0,Loan originated
1,195000.0,44,665000.0,144.0,1,White,Male,55-64,30.0,Loan originated
1,705000.0,40,915000.0,167.0,1,Asian,Joint,35-44,77.778,Loan originated
1,585000.0,46,735000.0,148.0,1,White,Joint,35-44,80.0,Loan originated
1,805000.0,47,1195000.0,241.0,1,Black or African American,Female,45-54,67.365,Loan originated
1,365000.0,49,435000.0,79.0,1,Hispanic or Latino,Female,45-54,100.0,Loan originated
1,395000.0,44,495000.0,109.0,1,White,Female,25-34,80.0,Loan originated
1,365000.0,49,435000.0,82.0,1,Hispanic or Latino,Female,25-34,85.0,Loan originated
1,405000.0,30%-<36%,645000.0,141.0,1,White,Joint,>74,62.5,Loan originated
1,525000.0,46,655000.0,102.0,1,Hispanic or Latino,Male,35-44,80.0,Loan originated
1,725000.0,44,815000.0,242.0,1,Hispanic or Latino,Joint,<25,90.0,Loan originated
1,485000.0,45,645000.0,167.0,1,Hispanic or Latino,Female,35-44,74.992,Loan originated
1,965000.0,40,1205000.0,313.0,1,Asian,Male,35-44,80.0,Loan originated
1,105000.0,47,275000.0,39.0,1,White,Female,35-44,39.346,Loan originated
1,215000.0,37,305000.0,84.0,1,Hispanic or Latino,Male,35-44,70.0,Loan originated
1,235000.0,>60%,255000.0,69.0,1,Hispanic or Latino,Female,35-44,92.19,Application denied
1,1075000.0,40,1335000.0,272.0,1,White,Male,25-34,80.0,Loan originated
1,235000.0,38,285000.0,72.0,1,White,Male,35-44,85.0,Loan originated
1,235000.0,39,435000.0,146.0,1,Black or African American,Male,45-54,53.488,Loan originated
1,755000.0,47,885000.0,169.0,1,White,Joint,35-44,85.0,Loan originated
1,335000.0,36,375000.0,95.0,1,Hispanic or Latino,Female,35-44,88.0,Loan originated
1,905000.0,30%-<36%,1155000.0,320.0,1,White,Joint,25-34,78.261,Loan originated
1,725000.0,43,745000.0,174.0,1,Asian,Female,35-44,96.5,Loan originated
1,345000.0,49,435000.0,118.0,1,White,Joint,55-64,100.0,Loan originated
1,405000.0,41,555000.0,104.0,1,Asian,Female,45-54,72.727,Application denied
1,585000.0,49,605000.0,127.0,1,White,Female,45-54,100.0,Loan originated
1,335000.0,48,415000.0,72.0,1,White,Joint,<25,104.0,Loan originated
1,405000.0,20%-<30%,505000.0,164.0,1,Asian,Male,25-34,80.0,Loan originated
1,505000.0,49,635000.0,96.0,1,Hispanic or Latino,Joint,45-54,100.0,Loan originated
1,465000.0,44,475000.0,107.0,1,Hispanic or Latino,Joint,35-44,97.0,Loan originated
1,225000.0,30%-<36%,475000.0,68.0,1,Asian,Male,35-44,47.669,Loan originated
1,255000.0,20%-<30%,315000.0,97.0,1,White,Female,55-64,80.0,Loan originated
1,235000.0,49,885000.0,69.0,1,White,Female,55-64,27.0,Loan originated
1,125000.0,30%-<36%,155000.0,105.0,1,Hispanic or Latino,Joint,25-34,80.0,Loan originated
1,715000.0,43,845000.0,174.0,1,Hispanic or Latino,Joint,45-54,85.0,Loan originated
1,445000.0,45,585000.0,95.0,1,Asian,Male,25-34,76.726,Loan originated
1,635000.0,36,795000.0,175.0,1,Asian,Male,35-44,80.0,Loan originated
1,395000.0,43,695000.0,107.0,1,Asian,Male,45-54,57.0,Loan originated
1,625000.0,49,745000.0,146.0,1,Hispanic or Latino,Joint,55-64,103.0,Loan originated
1,995000.0,>60%,1235000.0,160.0,1,White,Male,<25,62.63,Application denied
1,545000.0,38,905000.0,157.0,1,Other,Male,35-44,60.0,Loan originated
1,825000.0,47,1105000.0,237.0,1,Asian,Joint,45-54,75.0,Loan originated
1,445000.0,49,465000.0,108.0,1,Hispanic or Latino,Male,35-44,95.0,Loan originated
1,1065000.0,49,1165000.0,202.0,1,Asian,Joint,35-44,91.35,Loan originated
1,385000.0,42,395000.0,115.0,1,Hispanic or Latino,Joint,35-44,97.0,Loan originated
1,765000.0,20%-<30%,1795000.0,877.0,1,Asian,Joint,55-64,42.22,Application denied
1,515000.0,30%-<36%,575000.0,162.0,1,White,Joint,25-34,90.0,Loan originated
1,725000.0,>60%,805000.0,64.0,1,Asian,Female,25-34,90.0,Application denied
1,1145000.0,45,1225000.0,289.0,1,Black or African American,Joint,25-34,94.0,Loan originated
1,555000.0,30%-<36%,695000.0,187.0,1,White,Joint,25-34,80.0,Loan originated
1,495000.0,46,615000.0,106.0,1,Asian,Joint,55-64,80.0,Loan originated
1,645000.0,40,675000.0,213.0,1,White,Joint,35-44,95.0,Loan originated
1,375000.0,38,1295000.0,156.0,1,White,Female,65-74,29.07,Loan originated
1,245000.0,49,275000.0,48.0,1,White,Male,25-34,90.0,Loan originated
1,275000.0,>60%,285000.0,114.0,1,Hispanic or Latino,Joint,55-64,95.0,Application denied
1,515000.0,30%-<36%,545000.0,193.0,1,Hispanic or Latino,Joint,25-34,95.0,Loan originated
1,345000.0,48,455000.0,87.0,1,White,Male,25-34,75.0,Loan originated
1,575000.0,20%-<30%,725000.0,231.0,1,White,Joint,25-34,80.0,Loan originated
1,645000.0,39,805000.0,232.0,1,Asian,Joint,25-34,80.0,Loan originated
1,785000.0,30%-<36%,975000.0,309.0,1,Asian,Joint,25-34,80.0,Loan originated
1,515000.0,30%-<36%,605000.0,158.0,1,White,Joint,25-34,85.0,Loan originated
1,1025000.0,44,1275000.0,297.0,1,White,Female,35-44,80.0,Loan originated
1,935000.0,48,1045000.0,202.0,1,White,Joint,45-54,90.0,Loan originated
1,765000.0,36,1025000.0,200.0,1,White,Female,45-54,74.785,Loan originated
1,385000.0,49,755000.0,117.0,1,Asian,Male,45-54,50.331,Loan originated
1,315000.0,38,325000.0,162.0,1,White,Joint,45-54,97.0,Loan originated
1,95000.0,20%-<30%,265000.0,63.0,1,White,Female,65-74,34.615,Loan originated
1,135000.0,45,165000.0,45.0,1,Hispanic or Latino,Female,55-64,80.0,Loan originated
1,545000.0,44,565000.0,116.0,1,Hispanic or Latino,Joint,25-34,99.674,Application denied
1,705000.0,49,875000.0,271.0,1,Asian,Joint,35-44,80.0,Loan originated
1,455000.0,37,505000.0,110.0,1,Asian,Male,25-34,89.99,Loan originated
1,455000.0,20%-<30%,625000.0,212.0,1,Asian,Male,45-54,72.0,Loan originated
1,615000.0,30%-<36%,825000.0,185.0,1,White,Female,55-64,75.0,Loan originated
1,515000.0,20%-<30%,1195000.0,419.0,1,White,Female,55-64,42.94,Loan originated
1,725000.0,45,905000.0,227.0,1,White,Male,35-44,80.0,Loan originated
1,765000.0,48,955000.0,156.0,1,Hispanic or Latino,Male,55-64,80.0,Loan originated
1,545000.0,45,565000.0,144.0,1,White,Joint,<25,97.0,Loan originated
1,825000.0,49,1025000.0,199.0,1,White,Joint,35-44,80.0,Loan originated
1,605000.0,44,1405000.0,140.0,1,Asian,Female,35-44,42.86,Loan originated
1,755000.0,<20%,945000.0,777.0,1,Asian,Male,25-34,80.0,Loan originated
1,385000.0,47,475000.0,77.0,1,White,Joint,35-44,80.0,Loan originated
1,1045000.0,41,1345000.0,288.0,1,Asian,Joint,35-44,77.692,Loan originated
1,475000.0,38,505000.0,210.0,1,Hispanic or Latino,Male,25-34,95.0,Loan originated
1,875000.0,48,975000.0,192.0,1,Asian,Male,45-54,90.0,Loan originated
1,365000.0,38,405000.0,89.0,1,White,Male,35-44,90.0,Loan originated
1,225000.0,44,245000.0,68.0,1,Hispanic or Latino,Male,25-34,95.0,Loan originated
1,425000.0,46,455000.0,101.0,1,Hispanic or Latino,Female,35-44,95.0,Loan originated
1,475000.0,47,595000.0,117.0,1,Hispanic or Latino,Joint,25-34,80.0,Loan originated
1,365000.0,38,455000.0,183.0,1,Asian,Joint,35-44,81.24,Application denied
1,265000.0,42,445000.0,103.0,1,Hispanic or Latino,Female,45-54,59.09,Loan originated
1,735000.0,47,775000.0,204.0,1,Asian,Male,45-54,95.0,Loan originated
1,575000.0,30%-<36%,715000.0,180.0,1,Asian,Female,45-54,80.0,Loan originated
1,195000.0,44,205000.0,55.0,1,Hispanic or Latino,Male,<25,100.0,Loan originated
1,405000.0,36,515000.0,132.0,1,Hispanic or Latino,Joint,25-34,80.0,Loan originated
1,425000.0,42,525000.0,135.0,1,Asian,Joint,45-54,80.0,Loan originated
1,1105000.0,20%-<30%,1705000.0,384.0,1,Asian,Male,35-44,65.0,Loan originated
1,745000.0,44,1065000.0,240.0,1,White,Male,55-64,70.0,Loan originated
1,915000.0,42,1145000.0,265.0,1,White,Joint,25-34,80.0,Loan originated
1,175000.0,38,775000.0,80.0,1,White,Joint,45-54,22.581,Loan originated
1,435000.0,43,485000.0,159.0,1,Hispanic or Latino,Joint,25-34,90.0,Loan originated
1,305000.0,43,305000.0,132.0,1,Hispanic or Latino,Joint,25-34,100.0,Loan originated
1,155000.0,44,165000.0,54.0,1,Other,Male,<25,97.0,Loan originated
1,475000.0,40,485000.0,151.0,1,Hispanic or Latino,Joint,25-34,100.0,Loan originated
1,195000.0,30%-<36%,365000.0,66.0,1,Hispanic or Latino,Joint,55-64,54.0,Loan originated
1,615000.0,47,795000.0,220.0,1,Hispanic or Latino,Male,45-54,77.444,Loan originated
1,125000.0,20%-<30%,595000.0,120.0,1,White,Joint,>74,21.008,Loan originated
1,765000.0,30%-<36%,1705000.0,255.0,1,Hispanic or Latino,Female,35-44,45.091,Loan originated
1,305000.0,>60%,855000.0,55.0,1,White,Male,25-34,35.714,Loan originated
1,895000.0,48,945000.0,201.0,1,White,Joint,45-54,95.0,Loan originated
1,855000.0,49,955000.0,170.0,1,White,Joint,25-34,90.0,Loan originated
1,275000.0,42,365000.0,70.0,1,White,Female,25-34,76.389,Loan originated
1,455000.0,45,605000.0,182.0,1,Asian,Joint,25-34,75.0,Loan originated
1,215000.0,40,935000.0,109.0,1,Asian,Female,45-54,22.4,Loan originated
1,285000.0,49,305000.0,56.0,1,White,Male,25-34,95.0,Loan originated
1,235000.0,30%-<36%,625000.0,87.0,1,White,Joint,55-64,37.6,Loan originated
1,505000.0,39,625000.0,122.0,1,Hispanic or Latino,Joint,<25,100.0,Loan originated
1,595000.0,>60%,665000.0,98.0,1,Hispanic or Latino,Joint,35-44,90.0,Application denied
1,565000.0,45,705000.0,128.0,1,White,Joint,65-74,80.0,Loan originated
1,515000.0,45,645000.0,198.0,1,Asian,Male,45-54,80.0,Loan originated
1,615000.0,42,685000.0,167.0,1,White,Female,35-44,89.971,Loan originated
1,405000.0,46,415000.0,111.0,1,White,Female,35-44,96.99,Loan originated
1,515000.0,<20%,595000.0,926.0,1,Hispanic or Latino,Female,<25,86.61,Loan originated
1,375000.0,45,675000.0,100.0,1,Hispanic or Latino,Male,>74,55.0,Loan originated
1,885000.0,20%-<30%,1115000.0,322.0,1,White,Joint,45-54,80.0,Loan originated
1,415000.0,49,435000.0,91.0,1,White,Joint,<25,100.0,Loan originated
1,255000.0,<20%,1185000.0,330.0,1,White,Joint,55-64,21.115,Loan originated
1,345000.0,45,405000.0,72.0,1,Hispanic or Latino,Male,<25,88.0,Loan originated
1,445000.0,<20%,935000.0,284.0,1,White,Female,65-74,47.74,Loan originated
1,605000.0,<20%,935000.0,0.0,1,Asian,Joint,35-44,65.0,Loan originated
1,415000.0,30%-<36%,465000.0,184.0,1,Other,Joint,35-44,90.0,Loan originated
1,605000.0,48,715000.0,253.0,1,White,Female,<25,84.89,Loan originated
1,545000.0,49,605000.0,144.0,1,Hispanic or Latino,Female,55-64,90.0,Loan originated
1,405000.0,47,455000.0,114.0,1,White,Male,35-44,90.0,Loan originated
1,415000.0,47,525000.0,93.0,1,Asian,Female,35-44,80.0,Loan originated
1,915000.0,46,1315000.0,243.0,1,Asian,Female,35-44,69.044,Loan originated
1,755000.0,40,945000.0,187.0,1,White,Male,35-44,80.0,Loan originated
1,565000.0,47,755000.0,414.0,1,White,Male,>74,75.0,Loan originated
1,875000.0,39,915000.0,257.0,1,Asian,Joint,25-34,98.0,Loan originated
1,455000.0,40,735000.0,190.0,1,Asian,Male,25-34,60.992,Loan originated
1,425000.0,48,535000.0,99.0,1,Hispanic or Latino,Male,35-44,80.0,Loan originated
1,475000.0,39,595000.0,152.0,1,White,Female,25-34,80.0,Loan originated
1,685000.0,47,725000.0,150.0,1,Hispanic or Latino,Joint,35-44,95.0,Loan originated
1,705000.0,49,745000.0,150.0,1,Asian,Male,25-34,95.0,Loan originated
1,295000.0,49,365000.0,60.0,1,White,Female,25-34,80.0,Loan originated
1,295000.0,47,395000.0,77.0,1,White,Female,25-34,74.359,Loan originated
1,445000.0,50%-60%,745000.0,116.0,1,White,Male,45-54,60.0,Loan originated
1,505000.0,47,525000.0,96.0,1,Hispanic or Latino,Joint,25-34,97.0,Loan originated
1,305000.0,30%-<36%,375000.0,228.0,1,Hispanic or Latino,Joint,25-34,80.0,Loan originated
1,695000.0,30%-<36%,775000.0,262.0,1,White,Female,35-44,89.935,Loan originated
1,475000.0,38,685000.0,130.0,1,Asian,Male,25-34,70.0,Loan originated
1,265000.0,48,535000.0,60.0,1,White,Male,55-64,50.0,Loan originated
1,105000.0,43,605000.0,54.0,1,White,Female,<25,16.667,Loan originated
1,715000.0,39,755000.0,277.0,1,White,Joint,35-44,95.0,Loan originated
1,455000.0,39,655000.0,308.0,1,Hispanic or Latino,Male,45-54,70.0,Loan originated
1,565000.0,37,745000.0,183.0,1,Black or African American,Joint,25-34,74.86,Loan originated
1,1135000.0,41,1435000.0,272.0,1,Asian,Joint,25-34,79.02,Application denied
1,955000.0,44,1375000.0,314.0,1,White,Joint,35-44,70.0,Loan originated
1,665000.0,46,735000.0,241.0,1,White,Joint,65-74,89.99,Loan originated
1,315000.0,30%-<36%,395000.0,87.0,1,Hispanic or Latino,Female,25-34,79.999,Loan originated
1,405000.0,38,425000.0,166.0,1,Hispanic or Latino,Female,35-44,95.0,Loan originated
1,235000.0,49,255000.0,66.0,1,Hispanic or Latino,Female,35-44,92.6,Loan originated
1,645000.0,46,725000.0,139.0,1,Hispanic or Latino,Joint,35-44,90.0,Loan originated
1,65000.0,38,65000.0,66.0,1,Asian,Male,55-64,100.0,Application denied
1,795000.0,48,1325000.0,167.0,1,White,Joint,45-54,60.0,Loan originated
1,715000.0,46,745000.0,263.0,1,Asian,Joint,45-54,95.0,Loan originated
1,545000.0,<20%,615000.0,1734.0,1,White,Joint,55-64,90.0,Loan originated
1,825000.0,48,925000.0,158.0,1,Hispanic or Latino,Female,35-44,89.999,Loan originated
1,515000.0,47,645000.0,161.0,1,White,Male,35-44,80.0,Loan originated
1,1075000.0,41,1375000.0,275.0,1,White,Male,45-54,78.182,Loan originated
1,295000.0,20%-<30%,375000.0,134.0,1,White,Male,25-34,80.0,Loan originated
1,375000.0,30%-<36%,475000.0,120.0,1,Asian,Female,25-34,80.0,Loan originated
1,745000.0,30%-<36%,935000.0,249.0,1,White,Joint,25-34,80.0,Loan originated
1,615000.0,<20%,765000.0,407.0,1,Hispanic or Latino,Joint,45-54,65.0,Application denied
1,285000.0,47,475000.0,65.0,1,White,Female,>74,58.346,Loan originated
1,535000.0,41,1285000.0,147.0,1,Asian,Male,25-34,41.191,Loan originated
1,465000.0,40,585000.0,226.0,1,White,Male,35-44,80.0,Loan originated
1,455000.0,30%-<36%,505000.0,146.0,1,White,Joint,25-34,93.0,Loan originated
1,335000.0,30%-<36%,415000.0,102.0,1,White,Female,25-34,80.0,Loan originated
1,435000.0,47,675000.0,97.0,1,Hispanic or Latino,Male,55-64,65.0,Application denied
1,355000.0,44,505000.0,76.0,1,White,Joint,65-74,70.0,Loan originated
1,335000.0,39,585000.0,113.0,1,White,Female,>74,57.27,Loan originated
1,715000.0,20%-<30%,745000.0,343.0,1,White,Female,25-34,97.0,Loan originated
1,1135000.0,42,1845000.0,276.0,1,Asian,Joint,35-44,61.518,Loan originated
1,615000.0,48,655000.0,158.0,1,White,Joint,55-64,94.462,Loan originated
1,925000.0,38,975000.0,523.0,1,Asian,Joint,25-34,95.0,Loan originated
1,285000.0,38,375000.0,73.0,1,White,Male,25-34,75.99,Loan originated
1,335000.0,30%-<36%,605000.0,98.0,1,Hispanic or Latino,Joint,65-74,55.375,Loan originated
1,305000.0,49,325000.0,67.0,1,Hispanic or Latino,Female,35-44,95.0,Loan originated
1,285000.0,40,315000.0,86.0,1,Black or African American,Male,45-54,90.0,Loan originated
1,625000.0,49,785000.0,189.0,1,Asian,Male,35-44,80.0,Loan originated
1,685000.0,30%-<36%,855000.0,204.0,1,White,Male,35-44,80.0,Loan originated
1,765000.0,47,955000.0,176.0,1,Hispanic or Latino,Male,35-44,89.95,Loan originated
1,1075000.0,20%-<30%,1465000.0,439.0,1,Asian,Joint,35-44,73.36,Loan originated
1,515000.0,43,645000.0,121.0,1,White,Joint,25-34,80.0,Loan originated
1,855000.0,45,1145000.0,206.0,1,White,Joint,35-44,75.0,Loan originated
1,565000.0,45,665000.0,119.0,1,White,Female,55-64,85.0,Loan originated
1,365000.0,49,375000.0,129.0,1,White,Female,55-64,97.0,Loan originated
1,455000.0,45,545000.0,95.0,1,Hispanic or Latino,Joint,35-44,85.0,Loan originated
1,605000.0,30%-<36%,795000.0,242.0,1,White,Joint,25-34,75.94,Loan originated
1,725000.0,49,855000.0,155.0,1,Asian,Female,35-44,85.0,Loan originated
1,15000.0,20%-<30%,315000.0,85.0,1,Hispanic or Latino,Male,35-44,3.5,Loan originated
1,815000.0,46,905000.0,165.0,1,White,Male,35-44,90.0,Loan originated
1,415000.0,30%-<36%,505000.0,166.0,1,White,Joint,25-34,82.0,Loan originated
1,215000.0,37,245000.0,87.0,1,White,Female,25-34,86.56,Loan originated
1,845000.0,49,945000.0,215.0,1,Asian,Joint,35-44,90.0,Loan originated
1,405000.0,42,575000.0,101.0,1,Hispanic or Latino,Male,45-54,70.0,Loan originated
1,1125000.0,30%-<36%,1405000.0,604.0,1,White,Joint,35-44,80.0,Loan originated
1,135000.0,<20%,235000.0,80.0,1,White,Male,35-44,57.806,Loan originated
1,545000.0,46,675000.0,158.0,1,Asian,Female,65-74,80.0,Loan originated
1,15000.0,38,515000.0,126.0,1,Asian,Male,35-44,100.0,Loan originated
1,555000.0,<20%,1215000.0,403.0,1,White,Joint,45-54,45.231,Loan originated
1,495000.0,46,555000.0,104.0,1,White,Joint,35-44,90.0,Loan originated
1,1105000.0,48,1955000.0,302.0,1,White,Joint,55-64,56.41,Loan originated
1,65000.0,20%-<30%,95000.0,91.0,1,White,Male,45-54,65.15,Loan originated
1,415000.0,40,515000.0,141.0,1,Hispanic or Latino,Female,25-34,79.931,Loan originated
1,275000.0,42,465000.0,76.0,1,Asian,Male,35-44,91.0,Loan originated
1,765000.0,20%-<30%,1025000.0,286.0,1,Asian,Male,35-44,75.0,Loan originated
1,165000.0,20%-<30%,235000.0,131.0,1,Hispanic or Latino,Female,45-54,70.0,Loan originated
1,625000.0,37,785000.0,265.0,1,Asian,Male,35-44,80.0,Loan originated
1,565000.0,40,705000.0,171.0,1,Asian,Joint,25-34,80.0,Loan originated
1,145000.0,38,785000.0,95.0,1,White,Joint,45-54,18.095,Loan originated
1,505000.0,36,1505000.0,192.0,1,Hispanic or Latino,Female,35-44,33.333,Loan originated
1,135000.0,30%-<36%,135000.0,83.0,1,White,Joint,65-74,95.0,Loan originated
1,405000.0,30%-<36%,435000.0,333.0,1,White,Joint,<25,95.0,Loan originated
1,355000.0,20%-<30%,445000.0,193.0,1,Hispanic or Latino,Male,35-44,80.0,Loan originated
1,455000.0,41,1035000.0,121.0,1,White,Female,25-34,45.0,Loan originated
1,245000.0,48,595000.0,96.0,1,White,Male,55-64,40.834,Loan originated
1,185000.0,49,205000.0,60.0,1,Hispanic or Latino,Female,25-34,90.0,Loan originated
1,465000.0,48,625000.0,126.0,1,Asian,Male,25-34,74.534,Loan originated
1,455000.0,44,525000.0,124.0,1,White,Joint,25-34,86.667,Loan originated
1,875000.0,49,1255000.0,197.0,1,White,Male,45-54,70.0,Loan originated
1,375000.0,47,385000.0,86.0,1,Black or African American,Male,25-34,97.0,Loan originated
1,525000.0,38,585000.0,166.0,1,White,Joint,25-34,95.571,Loan originated
1,385000.0,46,405000.0,107.0,1,Hispanic or Latino,Joint,35-44,100.395,Loan originated
1,405000.0,<20%,1775000.0,581.0,1,White,Joint,55-64,22.535,Loan originated
1,1075000.0,30%-<36%,1345000.0,300.0,1,White,Female,35-44,80.0,Loan originated
1,295000.0,42,455000.0,70.0,1,White,Joint,55-64,65.0,Loan originated
1,585000.0,50%-60%,605000.0,111.0,1,Hispanic or Latino,Female,<25,96.667,Application denied
1,595000.0,49,865000.0,137.0,1,Asian,Joint,25-34,68.786,Loan originated
1,735000.0,30%-<36%,915000.0,235.0,1,White,Joint,55-64,80.0,Loan originated
1,565000.0,46,705000.0,153.0,1,Asian,Joint,45-54,80.0,Loan originated
1,545000.0,50%-60%,705000.0,113.0,1,White,Male,25-34,77.457,Loan originated
1,695000.0,43,735000.0,222.0,1,White,Male,35-44,95.0,Loan originated
1,325000.0,30%-<36%,1325000.0,147.0,1,White,Joint,25-34,24.528,Loan originated
1,955000.0,>60%,2225000.0,134.0,1,Asian,Male,25-34,42.8,Application denied
1,335000.0,49,485000.0,70.0,1,Asian,Female,45-54,70.0,Loan originated
1,155000.0,49,165000.0,89.0,1,White,Male,35-44,95.0,Loan originated
1,805000.0,39,1565000.0,514.0,1,Asian,Joint,55-64,51.28,Loan originated
1,495000.0,47,525000.0,163.0,1,White,Male,55-64,95.0,Loan originated
1,345000.0,43,585000.0,84.0,1,White,Male,55-64,58.974,Loan originated
1,1005000.0,41,1375000.0,249.0,1,White,Female,25-34,72.727,Loan originated
1,75000.0,41,305000.0,57.0,1,Hispanic or Latino,Female,65-74,22.95,Loan originated
1,705000.0,49,885000.0,163.0,1,Hispanic or Latino,Male,35-44,80.0,Loan originated
1,665000.0,44,825000.0,153.0,1,Hispanic or Latino,Female,25-34,80.0,Loan originated
1,535000.0,42,565000.0,135.0,1,Hispanic or Latino,Joint,25-34,95.0,Loan originated
1,405000.0,49,705000.0,146.0,1,White,Joint,45-54,57.143,Loan originated
1,475000.0,40,505000.0,151.0,1,White,Joint,45-54,95.0,Loan originated
1,445000.0,50%-60%,595000.0,138.0,1,Hispanic or Latino,Male,45-54,75.0,Loan originated
1,625000.0,20%-<30%,775000.0,271.0,1,White,Joint,>74,79.692,Application denied
1,415000.0,20%-<30%,525000.0,152.0,1,Hispanic or Latino,Joint,35-44,80.0,Loan originated
1,545000.0,40,895000.0,147.0,1,White,Joint,65-74,60.77,Loan originated
1,325000.0,39,345000.0,87.0,1,Hispanic or Latino,Male,45-54,95.0,Loan originated
1,585000.0,36,625000.0,155.0,1,White,Joint,<25,95.0,Loan originated
1,535000.0,48,835000.0,414.0,1,Asian,Joint,45-54,64.072,Loan originated
1,485000.0,37,495000.0,153.0,1,Hispanic or Latino,Male,45-54,100.4,Loan originated
1,455000.0,39,565000.0,135.0,1,Asian,Male,35-44,80.0,Loan originated
1,905000.0,42,1135000.0,217.0,1,Asian,Joint,45-54,80.0,Loan originated
1,535000.0,30%-<36%,675000.0,270.0,1,Hispanic or Latino,Male,45-54,80.0,Application denied
1,375000.0,36,475000.0,104.0,1,White,Male,25-34,80.0,Loan originated
1,685000.0,45,915000.0,160.0,1,Hispanic or Latino,Joint,25-34,75.0,Loan originated
1,915000.0,30%-<36%,1145000.0,291.0,1,Asian,Joint,35-44,80.0,Loan originated
1,225000.0,39,245000.0,72.0,1,Hispanic or Latino,Male,35-44,95.0,Loan originated
1,635000.0,46,705000.0,160.0,1,Hispanic or Latino,Female,45-54,90.0,Loan originated
1,715000.0,50%-60%,1425000.0,135.0,1,Asian,Female,35-44,43.662,Application denied
1,765000.0,44,805000.0,166.0,1,Asian,Joint,45-54,95.0,Loan originated
1,265000.0,<20%,415000.0,142.0,1,Hispanic or Latino,Male,55-64,63.415,Loan originated
1,645000.0,39,675000.0,159.0,1,Hispanic or Latino,Male,55-64,95.0,Loan originated
1,165000.0,30%-<36%,185000.0,131.0,1,Hispanic or Latino,Joint,55-64,90.0,Loan originated
1,525000.0,47,575000.0,124.0,1,Hispanic or Latino,Male,35-44,89.999,Loan originated
1,265000.0,40,355000.0,114.0,1,White,Male,55-64,75.0,Loan originated
1,345000.0,<20%,435000.0,438.0,1,Hispanic or Latino,Male,35-44,80.0,Loan originated
1,625000.0,48,785000.0,200.0,1,Asian,Joint,45-54,80.0,Loan originated
1,605000.0,42,755000.0,150.0,1,White,Male,35-44,80.0,Loan originated
1,695000.0,20%-<30%,865000.0,272.0,1,Asian,Joint,25-34,80.0,Loan originated
1,575000.0,45,605000.0,119.0,1,White,Male,35-44,95.0,Loan originated
1,985000.0,36,1255000.0,632.0,1,Asian,Female,55-64,80.0,Loan originated
1,525000.0,42,955000.0,277.0,1,White,Joint,35-44,86.316,Loan originated
1,465000.0,49,495000.0,135.0,1,Hispanic or Latino,Joint,45-54,95.0,Loan originated
1,695000.0,37,765000.0,191.0,1,White,Joint,25-34,90.0,Loan originated
1,265000.0,37,645000.0,81.0,1,White,Male,55-64,41.34,Loan originated
1,115000.0,49,415000.0,52.0,1,White,Female,35-44,28.049,Loan originated
1,565000.0,20%-<30%,705000.0,377.0,1,White,Male,35-44,80.0,Loan originated
1,595000.0,45,615000.0,134.0,1,Hispanic or Latino,Joint,35-44,100.0,Loan originated
1,485000.0,36,555000.0,165.0,1,White,Joint,35-44,88.818,Loan originated
1,855000.0,49,895000.0,245.0,1,White,Joint,35-44,95.0,Loan originated
1,725000.0,45,905000.0,206.0,1,Asian,Joint,25-34,80.0,Loan originated
1,365000.0,46,485000.0,173.0,1,White,Male,25-34,74.689,Loan originated
1,745000.0,38,775000.0,238.0,1,Hispanic or Latino,Joint,25-34,100.0,Loan originated
1,455000.0,47,575000.0,247.0,1,Hispanic or Latino,Joint,55-64,80.0,Loan originated
1,735000.0,44,815000.0,200.0,1,Asian,Male,35-44,89.98,Loan originated
1,1015000.0,30%-<36%,1195000.0,422.0,1,Asian,Joint,25-34,85.0,Loan originated
1,705000.0,40,725000.0,206.0,1,Hispanic or Latino,Joint,25-34,97.0,Loan originated
1,465000.0,20%-<30%,485000.0,1059.0,1,Hispanic or Latino,Male,25-34,95.0,Loan originated
1,675000.0,46,855000.0,197.0,1,White,Joint,45-54,78.947,Loan originated
1,525000.0,42,945000.0,144.0,1,Hispanic or Latino,Joint,35-44,55.449,Loan originated
1,715000.0,45,745000.0,176.0,1,Asian,Male,25-34,95.01,Loan originated
1,1145000.0,44,1625000.0,325.0,1,White,Female,25-34,70.973,Loan originated
1,905000.0,37,1125000.0,244.0,1,White,Joint,35-44,80.0,Loan originated
1,665000.0,<20%,1025000.0,372.0,1,Asian,Joint,25-34,65.0,Loan originated
1,725000.0,44,915000.0,228.0,1,White,Male,35-44,80.0,Loan originated
1,265000.0,45,275000.0,65.0,1,Black or African American,Female,<25,97.0,Loan originated
1,615000.0,39,815000.0,143.0,1,White,Male,35-44,75.0,Loan originated
1,885000.0,50%-60%,985000.0,152.0,1,Asian,Male,25-34,90.0,Application denied
1,485000.0,42,645000.0,151.0,1,White,Joint,65-74,75.0,Loan originated
1,495000.0,49,655000.0,104.0,1,Hispanic or Latino,Male,35-44,75.0,Loan originated
1,645000.0,36,805000.0,286.0,1,Asian,Joint,45-54,80.0,Loan originated
1,735000.0,37,925000.0,215.0,1,Hispanic or Latino,Male,45-54,80.0,Loan originated
1,995000.0,20%-<30%,1325000.0,350.0,1,Asian,Joint,25-34,75.0,Loan originated
1,385000.0,46,495000.0,160.0,1,Hispanic or Latino,Male,35-44,79.96,Loan originated
1,295000.0,50%-60%,455000.0,95.0,1,White,Female,25-34,64.878,Application denied
1,145000.0,45,195000.0,34.0,1,White,Female,<25,80.0,Application denied
1,455000.0,20%-<30%,475000.0,205.0,1,Hispanic or Latino,Joint,25-34,95.0,Loan originated
1,165000.0,45,185000.0,94.0,1,Hispanic or Latino,Male,35-44,90.0,Loan originated
1,525000.0,49,555000.0,216.0,1,Hispanic or Latino,Male,35-44,95.0,Loan originated
1,455000.0,30%-<36%,795000.0,165.0,1,Asian,Male,25-34,56.885,Loan originated
1,275000.0,49,705000.0,78.0,1,Asian,Female,45-54,39.0,Loan originated
1,85000.0,30%-<36%,95000.0,55.0,1,White,Male,>74,92.89,Loan originated
1,125000.0,45,485000.0,55.0,1,White,Joint,65-74,25.934,Loan originated
1,1055000.0,36,1415000.0,318.0,1,White,Joint,35-44,75.0,Loan originated
1,405000.0,30%-<36%,905000.0,130.0,1,Asian,Female,35-44,44.629,Loan originated
1,235000.0,36,425000.0,62.0,1,Asian,Joint,55-64,54.225,Loan originated
1,435000.0,49,565000.0,103.0,1,White,Female,55-64,77.355,Loan originated
1,325000.0,30%-<36%,875000.0,135.0,1,White,Joint,65-74,37.143,Loan originated
1,605000.0,41,755000.0,166.0,1,Asian,Female,25-34,80.0,Loan originated
1,355000.0,20%-<30%,475000.0,189.0,1,Hispanic or Latino,Joint,55-64,75.29,Loan originated
1,255000.0,30%-<36%,755000.0,109.0,1,Asian,Joint,55-64,33.333,Loan originated
1,495000.0,49,645000.0,101.0,1,Hispanic or Latino,Female,35-44,95.0,Loan originated
1,555000.0,49,2005000.0,141.0,1,White,Joint,45-54,27.531,Loan originated
1,435000.0,40,565000.0,108.0,1,Asian,Male,25-34,77.176,Loan originated
1,655000.0,30%-<36%,725000.0,188.0,1,Asian,Male,45-54,91.0,Loan originated
1,475000.0,39,475000.0,122.0,1,Black or African American,Female,45-54,100.0,Loan originated
1,345000.0,39,445000.0,88.0,1,Hispanic or Latino,Male,25-34,79.0,Loan originated
1,795000.0,46,1055000.0,177.0,1,Asian,Joint,25-34,75.355,Loan originated
1,715000.0,47,895000.0,152.0,1,Black or African American,Male,35-44,80.0,Loan originated
1,375000.0,50%-60%,475000.0,67.0,1,Hispanic or Latino,Male,35-44,78.947,Loan originated
1,765000.0,43,995000.0,184.0,1,Black or African American,Male,35-44,77.04,Loan originated
1,535000.0,48,675000.0,145.0,1,White,Male,25-34,80.0,Loan originated
1,715000.0,30%-<36%,1775000.0,455.0,1,Asian,Joint,35-44,40.0,Loan originated
1,935000.0,47,1435000.0,235.0,1,Asian,Joint,35-44,65.03,Loan originated
1,645000.0,30%-<36%,805000.0,203.0,1,Asian,Joint,45-54,80.0,Loan originated
1,145000.0,49,1015000.0,99.0,1,White,Female,55-64,14.222,Loan originated
1,815000.0,30%-<36%,1095000.0,225.0,1,Hispanic or Latino,Female,35-44,75.0,Loan originated
1,655000.0,>60%,825000.0,57.0,1,Asian,Joint,45-54,80.0,Application denied
1,445000.0,36,665000.0,113.0,1,Hispanic or Latino,Joint,35-44,67.241,Loan originated
1,575000.0,47,715000.0,154.0,1,White,Male,55-64,80.0,Loan originated
1,365000.0,30%-<36%,465000.0,120.0,1,White,Joint,35-44,80.0,Loan originated
1,955000.0,30%-<36%,1005000.0,328.0,1,Other,Male,45-54,95.0,Loan originated
1,1005000.0,44,1625000.0,245.0,1,White,Joint,25-34,61.538,Loan originated
1,495000.0,40,705000.0,155.0,1,Asian,Male,35-44,70.0,Loan originated
1,675000.0,41,905000.0,186.0,1,Asian,Male,25-34,75.0,Loan originated
1,605000.0,48,1305000.0,207.0,1,White,Male,45-54,47.06,Loan originated
1,765000.0,46,1165000.0,238.0,1,White,Joint,65-74,66.0,Loan originated
1,1095000.0,30%-<36%,1365000.0,359.0,1,White,Male,35-44,80.0,Loan originated
1,485000.0,30%-<36%,605000.0,167.0,1,Asian,Joint,25-34,79.984,Loan originated
1,155000.0,<20%,195000.0,156.0,1,Asian,Male,55-64,78.947,Loan originated
1,415000.0,20%-<30%,455000.0,147.0,1,White,Female,35-44,89.998,Loan originated
1,545000.0,47,675000.0,110.0,1,Black or African American,Female,25-34,80.0,Loan originated
1,575000.0,20%-<30%,625000.0,223.0,1,Hispanic or Latino,Joint,25-34,95.0,Loan originated
1,175000.0,39,185000.0,46.0,1,White,Female,<25,98.0,Loan originated
1,185000.0,37,505000.0,83.0,1,White,Joint,45-54,35.991,Loan originated
1,1005000.0,20%-<30%,5305000.0,1623.0,1,White,Joint,35-44,18.868,Loan originated
1,355000.0,50%-60%,775000.0,69.0,1,Asian,Female,65-74,38.961,Application denied
1,305000.0,<20%,415000.0,211.0,1,Asian,Male,25-34,75.0,Loan originated
1,305000.0,46,385000.0,80.0,1,White,Male,25-34,80.0,Loan originated
1,455000.0,44,805000.0,196.0,1,Asian,Female,45-54,56.25,Loan originated
1,375000.0,20%-<30%,625000.0,179.0,1,White,Female,25-34,59.52,Loan originated
1,145000.0,20%-<30%,185000.0,116.0,1,White,Male,35-44,80.0,Loan originated
1,425000.0,40,605000.0,120.0,1,White,Female,35-44,70.0,Loan originated
1,565000.0,41,585000.0,152.0,1,Asian,Joint,25-34,97.0,Loan originated
1,485000.0,<20%,615000.0,325.0,1,White,Joint,25-34,80.0,Loan originated
1,405000.0,47,505000.0,93.0,1,Asian,Male,25-34,80.0,Loan originated
1,225000.0,20%-<30%,545000.0,136.0,1,White,Joint,55-64,40.367,Loan originated
1,645000.0,37,665000.0,228.0,1,White,Joint,55-64,97.0,Loan originated
1,755000.0,30%-<36%,1655000.0,328.0,1,Asian,Male,45-54,75.273,Application denied
1,595000.0,20%-<30%,635000.0,280.0,1,Asian,Male,45-54,95.0,Loan originated
1,705000.0,44,935000.0,167.0,1,Hispanic or Latino,Joint,25-34,77.778,Loan originated
1,505000.0,48,705000.0,139.0,1,Asian,Joint,55-64,71.807,Loan originated
1,765000.0,48,855000.0,235.0,1,White,Male,55-64,90.0,Loan originated
1,225000.0,44,305000.0,77.0,1,White,Male,55-64,75.0,Loan originated
1,445000.0,49,475000.0,84.0,1,Asian,Female,25-34,95.0,Loan originated
1,485000.0,30%-<36%,685000.0,145.0,1,Asian,Joint,25-34,70.631,Loan originated
1,325000.0,44,435000.0,224.0,1,Asian,Joint,65-74,75.0,Loan originated
1,465000.0,44,585000.0,139.0,1,Asian,Joint,25-34,79.969,Loan originated
1,265000.0,20%-<30%,455000.0,123.0,1,White,Female,25-34,58.242,Loan originated
1,525000.0,49,755000.0,120.0,1,Asian,Female,25-34,69.057,Loan originated
1,845000.0,41,945000.0,211.0,1,Black or African American,Female,35-44,90.0,Loan originated
1,595000.0,47,695000.0,325.0,1,White,Male,55-64,84.98,Loan originated
1,465000.0,30%-<36%,485000.0,140.0,1,Asian,Female,25-34,97.0,Loan originated
1,1045000.0,40,1395000.0,325.0,1,White,Joint,55-64,75.0,Loan originated
1,645000.0,38,975000.0,15.0,1,Asian,Joint,35-44,65.64,Loan originated
1,765000.0,48,1075000.0,160.0,1,Asian,Male,35-44,71.46,Loan originated
1,765000.0,39,905000.0,312.0,1,Hispanic or Latino,Male,25-34,85.0,Loan originated
1,465000.0,30%-<36%,665000.0,210.0,1,White,Female,45-54,70.0,Loan originated
1,535000.0,20%-<30%,605000.0,220.0,1,Asian,Male,45-54,89.9,Loan originated
1,615000.0,48,685000.0,150.0,1,Black or African American,Joint,35-44,90.0,Loan originated
1,1045000.0,40,1105000.0,244.0,1,White,Male,35-44,95.0,Loan originated
1,625000.0,45,645000.0,142.0,1,White,Joint,25-34,97.0,Loan originated
1,205000.0,44,725000.0,134.0,1,White,Male,65-74,27.401,Loan originated
1,555000.0,41,685000.0,157.0,1,White,Female,25-34,80.0,Loan originated
1,165000.0,49,515000.0,50.0,1,White,Female,65-74,32.528,Loan originated
1,355000.0,40,375000.0,88.0,1,Hispanic or Latino,Male,45-54,97.0,Loan originated
1,525000.0,40,825000.0,196.0,1,White,Joint,35-44,63.636,Loan originated
1,665000.0,46,835000.0,155.0,1,Asian,Joint,35-44,80.0,Loan originated
1,365000.0,39,375000.0,73.0,1,Hispanic or Latino,Male,45-54,97.0,Loan originated
1,845000.0,40,885000.0,220.0,1,White,Joint,35-44,95.0,Loan originated
1,315000.0,49,465000.0,56.0,1,Hispanic or Latino,Female,25-34,68.096,Loan originated
1,765000.0,41,985000.0,180.0,1,White,Joint,45-54,77.553,Loan originated
1,765000.0,30%-<36%,1305000.0,310.0,1,Asian,Female,45-54,58.96,Loan originated
1,565000.0,43,595000.0,175.0,1,Hispanic or Latino,Joint,65-74,95.0,Loan originated
1,315000.0,46,345000.0,116.0,1,Black or African American,Female,45-54,90.0,Loan originated
1,435000.0,42,475000.0,126.0,1,Asian,Female,25-34,92.0,Loan originated
1,435000.0,39,555000.0,118.0,1,Hispanic or Latino,Female,45-54,79.0,Loan originated
1,465000.0,50%-60%,505000.0,81.0,1,Hispanic or Latino,Male,35-44,92.52,Application denied
1,715000.0,43,755000.0,165.0,1,Hispanic or Latino,Joint,25-34,95.0,Loan originated
1,595000.0,49,605000.0,166.0,1,Hispanic or Latino,Joint,25-34,99.75,Application denied
1,695000.0,48,1095000.0,187.0,1,White,Female,25-34,63.39,Loan originated
1,905000.0,30%-<36%,1205000.0,267.0,1,Asian,Female,35-44,74.925,Loan originated
1,415000.0,30%-<36%,635000.0,220.0,1,White,Joint,55-64,65.255,Loan originated
1,105000.0,<20%,315000.0,101.0,1,White,Female,55-64,31.746,Loan originated
1,635000.0,>60%,795000.0,249.0,1,Asian,Male,35-44,80.0,Application denied
1,595000.0,30%-<36%,745000.0,204.0,1,Asian,Male,25-34,80.0,Loan originated
1,325000.0,30%-<36%,535000.0,165.0,1,White,Female,45-54,60.0,Loan originated
1,1145000.0,40,2005000.0,427.0,1,White,Joint,35-44,82.45,Loan originated
1,455000.0,45,555000.0,123.0,1,Hispanic or Latino,Male,45-54,83.0,Loan originated
1,195000.0,36,695000.0,99.0,1,Hispanic or Latino,Male,45-54,28.551,Loan originated
1,805000.0,47,1655000.0,184.0,1,White,Female,65-74,48.485,Loan originated
1,595000.0,43,745000.0,264.0,1,Hispanic or Latino,Joint,55-64,80.0,Loan originated
1,855000.0,20%-<30%,2255000.0,364.0,1,White,Joint,25-34,37.778,Loan originated
1,1145000.0,42,1465000.0,256.0,1,Asian,Joint,35-44,78.16,Loan originated
1,285000.0,36,285000.0,83.0,1,White,Joint,<25,100.0,Loan originated
1,735000.0,49,775000.0,158.0,1,White,Joint,25-34,95.0,Loan originated
1,815000.0,49,1145000.0,183.0,1,Asian,Female,45-54,71.491,Loan originated
1,465000.0,44,495000.0,120.0,1,Asian,Male,35-44,95.0,Application denied
1,385000.0,46,425000.0,93.0,1,Hispanic or Latino,Joint,55-64,92.0,Application denied
1,405000.0,38,1255000.0,129.0,1,Asian,Male,25-34,32.0,Loan originated
1,415000.0,46,515000.0,176.0,1,Hispanic or Latino,Female,55-64,80.0,Loan originated
1,595000.0,49,725000.0,127.0,1,Asian,Male,35-44,83.0,Loan originated
1,585000.0,30%-<36%,825000.0,309.0,1,Asian,Female,35-44,70.0,Loan originated
1,565000.0,45,635000.0,124.0,1,Hispanic or Latino,Joint,35-44,90.0,Loan originated
1,285000.0,39,355000.0,75.0,1,Hispanic or Latino,Male,45-54,80.0,Loan originated
1,345000.0,20%-<30%,435000.0,129.0,1,Asian,Female,45-54,80.0,Loan originated
1,85000.0,48,665000.0,61.0,1,Asian,Female,35-44,12.03,Loan originated
1,205000.0,20%-<30%,225000.0,234.0,1,White,Joint,45-54,95.0,Loan originated
1,745000.0,43,785000.0,259.0,1,White,Joint,35-44,95.0,Loan originated
1,345000.0,47,465000.0,71.0,1,Hispanic or Latino,Male,25-34,74.194,Loan originated
1,395000.0,47,775000.0,119.0,1,Asian,Joint,25-34,51.45,Loan originated
1,575000.0,20%-<30%,1085000.0,414.0,1,Hispanic or Latino,Joint,25-34,52.535,Loan originated
1,105000.0,50%-60%,705000.0,92.0,1,Hispanic or Latino,Female,45-54,14.29,Application denied
1,605000.0,41,805000.0,139.0,1,Black or African American,Male,25-34,76.0,Loan originated
1,525000.0,49,655000.0,102.0,1,Asian,Joint,45-54,80.0,Loan originated
1,785000.0,41,875000.0,227.0,1,Black or African American,Joint,25-34,90.0,Application denied
1,505000.0,20%-<30%,1345000.0,197.0,1,White,Joint,55-64,37.175,Loan originated
1,665000.0,47,835000.0,346.0,1,Hispanic or Latino,Joint,25-34,80.0,Loan originated
1,335000.0,42,355000.0,80.0,1,White,Female,25-34,95.0,Loan originated
1,765000.0,47,1125000.0,409.0,1,Asian,Female,<25,69.0,Loan originated
1,565000.0,20%-<30%,915000.0,250.0,1,White,Joint,35-44,62.0,Loan originated
1,465000.0,40,935000.0,223.0,1,Asian,Female,25-34,50.0,Loan originated
1,195000.0,38,205000.0,57.0,1,Hispanic or Latino,Female,<25,97.0,Loan originated
1,425000.0,38,475000.0,118.0,1,White,Female,35-44,89.474,Loan originated
1,765000.0,42,955000.0,181.0,1,Asian,Female,35-44,80.0,Loan originated
1,305000.0,20%-<30%,935000.0,135.0,1,White,Female,65-74,32.086,Loan originated
1,455000.0,47,475000.0,134.0,1,Hispanic or Latino,Joint,25-34,95.0,Loan originated
1,755000.0,20%-<30%,1805000.0,399.0,1,White,Joint,35-44,42.0,Loan originated
1,585000.0,40,685000.0,181.0,1,Hispanic or Latino,Male,25-34,85.0,Loan originated
1,655000.0,48,815000.0,142.0,1,White,Male,25-34,80.0,Loan originated
1,365000.0,30%-<36%,705000.0,136.0,1,White,Male,55-64,52.143,Loan originated
1,525000.0,30%-<36%,555000.0,190.0,1,Hispanic or Latino,Joint,25-34,94.595,Loan originated
1,515000.0,45,545000.0,127.0,1,Asian,Male,55-64,95.0,Loan originated
1,745000.0,30%-<36%,1055000.0,403.0,1,Asian,Joint,25-34,70.53,Loan originated
1,675000.0,42,905000.0,173.0,1,White,Female,45-54,75.0,Loan originated
1,535000.0,47,675000.0,133.0,1,Asian,Male,35-44,80.0,Loan originated
1,705000.0,38,1205000.0,256.0,1,Asian,Joint,45-54,58.333,Loan originated
1,555000.0,40,655000.0,230.0,1,White,Joint,25-34,85.0,Loan originated
1,815000.0,30%-<36%,1025000.0,260.0,1,Asian,Female,25-34,80.0,Loan originated
1,495000.0,20%-<30%,625000.0,269.0,1,Hispanic or Latino,Male,45-54,79.993,Loan originated
1,255000.0,48,555000.0,72.0,1,White,Male,35-44,45.455,Loan originated
1,635000.0,41,675000.0,81.0,1,Hispanic or Latino,Joint,<25,95.0,Application denied
1,385000.0,40,485000.0,120.0,1,White,Male,45-54,80.0,Application denied
1,15000.0,39,365000.0,148.0,1,Hispanic or Latino,Male,35-44,100.0,Loan originated
1,435000.0,>60%,475000.0,76.0,1,Hispanic or Latino,Male,35-44,91.58,Application denied
1,115000.0,39,485000.0,51.0,1,White,Male,65-74,22.917,Loan originated
1,505000.0,42,955000.0,115.0,1,Asian,Male,25-34,52.632,Loan originated
1,395000.0,20%-<30%,445000.0,203.0,1,White,Joint,25-34,90.0,Loan originated
1,475000.0,20%-<30%,525000.0,200.0,1,White,Male,35-44,90.0,Loan originated
1,655000.0,42,775000.0,186.0,1,Asian,Male,35-44,85.01,Loan originated
1,535000.0,49,675000.0,122.0,1,White,Female,35-44,80.0,Loan originated
1,635000.0,49,955000.0,122.0,1,Hispanic or Latino,Female,35-44,66.91,Loan originated
1,615000.0,45,645000.0,228.0,1,Asian,Male,25-34,95.0,Application denied
1,625000.0,39,785000.0,170.0,1,White,Male,35-44,80.0,Loan originated
1,365000.0,38,385000.0,95.0,1,Hispanic or Latino,Female,25-34,97.0,Loan originated
1,495000.0,36,795000.0,350.0,1,Asian,Joint,55-64,62.028,Loan originated
1,565000.0,47,625000.0,157.0,1,White,Joint,25-34,95.0,Application denied
1,525000.0,49,655000.0,141.0,1,White,Male,25-34,80.0,Loan originated
1,715000.0,37,955000.0,206.0,1,White,Joint,55-64,75.0,Loan originated
1,705000.0,45,775000.0,184.0,1,White,Joint,25-34,90.0,Loan originated
1,765000.0,41,855000.0,171.0,1,Asian,Joint,25-34,90.0,Loan originated
1,415000.0,41,695000.0,9.0,1,Asian,Male,35-44,60.0,Loan originated
1,555000.0,48,735000.0,114.0,1,Asian,Joint,25-34,75.0,Loan originated
1,625000.0,49,795000.0,206.0,1,White,Joint,55-64,78.994,Loan originated
1,635000.0,39,845000.0,246.0,1,Asian,Female,25-34,79.75,Loan originated
1,385000.0,40,535000.0,154.0,1,Asian,Male,35-44,72.119,Loan originated
1,515000.0,49,545000.0,122.0,1,Asian,Male,35-44,95.0,Application denied
1,475000.0,30%-<36%,495000.0,165.0,1,White,Female,25-34,95.0,Loan originated
1,705000.0,30%-<36%,875000.0,205.0,1,Asian,Male,35-44,80.0,Loan originated
1,505000.0,30%-<36%,1305000.0,240.0,1,White,Female,25-34,38.46,Loan originated
1,345000.0,20%-<30%,745000.0,154.0,1,Asian,Female,35-44,46.309,Loan originated
1,505000.0,45,555000.0,142.0,1,Hispanic or Latino,Female,35-44,89.628,Loan originated
1,475000.0,39,775000.0,129.0,1,Asian,Female,25-34,61.29,Loan originated
1,1145000.0,42,1705000.0,287.0,1,Asian,Male,25-34,67.589,Loan originated
1,485000.0,48,515000.0,147.0,1,Asian,Female,25-34,95.0,Loan originated
1,485000.0,30%-<36%,615000.0,159.0,1,Asian,Joint,25-34,78.862,Loan originated
1,95000.0,20%-<30%,115000.0,114.0,1,Hispanic or Latino,Joint,45-54,84.09,Application denied
1,355000.0,30%-<36%,445000.0,223.0,1,Asian,Joint,45-54,79.888,Loan originated
1,1105000.0,48,1425000.0,260.0,1,Hispanic or Latino,Male,45-54,78.0,Loan originated
1,205000.0,30%-<36%,235000.0,106.0,1,White,Male,45-54,85.0,Loan originated
1,635000.0,39,665000.0,326.0,1,Hispanic or Latino,Male,55-64,95.0,Loan originated
1,595000.0,<20%,665000.0,616.0,1,Hispanic or Latino,Male,35-44,90.0,Loan originated
1,195000.0,30%-<36%,595000.0,86.0,1,Black or African American,Female,55-64,33.0,Loan originated
1,905000.0,30%-<36%,1135000.0,294.0,1,White,Joint,35-44,80.0,Loan originated
1,325000.0,20%-<30%,335000.0,112.0,1,Other,Female,55-64,96.903,Loan originated
1,345000.0,41,435000.0,87.0,1,White,Joint,25-34,80.0,Loan originated
1,705000.0,48,745000.0,188.0,1,Hispanic or Latino,Joint,25-34,95.0,Loan originated
1,805000.0,37,1075000.0,220.0,1,Asian,Joint,25-34,75.0,Loan originated
1,365000.0,30%-<36%,865000.0,205.0,1,Asian,Female,25-34,42.197,Loan originated
1,465000.0,42,555000.0,227.0,1,Hispanic or Latino,Male,55-64,85.0,Loan originated
1,625000.0,41,785000.0,192.0,1,Asian,Joint,55-64,80.0,Loan originated
1,635000.0,46,655000.0,141.0,1,Hispanic or Latino,Female,35-44,97.0,Loan originated
1,555000.0,42,585000.0,151.0,1,White,Male,25-34,95.0,Loan originated
1,625000.0,30%-<36%,775000.0,420.0,1,Hispanic or Latino,Male,25-34,80.0,Application denied
1,505000.0,39,905000.0,144.0,1,Hispanic or Latino,Male,45-54,55.573,Loan originated
1,415000.0,41,425000.0,132.0,1,White,Joint,35-44,100.397,Loan originated
1,275000.0,49,425000.0,67.0,1,White,Female,65-74,63.529,Loan originated
1,365000.0,20%-<30%,405000.0,131.0,1,Asian,Male,35-44,90.0,Loan originated
1,295000.0,42,445000.0,104.0,1,White,Male,25-34,65.169,Loan originated
1,915000.0,39,1115000.0,475.0,1,White,Joint,45-54,82.06,Loan originated
1,295000.0,38,315000.0,146.0,1,White,Male,45-54,95.0,Loan originated
1,465000.0,41,575000.0,230.0,1,White,Joint,25-34,80.0,Loan originated
