loan_purpose,loan_amount,debt_to_income_ratio,property_value,income,occupancy_type,derived_race,derived_sex,applicant_age,loan_to_value_ratio,action_taken
1,585000.0,48,725000.0,205.0,1,Hispanic or Latino,Joint,55-64,80.0,Loan originated
1,505000.0,>60%,1465000.0,149.0,1,White,Male,25-34,34.09,Application denied
1,895000.0,44,1125000.0,321.0,1,Asian,Joint,35-44,80.0,Loan originated
1,395000.0,>60%,465000.0,49.0,1,Hispanic or Latino,Female,35-44,83.671,Application denied
1,555000.0,46,575000.0,368.0,1,Black or African American,Joint,55-64,95.0,Loan originated
1,465000.0,36,575000.0,160.0,1,White,Male,25-34,80.0,Loan originated
1,435000.0,44,545000.0,110.0,1,Hispanic or Latino,Joint,25-34,101.098,Loan originated
1,625000.0,48,695000.0,196.0,1,White,Joint,35-44,90.0,Loan originated
1,695000.0,49,775000.0,144.0,1,Hispanic or Latino,Male,35-44,90.0,Loan originated
1,425000.0,46,985000.0,127.0,1,Asian,Joint,35-44,94.68,Loan originated
1,695000.0,49,735000.0,169.0,1,Other,Female,25-34,98.0,Loan originated
1,875000.0,46,975000.0,282.0,1,Asian,Joint,45-54,90.0,Loan originated
1,925000.0,49,1055000.0,235.0,1,White,Joint,35-44,88.477,Loan originated
1,335000.0,46,355000.0,88.0,1,Hispanic or Latino,Joint,65-74,95.0,Loan originated
1,765000.0,49,1355000.0,250.0,1,White,Joint,55-64,56.667,Loan originated
1,135000.0,30%-<36%,175000.0,128.0,1,Hispanic or Latino,Female,65-74,80.0,Loan originated
1,335000.0,20%-<30%,935000.0,229.0,1,Asian,Joint,35-44,36.034,Loan originated
1,515000.0,<20%,695000.0,1405.0,1,Asian,Male,35-44,75.0,Loan originated
1,875000.0,47,1085000.0,196.0,1,Asian,Female,25-34,80.0,Application denied
1,995000.0,42,1295000.0,228.0,1,Asian,Male,25-34,76.834,Loan originated
1,535000.0,44,565000.0,132.0,1,White,Female,25-34,95.0,Loan originated
1,1075000.0,<20%,1435000.0,638.0,1,White,Male,25-34,75.0,Loan originated
1,585000.0,47,735000.0,120.0,1,Hispanic or Latino,Male,25-34,80.0,Loan originated
1,245000.0,37,575000.0,96.0,1,Hispanic or Latino,Joint,35-44,42.175,Loan originated
1,365000.0,42,455000.0,106.0,1,Asian,Male,35-44,80.0,Loan originated
1,765000.0,20%-<30%,855000.0,546.0,1,White,Female,55-64,90.0,Loan originated
1,705000.0,46,885000.0,161.0,1,White,Male,35-44,80.0,Loan originated
1,115000.0,20%-<30%,515000.0,70.0,1,White,Female,65-74,21.359,Loan originated
1,575000.0,44,735000.0,131.0,1,Black or African American,Female,65-74,77.578,Loan originated
1,755000.0,30%-<36%,855000.0,246.0,1,Asian,Joint,45-54,88.24,Loan originated
1,655000.0,49,685000.0,269.0,1,White,Male,35-44,95.0,Loan originated
1,725000.0,46,805000.0,179.0,1,Black or African American,Female,45-54,90.0,Loan originated
1,645000.0,<20%,1145000.0,483.0,1,Hispanic or Latino,Joint,35-44,56.332,Loan originated
1,605000.0,<20%,1585000.0,348.0,1,Asian,Joint,35-44,37.975,Loan originated
1,965000.0,48,1215000.0,226.0,1,Asian,Joint,55-64,80.0,Loan originated
1,725000.0,45,805000.0,162.0,1,White,Joint,25-34,90.0,Loan originated
1,365000.0,38,385000.0,96.0,1,White,Male,25-34,95.0,Loan originated
1,245000.0,49,395000.0,46.0,1,Asian,Female,35-44,61.937,Loan originated
1,295000.0,49,885000.0,62.0,1,Hispanic or Latino,Male,55-64,32.77,Loan originated
1,345000.0,20%-<30%,435000.0,194.0,1,White,Female,>74,80.0,Loan originated
1,975000.0,20%-<30%,1305000.0,375.0,1,White,Joint,35-44,75.0,Loan originated
1,915000.0,43,1225000.0,218.0,1,White,Male,45-54,75.0,Loan originated
1,465000.0,49,585000.0,103.0,1,White,Female,25-34,80.0,Loan originated
1,795000.0,40,995000.0,229.0,1,Hispanic or Latino,Joint,35-44,80.0,Loan originated
1,265000.0,38,275000.0,70.0,1,White,Female,65-74,95.0,Loan originated
1,495000.0,39,575000.0,124.0,1,White,Male,35-44,86.087,Loan originated
1,675000.0,40,725000.0,215.0,1,Other,Female,35-44,93.103,Loan originated
1,595000.0,45,735000.0,135.0,1,Other,Joint,25-34,97.0,Application denied
1,675000.0,46,715000.0,220.0,1,Asian,Joint,25-34,95.0,Loan originated
1,245000.0,49,325000.0,84.0,1,Hispanic or Latino,Female,35-44,75.0,Loan originated
1,65000.0,38,245000.0,69.0,1,White,Female,65-74,28.35,Loan originated
1,665000.0,36,735000.0,191.0,1,White,Joint,25-34,90.0,Loan originated
1,185000.0,45,225000.0,98.0,1,White,Female,35-44,80.0,Loan originated
1,385000.0,20%-<30%,545000.0,151.0,1,White,Male,45-54,70.463,Loan originated
1,445000.0,36,505000.0,141.0,1,Asian,Joint,45-54,89.99,Loan originated
1,345000.0,20%-<30%,695000.0,138.0,1,Black or African American,Male,55-64,49.716,Application denied
1,425000.0,49,775000.0,104.0,1,Hispanic or Latino,Joint,55-64,54.75,Loan originated
1,475000.0,43,595000.0,213.0,1,White,Joint,45-54,80.0,Loan originated
1,565000.0,43,595000.0,126.0,1,Hispanic or Latino,Male,25-34,95.0,Loan originated
1,495000.0,40,525000.0,144.0,1,Hispanic or Latino,Joint,35-44,93.61,Loan originated
1,485000.0,30%-<36%,785000.0,203.0,1,White,Joint,55-64,62.166,Loan originated
1,1065000.0,49,1195000.0,215.0,1,Asian,Male,25-34,89.0,Loan originated
1,605000.0,49,755000.0,182.0,1,Asian,Joint,65-74,80.0,Loan originated
1,1025000.0,36,1285000.0,257.0,1,Asian,Female,35-44,80.0,Loan originated
1,385000.0,37,405000.0,126.0,1,Hispanic or Latino,Female,25-34,97.0,Loan originated
1,1085000.0,48,1355000.0,295.0,1,Asian,Female,45-54,80.0,Loan originated
1,565000.0,30%-<36%,705000.0,290.0,1,Asian,Female,25-34,81.0,Loan originated
1,155000.0,50%-60%,175000.0,160.0,1,Hispanic or Latino,Joint,45-54,90.0,Application denied
1,645000.0,36,805000.0,194.0,1,White,Male,55-64,80.0,Loan originated
1,295000.0,39,315000.0,81.0,1,Hispanic or Latino,Joint,35-44,95.0,Application denied
1,475000.0,44,595000.0,202.0,1,White,Joint,65-74,80.0,Loan originated
1,805000.0,46,1155000.0,328.0,1,White,Joint,25-34,69.264,Loan originated
1,605000.0,45,1105000.0,292.0,1,Hispanic or Latino,Female,>74,54.25,Loan originated
1,645000.0,40,805000.0,155.0,1,Hispanic or Latino,Male,35-44,80.0,Loan originated
1,365000.0,49,455000.0,139.0,1,Black or African American,Male,>74,80.0,Loan originated
1,865000.0,47,935000.0,299.0,1,White,Joint,25-34,93.22,Loan originated
1,615000.0,30%-<36%,685000.0,310.0,1,Asian,Joint,25-34,89.9,Loan originated
1,695000.0,38,745000.0,258.0,1,White,Male,55-64,92.246,Loan originated
1,525000.0,50%-60%,545000.0,88.0,1,Hispanic or Latino,Female,25-34,100.0,Loan originated
1,395000.0,48,725000.0,91.0,1,Asian,Joint,25-34,54.58,Loan originated
1,455000.0,>60%,1535000.0,150.0,1,Asian,Joint,35-44,19.574,Application denied
1,1115000.0,20%-<30%,1895000.0,650.0,1,White,Joint,55-64,58.995,Loan originated
1,715000.0,30%-<36%,735000.0,233.0,1,White,Joint,25-34,97.0,Loan originated
1,975000.0,<20%,1295000.0,947.0,1,White,Male,25-34,75.0,Loan originated
1,735000.0,47,1205000.0,171.0,1,Asian,Joint,45-54,61.25,Loan originated
1,625000.0,48,1255000.0,148.0,1,White,Joint,25-34,50.0,Loan originated
1,295000.0,49,315000.0,66.0,1,Hispanic or Latino,Female,35-44,93.016,Loan originated
1,285000.0,44,315000.0,111.0,1,Hispanic or Latino,Joint,45-54,91.53,Application denied
1,485000.0,20%-<30%,1065000.0,269.0,1,White,Joint,25-34,45.85,Loan originated
1,365000.0,37,385000.0,375.0,1,White,Female,45-54,95.0,Loan originated
1,525000.0,49,655000.0,179.0,1,Hispanic or Latino,Joint,45-54,80.0,Loan originated
1,425000.0,49,715000.0,98.0,1,Asian,Female,>74,58.35,Loan originated
1,725000.0,38,855000.0,246.0,1,Asian,Joint,25-34,85.0,Loan originated
1,605000.0,46,615000.0,184.0,1,White,Joint,45-54,85.0,Loan originated
1,485000.0,20%-<30%,605000.0,181.0,1,Hispanic or Latino,Female,35-44,80.0,Loan originated
1,275000.0,42,685000.0,85.0,1,White,Joint,65-74,40.099,Loan originated
1,325000.0,30%-<36%,425000.0,141.0,1,White,Joint,35-44,76.471,Loan originated
1,425000.0,49,525000.0,125.0,1,White,Male,45-54,80.0,Loan originated
1,135000.0,30%-<36%,295000.0,84.0,1,Hispanic or Latino,Male,45-54,44.25,Loan originated
1,1075000.0,30%-<36%,1205000.0,322.0,1,White,Joint,35-44,89.99,Loan originated
1,445000.0,>60%,495000.0,93.0,1,Asian,Female,65-74,89.897,Application denied
1,305000.0,38,455000.0,100.0,1,Asian,Male,45-54,66.667,Loan originated
1,605000.0,46,765000.0,139.0,1,Hispanic or Latino,Joint,35-44,80.0,Loan originated
1,675000.0,30%-<36%,845000.0,180.0,1,Asian,Male,25-34,80.0,Loan originated
1,385000.0,39,625000.0,164.0,1,White,Male,65-74,61.6,Loan originated
1,655000.0,30%-<36%,825000.0,324.0,1,Asian,Joint,45-54,80.0,Loan originated
1,835000.0,44,875000.0,224.0,1,White,Female,35-44,95.0,Loan originated
1,35000.0,20%-<30%,125000.0,65.0,1,White,Female,>74,28.0,Loan originated
1,305000.0,42,385000.0,71.0,1,Asian,Male,45-54,80.0,Loan originated
1,855000.0,20%-<30%,1605000.0,459.0,1,White,Joint,35-44,53.13,Loan originated
1,475000.0,46,595000.0,97.0,1,Hispanic or Latino,Male,25-34,80.0,Loan originated
1,935000.0,50%-60%,1045000.0,175.0,1,Hispanic or Latino,Male,35-44,90.0,Application denied
1,1095000.0,30%-<36%,1575000.0,373.0,1,Asian,Joint,25-34,70.0,Loan originated
1,475000.0,40,485000.0,183.0,1,Hispanic or Latino,Joint,35-44,96.99,Loan originated
1,535000.0,49,595000.0,129.0,1,Hispanic or Latino,Male,65-74,90.0,Loan originated
1,365000.0,30%-<36%,375000.0,159.0,1,White,Female,25-34,100.0,Loan originated
1,375000.0,47,465000.0,76.0,1,Asian,Male,25-34,100.0,Loan originated
1,1005000.0,46,1575000.0,284.0,1,Asian,Male,25-34,63.492,Loan originated
1,755000.0,44,795000.0,164.0,1,Hispanic or Latino,Joint,35-44,95.0,Loan originated
1,1125000.0,20%-<30%,1415000.0,423.0,1,Asian,Joint,25-34,80.0,Loan originated
1,385000.0,49,405000.0,89.0,1,White,Joint,25-34,98.0,Loan originated
1,535000.0,43,565000.0,128.0,1,White,Joint,35-44,94.643,Loan originated
1,545000.0,20%-<30%,575000.0,339.0,1,White,Joint,25-34,95.0,Loan originated
1,315000.0,42,395000.0,81.0,1,Black or African American,Female,25-34,100.0,Loan originated
1,415000.0,<20%,485000.0,964.0,1,Hispanic or Latino,Male,25-34,84.948,Loan originated
1,605000.0,<20%,765000.0,466.0,1,Hispanic or Latino,Male,35-44,80.0,Loan originated
1,645000.0,40,805000.0,168.0,1,Asian,Male,25-34,80.0,Loan originated
1,855000.0,47,1225000.0,227.0,1,Asian,Joint,35-44,69.179,Loan originated
1,515000.0,46,645000.0,135.0,1,Asian,Joint,35-44,80.0,Loan originated
1,485000.0,36,505000.0,122.0,1,Black or African American,Male,35-44,95.0,Loan originated
1,1025000.0,46,1285000.0,192.0,1,Asian,Male,35-44,80.0,Application denied
1,765000.0,47,975000.0,292.0,1,Asian,Joint,25-34,79.0,Loan originated
1,875000.0,20%-<30%,1355000.0,305.0,1,White,Joint,25-34,65.0,Loan originated
1,715000.0,44,955000.0,248.0,1,Black or African American,Joint,45-54,89.95,Loan originated
1,1145000.0,42,1575000.0,407.0,1,Asian,Joint,35-44,72.698,Loan originated
1,495000.0,43,595000.0,133.0,1,Asian,Joint,45-54,83.137,Loan originated
1,365000.0,44,375000.0,99.0,1,Asian,Joint,25-34,97.0,Loan originated
1,105000.0,40,505000.0,47.0,1,White,Female,55-64,20.0,Loan originated
1,305000.0,49,335000.0,60.0,1,Black or African American,Female,55-64,90.0,Loan originated
1,605000.0,42,2305000.0,419.0,1,White,Joint,35-44,26.09,Loan originated
1,535000.0,45,895000.0,177.0,1,Asian,Female,45-54,60.0,Loan originated
1,675000.0,20%-<30%,955000.0,430.0,1,Hispanic or Latino,Male,45-54,71.053,Loan originated
1,485000.0,39,495000.0,136.0,1,Asian,Male,35-44,97.0,Loan originated
1,575000.0,42,725000.0,139.0,1,White,Female,45-54,80.0,Application denied
1,605000.0,30%-<36%,1155000.0,227.0,1,Asian,Joint,35-44,53.0,Loan originated
1,405000.0,37,805000.0,123.0,1,Asian,Female,65-74,80.0,Application denied
1,745000.0,47,995000.0,310.0,1,White,Male,55-64,75.0,Loan originated
1,715000.0,30%-<36%,955000.0,240.0,1,Asian,Male,35-44,74.878,Loan originated
1,575000.0,41,825000.0,122.0,1,White,Male,35-44,69.69,Loan originated
1,585000.0,46,815000.0,135.0,1,Asian,Male,25-34,72.0,Loan originated
1,175000.0,20%-<30%,725000.0,92.0,1,White,Female,55-64,23.995,Loan originated
1,925000.0,47,1155000.0,17.0,1,Asian,Male,<25,80.0,Loan originated
1,665000.0,41,715000.0,192.0,1,Asian,Joint,35-44,92.968,Loan originated
1,605000.0,38,1065000.0,156.0,1,White,Male,35-44,56.49,Loan originated
1,1005000.0,49,1535000.0,249.0,1,White,Male,<25,65.097,Loan originated
1,475000.0,36,585000.0,123.0,1,White,Female,25-34,80.0,Loan originated
1,745000.0,41,785000.0,235.0,1,Asian,Joint,35-44,95.0,Loan originated
1,655000.0,38,1155000.0,183.0,1,Asian,Female,35-44,56.71,Loan originated
1,805000.0,38,1395000.0,225.0,1,Asian,Joint,25-34,57.27,Loan originated
1,585000.0,45,605000.0,143.0,1,Hispanic or Latino,Joint,35-44,97.0,Loan originated
1,1005000.0,30%-<36%,2355000.0,524.0,1,White,Joint,35-44,42.553,Loan originated
1,565000.0,47,705000.0,112.0,1,Hispanic or Latino,Joint,35-44,100.0,Loan originated
1,395000.0,41,615000.0,105.0,1,Hispanic or Latino,Female,35-44,64.228,Loan originated
1,1075000.0,30%-<36%,1345000.0,301.0,1,Asian,Joint,25-34,79.99,Loan originated
1,725000.0,30%-<36%,905000.0,250.0,1,White,Male,25-34,80.0,Loan originated
1,505000.0,>60%,625000.0,93.0,1,Hispanic or Latino,Male,45-54,80.0,Application denied
1,435000.0,38,465000.0,114.0,1,Asian,Male,25-34,95.0,Loan originated
1,645000.0,49,675000.0,150.0,1,Hispanic or Latino,Male,45-54,95.0,Loan originated
1,435000.0,41,955000.0,317.0,1,Black or African American,Female,25-34,45.26,Loan originated
1,365000.0,20%-<30%,965000.0,261.0,1,Hispanic or Latino,Joint,55-64,37.5,Loan originated
1,725000.0,47,765000.0,151.0,1,White,Female,25-34,95.0,Loan originated
1,465000.0,47,595000.0,111.0,1,Black or African American,Male,25-34,78.035,Loan originated
1,505000.0,20%-<30%,905000.0,213.0,1,White,Joint,45-54,55.556,Loan originated
1,975000.0,41,1295000.0,420.0,1,White,Male,35-44,75.0,Loan originated
1,375000.0,46,975000.0,120.0,1,Asian,Joint,35-44,38.14,Loan originated
1,275000.0,50%-60%,345000.0,58.0,1,Hispanic or Latino,Female,35-44,80.0,Application denied
1,355000.0,37,365000.0,152.0,1,Hispanic or Latino,Joint,35-44,97.0,Loan originated
1,875000.0,49,925000.0,257.0,1,White,Joint,25-34,95.0,Loan originated
1,495000.0,49,605000.0,96.0,1,White,Male,45-54,84.76,Loan originated
1,365000.0,44,535000.0,87.0,1,White,Female,45-54,68.22,Loan originated
1,1005000.0,43,1255000.0,347.0,1,White,Joint,55-64,80.0,Application denied
1,365000.0,48,455000.0,70.0,1,Hispanic or Latino,Male,25-34,80.0,Loan originated
1,465000.0,43,585000.0,284.0,1,White,Female,>74,80.0,Loan originated
1,75000.0,20%-<30%,535000.0,91.0,1,Hispanic or Latino,Joint,55-64,13.21,Loan originated
1,855000.0,46,2055000.0,249.0,1,White,Joint,55-64,41.463,Loan originated
1,575000.0,49,645000.0,114.0,1,Hispanic or Latino,Female,25-34,89.98,Loan originated
1,395000.0,20%-<30%,445000.0,203.0,1,White,Joint,25-34,90.0,Loan originated
1,1075000.0,48,1345000.0,250.0,1,Hispanic or Latino,Joint,65-74,80.0,Loan originated
1,605000.0,39,1055000.0,176.0,1,White,Male,35-44,57.143,Loan originated
1,345000.0,48,365000.0,87.0,1,Hispanic or Latino,Male,25-34,95.0,Loan originated
1,625000.0,40,665000.0,147.0,1,Asian,Joint,35-44,95.0,Loan originated
1,245000.0,<20%,335000.0,196.0,1,Hispanic or Latino,Joint,55-64,75.0,Loan originated
1,1005000.0,40,1305000.0,391.0,1,Hispanic or Latino,Male,45-54,76.92,Loan originated
1,595000.0,40,735000.0,166.0,1,Asian,Male,35-44,80.0,Loan originated
1,275000.0,44,625000.0,138.0,1,Hispanic or Latino,Female,65-74,44.0,Loan originated
1,795000.0,45,885000.0,198.0,1,White,Male,45-54,90.0,Loan originated
1,515000.0,43,645000.0,193.0,1,Hispanic or Latino,Joint,55-64,80.0,Loan originated
1,805000.0,30%-<36%,1005000.0,230.0,1,White,Joint,35-44,80.0,Loan originated
1,725000.0,47,775000.0,155.0,1,Hispanic or Latino,Male,<25,93.0,Loan originated
1,435000.0,30%-<36%,485000.0,170.0,1,White,Male,25-34,90.0,Loan originated
1,775000.0,46,1105000.0,189.0,1,Asian,Joint,35-44,70.0,Loan originated
1,685000.0,44,725000.0,165.0,1,White,Female,25-34,95.0,Loan originated
1,545000.0,43,605000.0,112.0,1,Asian,Female,45-54,90.0,Loan originated
1,425000.0,42,675000.0,138.0,1,White,Joint,45-54,62.742,Loan originated
1,385000.0,46,485000.0,102.0,1,Asian,Female,25-34,80.0,Loan originated
1,205000.0,44,555000.0,56.0,1,White,Female,65-74,36.364,Loan originated
1,135000.0,45,145000.0,75.0,1,Hispanic or Latino,Male,35-44,95.0,Loan originated
1,755000.0,36,1315000.0,216.0,1,Asian,Joint,25-34,57.03,Loan originated
1,905000.0,39,1125000.0,252.0,1,White,Joint,35-44,80.0,Loan originated
1,515000.0,30%-<36%,715000.0,173.0,1,White,Joint,25-34,72.145,Loan originated
1,725000.0,20%-<30%,905000.0,826.0,1,White,Male,25-34,80.0,Loan originated
1,1145000.0,46,1725000.0,262.0,1,Asian,Male,35-44,73.61,Loan originated
1,505000.0,20%-<30%,875000.0,320.0,1,White,Male,45-54,57.339,Loan originated
1,625000.0,<20%,785000.0,469.0,1,Asian,Joint,55-64,80.0,Application denied
1,385000.0,49,405000.0,85.0,1,White,Female,35-44,94.0,Loan originated
1,285000.0,43,385000.0,135.0,1,White,Joint,25-34,75.0,Loan originated
1,435000.0,46,665000.0,91.0,1,Asian,Male,25-34,64.97,Loan originated
1,285000.0,49,295000.0,62.0,1,Hispanic or Latino,Female,45-54,95.0,Application denied
1,255000.0,20%-<30%,675000.0,165.0,1,White,Female,45-54,36.983,Loan originated
1,345000.0,20%-<30%,365000.0,214.0,1,White,Female,45-54,95.0,Loan originated
1,335000.0,45,425000.0,76.0,1,Hispanic or Latino,Female,25-34,80.0,Loan originated
1,715000.0,49,755000.0,156.0,1,White,Male,45-54,95.0,Loan originated
1,645000.0,46,805000.0,178.0,1,White,Joint,>74,80.0,Loan originated
1,825000.0,44,925000.0,224.0,1,Other,Female,25-34,90.0,Loan originated
1,785000.0,43,825000.0,216.0,1,White,Male,35-44,95.0,Loan originated
1,365000.0,30%-<36%,945000.0,128.0,1,Asian,Male,35-44,38.624,Loan originated
1,295000.0,44,325000.0,86.0,1,Hispanic or Latino,Male,25-34,91.875,Loan originated
1,565000.0,42,625000.0,126.0,1,Asian,Female,25-34,90.0,Loan originated
1,705000.0,49,745000.0,135.0,1,Asian,Male,25-34,95.0,Loan originated
1,525000.0,49,615000.0,105.0,1,White,Joint,<25,85.0,Loan originated
1,765000.0,36,1025000.0,264.0,1,White,Joint,35-44,75.0,Loan originated
1,765000.0,30%-<36%,1385000.0,253.0,1,Asian,Female,55-64,54.948,Loan originated
1,495000.0,49,555000.0,214.0,1,Hispanic or Latino,Joint,45-54,90.0,Loan originated
1,15000.0,30%-<36%,385000.0,149.0,1,Asian,Joint,25-34,3.5,Loan originated
1,615000.0,30%-<36%,635000.0,240.0,1,White,Joint,25-34,97.0,Loan originated
1,665000.0,36,1435000.0,260.0,1,White,Joint,45-54,47.0,Loan originated
1,405000.0,42,425000.0,106.0,1,Hispanic or Latino,Female,45-54,95.0,Loan originated
1,265000.0,36,535000.0,83.0,1,White,Male,25-34,49.25,Loan originated
1,395000.0,37,995000.0,199.0,1,White,Joint,55-64,40.0,Loan originated
1,425000.0,36,455000.0,143.0,1,Hispanic or Latino,Joint,35-44,95.0,Loan originated
1,375000.0,46,395000.0,98.0,1,Hispanic or Latino,Female,45-54,97.0,Loan originated
1,385000.0,38,605000.0,177.0,1,White,Female,55-64,65.0,Loan originated
1,585000.0,49,605000.0,98.0,1,Hispanic or Latino,Male,35-44,97.0,Loan originated
1,385000.0,45,405000.0,118.0,1,Hispanic or Latino,Joint,35-44,95.0,Loan originated
1,175000.0,41,225000.0,83.0,1,White,Joint,65-74,80.0,Loan originated
1,375000.0,50%-60%,385000.0,69.0,1,Hispanic or Latino,Male,35-44,97.0,Application denied
1,765000.0,47,1485000.0,166.0,1,Asian,Male,25-34,51.794,Loan originated
1,455000.0,46,595000.0,130.0,1,Asian,Joint,55-64,76.0,Loan originated
1,575000.0,42,925000.0,148.0,1,Asian,Male,25-34,61.62,Loan originated
1,685000.0,49,775000.0,173.0,1,Asian,Male,25-34,88.226,Loan originated
1,405000.0,36,605000.0,136.0,1,Hispanic or Latino,Joint,65-74,66.0,Loan originated
1,955000.0,30%-<36%,1185000.0,296.0,1,White,Joint,25-34,80.0,Loan originated
1,465000.0,49,595000.0,135.0,1,Hispanic or Latino,Joint,35-44,78.47,Loan originated
1,665000.0,44,825000.0,278.0,1,White,Joint,55-64,80.0,Loan originated
1,375000.0,20%-<30%,555000.0,222.0,1,White,Female,25-34,69.0,Loan originated
1,605000.0,30%-<36%,1605000.0,247.0,1,White,Joint,35-44,37.5,Loan originated
1,595000.0,49,635000.0,125.0,1,Hispanic or Latino,Joint,25-34,95.0,Loan originated
1,405000.0,38,425000.0,151.0,1,White,Male,55-64,95.0,Loan originated
1,385000.0,37,515000.0,104.0,1,White,Male,25-34,75.0,Loan originated
1,555000.0,42,695000.0,138.0,1,Asian,Female,<25,80.0,Loan originated
1,425000.0,41,485000.0,132.0,1,White,Male,25-34,87.0,Loan originated
1,405000.0,43,505000.0,145.0,1,Asian,Female,35-44,80.0,Loan originated
1,525000.0,<20%,815000.0,818.0,1,Hispanic or Latino,Male,55-64,65.0,Loan originated
1,675000.0,49,745000.0,277.0,1,White,Male,>74,89.99,Loan originated
1,405000.0,46,435000.0,100.0,1,Black or African American,Male,45-54,95.0,Loan originated
1,515000.0,>60%,645000.0,61.0,1,Asian,Male,45-54,80.0,Application denied
1,655000.0,30%-<36%,775000.0,326.0,1,Asian,Male,25-34,85.0,Loan originated
1,895000.0,49,1115000.0,225.0,1,Black or African American,Male,45-54,80.0,Loan originated
1,395000.0,48,535000.0,81.0,1,White,Male,45-54,75.0,Loan originated
1,205000.0,45,225000.0,81.0,1,Hispanic or Latino,Male,25-34,90.0,Loan originated
1,725000.0,38,765000.0,276.0,1,Asian,Joint,25-34,95.0,Loan originated
1,175000.0,38,575000.0,78.0,1,White,Male,25-34,29.825,Loan originated
1,545000.0,30%-<36%,945000.0,203.0,1,Asian,Male,45-54,57.852,Loan originated
1,1005000.0,49,1855000.0,240.0,1,White,Female,>74,54.05,Application denied
1,685000.0,47,805000.0,162.0,1,White,Joint,45-54,85.68,Loan originated
1,635000.0,20%-<30%,905000.0,249.0,1,White,Joint,35-44,70.07,Loan originated
1,1095000.0,46,1235000.0,255.0,1,White,Male,35-44,89.0,Loan originated
1,925000.0,48,1155000.0,279.0,1,White,Male,35-44,80.0,Loan originated
1,165000.0,44,175000.0,47.0,1,White,Female,35-44,93.143,Loan originated
1,605000.0,49,805000.0,189.0,1,White,Male,25-34,75.0,Loan originated
1,495000.0,37,585000.0,230.0,1,White,Joint,55-64,85.0,Application denied
1,375000.0,49,705000.0,138.0,1,Asian,Female,45-54,53.39,Loan originated
1,715000.0,36,895000.0,200.0,1,White,Female,55-64,80.0,Loan originated
1,465000.0,43,485000.0,130.0,1,White,Joint,35-44,97.0,Loan originated
1,485000.0,49,545000.0,87.0,1,Hispanic or Latino,Female,25-34,90.0,Loan originated
1,835000.0,48,1195000.0,197.0,1,White,Male,45-54,70.0,Loan originated
1,725000.0,30%-<36%,915000.0,252.0,1,Hispanic or Latino,Joint,55-64,80.0,Loan originated
1,305000.0,45,435000.0,81.0,1,Other,Joint,55-64,70.0,Loan originated
1,545000.0,45,575000.0,140.0,1,Hispanic or Latino,Female,25-34,95.0,Loan originated
1,965000.0,41,1605000.0,307.0,1,Asian,Joint,25-34,60.0,Loan originated
1,525000.0,41,605000.0,160.0,1,Asian,Male,45-54,86.81,Loan originated
1,175000.0,40,285000.0,46.0,1,Hispanic or Latino,Female,<25,63.929,Loan originated
1,1125000.0,49,1185000.0,220.0,1,White,Male,25-34,95.0,Loan originated
1,705000.0,44,1175000.0,165.0,1,White,Joint,65-74,59.473,Loan originated
1,685000.0,>60%,855000.0,39.0,1,White,Joint,55-64,80.0,Application denied
1,365000.0,48,605000.0,78.0,1,Asian,Male,35-44,60.0,Loan originated
1,485000.0,50%-60%,655000.0,181.0,1,White,Joint,25-34,73.846,Loan originated
1,255000.0,42,275000.0,114.0,1,White,Joint,25-34,95.0,Loan originated
1,565000.0,41,705000.0,150.0,1,Hispanic or Latino,Joint,45-54,80.0,Loan originated
1,445000.0,43,465000.0,126.0,1,White,Female,25-34,95.0,Loan originated
1,555000.0,40,695000.0,136.0,1,White,Female,25-34,80.0,Loan originated
1,995000.0,42,1325000.0,270.0,1,White,Male,25-34,75.0,Loan originated
1,695000.0,43,875000.0,147.0,1,White,Joint,45-54,97.241,Loan originated
1,465000.0,43,755000.0,155.0,1,Asian,Male,45-54,61.333,Loan originated
1,595000.0,46,745000.0,124.0,1,Asian,Joint,35-44,80.0,Loan originated
1,285000.0,30%-<36%,315000.0,135.0,1,Asian,Male,25-34,89.746,Loan originated
1,405000.0,30%-<36%,475000.0,130.0,1,Hispanic or Latino,Male,25-34,85.0,Application denied
1,1085000.0,30%-<36%,1355000.0,378.0,1,White,Joint,35-44,80.0,Loan originated
1,695000.0,39,865000.0,292.0,1,White,Joint,55-64,80.0,Loan originated
1,245000.0,50%-60%,255000.0,98.0,1,Hispanic or Latino,Male,45-54,95.0,Application denied
1,425000.0,30%-<36%,565000.0,150.0,1,Hispanic or Latino,Male,35-44,74.99,Application denied
1,655000.0,44,725000.0,210.0,1,White,Joint,55-64,90.0,Loan originated
1,505000.0,48,625000.0,170.0,1,White,Joint,65-74,80.0,Loan originated
1,405000.0,20%-<30%,555000.0,160.0,1,White,Joint,35-44,72.727,Loan originated
1,445000.0,38,555000.0,108.0,1,Asian,Female,45-54,80.0,Loan originated
1,725000.0,48,765000.0,224.0,1,Hispanic or Latino,Male,25-34,95.0,Loan originated
1,605000.0,50%-60%,635000.0,200.0,1,Asian,Joint,45-54,95.0,Loan originated
1,125000.0,41,775000.0,60.0,1,White,Female,55-64,16.56,Loan originated
1,255000.0,39,675000.0,140.0,1,White,Female,55-64,37.313,Loan originated
1,605000.0,48,755000.0,139.0,1,White,Joint,25-34,80.0,Loan originated
1,615000.0,37,685000.0,204.0,1,Hispanic or Latino,Female,45-54,90.0,Loan originated
1,485000.0,20%-<30%,615000.0,174.0,1,White,Joint,35-44,80.0,Loan originated
1,245000.0,30%-<36%,255000.0,102.0,1,Black or African American,Joint,>74,95.0,Loan originated
1,605000.0,49,755000.0,188.0,1,Asian,Joint,45-54,80.0,Loan originated
1,805000.0,41,2375000.0,398.0,1,White,Joint,35-44,33.684,Loan originated
1,375000.0,49,425000.0,129.0,1,Hispanic or Latino,Joint,35-44,89.9,Loan originated
1,425000.0,>60%,725000.0,87.0,1,Hispanic or Latino,Joint,>74,58.333,Application denied
1,525000.0,48,1355000.0,154.0,1,White,Female,55-64,38.889,Loan originated
1,645000.0,40,805000.0,170.0,1,Asian,Joint,25-34,80.0,Loan originated
1,405000.0,30%-<36%,625000.0,137.0,1,Black or African American,Female,45-54,64.0,Loan originated
1,245000.0,20%-<30%,1115000.0,292.0,1,White,Joint,45-54,21.622,Loan originated
1,485000.0,43,495000.0,199.0,1,Hispanic or Latino,Joint,35-44,97.0,Loan originated
1,545000.0,49,685000.0,118.0,1,White,Male,55-64,79.708,Loan originated
1,735000.0,43,985000.0,364.0,1,Black or African American,Joint,35-44,89.99,Loan originated
1,895000.0,46,945000.0,273.0,1,White,Male,45-54,95.0,Loan originated
1,345000.0,20%-<30%,695000.0,228.0,1,White,Male,35-44,49.922,Loan originated
1,365000.0,42,715000.0,109.0,1,Asian,Female,45-54,51.049,Loan originated
1,385000.0,<20%,485000.0,676.0,1,Hispanic or Latino,Female,65-74,80.0,Loan originated
1,405000.0,30%-<36%,645000.0,159.0,1,White,Joint,25-34,62.016,Loan originated
1,325000.0,45,335000.0,78.0,1,Hispanic or Latino,Male,25-34,97.0,Loan originated
1,455000.0,39,705000.0,126.0,1,Asian,Female,25-34,65.0,Loan originated
1,495000.0,36,525000.0,197.0,1,Asian,Joint,45-54,95.0,Loan originated
1,675000.0,20%-<30%,835000.0,390.0,1,White,Joint,25-34,80.0,Loan originated
1,345000.0,50%-60%,405000.0,80.0,1,Hispanic or Latino,Joint,45-54,87.125,Application denied
1,665000.0,46,835000.0,201.0,1,Hispanic or Latino,Female,35-44,80.0,Loan originated
1,325000.0,30%-<36%,405000.0,283.0,1,Asian,Joint,35-44,80.0,Loan originated
1,455000.0,48,655000.0,100.0,1,Asian,Male,45-54,69.231,Loan originated
1,965000.0,36,1135000.0,286.0,1,Asian,Joint,25-34,85.0,Loan originated
1,515000.0,20%-<30%,645000.0,405.0,1,Asian,Male,55-64,79.63,Loan originated
1,465000.0,47,585000.0,113.0,1,Asian,Female,35-44,80.0,Loan originated
1,655000.0,42,785000.0,244.0,1,White,Female,35-44,83.139,Loan originated
1,865000.0,37,1255000.0,233.0,1,White,Joint,35-44,70.0,Loan originated
1,505000.0,20%-<30%,565000.0,213.0,1,White,Joint,25-34,90.0,Loan originated
1,375000.0,42,475000.0,187.0,1,White,Male,35-44,80.0,Loan originated
1,305000.0,20%-<30%,605000.0,130.0,1,White,Joint,35-44,50.0,Loan originated
1,205000.0,20%-<30%,465000.0,118.0,1,White,Female,<25,43.478,Loan originated
1,285000.0,44,375000.0,68.0,1,White,Male,35-44,76.2,Loan originated
1,675000.0,49,715000.0,181.0,1,White,Female,65-74,96.9,Application denied
1,755000.0,20%-<30%,1085000.0,376.0,1,White,Male,65-74,70.0,Loan originated
1,985000.0,49,1165000.0,197.0,1,Asian,Male,35-44,85.0,Loan originated
1,405000.0,41,505000.0,101.0,1,Black or African American,Female,25-34,80.0,Loan originated
1,405000.0,40,855000.0,116.0,1,White,Male,25-34,47.059,Loan originated
1,585000.0,47,975000.0,126.0,1,Asian,Male,25-34,60.0,Loan originated
1,765000.0,40,995000.0,266.0,1,White,Joint,35-44,77.04,Loan originated
1,725000.0,41,765000.0,218.0,1,Asian,Joint,35-44,94.9,Loan originated
1,135000.0,36,145000.0,73.0,1,White,Female,25-34,97.0,Loan originated
1,565000.0,40,605000.0,135.0,1,Hispanic or Latino,Female,25-34,93.375,Loan originated
1,445000.0,20%-<30%,555000.0,340.0,1,White,Joint,55-64,80.0,Loan originated
1,325000.0,43,405000.0,94.0,1,Asian,Male,35-44,80.0,Loan originated
1,765000.0,39,1205000.0,371.0,1,Asian,Joint,55-64,89.99,Loan originated
1,365000.0,47,485000.0,68.0,1,Asian,Female,45-54,95.0,Loan originated
1,765000.0,20%-<30%,985000.0,310.0,1,Asian,Joint,35-44,77.665,Loan originated
1,765000.0,49,875000.0,246.0,1,Asian,Male,25-34,87.607,Loan originated
1,155000.0,48,475000.0,73.0,1,Hispanic or Latino,Joint,55-64,33.617,Loan originated
1,435000.0,30%-<36%,465000.0,179.0,1,Hispanic or Latino,Joint,55-64,95.0,Loan originated
1,475000.0,30%-<36%,585000.0,167.0,1,White,Joint,35-44,80.0,Loan originated
1,625000.0,20%-<30%,945000.0,251.0,1,White,Joint,25-34,65.64,Loan originated
1,355000.0,44,505000.0,77.0,1,White,Female,25-34,70.12,Loan originated
1,655000.0,37,725000.0,218.0,1,Hispanic or Latino,Male,<25,90.0,Loan originated
1,795000.0,40,995000.0,325.0,1,Asian,Joint,45-54,80.0,Loan originated
1,525000.0,49,655000.0,130.0,1,Hispanic or Latino,Female,45-54,80.0,Loan originated
1,535000.0,49,775000.0,148.0,1,White,Joint,65-74,69.0,Loan originated
1,1035000.0,30%-<36%,1295000.0,403.0,1,White,Male,35-44,80.0,Loan originated
1,305000.0,48,705000.0,103.0,1,Asian,Female,55-64,43.636,Loan originated
1,1105000.0,43,1375000.0,316.0,1,Asian,Joint,35-44,80.0,Loan originated
1,565000.0,30%-<36%,935000.0,262.0,1,Hispanic or Latino,Female,45-54,60.0,Loan originated
1,775000.0,50%-60%,875000.0,209.0,1,Asian,Joint,35-44,88.571,Loan originated
1,705000.0,49,745000.0,163.0,1,Hispanic or Latino,Joint,45-54,95.0,Loan originated
1,325000.0,45,645000.0,116.0,1,Black or African American,Female,25-34,97.031,Loan originated
1,405000.0,42,585000.0,102.0,1,Asian,Joint,65-74,69.0,Loan originated
1,795000.0,43,1055000.0,197.0,1,White,Joint,25-34,80.0,Loan originated
1,755000.0,44,1025000.0,280.0,1,White,Joint,35-44,73.171,Loan originated
1,475000.0,45,595000.0,115.0,1,White,Female,35-44,80.0,Loan originated
1,335000.0,49,445000.0,106.0,1,Hispanic or Latino,Female,45-54,75.0,Loan originated
1,305000.0,20%-<30%,375000.0,131.0,1,White,Male,25-34,80.0,Loan originated
1,525000.0,49,555000.0,134.0,1,Hispanic or Latino,Male,45-54,95.0,Loan originated
1,285000.0,48,455000.0,144.0,1,Asian,Female,25-34,62.637,Loan originated
1,755000.0,36,895000.0,213.0,1,Asian,Male,25-34,83.706,Loan originated
1,715000.0,42,895000.0,175.0,1,Asian,Male,25-34,80.0,Loan originated
1,765000.0,46,815000.0,186.0,1,Hispanic or Latino,Male,25-34,94.636,Loan originated
1,715000.0,37,805000.0,323.0,1,White,Joint,35-44,89.375,Loan originated
1,395000.0,20%-<30%,495000.0,226.0,1,Asian,Male,45-54,80.0,Loan originated
1,1145000.0,50%-60%,1455000.0,334.0,1,Asian,Joint,65-74,80.0,Application denied
1,755000.0,49,955000.0,212.0,1,White,Male,25-34,80.0,Loan originated
1,165000.0,30%-<36%,675000.0,95.0,1,White,Female,55-64,24.424,Loan originated
1,395000.0,48,485000.0,96.0,1,White,Female,25-34,80.0,Loan originated
1,565000.0,41,625000.0,140.0,1,Hispanic or Latino,Male,45-54,90.0,Loan originated
1,155000.0,30%-<36%,215000.0,108.0,1,Hispanic or Latino,Male,55-64,70.0,Loan originated
1,515000.0,47,545000.0,124.0,1,Hispanic or Latino,Joint,35-44,94.873,Loan originated
1,995000.0,40,1245000.0,341.0,1,Asian,Female,35-44,80.0,Application denied
1,595000.0,43,895000.0,276.0,1,Black or African American,Female,45-54,66.49,Loan originated
1,745000.0,30%-<36%,995000.0,240.0,1,Asian,Joint,45-54,75.0,Loan originated
1,805000.0,37,1205000.0,296.0,1,White,Female,35-44,66.667,Loan originated
1,85000.0,50%-60%,95000.0,62.0,1,White,Female,65-74,95.0,Application denied
1,495000.0,44,515000.0,130.0,1,Hispanic or Latino,Joint,25-34,100.0,Loan originated
1,385000.0,20%-<30%,685000.0,191.0,1,White,Female,25-34,56.2,Loan originated
1,655000.0,38,825000.0,167.0,1,White,Joint,25-34,80.0,Loan originated
1,845000.0,45,1205000.0,263.0,1,White,Joint,35-44,70.0,Loan originated
1,1005000.0,42,1125000.0,265.0,1,Hispanic or Latino,Joint,35-44,90.0,Loan originated
1,605000.0,48,645000.0,149.0,1,White,Male,45-54,95.0,Loan originated
1,245000.0,43,265000.0,215.0,1,White,Joint,35-44,95.0,Loan originated
1,645000.0,50%-60%,865000.0,132.0,1,Asian,Joint,35-44,75.0,Application denied
1,305000.0,46,525000.0,78.0,1,White,Female,55-64,57.143,Loan originated
1,805000.0,30%-<36%,1075000.0,230.0,1,Asian,Female,35-44,75.0,Loan originated
1,515000.0,36,685000.0,207.0,1,Asian,Joint,25-34,75.0,Loan originated
1,855000.0,47,955000.0,266.0,1,Asian,Male,25-34,90.0,Loan originated
1,765000.0,30%-<36%,1105000.0,600.0,1,White,Male,55-64,70.0,Loan originated
1,815000.0,48,1015000.0,201.0,1,White,Male,35-44,80.0,Loan originated
1,625000.0,39,695000.0,217.0,1,White,Joint,55-64,90.0,Loan originated
1,695000.0,43,925000.0,196.0,1,White,Female,55-64,75.0,Loan originated
1,735000.0,44,925000.0,156.0,1,Asian,Male,35-44,80.0,Loan originated
1,765000.0,49,865000.0,253.0,1,White,Female,65-74,89.117,Loan originated
1,635000.0,49,735000.0,144.0,1,Black or African American,Female,35-44,85.998,Loan originated
1,575000.0,20%-<30%,765000.0,400.0,1,White,Male,35-44,75.0,Loan originated
1,385000.0,49,405000.0,81.0,1,Hispanic or Latino,Male,<25,100.4,Loan originated
1,485000.0,37,805000.0,135.0,1,Hispanic or Latino,Female,35-44,60.0,Loan originated
1,805000.0,38,1005000.0,223.0,1,Asian,Male,55-64,80.0,Loan originated
1,525000.0,49,875000.0,134.0,1,White,Male,65-74,59.77,Loan originated
1,675000.0,43,905000.0,186.0,1,Asian,Joint,25-34,75.0,Loan originated
1,1005000.0,20%-<30%,2105000.0,435.0,1,Hispanic or Latino,Female,25-34,47.62,Loan originated
1,385000.0,47,485000.0,126.0,1,White,Female,35-44,80.0,Loan originated
1,365000.0,49,455000.0,80.0,1,White,Female,35-44,80.0,Loan originated
1,1025000.0,47,1705000.0,211.0,1,White,Female,65-74,60.0,Loan originated
1,105000.0,46,775000.0,55.0,1,White,Male,>74,14.0,Loan originated
1,475000.0,<20%,585000.0,2923.0,1,White,Male,25-34,80.0,Loan originated
1,435000.0,44,455000.0,107.0,1,White,Male,25-34,96.468,Loan originated
1,1105000.0,45,1505000.0,368.0,1,White,Joint,35-44,73.333,Loan originated
1,455000.0,30%-<36%,575000.0,134.0,1,White,Female,25-34,79.999,Loan originated
1,795000.0,45,1365000.0,182.0,1,White,Joint,25-34,57.91,Loan originated
1,485000.0,48,535000.0,106.0,1,Asian,Joint,45-54,90.0,Loan originated
1,345000.0,30%-<36%,745000.0,185.0,1,Hispanic or Latino,Joint,55-64,45.946,Loan originated
1,275000.0,30%-<36%,345000.0,90.0,1,Asian,Female,25-34,91.64,Application denied
1,375000.0,50%-60%,555000.0,78.0,1,White,Female,25-34,67.273,Application denied
1,615000.0,49,645000.0,133.0,1,Hispanic or Latino,Joint,25-34,95.0,Loan originated
1,545000.0,43,565000.0,118.0,1,White,Male,25-34,97.0,Loan originated
1,465000.0,43,475000.0,119.0,1,Hispanic or Latino,Joint,25-34,97.0,Loan originated
1,965000.0,30%-<36%,1285000.0,295.0,1,Asian,Male,<25,74.99996,Loan originated
1,625000.0,48,655000.0,176.0,1,Hispanic or Latino,Male,25-34,95.0,Loan originated
1,295000.0,20%-<30%,535000.0,122.0,1,Hispanic or Latino,Male,35-44,56.0,Loan originated
1,805000.0,36,1005000.0,250.0,1,White,Female,45-54,80.0,Loan originated
1,445000.0,20%-<30%,555000.0,260.0,1,White,Joint,25-34,80.0,Loan originated
1,365000.0,20%-<30%,655000.0,225.0,1,Asian,Male,25-34,55.0,Loan originated
1,595000.0,20%-<30%,625000.0,194.0,1,White,Female,35-44,95.0,Loan originated
1,375000.0,30%-<36%,865000.0,131.0,1,Asian,Female,35-44,43.023,Loan originated
1,375000.0,30%-<36%,425000.0,147.0,1,White,Male,45-54,90.0,Loan originated
1,495000.0,48,625000.0,114.0,1,White,Male,35-44,100.0,Loan originated
1,635000.0,49,675000.0,132.0,1,Asian,Male,25-34,95.0,Loan originated
1,235000.0,48,255000.0,47.0,1,White,Male,55-64,95.0,Loan originated
1,485000.0,44,615000.0,104.0,1,White,Joint,25-34,80.0,Loan originated
1,1045000.0,20%-<30%,1395000.0,436.0,1,Asian,Joint,35-44,75.0,Loan originated
1,875000.0,49,925000.0,272.0,1,White,Joint,25-34,95.0,Loan originated
1,615000.0,20%-<30%,645000.0,1011.0,1,White,Female,45-54,94.94,Loan originated
1,1055000.0,48,1325000.0,251.0,1,Asian,Female,35-44,80.0,Loan originated
1,355000.0,44,475000.0,94.0,1,Hispanic or Latino,Joint,45-54,75.0,Loan originated
1,565000.0,48,705000.0,439.0,1,White,Joint,>74,80.0,Loan originated
1,705000.0,48,1005000.0,235.0,1,White,Female,35-44,95.0,Loan originated
1,665000.0,30%-<36%,655000.0,253.0,1,Black or African American,Joint,35-44,101.75,Loan originated
1,645000.0,46,675000.0,170.0,1,Hispanic or Latino,Joint,45-54,94.98,Loan originated
1,65000.0,30%-<36%,95000.0,138.0,1,White,Joint,>74,72.22,Loan originated
1,295000.0,20%-<30%,415000.0,103.0,1,Asian,Male,35-44,70.0,Loan originated
1,765000.0,49,1155000.0,174.0,1,White,Female,65-74,66.091,Loan originated
1,475000.0,39,685000.0,122.0,1,White,Female,25-34,70.0,Loan originated
1,465000.0,49,585000.0,94.0,1,Hispanic or Latino,Male,35-44,80.0,Loan originated
1,205000.0,39,235000.0,99.0,1,White,Female,25-34,85.86,Loan originated
1,335000.0,49,1175000.0,123.0,1,Asian,Joint,55-64,28.085,Loan originated
1,455000.0,<20%,565000.0,256.0,1,Hispanic or Latino,Joint,25-34,80.0,Application denied
1,695000.0,44,735000.0,162.0,1,White,Male,25-34,95.0,Loan originated
1,505000.0,30%-<36%,625000.0,206.0,1,White,Joint,65-74,80.0,Loan originated
1,675000.0,47,715000.0,155.0,1,Asian,Joint,55-64,95.0,Loan originated
1,465000.0,20%-<30%,625000.0,195.0,1,White,Joint,25-34,75.0,Loan originated
1,485000.0,36,605000.0,190.0,1,Hispanic or Latino,Female,25-34,80.0,Loan originated
1,975000.0,20%-<30%,1305000.0,461.0,1,Asian,Male,55-64,75.0,Loan originated
1,705000.0,38,885000.0,214.0,1,Asian,Male,35-44,80.0,Application denied
1,755000.0,30%-<36%,1755000.0,395.0,1,White,Male,55-64,42.86,Loan originated
1,485000.0,50%-60%,605000.0,122.0,1,Black or African American,Female,45-54,80.0,Loan originated
1,705000.0,30%-<36%,795000.0,221.0,1,White,Joint,25-34,88.46,Loan originated
1,625000.0,30%-<36%,695000.0,185.0,1,Asian,Female,35-44,90.0,Loan originated
1,765000.0,48,935000.0,296.0,1,Asian,Joint,25-34,82.03,Loan originated
1,645000.0,50%-60%,685000.0,131.0,1,Hispanic or Latino,Joint,25-34,95.0,Loan originated
1,605000.0,41,635000.0,155.0,1,White,Male,25-34,95.0,Loan originated
1,505000.0,39,1405000.0,312.0,1,Asian,Male,35-44,35.714,Loan originated
1,635000.0,37,705000.0,186.0,1,Asian,Male,45-54,89.99,Loan originated
1,1005000.0,30%-<36%,1255000.0,313.0,1,Asian,Joint,25-34,80.0,Loan originated
1,515000.0,49,715000.0,114.0,1,Asian,Female,45-54,73.0,Loan originated
1,735000.0,46,925000.0,210.0,1,White,Joint,35-44,80.0,Loan originated
1,345000.0,47,535000.0,133.0,1,Asian,Joint,65-74,63.881,Loan originated
1,685000.0,47,725000.0,164.0,1,Hispanic or Latino,Male,25-34,94.966,Loan originated
1,755000.0,20%-<30%,1085000.0,358.0,1,Hispanic or Latino,Male,35-44,70.0,Loan originated
1,405000.0,30%-<36%,515000.0,120.0,1,Black or African American,Female,45-54,80.0,Loan originated
1,585000.0,46,645000.0,165.0,1,Asian,Male,35-44,90.0,Loan originated
1,595000.0,<20%,795000.0,433.0,1,Asian,Male,45-54,75.0,Loan originated
1,1145000.0,40,1325000.0,285.0,1,Asian,Male,35-44,86.038,Loan originated
1,275000.0,30%-<36%,315000.0,180.0,1,White,Joint,55-64,87.38,Loan originated
1,1045000.0,38,1105000.0,360.0,1,Asian,Female,35-44,95.0,Application denied
1,705000.0,43,745000.0,317.0,1,Asian,Joint,35-44,95.0,Loan originated
1,1095000.0,43,1365000.0,256.0,1,Asian,Joint,45-54,80.0,Loan originated
1,655000.0,30%-<36%,685000.0,200.0,1,Hispanic or Latino,Female,25-34,95.0,Loan originated
1,475000.0,49,955000.0,120.0,1,White,Joint,65-74,49.738,Loan originated
1,175000.0,30%-<36%,325000.0,75.0,1,White,Female,55-64,54.0,Loan originated
1,475000.0,44,755000.0,109.0,1,Asian,Joint,55-64,63.0,Loan originated
1,525000.0,38,555000.0,205.0,1,White,Joint,25-34,95.0,Loan originated
1,305000.0,20%-<30%,1275000.0,139.0,1,White,Joint,65-74,23.529,Loan originated
1,605000.0,41,805000.0,139.0,1,Black or African American,Male,25-34,76.0,Loan originated
1,955000.0,49,1195000.0,171.0,1,Hispanic or Latino,Joint,65-74,80.0,Loan originated
1,515000.0,37,645000.0,146.0,1,Asian,Joint,35-44,80.0,Loan originated
1,515000.0,30%-<36%,1215000.0,218.0,1,Asian,Female,35-44,42.24,Loan originated
1,635000.0,40,705000.0,170.0,1,White,Male,25-34,90.0,Loan originated
1,395000.0,39,475000.0,104.0,1,White,Female,25-34,104.0,Loan originated
1,895000.0,41,1115000.0,216.0,1,White,Female,35-44,80.0,Loan originated
1,745000.0,44,825000.0,180.0,1,Hispanic or Latino,Female,35-44,90.0,Loan originated
1,335000.0,47,605000.0,82.0,1,Hispanic or Latino,Female,45-54,55.833,Application denied
1,445000.0,30%-<36%,555000.0,168.0,1,Hispanic or Latino,Joint,35-44,80.0,Loan originated
1,425000.0,47,1175000.0,124.0,1,White,Female,65-74,37.0,Loan originated
1,655000.0,48,725000.0,128.0,1,Asian,Male,25-34,90.0,Loan originated
1,705000.0,45,785000.0,160.0,1,White,Male,45-54,90.0,Loan originated
1,1135000.0,38,1515000.0,460.0,1,Asian,Male,45-54,75.0,Loan originated
1,435000.0,37,465000.0,136.0,1,Hispanic or Latino,Joint,25-34,95.0,Loan originated
1,665000.0,43,835000.0,200.0,1,White,Joint,45-54,80.0,Loan originated
1,275000.0,40,335000.0,80.0,1,Hispanic or Latino,Joint,45-54,80.0,Loan originated
1,385000.0,20%-<30%,605000.0,170.0,1,Asian,Male,25-34,63.333,Loan originated
1,545000.0,30%-<36%,605000.0,216.0,1,Asian,Joint,25-34,90.0,Loan originated
1,285000.0,44,415000.0,59.0,1,Hispanic or Latino,Male,25-34,69.0,Loan originated
1,475000.0,47,925000.0,103.0,1,Asian,Joint,45-54,52.0,Loan originated
1,435000.0,43,855000.0,187.0,1,Hispanic or Latino,Joint,55-64,50.996,Loan originated
1,515000.0,20%-<30%,745000.0,466.0,1,White,Male,35-44,70.0,Loan originated
1,425000.0,48,545000.0,92.0,1,White,Male,<25,77.372,Loan originated
1,245000.0,49,595000.0,76.0,1,White,Joint,>74,41.73,Loan originated
1,575000.0,20%-<30%,595000.0,340.0,1,White,Male,25-34,97.0,Loan originated
1,585000.0,45,985000.0,141.0,1,Asian,Male,25-34,60.0,Loan originated
1,445000.0,47,555000.0,105.0,1,White,Male,35-44,80.0,Loan originated
1,315000.0,49,335000.0,69.0,1,Hispanic or Latino,Female,35-44,95.0,Loan originated
1,635000.0,46,675000.0,181.0,1,White,Joint,65-74,95.0,Loan originated
1,1045000.0,49,1395000.0,220.0,1,Asian,Male,25-34,75.0,Loan originated
1,755000.0,50%-60%,945000.0,133.0,1,Asian,Joint,45-54,79.78,Application denied
1,1145000.0,44,1675000.0,250.0,1,White,Male,45-54,68.642,Loan originated
1,915000.0,30%-<36%,1035000.0,325.0,1,Hispanic or Latino,Joint,35-44,87.923,Loan originated
1,1035000.0,49,1295000.0,295.0,1,Asian,Joint,25-34,80.0,Loan originated
1,385000.0,49,425000.0,76.0,1,White,Female,25-34,89.894,Loan originated
1,315000.0,39,535000.0,91.0,1,White,Female,45-54,58.256,Loan originated
1,495000.0,50%-60%,515000.0,163.0,1,Black or African American,Female,55-64,95.0,Application denied
1,695000.0,30%-<36%,775000.0,291.0,1,Hispanic or Latino,Joint,55-64,90.0,Loan originated
1,445000.0,44,565000.0,93.0,1,White,Male,>74,78.648,Loan originated
1,955000.0,30%-<36%,1195000.0,363.0,1,Asian,Joint,25-34,80.0,Loan originated
1,105000.0,20%-<30%,725000.0,118.0,1,Hispanic or Latino,Male,25-34,13.794,Loan originated
1,425000.0,20%-<30%,455000.0,217.0,1,Hispanic or Latino,Female,35-44,95.0,Loan originated
1,715000.0,20%-<30%,955000.0,811.0,1,Black or African American,Joint,35-44,75.0,Application denied
1,855000.0,42,955000.0,224.0,1,White,Joint,45-54,89.989,Loan originated
1,515000.0,<20%,575000.0,655.0,1,Hispanic or Latino,Female,45-54,90.0,Loan originated
1,375000.0,46,575000.0,103.0,1,White,Female,45-54,64.982,Loan originated
1,755000.0,46,865000.0,328.0,1,White,Joint,35-44,87.247,Loan originated
1,425000.0,30%-<36%,675000.0,131.0,1,White,Male,25-34,62.963,Loan originated
1,805000.0,48,845000.0,177.0,1,Hispanic or Latino,Male,35-44,95.0,Loan originated
1,1105000.0,46,1955000.0,326.0,1,Asian,Male,35-44,57.0,Loan originated
1,695000.0,49,905000.0,156.0,1,White,Joint,25-34,76.667,Loan originated
1,495000.0,43,625000.0,109.0,1,Asian,Male,25-34,80.0,Loan originated
1,515000.0,44,645000.0,144.0,1,Black or African American,Female,35-44,80.0,Loan originated
1,605000.0,39,755000.0,177.0,1,Asian,Male,45-54,80.0,Loan originated
1,585000.0,49,655000.0,160.0,1,Black or African American,Joint,25-34,90.0,Loan originated
1,725000.0,48,805000.0,303.0,1,White,Male,35-44,90.0,Loan originated
1,545000.0,36,685000.0,146.0,1,White,Male,25-34,80.0,Loan originated
1,595000.0,49,665000.0,115.0,1,Asian,Female,35-44,90.0,Loan originated
1,405000.0,48,505000.0,99.0,1,Asian,Male,35-44,80.0,Loan originated
1,325000.0,38,725000.0,130.0,1,White,Joint,55-64,44.598,Loan originated
1,425000.0,47,445000.0,109.0,1,Hispanic or Latino,Male,35-44,95.0,Loan originated
1,545000.0,30%-<36%,615000.0,177.0,1,White,Joint,25-34,88.543,Loan originated
1,505000.0,47,545000.0,216.0,1,Asian,Male,55-64,92.283,Loan originated
1,575000.0,48,675000.0,139.0,1,Hispanic or Latino,Female,55-64,85.0,Loan originated
1,265000.0,49,655000.0,78.0,1,Asian,Male,25-34,39.69,Loan originated
1,275000.0,47,375000.0,67.0,1,Hispanic or Latino,Joint,25-34,72.296,Loan originated
1,855000.0,42,1075000.0,211.0,1,White,Female,45-54,80.0,Loan originated
1,445000.0,44,565000.0,297.0,1,Asian,Female,35-44,80.0,Loan originated
1,925000.0,38,1155000.0,232.0,1,Asian,Female,35-44,80.0,Loan originated
1,765000.0,42,1105000.0,189.0,1,Asian,Female,25-34,69.68,Loan originated
1,445000.0,41,525000.0,165.0,1,Asian,Male,35-44,85.0,Loan originated
1,425000.0,30%-<36%,725000.0,133.0,1,White,Joint,65-74,58.62,Loan originated
1,955000.0,44,1455000.0,329.0,1,White,Joint,35-44,65.793,Loan originated
1,905000.0,42,1205000.0,230.0,1,Hispanic or Latino,Female,35-44,75.0,Loan originated
1,305000.0,44,415000.0,85.0,1,White,Female,<25,73.0,Loan originated
1,675000.0,38,855000.0,167.0,1,Hispanic or Latino,Male,45-54,80.0,Loan originated
1,405000.0,45,505000.0,123.0,1,Hispanic or Latino,Female,35-44,80.0,Loan originated
1,355000.0,>60%,585000.0,0.0,1,Other,Female,25-34,59.829,Application denied
1,665000.0,<20%,835000.0,858.0,1,White,Male,35-44,80.0,Loan originated
1,615000.0,46,825000.0,139.0,1,White,Joint,45-54,75.0,Loan originated
1,435000.0,43,775000.0,108.0,1,Asian,Female,35-44,55.49,Loan originated
1,705000.0,20%-<30%,1055000.0,265.0,1,Asian,Joint,35-44,66.67,Loan originated
1,595000.0,49,745000.0,208.0,1,Hispanic or Latino,Male,25-34,80.0,Loan originated
1,535000.0,46,565000.0,190.0,1,Asian,Male,55-64,95.0,Loan originated
1,625000.0,48,775000.0,142.0,1,White,Male,25-34,80.0,Loan originated
1,665000.0,45,705000.0,152.0,1,Hispanic or Latino,Male,45-54,95.0,Loan originated
1,45000.0,30%-<36%,325000.0,60.0,1,Hispanic or Latino,Female,35-44,15.35,Loan originated
1,545000.0,30%-<36%,775000.0,162.0,1,Asian,Joint,25-34,71.0,Loan originated
1,145000.0,20%-<30%,445000.0,152.0,1,White,Female,55-64,31.818,Loan originated
1,385000.0,43,395000.0,153.0,1,Asian,Female,35-44,97.0,Loan originated
1,665000.0,39,685000.0,186.0,1,Asian,Joint,45-54,97.0,Loan originated
1,155000.0,47,295000.0,54.0,1,Hispanic or Latino,Female,55-64,50.167,Loan originated
1,595000.0,45,705000.0,127.0,1,White,Joint,35-44,85.0,Loan originated
1,765000.0,20%-<30%,1075000.0,257.0,1,Asian,Male,25-34,71.3,Loan originated
1,315000.0,47,395000.0,82.0,1,Hispanic or Latino,Male,25-34,98.0,Loan originated
1,445000.0,47,525000.0,125.0,1,Hispanic or Latino,Male,35-44,85.0,Loan originated
1,655000.0,42,735000.0,185.0,1,Asian,Male,25-34,89.99,Loan originated
1,465000.0,20%-<30%,715000.0,236.0,1,White,Joint,25-34,65.915,Loan originated
1,745000.0,41,935000.0,222.0,1,Asian,Joint,35-44,80.0,Loan originated
1,685000.0,47,725000.0,180.0,1,Hispanic or Latino,Joint,35-44,95.0,Loan originated
1,665000.0,41,925000.0,147.0,1,Asian,Joint,45-54,72.0,Loan originated
1,685000.0,47,855000.0,167.0,1,White,Joint,25-34,80.0,Loan originated
1,445000.0,42,705000.0,131.0,1,Hispanic or Latino,Male,25-34,64.1,Application denied
1,605000.0,48,635000.0,171.0,1,Asian,Female,45-54,95.0,Loan originated
1,1005000.0,41,1205000.0,224.0,1,White,Male,25-34,83.333,Loan originated
1,675000.0,45,1125000.0,215.0,1,Hispanic or Latino,Male,45-54,60.142,Loan originated
1,455000.0,45,565000.0,119.0,1,Asian,Joint,55-64,80.0,Loan originated
1,555000.0,43,695000.0,158.0,1,Asian,Female,35-44,80.0,Loan originated
1,345000.0,43,455000.0,71.0,1,Asian,Joint,45-54,95.0,Loan originated
1,545000.0,47,945000.0,125.0,1,Hispanic or Latino,Joint,45-54,57.851,Loan originated
1,585000.0,47,645000.0,109.0,1,Asian,Male,45-54,89.99,Loan originated
1,675000.0,44,845000.0,164.0,1,Asian,Joint,25-34,80.0,Loan originated
1,585000.0,48,835000.0,168.0,1,Asian,Female,55-64,70.0,Loan originated
1,605000.0,43,675000.0,158.0,1,White,Joint,25-34,90.0,Loan originated
1,755000.0,37,1465000.0,369.0,1,Asian,Joint,35-44,51.3,Loan originated
1,585000.0,43,735000.0,177.0,1,Hispanic or Latino,Joint,25-34,79.99,Loan originated
1,755000.0,37,845000.0,231.0,1,Asian,Joint,35-44,89.322,Loan originated
1,665000.0,45,955000.0,233.0,1,White,Joint,55-64,70.0,Loan originated
1,995000.0,50%-60%,1445000.0,300.0,1,Hispanic or Latino,Male,35-44,69.45,Application denied
1,445000.0,49,465000.0,140.0,1,Hispanic or Latino,Joint,35-44,97.0,Loan originated
1,215000.0,<20%,895000.0,186.0,1,Asian,Female,35-44,23.464,Loan originated
1,525000.0,44,655000.0,195.0,1,Asian,Joint,45-54,80.0,Loan originated
1,765000.0,>60%,2425000.0,0.0,1,Asian,Male,45-54,31.694,Application denied
1,105000.0,20%-<30%,205000.0,73.0,1,White,Male,55-64,50.0,Loan originated
1,435000.0,30%-<36%,585000.0,315.0,1,Black or African American,Male,35-44,75.0,Loan originated
1,205000.0,46,255000.0,59.0,1,White,Female,55-64,80.0,Loan originated
1,315000.0,42,325000.0,96.0,1,White,Joint,<25,100.0,Loan originated
1,505000.0,30%-<36%,985000.0,378.0,1,White,Female,55-64,50.754,Loan originated
1,555000.0,43,955000.0,125.0,1,Hispanic or Latino,Male,25-34,57.895,Loan originated
1,1105000.0,46,1835000.0,264.0,1,White,Joint,25-34,60.0,Loan originated
1,615000.0,<20%,1285000.0,841.0,1,White,Joint,55-64,47.471,Loan originated
1,255000.0,41,455000.0,95.0,1,Hispanic or Latino,Female,45-54,55.556,Loan originated
1,315000.0,41,635000.0,115.0,1,White,Male,25-34,50.0,Loan originated
1,355000.0,49,475000.0,97.0,1,Asian,Male,35-44,75.0,Loan originated
1,245000.0,42,255000.0,71.0,1,White,Female,25-34,100.0,Loan originated
1,525000.0,20%-<30%,675000.0,262.0,1,Asian,Joint,25-34,78.516,Application denied
1,255000.0,49,395000.0,52.0,1,White,Female,45-54,64.526,Loan originated
1,105000.0,38,185000.0,36.0,1,White,Female,45-54,56.0,Loan originated
1,515000.0,46,645000.0,168.0,1,Black or African American,Female,45-54,80.0,Loan originated
1,765000.0,46,815000.0,218.0,1,Black or African American,Male,25-34,99.522,Loan originated
1,305000.0,37,615000.0,101.0,1,White,Male,65-74,48.78,Loan originated
1,545000.0,49,575000.0,123.0,1,Hispanic or Latino,Joint,35-44,95.0,Loan originated
1,1075000.0,30%-<36%,1345000.0,349.0,1,White,Joint,25-34,80.0,Loan originated
1,685000.0,20%-<30%,855000.0,282.0,1,White,Male,55-64,80.0,Loan originated
1,435000.0,30%-<36%,545000.0,95.0,1,White,Female,25-34,80.0,Loan originated
1,75000.0,20%-<30%,85000.0,131.0,1,White,Female,55-64,99.09,Loan originated
1,535000.0,44,575000.0,177.0,1,Hispanic or Latino,Joint,25-34,94.0,Loan originated
1,765000.0,30%-<36%,875000.0,237.0,1,Hispanic or Latino,Male,45-54,87.616,Loan originated
1,255000.0,43,265000.0,108.0,1,Hispanic or Latino,Joint,35-44,95.0,Loan originated
1,425000.0,43,725000.0,324.0,1,Asian,Male,25-34,58.457,Loan originated
1,445000.0,45,555000.0,102.0,1,Hispanic or Latino,Joint,45-54,80.0,Loan originated
1,665000.0,40,1305000.0,200.0,1,White,Male,25-34,50.594,Loan originated
1,105000.0,30%-<36%,675000.0,75.0,1,White,Female,45-54,14.93,Loan originated
1,905000.0,30%-<36%,1135000.0,361.0,1,White,Joint,35-44,80.0,Loan originated
1,305000.0,44,355000.0,135.0,1,Hispanic or Latino,Joint,45-54,86.0,Loan originated
1,305000.0,43,405000.0,87.0,1,White,Joint,55-64,75.0,Loan originated
1,1145000.0,42,1435000.0,360.0,1,Asian,Joint,35-44,80.0,Loan originated
1,735000.0,41,925000.0,306.0,1,Asian,Male,25-34,80.0,Loan originated
1,395000.0,49,495000.0,80.0,1,Hispanic or Latino,Male,35-44,80.0,Loan originated
1,415000.0,49,535000.0,90.0,1,Asian,Female,35-44,78.318,Loan originated
1,465000.0,30%-<36%,1365000.0,326.0,1,White,Joint,55-64,33.824,Loan originated
1,615000.0,47,785000.0,122.0,1,Asian,Joint,45-54,79.0,Application denied
1,685000.0,38,925000.0,240.0,1,White,Joint,55-64,73.514,Loan originated
1,725000.0,47,1025000.0,178.0,1,White,Joint,35-44,70.732,Loan originated
1,445000.0,49,595000.0,102.0,1,White,Joint,35-44,74.454,Loan originated
1,555000.0,30%-<36%,575000.0,201.0,1,Hispanic or Latino,Female,25-34,100.0,Loan originated
1,685000.0,40,855000.0,254.0,1,Asian,Joint,35-44,80.0,Loan originated
1,1145000.0,43,1445000.0,316.0,1,Asian,Male,35-44,80.0,Loan originated
1,555000.0,39,655000.0,152.0,1,Black or African American,Joint,25-34,85.0,Loan originated
1,405000.0,45,1465000.0,210.0,1,White,Male,45-54,28.0,Loan originated
1,325000.0,49,365000.0,60.0,1,White,Male,25-34,92.753,Loan originated
1,845000.0,30%-<36%,895000.0,282.0,1,White,Male,25-34,95.0,Loan originated
1,485000.0,49,615000.0,104.0,1,White,Joint,55-64,78.689,Loan originated
1,975000.0,30%-<36%,1295000.0,311.0,1,Asian,Male,25-34,74.95,Loan originated
1,755000.0,30%-<36%,825000.0,240.0,1,White,Joint,25-34,90.918,Loan originated
1,505000.0,46,1955000.0,180.0,1,White,Male,55-64,25.64,Loan originated
1,395000.0,45,425000.0,93.0,1,Hispanic or Latino,Joint,<25,97.0,Loan originated
1,445000.0,48,555000.0,95.0,1,White,Male,25-34,80.0,Loan originated
1,605000.0,45,705000.0,144.0,1,Asian,Joint,35-44,90.0,Loan originated
1,615000.0,48,875000.0,122.0,1,Asian,Male,65-74,70.0,Application denied
1,555000.0,49,585000.0,155.0,1,Hispanic or Latino,Joint,25-34,95.0,Loan originated
1,435000.0,45,575000.0,114.0,1,White,Female,>74,75.0,Loan originated
1,445000.0,43,525000.0,113.0,1,White,Male,35-44,85.0,Loan originated
1,175000.0,44,205000.0,56.0,1,Hispanic or Latino,Joint,45-54,85.366,Loan originated
1,805000.0,39,1885000.0,372.0,1,White,Joint,65-74,42.463,Loan originated
1,755000.0,<20%,855000.0,478.0,1,Asian,Male,45-54,95.0,Loan originated
1,445000.0,42,595000.0,143.0,1,White,Male,25-34,75.0,Loan originated
1,465000.0,47,585000.0,94.0,1,Hispanic or Latino,Joint,45-54,80.0,Loan originated
1,775000.0,47,965000.0,210.0,1,Asian,Joint,55-64,80.0,Application denied
1,905000.0,40,1345000.0,333.0,1,Asian,Female,55-64,67.164,Loan originated
1,475000.0,42,585000.0,104.0,1,Asian,Joint,25-34,80.0,Loan originated
1,415000.0,44,515000.0,132.0,1,Asian,Male,25-34,80.0,Loan originated
1,155000.0,44,315000.0,44.0,1,Asian,Female,65-74,46.89,Loan originated
1,515000.0,30%-<36%,605000.0,214.0,1,White,Male,25-34,85.0,Loan originated
1,345000.0,43,435000.0,90.0,1,White,Joint,25-34,80.0,Loan originated
1,265000.0,44,425000.0,217.0,1,White,Joint,65-74,62.86,Loan originated
1,1065000.0,45,1325000.0,235.0,1,White,Joint,25-34,80.0,Loan originated
1,635000.0,42,795000.0,154.0,1,White,Female,45-54,80.0,Loan originated
1,395000.0,46,645000.0,129.0,1,White,Male,35-44,60.47,Loan originated
1,355000.0,45,375000.0,97.0,1,Hispanic or Latino,Female,45-54,101.94,Loan originated
1,375000.0,48,395000.0,116.0,1,Hispanic or Latino,Female,<25,98.33,Loan originated
1,165000.0,30%-<36%,625000.0,95.0,1,Hispanic or Latino,Male,45-54,25.847,Loan originated
1,555000.0,49,575000.0,131.0,1,Hispanic or Latino,Female,25-34,99.62,Loan originated
1,995000.0,43,1245000.0,291.0,1,Asian,Joint,25-34,80.0,Loan originated
1,505000.0,49,565000.0,185.0,1,Hispanic or Latino,Joint,25-34,90.0,Loan originated
1,495000.0,44,555000.0,122.0,1,White,Female,25-34,90.0,Loan originated
1,395000.0,45,415000.0,126.0,1,White,Joint,35-44,95.0,Loan originated
1,445000.0,42,875000.0,121.0,1,White,Male,45-54,52.0,Loan originated
1,765000.0,39,1505000.0,210.0,1,Asian,Female,25-34,51.107,Loan originated
1,585000.0,43,615000.0,124.0,1,Asian,Male,35-44,95.0,Loan originated
1,755000.0,46,1205000.0,250.0,1,Asian,Male,65-74,62.5,Application denied
1,265000.0,30%-<36%,965000.0,147.0,1,White,Female,45-54,27.083,Loan originated
1,755000.0,39,885000.0,195.0,1,White,Female,25-34,85.311,Loan originated
1,505000.0,42,625000.0,116.0,1,White,Male,35-44,80.0,Loan originated
1,265000.0,42,845000.0,100.0,1,White,Joint,65-74,31.759,Loan originated
1,415000.0,20%-<30%,965000.0,218.0,1,Hispanic or Latino,Female,45-54,42.488,Loan originated
1,695000.0,48,1565000.0,156.0,1,Asian,Male,55-64,45.0,Loan originated
1,545000.0,30%-<36%,675000.0,156.0,1,Asian,Joint,35-44,80.0,Loan originated
1,625000.0,38,785000.0,170.0,1,Asian,Male,25-34,80.0,Loan originated
1,605000.0,39,1905000.0,354.0,1,Asian,Joint,35-44,65.79,Loan originated
1,955000.0,43,1205000.0,270.0,1,White,Male,25-34,80.0,Loan originated
1,405000.0,30%-<36%,505000.0,211.0,1,Asian,Male,35-44,80.0,Loan originated
1,155000.0,20%-<30%,835000.0,142.0,1,Asian,Male,55-64,17.92,Loan originated
1,395000.0,41,495000.0,158.0,1,Asian,Joint,35-44,80.0,Loan originated
1,175000.0,30%-<36%,185000.0,76.0,1,Hispanic or Latino,Male,<25,95.0,Application denied
1,665000.0,46,705000.0,147.0,1,Hispanic or Latino,Male,25-34,95.0,Loan originated
1,755000.0,48,845000.0,313.0,1,Black or African American,Joint,35-44,89.99,Loan originated
1,245000.0,40,645000.0,141.0,1,White,Male,55-64,38.367,Loan originated
1,635000.0,20%-<30%,1285000.0,230.0,1,White,Male,35-44,50.0,Loan originated
1,415000.0,50%-60%,455000.0,58.0,1,Hispanic or Latino,Male,<25,90.593,Loan originated
1,435000.0,30%-<36%,535000.0,320.0,1,White,Female,65-74,80.0,Loan originated
1,1005000.0,45,1335000.0,1364.0,1,White,Female,35-44,75.0,Loan originated
1,695000.0,46,735000.0,157.0,1,Asian,Joint,35-44,95.0,Loan originated
1,665000.0,49,785000.0,142.0,1,Hispanic or Latino,Female,35-44,85.0,Loan originated
1,425000.0,30%-<36%,995000.0,175.0,1,White,Joint,45-54,42.211,Loan originated
1,1445000.0,38,1805000.0,415.0,1,Asian,Joint,55-64,80.0,Loan originated
1,415000.0,42,435000.0,119.0,1,Hispanic or Latino,Male,25-34,95.0,Loan originated
1,715000.0,49,785000.0,130.0,1,White,Joint,25-34,90.0,Loan originated
1,935000.0,43,1045000.0,221.0,1,White,Female,25-34,89.99,Loan originated
1,375000.0,20%-<30%,535000.0,162.0,1,White,Female,65-74,70.0,Loan originated
1,1055000.0,50%-60%,1315000.0,203.0,1,Asian,Joint,35-44,80.0,Application denied
1,565000.0,30%-<36%,1125000.0,195.0,1,Black or African American,Female,65-74,50.0,Loan originated
1,1005000.0,42,1445000.0,268.0,1,Asian,Joint,35-44,70.0,Loan originated
1,605000.0,36,755000.0,316.0,1,White,Joint,45-54,80.0,Loan originated
1,755000.0,49,795000.0,192.0,1,Hispanic or Latino,Joint,25-34,95.0,Loan originated
1,445000.0,46,565000.0,119.0,1,Asian,Male,35-44,80.0,Loan originated
1,205000.0,38,835000.0,80.0,1,White,Female,35-44,24.096,Loan originated
1,395000.0,47,425000.0,123.0,1,Hispanic or Latino,Male,25-34,95.0,Loan originated
1,755000.0,41,945000.0,165.0,1,Asian,Male,25-34,80.0,Loan originated
1,505000.0,46,725000.0,304.0,1,White,Male,45-54,70.0,Loan originated
1,115000.0,20%-<30%,135000.0,39.0,1,White,Male,45-54,85.0,Loan originated
1,385000.0,30%-<36%,415000.0,163.0,1,White,Joint,25-34,95.0,Loan originated
1,455000.0,30%-<36%,765000.0,165.0,1,Asian,Male,35-44,60.0,Loan originated
1,485000.0,30%-<36%,985000.0,154.0,1,Asian,Male,25-34,49.031,Loan originated
1,375000.0,47,385000.0,77.0,1,Hispanic or Latino,Joint,25-34,100.0,Loan originated
1,405000.0,37,425000.0,137.0,1,Black or African American,Male,35-44,95.0,Loan originated
1,565000.0,49,715000.0,154.0,1,Asian,Joint,25-34,79.19,Loan originated
1,365000.0,30%-<36%,655000.0,151.0,1,White,Male,45-54,56.0,Loan originated
1,615000.0,40,645000.0,196.0,1,White,Female,35-44,95.0,Loan originated
1,335000.0,30%-<36%,415000.0,128.0,1,Hispanic or Latino,Male,25-34,79.976,Loan originated
1,765000.0,48,905000.0,263.0,1,Asian,Joint,45-54,85.0,Loan originated
1,565000.0,49,705000.0,153.0,1,Asian,Joint,35-44,100.0,Loan originated
1,305000.0,44,405000.0,278.0,1,Other,Male,>74,75.0,Loan originated
1,735000.0,49,935000.0,153.0,1,Asian,Male,35-44,97.0,Loan originated
1,675000.0,48,845000.0,146.0,1,Asian,Female,25-34,79.527,Loan originated
1,515000.0,48,645000.0,106.0,1,Asian,Female,25-34,80.0,Loan originated
1,725000.0,20%-<30%,915000.0,284.0,1,Asian,Joint,35-44,79.29,Loan originated
1,405000.0,45,705000.0,183.0,1,White,Joint,65-74,57.143,Loan originated
1,415000.0,36,415000.0,147.0,1,Black or African American,Joint,45-54,100.0,Loan originated
1,235000.0,49,295000.0,57.0,1,Hispanic or Latino,Male,35-44,80.0,Loan originated
1,765000.0,49,1015000.0,159.0,1,Asian,Joint,35-44,75.84,Loan originated
1,235000.0,41,465000.0,79.0,1,White,Joint,55-64,51.087,Loan originated
1,975000.0,49,1085000.0,207.0,1,Asian,Male,25-34,90.0,Loan originated
1,315000.0,49,395000.0,71.0,1,Hispanic or Latino,Female,25-34,80.0,Loan originated
1,275000.0,44,285000.0,83.0,1,White,Joint,25-34,95.0,Loan originated
1,295000.0,49,315000.0,77.0,1,Hispanic or Latino,Male,25-34,94.0,Loan originated
1,535000.0,49,545000.0,166.0,1,Hispanic or Latino,Joint,25-34,101.94,Loan originated
1,525000.0,42,955000.0,325.0,1,White,Joint,55-64,55.263,Loan originated
1,765000.0,20%-<30%,865000.0,501.0,1,White,Joint,25-34,89.0,Loan originated
1,645000.0,41,685000.0,145.0,1,Hispanic or Latino,Joint,35-44,95.0,Loan originated
1,1075000.0,47,1435000.0,374.0,1,Asian,Male,35-44,74.975,Loan originated
1,635000.0,46,1075000.0,146.0,1,White,Female,35-44,70.0,Loan originated
1,865000.0,42,915000.0,287.0,1,White,Female,35-44,95.0,Loan originated
1,925000.0,49,2265000.0,230.0,1,White,Male,35-44,40.98,Loan originated
1,645000.0,42,805000.0,162.0,1,Asian,Female,25-34,80.0,Loan originated
1,555000.0,42,1305000.0,169.0,1,Asian,Joint,45-54,42.57,Loan originated
1,475000.0,48,585000.0,168.0,1,Asian,Joint,25-34,80.0,Loan originated
1,825000.0,37,875000.0,252.0,1,Asian,Joint,25-34,95.0,Loan originated
1,265000.0,43,455000.0,67.0,1,Asian,Female,25-34,57.778,Loan originated
1,685000.0,47,765000.0,157.0,1,White,Joint,45-54,90.0,Loan originated
1,525000.0,44,605000.0,115.0,1,Asian,Female,45-54,85.95,Loan originated
1,725000.0,48,1075000.0,167.0,1,White,Joint,25-34,67.29,Loan originated
1,225000.0,40,275000.0,95.0,1,White,Male,35-44,80.0,Application denied
1,865000.0,20%-<30%,1245000.0,384.0,1,Asian,Female,35-44,79.818,Loan originated
1,885000.0,43,1735000.0,511.0,1,Asian,Joint,65-74,51.01,Loan originated
1,875000.0,49,985000.0,203.0,1,Hispanic or Latino,Male,35-44,88.325,Loan originated
1,255000.0,48,785000.0,80.0,1,White,Joint,55-64,32.051,Loan originated
1,925000.0,30%-<36%,1325000.0,271.0,1,Asian,Joint,25-34,69.697,Loan originated
1,745000.0,41,775000.0,174.0,1,Asian,Joint,45-54,99.0,Loan originated
1,1025000.0,30%-<36%,1155000.0,345.0,1,Asian,Male,35-44,88.783,Loan originated
1,265000.0,49,335000.0,60.0,1,White,Female,45-54,85.985,Loan originated
1,545000.0,43,585000.0,223.0,1,Hispanic or Latino,Joint,65-74,93.103,Loan originated
1,985000.0,49,1385000.0,231.0,1,Asian,Male,35-44,70.915,Loan originated
1,825000.0,48,1095000.0,227.0,1,Hispanic or Latino,Joint,45-54,75.0,Application denied
1,365000.0,44,405000.0,245.0,1,Hispanic or Latino,Female,55-64,90.0,Loan originated
1,765000.0,49,1265000.0,204.0,1,Asian,Male,25-34,60.318,Loan originated
1,445000.0,39,515000.0,138.0,1,White,Joint,25-34,85.437,Loan originated
1,555000.0,49,585000.0,131.0,1,Hispanic or Latino,Male,35-44,95.0,Loan originated
1,585000.0,36,655000.0,398.0,1,White,Joint,<25,90.0,Loan originated
1,585000.0,48,645000.0,129.0,1,Hispanic or Latino,Male,45-54,90.0,Loan originated
1,275000.0,30%-<36%,545000.0,100.0,1,White,Joint,55-64,49.451,Loan originated
1,395000.0,37,425000.0,138.0,1,White,Male,45-54,95.0,Loan originated
1,1105000.0,>60%,1385000.0,250.0,1,Hispanic or Latino,Male,25-34,80.0,Application denied
1,1145000.0,48,1605000.0,384.0,1,White,Male,35-44,95.0,Loan originated
1,505000.0,44,675000.0,147.0,1,White,Female,45-54,75.0,Loan originated
1,485000.0,20%-<30%,605000.0,226.0,1,Hispanic or Latino,Male,55-64,80.0,Loan originated
1,625000.0,49,665000.0,175.0,1,Hispanic or Latino,Joint,25-34,95.0,Loan originated
1,545000.0,48,575000.0,213.0,1,Hispanic or Latino,Joint,45-54,95.0,Loan originated
1,465000.0,30%-<36%,625000.0,155.0,1,White,Joint,55-64,75.0,Loan originated
1,485000.0,20%-<30%,605000.0,239.0,1,Asian,Female,55-64,80.0,Loan originated
1,375000.0,49,465000.0,73.0,1,White,Joint,>74,80.0,Loan originated
1,495000.0,30%-<36%,765000.0,139.0,1,Asian,Female,45-54,64.575,Loan originated
1,535000.0,42,565000.0,252.0,1,White,Joint,25-34,95.0,Loan originated
1,725000.0,45,915000.0,199.0,1,White,Joint,45-54,80.0,Loan originated
1,325000.0,36,765000.0,162.0,1,Black or African American,Female,55-64,42.105,Loan originated
1,255000.0,44,265000.0,64.0,1,Hispanic or Latino,Female,45-54,97.0,Loan originated
1,385000.0,38,785000.0,130.0,1,Asian,Female,25-34,49.16,Loan originated
1,765000.0,47,805000.0,210.0,1,Hispanic or Latino,Joint,25-34,95.0,Loan originated
1,325000.0,46,415000.0,70.0,1,Hispanic or Latino,Male,35-44,100.0,Loan originated
1,455000.0,47,805000.0,123.0,1,Asian,Female,35-44,56.25,Loan originated
1,585000.0,44,725000.0,129.0,1,Asian,Joint,35-44,80.0,Loan originated
1,555000.0,45,705000.0,141.0,1,Asian,Joint,25-34,100.0,Loan originated
1,545000.0,30%-<36%,725000.0,389.0,1,White,Joint,35-44,75.0,Loan originated
1,765000.0,49,965000.0,30.0,1,White,Female,45-54,80.0,Loan originated
1,555000.0,49,705000.0,150.0,1,Hispanic or Latino,Male,35-44,78.723,Loan originated
1,455000.0,46,465000.0,100.0,1,Asian,Male,25-34,97.0,Loan originated
1,645000.0,49,675000.0,143.0,1,White,Male,35-44,95.0,Loan originated
1,125000.0,40,325000.0,93.0,1,White,Joint,55-64,40.0,Loan originated
1,455000.0,20%-<30%,1525000.0,323.0,1,White,Joint,45-54,29.508,Loan originated
1,425000.0,47,605000.0,122.0,1,White,Joint,55-64,70.0,Loan originated
1,505000.0,48,745000.0,256.0,1,White,Joint,25-34,69.0,Loan originated
1,685000.0,30%-<36%,865000.0,167.0,1,White,Male,25-34,79.07,Loan originated
1,1055000.0,30%-<36%,1165000.0,453.0,1,Hispanic or Latino,Male,25-34,90.0,Loan originated
1,345000.0,41,445000.0,121.0,1,White,Joint,65-74,79.12,Loan originated
1,925000.0,36,1405000.0,362.0,1,White,Joint,25-34,65.71,Loan originated
1,465000.0,45,735000.0,199.0,1,Hispanic or Latino,Female,55-64,63.265,Loan originated
1,165000.0,44,165000.0,73.0,1,White,Female,35-44,95.0,Loan originated
1,755000.0,44,1055000.0,200.0,1,Asian,Male,55-64,71.467,Loan originated
1,245000.0,30%-<36%,545000.0,86.0,1,White,Female,35-44,44.954,Loan originated
1,555000.0,<20%,685000.0,12331.0,1,White,Male,25-34,80.0,Loan originated
1,925000.0,47,1195000.0,132.0,1,White,Joint,35-44,77.466,Loan originated
1,255000.0,49,265000.0,60.0,1,Hispanic or Latino,Female,45-54,100.0,Loan originated
1,235000.0,49,625000.0,69.0,1,White,Male,<25,37.918,Loan originated
1,725000.0,49,805000.0,138.0,1,Asian,Joint,35-44,90.0,Loan originated
1,425000.0,48,535000.0,99.0,1,Hispanic or Latino,Male,35-44,80.0,Loan originated
1,535000.0,39,565000.0,180.0,1,White,Male,<25,95.0,Loan originated
1,1055000.0,20%-<30%,1325000.0,424.0,1,White,Joint,25-34,80.0,Loan originated
1,835000.0,41,935000.0,210.0,1,White,Female,45-54,89.9,Loan originated
1,295000.0,30%-<36%,355000.0,103.0,1,White,Joint,45-54,85.0,Loan originated
1,905000.0,20%-<30%,1005000.0,358.0,1,White,Joint,45-54,90.0,Loan originated
1,635000.0,43,795000.0,148.0,1,Asian,Male,25-34,80.0,Loan originated
1,865000.0,44,985000.0,204.0,1,Asian,Male,35-44,88.0,Loan originated
1,395000.0,49,495000.0,74.0,1,Asian,Male,45-54,80.0,Application denied
1,445000.0,49,555000.0,84.0,1,Asian,Male,45-54,80.0,Loan originated
1,405000.0,30%-<36%,855000.0,124.0,1,Asian,Female,25-34,47.059,Loan originated
1,615000.0,40,765000.0,170.0,1,Black or African American,Male,45-54,80.0,Loan originated
1,265000.0,40,355000.0,114.0,1,White,Male,55-64,75.0,Loan originated
1,695000.0,46,925000.0,207.0,1,Asian,Joint,35-44,75.0,Loan originated
1,975000.0,39,1355000.0,234.0,1,Asian,Joint,25-34,72.015,Loan originated
1,445000.0,30%-<36%,705000.0,134.0,1,White,Male,25-34,62.857,Loan originated
1,425000.0,30%-<36%,455000.0,126.0,1,White,Joint,25-34,95.0,Loan originated
1,725000.0,38,905000.0,209.0,1,Hispanic or Latino,Joint,45-54,80.0,Loan originated
1,235000.0,30%-<36%,315000.0,135.0,1,Hispanic or Latino,Joint,35-44,95.0,Loan originated
1,1035000.0,49,1385000.0,216.0,1,Asian,Male,25-34,75.0,Loan originated
1,345000.0,49,365000.0,89.0,1,Hispanic or Latino,Male,35-44,95.0,Loan originated
1,225000.0,38,275000.0,61.0,1,Hispanic or Latino,Male,65-74,80.0,Loan originated
1,485000.0,47,545000.0,102.0,1,White,Male,25-34,90.0,Loan originated
1,325000.0,49,635000.0,109.0,1,White,Male,65-74,51.555,Loan originated
1,505000.0,39,895000.0,154.0,1,White,Female,55-64,55.866,Loan originated
1,305000.0,44,465000.0,79.0,1,White,Male,<25,66.304,Loan originated
1,345000.0,43,435000.0,72.0,1,Asian,Joint,25-34,80.0,Loan originated
1,765000.0,43,965000.0,245.0,1,White,Male,45-54,89.9,Loan originated
1,395000.0,45,445000.0,84.0,1,Hispanic or Latino,Female,35-44,90.0,Loan originated
1,485000.0,47,505000.0,127.0,1,Hispanic or Latino,Male,25-34,100.0,Loan originated
1,525000.0,47,825000.0,121.0,1,White,Joint,45-54,63.636,Loan originated
1,385000.0,45,585000.0,215.0,1,Asian,Joint,<25,65.52,Application denied
1,275000.0,20%-<30%,515000.0,156.0,1,White,Joint,35-44,53.398,Loan originated
1,605000.0,50%-60%,635000.0,124.0,1,Hispanic or Latino,Joint,35-44,95.0,Loan originated
1,505000.0,>60%,725000.0,89.0,1,White,Joint,55-64,70.0,Application denied
1,265000.0,37,365000.0,212.0,1,Hispanic or Latino,Joint,45-54,72.678,Application denied
1,305000.0,20%-<30%,315000.0,154.0,1,White,Female,45-54,100.0,Loan originated
1,715000.0,43,1025000.0,253.0,1,Hispanic or Latino,Female,45-54,80.0,Loan originated
1,295000.0,20%-<30%,365000.0,182.0,1,White,Male,35-44,80.0,Loan originated
1,345000.0,46,435000.0,77.0,1,Black or African American,Female,35-44,80.0,Loan originated
1,965000.0,42,1605000.0,237.0,1,Asian,Joint,25-34,60.0,Loan originated
1,335000.0,49,745000.0,203.0,1,White,Male,35-44,45.0,Application denied
1,635000.0,48,795000.0,133.0,1,Asian,Joint,35-44,80.0,Loan originated
1,345000.0,30%-<36%,435000.0,137.0,1,Hispanic or Latino,Female,25-34,80.0,Loan originated
1,1055000.0,20%-<30%,1805000.0,519.0,1,White,Joint,35-44,58.34,Loan originated
1,695000.0,>60%,725000.0,180.0,1,Hispanic or Latino,Joint,35-44,95.0,Application denied
1,865000.0,30%-<36%,1085000.0,300.0,1,White,Joint,35-44,80.0,Loan originated
1,435000.0,47,585000.0,142.0,1,Hispanic or Latino,Joint,25-34,74.138,Loan originated
1,505000.0,<20%,1295000.0,217.0,1,Asian,Male,25-34,38.76,Loan originated
1,505000.0,20%-<30%,935000.0,417.0,1,White,Joint,55-64,53.763,Loan originated
1,625000.0,47,775000.0,151.0,1,Asian,Male,25-34,80.0,Loan originated
1,635000.0,20%-<30%,795000.0,292.0,1,White,Joint,25-34,80.0,Loan originated
1,765000.0,30%-<36%,3325000.0,454.0,1,White,Male,55-64,66.466,Loan originated
1,215000.0,41,715000.0,78.0,1,White,Female,35-44,30.07,Loan originated
1,445000.0,45,635000.0,137.0,1,White,Joint,35-44,69.291,Loan originated
1,725000.0,45,765000.0,179.0,1,Asian,Joint,25-34,95.0,Loan originated
1,405000.0,30%-<36%,1425000.0,239.0,1,Asian,Joint,35-44,28.37,Loan originated
1,35000.0,30%-<36%,45000.0,49.0,1,White,Female,55-64,75.0,Application denied
1,695000.0,20%-<30%,875000.0,358.0,1,White,Female,35-44,80.0,Loan originated
1,345000.0,38,465000.0,106.0,1,White,Joint,45-54,75.0,Loan originated
1,425000.0,48,1095000.0,154.0,1,White,Male,55-64,38.58,Loan originated
1,605000.0,50%-60%,1085000.0,111.0,1,White,Male,35-44,55.88,Loan originated
1,105000.0,20%-<30%,695000.0,106.0,1,White,Joint,>74,18.874,Loan originated
1,1145000.0,42,1275000.0,595.0,1,White,Male,45-54,90.0,Loan originated
1,1045000.0,>60%,1105000.0,172.0,1,Asian,Joint,35-44,80.0,Application denied
1,205000.0,47,225000.0,57.0,1,White,Female,35-44,95.0,Loan originated
1,855000.0,45,1075000.0,258.0,1,White,Male,65-74,80.0,Loan originated
1,625000.0,36,705000.0,187.0,1,White,Joint,35-44,89.986,Loan originated
1,665000.0,48,955000.0,302.0,1,Asian,Joint,25-34,70.0,Loan originated
1,725000.0,49,825000.0,230.0,1,White,Male,35-44,87.879,Loan originated
1,205000.0,47,255000.0,55.0,1,White,Male,35-44,80.0,Application denied
1,115000.0,46,115000.0,67.0,1,White,Joint,55-64,96.25,Application denied
1,405000.0,<20%,835000.0,295.0,1,Asian,Male,35-44,47.91,Loan originated
1,445000.0,20%-<30%,465000.0,202.0,1,White,Male,25-34,95.0,Loan originated
1,635000.0,44,655000.0,150.0,1,Hispanic or Latino,Joint,55-64,97.0,Loan originated
1,225000.0,20%-<30%,395000.0,86.0,1,White,Male,25-34,57.692,Loan originated
1,395000.0,49,445000.0,103.0,1,White,Female,55-64,88.036,Loan originated
1,695000.0,45,715000.0,174.0,1,White,Joint,35-44,97.0,Loan originated
1,315000.0,42,605000.0,275.0,1,White,Joint,35-44,52.516,Loan originated
1,455000.0,36,865000.0,177.0,1,White,Female,25-34,52.326,Loan originated
1,685000.0,44,855000.0,258.0,1,Asian,Joint,35-44,79.957,Loan originated
1,305000.0,42,555000.0,94.0,1,Asian,Female,35-44,55.0,Loan originated
1,575000.0,49,685000.0,141.0,1,White,Joint,35-44,85.0,Loan originated
1,885000.0,49,1485000.0,180.0,1,Asian,Joint,25-34,59.7,Loan originated
1,365000.0,>60%,455000.0,61.0,1,White,Female,25-34,80.0,Application denied
1,1105000.0,42,1585000.0,334.0,1,Asian,Joint,35-44,70.0,Loan originated
1,265000.0,47,745000.0,80.0,1,Asian,Male,45-54,35.666,Loan originated
1,365000.0,40,385000.0,98.0,1,Hispanic or Latino,Female,25-34,97.0,Loan originated
1,335000.0,44,535000.0,174.0,1,Asian,Female,35-44,63.0,Loan originated
1,415000.0,30%-<36%,425000.0,159.0,1,White,Joint,35-44,100.0,Loan originated
1,435000.0,42,485000.0,154.0,1,White,Female,55-64,90.0,Loan originated
1,625000.0,44,655000.0,158.0,1,Hispanic or Latino,Male,35-44,95.0,Loan originated
1,955000.0,49,1195000.0,210.0,1,Asian,Joint,55-64,79.874,Loan originated
1,945000.0,20%-<30%,1175000.0,506.0,1,Asian,Female,35-44,80.0,Loan originated
1,1005000.0,20%-<30%,1305000.0,372.0,1,White,Male,25-34,76.92,Loan originated
1,495000.0,39,615000.0,119.0,1,Hispanic or Latino,Joint,35-44,79.997,Loan originated
1,385000.0,30%-<36%,685000.0,175.0,1,White,Female,35-44,56.204,Loan originated
1,435000.0,47,545000.0,104.0,1,Hispanic or Latino,Female,35-44,80.0,Loan originated
1,505000.0,49,535000.0,113.0,1,Hispanic or Latino,Male,25-34,95.0,Loan originated
1,495000.0,30%-<36%,615000.0,233.0,1,Asian,Male,25-34,80.0,Loan originated
1,345000.0,47,545000.0,86.0,1,White,Female,25-34,62.963,Loan originated
1,555000.0,44,655000.0,156.0,1,Hispanic or Latino,Female,35-44,84.228,Loan originated
1,905000.0,36,1255000.0,442.0,1,Asian,Joint,35-44,72.0,Loan originated
1,335000.0,20%-<30%,355000.0,175.0,1,Hispanic or Latino,Male,55-64,95.0,Loan originated
1,395000.0,30%-<36%,695000.0,133.0,1,Asian,Joint,25-34,56.522,Loan originated
1,715000.0,49,895000.0,181.0,1,Asian,Joint,45-54,80.0,Loan originated
1,725000.0,43,905000.0,189.0,1,Asian,Female,35-44,80.0,Loan originated
1,505000.0,37,1005000.0,156.0,1,White,Male,45-54,50.0,Loan originated
1,325000.0,30%-<36%,355000.0,194.0,1,White,Joint,55-64,90.0,Loan originated
1,505000.0,20%-<30%,1205000.0,236.0,1,Asian,Female,25-34,41.667,Loan originated
1,185000.0,20%-<30%,585000.0,140.0,1,Asian,Male,25-34,30.76,Loan originated
1,1145000.0,41,1765000.0,286.0,1,Asian,Joint,35-44,65.146,Loan originated
1,325000.0,50%-60%,465000.0,89.0,1,Hispanic or Latino,Male,45-54,70.0,Loan originated
1,645000.0,49,855000.0,227.0,1,White,Male,25-34,75.0,Loan originated
1,575000.0,41,715000.0,214.0,1,Hispanic or Latino,Joint,35-44,80.0,Loan originated
1,445000.0,20%-<30%,595000.0,196.0,1,Asian,Joint,35-44,75.0,Loan originated
1,645000.0,47,805000.0,130.0,1,Hispanic or Latino,Male,25-34,80.0,Loan originated
1,775000.0,20%-<30%,1375000.0,1082.0,1,White,Female,55-64,56.49,Loan originated
1,1145000.0,30%-<36%,1305000.0,307.0,1,Asian,Joint,25-34,88.385,Loan originated
1,255000.0,<20%,1505000.0,360.0,1,White,Male,>74,16.67,Application denied
1,955000.0,20%-<30%,1885000.0,460.0,1,White,Male,45-54,51.0,Loan originated
1,285000.0,37,415000.0,80.0,1,White,Male,<25,67.62,Loan originated
1,595000.0,41,695000.0,146.0,1,White,Male,35-44,85.636,Loan originated
1,505000.0,50%-60%,525000.0,120.0,1,Hispanic or Latino,Male,35-44,95.0,Application denied
1,765000.0,44,1645000.0,268.0,1,White,Joint,65-74,46.457,Loan originated
1,685000.0,45,915000.0,200.0,1,White,Joint,35-44,75.0,Loan originated
1,155000.0,20%-<30%,515000.0,142.0,1,White,Joint,55-64,28.949,Loan originated
1,625000.0,45,905000.0,146.0,1,White,Joint,25-34,69.444,Loan originated
1,485000.0,43,655000.0,135.0,1,White,Female,55-64,75.0,Loan originated
1,755000.0,50%-60%,945000.0,240.0,1,Asian,Male,45-54,80.0,Loan originated
1,305000.0,20%-<30%,1105000.0,200.0,1,White,Joint,55-64,27.273,Loan originated
1,925000.0,36,1155000.0,426.0,1,White,Female,45-54,80.0,Loan originated
1,325000.0,36,475000.0,105.0,1,Hispanic or Latino,Joint,65-74,70.0,Loan originated
1,765000.0,20%-<30%,955000.0,585.0,1,White,Male,45-54,80.0,Loan originated
1,315000.0,43,335000.0,84.0,1,Hispanic or Latino,Female,35-44,100.0,Loan originated
1,465000.0,30%-<36%,585000.0,136.0,1,Hispanic or Latino,Male,25-34,80.0,Loan originated
1,665000.0,44,745000.0,145.0,1,White,Female,35-44,89.99,Loan originated
1,565000.0,30%-<36%,665000.0,274.0,1,Hispanic or Latino,Joint,45-54,85.0,Loan originated
1,475000.0,44,555000.0,112.0,1,White,Female,25-34,85.0,Application denied
1,415000.0,42,435000.0,194.0,1,Hispanic or Latino,Joint,35-44,95.0,Loan originated
1,325000.0,<20%,325000.0,0.0,1,White,Female,55-64,97.0,Application denied
1,565000.0,46,625000.0,267.0,1,Asian,Female,<25,89.99,Loan originated
1,635000.0,39,905000.0,193.0,1,Asian,Female,45-54,70.0,Loan originated
1,405000.0,46,505000.0,87.0,1,White,Joint,<25,80.0,Loan originated
1,705000.0,41,1055000.0,169.0,1,Asian,Male,35-44,66.667,Loan originated
1,445000.0,40,745000.0,123.0,1,Asian,Male,25-34,59.94,Loan originated
1,915000.0,20%-<30%,1145000.0,415.0,1,Asian,Joint,25-34,79.999,Loan originated
1,725000.0,36,925000.0,185.0,1,Asian,Joint,25-34,78.261,Loan originated
1,565000.0,30%-<36%,625000.0,249.0,1,Hispanic or Latino,Joint,25-34,90.0,Loan originated
1,935000.0,20%-<30%,1335000.0,379.0,1,Asian,Joint,35-44,70.0,Loan originated
1,735000.0,<20%,915000.0,1985.0,1,Hispanic or Latino,Male,25-34,80.0,Loan originated
1,265000.0,30%-<36%,385000.0,166.0,1,Hispanic or Latino,Male,25-34,68.678,Loan originated
1,375000.0,20%-<30%,425000.0,175.0,1,Hispanic or Latino,Joint,35-44,90.0,Loan originated
1,645000.0,40,685000.0,166.0,1,Hispanic or Latino,Male,25-34,95.0,Loan originated
1,405000.0,>60%,435000.0,143.0,1,Hispanic or Latino,Male,45-54,95.0,Application denied
1,615000.0,46,825000.0,170.0,1,Asian,Male,35-44,75.0,Loan originated
1,625000.0,36,835000.0,167.0,1,Asian,Female,25-34,75.0,Loan originated
1,665000.0,44,1175000.0,290.0,1,White,Female,35-44,56.29,Loan originated
1,525000.0,41,625000.0,174.0,1,Hispanic or Latino,Joint,25-34,83.871,Loan originated
1,725000.0,20%-<30%,905000.0,290.0,1,Asian,Joint,25-34,79.999,Loan originated
1,725000.0,48,1315000.0,169.0,1,White,Male,25-34,55.344,Loan originated
1,665000.0,49,875000.0,142.0,1,White,Male,25-34,76.092,Loan originated
1,285000.0,39,725000.0,103.0,1,Asian,Male,35-44,98.001,Loan originated
1,615000.0,39,775000.0,251.0,1,White,Male,<25,80.0,Loan originated
1,505000.0,49,535000.0,148.0,1,White,Male,<25,95.0,Loan originated
1,625000.0,39,785000.0,131.0,1,Hispanic or Latino,Joint,25-34,80.0,Application denied
1,575000.0,44,715000.0,275.0,1,Hispanic or Latino,Joint,45-54,80.0,Loan originated
1,485000.0,43,685000.0,116.0,1,Hispanic or Latino,Male,35-44,70.186,Loan originated
1,1005000.0,45,1825000.0,249.0,1,Asian,Male,25-34,54.795,Loan originated
1,565000.0,49,595000.0,236.0,1,Hispanic or Latino,Male,35-44,95.0,Loan originated
1,365000.0,48,505000.0,148.0,1,Hispanic or Latino,Female,55-64,72.8,Loan originated
1,485000.0,49,585000.0,91.0,1,Hispanic or Latino,Male,<25,102.948,Loan originated
1,715000.0,<20%,735000.0,0.0,1,Black or African American,Joint,35-44,97.0,Application denied
1,675000.0,36,725000.0,214.0,1,Asian,Joint,35-44,93.103,Loan originated
1,605000.0,20%-<30%,755000.0,235.0,1,White,Joint,25-34,80.0,Loan originated
1,975000.0,41,1225000.0,215.0,1,Asian,Female,25-34,80.0,Loan originated
1,555000.0,45,955000.0,328.0,1,Asian,Joint,25-34,57.89,Loan originated
1,505000.0,49,525000.0,103.0,1,White,Female,25-34,100.0,Loan originated
1,485000.0,46,565000.0,134.0,1,Hispanic or Latino,Female,25-34,87.0,Loan originated
1,305000.0,49,735000.0,93.0,1,White,Female,65-74,40.595,Loan originated
1,255000.0,20%-<30%,555000.0,186.0,1,White,Female,65-74,45.455,Loan originated
1,895000.0,39,1285000.0,213.0,1,Asian,Joint,25-34,70.0,Loan originated
1,1095000.0,20%-<30%,1375000.0,433.0,1,Asian,Joint,25-34,80.0,Loan originated
1,305000.0,49,385000.0,87.0,1,Hispanic or Latino,Male,45-54,79.0,Loan originated
1,565000.0,30%-<36%,665000.0,378.0,1,Hispanic or Latino,Joint,<25,85.0,Loan originated
1,465000.0,44,1395000.0,172.0,1,Hispanic or Latino,Male,25-34,33.405,Loan originated
1,585000.0,46,735000.0,128.0,1,Hispanic or Latino,Male,45-54,80.0,Loan originated
1,895000.0,37,1275000.0,258.0,1,Asian,Joint,35-44,70.0,Loan originated
1,715000.0,40,795000.0,173.0,1,Asian,Joint,25-34,90.0,Loan originated
1,665000.0,46,955000.0,174.0,1,White,Male,25-34,69.47,Loan originated
1,265000.0,20%-<30%,625000.0,133.0,1,White,Female,65-74,41.76,Loan originated
1,355000.0,49,925000.0,100.0,1,White,Male,25-34,38.002,Loan originated
1,385000.0,43,395000.0,129.0,1,White,Female,65-74,97.0,Loan originated
1,275000.0,30%-<36%,1085000.0,274.0,1,Hispanic or Latino,Joint,25-34,26.0,Loan originated
1,785000.0,48,875000.0,235.0,1,Hispanic or Latino,Joint,25-34,90.0,Loan originated
1,295000.0,43,555000.0,90.0,1,White,Female,45-54,53.405,Loan originated
1,65000.0,30%-<36%,65000.0,46.0,1,White,Female,65-74,95.0,Application denied
1,395000.0,45,475000.0,150.0,1,Asian,Female,45-54,85.0,Loan originated
1,545000.0,37,575000.0,155.0,1,Hispanic or Latino,Male,25-34,95.0,Loan originated
1,355000.0,49,375000.0,113.0,1,White,Joint,25-34,95.0,Loan originated
1,195000.0,20%-<30%,205000.0,156.0,1,Hispanic or Latino,Male,45-54,95.0,Application denied
1,685000.0,30%-<36%,865000.0,215.0,1,Asian,Male,25-34,80.0,Loan originated
1,455000.0,50%-60%,1855000.0,136.0,1,Asian,Male,55-64,24.32,Loan originated
1,1145000.0,49,1295000.0,343.0,1,White,Joint,<25,89.001,Loan originated
1,445000.0,20%-<30%,465000.0,190.0,1,Asian,Female,25-34,95.0,Loan originated
1,635000.0,39,855000.0,335.0,1,Asian,Male,25-34,75.0,Loan originated
1,565000.0,41,805000.0,222.0,1,Hispanic or Latino,Female,55-64,70.0,Loan originated
1,755000.0,42,795000.0,193.0,1,Asian,Joint,45-54,95.0,Loan originated
1,595000.0,50%-60%,795000.0,331.0,1,White,Male,25-34,75.0,Loan originated
1,345000.0,45,435000.0,90.0,1,Hispanic or Latino,Female,<25,80.0,Loan originated
1,705000.0,49,825000.0,156.0,1,Black or African American,Female,45-54,85.0,Loan originated
1,705000.0,30%-<36%,885000.0,799.0,1,Hispanic or Latino,Male,45-54,80.0,Loan originated
1,1045000.0,40,1225000.0,269.0,1,Asian,Male,25-34,84.998,Loan originated
1,505000.0,49,625000.0,94.0,1,Hispanic or Latino,Male,35-44,80.0,Loan originated
1,525000.0,43,705000.0,174.0,1,White,Male,65-74,75.0,Application denied
1,565000.0,49,835000.0,120.0,1,Hispanic or Latino,Joint,45-54,68.07,Loan originated
1,1005000.0,48,1405000.0,197.0,1,Asian,Joint,35-44,72.0,Loan originated
1,335000.0,30%-<36%,625000.0,117.0,1,White,Joint,35-44,54.0,Loan originated
1,685000.0,30%-<36%,855000.0,204.0,1,White,Male,35-44,80.0,Loan originated
1,365000.0,44,455000.0,121.0,1,Hispanic or Latino,Male,35-44,80.0,Loan originated
1,685000.0,47,855000.0,172.0,1,White,Joint,35-44,80.0,Loan originated
1,165000.0,20%-<30%,595000.0,103.0,1,White,Joint,65-74,26.667,Loan originated
1,515000.0,48,545000.0,136.0,1,White,Female,45-54,95.0,Loan originated
1,275000.0,40,325000.0,76.0,1,White,Female,45-54,85.0,Loan originated
1,395000.0,40,525000.0,125.0,1,White,Male,55-64,75.0,Loan originated
1,765000.0,49,985000.0,199.0,1,Asian,Male,45-54,78.0,Loan originated
1,545000.0,47,685000.0,150.0,1,White,Joint,35-44,80.0,Loan originated
1,475000.0,30%-<36%,835000.0,180.0,1,White,Joint,35-44,56.89,Loan originated
1,345000.0,43,405000.0,83.0,1,White,Male,25-34,85.348,Loan originated
1,675000.0,40,755000.0,206.0,1,Asian,Male,>74,90.0,Loan originated
1,315000.0,30%-<36%,615000.0,158.0,1,White,Joint,<25,50.82,Loan originated
1,865000.0,42,1085000.0,196.0,1,Asian,Male,25-34,80.0,Loan originated
1,475000.0,30%-<36%,595000.0,248.0,1,Hispanic or Latino,Male,45-54,80.0,Loan originated
1,245000.0,20%-<30%,775000.0,164.0,1,White,Joint,45-54,31.818,Loan originated
1,655000.0,40,775000.0,198.0,1,Hispanic or Latino,Female,25-34,85.0,Loan originated
1,325000.0,20%-<30%,335000.0,118.0,1,White,Joint,35-44,97.0,Loan originated
1,515000.0,46,545000.0,184.0,1,Hispanic or Latino,Joint,25-34,94.999,Loan originated
1,675000.0,36,795000.0,319.0,1,Hispanic or Latino,Male,<25,85.0,Loan originated
1,435000.0,39,685000.0,239.0,1,White,Male,45-54,64.0,Loan originated
1,675000.0,30%-<36%,2285000.0,350.0,1,Asian,Male,35-44,29.55,Loan originated
1,595000.0,44,625000.0,149.0,1,Hispanic or Latino,Joint,25-34,95.0,Loan originated
1,655000.0,45,715000.0,162.0,1,Asian,Male,35-44,91.0,Loan originated
1,665000.0,49,955000.0,192.0,1,Asian,Female,25-34,70.0,Loan originated
1,375000.0,42,405000.0,155.0,1,Hispanic or Latino,Male,55-64,95.0,Loan originated
1,825000.0,45,1035000.0,185.0,1,White,Female,35-44,80.0,Application denied
1,125000.0,40,225000.0,71.0,1,White,Male,35-44,55.23,Loan originated
1,725000.0,42,905000.0,176.0,1,Hispanic or Latino,Joint,55-64,80.0,Loan originated
1,985000.0,46,1035000.0,263.0,1,White,Joint,35-44,95.0,Loan originated
1,755000.0,30%-<36%,1255000.0,250.0,1,White,Joint,35-44,60.0,Loan originated
1,755000.0,46,885000.0,205.0,1,White,Female,55-64,85.0,Loan originated
1,495000.0,45,675000.0,140.0,1,White,Joint,35-44,73.14,Loan originated
1,605000.0,44,625000.0,121.0,1,Hispanic or Latino,Joint,<25,97.0,Loan originated
1,545000.0,20%-<30%,1245000.0,210.0,1,White,Female,45-54,43.548,Loan originated
1,955000.0,>60%,1195000.0,135.0,1,Asian,Joint,35-44,80.0,Application denied
1,515000.0,30%-<36%,765000.0,214.0,1,White,Joint,35-44,67.49,Loan originated
1,155000.0,30%-<36%,195000.0,110.0,1,Hispanic or Latino,Joint,35-44,80.0,Loan originated
1,615000.0,47,685000.0,160.0,1,Other,Female,<25,89.99,Loan originated
1,975000.0,30%-<36%,1395000.0,272.0,1,White,Joint,25-34,70.0,Loan originated
1,605000.0,40,1735000.0,204.0,1,White,Male,>74,34.682,Loan originated
1,475000.0,47,525000.0,129.0,1,Asian,Joint,25-34,90.0,Loan originated
1,1065000.0,39,1515000.0,250.0,1,Hispanic or Latino,Male,25-34,70.2,Loan originated
1,755000.0,30%-<36%,795000.0,236.0,1,Hispanic or Latino,Joint,35-44,95.0,Loan originated
1,545000.0,42,785000.0,128.0,1,White,Female,55-64,70.0,Loan originated
1,375000.0,30%-<36%,1205000.0,147.0,1,Asian,Male,35-44,31.25,Loan originated
1,655000.0,49,1825000.0,201.0,1,Asian,Joint,55-64,35.62,Loan originated
1,295000.0,47,455000.0,71.0,1,Hispanic or Latino,Male,35-44,65.56,Loan originated
1,435000.0,48,455000.0,99.0,1,Hispanic or Latino,Female,25-34,95.0,Loan originated
1,655000.0,40,835000.0,266.0,1,Asian,Male,55-64,78.15,Loan originated
1,115000.0,49,705000.0,65.0,1,White,Female,25-34,15.887,Loan originated
1,955000.0,47,1215000.0,227.0,1,White,Female,25-34,78.512,Loan originated
1,455000.0,43,605000.0,114.0,1,White,Female,35-44,75.0,Loan originated
1,245000.0,44,275000.0,59.0,1,White,Female,55-64,89.99,Loan originated
1,625000.0,30%-<36%,775000.0,717.0,1,Asian,Joint,35-44,80.0,Loan originated
1,505000.0,20%-<30%,1785000.0,469.0,1,Asian,Joint,35-44,28.011,Loan originated
1,605000.0,37,765000.0,162.0,1,White,Male,35-44,80.0,Loan originated
1,545000.0,49,995000.0,138.0,1,Asian,Male,45-54,54.054,Loan originated
1,695000.0,<20%,865000.0,537.0,1,Hispanic or Latino,Male,35-44,80.0,Loan originated
1,535000.0,47,565000.0,150.0,1,Hispanic or Latino,Joint,35-44,95.0,Loan originated
1,375000.0,43,775000.0,117.0,1,White,Joint,65-74,48.052,Loan originated
1,645000.0,20%-<30%,915000.0,284.0,1,White,Joint,25-34,70.0,Loan originated
1,695000.0,39,815000.0,219.0,1,Asian,Male,35-44,85.0,Loan originated
1,325000.0,48,405000.0,90.0,1,Hispanic or Latino,Male,25-34,80.0,Loan originated
1,325000.0,42,415000.0,120.0,1,White,Male,45-54,80.0,Loan originated
1,715000.0,40,885000.0,251.0,1,Hispanic or Latino,Joint,45-54,80.0,Loan originated
1,1025000.0,42,1285000.0,281.0,1,Asian,Joint,25-34,80.0,Loan originated
1,225000.0,20%-<30%,525000.0,140.0,1,White,Joint,65-74,42.31,Loan originated
1,135000.0,41,315000.0,68.0,1,Hispanic or Latino,Male,65-74,42.0,Loan originated
1,95000.0,46,375000.0,96.0,1,White,Joint,>74,26.0,Loan originated
1,395000.0,39,725000.0,246.0,1,White,Joint,35-44,54.48,Loan originated
1,305000.0,48,385000.0,114.0,1,White,Joint,65-74,80.0,Loan originated
1,645000.0,45,725000.0,168.0,1,White,Female,65-74,90.0,Loan originated
1,285000.0,47,355000.0,72.0,1,White,Male,65-74,80.0,Loan originated
1,235000.0,40,255000.0,116.0,1,Hispanic or Latino,Male,45-54,95.0,Loan originated
1,855000.0,46,1565000.0,244.0,1,White,Female,55-64,54.487,Loan originated
1,855000.0,48,1465000.0,187.0,1,White,Joint,45-54,58.22,Loan originated
1,765000.0,20%-<30%,1375000.0,350.0,1,White,Female,25-34,57.85,Loan originated
1,765000.0,39,885000.0,432.0,1,Hispanic or Latino,Male,25-34,86.97,Loan originated
1,395000.0,30%-<36%,425000.0,107.0,1,Hispanic or Latino,Male,25-34,95.0,Loan originated
1,635000.0,20%-<30%,935000.0,274.0,1,Hispanic or Latino,Female,35-44,70.968,Application denied
1,825000.0,38,1035000.0,267.0,1,Asian,Male,35-44,80.0,Loan originated
1,315000.0,48,415000.0,121.0,1,White,Female,>74,75.845,Loan originated
1,425000.0,45,655000.0,98.0,1,Hispanic or Latino,Female,65-74,64.615,Loan originated
1,1145000.0,49,1355000.0,293.0,1,Asian,Joint,25-34,85.0,Loan originated
1,475000.0,38,535000.0,243.0,1,White,Male,55-64,90.0,Loan originated
1,995000.0,44,1115000.0,275.0,1,Hispanic or Latino,Male,45-54,90.0,Loan originated
1,635000.0,40,905000.0,239.0,1,White,Joint,25-34,70.0,Loan originated
1,185000.0,44,335000.0,52.0,1,White,Joint,>74,55.0,Loan originated
1,535000.0,42,585000.0,183.0,1,Hispanic or Latino,Joint,25-34,91.38,Loan originated
1,475000.0,45,625000.0,118.0,1,White,Female,35-44,76.032,Loan originated
1,275000.0,48,455000.0,143.0,1,White,Male,35-44,60.0,Loan originated
1,505000.0,<20%,655000.0,156.0,1,Other,Male,25-34,76.923,Application denied
1,345000.0,47,495000.0,80.0,1,White,Female,35-44,70.0,Loan originated
1,765000.0,38,835000.0,277.0,1,White,Joint,35-44,91.28,Loan originated
1,545000.0,30%-<36%,685000.0,290.0,1,White,Female,45-54,80.0,Loan originated
1,395000.0,42,475000.0,96.0,1,Asian,Female,45-54,104.0,Loan originated
1,575000.0,48,605000.0,141.0,1,Hispanic or Latino,Male,25-34,95.0,Loan originated
1,475000.0,20%-<30%,955000.0,270.0,1,White,Male,35-44,49.215,Loan originated
1,525000.0,41,655000.0,160.0,1,White,Female,35-44,80.0,Loan originated
1,1005000.0,46,2255000.0,327.0,1,Asian,Female,45-54,44.444,Loan originated
1,445000.0,39,465000.0,234.0,1,White,Joint,45-54,95.0,Loan originated
1,575000.0,50%-60%,775000.0,223.0,1,Hispanic or Latino,Joint,65-74,74.194,Application denied
1,205000.0,>60%,305000.0,23.0,1,Hispanic or Latino,Male,55-64,66.67,Application denied
1,545000.0,30%-<36%,675000.0,174.0,1,Asian,Joint,25-34,80.0,Loan originated
1,395000.0,42,695000.0,415.0,1,White,Male,55-64,57.051,Loan originated
1,665000.0,43,885000.0,193.0,1,Asian,Female,35-44,75.0,Loan originated
1,515000.0,20%-<30%,545000.0,221.0,1,White,Female,45-54,95.0,Loan originated
1,435000.0,44,485000.0,91.0,1,Asian,Joint,45-54,90.0,Loan originated
1,375000.0,48,455000.0,89.0,1,Hispanic or Latino,Male,25-34,82.222,Loan originated
1,615000.0,41,655000.0,178.0,1,Hispanic or Latino,Joint,35-44,100.85,Loan originated
1,665000.0,36,735000.0,172.0,1,Asian,Female,35-44,90.91,Loan originated
1,525000.0,49,1605000.0,133.0,1,White,Joint,55-64,33.0,Loan originated
1,1115000.0,43,1635000.0,245.0,1,Asian,Male,25-34,68.098,Loan originated
1,515000.0,20%-<30%,535000.0,232.0,1,White,Female,35-44,95.0,Loan originated
1,745000.0,20%-<30%,995000.0,466.0,1,Asian,Female,35-44,75.0,Application denied
1,435000.0,30%-<36%,445000.0,147.0,1,White,Male,45-54,97.0,Loan originated
1,315000.0,30%-<36%,375000.0,122.0,1,Asian,Joint,35-44,105.0,Loan originated
1,365000.0,42,465000.0,82.0,1,Hispanic or Latino,Male,25-34,80.0,Loan originated
1,1005000.0,39,1435000.0,293.0,1,White,Female,35-44,69.88,Loan originated
1,575000.0,48,605000.0,129.0,1,Hispanic or Latino,Joint,35-44,95.0,Loan originated
1,915000.0,40,1305000.0,410.0,1,Asian,Male,45-54,70.0,Loan originated
1,325000.0,49,435000.0,94.0,1,White,Joint,>74,75.0,Loan originated
1,905000.0,30%-<36%,1005000.0,281.0,1,White,Joint,35-44,90.0,Loan originated
1,495000.0,47,545000.0,104.0,1,Asian,Male,45-54,91.663,Application denied
1,585000.0,20%-<30%,725000.0,244.0,1,White,Joint,55-64,80.0,Loan originated
1,1145000.0,>60%,1735000.0,2.0,1,Other,Female,25-34,66.46,Application denied
1,555000.0,49,2005000.0,141.0,1,White,Joint,45-54,27.531,Loan originated
1,395000.0,30%-<36%,495000.0,128.0,1,White,Joint,35-44,80.0,Loan originated
1,295000.0,30%-<36%,305000.0,104.0,1,White,Male,25-34,100.0,Loan originated
1,1025000.0,48,1615000.0,215.0,1,Asian,Joint,55-64,63.354,Loan originated
1,215000.0,45,385000.0,70.0,1,White,Female,45-54,97.0,Loan originated
1,505000.0,37,805000.0,156.0,1,Asian,Male,45-54,62.73,Loan originated
1,885000.0,30%-<36%,935000.0,326.0,1,Asian,Joint,45-54,95.0,Loan originated
1,195000.0,44,415000.0,73.0,1,Hispanic or Latino,Joint,65-74,47.561,Loan originated
1,485000.0,44,775000.0,135.0,1,White,Male,45-54,61.94,Loan originated
1,765000.0,20%-<30%,1025000.0,555.0,1,White,Joint,>74,74.785,Loan originated
1,425000.0,20%-<30%,605000.0,260.0,1,White,Male,25-34,70.833,Loan originated
1,305000.0,38,495000.0,95.0,1,White,Joint,35-44,62.299,Loan originated
1,415000.0,20%-<30%,525000.0,170.0,1,White,Joint,25-34,80.0,Loan originated
1,105000.0,30%-<36%,215000.0,75.0,1,White,Male,45-54,48.49,Loan originated
1,655000.0,44,815000.0,204.0,1,White,Joint,55-64,80.0,Loan originated
1,435000.0,45,455000.0,118.0,1,Asian,Male,25-34,95.0,Loan originated
1,995000.0,38,1455000.0,250.0,1,White,Female,<25,68.552,Loan originated
1,535000.0,46,1235000.0,122.0,1,Asian,Male,45-54,43.32,Loan originated
1,715000.0,46,755000.0,181.0,1,Hispanic or Latino,Joint,<25,95.0,Loan originated
1,255000.0,46,325000.0,70.0,1,White,Male,45-54,80.0,Loan originated
1,65000.0,20%-<30%,165000.0,30.0,1,White,Male,<25,43.0,Loan originated
1,855000.0,38,1005000.0,223.0,1,Asian,Male,35-44,85.0,Application denied
1,525000.0,37,665000.0,167.0,1,Other,Male,45-54,80.0,Loan originated
1,305000.0,47,375000.0,320.0,1,White,Joint,55-64,80.0,Loan originated
1,345000.0,>60%,645000.0,60.0,1,Asian,Joint,55-64,53.491,Application denied
1,695000.0,20%-<30%,1095000.0,324.0,1,Asian,Joint,35-44,63.457,Loan originated
1,755000.0,43,945000.0,170.0,1,White,Male,25-34,80.0,Loan originated
1,215000.0,30%-<36%,465000.0,99.0,1,Hispanic or Latino,Joint,65-74,46.695,Loan originated
1,645000.0,37,895000.0,203.0,1,Asian,Male,45-54,72.212,Loan originated
1,215000.0,30%-<36%,565000.0,152.0,1,White,Female,65-74,37.5,Loan originated
1,715000.0,39,785000.0,207.0,1,Hispanic or Latino,Male,25-34,89.99,Loan originated
1,695000.0,37,865000.0,182.0,1,Asian,Male,25-34,80.0,Loan originated
1,15000.0,<20%,355000.0,108.0,1,Black or African American,Female,45-54,102.91,Loan originated
1,725000.0,47,905000.0,246.0,1,White,Joint,25-34,80.0,Loan originated
1,1135000.0,30%-<36%,1425000.0,369.0,1,Asian,Joint,25-34,80.0,Loan originated
1,665000.0,44,695000.0,177.0,1,Asian,Male,25-34,95.0,Application denied
1,765000.0,48,1265000.0,163.0,1,Asian,Male,35-44,60.785,Loan originated
1,695000.0,49,735000.0,145.0,1,White,Joint,35-44,95.0,Loan originated
1,425000.0,44,355000.0,139.0,1,Asian,Male,35-44,97.0,Loan originated
1,465000.0,30%-<36%,685000.0,152.0,1,Hispanic or Latino,Female,45-54,67.647,Loan originated
1,485000.0,41,835000.0,122.0,1,White,Female,55-64,57.949,Loan originated
1,185000.0,41,585000.0,60.0,1,Asian,Male,35-44,32.112,Loan originated
1,325000.0,47,425000.0,65.0,1,White,Joint,35-44,100.0,Loan originated
1,695000.0,30%-<36%,735000.0,230.0,1,Hispanic or Latino,Male,<25,95.0,Loan originated
1,385000.0,39,525000.0,96.0,1,Asian,Male,45-54,74.28,Loan originated
1,675000.0,49,905000.0,129.0,1,Asian,Female,55-64,75.0,Loan originated
1,295000.0,43,355000.0,78.0,1,Hispanic or Latino,Joint,25-34,85.0,Application denied
1,645000.0,45,805000.0,419.0,1,Asian,Male,25-34,80.0,Loan originated
1,805000.0,20%-<30%,1365000.0,263.0,1,Hispanic or Latino,Male,25-34,58.608,Loan originated
1,945000.0,41,1175000.0,243.0,1,Asian,Male,35-44,80.0,Loan originated
1,175000.0,20%-<30%,225000.0,137.0,1,White,Male,25-34,80.0,Application denied
1,1005000.0,38,1255000.0,263.0,1,Asian,Male,25-34,80.0,Loan originated
1,625000.0,39,785000.0,161.0,1,White,Joint,45-54,80.0,Loan originated
1,1125000.0,44,1405000.0,523.0,1,White,Female,35-44,80.0,Loan originated
1,425000.0,49,525000.0,97.0,1,White,Female,25-34,80.0,Loan originated
1,215000.0,37,305000.0,84.0,1,Hispanic or Latino,Male,35-44,70.0,Loan originated
1,285000.0,41,355000.0,129.0,1,Hispanic or Latino,Male,35-44,80.0,Loan originated
1,665000.0,30%-<36%,705000.0,204.0,1,White,Male,45-54,95.0,Loan originated
1,535000.0,38,545000.0,234.0,1,White,Male,25-34,97.0,Loan originated
1,1085000.0,30%-<36%,1285000.0,402.0,1,White,Male,35-44,85.0,Loan originated
1,845000.0,48,1055000.0,165.0,1,Hispanic or Latino,Male,35-44,80.0,Loan originated
1,445000.0,43,475000.0,102.0,1,Asian,Male,25-34,95.0,Loan originated
1,285000.0,41,355000.0,80.0,1,Hispanic or Latino,Male,25-34,80.0,Loan originated
1,935000.0,30%-<36%,1285000.0,325.0,1,Asian,Joint,25-34,72.656,Loan originated
1,455000.0,>60%,505000.0,107.0,1,White,Male,35-44,90.0,Application denied
1,825000.0,39,1655000.0,217.0,1,Asian,Joint,25-34,80.909,Loan originated
1,1105000.0,37,1975000.0,402.0,1,Asian,Joint,35-44,55.7,Loan originated
1,765000.0,30%-<36%,1155000.0,300.0,1,White,Male,35-44,90.0,Loan originated
1,385000.0,49,975000.0,198.0,1,White,Female,35-44,39.992,Loan originated
1,415000.0,30%-<36%,595000.0,197.0,1,White,Female,45-54,70.0,Loan originated
1,515000.0,49,645000.0,103.0,1,Asian,Male,45-54,80.0,Loan originated
1,65000.0,<20%,655000.0,159.0,1,Asian,Joint,45-54,9.578,Loan originated
1,415000.0,30%-<36%,525000.0,203.0,1,White,Female,55-64,78.571,Application denied
1,735000.0,47,775000.0,158.0,1,Asian,Male,35-44,95.0,Loan originated
1,365000.0,44,385000.0,103.0,1,Hispanic or Latino,Female,35-44,95.0,Loan originated
1,125000.0,47,525000.0,57.0,1,Hispanic or Latino,Joint,35-44,23.077,Loan originated
1,1025000.0,30%-<36%,1285000.0,378.0,1,White,Male,25-34,80.0,Loan originated
1,715000.0,49,955000.0,183.0,1,Asian,Male,35-44,75.0,Loan originated
1,445000.0,42,595000.0,116.0,1,Asian,Male,35-44,74.791,Loan originated
1,395000.0,44,615000.0,128.0,1,Asian,Male,55-64,64.28,Loan originated
1,365000.0,42,685000.0,99.0,1,White,Male,35-44,53.0,Loan originated
1,525000.0,44,555000.0,134.0,1,Asian,Female,25-34,95.0,Loan originated
1,705000.0,47,785000.0,131.0,1,Asian,Female,45-54,89.9,Loan originated
1,835000.0,45,875000.0,344.0,1,White,Male,45-54,95.0,Loan originated
1,765000.0,40,1365000.0,236.0,1,Asian,Joint,35-44,57.0,Loan originated
1,835000.0,20%-<30%,1335000.0,400.0,1,White,Female,25-34,62.56,Loan originated
1,705000.0,44,1175000.0,184.0,1,White,Joint,65-74,59.57,Loan originated
1,355000.0,30%-<36%,595000.0,127.0,1,Asian,Joint,55-64,60.0,Loan originated
1,725000.0,47,905000.0,149.0,1,Asian,Male,35-44,80.0,Loan originated
1,905000.0,40,955000.0,297.0,1,White,Joint,35-44,95.0,Loan originated
1,325000.0,30%-<36%,415000.0,325.0,1,White,Male,45-54,80.0,Loan originated
1,715000.0,39,895000.0,176.0,1,Hispanic or Latino,Male,25-34,80.0,Loan originated
1,615000.0,41,635000.0,162.0,1,Black or African American,Female,35-44,97.0,Loan originated
1,205000.0,30%-<36%,825000.0,104.0,1,Asian,Female,45-54,24.242,Loan originated
1,885000.0,46,925000.0,219.0,1,White,Female,65-74,95.0,Loan originated
1,525000.0,>60%,585000.0,119.0,1,Asian,Male,45-54,90.0,Application denied
1,725000.0,49,905000.0,155.0,1,Asian,Male,35-44,80.0,Loan originated
1,425000.0,41,445000.0,156.0,1,Hispanic or Latino,Male,45-54,95.0,Loan originated
1,805000.0,46,1005000.0,208.0,1,White,Female,35-44,80.0,Loan originated
1,505000.0,45,625000.0,120.0,1,White,Male,25-34,80.0,Loan originated
1,315000.0,48,335000.0,69.0,1,Hispanic or Latino,Male,35-44,94.703,Loan originated
1,1145000.0,44,1555000.0,293.0,1,White,Joint,35-44,74.129,Loan originated
1,375000.0,42,475000.0,102.0,1,Hispanic or Latino,Female,45-54,100.0,Loan originated
1,805000.0,48,1205000.0,162.0,1,Asian,Joint,35-44,66.67,Loan originated
1,665000.0,45,995000.0,331.0,1,Asian,Female,35-44,66.667,Loan originated
1,335000.0,41,355000.0,86.0,1,Hispanic or Latino,Female,25-34,100.0,Loan originated
1,405000.0,44,455000.0,169.0,1,Hispanic or Latino,Female,25-34,88.889,Loan originated
1,425000.0,42,475000.0,187.0,1,White,Male,55-64,89.474,Loan originated
1,275000.0,49,275000.0,67.0,1,White,Male,35-44,97.0,Application denied
1,755000.0,37,945000.0,200.0,1,Asian,Male,25-34,80.0,Loan originated
1,235000.0,41,605000.0,68.0,1,White,Female,45-54,38.322,Loan originated
1,335000.0,48,355000.0,108.0,1,Black or African American,Female,45-54,102.91,Loan originated
1,765000.0,36,1175000.0,229.0,1,Asian,Male,45-54,65.131,Loan originated
1,655000.0,40,1475000.0,380.0,1,White,Joint,45-54,44.068,Loan originated
1,865000.0,43,895000.0,270.0,1,Asian,Joint,25-34,97.0,Loan originated
1,925000.0,30%-<36%,1165000.0,310.0,1,White,Joint,25-34,80.0,Loan originated
1,185000.0,40,215000.0,112.0,1,Hispanic or Latino,Joint,35-44,90.0,Loan originated
1,485000.0,46,605000.0,118.0,1,White,Male,35-44,80.0,Loan originated
1,375000.0,20%-<30%,475000.0,141.0,1,Black or African American,Male,35-44,80.0,Loan originated
1,365000.0,20%-<30%,455000.0,195.0,1,Hispanic or Latino,Male,35-44,80.0,Loan originated
1,265000.0,49,515000.0,62.0,1,Hispanic or Latino,Male,55-64,50.98,Loan originated
1,765000.0,49,805000.0,219.0,1,Hispanic or Latino,Joint,35-44,95.0,Loan originated
1,715000.0,38,795000.0,171.0,1,Asian,Male,35-44,90.0,Loan originated
1,855000.0,46,1265000.0,224.0,1,White,Male,25-34,67.46,Loan originated
1,205000.0,36,215000.0,64.0,1,White,Male,35-44,95.0,Loan originated
1,755000.0,39,905000.0,187.0,1,White,Female,25-34,83.426,Loan originated
1,355000.0,20%-<30%,435000.0,104.0,1,Asian,Male,25-34,80.0,Loan originated
1,645000.0,44,805000.0,178.0,1,Black or African American,Female,35-44,80.0,Loan originated
1,705000.0,40,785000.0,288.0,1,White,Joint,45-54,90.0,Loan originated
1,495000.0,30%-<36%,545000.0,142.0,1,Asian,Male,25-34,90.0,Loan originated
1,625000.0,49,775000.0,284.0,1,White,Joint,35-44,80.0,Loan originated
1,345000.0,30%-<36%,545000.0,127.0,1,White,Joint,45-54,64.0,Loan originated
1,385000.0,38,405000.0,194.0,1,Hispanic or Latino,Male,35-44,95.0,Loan originated
1,685000.0,48,855000.0,191.0,1,Hispanic or Latino,Male,45-54,80.0,Loan originated
1,425000.0,47,605000.0,103.0,1,Hispanic or Latino,Female,35-44,70.0,Loan originated
1,825000.0,48,905000.0,299.0,1,Asian,Joint,35-44,91.694,Loan originated
1,725000.0,20%-<30%,945000.0,240.0,1,White,Female,45-54,76.82,Loan originated
1,725000.0,42,1225000.0,316.0,1,Black or African American,Joint,55-64,59.163,Loan originated
1,475000.0,30%-<36%,635000.0,165.0,1,White,Female,45-54,75.0,Loan originated
1,425000.0,20%-<30%,565000.0,180.0,1,Asian,Female,25-34,75.0,Loan originated
1,545000.0,44,685000.0,142.0,1,Asian,Female,25-34,80.0,Loan originated
1,345000.0,<20%,595000.0,293.0,1,Asian,Female,45-54,58.0,Loan originated
1,115000.0,>60%,145000.0,276.0,1,White,Male,45-54,76.87,Application denied
1,455000.0,49,625000.0,127.0,1,White,Joint,65-74,72.12,Loan originated
1,1145000.0,45,1445000.0,366.0,1,Asian,Joint,35-44,79.849,Loan originated
1,505000.0,40,575000.0,133.0,1,Asian,Female,45-54,87.336,Loan originated
1,385000.0,45,1285000.0,127.0,1,Asian,Male,35-44,30.08,Application denied
1,565000.0,42,805000.0,155.0,1,White,Male,45-54,70.0,Loan originated
1,905000.0,40,1205000.0,272.0,1,White,Male,45-54,75.0,Loan originated
1,735000.0,46,985000.0,196.0,1,Asian,Joint,35-44,75.0,Loan originated
1,605000.0,49,675000.0,142.0,1,White,Joint,35-44,90.0,Loan originated
1,495000.0,20%-<30%,525000.0,205.0,1,White,Joint,25-34,95.0,Loan originated
1,145000.0,47,155000.0,70.0,1,White,Male,25-34,97.0,Loan originated
1,285000.0,48,465000.0,81.0,1,Hispanic or Latino,Male,35-44,61.29,Loan originated
1,905000.0,36,1295000.0,293.0,1,White,Joint,45-54,70.0,Loan originated
1,385000.0,41,485000.0,91.0,1,White,Female,25-34,80.0,Loan originated
1,1045000.0,41,1685000.0,288.0,1,White,Joint,35-44,62.029,Loan originated
1,1085000.0,30%-<36%,1355000.0,342.0,1,White,Joint,35-44,80.0,Loan originated
1,555000.0,20%-<30%,585000.0,218.0,1,Asian,Male,25-34,95.0,Loan originated
1,475000.0,44,675000.0,184.0,1,White,Female,45-54,70.0,Loan originated
1,425000.0,<20%,535000.0,257.0,1,Asian,Male,45-54,80.0,Loan originated
1,765000.0,40,1485000.0,306.0,1,Asian,Male,35-44,51.61,Loan originated
1,765000.0,44,1235000.0,203.0,1,Asian,Joint,55-64,62.214,Loan originated
1,495000.0,50%-60%,525000.0,110.0,1,White,Female,35-44,95.0,Application denied
1,765000.0,48,975000.0,150.0,1,Black or African American,Joint,45-54,79.0,Loan originated
1,575000.0,46,615000.0,128.0,1,Hispanic or Latino,Male,45-54,95.0,Loan originated
1,1065000.0,30%-<36%,1255000.0,320.0,1,Asian,Joint,25-34,85.0,Loan originated
1,615000.0,39,775000.0,187.0,1,Asian,Female,25-34,80.0,Loan originated
1,105000.0,<20%,595000.0,96.0,1,White,Joint,65-74,17.0,Loan originated
1,625000.0,40,835000.0,292.0,1,White,Joint,65-74,75.0,Loan originated
1,645000.0,46,725000.0,158.0,1,White,Joint,25-34,90.0,Loan originated
1,665000.0,47,835000.0,138.0,1,White,Joint,35-44,80.0,Loan originated
1,285000.0,40,305000.0,92.0,1,White,Male,35-44,95.0,Loan originated
1,595000.0,41,605000.0,147.0,1,Asian,Female,35-44,97.0,Loan originated
1,385000.0,40,525000.0,130.0,1,White,Male,35-44,73.238,Loan originated
1,685000.0,30%-<36%,865000.0,226.0,1,Asian,Joint,35-44,80.0,Loan originated
1,925000.0,41,1265000.0,480.0,1,White,Male,55-64,73.455,Loan originated
1,805000.0,38,1685000.0,300.0,1,Asian,Male,25-34,47.619,Loan originated
1,465000.0,49,525000.0,151.0,1,Asian,Joint,35-44,90.0,Loan originated
1,365000.0,42,455000.0,119.0,1,White,Joint,35-44,80.0,Loan originated
1,555000.0,36,625000.0,160.0,1,Asian,Male,25-34,90.0,Loan originated
1,645000.0,41,715000.0,175.0,1,Asian,Female,35-44,90.0,Loan originated
1,715000.0,39,925000.0,320.0,1,White,Joint,55-64,77.297,Loan originated
1,365000.0,48,455000.0,80.0,1,Hispanic or Latino,Male,25-34,80.0,Loan originated
1,385000.0,43,455000.0,115.0,1,Asian,Joint,35-44,84.44,Loan originated
1,175000.0,38,405000.0,79.0,1,White,Female,65-74,42.787,Loan originated
1,685000.0,20%-<30%,855000.0,231.0,1,Asian,Male,35-44,80.0,Loan originated
1,345000.0,30%-<36%,745000.0,130.0,1,White,Joint,>74,46.309,Loan originated
1,465000.0,50%-60%,625000.0,87.0,1,Asian,Female,25-34,74.675,Application denied
1,1055000.0,40,1955000.0,321.0,1,Asian,Male,55-64,53.85,Loan originated
1,575000.0,48,605000.0,151.0,1,Hispanic or Latino,Joint,35-44,95.0,Loan originated
1,735000.0,46,1225000.0,172.0,1,Asian,Male,25-34,60.0,Loan originated
1,595000.0,42,985000.0,140.0,1,Hispanic or Latino,Male,35-44,59.66,Loan originated
1,475000.0,<20%,645000.0,762.0,1,Hispanic or Latino,Male,45-54,72.868,Loan originated
1,735000.0,48,775000.0,151.0,1,Hispanic or Latino,Male,45-54,95.0,Loan originated
1,285000.0,44,885000.0,158.0,1,Hispanic or Latino,Male,35-44,32.203,Loan originated
1,385000.0,45,525000.0,122.0,1,Asian,Joint,35-44,74.62,Loan originated
1,475000.0,30%-<36%,595000.0,181.0,1,White,Male,25-34,80.0,Loan originated
1,515000.0,43,555000.0,176.0,1,Hispanic or Latino,Female,55-64,92.744,Loan originated
1,645000.0,48,805000.0,174.0,1,Asian,Female,45-54,79.99,Loan originated
1,775000.0,36,1275000.0,276.0,1,White,Joint,65-74,60.784,Loan originated
1,765000.0,43,975000.0,206.0,1,Hispanic or Latino,Joint,35-44,79.03,Loan originated
1,625000.0,45,695000.0,202.0,1,Asian,Male,25-34,90.0,Loan originated
1,315000.0,49,465000.0,73.0,1,White,Male,<25,67.0,Loan originated
1,755000.0,42,795000.0,190.0,1,Hispanic or Latino,Joint,<25,95.0,Loan originated
1,805000.0,38,945000.0,229.0,1,White,Joint,25-34,85.0,Loan originated
1,895000.0,41,1005000.0,223.0,1,White,Joint,35-44,89.99,Loan originated
1,205000.0,43,575000.0,189.0,1,White,Male,>74,34.783,Loan originated
1,725000.0,43,1825000.0,190.0,1,White,Male,55-64,39.726,Loan originated
1,765000.0,44,825000.0,165.0,1,Hispanic or Latino,Joint,45-54,92.915,Loan originated
1,825000.0,43,925000.0,266.0,1,Asian,Male,25-34,89.9,Loan originated
1,265000.0,42,335000.0,65.0,1,Hispanic or Latino,Male,35-44,80.0,Loan originated
1,675000.0,46,905000.0,261.0,1,White,Male,35-44,75.0,Loan originated
1,525000.0,49,585000.0,129.0,1,Asian,Female,25-34,90.0,Application denied
1,705000.0,42,785000.0,165.0,1,Hispanic or Latino,Female,25-34,90.0,Loan originated
1,765000.0,43,855000.0,170.0,1,Asian,Male,25-34,89.727,Loan originated
1,485000.0,44,555000.0,96.0,1,Asian,Male,25-34,87.273,Loan originated
1,755000.0,48,1105000.0,181.0,1,White,Male,25-34,68.182,Loan originated
1,795000.0,30%-<36%,1115000.0,257.0,1,White,Joint,55-64,71.622,Loan originated
1,255000.0,30%-<36%,315000.0,130.0,1,White,Male,45-54,80.0,Loan originated
1,755000.0,30%-<36%,945000.0,218.0,1,Asian,Female,35-44,80.0,Loan originated
1,135000.0,<20%,595000.0,127.0,1,White,Joint,>74,22.689,Loan originated
1,435000.0,30%-<36%,485000.0,140.0,1,Asian,Joint,35-44,90.0,Loan originated
1,425000.0,37,495000.0,138.0,1,White,Male,35-44,85.0,Loan originated
1,515000.0,39,575000.0,175.0,1,Hispanic or Latino,Female,25-34,90.0,Loan originated
1,475000.0,41,495000.0,119.0,1,White,Joint,35-44,95.0,Loan originated
1,665000.0,>60%,735000.0,117.0,1,Asian,Joint,35-44,89.989,Application denied
1,355000.0,20%-<30%,505000.0,310.0,1,White,Female,55-64,70.0,Application denied
1,475000.0,49,585000.0,133.0,1,Asian,Male,35-44,80.0,Loan originated
1,865000.0,39,1155000.0,278.0,1,Asian,Male,45-54,75.0,Loan originated
1,1085000.0,41,1365000.0,334.0,1,Asian,Joint,25-34,80.0,Loan originated
1,745000.0,42,1225000.0,221.0,1,Asian,Male,25-34,61.192,Loan originated
1,1105000.0,43,1375000.0,263.0,1,White,Male,45-54,80.0,Loan originated
1,765000.0,30%-<36%,955000.0,465.0,1,White,Male,35-44,80.0,Loan originated
1,145000.0,30%-<36%,155000.0,48.0,1,White,Female,35-44,90.0,Application denied
1,605000.0,>60%,1235000.0,130.0,1,White,Joint,25-34,48.78,Application denied
1,425000.0,49,455000.0,137.0,1,Asian,Male,35-44,95.0,Loan originated
1,505000.0,43,555000.0,140.0,1,White,Male,45-54,94.364,Loan originated
1,885000.0,20%-<30%,1475000.0,426.0,1,Asian,Joint,25-34,60.233,Loan originated
1,595000.0,>60%,695000.0,122.0,1,Hispanic or Latino,Joint,45-54,85.0,Application denied
1,715000.0,36,975000.0,208.0,1,Asian,Male,35-44,74.0,Loan originated
1,235000.0,49,255000.0,66.0,1,Hispanic or Latino,Female,35-44,92.6,Loan originated
1,405000.0,49,445000.0,75.0,1,Hispanic or Latino,Male,25-34,90.0,Loan originated
1,1005000.0,30%-<36%,1705000.0,282.0,1,Asian,Joint,25-34,59.0,Loan originated
1,325000.0,30%-<36%,525000.0,105.0,1,Hispanic or Latino,Female,25-34,97.57,Loan originated
1,75000.0,42,125000.0,42.0,1,Asian,Female,65-74,61.9,Loan originated
1,305000.0,42,565000.0,104.0,1,White,Male,35-44,53.982,Loan originated
1,745000.0,49,805000.0,162.0,1,Hispanic or Latino,Female,45-54,93.0,Loan originated
1,635000.0,41,795000.0,149.0,1,Asian,Joint,25-34,80.0,Loan originated
1,435000.0,20%-<30%,455000.0,325.0,1,Hispanic or Latino,Male,<25,95.0,Loan originated
1,675000.0,37,905000.0,243.0,1,Asian,Joint,25-34,75.0,Loan originated
1,655000.0,49,815000.0,232.0,1,Asian,Joint,45-54,80.0,Loan originated
1,955000.0,20%-<30%,1655000.0,404.0,1,White,Male,35-44,57.8,Loan originated
1,375000.0,20%-<30%,475000.0,337.0,1,Asian,Male,45-54,80.0,Loan originated
1,955000.0,41,1505000.0,356.0,1,White,Female,55-64,63.12,Loan originated
1,375000.0,47,865000.0,90.0,1,Hispanic or Latino,Female,45-54,43.605,Loan originated
1,705000.0,48,885000.0,147.0,1,Asian,Male,25-34,80.0,Loan originated
1,1115000.0,49,1185000.0,301.0,1,Asian,Female,35-44,93.356,Loan originated
1,385000.0,20%-<30%,405000.0,240.0,1,Black or African American,Male,<25,95.0,Loan originated
1,1115000.0,38,2225000.0,350.0,1,White,Joint,25-34,50.0,Loan originated
1,885000.0,44,1045000.0,259.0,1,White,Joint,25-34,85.0,Loan originated
1,375000.0,44,395000.0,82.0,1,Hispanic or Latino,Female,25-34,95.0,Loan originated
1,365000.0,47,455000.0,75.0,1,Asian,Joint,45-54,80.0,Loan originated
1,725000.0,41,755000.0,206.0,1,Hispanic or Latino,Male,35-44,95.0,Loan originated
1,735000.0,20%-<30%,825000.0,320.0,1,White,Joint,25-34,90.0,Loan originated
1,555000.0,42,615000.0,145.0,1,Asian,Joint,35-44,89.995,Loan originated
1,185000.0,36,665000.0,104.0,1,White,Male,55-64,27.925,Loan originated
1,805000.0,44,895000.0,213.0,1,White,Male,65-74,89.94,Loan originated
1,535000.0,30%-<36%,625000.0,256.0,1,Black or African American,Female,25-34,85.46,Loan originated
1,535000.0,44,725000.0,135.0,1,White,Joint,35-44,74.31,Application denied
1,405000.0,36,505000.0,204.0,1,Hispanic or Latino,Joint,35-44,80.0,Loan originated
1,1125000.0,30%-<36%,2775000.0,386.0,1,Asian,Male,35-44,40.45,Loan originated
1,1055000.0,20%-<30%,1315000.0,339.0,1,White,Joint,25-34,80.0,Loan originated
1,1005000.0,41,1775000.0,320.0,1,White,Joint,65-74,56.77,Loan originated
1,705000.0,43,1345000.0,159.0,1,Hispanic or Latino,Male,65-74,52.239,Loan originated
1,395000.0,36,465000.0,112.0,1,White,Joint,35-44,85.0,Loan originated
1,1005000.0,20%-<30%,1355000.0,384.0,1,White,Joint,35-44,73.801,Loan originated
1,585000.0,49,685000.0,136.0,1,White,Joint,45-54,85.0,Loan originated
1,615000.0,49,715000.0,133.0,1,Hispanic or Latino,Male,35-44,86.431,Loan originated
1,405000.0,36,435000.0,154.0,1,Hispanic or Latino,Male,25-34,95.0,Loan originated
1,1025000.0,30%-<36%,1425000.0,280.0,1,White,Joint,25-34,71.93,Loan originated
1,425000.0,43,535000.0,231.0,1,White,Male,35-44,80.0,Loan originated
1,1045000.0,44,1305000.0,384.0,1,White,Joint,25-34,80.0,Loan originated
1,365000.0,41,535000.0,87.0,1,White,Female,35-44,67.29,Loan originated
1,625000.0,47,765000.0,160.0,1,White,Male,35-44,82.0,Loan originated
1,405000.0,20%-<30%,1195000.0,182.0,1,White,Joint,>74,33.336,Loan originated
1,675000.0,48,895000.0,142.0,1,Asian,Joint,35-44,75.0,Loan originated
1,785000.0,<20%,905000.0,291.0,1,Asian,Joint,35-44,86.667,Application denied
1,215000.0,50%-60%,225000.0,40.0,1,White,Joint,35-44,96.959,Application denied
1,25000.0,39,615000.0,164.0,1,Hispanic or Latino,Male,35-44,100.0,Loan originated
1,265000.0,45,515000.0,70.0,1,Hispanic or Latino,Female,<25,100.676,Loan originated
1,85000.0,41,595000.0,46.0,1,White,Female,55-64,14.0,Loan originated
1,435000.0,49,485000.0,125.0,1,Hispanic or Latino,Joint,35-44,89.834,Loan originated
1,405000.0,50%-60%,505000.0,68.0,1,Black or African American,Female,35-44,80.0,Application denied
1,765000.0,20%-<30%,905000.0,285.0,1,Asian,Joint,25-34,85.33,Loan originated
1,435000.0,30%-<36%,585000.0,302.0,1,Asian,Joint,25-34,75.0,Loan originated
1,1145000.0,37,1765000.0,368.0,1,White,Male,25-34,65.0,Loan originated
1,105000.0,30%-<36%,555000.0,69.0,1,Hispanic or Latino,Male,65-74,19.0,Loan originated
1,205000.0,42,505000.0,63.0,1,White,Male,45-54,40.0,Loan originated
1,485000.0,49,645000.0,106.0,1,Asian,Joint,25-34,95.0,Application denied
1,545000.0,48,685000.0,140.0,1,Hispanic or Latino,Female,25-34,80.0,Loan originated
1,415000.0,48,525000.0,105.0,1,Hispanic or Latino,Male,25-34,79.048,Loan originated
1,405000.0,37,445000.0,121.0,1,Asian,Male,35-44,90.0,Loan originated
1,405000.0,20%-<30%,615000.0,185.0,1,White,Male,45-54,65.04,Loan originated
1,85000.0,20%-<30%,455000.0,85.0,1,White,Female,45-54,17.66,Loan originated
1,1145000.0,42,1285000.0,296.0,1,Asian,Female,45-54,89.766,Loan originated
1,225000.0,49,375000.0,57.0,1,White,Male,25-34,58.667,Loan originated
1,415000.0,<20%,585000.0,325.0,1,Asian,Female,45-54,73.0,Loan originated
1,655000.0,39,875000.0,176.0,1,White,Female,55-64,75.0,Loan originated
1,765000.0,38,1405000.0,229.0,1,White,Joint,25-34,54.76,Loan originated
1,1015000.0,30%-<36%,1355000.0,370.0,1,White,Joint,35-44,75.0,Loan originated
1,235000.0,30%-<36%,355000.0,74.0,1,White,Female,>74,65.0,Loan originated
1,395000.0,30%-<36%,495000.0,143.0,1,White,Joint,25-34,80.0,Loan originated
1,725000.0,42,905000.0,184.0,1,White,Joint,25-34,80.0,Loan originated
1,295000.0,39,1245000.0,136.0,1,Asian,Joint,65-74,23.419,Loan originated
1,1075000.0,49,1205000.0,235.0,1,Black or African American,Joint,35-44,89.9,Loan originated
1,1025000.0,43,1325000.0,233.0,1,Asian,Joint,25-34,77.358,Loan originated
1,555000.0,30%-<36%,1055000.0,246.0,1,Asian,Male,55-64,52.38,Loan originated
1,475000.0,43,595000.0,136.0,1,Asian,Joint,35-44,80.0,Loan originated
1,515000.0,45,545000.0,121.0,1,White,Male,55-64,95.0,Loan originated
1,615000.0,50%-60%,1105000.0,162.0,1,Asian,Male,35-44,55.455,Application denied
1,865000.0,47,975000.0,213.0,1,Asian,Female,35-44,89.0,Loan originated
1,485000.0,49,735000.0,104.0,1,Asian,Male,<25,66.607,Loan originated
1,405000.0,>60%,655000.0,60.0,1,Asian,Male,25-34,61.538,Application denied
1,475000.0,20%-<30%,595000.0,267.0,1,Hispanic or Latino,Joint,35-44,80.0,Loan originated
1,485000.0,30%-<36%,655000.0,239.0,1,Asian,Joint,35-44,75.0,Application denied
1,565000.0,30%-<36%,745000.0,160.0,1,White,Joint,<25,74.77,Loan originated
1,555000.0,44,785000.0,121.0,1,White,Male,55-64,71.154,Loan originated
1,405000.0,45,515000.0,112.0,1,Black or African American,Joint,25-34,80.0,Loan originated
1,805000.0,38,845000.0,211.0,1,Asian,Male,35-44,95.0,Loan originated
1,705000.0,48,955000.0,216.0,1,White,Male,45-54,73.684,Loan originated
1,335000.0,30%-<36%,355000.0,275.0,1,Asian,Joint,45-54,94.538,Loan originated
1,975000.0,47,1295000.0,211.0,1,White,Female,45-54,75.0,Loan originated
1,645000.0,30%-<36%,815000.0,219.0,1,White,Joint,35-44,80.0,Loan originated
1,405000.0,30%-<36%,515000.0,135.0,1,White,Joint,25-34,80.0,Loan originated
1,455000.0,30%-<36%,575000.0,243.0,1,Hispanic or Latino,Male,45-54,80.0,Loan originated
1,665000.0,49,825000.0,122.0,1,White,Male,45-54,78.485,Application denied
1,665000.0,20%-<30%,825000.0,259.0,1,Asian,Joint,35-44,80.0,Loan originated
1,515000.0,49,605000.0,117.0,1,Asian,Male,35-44,85.0,Application denied
1,425000.0,49,795000.0,120.0,1,Hispanic or Latino,Female,35-44,52.999,Loan originated
1,555000.0,45,765000.0,118.0,1,White,Male,55-64,72.55,Loan originated
1,435000.0,46,545000.0,139.0,1,White,Female,35-44,80.0,Loan originated
1,185000.0,20%-<30%,775000.0,165.0,1,White,Joint,65-74,23.871,Loan originated
1,435000.0,30%-<36%,545000.0,241.0,1,White,Joint,65-74,80.0,Loan originated
1,345000.0,43,375000.0,95.0,1,Hispanic or Latino,Male,35-44,92.34,Loan originated
1,365000.0,30%-<36%,425000.0,133.0,1,White,Female,45-54,87.0,Loan originated
1,755000.0,30%-<36%,1155000.0,496.0,1,White,Joint,35-44,65.217,Loan originated
1,375000.0,44,505000.0,189.0,1,White,Male,45-54,75.0,Loan originated
1,395000.0,30%-<36%,745000.0,154.0,1,Asian,Male,55-64,53.02,Loan originated
1,465000.0,38,515000.0,204.0,1,White,Female,45-54,90.0,Loan originated
1,465000.0,49,515000.0,110.0,1,Hispanic or Latino,Joint,35-44,90.0,Loan originated
1,365000.0,47,455000.0,93.0,1,Asian,Female,55-64,80.0,Loan originated
1,405000.0,41,505000.0,127.0,1,Asian,Female,35-44,80.0,Loan originated
1,465000.0,49,585000.0,136.0,1,White,Joint,35-44,80.0,Loan originated
1,235000.0,36,295000.0,58.0,1,White,Female,45-54,80.0,Loan originated
1,895000.0,37,935000.0,370.0,1,White,Joint,25-34,95.0,Loan originated
1,55000.0,20%-<30%,125000.0,64.0,1,White,Female,55-64,45.3,Loan originated
1,275000.0,42,545000.0,89.0,1,Asian,Female,25-34,71.857,Loan originated
1,585000.0,30%-<36%,625000.0,167.0,1,Hispanic or Latino,Joint,35-44,95.0,Loan originated
1,225000.0,44,685000.0,87.0,1,White,Joint,55-64,32.46,Loan originated
1,345000.0,44,405000.0,76.0,1,Hispanic or Latino,Male,55-64,85.0,Loan originated
1,755000.0,30%-<36%,2225000.0,275.0,1,White,Joint,35-44,33.708,Loan originated
1,745000.0,48,2255000.0,254.0,1,White,Male,25-34,33.11,Loan originated
1,155000.0,43,285000.0,48.0,1,White,Male,25-34,103.168,Loan originated
1,445000.0,36,485000.0,117.0,1,Other,Male,35-44,90.0,Loan originated
1,405000.0,20%-<30%,505000.0,245.0,1,Asian,Joint,25-34,80.0,Loan originated
1,1065000.0,45,1525000.0,219.0,1,Asian,Joint,35-44,69.967,Loan originated
1,915000.0,44,1225000.0,193.0,1,Asian,Male,35-44,75.0,Loan originated
1,205000.0,20%-<30%,885000.0,136.0,1,Asian,Male,35-44,23.0,Application denied
1,875000.0,49,1095000.0,197.0,1,Asian,Female,35-44,80.0,Loan originated
1,415000.0,45,555000.0,101.0,1,Hispanic or Latino,Female,35-44,74.545,Loan originated
1,705000.0,49,855000.0,154.0,1,White,Female,35-44,100.0,Loan originated
1,425000.0,46,535000.0,100.0,1,Asian,Male,25-34,80.0,Loan originated
1,355000.0,20%-<30%,395000.0,172.0,1,Hispanic or Latino,Joint,25-34,90.0,Loan originated
1,325000.0,48,375000.0,66.0,1,White,Male,25-34,87.649,Loan originated
1,355000.0,46,375000.0,129.0,1,White,Female,55-64,95.0,Loan originated
1,445000.0,42,495000.0,111.0,1,White,Female,65-74,89.9,Loan originated
1,665000.0,44,825000.0,225.0,1,Asian,Male,25-34,80.0,Loan originated
1,555000.0,30%-<36%,695000.0,215.0,1,Hispanic or Latino,Joint,35-44,80.0,Loan originated
1,815000.0,47,1025000.0,204.0,1,White,Male,35-44,80.0,Loan originated
1,435000.0,36,585000.0,249.0,1,Hispanic or Latino,Joint,55-64,75.0,Loan originated
1,425000.0,46,455000.0,99.0,1,Hispanic or Latino,Joint,55-64,95.0,Loan originated
1,785000.0,30%-<36%,1535000.0,425.0,1,Asian,Male,35-44,50.96,Loan originated
1,535000.0,40,635000.0,145.0,1,Asian,Male,25-34,84.127,Loan originated
1,605000.0,40,875000.0,169.0,1,White,Joint,35-44,68.966,Loan originated
1,515000.0,30%-<36%,545000.0,155.0,1,Asian,Female,25-34,95.0,Loan originated
1,905000.0,45,1125000.0,294.0,1,Hispanic or Latino,Joint,35-44,80.0,Loan originated
1,485000.0,39,615000.0,134.0,1,White,Female,25-34,80.0,Loan originated
1,235000.0,30%-<36%,955000.0,99.0,1,Black or African American,Female,65-74,24.9,Loan originated
1,515000.0,20%-<30%,575000.0,246.0,1,Asian,Joint,35-44,89.999,Loan originated
1,515000.0,30%-<36%,545000.0,251.0,1,Asian,Joint,25-34,95.0,Loan originated
1,615000.0,47,765000.0,184.0,1,White,Male,45-54,80.0,Loan originated
1,605000.0,47,725000.0,151.0,1,Asian,Joint,35-44,99.444,Loan originated
1,515000.0,48,645000.0,174.0,1,Asian,Female,25-34,80.0,Loan originated
1,765000.0,37,965000.0,347.0,1,White,Male,45-54,79.102,Loan originated
1,405000.0,46,415000.0,103.0,1,Hispanic or Latino,Male,25-34,97.0,Loan originated
1,505000.0,49,755000.0,97.0,1,White,Female,35-44,66.667,Loan originated
1,385000.0,48,445000.0,75.0,1,Asian,Female,<25,87.62,Loan originated
1,395000.0,36,425000.0,129.0,1,White,Male,55-64,95.0,Loan originated
1,585000.0,37,725000.0,203.0,1,White,Male,35-44,88.0,Loan originated
1,545000.0,45,685000.0,135.0,1,Asian,Male,25-34,80.0,Loan originated
1,535000.0,49,595000.0,180.0,1,Asian,Joint,55-64,90.0,Loan originated
1,455000.0,49,535000.0,103.0,1,Asian,Female,25-34,85.0,Loan originated
1,475000.0,30%-<36%,505000.0,155.0,1,White,Male,45-54,95.0,Loan originated
1,495000.0,40,615000.0,152.0,1,Asian,Joint,35-44,80.0,Loan originated
1,1125000.0,>60%,2825000.0,222.0,1,Asian,Male,25-34,75.0,Loan originated
1,435000.0,37,455000.0,107.0,1,Hispanic or Latino,Male,45-54,95.0,Loan originated
1,355000.0,<20%,655000.0,234.0,1,White,Male,35-44,54.615,Loan originated
1,705000.0,20%-<30%,1005000.0,959.0,1,White,Male,25-34,70.0,Loan originated
1,295000.0,40,335000.0,90.0,1,White,Male,35-44,97.0,Loan originated
1,455000.0,30%-<36%,505000.0,177.0,1,White,Joint,35-44,90.0,Loan originated
1,465000.0,40,495000.0,163.0,1,Hispanic or Latino,Male,45-54,95.0,Loan originated
1,245000.0,37,395000.0,70.0,1,Other,Female,25-34,61.88,Loan originated
1,245000.0,30%-<36%,265000.0,74.0,1,White,Joint,<25,95.0,Loan originated
1,695000.0,<20%,925000.0,446.0,1,White,Female,>74,74.919,Loan originated
1,435000.0,37,465000.0,173.0,1,Asian,Joint,25-34,95.0,Loan originated
1,395000.0,38,445000.0,102.0,1,White,Male,25-34,90.0,Loan originated
1,655000.0,42,1395000.0,318.0,1,Asian,Joint,35-44,46.429,Loan originated
1,315000.0,30%-<36%,815000.0,220.0,1,White,Joint,55-64,38.424,Loan originated
1,105000.0,41,405000.0,43.0,1,White,Female,55-64,25.0,Loan originated
1,415000.0,40,485000.0,112.0,1,Hispanic or Latino,Male,55-64,85.0,Loan originated
1,925000.0,50%-60%,925000.0,141.0,1,Black or African American,Female,25-34,100.0,Loan originated
1,685000.0,36,715000.0,198.0,1,White,Joint,35-44,96.33,Loan originated
1,425000.0,43,535000.0,168.0,1,White,Male,35-44,80.0,Loan originated
1,1005000.0,49,1185000.0,262.0,1,Hispanic or Latino,Joint,35-44,85.0,Loan originated
1,755000.0,38,905000.0,210.0,1,Other,Joint,25-34,83.33,Loan originated
1,465000.0,42,575000.0,136.0,1,White,Joint,35-44,100.0,Loan originated
1,475000.0,<20%,1395000.0,423.0,1,White,Joint,45-54,34.306,Loan originated
1,575000.0,48,925000.0,214.0,1,White,Joint,35-44,62.162,Loan originated
1,1025000.0,30%-<36%,1405000.0,381.0,1,White,Female,65-74,72.857,Loan originated
1,455000.0,36,475000.0,383.0,1,White,Male,45-54,95.0,Loan originated
1,1055000.0,39,1315000.0,294.0,1,Asian,Joint,25-34,79.87,Loan originated
1,225000.0,30%-<36%,305000.0,74.0,1,Hispanic or Latino,Male,35-44,72.13,Loan originated
1,1005000.0,30%-<36%,2575000.0,387.0,1,White,Female,45-54,38.835,Loan originated
1,975000.0,46,1305000.0,203.0,1,White,Joint,45-54,75.0,Loan originated
1,985000.0,48,1155000.0,287.0,1,White,Male,>74,85.0,Loan originated
1,415000.0,48,515000.0,103.0,1,White,Male,45-54,80.0,Loan originated
1,1055000.0,42,1405000.0,355.0,1,Asian,Joint,35-44,75.0,Loan originated
1,1145000.0,44,1465000.0,289.0,1,White,Joint,35-44,78.699,Loan originated
1,305000.0,40,605000.0,80.0,1,Asian,Joint,35-44,50.0,Loan originated
1,645000.0,46,815000.0,145.0,1,Asian,Female,45-54,80.0,Loan originated
1,425000.0,36,715000.0,251.0,1,White,Joint,45-54,60.0,Loan originated
1,605000.0,36,635000.0,195.0,1,Hispanic or Latino,Female,45-54,95.0,Loan originated
1,625000.0,20%-<30%,905000.0,376.0,1,Hispanic or Latino,Joint,35-44,68.619,Loan originated
1,635000.0,48,675000.0,174.0,1,Hispanic or Latino,Female,35-44,95.0,Loan originated
1,425000.0,46,435000.0,103.0,1,Hispanic or Latino,Female,35-44,100.0,Loan originated
1,485000.0,20%-<30%,675000.0,236.0,1,White,Female,65-74,72.444,Loan originated
1,855000.0,38,1215000.0,243.0,1,Asian,Male,25-34,70.0,Loan originated
1,785000.0,38,975000.0,347.0,1,White,Male,35-44,80.0,Loan originated
1,985000.0,38,1235000.0,307.0,1,Asian,Male,35-44,80.0,Loan originated
1,685000.0,46,725000.0,169.0,1,Hispanic or Latino,Female,35-44,95.0,Loan originated
1,685000.0,>60%,715000.0,144.0,1,Hispanic or Latino,Joint,25-34,97.0,Application denied
1,495000.0,49,525000.0,452.0,1,White,Joint,>74,95.0,Loan originated
1,765000.0,30%-<36%,985000.0,1857.0,1,White,Joint,45-54,78.22,Loan originated
1,395000.0,41,465000.0,104.0,1,White,Male,35-44,85.0,Loan originated
1,505000.0,45,535000.0,129.0,1,Hispanic or Latino,Female,25-34,95.0,Loan originated
1,215000.0,20%-<30%,225000.0,114.0,1,Hispanic or Latino,Male,35-44,95.0,Loan originated
1,195000.0,47,225000.0,49.0,1,Hispanic or Latino,Female,35-44,90.0,Loan originated
1,575000.0,46,715000.0,128.0,1,Asian,Male,25-34,80.0,Loan originated
1,345000.0,43,365000.0,86.0,1,Hispanic or Latino,Joint,25-34,97.0,Loan originated
1,245000.0,49,415000.0,70.0,1,Hispanic or Latino,Male,65-74,60.854,Loan originated
1,465000.0,47,615000.0,233.0,1,Other,Joint,55-64,75.609,Loan originated
1,995000.0,41,1515000.0,257.0,1,Asian,Female,25-34,66.225,Loan originated
1,515000.0,47,545000.0,123.0,1,White,Female,35-44,95.0,Loan originated
1,435000.0,37,465000.0,119.0,1,Hispanic or Latino,Joint,35-44,95.0,Loan originated
1,695000.0,50%-60%,715000.0,127.0,1,Hispanic or Latino,Joint,25-34,97.0,Loan originated
1,345000.0,20%-<30%,685000.0,200.0,1,White,Male,35-44,50.0,Loan originated
1,535000.0,47,565000.0,120.0,1,Hispanic or Latino,Male,25-34,95.0,Loan originated
1,295000.0,30%-<36%,365000.0,75.0,1,White,Male,<25,80.0,Loan originated
1,575000.0,40,795000.0,163.0,1,Asian,Male,55-64,72.785,Loan originated
1,475000.0,46,595000.0,135.0,1,Asian,Joint,25-34,78.894,Loan originated
1,905000.0,47,1125000.0,239.0,1,White,Joint,35-44,80.0,Loan originated
1,305000.0,43,315000.0,85.0,1,White,Female,45-54,97.0,Loan originated
1,605000.0,48,645000.0,140.0,1,White,Female,55-64,95.0,Loan originated
1,925000.0,39,1165000.0,231.0,1,Asian,Female,35-44,80.0,Loan originated
1,785000.0,46,975000.0,241.0,1,Hispanic or Latino,Female,35-44,80.0,Loan originated
1,515000.0,40,605000.0,153.0,1,White,Female,45-54,85.0,Loan originated
1,265000.0,30%-<36%,325000.0,91.0,1,White,Female,35-44,83.0,Loan originated
1,735000.0,38,825000.0,195.0,1,White,Male,55-64,90.0,Loan originated
1,375000.0,47,445000.0,81.0,1,White,Male,35-44,85.0,Loan originated
1,635000.0,45,795000.0,161.0,1,Other,Female,35-44,80.0,Loan originated
1,215000.0,20%-<30%,455000.0,247.0,1,Hispanic or Latino,Male,55-64,46.67,Loan originated
1,905000.0,30%-<36%,1135000.0,476.0,1,Asian,Joint,35-44,80.0,Loan originated
1,295000.0,48,605000.0,88.0,1,Hispanic or Latino,Female,35-44,48.249,Loan originated
1,315000.0,36,385000.0,105.0,1,Asian,Male,25-34,87.938,Loan originated
1,555000.0,43,755000.0,137.0,1,White,Male,<25,73.333,Loan originated
1,435000.0,30%-<36%,575000.0,155.0,1,White,Male,25-34,75.0,Loan originated
1,375000.0,38,395000.0,91.0,1,White,Male,25-34,95.0,Loan originated
1,325000.0,43,345000.0,206.0,1,Asian,Joint,35-44,95.0,Loan originated
1,1015000.0,41,1345000.0,279.0,1,Asian,Male,45-54,89.911,Loan originated
1,635000.0,48,795000.0,154.0,1,Asian,Male,25-34,80.0,Loan originated
1,435000.0,20%-<30%,845000.0,196.0,1,Hispanic or Latino,Male,45-54,50.903,Loan originated
1,495000.0,41,645000.0,110.0,1,Black or African American,Joint,55-64,100.94,Application denied
1,625000.0,47,785000.0,166.0,1,Hispanic or Latino,Male,25-34,99.133,Loan originated
1,385000.0,30%-<36%,945000.0,315.0,1,White,Joint,<25,40.426,Loan originated
1,575000.0,40,615000.0,160.0,1,Hispanic or Latino,Male,<25,95.0,Loan originated
1,365000.0,30%-<36%,515000.0,106.0,1,White,Male,35-44,70.588,Loan originated
1,305000.0,46,445000.0,70.0,1,Asian,Female,25-34,86.13,Loan originated
1,585000.0,37,785000.0,382.0,1,White,Joint,55-64,75.0,Loan originated
1,255000.0,30%-<36%,285000.0,109.0,1,White,Male,25-34,90.0,Loan originated
1,815000.0,50%-60%,915000.0,145.0,1,Hispanic or Latino,Female,35-44,90.0,Loan originated
1,225000.0,42,285000.0,56.0,1,White,Male,35-44,80.0,Loan originated
1,685000.0,43,865000.0,325.0,1,Asian,Male,55-64,80.0,Loan originated
1,665000.0,20%-<30%,845000.0,287.0,1,Hispanic or Latino,Male,55-64,80.0,Loan originated
1,745000.0,49,835000.0,145.0,1,Hispanic or Latino,Joint,45-54,90.0,Loan originated
1,385000.0,43,415000.0,100.0,1,Hispanic or Latino,Female,25-34,95.0,Loan originated
1,335000.0,42,355000.0,83.0,1,Hispanic or Latino,Male,45-54,95.0,Loan originated
1,395000.0,<20%,545000.0,294.0,1,White,Joint,25-34,72.478,Loan originated
1,615000.0,30%-<36%,765000.0,406.0,1,White,Male,65-74,80.0,Loan originated
1,555000.0,44,585000.0,168.0,1,White,Joint,45-54,95.0,Loan originated
1,875000.0,40,915000.0,244.0,1,White,Joint,25-34,95.0,Loan originated
1,765000.0,44,915000.0,188.0,1,Asian,Female,25-34,83.502,Loan originated
1,765000.0,48,855000.0,173.0,1,White,Male,25-34,90.0,Loan originated
1,455000.0,38,475000.0,133.0,1,Hispanic or Latino,Female,45-54,95.0,Loan originated
1,705000.0,50%-60%,1505000.0,130.0,1,White,Male,65-74,46.93,Application denied
1,635000.0,42,655000.0,228.0,1,White,Joint,45-54,97.0,Loan originated
1,345000.0,20%-<30%,845000.0,166.0,1,Asian,Female,55-64,40.839,Loan originated
1,755000.0,44,945000.0,165.0,1,Asian,Male,35-44,80.0,Loan originated
1,675000.0,40,695000.0,179.0,1,White,Female,45-54,97.0,Loan originated
1,755000.0,44,795000.0,166.0,1,Asian,Male,35-44,95.0,Loan originated
1,515000.0,43,685000.0,133.0,1,White,Male,25-34,75.0,Loan originated
1,745000.0,37,1065000.0,224.0,1,Asian,Joint,35-44,70.0,Loan originated
1,465000.0,20%-<30%,575000.0,214.0,1,White,Joint,35-44,80.0,Application denied
1,475000.0,46,505000.0,322.0,1,White,Female,55-64,95.0,Loan originated
1,565000.0,42,635000.0,161.0,1,Asian,Male,35-44,89.99,Loan originated
1,765000.0,46,965000.0,197.0,1,Black or African American,Female,45-54,80.0,Loan originated
1,365000.0,>60%,455000.0,58.0,1,Asian,Female,35-44,80.0,Application denied
1,385000.0,40,485000.0,163.0,1,White,Joint,25-34,80.0,Loan originated
1,405000.0,<20%,2105000.0,443.0,1,White,Joint,35-44,19.048,Loan originated
1,675000.0,38,1175000.0,204.0,1,Asian,Male,55-64,57.56,Loan originated
1,415000.0,49,445000.0,98.0,1,White,Female,25-34,98.0,Loan originated
1,425000.0,49,525000.0,89.0,1,Asian,Male,35-44,100.0,Loan originated
1,485000.0,49,605000.0,94.0,1,Asian,Joint,35-44,80.0,Loan originated
1,305000.0,47,695000.0,114.0,1,White,Male,45-54,42.918,Loan originated
1,175000.0,30%-<36%,595000.0,85.0,1,White,Joint,25-34,29.766,Loan originated
1,975000.0,37,1625000.0,342.0,1,Asian,Joint,55-64,60.0,Loan originated
1,295000.0,43,415000.0,89.0,1,White,Joint,55-64,70.0,Loan originated
1,655000.0,44,755000.0,176.0,1,Asian,Joint,25-34,87.525,Loan originated
1,405000.0,47,705000.0,175.0,1,Asian,Female,35-44,57.356,Loan originated
1,265000.0,39,335000.0,175.0,1,White,Joint,55-64,80.0,Loan originated
1,265000.0,30%-<36%,765000.0,115.0,1,Asian,Male,35-44,34.22,Loan originated
1,575000.0,37,605000.0,227.0,1,White,Joint,25-34,95.0,Loan originated
1,825000.0,48,915000.0,240.0,1,Hispanic or Latino,Female,55-64,89.99,Loan originated
1,515000.0,37,955000.0,176.0,1,Asian,Female,55-64,53.51,Loan originated
1,175000.0,46,185000.0,84.0,1,Black or African American,Female,35-44,101.94,Loan originated
1,355000.0,>60%,535000.0,60.0,1,White,Joint,35-44,65.88,Application denied
1,655000.0,43,1645000.0,166.0,1,White,Female,55-64,40.0,Loan originated
1,325000.0,20%-<30%,465000.0,159.0,1,Hispanic or Latino,Male,35-44,70.0,Application denied
1,595000.0,48,655000.0,216.0,1,Asian,Joint,35-44,90.0,Loan originated
1,325000.0,20%-<30%,435000.0,257.0,1,Hispanic or Latino,Male,25-34,74.419,Loan originated
1,555000.0,30%-<36%,695000.0,516.0,1,White,Male,35-44,80.0,Loan originated
1,995000.0,41,1245000.0,245.0,1,Asian,Male,35-44,80.0,Loan originated
1,695000.0,48,685000.0,214.0,1,Black or African American,Female,35-44,101.75,Loan originated
1,725000.0,20%-<30%,905000.0,334.0,1,White,Joint,45-54,80.0,Loan originated
1,675000.0,38,845000.0,169.0,1,Asian,Joint,55-64,80.0,Loan originated
1,625000.0,50%-60%,895000.0,182.0,1,Asian,Female,35-44,70.0,Loan originated
1,565000.0,>60%,815000.0,53.0,1,White,Joint,25-34,69.325,Application denied
1,775000.0,36,1255000.0,232.0,1,Asian,Male,25-34,61.404,Loan originated
1,305000.0,30%-<36%,765000.0,127.0,1,Hispanic or Latino,Male,45-54,39.21,Loan originated
1,625000.0,45,835000.0,151.0,1,Asian,Male,25-34,75.0,Loan originated
1,305000.0,30%-<36%,555000.0,152.0,1,Asian,Male,45-54,54.55,Loan originated
1,395000.0,48,495000.0,91.0,1,Asian,Joint,35-44,80.0,Application denied
1,785000.0,49,875000.0,165.0,1,Hispanic or Latino,Joint,25-34,89.84,Loan originated
1,645000.0,41,815000.0,221.0,1,Asian,Joint,25-34,80.0,Loan originated
1,955000.0,44,1375000.0,314.0,1,White,Joint,35-44,70.0,Loan originated
1,235000.0,30%-<36%,245000.0,156.0,1,White,Joint,25-34,97.0,Loan originated
1,765000.0,49,965000.0,157.0,1,White,Male,25-34,80.0,Loan originated
1,965000.0,46,1205000.0,200.0,1,White,Female,<25,80.0,Loan originated
1,465000.0,36,585000.0,162.0,1,White,Male,65-74,80.0,Loan originated
1,735000.0,44,775000.0,168.0,1,Black or African American,Male,35-44,95.0,Loan originated
1,365000.0,45,415000.0,139.0,1,White,Female,25-34,89.024,Loan originated
1,635000.0,20%-<30%,705000.0,199.0,1,White,Joint,25-34,90.0,Loan originated
1,165000.0,39,175000.0,88.0,1,White,Male,65-74,95.0,Loan originated
1,825000.0,42,1025000.0,193.0,1,White,Male,25-34,80.0,Loan originated
1,235000.0,47,435000.0,56.0,1,White,Female,>74,54.651,Loan originated
1,245000.0,30%-<36%,325000.0,96.0,1,White,Male,25-34,75.38,Loan originated
1,805000.0,49,1005000.0,181.0,1,Hispanic or Latino,Joint,55-64,80.0,Loan originated
1,425000.0,>60%,455000.0,0.0,1,Hispanic or Latino,Female,25-34,95.0,Application denied
1,755000.0,>60%,775000.0,126.0,1,Hispanic or Latino,Female,35-44,97.419,Application denied
1,575000.0,30%-<36%,715000.0,242.0,1,White,Joint,25-34,80.0,Loan originated
1,335000.0,49,515000.0,77.0,1,Hispanic or Latino,Joint,65-74,65.0,Loan originated
1,105000.0,30%-<36%,525000.0,96.0,1,White,Joint,65-74,20.0,Loan originated
1,135000.0,50%-60%,205000.0,52.0,1,Hispanic or Latino,Male,<25,67.98,Application denied
1,755000.0,40,795000.0,211.0,1,Asian,Male,45-54,95.0,Application denied
1,585000.0,38,655000.0,140.0,1,White,Female,25-34,90.0,Loan originated
1,765000.0,20%-<30%,925000.0,371.0,1,White,Joint,25-34,83.321,Loan originated
1,755000.0,42,945000.0,355.0,1,Hispanic or Latino,Male,35-44,80.0,Application denied
1,325000.0,49,525000.0,84.0,1,White,Joint,65-74,61.538,Loan originated
1,815000.0,43,925000.0,233.0,1,White,Joint,35-44,88.108,Loan originated
1,405000.0,49,505000.0,213.0,1,White,Joint,35-44,80.0,Loan originated
1,625000.0,30%-<36%,775000.0,224.0,1,White,Joint,25-34,80.0,Loan originated
1,605000.0,49,845000.0,135.0,1,White,Male,55-64,70.589,Loan originated
1,685000.0,43,725000.0,217.0,1,White,Joint,35-44,95.0,Loan originated
1,645000.0,47,805000.0,645.0,1,White,Male,45-54,80.0,Loan originated
1,385000.0,49,555000.0,201.0,1,White,Joint,25-34,70.0,Loan originated
1,95000.0,38,95000.0,103.0,1,White,Female,45-54,93.57,Application denied
1,1135000.0,44,1415000.0,333.0,1,Asian,Male,55-64,79.98,Loan originated
1,715000.0,41,755000.0,189.0,1,White,Joint,35-44,94.834,Loan originated
1,565000.0,37,705000.0,197.0,1,White,Male,35-44,80.0,Loan originated
1,505000.0,49,595000.0,137.0,1,Asian,Male,35-44,85.0,Loan originated
1,435000.0,39,465000.0,244.0,1,Hispanic or Latino,Male,25-34,95.0,Loan originated
1,485000.0,41,735000.0,133.0,1,Asian,Joint,25-34,65.753,Loan originated
1,375000.0,43,395000.0,149.0,1,Hispanic or Latino,Male,35-44,95.0,Loan originated
1,685000.0,40,855000.0,219.0,1,Asian,Joint,25-34,80.0,Loan originated
1,205000.0,44,605000.0,78.0,1,White,Female,65-74,33.333,Loan originated
1,455000.0,40,855000.0,212.0,1,Asian,Joint,35-44,52.94,Loan originated
1,315000.0,46,585000.0,260.0,1,Black or African American,Female,45-54,53.448,Loan originated
1,315000.0,30%-<36%,395000.0,95.0,1,Asian,Female,45-54,80.0,Loan originated
1,565000.0,49,815000.0,102.0,1,Asian,Male,35-44,69.512,Loan originated
1,295000.0,49,315000.0,101.0,1,Hispanic or Latino,Joint,35-44,95.0,Application denied
1,565000.0,47,755000.0,263.0,1,White,Female,35-44,75.0,Loan originated
1,275000.0,49,575000.0,81.0,1,Asian,Female,>74,47.368,Loan originated
1,685000.0,42,865000.0,178.0,1,White,Joint,65-74,80.0,Loan originated
1,335000.0,47,355000.0,71.0,1,Hispanic or Latino,Female,25-34,98.0,Loan originated
1,695000.0,30%-<36%,875000.0,308.0,1,White,Female,55-64,80.0,Loan originated
1,505000.0,30%-<36%,535000.0,188.0,1,White,Male,25-34,95.0,Loan originated
1,785000.0,40,1185000.0,191.0,1,White,Joint,35-44,66.245,Loan originated
1,355000.0,20%-<30%,725000.0,153.0,1,Asian,Male,45-54,49.1,Loan originated
1,395000.0,45,595000.0,83.0,1,White,Female,35-44,66.171,Loan originated
1,625000.0,49,675000.0,115.0,1,White,Female,25-34,92.593,Loan originated
1,325000.0,38,405000.0,157.0,1,White,Joint,25-34,80.0,Loan originated
1,465000.0,46,475000.0,90.0,1,Hispanic or Latino,Male,45-54,97.0,Loan originated
1,965000.0,<20%,1205000.0,668.0,1,Hispanic or Latino,Joint,55-64,80.0,Loan originated
1,785000.0,44,1335000.0,172.0,1,Asian,Female,25-34,58.712,Loan originated
1,755000.0,41,945000.0,420.0,1,Asian,Female,55-64,80.0,Loan originated
1,335000.0,45,605000.0,150.0,1,Hispanic or Latino,Joint,55-64,55.027,Loan originated
1,365000.0,38,425000.0,138.0,1,White,Female,45-54,87.857,Application denied
1,225000.0,46,245000.0,67.0,1,Hispanic or Latino,Joint,45-54,90.0,Loan originated
1,965000.0,>60%,1205000.0,184.0,1,White,Joint,55-64,80.0,Application denied
1,695000.0,30%-<36%,925000.0,198.0,1,Asian,Male,25-34,75.112,Application denied
1,425000.0,43,455000.0,131.0,1,Hispanic or Latino,Female,35-44,95.0,Loan originated
1,545000.0,45,675000.0,153.0,1,Hispanic or Latino,Female,35-44,80.0,Application denied
1,545000.0,43,565000.0,129.0,1,Hispanic or Latino,Male,25-34,97.0,Loan originated
1,455000.0,48,1155000.0,188.0,1,White,Male,>74,40.43,Loan originated
1,215000.0,38,295000.0,80.0,1,Hispanic or Latino,Joint,25-34,80.0,Loan originated
1,495000.0,47,585000.0,151.0,1,Hispanic or Latino,Joint,45-54,85.0,Loan originated
1,695000.0,20%-<30%,1395000.0,245.0,1,Asian,Male,35-44,50.0,Loan originated
1,255000.0,20%-<30%,375000.0,178.0,1,White,Joint,65-74,67.0,Loan originated
1,405000.0,30%-<36%,725000.0,157.0,1,White,Male,>74,55.621,Application denied
1,485000.0,30%-<36%,535000.0,185.0,1,White,Female,25-34,90.0,Loan originated
1,315000.0,47,345000.0,108.0,1,White,Joint,45-54,89.99,Loan originated
1,595000.0,20%-<30%,635000.0,201.0,1,Asian,Joint,25-34,93.662,Loan originated
1,405000.0,42,495000.0,129.0,1,Asian,Joint,25-34,81.62,Loan originated
1,595000.0,30%-<36%,705000.0,201.0,1,White,Joint,25-34,84.571,Loan originated
1,825000.0,41,965000.0,289.0,1,Hispanic or Latino,Joint,25-34,86.328,Loan originated
1,605000.0,45,805000.0,181.0,1,Hispanic or Latino,Male,45-54,75.0,Loan originated
1,605000.0,38,665000.0,163.0,1,Hispanic or Latino,Joint,35-44,90.0,Loan originated
1,275000.0,49,775000.0,77.0,1,White,Female,>74,36.0,Loan originated
1,315000.0,42,385000.0,114.0,1,White,Joint,55-64,80.0,Loan originated
1,255000.0,20%-<30%,505000.0,158.0,1,White,Joint,35-44,51.0,Loan originated
1,325000.0,47,405000.0,110.0,1,Other,Joint,55-64,80.0,Loan originated
1,745000.0,20%-<30%,825000.0,369.0,1,Asian,Joint,25-34,90.0,Loan originated
1,325000.0,<20%,405000.0,200.0,1,White,Male,45-54,80.0,Loan originated
1,725000.0,49,815000.0,199.0,1,Hispanic or Latino,Joint,55-64,90.0,Loan originated
1,525000.0,30%-<36%,665000.0,177.0,1,White,Joint,35-44,80.0,Loan originated
1,675000.0,43,745000.0,154.0,1,White,Female,35-44,90.0,Loan originated
1,285000.0,40,375000.0,80.0,1,Asian,Male,25-34,75.0,Loan originated
1,505000.0,45,745000.0,110.0,1,Hispanic or Latino,Male,25-34,67.253,Loan originated
1,305000.0,37,325000.0,93.0,1,Hispanic or Latino,Female,<25,95.0,Loan originated
1,445000.0,44,555000.0,113.0,1,Hispanic or Latino,Male,35-44,80.0,Loan originated
1,325000.0,50%-60%,405000.0,76.0,1,Hispanic or Latino,Female,25-34,80.0,Application denied
1,575000.0,30%-<36%,715000.0,183.0,1,White,Joint,25-34,80.0,Loan originated
1,685000.0,49,765000.0,185.0,1,Asian,Female,45-54,89.515,Loan originated
1,825000.0,30%-<36%,975000.0,247.0,1,Asian,Male,35-44,85.0,Loan originated
1,485000.0,43,615000.0,110.0,1,White,Female,35-44,80.0,Loan originated
1,575000.0,40,615000.0,215.0,1,Hispanic or Latino,Female,35-44,95.0,Loan originated
1,685000.0,48,725000.0,134.0,1,Hispanic or Latino,Joint,25-34,95.0,Loan originated
1,585000.0,47,885000.0,160.0,1,Black or African American,Male,45-54,66.477,Loan originated
1,365000.0,49,515000.0,80.0,1,White,Female,35-44,70.0,Loan originated
1,755000.0,20%-<30%,945000.0,368.0,1,Asian,Joint,35-44,80.0,Loan originated
1,585000.0,49,775000.0,143.0,1,White,Female,65-74,75.0,Loan originated
1,585000.0,43,925000.0,283.0,1,White,Joint,55-64,63.292,Loan originated
1,955000.0,20%-<30%,2435000.0,472.0,1,White,Joint,25-34,38.776,Loan originated
1,455000.0,30%-<36%,915000.0,159.0,1,Asian,Male,25-34,50.0,Loan originated
1,655000.0,41,725000.0,185.0,1,Hispanic or Latino,Male,25-34,90.014,Loan originated
1,725000.0,46,765000.0,171.0,1,White,Joint,25-34,95.0,Loan originated
1,885000.0,37,1185000.0,208.0,1,White,Joint,35-44,74.576,Loan originated
1,715000.0,46,795000.0,223.0,1,Asian,Joint,35-44,89.99,Loan originated
1,355000.0,30%-<36%,635000.0,139.0,1,Hispanic or Latino,Female,45-54,55.118,Loan originated
1,545000.0,49,645000.0,100.0,1,Hispanic or Latino,Joint,35-44,104.32,Loan originated
1,255000.0,47,625000.0,72.0,1,Hispanic or Latino,Female,65-74,41.0,Loan originated
1,225000.0,20%-<30%,425000.0,90.0,1,White,Female,35-44,52.381,Loan originated
1,235000.0,20%-<30%,315000.0,96.0,1,Hispanic or Latino,Male,55-64,74.194,Loan originated
1,905000.0,20%-<30%,1605000.0,382.0,1,White,Joint,25-34,56.25,Loan originated
1,485000.0,49,655000.0,178.0,1,White,Joint,25-34,73.846,Loan originated
1,505000.0,47,755000.0,106.0,1,Asian,Joint,55-64,66.667,Loan originated
1,175000.0,30%-<36%,875000.0,87.0,1,White,Male,45-54,20.0,Loan originated
1,1045000.0,20%-<30%,1395000.0,371.0,1,Asian,Male,35-44,75.0,Loan originated
1,445000.0,42,555000.0,322.0,1,White,Male,25-34,80.0,Loan originated
1,1095000.0,45,1465000.0,270.0,1,Hispanic or Latino,Male,25-34,75.0,Loan originated
1,275000.0,48,375000.0,55.0,1,White,Male,55-64,72.973,Loan originated
1,615000.0,49,645000.0,129.0,1,Hispanic or Latino,Joint,45-54,95.0,Loan originated
1,425000.0,>60%,445000.0,97.0,1,White,Female,25-34,95.0,Application denied
1,465000.0,49,1205000.0,127.0,1,White,Female,25-34,38.333,Loan originated
1,695000.0,42,735000.0,181.0,1,White,Joint,<25,95.0,Loan originated
1,75000.0,30%-<36%,75000.0,74.0,1,White,Joint,65-74,95.0,Loan originated
1,315000.0,39,395000.0,131.0,1,White,Male,35-44,80.0,Loan originated
1,995000.0,47,1475000.0,228.0,1,Hispanic or Latino,Male,25-34,70.0,Loan originated
1,705000.0,43,735000.0,163.0,1,Asian,Male,35-44,95.0,Loan originated
1,165000.0,47,225000.0,51.0,1,White,Female,25-34,75.0,Loan originated
1,485000.0,41,605000.0,147.0,1,Asian,Joint,25-34,80.0,Loan originated
1,765000.0,46,865000.0,371.0,1,Hispanic or Latino,Joint,35-44,90.0,Loan originated
1,1035000.0,49,1155000.0,214.0,1,Asian,Joint,35-44,89.99,Loan originated
1,965000.0,39,1215000.0,243.0,1,White,Female,45-54,80.0,Loan originated
1,925000.0,38,1155000.0,337.0,1,Asian,Joint,25-34,79.654,Loan originated
1,555000.0,30%-<36%,715000.0,293.0,1,Asian,Male,25-34,77.58,Loan originated
1,305000.0,42,395000.0,63.0,1,White,Male,65-74,76.962,Loan originated
1,485000.0,41,515000.0,104.0,1,Hispanic or Latino,Male,55-64,95.0,Loan originated
1,485000.0,45,515000.0,119.0,1,Hispanic or Latino,Joint,<25,95.0,Loan originated
1,735000.0,43,815000.0,216.0,1,White,Male,55-64,90.0,Loan originated
1,365000.0,48,435000.0,117.0,1,White,Female,45-54,85.0,Loan originated
1,775000.0,43,975000.0,180.0,1,White,Female,65-74,80.0,Loan originated
1,1095000.0,43,1365000.0,254.0,1,White,Male,45-54,80.0,Application denied
1,845000.0,46,985000.0,222.0,1,Asian,Joint,45-54,85.0,Loan originated
1,655000.0,41,695000.0,168.0,1,Hispanic or Latino,Male,35-44,95.0,Loan originated
1,715000.0,42,1215000.0,193.0,1,White,Joint,45-54,58.848,Loan originated
1,175000.0,<20%,255000.0,329.0,1,Hispanic or Latino,Male,45-54,70.0,Loan originated
1,915000.0,47,1225000.0,248.0,1,Asian,Joint,25-34,75.0,Loan originated
1,325000.0,30%-<36%,415000.0,116.0,1,Hispanic or Latino,Male,25-34,80.0,Loan originated
1,365000.0,46,465000.0,228.0,1,Hispanic or Latino,Female,45-54,80.0,Loan originated
1,805000.0,48,1005000.0,187.0,1,Asian,Female,35-44,80.0,Loan originated
1,845000.0,48,1055000.0,281.0,1,White,Joint,45-54,80.0,Application denied
1,745000.0,45,925000.0,247.0,1,Asian,Male,55-64,80.0,Loan originated
1,405000.0,30%-<36%,545000.0,137.0,1,White,Joint,25-34,75.0,Loan originated
1,735000.0,39,915000.0,249.0,1,White,Joint,45-54,80.0,Loan originated
1,1145000.0,48,1475000.0,294.0,1,White,Male,35-44,77.954,Loan originated
1,355000.0,47,705000.0,103.0,1,Black or African American,Male,45-54,101.93,Loan originated
1,425000.0,46,525000.0,123.0,1,Hispanic or Latino,Male,25-34,80.0,Loan originated
1,595000.0,42,625000.0,167.0,1,Hispanic or Latino,Male,35-44,95.0,Loan originated
1,465000.0,30%-<36%,615000.0,168.0,1,Asian,Male,35-44,75.0,Loan originated
1,865000.0,30%-<36%,965000.0,272.0,1,White,Joint,25-34,90.0,Loan originated
1,665000.0,38,795000.0,230.0,1,Asian,Joint,45-54,83.648,Application denied
1,775000.0,43,945000.0,193.0,1,Asian,Female,25-34,81.481,Loan originated
1,425000.0,49,645000.0,165.0,1,White,Male,25-34,65.708,Loan originated
1,485000.0,20%-<30%,545000.0,220.0,1,White,Female,45-54,90.0,Loan originated
1,705000.0,47,885000.0,185.0,1,White,Female,<25,80.0,Application denied
1,965000.0,41,1215000.0,245.0,1,White,Male,25-34,80.0,Loan originated
1,375000.0,>60%,415000.0,66.0,1,Hispanic or Latino,Female,25-34,90.0,Application denied
1,805000.0,45,1545000.0,239.0,1,Asian,Male,45-54,51.78,Loan originated
1,885000.0,30%-<36%,985000.0,311.0,1,Hispanic or Latino,Joint,25-34,91.02,Loan originated
1,285000.0,30%-<36%,295000.0,104.0,1,Hispanic or Latino,Joint,25-34,95.0,Loan originated
1,835000.0,47,1115000.0,189.0,1,White,Joint,25-34,75.0,Loan originated
1,495000.0,40,665000.0,191.0,1,Asian,Female,65-74,74.782,Loan originated
1,145000.0,30%-<36%,215000.0,54.0,1,White,Male,35-44,67.742,Loan originated
1,655000.0,46,825000.0,145.0,1,White,Joint,55-64,80.0,Loan originated
1,435000.0,20%-<30%,545000.0,166.0,1,White,Female,25-34,80.0,Loan originated
1,605000.0,46,755000.0,165.0,1,Asian,Joint,25-34,80.0,Loan originated
1,405000.0,20%-<30%,515000.0,189.0,1,Asian,Male,25-34,80.0,Loan originated
1,175000.0,<20%,465000.0,319.0,1,Hispanic or Latino,Male,35-44,39.0,Loan originated
1,935000.0,20%-<30%,1045000.0,338.0,1,Asian,Joint,25-34,89.9,Loan originated
1,935000.0,30%-<36%,1175000.0,352.0,1,Asian,Female,35-44,79.949,Loan originated
1,1035000.0,47,1285000.0,340.0,1,Asian,Joint,25-34,80.0,Loan originated
1,445000.0,44,945000.0,114.0,1,White,Joint,>74,47.313,Loan originated
1,335000.0,42,415000.0,73.0,1,White,Male,35-44,80.0,Loan originated
1,635000.0,<20%,795000.0,727.0,1,White,Male,45-54,80.0,Loan originated
1,445000.0,45,465000.0,137.0,1,Asian,Male,35-44,95.0,Loan originated
1,555000.0,47,695000.0,206.0,1,Asian,Female,25-34,80.0,Loan originated
1,485000.0,47,655000.0,115.0,1,Asian,Female,25-34,75.0,Loan originated
1,305000.0,41,605000.0,87.0,1,White,Joint,65-74,50.0,Loan originated
1,525000.0,44,875000.0,116.0,1,Asian,Female,45-54,60.0,Loan originated
1,845000.0,30%-<36%,875000.0,280.0,1,White,Joint,25-34,97.0,Loan originated
1,305000.0,20%-<30%,1105000.0,196.0,1,Asian,Male,25-34,27.273,Loan originated
1,695000.0,30%-<36%,1025000.0,232.0,1,White,Female,45-54,67.81,Loan originated
1,535000.0,30%-<36%,635000.0,163.0,1,Hispanic or Latino,Joint,25-34,84.921,Loan originated
1,625000.0,30%-<36%,735000.0,211.0,1,Hispanic or Latino,Joint,25-34,85.0,Loan originated
1,635000.0,47,795000.0,146.0,1,Asian,Joint,35-44,80.0,Loan originated
1,565000.0,44,695000.0,137.0,1,Hispanic or Latino,Joint,25-34,81.159,Loan originated
1,955000.0,44,1015000.0,260.0,1,White,Male,35-44,95.0,Loan originated
1,545000.0,44,605000.0,153.0,1,Asian,Female,35-44,90.0,Loan originated
1,515000.0,20%-<30%,545000.0,288.0,1,White,Female,45-54,95.0,Loan originated
1,775000.0,45,1105000.0,293.0,1,White,Joint,45-54,70.0,Loan originated
1,1145000.0,42,1825000.0,381.0,1,Asian,Joint,25-34,62.363,Loan originated
1,435000.0,20%-<30%,465000.0,171.0,1,White,Female,>74,95.0,Loan originated
1,425000.0,49,555000.0,235.0,1,Asian,Male,35-44,80.0,Loan originated
1,645000.0,20%-<30%,1045000.0,300.0,1,Asian,Joint,25-34,61.72,Loan originated
1,485000.0,40,545000.0,148.0,1,Hispanic or Latino,Female,45-54,90.0,Loan originated
1,315000.0,30%-<36%,485000.0,98.0,1,White,Male,25-34,64.583,Loan originated
1,755000.0,45,1255000.0,219.0,1,Asian,Male,35-44,60.0,Loan originated
