loan_purpose,loan_amount,debt_to_income_ratio,property_value,income,occupancy_type,derived_race,derived_sex,applicant_age,loan_to_value_ratio,action_taken
1,725000.0,45,1415000.0,253.0,1,Asian,Male,45-54,52.0,Loan originated
1,425000.0,42,535000.0,144.0,1,Hispanic or Latino,Female,25-34,80.0,Application denied
1,375000.0,45,385000.0,93.0,1,Hispanic or Latino,Female,25-34,97.0,Loan originated
1,1045000.0,<20%,1315000.0,3235.0,1,Hispanic or Latino,Joint,55-64,80.0,Loan originated
1,755000.0,43,945000.0,317.0,1,Asian,Joint,45-54,80.0,Loan originated
1,995000.0,49,1115000.0,223.0,1,Asian,Joint,35-44,90.0,Application denied
1,195000.0,43,545000.0,63.0,1,Hispanic or Latino,Male,35-44,35.78,Loan originated
1,1095000.0,30%-<36%,1595000.0,598.0,1,White,Joint,35-44,68.652,Loan originated
1,685000.0,42,725000.0,86.0,1,Hispanic or Latino,Joint,35-44,95.0,Application denied
1,595000.0,42,635000.0,215.0,1,White,Joint,25-34,95.0,Loan originated
1,435000.0,36,675000.0,245.0,1,White,Joint,45-54,64.17,Loan originated
1,755000.0,45,1455000.0,172.0,1,Asian,Joint,35-44,51.724,Application denied
1,575000.0,47,765000.0,166.0,1,Hispanic or Latino,Male,25-34,74.983,Loan originated
1,695000.0,37,735000.0,178.0,1,White,Joint,25-34,95.0,Loan originated
1,375000.0,46,395000.0,88.0,1,Hispanic or Latino,Male,25-34,98.0,Loan originated
1,305000.0,42,385000.0,88.0,1,Hispanic or Latino,Female,35-44,80.0,Loan originated
1,645000.0,36,665000.0,228.0,1,Asian,Male,25-34,97.0,Loan originated
1,515000.0,49,645000.0,109.0,1,White,Male,45-54,80.0,Loan originated
1,495000.0,30%-<36%,615000.0,372.0,1,White,Joint,55-64,85.0,Loan originated
1,75000.0,20%-<30%,85000.0,131.0,1,White,Female,55-64,99.09,Loan originated
1,745000.0,44,925000.0,210.0,1,Asian,Joint,25-34,80.0,Loan originated
1,405000.0,48,855000.0,116.0,1,Asian,Male,25-34,47.059,Loan originated
1,965000.0,30%-<36%,1205000.0,319.0,1,Asian,Male,25-34,79.97,Loan originated
1,765000.0,49,1395000.0,297.0,1,White,Male,25-34,89.968,Loan originated
1,205000.0,>60%,525000.0,63.0,1,White,Female,55-64,40.0,Application denied
1,215000.0,30%-<36%,385000.0,111.0,1,White,Male,55-64,57.24,Loan originated
1,855000.0,38,1215000.0,243.0,1,Asian,Male,25-34,70.0,Loan originated
1,765000.0,30%-<36%,1095000.0,349.0,1,Hispanic or Latino,Male,25-34,89.99,Loan originated
1,315000.0,36,335000.0,162.0,1,White,Male,45-54,95.0,Loan originated
1,385000.0,38,415000.0,103.0,1,Hispanic or Latino,Joint,25-34,95.0,Loan originated
1,265000.0,<20%,325000.0,201.0,1,Hispanic or Latino,Male,35-44,80.0,Loan originated
1,75000.0,20%-<30%,645000.0,86.0,1,Asian,Joint,>74,11.61,Loan originated
1,775000.0,30%-<36%,825000.0,307.0,1,White,Joint,45-54,94.0,Loan originated
1,655000.0,43,815000.0,155.0,1,White,Male,35-44,80.0,Application denied
1,305000.0,44,455000.0,108.0,1,Hispanic or Latino,Male,35-44,66.667,Loan originated
1,275000.0,44,555000.0,80.0,1,White,Female,35-44,50.0,Loan originated
1,665000.0,30%-<36%,1065000.0,251.0,1,Asian,Male,25-34,62.37,Loan originated
1,365000.0,49,475000.0,75.0,1,Hispanic or Latino,Female,25-34,97.0,Loan originated
1,625000.0,45,695000.0,202.0,1,Asian,Male,25-34,90.0,Loan originated
1,455000.0,40,475000.0,110.0,1,Hispanic or Latino,Male,25-34,95.0,Loan originated
1,1035000.0,38,1435000.0,353.0,1,White,Joint,25-34,72.2,Loan originated
1,485000.0,37,545000.0,124.0,1,White,Male,35-44,90.0,Loan originated
1,895000.0,38,1045000.0,261.0,1,White,Joint,35-44,85.0,Loan originated
1,655000.0,30%-<36%,775000.0,203.0,1,Asian,Joint,25-34,85.0,Loan originated
1,435000.0,47,455000.0,171.0,1,White,Male,35-44,95.0,Loan originated
1,485000.0,36,515000.0,185.0,1,Hispanic or Latino,Joint,25-34,95.0,Loan originated
1,665000.0,43,735000.0,157.0,1,Hispanic or Latino,Female,35-44,90.0,Loan originated
1,485000.0,37,505000.0,150.0,1,White,Female,25-34,97.0,Loan originated
1,675000.0,30%-<36%,1075000.0,245.0,1,Asian,Joint,25-34,62.9,Loan originated
1,235000.0,48,725000.0,118.0,1,White,Female,35-44,33.0,Loan originated
1,665000.0,49,1155000.0,145.0,1,Asian,Male,25-34,58.0,Loan originated
1,565000.0,49,705000.0,123.0,1,White,Male,55-64,80.0,Loan originated
1,945000.0,49,1355000.0,335.0,1,White,Male,45-54,70.0,Loan originated
1,185000.0,46,255000.0,47.0,1,Asian,Female,35-44,75.0,Loan originated
1,245000.0,20%-<30%,315000.0,112.0,1,White,Joint,55-64,80.0,Loan originated
1,315000.0,44,335000.0,70.0,1,White,Female,<25,95.0,Loan originated
1,505000.0,41,745000.0,141.0,1,White,Female,25-34,67.114,Loan originated
1,445000.0,41,1045000.0,127.0,1,Asian,Male,25-34,42.772,Loan originated
1,715000.0,30%-<36%,1065000.0,319.0,1,Asian,Joint,55-64,66.68,Loan originated
1,755000.0,30%-<36%,885000.0,0.0,1,White,Male,45-54,84.818,Loan originated
1,645000.0,39,675000.0,152.0,1,Hispanic or Latino,Male,35-44,95.0,Loan originated
1,395000.0,36,415000.0,116.0,1,White,Joint,<25,97.0,Loan originated
1,425000.0,39,705000.0,124.0,1,White,Female,35-44,60.0,Loan originated
1,725000.0,41,905000.0,171.0,1,Hispanic or Latino,Female,25-34,80.0,Loan originated
1,545000.0,44,615000.0,201.0,1,Hispanic or Latino,Male,45-54,90.0,Loan originated
1,505000.0,43,565000.0,148.0,1,Hispanic or Latino,Joint,25-34,90.0,Loan originated
1,255000.0,30%-<36%,455000.0,135.0,1,Black or African American,Male,35-44,55.556,Application denied
1,425000.0,49,475000.0,117.0,1,Hispanic or Latino,Female,25-34,90.0,Loan originated
1,435000.0,20%-<30%,545000.0,179.0,1,Hispanic or Latino,Male,25-34,80.0,Loan originated
1,595000.0,46,665000.0,119.0,1,White,Joint,35-44,90.0,Loan originated
1,405000.0,>60%,505000.0,28.0,1,White,Female,35-44,81.397,Application denied
1,1145000.0,39,1275000.0,321.0,1,White,Joint,25-34,89.992,Loan originated
1,295000.0,48,315000.0,103.0,1,Hispanic or Latino,Male,25-34,95.0,Loan originated
1,595000.0,46,815000.0,184.0,1,Asian,Male,45-54,72.546,Loan originated
1,935000.0,30%-<36%,1105000.0,333.0,1,White,Joint,45-54,85.0,Loan originated
1,355000.0,20%-<30%,865000.0,167.0,1,White,Female,65-74,40.462,Loan originated
1,295000.0,48,365000.0,63.0,1,Hispanic or Latino,Female,55-64,80.0,Loan originated
1,385000.0,38,475000.0,142.0,1,White,Joint,45-54,80.0,Loan originated
1,685000.0,48,815000.0,142.0,1,Hispanic or Latino,Male,45-54,85.0,Loan originated
1,185000.0,49,245000.0,53.0,1,White,Male,45-54,74.3,Loan originated
1,305000.0,44,325000.0,74.0,1,White,Female,35-44,95.0,Loan originated
1,225000.0,50%-60%,495000.0,64.0,1,White,Male,55-64,44.088,Loan originated
1,825000.0,<20%,1025000.0,469.0,1,White,Joint,35-44,80.0,Loan originated
1,305000.0,30%-<36%,745000.0,89.0,1,White,Joint,65-74,42.0,Loan originated
1,555000.0,44,685000.0,127.0,1,Asian,Female,35-44,80.0,Loan originated
1,445000.0,44,555000.0,121.0,1,White,Male,25-34,80.0,Loan originated
1,545000.0,50%-60%,705000.0,113.0,1,White,Male,25-34,77.457,Loan originated
1,285000.0,30%-<36%,305000.0,59.0,1,Hispanic or Latino,Joint,35-44,95.0,Loan originated
1,385000.0,47,475000.0,101.0,1,Hispanic or Latino,Female,45-54,80.0,Loan originated
1,1055000.0,44,1865000.0,245.0,1,Black or African American,Female,65-74,56.452,Loan originated
1,485000.0,49,645000.0,106.0,1,Asian,Joint,25-34,95.0,Application denied
1,545000.0,46,585000.0,183.0,1,Asian,Joint,35-44,93.103,Loan originated
1,625000.0,38,785000.0,224.0,1,Other,Joint,45-54,80.0,Loan originated
1,725000.0,42,905000.0,178.0,1,Hispanic or Latino,Male,45-54,80.0,Loan originated
1,715000.0,39,755000.0,197.0,1,Black or African American,Male,35-44,95.0,Loan originated
1,285000.0,42,325000.0,94.0,1,Hispanic or Latino,Joint,35-44,90.0,Loan originated
1,595000.0,48,1075000.0,129.0,1,Hispanic or Latino,Male,35-44,55.349,Loan originated
1,305000.0,30%-<36%,385000.0,127.0,1,Hispanic or Latino,Male,35-44,80.0,Loan originated
1,385000.0,>60%,405000.0,131.0,1,Hispanic or Latino,Male,25-34,95.0,Application denied
1,605000.0,48,765000.0,119.0,1,Asian,Male,25-34,80.0,Loan originated
1,405000.0,48,585000.0,153.0,1,White,Joint,<25,70.0,Loan originated
1,575000.0,30%-<36%,725000.0,212.0,1,Hispanic or Latino,Joint,35-44,80.0,Loan originated
1,395000.0,45,415000.0,131.0,1,Hispanic or Latino,Joint,55-64,95.0,Loan originated
1,175000.0,50%-60%,245000.0,260.0,1,Asian,Joint,>74,70.0,Application denied
1,615000.0,47,765000.0,119.0,1,White,Joint,25-34,80.0,Loan originated
1,525000.0,49,555000.0,176.0,1,Hispanic or Latino,Joint,45-54,95.0,Loan originated
1,385000.0,48,455000.0,80.0,1,White,Female,35-44,85.0,Loan originated
1,205000.0,41,1265000.0,89.0,1,White,Joint,65-74,15.76,Loan originated
1,595000.0,44,745000.0,174.0,1,Asian,Male,35-44,80.0,Loan originated
1,765000.0,48,1175000.0,232.0,1,White,Joint,55-64,65.149,Loan originated
1,455000.0,44,485000.0,110.0,1,Asian,Male,25-34,95.0,Loan originated
1,335000.0,45,435000.0,86.0,1,Hispanic or Latino,Male,35-44,93.0,Loan originated
1,745000.0,20%-<30%,1605000.0,400.0,1,White,Male,55-64,46.75,Loan originated
1,585000.0,20%-<30%,605000.0,271.0,1,Asian,Male,25-34,97.0,Loan originated
1,305000.0,46,605000.0,96.0,1,White,Joint,>74,50.0,Loan originated
1,255000.0,20%-<30%,795000.0,145.0,1,White,Joint,55-64,31.79,Loan originated
1,1025000.0,47,1405000.0,319.0,1,Asian,Joint,25-34,72.9,Loan originated
1,925000.0,46,1155000.0,16.0,1,Asian,Joint,35-44,80.0,Loan originated
1,875000.0,46,925000.0,190.0,1,White,Joint,35-44,95.0,Loan originated
1,235000.0,49,305000.0,45.0,1,White,Male,35-44,78.105,Loan originated
1,785000.0,>60%,825000.0,202.0,1,Asian,Female,35-44,95.0,Application denied
1,625000.0,39,785000.0,170.0,1,White,Male,35-44,80.0,Loan originated
1,605000.0,47,1695000.0,154.0,1,Asian,Male,25-34,35.409,Loan originated
1,235000.0,42,265000.0,176.0,1,Asian,Female,35-44,90.0,Application denied
1,515000.0,30%-<36%,795000.0,172.0,1,Hispanic or Latino,Joint,35-44,64.07,Loan originated
1,555000.0,49,815000.0,143.0,1,Hispanic or Latino,Male,45-54,69.0,Loan originated
1,415000.0,49,695000.0,84.0,1,White,Male,25-34,58.99,Application denied
1,515000.0,20%-<30%,915000.0,255.0,1,Asian,Male,35-44,56.108,Loan originated
1,885000.0,48,1105000.0,254.0,1,Asian,Male,25-34,80.0,Loan originated
1,225000.0,36,525000.0,111.0,1,White,Male,65-74,42.83,Loan originated
1,525000.0,46,1025000.0,241.0,1,White,Joint,65-74,50.98,Loan originated
1,1105000.0,49,1235000.0,225.0,1,White,Joint,35-44,89.474,Loan originated
1,595000.0,43,895000.0,276.0,1,Black or African American,Female,45-54,66.49,Loan originated
1,705000.0,41,885000.0,205.0,1,Asian,Female,35-44,80.0,Loan originated
1,195000.0,<20%,655000.0,265.0,1,White,Joint,45-54,30.055,Loan originated
1,435000.0,40,515000.0,116.0,1,Asian,Female,25-34,85.0,Loan originated
1,415000.0,20%-<30%,715000.0,176.0,1,Hispanic or Latino,Male,25-34,57.92,Loan originated
1,445000.0,47,465000.0,125.0,1,White,Female,25-34,95.0,Loan originated
1,555000.0,49,745000.0,202.0,1,Asian,Female,35-44,75.0,Loan originated
1,635000.0,20%-<30%,715000.0,305.0,1,White,Male,35-44,90.0,Loan originated
1,675000.0,36,715000.0,278.0,1,White,Joint,35-44,95.0,Loan originated
1,585000.0,47,785000.0,134.0,1,Asian,Female,35-44,75.0,Loan originated
1,725000.0,37,905000.0,233.0,1,White,Joint,25-34,80.0,Loan originated
1,565000.0,30%-<36%,635000.0,175.0,1,Asian,Female,25-34,89.98,Loan originated
1,1115000.0,46,1605000.0,228.0,1,Asian,Joint,35-44,69.86,Loan originated
1,535000.0,39,885000.0,147.0,1,Asian,Female,25-34,60.23,Loan originated
1,205000.0,20%-<30%,595000.0,119.0,1,Asian,Joint,65-74,33.898,Loan originated
1,515000.0,49,715000.0,114.0,1,Asian,Female,45-54,73.0,Loan originated
1,535000.0,44,725000.0,135.0,1,White,Joint,35-44,74.31,Application denied
1,385000.0,47,485000.0,75.0,1,White,Joint,45-54,80.0,Loan originated
1,855000.0,44,2355000.0,229.0,1,White,Joint,55-64,36.17,Loan originated
1,625000.0,>60%,835000.0,87.0,1,White,Male,55-64,75.0,Application denied
1,1115000.0,41,1385000.0,255.0,1,White,Joint,35-44,79.963,Loan originated
1,715000.0,50%-60%,895000.0,230.0,1,Asian,Joint,35-44,80.0,Loan originated
1,675000.0,49,705000.0,136.0,1,Hispanic or Latino,Joint,35-44,100.0,Loan originated
1,525000.0,49,545000.0,159.0,1,White,Joint,25-34,95.0,Loan originated
1,775000.0,49,975000.0,166.0,1,White,Male,55-64,80.0,Loan originated
1,395000.0,43,415000.0,116.0,1,Hispanic or Latino,Female,<25,97.0,Application denied
1,575000.0,30%-<36%,775000.0,215.0,1,White,Female,55-64,74.026,Loan originated
1,925000.0,37,1355000.0,587.0,1,White,Joint,45-54,69.0,Loan originated
1,1145000.0,48,1455000.0,261.0,1,White,Male,45-54,79.24,Loan originated
1,795000.0,30%-<36%,925000.0,368.0,1,Asian,Joint,35-44,85.87,Loan originated
1,685000.0,37,855000.0,249.0,1,Asian,Joint,25-34,80.0,Loan originated
1,205000.0,48,455000.0,72.0,1,Black or African American,Female,35-44,101.978,Loan originated
1,585000.0,42,725000.0,128.0,1,Asian,Male,35-44,80.0,Loan originated
1,425000.0,49,715000.0,275.0,1,White,Female,35-44,58.741,Loan originated
1,905000.0,44,1125000.0,305.0,1,White,Joint,35-44,80.0,Loan originated
1,225000.0,41,525000.0,68.0,1,White,Female,>74,42.857,Loan originated
1,715000.0,36,795000.0,223.0,1,Asian,Joint,25-34,90.0,Loan originated
1,585000.0,39,795000.0,149.0,1,Asian,Female,25-34,74.0,Loan originated
1,375000.0,49,425000.0,95.0,1,White,Male,25-34,90.0,Loan originated
1,1055000.0,44,1515000.0,320.0,1,Asian,Male,35-44,70.0,Loan originated
1,605000.0,20%-<30%,1925000.0,383.0,1,White,Joint,35-44,31.17,Loan originated
1,1015000.0,30%-<36%,1195000.0,605.0,1,Other,Male,35-44,85.0,Loan originated
1,765000.0,30%-<36%,955000.0,201.0,1,White,Female,25-34,80.0,Loan originated
1,565000.0,47,705000.0,159.0,1,Asian,Joint,45-54,80.0,Loan originated
1,965000.0,45,1215000.0,230.0,1,Asian,Joint,35-44,80.0,Loan originated
1,755000.0,49,805000.0,182.0,1,Hispanic or Latino,Joint,25-34,94.969,Loan originated
1,815000.0,48,905000.0,173.0,1,White,Joint,25-34,90.0,Loan originated
1,405000.0,42,545000.0,130.0,1,White,Female,45-54,75.0,Loan originated
1,275000.0,47,345000.0,65.0,1,Hispanic or Latino,Female,35-44,80.0,Loan originated
1,215000.0,36,245000.0,159.0,1,Hispanic or Latino,Joint,55-64,90.0,Loan originated
1,475000.0,44,505000.0,105.0,1,Hispanic or Latino,Female,25-34,94.0,Loan originated
1,485000.0,48,515000.0,127.0,1,Asian,Female,45-54,95.0,Loan originated
1,485000.0,42,605000.0,134.0,1,Asian,Joint,35-44,80.0,Loan originated
1,475000.0,44,835000.0,162.0,1,Hispanic or Latino,Joint,35-44,57.0,Loan originated
1,1135000.0,37,1415000.0,354.0,1,Asian,Joint,25-34,80.0,Loan originated
1,685000.0,44,865000.0,176.0,1,White,Joint,25-34,80.0,Loan originated
1,685000.0,38,1015000.0,179.0,1,White,Male,55-64,69.0,Loan originated
1,605000.0,43,1185000.0,247.0,1,White,Joint,65-74,50.633,Loan originated
1,385000.0,49,405000.0,102.0,1,Hispanic or Latino,Male,<25,95.0,Loan originated
1,415000.0,20%-<30%,525000.0,383.0,1,Hispanic or Latino,Male,55-64,80.0,Loan originated
1,165000.0,20%-<30%,1015000.0,126.0,1,White,Male,55-64,16.256,Loan originated
1,215000.0,36,765000.0,84.0,1,Asian,Female,45-54,27.41,Loan originated
1,355000.0,37,1235000.0,151.0,1,White,Joint,35-44,28.34,Loan originated
1,805000.0,44,895000.0,213.0,1,White,Male,65-74,89.94,Loan originated
1,305000.0,41,385000.0,75.0,1,Hispanic or Latino,Joint,35-44,80.0,Loan originated
1,605000.0,30%-<36%,755000.0,210.0,1,White,Male,35-44,80.0,Loan originated
1,455000.0,41,515000.0,134.0,1,Asian,Female,25-34,88.236,Loan originated
1,605000.0,40,765000.0,230.0,1,White,Joint,25-34,80.0,Loan originated
1,765000.0,49,1105000.0,154.0,1,White,Male,35-44,69.68,Loan originated
1,475000.0,49,505000.0,96.0,1,Hispanic or Latino,Female,25-34,95.0,Loan originated
1,595000.0,37,785000.0,275.0,1,White,Male,25-34,75.0,Loan originated
1,115000.0,39,485000.0,51.0,1,White,Male,65-74,22.917,Loan originated
1,575000.0,46,605000.0,178.0,1,White,Female,>74,95.0,Loan originated
1,265000.0,44,415000.0,58.0,1,White,Male,65-74,64.634,Loan originated
1,365000.0,48,385000.0,91.0,1,White,Male,35-44,95.0,Loan originated
1,735000.0,<20%,815000.0,519.0,1,White,Female,>74,90.0,Loan originated
1,315000.0,30%-<36%,335000.0,132.0,1,Black or African American,Female,35-44,95.0,Loan originated
1,805000.0,30%-<36%,1005000.0,338.0,1,Asian,Joint,25-34,80.0,Loan originated
1,655000.0,30%-<36%,825000.0,324.0,1,Asian,Joint,45-54,80.0,Loan originated
1,405000.0,40,595000.0,119.0,1,White,Female,45-54,67.797,Loan originated
1,495000.0,47,525000.0,114.0,1,Hispanic or Latino,Joint,55-64,95.0,Loan originated
1,585000.0,37,725000.0,156.0,1,Asian,Female,35-44,80.0,Loan originated
1,315000.0,47,345000.0,108.0,1,White,Joint,45-54,89.99,Loan originated
1,395000.0,46,645000.0,129.0,1,White,Male,35-44,60.47,Loan originated
1,435000.0,40,575000.0,134.0,1,Hispanic or Latino,Joint,35-44,75.0,Loan originated
1,515000.0,30%-<36%,575000.0,183.0,1,White,Male,25-34,90.0,Loan originated
1,265000.0,43,515000.0,58.0,1,White,Female,>74,52.102,Loan originated
1,1005000.0,>60%,3005000.0,215.0,1,Asian,Joint,55-64,33.33,Application denied
1,595000.0,30%-<36%,995000.0,203.0,1,Asian,Joint,25-34,60.0,Loan originated
1,525000.0,40,555000.0,174.0,1,Asian,Male,25-34,93.935,Loan originated
1,465000.0,49,585000.0,88.0,1,Asian,Male,35-44,79.558,Loan originated
1,785000.0,47,815000.0,201.0,1,Hispanic or Latino,Female,25-34,97.0,Loan originated
1,1005000.0,30%-<36%,3005000.0,548.0,1,Asian,Male,45-54,33.33,Loan originated
1,655000.0,30%-<36%,995000.0,218.0,1,White,Joint,35-44,65.795,Loan originated
1,635000.0,20%-<30%,845000.0,301.0,1,White,Joint,35-44,75.0,Loan originated
1,355000.0,36,395000.0,97.0,1,White,Female,<25,89.999,Loan originated
1,765000.0,49,875000.0,178.0,1,Hispanic or Latino,Male,65-74,87.606,Loan originated
1,485000.0,30%-<36%,515000.0,138.0,1,Hispanic or Latino,Male,35-44,95.0,Loan originated
1,635000.0,47,765000.0,176.0,1,Asian,Joint,35-44,102.05,Loan originated
1,205000.0,50%-60%,285000.0,39.0,1,White,Male,45-54,70.0,Application denied
1,675000.0,47,755000.0,157.0,1,Hispanic or Latino,Joint,45-54,90.0,Loan originated
1,135000.0,40,305000.0,43.0,1,Hispanic or Latino,Joint,25-34,45.0,Loan originated
1,635000.0,42,795000.0,132.0,1,White,Male,35-44,80.0,Loan originated
1,375000.0,49,545000.0,90.0,1,Hispanic or Latino,Female,45-54,69.9,Loan originated
1,1025000.0,30%-<36%,1085000.0,355.0,1,White,Male,25-34,95.0,Loan originated
1,725000.0,41,765000.0,187.0,1,Black or African American,Joint,35-44,95.0,Loan originated
1,405000.0,50%-60%,435000.0,116.0,1,Hispanic or Latino,Joint,25-34,95.0,Application denied
1,545000.0,49,725000.0,125.0,1,Asian,Joint,45-54,75.0,Loan originated
1,685000.0,42,885000.0,174.0,1,Asian,Male,35-44,77.273,Loan originated
1,735000.0,47,775000.0,214.0,1,White,Male,45-54,95.0,Loan originated
1,475000.0,41,525000.0,123.0,1,White,Female,35-44,89.981,Loan originated
1,435000.0,49,465000.0,95.0,1,Hispanic or Latino,Female,25-34,95.0,Application denied
1,1005000.0,39,3125000.0,444.0,1,Asian,Joint,45-54,32.0,Loan originated
1,535000.0,42,595000.0,119.0,1,Black or African American,Male,35-44,90.0,Loan originated
1,405000.0,48,905000.0,102.0,1,White,Female,>74,44.872,Application denied
1,875000.0,40,1255000.0,338.0,1,Asian,Joint,45-54,70.0,Loan originated
1,645000.0,42,685000.0,215.0,1,Asian,Joint,35-44,95.0,Loan originated
1,625000.0,36,785000.0,189.0,1,Asian,Male,25-34,80.0,Loan originated
1,275000.0,41,1525000.0,215.0,1,Asian,Male,25-34,17.763,Loan originated
1,705000.0,<20%,1205000.0,906.0,1,White,Male,25-34,58.333,Loan originated
1,505000.0,49,605000.0,160.0,1,Black or African American,Joint,35-44,104.236,Loan originated
1,675000.0,44,795000.0,146.0,1,Asian,Male,35-44,84.989,Loan originated
1,645000.0,30%-<36%,805000.0,251.0,1,Asian,Joint,25-34,80.0,Loan originated
1,1025000.0,41,1085000.0,237.0,1,Hispanic or Latino,Joint,35-44,98.0,Loan originated
1,1145000.0,30%-<36%,1435000.0,350.0,1,Asian,Male,35-44,80.0,Loan originated
1,1005000.0,20%-<30%,1255000.0,460.0,1,White,Male,65-74,80.0,Loan originated
1,335000.0,30%-<36%,375000.0,159.0,1,White,Male,25-34,90.0,Loan originated
1,535000.0,39,585000.0,174.0,1,Hispanic or Latino,Joint,35-44,92.0,Loan originated
1,665000.0,46,835000.0,244.0,1,Asian,Male,35-44,80.0,Loan originated
1,325000.0,48,675000.0,111.0,1,White,Female,55-64,47.761,Loan originated
1,455000.0,45,575000.0,115.0,1,Asian,Female,25-34,80.0,Loan originated
1,605000.0,20%-<30%,775000.0,261.0,1,Hispanic or Latino,Joint,25-34,77.677,Loan originated
1,345000.0,44,435000.0,75.0,1,Hispanic or Latino,Female,25-34,80.0,Loan originated
1,645000.0,46,805000.0,150.0,1,Hispanic or Latino,Male,25-34,80.0,Loan originated
1,15000.0,40,335000.0,119.0,1,Black or African American,Female,55-64,98.5,Loan originated
1,625000.0,37,785000.0,265.0,1,Asian,Male,35-44,80.0,Loan originated
1,435000.0,46,735000.0,126.0,1,Asian,Male,35-44,58.904,Loan originated
1,1275000.0,43,1705000.0,387.0,1,White,Female,35-44,85.0,Loan originated
1,1115000.0,37,1385000.0,330.0,1,Asian,Joint,35-44,80.0,Loan originated
1,495000.0,46,625000.0,105.0,1,Hispanic or Latino,Male,35-44,80.0,Loan originated
1,555000.0,49,625000.0,154.0,1,Asian,Male,35-44,90.0,Application denied
1,555000.0,40,1325000.0,319.0,1,White,Male,55-64,41.887,Loan originated
1,545000.0,47,685000.0,233.0,1,Black or African American,Male,55-64,80.0,Loan originated
1,735000.0,46,925000.0,221.0,1,Hispanic or Latino,Joint,35-44,80.0,Loan originated
1,625000.0,36,745000.0,173.0,1,White,Joint,25-34,85.0,Loan originated
1,535000.0,49,625000.0,106.0,1,Asian,Male,25-34,85.0,Loan originated
1,355000.0,43,395000.0,104.0,1,White,Joint,25-34,90.0,Loan originated
1,735000.0,20%-<30%,825000.0,332.0,1,White,Joint,35-44,89.989,Loan originated
1,405000.0,45,435000.0,110.0,1,Hispanic or Latino,Female,55-64,95.0,Loan originated
1,605000.0,20%-<30%,1245000.0,360.0,1,Asian,Joint,25-34,48.071,Loan originated
1,1005000.0,48,1255000.0,218.0,1,White,Joint,35-44,80.0,Loan originated
1,685000.0,42,855000.0,215.0,1,Black or African American,Female,35-44,80.0,Application denied
1,225000.0,38,275000.0,68.0,1,White,Male,45-54,80.0,Loan originated
1,125000.0,30%-<36%,715000.0,213.0,1,Asian,Joint,25-34,17.697,Loan originated
1,295000.0,44,365000.0,89.0,1,White,Female,65-74,80.0,Loan originated
1,525000.0,47,1805000.0,139.0,1,White,Joint,>74,29.167,Loan originated
1,595000.0,43,655000.0,180.0,1,Asian,Joint,55-64,89.999,Loan originated
1,765000.0,>60%,1105000.0,74.0,1,Hispanic or Latino,Female,35-44,69.668,Application denied
1,405000.0,40,415000.0,121.0,1,Asian,Female,25-34,97.0,Loan originated
1,375000.0,30%-<36%,465000.0,137.0,1,Hispanic or Latino,Joint,35-44,80.0,Loan originated
1,585000.0,30%-<36%,785000.0,199.0,1,White,Joint,45-54,75.0,Loan originated
1,545000.0,30%-<36%,575000.0,298.0,1,Hispanic or Latino,Male,25-34,95.0,Loan originated
1,565000.0,38,595000.0,153.0,1,Hispanic or Latino,Joint,45-54,95.0,Loan originated
1,735000.0,30%-<36%,1035000.0,214.0,1,Asian,Male,35-44,71.07,Loan originated
1,325000.0,20%-<30%,615000.0,295.0,1,White,Male,45-54,53.0,Loan originated
1,805000.0,47,855000.0,195.0,1,Hispanic or Latino,Joint,45-54,95.0,Loan originated
1,295000.0,44,705000.0,105.0,1,White,Female,65-74,41.369,Loan originated
1,345000.0,30%-<36%,605000.0,117.0,1,White,Female,55-64,57.355,Loan originated
1,695000.0,41,925000.0,207.0,1,Hispanic or Latino,Joint,25-34,75.0,Loan originated
1,565000.0,47,625000.0,256.0,1,Asian,Joint,25-34,89.9,Loan originated
1,1045000.0,30%-<36%,1185000.0,459.0,1,Asian,Male,25-34,88.475,Loan originated
1,875000.0,38,1165000.0,374.0,1,Black or African American,Male,45-54,75.0,Loan originated
1,185000.0,20%-<30%,235000.0,120.0,1,Hispanic or Latino,Female,45-54,80.0,Application denied
1,385000.0,49,405000.0,86.0,1,White,Female,55-64,97.0,Loan originated
1,435000.0,45,455000.0,127.0,1,White,Male,45-54,95.0,Loan originated
1,565000.0,49,705000.0,124.0,1,White,Joint,>74,80.0,Loan originated
1,615000.0,47,685000.0,142.0,1,Asian,Female,35-44,90.0,Loan originated
1,345000.0,47,355000.0,109.0,1,Hispanic or Latino,Female,35-44,99.0,Loan originated
1,295000.0,42,315000.0,88.0,1,White,Male,25-34,95.0,Loan originated
1,405000.0,49,535000.0,252.0,1,Asian,Female,<25,75.0,Loan originated
1,375000.0,30%-<36%,505000.0,103.0,1,Asian,Female,45-54,75.0,Loan originated
1,465000.0,39,515000.0,155.0,1,Asian,Joint,25-34,90.0,Loan originated
1,575000.0,49,725000.0,179.0,1,Asian,Male,35-44,79.99,Loan originated
1,245000.0,43,255000.0,62.0,1,White,Female,55-64,97.0,Loan originated
1,275000.0,20%-<30%,1035000.0,146.0,1,White,Male,55-64,36.372,Loan originated
1,995000.0,46,1055000.0,241.0,1,White,Joint,25-34,95.0,Loan originated
1,895000.0,50%-60%,945000.0,203.0,1,White,Joint,35-44,95.0,Loan originated
1,485000.0,39,545000.0,218.0,1,Hispanic or Latino,Joint,25-34,90.0,Loan originated
1,1085000.0,36,1355000.0,292.0,1,White,Joint,35-44,80.0,Loan originated
1,85000.0,43,485000.0,30.0,1,Hispanic or Latino,Female,65-74,16.64,Application denied
1,745000.0,43,1595000.0,574.0,1,White,Joint,45-54,78.056,Loan originated
1,405000.0,30%-<36%,435000.0,136.0,1,Hispanic or Latino,Male,<25,95.0,Loan originated
1,525000.0,49,655000.0,205.0,1,White,Male,65-74,80.0,Loan originated
1,535000.0,47,665000.0,248.0,1,Asian,Female,25-34,80.0,Loan originated
1,665000.0,44,895000.0,158.0,1,Asian,Joint,45-54,75.0,Loan originated
1,535000.0,43,595000.0,151.0,1,White,Male,35-44,90.0,Loan originated
1,905000.0,48,1675000.0,205.0,1,White,Joint,35-44,53.73,Loan originated
1,235000.0,39,335000.0,113.0,1,White,Joint,35-44,70.265,Loan originated
1,645000.0,30%-<36%,815000.0,219.0,1,White,Joint,35-44,80.0,Loan originated
1,505000.0,41,1495000.0,280.0,1,White,Male,45-54,34.0,Loan originated
1,975000.0,44,1225000.0,214.0,1,White,Joint,45-54,79.65,Loan originated
1,555000.0,49,585000.0,127.0,1,White,Joint,45-54,95.0,Loan originated
1,755000.0,47,1595000.0,165.0,1,Asian,Male,25-34,47.17,Loan originated
1,305000.0,47,1125000.0,150.0,1,Asian,Male,55-64,26.596,Loan originated
1,535000.0,20%-<30%,815000.0,288.0,1,Asian,Female,25-34,65.333,Loan originated
1,495000.0,20%-<30%,555000.0,154.0,1,White,Male,25-34,90.0,Loan originated
1,755000.0,38,1295000.0,183.0,1,Asian,Female,25-34,58.09,Loan originated
1,685000.0,42,985000.0,159.0,1,White,Female,35-44,69.543,Loan originated
1,615000.0,42,625000.0,190.0,1,Hispanic or Latino,Joint,25-34,98.328,Application denied
1,625000.0,48,835000.0,144.0,1,White,Joint,25-34,75.0,Loan originated
1,725000.0,39,1045000.0,481.0,1,White,Joint,35-44,90.0,Loan originated
1,835000.0,43,2005000.0,297.0,1,Asian,Joint,35-44,41.92,Loan originated
1,175000.0,47,225000.0,46.0,1,Hispanic or Latino,Male,45-54,80.0,Loan originated
1,755000.0,40,785000.0,198.0,1,Hispanic or Latino,Female,35-44,97.0,Loan originated
1,825000.0,46,875000.0,174.0,1,Hispanic or Latino,Male,25-34,95.0,Loan originated
1,465000.0,30%-<36%,665000.0,210.0,1,White,Female,45-54,70.0,Loan originated
1,195000.0,44,475000.0,393.0,1,White,Female,65-74,39.66,Loan originated
1,535000.0,47,1535000.0,181.0,1,White,Female,45-54,34.853,Loan originated
1,525000.0,>60%,655000.0,8.0,1,White,Male,45-54,80.0,Application denied
1,565000.0,30%-<36%,635000.0,188.0,1,White,Joint,25-34,90.0,Loan originated
1,805000.0,42,1305000.0,177.0,1,Asian,Male,25-34,61.538,Loan originated
1,765000.0,49,1005000.0,264.0,1,Asian,Joint,45-54,76.655,Loan originated
1,735000.0,49,915000.0,266.0,1,White,Male,25-34,80.0,Loan originated
1,555000.0,30%-<36%,805000.0,452.0,1,Asian,Male,45-54,68.75,Loan originated
1,785000.0,20%-<30%,985000.0,310.0,1,Asian,Joint,25-34,79.993,Loan originated
1,825000.0,48,925000.0,158.0,1,Hispanic or Latino,Female,35-44,89.999,Loan originated
1,585000.0,50%-60%,725000.0,122.0,1,White,Male,55-64,80.0,Loan originated
1,175000.0,47,425000.0,43.0,1,White,Joint,55-64,42.0,Loan originated
1,575000.0,49,1225000.0,117.0,1,Asian,Male,35-44,46.939,Loan originated
1,885000.0,37,1045000.0,251.0,1,White,Female,35-44,85.0,Loan originated
1,685000.0,39,915000.0,299.0,1,Hispanic or Latino,Male,35-44,80.0,Loan originated
1,385000.0,44,785000.0,159.0,1,White,Joint,45-54,49.0,Loan originated
1,325000.0,44,675000.0,121.0,1,White,Female,55-64,47.407,Loan originated
1,825000.0,20%-<30%,905000.0,379.0,1,White,Joint,25-34,91.6,Loan originated
1,1085000.0,30%-<36%,1355000.0,309.0,1,White,Female,35-44,80.0,Loan originated
1,595000.0,40,1325000.0,178.0,1,Asian,Female,25-34,44.528,Loan originated
1,665000.0,49,825000.0,190.0,1,Hispanic or Latino,Joint,25-34,80.0,Loan originated
1,1085000.0,30%-<36%,1285000.0,347.0,1,Asian,Joint,35-44,85.0,Loan originated
1,245000.0,43,325000.0,272.0,1,White,Joint,35-44,75.0,Loan originated
1,985000.0,49,1095000.0,242.0,1,Black or African American,Joint,35-44,90.0,Loan originated
1,545000.0,43,745000.0,134.0,1,White,Male,45-54,73.325,Loan originated
1,705000.0,30%-<36%,785000.0,249.0,1,White,Joint,25-34,90.0,Application denied
1,695000.0,49,715000.0,178.0,1,Asian,Joint,25-34,97.0,Loan originated
1,505000.0,40,925000.0,134.0,1,Hispanic or Latino,Joint,45-54,54.35,Loan originated
1,475000.0,37,505000.0,137.0,1,Asian,Male,25-34,95.0,Application denied
1,425000.0,48,475000.0,98.0,1,Hispanic or Latino,Male,25-34,90.0,Loan originated
1,625000.0,20%-<30%,1275000.0,336.0,1,Asian,Joint,45-54,48.819,Loan originated
1,675000.0,38,745000.0,200.0,1,Hispanic or Latino,Female,25-34,90.775,Loan originated
1,465000.0,48,585000.0,114.0,1,White,Female,25-34,80.0,Loan originated
1,505000.0,50%-60%,565000.0,128.0,1,Hispanic or Latino,Joint,35-44,90.0,Loan originated
1,805000.0,38,865000.0,193.0,1,White,Male,45-54,93.43,Loan originated
1,565000.0,20%-<30%,635000.0,266.0,1,White,Male,45-54,90.0,Application denied
1,475000.0,42,495000.0,173.0,1,Hispanic or Latino,Joint,35-44,95.0,Loan originated
1,545000.0,37,685000.0,155.0,1,Asian,Joint,35-44,79.68,Loan originated
1,245000.0,30%-<36%,265000.0,74.0,1,White,Joint,<25,95.0,Loan originated
1,945000.0,44,1355000.0,265.0,1,White,Female,45-54,70.0,Loan originated
1,925000.0,46,975000.0,334.0,1,Asian,Joint,35-44,95.0,Loan originated
1,605000.0,36,765000.0,174.0,1,Hispanic or Latino,Joint,35-44,80.0,Application denied
1,565000.0,30%-<36%,865000.0,160.0,1,White,Male,25-34,65.116,Loan originated
1,875000.0,46,925000.0,233.0,1,Asian,Joint,25-34,95.0,Loan originated
1,345000.0,20%-<30%,505000.0,122.0,1,Hispanic or Latino,Joint,25-34,68.0,Loan originated
1,475000.0,41,815000.0,352.0,1,White,Male,55-64,59.0,Loan originated
1,805000.0,46,845000.0,272.0,1,White,Joint,55-64,94.91,Loan originated
1,395000.0,44,405000.0,93.0,1,Hispanic or Latino,Joint,<25,100.0,Loan originated
1,355000.0,20%-<30%,765000.0,149.0,1,White,Female,55-64,46.053,Loan originated
1,465000.0,45,585000.0,136.0,1,Asian,Joint,25-34,80.0,Loan originated
1,785000.0,45,985000.0,177.0,1,Asian,Joint,45-54,80.0,Loan originated
1,505000.0,20%-<30%,855000.0,570.0,1,White,Joint,55-64,58.824,Loan originated
1,475000.0,37,635000.0,237.0,1,White,Joint,25-34,75.0,Loan originated
1,455000.0,43,505000.0,112.0,1,Asian,Female,35-44,89.998,Loan originated
1,435000.0,40,545000.0,189.0,1,White,Joint,>74,80.0,Loan originated
1,995000.0,50%-60%,1105000.0,291.0,1,Hispanic or Latino,Joint,35-44,90.0,Application denied
1,335000.0,46,485000.0,83.0,1,White,Joint,65-74,70.0,Loan originated
1,705000.0,47,785000.0,206.0,1,Asian,Joint,35-44,89.99,Loan originated
1,735000.0,30%-<36%,815000.0,271.0,1,White,Joint,35-44,90.0,Loan originated
1,645000.0,43,805000.0,217.0,1,Asian,Male,35-44,80.0,Application denied
1,405000.0,38,425000.0,140.0,1,Hispanic or Latino,Male,25-34,95.0,Loan originated
1,705000.0,40,875000.0,240.0,1,White,Male,25-34,80.0,Loan originated
1,435000.0,45,515000.0,110.0,1,White,Joint,35-44,85.0,Loan originated
1,885000.0,43,1105000.0,246.0,1,White,Female,35-44,80.0,Loan originated
1,305000.0,20%-<30%,355000.0,143.0,1,White,Female,35-44,85.0,Loan originated
1,705000.0,45,735000.0,207.0,1,White,Joint,35-44,98.0,Loan originated
1,615000.0,43,685000.0,179.0,1,White,Male,65-74,90.0,Loan originated
1,385000.0,45,425000.0,117.0,1,White,Female,55-64,90.0,Loan originated
1,1065000.0,49,1785000.0,232.0,1,Asian,Joint,35-44,59.83,Loan originated
1,505000.0,36,1625000.0,289.0,1,White,Joint,45-54,49.09,Loan originated
1,655000.0,42,825000.0,142.0,1,Asian,Female,45-54,80.0,Loan originated
1,625000.0,42,785000.0,162.0,1,White,Joint,25-34,80.0,Loan originated
1,125000.0,39,345000.0,81.0,1,Asian,Male,25-34,35.0,Loan originated
1,585000.0,41,735000.0,228.0,1,Asian,Female,35-44,79.998,Loan originated
1,355000.0,42,365000.0,110.0,1,Hispanic or Latino,Joint,25-34,97.0,Loan originated
1,1105000.0,41,1305000.0,311.0,1,White,Female,35-44,85.0,Loan originated
1,785000.0,20%-<30%,985000.0,328.0,1,Asian,Joint,35-44,80.0,Loan originated
1,495000.0,48,615000.0,222.0,1,White,Male,45-54,80.0,Application denied
1,1145000.0,47,1545000.0,267.0,1,Asian,Joint,25-34,74.61,Loan originated
1,495000.0,37,585000.0,137.0,1,White,Female,25-34,84.1,Loan originated
1,925000.0,42,1325000.0,301.0,1,Asian,Male,25-34,70.0,Loan originated
1,1145000.0,48,1705000.0,239.0,1,White,Joint,65-74,67.588,Loan originated
1,735000.0,46,1225000.0,172.0,1,Asian,Male,25-34,60.0,Loan originated
1,915000.0,44,1015000.0,628.0,1,Hispanic or Latino,Joint,25-34,89.901,Loan originated
1,1005000.0,40,1255000.0,231.0,1,Asian,Male,35-44,80.0,Loan originated
1,995000.0,43,1105000.0,259.0,1,White,Male,25-34,89.955,Loan originated
1,595000.0,48,795000.0,170.0,1,White,Female,45-54,75.0,Loan originated
1,455000.0,48,485000.0,188.0,1,Hispanic or Latino,Joint,65-74,95.0,Loan originated
1,465000.0,30%-<36%,485000.0,153.0,1,White,Joint,45-54,96.0,Loan originated
1,505000.0,47,655000.0,114.0,1,White,Joint,45-54,77.0,Loan originated
1,505000.0,36,635000.0,163.0,1,Asian,Joint,35-44,80.0,Loan originated
1,465000.0,40,585000.0,127.0,1,White,Male,55-64,79.474,Loan originated
1,765000.0,40,1105000.0,195.0,1,Asian,Male,45-54,69.64,Loan originated
1,745000.0,30%-<36%,935000.0,201.0,1,White,Male,25-34,80.0,Loan originated
1,425000.0,30%-<36%,565000.0,170.0,1,Asian,Male,25-34,74.88,Application denied
1,755000.0,20%-<30%,1795000.0,280.0,1,White,Male,45-54,41.899,Loan originated
1,425000.0,48,525000.0,98.0,1,Hispanic or Latino,Male,25-34,80.0,Loan originated
1,365000.0,<20%,465000.0,265.0,1,White,Male,55-64,80.0,Loan originated
1,555000.0,44,585000.0,127.0,1,Hispanic or Latino,Joint,25-34,95.0,Loan originated
1,355000.0,47,425000.0,75.0,1,Hispanic or Latino,Male,35-44,85.0,Loan originated
1,495000.0,49,595000.0,104.0,1,White,Male,25-34,84.153,Loan originated
1,555000.0,44,575000.0,120.0,1,Hispanic or Latino,Joint,55-64,100.0,Application denied
1,975000.0,38,1225000.0,283.0,1,Asian,Joint,25-34,80.0,Loan originated
1,1105000.0,37,1575000.0,528.0,1,Asian,Male,35-44,70.0,Loan originated
1,955000.0,44,1235000.0,204.0,1,Asian,Joint,25-34,77.24,Loan originated
1,525000.0,30%-<36%,665000.0,150.0,1,Asian,Male,35-44,80.0,Loan originated
1,605000.0,38,1765000.0,251.0,1,Asian,Male,35-44,34.091,Loan originated
1,665000.0,42,835000.0,183.0,1,White,Joint,>74,80.0,Loan originated
1,135000.0,<20%,265000.0,170.0,1,White,Female,45-54,51.49,Loan originated
1,365000.0,49,455000.0,72.0,1,Black or African American,Male,55-64,100.0,Application denied
1,1145000.0,38,1805000.0,459.0,1,Black or African American,Male,25-34,89.972,Loan originated
1,375000.0,40,1675000.0,138.0,1,Asian,Female,<25,22.388,Loan originated
1,555000.0,49,695000.0,190.0,1,White,Female,>74,80.0,Loan originated
1,355000.0,30%-<36%,415000.0,106.0,1,White,Joint,25-34,85.0,Loan originated
1,885000.0,49,995000.0,151.0,1,White,Female,35-44,89.0,Loan originated
1,405000.0,45,515000.0,192.0,1,White,Female,35-44,80.0,Loan originated
1,285000.0,46,295000.0,68.0,1,Hispanic or Latino,Joint,25-34,95.0,Loan originated
1,595000.0,46,745000.0,131.0,1,Hispanic or Latino,Female,55-64,80.0,Loan originated
1,235000.0,44,455000.0,65.0,1,Hispanic or Latino,Female,25-34,78.0,Loan originated
1,355000.0,47,385000.0,127.0,1,Hispanic or Latino,Female,35-44,95.0,Loan originated
1,825000.0,39,925000.0,230.0,1,Asian,Male,25-34,90.0,Loan originated
1,835000.0,44,935000.0,311.0,1,White,Joint,25-34,89.9,Loan originated
1,1075000.0,37,1305000.0,296.0,1,Hispanic or Latino,Male,25-34,83.0,Loan originated
1,755000.0,42,1655000.0,304.0,1,Asian,Joint,45-54,45.455,Loan originated
1,465000.0,20%-<30%,585000.0,161.0,1,Hispanic or Latino,Male,35-44,80.0,Loan originated
1,745000.0,48,995000.0,295.0,1,Asian,Joint,35-44,74.99,Loan originated
1,355000.0,43,1205000.0,150.0,1,White,Joint,35-44,29.167,Loan originated
1,905000.0,43,1855000.0,250.0,1,White,Joint,45-54,48.649,Loan originated
1,425000.0,30%-<36%,465000.0,115.0,1,Hispanic or Latino,Female,25-34,90.0,Loan originated
1,525000.0,20%-<30%,1175000.0,255.0,1,White,Joint,55-64,44.591,Application denied
1,445000.0,36,665000.0,180.0,1,White,Female,35-44,67.0,Loan originated
1,395000.0,46,445000.0,176.0,1,Hispanic or Latino,Male,45-54,90.0,Loan originated
1,805000.0,38,1015000.0,207.0,1,Asian,Female,25-34,80.0,Loan originated
1,335000.0,36,375000.0,95.0,1,Hispanic or Latino,Female,35-44,88.0,Loan originated
1,315000.0,36,465000.0,96.0,1,Hispanic or Latino,Male,45-54,69.13,Loan originated
1,1005000.0,42,1505000.0,398.0,1,Asian,Joint,25-34,66.67,Loan originated
1,185000.0,46,285000.0,46.0,1,Hispanic or Latino,Female,45-54,100.93,Loan originated
1,225000.0,20%-<30%,965000.0,161.0,1,Asian,Joint,25-34,23.231,Loan originated
1,625000.0,30%-<36%,645000.0,180.0,1,Asian,Joint,45-54,97.0,Loan originated
1,955000.0,20%-<30%,1755000.0,667.0,1,Asian,Male,35-44,54.416,Loan originated
1,625000.0,46,835000.0,250.0,1,Hispanic or Latino,Female,45-54,75.0,Loan originated
1,595000.0,49,1195000.0,143.0,1,White,Female,65-74,49.791,Loan originated
1,105000.0,50%-60%,875000.0,33.0,1,Asian,Male,55-64,11.494,Application denied
1,165000.0,42,375000.0,49.0,1,Hispanic or Latino,Joint,45-54,43.24,Loan originated
1,805000.0,46,1505000.0,219.0,1,White,Joint,65-74,53.51,Loan originated
1,645000.0,47,815000.0,158.0,1,Asian,Female,45-54,80.0,Loan originated
1,765000.0,38,855000.0,196.0,1,White,Male,25-34,89.99,Loan originated
1,535000.0,30%-<36%,705000.0,172.0,1,White,Joint,25-34,76.886,Loan originated
1,105000.0,46,205000.0,49.0,1,Asian,Male,35-44,50.0,Loan originated
1,305000.0,49,595000.0,80.0,1,White,Female,35-44,52.0,Loan originated
1,705000.0,38,825000.0,195.0,1,White,Female,25-34,85.0,Loan originated
1,625000.0,20%-<30%,655000.0,224.0,1,Asian,Male,25-34,95.0,Loan originated
1,585000.0,36,735000.0,170.0,1,White,Male,65-74,80.0,Loan originated
1,335000.0,45,625000.0,139.0,1,White,Joint,55-64,54.44,Loan originated
1,945000.0,46,1625000.0,204.0,1,White,Female,65-74,58.02,Loan originated
1,525000.0,46,655000.0,138.0,1,White,Female,45-54,80.0,Loan originated
1,405000.0,20%-<30%,465000.0,163.0,1,Hispanic or Latino,Female,<25,87.83,Loan originated
1,855000.0,49,955000.0,230.0,1,White,Male,35-44,90.0,Loan originated
1,315000.0,30%-<36%,485000.0,141.0,1,Asian,Joint,25-34,64.557,Loan originated
1,455000.0,<20%,635000.0,242.0,1,Hispanic or Latino,Female,55-64,72.253,Loan originated
1,535000.0,30%-<36%,675000.0,256.0,1,White,Female,55-64,80.0,Loan originated
1,475000.0,43,565000.0,132.0,1,White,Joint,35-44,85.0,Loan originated
1,495000.0,49,1385000.0,109.0,1,Asian,Female,55-64,35.888,Loan originated
1,875000.0,20%-<30%,1095000.0,418.0,1,White,Female,35-44,80.0,Loan originated
1,1055000.0,46,1405000.0,244.0,1,Asian,Joint,35-44,75.0,Loan originated
1,485000.0,20%-<30%,645000.0,275.0,1,White,Male,55-64,75.0,Loan originated
1,755000.0,30%-<36%,1665000.0,230.0,1,Asian,Joint,45-54,45.181,Loan originated
1,605000.0,49,1165000.0,140.0,1,White,Male,45-54,51.724,Loan originated
1,765000.0,<20%,805000.0,0.0,1,Hispanic or Latino,Male,45-54,94.99,Application denied
1,795000.0,20%-<30%,995000.0,313.0,1,Asian,Joint,25-34,80.0,Loan originated
1,485000.0,45,515000.0,119.0,1,Hispanic or Latino,Joint,<25,95.0,Loan originated
1,1075000.0,49,1205000.0,315.0,1,White,Male,45-54,90.0,Loan originated
1,665000.0,30%-<36%,1055000.0,314.0,1,Asian,Female,45-54,63.24,Loan originated
1,665000.0,20%-<30%,825000.0,280.0,1,White,Joint,25-34,80.0,Loan originated
1,625000.0,47,835000.0,132.0,1,White,Joint,25-34,75.0,Loan originated
1,625000.0,40,785000.0,158.0,1,White,Female,65-74,80.0,Loan originated
1,285000.0,39,325000.0,114.0,1,Hispanic or Latino,Male,35-44,90.0,Loan originated
1,395000.0,46,465000.0,111.0,1,White,Female,65-74,103.632,Loan originated
1,655000.0,49,1195000.0,130.0,1,Asian,Male,35-44,56.0,Loan originated
1,385000.0,48,395000.0,84.0,1,Hispanic or Latino,Joint,25-34,97.0,Loan originated
1,395000.0,48,645000.0,107.0,1,Asian,Female,>74,61.24,Loan originated
1,405000.0,44,855000.0,124.0,1,White,Female,35-44,46.57,Loan originated
1,625000.0,49,895000.0,110.0,1,White,Joint,65-74,70.0,Loan originated
1,635000.0,47,1265000.0,159.0,1,Asian,Joint,65-74,50.0,Loan originated
1,1135000.0,47,1255000.0,233.0,1,Asian,Joint,35-44,102.8,Loan originated
1,655000.0,48,845000.0,126.0,1,Hispanic or Latino,Female,65-74,76.65,Loan originated
1,405000.0,40,505000.0,219.0,1,White,Joint,35-44,80.0,Loan originated
1,155000.0,46,305000.0,35.0,1,White,Female,25-34,50.0,Loan originated
1,565000.0,30%-<36%,585000.0,240.0,1,Hispanic or Latino,Female,35-44,97.0,Loan originated
1,955000.0,30%-<36%,1195000.0,316.0,1,Asian,Joint,25-34,80.0,Loan originated
1,455000.0,39,545000.0,191.0,1,Hispanic or Latino,Female,35-44,85.0,Loan originated
1,535000.0,49,625000.0,145.0,1,White,Joint,25-34,84.99,Loan originated
1,305000.0,49,405000.0,59.0,1,Hispanic or Latino,Male,<25,75.0,Loan originated
1,545000.0,30%-<36%,675000.0,164.0,1,White,Female,55-64,80.0,Loan originated
1,475000.0,41,525000.0,117.0,1,Hispanic or Latino,Male,35-44,89.99,Loan originated
1,485000.0,<20%,925000.0,348.0,1,Asian,Joint,35-44,52.561,Loan originated
1,585000.0,49,645000.0,128.0,1,White,Female,55-64,90.0,Loan originated
1,915000.0,41,1225000.0,201.0,1,White,Male,35-44,75.0,Loan originated
1,435000.0,49,565000.0,91.0,1,White,Female,55-64,80.54,Loan originated
1,335000.0,43,355000.0,134.0,1,Hispanic or Latino,Joint,45-54,95.0,Loan originated
1,255000.0,45,265000.0,139.0,1,Hispanic or Latino,Male,35-44,95.0,Loan originated
1,105000.0,48,105000.0,75.0,1,White,Male,35-44,100.31,Application denied
1,545000.0,37,575000.0,167.0,1,Hispanic or Latino,Joint,35-44,95.0,Loan originated
1,405000.0,30%-<36%,425000.0,141.0,1,Other,Joint,25-34,95.24,Loan originated
1,785000.0,44,855000.0,203.0,1,Asian,Female,45-54,91.765,Loan originated
1,355000.0,45,445000.0,118.0,1,White,Joint,>74,80.0,Loan originated
1,315000.0,30%-<36%,335000.0,376.0,1,Other,Joint,35-44,95.0,Loan originated
1,315000.0,49,425000.0,75.0,1,White,Male,55-64,75.0,Loan originated
1,325000.0,>60%,395000.0,43.0,1,Hispanic or Latino,Male,45-54,83.333,Application denied
1,555000.0,30%-<36%,695000.0,238.0,1,White,Male,55-64,80.0,Loan originated
1,675000.0,49,725000.0,145.0,1,Hispanic or Latino,Joint,25-34,95.0,Loan originated
1,855000.0,47,1405000.0,169.0,1,Asian,Male,25-34,60.71,Loan originated
1,745000.0,46,995000.0,270.0,1,White,Joint,55-64,75.0,Loan originated
1,615000.0,20%-<30%,765000.0,344.0,1,White,Female,45-54,80.0,Loan originated
1,205000.0,49,215000.0,78.0,1,Hispanic or Latino,Joint,55-64,95.0,Loan originated
1,765000.0,30%-<36%,855000.0,200.0,1,Asian,Joint,35-44,89.354,Loan originated
1,315000.0,45,985000.0,101.0,1,White,Male,65-74,31.98,Loan originated
1,465000.0,42,585000.0,132.0,1,White,Female,45-54,80.0,Loan originated
1,805000.0,20%-<30%,945000.0,376.0,1,Asian,Female,25-34,85.0,Loan originated
1,905000.0,47,1065000.0,179.0,1,Asian,Male,35-44,85.0,Loan originated
1,275000.0,36,305000.0,240.0,1,White,Male,35-44,90.0,Loan originated
1,395000.0,49,415000.0,173.0,1,White,Joint,55-64,95.0,Loan originated
1,605000.0,39,755000.0,155.0,1,Other,Male,35-44,80.0,Loan originated
1,335000.0,41,425000.0,177.0,1,Hispanic or Latino,Joint,55-64,80.0,Loan originated
1,535000.0,46,765000.0,130.0,1,White,Joint,45-54,70.0,Loan originated
1,505000.0,47,735000.0,139.0,1,Hispanic or Latino,Male,35-44,68.616,Loan originated
1,425000.0,50%-60%,455000.0,79.0,1,Hispanic or Latino,Female,55-64,95.0,Application denied
1,665000.0,43,705000.0,174.0,1,White,Joint,25-34,94.99,Loan originated
1,425000.0,>60%,765000.0,151.0,1,Asian,Female,25-34,55.73,Loan originated
1,925000.0,49,975000.0,288.0,1,Hispanic or Latino,Male,25-34,95.0,Loan originated
1,605000.0,>60%,995000.0,0.0,1,Asian,Male,65-74,60.3,Application denied
1,625000.0,45,765000.0,217.0,1,Hispanic or Latino,Male,45-54,84.797,Loan originated
1,925000.0,39,1535000.0,435.0,1,Asian,Male,35-44,60.0,Loan originated
1,535000.0,30%-<36%,625000.0,155.0,1,White,Male,25-34,85.0,Loan originated
1,295000.0,47,375000.0,77.0,1,Hispanic or Latino,Joint,25-34,100.0,Loan originated
1,825000.0,49,1075000.0,212.0,1,White,Joint,35-44,76.636,Loan originated
1,265000.0,38,1065000.0,96.0,1,White,Female,55-64,24.876,Loan originated
1,475000.0,30%-<36%,595000.0,128.0,1,Asian,Male,35-44,80.0,Loan originated
1,685000.0,43,1195000.0,193.0,1,Asian,Female,45-54,60.0,Loan originated
1,855000.0,38,1715000.0,494.0,1,Asian,Joint,45-54,50.0,Loan originated
1,925000.0,50%-60%,1155000.0,196.0,1,White,Joint,25-34,80.0,Loan originated
1,685000.0,44,905000.0,192.0,1,White,Female,25-34,75.0,Loan originated
1,575000.0,42,605000.0,198.0,1,Hispanic or Latino,Joint,25-34,95.0,Loan originated
1,605000.0,<20%,1505000.0,1040.0,1,Asian,Female,35-44,40.0,Loan originated
1,505000.0,48,565000.0,211.0,1,White,Joint,25-34,90.0,Loan originated
1,705000.0,47,785000.0,143.0,1,Hispanic or Latino,Male,25-34,90.0,Loan originated
1,315000.0,38,395000.0,80.0,1,White,Male,25-34,80.0,Loan originated
1,765000.0,20%-<30%,955000.0,292.0,1,White,Joint,25-34,80.0,Loan originated
1,1125000.0,45,1505000.0,260.0,1,White,Male,45-54,75.0,Loan originated
1,405000.0,47,585000.0,87.0,1,White,Male,25-34,70.0,Loan originated
1,285000.0,43,535000.0,168.0,1,Asian,Joint,35-44,52.83,Loan originated
1,845000.0,48,995000.0,171.0,1,Asian,Male,35-44,85.0,Loan originated
1,865000.0,30%-<36%,1145000.0,295.0,1,Asian,Joint,25-34,75.0,Loan originated
1,725000.0,42,1225000.0,316.0,1,Black or African American,Joint,55-64,59.163,Loan originated
1,425000.0,44,435000.0,123.0,1,Hispanic or Latino,Joint,25-34,97.0,Loan originated
1,855000.0,40,1005000.0,206.0,1,Asian,Male,25-34,85.0,Loan originated
1,715000.0,30%-<36%,895000.0,212.0,1,Asian,Joint,35-44,80.0,Loan originated
1,805000.0,30%-<36%,2005000.0,279.0,1,White,Female,45-54,40.0,Loan originated
1,205000.0,30%-<36%,585000.0,92.0,1,White,Female,45-54,34.188,Loan originated
1,285000.0,43,335000.0,80.0,1,Black or African American,Male,55-64,105.0,Loan originated
1,735000.0,30%-<36%,1685000.0,357.0,1,White,Male,35-44,43.452,Loan originated
1,285000.0,46,305000.0,95.0,1,White,Joint,>74,90.91,Application denied
1,145000.0,44,155000.0,105.0,1,Hispanic or Latino,Male,35-44,97.0,Loan originated
1,205000.0,20%-<30%,955000.0,437.0,1,Asian,Female,45-54,21.053,Loan originated
1,745000.0,46,935000.0,165.0,1,Asian,Joint,55-64,83.0,Loan originated
1,875000.0,44,975000.0,229.0,1,White,Joint,35-44,89.95,Loan originated
1,285000.0,49,385000.0,64.0,1,Hispanic or Latino,Male,45-54,75.0,Loan originated
1,1145000.0,48,2135000.0,255.0,1,Asian,Joint,45-54,53.82,Loan originated
1,465000.0,30%-<36%,675000.0,141.0,1,Hispanic or Latino,Joint,35-44,70.0,Loan originated
1,755000.0,46,945000.0,221.0,1,White,Joint,45-54,80.0,Loan originated
1,825000.0,20%-<30%,1635000.0,313.0,1,White,Joint,25-34,50.644,Loan originated
1,395000.0,37,465000.0,111.0,1,Asian,Female,55-64,85.0,Loan originated
1,475000.0,20%-<30%,865000.0,173.0,1,White,Joint,35-44,55.24,Loan originated
1,735000.0,49,815000.0,151.0,1,White,Male,35-44,89.99,Loan originated
1,855000.0,49,1405000.0,265.0,1,White,Joint,35-44,60.714,Loan originated
1,585000.0,46,885000.0,162.0,1,White,Male,65-74,65.9,Loan originated
1,335000.0,30%-<36%,405000.0,106.0,1,White,Female,25-34,82.74,Loan originated
1,635000.0,47,905000.0,172.0,1,Asian,Male,55-64,70.0,Loan originated
1,625000.0,20%-<30%,1675000.0,340.0,1,White,Joint,35-44,37.31,Loan originated
1,485000.0,43,735000.0,118.0,1,Asian,Female,<25,65.753,Loan originated
1,955000.0,30%-<36%,1065000.0,316.0,1,Asian,Male,25-34,90.0,Application denied
1,445000.0,48,555000.0,251.0,1,Hispanic or Latino,Male,45-54,80.0,Loan originated
1,105000.0,36,925000.0,65.0,1,White,Joint,35-44,10.823,Loan originated
1,865000.0,42,1025000.0,245.0,1,White,Female,45-54,85.0,Loan originated
1,665000.0,47,835000.0,138.0,1,White,Joint,35-44,80.0,Loan originated
1,625000.0,20%-<30%,945000.0,251.0,1,White,Joint,25-34,65.64,Loan originated
1,945000.0,47,1175000.0,207.0,1,White,Joint,45-54,80.0,Loan originated
1,855000.0,50%-60%,955000.0,141.0,1,White,Joint,35-44,90.0,Application denied
1,385000.0,45,415000.0,117.0,1,White,Joint,35-44,95.0,Loan originated
1,975000.0,46,1335000.0,330.0,1,Asian,Male,35-44,72.64,Loan originated
1,365000.0,45,425000.0,114.0,1,White,Female,55-64,85.0,Loan originated
1,515000.0,>60%,635000.0,79.0,1,Hispanic or Latino,Male,35-44,81.27,Application denied
1,745000.0,50%-60%,795000.0,187.0,1,Hispanic or Latino,Male,25-34,94.129,Application denied
1,375000.0,>60%,395000.0,51.0,1,Hispanic or Latino,Female,35-44,95.7,Application denied
1,925000.0,30%-<36%,1155000.0,245.0,1,White,Female,45-54,80.0,Loan originated
1,345000.0,42,545000.0,86.0,1,Asian,Joint,45-54,94.1,Loan originated
1,445000.0,48,465000.0,117.0,1,White,Joint,35-44,95.0,Loan originated
1,395000.0,44,445000.0,102.0,1,Hispanic or Latino,Male,35-44,90.0,Loan originated
1,635000.0,44,675000.0,150.0,1,White,Joint,45-54,95.0,Loan originated
1,1055000.0,38,1755000.0,305.0,1,White,Joint,25-34,59.829,Loan originated
1,295000.0,40,1135000.0,118.0,1,Hispanic or Latino,Female,25-34,25.614,Application denied
1,355000.0,>60%,505000.0,48.0,1,Hispanic or Latino,Female,55-64,70.0,Application denied
1,735000.0,20%-<30%,1475000.0,457.0,1,Hispanic or Latino,Joint,25-34,50.0,Loan originated
1,695000.0,20%-<30%,925000.0,248.0,1,Asian,Male,35-44,75.0,Loan originated
1,565000.0,30%-<36%,635000.0,178.0,1,White,Joint,45-54,88.48,Loan originated
1,1085000.0,<20%,1925000.0,2219.0,1,Asian,Male,55-64,56.25,Loan originated
1,365000.0,20%-<30%,455000.0,134.0,1,Hispanic or Latino,Joint,35-44,80.0,Loan originated
1,375000.0,39,415000.0,96.0,1,Hispanic or Latino,Joint,<25,90.0,Loan originated
1,625000.0,37,695000.0,214.0,1,White,Joint,45-54,90.0,Loan originated
1,1145000.0,30%-<36%,1955000.0,305.0,1,Asian,Female,35-44,59.0,Loan originated
1,565000.0,41,585000.0,152.0,1,Asian,Joint,25-34,97.0,Loan originated
1,435000.0,46,455000.0,155.0,1,Asian,Male,25-34,100.0,Loan originated
1,455000.0,<20%,755000.0,558.0,1,Asian,Joint,55-64,60.26,Loan originated
1,455000.0,30%-<36%,515000.0,130.0,1,White,Male,25-34,89.0,Loan originated
1,735000.0,30%-<36%,1245000.0,244.0,1,Asian,Male,25-34,58.87,Loan originated
1,1005000.0,48,1405000.0,210.0,1,Asian,Female,35-44,71.17,Loan originated
1,205000.0,48,255000.0,41.0,1,Hispanic or Latino,Female,25-34,80.0,Loan originated
1,385000.0,40,405000.0,142.0,1,White,Male,45-54,95.0,Loan originated
1,305000.0,41,415000.0,78.0,1,White,Female,25-34,75.0,Loan originated
1,795000.0,43,1065000.0,209.0,1,White,Male,>74,75.0,Loan originated
1,655000.0,36,775000.0,221.0,1,White,Male,35-44,83.871,Loan originated
1,315000.0,42,385000.0,111.0,1,Asian,Joint,25-34,100.0,Loan originated
1,665000.0,49,905000.0,135.0,1,Asian,Joint,45-54,74.0,Loan originated
1,545000.0,48,685000.0,115.0,1,Asian,Female,35-44,80.0,Loan originated
1,595000.0,45,745000.0,227.0,1,White,Joint,25-34,80.0,Loan originated
1,605000.0,49,825000.0,129.0,1,Asian,Male,<25,73.17,Loan originated
1,375000.0,44,395000.0,98.0,1,White,Joint,25-34,95.0,Loan originated
1,765000.0,47,915000.0,184.0,1,White,Joint,45-54,83.411,Loan originated
1,575000.0,43,725000.0,138.0,1,Asian,Male,35-44,80.0,Loan originated
1,345000.0,44,385000.0,88.0,1,Hispanic or Latino,Female,25-34,90.0,Loan originated
1,285000.0,47,355000.0,90.0,1,Hispanic or Latino,Male,45-54,80.0,Loan originated
1,635000.0,47,795000.0,187.0,1,Asian,Female,65-74,80.0,Loan originated
1,535000.0,45,665000.0,167.0,1,White,Female,65-74,80.0,Loan originated
1,475000.0,42,775000.0,113.0,1,White,Joint,35-44,61.29,Loan originated
1,675000.0,41,905000.0,198.0,1,Hispanic or Latino,Joint,25-34,75.0,Loan originated
1,915000.0,44,955000.0,170.0,1,Asian,Joint,25-34,89.474,Application denied
1,1125000.0,30%-<36%,1605000.0,335.0,1,Asian,Joint,35-44,70.0,Loan originated
1,825000.0,42,1155000.0,196.0,1,Asian,Male,35-44,71.8,Loan originated
1,495000.0,42,625000.0,133.0,1,White,Joint,>74,80.0,Loan originated
1,205000.0,20%-<30%,455000.0,126.0,1,Asian,Female,25-34,44.444,Loan originated
1,755000.0,40,835000.0,207.0,1,Asian,Male,25-34,90.567,Loan originated
1,455000.0,46,705000.0,100.0,1,White,Male,45-54,65.0,Loan originated
1,225000.0,41,245000.0,99.0,1,Hispanic or Latino,Female,45-54,95.0,Application denied
1,625000.0,49,735000.0,217.0,1,White,Male,35-44,85.0,Loan originated
1,755000.0,47,845000.0,185.0,1,White,Female,45-54,89.99,Loan originated
1,755000.0,45,1085000.0,209.0,1,Asian,Male,35-44,70.0,Loan originated
1,695000.0,30%-<36%,775000.0,204.0,1,White,Male,>74,90.0,Loan originated
1,595000.0,44,635000.0,185.0,1,White,Male,45-54,95.0,Loan originated
1,525000.0,44,555000.0,173.0,1,Hispanic or Latino,Male,35-44,95.0,Loan originated
1,595000.0,30%-<36%,705000.0,201.0,1,White,Joint,25-34,84.571,Loan originated
1,385000.0,47,405000.0,80.0,1,Hispanic or Latino,Male,55-64,95.0,Loan originated
1,755000.0,43,945000.0,183.0,1,Asian,Male,35-44,80.0,Loan originated
1,405000.0,37,745000.0,153.0,1,White,Female,35-44,53.691,Application denied
1,455000.0,37,565000.0,171.0,1,White,Joint,35-44,80.0,Loan originated
1,675000.0,40,755000.0,562.0,1,White,Joint,55-64,89.94,Loan originated
1,655000.0,30%-<36%,875000.0,196.0,1,White,Female,45-54,75.0,Loan originated
1,265000.0,42,645000.0,128.0,1,Asian,Female,65-74,40.941,Loan originated
1,965000.0,<20%,1205000.0,2090.0,1,White,Male,25-34,80.0,Loan originated
1,345000.0,20%-<30%,425000.0,108.0,1,White,Joint,35-44,80.0,Loan originated
1,365000.0,48,545000.0,72.0,1,Asian,Male,45-54,67.031,Loan originated
1,285000.0,41,1075000.0,144.0,1,Hispanic or Latino,Female,45-54,26.125,Loan originated
1,595000.0,49,625000.0,140.0,1,Asian,Male,35-44,95.0,Loan originated
1,605000.0,38,715000.0,166.0,1,White,Male,35-44,85.0,Application denied
1,385000.0,42,855000.0,98.0,1,Hispanic or Latino,Joint,65-74,45.0,Loan originated
1,735000.0,49,975000.0,208.0,1,Asian,Male,45-54,75.0,Application denied
1,545000.0,42,575000.0,131.0,1,Hispanic or Latino,Male,35-44,95.0,Loan originated
1,565000.0,42,1315000.0,196.0,1,Asian,Male,45-54,42.966,Loan originated
1,345000.0,49,435000.0,80.0,1,White,Female,45-54,78.42,Loan originated
1,295000.0,46,315000.0,68.0,1,Hispanic or Latino,Male,25-34,95.0,Application denied
1,1005000.0,42,1425000.0,216.0,1,Asian,Male,35-44,70.37,Loan originated
1,65000.0,20%-<30%,165000.0,30.0,1,White,Male,<25,43.0,Loan originated
1,305000.0,48,725000.0,72.0,1,White,Female,55-64,41.379,Loan originated
1,485000.0,45,505000.0,134.0,1,Black or African American,Female,25-34,100.0,Loan originated
1,265000.0,44,385000.0,68.0,1,Hispanic or Latino,Female,35-44,68.831,Loan originated
1,465000.0,49,715000.0,87.0,1,Asian,Male,25-34,64.78,Loan originated
1,995000.0,40,1245000.0,341.0,1,Asian,Female,35-44,80.0,Application denied
1,555000.0,20%-<30%,975000.0,207.0,1,Asian,Male,35-44,57.0,Loan originated
1,665000.0,39,825000.0,200.0,1,White,Joint,35-44,80.0,Loan originated
1,435000.0,42,535000.0,109.0,1,Asian,Male,25-34,80.0,Loan originated
1,305000.0,48,775000.0,72.0,1,White,Female,65-74,39.0,Loan originated
1,525000.0,40,605000.0,218.0,1,White,Joint,45-54,87.0,Loan originated
1,255000.0,30%-<36%,405000.0,116.0,1,White,Female,55-64,63.235,Loan originated
1,585000.0,38,625000.0,170.0,1,White,Joint,65-74,95.0,Loan originated
1,735000.0,46,915000.0,161.0,1,Hispanic or Latino,Female,55-64,82.732,Loan originated
1,305000.0,30%-<36%,605000.0,100.0,1,White,Female,25-34,50.0,Loan originated
1,495000.0,45,555000.0,283.0,1,Hispanic or Latino,Male,35-44,85.0,Application denied
1,105000.0,30%-<36%,315000.0,42.0,1,White,Joint,45-54,33.0,Loan originated
1,405000.0,49,425000.0,84.0,1,White,Joint,25-34,95.0,Loan originated
1,705000.0,39,835000.0,215.0,1,Black or African American,Female,35-44,85.0,Loan originated
1,365000.0,49,385000.0,93.0,1,Hispanic or Latino,Male,25-34,100.0,Loan originated
1,255000.0,20%-<30%,435000.0,95.0,1,Hispanic or Latino,Female,<25,58.991,Loan originated
1,615000.0,49,825000.0,160.0,1,Asian,Female,35-44,75.0,Loan originated
1,875000.0,47,1285000.0,222.0,1,White,Male,25-34,68.249,Loan originated
1,475000.0,41,505000.0,156.0,1,Hispanic or Latino,Joint,35-44,95.0,Loan originated
1,385000.0,41,475000.0,163.0,1,White,Female,35-44,80.0,Loan originated
1,725000.0,47,905000.0,180.0,1,Asian,Joint,25-34,80.0,Loan originated
1,765000.0,47,975000.0,186.0,1,Asian,Male,35-44,80.0,Loan originated
1,405000.0,20%-<30%,505000.0,269.0,1,Hispanic or Latino,Male,35-44,80.0,Loan originated
1,445000.0,47,765000.0,119.0,1,White,Joint,65-74,57.516,Loan originated
1,1025000.0,41,1285000.0,241.0,1,White,Male,55-64,80.0,Loan originated
1,465000.0,44,485000.0,137.0,1,White,Joint,65-74,95.0,Loan originated
1,465000.0,41,775000.0,337.0,1,White,Male,45-54,60.0,Loan originated
1,325000.0,30%-<36%,465000.0,120.0,1,Hispanic or Latino,Male,25-34,70.814,Loan originated
1,555000.0,30%-<36%,695000.0,307.0,1,White,Female,25-34,79.285,Loan originated
1,875000.0,30%-<36%,1025000.0,327.0,1,White,Joint,25-34,85.0,Loan originated
1,965000.0,39,1205000.0,263.0,1,White,Joint,45-54,80.0,Loan originated
1,725000.0,30%-<36%,765000.0,248.0,1,White,Joint,45-54,95.0,Loan originated
1,325000.0,20%-<30%,715000.0,152.0,1,Asian,Male,35-44,46.0,Loan originated
1,455000.0,40,925000.0,225.0,1,White,Joint,55-64,48.439,Application denied
1,125000.0,48,135000.0,73.0,1,Hispanic or Latino,Joint,45-54,90.0,Loan originated
1,645000.0,48,805000.0,143.0,1,White,Joint,55-64,80.0,Loan originated
1,605000.0,49,645000.0,145.0,1,Hispanic or Latino,Male,25-34,95.0,Loan originated
1,535000.0,49,765000.0,135.0,1,White,Male,25-34,70.0,Loan originated
1,765000.0,30%-<36%,925000.0,249.0,1,Asian,Female,25-34,82.49,Loan originated
1,265000.0,42,275000.0,110.0,1,White,Joint,25-34,100.395,Loan originated
1,615000.0,39,655000.0,199.0,1,White,Joint,45-54,95.0,Loan originated
1,405000.0,45,535000.0,93.0,1,Hispanic or Latino,Joint,25-34,75.472,Loan originated
1,775000.0,49,975000.0,248.0,1,White,Joint,45-54,80.0,Loan originated
1,995000.0,30%-<36%,1055000.0,356.0,1,Asian,Joint,35-44,95.0,Loan originated
1,215000.0,40,715000.0,75.0,1,Asian,Female,35-44,29.58,Loan originated
1,255000.0,44,1025000.0,142.0,1,White,Male,55-64,24.51,Loan originated
1,545000.0,47,605000.0,130.0,1,Asian,Joint,25-34,89.9,Loan originated
1,685000.0,20%-<30%,855000.0,257.0,1,Asian,Joint,35-44,80.0,Loan originated
1,675000.0,42,755000.0,170.0,1,White,Male,35-44,90.0,Loan originated
1,685000.0,49,2165000.0,133.0,1,White,Female,65-74,31.51,Loan originated
1,385000.0,36,425000.0,186.0,1,Asian,Joint,35-44,90.0,Loan originated
1,735000.0,42,1685000.0,200.0,1,White,Male,25-34,43.452,Loan originated
1,635000.0,38,725000.0,170.0,1,Asian,Male,35-44,87.505,Loan originated
1,155000.0,43,405000.0,60.0,1,Hispanic or Latino,Male,25-34,37.5,Loan originated
1,395000.0,30%-<36%,415000.0,112.0,1,Hispanic or Latino,Female,55-64,95.0,Loan originated
1,445000.0,49,475000.0,108.0,1,White,Male,25-34,95.0,Loan originated
1,595000.0,43,745000.0,264.0,1,Hispanic or Latino,Joint,55-64,80.0,Loan originated
1,315000.0,40,625000.0,105.0,1,Other,Female,35-44,97.0,Loan originated
1,715000.0,49,755000.0,189.0,1,White,Joint,35-44,95.0,Loan originated
1,175000.0,30%-<36%,215000.0,71.0,1,Hispanic or Latino,Female,55-64,80.0,Loan originated
1,735000.0,30%-<36%,1045000.0,279.0,1,Asian,Male,45-54,70.0,Loan originated
1,765000.0,39,965000.0,200.0,1,White,Joint,65-74,79.107,Loan originated
1,565000.0,40,715000.0,13.0,1,Asian,Male,25-34,80.0,Loan originated
1,705000.0,43,755000.0,192.0,1,Asian,Male,25-34,93.026,Loan originated
1,145000.0,46,535000.0,49.0,1,White,Joint,55-64,27.103,Loan originated
1,605000.0,30%-<36%,755000.0,219.0,1,White,Male,45-54,80.0,Loan originated
1,575000.0,37,765000.0,335.0,1,Hispanic or Latino,Male,35-44,75.0,Loan originated
1,665000.0,<20%,835000.0,1753.0,1,Hispanic or Latino,Male,35-44,80.0,Loan originated
1,75000.0,37,105000.0,46.0,1,Hispanic or Latino,Male,>74,75.0,Loan originated
1,885000.0,20%-<30%,985000.0,296.0,1,White,Joint,35-44,89.99,Loan originated
1,315000.0,49,395000.0,61.0,1,Asian,Joint,45-54,100.0,Loan originated
1,245000.0,<20%,335000.0,196.0,1,Hispanic or Latino,Joint,55-64,75.0,Loan originated
1,415000.0,43,555000.0,165.0,1,Asian,Female,55-64,75.0,Application denied
1,565000.0,30%-<36%,595000.0,315.0,1,White,Male,25-34,95.0,Loan originated
1,415000.0,41,425000.0,121.0,1,Hispanic or Latino,Male,25-34,97.0,Loan originated
1,485000.0,30%-<36%,615000.0,156.0,1,Asian,Male,55-64,80.0,Application denied
1,1105000.0,48,4005000.0,343.0,1,White,Joint,65-74,27.5,Loan originated
1,425000.0,37,725000.0,422.0,1,Asian,Joint,45-54,59.0,Loan originated
1,815000.0,50%-60%,875000.0,251.0,1,Black or African American,Female,35-44,93.0,Loan originated
1,635000.0,20%-<30%,795000.0,290.0,1,White,Male,35-44,80.0,Loan originated
1,155000.0,30%-<36%,505000.0,75.0,1,Hispanic or Latino,Male,55-64,29.88,Loan originated
1,825000.0,39,1095000.0,235.0,1,White,Male,55-64,74.994,Loan originated
1,355000.0,30%-<36%,375000.0,112.0,1,Asian,Male,25-34,95.0,Loan originated
1,565000.0,50%-60%,805000.0,109.0,1,White,Male,35-44,70.0,Application denied
1,925000.0,40,1545000.0,408.0,1,Asian,Joint,35-44,80.0,Loan originated
1,225000.0,49,255000.0,44.0,1,White,Female,35-44,89.99,Loan originated
1,955000.0,48,1275000.0,200.0,1,Asian,Male,45-54,75.0,Application denied
1,375000.0,40,385000.0,95.0,1,Hispanic or Latino,Joint,35-44,100.4,Loan originated
1,945000.0,20%-<30%,1585000.0,339.0,1,White,Joint,35-44,60.0,Loan originated
1,1045000.0,47,1555000.0,240.0,1,Asian,Female,35-44,67.097,Loan originated
1,205000.0,20%-<30%,295000.0,82.0,1,White,Female,35-44,69.31,Loan originated
1,675000.0,30%-<36%,745000.0,281.0,1,Asian,Male,35-44,90.0,Loan originated
1,735000.0,36,775000.0,257.0,1,Asian,Joint,45-54,95.0,Loan originated
1,565000.0,50%-60%,615000.0,115.0,1,Hispanic or Latino,Joint,25-34,92.62,Application denied
1,395000.0,47,495000.0,83.0,1,Asian,Joint,45-54,80.0,Loan originated
1,505000.0,40,535000.0,141.0,1,Hispanic or Latino,Female,45-54,95.0,Loan originated
1,875000.0,49,975000.0,216.0,1,Hispanic or Latino,Female,35-44,90.0,Loan originated
1,435000.0,50%-60%,435000.0,171.0,1,Hispanic or Latino,Male,25-34,101.75,Loan originated
1,855000.0,41,1005000.0,331.0,1,Asian,Joint,35-44,85.0,Loan originated
1,1075000.0,37,1525000.0,340.0,1,White,Male,25-34,70.395,Loan originated
1,195000.0,38,205000.0,114.0,1,White,Joint,55-64,95.0,Application denied
1,305000.0,49,405000.0,64.0,1,Asian,Female,45-54,95.0,Loan originated
1,805000.0,42,2505000.0,236.0,1,White,Female,65-74,32.0,Loan originated
1,205000.0,50%-60%,295000.0,148.0,1,White,Joint,65-74,67.12,Loan originated
1,215000.0,49,275000.0,78.0,1,Hispanic or Latino,Joint,55-64,79.53,Application denied
1,545000.0,40,605000.0,165.0,1,Hispanic or Latino,Joint,35-44,90.0,Loan originated
1,465000.0,46,525000.0,102.0,1,Asian,Joint,25-34,89.9,Loan originated
1,825000.0,43,1375000.0,182.0,1,Asian,Joint,35-44,60.0,Loan originated
1,485000.0,48,505000.0,129.0,1,Hispanic or Latino,Male,35-44,97.0,Loan originated
1,855000.0,46,1305000.0,291.0,1,White,Joint,45-54,65.538,Loan originated
1,405000.0,30%-<36%,435000.0,172.0,1,Hispanic or Latino,Female,25-34,95.0,Loan originated
1,635000.0,44,975000.0,149.0,1,White,Male,65-74,65.538,Application denied
1,765000.0,46,855000.0,163.0,1,Hispanic or Latino,Male,35-44,90.0,Loan originated
1,845000.0,47,2575000.0,302.0,1,White,Male,35-44,32.621,Loan originated
1,395000.0,30%-<36%,625000.0,130.0,1,Hispanic or Latino,Joint,55-64,63.2,Loan originated
1,485000.0,44,615000.0,152.0,1,Asian,Male,35-44,80.0,Loan originated
1,285000.0,20%-<30%,405000.0,394.0,1,White,Joint,35-44,70.0,Loan originated
1,535000.0,30%-<36%,775000.0,254.0,1,White,Joint,35-44,70.0,Loan originated
1,545000.0,49,605000.0,146.0,1,White,Female,35-44,90.0,Loan originated
1,695000.0,48,865000.0,172.0,1,Hispanic or Latino,Joint,25-34,80.0,Loan originated
1,825000.0,36,915000.0,229.0,1,White,Joint,35-44,89.99,Loan originated
1,515000.0,48,635000.0,109.0,1,Asian,Joint,35-44,100.0,Loan originated
1,885000.0,20%-<30%,1105000.0,345.0,1,White,Joint,25-34,80.0,Loan originated
1,325000.0,20%-<30%,405000.0,189.0,1,White,Female,55-64,80.0,Loan originated
1,995000.0,49,1105000.0,196.0,1,Hispanic or Latino,Male,35-44,90.0,Loan originated
1,765000.0,41,855000.0,196.0,1,White,Male,35-44,90.0,Loan originated
1,155000.0,47,455000.0,81.0,1,Hispanic or Latino,Female,35-44,34.066,Loan originated
1,615000.0,44,655000.0,173.0,1,Hispanic or Latino,Male,<25,95.0,Loan originated
1,845000.0,36,895000.0,341.0,1,White,Joint,55-64,95.0,Application denied
1,525000.0,36,655000.0,205.0,1,White,Joint,25-34,80.0,Loan originated
1,525000.0,44,755000.0,144.0,1,Asian,Female,45-54,69.814,Loan originated
1,105000.0,20%-<30%,205000.0,73.0,1,White,Male,55-64,50.0,Loan originated
1,65000.0,<20%,655000.0,159.0,1,Asian,Joint,45-54,9.578,Loan originated
1,605000.0,20%-<30%,755000.0,214.0,1,White,Joint,35-44,80.0,Loan originated
1,365000.0,30%-<36%,375000.0,199.0,1,Hispanic or Latino,Female,55-64,97.0,Loan originated
1,715000.0,30%-<36%,895000.0,310.0,1,Asian,Joint,25-34,80.0,Application denied
1,395000.0,44,675000.0,106.0,1,White,Male,65-74,59.196,Loan originated
1,455000.0,47,505000.0,93.0,1,White,Male,25-34,90.0,Loan originated
1,165000.0,20%-<30%,595000.0,103.0,1,White,Joint,65-74,26.667,Loan originated
1,655000.0,47,1305000.0,164.0,1,Asian,Male,25-34,50.0,Loan originated
1,335000.0,41,525000.0,94.0,1,Asian,Female,35-44,63.81,Loan originated
1,355000.0,49,755000.0,77.0,1,Asian,Male,65-74,46.667,Loan originated
1,485000.0,30%-<36%,615000.0,200.0,1,Asian,Male,35-44,80.0,Loan originated
1,405000.0,42,425000.0,106.0,1,Hispanic or Latino,Female,45-54,95.0,Loan originated
1,885000.0,38,1005000.0,254.0,1,Asian,Joint,35-44,88.04,Loan originated
1,505000.0,>60%,1085000.0,149.0,1,Asian,Joint,25-34,46.296,Application denied
1,485000.0,48,605000.0,115.0,1,Hispanic or Latino,Female,35-44,80.0,Loan originated
1,355000.0,30%-<36%,445000.0,158.0,1,Hispanic or Latino,Male,55-64,80.0,Loan originated
1,715000.0,36,755000.0,194.0,1,Other,Male,25-34,95.0,Loan originated
1,485000.0,44,515000.0,123.0,1,White,Male,25-34,95.0,Loan originated
1,355000.0,48,375000.0,75.0,1,Hispanic or Latino,Joint,25-34,95.0,Loan originated
1,1055000.0,20%-<30%,1325000.0,356.0,1,Asian,Joint,35-44,80.0,Loan originated
1,765000.0,39,1055000.0,190.0,1,Hispanic or Latino,Joint,25-34,74.0,Loan originated
1,525000.0,20%-<30%,755000.0,518.0,1,Asian,Joint,25-34,70.0,Loan originated
1,425000.0,43,535000.0,101.0,1,Asian,Male,35-44,80.0,Loan originated
1,515000.0,49,635000.0,148.0,1,Hispanic or Latino,Female,35-44,80.0,Loan originated
1,575000.0,49,715000.0,117.0,1,Hispanic or Latino,Male,25-34,80.0,Loan originated
1,215000.0,40,935000.0,109.0,1,Asian,Female,45-54,22.4,Loan originated
1,635000.0,40,795000.0,175.0,1,White,Male,45-54,80.0,Loan originated
1,735000.0,49,915000.0,217.0,1,Other,Joint,35-44,80.0,Loan originated
1,505000.0,38,855000.0,175.0,1,White,Joint,55-64,59.064,Loan originated
1,475000.0,50%-60%,525000.0,91.0,1,Hispanic or Latino,Male,25-34,90.0,Application denied
1,485000.0,49,565000.0,100.0,1,White,Female,35-44,87.0,Loan originated
1,165000.0,41,385000.0,75.0,1,White,Joint,35-44,43.0,Loan originated
1,395000.0,41,495000.0,94.0,1,Black or African American,Female,25-34,79.96,Loan originated
1,205000.0,45,215000.0,79.0,1,Hispanic or Latino,Female,35-44,93.023,Loan originated
1,685000.0,49,715000.0,220.0,1,Black or African American,Female,35-44,95.0,Loan originated
1,615000.0,45,685000.0,138.0,1,Hispanic or Latino,Male,35-44,89.99,Loan originated
1,1045000.0,47,1605000.0,277.0,1,Asian,Male,35-44,65.0,Loan originated
1,785000.0,49,2905000.0,196.0,1,Asian,Male,25-34,26.9,Loan originated
1,825000.0,41,925000.0,225.0,1,White,Joint,25-34,90.0,Loan originated
1,435000.0,30%-<36%,545000.0,182.0,1,Black or African American,Male,35-44,80.0,Loan originated
1,505000.0,<20%,745000.0,3730.0,1,Black or African American,Female,65-74,67.11,Loan originated
1,875000.0,44,1165000.0,365.0,1,White,Female,45-54,87.876,Loan originated
1,405000.0,39,505000.0,95.0,1,White,Female,35-44,80.0,Loan originated
1,495000.0,30%-<36%,585000.0,208.0,1,White,Joint,25-34,85.0,Loan originated
1,525000.0,39,605000.0,160.0,1,Hispanic or Latino,Joint,35-44,88.0,Loan originated
1,445000.0,36,465000.0,167.0,1,Asian,Joint,25-34,97.0,Loan originated
1,655000.0,46,825000.0,186.0,1,Asian,Joint,25-34,80.0,Application denied
1,685000.0,49,1055000.0,280.0,1,Asian,Female,25-34,64.76,Loan originated
1,535000.0,48,625000.0,166.0,1,Hispanic or Latino,Male,35-44,84.993,Loan originated
1,285000.0,46,845000.0,90.0,1,Asian,Female,65-74,32.96,Loan originated
1,305000.0,46,495000.0,71.0,1,Asian,Joint,35-44,85.366,Loan originated
1,355000.0,49,475000.0,84.0,1,Black or African American,Male,45-54,75.0,Loan originated
1,385000.0,37,1005000.0,118.0,1,White,Female,35-44,38.5,Loan originated
1,445000.0,30%-<36%,1345000.0,332.0,1,Asian,Joint,25-34,33.086,Loan originated
1,595000.0,47,795000.0,153.0,1,White,Joint,25-34,74.843,Loan originated
1,295000.0,42,595000.0,115.0,1,Asian,Male,25-34,49.917,Loan originated
1,615000.0,30%-<36%,1005000.0,227.0,1,Asian,Female,45-54,61.68,Loan originated
1,1105000.0,47,1165000.0,257.0,1,Hispanic or Latino,Male,45-54,95.0,Loan originated
1,445000.0,20%-<30%,465000.0,156.0,1,Asian,Joint,25-34,95.0,Loan originated
1,1005000.0,<20%,1555000.0,2099.0,1,White,Male,45-54,65.0,Loan originated
1,675000.0,50%-60%,705000.0,128.0,1,Hispanic or Latino,Joint,25-34,97.0,Loan originated
1,525000.0,20%-<30%,885000.0,269.0,1,Asian,Joint,25-34,60.0,Loan originated
1,1025000.0,44,1085000.0,280.0,1,White,Female,35-44,95.0,Loan originated
1,805000.0,36,1255000.0,221.0,1,Asian,Female,35-44,64.0,Loan originated
1,635000.0,41,705000.0,178.0,1,Hispanic or Latino,Joint,25-34,90.0,Loan originated
1,425000.0,20%-<30%,535000.0,161.0,1,Asian,Male,35-44,80.0,Loan originated
1,735000.0,30%-<36%,975000.0,257.0,1,White,Joint,35-44,75.0,Loan originated
1,605000.0,43,675000.0,194.0,1,White,Joint,25-34,90.0,Loan originated
1,505000.0,44,525000.0,137.0,1,White,Joint,35-44,97.0,Loan originated
1,145000.0,44,155000.0,91.0,1,White,Male,25-34,95.0,Application denied
1,805000.0,36,1355000.0,239.0,1,White,Male,35-44,58.845,Loan originated
1,605000.0,30%-<36%,675000.0,184.0,1,Hispanic or Latino,Joint,25-34,90.0,Loan originated
1,705000.0,48,885000.0,236.0,1,Asian,Joint,45-54,80.0,Loan originated
1,625000.0,41,655000.0,164.0,1,Black or African American,Female,45-54,95.0,Loan originated
1,515000.0,38,1425000.0,174.0,1,White,Male,45-54,37.0,Loan originated
1,685000.0,49,725000.0,313.0,1,Hispanic or Latino,Joint,65-74,95.0,Loan originated
1,505000.0,45,565000.0,249.0,1,White,Female,65-74,90.0,Loan originated
1,655000.0,30%-<36%,815000.0,234.0,1,Asian,Joint,35-44,80.0,Loan originated
1,895000.0,49,1275000.0,202.0,1,Hispanic or Latino,Male,35-44,70.0,Loan originated
1,955000.0,47,1775000.0,242.0,1,Asian,Male,35-44,53.52,Loan originated
1,525000.0,42,655000.0,128.0,1,Asian,Male,25-34,80.0,Loan originated
1,195000.0,30%-<36%,295000.0,106.0,1,Asian,Joint,35-44,67.24,Application denied
1,585000.0,20%-<30%,775000.0,260.0,1,White,Male,55-64,75.0,Loan originated
1,615000.0,20%-<30%,685000.0,301.0,1,Hispanic or Latino,Male,35-44,90.0,Loan originated
1,895000.0,48,1065000.0,229.0,1,White,Joint,25-34,84.15,Loan originated
1,395000.0,37,525000.0,107.0,1,Asian,Female,25-34,75.0,Loan originated
1,1005000.0,43,1805000.0,366.0,1,Asian,Joint,35-44,55.556,Loan originated
1,525000.0,39,545000.0,171.0,1,Hispanic or Latino,Joint,35-44,95.0,Loan originated
1,825000.0,38,875000.0,355.0,1,Asian,Female,25-34,95.0,Loan originated
1,705000.0,20%-<30%,885000.0,298.0,1,Asian,Joint,25-34,80.0,Loan originated
1,825000.0,48,1055000.0,163.0,1,Asian,Joint,35-44,78.348,Loan originated
1,95000.0,49,185000.0,34.0,1,White,Female,45-54,51.087,Loan originated
1,285000.0,20%-<30%,485000.0,150.0,1,White,Female,55-64,58.592,Loan originated
1,565000.0,37,745000.0,183.0,1,Black or African American,Joint,25-34,74.86,Loan originated
1,1085000.0,36,1365000.0,333.0,1,Asian,Male,25-34,80.0,Loan originated
1,75000.0,41,115000.0,48.0,1,White,Female,>74,63.64,Loan originated
1,765000.0,20%-<30%,1085000.0,365.0,1,White,Female,45-54,71.12,Loan originated
1,885000.0,47,935000.0,190.0,1,Asian,Joint,45-54,95.0,Loan originated
1,985000.0,48,1225000.0,199.0,1,Asian,Male,25-34,80.0,Loan originated
1,475000.0,20%-<30%,525000.0,225.0,1,Hispanic or Latino,Male,35-44,90.0,Loan originated
1,315000.0,38,415000.0,100.0,1,White,Male,25-34,75.0,Loan originated
1,795000.0,50%-60%,845000.0,142.0,1,Hispanic or Latino,Male,25-34,94.111,Application denied
1,765000.0,46,965000.0,197.0,1,Black or African American,Female,45-54,80.0,Loan originated
1,205000.0,<20%,695000.0,441.0,1,Asian,Male,35-44,28.573,Application denied
1,415000.0,40,555000.0,120.0,1,White,Female,35-44,74.865,Loan originated
1,795000.0,41,985000.0,279.0,1,White,Joint,35-44,80.0,Loan originated
1,385000.0,30%-<36%,885000.0,131.0,1,Asian,Male,25-34,44.0,Loan originated
1,275000.0,43,395000.0,83.0,1,Hispanic or Latino,Female,65-74,69.92,Loan originated
1,235000.0,39,1125000.0,101.0,1,White,Female,55-64,21.0,Loan originated
1,695000.0,30%-<36%,735000.0,246.0,1,Hispanic or Latino,Joint,35-44,95.0,Loan originated
1,1045000.0,41,1315000.0,764.0,1,White,Male,45-54,80.0,Loan originated
1,415000.0,43,435000.0,96.0,1,Hispanic or Latino,Male,35-44,97.79,Loan originated
1,455000.0,43,475000.0,150.0,1,Hispanic or Latino,Female,35-44,94.737,Loan originated
1,545000.0,30%-<36%,735000.0,199.0,1,Asian,Female,55-64,74.5,Loan originated
1,535000.0,45,665000.0,151.0,1,Asian,Female,35-44,80.0,Loan originated
1,255000.0,30%-<36%,1275000.0,195.0,1,White,Joint,65-74,19.608,Loan originated
1,475000.0,40,595000.0,140.0,1,Hispanic or Latino,Joint,45-54,80.0,Loan originated
1,635000.0,49,765000.0,169.0,1,Asian,Female,35-44,82.538,Loan originated
1,335000.0,36,415000.0,122.0,1,Hispanic or Latino,Joint,35-44,80.0,Loan originated
1,805000.0,42,3975000.0,240.0,1,White,Female,45-54,20.116,Loan originated
1,495000.0,30%-<36%,615000.0,152.0,1,Asian,Male,25-34,80.0,Loan originated
1,1065000.0,42,1255000.0,296.0,1,Asian,Joint,55-64,84.96,Loan originated
1,355000.0,42,535000.0,83.0,1,White,Male,35-44,65.421,Loan originated
1,305000.0,<20%,405000.0,255.0,1,Asian,Male,35-44,75.0,Loan originated
1,915000.0,39,1135000.0,352.0,1,White,Joint,35-44,80.0,Loan originated
1,435000.0,43,465000.0,271.0,1,Hispanic or Latino,Joint,35-44,95.0,Loan originated
1,885000.0,30%-<36%,1105000.0,290.0,1,White,Male,45-54,80.0,Loan originated
1,205000.0,<20%,415000.0,96.0,1,Hispanic or Latino,Male,35-44,48.193,Loan originated
1,305000.0,45,575000.0,171.0,1,White,Joint,55-64,52.174,Loan originated
1,705000.0,49,785000.0,217.0,1,Asian,Female,55-64,89.979,Loan originated
1,405000.0,20%-<30%,565000.0,235.0,1,Hispanic or Latino,Joint,25-34,71.43,Loan originated
1,245000.0,49,715000.0,72.0,1,Hispanic or Latino,Female,25-34,34.507,Loan originated
1,345000.0,49,365000.0,72.0,1,White,Male,25-34,95.0,Loan originated
1,645000.0,49,755000.0,140.0,1,White,Male,25-34,85.0,Loan originated
1,725000.0,30%-<36%,905000.0,231.0,1,White,Male,25-34,80.0,Loan originated
1,1145000.0,37,1315000.0,306.0,1,Asian,Joint,45-54,88.0,Loan originated
1,925000.0,39,1155000.0,295.0,1,White,Male,55-64,80.0,Loan originated
1,565000.0,30%-<36%,705000.0,219.0,1,Asian,Joint,35-44,79.998,Loan originated
1,345000.0,40,685000.0,182.0,1,White,Joint,55-64,50.0,Loan originated
1,685000.0,46,855000.0,302.0,1,Asian,Male,<25,80.0,Loan originated
1,665000.0,43,705000.0,231.0,1,Hispanic or Latino,Joint,55-64,95.0,Loan originated
1,435000.0,42,545000.0,102.0,1,Asian,Female,25-34,80.0,Loan originated
1,625000.0,43,655000.0,235.0,1,Asian,Female,25-34,94.97,Loan originated
1,305000.0,44,325000.0,115.0,1,Asian,Female,45-54,95.0,Loan originated
1,545000.0,44,605000.0,153.0,1,Asian,Female,35-44,90.0,Loan originated
1,955000.0,41,1125000.0,278.0,1,Asian,Male,45-54,85.0,Loan originated
1,745000.0,39,825000.0,197.0,1,White,Male,25-34,90.0,Application denied
1,695000.0,>60%,775000.0,209.0,1,White,Joint,35-44,89.99,Application denied
1,655000.0,38,775000.0,208.0,1,White,Joint,35-44,85.0,Loan originated
1,905000.0,42,955000.0,243.0,1,White,Joint,25-34,95.0,Loan originated
1,455000.0,30%-<36%,655000.0,144.0,1,White,Female,45-54,68.849,Loan originated
1,705000.0,37,2255000.0,256.0,1,White,Joint,55-64,31.111,Loan originated
1,685000.0,41,855000.0,404.0,1,White,Joint,55-64,80.0,Loan originated
1,255000.0,49,905000.0,157.0,1,Asian,Female,35-44,27.65,Loan originated
1,305000.0,48,315000.0,63.0,1,White,Male,25-34,97.0,Loan originated
1,275000.0,<20%,715000.0,257.0,1,Asian,Joint,55-64,38.165,Loan originated
1,1025000.0,49,1385000.0,214.0,1,Asian,Male,25-34,74.0,Loan originated
1,585000.0,46,615000.0,156.0,1,Asian,Female,35-44,94.0,Loan originated
1,405000.0,49,1455000.0,232.0,1,White,Joint,65-74,27.586,Loan originated
1,445000.0,44,555000.0,152.0,1,Hispanic or Latino,Joint,35-44,99.455,Loan originated
1,655000.0,49,1215000.0,210.0,1,White,Joint,65-74,54.0,Loan originated
1,605000.0,43,1105000.0,182.0,1,Asian,Joint,35-44,55.0,Loan originated
1,335000.0,<20%,555000.0,171.0,1,White,Joint,45-54,60.0,Loan originated
1,325000.0,43,345000.0,94.0,1,Hispanic or Latino,Male,25-34,95.0,Loan originated
1,485000.0,36,505000.0,144.0,1,White,Joint,25-34,100.0,Loan originated
1,365000.0,38,385000.0,96.0,1,Hispanic or Latino,Male,35-44,100.0,Loan originated
1,445000.0,36,555000.0,137.0,1,White,Joint,45-54,80.0,Loan originated
1,765000.0,30%-<36%,1325000.0,242.0,1,White,Male,45-54,57.85,Loan originated
1,755000.0,47,835000.0,290.0,1,Asian,Joint,45-54,89.5,Loan originated
1,315000.0,44,395000.0,134.0,1,White,Male,25-34,80.0,Loan originated
1,1045000.0,40,1305000.0,354.0,1,Black or African American,Male,35-44,80.0,Loan originated
1,205000.0,45,435000.0,61.0,1,Hispanic or Latino,Female,<25,46.51,Loan originated
1,535000.0,48,715000.0,126.0,1,Asian,Male,55-64,75.0,Loan originated
1,475000.0,49,495000.0,171.0,1,Hispanic or Latino,Female,55-64,95.0,Loan originated
1,815000.0,30%-<36%,1045000.0,233.0,1,White,Male,55-64,78.462,Loan originated
1,575000.0,41,605000.0,162.0,1,Hispanic or Latino,Joint,25-34,95.0,Loan originated
1,515000.0,30%-<36%,715000.0,173.0,1,White,Joint,25-34,72.145,Loan originated
1,485000.0,38,685000.0,122.0,1,Asian,Joint,55-64,70.0,Loan originated
1,715000.0,38,795000.0,226.0,1,Hispanic or Latino,Joint,25-34,90.0,Loan originated
1,305000.0,30%-<36%,1315000.0,112.0,1,White,Joint,65-74,22.901,Loan originated
1,215000.0,48,575000.0,79.0,1,Asian,Joint,45-54,38.222,Loan originated
1,745000.0,42,925000.0,241.0,1,Asian,Female,35-44,80.0,Loan originated
1,725000.0,49,935000.0,188.0,1,Asian,Female,45-54,77.01,Loan originated
1,445000.0,30%-<36%,555000.0,135.0,1,Hispanic or Latino,Female,25-34,80.0,Loan originated
1,645000.0,46,815000.0,276.0,1,White,Male,35-44,80.0,Loan originated
1,425000.0,47,455000.0,99.0,1,Hispanic or Latino,Female,25-34,94.45,Application denied
1,745000.0,38,785000.0,219.0,1,White,Male,35-44,95.0,Loan originated
1,655000.0,43,825000.0,143.0,1,Asian,Female,35-44,80.0,Loan originated
1,355000.0,39,1005000.0,141.0,1,Asian,Female,35-44,35.0,Loan originated
1,365000.0,38,375000.0,135.0,1,White,Female,35-44,97.0,Loan originated
1,255000.0,20%-<30%,565000.0,247.0,1,Asian,Joint,45-54,45.133,Loan originated
1,105000.0,30%-<36%,525000.0,110.0,1,White,Female,45-54,19.121,Loan originated
1,245000.0,36,255000.0,81.0,1,White,Female,55-64,97.0,Loan originated
1,735000.0,42,815000.0,305.0,1,White,Joint,25-34,90.0,Loan originated
1,375000.0,40,385000.0,100.0,1,Asian,Joint,35-44,97.0,Loan originated
1,785000.0,40,1485000.0,242.0,1,Asian,Joint,45-54,52.792,Loan originated
1,425000.0,38,825000.0,147.0,1,White,Male,65-74,51.515,Loan originated
1,615000.0,49,635000.0,163.0,1,Black or African American,Joint,25-34,97.0,Loan originated
1,435000.0,49,835000.0,215.0,1,White,Male,45-54,53.0,Loan originated
1,645000.0,49,805000.0,125.0,1,White,Joint,25-34,83.0,Loan originated
1,725000.0,20%-<30%,915000.0,285.0,1,Asian,Male,35-44,79.946,Loan originated
1,405000.0,20%-<30%,805000.0,158.0,1,White,Joint,65-74,50.0,Loan originated
1,535000.0,20%-<30%,665000.0,243.0,1,Asian,Male,35-44,80.0,Loan originated
1,305000.0,42,695000.0,102.0,1,White,Male,65-74,43.165,Loan originated
1,1065000.0,41,1765000.0,259.0,1,Asian,Joint,25-34,60.34,Loan originated
1,605000.0,40,905000.0,510.0,1,White,Female,55-64,66.667,Loan originated
1,395000.0,49,435000.0,84.0,1,White,Male,<25,90.0,Loan originated
1,555000.0,20%-<30%,755000.0,276.0,1,White,Male,25-34,73.475,Loan originated
1,555000.0,20%-<30%,1005000.0,188.0,1,Asian,Female,25-34,55.0,Loan originated
1,925000.0,20%-<30%,1155000.0,449.0,1,White,Joint,45-54,80.0,Loan originated
1,445000.0,41,535000.0,136.0,1,Hispanic or Latino,Joint,25-34,103.43,Loan originated
1,625000.0,39,1405000.0,177.0,1,Asian,Joint,25-34,44.602,Loan originated
1,545000.0,50%-60%,685000.0,129.0,1,Hispanic or Latino,Joint,35-44,80.0,Loan originated
1,1075000.0,40,1345000.0,353.0,1,Asian,Female,35-44,80.0,Loan originated
1,1145000.0,49,1465000.0,325.0,1,White,Joint,35-44,78.486,Loan originated
1,745000.0,30%-<36%,1405000.0,251.0,1,White,Male,45-54,53.571,Loan originated
1,555000.0,40,605000.0,174.0,1,Hispanic or Latino,Joint,35-44,92.0,Loan originated
1,515000.0,20%-<30%,815000.0,199.0,1,Asian,Male,25-34,62.96,Loan originated
1,955000.0,38,1325000.0,265.0,1,Asian,Male,35-44,71.698,Loan originated
1,395000.0,30%-<36%,425000.0,159.0,1,Other,Male,25-34,92.0,Loan originated
1,505000.0,44,635000.0,120.0,1,Hispanic or Latino,Male,45-54,100.0,Loan originated
1,595000.0,49,995000.0,133.0,1,Asian,Female,45-54,59.875,Loan originated
1,765000.0,47,845000.0,204.0,1,Black or African American,Female,35-44,91.0,Loan originated
1,705000.0,41,875000.0,172.0,1,White,Male,25-34,80.0,Loan originated
1,385000.0,30%-<36%,415000.0,150.0,1,White,Female,25-34,93.0,Loan originated
1,595000.0,48,735000.0,259.0,1,Black or African American,Female,35-44,80.0,Loan originated
1,355000.0,30%-<36%,855000.0,146.0,1,Black or African American,Male,65-74,42.0,Loan originated
1,435000.0,36,525000.0,207.0,1,Black or African American,Joint,25-34,84.0,Loan originated
1,565000.0,30%-<36%,965000.0,222.0,1,White,Joint,45-54,58.333,Loan originated
1,385000.0,47,405000.0,161.0,1,Hispanic or Latino,Joint,35-44,95.0,Loan originated
1,375000.0,49,995000.0,95.0,1,Asian,Joint,25-34,37.374,Loan originated
1,685000.0,20%-<30%,765000.0,420.0,1,Hispanic or Latino,Female,45-54,90.0,Loan originated
1,845000.0,45,1055000.0,226.0,1,White,Joint,25-34,80.0,Loan originated
1,385000.0,20%-<30%,685000.0,157.0,1,Asian,Joint,35-44,56.36,Loan originated
1,595000.0,49,615000.0,180.0,1,White,Joint,55-64,97.0,Loan originated
1,415000.0,30%-<36%,425000.0,159.0,1,White,Joint,35-44,100.0,Loan originated
1,745000.0,49,795000.0,147.0,1,Hispanic or Latino,Male,25-34,94.0,Loan originated
1,365000.0,20%-<30%,465000.0,225.0,1,Hispanic or Latino,Joint,45-54,80.0,Loan originated
1,655000.0,45,695000.0,139.0,1,Asian,Joint,25-34,95.0,Loan originated
1,515000.0,37,955000.0,176.0,1,Asian,Female,55-64,53.51,Loan originated
1,965000.0,47,1045000.0,279.0,1,White,Joint,35-44,92.75,Loan originated
1,1385000.0,46,1725000.0,380.0,1,White,Joint,35-44,80.0,Loan originated
1,575000.0,30%-<36%,725000.0,189.0,1,Asian,Joint,35-44,80.0,Loan originated
1,465000.0,48,515000.0,164.0,1,Asian,Joint,25-34,90.0,Loan originated
1,305000.0,42,555000.0,94.0,1,Asian,Female,35-44,55.0,Loan originated
1,295000.0,46,365000.0,75.0,1,White,Female,25-34,80.0,Loan originated
1,405000.0,46,515000.0,106.0,1,White,Female,35-44,78.017,Loan originated
1,115000.0,<20%,315000.0,94.0,1,White,Joint,65-74,38.0,Loan originated
1,345000.0,49,365000.0,89.0,1,Hispanic or Latino,Male,35-44,95.0,Loan originated
1,505000.0,43,1905000.0,138.0,1,Asian,Female,25-34,26.316,Loan originated
1,325000.0,36,405000.0,79.0,1,Asian,Male,55-64,80.0,Loan originated
1,635000.0,39,795000.0,177.0,1,Asian,Male,25-34,80.0,Loan originated
1,1145000.0,47,1215000.0,274.0,1,White,Female,45-54,95.0,Loan originated
1,255000.0,>60%,955000.0,106.0,1,White,Female,45-54,26.316,Application denied
1,895000.0,44,1055000.0,255.0,1,White,Joint,35-44,85.0,Loan originated
1,315000.0,38,395000.0,81.0,1,White,Male,25-34,80.0,Loan originated
1,715000.0,42,895000.0,150.0,1,White,Female,35-44,80.0,Loan originated
1,325000.0,49,415000.0,116.0,1,White,Female,55-64,80.0,Loan originated
1,565000.0,43,805000.0,132.0,1,Asian,Female,<25,70.0,Loan originated
1,955000.0,41,1205000.0,316.0,1,Hispanic or Latino,Joint,35-44,79.542,Loan originated
1,1105000.0,39,2005000.0,502.0,1,Asian,Female,45-54,55.0,Loan originated
1,485000.0,48,1175000.0,169.0,1,White,Male,35-44,41.316,Loan originated
1,545000.0,48,575000.0,137.0,1,Hispanic or Latino,Joint,45-54,95.0,Loan originated
1,265000.0,43,535000.0,80.0,1,White,Female,45-54,49.53,Loan originated
1,715000.0,30%-<36%,755000.0,247.0,1,Asian,Male,25-34,95.0,Loan originated
1,1135000.0,20%-<30%,1605000.0,441.0,1,Asian,Joint,45-54,71.0,Loan originated
1,185000.0,20%-<30%,425000.0,122.0,1,White,Joint,55-64,44.056,Loan originated
1,705000.0,48,765000.0,145.0,1,Asian,Male,25-34,92.17,Loan originated
1,705000.0,36,2905000.0,433.0,1,White,Joint,55-64,24.14,Loan originated
1,515000.0,20%-<30%,815000.0,304.0,1,White,Joint,35-44,64.0,Loan originated
1,605000.0,37,645000.0,169.0,1,Hispanic or Latino,Joint,35-44,95.0,Loan originated
1,525000.0,36,555000.0,198.0,1,Asian,Joint,25-34,95.0,Loan originated
1,365000.0,47,615000.0,80.0,1,White,Female,35-44,60.0,Loan originated
1,395000.0,38,445000.0,102.0,1,White,Male,25-34,90.0,Loan originated
1,35000.0,46,45000.0,51.0,1,Hispanic or Latino,Male,65-74,80.0,Loan originated
1,635000.0,30%-<36%,705000.0,245.0,1,Black or African American,Female,35-44,90.0,Loan originated
1,685000.0,20%-<30%,855000.0,231.0,1,Asian,Male,35-44,80.0,Loan originated
1,955000.0,41,1275000.0,260.0,1,White,Female,35-44,74.56,Loan originated
1,785000.0,>60%,825000.0,120.0,1,Hispanic or Latino,Joint,25-34,98.03,Loan originated
1,415000.0,44,435000.0,127.0,1,Asian,Joint,35-44,99.0,Loan originated
1,965000.0,43,1075000.0,227.0,1,White,Joint,25-34,90.0,Loan originated
1,205000.0,30%-<36%,745000.0,128.0,1,White,Joint,65-74,26.667,Loan originated
1,495000.0,48,765000.0,128.0,1,White,Female,25-34,65.0,Loan originated
1,695000.0,50%-60%,795000.0,159.0,1,Hispanic or Latino,Joint,25-34,87.736,Application denied
1,585000.0,48,995000.0,204.0,1,Asian,Male,35-44,60.0,Loan originated
1,575000.0,39,645000.0,165.0,1,Asian,Joint,45-54,93.428,Loan originated
1,325000.0,30%-<36%,345000.0,115.0,1,White,Female,35-44,95.0,Loan originated
1,815000.0,47,905000.0,196.0,1,White,Joint,45-54,90.0,Loan originated
1,555000.0,30%-<36%,575000.0,195.0,1,Hispanic or Latino,Joint,<25,97.0,Loan originated
1,945000.0,38,1055000.0,246.0,1,White,Joint,35-44,90.0,Loan originated
1,315000.0,48,585000.0,65.0,1,White,Joint,35-44,53.609,Loan originated
1,415000.0,47,605000.0,169.0,1,Hispanic or Latino,Female,35-44,69.167,Loan originated
1,565000.0,48,595000.0,207.0,1,Asian,Joint,45-54,95.0,Loan originated
1,525000.0,40,825000.0,196.0,1,White,Joint,35-44,63.636,Loan originated
1,605000.0,47,755000.0,140.0,1,Asian,Male,25-34,80.0,Loan originated
1,335000.0,48,355000.0,68.0,1,Hispanic or Latino,Female,45-54,95.0,Loan originated
1,715000.0,20%-<30%,795000.0,279.0,1,White,Male,25-34,89.81,Loan originated
1,445000.0,45,645000.0,141.0,1,Asian,Male,25-34,69.212,Loan originated
1,465000.0,37,485000.0,119.0,1,White,Male,45-54,95.0,Application denied
1,1075000.0,40,1435000.0,272.0,1,Asian,Joint,25-34,75.0,Loan originated
1,1125000.0,39,1415000.0,305.0,1,Hispanic or Latino,Female,25-34,80.0,Loan originated
1,245000.0,30%-<36%,305000.0,85.0,1,White,Joint,35-44,80.0,Loan originated
1,955000.0,20%-<30%,1975000.0,450.0,1,White,Joint,25-34,48.101,Loan originated
1,505000.0,45,625000.0,226.0,1,Hispanic or Latino,Male,35-44,80.0,Loan originated
1,585000.0,50%-60%,725000.0,207.0,1,White,Joint,35-44,80.0,Loan originated
1,675000.0,>60%,715000.0,145.0,1,Hispanic or Latino,Male,45-54,95.0,Application denied
1,145000.0,37,265000.0,61.0,1,Hispanic or Latino,Male,35-44,95.19,Application denied
1,735000.0,41,985000.0,200.0,1,Asian,Joint,45-54,75.0,Loan originated
1,915000.0,48,1225000.0,225.0,1,Hispanic or Latino,Female,25-34,75.0,Loan originated
1,665000.0,<20%,825000.0,0.0,1,Asian,Female,45-54,80.0,Application denied
1,435000.0,48,485000.0,102.0,1,Hispanic or Latino,Joint,25-34,90.0,Loan originated
1,755000.0,30%-<36%,945000.0,659.0,1,White,Joint,35-44,79.92,Loan originated
1,855000.0,42,1065000.0,211.0,1,White,Joint,25-34,80.0,Loan originated
1,195000.0,37,355000.0,145.0,1,Asian,Joint,55-64,55.0,Loan originated
1,585000.0,30%-<36%,735000.0,207.0,1,Asian,Joint,<25,79.535,Loan originated
1,845000.0,44,1055000.0,185.0,1,Asian,Female,25-34,80.0,Loan originated
1,805000.0,30%-<36%,1555000.0,271.0,1,Asian,Male,45-54,51.613,Loan originated
1,455000.0,20%-<30%,855000.0,240.0,1,Asian,Male,55-64,53.19,Loan originated
1,1025000.0,47,1365000.0,238.0,1,White,Female,45-54,75.0,Loan originated
1,375000.0,>60%,475000.0,36.0,1,Asian,Joint,45-54,80.0,Application denied
1,425000.0,20%-<30%,795000.0,255.0,1,Asian,Joint,25-34,52.83,Loan originated
1,565000.0,37,865000.0,146.0,1,Asian,Joint,35-44,65.178,Loan originated
1,205000.0,45,215000.0,159.0,1,Hispanic or Latino,Joint,45-54,95.0,Application denied
1,525000.0,36,565000.0,162.0,1,Other,Joint,25-34,93.0,Loan originated
1,905000.0,20%-<30%,1125000.0,324.0,1,Hispanic or Latino,Joint,35-44,80.0,Loan originated
1,725000.0,46,905000.0,155.0,1,White,Joint,25-34,80.0,Loan originated
1,155000.0,39,355000.0,54.0,1,Hispanic or Latino,Male,25-34,43.871,Loan originated
1,795000.0,20%-<30%,835000.0,370.0,1,White,Joint,35-44,95.0,Loan originated
1,715000.0,36,895000.0,200.0,1,Asian,Joint,55-64,80.0,Loan originated
1,935000.0,39,1005000.0,260.0,1,Hispanic or Latino,Male,45-54,93.0,Loan originated
1,435000.0,49,725000.0,95.0,1,White,Female,65-74,60.219,Loan originated
1,775000.0,39,1375000.0,258.0,1,White,Female,45-54,56.364,Loan originated
1,15000.0,<20%,775000.0,206.0,1,White,Female,25-34,99.9,Loan originated
1,395000.0,20%-<30%,495000.0,218.0,1,White,Joint,25-34,80.0,Loan originated
1,205000.0,37,875000.0,110.0,1,Asian,Male,55-64,22.989,Loan originated
1,55000.0,>60%,75000.0,31.0,1,White,Male,>74,69.38,Application denied
1,345000.0,49,975000.0,279.0,1,White,Female,65-74,34.872,Loan originated
1,805000.0,30%-<36%,1075000.0,249.0,1,Asian,Joint,25-34,75.0,Loan originated
1,425000.0,46,1275000.0,184.0,1,Hispanic or Latino,Male,65-74,33.333,Loan originated
1,355000.0,45,445000.0,77.0,1,White,Male,25-34,80.0,Loan originated
1,775000.0,48,825000.0,165.0,1,White,Male,25-34,95.0,Loan originated
1,315000.0,40,455000.0,84.0,1,Hispanic or Latino,Female,35-44,70.0,Loan originated
1,345000.0,37,435000.0,104.0,1,White,Male,45-54,80.0,Loan originated
1,855000.0,50%-60%,895000.0,224.0,1,Hispanic or Latino,Joint,25-34,95.0,Application denied
1,285000.0,20%-<30%,485000.0,127.0,1,White,Joint,45-54,59.0,Loan originated
1,555000.0,45,585000.0,183.0,1,White,Joint,35-44,95.0,Loan originated
1,265000.0,36,335000.0,79.0,1,Asian,Male,25-34,80.0,Loan originated
1,585000.0,43,615000.0,177.0,1,Asian,Joint,25-34,95.0,Loan originated
1,285000.0,37,395000.0,74.0,1,Hispanic or Latino,Female,<25,70.886,Loan originated
1,465000.0,49,655000.0,104.0,1,Black or African American,Female,55-64,70.0,Loan originated
1,555000.0,47,695000.0,100.0,1,White,Joint,25-34,80.0,Loan originated
1,435000.0,44,445000.0,155.0,1,White,Male,35-44,97.0,Loan originated
1,395000.0,44,615000.0,94.0,1,Black or African American,Female,45-54,97.57,Loan originated
1,135000.0,44,745000.0,73.0,1,White,Female,65-74,17.999,Loan originated
1,195000.0,30%-<36%,595000.0,125.0,1,White,Joint,65-74,32.866,Loan originated
1,325000.0,49,435000.0,89.0,1,White,Female,45-54,73.0,Loan originated
1,425000.0,20%-<30%,535000.0,172.0,1,White,Joint,25-34,80.0,Loan originated
1,585000.0,48,735000.0,125.0,1,Other,Joint,45-54,80.0,Loan originated
1,315000.0,44,335000.0,160.0,1,Hispanic or Latino,Female,<25,95.0,Loan originated
1,585000.0,42,625000.0,161.0,1,Asian,Joint,25-34,95.0,Loan originated
1,755000.0,36,805000.0,219.0,1,Hispanic or Latino,Joint,35-44,94.0,Loan originated
1,265000.0,37,465000.0,75.0,1,White,Joint,55-64,57.356,Loan originated
1,345000.0,49,435000.0,81.0,1,White,Female,25-34,80.0,Loan originated
1,575000.0,40,935000.0,164.0,1,Asian,Female,25-34,62.83,Loan originated
1,685000.0,44,935000.0,159.0,1,White,Male,35-44,74.0,Loan originated
1,525000.0,47,545000.0,178.0,1,Asian,Female,45-54,95.0,Loan originated
1,765000.0,46,1105000.0,184.0,1,White,Joint,35-44,69.682,Loan originated
1,605000.0,46,855000.0,143.0,1,White,Female,35-44,70.351,Loan originated
1,435000.0,42,455000.0,267.0,1,Other,Joint,35-44,95.0,Loan originated
1,475000.0,49,705000.0,115.0,1,White,Joint,45-54,67.143,Loan originated
1,195000.0,49,645000.0,54.0,1,Other,Male,45-54,30.296,Loan originated
1,665000.0,<20%,1195000.0,1258.0,1,White,Male,55-64,55.877,Loan originated
1,325000.0,46,335000.0,66.0,1,White,Female,<25,100.0,Loan originated
1,375000.0,49,475000.0,94.0,1,Hispanic or Latino,Female,55-64,80.0,Loan originated
1,245000.0,30%-<36%,445000.0,95.0,1,Black or African American,Female,35-44,55.546,Loan originated
1,535000.0,44,825000.0,132.0,1,Asian,Male,<25,65.0,Loan originated
1,375000.0,39,495000.0,102.0,1,White,Female,55-64,75.0,Application denied
1,505000.0,30%-<36%,1905000.0,205.0,1,Asian,Female,25-34,26.32,Loan originated
1,575000.0,30%-<36%,1255000.0,204.0,1,White,Joint,25-34,45.6,Loan originated
1,715000.0,46,755000.0,150.0,1,Asian,Male,35-44,95.0,Loan originated
1,1115000.0,49,1395000.0,312.0,1,Asian,Female,25-34,80.0,Loan originated
1,635000.0,20%-<30%,845000.0,361.0,1,White,Joint,25-34,75.0,Loan originated
1,475000.0,30%-<36%,505000.0,183.0,1,White,Female,55-64,94.059,Loan originated
1,605000.0,<20%,905000.0,495.0,1,White,Joint,35-44,66.667,Loan originated
1,765000.0,20%-<30%,865000.0,501.0,1,White,Joint,25-34,89.0,Loan originated
1,535000.0,20%-<30%,745000.0,234.0,1,White,Joint,25-34,71.622,Loan originated
1,155000.0,41,155000.0,40.0,1,Hispanic or Latino,Male,45-54,100.0,Application denied
1,955000.0,30%-<36%,1275000.0,309.0,1,White,Joint,65-74,75.0,Loan originated
1,405000.0,43,455000.0,91.0,1,White,Male,25-34,90.0,Loan originated
1,395000.0,47,425000.0,166.0,1,Hispanic or Latino,Female,25-34,95.0,Loan originated
1,285000.0,42,355000.0,70.0,1,Hispanic or Latino,Male,55-64,80.0,Loan originated
1,225000.0,30%-<36%,255000.0,65.0,1,Hispanic or Latino,Female,55-64,90.0,Loan originated
1,435000.0,41,585000.0,112.0,1,White,Female,25-34,75.0,Loan originated
1,735000.0,40,1235000.0,215.0,1,Hispanic or Latino,Joint,55-64,59.757,Loan originated
1,615000.0,43,765000.0,156.0,1,Asian,Male,35-44,80.0,Loan originated
1,405000.0,20%-<30%,2505000.0,381.0,1,Asian,Joint,45-54,80.0,Loan originated
1,455000.0,49,735000.0,158.0,1,Hispanic or Latino,Male,55-64,61.9,Loan originated
1,765000.0,43,855000.0,219.0,1,White,Female,35-44,90.0,Loan originated
1,225000.0,48,395000.0,53.0,1,Hispanic or Latino,Female,25-34,57.43,Loan originated
1,545000.0,36,685000.0,171.0,1,Hispanic or Latino,Male,55-64,80.0,Loan originated
1,255000.0,48,275000.0,55.0,1,Hispanic or Latino,Male,35-44,98.0,Application denied
1,185000.0,20%-<30%,225000.0,70.0,1,Asian,Male,55-64,80.0,Loan originated
1,795000.0,39,895000.0,291.0,1,White,Male,35-44,90.0,Loan originated
1,415000.0,44,555000.0,312.0,1,White,Male,25-34,75.0,Loan originated
1,135000.0,50%-60%,175000.0,84.0,1,Hispanic or Latino,Male,45-54,75.04,Loan originated
1,385000.0,30%-<36%,1385000.0,264.0,1,White,Joint,35-44,27.536,Loan originated
1,475000.0,20%-<30%,595000.0,255.0,1,White,Joint,25-34,80.0,Loan originated
1,505000.0,44,525000.0,163.0,1,White,Female,65-74,97.0,Loan originated
1,685000.0,40,855000.0,245.0,1,Hispanic or Latino,Female,35-44,80.0,Loan originated
1,715000.0,50%-60%,755000.0,154.0,1,White,Joint,25-34,94.99,Application denied
1,365000.0,20%-<30%,415000.0,219.0,1,White,Joint,>74,90.0,Loan originated
1,565000.0,43,705000.0,122.0,1,Asian,Female,35-44,80.0,Loan originated
1,445000.0,48,565000.0,121.0,1,Hispanic or Latino,Joint,45-54,80.0,Loan originated
1,255000.0,49,305000.0,74.0,1,Hispanic or Latino,Male,25-34,103.61,Loan originated
1,985000.0,46,1235000.0,214.0,1,White,Joint,45-54,80.0,Loan originated
1,475000.0,30%-<36%,595000.0,207.0,1,Hispanic or Latino,Male,35-44,80.0,Loan originated
1,505000.0,42,625000.0,129.0,1,Hispanic or Latino,Male,45-54,80.0,Loan originated
1,305000.0,20%-<30%,605000.0,130.0,1,White,Male,65-74,50.0,Loan originated
1,595000.0,49,625000.0,176.0,1,Asian,Joint,25-34,94.993,Loan originated
1,385000.0,39,475000.0,95.0,1,White,Female,55-64,80.0,Loan originated
1,375000.0,49,395000.0,92.0,1,Hispanic or Latino,Female,25-34,96.256,Loan originated
1,345000.0,46,785000.0,81.0,1,Hispanic or Latino,Male,35-44,44.665,Loan originated
1,635000.0,48,935000.0,143.0,1,Asian,Male,25-34,67.742,Loan originated
1,605000.0,45,625000.0,143.0,1,Asian,Joint,25-34,100.0,Loan originated
1,925000.0,30%-<36%,1235000.0,92.0,1,White,Joint,<25,75.0,Loan originated
1,655000.0,46,875000.0,177.0,1,Asian,Male,25-34,75.0,Loan originated
1,565000.0,44,705000.0,139.0,1,Hispanic or Latino,Female,35-44,80.0,Loan originated
1,765000.0,20%-<30%,975000.0,824.0,1,White,Male,55-64,79.0,Loan originated
1,395000.0,30%-<36%,495000.0,156.0,1,Asian,Female,25-34,80.0,Loan originated
1,675000.0,30%-<36%,845000.0,190.0,1,White,Joint,35-44,80.0,Loan originated
1,335000.0,43,445000.0,108.0,1,Asian,Joint,35-44,78.84,Loan originated
1,1005000.0,39,2805000.0,331.0,1,Asian,Joint,>74,35.714,Loan originated
1,695000.0,44,775000.0,151.0,1,White,Female,35-44,90.0,Loan originated
1,615000.0,50%-60%,635000.0,152.0,1,Hispanic or Latino,Joint,25-34,96.85,Loan originated
1,675000.0,30%-<36%,845000.0,317.0,1,White,Joint,35-44,80.0,Loan originated
1,755000.0,46,1245000.0,235.0,1,White,Joint,25-34,60.48,Loan originated
1,265000.0,42,495000.0,95.0,1,White,Male,25-34,56.522,Loan originated
1,595000.0,41,745000.0,157.0,1,White,Female,25-34,80.0,Loan originated
1,765000.0,44,795000.0,191.0,1,Hispanic or Latino,Female,25-34,97.0,Loan originated
1,435000.0,20%-<30%,735000.0,156.0,1,Asian,Male,<25,59.405,Loan originated
1,535000.0,46,585000.0,134.0,1,Hispanic or Latino,Male,45-54,92.0,Loan originated
1,685000.0,30%-<36%,885000.0,218.0,1,White,Male,25-34,77.27,Loan originated
1,1005000.0,37,3515000.0,521.0,1,Asian,Male,35-44,28.49,Loan originated
1,205000.0,48,275000.0,41.0,1,Other,Female,25-34,75.0,Loan originated
1,305000.0,49,325000.0,64.0,1,Hispanic or Latino,Male,35-44,95.0,Loan originated
1,535000.0,30%-<36%,1255000.0,242.0,1,White,Joint,55-64,43.0,Loan originated
1,685000.0,30%-<36%,915000.0,199.0,1,Asian,Joint,25-34,75.0,Loan originated
1,765000.0,49,1275000.0,203.0,1,White,Joint,35-44,60.122,Loan originated
1,445000.0,46,765000.0,146.0,1,White,Joint,45-54,58.17,Loan originated
1,505000.0,45,635000.0,133.0,1,Asian,Male,55-64,80.0,Loan originated
1,245000.0,30%-<36%,645000.0,95.0,1,White,Male,<25,37.984,Loan originated
1,385000.0,48,585000.0,200.0,1,White,Male,65-74,65.535,Loan originated
1,235000.0,30%-<36%,295000.0,174.0,1,Asian,Joint,45-54,80.0,Application denied
1,595000.0,20%-<30%,735000.0,364.0,1,White,Joint,65-74,80.0,Loan originated
1,935000.0,45,1245000.0,273.0,1,White,Joint,45-54,75.0,Loan originated
1,835000.0,40,1035000.0,321.0,1,Asian,Female,35-44,80.0,Loan originated
1,385000.0,36,435000.0,112.0,1,Black or African American,Female,45-54,89.0,Application denied
1,305000.0,30%-<36%,955000.0,185.0,1,Asian,Joint,25-34,32.15,Loan originated
1,565000.0,47,595000.0,149.0,1,Hispanic or Latino,Male,25-34,95.0,Loan originated
1,215000.0,44,245000.0,55.0,1,White,Male,35-44,87.619,Loan originated
1,625000.0,47,785000.0,171.0,1,Asian,Female,35-44,80.0,Loan originated
1,295000.0,44,345000.0,88.0,1,White,Female,25-34,105.0,Loan originated
1,265000.0,44,335000.0,63.0,1,White,Joint,55-64,83.0,Loan originated
1,455000.0,42,765000.0,143.0,1,White,Joint,25-34,59.211,Loan originated
1,445000.0,47,465000.0,186.0,1,White,Joint,55-64,94.892,Loan originated
1,695000.0,30%-<36%,865000.0,230.0,1,Asian,Female,35-44,80.0,Loan originated
1,585000.0,49,655000.0,215.0,1,White,Male,35-44,90.0,Loan originated
1,595000.0,47,705000.0,186.0,1,Hispanic or Latino,Joint,45-54,85.0,Loan originated
1,605000.0,38,1155000.0,150.0,1,Asian,Joint,25-34,52.17,Loan originated
1,555000.0,45,695000.0,160.0,1,Black or African American,Joint,45-54,80.0,Loan originated
1,625000.0,30%-<36%,665000.0,257.0,1,White,Joint,25-34,95.0,Loan originated
1,235000.0,50%-60%,1105000.0,240.0,1,Asian,Joint,35-44,21.36,Application denied
1,355000.0,46,505000.0,170.0,1,Asian,Male,25-34,70.0,Loan originated
1,565000.0,36,705000.0,191.0,1,Asian,Joint,25-34,80.0,Loan originated
1,215000.0,47,295000.0,50.0,1,Hispanic or Latino,Male,35-44,75.0,Loan originated
1,655000.0,20%-<30%,695000.0,233.0,1,White,Female,55-64,95.0,Loan originated
1,435000.0,47,445000.0,144.0,1,Hispanic or Latino,Joint,25-34,97.0,Loan originated
1,375000.0,42,475000.0,187.0,1,White,Male,35-44,80.0,Loan originated
1,745000.0,38,875000.0,202.0,1,Hispanic or Latino,Joint,45-54,84.988,Loan originated
1,435000.0,50%-60%,455000.0,108.0,1,Hispanic or Latino,Male,45-54,94.991,Application denied
1,295000.0,39,355000.0,95.0,1,Hispanic or Latino,Male,35-44,85.0,Loan originated
1,895000.0,30%-<36%,1805000.0,309.0,1,White,Joint,35-44,49.722,Loan originated
1,675000.0,49,835000.0,288.0,1,White,Joint,>74,80.0,Loan originated
1,455000.0,45,555000.0,170.0,1,Hispanic or Latino,Joint,25-34,81.787,Loan originated
1,245000.0,<20%,255000.0,66.0,1,Hispanic or Latino,Joint,35-44,100.0,Application denied
1,805000.0,39,855000.0,190.0,1,Hispanic or Latino,Joint,45-54,95.0,Loan originated
1,785000.0,20%-<30%,975000.0,370.0,1,Asian,Male,35-44,80.0,Loan originated
1,495000.0,49,625000.0,125.0,1,Asian,Female,35-44,80.0,Loan originated
1,645000.0,49,805000.0,210.0,1,Asian,Male,45-54,80.0,Loan originated
1,745000.0,20%-<30%,1185000.0,392.0,1,White,Male,55-64,62.712,Loan originated
1,1125000.0,42,1405000.0,267.0,1,Asian,Female,35-44,80.0,Application denied
1,715000.0,49,735000.0,158.0,1,Hispanic or Latino,Joint,35-44,97.0,Loan originated
1,965000.0,46,1415000.0,24.0,1,Asian,Joint,45-54,69.92,Loan originated
1,755000.0,49,1005000.0,214.0,1,White,Joint,55-64,75.0,Loan originated
1,795000.0,44,845000.0,230.0,1,Hispanic or Latino,Joint,25-34,95.0,Loan originated
1,385000.0,40,405000.0,102.0,1,White,Male,45-54,95.0,Loan originated
1,575000.0,40,605000.0,182.0,1,White,Male,35-44,95.0,Loan originated
1,595000.0,45,625000.0,221.0,1,White,Joint,25-34,95.0,Loan originated
1,435000.0,20%-<30%,545000.0,161.0,1,White,Joint,35-44,85.0,Loan originated
1,765000.0,48,1275000.0,197.0,1,Asian,Male,25-34,60.0,Loan originated
1,545000.0,44,915000.0,130.0,1,Other,Male,35-44,59.016,Loan originated
1,335000.0,45,375000.0,87.0,1,Asian,Female,25-34,91.0,Loan originated
1,1125000.0,38,1325000.0,363.0,1,Asian,Joint,25-34,85.0,Loan originated
1,245000.0,30%-<36%,415000.0,79.0,1,Hispanic or Latino,Male,<25,59.709,Loan originated
1,465000.0,46,485000.0,97.0,1,Hispanic or Latino,Female,35-44,95.0,Loan originated
1,495000.0,41,505000.0,151.0,1,White,Joint,25-34,97.0,Loan originated
1,345000.0,43,355000.0,83.0,1,Hispanic or Latino,Joint,<25,101.94,Loan originated
1,255000.0,20%-<30%,2005000.0,283.0,1,White,Female,45-54,85.0,Loan originated
1,495000.0,47,515000.0,157.0,1,Hispanic or Latino,Male,<25,97.0,Loan originated
1,325000.0,47,525000.0,85.0,1,Hispanic or Latino,Female,45-54,61.538,Loan originated
1,485000.0,44,515000.0,157.0,1,Asian,Joint,35-44,95.0,Loan originated
1,705000.0,49,835000.0,145.0,1,Black or African American,Male,45-54,84.91,Loan originated
1,1005000.0,39,1255000.0,315.0,1,Hispanic or Latino,Female,55-64,80.0,Loan originated
1,675000.0,46,715000.0,182.0,1,White,Joint,35-44,95.0,Loan originated
1,525000.0,30%-<36%,755000.0,156.0,1,White,Male,35-44,70.0,Loan originated
1,455000.0,49,615000.0,107.0,1,Hispanic or Latino,Joint,55-64,73.693,Loan originated
1,705000.0,37,875000.0,283.0,1,Asian,Male,35-44,80.0,Loan originated
1,765000.0,39,985000.0,200.0,1,Asian,Male,25-34,77.523,Loan originated
1,765000.0,49,805000.0,222.0,1,Hispanic or Latino,Joint,35-44,95.0,Loan originated
1,475000.0,48,505000.0,99.0,1,Hispanic or Latino,Male,35-44,95.0,Loan originated
1,425000.0,45,535000.0,91.0,1,Asian,Male,35-44,80.0,Loan originated
1,605000.0,<20%,805000.0,892.0,1,White,Female,65-74,75.0,Loan originated
1,305000.0,42,385000.0,71.0,1,Asian,Male,45-54,80.0,Loan originated
1,235000.0,46,635000.0,58.0,1,Asian,Joint,55-64,36.674,Loan originated
1,725000.0,47,965000.0,161.0,1,Asian,Joint,25-34,75.0,Loan originated
1,515000.0,44,535000.0,145.0,1,Asian,Joint,35-44,95.0,Loan originated
1,435000.0,38,545000.0,123.0,1,Hispanic or Latino,Female,35-44,83.0,Loan originated
1,765000.0,20%-<30%,1575000.0,852.0,1,White,Joint,25-34,48.698,Loan originated
1,765000.0,36,785000.0,260.0,1,Asian,Joint,25-34,97.0,Loan originated
1,425000.0,46,535000.0,106.0,1,Asian,Male,<25,80.0,Loan originated
1,825000.0,45,1035000.0,196.0,1,Asian,Joint,35-44,80.0,Loan originated
1,335000.0,30%-<36%,375000.0,125.0,1,White,Female,25-34,90.0,Loan originated
1,695000.0,46,995000.0,239.0,1,Hispanic or Latino,Female,55-64,70.0,Loan originated
1,605000.0,41,765000.0,157.0,1,White,Joint,45-54,80.0,Loan originated
1,575000.0,38,675000.0,263.0,1,Asian,Joint,35-44,85.821,Loan originated
1,795000.0,44,995000.0,210.0,1,Hispanic or Latino,Female,35-44,80.0,Loan originated
1,765000.0,43,1055000.0,501.0,1,White,Male,55-64,74.0,Loan originated
1,315000.0,30%-<36%,335000.0,120.0,1,White,Joint,25-34,95.0,Loan originated
1,705000.0,44,885000.0,243.0,1,Asian,Joint,25-34,79.09,Loan originated
1,605000.0,43,755000.0,285.0,1,White,Joint,65-74,80.0,Loan originated
1,765000.0,42,1055000.0,352.0,1,Asian,Joint,<25,73.0,Loan originated
1,925000.0,45,985000.0,213.0,1,Hispanic or Latino,Joint,25-34,93.91,Loan originated
1,255000.0,42,435000.0,86.0,1,White,Female,35-44,59.0,Loan originated
1,1095000.0,49,1295000.0,280.0,1,Black or African American,Joint,45-54,85.0,Loan originated
1,255000.0,47,315000.0,64.0,1,White,Male,65-74,80.0,Loan originated
1,765000.0,30%-<36%,1325000.0,294.0,1,Asian,Joint,55-64,57.36,Loan originated
1,165000.0,47,215000.0,53.0,1,Hispanic or Latino,Female,45-54,80.0,Loan originated
1,765000.0,36,1455000.0,357.0,1,White,Male,45-54,52.866,Loan originated
1,705000.0,38,1305000.0,260.0,1,White,Male,25-34,54.0,Loan originated
1,805000.0,45,945000.0,240.0,1,Hispanic or Latino,Male,25-34,85.0,Loan originated
1,465000.0,44,765000.0,134.0,1,Asian,Joint,45-54,60.56,Loan originated
1,1095000.0,49,1155000.0,233.0,1,White,Male,45-54,94.783,Loan originated
1,545000.0,48,785000.0,128.0,1,Asian,Female,45-54,70.0,Loan originated
1,375000.0,20%-<30%,625000.0,179.0,1,Asian,Male,25-34,59.677,Loan originated
1,725000.0,47,815000.0,175.0,1,Asian,Male,35-44,90.0,Loan originated
1,385000.0,20%-<30%,515000.0,198.0,1,Asian,Female,35-44,75.0,Loan originated
1,535000.0,46,635000.0,242.0,1,White,Male,35-44,85.0,Loan originated
1,855000.0,<20%,1065000.0,895.0,1,White,Male,35-44,80.0,Loan originated
1,195000.0,20%-<30%,265000.0,66.0,1,Hispanic or Latino,Male,35-44,70.9,Loan originated
1,675000.0,42,765000.0,191.0,1,Hispanic or Latino,Joint,25-34,89.0,Loan originated
1,505000.0,40,665000.0,161.0,1,Hispanic or Latino,Male,35-44,85.0,Loan originated
1,355000.0,30%-<36%,375000.0,139.0,1,White,Female,55-64,95.0,Loan originated
1,515000.0,49,1875000.0,163.0,1,White,Joint,<25,27.467,Loan originated
1,815000.0,45,3125000.0,265.0,1,White,Joint,35-44,25.92,Loan originated
1,385000.0,20%-<30%,395000.0,142.0,1,White,Joint,35-44,97.0,Loan originated
1,855000.0,20%-<30%,1615000.0,655.0,1,Asian,Male,35-44,52.795,Loan originated
1,545000.0,30%-<36%,635000.0,278.0,1,Hispanic or Latino,Male,35-44,85.0,Loan originated
1,855000.0,47,2205000.0,236.0,1,White,Male,35-44,38.636,Loan originated
1,575000.0,37,605000.0,236.0,1,Asian,Male,25-34,94.91,Loan originated
1,255000.0,30%-<36%,445000.0,99.0,1,White,Female,65-74,57.0,Loan originated
1,365000.0,48,415000.0,124.0,1,Hispanic or Latino,Male,35-44,90.0,Loan originated
1,755000.0,37,835000.0,200.0,1,Hispanic or Latino,Joint,25-34,89.99,Loan originated
1,355000.0,41,435000.0,110.0,1,Asian,Male,25-34,80.0,Loan originated
1,465000.0,40,495000.0,159.0,1,Hispanic or Latino,Joint,35-44,95.0,Loan originated
1,545000.0,43,675000.0,268.0,1,Hispanic or Latino,Male,25-34,90.0,Application denied
1,175000.0,20%-<30%,265000.0,162.0,1,Hispanic or Latino,Joint,35-44,65.26,Loan originated
1,885000.0,48,1105000.0,171.0,1,Asian,Male,35-44,80.0,Loan originated
1,315000.0,43,325000.0,67.0,1,Hispanic or Latino,Female,35-44,97.0,Loan originated
1,765000.0,30%-<36%,1025000.0,424.0,1,Asian,Female,25-34,75.0,Loan originated
1,255000.0,40,305000.0,62.0,1,White,Male,35-44,86.333,Loan originated
1,455000.0,30%-<36%,655000.0,191.0,1,White,Joint,45-54,69.231,Loan originated
1,275000.0,44,325000.0,67.0,1,White,Male,35-44,85.0,Loan originated
1,1065000.0,30%-<36%,2005000.0,421.0,1,Asian,Joint,25-34,53.0,Loan originated
1,345000.0,40,515000.0,86.0,1,White,Joint,35-44,67.375,Loan originated
1,345000.0,30%-<36%,425000.0,172.0,1,White,Male,55-64,80.0,Loan originated
1,695000.0,20%-<30%,775000.0,299.0,1,Asian,Joint,35-44,89.99,Loan originated
1,355000.0,42,495000.0,91.0,1,White,Male,25-34,70.14,Loan originated
1,395000.0,30%-<36%,415000.0,175.0,1,Hispanic or Latino,Male,55-64,95.0,Loan originated
1,735000.0,30%-<36%,925000.0,187.0,1,White,Joint,25-34,79.89,Loan originated
1,625000.0,20%-<30%,785000.0,250.0,1,White,Joint,55-64,80.0,Loan originated
1,765000.0,36,905000.0,367.0,1,Asian,Joint,25-34,86.0,Loan originated
1,455000.0,38,565000.0,209.0,1,White,Male,45-54,80.0,Loan originated
1,985000.0,30%-<36%,1405000.0,370.0,1,White,Joint,35-44,70.0,Loan originated
1,695000.0,37,715000.0,199.0,1,White,Female,35-44,97.0,Loan originated
1,655000.0,30%-<36%,875000.0,231.0,1,Asian,Male,45-54,75.0,Loan originated
1,395000.0,<20%,565000.0,765.0,1,Asian,Male,25-34,70.0,Loan originated
1,1025000.0,37,1285000.0,377.0,1,Asian,Female,35-44,80.0,Loan originated
1,865000.0,39,965000.0,302.0,1,White,Female,45-54,89.99,Loan originated
1,75000.0,43,245000.0,23.0,1,Hispanic or Latino,Male,65-74,29.167,Loan originated
1,1015000.0,49,1095000.0,216.0,1,White,Male,35-44,93.119,Loan originated
1,605000.0,41,755000.0,162.0,1,Asian,Male,35-44,80.0,Loan originated
1,455000.0,30%-<36%,575000.0,175.0,1,White,Joint,25-34,80.0,Loan originated
1,785000.0,30%-<36%,975000.0,259.0,1,White,Joint,25-34,80.0,Loan originated
1,395000.0,48,455000.0,89.0,1,Hispanic or Latino,Male,45-54,85.0,Loan originated
1,765000.0,>60%,1805000.0,194.0,1,White,Joint,45-54,42.611,Application denied
1,1125000.0,20%-<30%,1245000.0,470.0,1,White,Joint,25-34,89.98,Loan originated
1,265000.0,49,405000.0,47.0,1,Hispanic or Latino,Joint,<25,66.0,Loan originated
1,485000.0,30%-<36%,505000.0,173.0,1,White,Joint,<25,97.0,Loan originated
1,405000.0,30%-<36%,505000.0,129.0,1,White,Male,25-34,80.0,Loan originated
1,605000.0,44,1205000.0,185.0,1,Asian,Female,25-34,50.0,Loan originated
1,295000.0,49,375000.0,77.0,1,White,Female,35-44,80.0,Loan originated
1,215000.0,39,225000.0,68.0,1,Hispanic or Latino,Male,25-34,97.0,Loan originated
1,915000.0,49,1145000.0,250.0,1,Asian,Joint,25-34,80.0,Loan originated
1,485000.0,30%-<36%,545000.0,194.0,1,Black or African American,Female,45-54,90.0,Loan originated
1,315000.0,46,395000.0,64.0,1,Asian,Male,45-54,75.472,Application denied
1,205000.0,49,255000.0,63.0,1,White,Male,55-64,80.0,Loan originated
1,555000.0,49,585000.0,141.0,1,Asian,Male,25-34,95.0,Loan originated
1,415000.0,49,435000.0,88.0,1,White,Female,25-34,95.0,Loan originated
1,255000.0,36,275000.0,134.0,1,White,Joint,35-44,95.0,Loan originated
1,765000.0,<20%,955000.0,522.0,1,Asian,Male,65-74,80.0,Loan originated
1,205000.0,20%-<30%,325000.0,179.0,1,Asian,Female,45-54,62.5,Application denied
1,545000.0,42,685000.0,127.0,1,Black or African American,Male,45-54,80.0,Loan originated
1,1045000.0,50%-60%,1305000.0,240.0,1,White,Joint,45-54,80.0,Loan originated
1,615000.0,45,1225000.0,156.0,1,Asian,Male,35-44,50.0,Loan originated
1,505000.0,47,1235000.0,154.0,1,White,Joint,>74,41.0,Loan originated
1,525000.0,20%-<30%,775000.0,212.0,1,Asian,Joint,35-44,67.582,Loan originated
1,655000.0,49,685000.0,189.0,1,White,Male,55-64,95.0,Loan originated
1,145000.0,30%-<36%,155000.0,159.0,1,Hispanic or Latino,Female,45-54,95.0,Loan originated
1,1095000.0,49,1155000.0,226.0,1,White,Male,25-34,94.957,Loan originated
1,685000.0,38,765000.0,192.0,1,Hispanic or Latino,Joint,35-44,90.0,Loan originated
1,385000.0,44,405000.0,227.0,1,Hispanic or Latino,Joint,25-34,95.0,Loan originated
1,545000.0,44,545000.0,166.0,1,Black or African American,Joint,25-34,100.0,Loan originated
1,705000.0,30%-<36%,795000.0,221.0,1,White,Joint,25-34,88.46,Loan originated
1,285000.0,30%-<36%,765000.0,120.0,1,White,Male,65-74,36.877,Loan originated
1,605000.0,39,755000.0,155.0,1,Asian,Male,25-34,79.99,Loan originated
1,1085000.0,48,1445000.0,271.0,1,Asian,Male,25-34,75.0,Loan originated
1,1125000.0,49,1205000.0,219.0,1,Asian,Joint,35-44,96.417,Loan originated
1,455000.0,48,565000.0,188.0,1,White,Joint,55-64,80.0,Loan originated
1,495000.0,43,1045000.0,118.0,1,Asian,Male,25-34,47.692,Loan originated
1,905000.0,45,1215000.0,290.0,1,Asian,Joint,45-54,75.0,Loan originated
1,575000.0,49,605000.0,132.0,1,Hispanic or Latino,Male,45-54,95.0,Loan originated
1,535000.0,43,715000.0,191.0,1,White,Female,25-34,75.0,Loan originated
1,715000.0,46,755000.0,160.0,1,White,Female,45-54,95.0,Loan originated
1,535000.0,48,735000.0,165.0,1,White,Joint,45-54,73.356,Loan originated
1,855000.0,30%-<36%,1545000.0,272.0,1,Asian,Female,25-34,55.16,Loan originated
1,715000.0,36,795000.0,255.0,1,White,Male,25-34,89.995,Loan originated
1,345000.0,50%-60%,615000.0,342.0,1,White,Male,<25,67.48,Loan originated
1,685000.0,45,955000.0,140.0,1,Asian,Joint,25-34,72.0,Loan originated
1,545000.0,40,565000.0,150.0,1,Hispanic or Latino,Male,25-34,97.0,Application denied
1,235000.0,42,315000.0,57.0,1,White,Male,25-34,75.0,Loan originated
1,665000.0,49,885000.0,181.0,1,Black or African American,Female,45-54,74.913,Loan originated
1,165000.0,49,1805000.0,50.0,1,White,Joint,55-64,9.0,Loan originated
1,495000.0,42,615000.0,119.0,1,Asian,Male,35-44,80.0,Loan originated
1,525000.0,30%-<36%,825000.0,801.0,1,White,Male,55-64,63.68,Loan originated
1,815000.0,44,1365000.0,194.0,1,Asian,Joint,25-34,60.0,Loan originated
1,635000.0,50%-60%,795000.0,140.0,1,White,Joint,55-64,79.37,Loan originated
1,555000.0,46,625000.0,182.0,1,White,Male,25-34,90.0,Loan originated
1,1005000.0,40,1455000.0,250.0,1,Asian,Joint,25-34,68.966,Loan originated
1,765000.0,41,1555000.0,372.0,1,Asian,Male,35-44,49.42,Loan originated
1,535000.0,44,675000.0,150.0,1,White,Joint,25-34,80.0,Loan originated
1,555000.0,30%-<36%,575000.0,217.0,1,Asian,Joint,35-44,96.996,Loan originated
1,805000.0,30%-<36%,1005000.0,302.0,1,White,Male,25-34,80.0,Loan originated
1,615000.0,41,635000.0,162.0,1,Black or African American,Female,35-44,97.0,Loan originated
1,195000.0,45,805000.0,74.0,1,White,Female,45-54,23.691,Loan originated
1,365000.0,20%-<30%,405000.0,166.0,1,White,Male,45-54,89.999,Loan originated
1,565000.0,>60%,815000.0,0.0,1,Asian,Joint,35-44,70.0,Application denied
1,215000.0,46,435000.0,73.0,1,White,Joint,35-44,49.425,Loan originated
1,355000.0,46,375000.0,87.0,1,Hispanic or Latino,Joint,35-44,95.0,Loan originated
1,1145000.0,47,1645000.0,291.0,1,White,Male,35-44,83.0,Loan originated
1,595000.0,50%-60%,605000.0,138.0,1,Hispanic or Latino,Male,25-34,95.0,Application denied
1,495000.0,41,625000.0,166.0,1,White,Joint,55-64,80.0,Loan originated
1,475000.0,38,505000.0,125.0,1,Hispanic or Latino,Male,25-34,95.0,Loan originated
1,655000.0,30%-<36%,1305000.0,260.0,1,White,Male,35-44,50.0,Loan originated
1,545000.0,49,605000.0,104.0,1,Asian,Male,25-34,90.0,Loan originated
1,725000.0,49,905000.0,246.0,1,Hispanic or Latino,Female,45-54,80.0,Loan originated
1,325000.0,20%-<30%,425000.0,110.0,1,Asian,Male,25-34,76.471,Loan originated
1,615000.0,40,655000.0,151.0,1,Hispanic or Latino,Joint,35-44,95.0,Loan originated
1,325000.0,44,405000.0,216.0,1,White,Male,45-54,80.0,Loan originated
1,205000.0,30%-<36%,265000.0,78.0,1,Asian,Male,55-64,80.0,Loan originated
1,1005000.0,20%-<30%,1355000.0,519.0,1,Asian,Joint,35-44,75.0,Loan originated
1,455000.0,20%-<30%,565000.0,422.0,1,Hispanic or Latino,Female,35-44,80.0,Loan originated
1,695000.0,44,925000.0,225.0,1,Asian,Joint,25-34,75.0,Loan originated
1,395000.0,49,895000.0,105.0,1,Hispanic or Latino,Joint,55-64,43.82,Loan originated
1,325000.0,47,405000.0,72.0,1,White,Male,55-64,83.0,Loan originated
1,525000.0,49,555000.0,104.0,1,Hispanic or Latino,Male,35-44,95.0,Loan originated
1,395000.0,<20%,1075000.0,318.0,1,Asian,Female,45-54,36.195,Loan originated
1,305000.0,<20%,1375000.0,240.0,1,Asian,Female,35-44,21.898,Loan originated
1,275000.0,47,545000.0,74.0,1,Hispanic or Latino,Male,25-34,50.0,Loan originated
1,1165000.0,20%-<30%,1945000.0,611.0,1,White,Male,35-44,60.0,Loan originated
1,835000.0,49,875000.0,284.0,1,White,Joint,35-44,95.0,Loan originated
1,495000.0,49,525000.0,130.0,1,White,Male,25-34,95.0,Loan originated
1,755000.0,30%-<36%,855000.0,246.0,1,Asian,Joint,45-54,88.24,Loan originated
1,565000.0,43,715000.0,256.0,1,Asian,Joint,45-54,80.0,Loan originated
1,825000.0,48,1255000.0,172.0,1,Asian,Joint,35-44,66.0,Loan originated
1,465000.0,30%-<36%,665000.0,169.0,1,White,Male,55-64,70.526,Loan originated
1,525000.0,47,755000.0,144.0,1,White,Male,55-64,70.0,Loan originated
1,445000.0,>60%,525000.0,70.0,1,Hispanic or Latino,Joint,35-44,85.0,Application denied
1,545000.0,48,645000.0,158.0,1,White,Male,25-34,85.0,Loan originated
1,515000.0,20%-<30%,1685000.0,285.0,1,White,Joint,55-64,31.0,Loan originated
1,715000.0,43,895000.0,158.0,1,Hispanic or Latino,Male,45-54,80.0,Loan originated
1,655000.0,<20%,815000.0,985.0,1,Other,Male,25-34,80.0,Loan originated
1,325000.0,38,725000.0,130.0,1,White,Joint,55-64,44.598,Loan originated
1,915000.0,36,1225000.0,964.0,1,White,Male,25-34,75.0,Loan originated
1,525000.0,49,605000.0,134.0,1,Hispanic or Latino,Male,35-44,86.78,Loan originated
1,745000.0,>60%,1065000.0,83.0,1,White,Joint,65-74,70.0,Application denied
1,205000.0,20%-<30%,255000.0,93.0,1,Hispanic or Latino,Male,25-34,80.0,Loan originated
1,635000.0,49,675000.0,139.0,1,Asian,Female,35-44,95.0,Loan originated
1,205000.0,38,225000.0,100.0,1,Hispanic or Latino,Female,55-64,93.82,Loan originated
1,315000.0,30%-<36%,625000.0,130.0,1,Black or African American,Female,35-44,50.0,Loan originated
1,825000.0,48,915000.0,189.0,1,Asian,Female,65-74,90.0,Loan originated
1,615000.0,>60%,715000.0,187.0,1,Asian,Female,45-54,86.07,Application denied
1,755000.0,41,1255000.0,243.0,1,Asian,Joint,35-44,60.0,Loan originated
1,355000.0,45,405000.0,74.0,1,Hispanic or Latino,Female,25-34,86.574,Loan originated
1,665000.0,46,835000.0,130.0,1,Asian,Joint,45-54,80.0,Loan originated
1,135000.0,50%-60%,335000.0,89.0,1,White,Joint,35-44,40.0,Application denied
1,455000.0,46,485000.0,141.0,1,Hispanic or Latino,Joint,25-34,95.0,Loan originated
1,255000.0,50%-60%,965000.0,74.0,1,White,Female,35-44,25.907,Application denied
1,1125000.0,49,1185000.0,218.0,1,Asian,Male,45-54,94.999,Loan originated
1,735000.0,30%-<36%,925000.0,411.0,1,White,Joint,35-44,80.0,Loan originated
1,735000.0,47,815000.0,260.0,1,Hispanic or Latino,Joint,25-34,89.939,Loan originated
1,295000.0,49,975000.0,92.0,1,White,Female,55-64,30.825,Loan originated
1,335000.0,47,365000.0,73.0,1,Hispanic or Latino,Male,65-74,89.95,Loan originated
1,505000.0,49,535000.0,117.0,1,Hispanic or Latino,Male,25-34,95.0,Loan originated
1,815000.0,<20%,1675000.0,443.0,1,White,Female,25-34,48.657,Loan originated
1,535000.0,40,715000.0,268.0,1,Asian,Female,45-54,80.0,Loan originated
1,705000.0,40,1205000.0,184.0,1,White,Joint,45-54,58.506,Loan originated
1,965000.0,50%-60%,1205000.0,276.0,1,Asian,Joint,25-34,80.0,Loan originated
1,855000.0,20%-<30%,1695000.0,427.0,1,Asian,Joint,35-44,50.296,Loan originated
1,1005000.0,20%-<30%,1335000.0,553.0,1,Asian,Male,35-44,75.0,Loan originated
1,325000.0,48,335000.0,67.0,1,Hispanic or Latino,Female,25-34,97.0,Loan originated
1,935000.0,>60%,1175000.0,120.0,1,White,Joint,25-34,79.99,Application denied
1,565000.0,39,705000.0,243.0,1,Asian,Joint,25-34,79.886,Loan originated
1,955000.0,30%-<36%,1505000.0,275.0,1,White,Joint,35-44,63.333,Loan originated
1,515000.0,48,775000.0,111.0,1,White,Joint,25-34,65.6,Loan originated
1,345000.0,41,435000.0,87.0,1,White,Joint,25-34,80.0,Loan originated
1,425000.0,<20%,2125000.0,310.0,1,White,Joint,55-64,20.0,Loan originated
1,645000.0,40,815000.0,147.0,1,Asian,Male,35-44,78.3,Loan originated
1,585000.0,44,835000.0,154.0,1,Asian,Male,35-44,70.0,Loan originated
1,555000.0,47,655000.0,153.0,1,White,Female,35-44,85.0,Loan originated
1,475000.0,20%-<30%,595000.0,180.0,1,White,Joint,35-44,80.0,Loan originated
1,105000.0,46,445000.0,40.0,1,White,Female,65-74,22.237,Loan originated
1,605000.0,36,755000.0,275.0,1,White,Joint,35-44,80.0,Loan originated
1,205000.0,46,695000.0,57.0,1,Asian,Female,45-54,28.986,Loan originated
1,965000.0,20%-<30%,1755000.0,445.0,1,Asian,Male,25-34,55.0,Loan originated
1,625000.0,38,775000.0,152.0,1,White,Male,45-54,80.0,Loan originated
1,415000.0,43,445000.0,96.0,1,Hispanic or Latino,Male,45-54,95.0,Loan originated
1,455000.0,30%-<36%,475000.0,175.0,1,White,Joint,35-44,95.0,Loan originated
1,515000.0,43,645000.0,152.0,1,White,Male,25-34,80.0,Loan originated
1,105000.0,<20%,685000.0,103.0,1,Asian,Male,45-54,14.52,Loan originated
1,365000.0,45,385000.0,74.0,1,Hispanic or Latino,Joint,25-34,98.0,Loan originated
1,15000.0,50%-60%,375000.0,160.0,1,Black or African American,Joint,55-64,100.0,Loan originated
1,505000.0,48,785000.0,143.0,1,White,Joint,25-34,66.0,Application denied
1,285000.0,40,565000.0,141.0,1,White,Joint,45-54,50.0,Loan originated
1,525000.0,39,655000.0,144.0,1,Asian,Female,35-44,80.0,Loan originated
1,725000.0,<20%,905000.0,1124.0,1,White,Female,55-64,80.0,Loan originated
1,645000.0,46,815000.0,188.0,1,Asian,Male,35-44,80.0,Loan originated
1,445000.0,48,595000.0,228.0,1,White,Male,35-44,75.0,Loan originated
1,855000.0,20%-<30%,2255000.0,364.0,1,White,Joint,25-34,37.778,Loan originated
1,925000.0,48,1165000.0,271.0,1,White,Joint,35-44,80.0,Loan originated
1,375000.0,49,805000.0,88.0,1,Asian,Male,45-54,47.125,Loan originated
1,625000.0,44,695000.0,142.0,1,White,Male,35-44,90.0,Loan originated
1,315000.0,48,365000.0,106.0,1,Asian,Female,25-34,86.111,Loan originated
1,765000.0,44,805000.0,166.0,1,Asian,Joint,45-54,95.0,Loan originated
1,1145000.0,20%-<30%,1435000.0,375.0,1,Asian,Joint,25-34,80.0,Loan originated
1,595000.0,36,635000.0,163.0,1,Asian,Joint,35-44,94.0,Loan originated
1,565000.0,30%-<36%,935000.0,213.0,1,White,Male,55-64,60.75,Loan originated
1,865000.0,49,935000.0,193.0,1,Hispanic or Latino,Joint,35-44,93.0,Loan originated
1,235000.0,46,435000.0,55.0,1,Hispanic or Latino,Female,55-64,54.39,Loan originated
1,695000.0,36,1185000.0,205.0,1,White,Female,65-74,58.621,Loan originated
1,825000.0,46,945000.0,189.0,1,Hispanic or Latino,Joint,25-34,87.0,Loan originated
1,895000.0,30%-<36%,1255000.0,236.0,1,Asian,Female,<25,71.2,Loan originated
1,1005000.0,<20%,1705000.0,1050.0,1,White,Female,45-54,59.176,Loan originated
1,575000.0,30%-<36%,725000.0,182.0,1,White,Male,65-74,79.991,Loan originated
1,55000.0,38,135000.0,58.0,1,Hispanic or Latino,Female,65-74,40.51,Loan originated
1,1015000.0,37,1105000.0,274.0,1,Asian,Joint,35-44,92.7,Loan originated
1,315000.0,30%-<36%,565000.0,98.0,1,White,Male,25-34,56.696,Loan originated
1,385000.0,46,475000.0,82.0,1,Hispanic or Latino,Joint,45-54,80.0,Loan originated
1,625000.0,38,785000.0,323.0,1,Asian,Joint,45-54,80.0,Loan originated
1,325000.0,44,405000.0,71.0,1,Asian,Male,25-34,80.0,Application denied
1,595000.0,42,895000.0,155.0,1,Asian,Female,65-74,66.29,Loan originated
1,325000.0,45,835000.0,117.0,1,White,Female,35-44,38.554,Loan originated
1,905000.0,38,1405000.0,231.0,1,Asian,Female,25-34,64.286,Loan originated
1,675000.0,36,755000.0,178.0,1,Asian,Joint,25-34,90.0,Loan originated
1,755000.0,47,1005000.0,178.0,1,White,Joint,45-54,75.0,Loan originated
1,105000.0,42,115000.0,87.0,1,White,Joint,25-34,95.0,Loan originated
1,115000.0,44,125000.0,69.0,1,Hispanic or Latino,Female,45-54,95.0,Loan originated
1,365000.0,49,455000.0,127.0,1,Hispanic or Latino,Joint,45-54,82.0,Loan originated
1,325000.0,48,345000.0,101.0,1,Hispanic or Latino,Joint,25-34,94.0,Loan originated
1,245000.0,49,315000.0,80.0,1,White,Male,55-64,77.42,Loan originated
1,395000.0,43,525000.0,324.0,1,White,Joint,65-74,75.0,Loan originated
1,15000.0,20%-<30%,415000.0,99.0,1,Hispanic or Latino,Joint,25-34,3.5,Application denied
1,405000.0,<20%,395000.0,269.0,1,White,Joint,65-74,83.0,Loan originated
1,375000.0,38,415000.0,98.0,1,Asian,Female,25-34,89.99,Loan originated
1,265000.0,45,425000.0,65.0,1,White,Female,35-44,62.0,Loan originated
1,655000.0,38,765000.0,280.0,1,Hispanic or Latino,Joint,45-54,85.0,Loan originated
1,565000.0,30%-<36%,645000.0,172.0,1,Hispanic or Latino,Joint,25-34,88.0,Loan originated
1,1055000.0,40,1455000.0,370.0,1,Asian,Male,35-44,72.414,Loan originated
1,565000.0,20%-<30%,705000.0,235.0,1,Hispanic or Latino,Male,35-44,80.0,Loan originated
1,555000.0,48,735000.0,114.0,1,Asian,Joint,25-34,75.0,Loan originated
1,485000.0,47,535000.0,166.0,1,White,Male,25-34,90.0,Loan originated
1,575000.0,44,685000.0,213.0,1,White,Joint,35-44,84.119,Loan originated
1,425000.0,40,525000.0,120.0,1,White,Female,55-64,80.0,Loan originated
1,395000.0,36,495000.0,145.0,1,White,Male,35-44,80.0,Loan originated
1,705000.0,46,885000.0,161.0,1,White,Male,35-44,80.0,Loan originated
1,885000.0,41,2335000.0,235.0,1,Asian,Male,45-54,38.0,Loan originated
1,335000.0,20%-<30%,415000.0,193.0,1,Asian,Female,65-74,80.0,Loan originated
1,565000.0,42,1275000.0,234.0,1,White,Joint,45-54,44.053,Loan originated
1,795000.0,45,995000.0,194.0,1,Asian,Male,35-44,79.98,Loan originated
1,385000.0,30%-<36%,475000.0,252.0,1,Asian,Joint,25-34,80.0,Loan originated
1,655000.0,20%-<30%,815000.0,378.0,1,Asian,Joint,25-34,80.0,Loan originated
1,585000.0,30%-<36%,655000.0,181.0,1,Asian,Male,35-44,90.0,Loan originated
1,615000.0,43,655000.0,147.0,1,Black or African American,Joint,35-44,95.0,Loan originated
1,595000.0,48,735000.0,163.0,1,Hispanic or Latino,Joint,45-54,80.0,Loan originated
1,385000.0,41,475000.0,110.0,1,Hispanic or Latino,Female,25-34,80.0,Loan originated
1,525000.0,43,695000.0,229.0,1,Asian,Female,35-44,75.0,Loan originated
1,585000.0,30%-<36%,735000.0,304.0,1,White,Male,35-44,80.0,Loan originated
1,765000.0,49,825000.0,245.0,1,White,Joint,25-34,92.683,Loan originated
1,135000.0,40,215000.0,37.0,1,Hispanic or Latino,Female,25-34,63.55,Loan originated
1,505000.0,30%-<36%,635000.0,369.0,1,Asian,Male,25-34,80.0,Loan originated
1,605000.0,43,955000.0,144.0,1,Asian,Female,25-34,64.0,Loan originated
1,495000.0,30%-<36%,705000.0,156.0,1,Asian,Male,45-54,70.0,Loan originated
1,765000.0,43,975000.0,206.0,1,Hispanic or Latino,Joint,35-44,79.03,Loan originated
1,395000.0,49,495000.0,78.0,1,Hispanic or Latino,Female,25-34,78.357,Loan originated
1,375000.0,43,465000.0,113.0,1,Hispanic or Latino,Joint,25-34,80.0,Loan originated
1,255000.0,45,265000.0,56.0,1,Hispanic or Latino,Male,<25,100.0,Loan originated
1,805000.0,49,1005000.0,206.0,1,White,Joint,45-54,79.84,Loan originated
1,305000.0,20%-<30%,595000.0,131.0,1,White,Male,35-44,50.083,Loan originated
1,415000.0,30%-<36%,435000.0,300.0,1,Asian,Male,25-34,94.99,Loan originated
1,425000.0,<20%,525000.0,-3.0,1,White,Male,55-64,79.81,Application denied
1,515000.0,20%-<30%,1975000.0,255.0,1,White,Joint,25-34,25.87,Loan originated
1,615000.0,44,1025000.0,157.0,1,White,Joint,25-34,60.0,Loan originated
1,575000.0,38,715000.0,130.0,1,White,Male,25-34,69.999,Application denied
1,495000.0,39,625000.0,117.0,1,Asian,Joint,55-64,80.0,Loan originated
1,365000.0,20%-<30%,1665000.0,310.0,1,White,Joint,35-44,21.69,Loan originated
1,575000.0,46,775000.0,183.0,1,White,Joint,25-34,74.026,Loan originated
1,125000.0,20%-<30%,425000.0,89.0,1,White,Joint,55-64,29.0,Loan originated
1,375000.0,36,775000.0,114.0,1,White,Female,55-64,48.052,Loan originated
1,425000.0,49,675000.0,110.0,1,White,Female,55-64,63.233,Loan originated
1,565000.0,49,705000.0,66.0,1,White,Female,25-34,80.0,Loan originated
1,1075000.0,39,1655000.0,379.0,1,White,Joint,45-54,65.0,Loan originated
1,925000.0,41,1085000.0,260.0,1,Asian,Male,45-54,85.0,Application denied
1,445000.0,<20%,555000.0,321.0,1,White,Male,25-34,80.0,Loan originated
1,685000.0,45,855000.0,199.0,1,White,Joint,65-74,80.0,Loan originated
1,955000.0,40,2255000.0,309.0,1,White,Joint,65-74,42.422,Loan originated
1,505000.0,43,545000.0,378.0,1,White,Joint,55-64,92.714,Loan originated
1,525000.0,49,705000.0,110.0,1,White,Joint,35-44,95.0,Loan originated
1,355000.0,48,885000.0,78.0,1,Asian,Joint,25-34,40.0,Loan originated
1,355000.0,48,855000.0,91.0,1,Asian,Joint,45-54,41.176,Loan originated
1,385000.0,36,405000.0,127.0,1,White,Joint,25-34,95.0,Loan originated
1,135000.0,44,135000.0,92.0,1,White,Joint,65-74,94.75,Loan originated
1,235000.0,49,295000.0,44.0,1,Hispanic or Latino,Female,35-44,79.31,Loan originated
1,655000.0,49,935000.0,192.0,1,Hispanic or Latino,Female,35-44,70.0,Loan originated
1,215000.0,37,405000.0,65.0,1,White,Joint,35-44,53.75,Loan originated
1,395000.0,44,495000.0,117.0,1,Other,Male,35-44,80.0,Loan originated
1,325000.0,20%-<30%,405000.0,114.0,1,White,Male,25-34,80.0,Loan originated
1,515000.0,42,645000.0,127.0,1,Hispanic or Latino,Joint,45-54,80.0,Loan originated
1,1125000.0,30%-<36%,1805000.0,528.0,1,Asian,Joint,25-34,62.5,Loan originated
1,945000.0,50%-60%,995000.0,205.0,1,Asian,Male,35-44,95.0,Application denied
1,765000.0,41,915000.0,168.0,1,Asian,Joint,35-44,84.176,Loan originated
1,575000.0,20%-<30%,675000.0,191.0,1,Hispanic or Latino,Male,35-44,85.185,Loan originated
1,725000.0,39,905000.0,165.0,1,Hispanic or Latino,Male,45-54,80.0,Loan originated
1,495000.0,20%-<30%,525000.0,181.0,1,Hispanic or Latino,Female,35-44,95.0,Loan originated
1,355000.0,20%-<30%,445000.0,193.0,1,Hispanic or Latino,Male,35-44,80.0,Loan originated
1,555000.0,30%-<36%,625000.0,155.0,1,Asian,Male,25-34,89.989,Loan originated
1,725000.0,49,745000.0,197.0,1,Black or African American,Female,35-44,97.0,Loan originated
1,935000.0,47,1835000.0,297.0,1,White,Joint,55-64,50.81,Loan originated
1,625000.0,49,725000.0,172.0,1,White,Male,35-44,85.517,Loan originated
1,695000.0,48,725000.0,194.0,1,Asian,Male,35-44,96.545,Loan originated
1,765000.0,42,1255000.0,178.0,1,Asian,Joint,25-34,61.3,Loan originated
1,455000.0,41,495000.0,124.0,1,Hispanic or Latino,Male,25-34,92.525,Loan originated
1,955000.0,46,1455000.0,509.0,1,Hispanic or Latino,Joint,35-44,89.97,Loan originated
1,655000.0,30%-<36%,825000.0,270.0,1,Hispanic or Latino,Joint,25-34,80.0,Loan originated
1,585000.0,48,735000.0,115.0,1,White,Male,25-34,80.0,Loan originated
1,485000.0,37,605000.0,145.0,1,Asian,Male,45-54,80.0,Loan originated
1,755000.0,20%-<30%,1715000.0,313.0,1,White,Female,45-54,43.86,Loan originated
1,415000.0,44,515000.0,132.0,1,Asian,Male,25-34,80.0,Loan originated
1,1025000.0,43,1285000.0,491.0,1,Asian,Joint,35-44,80.0,Loan originated
1,525000.0,40,555000.0,145.0,1,Hispanic or Latino,Female,55-64,95.0,Loan originated
1,375000.0,30%-<36%,425000.0,127.0,1,White,Male,25-34,90.0,Loan originated
1,745000.0,36,935000.0,230.0,1,White,Joint,25-34,80.0,Loan originated
1,605000.0,37,755000.0,163.0,1,Asian,Joint,55-64,80.0,Loan originated
1,415000.0,42,1115000.0,131.0,1,Asian,Male,25-34,74.0,Loan originated
1,205000.0,20%-<30%,675000.0,132.0,1,White,Joint,55-64,29.718,Application denied
1,365000.0,48,565000.0,115.0,1,White,Male,35-44,64.286,Loan originated
1,755000.0,49,795000.0,157.0,1,Hispanic or Latino,Female,35-44,95.0,Loan originated
1,505000.0,>60%,605000.0,12.0,1,White,Female,55-64,83.333,Application denied
1,495000.0,44,525000.0,134.0,1,White,Joint,55-64,95.0,Loan originated
1,335000.0,20%-<30%,485000.0,208.0,1,Asian,Female,65-74,70.0,Loan originated
1,635000.0,30%-<36%,755000.0,326.0,1,White,Female,35-44,85.0,Loan originated
1,995000.0,49,1425000.0,250.0,1,White,Female,35-44,70.0,Loan originated
1,345000.0,46,425000.0,83.0,1,White,Male,35-44,80.0,Loan originated
1,725000.0,37,805000.0,211.0,1,Asian,Joint,35-44,90.0,Loan originated
1,365000.0,47,405000.0,78.0,1,Hispanic or Latino,Female,<25,90.0,Loan originated
1,275000.0,44,325000.0,70.0,1,Hispanic or Latino,Male,45-54,88.817,Loan originated
1,725000.0,48,905000.0,15.0,1,Asian,Joint,35-44,80.0,Loan originated
1,1145000.0,45,1315000.0,249.0,1,White,Joint,25-34,87.71,Loan originated
1,375000.0,30%-<36%,975000.0,131.0,1,White,Joint,65-74,38.46,Loan originated
1,935000.0,47,1175000.0,317.0,1,Asian,Joint,35-44,79.63,Loan originated
1,715000.0,<20%,895000.0,2737.0,1,White,Male,45-54,80.0,Loan originated
1,325000.0,20%-<30%,495000.0,160.0,1,White,Female,45-54,66.531,Loan originated
1,345000.0,45,835000.0,90.0,1,Hispanic or Latino,Joint,45-54,42.0,Loan originated
1,305000.0,20%-<30%,375000.0,131.0,1,White,Male,25-34,80.0,Loan originated
1,1005000.0,49,1405000.0,200.0,1,Hispanic or Latino,Male,25-34,71.429,Application denied
1,345000.0,44,495000.0,90.0,1,White,Male,25-34,70.0,Loan originated
1,505000.0,41,975000.0,158.0,1,White,Joint,35-44,65.134,Loan originated
1,625000.0,45,1725000.0,179.0,1,White,Joint,35-44,37.0,Loan originated
1,425000.0,39,645000.0,124.0,1,Hispanic or Latino,Female,35-44,67.031,Loan originated
1,545000.0,42,625000.0,274.0,1,White,Joint,35-44,87.25,Loan originated
1,425000.0,43,525000.0,114.0,1,Hispanic or Latino,Joint,55-64,80.0,Loan originated
1,505000.0,44,925000.0,135.0,1,Asian,Joint,25-34,54.05,Loan originated
1,395000.0,43,465000.0,84.0,1,White,Male,<25,105.0,Loan originated
1,1065000.0,38,1525000.0,315.0,1,Asian,Male,25-34,70.0,Loan originated
1,305000.0,20%-<30%,325000.0,149.0,1,Hispanic or Latino,Male,25-34,95.0,Loan originated
1,1025000.0,39,1205000.0,271.0,1,Asian,Male,35-44,85.0,Loan originated
1,425000.0,30%-<36%,655000.0,131.0,1,White,Female,45-54,65.39,Loan originated
1,765000.0,30%-<36%,1125000.0,284.0,1,Hispanic or Latino,Female,55-64,68.393,Loan originated
1,885000.0,42,1595000.0,217.0,1,White,Joint,>74,55.402,Loan originated
1,395000.0,30%-<36%,525000.0,375.0,1,Hispanic or Latino,Male,25-34,75.0,Loan originated
1,445000.0,43,695000.0,111.0,1,White,Female,65-74,64.281,Loan originated
1,785000.0,30%-<36%,985000.0,287.0,1,White,Joint,35-44,80.0,Loan originated
1,765000.0,30%-<36%,925000.0,417.0,1,Hispanic or Latino,Female,55-64,82.88,Loan originated
1,965000.0,44,1205000.0,219.0,1,Asian,Male,45-54,80.0,Loan originated
1,505000.0,44,545000.0,221.0,1,White,Joint,45-54,95.0,Loan originated
1,605000.0,45,785000.0,136.0,1,Hispanic or Latino,Joint,55-64,95.87,Loan originated
1,425000.0,20%-<30%,535000.0,226.0,1,Hispanic or Latino,Joint,55-64,80.0,Loan originated
1,1005000.0,43,1575000.0,258.0,1,Asian,Male,35-44,63.48,Loan originated
1,385000.0,37,485000.0,162.0,1,Asian,Male,25-34,80.0,Application denied
1,1045000.0,40,1495000.0,351.0,1,White,Joint,65-74,70.0,Loan originated
1,605000.0,30%-<36%,715000.0,184.0,1,White,Joint,35-44,85.0,Loan originated
1,765000.0,40,2125000.0,202.0,1,White,Female,55-64,37.0,Loan originated
1,665000.0,38,885000.0,160.0,1,Asian,Male,45-54,75.0,Loan originated
1,635000.0,44,655000.0,166.0,1,Hispanic or Latino,Female,55-64,97.0,Loan originated
1,825000.0,46,1135000.0,266.0,1,White,Male,55-64,73.009,Loan originated
1,915000.0,48,1305000.0,190.0,1,White,Male,45-54,70.0,Loan originated
1,725000.0,46,915000.0,153.0,1,Asian,Male,45-54,80.0,Loan originated
1,985000.0,30%-<36%,1315000.0,328.0,1,White,Joint,25-34,75.0,Loan originated
1,1055000.0,39,1325000.0,257.0,1,Asian,Joint,25-34,80.0,Loan originated
1,325000.0,40,375000.0,90.0,1,Asian,Male,35-44,105.0,Loan originated
1,735000.0,43,775000.0,208.0,1,Black or African American,Male,35-44,95.0,Loan originated
1,575000.0,39,665000.0,150.0,1,White,Joint,25-34,86.944,Loan originated
1,755000.0,45,1105000.0,166.0,1,Asian,Female,25-34,68.326,Loan originated
1,865000.0,30%-<36%,1085000.0,260.0,1,White,Male,35-44,80.0,Loan originated
1,475000.0,40,725000.0,127.0,1,Black or African American,Joint,35-44,66.0,Loan originated
1,765000.0,41,955000.0,204.0,1,White,Joint,35-44,80.0,Loan originated
1,345000.0,49,425000.0,102.0,1,Asian,Female,45-54,80.0,Application denied
1,1005000.0,42,2605000.0,364.0,1,Asian,Joint,25-34,39.0,Loan originated
1,505000.0,47,565000.0,118.0,1,Asian,Male,25-34,90.0,Loan originated
1,335000.0,44,395000.0,79.0,1,White,Male,35-44,85.0,Loan originated
1,775000.0,39,865000.0,253.0,1,Asian,Joint,45-54,90.0,Loan originated
1,1145000.0,37,1475000.0,315.0,1,Asian,Joint,35-44,78.0,Loan originated
1,365000.0,43,455000.0,83.0,1,Hispanic or Latino,Joint,<25,80.0,Loan originated
1,555000.0,<20%,985000.0,777.0,1,Asian,Male,35-44,55.857,Loan originated
1,255000.0,20%-<30%,315000.0,168.0,1,White,Female,25-34,80.0,Loan originated
1,745000.0,43,875000.0,233.0,1,Hispanic or Latino,Male,45-54,85.0,Loan originated
1,325000.0,48,625000.0,160.0,1,White,Joint,45-54,52.297,Loan originated
1,525000.0,<20%,675000.0,799.0,1,White,Joint,35-44,80.0,Loan originated
1,415000.0,50%-60%,595000.0,120.0,1,White,Male,25-34,70.0,Loan originated
1,265000.0,30%-<36%,755000.0,214.0,1,White,Joint,65-74,34.621,Loan originated
1,515000.0,41,715000.0,230.0,1,White,Joint,>74,73.0,Loan originated
1,545000.0,<20%,775000.0,388.0,1,Hispanic or Latino,Male,35-44,70.0,Loan originated
1,735000.0,43,915000.0,168.0,1,Asian,Male,25-34,80.0,Loan originated
1,375000.0,47,465000.0,117.0,1,White,Joint,55-64,80.0,Loan originated
1,435000.0,38,585000.0,291.0,1,Asian,Joint,45-54,74.359,Loan originated
1,635000.0,42,705000.0,197.0,1,Asian,Male,35-44,90.0,Loan originated
1,605000.0,45,635000.0,134.0,1,Hispanic or Latino,Joint,35-44,95.0,Loan originated
1,265000.0,47,325000.0,86.0,1,White,Female,65-74,80.0,Loan originated
1,375000.0,38,445000.0,117.0,1,White,Female,35-44,85.0,Loan originated
1,685000.0,41,865000.0,257.0,1,Asian,Joint,25-34,80.0,Loan originated
1,845000.0,45,1055000.0,261.0,1,Hispanic or Latino,Joint,25-34,80.0,Loan originated
1,685000.0,44,915000.0,196.0,1,Asian,Male,35-44,75.0,Loan originated
1,295000.0,43,495000.0,151.0,1,Hispanic or Latino,Joint,25-34,59.596,Loan originated
1,505000.0,20%-<30%,985000.0,189.0,1,White,Joint,35-44,50.556,Loan originated
1,405000.0,30%-<36%,445000.0,150.0,1,White,Joint,35-44,90.0,Loan originated
1,185000.0,>60%,185000.0,56.0,1,Hispanic or Latino,Male,25-34,95.0,Application denied
1,455000.0,41,465000.0,115.0,1,Hispanic or Latino,Female,35-44,97.0,Loan originated
1,125000.0,42,165000.0,67.0,1,White,Joint,>74,75.84,Loan originated
1,995000.0,20%-<30%,1295000.0,325.0,1,Asian,Joint,45-54,76.92,Loan originated
1,765000.0,30%-<36%,1025000.0,626.0,1,Asian,Male,35-44,75.0,Loan originated
1,265000.0,36,445000.0,89.0,1,White,Female,25-34,60.0,Loan originated
1,285000.0,42,295000.0,114.0,1,Hispanic or Latino,Joint,<25,99.75,Loan originated
1,405000.0,30%-<36%,505000.0,155.0,1,White,Joint,25-34,80.0,Loan originated
1,275000.0,49,685000.0,87.0,1,White,Male,>74,39.91,Loan originated
1,575000.0,30%-<36%,715000.0,19.0,1,Asian,Male,45-54,80.0,Loan originated
1,1145000.0,40,1525000.0,379.0,1,Asian,Joint,35-44,75.0,Loan originated
1,595000.0,46,625000.0,155.0,1,Hispanic or Latino,Male,25-34,95.0,Loan originated
1,525000.0,30%-<36%,655000.0,155.0,1,White,Male,25-34,80.0,Loan originated
1,375000.0,49,415000.0,154.0,1,Hispanic or Latino,Joint,25-34,90.0,Loan originated
1,305000.0,45,375000.0,68.0,1,Hispanic or Latino,Female,55-64,82.4,Loan originated
1,405000.0,30%-<36%,1005000.0,251.0,1,White,Joint,25-34,40.0,Loan originated
1,805000.0,39,1775000.0,451.0,1,Asian,Joint,55-64,45.07,Application denied
1,445000.0,30%-<36%,745000.0,134.0,1,Asian,Female,35-44,60.0,Loan originated
1,575000.0,44,635000.0,145.0,1,Asian,Female,35-44,90.0,Loan originated
1,635000.0,30%-<36%,795000.0,205.0,1,White,Male,25-34,80.0,Loan originated
1,335000.0,30%-<36%,635000.0,128.0,1,White,Female,35-44,52.381,Loan originated
1,75000.0,20%-<30%,155000.0,81.0,1,White,Female,55-64,48.39,Loan originated
1,565000.0,50%-60%,905000.0,101.0,1,White,Female,45-54,62.745,Application denied
1,675000.0,44,715000.0,178.0,1,Hispanic or Latino,Female,35-44,95.0,Loan originated
1,385000.0,39,475000.0,167.0,1,Black or African American,Female,45-54,80.0,Loan originated
1,725000.0,47,775000.0,155.0,1,Hispanic or Latino,Male,<25,93.0,Loan originated
1,355000.0,49,555000.0,86.0,1,Asian,Female,25-34,63.064,Loan originated
1,25000.0,20%-<30%,35000.0,43.0,1,White,Joint,65-74,78.0,Loan originated
1,1005000.0,42,1455000.0,264.0,1,Asian,Female,55-64,69.0,Loan originated
1,1065000.0,44,1325000.0,535.0,1,White,Joint,35-44,80.0,Loan originated
1,705000.0,<20%,885000.0,281.0,1,Hispanic or Latino,Male,25-34,80.0,Application denied
1,625000.0,36,705000.0,301.0,1,Hispanic or Latino,Joint,25-34,90.0,Loan originated
1,315000.0,48,395000.0,68.0,1,Hispanic or Latino,Male,45-54,81.795,Loan originated
1,285000.0,44,295000.0,63.0,1,White,Male,35-44,100.0,Loan originated
1,805000.0,42,1235000.0,211.0,1,White,Joint,25-34,64.882,Loan originated
1,505000.0,39,1175000.0,140.0,1,Asian,Male,55-64,42.411,Loan originated
1,415000.0,49,515000.0,101.0,1,White,Female,35-44,80.0,Loan originated
1,515000.0,39,545000.0,129.0,1,Hispanic or Latino,Male,25-34,95.0,Loan originated
1,425000.0,41,435000.0,129.0,1,Hispanic or Latino,Female,25-34,97.0,Loan originated
1,665000.0,42,695000.0,151.0,1,Asian,Joint,35-44,95.0,Loan originated
1,855000.0,30%-<36%,1555000.0,286.0,1,White,Joint,35-44,55.0,Loan originated
1,605000.0,44,635000.0,190.0,1,Asian,Joint,25-34,95.0,Loan originated
1,345000.0,45,465000.0,87.0,1,White,Female,25-34,75.0,Loan originated
1,455000.0,49,505000.0,136.0,1,Hispanic or Latino,Joint,35-44,90.0,Loan originated
1,575000.0,47,615000.0,151.0,1,Hispanic or Latino,Male,<25,95.0,Loan originated
1,795000.0,39,1605000.0,217.0,1,White,Male,35-44,90.0,Loan originated
1,605000.0,48,645000.0,149.0,1,White,Male,45-54,95.0,Loan originated
1,505000.0,46,595000.0,135.0,1,White,Female,35-44,85.0,Loan originated
1,705000.0,43,1155000.0,182.0,1,Asian,Joint,55-64,60.87,Loan originated
1,365000.0,40,385000.0,98.0,1,Hispanic or Latino,Joint,25-34,97.0,Loan originated
1,295000.0,20%-<30%,425000.0,176.0,1,Hispanic or Latino,Male,25-34,70.0,Loan originated
1,155000.0,37,265000.0,258.0,1,White,Male,35-44,60.0,Loan originated
1,295000.0,48,495000.0,84.0,1,Hispanic or Latino,Joint,45-54,60.0,Loan originated
1,655000.0,41,1155000.0,173.0,1,White,Female,35-44,56.522,Loan originated
1,905000.0,30%-<36%,1135000.0,261.0,1,Black or African American,Joint,65-74,80.0,Loan originated
1,415000.0,49,565000.0,98.0,1,White,Female,55-64,73.26,Loan originated
1,765000.0,20%-<30%,1225000.0,897.0,1,Asian,Female,55-64,62.674,Loan originated
1,605000.0,36,885000.0,244.0,1,Asian,Female,45-54,68.182,Loan originated
1,425000.0,49,465000.0,69.0,1,Black or African American,Male,35-44,90.0,Loan originated
1,985000.0,40,1315000.0,275.0,1,White,Male,35-44,75.0,Loan originated
1,405000.0,44,415000.0,223.0,1,White,Joint,35-44,100.0,Loan originated
1,795000.0,30%-<36%,995000.0,287.0,1,White,Male,35-44,80.0,Loan originated
1,405000.0,47,535000.0,171.0,1,White,Female,35-44,75.0,Loan originated
1,575000.0,47,685000.0,152.0,1,Asian,Joint,35-44,85.0,Loan originated
1,715000.0,>60%,955000.0,128.0,1,Asian,Male,45-54,75.0,Application denied
1,445000.0,47,895000.0,109.0,1,White,Joint,>74,49.44,Loan originated
1,465000.0,30%-<36%,555000.0,142.0,1,Asian,Male,25-34,85.0,Loan originated
1,855000.0,45,1305000.0,203.0,1,White,Joint,45-54,66.0,Loan originated
1,495000.0,37,615000.0,165.0,1,Hispanic or Latino,Female,35-44,80.0,Loan originated
1,675000.0,47,715000.0,161.0,1,Asian,Joint,35-44,95.0,Loan originated
1,425000.0,49,715000.0,98.0,1,Asian,Female,>74,58.35,Loan originated
1,1135000.0,45,1415000.0,330.0,1,Asian,Joint,55-64,80.0,Loan originated
1,415000.0,47,435000.0,100.0,1,Asian,Male,45-54,95.0,Loan originated
1,385000.0,47,475000.0,146.0,1,White,Female,65-74,80.0,Loan originated
1,615000.0,46,645000.0,207.0,1,Black or African American,Joint,35-44,95.0,Loan originated
1,605000.0,40,855000.0,181.0,1,Asian,Joint,35-44,70.63,Loan originated
1,705000.0,43,805000.0,172.0,1,Asian,Male,25-34,87.578,Loan originated
1,795000.0,39,1195000.0,225.0,1,White,Female,45-54,66.527,Loan originated
1,1025000.0,39,1275000.0,275.0,1,Asian,Male,35-44,80.0,Loan originated
1,185000.0,>60%,225000.0,29.0,1,Hispanic or Latino,Female,45-54,80.0,Application denied
1,765000.0,48,905000.0,195.0,1,White,Male,25-34,84.608,Loan originated
1,495000.0,45,705000.0,116.0,1,Asian,Female,35-44,70.0,Loan originated
1,205000.0,42,505000.0,63.0,1,White,Male,45-54,40.0,Loan originated
1,515000.0,37,575000.0,155.0,1,White,Joint,25-34,90.0,Loan originated
1,385000.0,40,425000.0,96.0,1,White,Female,35-44,89.89,Loan originated
1,605000.0,46,1675000.0,212.0,1,White,Joint,>74,35.821,Loan originated
1,365000.0,47,385000.0,128.0,1,Hispanic or Latino,Male,35-44,95.0,Loan originated
1,565000.0,49,815000.0,132.0,1,Asian,Male,25-34,69.283,Loan originated
1,55000.0,39,105000.0,79.0,1,White,Joint,>74,51.58,Application denied
1,495000.0,20%-<30%,665000.0,327.0,1,White,Joint,25-34,75.0,Loan originated
1,195000.0,37,635000.0,73.0,1,Asian,Female,45-54,30.0,Loan originated
1,405000.0,38,485000.0,130.0,1,White,Male,35-44,83.59,Loan originated
1,465000.0,<20%,515000.0,255.0,1,White,Joint,25-34,90.0,Loan originated
1,255000.0,44,585000.0,72.0,1,White,Female,35-44,103.448,Loan originated
1,465000.0,44,495000.0,223.0,1,Hispanic or Latino,Female,35-44,95.0,Loan originated
1,885000.0,44,1105000.0,314.0,1,Hispanic or Latino,Male,45-54,80.0,Loan originated
1,285000.0,40,295000.0,88.0,1,Hispanic or Latino,Male,25-34,95.0,Loan originated
1,295000.0,43,665000.0,87.0,1,Asian,Joint,25-34,44.731,Loan originated
1,265000.0,20%-<30%,905000.0,315.0,1,White,Joint,35-44,95.0,Loan originated
1,765000.0,40,955000.0,192.0,1,Asian,Joint,25-34,80.0,Loan originated
1,585000.0,45,835000.0,133.0,1,White,Female,45-54,70.2,Loan originated
1,1015000.0,45,1125000.0,208.0,1,White,Joint,35-44,90.0,Loan originated
1,385000.0,38,675000.0,110.0,1,White,Joint,>74,56.877,Loan originated
1,515000.0,20%-<30%,685000.0,212.0,1,Asian,Joint,25-34,75.0,Loan originated
1,485000.0,47,655000.0,137.0,1,White,Joint,55-64,75.0,Loan originated
1,665000.0,49,705000.0,157.0,1,Asian,Male,25-34,95.0,Loan originated
1,505000.0,39,915000.0,176.0,1,White,Female,35-44,55.43,Loan originated
1,995000.0,40,1895000.0,258.0,1,White,Male,45-54,52.51,Loan originated
1,1095000.0,42,2675000.0,271.0,1,Asian,Joint,35-44,40.748,Loan originated
1,785000.0,30%-<36%,975000.0,218.0,1,Asian,Joint,55-64,80.0,Loan originated
1,665000.0,49,715000.0,154.0,1,Hispanic or Latino,Joint,45-54,96.007,Loan originated
1,755000.0,36,945000.0,266.0,1,White,Joint,35-44,80.0,Loan originated
1,495000.0,43,525000.0,221.0,1,Black or African American,Female,35-44,95.0,Loan originated
1,425000.0,49,535000.0,106.0,1,Hispanic or Latino,Male,35-44,80.0,Loan originated
1,995000.0,43,1105000.0,271.0,1,Asian,Male,25-34,89.994,Loan originated
1,1005000.0,47,1875000.0,234.0,1,Asian,Male,45-54,53.333,Loan originated
1,695000.0,30%-<36%,775000.0,215.0,1,White,Female,35-44,90.0,Loan originated
1,405000.0,20%-<30%,435000.0,211.0,1,Hispanic or Latino,Joint,35-44,95.0,Loan originated
1,975000.0,47,1295000.0,211.0,1,White,Female,45-54,75.0,Loan originated
1,415000.0,47,465000.0,96.0,1,White,Male,35-44,90.0,Loan originated
1,835000.0,30%-<36%,1035000.0,246.0,1,Asian,Female,35-44,80.0,Loan originated
1,565000.0,<20%,745000.0,382.0,1,White,Female,35-44,75.0,Loan originated
1,345000.0,43,455000.0,71.0,1,Asian,Joint,45-54,95.0,Loan originated
1,975000.0,20%-<30%,1955000.0,393.0,1,Asian,Joint,25-34,50.0,Loan originated
1,135000.0,<20%,385000.0,89.0,1,White,Male,55-64,34.211,Loan originated
1,425000.0,47,775000.0,115.0,1,White,Joint,45-54,54.55,Loan originated
1,1005000.0,39,1255000.0,444.0,1,White,Joint,25-34,80.5,Loan originated
1,385000.0,30%-<36%,535000.0,145.0,1,White,Female,55-64,73.077,Loan originated
1,635000.0,30%-<36%,1135000.0,229.0,1,Asian,Male,45-54,56.223,Loan originated
1,405000.0,42,425000.0,99.0,1,Hispanic or Latino,Female,25-34,94.824,Application denied
1,445000.0,43,555000.0,154.0,1,White,Female,35-44,80.0,Loan originated
1,765000.0,43,1485000.0,239.0,1,White,Joint,45-54,52.0,Loan originated
1,555000.0,30%-<36%,765000.0,179.0,1,White,Joint,35-44,72.657,Loan originated
1,535000.0,42,675000.0,214.0,1,Asian,Joint,35-44,79.997,Application denied
1,475000.0,45,595000.0,134.0,1,White,Joint,25-34,80.0,Loan originated
1,705000.0,45,1175000.0,400.0,1,Asian,Joint,35-44,60.0,Loan originated
1,895000.0,36,1425000.0,289.0,1,White,Joint,45-54,62.421,Loan originated
1,705000.0,20%-<30%,885000.0,232.0,1,White,Female,35-44,80.0,Loan originated
1,555000.0,39,655000.0,152.0,1,Black or African American,Joint,25-34,85.0,Loan originated
1,505000.0,38,565000.0,123.0,1,White,Joint,35-44,89.027,Loan originated
1,175000.0,36,285000.0,65.0,1,White,Female,55-64,62.81,Loan originated
1,285000.0,48,345000.0,58.0,1,Hispanic or Latino,Male,25-34,82.0,Loan originated
1,515000.0,30%-<36%,535000.0,160.0,1,White,Male,35-44,97.0,Loan originated
1,205000.0,20%-<30%,705000.0,205.0,1,Hispanic or Latino,Joint,55-64,28.571,Loan originated
1,195000.0,46,395000.0,60.0,1,White,Joint,45-54,49.36,Loan originated
1,915000.0,49,975000.0,195.0,1,Hispanic or Latino,Joint,35-44,94.0,Loan originated
1,275000.0,50%-60%,305000.0,90.0,1,Hispanic or Latino,Female,25-34,89.03,Application denied
1,615000.0,43,515000.0,167.0,1,Hispanic or Latino,Male,35-44,95.0,Loan originated
1,725000.0,20%-<30%,905000.0,314.0,1,Black or African American,Male,55-64,80.0,Application denied
1,955000.0,44,1375000.0,314.0,1,White,Joint,35-44,70.0,Loan originated
1,715000.0,30%-<36%,955000.0,230.0,1,Asian,Joint,25-34,75.0,Loan originated
1,645000.0,48,785000.0,178.0,1,Black or African American,Male,55-64,82.237,Loan originated
1,425000.0,45,535000.0,111.0,1,Hispanic or Latino,Male,25-34,100.0,Loan originated
1,915000.0,49,1245000.0,181.0,1,Asian,Joint,35-44,73.35,Loan originated
1,915000.0,49,1325000.0,218.0,1,White,Female,35-44,70.0,Loan originated
1,465000.0,20%-<30%,735000.0,164.0,1,White,Female,25-34,63.0,Loan originated
1,945000.0,45,1355000.0,388.0,1,White,Joint,55-64,70.0,Loan originated
1,525000.0,30%-<36%,1045000.0,280.0,1,Black or African American,Joint,35-44,51.0,Loan originated
1,155000.0,40,1075000.0,97.0,1,White,Joint,65-74,14.0,Loan originated
1,305000.0,36,375000.0,81.0,1,Hispanic or Latino,Male,55-64,80.0,Loan originated
1,505000.0,38,675000.0,217.0,1,White,Female,25-34,75.0,Loan originated
1,295000.0,37,645000.0,134.0,1,Asian,Female,>74,46.071,Application denied
1,505000.0,47,635000.0,122.0,1,White,Male,25-34,80.0,Loan originated
1,645000.0,49,715000.0,120.0,1,White,Male,25-34,90.0,Loan originated
1,345000.0,40,425000.0,184.0,1,Hispanic or Latino,Male,25-34,80.0,Loan originated
1,355000.0,20%-<30%,895000.0,131.0,1,White,Joint,35-44,39.106,Loan originated
1,365000.0,47,465000.0,141.0,1,White,Female,35-44,80.0,Loan originated
1,955000.0,50%-60%,1255000.0,319.0,1,Asian,Male,45-54,77.0,Loan originated
1,765000.0,37,855000.0,232.0,1,White,Joint,45-54,89.238,Loan originated
1,265000.0,30%-<36%,655000.0,111.0,1,White,Male,25-34,40.0,Application denied
1,655000.0,30%-<36%,1005000.0,237.0,1,White,Male,35-44,65.0,Loan originated
1,685000.0,50%-60%,955000.0,119.0,1,Hispanic or Latino,Male,35-44,71.579,Loan originated
