loan_purpose,loan_amount,debt_to_income_ratio,property_value,income,occupancy_type,derived_race,derived_sex,applicant_age,loan_to_value_ratio,action_taken
1,635000.0,37,855000.0,444.0,1,Asian,Male,35-44,75.0,Loan originated
1,445000.0,45,465000.0,114.0,1,White,Joint,25-34,95.0,Loan originated
1,345000.0,49,975000.0,279.0,1,White,Female,65-74,34.872,Loan originated
1,345000.0,36,595000.0,123.0,1,Hispanic or Latino,Joint,45-54,57.647,Loan originated
1,305000.0,42,355000.0,136.0,1,White,Female,55-64,85.57,Application denied
1,475000.0,49,595000.0,144.0,1,Hispanic or Latino,Joint,25-34,80.0,Loan originated
1,925000.0,47,1725000.0,304.0,1,Asian,Joint,35-44,53.66,Loan originated
1,705000.0,37,815000.0,262.0,1,White,Joint,25-34,87.0,Loan originated
1,515000.0,30%-<36%,645000.0,207.0,1,White,Joint,45-54,80.0,Loan originated
1,985000.0,40,1015000.0,250.0,1,Hispanic or Latino,Male,45-54,97.0,Loan originated
1,425000.0,46,435000.0,90.0,1,Asian,Male,35-44,98.067,Loan originated
1,155000.0,<20%,875000.0,159.0,1,Asian,Joint,25-34,100.0,Loan originated
1,575000.0,41,925000.0,194.0,1,White,Female,35-44,62.162,Loan originated
1,385000.0,30%-<36%,685000.0,114.0,1,Asian,Joint,55-64,55.88,Loan originated
1,385000.0,49,405000.0,76.0,1,Hispanic or Latino,Male,25-34,95.0,Loan originated
1,745000.0,30%-<36%,785000.0,309.0,1,Asian,Joint,35-44,95.0,Loan originated
1,405000.0,46,455000.0,96.0,1,Hispanic or Latino,Male,25-34,90.0,Loan originated
1,315000.0,41,395000.0,143.0,1,Hispanic or Latino,Male,45-54,80.0,Loan originated
1,265000.0,<20%,325000.0,201.0,1,Hispanic or Latino,Male,35-44,80.0,Loan originated
1,615000.0,41,955000.0,147.0,1,Black or African American,Male,25-34,64.21,Loan originated
1,605000.0,30%-<36%,755000.0,313.0,1,Asian,Joint,55-64,80.0,Loan originated
1,265000.0,45,275000.0,60.0,1,Hispanic or Latino,Joint,25-34,97.0,Loan originated
1,835000.0,36,1045000.0,271.0,1,Hispanic or Latino,Joint,45-54,80.0,Loan originated
1,645000.0,37,875000.0,304.0,1,White,Joint,35-44,73.794,Loan originated
1,1125000.0,45,1605000.0,334.0,1,Asian,Male,35-44,89.875,Loan originated
1,585000.0,46,735000.0,122.0,1,Asian,Male,35-44,80.0,Loan originated
1,485000.0,20%-<30%,535000.0,230.0,1,White,Female,25-34,95.0,Loan originated
1,945000.0,20%-<30%,1605000.0,450.0,1,White,Male,55-64,58.938,Loan originated
1,305000.0,20%-<30%,655000.0,221.0,1,Asian,Joint,45-54,46.154,Application denied
1,465000.0,38,475000.0,121.0,1,White,Male,25-34,100.0,Loan originated
1,315000.0,47,365000.0,88.0,1,Asian,Female,25-34,87.0,Loan originated
1,765000.0,48,1125000.0,282.0,1,White,Female,25-34,68.138,Loan originated
1,725000.0,38,915000.0,210.0,1,Asian,Male,35-44,80.0,Loan originated
1,1015000.0,30%-<36%,1455000.0,329.0,1,Asian,Joint,25-34,70.0,Loan originated
1,475000.0,45,595000.0,134.0,1,White,Joint,25-34,80.0,Loan originated
1,585000.0,20%-<30%,655000.0,352.0,1,White,Joint,45-54,90.0,Loan originated
1,325000.0,<20%,625000.0,236.0,1,Asian,Male,45-54,61.05,Loan originated
1,465000.0,46,605000.0,198.0,1,Other,Joint,25-34,76.851,Loan originated
1,235000.0,30%-<36%,265000.0,67.0,1,Hispanic or Latino,Joint,25-34,90.0,Loan originated
1,445000.0,30%-<36%,455000.0,140.0,1,Asian,Female,25-34,97.0,Loan originated
1,755000.0,47,815000.0,194.0,1,Hispanic or Latino,Joint,25-34,92.638,Loan originated
1,375000.0,46,975000.0,120.0,1,Asian,Joint,35-44,38.14,Loan originated
1,625000.0,49,775000.0,137.0,1,White,Joint,25-34,99.35,Loan originated
1,675000.0,48,755000.0,164.0,1,White,Joint,45-54,89.8,Loan originated
1,675000.0,46,955000.0,165.0,1,White,Joint,45-54,70.86,Loan originated
1,205000.0,30%-<36%,455000.0,68.0,1,White,Male,35-44,54.499,Loan originated
1,545000.0,49,665000.0,199.0,1,White,Joint,65-74,82.905,Loan originated
1,505000.0,46,625000.0,107.0,1,Black or African American,Female,>74,80.0,Loan originated
1,795000.0,42,845000.0,195.0,1,Hispanic or Latino,Joint,25-34,95.0,Loan originated
1,285000.0,42,295000.0,147.0,1,White,Joint,35-44,95.0,Loan originated
1,385000.0,44,605000.0,92.0,1,Asian,Joint,<25,78.333,Loan originated
1,435000.0,30%-<36%,515000.0,185.0,1,White,Joint,65-74,84.795,Loan originated
1,765000.0,46,875000.0,221.0,1,Asian,Joint,25-34,87.203,Loan originated
1,755000.0,45,945000.0,308.0,1,Asian,Joint,25-34,80.0,Loan originated
1,765000.0,<20%,1545000.0,536.0,1,Asian,Joint,35-44,50.0,Loan originated
1,735000.0,45,1075000.0,177.0,1,Asian,Male,<25,68.29,Loan originated
1,465000.0,43,585000.0,468.0,1,Asian,Joint,25-34,80.0,Loan originated
1,685000.0,45,825000.0,145.0,1,White,Joint,25-34,83.03,Application denied
1,575000.0,30%-<36%,715000.0,185.0,1,White,Joint,25-34,80.0,Loan originated
1,1035000.0,38,1785000.0,533.0,1,White,Joint,45-54,59.0,Loan originated
1,545000.0,45,995000.0,207.0,1,Asian,Joint,35-44,79.798,Loan originated
1,405000.0,46,855000.0,98.0,1,Asian,Joint,45-54,47.545,Loan originated
1,845000.0,45,1055000.0,217.0,1,Hispanic or Latino,Male,35-44,80.0,Loan originated
1,465000.0,20%-<30%,865000.0,170.0,1,Asian,Female,55-64,53.757,Loan originated
1,695000.0,20%-<30%,925000.0,248.0,1,Asian,Male,35-44,75.0,Loan originated
1,225000.0,48,1095000.0,79.0,1,White,Male,65-74,20.642,Loan originated
1,485000.0,30%-<36%,885000.0,169.0,1,White,Male,25-34,54.802,Loan originated
1,665000.0,45,825000.0,178.0,1,Hispanic or Latino,Female,35-44,80.0,Loan originated
1,745000.0,45,935000.0,225.0,1,White,Joint,25-34,80.0,Loan originated
1,635000.0,49,675000.0,132.0,1,Asian,Male,25-34,95.0,Loan originated
1,685000.0,36,855000.0,184.0,1,Asian,Joint,25-34,79.99,Loan originated
1,505000.0,48,535000.0,148.0,1,Hispanic or Latino,Female,25-34,95.0,Loan originated
1,705000.0,20%-<30%,1435000.0,382.0,1,White,Joint,55-64,48.95,Loan originated
1,735000.0,30%-<36%,815000.0,238.0,1,Asian,Male,35-44,90.0,Loan originated
1,825000.0,49,1025000.0,178.0,1,Asian,Male,35-44,80.0,Loan originated
1,475000.0,49,545000.0,115.0,1,Hispanic or Latino,Male,35-44,102.988,Loan originated
1,1145000.0,30%-<36%,1275000.0,381.0,1,Asian,Joint,45-54,89.959,Loan originated
1,615000.0,48,2665000.0,210.0,1,White,Joint,35-44,22.932,Loan originated
1,1135000.0,30%-<36%,1425000.0,318.0,1,Asian,Joint,25-34,80.0,Loan originated
1,1145000.0,45,1355000.0,282.0,1,White,Female,65-74,85.0,Loan originated
1,205000.0,47,425000.0,84.0,1,White,Female,55-64,47.07,Loan originated
1,945000.0,46,1175000.0,285.0,1,White,Male,45-54,80.0,Loan originated
1,425000.0,39,595000.0,354.0,1,White,Joint,<25,72.373,Loan originated
1,385000.0,48,395000.0,81.0,1,Hispanic or Latino,Male,45-54,97.0,Loan originated
1,485000.0,49,515000.0,99.0,1,White,Joint,45-54,95.0,Loan originated
1,765000.0,30%-<36%,1525000.0,554.0,1,Asian,Joint,45-54,50.0,Loan originated
1,325000.0,49,725000.0,76.0,1,Hispanic or Latino,Female,35-44,44.138,Loan originated
1,1005000.0,43,1115000.0,269.0,1,Hispanic or Latino,Joint,55-64,89.69,Loan originated
1,805000.0,48,1325000.0,248.0,1,White,Joint,35-44,60.528,Loan originated
1,585000.0,42,785000.0,210.0,1,Hispanic or Latino,Joint,35-44,74.426,Loan originated
1,265000.0,37,365000.0,76.0,1,Other,Male,25-34,72.22,Loan originated
1,335000.0,41,485000.0,75.0,1,Hispanic or Latino,Female,35-44,68.75,Loan originated
1,415000.0,44,605000.0,95.0,1,White,Male,25-34,102.58,Loan originated
1,535000.0,30%-<36%,555000.0,199.0,1,White,Male,25-34,97.0,Loan originated
1,465000.0,38,525000.0,138.0,1,Hispanic or Latino,Joint,<25,90.0,Loan originated
1,15000.0,48,375000.0,141.0,1,Hispanic or Latino,Joint,25-34,100.0,Loan originated
1,575000.0,38,605000.0,135.0,1,Hispanic or Latino,Male,25-34,95.19,Loan originated
1,235000.0,39,1185000.0,160.0,1,White,Joint,55-64,19.494,Loan originated
1,555000.0,48,1025000.0,120.0,1,White,Male,35-44,54.0,Loan originated
1,885000.0,36,1105000.0,232.0,1,Asian,Female,45-54,80.0,Loan originated
1,805000.0,44,1005000.0,180.0,1,White,Male,25-34,80.0,Loan originated
1,405000.0,49,1405000.0,132.0,1,White,Male,65-74,28.571,Loan originated
1,385000.0,20%-<30%,685000.0,182.0,1,White,Joint,25-34,55.882,Loan originated
1,765000.0,30%-<36%,965000.0,472.0,1,White,Joint,65-74,79.844,Loan originated
1,445000.0,41,465000.0,128.0,1,White,Joint,25-34,97.0,Loan originated
1,795000.0,30%-<36%,995000.0,229.0,1,White,Joint,25-34,80.0,Loan originated
1,515000.0,30%-<36%,615000.0,200.0,1,Hispanic or Latino,Male,55-64,85.0,Loan originated
1,1045000.0,39,1405000.0,251.0,1,White,Male,55-64,74.643,Loan originated
1,505000.0,30%-<36%,765000.0,202.0,1,White,Joint,45-54,67.0,Loan originated
1,215000.0,20%-<30%,235000.0,101.0,1,White,Female,35-44,93.62,Application denied
1,1055000.0,44,1325000.0,262.0,1,Asian,Male,25-34,80.0,Loan originated
1,155000.0,49,175000.0,83.0,1,Hispanic or Latino,Male,<25,91.05,Application denied
1,175000.0,<20%,515000.0,315.0,1,White,Joint,55-64,32.85,Loan originated
1,1055000.0,44,1325000.0,260.0,1,Asian,Joint,45-54,79.62,Loan originated
1,625000.0,39,755000.0,159.0,1,Asian,Joint,25-34,83.0,Loan originated
1,245000.0,<20%,435000.0,188.0,1,White,Female,35-44,55.814,Loan originated
1,395000.0,37,495000.0,119.0,1,White,Female,25-34,80.0,Loan originated
1,435000.0,45,545000.0,214.0,1,Hispanic or Latino,Male,45-54,80.0,Loan originated
1,545000.0,20%-<30%,585000.0,193.0,1,White,Male,35-44,93.13,Loan originated
1,335000.0,42,415000.0,130.0,1,Asian,Female,55-64,80.0,Loan originated
1,1125000.0,38,1405000.0,377.0,1,Asian,Joint,35-44,80.0,Loan originated
1,315000.0,42,455000.0,102.0,1,White,Male,45-54,70.0,Loan originated
1,435000.0,48,545000.0,93.0,1,Hispanic or Latino,Joint,45-54,80.0,Loan originated
1,445000.0,45,465000.0,115.0,1,Hispanic or Latino,Joint,25-34,104.577,Application denied
1,665000.0,30%-<36%,965000.0,459.0,1,Asian,Joint,45-54,68.75,Loan originated
1,645000.0,44,675000.0,143.0,1,White,Joint,35-44,95.0,Loan originated
1,435000.0,44,515000.0,101.0,1,White,Female,25-34,86.139,Loan originated
1,545000.0,46,565000.0,107.0,1,White,Male,35-44,95.0,Loan originated
1,315000.0,45,335000.0,100.0,1,Hispanic or Latino,Joint,25-34,95.0,Loan originated
1,535000.0,42,675000.0,127.0,1,Asian,Male,35-44,80.0,Loan originated
1,755000.0,40,835000.0,206.0,1,White,Female,45-54,90.0,Loan originated
1,525000.0,48,655000.0,106.0,1,White,Male,45-54,80.0,Loan originated
1,235000.0,41,295000.0,63.0,1,White,Joint,55-64,83.0,Loan originated
1,1055000.0,<20%,1405000.0,967.0,1,White,Joint,55-64,75.0,Loan originated
1,1145000.0,47,1705000.0,296.0,1,Hispanic or Latino,Joint,25-34,67.588,Loan originated
1,285000.0,>60%,355000.0,0.0,1,Hispanic or Latino,Female,55-64,80.0,Application denied
1,575000.0,36,715000.0,170.0,1,White,Joint,45-54,80.0,Loan originated
1,825000.0,20%-<30%,1055000.0,406.0,1,White,Female,45-54,77.69,Loan originated
1,755000.0,43,1105000.0,157.0,1,White,Joint,65-74,69.0,Loan originated
1,215000.0,49,285000.0,61.0,1,White,Female,25-34,95.0,Loan originated
1,405000.0,42,585000.0,102.0,1,Asian,Joint,65-74,69.0,Loan originated
1,445000.0,20%-<30%,555000.0,165.0,1,Asian,Joint,25-34,80.0,Loan originated
1,155000.0,47,165000.0,143.0,1,White,Joint,45-54,96.06,Loan originated
1,355000.0,47,445000.0,78.0,1,White,Female,65-74,80.0,Loan originated
1,775000.0,20%-<30%,1725000.0,301.0,1,White,Joint,25-34,44.767,Loan originated
1,485000.0,49,605000.0,138.0,1,Hispanic or Latino,Female,45-54,79.901,Loan originated
1,915000.0,36,1145000.0,265.0,1,White,Female,35-44,80.0,Loan originated
1,515000.0,43,635000.0,154.0,1,White,Joint,35-44,80.0,Loan originated
1,315000.0,46,395000.0,131.0,1,Hispanic or Latino,Joint,35-44,80.0,Application denied
1,545000.0,42,685000.0,168.0,1,Asian,Male,25-34,80.0,Loan originated
1,425000.0,48,535000.0,101.0,1,Asian,Female,25-34,80.0,Loan originated
1,785000.0,41,985000.0,190.0,1,White,Joint,35-44,80.0,Loan originated
1,955000.0,42,1355000.0,271.0,1,Asian,Male,35-44,70.37,Loan originated
1,95000.0,30%-<36%,705000.0,68.0,1,Asian,Male,25-34,13.0,Loan originated
1,955000.0,48,1015000.0,224.0,1,White,Joint,25-34,94.455,Loan originated
1,335000.0,45,455000.0,103.0,1,Asian,Male,45-54,75.0,Loan originated
1,415000.0,45,455000.0,105.0,1,Hispanic or Latino,Male,25-34,90.0,Loan originated
1,455000.0,39,485000.0,237.0,1,Hispanic or Latino,Joint,25-34,95.0,Loan originated
1,525000.0,48,665000.0,280.0,1,White,Joint,55-64,80.0,Loan originated
1,755000.0,47,1355000.0,232.0,1,Asian,Joint,25-34,55.556,Loan originated
1,275000.0,36,345000.0,165.0,1,White,Female,35-44,80.0,Loan originated
1,615000.0,49,775000.0,133.0,1,White,Female,35-44,80.0,Loan originated
1,465000.0,20%-<30%,625000.0,183.0,1,White,Female,55-64,75.0,Loan originated
1,175000.0,30%-<36%,185000.0,105.0,1,Hispanic or Latino,Female,25-34,95.0,Application denied
1,415000.0,30%-<36%,495000.0,121.0,1,White,Joint,35-44,85.0,Loan originated
1,905000.0,49,985000.0,234.0,1,Hispanic or Latino,Male,35-44,92.0,Loan originated
1,595000.0,20%-<30%,1025000.0,206.0,1,White,Male,25-34,58.0,Loan originated
1,185000.0,30%-<36%,225000.0,105.0,1,Asian,Joint,65-74,81.59,Application denied
1,435000.0,30%-<36%,745000.0,148.0,1,Asian,Male,25-34,59.46,Loan originated
1,755000.0,30%-<36%,1255000.0,235.0,1,Asian,Joint,35-44,70.0,Application denied
1,385000.0,46,475000.0,82.0,1,Hispanic or Latino,Joint,45-54,80.0,Loan originated
1,325000.0,48,435000.0,73.0,1,Asian,Male,25-34,74.884,Loan originated
1,105000.0,20%-<30%,395000.0,77.0,1,Hispanic or Latino,Female,35-44,25.05,Loan originated
1,475000.0,48,525000.0,108.0,1,White,Female,35-44,90.0,Loan originated
1,385000.0,37,455000.0,145.0,1,White,Joint,45-54,85.0,Loan originated
1,255000.0,49,305000.0,59.0,1,Black or African American,Female,65-74,84.0,Loan originated
1,305000.0,42,385000.0,71.0,1,Asian,Male,45-54,80.0,Loan originated
1,375000.0,30%-<36%,535000.0,153.0,1,White,Female,35-44,70.0,Loan originated
1,915000.0,38,1255000.0,257.0,1,Asian,Male,35-44,72.88,Loan originated
1,395000.0,30%-<36%,445000.0,175.0,1,White,Female,45-54,90.0,Loan originated
1,365000.0,47,465000.0,113.0,1,Other,Male,35-44,80.0,Loan originated
1,945000.0,50%-60%,975000.0,185.0,1,Hispanic or Latino,Male,25-34,97.0,Loan originated
1,395000.0,40,495000.0,143.0,1,White,Joint,45-54,80.0,Loan originated
1,775000.0,37,865000.0,190.0,1,Hispanic or Latino,Female,45-54,90.0,Loan originated
1,405000.0,36,1025000.0,173.0,1,Asian,Male,45-54,38.903,Loan originated
1,475000.0,47,525000.0,129.0,1,Asian,Joint,25-34,90.0,Loan originated
1,335000.0,41,375000.0,89.0,1,White,Male,25-34,90.0,Loan originated
1,455000.0,46,475000.0,213.0,1,White,Female,65-74,95.0,Loan originated
1,655000.0,49,905000.0,151.0,1,Asian,Female,45-54,75.0,Loan originated
1,305000.0,49,315000.0,77.0,1,White,Male,25-34,97.0,Loan originated
1,35000.0,30%-<36%,55000.0,47.0,1,White,Female,>74,75.0,Loan originated
1,305000.0,50%-60%,325000.0,193.0,1,White,Female,55-64,95.0,Application denied
1,565000.0,42,635000.0,220.0,1,White,Male,25-34,90.0,Loan originated
1,715000.0,46,795000.0,185.0,1,Black or African American,Female,25-34,89.999,Loan originated
1,285000.0,20%-<30%,355000.0,306.0,1,White,Joint,35-44,80.0,Loan originated
1,465000.0,47,585000.0,102.0,1,Asian,Joint,25-34,80.0,Loan originated
1,685000.0,48,755000.0,154.0,1,Asian,Joint,25-34,89.987,Loan originated
1,715000.0,43,795000.0,188.0,1,Asian,Joint,25-34,89.77,Loan originated
1,615000.0,20%-<30%,765000.0,239.0,1,White,Female,35-44,80.0,Loan originated
1,565000.0,42,615000.0,130.0,1,White,Female,<25,91.869,Loan originated
1,505000.0,39,1315000.0,200.0,1,White,Female,35-44,38.02,Loan originated
1,765000.0,42,845000.0,294.0,1,Asian,Joint,35-44,90.695,Loan originated
1,725000.0,49,1755000.0,162.0,1,White,Joint,35-44,41.143,Loan originated
1,775000.0,43,845000.0,190.0,1,White,Female,45-54,91.9,Loan originated
1,445000.0,30%-<36%,555000.0,131.0,1,Hispanic or Latino,Female,25-34,80.0,Application denied
1,445000.0,45,495000.0,162.0,1,White,Female,35-44,90.0,Loan originated
1,555000.0,41,695000.0,137.0,1,Asian,Female,25-34,80.0,Loan originated
1,1115000.0,30%-<36%,1515000.0,366.0,1,Asian,Joint,35-44,73.51,Loan originated
1,705000.0,46,745000.0,202.0,1,White,Joint,>74,95.0,Loan originated
1,455000.0,45,565000.0,100.0,1,Asian,Male,25-34,100.0,Loan originated
1,495000.0,47,555000.0,122.0,1,Black or African American,Joint,45-54,90.0,Loan originated
1,515000.0,20%-<30%,645000.0,206.0,1,White,Male,25-34,80.0,Loan originated
1,715000.0,20%-<30%,945000.0,260.0,1,Asian,Joint,25-34,75.0,Loan originated
1,155000.0,20%-<30%,655000.0,143.0,1,White,Male,25-34,23.664,Application denied
1,1095000.0,48,1155000.0,222.0,1,Hispanic or Latino,Male,25-34,95.0,Loan originated
1,1105000.0,45,1585000.0,321.0,1,Asian,Joint,35-44,69.62,Application denied
1,995000.0,44,1245000.0,196.0,1,Asian,Joint,25-34,80.0,Loan originated
1,815000.0,41,1025000.0,241.0,1,White,Female,55-64,79.93,Loan originated
1,815000.0,39,865000.0,218.0,1,White,Male,35-44,95.0,Loan originated
1,345000.0,42,435000.0,92.0,1,Black or African American,Female,25-34,80.0,Loan originated
1,155000.0,<20%,695000.0,217.0,1,White,Male,65-74,21.739,Loan originated
1,545000.0,20%-<30%,675000.0,350.0,1,White,Female,25-34,80.0,Loan originated
1,1145000.0,40,1345000.0,288.0,1,Asian,Joint,25-34,86.0,Loan originated
1,645000.0,48,715000.0,134.0,1,White,Female,45-54,98.75,Loan originated
1,355000.0,49,375000.0,131.0,1,White,Joint,45-54,95.0,Loan originated
1,125000.0,38,575000.0,58.0,1,White,Joint,65-74,21.053,Loan originated
1,1095000.0,30%-<36%,1215000.0,616.0,1,White,Joint,45-54,89.999,Loan originated
1,355000.0,30%-<36%,405000.0,120.0,1,White,Male,25-34,87.805,Loan originated
1,695000.0,20%-<30%,815000.0,252.0,1,Asian,Joint,25-34,85.0,Loan originated
1,145000.0,50%-60%,175000.0,108.0,1,White,Joint,65-74,85.98,Loan originated
1,395000.0,49,545000.0,101.0,1,Hispanic or Latino,Female,45-54,72.678,Loan originated
1,475000.0,44,555000.0,123.0,1,Hispanic or Latino,Male,25-34,85.0,Loan originated
1,495000.0,36,705000.0,155.0,1,White,Male,25-34,70.0,Loan originated
1,685000.0,20%-<30%,855000.0,262.0,1,Asian,Male,25-34,80.0,Loan originated
1,1045000.0,20%-<30%,1305000.0,545.0,1,White,Male,35-44,80.0,Loan originated
1,695000.0,49,865000.0,243.0,1,Asian,Male,25-34,80.0,Loan originated
1,355000.0,38,685000.0,104.0,1,Asian,Male,35-44,51.471,Loan originated
1,425000.0,30%-<36%,545000.0,176.0,1,Hispanic or Latino,Joint,35-44,79.0,Loan originated
1,445000.0,43,685000.0,102.0,1,White,Joint,35-44,64.706,Loan originated
1,1015000.0,36,1275000.0,254.0,1,Asian,Male,25-34,80.0,Loan originated
1,605000.0,36,1045000.0,173.0,1,White,Joint,45-54,57.692,Loan originated
1,685000.0,<20%,985000.0,418.0,1,Asian,Male,25-34,70.0,Loan originated
1,1095000.0,38,1475000.0,298.0,1,White,Joint,25-34,75.0,Loan originated
1,605000.0,49,2385000.0,173.0,1,Asian,Joint,35-44,25.21,Loan originated
1,535000.0,40,675000.0,161.0,1,Asian,Male,25-34,80.0,Loan originated
1,655000.0,20%-<30%,735000.0,336.0,1,White,Joint,45-54,90.0,Loan originated
1,525000.0,30%-<36%,695000.0,141.0,1,White,Female,25-34,75.0,Loan originated
1,595000.0,39,665000.0,154.0,1,White,Male,35-44,90.0,Loan originated
1,735000.0,<20%,1585000.0,404.0,1,White,Joint,35-44,46.203,Loan originated
1,605000.0,44,635000.0,201.0,1,Hispanic or Latino,Joint,25-34,95.0,Loan originated
1,395000.0,>60%,495000.0,39.0,1,Asian,Male,35-44,80.0,Application denied
1,1015000.0,38,1265000.0,612.0,1,White,Joint,25-34,80.0,Loan originated
1,515000.0,20%-<30%,775000.0,485.0,1,White,Joint,45-54,66.581,Loan originated
1,445000.0,49,775000.0,112.0,1,Hispanic or Latino,Joint,65-74,57.792,Loan originated
1,355000.0,30%-<36%,375000.0,190.0,1,Hispanic or Latino,Joint,25-34,95.0,Loan originated
1,765000.0,20%-<30%,1025000.0,555.0,1,White,Joint,>74,74.785,Loan originated
1,405000.0,49,695000.0,239.0,1,White,Female,45-54,57.31,Loan originated
1,1025000.0,49,1205000.0,241.0,1,White,Male,35-44,85.0,Loan originated
1,785000.0,40,1195000.0,310.0,1,Asian,Male,35-44,65.64,Loan originated
1,1055000.0,30%-<36%,1405000.0,354.0,1,Asian,Male,55-64,75.0,Loan originated
1,555000.0,48,655000.0,135.0,1,Asian,Male,25-34,85.0,Loan originated
1,325000.0,48,625000.0,94.0,1,White,Female,65-74,51.613,Loan originated
1,335000.0,41,735000.0,98.0,1,Asian,Male,45-54,46.0,Loan originated
1,605000.0,49,1005000.0,189.0,1,Asian,Joint,45-54,60.0,Loan originated
1,915000.0,47,1365000.0,223.0,1,Asian,Male,35-44,67.03,Loan originated
1,555000.0,36,615000.0,186.0,1,Hispanic or Latino,Joint,>74,90.0,Loan originated
1,65000.0,49,185000.0,36.0,1,White,Male,65-74,33.88,Loan originated
1,635000.0,48,855000.0,145.0,1,White,Male,55-64,75.0,Loan originated
1,475000.0,43,635000.0,118.0,1,Asian,Female,55-64,74.96,Loan originated
1,965000.0,30%-<36%,1205000.0,310.0,1,Asian,Joint,25-34,80.0,Loan originated
1,1085000.0,45,1555000.0,379.0,1,White,Joint,25-34,70.0,Loan originated
1,145000.0,20%-<30%,735000.0,137.0,1,White,Joint,65-74,19.86,Loan originated
1,805000.0,38,1405000.0,290.0,1,Asian,Female,35-44,57.143,Loan originated
1,665000.0,30%-<36%,785000.0,228.0,1,White,Female,45-54,85.0,Loan originated
1,785000.0,49,985000.0,206.0,1,Hispanic or Latino,Male,45-54,80.0,Loan originated
1,445000.0,41,575000.0,141.0,1,Black or African American,Joint,55-64,77.041,Loan originated
1,515000.0,40,525000.0,141.0,1,Hispanic or Latino,Male,25-34,97.0,Loan originated
1,485000.0,47,535000.0,166.0,1,White,Male,25-34,90.0,Loan originated
1,275000.0,37,355000.0,76.0,1,White,Female,>74,79.714,Application denied
1,735000.0,48,775000.0,151.0,1,Hispanic or Latino,Male,45-54,95.0,Loan originated
1,595000.0,49,695000.0,144.0,1,Asian,Male,25-34,85.0,Loan originated
1,275000.0,39,305000.0,81.0,1,Hispanic or Latino,Male,25-34,90.0,Loan originated
1,925000.0,48,1035000.0,206.0,1,White,Female,45-54,89.99,Loan originated
1,605000.0,30%-<36%,1025000.0,16.0,1,Asian,Male,45-54,58.82,Loan originated
1,895000.0,44,1695000.0,278.0,1,White,Male,35-44,52.913,Loan originated
1,545000.0,43,575000.0,150.0,1,Hispanic or Latino,Female,25-34,95.0,Loan originated
1,335000.0,47,355000.0,75.0,1,Hispanic or Latino,Female,55-64,94.99,Loan originated
1,285000.0,30%-<36%,785000.0,152.0,1,White,Male,65-74,36.629,Loan originated
1,785000.0,49,835000.0,204.0,1,Hispanic or Latino,Male,25-34,95.0,Loan originated
1,645000.0,39,805000.0,252.0,1,Asian,Male,35-44,80.0,Loan originated
1,765000.0,49,955000.0,361.0,1,Asian,Joint,25-34,80.0,Loan originated
1,365000.0,39,455000.0,100.0,1,White,Male,35-44,80.0,Loan originated
1,625000.0,44,785000.0,137.0,1,Asian,Male,35-44,80.0,Loan originated
1,125000.0,45,485000.0,55.0,1,White,Joint,65-74,25.934,Loan originated
1,645000.0,48,805000.0,144.0,1,Asian,Male,45-54,80.0,Loan originated
1,815000.0,20%-<30%,1025000.0,318.0,1,White,Joint,25-34,79.02,Loan originated
1,1615000.0,45,2025000.0,402.0,1,White,Joint,25-34,79.99,Loan originated
1,405000.0,47,905000.0,65.0,1,White,Male,65-74,44.345,Loan originated
1,755000.0,40,1005000.0,240.0,1,Asian,Joint,25-34,75.0,Loan originated
1,525000.0,46,655000.0,124.0,1,White,Male,55-64,80.0,Loan originated
1,245000.0,46,255000.0,92.0,1,Hispanic or Latino,Joint,<25,95.0,Loan originated
1,435000.0,42,485000.0,257.0,1,White,Joint,45-54,90.0,Loan originated
1,375000.0,36,465000.0,161.0,1,Hispanic or Latino,Male,45-54,80.0,Loan originated
1,515000.0,37,815000.0,147.0,1,White,Joint,25-34,64.0,Loan originated
1,825000.0,20%-<30%,1325000.0,293.0,1,White,Joint,35-44,62.264,Loan originated
1,765000.0,44,1055000.0,164.0,1,Asian,Joint,35-44,73.0,Loan originated
1,485000.0,36,1195000.0,156.0,1,Asian,Male,45-54,40.34,Loan originated
1,235000.0,30%-<36%,535000.0,85.0,1,White,Male,35-44,43.925,Loan originated
1,705000.0,41,745000.0,212.0,1,Hispanic or Latino,Joint,35-44,95.0,Application denied
1,445000.0,44,465000.0,105.0,1,Hispanic or Latino,Joint,25-34,95.0,Loan originated
1,545000.0,48,605000.0,122.0,1,White,Female,25-34,90.0,Loan originated
1,445000.0,48,555000.0,98.0,1,Asian,Male,25-34,100.0,Loan originated
1,325000.0,48,465000.0,72.0,1,Hispanic or Latino,Joint,35-44,88.295,Loan originated
1,995000.0,30%-<36%,1165000.0,377.0,1,White,Joint,45-54,85.0,Loan originated
1,755000.0,49,845000.0,185.0,1,White,Joint,25-34,89.4,Loan originated
1,1055000.0,39,1115000.0,318.0,1,White,Male,35-44,95.0,Loan originated
1,105000.0,<20%,815000.0,177.0,1,White,Female,55-64,13.0,Loan originated
1,815000.0,46,2145000.0,238.0,1,White,Male,65-74,38.157,Loan originated
1,975000.0,41,1305000.0,585.0,1,White,Female,35-44,75.0,Loan originated
1,655000.0,49,685000.0,151.0,1,Hispanic or Latino,Joint,45-54,95.0,Loan originated
1,705000.0,49,745000.0,151.0,1,White,Male,35-44,95.0,Loan originated
1,485000.0,48,515000.0,97.0,1,Asian,Female,25-34,95.0,Loan originated
1,785000.0,44,825000.0,194.0,1,Asian,Joint,25-34,95.0,Loan originated
1,435000.0,43,455000.0,105.0,1,White,Male,45-54,96.943,Loan originated
1,495000.0,48,545000.0,196.0,1,Hispanic or Latino,Male,35-44,90.0,Loan originated
1,465000.0,48,465000.0,145.0,1,White,Female,45-54,100.0,Loan originated
1,475000.0,49,495000.0,92.0,1,Hispanic or Latino,Male,35-44,95.0,Loan originated
1,535000.0,<20%,765000.0,311.0,1,White,Joint,35-44,69.737,Loan originated
1,735000.0,36,775000.0,325.0,1,Hispanic or Latino,Joint,25-34,95.0,Loan originated
1,845000.0,30%-<36%,1155000.0,276.0,1,White,Joint,55-64,74.0,Loan originated
1,505000.0,50%-60%,675000.0,110.0,1,White,Female,55-64,74.993,Application denied
1,635000.0,47,785000.0,123.0,1,Hispanic or Latino,Male,45-54,80.0,Loan originated
1,405000.0,<20%,455000.0,264.0,1,White,Male,55-64,90.0,Loan originated
1,625000.0,50%-60%,775000.0,415.0,1,White,Joint,35-44,80.0,Application denied
1,665000.0,30%-<36%,835000.0,298.0,1,Hispanic or Latino,Joint,25-34,80.0,Loan originated
1,595000.0,48,655000.0,140.0,1,Asian,Joint,35-44,89.99,Loan originated
1,435000.0,42,735000.0,191.0,1,White,Female,25-34,59.184,Loan originated
1,375000.0,39,395000.0,108.0,1,Asian,Female,25-34,95.0,Loan originated
1,795000.0,20%-<30%,885000.0,360.0,1,White,Female,35-44,99.99,Loan originated
1,725000.0,47,905000.0,147.0,1,White,Joint,35-44,80.0,Loan originated
1,445000.0,20%-<30%,645000.0,212.0,1,White,Female,35-44,69.183,Loan originated
1,925000.0,30%-<36%,1155000.0,318.0,1,White,Joint,35-44,80.0,Loan originated
1,745000.0,48,935000.0,156.0,1,Asian,Female,25-34,80.0,Loan originated
1,745000.0,39,825000.0,226.0,1,Hispanic or Latino,Joint,55-64,90.0,Loan originated
1,465000.0,44,525000.0,109.0,1,Hispanic or Latino,Female,55-64,90.0,Loan originated
1,1025000.0,20%-<30%,1205000.0,346.0,1,Asian,Joint,35-44,85.0,Loan originated
1,925000.0,39,1295000.0,360.0,1,Asian,Joint,35-44,72.0,Loan originated
1,305000.0,46,505000.0,88.0,1,Asian,Joint,35-44,60.0,Loan originated
1,155000.0,30%-<36%,595000.0,96.0,1,White,Joint,55-64,25.042,Loan originated
1,625000.0,20%-<30%,775000.0,271.0,1,White,Joint,>74,79.692,Application denied
1,535000.0,42,675000.0,214.0,1,Asian,Joint,35-44,79.997,Application denied
1,795000.0,49,1135000.0,167.0,1,Asian,Male,45-54,71.0,Loan originated
1,475000.0,48,525000.0,107.0,1,White,Female,55-64,90.0,Loan originated
1,465000.0,40,935000.0,223.0,1,Asian,Female,25-34,50.0,Loan originated
1,225000.0,20%-<30%,2255000.0,313.0,1,Asian,Joint,65-74,10.0,Loan originated
1,1145000.0,48,1355000.0,298.0,1,Asian,Joint,35-44,85.17,Loan originated
1,545000.0,30%-<36%,685000.0,176.0,1,White,Joint,45-54,80.0,Loan originated
1,525000.0,48,655000.0,171.0,1,Asian,Joint,45-54,80.0,Loan originated
1,455000.0,<20%,755000.0,242.0,1,Asian,Joint,35-44,60.0,Loan originated
1,375000.0,20%-<30%,735000.0,175.0,1,White,Joint,>74,51.37,Loan originated
1,755000.0,41,795000.0,351.0,1,White,Joint,35-44,95.0,Loan originated
1,365000.0,49,375000.0,80.0,1,Hispanic or Latino,Female,25-34,100.0,Loan originated
1,295000.0,49,975000.0,92.0,1,White,Female,55-64,30.825,Loan originated
1,955000.0,49,2155000.0,201.0,1,Hispanic or Latino,Male,45-54,44.19,Loan originated
1,395000.0,42,425000.0,112.0,1,Hispanic or Latino,Male,<25,95.0,Application denied
1,515000.0,41,535000.0,158.0,1,White,Joint,25-34,97.0,Loan originated
1,675000.0,49,845000.0,130.0,1,Asian,Joint,35-44,80.0,Loan originated
1,1005000.0,39,1185000.0,324.0,1,White,Joint,35-44,85.0,Loan originated
1,1145000.0,43,1915000.0,262.0,1,Asian,Male,35-44,60.0,Loan originated
1,395000.0,49,1265000.0,126.0,1,White,Female,65-74,30.9,Loan originated
1,195000.0,49,545000.0,68.0,1,Hispanic or Latino,Female,65-74,36.0,Loan originated
1,245000.0,41,315000.0,72.0,1,White,Female,<25,80.0,Loan originated
1,425000.0,42,525000.0,112.0,1,Hispanic or Latino,Male,25-34,80.0,Loan originated
1,145000.0,30%-<36%,445000.0,64.0,1,Asian,Male,35-44,32.713,Loan originated
1,395000.0,<20%,445000.0,460.0,1,White,Male,55-64,97.0,Loan originated
1,605000.0,38,905000.0,147.0,1,Asian,Joint,55-64,66.851,Loan originated
1,945000.0,44,1185000.0,224.0,1,Asian,Joint,25-34,80.0,Loan originated
1,945000.0,30%-<36%,1455000.0,276.0,1,Asian,Male,45-54,64.83,Loan originated
1,495000.0,42,535000.0,121.0,1,Asian,Female,45-54,92.578,Loan originated
1,325000.0,44,405000.0,81.0,1,Hispanic or Latino,Male,25-34,80.0,Loan originated
1,605000.0,30%-<36%,765000.0,174.0,1,Asian,Male,35-44,80.0,Loan originated
1,105000.0,49,115000.0,33.0,1,Other,Male,55-64,100.0,Loan originated
1,595000.0,20%-<30%,705000.0,224.0,1,Hispanic or Latino,Female,25-34,85.0,Loan originated
1,595000.0,44,995000.0,161.0,1,White,Joint,35-44,60.0,Loan originated
1,605000.0,49,825000.0,152.0,1,Asian,Joint,25-34,73.805,Loan originated
1,845000.0,49,1005000.0,154.0,1,Hispanic or Latino,Joint,55-64,85.0,Loan originated
1,505000.0,41,565000.0,147.0,1,Hispanic or Latino,Male,25-34,90.0,Loan originated
1,1005000.0,38,1305000.0,263.0,1,White,Female,45-54,76.92,Loan originated
1,1075000.0,44,1345000.0,318.0,1,Asian,Joint,35-44,80.0,Loan originated
1,695000.0,20%-<30%,875000.0,282.0,1,White,Female,25-34,80.0,Loan originated
1,605000.0,38,635000.0,209.0,1,Asian,Joint,45-54,95.0,Loan originated
1,305000.0,42,335000.0,143.0,1,Hispanic or Latino,Male,25-34,92.424,Loan originated
1,665000.0,44,745000.0,145.0,1,White,Female,35-44,89.99,Loan originated
1,355000.0,48,1655000.0,102.0,1,Asian,Joint,25-34,21.212,Loan originated
1,405000.0,43,505000.0,145.0,1,Asian,Female,35-44,80.0,Loan originated
1,165000.0,30%-<36%,645000.0,86.0,1,White,Joint,65-74,24.77,Loan originated
1,325000.0,20%-<30%,415000.0,116.0,1,Hispanic or Latino,Male,25-34,80.0,Loan originated
1,1095000.0,39,1465000.0,276.0,1,White,Joint,25-34,75.0,Loan originated
1,415000.0,44,535000.0,173.0,1,White,Male,>74,80.0,Loan originated
1,535000.0,48,545000.0,120.0,1,Hispanic or Latino,Male,35-44,100.0,Loan originated
1,135000.0,50%-60%,135000.0,86.0,1,Hispanic or Latino,Male,45-54,97.794,Application denied
1,945000.0,41,1175000.0,293.0,1,Hispanic or Latino,Joint,45-54,80.0,Loan originated
1,475000.0,41,595000.0,147.0,1,White,Joint,25-34,80.0,Loan originated
1,475000.0,47,505000.0,141.0,1,Hispanic or Latino,Joint,65-74,95.0,Loan originated
1,425000.0,>60%,525000.0,120.0,1,Asian,Male,25-34,80.0,Application denied
1,685000.0,49,775000.0,173.0,1,Asian,Male,25-34,88.226,Loan originated
1,385000.0,38,815000.0,134.0,1,White,Male,45-54,47.531,Loan originated
1,285000.0,37,475000.0,95.0,1,White,Female,65-74,58.95,Loan originated
1,225000.0,30%-<36%,255000.0,217.0,1,White,Female,35-44,90.0,Loan originated
1,595000.0,30%-<36%,745000.0,207.0,1,White,Joint,35-44,80.0,Loan originated
1,245000.0,39,355000.0,58.0,1,White,Female,>74,70.286,Loan originated
1,345000.0,48,645000.0,83.0,1,Asian,Female,25-34,53.0,Loan originated
1,155000.0,20%-<30%,585000.0,110.0,1,Asian,Joint,65-74,25.731,Loan originated
1,325000.0,49,415000.0,63.0,1,Hispanic or Latino,Male,35-44,79.02,Loan originated
1,485000.0,44,645000.0,104.0,1,Asian,Joint,35-44,95.0,Loan originated
1,675000.0,49,705000.0,228.0,1,Hispanic or Latino,Joint,35-44,97.0,Loan originated
1,505000.0,48,525000.0,108.0,1,Asian,Male,35-44,95.0,Loan originated
1,285000.0,49,325000.0,101.0,1,Black or African American,Male,25-34,88.0,Loan originated
1,275000.0,50%-60%,385000.0,52.0,1,White,Male,35-44,70.78,Loan originated
1,485000.0,44,505000.0,140.0,1,Hispanic or Latino,Male,45-54,99.97,Loan originated
1,545000.0,40,605000.0,165.0,1,Hispanic or Latino,Joint,35-44,90.0,Loan originated
1,445000.0,48,565000.0,110.0,1,White,Male,45-54,80.0,Loan originated
1,615000.0,37,965000.0,180.0,1,White,Male,25-34,63.617,Loan originated
1,755000.0,42,835000.0,234.0,1,White,Joint,25-34,90.0,Loan originated
1,645000.0,37,855000.0,182.0,1,Asian,Female,25-34,75.0,Loan originated
1,235000.0,46,905000.0,81.0,1,White,Joint,65-74,26.136,Loan originated
1,455000.0,38,565000.0,133.0,1,White,Male,35-44,80.0,Loan originated
1,725000.0,41,765000.0,176.0,1,White,Male,25-34,95.0,Loan originated
1,635000.0,47,795000.0,174.0,1,Asian,Male,25-34,79.99,Loan originated
1,365000.0,<20%,425000.0,307.0,1,White,Joint,45-54,84.99,Loan originated
1,455000.0,39,475000.0,113.0,1,Black or African American,Male,55-64,95.0,Loan originated
1,595000.0,38,705000.0,222.0,1,White,Female,35-44,85.0,Loan originated
1,465000.0,36,485000.0,157.0,1,Asian,Joint,25-34,100.88,Loan originated
1,425000.0,>60%,655000.0,54.0,1,Hispanic or Latino,Joint,65-74,65.14,Application denied
1,1075000.0,36,1195000.0,468.0,1,White,Male,35-44,90.0,Loan originated
1,135000.0,36,145000.0,84.0,1,Hispanic or Latino,Male,<25,95.0,Application denied
1,685000.0,50%-60%,725000.0,147.0,1,Hispanic or Latino,Male,25-34,95.0,Application denied
1,475000.0,49,635000.0,134.0,1,White,Joint,65-74,74.252,Loan originated
1,855000.0,20%-<30%,1615000.0,655.0,1,Asian,Male,35-44,52.795,Loan originated
1,765000.0,41,3305000.0,280.0,1,White,Male,35-44,32.0,Loan originated
1,225000.0,20%-<30%,1185000.0,150.0,1,Asian,Female,35-44,18.613,Loan originated
1,555000.0,43,1105000.0,122.0,1,White,Joint,65-74,50.0,Application denied
1,815000.0,47,1095000.0,199.0,1,Hispanic or Latino,Male,45-54,75.0,Loan originated
1,445000.0,37,505000.0,128.0,1,White,Female,55-64,89.99,Loan originated
1,425000.0,42,455000.0,181.0,1,Hispanic or Latino,Male,35-44,94.889,Loan originated
1,455000.0,49,615000.0,116.0,1,White,Joint,55-64,75.0,Loan originated
1,535000.0,30%-<36%,675000.0,120.0,1,Asian,Female,25-34,95.0,Application denied
1,235000.0,38,475000.0,89.0,1,White,Male,35-44,50.0,Loan originated
1,155000.0,45,245000.0,45.0,1,White,Female,35-44,63.26,Loan originated
1,765000.0,45,955000.0,209.0,1,White,Joint,25-34,80.0,Loan originated
1,435000.0,44,575000.0,189.0,1,Other,Female,35-44,75.0,Loan originated
1,405000.0,<20%,2105000.0,443.0,1,White,Joint,35-44,19.048,Loan originated
1,495000.0,20%-<30%,625000.0,244.0,1,Hispanic or Latino,Female,25-34,80.0,Loan originated
1,515000.0,20%-<30%,1005000.0,243.0,1,White,Male,25-34,52.0,Loan originated
1,525000.0,42,655000.0,161.0,1,White,Joint,25-34,95.0,Loan originated
1,605000.0,49,855000.0,147.0,1,White,Male,25-34,70.588,Loan originated
1,445000.0,20%-<30%,645000.0,175.0,1,White,Joint,45-54,70.0,Loan originated
1,605000.0,43,755000.0,135.0,1,Hispanic or Latino,Male,25-34,80.0,Loan originated
1,435000.0,49,455000.0,78.0,1,Hispanic or Latino,Joint,<25,97.0,Loan originated
1,235000.0,45,635000.0,77.0,1,Hispanic or Latino,Joint,35-44,36.508,Application denied
1,1125000.0,50%-60%,1325000.0,223.0,1,White,Male,35-44,85.0,Loan originated
1,675000.0,39,875000.0,199.0,1,Hispanic or Latino,Male,55-64,77.486,Loan originated
1,1125000.0,30%-<36%,1415000.0,333.0,1,Hispanic or Latino,Female,25-34,80.0,Loan originated
1,285000.0,30%-<36%,475000.0,89.0,1,White,Male,25-34,60.105,Loan originated
1,395000.0,47,415000.0,89.0,1,Hispanic or Latino,Joint,35-44,95.0,Loan originated
1,375000.0,49,525000.0,78.0,1,Asian,Male,65-74,72.0,Loan originated
1,255000.0,45,265000.0,60.0,1,Asian,Female,45-54,95.0,Loan originated
1,875000.0,48,925000.0,179.0,1,White,Female,35-44,95.0,Loan originated
1,205000.0,40,315000.0,62.0,1,White,Male,25-34,63.492,Loan originated
1,255000.0,47,745000.0,74.0,1,Hispanic or Latino,Male,65-74,33.557,Loan originated
1,335000.0,37,425000.0,153.0,1,White,Joint,25-34,80.0,Loan originated
1,1145000.0,48,2125000.0,319.0,1,Asian,Joint,35-44,54.109,Loan originated
1,195000.0,36,295000.0,60.0,1,White,Female,45-54,66.102,Loan originated
1,85000.0,30%-<36%,115000.0,170.0,1,White,Joint,35-44,72.0,Loan originated
1,755000.0,20%-<30%,1795000.0,280.0,1,White,Male,45-54,41.899,Loan originated
1,465000.0,42,585000.0,230.0,1,White,Joint,45-54,80.0,Loan originated
1,665000.0,30%-<36%,705000.0,262.0,1,Asian,Joint,35-44,95.0,Application denied
1,605000.0,43,955000.0,144.0,1,Asian,Female,25-34,64.0,Loan originated
1,425000.0,30%-<36%,525000.0,343.0,1,White,Joint,65-74,80.0,Loan originated
1,455000.0,41,515000.0,134.0,1,Asian,Female,25-34,88.236,Loan originated
1,705000.0,41,885000.0,204.0,1,Asian,Joint,35-44,80.0,Loan originated
1,625000.0,40,925000.0,198.0,1,White,Joint,25-34,67.742,Loan originated
1,765000.0,46,855000.0,269.0,1,Hispanic or Latino,Joint,35-44,89.591,Loan originated
1,285000.0,42,345000.0,70.0,1,Hispanic or Latino,Male,<25,95.0,Loan originated
1,765000.0,41,855000.0,247.0,1,White,Female,35-44,90.0,Loan originated
1,225000.0,20%-<30%,425000.0,114.0,1,White,Female,35-44,52.941,Loan originated
1,935000.0,>60%,1285000.0,80.0,1,White,Male,35-44,72.451,Application denied
1,155000.0,<20%,1195000.0,311.0,1,White,Male,>74,12.605,Loan originated
1,585000.0,30%-<36%,605000.0,222.0,1,Hispanic or Latino,Female,35-44,97.0,Loan originated
1,205000.0,<20%,355000.0,258.0,1,White,Joint,35-44,57.143,Loan originated
1,1065000.0,30%-<36%,1335000.0,344.0,1,White,Joint,55-64,80.0,Loan originated
1,1105000.0,42,1635000.0,261.0,1,White,Female,45-54,67.47,Loan originated
1,495000.0,39,615000.0,146.0,1,Asian,Joint,45-54,100.0,Loan originated
1,295000.0,46,605000.0,81.0,1,Asian,Joint,55-64,92.667,Loan originated
1,685000.0,30%-<36%,855000.0,223.0,1,Asian,Female,35-44,80.0,Loan originated
1,435000.0,37,515000.0,165.0,1,Asian,Female,25-34,85.0,Loan originated
1,475000.0,49,765000.0,95.0,1,White,Joint,55-64,62.632,Loan originated
1,445000.0,49,465000.0,111.0,1,Hispanic or Latino,Joint,25-34,98.0,Loan originated
1,535000.0,38,705000.0,196.0,1,White,Joint,25-34,75.0,Loan originated
1,755000.0,49,1015000.0,242.0,1,Asian,Joint,35-44,74.99,Loan originated
1,335000.0,37,425000.0,135.0,1,Asian,Female,45-54,80.0,Loan originated
1,495000.0,38,545000.0,145.0,1,White,Female,55-64,90.0,Loan originated
1,565000.0,49,605000.0,131.0,1,Hispanic or Latino,Male,25-34,93.5,Loan originated
1,755000.0,30%-<36%,935000.0,193.0,1,Asian,Joint,25-34,80.0,Loan originated
1,665000.0,46,825000.0,171.0,1,Asian,Male,45-54,80.0,Application denied
1,435000.0,<20%,545000.0,327.0,1,Hispanic or Latino,Female,35-44,80.0,Application denied
1,315000.0,37,395000.0,101.0,1,Hispanic or Latino,Joint,25-34,80.0,Loan originated
1,555000.0,20%-<30%,695000.0,243.0,1,Asian,Joint,25-34,80.0,Loan originated
1,1005000.0,45,1065000.0,315.0,1,Asian,Male,45-54,94.906,Loan originated
1,605000.0,45,755000.0,124.0,1,Hispanic or Latino,Joint,35-44,80.0,Loan originated
1,285000.0,48,295000.0,60.0,1,Hispanic or Latino,Joint,25-34,100.0,Loan originated
1,485000.0,48,555000.0,108.0,1,Hispanic or Latino,Male,25-34,87.0,Loan originated
1,555000.0,47,695000.0,100.0,1,White,Joint,25-34,80.0,Loan originated
1,255000.0,47,315000.0,64.0,1,White,Male,65-74,80.0,Loan originated
1,495000.0,20%-<30%,555000.0,161.0,1,Hispanic or Latino,Male,35-44,93.9,Loan originated
1,205000.0,36,925000.0,85.0,1,Asian,Male,25-34,21.56,Loan originated
1,555000.0,47,1005000.0,119.0,1,White,Female,55-64,55.0,Loan originated
1,685000.0,43,765000.0,188.0,1,Asian,Joint,25-34,90.0,Loan originated
1,545000.0,49,1305000.0,95.0,1,Asian,Joint,65-74,42.154,Loan originated
1,395000.0,20%-<30%,695000.0,126.0,1,Hispanic or Latino,Female,35-44,56.827,Loan originated
1,765000.0,30%-<36%,1025000.0,258.0,1,White,Female,45-54,74.562,Application denied
1,1035000.0,30%-<36%,1385000.0,469.0,1,Asian,Male,35-44,75.0,Loan originated
1,615000.0,47,685000.0,146.0,1,Hispanic or Latino,Joint,25-34,90.0,Loan originated
1,505000.0,43,525000.0,135.0,1,Hispanic or Latino,Joint,35-44,99.857,Loan originated
1,1105000.0,41,1835000.0,390.0,1,Asian,Joint,65-74,60.0,Loan originated
1,295000.0,43,695000.0,90.0,1,Asian,Male,25-34,42.731,Loan originated
1,635000.0,30%-<36%,655000.0,217.0,1,Asian,Joint,35-44,97.0,Loan originated
1,645000.0,20%-<30%,685000.0,348.0,1,White,Joint,35-44,95.0,Loan originated
1,765000.0,49,1395000.0,162.0,1,Asian,Male,25-34,55.108,Loan originated
1,585000.0,49,815000.0,134.0,1,White,Male,45-54,71.166,Loan originated
1,625000.0,20%-<30%,775000.0,211.0,1,White,Joint,35-44,80.0,Loan originated
1,355000.0,47,435000.0,103.0,1,Black or African American,Female,45-54,100.0,Loan originated
1,385000.0,42,395000.0,86.0,1,Hispanic or Latino,Male,55-64,97.0,Loan originated
1,435000.0,30%-<36%,485000.0,147.0,1,Hispanic or Latino,Female,25-34,89.583,Loan originated
1,375000.0,49,925000.0,151.0,1,White,Joint,65-74,40.719,Loan originated
1,985000.0,45,1235000.0,206.0,1,Hispanic or Latino,Male,25-34,80.0,Loan originated
1,395000.0,38,575000.0,148.0,1,Asian,Joint,25-34,70.0,Loan originated
1,375000.0,48,775000.0,84.0,1,White,Female,35-44,48.119,Loan originated
1,525000.0,30%-<36%,665000.0,245.0,1,Asian,Joint,35-44,80.0,Loan originated
1,855000.0,20%-<30%,1755000.0,381.0,1,White,Joint,35-44,48.857,Loan originated
1,555000.0,46,685000.0,113.0,1,Asian,Male,45-54,80.0,Loan originated
1,345000.0,<20%,995000.0,265.0,1,Asian,Joint,25-34,34.343,Loan originated
1,365000.0,44,535000.0,87.0,1,White,Female,45-54,68.22,Loan originated
1,175000.0,44,255000.0,48.0,1,Hispanic or Latino,Male,55-64,70.0,Loan originated
1,225000.0,49,315000.0,62.0,1,Hispanic or Latino,Female,55-64,104.1,Loan originated
1,615000.0,36,765000.0,168.0,1,White,Joint,25-34,80.0,Loan originated
1,105000.0,30%-<36%,405000.0,81.0,1,White,Female,55-64,27.0,Loan originated
1,275000.0,44,275000.0,71.0,1,Hispanic or Latino,Male,65-74,97.0,Loan originated
1,495000.0,30%-<36%,525000.0,149.0,1,Hispanic or Latino,Joint,55-64,95.0,Loan originated
1,115000.0,44,365000.0,34.0,1,White,Female,55-64,30.556,Loan originated
1,365000.0,20%-<30%,665000.0,143.0,1,Hispanic or Latino,Male,45-54,54.55,Loan originated
1,365000.0,30%-<36%,375000.0,140.0,1,Asian,Male,25-34,97.0,Loan originated
1,575000.0,20%-<30%,875000.0,212.0,1,Asian,Male,45-54,65.48975,Loan originated
1,285000.0,44,315000.0,97.0,1,Hispanic or Latino,Joint,35-44,90.0,Loan originated
1,185000.0,20%-<30%,385000.0,92.0,1,Hispanic or Latino,Female,55-64,48.56,Loan originated
1,135000.0,45,785000.0,116.0,1,Hispanic or Latino,Joint,35-44,17.46,Loan originated
1,585000.0,20%-<30%,735000.0,222.0,1,White,Joint,35-44,80.0,Loan originated
1,455000.0,38,475000.0,133.0,1,Hispanic or Latino,Female,45-54,95.0,Loan originated
1,565000.0,41,705000.0,219.0,1,White,Joint,45-54,80.0,Loan originated
1,405000.0,20%-<30%,825000.0,190.0,1,White,Joint,45-54,48.485,Loan originated
1,425000.0,43,455000.0,131.0,1,Hispanic or Latino,Female,35-44,95.0,Loan originated
1,1005000.0,45,1405000.0,225.0,1,White,Joint,25-34,71.88,Loan originated
1,75000.0,47,85000.0,51.0,1,Hispanic or Latino,Joint,65-74,90.35,Application denied
1,255000.0,<20%,715000.0,260.0,1,White,Joint,65-74,35.04,Loan originated
1,835000.0,30%-<36%,1045000.0,361.0,1,Asian,Male,35-44,80.0,Loan originated
1,535000.0,46,765000.0,120.0,1,Asian,Female,25-34,70.0,Loan originated
1,565000.0,43,635000.0,150.0,1,White,Male,35-44,90.0,Loan originated
1,905000.0,36,955000.0,258.0,1,White,Joint,25-34,95.0,Loan originated
1,995000.0,30%-<36%,1425000.0,265.0,1,Asian,Joint,25-34,70.0,Loan originated
1,575000.0,40,775000.0,309.0,1,White,Joint,45-54,74.2,Loan originated
1,885000.0,37,1105000.0,271.0,1,White,Joint,25-34,80.0,Loan originated
1,535000.0,43,665000.0,123.0,1,Asian,Joint,45-54,79.97,Loan originated
1,615000.0,45,655000.0,126.0,1,Hispanic or Latino,Male,<25,95.0,Loan originated
1,1145000.0,40,1205000.0,284.0,1,White,Male,25-34,94.99,Loan originated
1,925000.0,49,975000.0,288.0,1,Hispanic or Latino,Male,25-34,95.0,Loan originated
1,535000.0,30%-<36%,665000.0,348.0,1,Asian,Joint,35-44,80.0,Loan originated
1,355000.0,37,705000.0,276.0,1,White,Male,55-64,50.58,Loan originated
1,105000.0,44,335000.0,43.0,1,White,Male,>74,30.0,Loan originated
1,765000.0,44,1055000.0,241.0,1,Asian,Joint,35-44,73.0,Loan originated
1,435000.0,49,485000.0,91.0,1,White,Female,25-34,90.0,Loan originated
1,445000.0,49,645000.0,126.0,1,Asian,Joint,55-64,68.997,Loan originated
1,455000.0,20%-<30%,775000.0,165.0,1,White,Male,35-44,58.32,Loan originated
1,435000.0,46,505000.0,196.0,1,White,Joint,<25,87.39,Loan originated
1,255000.0,43,325000.0,86.0,1,Hispanic or Latino,Male,25-34,80.0,Loan originated
1,805000.0,30%-<36%,955000.0,236.0,1,Asian,Male,35-44,85.0,Loan originated
1,535000.0,42,715000.0,133.0,1,White,Male,35-44,75.0,Loan originated
1,635000.0,20%-<30%,805000.0,308.0,1,Asian,Female,45-54,80.0,Loan originated
1,605000.0,47,1605000.0,141.0,1,White,Joint,35-44,38.0,Loan originated
1,555000.0,43,575000.0,205.0,1,Hispanic or Latino,Joint,25-34,94.997,Loan originated
1,295000.0,39,855000.0,114.0,1,White,Joint,55-64,34.665,Loan originated
1,705000.0,20%-<30%,2605000.0,455.0,1,White,Joint,35-44,26.923,Loan originated
1,435000.0,49,605000.0,88.0,1,Hispanic or Latino,Female,55-64,72.16,Loan originated
1,525000.0,49,585000.0,100.0,1,Hispanic or Latino,Male,35-44,90.0,Loan originated
1,525000.0,37,545000.0,161.0,1,Hispanic or Latino,Joint,25-34,97.0,Loan originated
1,475000.0,20%-<30%,535000.0,187.0,1,White,Female,25-34,90.0,Loan originated
1,515000.0,46,535000.0,138.0,1,Hispanic or Latino,Joint,35-44,95.0,Loan originated
1,485000.0,49,515000.0,136.0,1,Asian,Joint,35-44,94.358,Loan originated
1,625000.0,46,645000.0,151.0,1,Asian,Joint,55-64,96.5,Loan originated
1,525000.0,37,665000.0,134.0,1,Asian,Male,35-44,80.0,Loan originated
1,705000.0,47,1325000.0,160.0,1,Asian,Male,25-34,54.0,Loan originated
1,245000.0,40,255000.0,180.0,1,Asian,Joint,35-44,96.5,Loan originated
1,505000.0,46,625000.0,120.0,1,Asian,Joint,45-54,80.0,Loan originated
1,265000.0,49,795000.0,120.0,1,Asian,Joint,25-34,32.71,Loan originated
1,765000.0,36,825000.0,210.0,1,White,Male,35-44,93.415,Loan originated
1,385000.0,47,395000.0,98.0,1,Hispanic or Latino,Male,25-34,99.25,Loan originated
1,1135000.0,39,1425000.0,322.0,1,Asian,Male,45-54,80.0,Loan originated
1,345000.0,20%-<30%,465000.0,212.0,1,White,Joint,35-44,74.811,Loan originated
1,545000.0,41,605000.0,303.0,1,White,Male,35-44,90.0,Loan originated
1,545000.0,40,565000.0,150.0,1,Hispanic or Latino,Male,25-34,97.0,Application denied
1,695000.0,40,735000.0,193.0,1,Hispanic or Latino,Joint,25-34,95.0,Loan originated
1,955000.0,48,1275000.0,200.0,1,Asian,Male,45-54,75.0,Application denied
1,765000.0,48,1175000.0,232.0,1,White,Joint,55-64,65.149,Loan originated
1,135000.0,37,505000.0,65.0,1,White,Female,55-64,26.0,Loan originated
1,795000.0,43,995000.0,180.0,1,White,Male,45-54,80.0,Loan originated
1,115000.0,30%-<36%,665000.0,73.0,1,Asian,Male,<25,16.667,Loan originated
1,595000.0,<20%,795000.0,4716.0,1,White,Male,<25,75.0,Loan originated
1,1045000.0,36,1395000.0,308.0,1,Asian,Female,45-54,75.0,Loan originated
1,1105000.0,30%-<36%,1375000.0,340.0,1,Asian,Joint,25-34,80.0,Loan originated
1,485000.0,50%-60%,505000.0,126.0,1,Black or African American,Female,35-44,95.0,Application denied
1,545000.0,50%-60%,685000.0,192.0,1,Asian,Male,35-44,80.0,Application denied
1,945000.0,50%-60%,1005000.0,179.0,1,Asian,Male,35-44,94.0,Application denied
1,505000.0,46,525000.0,137.0,1,Hispanic or Latino,Joint,<25,100.0,Loan originated
1,245000.0,50%-60%,305000.0,69.0,1,Hispanic or Latino,Male,45-54,80.0,Application denied
1,505000.0,20%-<30%,625000.0,313.0,1,Asian,Joint,25-34,80.0,Loan originated
1,1055000.0,36,1505000.0,273.0,1,Asian,Male,35-44,70.0,Loan originated
1,525000.0,30%-<36%,545000.0,173.0,1,Asian,Joint,35-44,97.0,Loan originated
1,765000.0,46,1105000.0,183.0,1,White,Joint,35-44,69.55,Loan originated
1,595000.0,48,735000.0,420.0,1,Asian,Joint,35-44,80.0,Loan originated
1,915000.0,38,1305000.0,501.0,1,Black or African American,Male,35-44,89.923,Loan originated
1,675000.0,49,835000.0,142.0,1,Hispanic or Latino,Male,25-34,80.0,Loan originated
1,245000.0,<20%,255000.0,66.0,1,Hispanic or Latino,Joint,35-44,100.0,Application denied
1,405000.0,20%-<30%,505000.0,228.0,1,White,Joint,25-34,80.0,Loan originated
1,115000.0,49,555000.0,42.0,1,White,Male,65-74,20.721,Loan originated
1,215000.0,30%-<36%,465000.0,67.0,1,Asian,Male,45-54,46.752,Loan originated
1,505000.0,20%-<30%,625000.0,194.0,1,White,Male,25-34,80.0,Loan originated
1,265000.0,43,335000.0,61.0,1,White,Male,25-34,78.788,Loan originated
1,485000.0,39,615000.0,134.0,1,White,Female,25-34,80.0,Loan originated
1,695000.0,42,865000.0,210.0,1,Hispanic or Latino,Male,35-44,80.0,Loan originated
1,455000.0,30%-<36%,575000.0,194.0,1,Hispanic or Latino,Female,35-44,80.0,Loan originated
1,525000.0,49,665000.0,134.0,1,Asian,Male,35-44,78.842,Loan originated
1,1005000.0,43,2075000.0,225.0,1,Asian,Joint,35-44,48.193,Loan originated
1,765000.0,30%-<36%,875000.0,224.0,1,Black or African American,Female,35-44,87.6,Application denied
1,485000.0,20%-<30%,605000.0,232.0,1,Hispanic or Latino,Male,35-44,80.0,Loan originated
1,425000.0,40,535000.0,190.0,1,Hispanic or Latino,Female,55-64,80.0,Loan originated
1,875000.0,30%-<36%,1755000.0,530.0,1,Asian,Male,35-44,50.0,Loan originated
1,485000.0,49,735000.0,104.0,1,Asian,Male,<25,66.607,Loan originated
1,495000.0,39,625000.0,246.0,1,Asian,Joint,35-44,80.0,Loan originated
1,485000.0,49,605000.0,122.0,1,Hispanic or Latino,Female,25-34,80.0,Loan originated
1,425000.0,45,435000.0,110.0,1,Hispanic or Latino,Female,25-34,100.0,Loan originated
1,765000.0,45,985000.0,339.0,1,Asian,Joint,35-44,78.0,Loan originated
1,835000.0,38,1325000.0,217.0,1,Asian,Joint,25-34,66.29,Loan originated
1,315000.0,48,435000.0,62.0,1,Asian,Male,45-54,72.09,Loan originated
1,375000.0,30%-<36%,505000.0,202.0,1,Hispanic or Latino,Male,55-64,75.0,Loan originated
1,705000.0,41,2305000.0,270.0,1,Hispanic or Latino,Female,55-64,30.435,Loan originated
1,415000.0,49,845000.0,152.0,1,White,Female,55-64,48.763,Loan originated
1,665000.0,44,695000.0,159.0,1,Hispanic or Latino,Female,35-44,95.0,Loan originated
1,775000.0,20%-<30%,1465000.0,387.0,1,White,Joint,35-44,52.56,Loan originated
1,35000.0,41,75000.0,38.0,1,White,Female,>74,53.27,Loan originated
1,15000.0,30%-<36%,385000.0,149.0,1,Asian,Joint,25-34,3.5,Loan originated
1,475000.0,48,505000.0,171.0,1,Other,Female,>74,95.0,Loan originated
1,505000.0,49,625000.0,120.0,1,White,Female,25-34,79.998,Loan originated
1,345000.0,>60%,365000.0,30.0,1,Hispanic or Latino,Female,45-54,97.0,Application denied
1,405000.0,49,535000.0,102.0,1,Asian,Male,25-34,95.0,Loan originated
1,505000.0,43,565000.0,130.0,1,White,Joint,35-44,89.98,Loan originated
1,605000.0,41,675000.0,145.0,1,White,Joint,25-34,88.95,Loan originated
1,885000.0,47,1115000.0,205.0,1,White,Joint,>74,80.0,Loan originated
1,625000.0,49,735000.0,155.0,1,White,Female,45-54,84.898,Loan originated
1,765000.0,30%-<36%,955000.0,278.0,1,Asian,Male,35-44,80.0,Application denied
1,455000.0,20%-<30%,565000.0,191.0,1,Asian,Male,35-44,80.0,Loan originated
1,985000.0,49,1265000.0,189.0,1,White,Joint,25-34,78.0,Loan originated
1,185000.0,30%-<36%,635000.0,86.0,1,White,Female,65-74,28.571,Loan originated
1,535000.0,41,1285000.0,147.0,1,Asian,Male,25-34,41.191,Loan originated
1,535000.0,38,675000.0,164.0,1,White,Joint,25-34,80.0,Loan originated
1,665000.0,45,745000.0,156.0,1,White,Joint,35-44,90.0,Loan originated
1,505000.0,43,855000.0,180.0,1,Asian,Male,55-64,59.207,Loan originated
1,655000.0,30%-<36%,825000.0,275.0,1,White,Male,25-34,80.0,Loan originated
1,585000.0,<20%,1285000.0,334.0,1,Asian,Joint,25-34,45.7,Loan originated
1,525000.0,45,615000.0,150.0,1,White,Joint,35-44,129.951,Loan originated
1,645000.0,42,835000.0,151.0,1,White,Joint,25-34,77.605,Loan originated
1,745000.0,30%-<36%,785000.0,265.0,1,Asian,Joint,35-44,95.0,Loan originated
1,335000.0,30%-<36%,605000.0,98.0,1,Hispanic or Latino,Joint,65-74,55.375,Loan originated
1,515000.0,40,545000.0,181.0,1,Hispanic or Latino,Male,25-34,95.0,Loan originated
1,755000.0,45,1525000.0,326.0,1,Asian,Male,35-44,50.0,Loan originated
1,205000.0,43,245000.0,55.0,1,White,Joint,25-34,83.573,Loan originated
1,305000.0,36,335000.0,91.0,1,Hispanic or Latino,Female,25-34,90.0,Loan originated
1,1095000.0,45,1525000.0,248.0,1,Other,Female,35-44,71.5,Loan originated
1,495000.0,44,585000.0,131.0,1,Asian,Male,25-34,85.0,Loan originated
1,1025000.0,47,1365000.0,238.0,1,White,Female,45-54,75.0,Loan originated
1,705000.0,30%-<36%,1065000.0,318.0,1,Asian,Joint,35-44,66.79,Loan originated
1,665000.0,30%-<36%,705000.0,284.0,1,Hispanic or Latino,Male,35-44,95.0,Loan originated
1,535000.0,46,565000.0,190.0,1,Asian,Male,55-64,95.0,Loan originated
1,545000.0,38,675000.0,238.0,1,White,Female,55-64,80.0,Loan originated
1,1145000.0,47,2205000.0,277.0,1,Asian,Joint,55-64,52.265,Loan originated
1,525000.0,41,615000.0,235.0,1,Hispanic or Latino,Female,45-54,85.0,Loan originated
1,605000.0,39,675000.0,78.0,1,White,Male,<25,90.0,Loan originated
1,185000.0,49,575000.0,64.0,1,White,Male,45-54,32.174,Loan originated
1,455000.0,46,1475000.0,156.0,1,White,Male,55-64,30.51,Loan originated
1,925000.0,49,1165000.0,198.0,1,White,Female,55-64,80.0,Loan originated
1,315000.0,48,615000.0,76.0,1,Asian,Female,25-34,51.628,Loan originated
1,775000.0,45,825000.0,180.0,1,Hispanic or Latino,Joint,25-34,93.939,Loan originated
1,685000.0,49,725000.0,187.0,1,Hispanic or Latino,Joint,25-34,95.0,Loan originated
1,225000.0,30%-<36%,545000.0,71.0,1,Hispanic or Latino,Male,55-64,40.709,Loan originated
1,1145000.0,30%-<36%,1215000.0,339.0,1,Asian,Joint,35-44,95.0,Loan originated
1,345000.0,30%-<36%,355000.0,288.0,1,Black or African American,Joint,25-34,95.0,Loan originated
1,485000.0,41,515000.0,241.0,1,White,Male,55-64,95.0,Loan originated
1,605000.0,39,775000.0,141.0,1,Asian,Female,25-34,77.419,Loan originated
1,235000.0,39,395000.0,96.0,1,Asian,Female,35-44,58.974,Loan originated
1,1005000.0,38,1455000.0,247.0,1,Asian,Male,25-34,68.966,Loan originated
1,505000.0,42,525000.0,129.0,1,Other,Male,45-54,97.0,Loan originated
1,1035000.0,30%-<36%,1385000.0,388.0,1,Asian,Joint,35-44,75.0,Loan originated
1,965000.0,43,1205000.0,264.0,1,White,Female,35-44,80.0,Loan originated
1,165000.0,20%-<30%,455000.0,88.0,1,White,Female,45-54,36.562,Loan originated
1,105000.0,38,115000.0,86.0,1,Hispanic or Latino,Male,45-54,95.0,Application denied
1,505000.0,48,595000.0,108.0,1,Hispanic or Latino,Male,25-34,85.0,Loan originated
1,705000.0,42,1005000.0,182.0,1,White,Male,25-34,70.0,Loan originated
1,505000.0,38,605000.0,139.0,1,White,Female,45-54,82.645,Loan originated
1,625000.0,44,665000.0,176.0,1,White,Joint,45-54,95.0,Loan originated
1,385000.0,40,455000.0,105.0,1,White,Joint,25-34,85.26,Loan originated
1,245000.0,20%-<30%,265000.0,101.0,1,Hispanic or Latino,Male,35-44,95.0,Loan originated
1,345000.0,44,435000.0,75.0,1,Hispanic or Latino,Female,25-34,80.0,Loan originated
1,765000.0,48,865000.0,145.0,1,Asian,Male,35-44,88.818,Loan originated
1,365000.0,41,585000.0,143.0,1,White,Joint,65-74,62.931,Loan originated
1,505000.0,40,525000.0,167.0,1,Hispanic or Latino,Joint,25-34,95.0,Loan originated
1,1135000.0,38,1425000.0,337.0,1,White,Joint,25-34,80.0,Loan originated
1,295000.0,49,335000.0,112.0,1,Hispanic or Latino,Joint,35-44,90.0,Loan originated
1,265000.0,20%-<30%,615000.0,131.0,1,White,Male,65-74,42.757,Loan originated
1,585000.0,20%-<30%,735000.0,295.0,1,Asian,Male,35-44,80.0,Loan originated
1,725000.0,42,975000.0,183.0,1,White,Female,>74,75.0,Loan originated
1,745000.0,49,855000.0,212.0,1,Asian,Male,25-34,87.5,Loan originated
1,915000.0,48,1405000.0,231.0,1,White,Female,35-44,65.0,Loan originated
1,465000.0,47,555000.0,141.0,1,White,Female,65-74,85.0,Loan originated
1,565000.0,45,595000.0,183.0,1,Hispanic or Latino,Female,45-54,95.0,Loan originated
1,215000.0,<20%,815000.0,460.0,1,Asian,Male,25-34,26.381,Loan originated
1,555000.0,43,735000.0,133.0,1,Hispanic or Latino,Joint,25-34,75.34,Loan originated
1,605000.0,<20%,865000.0,2004.0,1,Asian,Male,35-44,69.767,Loan originated
1,405000.0,39,805000.0,123.0,1,Asian,Female,25-34,100.0,Loan originated
1,355000.0,41,695000.0,105.0,1,Asian,Female,25-34,51.655,Loan originated
1,355000.0,49,415000.0,107.0,1,White,Male,45-54,85.0,Loan originated
1,1005000.0,50%-60%,1315000.0,170.0,1,White,Male,35-44,76.34,Loan originated
1,555000.0,43,585000.0,150.0,1,Asian,Female,45-54,94.996,Loan originated
1,715000.0,48,795000.0,141.0,1,Hispanic or Latino,Joint,55-64,90.0,Loan originated
1,475000.0,30%-<36%,595000.0,184.0,1,Black or African American,Joint,65-74,100.0,Loan originated
1,1005000.0,20%-<30%,2635000.0,481.0,1,Asian,Joint,35-44,38.03,Loan originated
1,715000.0,39,735000.0,190.0,1,Hispanic or Latino,Male,25-34,97.0,Loan originated
1,105000.0,49,355000.0,84.0,1,White,Joint,65-74,31.0,Loan originated
1,615000.0,30%-<36%,955000.0,199.0,1,Asian,Male,35-44,65.0,Loan originated
1,495000.0,20%-<30%,995000.0,308.0,1,Asian,Joint,45-54,49.495,Loan originated
1,555000.0,46,695000.0,126.0,1,White,Male,45-54,80.0,Loan originated
1,1005000.0,44,1255000.0,243.0,1,Hispanic or Latino,Joint,25-34,80.0,Loan originated
1,435000.0,38,515000.0,200.0,1,Asian,Female,55-64,85.0,Loan originated
1,165000.0,44,375000.0,50.0,1,White,Male,25-34,87.0,Loan originated
1,345000.0,49,575000.0,75.0,1,White,Joint,55-64,60.0,Loan originated
1,215000.0,30%-<36%,225000.0,93.0,1,White,Male,25-34,100.0,Application denied
1,675000.0,36,1405000.0,219.0,1,White,Male,55-64,49.0,Loan originated
1,435000.0,39,965000.0,135.0,1,Hispanic or Latino,Male,55-64,46.237,Loan originated
1,405000.0,44,425000.0,134.0,1,Hispanic or Latino,Joint,45-54,95.0,Application denied
1,515000.0,49,645000.0,163.0,1,Hispanic or Latino,Female,55-64,80.0,Loan originated
1,1035000.0,30%-<36%,1295000.0,321.0,1,Asian,Joint,25-34,80.0,Loan originated
1,75000.0,42,85000.0,60.0,1,White,Female,45-54,85.0,Loan originated
1,755000.0,20%-<30%,795000.0,747.0,1,Black or African American,Male,35-44,95.0,Loan originated
1,365000.0,20%-<30%,455000.0,128.0,1,White,Male,45-54,80.0,Loan originated
1,805000.0,39,3505000.0,272.0,1,Asian,Female,25-34,22.857,Loan originated
1,835000.0,49,885000.0,167.0,1,Hispanic or Latino,Male,35-44,95.0,Loan originated
1,425000.0,48,545000.0,95.0,1,Asian,Female,35-44,79.33,Loan originated
1,415000.0,30%-<36%,595000.0,197.0,1,White,Female,45-54,70.0,Loan originated
1,765000.0,49,1065000.0,397.0,1,White,Joint,55-64,71.87,Loan originated
1,525000.0,49,555000.0,113.0,1,Hispanic or Latino,Male,25-34,95.0,Loan originated
1,765000.0,50%-60%,1415000.0,215.0,1,Asian,Joint,35-44,54.36,Application denied
1,215000.0,>60%,465000.0,73.0,1,Hispanic or Latino,Joint,65-74,46.695,Application denied
1,405000.0,40,515000.0,99.0,1,Asian,Female,25-34,78.431,Loan originated
1,885000.0,43,1105000.0,246.0,1,White,Female,35-44,80.0,Loan originated
1,905000.0,30%-<36%,1125000.0,309.0,1,Asian,Joint,25-34,80.0,Loan originated
1,1055000.0,42,1405000.0,255.0,1,Asian,Joint,<25,75.0,Loan originated
1,345000.0,49,455000.0,68.0,1,Hispanic or Latino,Male,35-44,76.22,Loan originated
1,605000.0,41,625000.0,188.0,1,Black or African American,Female,>74,100.0,Loan originated
1,615000.0,47,1025000.0,303.0,1,Asian,Female,45-54,59.942,Loan originated
1,505000.0,<20%,985000.0,365.0,1,Asian,Joint,25-34,50.92,Loan originated
1,455000.0,40,465000.0,130.0,1,Hispanic or Latino,Joint,45-54,96.5,Loan originated
1,745000.0,48,1075000.0,153.0,1,Asian,Joint,25-34,70.0,Loan originated
1,125000.0,20%-<30%,365000.0,109.0,1,White,Male,25-34,35.714,Loan originated
1,655000.0,43,825000.0,155.0,1,Asian,Male,25-34,80.0,Loan originated
1,465000.0,42,515000.0,207.0,1,Black or African American,Joint,65-74,90.0,Loan originated
1,695000.0,46,875000.0,184.0,1,Asian,Male,35-44,80.0,Loan originated
1,205000.0,46,575000.0,63.0,1,Asian,Joint,55-64,34.54,Loan originated
1,245000.0,48,465000.0,94.0,1,White,Female,65-74,51.92,Loan originated
1,1475000.0,42,2825000.0,365.0,1,Asian,Joint,35-44,52.177,Loan originated
1,785000.0,30%-<36%,1175000.0,202.0,1,White,Male,35-44,66.866,Loan originated
1,205000.0,49,905000.0,56.0,1,White,Female,>74,22.778,Loan originated
1,215000.0,<20%,865000.0,194.0,1,White,Joint,55-64,25.349,Loan originated
1,175000.0,43,195000.0,83.0,1,Hispanic or Latino,Male,55-64,91.22,Loan originated
1,345000.0,41,365000.0,81.0,1,Hispanic or Latino,Female,25-34,92.954,Application denied
1,585000.0,39,645000.0,198.0,1,White,Male,35-44,90.0,Loan originated
1,735000.0,41,1105000.0,213.0,1,White,Male,25-34,69.96,Loan originated
1,525000.0,20%-<30%,665000.0,310.0,1,White,Male,25-34,80.0,Loan originated
1,605000.0,45,815000.0,145.0,1,Asian,Joint,25-34,75.0,Loan originated
1,335000.0,20%-<30%,575000.0,153.0,1,Asian,Joint,35-44,57.54,Loan originated
1,285000.0,46,505000.0,83.0,1,Black or African American,Male,>74,55.276,Loan originated
1,635000.0,44,795000.0,147.0,1,Asian,Joint,45-54,80.0,Loan originated
1,845000.0,20%-<30%,1055000.0,305.0,1,Asian,Joint,25-34,80.0,Loan originated
1,415000.0,39,555000.0,170.0,1,White,Male,35-44,75.0,Loan originated
1,595000.0,37,615000.0,210.0,1,White,Male,55-64,97.0,Loan originated
1,825000.0,39,865000.0,230.0,1,Asian,Female,55-64,95.0,Loan originated
1,235000.0,46,255000.0,53.0,1,Hispanic or Latino,Male,<25,95.0,Loan originated
1,695000.0,41,745000.0,177.0,1,Asian,Female,35-44,93.246,Loan originated
1,405000.0,45,425000.0,203.0,1,White,Joint,25-34,95.0,Loan originated
1,655000.0,38,1255000.0,208.0,1,White,Joint,55-64,52.04,Loan originated
1,535000.0,20%-<30%,665000.0,318.0,1,White,Male,25-34,80.0,Loan originated
1,395000.0,43,415000.0,108.0,1,Hispanic or Latino,Female,25-34,95.0,Loan originated
1,295000.0,20%-<30%,1395000.0,311.0,1,Hispanic or Latino,Male,35-44,20.863,Loan originated
1,475000.0,>60%,695000.0,118.0,1,Asian,Female,>74,67.503,Application denied
1,155000.0,48,165000.0,48.0,1,White,Male,35-44,96.99,Loan originated
1,1055000.0,40,1505000.0,350.0,1,White,Joint,35-44,70.0,Loan originated
1,485000.0,30%-<36%,735000.0,331.0,1,White,Male,25-34,65.8,Loan originated
1,505000.0,42,625000.0,143.0,1,White,Male,25-34,80.0,Loan originated
1,145000.0,20%-<30%,285000.0,108.0,1,Asian,Joint,35-44,49.3,Loan originated
1,455000.0,39,575000.0,123.0,1,White,Male,25-34,80.0,Application denied
1,865000.0,43,1075000.0,296.0,1,White,Joint,25-34,80.0,Application denied
1,1145000.0,47,1515000.0,331.0,1,White,Joint,25-34,75.84,Loan originated
1,345000.0,49,775000.0,90.0,1,Hispanic or Latino,Male,25-34,45.0,Loan originated
1,395000.0,48,565000.0,89.0,1,Asian,Female,25-34,70.0,Loan originated
1,525000.0,39,555000.0,178.0,1,Hispanic or Latino,Joint,25-34,95.0,Loan originated
1,155000.0,44,205000.0,49.0,1,Black or African American,Male,65-74,78.0,Application denied
1,275000.0,47,535000.0,183.0,1,White,Male,35-44,51.0,Loan originated
1,595000.0,47,1175000.0,175.0,1,White,Male,25-34,50.85,Loan originated
1,1125000.0,45,1505000.0,268.0,1,Asian,Joint,35-44,75.0,Loan originated
1,1145000.0,42,1435000.0,312.0,1,Asian,Male,25-34,79.98,Loan originated
1,885000.0,44,1205000.0,22.0,1,Asian,Joint,35-44,80.0,Loan originated
1,315000.0,42,395000.0,95.0,1,White,Female,25-34,80.0,Loan originated
1,105000.0,20%-<30%,365000.0,87.0,1,White,Female,45-54,27.322,Loan originated
1,555000.0,49,775000.0,128.0,1,Black or African American,Male,45-54,72.163,Loan originated
1,595000.0,48,655000.0,369.0,1,White,Male,25-34,90.0,Loan originated
1,705000.0,43,885000.0,210.0,1,Hispanic or Latino,Joint,>74,80.0,Loan originated
1,755000.0,20%-<30%,1255000.0,257.0,1,Asian,Male,25-34,60.0,Loan originated
1,355000.0,44,445000.0,90.0,1,White,Joint,35-44,80.0,Loan originated
1,625000.0,43,785000.0,145.0,1,Hispanic or Latino,Joint,25-34,80.0,Loan originated
1,705000.0,38,1435000.0,193.0,1,Asian,Female,25-34,48.699,Loan originated
1,715000.0,48,755000.0,147.0,1,Hispanic or Latino,Joint,25-34,95.0,Loan originated
1,435000.0,48,605000.0,92.0,1,White,Female,45-54,71.9,Loan originated
1,405000.0,42,495000.0,129.0,1,Asian,Joint,25-34,81.62,Loan originated
1,485000.0,47,515000.0,98.0,1,Hispanic or Latino,Joint,45-54,94.913,Loan originated
1,855000.0,36,1475000.0,240.0,1,White,Joint,45-54,58.621,Loan originated
1,605000.0,38,715000.0,264.0,1,Hispanic or Latino,Joint,35-44,85.0,Loan originated
1,535000.0,47,565000.0,138.0,1,Hispanic or Latino,Male,25-34,95.0,Loan originated
1,395000.0,42,495000.0,123.0,1,Asian,Male,25-34,80.0,Loan originated
1,345000.0,30%-<36%,1115000.0,140.0,1,Hispanic or Latino,Joint,35-44,30.804,Loan originated
1,855000.0,45,955000.0,191.0,1,White,Male,35-44,90.0,Loan originated
1,195000.0,46,205000.0,102.0,1,White,Female,45-54,95.66,Application denied
1,335000.0,36,355000.0,99.0,1,Hispanic or Latino,Joint,35-44,95.0,Loan originated
1,455000.0,43,655000.0,145.0,1,White,Female,35-44,70.0,Loan originated
1,555000.0,38,755000.0,148.0,1,White,Joint,35-44,73.529,Loan originated
1,355000.0,39,445000.0,133.0,1,White,Joint,25-34,80.0,Loan originated
1,405000.0,44,425000.0,112.0,1,Asian,Male,25-34,100.0,Loan originated
1,215000.0,37,285000.0,73.0,1,Hispanic or Latino,Female,55-64,75.0,Loan originated
1,305000.0,30%-<36%,1115000.0,894.0,1,White,Joint,25-34,26.91,Loan originated
1,245000.0,48,535000.0,73.0,1,White,Female,45-54,46.226,Loan originated
1,525000.0,48,635000.0,110.0,1,Hispanic or Latino,Female,55-64,83.09,Loan originated
1,605000.0,44,805000.0,159.0,1,White,Male,35-44,75.0,Loan originated
1,195000.0,49,455000.0,41.0,1,Hispanic or Latino,Joint,25-34,43.417,Application denied
1,565000.0,>60%,705000.0,21.0,1,Asian,Female,55-64,80.0,Application denied
1,515000.0,45,535000.0,226.0,1,Hispanic or Latino,Male,45-54,95.0,Loan originated
1,655000.0,20%-<30%,765000.0,238.0,1,Asian,Joint,45-54,85.01,Loan originated
1,475000.0,47,485000.0,109.0,1,Asian,Male,45-54,100.0,Loan originated
1,755000.0,41,1395000.0,188.0,1,Asian,Male,45-54,53.957,Loan originated
1,285000.0,49,305000.0,72.0,1,Hispanic or Latino,Female,<25,95.0,Loan originated
1,855000.0,40,895000.0,224.0,1,White,Joint,25-34,95.0,Loan originated
1,495000.0,>60%,525000.0,158.0,1,Hispanic or Latino,Female,25-34,95.0,Application denied
1,895000.0,48,1605000.0,270.0,1,White,Joint,35-44,56.189,Loan originated
1,1005000.0,30%-<36%,1105000.0,355.0,1,Asian,Joint,25-34,90.91,Application denied
1,965000.0,49,2565000.0,212.0,1,White,Joint,25-34,37.5,Loan originated
1,235000.0,41,235000.0,63.0,1,White,Male,65-74,97.0,Loan originated
1,675000.0,20%-<30%,835000.0,480.0,1,White,Joint,35-44,80.0,Loan originated
1,895000.0,39,1125000.0,225.0,1,White,Joint,35-44,80.0,Loan originated
1,1145000.0,30%-<36%,1675000.0,380.0,1,White,Joint,35-44,68.474,Loan originated
1,475000.0,48,505000.0,99.0,1,Hispanic or Latino,Male,35-44,95.0,Loan originated
1,405000.0,46,445000.0,158.0,1,White,Male,<25,90.0,Loan originated
1,485000.0,36,515000.0,128.0,1,Asian,Joint,35-44,95.0,Loan originated
1,415000.0,49,605000.0,122.0,1,Hispanic or Latino,Female,35-44,97.0,Loan originated
1,155000.0,30%-<36%,165000.0,65.0,1,White,Joint,65-74,95.0,Loan originated
1,225000.0,<20%,375000.0,120.0,1,White,Male,55-64,60.0,Loan originated
1,415000.0,20%-<30%,515000.0,195.0,1,Black or African American,Male,35-44,80.0,Loan originated
1,885000.0,20%-<30%,1105000.0,431.0,1,Asian,Female,55-64,80.0,Loan originated
1,85000.0,48,115000.0,61.0,1,Hispanic or Latino,Joint,25-34,80.0,Loan originated
1,405000.0,42,505000.0,97.0,1,Asian,Male,45-54,80.0,Loan originated
1,375000.0,42,475000.0,102.0,1,White,Male,25-34,100.0,Loan originated
1,495000.0,49,515000.0,138.0,1,White,Joint,45-54,100.0,Loan originated
1,475000.0,20%-<30%,585000.0,183.0,1,White,Female,55-64,80.0,Loan originated
1,645000.0,30%-<36%,805000.0,215.0,1,White,Joint,35-44,80.0,Loan originated
1,365000.0,50%-60%,405000.0,133.0,1,Hispanic or Latino,Joint,35-44,90.0,Application denied
1,785000.0,48,825000.0,213.0,1,White,Male,35-44,95.0,Loan originated
1,715000.0,47,785000.0,228.0,1,Asian,Joint,35-44,89.98,Loan originated
1,275000.0,44,375000.0,66.0,1,Hispanic or Latino,Female,35-44,75.0,Loan originated
1,135000.0,39,145000.0,54.0,1,Asian,Male,<25,566.768,Loan originated
1,825000.0,44,1035000.0,175.0,1,Asian,Male,35-44,80.0,Loan originated
1,245000.0,44,765000.0,74.0,1,White,Joint,65-74,31.89,Loan originated
1,95000.0,45,465000.0,85.0,1,Asian,Male,35-44,95.0,Loan originated
1,475000.0,42,495000.0,110.0,1,Asian,Female,35-44,94.952,Loan originated
1,965000.0,30%-<36%,1375000.0,313.0,1,White,Joint,25-34,70.0,Loan originated
1,475000.0,20%-<30%,635000.0,173.0,1,Asian,Male,35-44,75.0,Loan originated
1,955000.0,36,1195000.0,271.0,1,Other,Female,25-34,80.0,Loan originated
1,385000.0,42,435000.0,112.0,1,White,Joint,25-34,90.0,Loan originated
1,405000.0,47,455000.0,91.0,1,Asian,Joint,35-44,90.0,Loan originated
1,775000.0,38,825000.0,232.0,1,Asian,Joint,35-44,95.0,Loan originated
1,285000.0,46,295000.0,97.0,1,White,Female,25-34,95.0,Loan originated
1,415000.0,42,515000.0,95.0,1,Hispanic or Latino,Joint,55-64,80.0,Loan originated
1,705000.0,36,1985000.0,225.0,1,White,Male,65-74,35.247,Loan originated
1,695000.0,50%-60%,735000.0,110.0,1,Hispanic or Latino,Male,35-44,96.837,Loan originated
1,925000.0,46,1155000.0,206.0,1,Asian,Male,25-34,80.0,Loan originated
1,205000.0,41,305000.0,57.0,1,Hispanic or Latino,Male,25-34,65.574,Loan originated
1,715000.0,43,895000.0,159.0,1,White,Joint,45-54,80.0,Loan originated
1,765000.0,43,925000.0,233.0,1,Asian,Joint,25-34,82.703,Loan originated
1,665000.0,20%-<30%,825000.0,355.0,1,White,Joint,25-34,80.0,Loan originated
1,515000.0,47,805000.0,120.0,1,White,Female,55-64,78.375,Loan originated
1,705000.0,46,1005000.0,303.0,1,White,Joint,25-34,70.0,Loan originated
1,765000.0,20%-<30%,1655000.0,449.0,1,White,Joint,45-54,46.364,Loan originated
1,855000.0,48,955000.0,300.0,1,White,Joint,45-54,90.0,Loan originated
1,1045000.0,45,1315000.0,259.0,1,Asian,Joint,25-34,80.0,Loan originated
1,415000.0,47,445000.0,104.0,1,Asian,Joint,45-54,95.0,Loan originated
1,455000.0,48,705000.0,95.0,1,White,Joint,25-34,65.0,Loan originated
1,415000.0,30%-<36%,765000.0,139.0,1,White,Male,25-34,53.947,Application denied
1,405000.0,44,415000.0,169.0,1,White,Female,55-64,97.0,Loan originated
1,685000.0,<20%,1285000.0,411.0,1,White,Joint,35-44,53.198,Loan originated
1,975000.0,30%-<36%,1225000.0,328.0,1,Asian,Joint,25-34,80.0,Loan originated
1,485000.0,41,615000.0,127.0,1,White,Male,35-44,80.0,Loan originated
1,605000.0,45,635000.0,145.0,1,Hispanic or Latino,Joint,25-34,98.0,Loan originated
1,595000.0,30%-<36%,745000.0,191.0,1,White,Joint,25-34,80.0,Loan originated
1,405000.0,46,1015000.0,121.0,1,Asian,Joint,55-64,39.5,Loan originated
1,615000.0,42,655000.0,173.0,1,Hispanic or Latino,Joint,35-44,95.0,Loan originated
1,1015000.0,45,1395000.0,269.0,1,White,Male,35-44,75.0,Loan originated
1,495000.0,44,755000.0,270.0,1,White,Joint,35-44,66.647,Loan originated
1,435000.0,39,545000.0,101.0,1,White,Joint,<25,80.0,Loan originated
1,255000.0,37,955000.0,158.0,1,White,Joint,65-74,26.316,Loan originated
1,755000.0,38,1025000.0,298.0,1,Asian,Male,35-44,73.05,Application denied
1,375000.0,45,645000.0,86.0,1,Black or African American,Female,65-74,57.279,Loan originated
1,695000.0,30%-<36%,755000.0,211.0,1,Hispanic or Latino,Joint,35-44,92.0,Loan originated
1,615000.0,42,815000.0,270.0,1,Black or African American,Joint,55-64,74.99,Loan originated
1,285000.0,41,365000.0,78.0,1,Hispanic or Latino,Female,25-34,80.0,Loan originated
1,945000.0,48,1175000.0,180.0,1,White,Male,25-34,80.0,Loan originated
1,265000.0,49,315000.0,108.0,1,Hispanic or Latino,Joint,25-34,85.0,Loan originated
1,555000.0,49,695000.0,110.0,1,Hispanic or Latino,Joint,35-44,90.0,Loan originated
1,335000.0,36,685000.0,99.0,1,White,Joint,55-64,48.543,Loan originated
1,215000.0,40,425000.0,85.0,1,Asian,Female,<25,50.0,Loan originated
1,425000.0,46,535000.0,111.0,1,White,Joint,65-74,80.0,Loan originated
1,495000.0,43,1405000.0,177.0,1,Hispanic or Latino,Female,55-64,35.527,Loan originated
1,615000.0,>60%,655000.0,95.0,1,Asian,Joint,35-44,95.0,Application denied
1,765000.0,48,925000.0,159.0,1,Hispanic or Latino,Female,35-44,82.865,Loan originated
1,515000.0,45,645000.0,198.0,1,Asian,Male,45-54,80.0,Loan originated
1,265000.0,49,325000.0,128.0,1,White,Joint,45-54,80.0,Loan originated
1,145000.0,30%-<36%,215000.0,54.0,1,White,Male,35-44,67.742,Loan originated
1,565000.0,49,705000.0,134.0,1,White,Male,65-74,80.0,Loan originated
1,1045000.0,44,1165000.0,254.0,1,White,Joint,35-44,89.99,Loan originated
1,15000.0,38,465000.0,102.0,1,Hispanic or Latino,Joint,35-44,100.0,Loan originated
1,645000.0,30%-<36%,805000.0,455.0,1,Asian,Male,35-44,80.0,Loan originated
1,715000.0,44,805000.0,206.0,1,Asian,Male,25-34,89.9,Loan originated
1,405000.0,48,515000.0,107.0,1,Hispanic or Latino,Female,45-54,80.0,Loan originated
1,765000.0,38,965000.0,195.0,1,White,Female,35-44,80.0,Loan originated
1,1115000.0,30%-<36%,1395000.0,314.0,1,Asian,Joint,25-34,80.0,Loan originated
1,505000.0,46,625000.0,105.0,1,Asian,Male,25-34,80.0,Loan originated
1,385000.0,49,405000.0,94.0,1,White,Male,35-44,95.0,Loan originated
1,585000.0,20%-<30%,735000.0,223.0,1,White,Joint,55-64,79.919,Loan originated
1,515000.0,30%-<36%,915000.0,140.0,1,Hispanic or Latino,Male,35-44,56.04,Loan originated
1,505000.0,36,905000.0,184.0,1,Asian,Male,35-44,55.556,Loan originated
1,695000.0,48,875000.0,194.0,1,Asian,Joint,25-34,80.0,Loan originated
1,375000.0,50%-60%,375000.0,83.0,1,Asian,Male,35-44,100.67,Application denied
1,405000.0,46,425000.0,94.0,1,White,Female,35-44,95.0,Loan originated
1,485000.0,47,505000.0,102.0,1,Hispanic or Latino,Joint,35-44,97.0,Loan originated
1,505000.0,48,885000.0,285.0,1,White,Joint,>74,56.261,Loan originated
1,595000.0,45,855000.0,167.0,1,White,Female,35-44,83.041,Loan originated
1,405000.0,30%-<36%,1215000.0,205.0,1,Asian,Male,45-54,33.058,Loan originated
1,515000.0,30%-<36%,605000.0,214.0,1,White,Male,25-34,85.0,Loan originated
1,425000.0,47,575000.0,177.0,1,Hispanic or Latino,Joint,45-54,75.0,Loan originated
1,475000.0,48,1375000.0,160.0,1,White,Joint,65-74,34.54,Loan originated
1,585000.0,<20%,985000.0,283.0,1,White,Female,35-44,59.184,Loan originated
1,695000.0,42,875000.0,195.0,1,Hispanic or Latino,Male,45-54,80.0,Loan originated
1,275000.0,37,345000.0,70.0,1,Hispanic or Latino,Male,25-34,80.0,Loan originated
1,235000.0,30%-<36%,775000.0,116.0,1,White,Joint,55-64,30.68,Loan originated
1,235000.0,30%-<36%,875000.0,130.0,1,White,Male,25-34,26.437,Loan originated
1,255000.0,50%-60%,275000.0,109.0,1,Hispanic or Latino,Female,25-34,95.0,Application denied
1,965000.0,49,1375000.0,211.0,1,White,Male,45-54,70.0,Loan originated
1,785000.0,>60%,815000.0,192.0,1,Black or African American,Female,35-44,97.0,Application denied
1,455000.0,40,565000.0,161.0,1,White,Joint,45-54,80.0,Loan originated
1,975000.0,30%-<36%,1025000.0,365.0,1,Asian,Joint,35-44,95.0,Loan originated
1,565000.0,47,595000.0,120.0,1,White,Male,25-34,95.0,Loan originated
1,375000.0,48,605000.0,93.0,1,Asian,Female,25-34,66.0,Loan originated
1,925000.0,44,1335000.0,22.0,1,Asian,Joint,65-74,69.17,Loan originated
1,595000.0,48,745000.0,279.0,1,Asian,Joint,45-54,80.0,Loan originated
1,415000.0,20%-<30%,915000.0,169.0,1,Hispanic or Latino,Female,45-54,45.05,Loan originated
1,225000.0,49,265000.0,60.0,1,Hispanic or Latino,Male,45-54,86.0,Application denied
1,985000.0,42,1535000.0,257.0,1,Asian,Joint,35-44,64.052,Loan originated
1,415000.0,40,515000.0,181.0,1,White,Joint,35-44,80.0,Loan originated
1,185000.0,42,235000.0,84.0,1,Hispanic or Latino,Female,45-54,80.0,Loan originated
1,795000.0,46,995000.0,377.0,1,White,Male,25-34,80.0,Loan originated
1,1055000.0,40,1555000.0,250.0,1,Asian,Male,35-44,67.742,Loan originated
1,625000.0,44,785000.0,165.0,1,White,Joint,25-34,80.0,Loan originated
1,625000.0,41,665000.0,142.0,1,Hispanic or Latino,Male,35-44,95.0,Loan originated
1,545000.0,30%-<36%,725000.0,213.0,1,Asian,Male,35-44,74.91,Loan originated
1,185000.0,20%-<30%,195000.0,120.0,1,White,Female,35-44,94.95,Application denied
1,765000.0,30%-<36%,955000.0,201.0,1,White,Female,25-34,80.0,Loan originated
1,815000.0,41,1025000.0,290.0,1,White,Female,55-64,80.0,Loan originated
1,825000.0,20%-<30%,1025000.0,357.0,1,White,Female,35-44,80.0,Loan originated
1,955000.0,41,1405000.0,247.0,1,Asian,Male,25-34,67.86,Loan originated
1,695000.0,40,1105000.0,184.0,1,White,Female,45-54,62.693,Loan originated
1,445000.0,20%-<30%,555000.0,194.0,1,White,Joint,35-44,80.0,Loan originated
1,755000.0,43,2355000.0,460.0,1,White,Female,65-74,31.915,Loan originated
1,505000.0,43,625000.0,134.0,1,White,Male,25-34,80.0,Loan originated
1,895000.0,41,1115000.0,216.0,1,White,Female,35-44,80.0,Loan originated
1,605000.0,45,755000.0,122.0,1,White,Male,45-54,80.0,Application denied
1,315000.0,43,515000.0,77.0,1,White,Female,55-64,60.932,Loan originated
1,555000.0,30%-<36%,735000.0,322.0,1,Asian,Joint,25-34,75.0,Loan originated
1,995000.0,38,1325000.0,261.0,1,Asian,Joint,25-34,75.0,Loan originated
1,565000.0,49,595000.0,133.0,1,Asian,Female,25-34,95.0,Loan originated
1,755000.0,47,1155000.0,186.0,1,Asian,Male,25-34,66.0,Loan originated
1,845000.0,44,1205000.0,214.0,1,Asian,Female,25-34,70.0,Loan originated
1,425000.0,46,435000.0,127.0,1,Asian,Male,25-34,97.0,Application denied
1,535000.0,39,595000.0,128.0,1,Hispanic or Latino,Joint,45-54,90.0,Loan originated
1,1145000.0,42,1355000.0,320.0,1,White,Joint,25-34,85.0,Loan originated
1,235000.0,47,635000.0,61.0,1,White,Joint,65-74,37.0,Loan originated
1,435000.0,20%-<30%,545000.0,181.0,1,Asian,Male,25-34,80.0,Loan originated
1,865000.0,47,1075000.0,203.0,1,Hispanic or Latino,Joint,35-44,80.0,Loan originated
1,505000.0,47,805000.0,128.0,1,White,Male,65-74,63.0,Loan originated
1,325000.0,45,405000.0,71.0,1,White,Male,25-34,80.0,Loan originated
1,635000.0,37,795000.0,223.0,1,Asian,Joint,25-34,80.0,Loan originated
1,325000.0,20%-<30%,955000.0,171.0,1,White,Joint,25-34,33.681,Loan originated
1,395000.0,41,495000.0,98.0,1,White,Joint,35-44,80.0,Loan originated
1,705000.0,45,875000.0,175.0,1,Asian,Male,25-34,80.0,Loan originated
1,785000.0,30%-<36%,975000.0,309.0,1,Asian,Joint,25-34,80.0,Loan originated
1,675000.0,49,725000.0,168.0,1,White,Joint,45-54,93.0,Loan originated
1,1005000.0,46,1935000.0,290.0,1,Asian,Female,35-44,51.666,Loan originated
1,495000.0,49,695000.0,150.0,1,White,Joint,45-54,72.029,Loan originated
1,1145000.0,20%-<30%,1535000.0,428.0,1,Hispanic or Latino,Joint,25-34,74.805,Loan originated
1,1005000.0,41,1555000.0,231.0,1,Asian,Male,25-34,64.517,Loan originated
1,595000.0,46,695000.0,187.0,1,White,Joint,45-54,86.16,Loan originated
1,655000.0,20%-<30%,875000.0,314.0,1,White,Male,35-44,74.971,Loan originated
1,625000.0,39,655000.0,165.0,1,Hispanic or Latino,Female,55-64,95.0,Loan originated
1,485000.0,44,615000.0,125.0,1,Hispanic or Latino,Joint,35-44,80.0,Application denied
1,865000.0,40,1085000.0,201.0,1,Asian,Male,35-44,80.0,Loan originated
1,475000.0,44,535000.0,119.0,1,Asian,Female,35-44,90.0,Loan originated
1,765000.0,41,835000.0,209.0,1,White,Joint,35-44,92.349,Loan originated
1,465000.0,37,495000.0,158.0,1,Hispanic or Latino,Joint,25-34,95.0,Loan originated
1,355000.0,39,955000.0,107.0,1,Asian,Female,45-54,38.36,Loan originated
1,1145000.0,43,1615000.0,281.0,1,Asian,Joint,35-44,71.418,Loan originated
1,485000.0,40,505000.0,63.0,1,White,Joint,25-34,97.0,Loan originated
1,475000.0,40,605000.0,146.0,1,Asian,Male,25-34,79.87,Loan originated
1,945000.0,44,1265000.0,210.0,1,Asian,Joint,25-34,75.0,Loan originated
1,295000.0,>60%,465000.0,45.0,1,Asian,Male,35-44,65.0,Loan originated
1,295000.0,30%-<36%,305000.0,88.0,1,White,Male,35-44,97.0,Loan originated
1,455000.0,46,605000.0,196.0,1,White,Joint,55-64,75.0,Loan originated
1,615000.0,39,765000.0,160.0,1,Hispanic or Latino,Male,35-44,80.0,Loan originated
1,475000.0,30%-<36%,495000.0,150.0,1,Hispanic or Latino,Joint,25-34,97.0,Loan originated
1,1045000.0,46,1175000.0,251.0,1,White,Joint,25-34,88.511,Loan originated
1,675000.0,>60%,715000.0,145.0,1,Hispanic or Latino,Male,45-54,95.0,Application denied
1,735000.0,45,985000.0,447.0,1,White,Female,55-64,75.0,Loan originated
1,215000.0,46,785000.0,66.0,1,White,Female,55-64,27.439,Loan originated
1,5000.0,45,285000.0,63.0,1,White,Male,35-44,100.0,Loan originated
1,365000.0,47,455000.0,72.0,1,Hispanic or Latino,Female,35-44,80.0,Loan originated
1,705000.0,30%-<36%,875000.0,222.0,1,Asian,Female,35-44,80.0,Loan originated
1,1015000.0,30%-<36%,1275000.0,833.0,1,Black or African American,Joint,45-54,80.0,Loan originated
1,1075000.0,>60%,1075000.0,150.0,1,White,Joint,35-44,100.36,Application denied
1,565000.0,47,575000.0,191.0,1,Black or African American,Joint,55-64,97.0,Application denied
1,765000.0,41,815000.0,189.0,1,Asian,Female,45-54,94.568,Loan originated
1,435000.0,47,675000.0,97.0,1,Hispanic or Latino,Male,55-64,65.0,Application denied
1,635000.0,49,675000.0,167.0,1,Asian,Male,35-44,94.037,Loan originated
1,405000.0,40,505000.0,107.0,1,Hispanic or Latino,Male,35-44,80.0,Loan originated
1,805000.0,42,3975000.0,240.0,1,White,Female,45-54,20.116,Loan originated
1,1135000.0,43,1195000.0,360.0,1,Asian,Joint,35-44,94.997,Loan originated
1,365000.0,49,515000.0,93.0,1,Hispanic or Latino,Male,25-34,70.0,Loan originated
1,195000.0,20%-<30%,815000.0,101.0,1,Asian,Male,25-34,24.81,Loan originated
1,955000.0,49,1105000.0,202.0,1,White,Joint,25-34,86.77,Loan originated
1,535000.0,20%-<30%,1535000.0,274.0,1,Asian,Joint,35-44,34.98,Loan originated
1,885000.0,44,955000.0,193.0,1,Hispanic or Latino,Male,35-44,93.584,Loan originated
1,505000.0,40,685000.0,137.0,1,Asian,Joint,35-44,75.0,Loan originated
1,955000.0,43,1005000.0,273.0,1,White,Joint,35-44,95.0,Loan originated
1,515000.0,36,735000.0,384.0,1,Asian,Male,35-44,69.388,Loan originated
1,405000.0,49,555000.0,70.0,1,Hispanic or Latino,Female,45-54,72.851,Loan originated
1,385000.0,47,465000.0,95.0,1,Asian,Male,25-34,81.0,Loan originated
1,395000.0,40,525000.0,205.0,1,White,Joint,55-64,75.0,Loan originated
1,385000.0,44,385000.0,106.0,1,White,Joint,35-44,49.105,Loan originated
1,365000.0,36,495000.0,118.0,1,White,Male,25-34,75.0,Loan originated
1,835000.0,39,1045000.0,240.0,1,White,Joint,35-44,80.0,Loan originated
1,845000.0,41,935000.0,205.0,1,Hispanic or Latino,Male,25-34,90.0,Loan originated
1,265000.0,20%-<30%,335000.0,114.0,1,White,Female,25-34,80.0,Loan originated
1,315000.0,46,325000.0,78.0,1,Asian,Female,45-54,97.0,Loan originated
1,675000.0,43,715000.0,144.0,1,Hispanic or Latino,Male,45-54,95.0,Loan originated
1,475000.0,39,595000.0,184.0,1,Hispanic or Latino,Joint,25-34,80.0,Loan originated
1,555000.0,44,605000.0,184.0,1,Asian,Female,35-44,93.16,Loan originated
1,485000.0,45,515000.0,184.0,1,Hispanic or Latino,Joint,35-44,95.0,Loan originated
1,505000.0,47,595000.0,206.0,1,Black or African American,Male,55-64,85.0,Loan originated
1,515000.0,20%-<30%,545000.0,231.0,1,Other,Male,45-54,95.0,Loan originated
1,395000.0,43,435000.0,74.0,1,Hispanic or Latino,Male,35-44,90.0,Loan originated
1,825000.0,20%-<30%,1175000.0,347.0,1,White,Joint,35-44,70.0,Loan originated
1,725000.0,47,1165000.0,162.0,1,White,Male,35-44,62.5,Loan originated
1,305000.0,47,375000.0,84.0,1,Black or African American,Female,25-34,80.0,Loan originated
1,295000.0,49,505000.0,72.0,1,Asian,Female,45-54,59.6,Loan originated
1,695000.0,48,865000.0,563.0,1,Hispanic or Latino,Joint,35-44,80.0,Loan originated
1,705000.0,44,745000.0,159.0,1,White,Joint,25-34,95.0,Loan originated
1,965000.0,30%-<36%,1215000.0,281.0,1,White,Male,45-54,80.0,Loan originated
1,285000.0,41,365000.0,84.0,1,Hispanic or Latino,Male,55-64,80.0,Loan originated
1,635000.0,41,675000.0,175.0,1,Asian,Male,25-34,95.0,Loan originated
1,675000.0,43,755000.0,144.0,1,Asian,Male,35-44,90.0,Loan originated
1,765000.0,38,1665000.0,430.0,1,White,Joint,35-44,46.039,Loan originated
1,325000.0,47,825000.0,93.0,1,White,Female,45-54,39.02,Loan originated
1,185000.0,50%-60%,195000.0,105.0,1,Hispanic or Latino,Female,45-54,93.0,Application denied
1,565000.0,42,625000.0,153.0,1,Black or African American,Joint,>74,90.0,Loan originated
1,465000.0,48,575000.0,123.0,1,White,Female,55-64,80.0,Application denied
1,455000.0,20%-<30%,655000.0,172.0,1,Hispanic or Latino,Joint,35-44,69.18,Loan originated
1,535000.0,46,665000.0,263.0,1,Asian,Female,35-44,80.0,Loan originated
1,765000.0,20%-<30%,905000.0,285.0,1,Asian,Joint,25-34,85.33,Loan originated
1,735000.0,30%-<36%,825000.0,246.0,1,Other,Female,35-44,90.0,Loan originated
1,385000.0,46,635000.0,150.0,1,Hispanic or Latino,Female,35-44,60.317,Loan originated
1,435000.0,20%-<30%,545000.0,193.0,1,Black or African American,Male,25-34,80.0,Loan originated
1,705000.0,41,875000.0,181.0,1,Hispanic or Latino,Joint,35-44,79.992,Loan originated
1,785000.0,48,975000.0,238.0,1,Hispanic or Latino,Joint,25-34,80.0,Loan originated
1,285000.0,30%-<36%,385000.0,356.0,1,White,Joint,25-34,75.0,Loan originated
1,555000.0,39,615000.0,190.0,1,Hispanic or Latino,Female,<25,90.0,Application denied
1,665000.0,41,835000.0,267.0,1,Asian,Joint,45-54,80.0,Loan originated
1,685000.0,30%-<36%,915000.0,286.0,1,White,Joint,45-54,75.0,Loan originated
1,295000.0,49,415000.0,66.0,1,Hispanic or Latino,Female,45-54,69.38,Loan originated
1,195000.0,20%-<30%,555000.0,105.0,1,Asian,Female,55-64,35.857,Loan originated
1,285000.0,47,555000.0,104.0,1,Hispanic or Latino,Female,35-44,50.901,Loan originated
1,815000.0,41,905000.0,211.0,1,White,Female,25-34,90.0,Loan originated
1,665000.0,43,705000.0,187.0,1,Asian,Joint,25-34,95.0,Application denied
1,965000.0,30%-<36%,1205000.0,260.0,1,Asian,Male,35-44,80.0,Loan originated
1,845000.0,47,885000.0,313.0,1,Hispanic or Latino,Joint,25-34,95.0,Loan originated
1,325000.0,41,895000.0,89.0,1,Hispanic or Latino,Male,55-64,36.04,Loan originated
1,325000.0,43,735000.0,77.0,1,White,Joint,25-34,44.19,Loan originated
1,435000.0,44,455000.0,234.0,1,White,Joint,25-34,95.0,Loan originated
1,1045000.0,42,1315000.0,267.0,1,Asian,Male,25-34,79.091,Loan originated
1,665000.0,30%-<36%,715000.0,209.0,1,Hispanic or Latino,Joint,25-34,94.085,Loan originated
1,755000.0,49,1345000.0,144.0,1,White,Joint,35-44,55.76,Loan originated
1,505000.0,43,615000.0,163.0,1,Hispanic or Latino,Female,35-44,81.4,Loan originated
1,505000.0,37,1425000.0,643.0,1,Other,Joint,45-54,35.09,Loan originated
1,585000.0,20%-<30%,835000.0,604.0,1,Hispanic or Latino,Male,65-74,70.0,Loan originated
1,345000.0,37,435000.0,118.0,1,White,Joint,25-34,83.0,Loan originated
1,1095000.0,38,1375000.0,411.0,1,Hispanic or Latino,Joint,35-44,80.0,Loan originated
1,515000.0,20%-<30%,535000.0,202.0,1,Hispanic or Latino,Joint,25-34,97.0,Loan originated
1,535000.0,49,555000.0,113.0,1,Hispanic or Latino,Male,35-44,97.273,Loan originated
1,675000.0,20%-<30%,1225000.0,279.0,1,White,Male,45-54,55.328,Loan originated
1,1135000.0,37,1455000.0,343.0,1,Asian,Male,35-44,77.721,Loan originated
1,525000.0,37,665000.0,140.0,1,Asian,Male,55-64,80.0,Loan originated
1,1115000.0,40,1485000.0,441.0,1,Asian,Joint,25-34,75.0,Loan originated
1,305000.0,48,405000.0,128.0,1,Hispanic or Latino,Joint,55-64,75.0,Loan originated
1,315000.0,43,615000.0,92.0,1,Asian,Female,35-44,51.0,Loan originated
1,465000.0,44,585000.0,122.0,1,White,Male,<25,80.0,Loan originated
1,395000.0,46,455000.0,104.0,1,White,Male,25-34,87.0,Loan originated
1,685000.0,<20%,855000.0,1622.0,1,White,Female,35-44,80.0,Loan originated
1,665000.0,49,905000.0,135.0,1,Asian,Joint,45-54,74.0,Loan originated
1,275000.0,38,405000.0,121.0,1,Hispanic or Latino,Joint,<25,69.0,Loan originated
1,465000.0,30%-<36%,585000.0,140.0,1,White,Joint,25-34,80.0,Loan originated
1,205000.0,45,215000.0,57.0,1,Hispanic or Latino,Male,35-44,98.33,Loan originated
1,375000.0,20%-<30%,385000.0,151.0,1,Hispanic or Latino,Female,55-64,97.0,Loan originated
1,905000.0,50%-60%,1255000.0,300.0,1,White,Male,55-64,72.0,Application denied
1,655000.0,47,695000.0,296.0,1,Asian,Joint,55-64,95.0,Loan originated
1,405000.0,44,415000.0,122.0,1,Asian,Female,55-64,97.0,Loan originated
1,735000.0,20%-<30%,825000.0,323.0,1,White,Male,25-34,89.0,Loan originated
1,535000.0,20%-<30%,765000.0,218.0,1,White,Joint,35-44,70.395,Loan originated
1,665000.0,30%-<36%,895000.0,194.0,1,White,Male,35-44,75.0,Loan originated
1,85000.0,49,525000.0,32.0,1,Hispanic or Latino,Female,35-44,16.307,Loan originated
1,465000.0,36,585000.0,138.0,1,Hispanic or Latino,Female,25-34,96.923,Loan originated
1,935000.0,45,1585000.0,232.0,1,Asian,Male,25-34,59.367,Loan originated
1,295000.0,30%-<36%,365000.0,74.0,1,White,Female,45-54,80.0,Loan originated
1,735000.0,47,985000.0,195.0,1,Asian,Female,25-34,75.0,Loan originated
1,465000.0,20%-<30%,675000.0,243.0,1,Hispanic or Latino,Joint,25-34,68.657,Loan originated
1,385000.0,41,485000.0,106.0,1,White,Joint,55-64,80.0,Loan originated
1,495000.0,49,615000.0,175.0,1,White,Joint,35-44,80.0,Loan originated
1,1005000.0,47,1725000.0,220.0,1,White,Joint,35-44,57.971,Loan originated
1,785000.0,36,1385000.0,363.0,1,White,Male,65-74,56.576,Loan originated
1,505000.0,48,625000.0,150.0,1,White,Joint,55-64,79.366,Loan originated
1,645000.0,39,675000.0,159.0,1,Hispanic or Latino,Male,55-64,95.0,Loan originated
1,725000.0,50%-60%,775000.0,137.0,1,Black or African American,Male,55-64,96.532,Application denied
1,605000.0,46,755000.0,159.0,1,Hispanic or Latino,Joint,25-34,80.0,Loan originated
1,675000.0,49,715000.0,155.0,1,Black or African American,Male,25-34,95.0,Loan originated
1,175000.0,38,195000.0,48.0,1,White,Male,25-34,90.0,Loan originated
1,555000.0,30%-<36%,655000.0,242.0,1,White,Male,25-34,84.615,Loan originated
1,435000.0,42,455000.0,267.0,1,Other,Joint,35-44,95.0,Loan originated
1,485000.0,50%-60%,655000.0,181.0,1,White,Joint,25-34,73.846,Loan originated
1,785000.0,20%-<30%,975000.0,459.0,1,White,Joint,25-34,80.0,Loan originated
1,105000.0,39,335000.0,38.0,1,White,Male,65-74,30.31,Loan originated
1,475000.0,37,595000.0,205.0,1,White,Joint,25-34,80.0,Loan originated
1,405000.0,49,1225000.0,101.0,1,White,Joint,35-44,32.653,Loan originated
1,945000.0,30%-<36%,1785000.0,270.0,1,Asian,Joint,25-34,52.8,Loan originated
1,375000.0,30%-<36%,395000.0,124.0,1,White,Male,25-34,95.0,Loan originated
1,805000.0,20%-<30%,1155000.0,295.0,1,White,Joint,25-34,70.0,Loan originated
1,955000.0,38,1205000.0,404.0,1,White,Joint,35-44,79.101,Loan originated
1,845000.0,20%-<30%,1055000.0,407.0,1,White,Joint,25-34,80.0,Loan originated
1,905000.0,30%-<36%,1135000.0,293.0,1,White,Male,35-44,80.002,Loan originated
1,375000.0,49,395000.0,79.0,1,Black or African American,Male,55-64,97.506,Loan originated
1,895000.0,30%-<36%,1325000.0,241.0,1,Asian,Male,35-44,67.46,Loan originated
1,475000.0,46,595000.0,97.0,1,Hispanic or Latino,Male,35-44,79.498,Loan originated
1,715000.0,20%-<30%,895000.0,404.0,1,White,Joint,25-34,80.0,Loan originated
1,515000.0,45,715000.0,112.0,1,White,Male,25-34,72.095,Loan originated
1,1105000.0,39,1385000.0,263.0,1,Asian,Male,45-54,80.0,Loan originated
1,375000.0,49,875000.0,183.0,1,Hispanic or Latino,Male,35-44,42.857,Loan originated
1,875000.0,45,1255000.0,492.0,1,White,Female,55-64,70.0,Loan originated
1,825000.0,30%-<36%,1025000.0,267.0,1,White,Joint,35-44,80.0,Loan originated
1,595000.0,20%-<30%,635000.0,201.0,1,Asian,Joint,25-34,93.662,Loan originated
1,185000.0,<20%,955000.0,232.0,1,Asian,Joint,25-34,18.848,Loan originated
1,595000.0,>60%,855000.0,79.0,1,White,Joint,55-64,69.942,Application denied
1,735000.0,45,915000.0,209.0,1,Asian,Joint,35-44,80.0,Loan originated
1,645000.0,30%-<36%,665000.0,216.0,1,Hispanic or Latino,Joint,35-44,97.0,Loan originated
1,635000.0,<20%,1065000.0,13562.0,1,Asian,Male,25-34,60.0,Loan originated
1,135000.0,<20%,1225000.0,783.0,1,Hispanic or Latino,Joint,65-74,11.349,Loan originated
1,665000.0,>60%,895000.0,110.0,1,Asian,Joint,45-54,75.071,Application denied
1,955000.0,20%-<30%,2435000.0,472.0,1,White,Joint,25-34,38.776,Loan originated
1,125000.0,49,515000.0,55.0,1,White,Female,>74,24.54,Loan originated
1,395000.0,42,525000.0,170.0,1,Asian,Male,25-34,75.0,Loan originated
1,565000.0,44,625000.0,128.0,1,White,Male,25-34,93.0,Loan originated
1,545000.0,42,905000.0,174.0,1,Asian,Female,25-34,60.0,Loan originated
1,355000.0,47,545000.0,115.0,1,Asian,Female,25-34,65.0,Loan originated
1,605000.0,43,665000.0,159.0,1,Asian,Male,35-44,89.99,Loan originated
1,695000.0,49,865000.0,266.0,1,Hispanic or Latino,Joint,25-34,79.792,Loan originated
1,525000.0,44,585000.0,306.0,1,White,Joint,<25,89.655,Application denied
1,765000.0,41,1355000.0,326.0,1,Asian,Male,35-44,56.778,Loan originated
1,395000.0,43,455000.0,78.0,1,White,Male,35-44,87.46,Loan originated
1,725000.0,49,905000.0,114.0,1,Hispanic or Latino,Female,45-54,80.0,Application denied
1,355000.0,43,485000.0,89.0,1,Hispanic or Latino,Female,55-64,74.023,Loan originated
1,755000.0,46,885000.0,197.0,1,Asian,Joint,45-54,85.33,Loan originated
1,395000.0,44,485000.0,111.0,1,Asian,Female,25-34,100.0,Loan originated
1,535000.0,49,665000.0,115.0,1,Hispanic or Latino,Male,35-44,80.0,Loan originated
1,605000.0,46,755000.0,163.0,1,White,Female,25-34,80.0,Loan originated
1,325000.0,36,525000.0,166.0,1,Asian,Female,35-44,71.964,Loan originated
1,865000.0,49,1305000.0,196.0,1,Asian,Female,55-64,66.231,Loan originated
1,445000.0,42,535000.0,132.0,1,Hispanic or Latino,Joint,45-54,83.4,Loan originated
1,435000.0,45,985000.0,118.0,1,White,Joint,55-64,45.0,Loan originated
1,525000.0,38,655000.0,150.0,1,Hispanic or Latino,Female,35-44,80.0,Loan originated
1,705000.0,38,825000.0,417.0,1,Asian,Female,35-44,85.0,Loan originated
1,605000.0,43,865000.0,136.0,1,White,Joint,45-54,70.0,Loan originated
1,165000.0,20%-<30%,315000.0,102.0,1,Hispanic or Latino,Joint,25-34,52.681,Loan originated
1,375000.0,42,415000.0,148.0,1,Hispanic or Latino,Joint,35-44,91.985,Loan originated
1,355000.0,20%-<30%,365000.0,148.0,1,White,Female,25-34,97.0,Loan originated
1,375000.0,45,395000.0,78.0,1,Hispanic or Latino,Male,35-44,95.0,Loan originated
1,465000.0,36,1365000.0,180.0,1,Asian,Joint,25-34,33.921,Loan originated
1,725000.0,49,1825000.0,368.0,1,Black or African American,Male,65-74,39.726,Loan originated
1,465000.0,41,575000.0,230.0,1,White,Joint,25-34,80.0,Loan originated
1,955000.0,20%-<30%,1065000.0,379.0,1,Asian,Joint,25-34,89.99,Loan originated
1,505000.0,20%-<30%,3825000.0,383.0,1,Other,Male,35-44,13.072,Loan originated
1,495000.0,48,585000.0,305.0,1,Hispanic or Latino,Joint,<25,85.0,Loan originated
1,565000.0,44,595000.0,195.0,1,Hispanic or Latino,Male,35-44,95.0,Application denied
1,515000.0,37,645000.0,329.0,1,Asian,Female,45-54,80.0,Loan originated
1,555000.0,20%-<30%,695000.0,225.0,1,Asian,Joint,25-34,80.0,Loan originated
1,235000.0,36,295000.0,59.0,1,Other,Female,55-64,80.0,Loan originated
1,685000.0,38,775000.0,229.0,1,White,Male,35-44,88.364,Loan originated
1,495000.0,44,525000.0,238.0,1,White,Joint,35-44,95.0,Loan originated
1,395000.0,30%-<36%,545000.0,149.0,1,Hispanic or Latino,Female,25-34,72.628,Loan originated
1,395000.0,47,525000.0,137.0,1,White,Joint,35-44,75.0,Loan originated
1,495000.0,46,555000.0,128.0,1,White,Joint,25-34,90.0,Loan originated
1,105000.0,<20%,315000.0,101.0,1,White,Female,55-64,31.746,Loan originated
1,245000.0,42,465000.0,61.0,1,White,Female,65-74,53.261,Loan originated
1,435000.0,30%-<36%,545000.0,187.0,1,Hispanic or Latino,Male,45-54,80.0,Loan originated
1,755000.0,30%-<36%,795000.0,188.0,1,Asian,Joint,25-34,94.99,Loan originated
1,225000.0,46,825000.0,74.0,1,Asian,Female,45-54,26.829,Loan originated
1,155000.0,37,245000.0,127.0,1,Asian,Joint,25-34,64.49,Loan originated
1,425000.0,49,445000.0,106.0,1,Black or African American,Joint,45-54,97.0,Application denied
1,515000.0,48,545000.0,157.0,1,Hispanic or Latino,Joint,45-54,97.0,Loan originated
1,365000.0,46,425000.0,85.0,1,Hispanic or Latino,Joint,45-54,87.941,Loan originated
1,1025000.0,30%-<36%,1205000.0,283.0,1,Asian,Joint,25-34,88.0,Loan originated
1,505000.0,>60%,605000.0,12.0,1,White,Female,55-64,83.333,Application denied
1,355000.0,41,755000.0,88.0,1,Asian,Male,35-44,47.02,Loan originated
1,235000.0,49,295000.0,48.0,1,Asian,Male,25-34,80.0,Loan originated
1,595000.0,30%-<36%,995000.0,176.0,1,Asian,Male,25-34,61.0,Loan originated
1,565000.0,49,705000.0,106.0,1,Hispanic or Latino,Joint,25-34,80.0,Loan originated
1,485000.0,20%-<30%,665000.0,199.0,1,White,Joint,35-44,73.562,Loan originated
1,575000.0,40,1175000.0,152.0,1,Asian,Male,25-34,49.0,Loan originated
1,525000.0,49,615000.0,100.0,1,Hispanic or Latino,Male,35-44,85.0,Loan originated
1,705000.0,30%-<36%,1055000.0,197.0,1,Asian,Male,35-44,66.041,Loan originated
1,765000.0,45,955000.0,316.0,1,Asian,Male,25-34,80.0,Loan originated
1,365000.0,30%-<36%,675000.0,121.0,1,Hispanic or Latino,Male,55-64,54.746,Loan originated
1,305000.0,42,395000.0,63.0,1,White,Male,65-74,76.962,Loan originated
1,295000.0,36,395000.0,208.0,1,White,Joint,55-64,75.0,Loan originated
1,385000.0,40,555000.0,85.0,1,Asian,Female,35-44,70.0,Loan originated
1,305000.0,48,425000.0,62.0,1,White,Female,45-54,100.0,Loan originated
1,165000.0,<20%,205000.0,212.0,1,Asian,Male,35-44,80.0,Application denied
1,295000.0,45,465000.0,85.0,1,White,Joint,>74,62.36,Loan originated
1,625000.0,38,1525000.0,212.0,1,Asian,Joint,45-54,40.789,Loan originated
1,345000.0,47,645000.0,92.0,1,White,Joint,25-34,53.49,Loan originated
1,905000.0,30%-<36%,1305000.0,893.0,1,White,Joint,25-34,69.231,Loan originated
1,1145000.0,40,1815000.0,313.0,1,Asian,Joint,35-44,64.0,Loan originated
1,665000.0,47,705000.0,126.0,1,White,Male,35-44,95.0,Loan originated
1,435000.0,20%-<30%,545000.0,161.0,1,White,Joint,35-44,85.0,Loan originated
1,515000.0,38,535000.0,151.0,1,White,Joint,25-34,95.0,Loan originated
1,625000.0,30%-<36%,785000.0,188.0,1,White,Joint,35-44,80.0,Loan originated
1,765000.0,50%-60%,865000.0,229.0,1,Asian,Joint,35-44,88.272,Application denied
1,905000.0,38,1295000.0,322.0,1,Asian,Male,25-34,70.0,Loan originated
1,975000.0,42,1225000.0,397.0,1,Asian,Male,55-64,79.559,Loan originated
1,535000.0,45,885000.0,375.0,1,Asian,Joint,>74,60.692,Loan originated
1,605000.0,<20%,755000.0,0.0,1,White,Male,35-44,80.0,Application denied
1,475000.0,41,595000.0,206.0,1,Hispanic or Latino,Joint,45-54,80.0,Loan originated
1,365000.0,30%-<36%,455000.0,108.0,1,White,Male,25-34,80.0,Loan originated
1,775000.0,37,1035000.0,286.0,1,Asian,Joint,25-34,75.0,Loan originated
1,645000.0,40,715000.0,159.0,1,White,Male,65-74,90.0,Loan originated
1,755000.0,41,795000.0,217.0,1,Hispanic or Latino,Joint,25-34,94.937,Loan originated
1,505000.0,43,675000.0,249.0,1,Asian,Joint,35-44,75.0,Loan originated
1,225000.0,30%-<36%,525000.0,96.0,1,Hispanic or Latino,Male,35-44,43.37,Loan originated
1,585000.0,48,735000.0,142.0,1,Hispanic or Latino,Female,35-44,80.0,Loan originated
1,535000.0,45,585000.0,132.0,1,Asian,Male,25-34,91.466,Loan originated
1,855000.0,39,1345000.0,250.0,1,Asian,Male,45-54,63.304,Loan originated
1,225000.0,30%-<36%,245000.0,64.0,1,Black or African American,Male,35-44,90.0,Loan originated
1,155000.0,49,725000.0,52.0,1,White,Female,65-74,21.0,Loan originated
1,555000.0,30%-<36%,855000.0,178.0,1,White,Joint,25-34,64.7,Loan originated
1,675000.0,44,1415000.0,185.0,1,White,Female,45-54,47.92,Loan originated
1,365000.0,37,425000.0,122.0,1,Hispanic or Latino,Joint,35-44,105.0,Loan originated
1,765000.0,38,855000.0,234.0,1,White,Male,35-44,90.0,Loan originated
1,335000.0,42,555000.0,89.0,1,Asian,Male,25-34,60.0,Loan originated
1,295000.0,<20%,695000.0,676.0,1,White,Male,65-74,42.029,Loan originated
1,765000.0,42,1155000.0,255.0,1,White,Joint,25-34,66.609,Loan originated
1,725000.0,44,905000.0,144.0,1,White,Male,25-34,80.0,Loan originated
1,1085000.0,40,1355000.0,347.0,1,White,Joint,25-34,80.0,Loan originated
1,325000.0,44,795000.0,60.0,1,White,Joint,35-44,40.05,Loan originated
1,445000.0,44,565000.0,297.0,1,Asian,Female,35-44,80.0,Loan originated
1,425000.0,30%-<36%,435000.0,156.0,1,Hispanic or Latino,Joint,35-44,96.71,Application denied
1,905000.0,20%-<30%,1195000.0,335.0,1,Asian,Joint,25-34,75.545,Loan originated
1,765000.0,49,815000.0,150.0,1,Hispanic or Latino,Male,35-44,94.0,Loan originated
1,755000.0,47,795000.0,183.0,1,Hispanic or Latino,Female,55-64,95.0,Loan originated
1,1055000.0,39,1055000.0,287.0,1,White,Male,35-44,100.0,Loan originated
1,1005000.0,30%-<36%,1715000.0,480.0,1,Asian,Joint,25-34,58.445,Loan originated
1,755000.0,41,905000.0,212.0,1,Asian,Male,25-34,83.368,Loan originated
1,205000.0,49,405000.0,56.0,1,White,Female,35-44,50.0,Loan originated
1,185000.0,47,585000.0,46.0,1,White,Male,25-34,31.034,Loan originated
1,685000.0,30%-<36%,855000.0,382.0,1,White,Joint,35-44,80.0,Loan originated
1,245000.0,49,475000.0,48.0,1,White,Female,65-74,52.211,Loan originated
1,685000.0,30%-<36%,1405000.0,279.0,1,White,Male,25-34,48.929,Loan originated
1,715000.0,40,895000.0,178.0,1,White,Male,25-34,80.0,Loan originated
1,585000.0,49,745000.0,120.0,1,White,Male,25-34,79.0,Loan originated
1,395000.0,37,495000.0,103.0,1,White,Joint,25-34,80.0,Loan originated
1,165000.0,39,385000.0,58.0,1,Hispanic or Latino,Female,25-34,91.351,Loan originated
1,415000.0,30%-<36%,435000.0,148.0,1,White,Female,35-44,95.0,Loan originated
1,355000.0,20%-<30%,855000.0,159.0,1,Hispanic or Latino,Male,45-54,41.176,Application denied
1,535000.0,44,565000.0,135.0,1,Asian,Male,25-34,95.0,Loan originated
1,335000.0,42,355000.0,79.0,1,White,Male,25-34,95.0,Loan originated
1,695000.0,20%-<30%,875000.0,248.0,1,Asian,Male,35-44,80.0,Loan originated
1,455000.0,40,895000.0,189.0,1,White,Joint,65-74,50.0,Loan originated
1,665000.0,49,735000.0,239.0,1,Hispanic or Latino,Male,35-44,89.8,Loan originated
1,745000.0,49,1015000.0,150.0,1,Asian,Female,25-34,73.103,Loan originated
1,385000.0,<20%,635000.0,278.0,1,White,Female,35-44,60.798,Loan originated
1,615000.0,20%-<30%,765000.0,213.0,1,Hispanic or Latino,Male,25-34,80.0,Application denied
1,485000.0,47,645000.0,139.0,1,Hispanic or Latino,Male,25-34,75.0,Loan originated
1,475000.0,30%-<36%,595000.0,167.0,1,Hispanic or Latino,Joint,25-34,80.0,Loan originated
1,555000.0,30%-<36%,1075000.0,206.0,1,White,Joint,25-34,51.17,Loan originated
1,965000.0,>60%,1205000.0,184.0,1,White,Joint,55-64,80.0,Application denied
1,855000.0,38,1075000.0,315.0,1,Asian,Joint,25-34,80.0,Loan originated
1,465000.0,30%-<36%,585000.0,219.0,1,Asian,Female,45-54,80.0,Loan originated
1,95000.0,<20%,1095000.0,261.0,1,Hispanic or Latino,Male,35-44,9.008,Loan originated
1,715000.0,44,745000.0,212.0,1,Asian,Male,35-44,100.0,Loan originated
1,635000.0,36,795000.0,175.0,1,Asian,Male,35-44,80.0,Loan originated
1,715000.0,30%-<36%,795000.0,219.0,1,Asian,Female,35-44,90.0,Loan originated
1,1065000.0,46,1325000.0,275.0,1,White,Joint,35-44,80.0,Loan originated
1,135000.0,49,395000.0,42.0,1,White,Female,65-74,34.177,Loan originated
1,675000.0,44,775000.0,171.0,1,Hispanic or Latino,Male,35-44,87.121,Loan originated
1,1005000.0,20%-<30%,1305000.0,372.0,1,White,Male,25-34,76.92,Loan originated
1,1105000.0,42,1325000.0,260.0,1,Asian,Joint,35-44,84.528,Loan originated
1,675000.0,30%-<36%,985000.0,198.0,1,Asian,Female,45-54,70.0,Loan originated
1,995000.0,46,1105000.0,503.0,1,Asian,Female,45-54,89.93,Loan originated
1,385000.0,47,405000.0,81.0,1,Hispanic or Latino,Female,25-34,94.545,Loan originated
1,725000.0,39,765000.0,272.0,1,Asian,Male,25-34,95.0,Loan originated
1,735000.0,38,1055000.0,189.0,1,Asian,Male,25-34,70.0,Loan originated
1,805000.0,43,1005000.0,262.0,1,Asian,Joint,<25,80.0,Loan originated
1,1145000.0,40,1455000.0,310.0,1,Asian,Joint,25-34,79.29,Loan originated
1,285000.0,41,355000.0,80.0,1,Hispanic or Latino,Male,25-34,80.0,Loan originated
1,565000.0,47,705000.0,146.0,1,White,Joint,55-64,80.0,Loan originated
1,305000.0,48,665000.0,79.0,1,Hispanic or Latino,Female,65-74,46.003,Loan originated
1,155000.0,46,315000.0,96.0,1,White,Joint,>74,48.388,Loan originated
1,485000.0,44,545000.0,146.0,1,White,Joint,25-34,89.815,Loan originated
1,495000.0,30%-<36%,1185000.0,204.0,1,White,Male,25-34,41.561,Loan originated
1,315000.0,44,395000.0,66.0,1,White,Joint,65-74,80.0,Loan originated
1,735000.0,46,985000.0,183.0,1,Black or African American,Joint,65-74,75.0,Loan originated
1,675000.0,39,845000.0,179.0,1,White,Joint,25-34,80.0,Loan originated
1,365000.0,<20%,1445000.0,3107.0,1,White,Joint,35-44,24.85,Loan originated
1,195000.0,41,225000.0,48.0,1,White,Female,65-74,90.0,Loan originated
1,345000.0,50%-60%,405000.0,80.0,1,Hispanic or Latino,Joint,45-54,87.125,Application denied
1,425000.0,44,425000.0,102.0,1,Black or African American,Male,25-34,100.0,Loan originated
1,995000.0,40,1665000.0,248.0,1,White,Joint,35-44,60.0,Loan originated
1,855000.0,36,1875000.0,257.0,1,Asian,Joint,25-34,46.0,Application denied
1,585000.0,42,845000.0,178.0,1,Asian,Joint,35-44,69.304,Loan originated
1,505000.0,<20%,855000.0,1641.0,1,Asian,Male,55-64,58.82,Loan originated
1,325000.0,48,1215000.0,102.0,1,Asian,Female,25-34,26.86,Loan originated
1,675000.0,39,845000.0,294.0,1,Asian,Joint,35-44,80.0,Loan originated
1,435000.0,48,1125000.0,110.0,1,Asian,Female,25-34,38.222,Loan originated
1,585000.0,40,655000.0,233.0,1,White,Male,25-34,90.0,Loan originated
1,345000.0,36,365000.0,159.0,1,Hispanic or Latino,Joint,25-34,95.0,Loan originated
1,125000.0,30%-<36%,155000.0,105.0,1,Hispanic or Latino,Joint,25-34,80.0,Loan originated
1,415000.0,40,465000.0,285.0,1,White,Male,35-44,90.0,Loan originated
1,385000.0,36,415000.0,107.0,1,Hispanic or Latino,Joint,35-44,95.0,Loan originated
1,395000.0,46,435000.0,162.0,1,White,Joint,55-64,90.0,Loan originated
1,665000.0,47,705000.0,184.0,1,White,Male,45-54,95.0,Loan originated
1,505000.0,20%-<30%,905000.0,259.0,1,White,Female,25-34,55.8,Loan originated
1,645000.0,50%-60%,925000.0,150.0,1,White,Joint,25-34,69.664,Application denied
1,215000.0,47,305000.0,112.0,1,White,Male,35-44,70.0,Loan originated
1,685000.0,20%-<30%,1605000.0,403.0,1,Asian,Joint,35-44,43.038,Loan originated
1,585000.0,49,1005000.0,150.0,1,Asian,Male,65-74,58.5,Loan originated
1,595000.0,49,855000.0,180.0,1,Asian,Male,35-44,70.0,Loan originated
1,605000.0,37,2495000.0,221.0,1,White,Male,25-34,25.0,Loan originated
1,715000.0,48,795000.0,184.0,1,White,Joint,25-34,89.99,Loan originated
1,305000.0,>60%,435000.0,46.0,1,White,Male,35-44,68.49,Application denied
1,445000.0,20%-<30%,525000.0,164.0,1,White,Female,35-44,85.0,Loan originated
1,595000.0,30%-<36%,805000.0,167.0,1,Asian,Male,45-54,74.875,Loan originated
1,785000.0,30%-<36%,985000.0,220.0,1,Asian,Joint,35-44,80.0,Application denied
1,845000.0,37,945000.0,271.0,1,Hispanic or Latino,Male,45-54,90.0,Loan originated
1,725000.0,20%-<30%,1035000.0,252.0,1,White,Joint,35-44,70.0,Loan originated
1,295000.0,39,305000.0,81.0,1,Hispanic or Latino,Joint,65-74,95.0,Loan originated
1,435000.0,49,485000.0,96.0,1,Hispanic or Latino,Male,45-54,90.0,Application denied
1,355000.0,38,365000.0,111.0,1,Hispanic or Latino,Joint,25-34,97.0,Loan originated
1,325000.0,44,435000.0,114.0,1,White,Joint,25-34,95.0,Loan originated
1,195000.0,46,605000.0,128.0,1,White,Joint,55-64,31.667,Loan originated
1,1025000.0,39,1285000.0,270.0,1,White,Male,25-34,79.77,Loan originated
1,325000.0,43,415000.0,77.0,1,Hispanic or Latino,Joint,25-34,80.0,Loan originated
1,325000.0,45,515000.0,171.0,1,White,Female,35-44,62.745,Loan originated
1,735000.0,46,925000.0,244.0,1,White,Joint,55-64,80.0,Loan originated
1,975000.0,20%-<30%,1675000.0,602.0,1,Asian,Male,25-34,58.209,Loan originated
1,165000.0,30%-<36%,425000.0,54.0,1,Hispanic or Latino,Female,65-74,39.286,Loan originated
1,345000.0,40,685000.0,182.0,1,White,Joint,55-64,50.0,Loan originated
1,435000.0,45,685000.0,102.0,1,White,Joint,55-64,63.15,Loan originated
1,415000.0,45,425000.0,108.0,1,Hispanic or Latino,Female,45-54,96.48,Loan originated
1,695000.0,49,735000.0,201.0,1,Hispanic or Latino,Female,45-54,95.0,Loan originated
1,515000.0,>60%,685000.0,63.0,1,Asian,Female,35-44,75.09,Application denied
1,1005000.0,30%-<36%,2525000.0,646.0,1,White,Male,45-54,39.59,Loan originated
1,215000.0,30%-<36%,255000.0,75.0,1,White,Joint,65-74,85.0,Loan originated
1,545000.0,44,645000.0,141.0,1,Asian,Female,45-54,85.0,Loan originated
1,905000.0,20%-<30%,1755000.0,395.0,1,White,Joint,35-44,51.429,Loan originated
1,555000.0,47,685000.0,106.0,1,White,Male,35-44,80.0,Loan originated
1,455000.0,43,725000.0,106.0,1,White,Male,25-34,62.069,Loan originated
1,545000.0,30%-<36%,675000.0,184.0,1,Asian,Male,45-54,80.0,Loan originated
1,445000.0,46,595000.0,276.0,1,Hispanic or Latino,Male,65-74,75.0,Loan originated
1,1045000.0,48,1305000.0,310.0,1,Asian,Joint,45-54,80.0,Loan originated
1,655000.0,46,1535000.0,188.0,1,Asian,Female,35-44,42.345,Loan originated
1,485000.0,47,505000.0,116.0,1,Hispanic or Latino,Joint,45-54,97.0,Loan originated
1,635000.0,30%-<36%,715000.0,265.0,1,Asian,Joint,55-64,90.0,Loan originated
1,205000.0,40,215000.0,107.0,1,Asian,Female,35-44,95.0,Loan originated
1,355000.0,45,1255000.0,101.0,1,Asian,Male,35-44,27.977,Loan originated
1,455000.0,20%-<30%,1025000.0,210.0,1,Asian,Male,35-44,44.118,Loan originated
1,255000.0,43,995000.0,108.0,1,Asian,Joint,35-44,25.2,Loan originated
1,405000.0,30%-<36%,825000.0,130.0,1,White,Male,35-44,48.485,Loan originated
1,795000.0,40,995000.0,325.0,1,Asian,Joint,45-54,80.0,Loan originated
1,275000.0,30%-<36%,345000.0,125.0,1,Hispanic or Latino,Joint,25-34,80.0,Loan originated
1,645000.0,41,805000.0,170.0,1,Asian,Female,25-34,80.0,Loan originated
1,335000.0,49,355000.0,136.0,1,Hispanic or Latino,Joint,35-44,95.0,Loan originated
1,705000.0,37,755000.0,201.0,1,Hispanic or Latino,Joint,35-44,93.33,Loan originated
1,315000.0,48,415000.0,73.0,1,Hispanic or Latino,Male,35-44,74.964,Loan originated
1,55000.0,37,95000.0,59.0,1,White,Male,65-74,65.0,Loan originated
1,835000.0,38,1185000.0,200.0,1,Asian,Female,35-44,70.0,Loan originated
1,305000.0,48,315000.0,85.0,1,Hispanic or Latino,Joint,25-34,102.91,Loan originated
1,645000.0,20%-<30%,1065000.0,293.0,1,White,Male,35-44,60.943,Loan originated
1,475000.0,39,525000.0,124.0,1,Hispanic or Latino,Male,45-54,90.0,Loan originated
1,685000.0,38,765000.0,196.0,1,White,Joint,25-34,90.0,Loan originated
1,325000.0,40,365000.0,81.0,1,White,Female,25-34,90.0,Loan originated
1,955000.0,40,1395000.0,406.0,1,White,Joint,35-44,89.98,Loan originated
1,445000.0,36,645000.0,121.0,1,White,Male,25-34,68.75,Loan originated
1,745000.0,49,805000.0,176.0,1,Hispanic or Latino,Male,25-34,93.0,Loan originated
1,335000.0,30%-<36%,415000.0,245.0,1,White,Joint,55-64,80.0,Loan originated
1,805000.0,48,895000.0,170.0,1,White,Male,25-34,89.27,Loan originated
1,495000.0,47,655000.0,149.0,1,Asian,Joint,25-34,75.0,Loan originated
1,695000.0,40,1005000.0,309.0,1,Asian,Joint,35-44,89.99,Loan originated
1,575000.0,36,605000.0,146.0,1,Asian,Joint,25-34,95.0,Loan originated
1,915000.0,30%-<36%,1225000.0,348.0,1,White,Male,35-44,75.0,Loan originated
1,205000.0,49,845000.0,64.0,1,White,Female,65-74,23.53,Loan originated
1,305000.0,41,385000.0,83.0,1,Hispanic or Latino,Male,35-44,80.0,Loan originated
1,725000.0,30%-<36%,915000.0,426.0,1,White,Joint,25-34,80.0,Loan originated
1,505000.0,49,785000.0,126.0,1,White,Joint,65-74,63.613,Loan originated
1,905000.0,46,955000.0,212.0,1,White,Joint,25-34,95.0,Loan originated
1,695000.0,39,765000.0,206.0,1,White,Joint,45-54,90.0,Loan originated
1,625000.0,>60%,835000.0,87.0,1,White,Male,55-64,75.0,Application denied
1,555000.0,20%-<30%,1005000.0,188.0,1,Asian,Female,25-34,55.0,Loan originated
1,335000.0,40,355000.0,81.0,1,White,Joint,55-64,94.571,Loan originated
1,575000.0,44,605000.0,166.0,1,Asian,Male,35-44,94.23,Loan originated
1,995000.0,43,1105000.0,271.0,1,Asian,Male,25-34,89.994,Loan originated
1,835000.0,<20%,1045000.0,1362.0,1,White,Joint,45-54,80.0,Loan originated
1,345000.0,39,435000.0,93.0,1,Hispanic or Latino,Female,25-34,80.0,Loan originated
1,785000.0,<20%,975000.0,2716.0,1,Hispanic or Latino,Male,25-34,80.0,Loan originated
1,315000.0,44,345000.0,80.0,1,White,Male,25-34,90.0,Loan originated
1,575000.0,36,775000.0,179.0,1,Asian,Male,25-34,75.0,Loan originated
1,725000.0,42,815000.0,165.0,1,Hispanic or Latino,Joint,35-44,90.0,Loan originated
1,665000.0,30%-<36%,765000.0,230.0,1,Asian,Male,35-44,86.98,Loan originated
1,1025000.0,49,1365000.0,200.0,1,White,Male,35-44,75.0,Loan originated
1,305000.0,36,645000.0,110.0,1,White,Female,35-44,46.875,Loan originated
1,205000.0,39,235000.0,99.0,1,White,Female,25-34,85.86,Loan originated
1,625000.0,49,875000.0,290.0,1,Hispanic or Latino,Male,<25,71.26,Loan originated
1,365000.0,48,455000.0,74.0,1,Hispanic or Latino,Male,55-64,80.0,Application denied
1,1095000.0,<20%,1835000.0,788.0,1,Asian,Joint,45-54,60.0,Loan originated
1,445000.0,46,555000.0,100.0,1,Black or African American,Male,35-44,80.0,Loan originated
1,345000.0,47,545000.0,89.0,1,Black or African American,Female,35-44,63.035,Loan originated
1,685000.0,46,725000.0,150.0,1,Hispanic or Latino,Male,45-54,95.0,Loan originated
1,735000.0,48,775000.0,220.0,1,Asian,Joint,35-44,94.99,Loan originated
1,275000.0,20%-<30%,345000.0,107.0,1,Asian,Male,25-34,80.0,Loan originated
1,325000.0,47,335000.0,68.0,1,Hispanic or Latino,Male,35-44,97.0,Loan originated
1,555000.0,40,1085000.0,213.0,1,Asian,Joint,55-64,50.854,Loan originated
1,645000.0,30%-<36%,805000.0,343.0,1,White,Joint,35-44,80.0,Loan originated
1,855000.0,41,895000.0,405.0,1,Hispanic or Latino,Joint,25-34,95.0,Loan originated
1,1135000.0,36,1425000.0,302.0,1,White,Joint,35-44,80.0,Loan originated
1,705000.0,41,875000.0,206.0,1,Black or African American,Male,35-44,80.0,Loan originated
1,645000.0,40,815000.0,253.0,1,White,Female,25-34,80.0,Loan originated
1,1045000.0,42,1315000.0,519.0,1,Asian,Joint,55-64,80.0,Loan originated
1,615000.0,37,885000.0,212.0,1,White,Male,45-54,70.0,Loan originated
1,415000.0,48,985000.0,93.0,1,White,Joint,25-34,96.54,Loan originated
1,315000.0,30%-<36%,335000.0,298.0,1,White,Female,25-34,95.0,Loan originated
1,285000.0,45,365000.0,79.0,1,White,Male,35-44,80.0,Loan originated
1,695000.0,36,865000.0,205.0,1,Black or African American,Female,35-44,80.0,Loan originated
1,485000.0,37,665000.0,130.0,1,Asian,Male,<25,73.292,Loan originated
1,425000.0,40,525000.0,120.0,1,White,Male,25-34,100.0,Loan originated
1,535000.0,46,715000.0,199.0,1,Hispanic or Latino,Female,45-54,75.0,Loan originated
1,305000.0,46,405000.0,70.0,1,Hispanic or Latino,Male,45-54,75.0,Loan originated
1,635000.0,44,705000.0,230.0,1,White,Joint,35-44,90.0,Loan originated
1,1145000.0,30%-<36%,1475000.0,281.0,1,Asian,Joint,25-34,78.0,Loan originated
1,405000.0,49,505000.0,102.0,1,Hispanic or Latino,Joint,25-34,80.0,Loan originated
1,445000.0,30%-<36%,635000.0,135.0,1,White,Male,35-44,69.995,Loan originated
1,665000.0,42,745000.0,155.0,1,White,Male,45-54,90.0,Loan originated
1,275000.0,37,605000.0,84.0,1,Hispanic or Latino,Joint,35-44,88.5,Loan originated
1,495000.0,20%-<30%,685000.0,245.0,1,White,Joint,35-44,71.53,Loan originated
1,1045000.0,39,1315000.0,287.0,1,Asian,Female,25-34,80.0,Loan originated
1,795000.0,45,885000.0,312.0,1,White,Male,35-44,90.0,Loan originated
1,535000.0,49,685000.0,107.0,1,Asian,Joint,25-34,78.1,Loan originated
1,615000.0,30%-<36%,875000.0,185.0,1,Asian,Joint,35-44,70.0,Loan originated
1,725000.0,38,805000.0,202.0,1,Hispanic or Latino,Female,25-34,90.0,Loan originated
1,765000.0,<20%,885000.0,2527.0,1,White,Male,>74,86.519,Loan originated
1,325000.0,47,525000.0,90.0,1,White,Male,35-44,61.853,Loan originated
1,695000.0,30%-<36%,875000.0,200.0,1,Hispanic or Latino,Male,35-44,80.0,Loan originated
1,515000.0,20%-<30%,605000.0,240.0,1,Asian,Joint,55-64,85.0,Loan originated
1,525000.0,37,655000.0,165.0,1,White,Male,45-54,80.0,Loan originated
1,955000.0,39,1345000.0,283.0,1,White,Male,35-44,71.019,Loan originated
1,815000.0,30%-<36%,1025000.0,260.0,1,Asian,Female,25-34,80.0,Loan originated
1,485000.0,48,515000.0,105.0,1,White,Joint,25-34,95.0,Loan originated
1,565000.0,49,705000.0,179.0,1,Hispanic or Latino,Joint,35-44,80.0,Loan originated
1,445000.0,46,565000.0,110.0,1,Asian,Female,25-34,80.0,Loan originated
1,345000.0,30%-<36%,645000.0,137.0,1,White,Female,55-64,53.125,Loan originated
1,255000.0,40,525000.0,77.0,1,White,Male,55-64,47.619,Loan originated
1,445000.0,37,895000.0,239.0,1,Asian,Female,45-54,50.0,Loan originated
1,605000.0,30%-<36%,2005000.0,439.0,1,Hispanic or Latino,Joint,55-64,30.0,Loan originated
1,345000.0,20%-<30%,425000.0,136.0,1,Asian,Male,35-44,80.0,Loan originated
1,615000.0,40,635000.0,201.0,1,Other,Joint,25-34,97.0,Loan originated
1,665000.0,46,705000.0,206.0,1,Asian,Joint,55-64,95.0,Loan originated
1,405000.0,49,585000.0,104.0,1,Hispanic or Latino,Joint,55-64,70.0,Loan originated
1,365000.0,44,385000.0,169.0,1,Hispanic or Latino,Female,25-34,98.33,Loan originated
1,385000.0,<20%,515000.0,282.0,1,Hispanic or Latino,Joint,35-44,75.0,Loan originated
1,515000.0,49,635000.0,219.0,1,Asian,Male,45-54,80.0,Loan originated
1,255000.0,46,265000.0,57.0,1,Hispanic or Latino,Joint,25-34,93.98,Loan originated
1,405000.0,47,1355000.0,106.0,1,Asian,Female,35-44,29.778,Loan originated
1,465000.0,44,485000.0,156.0,1,Hispanic or Latino,Male,25-34,95.0,Loan originated
1,465000.0,30%-<36%,765000.0,176.0,1,White,Male,25-34,61.0,Loan originated
1,725000.0,38,845000.0,250.0,1,White,Female,25-34,86.548,Loan originated
1,515000.0,43,755000.0,145.0,1,White,Female,55-64,68.667,Loan originated
1,895000.0,47,995000.0,216.0,1,White,Joint,35-44,90.0,Loan originated
1,475000.0,49,535000.0,122.0,1,White,Female,35-44,90.0,Loan originated
1,1085000.0,49,1355000.0,246.0,1,White,Joint,25-34,80.0,Loan originated
1,15000.0,<20%,475000.0,102.0,1,Asian,Joint,25-34,100.0,Loan originated
1,675000.0,39,705000.0,239.0,1,Asian,Joint,25-34,95.0,Loan originated
1,825000.0,45,1035000.0,388.0,1,White,Joint,45-54,80.0,Loan originated
1,425000.0,>60%,495000.0,7.0,1,Hispanic or Latino,Male,65-74,85.0,Application denied
1,445000.0,46,565000.0,100.0,1,Hispanic or Latino,Female,35-44,80.0,Loan originated
1,665000.0,45,895000.0,183.0,1,White,Joint,25-34,75.0,Loan originated
1,485000.0,43,615000.0,129.0,1,Other,Male,45-54,80.0,Loan originated
1,425000.0,47,455000.0,89.0,1,Hispanic or Latino,Female,45-54,95.0,Loan originated
1,165000.0,36,205000.0,127.0,1,Asian,Female,45-54,80.0,Loan originated
1,415000.0,49,515000.0,118.0,1,Hispanic or Latino,Male,25-34,80.0,Loan originated
1,845000.0,42,1135000.0,188.0,1,Black or African American,Female,65-74,75.0,Loan originated
1,1075000.0,<20%,1205000.0,675.0,1,White,Male,45-54,89.99,Loan originated
1,385000.0,42,485000.0,150.0,1,Asian,Female,35-44,80.0,Loan originated
1,435000.0,44,585000.0,119.0,1,White,Female,35-44,75.0,Loan originated
1,455000.0,37,565000.0,186.0,1,White,Joint,25-34,80.0,Loan originated
1,835000.0,20%-<30%,875000.0,291.0,1,White,Male,25-34,95.0,Loan originated
1,1105000.0,43,1375000.0,288.0,1,White,Male,45-54,80.0,Loan originated
1,275000.0,20%-<30%,1375000.0,188.0,1,White,Joint,65-74,20.0,Loan originated
1,545000.0,46,605000.0,107.0,1,Hispanic or Latino,Male,35-44,90.0,Loan originated
1,1035000.0,50%-60%,1225000.0,200.0,1,Asian,Male,35-44,84.163,Application denied
1,235000.0,49,265000.0,196.0,1,White,Male,45-54,90.0,Loan originated
1,1005000.0,44,1255000.0,246.0,1,White,Male,35-44,80.0,Loan originated
1,305000.0,30%-<36%,665000.0,88.0,1,White,Male,25-34,45.15,Loan originated
1,515000.0,47,565000.0,150.0,1,White,Joint,35-44,90.0,Loan originated
1,585000.0,48,885000.0,152.0,1,Hispanic or Latino,Joint,55-64,65.909,Loan originated
1,225000.0,37,415000.0,96.0,1,Hispanic or Latino,Joint,25-34,55.0,Loan originated
1,225000.0,43,235000.0,112.0,1,Hispanic or Latino,Joint,35-44,95.0,Application denied
1,425000.0,43,455000.0,114.0,1,Hispanic or Latino,Joint,25-34,95.0,Loan originated
1,595000.0,41,665000.0,139.0,1,White,Joint,35-44,90.0,Loan originated
1,565000.0,47,705000.0,165.0,1,Asian,Female,25-34,80.0,Loan originated
1,715000.0,40,745000.0,207.0,1,Black or African American,Joint,35-44,97.0,Loan originated
1,425000.0,30%-<36%,1125000.0,379.0,1,White,Female,45-54,37.778,Loan originated
1,365000.0,37,605000.0,173.0,1,White,Male,55-64,60.0,Loan originated
1,985000.0,<20%,1405000.0,1797.0,1,Asian,Male,55-64,70.0,Loan originated
1,485000.0,39,605000.0,195.0,1,Hispanic or Latino,Female,<25,80.0,Loan originated
1,745000.0,45,925000.0,247.0,1,Asian,Male,55-64,80.0,Loan originated
1,495000.0,43,555000.0,116.0,1,Hispanic or Latino,Male,35-44,90.0,Loan originated
1,945000.0,30%-<36%,1055000.0,284.0,1,White,Joint,25-34,90.0,Loan originated
1,155000.0,<20%,205000.0,87.0,1,White,Joint,25-34,75.0,Loan originated
1,235000.0,39,575000.0,81.0,1,Asian,Female,25-34,40.816,Loan originated
1,665000.0,49,835000.0,131.0,1,Black or African American,Joint,55-64,98.08,Loan originated
1,735000.0,49,815000.0,173.0,1,Asian,Male,35-44,89.98,Loan originated
1,635000.0,49,905000.0,239.0,1,Asian,Female,25-34,70.0,Loan originated
1,715000.0,43,795000.0,200.0,1,White,Female,25-34,90.0,Loan originated
1,965000.0,45,1215000.0,230.0,1,Asian,Joint,35-44,80.0,Loan originated
1,405000.0,40,445000.0,96.0,1,Hispanic or Latino,Joint,45-54,90.909,Application denied
1,765000.0,48,1585000.0,199.0,1,White,Joint,55-64,48.359,Loan originated
1,1075000.0,41,1345000.0,250.0,1,Asian,Male,25-34,80.0,Application denied
1,575000.0,<20%,985000.0,385.0,1,Hispanic or Latino,Female,25-34,58.38,Loan originated
1,105000.0,20%-<30%,145000.0,167.0,1,Hispanic or Latino,Male,<25,71.43,Loan originated
1,925000.0,38,1165000.0,223.0,1,White,Joint,25-34,80.0,Loan originated
1,315000.0,46,915000.0,123.0,1,White,Male,25-34,34.71,Loan originated
1,145000.0,46,535000.0,49.0,1,White,Joint,55-64,27.103,Loan originated
1,605000.0,43,765000.0,246.0,1,White,Male,35-44,80.0,Loan originated
1,345000.0,20%-<30%,425000.0,143.0,1,Asian,Female,25-34,80.0,Loan originated
1,315000.0,47,395000.0,60.0,1,White,Male,35-44,80.0,Loan originated
1,955000.0,47,1125000.0,234.0,1,Asian,Male,25-34,85.0,Loan originated
1,645000.0,20%-<30%,865000.0,282.0,1,Asian,Joint,25-34,75.0,Loan originated
1,615000.0,20%-<30%,875000.0,464.0,1,Asian,Female,25-34,70.0,Loan originated
1,645000.0,20%-<30%,805000.0,247.0,1,Asian,Male,25-34,80.0,Loan originated
1,305000.0,40,605000.0,80.0,1,Asian,Joint,35-44,50.0,Loan originated
1,315000.0,50%-60%,325000.0,64.0,1,Hispanic or Latino,Female,25-34,100.0,Loan originated
1,1005000.0,43,1575000.0,258.0,1,Asian,Male,35-44,63.48,Loan originated
1,505000.0,49,775000.0,106.0,1,Asian,Joint,55-64,64.935,Application denied
1,485000.0,49,515000.0,99.0,1,Asian,Joint,35-44,95.0,Loan originated
1,885000.0,30%-<36%,1105000.0,371.0,1,White,Female,35-44,80.0,Loan originated
1,175000.0,30%-<36%,305000.0,113.0,1,Hispanic or Latino,Male,25-34,59.33,Loan originated
1,385000.0,46,485000.0,77.0,1,White,Joint,25-34,80.0,Loan originated
1,635000.0,48,795000.0,247.0,1,White,Joint,35-44,80.0,Loan originated
1,495000.0,47,525000.0,114.0,1,Hispanic or Latino,Joint,55-64,95.0,Loan originated
1,605000.0,42,665000.0,186.0,1,Asian,Male,55-64,90.0,Loan originated
1,765000.0,20%-<30%,855000.0,320.0,1,Asian,Joint,25-34,90.0,Loan originated
1,615000.0,45,855000.0,155.0,1,White,Joint,25-34,72.047,Loan originated
1,355000.0,49,445000.0,82.0,1,Hispanic or Latino,Female,<25,80.0,Loan originated
1,225000.0,<20%,525000.0,206.0,1,Asian,Female,25-34,42.654,Application denied
1,545000.0,46,585000.0,183.0,1,Asian,Joint,35-44,93.103,Loan originated
1,905000.0,40,1065000.0,24.0,1,Asian,Male,35-44,84.91,Loan originated
1,375000.0,49,395000.0,98.0,1,Hispanic or Latino,Female,45-54,95.0,Loan originated
1,575000.0,30%-<36%,975000.0,177.0,1,White,Joint,35-44,58.974,Loan originated
1,505000.0,49,535000.0,111.0,1,Asian,Female,45-54,97.0,Loan originated
1,1055000.0,49,1505000.0,209.0,1,Hispanic or Latino,Joint,65-74,70.0,Loan originated
1,425000.0,30%-<36%,435000.0,139.0,1,White,Male,25-34,97.0,Loan originated
1,525000.0,44,655000.0,172.0,1,White,Female,25-34,80.0,Loan originated
1,935000.0,39,1785000.0,369.0,1,White,Joint,25-34,52.461,Loan originated
1,545000.0,43,1045000.0,183.0,1,White,Joint,55-64,51.923,Loan originated
1,295000.0,42,395000.0,153.0,1,White,Joint,<25,75.0,Loan originated
1,645000.0,30%-<36%,1325000.0,254.0,1,White,Joint,55-64,48.779,Loan originated
1,715000.0,40,755000.0,279.0,1,Asian,Joint,35-44,94.895,Loan originated
1,595000.0,48,795000.0,123.0,1,White,Male,65-74,75.0,Loan originated
1,1085000.0,48,1355000.0,265.0,1,Asian,Joint,25-34,80.0,Loan originated
1,435000.0,30%-<36%,535000.0,227.0,1,Asian,Male,45-54,80.0,Loan originated
1,755000.0,20%-<30%,945000.0,356.0,1,White,Joint,35-44,79.994,Loan originated
1,1075000.0,50%-60%,1345000.0,231.0,1,White,Male,45-54,79.926,Application denied
1,755000.0,42,1255000.0,160.0,1,White,Female,55-64,60.0,Loan originated
1,425000.0,20%-<30%,535000.0,191.0,1,White,Female,35-44,80.0,Loan originated
1,405000.0,44,605000.0,142.0,1,White,Joint,45-54,67.0,Loan originated
1,355000.0,47,445000.0,102.0,1,White,Male,55-64,80.0,Loan originated
1,955000.0,30%-<36%,1215000.0,273.0,1,Asian,Joint,35-44,78.519,Loan originated
1,305000.0,20%-<30%,315000.0,119.0,1,White,Male,45-54,97.0,Loan originated
1,575000.0,30%-<36%,765000.0,234.0,1,Asian,Joint,35-44,75.0,Loan originated
1,755000.0,20%-<30%,1005000.0,421.0,1,Asian,Joint,25-34,75.0,Loan originated
1,235000.0,20%-<30%,265000.0,351.0,1,White,Male,35-44,90.0,Loan originated
1,665000.0,48,1175000.0,146.0,1,White,Male,55-64,56.17,Loan originated
1,55000.0,42,55000.0,55.0,1,White,Female,65-74,95.0,Application denied
1,1145000.0,49,2945000.0,253.0,1,White,Joint,>74,40.0,Loan originated
1,415000.0,49,525000.0,76.0,1,Asian,Male,45-54,80.0,Loan originated
1,455000.0,44,675000.0,112.0,1,Asian,Female,35-44,66.679,Loan originated
1,395000.0,41,595000.0,120.0,1,White,Male,55-64,66.102,Loan originated
1,575000.0,38,725000.0,160.0,1,Asian,Male,<25,80.0,Loan originated
1,475000.0,47,565000.0,150.0,1,White,Female,65-74,85.0,Loan originated
1,525000.0,38,545000.0,207.0,1,White,Joint,35-44,95.0,Loan originated
1,305000.0,20%-<30%,315000.0,193.0,1,White,Joint,65-74,97.0,Loan originated
1,905000.0,47,1005000.0,251.0,1,White,Joint,35-44,90.0,Loan originated
1,775000.0,42,1035000.0,268.0,1,Asian,Male,45-54,75.0,Loan originated
1,835000.0,30%-<36%,875000.0,243.0,1,Hispanic or Latino,Joint,35-44,95.0,Loan originated
1,385000.0,30%-<36%,545000.0,161.0,1,White,Joint,65-74,71.2,Loan originated
1,615000.0,47,765000.0,184.0,1,White,Male,45-54,80.0,Loan originated
1,245000.0,39,285000.0,119.0,1,Black or African American,Female,55-64,85.0,Application denied
1,205000.0,46,585000.0,71.0,1,White,Female,>74,33.96,Loan originated
1,705000.0,20%-<30%,875000.0,380.0,1,Asian,Male,55-64,80.0,Loan originated
1,715000.0,<20%,735000.0,0.0,1,Black or African American,Joint,35-44,97.0,Application denied
1,645000.0,37,815000.0,230.0,1,Asian,Joint,35-44,80.0,Loan originated
1,975000.0,40,1145000.0,290.0,1,White,Joint,35-44,85.0,Loan originated
1,555000.0,47,655000.0,175.0,1,White,Joint,65-74,85.0,Loan originated
1,615000.0,44,775000.0,189.0,1,White,Joint,45-54,80.0,Loan originated
1,645000.0,30%-<36%,805000.0,291.0,1,Asian,Male,35-44,80.0,Loan originated
1,515000.0,43,645000.0,148.0,1,Asian,Male,25-34,80.0,Loan originated
1,935000.0,42,1335000.0,235.0,1,White,Joint,25-34,70.0,Loan originated
1,205000.0,36,425000.0,74.0,1,Asian,Female,>74,47.06,Loan originated
1,415000.0,37,425000.0,161.0,1,Hispanic or Latino,Female,55-64,97.0,Application denied
1,465000.0,30%-<36%,715000.0,199.0,1,White,Female,35-44,65.0,Application denied
1,705000.0,49,745000.0,226.0,1,Black or African American,Joint,25-34,95.0,Loan originated
1,315000.0,42,385000.0,96.0,1,Hispanic or Latino,Male,25-34,80.0,Loan originated
1,625000.0,48,825000.0,163.0,1,Black or African American,Male,55-64,75.718,Loan originated
1,945000.0,38,1345000.0,250.0,1,White,Joint,45-54,70.35,Loan originated
1,895000.0,46,1125000.0,197.0,1,Asian,Joint,45-54,80.0,Loan originated
1,965000.0,>60%,1285000.0,136.0,1,Asian,Male,35-44,75.0,Application denied
1,235000.0,49,635000.0,111.0,1,White,Joint,65-74,37.01,Loan originated
1,615000.0,20%-<30%,645000.0,240.0,1,Asian,Male,45-54,95.0,Loan originated
1,745000.0,49,875000.0,192.0,1,White,Male,65-74,85.0,Application denied
1,575000.0,38,715000.0,196.0,1,White,Joint,25-34,80.0,Loan originated
1,625000.0,41,665000.0,131.0,1,Hispanic or Latino,Joint,25-34,95.0,Loan originated
1,225000.0,43,285000.0,56.0,1,White,Male,45-54,80.0,Loan originated
1,545000.0,30%-<36%,565000.0,190.0,1,Hispanic or Latino,Female,35-44,97.0,Loan originated
1,765000.0,36,1125000.0,220.0,1,Asian,Male,55-64,68.138,Loan originated
1,385000.0,47,405000.0,108.0,1,Hispanic or Latino,Female,35-44,95.0,Loan originated
1,395000.0,<20%,435000.0,247.0,1,White,Male,55-64,90.0,Loan originated
1,605000.0,49,815000.0,124.0,1,Hispanic or Latino,Female,35-44,74.07,Loan originated
1,1135000.0,49,1765000.0,269.0,1,Asian,Joint,35-44,65.0,Loan originated
1,105000.0,36,435000.0,46.0,1,White,Male,65-74,24.419,Loan originated
1,15000.0,30%-<36%,315000.0,94.0,1,White,Male,45-54,100.0,Loan originated
1,175000.0,20%-<30%,235000.0,354.0,1,White,Joint,45-54,75.0,Loan originated
1,805000.0,30%-<36%,1055000.0,293.0,1,White,Female,45-54,76.443,Loan originated
1,285000.0,37,355000.0,105.0,1,Hispanic or Latino,Joint,35-44,80.0,Loan originated
1,195000.0,20%-<30%,385000.0,162.0,1,White,Joint,35-44,51.13,Loan originated
1,755000.0,46,945000.0,151.0,1,White,Male,25-34,80.0,Loan originated
1,545000.0,44,685000.0,125.0,1,Hispanic or Latino,Male,35-44,80.0,Loan originated
1,105000.0,50%-60%,155000.0,65.0,1,Hispanic or Latino,Joint,65-74,68.168,Application denied
1,435000.0,40,515000.0,116.0,1,Asian,Female,25-34,85.0,Loan originated
1,495000.0,48,655000.0,113.0,1,Black or African American,Male,25-34,75.0,Loan originated
1,745000.0,30%-<36%,925000.0,214.0,1,Black or African American,Male,35-44,80.0,Application denied
1,475000.0,20%-<30%,775000.0,193.0,1,Asian,Joint,25-34,61.467,Loan originated
1,725000.0,38,905000.0,223.0,1,White,Male,35-44,80.0,Loan originated
1,385000.0,38,515000.0,164.0,1,Asian,Male,45-54,75.0,Loan originated
1,595000.0,30%-<36%,735000.0,263.0,1,Asian,Female,45-54,80.0,Loan originated
1,305000.0,39,515000.0,96.0,1,Hispanic or Latino,Male,35-44,60.0,Loan originated
1,555000.0,20%-<30%,695000.0,187.0,1,White,Male,25-34,80.0,Loan originated
1,925000.0,30%-<36%,1155000.0,327.0,1,Asian,Joint,35-44,80.0,Loan originated
1,425000.0,46,505000.0,108.0,1,Hispanic or Latino,Male,25-34,84.989,Application denied
1,925000.0,30%-<36%,1585000.0,455.0,1,Asian,Female,35-44,58.228,Loan originated
1,805000.0,39,885000.0,347.0,1,White,Joint,65-74,90.0,Application denied
1,225000.0,49,255000.0,51.0,1,Hispanic or Latino,Male,45-54,95.0,Loan originated
1,445000.0,36,555000.0,110.0,1,White,Male,55-64,80.0,Loan originated
1,1055000.0,42,2005000.0,450.0,1,White,Joint,35-44,52.5,Loan originated
1,615000.0,20%-<30%,775000.0,236.0,1,Asian,Joint,45-54,80.0,Loan originated
1,705000.0,48,885000.0,176.0,1,Asian,Joint,25-34,80.0,Loan originated
1,805000.0,46,965000.0,383.0,1,Asian,Male,35-44,83.212,Loan originated
1,455000.0,20%-<30%,535000.0,188.0,1,White,Joint,25-34,85.0,Loan originated
1,365000.0,30%-<36%,1195000.0,222.0,1,White,Joint,25-34,30.25,Loan originated
1,855000.0,45,905000.0,215.0,1,Black or African American,Female,35-44,95.0,Loan originated
1,155000.0,40,835000.0,124.0,1,Asian,Male,35-44,97.006,Loan originated
1,855000.0,41,1015000.0,219.0,1,White,Male,35-44,85.0,Loan originated
1,605000.0,49,675000.0,126.0,1,Hispanic or Latino,Male,35-44,90.0,Loan originated
1,885000.0,47,1245000.0,220.0,1,White,Female,35-44,80.0,Loan originated
1,205000.0,30%-<36%,755000.0,93.0,1,White,Female,>74,26.49,Loan originated
1,395000.0,49,495000.0,244.0,1,White,Female,>74,80.0,Loan originated
1,665000.0,44,755000.0,207.0,1,White,Male,55-64,95.0,Application denied
1,155000.0,30%-<36%,505000.0,74.0,1,Hispanic or Latino,Joint,45-54,30.0,Loan originated
1,435000.0,30%-<36%,625000.0,158.0,1,White,Joint,25-34,70.0,Loan originated
1,455000.0,41,805000.0,117.0,1,White,Joint,65-74,56.04,Loan originated
1,665000.0,41,835000.0,260.0,1,Asian,Male,45-54,80.0,Loan originated
1,535000.0,49,745000.0,110.0,1,Black or African American,Female,45-54,71.622,Loan originated
1,485000.0,39,605000.0,125.0,1,Asian,Female,25-34,80.0,Loan originated
1,235000.0,<20%,485000.0,175.0,1,White,Male,25-34,47.917,Loan originated
1,625000.0,43,785000.0,141.0,1,White,Joint,25-34,80.0,Loan originated
1,565000.0,44,705000.0,145.0,1,White,Female,35-44,80.0,Loan originated
1,445000.0,40,645000.0,236.0,1,White,Male,55-64,68.992,Loan originated
1,215000.0,48,465000.0,70.0,1,Asian,Male,35-44,101.425,Loan originated
1,735000.0,43,1145000.0,177.0,1,White,Male,25-34,64.386,Loan originated
1,435000.0,46,635000.0,109.0,1,White,Joint,25-34,68.254,Loan originated
1,345000.0,46,525000.0,123.0,1,Black or African American,Female,25-34,64.272,Loan originated
1,185000.0,48,685000.0,53.0,1,White,Female,>74,27.314,Loan originated
1,945000.0,46,1055000.0,247.0,1,Asian,Joint,25-34,89.99,Loan originated
1,885000.0,20%-<30%,1105000.0,298.0,1,Asian,Joint,25-34,80.0,Loan originated
1,765000.0,41,825000.0,227.0,1,Hispanic or Latino,Joint,25-34,93.0,Loan originated
1,485000.0,39,515000.0,132.0,1,White,Male,25-34,95.0,Loan originated
1,955000.0,40,1245000.0,237.0,1,White,Male,25-34,77.18,Loan originated
1,455000.0,37,465000.0,163.0,1,White,Female,25-34,97.0,Loan originated
1,495000.0,<20%,625000.0,755.0,1,Hispanic or Latino,Male,35-44,80.0,Loan originated
1,475000.0,40,595000.0,140.0,1,Hispanic or Latino,Joint,45-54,80.0,Loan originated
1,685000.0,49,865000.0,178.0,1,White,Male,45-54,80.0,Loan originated
1,635000.0,<20%,795000.0,727.0,1,White,Male,45-54,80.0,Loan originated
1,375000.0,48,415000.0,115.0,1,White,Female,45-54,90.0,Loan originated
1,415000.0,36,415000.0,147.0,1,Black or African American,Joint,45-54,100.0,Loan originated
1,555000.0,48,585000.0,138.0,1,Hispanic or Latino,Female,35-44,95.0,Loan originated
1,125000.0,20%-<30%,135000.0,241.0,1,White,Joint,45-54,95.0,Loan originated
1,565000.0,46,715000.0,232.0,1,Hispanic or Latino,Female,35-44,80.0,Loan originated
1,755000.0,30%-<36%,1005000.0,252.0,1,Asian,Female,25-34,75.0,Loan originated
1,415000.0,47,515000.0,137.0,1,White,Female,55-64,100.0,Application denied
1,1145000.0,>60%,1275000.0,164.0,1,Asian,Male,25-34,90.0,Application denied
1,245000.0,36,245000.0,61.0,1,White,Female,35-44,99.309,Loan originated
1,755000.0,40,1255000.0,284.0,1,White,Male,25-34,60.0,Loan originated
1,675000.0,49,755000.0,133.0,1,Hispanic or Latino,Male,35-44,89.99,Loan originated
1,745000.0,44,1395000.0,256.0,1,White,Joint,>74,53.47,Loan originated
1,405000.0,44,1295000.0,260.0,1,White,Female,65-74,30.94,Loan originated
1,585000.0,38,1355000.0,254.0,1,Asian,Joint,35-44,43.0,Loan originated
1,385000.0,48,405000.0,81.0,1,Black or African American,Male,45-54,97.0,Loan originated
1,585000.0,46,735000.0,169.0,1,Hispanic or Latino,Joint,25-34,80.0,Loan originated
1,965000.0,44,1205000.0,238.0,1,White,Female,35-44,80.0,Loan originated
1,765000.0,44,805000.0,166.0,1,Asian,Joint,45-54,95.0,Loan originated
1,285000.0,45,945000.0,97.0,1,White,Female,65-74,30.106,Loan originated
1,855000.0,41,1205000.0,209.0,1,Asian,Joint,45-54,70.833,Application denied
1,595000.0,48,995000.0,183.0,1,Asian,Male,45-54,60.0,Loan originated
1,555000.0,42,755000.0,127.0,1,Hispanic or Latino,Female,25-34,73.333,Loan originated
1,395000.0,44,465000.0,85.0,1,White,Male,25-34,88.0,Loan originated
1,205000.0,49,245000.0,149.0,1,Hispanic or Latino,Joint,25-34,84.9,Loan originated
1,835000.0,20%-<30%,985000.0,310.0,1,Asian,Male,35-44,95.0,Loan originated
1,765000.0,48,885000.0,155.0,1,Asian,Joint,35-44,104.15,Loan originated
1,765000.0,41,1175000.0,303.0,1,White,Male,35-44,65.539,Loan originated
1,845000.0,40,1055000.0,217.0,1,White,Female,25-34,80.0,Loan originated
1,375000.0,43,775000.0,117.0,1,White,Joint,65-74,48.052,Loan originated
1,1145000.0,47,1705000.0,520.0,1,Asian,Joint,25-34,89.647,Loan originated
1,625000.0,37,735000.0,242.0,1,White,Joint,35-44,85.0,Loan originated
1,485000.0,20%-<30%,615000.0,182.0,1,Asian,Male,35-44,80.0,Loan originated
1,435000.0,44,455000.0,107.0,1,White,Male,25-34,96.468,Loan originated
1,105000.0,47,135000.0,61.0,1,White,Female,45-54,80.0,Loan originated
1,305000.0,42,385000.0,73.0,1,Hispanic or Latino,Female,<25,80.0,Loan originated
1,615000.0,20%-<30%,765000.0,263.0,1,White,Female,25-34,80.0,Loan originated
1,885000.0,48,935000.0,190.0,1,Asian,Male,25-34,95.0,Loan originated
1,365000.0,42,515000.0,124.0,1,Asian,Joint,25-34,71.0,Loan originated
1,355000.0,30%-<36%,365000.0,133.0,1,Hispanic or Latino,Joint,25-34,97.0,Loan originated
1,245000.0,37,485000.0,121.0,1,White,Female,35-44,50.0,Loan originated
1,455000.0,<20%,575000.0,425.0,1,Asian,Male,25-34,80.0,Loan originated
1,295000.0,46,495000.0,65.0,1,White,Male,>74,59.596,Loan originated
1,395000.0,45,495000.0,170.0,1,Hispanic or Latino,Male,55-64,80.0,Loan originated
1,455000.0,30%-<36%,575000.0,124.0,1,Asian,Joint,35-44,80.0,Loan originated
1,665000.0,45,1275000.0,192.0,1,White,Male,45-54,52.126,Loan originated
1,415000.0,41,615000.0,150.0,1,Hispanic or Latino,Joint,25-34,66.51,Loan originated
1,1125000.0,43,1185000.0,399.0,1,White,Male,25-34,95.0,Loan originated
1,395000.0,45,595000.0,83.0,1,White,Female,35-44,66.171,Loan originated
1,445000.0,30%-<36%,475000.0,145.0,1,Hispanic or Latino,Male,55-64,93.947,Application denied
1,605000.0,<20%,805000.0,280.0,1,White,Joint,25-34,75.0,Loan originated
1,685000.0,30%-<36%,805000.0,207.0,1,White,Joint,25-34,85.0,Loan originated
1,425000.0,43,535000.0,101.0,1,Asian,Male,35-44,80.0,Loan originated
1,765000.0,<20%,1285000.0,1783.0,1,White,Joint,25-34,59.47,Loan originated
1,535000.0,37,665000.0,282.0,1,White,Joint,>74,80.0,Loan originated
1,595000.0,50%-60%,745000.0,136.0,1,Black or African American,Joint,35-44,80.0,Application denied
1,595000.0,47,615000.0,135.0,1,Hispanic or Latino,Male,25-34,97.0,Loan originated
1,395000.0,46,455000.0,79.0,1,Hispanic or Latino,Male,35-44,86.67,Loan originated
1,675000.0,>60%,745000.0,224.0,1,Asian,Male,35-44,90.0,Application denied
1,175000.0,44,345000.0,56.0,1,Hispanic or Latino,Female,35-44,49.93,Loan originated
1,745000.0,30%-<36%,935000.0,1044.0,1,White,Male,25-34,80.0,Loan originated
1,485000.0,47,515000.0,132.0,1,Asian,Female,35-44,95.0,Loan originated
1,545000.0,30%-<36%,575000.0,184.0,1,Hispanic or Latino,Female,35-44,95.0,Loan originated
1,765000.0,49,865000.0,268.0,1,Hispanic or Latino,Joint,35-44,89.07,Loan originated
1,1145000.0,49,1525000.0,281.0,1,White,Male,45-54,75.0,Loan originated
1,65000.0,20%-<30%,95000.0,91.0,1,White,Male,45-54,65.15,Loan originated
1,505000.0,>60%,625000.0,91.0,1,Hispanic or Latino,Male,35-44,80.0,Application denied
1,255000.0,30%-<36%,515000.0,100.0,1,Asian,Joint,65-74,48.925,Loan originated
1,635000.0,46,745000.0,146.0,1,White,Male,25-34,85.442,Loan originated
1,995000.0,20%-<30%,1975000.0,532.0,1,Asian,Joint,55-64,50.63,Loan originated
1,365000.0,49,425000.0,86.0,1,Hispanic or Latino,Male,35-44,84.99,Application denied
1,755000.0,20%-<30%,945000.0,276.0,1,Hispanic or Latino,Joint,25-34,79.958,Loan originated
1,615000.0,41,895000.0,196.0,1,White,Male,35-44,69.0,Loan originated
1,205000.0,<20%,1055000.0,183.0,1,White,Joint,25-34,20.0,Loan originated
1,275000.0,47,285000.0,59.0,1,White,Male,25-34,100.0,Loan originated
1,305000.0,41,345000.0,87.0,1,Hispanic or Latino,Joint,>74,90.0,Loan originated
1,215000.0,36,225000.0,66.0,1,Black or African American,Female,35-44,97.0,Loan originated
1,495000.0,<20%,655000.0,376.0,1,White,Male,45-54,75.462,Loan originated
1,85000.0,20%-<30%,95000.0,47.0,1,White,Male,55-64,95.0,Loan originated
1,205000.0,38,1045000.0,96.0,1,White,Female,45-54,20.0,Loan originated
1,5000.0,30%-<36%,5000.0,43.0,1,White,Female,25-34,71.066,Application denied
1,515000.0,39,925000.0,137.0,1,White,Female,55-64,55.45,Loan originated
1,605000.0,<20%,805000.0,892.0,1,White,Female,65-74,75.0,Loan originated
1,315000.0,>60%,785000.0,51.0,1,White,Joint,45-54,40.28,Application denied
1,905000.0,42,1205000.0,288.0,1,Asian,Male,25-34,75.0,Loan originated
1,625000.0,30%-<36%,785000.0,269.0,1,White,Female,25-34,80.0,Loan originated
1,585000.0,37,815000.0,196.0,1,White,Female,35-44,71.605,Loan originated
1,685000.0,20%-<30%,855000.0,412.0,1,White,Male,35-44,80.0,Loan originated
1,905000.0,42,1225000.0,217.0,1,Asian,Female,25-34,73.77,Loan originated
1,995000.0,30%-<36%,1055000.0,356.0,1,Asian,Joint,35-44,95.0,Loan originated
1,645000.0,30%-<36%,805000.0,213.0,1,White,Joint,<25,80.0,Loan originated
1,595000.0,30%-<36%,1055000.0,411.0,1,White,Joint,45-54,55.924,Loan originated
1,115000.0,39,205000.0,40.0,1,Black or African American,Male,55-64,56.22,Loan originated
1,755000.0,20%-<30%,1015000.0,248.0,1,Asian,Joint,35-44,73.82,Loan originated
1,355000.0,42,415000.0,97.0,1,White,Female,25-34,85.0,Application denied
1,575000.0,49,615000.0,229.0,1,Hispanic or Latino,Male,<25,95.0,Loan originated
1,505000.0,43,675000.0,132.0,1,Asian,Female,45-54,75.0,Loan originated
1,505000.0,44,695000.0,128.0,1,White,Joint,>74,72.0,Loan originated
1,385000.0,49,485000.0,97.0,1,Asian,Male,25-34,100.0,Loan originated
1,535000.0,44,675000.0,159.0,1,Hispanic or Latino,Male,65-74,80.0,Loan originated
1,585000.0,<20%,1115000.0,432.0,1,Asian,Joint,55-64,52.11,Loan originated
1,435000.0,30%-<36%,545000.0,141.0,1,Asian,Male,35-44,80.0,Loan originated
1,755000.0,30%-<36%,1505000.0,284.0,1,White,Female,<25,50.0,Loan originated
1,755000.0,46,1905000.0,173.0,1,Asian,Female,25-34,39.29,Loan originated
1,585000.0,20%-<30%,645000.0,218.0,1,White,Joint,35-44,95.0,Loan originated
1,295000.0,30%-<36%,785000.0,205.0,1,White,Joint,25-34,75.383,Loan originated
1,315000.0,>60%,335000.0,29.0,1,Hispanic or Latino,Joint,25-34,95.0,Application denied
1,625000.0,30%-<36%,635000.0,245.0,1,Hispanic or Latino,Female,35-44,97.0,Loan originated
1,455000.0,30%-<36%,565000.0,518.0,1,White,Male,55-64,80.0,Loan originated
1,525000.0,45,615000.0,167.0,1,White,Male,>74,85.0,Loan originated
1,595000.0,41,665000.0,150.0,1,Asian,Female,35-44,90.0,Loan originated
1,385000.0,42,485000.0,155.0,1,White,Female,45-54,80.0,Loan originated
1,605000.0,47,645000.0,137.0,1,Hispanic or Latino,Male,35-44,93.527,Loan originated
1,505000.0,40,755000.0,134.0,1,Hispanic or Latino,Joint,35-44,67.0,Loan originated
1,565000.0,49,715000.0,111.0,1,White,Joint,45-54,80.0,Loan originated
1,765000.0,20%-<30%,895000.0,317.0,1,Asian,Joint,35-44,85.0,Loan originated
1,265000.0,30%-<36%,565000.0,129.0,1,Hispanic or Latino,Male,25-34,47.27,Loan originated
1,1025000.0,30%-<36%,1275000.0,291.0,1,White,Male,35-44,80.0,Loan originated
1,1005000.0,36,1255000.0,294.0,1,White,Male,35-44,79.68,Loan originated
1,475000.0,30%-<36%,495000.0,153.0,1,White,Joint,35-44,95.0,Loan originated
1,715000.0,43,735000.0,216.0,1,White,Joint,45-54,97.0,Loan originated
1,635000.0,40,715000.0,212.0,1,Hispanic or Latino,Male,25-34,90.0,Loan originated
1,515000.0,20%-<30%,735000.0,219.0,1,White,Male,25-34,70.0,Loan originated
1,1145000.0,38,1345000.0,303.0,1,Asian,Joint,25-34,85.0,Loan originated
1,735000.0,49,825000.0,160.0,1,White,Male,25-34,89.878,Loan originated
1,755000.0,30%-<36%,825000.0,315.0,1,White,Joint,65-74,90.91,Loan originated
1,565000.0,47,625000.0,140.0,1,Asian,Male,35-44,89.99,Loan originated
1,135000.0,30%-<36%,145000.0,69.0,1,White,Joint,35-44,95.0,Loan originated
1,515000.0,37,965000.0,194.0,1,Hispanic or Latino,Joint,35-44,53.125,Loan originated
1,765000.0,36,1565000.0,307.0,1,White,Joint,55-64,48.99,Loan originated
1,355000.0,48,705000.0,103.0,1,White,Female,25-34,49.58,Loan originated
1,555000.0,43,595000.0,175.0,1,White,Female,35-44,93.0,Loan originated
1,625000.0,40,735000.0,215.0,1,White,Joint,>74,85.0,Loan originated
1,885000.0,46,925000.0,263.0,1,Asian,Male,35-44,95.0,Loan originated
1,305000.0,42,1875000.0,128.0,1,White,Joint,65-74,16.0,Loan originated
1,335000.0,47,595000.0,92.0,1,White,Male,25-34,55.01,Loan originated
1,655000.0,30%-<36%,695000.0,179.0,1,Asian,Male,25-34,95.0,Loan originated
1,615000.0,45,765000.0,130.0,1,White,Male,35-44,80.0,Loan originated
1,1015000.0,41,1355000.0,326.0,1,Asian,Joint,35-44,75.0,Loan originated
1,295000.0,42,375000.0,90.0,1,Black or African American,Male,55-64,80.0,Loan originated
1,635000.0,49,985000.0,128.0,1,Asian,Joint,35-44,64.28,Loan originated
1,755000.0,39,905000.0,167.0,1,Hispanic or Latino,Joint,25-34,83.89,Loan originated
1,755000.0,41,1015000.0,282.0,1,Asian,Joint,55-64,87.5,Loan originated
1,605000.0,30%-<36%,635000.0,159.0,1,White,Male,25-34,95.0,Loan originated
1,565000.0,>60%,625000.0,166.0,1,White,Joint,35-44,89.6,Application denied
1,505000.0,30%-<36%,765000.0,165.0,1,White,Male,35-44,65.36,Loan originated
1,45000.0,30%-<36%,145000.0,58.0,1,White,Female,65-74,33.14,Loan originated
1,615000.0,42,645000.0,144.0,1,White,Joint,35-44,95.0,Loan originated
1,155000.0,46,215000.0,70.0,1,Hispanic or Latino,Male,35-44,74.952,Loan originated
1,215000.0,37,225000.0,84.0,1,Hispanic or Latino,Male,25-34,95.0,Loan originated
1,475000.0,40,595000.0,124.0,1,Black or African American,Male,45-54,80.0,Loan originated
1,755000.0,20%-<30%,945000.0,368.0,1,Asian,Joint,35-44,80.0,Loan originated
1,455000.0,20%-<30%,1065000.0,231.0,1,Asian,Joint,65-74,42.318,Loan originated
1,375000.0,43,1225000.0,162.0,1,White,Joint,65-74,30.205,Loan originated
1,525000.0,48,585000.0,260.0,1,White,Female,35-44,89.999,Loan originated
1,545000.0,48,895000.0,123.0,1,Asian,Joint,25-34,61.029,Loan originated
1,885000.0,40,1105000.0,263.0,1,Hispanic or Latino,Female,35-44,80.0,Application denied
1,485000.0,40,515000.0,125.0,1,Hispanic or Latino,Joint,25-34,95.0,Loan originated
1,135000.0,45,165000.0,45.0,1,Hispanic or Latino,Female,55-64,80.0,Loan originated
1,255000.0,49,705000.0,87.0,1,Hispanic or Latino,Male,45-54,35.714,Loan originated
1,435000.0,39,465000.0,123.0,1,White,Male,55-64,95.0,Loan originated
1,1115000.0,46,1395000.0,255.0,1,Asian,Male,45-54,80.0,Loan originated
1,795000.0,39,925000.0,198.0,1,Hispanic or Latino,Joint,35-44,85.961,Loan originated
1,875000.0,44,1345000.0,347.0,1,White,Female,45-54,65.04,Loan originated
1,5000.0,<20%,295000.0,93.0,1,Hispanic or Latino,Male,25-34,3.0,Loan originated
1,1145000.0,43,1355000.0,336.0,1,Asian,Joint,35-44,85.0,Loan originated
1,985000.0,42,1755000.0,324.0,1,White,Male,55-64,56.0,Loan originated
1,875000.0,43,1095000.0,284.0,1,Hispanic or Latino,Male,35-44,80.0,Loan originated
1,1015000.0,30%-<36%,1815000.0,378.0,1,Asian,Joint,25-34,55.801,Loan originated
1,365000.0,38,435000.0,117.0,1,Hispanic or Latino,Male,25-34,85.0,Loan originated
1,215000.0,43,355000.0,50.0,1,White,Female,>74,60.0,Loan originated
1,225000.0,46,285000.0,64.0,1,Hispanic or Latino,Male,35-44,80.0,Loan originated
1,425000.0,44,535000.0,109.0,1,Asian,Male,25-34,79.986,Loan originated
1,435000.0,48,545000.0,84.0,1,Hispanic or Latino,Joint,25-34,80.0,Loan originated
1,585000.0,46,625000.0,162.0,1,Hispanic or Latino,Female,45-54,95.0,Loan originated
1,525000.0,30%-<36%,705000.0,162.0,1,Hispanic or Latino,Female,25-34,75.0,Loan originated
1,395000.0,36,425000.0,110.0,1,Hispanic or Latino,Female,65-74,95.0,Loan originated
1,635000.0,30%-<36%,795000.0,170.0,1,White,Male,25-34,80.0,Loan originated
1,475000.0,49,535000.0,170.0,1,Asian,Female,35-44,102.685,Loan originated
1,905000.0,<20%,1205000.0,530.0,1,White,Joint,25-34,75.0,Loan originated
1,235000.0,41,295000.0,133.0,1,White,Male,45-54,80.0,Loan originated
1,545000.0,20%-<30%,1125000.0,465.0,1,White,Joint,45-54,48.444,Loan originated
1,635000.0,44,665000.0,161.0,1,Asian,Joint,35-44,95.0,Loan originated
1,285000.0,47,355000.0,72.0,1,White,Male,65-74,80.0,Loan originated
1,645000.0,49,775000.0,152.0,1,White,Female,45-54,164.124,Loan originated
1,675000.0,48,755000.0,318.0,1,Asian,Male,45-54,89.99,Loan originated
1,765000.0,43,815000.0,160.0,1,Asian,Joint,35-44,94.055,Loan originated
1,275000.0,45,345000.0,141.0,1,Asian,Joint,25-34,80.0,Loan originated
1,355000.0,20%-<30%,455000.0,214.0,1,Asian,Joint,35-44,78.96,Loan originated
1,405000.0,30%-<36%,545000.0,148.0,1,Hispanic or Latino,Male,25-34,75.0,Application denied
1,515000.0,38,575000.0,153.0,1,Hispanic or Latino,Female,45-54,89.9,Loan originated
1,515000.0,49,615000.0,137.0,1,Hispanic or Latino,Joint,35-44,84.673,Loan originated
1,1015000.0,30%-<36%,1275000.0,347.0,1,Asian,Joint,25-34,80.0,Loan originated
1,695000.0,20%-<30%,865000.0,735.0,1,White,Joint,25-34,80.0,Loan originated
1,205000.0,49,275000.0,45.0,1,White,Female,25-34,75.0,Loan originated
1,415000.0,50%-60%,445000.0,83.0,1,Asian,Female,25-34,94.318,Application denied
1,845000.0,20%-<30%,1055000.0,373.0,1,White,Male,55-64,80.0,Loan originated
1,595000.0,41,605000.0,147.0,1,Asian,Female,35-44,97.0,Loan originated
1,545000.0,30%-<36%,685000.0,231.0,1,White,Joint,45-54,80.0,Loan originated
1,415000.0,48,445000.0,227.0,1,Hispanic or Latino,Female,25-34,95.0,Loan originated
1,195000.0,30%-<36%,245000.0,132.0,1,White,Joint,25-34,80.0,Loan originated
1,695000.0,49,925000.0,357.0,1,White,Female,45-54,75.0,Loan originated
1,565000.0,42,915000.0,150.0,1,Asian,Male,35-44,61.672,Loan originated
1,935000.0,30%-<36%,1555000.0,357.0,1,Asian,Male,35-44,60.0,Loan originated
1,385000.0,47,585000.0,299.0,1,Asian,Male,55-64,65.517,Loan originated
1,345000.0,41,365000.0,97.0,1,Hispanic or Latino,Female,25-34,95.0,Loan originated
1,715000.0,44,795000.0,183.0,1,White,Joint,25-34,90.0,Loan originated
1,345000.0,20%-<30%,405000.0,824.0,1,White,Male,45-54,85.0,Application denied
1,345000.0,45,365000.0,83.0,1,White,Female,25-34,95.0,Loan originated
1,455000.0,42,485000.0,207.0,1,Asian,Joint,35-44,95.0,Loan originated
1,215000.0,30%-<36%,955000.0,113.0,1,White,Joint,45-54,22.526,Loan originated
1,465000.0,37,585000.0,120.0,1,White,Male,35-44,80.0,Loan originated
1,585000.0,45,735000.0,156.0,1,White,Joint,25-34,80.0,Loan originated
1,425000.0,43,535000.0,231.0,1,White,Male,35-44,80.0,Loan originated
1,455000.0,<20%,755000.0,790.0,1,White,Joint,55-64,60.0,Loan originated
1,525000.0,47,1235000.0,130.0,1,White,Male,45-54,43.0,Loan originated
1,765000.0,44,875000.0,210.0,1,Asian,Male,25-34,87.606,Loan originated
1,1035000.0,30%-<36%,1215000.0,305.0,1,Asian,Joint,25-34,85.0,Loan originated
1,685000.0,49,1055000.0,162.0,1,White,Joint,35-44,65.238,Loan originated
1,345000.0,48,455000.0,63.0,1,Asian,Male,35-44,75.0,Loan originated
1,115000.0,20%-<30%,135000.0,39.0,1,White,Male,45-54,85.0,Loan originated
1,395000.0,44,495000.0,94.0,1,Asian,Male,55-64,80.0,Loan originated
1,1125000.0,42,1325000.0,379.0,1,Hispanic or Latino,Joint,45-54,85.0,Loan originated
1,275000.0,30%-<36%,415000.0,308.0,1,White,Joint,65-74,65.854,Loan originated
1,1005000.0,38,1385000.0,361.0,1,Asian,Joint,35-44,72.464,Loan originated
1,495000.0,30%-<36%,615000.0,153.0,1,Asian,Joint,25-34,80.0,Loan originated
1,695000.0,46,775000.0,256.0,1,Hispanic or Latino,Joint,25-34,90.0,Loan originated
1,345000.0,45,595000.0,144.0,1,Asian,Female,45-54,58.052,Loan originated
1,1105000.0,30%-<36%,1805000.0,553.0,1,White,Joint,25-34,61.111,Loan originated
1,535000.0,43,675000.0,232.0,1,Hispanic or Latino,Joint,55-64,80.0,Loan originated
1,1145000.0,49,1535000.0,236.0,1,Asian,Male,35-44,74.51,Loan originated
1,635000.0,48,1125000.0,127.0,1,Asian,Female,45-54,56.09973,Loan originated
1,995000.0,49,1665000.0,896.0,1,White,Male,35-44,60.0,Loan originated
1,215000.0,48,235000.0,81.0,1,Hispanic or Latino,Male,55-64,95.0,Loan originated
1,685000.0,<20%,915000.0,522.0,1,White,Male,25-34,75.0,Loan originated
1,365000.0,36,485000.0,146.0,1,White,Joint,25-34,75.0,Loan originated
1,925000.0,30%-<36%,1155000.0,420.0,1,White,Joint,25-34,80.0,Loan originated
1,595000.0,39,665000.0,145.0,1,Asian,Male,35-44,90.0,Loan originated
1,605000.0,47,1525000.0,145.0,1,Asian,Female,25-34,39.474,Loan originated
1,575000.0,42,615000.0,288.0,1,Hispanic or Latino,Joint,55-64,95.0,Loan originated
1,465000.0,20%-<30%,625000.0,390.0,1,White,Female,35-44,75.0,Loan originated
1,1025000.0,49,1285000.0,220.0,1,Asian,Joint,25-34,80.0,Loan originated
1,55000.0,42,65000.0,38.0,1,White,Female,65-74,82.49,Loan originated
1,595000.0,41,665000.0,151.0,1,White,Male,25-34,90.0,Loan originated
1,545000.0,49,645000.0,142.0,1,White,Male,65-74,84.99,Loan originated
1,595000.0,36,745000.0,163.0,1,Black or African American,Female,25-34,100.0,Loan originated
1,1275000.0,49,1705000.0,269.0,1,Hispanic or Latino,Joint,25-34,75.0,Loan originated
1,265000.0,30%-<36%,755000.0,214.0,1,White,Joint,65-74,34.621,Loan originated
1,215000.0,49,265000.0,37.0,1,Hispanic or Latino,Female,<25,100.0,Loan originated
1,705000.0,38,995000.0,280.0,1,White,Joint,25-34,70.707,Loan originated
