loan_purpose,loan_amount,debt_to_income_ratio,property_value,income,occupancy_type,derived_race,derived_sex,applicant_age,loan_to_value_ratio,action_taken
1,665000.0,38,695000.0,201.0,1,White,Male,55-64,95.0,Loan originated
1,215000.0,30%-<36%,375000.0,78.0,1,Asian,Male,45-54,58.0,Loan originated
1,345000.0,44,355000.0,95.0,1,Hispanic or Latino,Joint,45-54,100.0,Loan originated
1,965000.0,41,1875000.0,256.0,1,Asian,Male,35-44,51.2,Loan originated
1,1145000.0,<20%,1805000.0,909.0,1,Asian,Joint,65-74,63.879,Application denied
1,245000.0,49,365000.0,61.0,1,Hispanic or Latino,Female,45-54,68.056,Loan originated
1,465000.0,49,495000.0,135.0,1,Hispanic or Latino,Joint,45-54,95.0,Loan originated
1,805000.0,38,945000.0,183.0,1,Asian,Male,35-44,85.479,Loan originated
1,465000.0,41,495000.0,147.0,1,Asian,Female,25-34,95.0,Loan originated
1,765000.0,40,955000.0,326.0,1,White,Female,45-54,80.0,Loan originated
1,1075000.0,<20%,1205000.0,675.0,1,White,Male,45-54,89.99,Loan originated
1,645000.0,46,735000.0,138.0,1,White,Joint,45-54,88.16,Application denied
1,405000.0,<20%,695000.0,224.0,1,Asian,Male,25-34,58.51,Loan originated
1,725000.0,38,765000.0,210.0,1,Black or African American,Female,45-54,95.0,Loan originated
1,605000.0,37,755000.0,174.0,1,White,Male,25-34,80.0,Loan originated
1,525000.0,42,665000.0,198.0,1,Asian,Female,25-34,80.0,Loan originated
1,275000.0,49,525000.0,74.0,1,White,Joint,55-64,52.19,Loan originated
1,795000.0,48,975000.0,204.0,1,White,Male,55-64,90.0,Application denied
1,835000.0,47,895000.0,276.0,1,Asian,Joint,25-34,94.0,Loan originated
1,925000.0,44,1615000.0,299.0,1,White,Joint,35-44,84.112,Loan originated
1,965000.0,48,1205000.0,260.0,1,Asian,Male,25-34,80.0,Loan originated
1,1025000.0,49,1205000.0,208.0,1,Asian,Male,35-44,86.0,Loan originated
1,185000.0,<20%,765000.0,148.0,1,Asian,Joint,25-34,24.67,Loan originated
1,505000.0,44,855000.0,179.0,1,Asian,Joint,55-64,58.824,Loan originated
1,1105000.0,44,1705000.0,395.0,1,White,Male,25-34,64.706,Loan originated
1,25000.0,<20%,775000.0,198.0,1,White,Female,25-34,98.0,Loan originated
1,705000.0,45,745000.0,160.0,1,White,Male,25-34,95.0,Loan originated
1,255000.0,20%-<30%,505000.0,158.0,1,White,Joint,35-44,51.0,Loan originated
1,585000.0,48,615000.0,190.0,1,White,Male,35-44,95.0,Loan originated
1,585000.0,30%-<36%,735000.0,258.0,1,Hispanic or Latino,Joint,45-54,80.0,Loan originated
1,1125000.0,45,1405000.0,323.0,1,Asian,Joint,25-34,80.0,Loan originated
1,475000.0,47,595000.0,140.0,1,White,Female,25-34,80.0,Loan originated
1,725000.0,44,765000.0,209.0,1,Hispanic or Latino,Male,25-34,95.0,Loan originated
1,365000.0,41,375000.0,123.0,1,Hispanic or Latino,Joint,25-34,101.94,Loan originated
1,545000.0,47,725000.0,246.0,1,Asian,Joint,45-54,75.0,Loan originated
1,655000.0,<20%,955000.0,399.0,1,Asian,Male,25-34,69.0,Loan originated
1,635000.0,20%-<30%,935000.0,274.0,1,Hispanic or Latino,Female,35-44,70.968,Application denied
1,515000.0,30%-<36%,605000.0,214.0,1,White,Male,25-34,85.0,Loan originated
1,345000.0,30%-<36%,425000.0,98.0,1,White,Male,25-34,80.0,Loan originated
1,435000.0,45,585000.0,132.0,1,White,Male,35-44,75.0,Loan originated
1,645000.0,49,1005000.0,133.0,1,White,Female,55-64,64.0,Loan originated
1,855000.0,20%-<30%,1155000.0,712.0,1,White,Male,65-74,73.913,Loan originated
1,585000.0,49,705000.0,117.0,1,Hispanic or Latino,Joint,25-34,82.283,Loan originated
1,505000.0,46,555000.0,195.0,1,White,Joint,35-44,90.909,Loan originated
1,685000.0,39,855000.0,205.0,1,Hispanic or Latino,Joint,25-34,80.0,Loan originated
1,465000.0,47,485000.0,128.0,1,Asian,Female,35-44,95.0,Loan originated
1,525000.0,30%-<36%,655000.0,218.0,1,White,Male,65-74,80.0,Loan originated
1,515000.0,37,565000.0,146.0,1,Hispanic or Latino,Male,25-34,90.0,Loan originated
1,245000.0,49,265000.0,62.0,1,Hispanic or Latino,Male,45-54,95.0,Loan originated
1,645000.0,<20%,1115000.0,725.0,1,White,Female,35-44,57.399,Loan originated
1,505000.0,49,635000.0,154.0,1,Asian,Joint,25-34,80.0,Loan originated
1,465000.0,49,485000.0,112.0,1,Hispanic or Latino,Female,45-54,97.323,Loan originated
1,445000.0,41,525000.0,165.0,1,Asian,Male,35-44,85.0,Loan originated
1,385000.0,49,515000.0,106.0,1,Black or African American,Female,35-44,95.0,Loan originated
1,525000.0,<20%,745000.0,793.0,1,Asian,Male,35-44,70.0,Loan originated
1,555000.0,36,695000.0,231.0,1,Hispanic or Latino,Joint,45-54,80.0,Loan originated
1,645000.0,45,1325000.0,170.0,1,White,Female,45-54,49.92,Loan originated
1,765000.0,46,795000.0,203.0,1,White,Joint,35-44,96.352,Loan originated
1,545000.0,48,685000.0,138.0,1,Asian,Male,55-64,80.0,Loan originated
1,665000.0,30%-<36%,835000.0,195.0,1,Asian,Joint,25-34,80.0,Loan originated
1,455000.0,20%-<30%,575000.0,369.0,1,White,Joint,35-44,80.0,Loan originated
1,405000.0,43,725000.0,87.0,1,Asian,Male,45-54,55.721,Loan originated
1,755000.0,48,905000.0,160.0,1,White,Male,35-44,84.111,Loan originated
1,475000.0,49,595000.0,97.0,1,Asian,Male,<25,100.0,Loan originated
1,405000.0,38,1465000.0,182.0,1,Black or African American,Female,45-54,27.397,Loan originated
1,585000.0,36,785000.0,175.0,1,White,Female,35-44,75.0,Loan originated
1,575000.0,49,645000.0,126.0,1,Asian,Joint,<25,90.0,Application denied
1,175000.0,20%-<30%,295000.0,185.0,1,White,Female,55-64,60.0,Loan originated
1,1055000.0,46,1505000.0,695.0,1,Asian,Joint,<25,70.0,Loan originated
1,605000.0,41,755000.0,166.0,1,Asian,Female,25-34,80.0,Loan originated
1,735000.0,41,865000.0,228.0,1,Asian,Male,45-54,85.0,Loan originated
1,435000.0,45,445000.0,116.0,1,Hispanic or Latino,Male,35-44,96.63,Loan originated
1,305000.0,30%-<36%,335000.0,90.0,1,White,Joint,35-44,100.0,Application denied
1,1045000.0,30%-<36%,1905000.0,338.0,1,White,Joint,45-54,54.737,Loan originated
1,465000.0,49,675000.0,203.0,1,Hispanic or Latino,Joint,45-54,70.0,Loan originated
1,275000.0,44,325000.0,70.0,1,Hispanic or Latino,Male,45-54,88.817,Loan originated
1,305000.0,37,1005000.0,133.0,1,Asian,Male,45-54,30.0,Loan originated
1,295000.0,48,315000.0,104.0,1,Hispanic or Latino,Male,25-34,95.0,Loan originated
1,765000.0,47,965000.0,183.0,1,White,Joint,>74,79.37,Loan originated
1,395000.0,40,495000.0,102.0,1,White,Female,45-54,80.0,Loan originated
1,855000.0,20%-<30%,1615000.0,655.0,1,Asian,Male,35-44,52.795,Loan originated
1,525000.0,36,605000.0,145.0,1,White,Male,25-34,86.78,Loan originated
1,685000.0,47,765000.0,155.0,1,Hispanic or Latino,Female,35-44,90.0,Loan originated
1,295000.0,41,375000.0,191.0,1,White,Male,45-54,80.0,Loan originated
1,2005000.0,47,2715000.0,471.0,1,White,Female,45-54,74.0,Application denied
1,405000.0,41,1105000.0,120.0,1,White,Joint,>74,36.364,Loan originated
1,565000.0,47,595000.0,149.0,1,Hispanic or Latino,Male,25-34,95.0,Loan originated
1,655000.0,45,725000.0,167.0,1,Asian,Joint,25-34,90.0,Loan originated
1,515000.0,43,605000.0,62.0,1,Hispanic or Latino,Female,<25,85.0,Application denied
1,415000.0,20%-<30%,435000.0,171.0,1,Hispanic or Latino,Male,<25,97.0,Loan originated
1,765000.0,49,795000.0,166.0,1,Black or African American,Female,35-44,96.662,Loan originated
1,265000.0,46,285000.0,88.0,1,Hispanic or Latino,Female,35-44,95.0,Loan originated
1,535000.0,49,1025000.0,104.0,1,White,Female,25-34,52.0,Loan originated
1,355000.0,20%-<30%,805000.0,138.0,1,Hispanic or Latino,Male,55-64,43.75,Loan originated
1,315000.0,48,705000.0,92.0,1,White,Male,55-64,44.29,Loan originated
1,555000.0,20%-<30%,695000.0,280.0,1,White,Joint,35-44,80.0,Loan originated
1,1005000.0,46,1255000.0,273.0,1,White,Female,65-74,80.0,Loan originated
1,275000.0,20%-<30%,1355000.0,207.0,1,White,Male,65-74,20.06,Loan originated
1,1015000.0,30%-<36%,1275000.0,292.0,1,Asian,Joint,25-34,80.0,Loan originated
1,865000.0,39,1075000.0,29.0,1,Asian,Joint,25-34,80.0,Loan originated
1,485000.0,48,515000.0,147.0,1,Asian,Female,25-34,95.0,Loan originated
1,495000.0,20%-<30%,695000.0,304.0,1,Hispanic or Latino,Female,55-64,71.22,Loan originated
1,135000.0,<20%,165000.0,108.0,1,Hispanic or Latino,Male,35-44,80.0,Loan originated
1,565000.0,<20%,685000.0,465.0,1,White,Joint,35-44,81.76,Loan originated
1,125000.0,38,465000.0,96.0,1,White,Female,65-74,27.12,Loan originated
1,655000.0,20%-<30%,725000.0,286.0,1,Asian,Joint,35-44,90.0,Application denied
1,765000.0,45,975000.0,234.0,1,White,Female,25-34,79.0,Loan originated
1,765000.0,30%-<36%,955000.0,263.0,1,Asian,Joint,25-34,80.314,Loan originated
1,215000.0,44,505000.0,86.0,1,Hispanic or Latino,Joint,55-64,42.963,Loan originated
1,765000.0,43,1145000.0,215.0,1,Asian,Male,45-54,66.987,Loan originated
1,385000.0,36,425000.0,109.0,1,White,Joint,35-44,92.14,Loan originated
1,465000.0,49,655000.0,104.0,1,Black or African American,Female,55-64,70.0,Loan originated
1,1145000.0,49,1505000.0,240.0,1,Asian,Male,45-54,76.655,Loan originated
1,465000.0,47,695000.0,105.0,1,Asian,Male,35-44,67.826,Loan originated
1,595000.0,36,745000.0,169.0,1,Asian,Joint,35-44,80.0,Loan originated
1,1055000.0,49,1325000.0,232.0,1,White,Joint,25-34,80.0,Application denied
1,285000.0,50%-60%,365000.0,65.0,1,Hispanic or Latino,Joint,25-34,80.0,Application denied
1,675000.0,20%-<30%,1275000.0,271.0,1,White,Male,45-54,52.941,Loan originated
1,275000.0,49,675000.0,151.0,1,White,Joint,<25,40.476,Loan originated
1,765000.0,42,1265000.0,178.0,1,White,Male,25-34,60.318,Loan originated
1,355000.0,46,475000.0,82.0,1,White,Male,25-34,75.0,Loan originated
1,525000.0,46,555000.0,123.0,1,Hispanic or Latino,Joint,<25,95.0,Loan originated
1,385000.0,42,405000.0,105.0,1,Black or African American,Male,25-34,95.0,Loan originated
1,415000.0,45,435000.0,339.0,1,White,Female,25-34,95.0,Loan originated
1,1045000.0,39,1225000.0,328.0,1,Asian,Female,25-34,85.0,Loan originated
1,625000.0,30%-<36%,775000.0,239.0,1,Other,Male,25-34,80.0,Loan originated
1,755000.0,44,1235000.0,184.0,1,White,Joint,25-34,60.81,Loan originated
1,565000.0,43,895000.0,202.0,1,Asian,Female,45-54,63.223,Loan originated
1,345000.0,39,425000.0,101.0,1,White,Male,45-54,80.0,Loan originated
1,755000.0,49,945000.0,143.0,1,Asian,Joint,35-44,80.0,Loan originated
1,665000.0,30%-<36%,745000.0,225.0,1,Asian,Male,35-44,89.968,Loan originated
1,355000.0,42,375000.0,87.0,1,White,Joint,45-54,95.0,Loan originated
1,525000.0,30%-<36%,605000.0,158.0,1,White,Male,25-34,90.0,Loan originated
1,425000.0,43,445000.0,162.0,1,White,Joint,25-34,94.989,Loan originated
1,605000.0,30%-<36%,695000.0,185.0,1,Asian,Male,25-34,88.0,Loan originated
1,785000.0,45,1125000.0,300.0,1,White,Male,35-44,70.0,Loan originated
1,615000.0,40,635000.0,201.0,1,Other,Joint,25-34,97.0,Loan originated
1,675000.0,36,845000.0,218.0,1,Asian,Joint,25-34,80.0,Loan originated
1,395000.0,50%-60%,425000.0,117.0,1,Asian,Joint,35-44,95.0,Loan originated
1,455000.0,46,485000.0,253.0,1,White,Joint,45-54,95.0,Loan originated
1,725000.0,36,815000.0,241.0,1,White,Male,<25,90.0,Loan originated
1,745000.0,44,1235000.0,165.0,1,Hispanic or Latino,Female,25-34,59.92,Loan originated
1,545000.0,30%-<36%,685000.0,221.0,1,White,Joint,55-64,80.0,Loan originated
1,175000.0,48,355000.0,164.0,1,White,Joint,35-44,49.435,Loan originated
1,605000.0,46,875000.0,237.0,1,Asian,Female,65-74,68.42,Loan originated
1,65000.0,30%-<36%,95000.0,56.0,1,White,Female,65-74,63.16,Loan originated
1,415000.0,>60%,695000.0,154.0,1,Asian,Male,25-34,59.77,Loan originated
1,755000.0,45,835000.0,207.0,1,White,Joint,35-44,90.0,Loan originated
1,765000.0,43,985000.0,193.0,1,Hispanic or Latino,Male,35-44,78.214,Loan originated
1,505000.0,44,565000.0,138.0,1,Hispanic or Latino,Female,35-44,90.0,Loan originated
1,765000.0,36,955000.0,244.0,1,White,Joint,45-54,80.0,Loan originated
1,245000.0,30%-<36%,335000.0,99.0,1,Hispanic or Latino,Joint,65-74,74.25,Loan originated
1,235000.0,36,415000.0,99.0,1,Asian,Male,45-54,57.349,Loan originated
1,725000.0,38,765000.0,260.0,1,Asian,Male,25-34,95.0,Loan originated
1,1175000.0,37,1565000.0,602.0,1,Asian,Joint,25-34,75.0,Loan originated
1,805000.0,<20%,1295000.0,1114.0,1,White,Joint,>74,62.016,Loan originated
1,415000.0,43,435000.0,157.0,1,Hispanic or Latino,Male,25-34,100.0,Loan originated
1,915000.0,41,1295000.0,225.0,1,White,Female,35-44,80.0,Loan originated
1,645000.0,38,755000.0,395.0,1,White,Male,35-44,85.0,Loan originated
1,965000.0,40,1205000.0,360.0,1,White,Male,25-34,80.0,Loan originated
1,405000.0,37,1805000.0,215.0,1,White,Male,55-64,22.205,Loan originated
1,405000.0,20%-<30%,605000.0,175.0,1,White,Female,45-54,67.0,Loan originated
1,205000.0,30%-<36%,635000.0,112.0,1,White,Male,55-64,31.75,Loan originated
1,805000.0,50%-60%,1815000.0,118.0,1,White,Joint,55-64,44.2,Loan originated
1,965000.0,46,1365000.0,268.0,1,Asian,Joint,45-54,70.7,Loan originated
1,555000.0,30%-<36%,625000.0,156.0,1,Asian,Joint,25-34,93.428,Loan originated
1,475000.0,<20%,825000.0,598.0,1,Hispanic or Latino,Male,35-44,57.0,Loan originated
1,515000.0,44,645000.0,168.0,1,Asian,Female,35-44,79.99975,Loan originated
1,475000.0,44,555000.0,123.0,1,Hispanic or Latino,Male,25-34,85.0,Loan originated
1,405000.0,30%-<36%,1425000.0,239.0,1,Asian,Joint,35-44,28.37,Loan originated
1,465000.0,20%-<30%,615000.0,264.0,1,Other,Male,35-44,75.0,Loan originated
1,345000.0,20%-<30%,1025000.0,280.0,1,White,Joint,45-54,33.074,Loan originated
1,495000.0,45,665000.0,161.0,1,White,Joint,>74,75.0,Loan originated
1,585000.0,47,735000.0,134.0,1,White,Joint,35-44,80.0,Loan originated
1,225000.0,>60%,275000.0,80.0,1,White,Joint,55-64,83.0,Application denied
1,565000.0,40,705000.0,447.0,1,Asian,Joint,35-44,80.0,Loan originated
1,175000.0,49,225000.0,44.0,1,Black or African American,Male,35-44,80.0,Loan originated
1,465000.0,38,585000.0,160.0,1,White,Joint,25-34,80.0,Loan originated
1,405000.0,44,685000.0,122.0,1,Hispanic or Latino,Female,25-34,58.824,Loan originated
1,495000.0,45,615000.0,148.0,1,Hispanic or Latino,Male,25-34,80.0,Loan originated
1,305000.0,43,505000.0,73.0,1,Asian,Female,35-44,60.0,Loan originated
1,605000.0,50%-60%,755000.0,131.0,1,Hispanic or Latino,Female,35-44,80.0,Loan originated
1,765000.0,40,885000.0,221.0,1,Asian,Male,45-54,86.94,Loan originated
1,765000.0,42,865000.0,271.0,1,Asian,Joint,25-34,88.12,Loan originated
1,525000.0,39,695000.0,230.0,1,White,Female,35-44,74.964,Loan originated
1,1025000.0,47,1255000.0,240.0,1,White,Male,45-54,81.84,Application denied
1,1085000.0,42,1805000.0,290.0,1,Asian,Male,65-74,60.0,Loan originated
1,155000.0,30%-<36%,1375000.0,109.0,1,Asian,Male,25-34,10.91,Loan originated
1,675000.0,30%-<36%,2285000.0,350.0,1,Asian,Male,35-44,29.55,Loan originated
1,185000.0,43,335000.0,69.0,1,White,Female,55-64,55.88,Loan originated
1,275000.0,49,285000.0,139.0,1,Hispanic or Latino,Joint,55-64,95.0,Application denied
1,795000.0,38,885000.0,203.0,1,Asian,Female,35-44,89.99,Loan originated
1,765000.0,43,845000.0,284.0,1,Asian,Joint,25-34,90.0,Loan originated
1,455000.0,20%-<30%,1355000.0,210.0,1,Asian,Female,35-44,33.333,Loan originated
1,675000.0,30%-<36%,1225000.0,233.0,1,Asian,Female,35-44,55.0,Loan originated
1,315000.0,44,395000.0,88.0,1,White,Female,25-34,80.0,Loan originated
1,485000.0,45,605000.0,105.0,1,Asian,Male,35-44,80.0,Loan originated
1,395000.0,20%-<30%,495000.0,549.0,1,White,Joint,55-64,80.0,Loan originated
1,305000.0,49,615000.0,125.0,1,Hispanic or Latino,Joint,35-44,50.0,Loan originated
1,1065000.0,49,1385000.0,252.0,1,White,Male,45-54,77.174,Loan originated
1,925000.0,49,975000.0,212.0,1,Asian,Male,25-34,95.0,Loan originated
1,755000.0,20%-<30%,1505000.0,449.0,1,Asian,Joint,35-44,50.0,Loan originated
1,475000.0,39,1205000.0,138.0,1,Hispanic or Latino,Female,35-44,39.583,Loan originated
1,385000.0,49,465000.0,95.0,1,Hispanic or Latino,Female,35-44,83.913,Loan originated
1,325000.0,41,415000.0,90.0,1,Hispanic or Latino,Female,35-44,80.0,Loan originated
1,695000.0,42,735000.0,167.0,1,Hispanic or Latino,Male,25-34,95.0,Loan originated
1,215000.0,20%-<30%,435000.0,133.0,1,Hispanic or Latino,Joint,45-54,49.0,Loan originated
1,475000.0,30%-<36%,515000.0,115.0,1,Hispanic or Latino,Male,35-44,91.735,Loan originated
1,765000.0,47,1475000.0,275.0,1,White,Joint,>74,51.99,Loan originated
1,355000.0,40,1685000.0,143.0,1,Asian,Male,25-34,21.0,Loan originated
1,615000.0,46,655000.0,131.0,1,Hispanic or Latino,Joint,25-34,95.0,Loan originated
1,485000.0,44,505000.0,140.0,1,Hispanic or Latino,Male,45-54,99.97,Loan originated
1,465000.0,44,525000.0,99.0,1,Hispanic or Latino,Female,65-74,92.7,Loan originated
1,755000.0,40,835000.0,206.0,1,White,Female,45-54,90.0,Loan originated
1,885000.0,48,1105000.0,427.0,1,Hispanic or Latino,Joint,25-34,80.0,Loan originated
1,745000.0,47,935000.0,158.0,1,Hispanic or Latino,Male,35-44,80.0,Loan originated
1,675000.0,48,975000.0,184.0,1,Black or African American,Female,45-54,70.0,Loan originated
1,1085000.0,44,2605000.0,325.0,1,Asian,Joint,35-44,41.72,Loan originated
1,565000.0,44,595000.0,147.0,1,White,Female,35-44,95.0,Loan originated
1,695000.0,36,865000.0,310.0,1,Asian,Joint,35-44,80.0,Loan originated
1,505000.0,49,595000.0,142.0,1,White,Female,25-34,85.0,Loan originated
1,665000.0,48,825000.0,134.0,1,White,Male,25-34,80.0,Loan originated
1,295000.0,50%-60%,365000.0,61.0,1,Hispanic or Latino,Male,25-34,80.0,Application denied
1,205000.0,30%-<36%,705000.0,111.0,1,Hispanic or Latino,Male,55-64,29.0,Loan originated
1,585000.0,44,835000.0,154.0,1,Asian,Male,35-44,70.0,Loan originated
1,605000.0,49,645000.0,129.0,1,White,Male,25-34,95.0,Loan originated
1,655000.0,45,1955000.0,310.0,1,Asian,Joint,35-44,33.333,Loan originated
1,735000.0,20%-<30%,995000.0,254.0,1,Asian,Joint,25-34,73.869,Loan originated
1,245000.0,45,445000.0,100.0,1,White,Female,55-64,55.46,Application denied
1,365000.0,44,385000.0,98.0,1,Asian,Female,35-44,95.0,Loan originated
1,695000.0,44,775000.0,172.0,1,Hispanic or Latino,Female,45-54,90.0,Loan originated
1,315000.0,47,495000.0,90.0,1,Other,Joint,35-44,63.928,Loan originated
1,305000.0,48,655000.0,113.0,1,White,Female,65-74,46.154,Loan originated
1,815000.0,37,1015000.0,338.0,1,White,Male,55-64,80.0,Loan originated
1,175000.0,43,275000.0,44.0,1,White,Male,35-44,63.504,Loan originated
1,905000.0,46,1335000.0,201.0,1,Asian,Male,25-34,67.27,Loan originated
1,685000.0,20%-<30%,855000.0,425.0,1,White,Male,45-54,80.0,Loan originated
1,345000.0,49,675000.0,72.0,1,White,Female,35-44,51.111,Loan originated
1,495000.0,20%-<30%,585000.0,203.0,1,White,Joint,25-34,85.0,Loan originated
1,705000.0,41,875000.0,164.0,1,Asian,Joint,25-34,80.0,Loan originated
1,375000.0,46,505000.0,83.0,1,Hispanic or Latino,Female,35-44,74.0,Loan originated
1,395000.0,<20%,1785000.0,340.0,1,White,Joint,25-34,22.296,Loan originated
1,565000.0,40,915000.0,142.0,1,White,Male,35-44,61.749,Loan originated
1,275000.0,49,375000.0,74.0,1,Hispanic or Latino,Female,35-44,73.333,Loan originated
1,485000.0,45,575000.0,151.0,1,Hispanic or Latino,Joint,45-54,105.0,Loan originated
1,405000.0,40,455000.0,102.0,1,White,Joint,25-34,90.0,Loan originated
1,565000.0,42,915000.0,150.0,1,Asian,Male,35-44,61.672,Loan originated
1,425000.0,36,715000.0,251.0,1,White,Joint,45-54,60.0,Loan originated
1,725000.0,30%-<36%,905000.0,250.0,1,Asian,Joint,35-44,80.0,Loan originated
1,455000.0,43,905000.0,185.0,1,Asian,Male,35-44,50.0,Loan originated
1,715000.0,30%-<36%,895000.0,596.0,1,Hispanic or Latino,Male,45-54,80.0,Loan originated
1,355000.0,44,475000.0,125.0,1,Asian,Male,35-44,75.0,Loan originated
1,345000.0,49,375000.0,130.0,1,White,Joint,35-44,95.0,Loan originated
1,345000.0,30%-<36%,355000.0,121.0,1,White,Female,25-34,100.4,Loan originated
1,685000.0,30%-<36%,815000.0,258.0,1,White,Joint,45-54,85.0,Application denied
1,545000.0,48,685000.0,118.0,1,White,Male,25-34,80.0,Loan originated
1,445000.0,39,555000.0,142.0,1,White,Joint,45-54,80.0,Loan originated
1,345000.0,45,465000.0,147.0,1,Asian,Male,35-44,75.0,Loan originated
1,345000.0,30%-<36%,385000.0,139.0,1,White,Female,35-44,88.402,Loan originated
1,905000.0,48,1205000.0,183.0,1,White,Male,25-34,75.0,Loan originated
1,765000.0,20%-<30%,1105000.0,586.0,1,White,Male,45-54,69.091,Loan originated
1,435000.0,30%-<36%,885000.0,141.0,1,White,Female,35-44,48.864,Loan originated
1,945000.0,30%-<36%,1115000.0,723.0,1,White,Joint,25-34,85.0,Loan originated
1,265000.0,48,545000.0,120.0,1,White,Joint,65-74,49.0,Loan originated
1,205000.0,49,275000.0,56.0,1,Hispanic or Latino,Male,25-34,74.074,Loan originated
1,335000.0,50%-60%,415000.0,60.0,1,Hispanic or Latino,Female,35-44,80.0,Application denied
1,245000.0,40,275000.0,73.0,1,Asian,Female,55-64,90.0,Loan originated
1,255000.0,20%-<30%,325000.0,137.0,1,White,Female,55-64,80.0,Loan originated
1,585000.0,37,725000.0,164.0,1,Hispanic or Latino,Female,<25,80.0,Loan originated
1,505000.0,48,525000.0,107.0,1,Hispanic or Latino,Male,35-44,97.0,Loan originated
1,325000.0,47,335000.0,70.0,1,Hispanic or Latino,Male,<25,100.0,Loan originated
1,905000.0,44,955000.0,225.0,1,White,Joint,35-44,95.0,Loan originated
1,765000.0,41,1055000.0,277.0,1,White,Male,25-34,73.005,Loan originated
1,545000.0,49,645000.0,141.0,1,Asian,Joint,55-64,100.0,Loan originated
1,395000.0,37,405000.0,119.0,1,Hispanic or Latino,Male,25-34,100.0,Loan originated
1,765000.0,20%-<30%,975000.0,398.0,1,White,Joint,45-54,80.0,Loan originated
1,675000.0,20%-<30%,845000.0,249.0,1,Asian,Joint,25-34,80.0,Loan originated
1,845000.0,30%-<36%,895000.0,270.0,1,White,Joint,25-34,95.0,Loan originated
1,1125000.0,47,1415000.0,273.0,1,Asian,Male,35-44,80.0,Loan originated
1,685000.0,30%-<36%,745000.0,180.0,1,Asian,Male,45-54,92.5,Loan originated
1,645000.0,30%-<36%,805000.0,344.0,1,Asian,Joint,35-44,80.0,Loan originated
1,1025000.0,39,1275000.0,275.0,1,Asian,Male,35-44,80.0,Loan originated
1,565000.0,43,625000.0,191.0,1,Asian,Female,35-44,90.0,Loan originated
1,195000.0,<20%,945000.0,152.0,1,White,Joint,35-44,21.0,Loan originated
1,425000.0,20%-<30%,605000.0,180.0,1,Asian,Male,55-64,70.0,Loan originated
1,255000.0,49,325000.0,89.0,1,White,Joint,45-54,80.0,Loan originated
1,765000.0,37,855000.0,235.0,1,Hispanic or Latino,Female,45-54,89.95,Loan originated
1,625000.0,41,785000.0,476.0,1,White,Female,55-64,80.0,Loan originated
1,505000.0,30%-<36%,535000.0,165.0,1,White,Male,45-54,95.0,Loan originated
1,215000.0,20%-<30%,715000.0,142.0,1,White,Female,65-74,30.119,Loan originated
1,335000.0,30%-<36%,425000.0,100.0,1,Hispanic or Latino,Male,35-44,100.0,Loan originated
1,565000.0,45,705000.0,130.0,1,Asian,Male,25-34,80.0,Loan originated
1,1005000.0,45,1335000.0,343.0,1,White,Joint,25-34,75.02,Application denied
1,645000.0,40,735000.0,156.0,1,Asian,Joint,25-34,88.59,Loan originated
1,245000.0,46,335000.0,67.0,1,Hispanic or Latino,Male,25-34,97.0,Loan originated
1,425000.0,<20%,615000.0,835.0,1,White,Female,35-44,80.0,Application denied
1,815000.0,30%-<36%,1015000.0,299.0,1,White,Joint,25-34,80.0,Loan originated
1,385000.0,36,485000.0,110.0,1,Hispanic or Latino,Male,45-54,80.0,Loan originated
1,715000.0,30%-<36%,645000.0,428.0,1,White,Male,35-44,110.465,Application denied
1,605000.0,37,865000.0,197.0,1,Asian,Male,25-34,70.0,Application denied
1,515000.0,38,535000.0,151.0,1,White,Joint,25-34,95.0,Loan originated
1,665000.0,20%-<30%,825000.0,266.0,1,Asian,Male,35-44,80.0,Loan originated
1,555000.0,47,585000.0,197.0,1,Black or African American,Female,55-64,95.0,Loan originated
1,465000.0,38,495000.0,119.0,1,Asian,Male,25-34,95.0,Loan originated
1,725000.0,44,905000.0,202.0,1,White,Female,45-54,80.0,Loan originated
1,275000.0,20%-<30%,975000.0,182.0,1,White,Female,45-54,28.198,Loan originated
1,685000.0,49,725000.0,313.0,1,Hispanic or Latino,Joint,65-74,95.0,Loan originated
1,165000.0,47,565000.0,94.0,1,Hispanic or Latino,Joint,45-54,29.604,Loan originated
1,305000.0,37,325000.0,155.0,1,White,Joint,35-44,95.0,Loan originated
1,805000.0,38,1705000.0,224.0,1,White,Joint,35-44,47.21,Loan originated
1,325000.0,46,365000.0,68.0,1,White,Male,25-34,90.0,Loan originated
1,505000.0,>60%,1085000.0,149.0,1,Asian,Joint,25-34,46.296,Application denied
1,1055000.0,46,1555000.0,250.0,1,White,Male,35-44,67.73,Loan originated
1,415000.0,44,695000.0,138.0,1,Asian,Male,25-34,60.0,Loan originated
1,765000.0,46,965000.0,189.0,1,White,Joint,25-34,79.167,Loan originated
1,595000.0,49,695000.0,157.0,1,Other,Joint,35-44,85.0,Loan originated
1,905000.0,49,1135000.0,184.0,1,White,Joint,35-44,80.0,Loan originated
1,445000.0,41,555000.0,163.0,1,White,Female,55-64,80.0,Loan originated
1,615000.0,38,795000.0,186.0,1,White,Joint,35-44,80.0,Loan originated
1,585000.0,39,835000.0,188.0,1,Asian,Male,45-54,70.0,Loan originated
1,895000.0,49,965000.0,244.0,1,Asian,Joint,<25,93.0,Loan originated
1,565000.0,37,715000.0,156.0,1,White,Male,35-44,80.0,Loan originated
1,525000.0,30%-<36%,655000.0,292.0,1,White,Joint,55-64,80.0,Loan originated
1,805000.0,>60%,1215000.0,171.0,1,White,Joint,55-64,65.844,Application denied
1,795000.0,38,845000.0,391.0,1,White,Male,25-34,95.0,Loan originated
1,485000.0,44,605000.0,190.0,1,White,Male,35-44,80.0,Loan originated
1,485000.0,30%-<36%,545000.0,145.0,1,Asian,Joint,25-34,90.0,Loan originated
1,655000.0,41,685000.0,175.0,1,Asian,Joint,35-44,95.0,Loan originated
1,1055000.0,42,1265000.0,257.0,1,Asian,Male,45-54,83.333,Loan originated
1,375000.0,47,385000.0,100.0,1,Hispanic or Latino,Male,25-34,96.23,Loan originated
1,295000.0,49,355000.0,135.0,1,Hispanic or Latino,Male,25-34,85.0,Application denied
1,505000.0,43,565000.0,155.0,1,Asian,Male,25-34,88.0,Loan originated
1,725000.0,44,975000.0,635.0,1,Asian,Male,25-34,74.359,Loan originated
1,495000.0,41,615000.0,185.0,1,White,Joint,65-74,80.0,Loan originated
1,455000.0,36,575000.0,135.0,1,Asian,Male,55-64,80.0,Loan originated
1,815000.0,47,865000.0,260.0,1,White,Joint,25-34,94.0,Application denied
1,585000.0,20%-<30%,665000.0,229.0,1,Asian,Male,25-34,87.902,Loan originated
1,935000.0,47,1255000.0,206.0,1,White,Male,35-44,75.0,Application denied
1,765000.0,43,895000.0,215.0,1,White,Joint,55-64,85.261,Loan originated
1,515000.0,36,575000.0,139.0,1,Asian,Male,35-44,90.0,Loan originated
1,455000.0,50%-60%,475000.0,92.0,1,Hispanic or Latino,Male,25-34,95.0,Application denied
1,615000.0,20%-<30%,775000.0,289.0,1,Asian,Joint,25-34,80.0,Loan originated
1,305000.0,49,515000.0,100.0,1,White,Male,65-74,58.927,Loan originated
1,685000.0,43,765000.0,181.0,1,White,Joint,55-64,90.0,Loan originated
1,765000.0,48,905000.0,195.0,1,White,Male,25-34,84.608,Loan originated
1,895000.0,43,1125000.0,326.0,1,Asian,Joint,35-44,80.0,Loan originated
1,605000.0,36,645000.0,171.0,1,White,Male,35-44,95.0,Loan originated
1,1105000.0,<20%,1475000.0,680.0,1,White,Male,25-34,75.0,Loan originated
1,305000.0,30%-<36%,415000.0,101.0,1,White,Joint,35-44,72.289,Loan originated
1,635000.0,39,845000.0,165.0,1,White,Male,25-34,75.0,Loan originated
1,1095000.0,45,1525000.0,248.0,1,Other,Female,35-44,71.5,Loan originated
1,405000.0,44,455000.0,169.0,1,Hispanic or Latino,Female,25-34,88.889,Loan originated
1,765000.0,42,955000.0,180.0,1,Asian,Female,45-54,80.0,Loan originated
1,515000.0,20%-<30%,775000.0,485.0,1,White,Joint,45-54,66.581,Loan originated
1,395000.0,30%-<36%,415000.0,175.0,1,Hispanic or Latino,Male,55-64,95.0,Loan originated
1,725000.0,37,805000.0,211.0,1,Asian,Joint,35-44,90.0,Loan originated
1,985000.0,48,1155000.0,287.0,1,White,Male,>74,85.0,Loan originated
1,535000.0,20%-<30%,805000.0,191.0,1,Asian,Joint,45-54,66.25,Loan originated
1,535000.0,37,595000.0,220.0,1,White,Joint,25-34,89.9,Loan originated
1,415000.0,49,525000.0,117.0,1,Hispanic or Latino,Male,25-34,80.0,Loan originated
1,555000.0,41,695000.0,133.0,1,Hispanic or Latino,Male,25-34,80.0,Loan originated
1,535000.0,40,665000.0,156.0,1,White,Joint,25-34,80.0,Loan originated
1,695000.0,42,925000.0,360.0,1,White,Male,65-74,75.0,Loan originated
1,635000.0,50%-60%,795000.0,129.0,1,Asian,Joint,45-54,80.0,Application denied
1,515000.0,42,695000.0,150.0,1,Asian,Female,35-44,75.0,Loan originated
1,655000.0,20%-<30%,735000.0,363.0,1,White,Female,35-44,89.0,Loan originated
1,555000.0,46,615000.0,138.0,1,Asian,Joint,35-44,89.973,Loan originated
1,455000.0,39,675000.0,124.0,1,White,Male,35-44,67.407,Loan originated
1,605000.0,43,615000.0,167.0,1,White,Joint,45-54,100.0,Loan originated
1,305000.0,20%-<30%,1155000.0,170.0,1,Hispanic or Latino,Male,45-54,26.09,Loan originated
1,545000.0,30%-<36%,575000.0,173.0,1,White,Joint,35-44,95.0,Loan originated
1,405000.0,38,625000.0,134.0,1,Asian,Female,25-34,64.516,Loan originated
1,605000.0,43,1705000.0,233.0,1,White,Joint,>74,35.294,Loan originated
1,545000.0,46,745000.0,107.0,1,Hispanic or Latino,Male,35-44,72.973,Loan originated
1,835000.0,39,945000.0,371.0,1,Hispanic or Latino,Joint,35-44,89.05,Loan originated
1,495000.0,49,525000.0,108.0,1,Hispanic or Latino,Joint,35-44,95.0,Loan originated
1,285000.0,46,295000.0,66.0,1,Black or African American,Female,35-44,95.0,Loan originated
1,565000.0,42,595000.0,251.0,1,Hispanic or Latino,Male,35-44,95.0,Loan originated
1,255000.0,41,655000.0,110.0,1,White,Joint,>74,38.46,Loan originated
1,525000.0,46,925000.0,139.0,1,Hispanic or Latino,Male,55-64,56.757,Loan originated
1,755000.0,43,795000.0,278.0,1,White,Male,35-44,95.0,Loan originated
1,595000.0,20%-<30%,745000.0,220.0,1,Asian,Joint,35-44,80.0,Loan originated
1,655000.0,20%-<30%,775000.0,344.0,1,Hispanic or Latino,Male,35-44,85.0,Loan originated
1,445000.0,49,595000.0,93.0,1,Asian,Male,25-34,95.0,Loan originated
1,955000.0,30%-<36%,1195000.0,332.0,1,Asian,Joint,25-34,80.0,Loan originated
1,765000.0,50%-60%,1055000.0,336.0,1,White,Joint,25-34,73.0,Loan originated
1,355000.0,49,485000.0,71.0,1,Hispanic or Latino,Male,25-34,72.92,Loan originated
1,735000.0,46,775000.0,233.0,1,White,Joint,25-34,95.0,Loan originated
1,205000.0,49,225000.0,56.0,1,Hispanic or Latino,Male,45-54,95.0,Application denied
1,515000.0,30%-<36%,915000.0,140.0,1,Hispanic or Latino,Male,35-44,56.04,Loan originated
1,315000.0,20%-<30%,535000.0,165.0,1,White,Female,25-34,59.264,Loan originated
1,1045000.0,49,1665000.0,202.0,1,Asian,Female,45-54,62.92,Loan originated
1,925000.0,47,1165000.0,193.0,1,Hispanic or Latino,Male,25-34,80.0,Loan originated
1,1025000.0,42,1625000.0,378.0,1,White,Joint,55-64,63.077,Loan originated
1,655000.0,49,855000.0,154.0,1,Asian,Male,35-44,95.0,Loan originated
1,385000.0,30%-<36%,485000.0,108.0,1,Hispanic or Latino,Male,<25,80.0,Loan originated
1,615000.0,47,775000.0,194.0,1,Asian,Male,45-54,79.974,Loan originated
1,1005000.0,41,1405000.0,507.0,1,White,Male,35-44,71.857,Loan originated
1,185000.0,<20%,495000.0,137.0,1,White,Joint,25-34,37.37,Loan originated
1,715000.0,44,895000.0,164.0,1,Hispanic or Latino,Joint,35-44,80.0,Loan originated
1,165000.0,44,165000.0,73.0,1,White,Female,35-44,95.0,Loan originated
1,605000.0,43,675000.0,171.0,1,Hispanic or Latino,Male,35-44,90.0,Loan originated
1,1045000.0,41,1195000.0,231.0,1,Asian,Joint,25-34,88.0,Loan originated
1,665000.0,20%-<30%,835000.0,314.0,1,Asian,Female,35-44,80.0,Loan originated
1,875000.0,48,1105000.0,212.0,1,White,Joint,25-34,79.818,Loan originated
1,985000.0,>60%,1235000.0,150.0,1,Asian,Male,25-34,80.0,Application denied
1,615000.0,46,775000.0,282.0,1,Asian,Joint,55-64,79.97,Application denied
1,435000.0,47,485000.0,140.0,1,Asian,Female,35-44,90.0,Loan originated
1,445000.0,49,895000.0,115.0,1,Hispanic or Latino,Joint,25-34,49.721,Loan originated
1,715000.0,47,755000.0,297.0,1,Asian,Male,35-44,95.0,Loan originated
1,535000.0,43,715000.0,138.0,1,Asian,Male,25-34,75.0,Loan originated
1,565000.0,47,595000.0,132.0,1,Hispanic or Latino,Joint,25-34,96.333,Loan originated
1,735000.0,<20%,755000.0,170.0,1,Black or African American,Joint,25-34,100.0,Application denied
1,705000.0,47,775000.0,144.0,1,Asian,Male,35-44,89.9,Loan originated
1,415000.0,45,595000.0,88.0,1,Hispanic or Latino,Female,45-54,70.0,Loan originated
1,765000.0,<20%,965000.0,-278.0,1,White,Male,45-54,80.0,Application denied
1,675000.0,48,755000.0,142.0,1,Asian,Male,35-44,89.948,Loan originated
1,845000.0,49,935000.0,354.0,1,White,Male,65-74,89.84,Loan originated
1,605000.0,47,725000.0,151.0,1,Asian,Joint,35-44,99.444,Loan originated
1,175000.0,30%-<36%,195000.0,57.0,1,White,Male,25-34,90.0,Loan originated
1,515000.0,48,645000.0,106.0,1,Asian,Female,25-34,80.0,Loan originated
1,475000.0,37,705000.0,156.0,1,Hispanic or Latino,Joint,25-34,67.316,Loan originated
1,1025000.0,39,1285000.0,271.0,1,White,Male,35-44,80.0,Loan originated
1,455000.0,20%-<30%,565000.0,187.0,1,White,Male,25-34,80.0,Loan originated
1,765000.0,48,805000.0,159.0,1,White,Joint,25-34,95.0,Loan originated
1,575000.0,45,735000.0,135.0,1,Asian,Male,35-44,78.08,Loan originated
1,915000.0,20%-<30%,1405000.0,362.0,1,Asian,Male,35-44,65.0,Loan originated
1,655000.0,44,875000.0,166.0,1,White,Male,25-34,75.0,Application denied
1,515000.0,49,625000.0,95.0,1,Hispanic or Latino,Male,25-34,82.258,Loan originated
1,155000.0,47,535000.0,65.0,1,White,Male,>74,27.829,Loan originated
1,125000.0,20%-<30%,135000.0,83.0,1,Hispanic or Latino,Male,25-34,95.0,Loan originated
1,845000.0,30%-<36%,1055000.0,273.0,1,White,Male,55-64,80.0,Loan originated
1,545000.0,48,555000.0,116.0,1,Hispanic or Latino,Male,35-44,97.0,Loan originated
1,215000.0,36,225000.0,82.0,1,White,Female,25-34,97.0,Loan originated
1,475000.0,30%-<36%,685000.0,131.0,1,Hispanic or Latino,Female,25-34,70.0,Loan originated
1,695000.0,43,945000.0,279.0,1,White,Joint,25-34,73.545,Loan originated
1,775000.0,38,1155000.0,320.0,1,Asian,Female,35-44,80.0,Loan originated
1,325000.0,49,405000.0,71.0,1,Hispanic or Latino,Joint,35-44,80.0,Loan originated
1,905000.0,44,1305000.0,284.0,1,White,Joint,35-44,69.231,Loan originated
1,325000.0,47,435000.0,66.0,1,Hispanic or Latino,Male,25-34,95.0,Loan originated
1,455000.0,41,1085000.0,152.0,1,Asian,Joint,45-54,41.667,Loan originated
1,365000.0,30%-<36%,385000.0,115.0,1,Hispanic or Latino,Male,35-44,95.0,Loan originated
1,215000.0,45,615000.0,61.0,1,Asian,Female,>74,35.077,Loan originated
1,935000.0,48,1335000.0,231.0,1,Asian,Female,45-54,69.92,Loan originated
1,905000.0,48,1035000.0,195.0,1,Hispanic or Latino,Joint,25-34,88.0,Loan originated
1,305000.0,50%-60%,2005000.0,133.0,1,Asian,Female,55-64,15.0,Application denied
1,905000.0,<20%,1125000.0,921.0,1,White,Male,35-44,80.0,Loan originated
1,755000.0,49,1205000.0,215.0,1,Asian,Female,35-44,62.5,Application denied
1,385000.0,41,485000.0,111.0,1,Asian,Female,35-44,80.0,Loan originated
1,405000.0,49,505000.0,83.0,1,Hispanic or Latino,Male,55-64,79.892,Loan originated
1,345000.0,30%-<36%,595000.0,125.0,1,White,Female,35-44,57.699,Loan originated
1,1005000.0,42,1185000.0,336.0,1,Asian,Male,25-34,84.999,Application denied
1,705000.0,42,885000.0,198.0,1,Asian,Male,35-44,80.0,Loan originated
1,545000.0,41,735000.0,256.0,1,White,Joint,65-74,73.973,Loan originated
1,275000.0,42,545000.0,89.0,1,Asian,Female,25-34,71.857,Loan originated
1,435000.0,20%-<30%,575000.0,146.0,1,White,Female,25-34,75.0,Loan originated
1,755000.0,49,1365000.0,160.0,1,White,Joint,25-34,56.0,Loan originated
1,725000.0,20%-<30%,915000.0,275.0,1,White,Joint,>74,80.0,Loan originated
1,1115000.0,44,1395000.0,358.0,1,White,Joint,35-44,79.96,Loan originated
1,645000.0,41,785000.0,170.0,1,Asian,Male,25-34,82.051,Loan originated
1,765000.0,20%-<30%,875000.0,273.0,1,White,Joint,35-44,87.207,Loan originated
1,685000.0,40,1035000.0,194.0,1,Asian,Female,25-34,66.019,Loan originated
1,985000.0,<20%,1545000.0,2038.0,1,White,Joint,25-34,89.99,Loan originated
1,1055000.0,30%-<36%,1475000.0,366.0,1,Asian,Joint,35-44,71.071,Loan originated
1,1145000.0,38,1495000.0,549.0,1,Hispanic or Latino,Female,55-64,78.0,Loan originated
1,515000.0,44,645000.0,144.0,1,Black or African American,Female,35-44,80.0,Loan originated
1,145000.0,38,785000.0,95.0,1,White,Joint,45-54,18.095,Loan originated
1,515000.0,45,645000.0,119.0,1,Asian,Female,45-54,80.0,Loan originated
1,475000.0,41,595000.0,122.0,1,Hispanic or Latino,Joint,35-44,80.0,Loan originated
1,455000.0,<20%,1105000.0,364.0,1,White,Joint,65-74,40.909,Loan originated
1,415000.0,<20%,765000.0,250.0,1,Asian,Male,25-34,54.605,Loan originated
1,365000.0,48,465000.0,97.0,1,White,Female,65-74,80.0,Loan originated
1,325000.0,20%-<30%,505000.0,228.0,1,White,Male,45-54,65.0,Loan originated
1,435000.0,42,605000.0,145.0,1,Hispanic or Latino,Male,35-44,71.074,Loan originated
1,1055000.0,40,1555000.0,238.0,1,White,Male,25-34,67.742,Loan originated
1,425000.0,44,535000.0,87.0,1,Asian,Joint,45-54,80.0,Loan originated
1,895000.0,30%-<36%,995000.0,299.0,1,Asian,Joint,35-44,90.0,Loan originated
1,725000.0,45,965000.0,240.0,1,Asian,Male,35-44,75.0,Loan originated
1,785000.0,49,825000.0,185.0,1,White,Joint,35-44,95.0,Loan originated
1,895000.0,48,1125000.0,195.0,1,Asian,Joint,25-34,80.0,Loan originated
1,1085000.0,48,1365000.0,227.0,1,White,Joint,35-44,80.0,Loan originated
1,555000.0,40,655000.0,197.0,1,Black or African American,Male,45-54,85.0,Loan originated
1,605000.0,46,655000.0,148.0,1,Hispanic or Latino,Joint,45-54,96.077,Loan originated
1,485000.0,48,605000.0,114.0,1,White,Joint,25-34,80.0,Loan originated
1,705000.0,30%-<36%,905000.0,225.0,1,Asian,Female,35-44,78.0,Loan originated
1,305000.0,47,325000.0,91.0,1,White,Male,25-34,95.0,Loan originated
1,565000.0,38,715000.0,182.0,1,Asian,Male,35-44,80.0,Loan originated
1,385000.0,49,455000.0,91.0,1,Hispanic or Latino,Female,25-34,84.594,Loan originated
1,155000.0,20%-<30%,355000.0,102.0,1,White,Female,65-74,43.662,Loan originated
1,585000.0,50%-60%,735000.0,129.0,1,Hispanic or Latino,Male,25-34,80.0,Application denied
1,95000.0,20%-<30%,515000.0,109.0,1,White,Female,65-74,17.506,Loan originated
1,535000.0,41,565000.0,153.0,1,Hispanic or Latino,Male,25-34,95.0,Loan originated
1,135000.0,49,395000.0,42.0,1,White,Female,65-74,34.177,Loan originated
1,715000.0,39,895000.0,221.0,1,White,Joint,35-44,80.0,Loan originated
1,575000.0,46,635000.0,177.0,1,White,Male,25-34,89.999,Loan originated
1,315000.0,30%-<36%,325000.0,146.0,1,White,Male,55-64,97.0,Loan originated
1,625000.0,40,775000.0,217.0,1,White,Male,35-44,80.0,Loan originated
1,695000.0,50%-60%,735000.0,98.0,1,Hispanic or Latino,Female,25-34,95.0,Loan originated
1,645000.0,50%-60%,685000.0,131.0,1,Hispanic or Latino,Joint,25-34,95.0,Loan originated
1,505000.0,40,635000.0,116.0,1,White,Male,35-44,100.0,Loan originated
1,695000.0,<20%,895000.0,479.0,1,White,Male,35-44,77.75,Loan originated
1,305000.0,49,315000.0,64.0,1,Hispanic or Latino,Joint,35-44,97.0,Loan originated
1,595000.0,48,625000.0,130.0,1,Asian,Joint,45-54,95.0,Loan originated
1,445000.0,20%-<30%,995000.0,220.0,1,White,Male,35-44,44.444,Loan originated
1,625000.0,30%-<36%,825000.0,328.0,1,Asian,Joint,45-54,75.61,Loan originated
1,475000.0,49,515000.0,123.0,1,Asian,Joint,25-34,93.0,Loan originated
1,725000.0,46,905000.0,245.0,1,White,Female,35-44,80.0,Loan originated
1,725000.0,46,1045000.0,256.0,1,White,Female,45-54,68.906,Loan originated
1,715000.0,41,765000.0,183.0,1,Asian,Joint,55-64,97.0,Loan originated
1,955000.0,39,1365000.0,318.0,1,Asian,Joint,35-44,69.69,Loan originated
1,755000.0,30%-<36%,2075000.0,514.0,1,Asian,Joint,55-64,36.14,Loan originated
1,465000.0,43,665000.0,132.0,1,White,Female,45-54,70.076,Loan originated
1,1055000.0,49,1505000.0,297.0,1,White,Joint,35-44,70.0,Loan originated
1,705000.0,37,725000.0,189.0,1,White,Male,45-54,97.0,Loan originated
1,725000.0,36,905000.0,215.0,1,White,Female,35-44,80.0,Loan originated
1,305000.0,48,375000.0,79.0,1,White,Joint,25-34,85.0,Loan originated
1,655000.0,48,815000.0,142.0,1,White,Male,25-34,80.0,Loan originated
1,675000.0,41,775000.0,281.0,1,Asian,Female,25-34,87.013,Loan originated
1,335000.0,30%-<36%,355000.0,111.0,1,Hispanic or Latino,Joint,35-44,95.0,Loan originated
1,805000.0,42,1055000.0,167.0,1,Asian,Male,25-34,76.476,Loan originated
1,515000.0,43,765000.0,170.0,1,Hispanic or Latino,Joint,35-44,67.301,Loan originated
1,405000.0,46,445000.0,84.0,1,Hispanic or Latino,Female,25-34,90.0,Loan originated
1,525000.0,39,725000.0,184.0,1,White,Female,35-44,72.41,Loan originated
1,475000.0,44,535000.0,147.0,1,White,Male,35-44,90.0,Loan originated
1,295000.0,42,475000.0,85.0,1,White,Male,25-34,62.766,Application denied
1,735000.0,47,935000.0,178.0,1,Hispanic or Latino,Male,45-54,78.075,Application denied
1,405000.0,20%-<30%,1375000.0,286.0,1,Asian,Male,55-64,29.091,Loan originated
1,465000.0,49,575000.0,101.0,1,Asian,Joint,35-44,80.0,Loan originated
1,855000.0,43,935000.0,227.0,1,White,Joint,25-34,91.444,Loan originated
1,425000.0,49,555000.0,235.0,1,Asian,Male,35-44,80.0,Loan originated
1,595000.0,46,745000.0,180.0,1,Asian,Female,35-44,80.0,Loan originated
1,345000.0,36,695000.0,153.0,1,White,Female,45-54,50.0,Loan originated
1,475000.0,47,495000.0,116.0,1,Hispanic or Latino,Male,35-44,95.0,Loan originated
1,675000.0,20%-<30%,755000.0,349.0,1,Asian,Female,25-34,89.99,Loan originated
1,375000.0,30%-<36%,395000.0,126.0,1,White,Male,55-64,97.0,Loan originated
1,525000.0,39,825000.0,155.0,1,Black or African American,Male,45-54,63.637,Loan originated
1,655000.0,36,1255000.0,205.0,1,Asian,Joint,25-34,51.79,Loan originated
1,315000.0,46,335000.0,150.0,1,White,Male,35-44,95.0,Loan originated
1,445000.0,20%-<30%,665000.0,213.0,1,Asian,Female,35-44,67.12,Loan originated
1,605000.0,<20%,1005000.0,316.0,1,Asian,Male,35-44,60.0,Loan originated
1,545000.0,49,705000.0,98.0,1,Hispanic or Latino,Female,45-54,77.14,Loan originated
1,425000.0,47,685000.0,92.0,1,Hispanic or Latino,Male,55-64,62.0,Loan originated
1,765000.0,30%-<36%,1275000.0,316.0,1,Hispanic or Latino,Male,45-54,60.0,Loan originated
1,925000.0,50%-60%,1155000.0,220.0,1,White,Male,45-54,80.0,Loan originated
1,905000.0,<20%,1565000.0,1110.0,1,Asian,Joint,25-34,57.471,Loan originated
1,325000.0,20%-<30%,365000.0,136.0,1,Hispanic or Latino,Male,25-34,90.0,Loan originated
1,685000.0,38,745000.0,14.0,1,Hispanic or Latino,Joint,25-34,93.2,Loan originated
1,585000.0,46,605000.0,125.0,1,Hispanic or Latino,Joint,35-44,97.0,Loan originated
1,645000.0,40,855000.0,155.0,1,White,Joint,35-44,75.0,Loan originated
1,145000.0,42,215000.0,98.0,1,Hispanic or Latino,Male,55-64,70.0,Loan originated
1,485000.0,49,505000.0,105.0,1,Hispanic or Latino,Joint,35-44,99.84,Loan originated
1,415000.0,47,525000.0,122.0,1,White,Female,65-74,80.0,Loan originated
1,655000.0,30%-<36%,1505000.0,236.0,1,White,Male,25-34,43.34,Application denied
1,1045000.0,30%-<36%,1525000.0,359.0,1,Asian,Male,35-44,68.459,Loan originated
1,485000.0,42,505000.0,138.0,1,Hispanic or Latino,Female,25-34,97.0,Loan originated
1,635000.0,49,855000.0,199.0,1,Hispanic or Latino,Joint,25-34,75.0,Loan originated
1,765000.0,45,865000.0,189.0,1,Asian,Joint,45-54,88.72,Loan originated
1,705000.0,40,915000.0,167.0,1,Asian,Joint,35-44,77.778,Loan originated
1,405000.0,46,2075000.0,142.0,1,White,Joint,65-74,20.0,Loan originated
1,515000.0,49,575000.0,104.0,1,Asian,Male,35-44,90.0,Loan originated
1,585000.0,47,645000.0,134.0,1,Hispanic or Latino,Male,25-34,90.0,Loan originated
1,535000.0,49,675000.0,123.0,1,Hispanic or Latino,Male,45-54,80.0,Loan originated
1,765000.0,43,905000.0,175.0,1,White,Joint,35-44,88.0,Loan originated
1,195000.0,38,445000.0,76.0,1,White,Female,>74,43.82,Loan originated
1,905000.0,36,1125000.0,263.0,1,Asian,Female,25-34,80.0,Loan originated
1,745000.0,39,825000.0,216.0,1,Asian,Male,35-44,90.0,Loan originated
1,135000.0,30%-<36%,425000.0,60.0,1,White,Joint,35-44,30.588,Loan originated
1,145000.0,49,235000.0,48.0,1,White,Female,35-44,103.0,Loan originated
1,1005000.0,48,1255000.0,197.0,1,Asian,Male,35-44,80.0,Loan originated
1,895000.0,45,1285000.0,202.0,1,Asian,Joint,<25,70.0,Loan originated
1,405000.0,49,435000.0,96.0,1,Hispanic or Latino,Female,35-44,98.0,Loan originated
1,535000.0,44,835000.0,226.0,1,White,Joint,55-64,63.986,Loan originated
1,545000.0,49,675000.0,122.0,1,Hispanic or Latino,Joint,35-44,80.0,Loan originated
1,305000.0,49,955000.0,87.0,1,White,Male,35-44,31.623,Loan originated
1,765000.0,38,955000.0,235.0,1,Hispanic or Latino,Joint,25-34,80.0,Loan originated
1,545000.0,45,575000.0,166.0,1,White,Male,45-54,95.0,Loan originated
1,295000.0,20%-<30%,375000.0,195.0,1,White,Joint,25-34,77.333,Loan originated
1,465000.0,43,595000.0,112.0,1,Hispanic or Latino,Female,45-54,78.151,Loan originated
1,1105000.0,47,1655000.0,338.0,1,White,Female,45-54,66.37,Loan originated
1,385000.0,38,605000.0,177.0,1,White,Female,55-64,65.0,Loan originated
1,1065000.0,30%-<36%,1415000.0,312.0,1,White,Female,25-34,75.0,Loan originated
1,695000.0,43,735000.0,151.0,1,Hispanic or Latino,Male,35-44,95.0,Loan originated
1,385000.0,30%-<36%,485000.0,117.0,1,White,Joint,55-64,80.0,Loan originated
1,765000.0,49,825000.0,174.0,1,Asian,Joint,25-34,93.471,Loan originated
1,335000.0,30%-<36%,485000.0,121.0,1,Asian,Joint,35-44,68.75,Loan originated
1,415000.0,45,435000.0,122.0,1,Asian,Joint,35-44,95.0,Loan originated
1,555000.0,36,755000.0,150.0,1,Hispanic or Latino,Joint,45-54,74.0,Loan originated
1,545000.0,48,895000.0,129.0,1,White,Female,35-44,61.0,Loan originated
1,485000.0,49,625000.0,116.0,1,Asian,Male,25-34,77.086,Loan originated
1,365000.0,46,695000.0,120.0,1,Asian,Female,55-64,51.942,Loan originated
1,1065000.0,47,1125000.0,207.0,1,Other,Male,25-34,95.0,Loan originated
1,265000.0,44,465000.0,64.0,1,White,Joint,35-44,56.989,Loan originated
1,435000.0,30%-<36%,745000.0,150.0,1,Asian,Male,45-54,57.983,Loan originated
1,1045000.0,47,2805000.0,298.0,1,Asian,Joint,45-54,37.321,Loan originated
1,555000.0,41,735000.0,165.0,1,Hispanic or Latino,Male,25-34,74.989,Loan originated
1,805000.0,30%-<36%,905000.0,253.0,1,Hispanic or Latino,Joint,25-34,89.611,Loan originated
1,215000.0,46,225000.0,177.0,1,White,Female,55-64,95.0,Loan originated
1,495000.0,49,555000.0,96.0,1,Hispanic or Latino,Joint,25-34,90.0,Loan originated
1,645000.0,20%-<30%,865000.0,222.0,1,Asian,Male,45-54,75.0,Loan originated
1,755000.0,20%-<30%,1385000.0,415.0,1,Asian,Joint,25-34,75.0,Loan originated
1,685000.0,46,725000.0,165.0,1,Hispanic or Latino,Male,45-54,95.0,Loan originated
1,435000.0,20%-<30%,605000.0,173.0,1,White,Joint,35-44,71.708,Loan originated
1,575000.0,44,635000.0,145.0,1,Asian,Female,35-44,90.0,Loan originated
1,355000.0,<20%,605000.0,371.0,1,White,Joint,35-44,58.333,Loan originated
1,585000.0,47,615000.0,207.0,1,Hispanic or Latino,Joint,25-34,95.0,Loan originated
1,595000.0,47,695000.0,225.0,1,White,Joint,35-44,85.0,Loan originated
1,65000.0,30%-<36%,135000.0,79.0,1,Hispanic or Latino,Female,45-54,46.11,Loan originated
1,575000.0,44,995000.0,179.0,1,White,Joint,65-74,58.081,Loan originated
1,665000.0,38,695000.0,343.0,1,Hispanic or Latino,Joint,35-44,97.0,Loan originated
1,745000.0,38,825000.0,296.0,1,Asian,Joint,25-34,89.994,Loan originated
1,325000.0,39,345000.0,135.0,1,White,Female,35-44,95.0,Loan originated
1,885000.0,49,1235000.0,210.0,1,Asian,Female,35-44,71.545,Loan originated
1,575000.0,20%-<30%,725000.0,325.0,1,White,Female,45-54,80.0,Loan originated
1,425000.0,46,505000.0,108.0,1,Hispanic or Latino,Male,25-34,84.989,Application denied
1,495000.0,44,655000.0,174.0,1,Asian,Female,25-34,75.0,Loan originated
1,365000.0,<20%,455000.0,275.0,1,White,Male,35-44,80.0,Loan originated
1,535000.0,45,565000.0,111.0,1,Asian,Female,35-44,95.0,Loan originated
1,435000.0,49,735000.0,132.0,1,White,Female,35-44,59.589,Application denied
1,545000.0,20%-<30%,685000.0,294.0,1,Hispanic or Latino,Male,25-34,80.0,Loan originated
1,395000.0,45,565000.0,130.0,1,Asian,Female,25-34,70.0,Loan originated
1,445000.0,42,555000.0,162.0,1,White,Male,35-44,80.0,Loan originated
1,765000.0,41,1555000.0,372.0,1,Asian,Male,35-44,49.42,Loan originated
1,355000.0,49,375000.0,115.0,1,White,Female,35-44,95.0,Loan originated
1,265000.0,49,285000.0,67.0,1,Hispanic or Latino,Female,25-34,95.0,Loan originated
1,665000.0,49,845000.0,153.0,1,Hispanic or Latino,Joint,25-34,78.691,Loan originated
1,535000.0,42,785000.0,18.0,1,Asian,Female,55-64,70.0,Loan originated
1,445000.0,48,465000.0,121.0,1,White,Joint,25-34,95.0,Loan originated
1,465000.0,40,565000.0,144.0,1,Asian,Male,25-34,103.0,Loan originated
1,605000.0,45,765000.0,244.0,1,Asian,Male,45-54,80.0,Loan originated
1,765000.0,20%-<30%,925000.0,495.0,1,Asian,Joint,25-34,92.82,Loan originated
1,605000.0,39,755000.0,137.0,1,Hispanic or Latino,Joint,45-54,80.0,Loan originated
1,245000.0,20%-<30%,845000.0,127.0,1,Asian,Female,45-54,28.783,Loan originated
1,555000.0,49,2035000.0,158.0,1,White,Male,55-64,27.09,Loan originated
1,635000.0,49,675000.0,120.0,1,Asian,Joint,25-34,98.0,Loan originated
1,715000.0,>60%,755000.0,128.0,1,White,Male,45-54,95.0,Application denied
1,735000.0,40,935000.0,197.0,1,White,Female,45-54,78.61,Loan originated
1,255000.0,48,385000.0,135.0,1,White,Male,25-34,66.81,Application denied
1,965000.0,49,1835000.0,362.0,1,White,Male,35-44,52.45,Loan originated
1,305000.0,45,325000.0,103.0,1,Hispanic or Latino,Male,25-34,95.0,Loan originated
1,475000.0,36,675000.0,166.0,1,White,Female,55-64,70.0,Loan originated
1,105000.0,39,525000.0,38.0,1,Hispanic or Latino,Female,55-64,19.048,Loan originated
1,15000.0,47,465000.0,103.0,1,Hispanic or Latino,Male,35-44,98.5,Loan originated
1,525000.0,38,665000.0,234.0,1,Asian,Female,55-64,80.0,Loan originated
1,845000.0,20%-<30%,1055000.0,362.0,1,White,Joint,25-34,80.0,Loan originated
1,695000.0,48,925000.0,477.0,1,White,Male,55-64,75.0,Loan originated
1,1005000.0,40,1305000.0,391.0,1,Hispanic or Latino,Male,45-54,76.92,Loan originated
1,475000.0,48,595000.0,134.0,1,Hispanic or Latino,Joint,45-54,80.0,Loan originated
1,1095000.0,30%-<36%,1925000.0,334.0,1,Asian,Male,25-34,56.77,Loan originated
1,765000.0,36,905000.0,367.0,1,Asian,Joint,25-34,86.0,Loan originated
1,905000.0,<20%,1205000.0,530.0,1,White,Joint,25-34,75.0,Loan originated
1,215000.0,47,745000.0,98.0,1,Hispanic or Latino,Joint,55-64,30.0,Loan originated
1,345000.0,37,545000.0,220.0,1,White,Female,35-44,62.96,Loan originated
1,225000.0,20%-<30%,545000.0,136.0,1,White,Joint,55-64,40.367,Loan originated
1,645000.0,36,685000.0,215.0,1,White,Joint,25-34,95.0,Loan originated
1,585000.0,20%-<30%,1065000.0,238.0,1,White,Joint,35-44,55.189,Loan originated
1,465000.0,20%-<30%,865000.0,386.0,1,Hispanic or Latino,Male,25-34,53.488,Loan originated
1,505000.0,48,1115000.0,161.0,1,White,Joint,45-54,44.8,Loan originated
1,305000.0,47,1125000.0,150.0,1,Asian,Male,55-64,26.596,Loan originated
1,725000.0,39,765000.0,272.0,1,Asian,Male,25-34,95.0,Loan originated
1,175000.0,48,865000.0,54.0,1,White,Female,65-74,21.0,Loan originated
1,505000.0,45,635000.0,116.0,1,White,Male,35-44,79.99,Loan originated
1,405000.0,30%-<36%,905000.0,204.0,1,Asian,Joint,35-44,45.0,Loan originated
1,635000.0,45,755000.0,273.0,1,White,Joint,25-34,85.0,Loan originated
1,315000.0,38,595000.0,104.0,1,White,Joint,65-74,52.589,Loan originated
1,525000.0,37,745000.0,159.0,1,Hispanic or Latino,Male,55-64,70.0,Loan originated
1,885000.0,38,1105000.0,241.0,1,Black or African American,Joint,35-44,80.0,Loan originated
1,305000.0,49,635000.0,75.0,1,Asian,Male,25-34,47.619,Loan originated
1,335000.0,30%-<36%,635000.0,128.0,1,White,Female,35-44,52.381,Loan originated
1,1005000.0,47,1765000.0,215.0,1,White,Male,25-34,56.53,Loan originated
1,405000.0,48,875000.0,112.0,1,Hispanic or Latino,Male,45-54,46.28,Loan originated
1,555000.0,30%-<36%,935000.0,173.0,1,Hispanic or Latino,Male,35-44,60.0,Loan originated
1,475000.0,43,595000.0,130.0,1,White,Female,35-44,100.0,Loan originated
1,975000.0,49,1225000.0,217.0,1,White,Joint,25-34,79.184,Loan originated
1,445000.0,47,465000.0,114.0,1,Black or African American,Female,45-54,95.0,Loan originated
1,365000.0,46,455000.0,164.0,1,White,Female,35-44,80.0,Loan originated
1,725000.0,48,765000.0,186.0,1,Asian,Female,35-44,95.0,Loan originated
1,285000.0,48,365000.0,88.0,1,White,Joint,25-34,80.0,Loan originated
1,1015000.0,30%-<36%,1275000.0,347.0,1,Asian,Joint,25-34,80.0,Loan originated
1,505000.0,30%-<36%,555000.0,261.0,1,Asian,Male,45-54,90.0,Loan originated
1,755000.0,37,1195000.0,210.0,1,White,Male,25-34,62.762,Loan originated
1,545000.0,49,615000.0,113.0,1,Black or African American,Female,45-54,90.0,Loan originated
1,905000.0,38,1405000.0,231.0,1,Asian,Female,25-34,64.286,Loan originated
1,605000.0,42,645000.0,149.0,1,Black or African American,Male,35-44,93.8,Loan originated
1,335000.0,45,735000.0,157.0,1,White,Joint,65-74,45.205,Loan originated
1,285000.0,45,355000.0,69.0,1,Hispanic or Latino,Male,35-44,80.0,Loan originated
1,735000.0,41,915000.0,176.0,1,White,Male,25-34,80.0,Loan originated
1,975000.0,30%-<36%,2185000.0,459.0,1,White,Male,35-44,44.603,Loan originated
1,525000.0,49,1305000.0,134.0,1,White,Male,25-34,40.115,Loan originated
1,755000.0,41,835000.0,192.0,1,Asian,Male,35-44,89.94,Loan originated
1,345000.0,30%-<36%,595000.0,172.0,1,Asian,Female,35-44,58.257,Loan originated
1,545000.0,45,685000.0,118.0,1,White,Female,45-54,80.0,Loan originated
1,125000.0,41,775000.0,60.0,1,White,Female,55-64,16.56,Loan originated
1,765000.0,45,1075000.0,367.0,1,White,Joint,45-54,72.0,Loan originated
1,475000.0,30%-<36%,605000.0,155.0,1,White,Male,35-44,100.0,Loan originated
1,655000.0,47,925000.0,135.0,1,Asian,Female,35-44,71.03,Loan originated
1,235000.0,38,285000.0,176.0,1,White,Male,55-64,81.55,Loan originated
1,575000.0,48,825000.0,132.0,1,Asian,Female,35-44,69.697,Loan originated
1,385000.0,30%-<36%,685000.0,114.0,1,Asian,Joint,55-64,55.88,Loan originated
1,615000.0,42,1115000.0,147.0,1,White,Joint,35-44,55.337,Loan originated
1,185000.0,44,255000.0,41.0,1,Hispanic or Latino,Female,25-34,75.0,Loan originated
1,385000.0,46,485000.0,90.0,1,White,Female,25-34,80.0,Loan originated
1,395000.0,>60%,525000.0,49.0,1,Hispanic or Latino,Male,45-54,75.0,Application denied
1,255000.0,48,275000.0,75.0,1,Hispanic or Latino,Male,45-54,94.0,Loan originated
1,765000.0,36,895000.0,217.0,1,Asian,Female,35-44,88.11,Loan originated
1,505000.0,>60%,875000.0,0.0,1,White,Joint,65-74,57.14,Application denied
1,655000.0,30%-<36%,825000.0,318.0,1,White,Joint,45-54,80.0,Loan originated
1,595000.0,46,615000.0,131.0,1,Other,Joint,35-44,97.0,Loan originated
1,1065000.0,41,1765000.0,259.0,1,Asian,Joint,25-34,60.34,Loan originated
1,405000.0,44,1075000.0,177.0,1,White,Joint,25-34,37.209,Loan originated
1,435000.0,45,615000.0,116.0,1,Hispanic or Latino,Joint,45-54,70.963,Loan originated
1,245000.0,40,445000.0,79.0,1,Black or African American,Male,55-64,55.057,Loan originated
1,535000.0,48,595000.0,135.0,1,Hispanic or Latino,Joint,25-34,90.0,Loan originated
1,585000.0,48,725000.0,229.0,1,White,Joint,35-44,80.0,Loan originated
1,735000.0,49,775000.0,175.0,1,Hispanic or Latino,Joint,25-34,94.83,Loan originated
1,535000.0,49,545000.0,123.0,1,White,Male,55-64,97.0,Loan originated
1,1005000.0,39,1345000.0,315.0,1,Asian,Joint,25-34,75.0,Loan originated
1,425000.0,39,535000.0,189.0,1,White,Male,65-74,80.0,Loan originated
1,845000.0,41,1775000.0,112.0,1,White,Female,55-64,47.324,Loan originated
1,755000.0,42,1095000.0,215.0,1,Asian,Female,35-44,68.427,Loan originated
1,555000.0,49,585000.0,141.0,1,Asian,Male,25-34,95.0,Loan originated
1,295000.0,20%-<30%,555000.0,172.0,1,White,Joint,35-44,54.324,Loan originated
1,295000.0,46,305000.0,105.0,1,Hispanic or Latino,Male,65-74,100.0,Loan originated
1,595000.0,20%-<30%,785000.0,285.0,1,Asian,Female,<25,75.0,Loan originated
1,515000.0,43,645000.0,145.0,1,White,Female,65-74,80.0,Loan originated
1,685000.0,49,715000.0,280.0,1,Asian,Female,45-54,95.0,Loan originated
1,455000.0,49,625000.0,104.0,1,Black or African American,Female,45-54,74.0,Loan originated
1,725000.0,49,905000.0,246.0,1,Hispanic or Latino,Female,45-54,80.0,Loan originated
1,385000.0,46,475000.0,114.0,1,Hispanic or Latino,Female,45-54,80.0,Loan originated
1,965000.0,46,1205000.0,217.0,1,Asian,Joint,35-44,80.0,Loan originated
1,745000.0,49,935000.0,141.0,1,White,Female,35-44,79.893,Loan originated
1,765000.0,46,805000.0,178.0,1,White,Joint,35-44,95.0,Loan originated
1,475000.0,49,525000.0,103.0,1,White,Male,25-34,90.0,Loan originated
1,225000.0,49,265000.0,44.0,1,White,Female,35-44,85.0,Loan originated
1,515000.0,20%-<30%,685000.0,238.0,1,Asian,Male,35-44,75.0,Loan originated
1,605000.0,42,635000.0,201.0,1,White,Joint,45-54,94.99,Loan originated
1,715000.0,20%-<30%,895000.0,288.0,1,Hispanic or Latino,Male,45-54,80.0,Loan originated
1,345000.0,40,425000.0,111.0,1,Asian,Male,35-44,80.0,Loan originated
1,475000.0,44,485000.0,135.0,1,Asian,Male,35-44,97.0,Loan originated
1,455000.0,20%-<30%,1475000.0,283.0,1,Black or African American,Female,55-64,30.508,Loan originated
1,175000.0,43,195000.0,73.0,1,White,Joint,65-74,90.0,Loan originated
1,665000.0,39,835000.0,175.0,1,Hispanic or Latino,Female,25-34,80.0,Loan originated
1,565000.0,38,575000.0,229.0,1,Black or African American,Joint,35-44,97.0,Loan originated
1,455000.0,45,565000.0,119.0,1,Asian,Joint,55-64,80.0,Loan originated
1,1145000.0,44,1405000.0,317.0,1,Asian,Joint,55-64,81.83,Loan originated
1,275000.0,44,325000.0,83.0,1,White,Female,45-54,85.0,Loan originated
1,1025000.0,44,1075000.0,237.0,1,White,Male,25-34,95.0,Loan originated
1,555000.0,36,695000.0,116.0,1,Asian,Male,45-54,80.0,Loan originated
1,665000.0,45,825000.0,157.0,1,Asian,Male,25-34,80.0,Loan originated
1,725000.0,20%-<30%,905000.0,314.0,1,Black or African American,Male,55-64,80.0,Application denied
1,675000.0,36,1655000.0,233.0,1,White,Joint,55-64,40.86,Loan originated
1,515000.0,49,545000.0,112.0,1,Asian,Joint,25-34,95.0,Loan originated
1,485000.0,41,515000.0,104.0,1,Hispanic or Latino,Male,55-64,95.0,Loan originated
1,375000.0,49,995000.0,85.0,1,Asian,Female,25-34,37.538,Loan originated
1,985000.0,20%-<30%,1225000.0,300.0,1,Asian,Male,35-44,80.0,Loan originated
1,455000.0,49,535000.0,94.0,1,Hispanic or Latino,Male,35-44,85.0,Loan originated
1,545000.0,47,675000.0,233.0,1,White,Joint,65-74,80.0,Loan originated
1,275000.0,30%-<36%,635000.0,140.0,1,Asian,Female,25-34,43.0,Loan originated
1,115000.0,38,115000.0,65.0,1,White,Female,45-54,97.0,Loan originated
1,315000.0,37,405000.0,81.0,1,White,Female,<25,100.0,Loan originated
1,595000.0,30%-<36%,1155000.0,210.0,1,White,Joint,35-44,51.304,Loan originated
1,505000.0,48,565000.0,106.0,1,Asian,Male,35-44,89.99,Application denied
1,615000.0,49,825000.0,113.0,1,Asian,Joint,55-64,75.0,Loan originated
1,225000.0,42,265000.0,60.0,1,White,Female,55-64,83.582,Loan originated
1,535000.0,20%-<30%,735000.0,246.0,1,White,Male,35-44,72.613,Loan originated
1,405000.0,47,535000.0,85.0,1,Asian,Joint,45-54,75.0,Loan originated
1,695000.0,43,925000.0,204.0,1,Asian,Male,35-44,75.0,Loan originated
1,555000.0,42,695000.0,151.0,1,Hispanic or Latino,Male,35-44,80.0,Loan originated
1,785000.0,50%-60%,1125000.0,155.0,1,Asian,Female,65-74,70.0,Application denied
1,965000.0,40,1205000.0,287.0,1,White,Joint,25-34,80.0,Loan originated
1,485000.0,41,605000.0,137.0,1,White,Female,45-54,80.0,Loan originated
1,395000.0,48,625000.0,89.0,1,White,Female,45-54,62.003,Loan originated
1,1005000.0,49,1255000.0,308.0,1,White,Joint,65-74,80.0,Loan originated
1,285000.0,37,285000.0,69.0,1,Hispanic or Latino,Female,55-64,100.0,Loan originated
1,405000.0,44,415000.0,122.0,1,Asian,Female,55-64,97.0,Loan originated
1,765000.0,43,955000.0,406.0,1,Hispanic or Latino,Joint,45-54,80.0,Loan originated
1,525000.0,47,555000.0,130.0,1,Hispanic or Latino,Female,35-44,95.0,Loan originated
1,465000.0,38,585000.0,176.0,1,White,Female,25-34,80.0,Loan originated
1,145000.0,>60%,335000.0,51.0,1,White,Female,65-74,44.362,Application denied
1,1095000.0,42,1365000.0,313.0,1,Asian,Joint,25-34,80.0,Loan originated
1,645000.0,49,675000.0,148.0,1,Asian,Joint,35-44,95.0,Loan originated
1,355000.0,49,525000.0,80.0,1,Asian,Male,25-34,67.864,Loan originated
1,435000.0,43,545000.0,128.0,1,Hispanic or Latino,Female,55-64,79.996,Loan originated
1,375000.0,49,395000.0,132.0,1,Asian,Joint,55-64,95.0,Loan originated
1,405000.0,37,705000.0,654.0,1,White,Female,25-34,57.143,Loan originated
1,445000.0,49,565000.0,152.0,1,Asian,Joint,25-34,78.75,Loan originated
1,885000.0,42,1045000.0,334.0,1,Asian,Joint,25-34,85.0,Loan originated
1,605000.0,48,805000.0,150.0,1,Asian,Joint,25-34,75.0,Loan originated
1,225000.0,49,285000.0,96.0,1,Hispanic or Latino,Male,45-54,77.59,Loan originated
1,275000.0,30%-<36%,345000.0,78.0,1,White,Female,45-54,80.0,Loan originated
1,665000.0,48,795000.0,130.0,1,Hispanic or Latino,Female,55-64,84.0,Loan originated
1,605000.0,42,755000.0,145.0,1,Asian,Male,35-44,80.0,Loan originated
1,605000.0,37,855000.0,166.0,1,Asian,Male,35-44,70.59,Loan originated
1,245000.0,47,375000.0,62.0,1,Other,Female,55-64,64.267,Loan originated
1,445000.0,49,575000.0,89.0,1,Asian,Female,<25,76.522,Loan originated
1,625000.0,39,655000.0,153.0,1,White,Male,35-44,95.0,Loan originated
1,415000.0,43,895000.0,98.0,1,Hispanic or Latino,Joint,55-64,46.449,Loan originated
1,965000.0,37,1425000.0,283.0,1,Hispanic or Latino,Joint,35-44,67.368,Loan originated
1,815000.0,38,1025000.0,275.0,1,Asian,Male,35-44,80.0,Loan originated
1,635000.0,41,655000.0,162.0,1,White,Joint,35-44,97.0,Loan originated
1,735000.0,47,765000.0,294.0,1,Hispanic or Latino,Male,35-44,95.0,Loan originated
1,245000.0,30%-<36%,375000.0,78.0,1,White,Male,45-54,65.699,Loan originated
1,705000.0,48,1755000.0,212.0,1,White,Female,45-54,40.0,Loan originated
1,385000.0,47,405000.0,111.0,1,Hispanic or Latino,Male,35-44,95.0,Loan originated
1,215000.0,49,325000.0,43.0,1,Asian,Female,35-44,66.0,Loan originated
1,345000.0,38,495000.0,96.0,1,Asian,Female,35-44,70.0,Loan originated
1,1105000.0,>60%,1105000.0,195.0,1,Black or African American,Female,45-54,100.0,Application denied
1,755000.0,30%-<36%,1655000.0,328.0,1,Asian,Male,45-54,75.273,Application denied
1,715000.0,38,895000.0,228.0,1,Hispanic or Latino,Male,35-44,80.0,Loan originated
1,515000.0,30%-<36%,735000.0,628.0,1,White,Male,25-34,70.0,Loan originated
1,715000.0,46,795000.0,187.0,1,White,Male,>74,90.0,Loan originated
1,165000.0,48,905000.0,76.0,1,White,Female,35-44,71.517,Loan originated
1,765000.0,20%-<30%,955000.0,410.0,1,White,Male,55-64,80.0,Loan originated
1,395000.0,<20%,445000.0,460.0,1,White,Male,55-64,97.0,Loan originated
1,595000.0,41,745000.0,203.0,1,Asian,Joint,35-44,100.0,Loan originated
1,595000.0,49,1045000.0,120.0,1,Hispanic or Latino,Male,25-34,56.73,Loan originated
1,595000.0,49,795000.0,122.0,1,Asian,Male,45-54,74.4,Loan originated
1,595000.0,>60%,625000.0,71.0,1,Asian,Female,25-34,95.0,Application denied
1,225000.0,>60%,255000.0,70.0,1,Hispanic or Latino,Male,<25,88.58,Application denied
1,445000.0,50%-60%,455000.0,82.0,1,Hispanic or Latino,Female,25-34,97.0,Loan originated
1,255000.0,30%-<36%,325000.0,87.0,1,Asian,Female,<25,80.0,Loan originated
1,835000.0,44,1045000.0,184.0,1,Black or African American,Male,25-34,80.0,Loan originated
1,245000.0,43,255000.0,74.0,1,Hispanic or Latino,Male,25-34,100.0,Loan originated
1,795000.0,39,1405000.0,214.0,1,White,Male,25-34,56.571,Loan originated
1,675000.0,43,705000.0,162.0,1,Hispanic or Latino,Male,35-44,95.0,Loan originated
1,395000.0,30%-<36%,495000.0,116.0,1,White,Joint,25-34,80.0,Loan originated
1,515000.0,<20%,645000.0,1031.0,1,Hispanic or Latino,Joint,<25,80.0,Loan originated
1,205000.0,38,565000.0,74.0,1,White,Male,35-44,35.714,Loan originated
1,335000.0,43,455000.0,112.0,1,Asian,Female,45-54,73.799,Loan originated
1,655000.0,39,935000.0,190.0,1,Hispanic or Latino,Male,55-64,70.0,Loan originated
1,505000.0,>60%,635000.0,80.0,1,Asian,Joint,25-34,80.0,Application denied
1,415000.0,49,1015000.0,117.0,1,Hispanic or Latino,Joint,45-54,40.594,Loan originated
1,715000.0,46,755000.0,165.0,1,White,Joint,35-44,95.0,Application denied
1,295000.0,50%-60%,335000.0,133.0,1,Hispanic or Latino,Joint,55-64,88.81,Loan originated
1,745000.0,48,785000.0,182.0,1,White,Joint,25-34,94.87,Loan originated
1,735000.0,42,795000.0,219.0,1,Other,Joint,35-44,92.5,Loan originated
1,645000.0,42,815000.0,183.0,1,Hispanic or Latino,Joint,35-44,80.0,Loan originated
1,905000.0,30%-<36%,1555000.0,304.0,1,White,Joint,45-54,58.065,Loan originated
1,505000.0,48,635000.0,131.0,1,White,Male,25-34,80.0,Loan originated
1,655000.0,38,775000.0,208.0,1,Hispanic or Latino,Joint,45-54,85.0,Loan originated
1,345000.0,47,355000.0,78.0,1,Hispanic or Latino,Male,25-34,95.0,Loan originated
1,485000.0,46,605000.0,118.0,1,White,Male,35-44,80.0,Loan originated
1,1145000.0,45,1775000.0,463.0,1,Asian,Joint,35-44,64.732,Loan originated
1,165000.0,44,645000.0,72.0,1,White,Male,65-74,25.94,Loan originated
1,695000.0,30%-<36%,905000.0,269.0,1,Hispanic or Latino,Male,25-34,77.0,Loan originated
1,605000.0,<20%,1305000.0,365.0,1,White,Joint,25-34,46.154,Loan originated
1,525000.0,38,925000.0,193.0,1,White,Joint,35-44,56.757,Loan originated
1,1125000.0,30%-<36%,1415000.0,363.0,1,Asian,Joint,35-44,80.0,Loan originated
1,95000.0,30%-<36%,95000.0,52.0,1,White,Female,45-54,92.49,Loan originated
1,615000.0,39,685000.0,310.0,1,White,Joint,35-44,90.0,Loan originated
1,795000.0,40,995000.0,224.0,1,Asian,Male,25-34,80.0,Loan originated
1,265000.0,45,665000.0,374.0,1,Asian,Joint,65-74,39.394,Loan originated
1,355000.0,45,945000.0,135.0,1,White,Joint,35-44,37.87,Loan originated
1,605000.0,45,755000.0,124.0,1,Hispanic or Latino,Joint,35-44,80.0,Loan originated
1,285000.0,44,365000.0,70.0,1,Hispanic or Latino,Male,35-44,80.0,Loan originated
1,465000.0,<20%,675000.0,1414.0,1,White,Joint,25-34,70.0,Loan originated
1,595000.0,48,665000.0,137.0,1,White,Female,25-34,89.99,Loan originated
1,655000.0,46,815000.0,149.0,1,White,Male,25-34,80.0,Loan originated
1,935000.0,50%-60%,1045000.0,175.0,1,Hispanic or Latino,Male,35-44,90.0,Application denied
1,445000.0,44,465000.0,116.0,1,Hispanic or Latino,Female,45-54,95.0,Loan originated
1,585000.0,41,625000.0,233.0,1,White,Joint,55-64,95.0,Loan originated
1,305000.0,49,375000.0,146.0,1,White,Joint,<25,80.0,Loan originated
1,305000.0,44,415000.0,85.0,1,White,Female,<25,73.0,Loan originated
1,825000.0,40,1035000.0,446.0,1,Asian,Joint,25-34,80.0,Loan originated
1,735000.0,30%-<36%,1535000.0,261.0,1,Asian,Female,25-34,47.712,Loan originated
1,325000.0,49,635000.0,109.0,1,White,Male,65-74,51.555,Loan originated
1,615000.0,37,715000.0,191.0,1,White,Joint,35-44,87.0,Loan originated
1,235000.0,47,1035000.0,98.0,1,Asian,Male,25-34,22.33,Loan originated
1,375000.0,48,655000.0,179.0,1,White,Joint,35-44,56.93,Loan originated
1,755000.0,48,1075000.0,168.0,1,Asian,Male,35-44,70.0,Loan originated
1,285000.0,49,495000.0,101.0,1,Hispanic or Latino,Female,35-44,57.91,Loan originated
1,515000.0,49,525000.0,130.0,1,Asian,Male,25-34,97.0,Loan originated
1,1125000.0,37,1405000.0,335.0,1,Asian,Joint,35-44,80.0,Loan originated
1,435000.0,30%-<36%,585000.0,161.0,1,White,Joint,35-44,75.0,Loan originated
1,595000.0,42,635000.0,135.0,1,White,Joint,35-44,95.0,Loan originated
1,1145000.0,44,1435000.0,309.0,1,White,Male,25-34,80.0,Application denied
1,535000.0,47,625000.0,153.0,1,White,Male,25-34,85.0,Loan originated
1,255000.0,45,265000.0,60.0,1,Asian,Female,45-54,95.0,Loan originated
1,405000.0,39,605000.0,131.0,1,Asian,Male,35-44,66.667,Loan originated
1,395000.0,45,595000.0,83.0,1,White,Female,35-44,66.171,Loan originated
1,665000.0,39,685000.0,183.0,1,White,Joint,25-34,97.0,Loan originated
1,405000.0,44,425000.0,101.0,1,Hispanic or Latino,Male,45-54,95.0,Loan originated
1,835000.0,45,925000.0,234.0,1,White,Female,35-44,90.0,Loan originated
1,725000.0,20%-<30%,1025000.0,253.0,1,Asian,Joint,35-44,70.73,Loan originated
1,465000.0,44,585000.0,224.0,1,Hispanic or Latino,Joint,45-54,80.0,Loan originated
1,845000.0,30%-<36%,1075000.0,403.0,1,White,Joint,35-44,78.13953,Loan originated
1,325000.0,40,525000.0,96.0,1,White,Female,55-64,63.0,Loan originated
1,495000.0,30%-<36%,605000.0,101.0,1,Other,Female,35-44,95.0,Application denied
1,305000.0,41,385000.0,274.0,1,Asian,Male,45-54,80.0,Loan originated
1,445000.0,41,1045000.0,127.0,1,Asian,Male,25-34,42.772,Loan originated
1,835000.0,20%-<30%,1395000.0,381.0,1,White,Joint,35-44,60.0,Loan originated
1,605000.0,44,635000.0,187.0,1,White,Male,35-44,94.969,Loan originated
1,665000.0,30%-<36%,885000.0,196.0,1,Asian,Male,25-34,75.0,Loan originated
1,215000.0,45,235000.0,49.0,1,Hispanic or Latino,Female,35-44,95.0,Loan originated
1,475000.0,39,595000.0,151.0,1,Asian,Female,45-54,80.0,Loan originated
1,645000.0,44,805000.0,200.0,1,Hispanic or Latino,Female,<25,80.0,Loan originated
1,465000.0,49,715000.0,120.0,1,Asian,Female,45-54,64.917,Loan originated
1,705000.0,49,835000.0,280.0,1,Hispanic or Latino,Male,35-44,85.0,Loan originated
1,505000.0,48,705000.0,109.0,1,Asian,Joint,45-54,70.922,Loan originated
1,15000.0,47,555000.0,161.0,1,Hispanic or Latino,Male,45-54,100.0,Loan originated
1,245000.0,37,485000.0,121.0,1,White,Female,35-44,50.0,Loan originated
1,585000.0,30%-<36%,665000.0,176.0,1,Hispanic or Latino,Joint,35-44,90.0,Loan originated
1,425000.0,47,505000.0,102.0,1,Asian,Male,25-34,85.0,Loan originated
1,715000.0,37,885000.0,186.0,1,Asian,Male,35-44,80.0,Loan originated
1,675000.0,47,705000.0,163.0,1,White,Joint,25-34,95.0,Loan originated
1,445000.0,45,465000.0,98.0,1,White,Joint,25-34,95.0,Loan originated
1,765000.0,30%-<36%,815000.0,228.0,1,Asian,Joint,25-34,94.228,Loan originated
1,435000.0,30%-<36%,545000.0,319.0,1,White,Joint,45-54,80.0,Loan originated
1,765000.0,47,965000.0,170.0,1,White,Joint,45-54,79.844,Loan originated
1,555000.0,49,625000.0,115.0,1,White,Male,25-34,90.0,Loan originated
1,565000.0,48,555000.0,132.0,1,White,Joint,35-44,101.75,Loan originated
1,1145000.0,49,1255000.0,271.0,1,White,Female,35-44,91.986,Loan originated
1,345000.0,30%-<36%,425000.0,145.0,1,Hispanic or Latino,Male,35-44,80.0,Loan originated
1,415000.0,20%-<30%,555000.0,174.0,1,White,Female,25-34,75.0,Loan originated
1,285000.0,48,355000.0,80.0,1,White,Joint,35-44,80.0,Loan originated
1,1005000.0,30%-<36%,1665000.0,225.0,1,Asian,Male,45-54,60.083,Loan originated
1,775000.0,44,975000.0,238.0,1,Asian,Joint,25-34,80.0,Loan originated
1,705000.0,30%-<36%,745000.0,225.0,1,Hispanic or Latino,Joint,45-54,95.0,Loan originated
1,685000.0,47,1285000.0,147.0,1,Asian,Joint,25-34,53.13,Loan originated
1,365000.0,40,515000.0,108.0,1,Hispanic or Latino,Male,45-54,70.0,Loan originated
1,845000.0,30%-<36%,1205000.0,264.0,1,Asian,Male,35-44,69.97,Loan originated
1,585000.0,49,625000.0,129.0,1,Asian,Joint,35-44,92.52,Loan originated
1,665000.0,45,1275000.0,192.0,1,White,Male,45-54,52.126,Loan originated
1,485000.0,49,575000.0,96.0,1,Hispanic or Latino,Male,25-34,84.25,Loan originated
1,575000.0,48,595000.0,123.0,1,Black or African American,Male,35-44,97.0,Loan originated
1,605000.0,44,815000.0,136.0,1,Asian,Female,25-34,75.0,Loan originated
1,955000.0,43,1005000.0,273.0,1,White,Joint,35-44,95.0,Loan originated
1,205000.0,<20%,1005000.0,281.0,1,Asian,Joint,25-34,19.82,Loan originated
1,505000.0,30%-<36%,855000.0,193.0,1,White,Male,35-44,59.255,Loan originated
1,885000.0,48,985000.0,185.0,1,Black or African American,Female,35-44,90.0,Loan originated
1,285000.0,47,305000.0,70.0,1,White,Male,35-44,95.0,Loan originated
1,665000.0,44,705000.0,513.0,1,White,Male,<25,95.0,Loan originated
1,435000.0,47,575000.0,105.0,1,Hispanic or Latino,Male,45-54,75.65,Loan originated
1,765000.0,38,1275000.0,285.0,1,Asian,Joint,35-44,60.277,Loan originated
1,575000.0,48,645000.0,115.0,1,Hispanic or Latino,Female,35-44,88.372,Loan originated
1,755000.0,45,1605000.0,174.0,1,Asian,Male,35-44,47.57,Loan originated
1,735000.0,48,825000.0,228.0,1,White,Joint,35-44,90.0,Loan originated
1,305000.0,49,505000.0,66.0,1,Asian,Female,>74,60.0,Loan originated
1,255000.0,48,295000.0,55.0,1,White,Female,<25,88.0,Loan originated
1,505000.0,40,875000.0,173.0,1,White,Female,25-34,57.09,Loan originated
1,585000.0,37,615000.0,250.0,1,Hispanic or Latino,Joint,25-34,95.0,Loan originated
1,555000.0,20%-<30%,1035000.0,288.0,1,White,Joint,35-44,53.4,Loan originated
1,235000.0,20%-<30%,685000.0,164.0,1,Asian,Male,65-74,33.479,Loan originated
1,1065000.0,38,1325000.0,295.0,1,Asian,Joint,35-44,80.0,Loan originated
1,535000.0,46,645000.0,102.0,1,Hispanic or Latino,Male,35-44,83.0,Loan originated
1,775000.0,42,1105000.0,268.0,1,White,Male,45-54,70.0,Loan originated
1,205000.0,47,305000.0,120.0,1,White,Male,55-64,65.0,Loan originated
1,325000.0,47,335000.0,80.0,1,Hispanic or Latino,Female,25-34,95.0,Loan originated
1,625000.0,41,735000.0,141.0,1,Hispanic or Latino,Joint,45-54,85.0,Loan originated
1,65000.0,49,75000.0,52.0,1,Hispanic or Latino,Female,35-44,80.0,Application denied
1,475000.0,47,505000.0,98.0,1,Hispanic or Latino,Male,35-44,95.0,Application denied
1,385000.0,39,475000.0,95.0,1,White,Female,55-64,80.0,Loan originated
1,505000.0,30%-<36%,635000.0,146.0,1,Asian,Female,35-44,80.0,Loan originated
1,1005000.0,42,2105000.0,298.0,1,White,Joint,65-74,47.62,Loan originated
1,365000.0,39,385000.0,128.0,1,Hispanic or Latino,Male,25-34,95.0,Loan originated
1,485000.0,43,605000.0,123.0,1,Asian,Male,35-44,80.0,Loan originated
1,595000.0,47,745000.0,139.0,1,Black or African American,Joint,35-44,80.0,Loan originated
1,475000.0,46,495000.0,181.0,1,Asian,Male,35-44,95.0,Loan originated
1,285000.0,49,305000.0,93.0,1,White,Male,55-64,95.0,Loan originated
1,625000.0,30%-<36%,665000.0,267.0,1,Hispanic or Latino,Joint,25-34,95.0,Loan originated
1,575000.0,20%-<30%,725000.0,237.0,1,White,Joint,35-44,80.0,Loan originated
1,435000.0,43,855000.0,187.0,1,Hispanic or Latino,Joint,55-64,50.996,Loan originated
1,835000.0,40,935000.0,238.0,1,Asian,Joint,35-44,89.247,Loan originated
1,605000.0,44,905000.0,180.0,1,Hispanic or Latino,Male,45-54,66.667,Loan originated
1,345000.0,30%-<36%,655000.0,284.0,1,White,Joint,65-74,53.701,Loan originated
1,315000.0,46,385000.0,127.0,1,Hispanic or Latino,Female,45-54,80.0,Loan originated
1,1115000.0,30%-<36%,1485000.0,497.0,1,Asian,Joint,55-64,75.0,Loan originated
1,875000.0,30%-<36%,1375000.0,329.0,1,White,Joint,45-54,63.663,Loan originated
1,365000.0,45,385000.0,77.0,1,Hispanic or Latino,Male,25-34,95.0,Loan originated
1,1025000.0,41,1275000.0,275.0,1,White,Male,25-34,80.0,Loan originated
1,275000.0,30%-<36%,285000.0,76.0,1,White,Male,<25,97.0,Loan originated
1,675000.0,49,825000.0,145.0,1,White,Joint,35-44,82.0,Loan originated
1,525000.0,50%-60%,545000.0,102.0,1,White,Male,25-34,97.0,Application denied
1,1145000.0,49,2945000.0,253.0,1,White,Joint,>74,40.0,Loan originated
1,485000.0,48,615000.0,108.0,1,Hispanic or Latino,Joint,25-34,80.0,Loan originated
1,285000.0,49,305000.0,67.0,1,Hispanic or Latino,Female,45-54,94.098,Loan originated
1,975000.0,49,1305000.0,312.0,1,Asian,Joint,35-44,75.0,Loan originated
1,675000.0,48,715000.0,170.0,1,White,Male,25-34,95.0,Loan originated
1,755000.0,30%-<36%,835000.0,312.0,1,Black or African American,Male,35-44,90.0,Loan originated
1,485000.0,30%-<36%,485000.0,186.0,1,Black or African American,Joint,35-44,100.0,Loan originated
1,1065000.0,30%-<36%,1335000.0,318.0,1,Asian,Female,45-54,79.99,Loan originated
1,215000.0,46,785000.0,66.0,1,White,Female,55-64,27.439,Loan originated
1,475000.0,38,1075000.0,198.0,1,Hispanic or Latino,Joint,35-44,43.925,Loan originated
1,1015000.0,30%-<36%,1455000.0,383.0,1,Asian,Male,35-44,70.0,Loan originated
1,1105000.0,42,1325000.0,260.0,1,Asian,Joint,35-44,84.528,Loan originated
1,355000.0,50%-60%,385000.0,110.0,1,Hispanic or Latino,Female,45-54,92.29,Application denied
1,525000.0,45,555000.0,111.0,1,Hispanic or Latino,Female,25-34,95.0,Loan originated
1,505000.0,50%-60%,675000.0,81.0,1,Asian,Male,25-34,74.77,Application denied
1,285000.0,47,305000.0,134.0,1,Asian,Female,35-44,99.0,Loan originated
1,1005000.0,>60%,2465000.0,80.0,1,Asian,Joint,45-54,40.57,Application denied
1,765000.0,20%-<30%,965000.0,505.0,1,White,Joint,45-54,79.44,Loan originated
1,105000.0,20%-<30%,365000.0,87.0,1,White,Female,45-54,27.322,Loan originated
1,885000.0,43,1105000.0,423.0,1,White,Male,35-44,80.0,Loan originated
1,485000.0,30%-<36%,735000.0,331.0,1,White,Male,25-34,65.8,Loan originated
1,705000.0,41,905000.0,192.0,1,White,Joint,45-54,77.69,Loan originated
1,235000.0,30%-<36%,935000.0,101.0,1,White,Male,65-74,24.731,Loan originated
1,965000.0,43,1135000.0,343.0,1,Hispanic or Latino,Joint,55-64,85.0,Application denied
1,485000.0,41,665000.0,150.0,1,White,Male,35-44,73.0,Loan originated
1,495000.0,37,625000.0,140.0,1,White,Male,35-44,80.0,Loan originated
1,285000.0,30%-<36%,355000.0,110.0,1,Hispanic or Latino,Joint,25-34,80.0,Loan originated
1,705000.0,44,735000.0,201.0,1,Hispanic or Latino,Joint,25-34,97.0,Application denied
1,395000.0,20%-<30%,605000.0,731.0,1,White,Male,<25,66.0,Loan originated
1,535000.0,41,675000.0,148.0,1,White,Joint,35-44,80.0,Loan originated
1,455000.0,45,705000.0,131.0,1,White,Joint,55-64,65.0,Loan originated
1,635000.0,43,845000.0,155.0,1,Asian,Female,25-34,75.0,Loan originated
1,615000.0,40,645000.0,189.0,1,White,Male,45-54,100.0,Loan originated
1,715000.0,44,795000.0,155.0,1,Asian,Male,25-34,89.99,Application denied
1,665000.0,30%-<36%,915000.0,213.0,1,White,Joint,55-64,72.677,Loan originated
1,255000.0,48,615000.0,67.0,1,Hispanic or Latino,Male,45-54,41.803,Loan originated
1,545000.0,43,1515000.0,156.0,1,White,Male,35-44,36.093,Loan originated
1,1145000.0,20%-<30%,1435000.0,375.0,1,Asian,Joint,25-34,80.0,Loan originated
1,405000.0,30%-<36%,455000.0,172.0,1,White,Female,55-64,90.0,Loan originated
1,665000.0,30%-<36%,965000.0,202.0,1,Asian,Female,35-44,68.912,Loan originated
1,515000.0,46,535000.0,107.0,1,Hispanic or Latino,Male,35-44,100.0,Loan originated
1,105000.0,45,405000.0,50.0,1,White,Female,65-74,25.0,Loan originated
1,425000.0,>60%,495000.0,7.0,1,Hispanic or Latino,Male,65-74,85.0,Application denied
1,725000.0,20%-<30%,915000.0,413.0,1,White,Male,25-34,80.0,Loan originated
1,565000.0,49,715000.0,208.0,1,White,Joint,65-74,80.0,Loan originated
1,405000.0,42,645000.0,218.0,1,White,Female,65-74,62.02,Loan originated
1,435000.0,41,485000.0,132.0,1,White,Male,45-54,90.0,Loan originated
1,405000.0,46,765000.0,89.0,1,Hispanic or Latino,Joint,55-64,53.0,Loan originated
1,555000.0,30%-<36%,695000.0,318.0,1,Black or African American,Joint,55-64,80.0,Loan originated
1,1045000.0,42,1315000.0,331.0,1,Asian,Male,35-44,80.0,Loan originated
1,235000.0,30%-<36%,475000.0,92.0,1,Asian,Male,25-34,50.0,Loan originated
1,385000.0,49,405000.0,72.0,1,Asian,Joint,25-34,100.0,Loan originated
1,635000.0,49,685000.0,167.0,1,White,Male,55-64,92.74,Loan originated
1,415000.0,49,485000.0,83.0,1,Asian,Male,25-34,85.0,Loan originated
1,415000.0,36,815000.0,183.0,1,Asian,Female,25-34,51.1,Application denied
1,1175000.0,41,1685000.0,361.0,1,Asian,Joint,25-34,70.0,Loan originated
1,745000.0,30%-<36%,785000.0,260.0,1,White,Female,25-34,95.0,Loan originated
1,1085000.0,41,1355000.0,269.0,1,Asian,Male,25-34,80.0,Loan originated
1,775000.0,42,1445000.0,206.0,1,White,Joint,65-74,53.559,Loan originated
1,485000.0,37,515000.0,237.0,1,White,Female,35-44,95.0,Loan originated
1,935000.0,47,1245000.0,238.0,1,White,Male,25-34,75.0,Loan originated
1,655000.0,20%-<30%,815000.0,295.0,1,Hispanic or Latino,Joint,25-34,80.0,Loan originated
1,965000.0,40,1205000.0,239.0,1,White,Female,>74,80.0,Loan originated
1,395000.0,38,495000.0,105.0,1,Asian,Joint,35-44,80.0,Loan originated
1,755000.0,39,945000.0,199.0,1,Hispanic or Latino,Female,45-54,80.0,Loan originated
1,475000.0,42,785000.0,132.0,1,White,Male,35-44,60.0,Loan originated
1,695000.0,30%-<36%,775000.0,204.0,1,White,Male,>74,90.0,Loan originated
1,305000.0,41,385000.0,106.0,1,Asian,Female,35-44,80.0,Loan originated
1,315000.0,47,395000.0,110.0,1,White,Female,55-64,80.0,Loan originated
1,575000.0,30%-<36%,605000.0,179.0,1,Asian,Male,35-44,95.0,Loan originated
1,725000.0,30%-<36%,905000.0,195.0,1,Asian,Female,35-44,80.0,Loan originated
1,315000.0,50%-60%,365000.0,111.0,1,Asian,Joint,45-54,86.34,Loan originated
1,425000.0,47,535000.0,109.0,1,Hispanic or Latino,Male,45-54,80.0,Loan originated
1,1065000.0,42,1255000.0,355.0,1,White,Joint,45-54,85.0,Loan originated
1,355000.0,41,405000.0,86.0,1,White,Male,25-34,87.5,Loan originated
1,575000.0,45,725000.0,198.0,1,White,Joint,45-54,79.99,Loan originated
1,685000.0,49,855000.0,261.0,1,Asian,Male,45-54,80.0,Loan originated
1,1145000.0,41,1435000.0,260.0,1,Asian,Male,35-44,80.0,Loan originated
1,1125000.0,37,1405000.0,428.0,1,Hispanic or Latino,Male,45-54,80.0,Loan originated
1,775000.0,20%-<30%,1775000.0,350.0,1,Asian,Male,35-44,43.79,Loan originated
1,135000.0,<20%,595000.0,127.0,1,White,Joint,>74,22.689,Loan originated
1,315000.0,49,395000.0,72.0,1,Hispanic or Latino,Female,25-34,80.0,Loan originated
1,545000.0,36,675000.0,233.0,1,Asian,Male,55-64,80.185,Loan originated
1,385000.0,30%-<36%,405000.0,136.0,1,White,Female,35-44,95.0,Loan originated
1,585000.0,30%-<36%,645000.0,241.0,1,White,Joint,25-34,90.0,Loan originated
1,305000.0,43,605000.0,90.0,1,Hispanic or Latino,Female,65-74,50.617,Loan originated
1,325000.0,48,385000.0,74.0,1,White,Joint,55-64,84.21,Loan originated
1,675000.0,37,905000.0,243.0,1,Asian,Joint,25-34,75.0,Loan originated
1,295000.0,48,305000.0,84.0,1,Hispanic or Latino,Female,25-34,95.0,Application denied
1,765000.0,30%-<36%,2105000.0,331.0,1,Asian,Joint,65-74,36.429,Loan originated
1,455000.0,42,605000.0,101.0,1,Asian,Female,35-44,95.0,Loan originated
1,555000.0,20%-<30%,625000.0,253.0,1,White,Joint,35-44,89.93,Application denied
1,635000.0,30%-<36%,665000.0,286.0,1,Asian,Joint,25-34,95.0,Loan originated
1,635000.0,20%-<30%,715000.0,223.0,1,White,Joint,25-34,90.0,Loan originated
1,165000.0,43,205000.0,66.0,1,Asian,Female,45-54,80.0,Loan originated
1,435000.0,49,465000.0,180.0,1,Hispanic or Latino,Joint,<25,95.0,Loan originated
1,455000.0,47,505000.0,110.0,1,Asian,Joint,25-34,90.0,Loan originated
1,485000.0,47,575000.0,109.0,1,Asian,Male,35-44,85.0,Loan originated
1,425000.0,40,995000.0,117.0,1,White,Female,45-54,42.543,Loan originated
1,715000.0,45,795000.0,197.0,1,White,Male,35-44,90.0,Loan originated
1,275000.0,30%-<36%,285000.0,120.0,1,Asian,Male,25-34,97.0,Loan originated
1,605000.0,42,1105000.0,175.0,1,Black or African American,Male,55-64,55.0,Loan originated
1,355000.0,36,445000.0,143.0,1,White,Male,35-44,80.0,Loan originated
1,495000.0,45,665000.0,113.0,1,Hispanic or Latino,Joint,45-54,99.211,Loan originated
1,315000.0,20%-<30%,315000.0,182.0,1,White,Joint,<25,96.99,Loan originated
1,575000.0,30%-<36%,825000.0,354.0,1,Asian,Joint,45-54,70.0,Loan originated
1,245000.0,44,325000.0,70.0,1,White,Joint,25-34,75.0,Loan originated
1,445000.0,47,565000.0,134.0,1,Black or African American,Joint,25-34,79.64,Loan originated
1,455000.0,50%-60%,475000.0,81.0,1,Hispanic or Latino,Joint,45-54,100.0,Loan originated
1,615000.0,38,825000.0,155.0,1,White,Female,35-44,75.0,Loan originated
1,405000.0,49,605000.0,90.0,1,Asian,Female,25-34,67.5,Loan originated
1,265000.0,43,635000.0,73.0,1,Asian,Male,35-44,41.0,Loan originated
1,405000.0,45,455000.0,175.0,1,White,Male,35-44,90.0,Loan originated
1,145000.0,42,295000.0,73.0,1,White,Male,55-64,50.0,Loan originated
1,445000.0,47,525000.0,116.0,1,Hispanic or Latino,Male,25-34,85.0,Loan originated
1,515000.0,30%-<36%,555000.0,137.0,1,Hispanic or Latino,Male,35-44,91.799,Loan originated
1,375000.0,44,465000.0,94.0,1,Asian,Joint,35-44,80.0,Loan originated
1,945000.0,30%-<36%,1115000.0,329.0,1,Asian,Joint,25-34,85.0,Loan originated
1,325000.0,20%-<30%,405000.0,175.0,1,Asian,Female,55-64,80.0,Loan originated
1,535000.0,41,595000.0,125.0,1,Asian,Joint,55-64,90.0,Loan originated
1,1095000.0,20%-<30%,1375000.0,463.0,1,White,Joint,25-34,80.0,Loan originated
1,1145000.0,30%-<36%,1655000.0,1098.0,1,White,Male,<25,79.989,Loan originated
1,585000.0,48,615000.0,140.0,1,Asian,Male,35-44,94.96,Application denied
1,185000.0,>60%,195000.0,42.0,1,White,Male,<25,95.0,Application denied
1,445000.0,30%-<36%,485000.0,217.0,1,White,Joint,25-34,93.125,Loan originated
1,425000.0,43,475000.0,100.0,1,Hispanic or Latino,Joint,35-44,90.0,Loan originated
1,575000.0,45,725000.0,125.0,1,Asian,Joint,65-74,80.0,Loan originated
1,305000.0,20%-<30%,765000.0,189.0,1,White,Female,55-64,39.216,Loan originated
1,1025000.0,49,1125000.0,236.0,1,Hispanic or Latino,Joint,35-44,90.43,Loan originated
1,365000.0,44,435000.0,90.0,1,Hispanic or Latino,Male,55-64,102.76,Loan originated
1,825000.0,30%-<36%,1495000.0,270.0,1,Hispanic or Latino,Male,55-64,54.86,Loan originated
1,1145000.0,30%-<36%,1305000.0,552.0,1,White,Male,35-44,88.0,Loan originated
1,905000.0,30%-<36%,1125000.0,300.0,1,White,Male,35-44,80.0,Loan originated
1,415000.0,37,435000.0,112.0,1,White,Female,55-64,95.0,Loan originated
1,315000.0,37,335000.0,183.0,1,Asian,Male,35-44,94.0,Loan originated
1,645000.0,49,725000.0,167.0,1,Hispanic or Latino,Female,45-54,90.0,Loan originated
1,615000.0,20%-<30%,765000.0,263.0,1,White,Female,25-34,80.0,Loan originated
1,1005000.0,20%-<30%,1575000.0,928.0,1,White,Joint,55-64,63.492,Loan originated
1,425000.0,>60%,535000.0,90.0,1,Asian,Male,25-34,80.0,Application denied
1,525000.0,49,575000.0,106.0,1,Hispanic or Latino,Female,45-54,90.55,Loan originated
1,715000.0,44,975000.0,228.0,1,White,Joint,35-44,75.0,Loan originated
1,255000.0,45,385000.0,98.0,1,Asian,Male,45-54,65.789,Loan originated
1,535000.0,49,665000.0,206.0,1,Hispanic or Latino,Joint,35-44,80.0,Loan originated
1,295000.0,44,295000.0,70.0,1,Hispanic or Latino,Male,<25,97.0,Loan originated
1,325000.0,45,395000.0,70.0,1,White,Female,45-54,82.53,Loan originated
1,315000.0,37,995000.0,78.0,1,White,Female,>74,32.0,Loan originated
1,225000.0,<20%,1255000.0,760.0,1,Hispanic or Latino,Female,35-44,17.6,Loan originated
1,695000.0,49,765000.0,200.0,1,Black or African American,Female,45-54,92.0,Loan originated
1,555000.0,42,705000.0,207.0,1,White,Male,25-34,80.0,Loan originated
1,305000.0,50%-60%,325000.0,76.0,1,Hispanic or Latino,Male,25-34,95.0,Loan originated
1,595000.0,<20%,705000.0,567.0,1,Hispanic or Latino,Male,35-44,85.0,Loan originated
1,785000.0,30%-<36%,985000.0,567.0,1,Asian,Female,25-34,80.0,Application denied
1,515000.0,30%-<36%,645000.0,180.0,1,Asian,Male,25-34,80.0,Loan originated
1,225000.0,48,405000.0,47.0,1,White,Male,<25,54.321,Loan originated
1,775000.0,<20%,975000.0,750.0,1,Asian,Male,45-54,80.0,Loan originated
1,805000.0,30%-<36%,1805000.0,288.0,1,White,Joint,45-54,44.444,Loan originated
1,725000.0,49,815000.0,280.0,1,Hispanic or Latino,Joint,25-34,89.988,Loan originated
1,495000.0,44,565000.0,111.0,1,Asian,Male,25-34,87.5,Application denied
1,205000.0,46,565000.0,111.0,1,White,Joint,55-64,35.714,Loan originated
1,605000.0,36,675000.0,256.0,1,White,Male,45-54,90.0,Loan originated
1,275000.0,39,365000.0,118.0,1,White,Joint,65-74,73.17,Loan originated
1,575000.0,46,705000.0,126.0,1,Hispanic or Latino,Female,55-64,83.0,Application denied
1,515000.0,41,645000.0,144.0,1,Asian,Joint,35-44,80.0,Loan originated
1,745000.0,30%-<36%,995000.0,512.0,1,Hispanic or Latino,Joint,45-54,89.915,Loan originated
1,375000.0,30%-<36%,505000.0,186.0,1,Hispanic or Latino,Male,25-34,75.0,Application denied
1,1145000.0,47,1575000.0,318.0,1,White,Female,55-64,73.0,Loan originated
1,655000.0,36,1655000.0,194.0,1,Asian,Male,55-64,39.394,Loan originated
1,745000.0,30%-<36%,795000.0,216.0,1,Other,Male,<25,93.082,Loan originated
1,765000.0,46,985000.0,181.0,1,White,Male,35-44,77.817,Loan originated
1,625000.0,42,955000.0,210.0,1,White,Joint,35-44,64.995,Loan originated
1,575000.0,49,645000.0,141.0,1,White,Female,25-34,90.0,Loan originated
1,465000.0,46,505000.0,106.0,1,Asian,Male,25-34,92.07,Loan originated
1,285000.0,47,335000.0,67.0,1,Hispanic or Latino,Female,55-64,85.0,Loan originated
1,645000.0,45,805000.0,156.0,1,White,Male,25-34,80.0,Loan originated
1,505000.0,45,1525000.0,143.0,1,White,Male,35-44,32.787,Loan originated
1,465000.0,30%-<36%,925000.0,156.0,1,Asian,Male,<25,50.0,Loan originated
1,685000.0,49,905000.0,136.0,1,White,Joint,55-64,75.0,Loan originated
1,285000.0,49,295000.0,76.0,1,White,Female,>74,95.0,Loan originated
1,355000.0,44,545000.0,83.0,1,Asian,Male,25-34,65.0,Loan originated
1,385000.0,49,635000.0,142.0,1,White,Joint,55-64,60.0,Loan originated
1,335000.0,<20%,755000.0,260.0,1,White,Joint,>74,44.667,Loan originated
1,1145000.0,38,1805000.0,459.0,1,Black or African American,Male,25-34,89.972,Loan originated
1,315000.0,40,325000.0,80.0,1,White,Male,<25,97.0,Loan originated
1,725000.0,>60%,805000.0,158.0,1,White,Female,45-54,91.0,Application denied
1,385000.0,43,415000.0,136.0,1,Hispanic or Latino,Joint,55-64,93.0,Loan originated
1,545000.0,42,815000.0,133.0,1,White,Female,25-34,83.239,Loan originated
1,555000.0,36,615000.0,155.0,1,White,Female,55-64,90.0,Loan originated
1,425000.0,48,725000.0,116.0,1,White,Male,55-64,58.391,Loan originated
1,725000.0,47,855000.0,174.0,1,Hispanic or Latino,Female,35-44,85.0,Loan originated
1,415000.0,37,565000.0,119.0,1,White,Female,45-54,73.568,Loan originated
1,895000.0,41,1635000.0,271.0,1,Asian,Joint,55-64,55.0,Loan originated
1,755000.0,20%-<30%,1105000.0,384.0,1,White,Joint,35-44,68.92,Loan originated
1,875000.0,39,1025000.0,242.0,1,Other,Female,35-44,85.0,Loan originated
1,905000.0,20%-<30%,3105000.0,500.0,1,White,Joint,45-54,29.03,Loan originated
1,315000.0,20%-<30%,375000.0,442.0,1,White,Joint,25-34,85.0,Loan originated
1,955000.0,43,1935000.0,281.0,1,Asian,Male,35-44,49.22,Loan originated
1,455000.0,49,575000.0,182.0,1,White,Female,45-54,79.189,Loan originated
1,375000.0,20%-<30%,2485000.0,307.0,1,White,Joint,55-64,16.0,Loan originated
1,1085000.0,49,2285000.0,233.0,1,Asian,Male,25-34,47.59,Loan originated
1,815000.0,42,1165000.0,229.0,1,White,Male,45-54,70.0,Loan originated
1,525000.0,44,655000.0,246.0,1,White,Joint,55-64,80.0,Loan originated
1,505000.0,20%-<30%,905000.0,264.0,1,White,Joint,35-44,55.56,Loan originated
1,1085000.0,30%-<36%,1355000.0,378.0,1,White,Joint,35-44,80.0,Loan originated
1,325000.0,<20%,1325000.0,282.0,1,White,Joint,45-54,24.529,Loan originated
1,905000.0,43,1855000.0,250.0,1,White,Joint,45-54,48.649,Loan originated
1,695000.0,48,815000.0,137.0,1,Asian,Male,55-64,85.0,Application denied
1,655000.0,44,775000.0,163.0,1,Asian,Male,25-34,84.25,Loan originated
1,75000.0,45,145000.0,84.0,1,White,Male,65-74,51.26,Loan originated
1,565000.0,42,625000.0,150.0,1,White,Male,25-34,90.0,Loan originated
1,475000.0,38,975000.0,146.0,1,White,Joint,25-34,48.718,Loan originated
1,525000.0,46,575000.0,143.0,1,Hispanic or Latino,Joint,35-44,90.0,Loan originated
1,575000.0,41,845000.0,142.0,1,White,Female,35-44,68.198,Loan originated
1,465000.0,20%-<30%,585000.0,134.0,1,White,Male,25-34,80.0,Loan originated
1,195000.0,39,945000.0,71.0,1,Asian,Female,35-44,20.213,Loan originated
1,755000.0,47,1475000.0,174.0,1,Asian,Male,35-44,51.02,Loan originated
1,385000.0,48,465000.0,98.0,1,Asian,Female,25-34,82.0,Application denied
1,985000.0,38,1225000.0,305.0,1,Asian,Joint,35-44,80.0,Loan originated
1,465000.0,39,575000.0,117.0,1,Asian,Female,45-54,79.996,Loan originated
1,685000.0,42,785000.0,176.0,1,Asian,Joint,45-54,87.179,Loan originated
1,345000.0,44,685000.0,8.0,1,Asian,Female,35-44,50.15,Loan originated
1,1125000.0,44,1405000.0,249.0,1,White,Female,25-34,80.0,Loan originated
1,415000.0,41,595000.0,140.0,1,Hispanic or Latino,Male,35-44,70.0,Loan originated
1,495000.0,49,525000.0,96.0,1,White,Male,35-44,95.0,Loan originated
1,695000.0,49,725000.0,284.0,1,White,Joint,25-34,95.0,Loan originated
1,235000.0,30%-<36%,465000.0,218.0,1,Asian,Joint,<25,50.0,Loan originated
1,525000.0,30%-<36%,655000.0,147.0,1,Asian,Male,25-34,80.0,Loan originated
1,85000.0,41,145000.0,65.0,1,White,Female,55-64,54.42,Application denied
1,655000.0,49,1355000.0,260.0,1,White,Female,65-74,48.148,Loan originated
1,145000.0,20%-<30%,535000.0,79.0,1,Asian,Joint,55-64,26.095,Loan originated
1,525000.0,48,565000.0,169.0,1,Hispanic or Latino,Joint,45-54,92.857,Loan originated
1,675000.0,36,845000.0,230.0,1,Asian,Female,35-44,79.667,Loan originated
1,765000.0,49,1005000.0,229.0,1,Asian,Joint,45-54,76.45,Loan originated
1,325000.0,30%-<36%,335000.0,130.0,1,White,Female,55-64,97.0,Loan originated
1,445000.0,49,595000.0,100.0,1,Hispanic or Latino,Joint,35-44,101.864,Loan originated
1,845000.0,30%-<36%,1055000.0,259.0,1,Asian,Male,35-44,80.0,Loan originated
1,505000.0,30%-<36%,525000.0,143.0,1,Hispanic or Latino,Joint,45-54,95.0,Loan originated
1,555000.0,49,715000.0,103.0,1,Asian,Male,25-34,76.61,Loan originated
1,1105000.0,20%-<30%,3705000.0,1034.0,1,Hispanic or Latino,Female,35-44,29.73,Loan originated
1,195000.0,30%-<36%,225000.0,158.0,1,White,Male,65-74,90.82,Application denied
1,465000.0,49,595000.0,103.0,1,White,Joint,25-34,82.0,Loan originated
1,1145000.0,42,1675000.0,393.0,1,White,Male,35-44,68.646,Loan originated
1,625000.0,49,775000.0,154.0,1,Asian,Joint,35-44,80.0,Loan originated
1,155000.0,49,255000.0,75.0,1,Hispanic or Latino,Joint,35-44,60.0,Loan originated
1,515000.0,49,825000.0,178.0,1,White,Joint,25-34,61.818,Loan originated
1,465000.0,43,575000.0,117.0,1,Asian,Male,25-34,80.0,Loan originated
1,625000.0,47,695000.0,114.0,1,White,Female,<25,90.0,Loan originated
1,755000.0,49,1525000.0,254.0,1,White,Male,55-64,50.0,Loan originated
1,245000.0,37,255000.0,57.0,1,Hispanic or Latino,Male,25-34,97.0,Loan originated
1,465000.0,46,545000.0,160.0,1,White,Joint,35-44,95.0,Loan originated
1,575000.0,42,715000.0,208.0,1,Asian,Male,45-54,79.99,Loan originated
1,345000.0,49,435000.0,85.0,1,White,Male,35-44,80.0,Loan originated
1,475000.0,48,595000.0,120.0,1,White,Male,25-34,80.0,Loan originated
1,575000.0,48,715000.0,148.0,1,White,Joint,35-44,80.0,Application denied
1,765000.0,38,865000.0,220.0,1,White,Joint,45-54,89.07,Loan originated
1,525000.0,20%-<30%,585000.0,222.0,1,Black or African American,Female,55-64,90.0,Loan originated
1,585000.0,44,645000.0,169.0,1,Hispanic or Latino,Male,45-54,90.0,Loan originated
1,985000.0,45,1465000.0,197.0,1,Asian,Joint,35-44,66.802,Loan originated
1,135000.0,50%-60%,265000.0,57.0,1,Hispanic or Latino,Male,65-74,51.923,Loan originated
1,325000.0,39,405000.0,78.0,1,White,Male,45-54,80.0,Loan originated
1,835000.0,49,1035000.0,261.0,1,Asian,Male,45-54,80.0,Loan originated
1,105000.0,20%-<30%,685000.0,76.0,1,White,Female,55-64,14.6,Application denied
1,335000.0,40,395000.0,105.0,1,White,Female,35-44,85.0,Loan originated
1,175000.0,47,295000.0,72.0,1,Hispanic or Latino,Male,35-44,58.35,Application denied
1,1135000.0,20%-<30%,1625000.0,536.0,1,White,Male,35-44,70.0,Loan originated
1,395000.0,44,405000.0,93.0,1,Hispanic or Latino,Joint,<25,100.0,Loan originated
1,645000.0,40,805000.0,170.0,1,Asian,Joint,25-34,80.0,Loan originated
1,355000.0,47,655000.0,102.0,1,White,Male,55-64,54.2,Loan originated
1,485000.0,44,515000.0,158.0,1,Hispanic or Latino,Female,25-34,95.0,Loan originated
1,155000.0,<20%,505000.0,162.0,1,Hispanic or Latino,Female,35-44,30.0,Loan originated
1,765000.0,40,815000.0,195.0,1,Hispanic or Latino,Joint,35-44,95.0,Loan originated
1,385000.0,39,425000.0,89.0,1,Hispanic or Latino,Female,25-34,90.0,Loan originated
1,415000.0,41,595000.0,122.0,1,White,Joint,65-74,68.908,Loan originated
1,635000.0,38,715000.0,164.0,1,White,Joint,25-34,90.0,Loan originated
1,535000.0,30%-<36%,1235000.0,177.0,1,White,Male,55-64,43.5,Loan originated
1,455000.0,45,485000.0,121.0,1,Hispanic or Latino,Male,25-34,95.0,Loan originated
1,435000.0,41,545000.0,159.0,1,Hispanic or Latino,Joint,35-44,80.0,Loan originated
1,915000.0,47,965000.0,197.0,1,White,Joint,55-64,95.0,Loan originated
1,975000.0,30%-<36%,1225000.0,313.0,1,White,Joint,45-54,80.0,Loan originated
1,425000.0,50%-60%,425000.0,87.0,1,Hispanic or Latino,Joint,25-34,101.786,Application denied
1,525000.0,47,655000.0,149.0,1,Black or African American,Female,35-44,80.0,Loan originated
1,475000.0,47,1075000.0,111.0,1,Asian,Joint,35-44,43.599,Loan originated
1,435000.0,50%-60%,585000.0,110.0,1,White,Male,25-34,75.0,Loan originated
1,615000.0,38,765000.0,349.0,1,White,Female,45-54,80.0,Loan originated
1,895000.0,40,1125000.0,305.0,1,White,Female,25-34,80.0,Loan originated
1,395000.0,44,675000.0,106.0,1,White,Male,65-74,59.196,Loan originated
1,555000.0,42,695000.0,166.0,1,Black or African American,Male,55-64,80.0,Loan originated
1,235000.0,41,435000.0,109.0,1,Hispanic or Latino,Male,35-44,54.55,Loan originated
1,405000.0,44,455000.0,204.0,1,Hispanic or Latino,Male,55-64,90.0,Application denied
1,905000.0,44,945000.0,188.0,1,White,Male,25-34,95.0,Application denied
1,1005000.0,30%-<36%,1255000.0,622.0,1,Hispanic or Latino,Female,65-74,80.0,Loan originated
1,495000.0,47,555000.0,228.0,1,White,Male,65-74,90.0,Loan originated
1,665000.0,20%-<30%,865000.0,419.0,1,Asian,Female,25-34,76.74,Loan originated
1,215000.0,45,465000.0,60.0,1,Hispanic or Latino,Male,45-54,45.652,Loan originated
1,305000.0,44,325000.0,96.0,1,White,Female,35-44,96.45,Loan originated
1,765000.0,40,955000.0,336.0,1,White,Joint,35-44,80.0,Loan originated
1,395000.0,30%-<36%,565000.0,121.0,1,Asian,Joint,45-54,70.0,Loan originated
1,405000.0,20%-<30%,505000.0,269.0,1,Hispanic or Latino,Male,35-44,80.0,Loan originated
1,445000.0,36,555000.0,117.0,1,White,Female,55-64,80.0,Loan originated
1,365000.0,49,495000.0,82.0,1,White,Female,25-34,73.469,Loan originated
1,435000.0,41,855000.0,113.0,1,White,Joint,65-74,50.419,Loan originated
1,1005000.0,30%-<36%,1455000.0,309.0,1,Asian,Joint,25-34,68.97,Loan originated
1,175000.0,30%-<36%,425000.0,85.0,1,White,Female,55-64,40.4762,Loan originated
1,715000.0,30%-<36%,865000.0,300.0,1,White,Female,55-64,83.163,Loan originated
1,275000.0,49,325000.0,50.0,1,Asian,Female,45-54,84.969,Loan originated
1,355000.0,46,1165000.0,102.0,1,White,Joint,65-74,29.918,Loan originated
1,375000.0,30%-<36%,385000.0,132.0,1,Hispanic or Latino,Male,25-34,100.395,Loan originated
1,685000.0,38,865000.0,208.0,1,Asian,Male,25-34,80.0,Loan originated
1,745000.0,37,775000.0,228.0,1,Hispanic or Latino,Joint,25-34,97.0,Loan originated
1,345000.0,20%-<30%,685000.0,200.0,1,White,Male,35-44,50.0,Loan originated
1,755000.0,36,945000.0,266.0,1,White,Joint,35-44,80.0,Loan originated
1,1145000.0,44,1435000.0,400.0,1,White,Joint,25-34,80.0,Loan originated
1,515000.0,43,545000.0,122.0,1,Hispanic or Latino,Male,25-34,95.0,Loan originated
1,455000.0,20%-<30%,575000.0,225.0,1,White,Joint,25-34,80.0,Loan originated
1,455000.0,46,565000.0,98.0,1,White,Male,25-34,80.0,Loan originated
1,1085000.0,40,1355000.0,343.0,1,Asian,Joint,25-34,80.0,Loan originated
1,245000.0,20%-<30%,635000.0,156.0,1,Asian,Male,35-44,38.197,Loan originated
1,765000.0,30%-<36%,975000.0,233.0,1,White,Female,65-74,78.621,Loan originated
1,635000.0,43,705000.0,141.0,1,Black or African American,Male,25-34,90.0,Loan originated
1,765000.0,42,1025000.0,201.0,1,White,Male,25-34,75.0,Loan originated
1,575000.0,30%-<36%,675000.0,190.0,1,Asian,Joint,35-44,86.0,Loan originated
1,455000.0,44,505000.0,113.0,1,Hispanic or Latino,Joint,35-44,91.3,Loan originated
1,405000.0,30%-<36%,2305000.0,253.0,1,Asian,Male,45-54,17.391,Loan originated
1,665000.0,45,1165000.0,156.0,1,White,Male,25-34,58.0,Loan originated
1,765000.0,48,845000.0,173.0,1,Asian,Male,45-54,90.0,Loan originated
1,435000.0,39,555000.0,118.0,1,Hispanic or Latino,Female,45-54,79.0,Loan originated
1,145000.0,44,175000.0,64.0,1,White,Joint,65-74,79.55,Application denied
1,195000.0,47,215000.0,77.0,1,Black or African American,Female,35-44,99.75,Loan originated
1,525000.0,49,1415000.0,120.0,1,White,Joint,25-34,37.066,Loan originated
1,655000.0,46,1665000.0,183.0,1,Asian,Female,25-34,39.039,Loan originated
1,1105000.0,20%-<30%,2315000.0,432.0,1,Asian,Joint,25-34,47.46,Loan originated
1,855000.0,49,1075000.0,251.0,1,Asian,Joint,25-34,80.0,Loan originated
1,345000.0,44,425000.0,91.0,1,Hispanic or Latino,Joint,25-34,80.0,Loan originated
1,525000.0,41,555000.0,142.0,1,Hispanic or Latino,Joint,45-54,95.0,Application denied
1,635000.0,45,795000.0,208.0,1,White,Joint,35-44,80.0,Loan originated
1,405000.0,44,725000.0,136.0,1,Asian,Male,25-34,54.946,Loan originated
1,265000.0,20%-<30%,765000.0,262.0,1,Asian,Joint,65-74,34.211,Loan originated
1,1145000.0,39,1525000.0,459.0,1,Asian,Joint,35-44,75.0,Loan originated
1,585000.0,43,735000.0,177.0,1,Hispanic or Latino,Joint,25-34,79.99,Loan originated
1,455000.0,46,755000.0,116.0,1,White,Female,45-54,60.667,Loan originated
1,655000.0,48,825000.0,208.0,1,Asian,Female,55-64,80.0,Loan originated
1,915000.0,45,1265000.0,255.0,1,Hispanic or Latino,Joint,35-44,72.419,Loan originated
1,185000.0,44,435000.0,46.0,1,Asian,Male,45-54,43.154,Loan originated
1,635000.0,20%-<30%,705000.0,315.0,1,White,Male,35-44,90.0,Loan originated
1,235000.0,20%-<30%,645000.0,127.0,1,White,Female,45-54,36.406,Loan originated
1,435000.0,44,485000.0,107.0,1,Asian,Joint,25-34,90.0,Loan originated
1,1145000.0,40,1425000.0,285.0,1,White,Male,35-44,80.0,Loan originated
1,715000.0,20%-<30%,955000.0,811.0,1,Black or African American,Joint,35-44,75.0,Application denied
1,325000.0,40,345000.0,102.0,1,Hispanic or Latino,Joint,25-34,95.0,Loan originated
1,475000.0,49,585000.0,110.0,1,Asian,Female,25-34,79.94,Loan originated
1,175000.0,41,1025000.0,139.0,1,Asian,Male,45-54,18.0,Loan originated
1,385000.0,30%-<36%,485000.0,151.0,1,Asian,Female,35-44,80.0,Loan originated
1,435000.0,41,585000.0,112.0,1,White,Female,25-34,75.0,Loan originated
1,405000.0,46,515000.0,101.0,1,Hispanic or Latino,Joint,>74,80.0,Loan originated
1,505000.0,20%-<30%,565000.0,280.0,1,White,Male,35-44,89.9,Loan originated
1,675000.0,47,845000.0,83.0,1,Hispanic or Latino,Joint,35-44,80.0,Loan originated
1,125000.0,30%-<36%,165000.0,45.0,1,Hispanic or Latino,Female,55-64,80.0,Loan originated
1,475000.0,37,675000.0,289.0,1,Asian,Joint,35-44,70.558,Loan originated
1,415000.0,45,635000.0,149.0,1,White,Joint,25-34,65.463,Loan originated
1,975000.0,41,1775000.0,265.0,1,White,Male,45-54,54.93,Loan originated
1,535000.0,45,675000.0,114.0,1,Hispanic or Latino,Joint,45-54,80.0,Loan originated
1,605000.0,38,675000.0,152.0,1,White,Male,45-54,90.0,Loan originated
1,655000.0,44,725000.0,202.0,1,Asian,Female,35-44,90.0,Loan originated
1,325000.0,48,355000.0,82.0,1,Hispanic or Latino,Joint,45-54,90.0,Loan originated
1,535000.0,41,765000.0,150.0,1,Asian,Female,35-44,69.935,Loan originated
1,705000.0,42,885000.0,180.0,1,Asian,Male,35-44,80.0,Loan originated
1,435000.0,49,755000.0,117.0,1,White,Female,45-54,56.95,Loan originated
1,295000.0,37,375000.0,108.0,1,Hispanic or Latino,Male,45-54,80.0,Loan originated
1,345000.0,30%-<36%,465000.0,95.0,1,Hispanic or Latino,Male,45-54,75.0,Loan originated
1,595000.0,42,635000.0,162.0,1,Asian,Male,35-44,95.0,Loan originated
1,505000.0,42,605000.0,182.0,1,White,Male,55-64,83.333,Loan originated
1,605000.0,20%-<30%,755000.0,271.0,1,Asian,Joint,25-34,79.47,Loan originated
1,805000.0,41,1595000.0,326.0,1,Asian,Male,35-44,50.183,Loan originated
1,465000.0,47,575000.0,102.0,1,White,Male,25-34,80.0,Loan originated
1,725000.0,46,905000.0,166.0,1,Asian,Female,25-34,80.0,Loan originated
1,265000.0,49,755000.0,84.0,1,Asian,Male,25-34,38.208,Loan originated
1,555000.0,20%-<30%,1095000.0,733.0,1,White,Male,25-34,50.091,Loan originated
1,455000.0,45,555000.0,123.0,1,Hispanic or Latino,Male,45-54,83.0,Loan originated
1,545000.0,38,645000.0,160.0,1,White,Male,35-44,85.0,Application denied
1,755000.0,49,945000.0,233.0,1,Asian,Female,35-44,80.0,Loan originated
1,705000.0,46,935000.0,169.0,1,White,Male,>74,75.0,Loan originated
1,325000.0,48,345000.0,101.0,1,Hispanic or Latino,Joint,25-34,94.0,Loan originated
1,285000.0,37,355000.0,69.0,1,White,Female,55-64,80.0,Loan originated
1,575000.0,45,1155000.0,141.0,1,Asian,Joint,45-54,49.784,Loan originated
1,695000.0,48,875000.0,243.0,1,White,Joint,35-44,80.0,Loan originated
1,375000.0,20%-<30%,535000.0,156.0,1,Black or African American,Female,55-64,70.0,Loan originated
1,515000.0,<20%,605000.0,543.0,1,White,Joint,<25,85.0,Loan originated
1,755000.0,48,1105000.0,181.0,1,White,Male,25-34,68.182,Loan originated
1,275000.0,41,315000.0,73.0,1,White,Female,25-34,85.0,Loan originated
1,1065000.0,39,1335000.0,321.0,1,Asian,Joint,35-44,79.99,Loan originated
1,1145000.0,49,2505000.0,253.0,1,Asian,Female,35-44,45.993,Loan originated
1,675000.0,48,705000.0,179.0,1,White,Joint,25-34,95.0,Loan originated
1,275000.0,46,375000.0,114.0,1,Hispanic or Latino,Joint,<25,73.333,Loan originated
1,935000.0,39,1255000.0,239.0,1,White,Joint,25-34,75.0,Loan originated
1,155000.0,49,505000.0,36.0,1,White,Male,>74,30.152,Loan originated
1,425000.0,48,625000.0,88.0,1,Hispanic or Latino,Male,35-44,68.0,Loan originated
1,625000.0,20%-<30%,775000.0,312.0,1,Asian,Joint,25-34,80.0,Loan originated
1,265000.0,46,285000.0,59.0,1,Hispanic or Latino,Male,35-44,103.929,Loan originated
1,435000.0,46,465000.0,108.0,1,Black or African American,Male,25-34,95.0,Loan originated
1,425000.0,39,435000.0,200.0,1,Hispanic or Latino,Joint,35-44,97.0,Loan originated
1,575000.0,48,615000.0,119.0,1,Hispanic or Latino,Female,45-54,95.0,Loan originated
1,625000.0,49,655000.0,137.0,1,White,Male,25-34,95.0,Loan originated
1,305000.0,30%-<36%,505000.0,172.0,1,White,Joint,35-44,60.0,Loan originated
1,565000.0,49,705000.0,133.0,1,Asian,Joint,25-34,80.0,Application denied
1,305000.0,42,385000.0,71.0,1,White,Female,25-34,79.408,Loan originated
1,395000.0,44,415000.0,87.0,1,Hispanic or Latino,Joint,45-54,95.0,Loan originated
1,535000.0,36,705000.0,283.0,1,White,Joint,35-44,75.0,Loan originated
1,625000.0,43,695000.0,203.0,1,White,Joint,65-74,90.0,Loan originated
1,905000.0,45,1305000.0,189.0,1,White,Male,35-44,69.231,Loan originated
1,165000.0,43,965000.0,76.0,1,Asian,Male,45-54,16.667,Loan originated
1,465000.0,42,475000.0,112.0,1,White,Joint,45-54,97.0,Loan originated
1,205000.0,>60%,905000.0,125.0,1,Asian,Female,35-44,22.22,Application denied
1,425000.0,49,445000.0,146.0,1,Hispanic or Latino,Joint,25-34,101.94,Loan originated
1,225000.0,49,275000.0,249.0,1,Hispanic or Latino,Male,45-54,80.0,Loan originated
1,495000.0,47,625000.0,229.0,1,White,Female,55-64,80.0,Loan originated
1,405000.0,39,505000.0,130.0,1,White,Female,25-34,80.0,Loan originated
1,325000.0,20%-<30%,405000.0,127.0,1,White,Male,25-34,80.0,Loan originated
1,675000.0,46,905000.0,180.0,1,Asian,Female,35-44,75.0,Application denied
1,405000.0,49,545000.0,91.0,1,Asian,Male,25-34,95.0,Loan originated
1,315000.0,48,395000.0,72.0,1,White,Female,>74,80.0,Loan originated
1,885000.0,>60%,1105000.0,138.0,1,White,Joint,25-34,80.0,Application denied
1,705000.0,20%-<30%,835000.0,269.0,1,Asian,Joint,35-44,84.9,Loan originated
1,315000.0,46,325000.0,69.0,1,White,Female,25-34,97.0,Loan originated
1,615000.0,49,685000.0,160.0,1,White,Female,35-44,90.0,Loan originated
1,335000.0,20%-<30%,565000.0,171.0,1,Hispanic or Latino,Male,25-34,60.0,Loan originated
1,705000.0,37,735000.0,178.0,1,Asian,Joint,35-44,95.0,Loan originated
1,475000.0,30%-<36%,495000.0,153.0,1,White,Joint,35-44,95.0,Loan originated
1,625000.0,48,775000.0,144.0,1,White,Female,25-34,80.0,Loan originated
1,845000.0,49,1925000.0,190.0,1,White,Male,35-44,43.896,Loan originated
1,495000.0,50%-60%,655000.0,91.0,1,Asian,Male,45-54,75.12,Application denied
1,555000.0,36,1125000.0,190.0,1,Hispanic or Latino,Joint,55-64,49.0,Loan originated
1,545000.0,49,835000.0,136.0,1,White,Female,55-64,65.0,Loan originated
1,1145000.0,41,1425000.0,347.0,1,White,Joint,25-34,80.0,Loan originated
1,175000.0,48,245000.0,68.0,1,Hispanic or Latino,Male,35-44,70.0,Loan originated
1,475000.0,41,505000.0,311.0,1,Hispanic or Latino,Joint,25-34,95.0,Loan originated
1,625000.0,46,835000.0,250.0,1,Hispanic or Latino,Female,45-54,75.0,Loan originated
1,605000.0,47,715000.0,234.0,1,Hispanic or Latino,Male,<25,85.0,Loan originated
1,1015000.0,>60%,1075000.0,193.0,1,Asian,Male,35-44,95.0,Application denied
1,445000.0,30%-<36%,555000.0,276.0,1,Asian,Joint,35-44,80.0,Loan originated
1,955000.0,48,1005000.0,240.0,1,White,Female,45-54,95.0,Loan originated
1,175000.0,49,185000.0,41.0,1,Hispanic or Latino,Male,<25,97.0,Loan originated
1,755000.0,20%-<30%,1315000.0,452.0,1,Asian,Joint,35-44,58.0,Loan originated
1,925000.0,44,1235000.0,304.0,1,Asian,Joint,35-44,75.0,Loan originated
1,365000.0,38,425000.0,170.0,1,Hispanic or Latino,Male,25-34,104.353,Loan originated
1,565000.0,20%-<30%,745000.0,190.0,1,Asian,Male,35-44,75.0,Loan originated
1,195000.0,37,205000.0,167.0,1,Hispanic or Latino,Male,25-34,95.0,Loan originated
1,405000.0,38,515000.0,136.0,1,Asian,Female,25-34,80.0,Loan originated
1,305000.0,43,305000.0,132.0,1,Hispanic or Latino,Joint,25-34,100.0,Loan originated
1,385000.0,20%-<30%,1255000.0,180.0,1,Asian,Female,45-54,30.4,Loan originated
1,485000.0,43,645000.0,158.0,1,White,Male,35-44,74.922,Loan originated
1,1005000.0,41,1675000.0,235.0,1,Asian,Male,25-34,59.881,Loan originated
1,445000.0,<20%,555000.0,278.0,1,Asian,Joint,65-74,80.0,Loan originated
1,305000.0,20%-<30%,1135000.0,255.0,1,Asian,Joint,25-34,26.499,Loan originated
1,615000.0,49,1235000.0,202.0,1,Asian,Female,25-34,49.96,Loan originated
1,495000.0,49,1205000.0,131.0,1,Asian,Female,45-54,42.0,Loan originated
1,645000.0,30%-<36%,805000.0,250.0,1,Asian,Male,35-44,80.0,Loan originated
1,505000.0,30%-<36%,1025000.0,172.0,1,Asian,Female,35-44,49.02,Loan originated
1,255000.0,>60%,1205000.0,120.0,1,White,Male,55-64,20.833,Application denied
1,1105000.0,38,1305000.0,266.0,1,Asian,Male,35-44,85.0,Loan originated
1,845000.0,48,895000.0,304.0,1,White,Joint,25-34,95.0,Loan originated
1,895000.0,50%-60%,945000.0,203.0,1,White,Joint,35-44,95.0,Loan originated
1,505000.0,46,775000.0,164.0,1,Asian,Joint,55-64,64.516,Loan originated
1,415000.0,37,465000.0,162.0,1,White,Female,35-44,90.0,Loan originated
1,1105000.0,39,1385000.0,310.0,1,White,Joint,45-54,80.0,Loan originated
1,695000.0,30%-<36%,865000.0,257.0,1,White,Joint,35-44,80.0,Loan originated
1,725000.0,30%-<36%,905000.0,250.0,1,Black or African American,Female,25-34,80.0,Loan originated
1,995000.0,45,1245000.0,305.0,1,White,Male,45-54,80.0,Loan originated
1,575000.0,41,715000.0,220.0,1,Asian,Joint,35-44,80.0,Loan originated
1,315000.0,20%-<30%,1015000.0,205.0,1,White,Joint,35-44,30.693,Loan originated
1,675000.0,20%-<30%,1065000.0,349.0,1,White,Joint,55-64,63.463,Loan originated
1,1055000.0,40,1455000.0,370.0,1,Asian,Male,35-44,72.414,Loan originated
1,755000.0,43,1005000.0,192.0,1,Asian,Female,35-44,75.0,Loan originated
1,695000.0,<20%,925000.0,1700.0,1,Hispanic or Latino,Male,45-54,75.0,Loan originated
1,485000.0,37,615000.0,241.0,1,Asian,Joint,45-54,80.0,Loan originated
1,1135000.0,44,1325000.0,273.0,1,Asian,Joint,35-44,86.0,Loan originated
1,725000.0,30%-<36%,905000.0,357.0,1,White,Joint,35-44,80.0,Loan originated
1,885000.0,20%-<30%,1105000.0,413.0,1,White,Male,35-44,80.0,Loan originated
1,785000.0,30%-<36%,1055000.0,368.0,1,White,Male,45-54,75.0,Loan originated
1,1105000.0,44,2505000.0,402.0,1,Asian,Joint,25-34,43.912,Loan originated
1,175000.0,38,245000.0,58.0,1,Hispanic or Latino,Joint,55-64,70.41,Loan originated
1,505000.0,<20%,1145000.0,390.0,1,Hispanic or Latino,Female,45-54,43.52,Loan originated
1,565000.0,44,595000.0,146.0,1,Asian,Joint,25-34,95.0,Loan originated
1,695000.0,38,745000.0,258.0,1,White,Male,55-64,92.246,Loan originated
1,835000.0,36,1645000.0,334.0,1,White,Male,35-44,50.606,Loan originated
1,755000.0,38,945000.0,222.0,1,Asian,Joint,25-34,80.0,Loan originated
1,625000.0,42,705000.0,148.0,1,White,Joint,25-34,89.99,Loan originated
1,645000.0,30%-<36%,805000.0,216.0,1,Asian,Joint,35-44,80.0,Loan originated
1,165000.0,49,495000.0,57.0,1,White,Female,55-64,33.993,Loan originated
1,385000.0,40,455000.0,105.0,1,White,Joint,25-34,85.26,Loan originated
1,195000.0,44,255000.0,104.0,1,Asian,Male,55-64,77.5,Application denied
1,1135000.0,44,1365000.0,245.0,1,Asian,Male,45-54,83.647,Application denied
1,135000.0,20%-<30%,145000.0,129.0,1,Hispanic or Latino,Female,<25,92.57,Application denied
1,805000.0,49,895000.0,218.0,1,White,Male,35-44,90.674,Loan originated
1,685000.0,46,725000.0,309.0,1,White,Joint,35-44,95.0,Loan originated
1,275000.0,20%-<30%,515000.0,156.0,1,White,Joint,35-44,53.398,Loan originated
1,555000.0,37,1415000.0,270.0,1,Hispanic or Latino,Female,55-64,38.814,Loan originated
1,375000.0,49,465000.0,106.0,1,Asian,Joint,35-44,80.0,Loan originated
1,255000.0,44,625000.0,104.0,1,White,Female,45-54,40.323,Loan originated
1,765000.0,45,845000.0,188.0,1,White,Male,45-54,90.0,Loan originated
1,635000.0,41,795000.0,161.0,1,White,Male,55-64,80.0,Loan originated
1,545000.0,43,895000.0,131.0,1,Asian,Male,35-44,61.415,Loan originated
1,645000.0,47,1045000.0,177.0,1,White,Joint,65-74,61.538,Loan originated
1,475000.0,42,915000.0,125.0,1,White,Female,35-44,52.25,Loan originated
1,575000.0,49,585000.0,152.0,1,Hispanic or Latino,Joint,25-34,97.0,Loan originated
1,595000.0,42,795000.0,292.0,1,Asian,Joint,35-44,75.0,Loan originated
1,175000.0,43,195000.0,107.0,1,Hispanic or Latino,Male,25-34,90.0,Application denied
1,685000.0,49,2165000.0,133.0,1,White,Female,65-74,31.51,Loan originated
1,135000.0,30%-<36%,145000.0,59.0,1,White,Female,25-34,95.0,Application denied
1,105000.0,30%-<36%,595000.0,76.0,1,White,Joint,65-74,16.694,Loan originated
1,685000.0,40,855000.0,236.0,1,Asian,Male,45-54,80.0,Loan originated
1,615000.0,46,765000.0,142.0,1,White,Male,35-44,80.0,Loan originated
1,1355000.0,48,1695000.0,348.0,1,White,Joint,25-34,80.0,Loan originated
1,1045000.0,50%-60%,1205000.0,253.0,1,White,Male,45-54,87.083,Loan originated
1,765000.0,49,805000.0,199.0,1,Hispanic or Latino,Male,25-34,95.0,Loan originated
1,425000.0,<20%,925000.0,713.0,1,Asian,Joint,45-54,47.0,Loan originated
1,1005000.0,49,1145000.0,187.0,1,Asian,Male,35-44,88.33,Loan originated
1,705000.0,45,885000.0,241.0,1,Hispanic or Latino,Joint,55-64,80.0,Loan originated
1,705000.0,49,835000.0,145.0,1,White,Male,45-54,84.431,Loan originated
1,265000.0,<20%,335000.0,196.0,1,Asian,Male,45-54,80.0,Loan originated
1,285000.0,47,435000.0,79.0,1,Hispanic or Latino,Female,25-34,103.724,Loan originated
1,715000.0,49,1065000.0,175.0,1,White,Male,35-44,67.136,Loan originated
1,1005000.0,30%-<36%,1465000.0,533.0,1,Hispanic or Latino,Male,45-54,90.0,Loan originated
1,555000.0,38,1055000.0,203.0,1,Hispanic or Latino,Joint,55-64,52.381,Loan originated
1,665000.0,47,835000.0,132.0,1,Hispanic or Latino,Male,25-34,80.0,Loan originated
1,505000.0,43,625000.0,109.0,1,Hispanic or Latino,Joint,25-34,80.0,Loan originated
1,505000.0,44,785000.0,106.0,1,Hispanic or Latino,Male,25-34,64.326,Loan originated
1,535000.0,30%-<36%,555000.0,186.0,1,Asian,Female,35-44,97.0,Loan originated
1,295000.0,49,395000.0,83.0,1,White,Joint,65-74,75.0,Loan originated
1,525000.0,48,895000.0,113.0,1,Asian,Male,35-44,58.427,Loan originated
1,665000.0,30%-<36%,825000.0,348.0,1,Asian,Male,45-54,80.0,Loan originated
1,675000.0,49,1125000.0,145.0,1,White,Joint,35-44,60.0,Loan originated
1,1145000.0,30%-<36%,1385000.0,344.0,1,Asian,Joint,35-44,84.0,Loan originated
1,985000.0,39,1165000.0,386.0,1,Asian,Joint,45-54,85.0,Loan originated
1,925000.0,49,1155000.0,209.0,1,White,Joint,25-34,80.0,Loan originated
1,555000.0,49,1265000.0,137.0,1,White,Female,55-64,44.08,Loan originated
1,625000.0,46,785000.0,241.0,1,White,Joint,65-74,80.0,Loan originated
1,615000.0,48,635000.0,149.0,1,Hispanic or Latino,Joint,35-44,100.0,Loan originated
1,615000.0,49,635000.0,162.0,1,White,Joint,25-34,97.0,Loan originated
1,955000.0,47,2055000.0,340.0,1,Asian,Joint,35-44,46.341,Loan originated
1,235000.0,<20%,635000.0,318.0,1,Asian,Female,45-54,36.508,Loan originated
1,605000.0,49,625000.0,171.0,1,Black or African American,Female,55-64,97.0,Loan originated
1,565000.0,43,1305000.0,139.0,1,White,Female,45-54,43.077,Loan originated
1,315000.0,<20%,365000.0,260.0,1,White,Male,45-54,86.111,Loan originated
1,765000.0,45,1005000.0,169.0,1,White,Joint,25-34,76.65,Loan originated
1,455000.0,46,485000.0,98.0,1,White,Joint,25-34,95.0,Loan originated
1,365000.0,49,465000.0,87.0,1,Hispanic or Latino,Joint,25-34,78.678,Loan originated
1,395000.0,48,595000.0,89.0,1,Asian,Male,25-34,66.664,Loan originated
1,575000.0,47,605000.0,245.0,1,White,Joint,45-54,95.0,Loan originated
1,945000.0,30%-<36%,2005000.0,536.0,1,Asian,Male,25-34,47.234,Loan originated
1,545000.0,41,615000.0,184.0,1,White,Female,45-54,87.903,Loan originated
1,355000.0,<20%,965000.0,250.0,1,White,Joint,45-54,36.37,Loan originated
1,865000.0,40,1155000.0,205.0,1,White,Joint,35-44,75.0,Loan originated
1,215000.0,36,325000.0,64.0,1,White,Male,65-74,65.69,Loan originated
1,765000.0,30%-<36%,1655000.0,630.0,1,White,Joint,45-54,46.458,Loan originated
1,765000.0,47,985000.0,208.0,1,White,Male,25-34,77.822,Loan originated
1,865000.0,36,1365000.0,257.0,1,Asian,Joint,45-54,63.235,Loan originated
1,855000.0,43,905000.0,202.0,1,White,Male,35-44,95.0,Loan originated
1,775000.0,44,965000.0,174.0,1,White,Joint,25-34,80.0,Loan originated
1,895000.0,39,1125000.0,208.0,1,Asian,Joint,45-54,79.93,Loan originated
1,425000.0,30%-<36%,725000.0,141.0,1,White,Male,35-44,58.621,Loan originated
1,1145000.0,<20%,1755000.0,725.0,1,White,Male,45-54,65.657,Loan originated
1,285000.0,30%-<36%,955000.0,165.0,1,Hispanic or Latino,Joint,25-34,30.0,Loan originated
1,675000.0,20%-<30%,755000.0,233.0,1,Asian,Male,45-54,89.99,Loan originated
1,485000.0,43,515000.0,116.0,1,Hispanic or Latino,Joint,35-44,100.825,Loan originated
1,525000.0,49,545000.0,117.0,1,Asian,Joint,35-44,95.0,Loan originated
1,905000.0,44,1105000.0,210.0,1,White,Male,35-44,93.0,Application denied
1,485000.0,44,855000.0,158.0,1,Asian,Female,35-44,56.471,Loan originated
1,705000.0,39,885000.0,249.0,1,Asian,Joint,35-44,80.0,Loan originated
1,665000.0,46,835000.0,161.0,1,White,Male,25-34,80.0,Loan originated
1,415000.0,49,515000.0,118.0,1,Hispanic or Latino,Male,25-34,80.0,Loan originated
1,455000.0,30%-<36%,475000.0,193.0,1,Hispanic or Latino,Joint,45-54,95.0,Application denied
1,1145000.0,44,1235000.0,315.0,1,White,Joint,35-44,93.008,Loan originated
1,415000.0,<20%,1585000.0,335.0,1,Asian,Male,35-44,25.87,Loan originated
1,415000.0,47,465000.0,109.0,1,White,Female,45-54,90.0,Loan originated
1,505000.0,48,565000.0,183.0,1,Black or African American,Male,55-64,90.0,Loan originated
1,565000.0,40,765000.0,163.0,1,Asian,Female,25-34,75.0,Loan originated
1,1055000.0,49,1345000.0,195.0,1,Asian,Female,35-44,79.0,Loan originated
1,605000.0,46,765000.0,172.0,1,Asian,Joint,25-34,80.0,Loan originated
1,615000.0,49,655000.0,130.0,1,Hispanic or Latino,Joint,25-34,97.0,Loan originated
1,645000.0,46,805000.0,149.0,1,White,Male,35-44,98.576,Loan originated
1,475000.0,46,505000.0,120.0,1,Hispanic or Latino,Male,25-34,95.0,Loan originated
1,485000.0,46,515000.0,133.0,1,Hispanic or Latino,Male,35-44,95.0,Loan originated
1,1105000.0,30%-<36%,2005000.0,849.0,1,White,Joint,35-44,55.0,Loan originated
1,685000.0,48,1225000.0,152.0,1,White,Female,55-64,55.51,Loan originated
1,845000.0,46,895000.0,205.0,1,White,Joint,35-44,95.0,Loan originated
1,615000.0,42,655000.0,168.0,1,Asian,Joint,45-54,98.0,Loan originated
1,605000.0,20%-<30%,665000.0,263.0,1,Black or African American,Joint,55-64,89.978,Loan originated
1,585000.0,47,735000.0,198.0,1,White,Male,35-44,80.0,Loan originated
1,705000.0,38,825000.0,195.0,1,White,Female,25-34,85.0,Loan originated
1,405000.0,47,505000.0,87.0,1,Hispanic or Latino,Female,55-64,80.0,Loan originated
1,465000.0,41,515000.0,115.0,1,Asian,Female,25-34,90.0,Loan originated
1,465000.0,44,495000.0,116.0,1,Hispanic or Latino,Male,45-54,95.0,Loan originated
1,545000.0,45,675000.0,135.0,1,Hispanic or Latino,Joint,25-34,80.0,Loan originated
1,1065000.0,>60%,1335000.0,343.0,1,White,Joint,35-44,80.0,Application denied
1,725000.0,46,1125000.0,164.0,1,White,Male,25-34,64.444,Loan originated
1,575000.0,30%-<36%,605000.0,203.0,1,White,Male,35-44,95.0,Loan originated
1,595000.0,42,745000.0,180.0,1,Hispanic or Latino,Male,25-34,100.0,Loan originated
1,825000.0,37,915000.0,489.0,1,Hispanic or Latino,Male,45-54,90.0,Loan originated
1,765000.0,38,855000.0,237.0,1,White,Joint,25-34,89.988,Loan originated
1,785000.0,43,1315000.0,234.0,1,Asian,Joint,35-44,60.0,Loan originated
1,105000.0,30%-<36%,445000.0,47.0,1,White,Female,<25,22.73,Loan originated
1,565000.0,20%-<30%,695000.0,240.0,1,Asian,Joint,25-34,82.0,Loan originated
1,215000.0,48,235000.0,81.0,1,White,Male,>74,95.0,Loan originated
1,565000.0,46,705000.0,170.0,1,Hispanic or Latino,Female,65-74,80.0,Loan originated
1,585000.0,44,735000.0,139.0,1,White,Male,45-54,80.0,Loan originated
1,445000.0,37,555000.0,113.0,1,White,Male,25-34,80.0,Loan originated
1,435000.0,49,635000.0,136.0,1,Asian,Male,55-64,68.503,Loan originated
1,225000.0,20%-<30%,425000.0,113.0,1,White,Joint,25-34,53.487,Loan originated
1,515000.0,44,645000.0,154.0,1,Hispanic or Latino,Joint,25-34,80.0,Loan originated
1,665000.0,45,825000.0,178.0,1,Hispanic or Latino,Female,35-44,80.0,Loan originated
1,155000.0,45,355000.0,57.0,1,Asian,Joint,65-74,99.16,Application denied
1,15000.0,<20%,655000.0,191.0,1,White,Joint,35-44,100.0,Loan originated
1,1105000.0,20%-<30%,1375000.0,402.0,1,White,Joint,25-34,80.0,Loan originated
1,155000.0,47,165000.0,83.0,1,Hispanic or Latino,Male,45-54,95.0,Loan originated
1,955000.0,42,1285000.0,236.0,1,White,Joint,25-34,74.634,Loan originated
1,305000.0,46,375000.0,96.0,1,Hispanic or Latino,Joint,35-44,80.0,Loan originated
1,755000.0,20%-<30%,1725000.0,322.0,1,White,Male,35-44,43.456,Loan originated
1,705000.0,>60%,1005000.0,14.0,1,Asian,Male,35-44,70.0,Application denied
1,765000.0,38,955000.0,316.0,1,White,Joint,25-34,80.689,Loan originated
1,425000.0,48,475000.0,100.0,1,Hispanic or Latino,Male,25-34,90.0,Loan originated
1,995000.0,37,1175000.0,275.0,1,Asian,Joint,25-34,84.936,Loan originated
1,555000.0,45,1755000.0,265.0,1,White,Male,>74,31.429,Loan originated
1,785000.0,43,835000.0,206.0,1,Other,Male,25-34,95.0,Loan originated
1,685000.0,41,715000.0,168.0,1,White,Male,35-44,97.0,Loan originated
1,765000.0,41,815000.0,238.0,1,White,Male,45-54,94.055,Loan originated
1,455000.0,49,535000.0,165.0,1,Hispanic or Latino,Male,35-44,85.0,Loan originated
1,735000.0,39,965000.0,246.0,1,Hispanic or Latino,Male,35-44,75.79,Loan originated
1,445000.0,45,465000.0,114.0,1,White,Joint,25-34,95.0,Loan originated
1,175000.0,30%-<36%,185000.0,104.0,1,Hispanic or Latino,Male,<25,96.34,Application denied
1,505000.0,50%-60%,635000.0,329.0,1,Asian,Male,<25,80.0,Application denied
1,95000.0,39,125000.0,41.0,1,White,Joint,55-64,99.484,Loan originated
1,475000.0,20%-<30%,505000.0,286.0,1,Black or African American,Female,45-54,95.0,Loan originated
1,365000.0,30%-<36%,495000.0,180.0,1,Asian,Female,25-34,74.697,Loan originated
1,445000.0,49,585000.0,93.0,1,Hispanic or Latino,Male,25-34,77.0,Loan originated
1,655000.0,30%-<36%,675000.0,215.0,1,Other,Joint,25-34,97.0,Loan originated
1,545000.0,40,565000.0,151.0,1,Hispanic or Latino,Joint,35-44,97.0,Loan originated
1,65000.0,<20%,145000.0,103.0,1,White,Joint,65-74,43.06,Loan originated
1,655000.0,30%-<36%,725000.0,233.0,1,Asian,Joint,25-34,90.0,Loan originated
1,505000.0,40,635000.0,135.0,1,White,Joint,35-44,80.0,Loan originated
1,765000.0,39,895000.0,265.0,1,White,Joint,35-44,85.0,Loan originated
1,335000.0,44,455000.0,144.0,1,White,Joint,55-64,75.0,Loan originated
1,365000.0,30%-<36%,455000.0,139.0,1,White,Male,25-34,80.0,Loan originated
1,295000.0,30%-<36%,375000.0,128.0,1,White,Joint,35-44,80.0,Loan originated
1,355000.0,20%-<30%,445000.0,228.0,1,White,Joint,35-44,80.0,Loan originated
1,765000.0,30%-<36%,955000.0,229.0,1,White,Female,25-34,80.0,Loan originated
1,1085000.0,40,1455000.0,295.0,1,Asian,Joint,25-34,75.0,Loan originated
1,355000.0,20%-<30%,785000.0,178.0,1,White,Joint,45-54,44.872,Loan originated
1,1145000.0,37,1545000.0,326.0,1,White,Male,>74,74.11,Loan originated
1,305000.0,20%-<30%,305000.0,60.0,1,White,Male,25-34,100.0,Application denied
1,775000.0,20%-<30%,965000.0,459.0,1,White,Joint,35-44,80.0,Loan originated
1,705000.0,47,1225000.0,175.0,1,Hispanic or Latino,Joint,65-74,57.377,Application denied
1,325000.0,38,405000.0,82.0,1,White,Joint,25-34,80.0,Loan originated
1,255000.0,44,265000.0,64.0,1,Hispanic or Latino,Female,45-54,97.0,Loan originated
1,735000.0,20%-<30%,915000.0,364.0,1,Asian,Joint,25-34,80.0,Loan originated
1,245000.0,43,265000.0,215.0,1,White,Joint,35-44,95.0,Loan originated
1,295000.0,36,365000.0,140.0,1,White,Joint,>74,80.0,Loan originated
1,445000.0,48,595000.0,228.0,1,White,Male,35-44,75.0,Loan originated
1,865000.0,40,1455000.0,225.0,1,Asian,Joint,35-44,59.904,Loan originated
1,595000.0,<20%,665000.0,3685.0,1,Hispanic or Latino,Female,55-64,90.0,Loan originated
1,1105000.0,49,1585000.0,253.0,1,Hispanic or Latino,Joint,35-44,70.0,Loan originated
1,305000.0,48,335000.0,64.0,1,Hispanic or Latino,Male,45-54,94.0,Loan originated
1,915000.0,30%-<36%,965000.0,254.0,1,Asian,Joint,35-44,95.0,Loan originated
1,555000.0,49,695000.0,258.0,1,White,Male,35-44,79.997,Loan originated
1,775000.0,48,975000.0,249.0,1,Asian,Female,25-34,80.0,Loan originated
1,945000.0,49,1175000.0,212.0,1,White,Joint,35-44,80.0,Loan originated
1,425000.0,37,525000.0,143.0,1,White,Female,55-64,80.0,Loan originated
1,665000.0,39,825000.0,250.0,1,Hispanic or Latino,Male,25-34,80.0,Loan originated
1,645000.0,47,925000.0,140.0,1,Asian,Female,35-44,70.0,Loan originated
1,955000.0,36,1055000.0,301.0,1,White,Male,25-34,89.99,Loan originated
1,755000.0,30%-<36%,1955000.0,305.0,1,Asian,Male,55-64,38.676,Loan originated
1,525000.0,20%-<30%,1025000.0,234.0,1,White,Female,45-54,50.98,Loan originated
1,435000.0,20%-<30%,585000.0,216.0,1,White,Joint,55-64,75.0,Loan originated
1,425000.0,44,505000.0,100.0,1,Asian,Female,45-54,104.2,Loan originated
1,675000.0,48,715000.0,164.0,1,White,Female,35-44,95.0,Loan originated
1,255000.0,30%-<36%,555000.0,141.0,1,White,Joint,35-44,45.455,Loan originated
1,1105000.0,36,1555000.0,312.0,1,White,Joint,55-64,70.968,Loan originated
1,735000.0,30%-<36%,775000.0,254.0,1,White,Male,<25,95.0,Loan originated
1,1055000.0,47,1175000.0,245.0,1,White,Female,45-54,90.0,Loan originated
1,515000.0,45,635000.0,123.0,1,Asian,Male,35-44,80.0,Loan originated
1,635000.0,37,795000.0,174.0,1,Asian,Female,25-34,80.0,Loan originated
1,335000.0,39,355000.0,146.0,1,White,Male,55-64,95.0,Loan originated
1,265000.0,42,715000.0,6.0,1,Asian,Joint,45-54,37.41,Loan originated
1,395000.0,47,425000.0,166.0,1,Hispanic or Latino,Female,25-34,95.0,Loan originated
1,375000.0,30%-<36%,435000.0,316.0,1,Hispanic or Latino,Male,55-64,85.0,Application denied
1,995000.0,50%-60%,1055000.0,185.0,1,White,Male,55-64,95.0,Application denied
1,955000.0,20%-<30%,1405000.0,371.0,1,Asian,Joint,25-34,67.878,Loan originated
1,125000.0,<20%,155000.0,180.0,1,White,Male,55-64,83.33,Loan originated
1,215000.0,42,505000.0,72.0,1,White,Female,35-44,43.0,Loan originated
1,445000.0,49,495000.0,85.0,1,Asian,Male,25-34,90.0,Loan originated
1,155000.0,<20%,755000.0,162.0,1,White,Joint,65-74,20.0,Loan originated
1,445000.0,30%-<36%,525000.0,236.0,1,Hispanic or Latino,Male,35-44,85.0,Loan originated
1,1145000.0,36,1355000.0,445.0,1,Asian,Joint,35-44,85.172,Loan originated
1,745000.0,30%-<36%,985000.0,324.0,1,Asian,Joint,35-44,75.0,Loan originated
1,795000.0,42,945000.0,211.0,1,White,Joint,25-34,85.0,Loan originated
1,1085000.0,47,1875000.0,240.0,1,White,Female,55-64,58.26,Loan originated
1,1125000.0,43,1255000.0,300.0,1,Black or African American,Female,45-54,89.99,Loan originated
1,1005000.0,42,1805000.0,334.0,1,Asian,Joint,35-44,55.31,Loan originated
1,665000.0,49,705000.0,199.0,1,Asian,Joint,25-34,95.0,Loan originated
1,875000.0,30%-<36%,1755000.0,412.0,1,White,Joint,35-44,50.0,Loan originated
1,575000.0,49,1085000.0,132.0,1,White,Joint,35-44,53.0,Loan originated
1,455000.0,50%-60%,475000.0,127.0,1,Asian,Male,25-34,95.0,Application denied
1,715000.0,41,795000.0,234.0,1,Asian,Female,55-64,90.0,Loan originated
1,525000.0,30%-<36%,815000.0,170.0,1,White,Joint,25-34,64.815,Loan originated
1,405000.0,38,1255000.0,321.0,1,Asian,Male,35-44,31.95,Loan originated
1,385000.0,39,415000.0,97.0,1,Hispanic or Latino,Male,25-34,95.0,Loan originated
1,855000.0,30%-<36%,955000.0,275.0,1,White,Joint,25-34,90.0,Loan originated
1,1085000.0,30%-<36%,1355000.0,369.0,1,White,Joint,35-44,80.0,Loan originated
1,295000.0,49,315000.0,103.0,1,Black or African American,Joint,55-64,95.0,Loan originated
1,245000.0,>60%,275000.0,33.0,1,Hispanic or Latino,Female,<25,90.0,Application denied
1,255000.0,20%-<30%,415000.0,151.0,1,White,Female,>74,61.0,Loan originated
1,435000.0,41,675000.0,104.0,1,Hispanic or Latino,Male,25-34,64.179,Loan originated
1,505000.0,50%-60%,1105000.0,145.0,1,Hispanic or Latino,Male,35-44,45.455,Application denied
1,605000.0,49,755000.0,198.0,1,Asian,Male,45-54,80.0,Loan originated
1,455000.0,46,495000.0,119.0,1,Hispanic or Latino,Male,25-34,92.106,Loan originated
1,475000.0,43,505000.0,147.0,1,White,Male,55-64,95.0,Loan originated
1,895000.0,30%-<36%,1195000.0,268.0,1,Asian,Joint,25-34,75.0,Loan originated
1,775000.0,30%-<36%,965000.0,263.0,1,Asian,Joint,45-54,80.0,Loan originated
1,975000.0,<20%,1295000.0,947.0,1,White,Male,25-34,75.0,Loan originated
1,595000.0,43,665000.0,184.0,1,White,Joint,25-34,93.875,Loan originated
1,475000.0,39,595000.0,125.0,1,Hispanic or Latino,Male,25-34,80.0,Loan originated
1,985000.0,36,1405000.0,430.0,1,Asian,Joint,35-44,70.0,Loan originated
1,465000.0,30%-<36%,485000.0,177.0,1,White,Joint,25-34,98.85,Loan originated
1,1135000.0,39,1425000.0,322.0,1,Asian,Male,45-54,80.0,Loan originated
1,705000.0,45,885000.0,144.0,1,White,Joint,35-44,80.0,Loan originated
1,655000.0,44,815000.0,205.0,1,Asian,Joint,35-44,80.0,Loan originated
1,95000.0,20%-<30%,315000.0,55.0,1,White,Male,25-34,29.355,Loan originated
1,655000.0,50%-60%,725000.0,146.0,1,Asian,Joint,35-44,91.25,Loan originated
1,525000.0,30%-<36%,885000.0,254.0,1,Asian,Joint,25-34,60.0,Loan originated
1,525000.0,49,745000.0,104.0,1,White,Female,45-54,69.94,Loan originated
1,795000.0,41,885000.0,214.0,1,White,Female,65-74,90.0,Loan originated
1,255000.0,<20%,445000.0,530.0,1,White,Male,<25,58.0,Loan originated
1,785000.0,20%-<30%,975000.0,370.0,1,Asian,Male,35-44,80.0,Loan originated
1,275000.0,36,305000.0,240.0,1,White,Male,35-44,90.0,Loan originated
1,515000.0,46,1025000.0,131.0,1,Asian,Female,<25,50.0,Loan originated
1,325000.0,44,1965000.0,210.0,1,White,Male,35-44,16.539,Loan originated
1,435000.0,43,475000.0,106.0,1,Asian,Male,25-34,92.5,Loan originated
1,475000.0,49,625000.0,113.0,1,White,Female,55-64,75.0,Loan originated
1,765000.0,42,805000.0,284.0,1,White,Female,45-54,95.0,Loan originated
1,785000.0,30%-<36%,1085000.0,213.0,1,White,Joint,25-34,72.35,Loan originated
1,355000.0,49,715000.0,74.0,1,Black or African American,Female,55-64,48.73,Loan originated
1,355000.0,37,445000.0,171.0,1,White,Joint,35-44,80.0,Loan originated
1,465000.0,<20%,555000.0,589.0,1,White,Male,55-64,85.0,Loan originated
1,435000.0,50%-60%,445000.0,104.0,1,Asian,Female,35-44,97.0,Application denied
1,45000.0,20%-<30%,55000.0,46.0,1,White,Male,65-74,76.93,Loan originated
1,255000.0,38,265000.0,92.0,1,White,Joint,55-64,95.0,Loan originated
1,425000.0,46,525000.0,113.0,1,Hispanic or Latino,Male,35-44,80.0,Loan originated
1,1005000.0,46,1655000.0,445.0,1,Asian,Joint,25-34,60.658,Loan originated
1,265000.0,42,275000.0,69.0,1,Hispanic or Latino,Female,35-44,100.0,Loan originated
1,485000.0,<20%,2685000.0,3865.0,1,White,Male,35-44,18.103,Loan originated
1,405000.0,45,495000.0,96.0,1,Hispanic or Latino,Joint,45-54,81.633,Loan originated
1,95000.0,20%-<30%,475000.0,118.0,1,Hispanic or Latino,Female,45-54,18.947,Loan originated
1,125000.0,>60%,125000.0,48.0,1,White,Male,<25,95.0,Application denied
1,755000.0,49,815000.0,138.0,1,Black or African American,Female,45-54,95.8,Loan originated
1,915000.0,20%-<30%,1145000.0,643.0,1,Asian,Male,25-34,80.0,Loan originated
1,765000.0,43,915000.0,286.0,1,White,Joint,35-44,85.0,Loan originated
1,365000.0,44,385000.0,77.0,1,Black or African American,Female,35-44,97.0,Loan originated
1,685000.0,48,865000.0,254.0,1,White,Joint,35-44,80.0,Loan originated
1,245000.0,50%-60%,325000.0,50.0,1,Hispanic or Latino,Male,35-44,73.85,Loan originated
1,1135000.0,30%-<36%,1425000.0,382.0,1,Asian,Joint,35-44,80.0,Loan originated
1,905000.0,20%-<30%,1175000.0,333.0,1,Asian,Joint,25-34,77.153,Loan originated
1,695000.0,43,875000.0,269.0,1,White,Male,25-34,80.0,Loan originated
1,785000.0,36,835000.0,256.0,1,White,Joint,25-34,95.0,Loan originated
1,305000.0,44,375000.0,106.0,1,White,Joint,25-34,80.0,Loan originated
1,455000.0,45,865000.0,103.0,1,White,Female,65-74,51.78,Loan originated
1,495000.0,30%-<36%,795000.0,153.0,1,White,Male,55-64,62.025,Loan originated
1,295000.0,43,695000.0,90.0,1,Asian,Male,25-34,42.731,Loan originated
1,345000.0,30%-<36%,445000.0,128.0,1,White,Female,25-34,78.0,Loan originated
1,745000.0,38,825000.0,176.0,1,White,Joint,25-34,90.0,Loan originated
1,155000.0,49,235000.0,37.0,1,White,Female,25-34,67.0,Loan originated
1,1205000.0,49,1505000.0,239.0,1,Asian,Female,35-44,80.0,Loan originated
1,495000.0,44,615000.0,113.0,1,Hispanic or Latino,Female,45-54,80.0,Loan originated
1,775000.0,41,1605000.0,195.0,1,Hispanic or Latino,Male,35-44,48.125,Loan originated
1,145000.0,50%-60%,195000.0,192.0,1,White,Female,45-54,75.9,Application denied
1,475000.0,30%-<36%,595000.0,154.0,1,White,Joint,55-64,80.0,Loan originated
1,265000.0,43,535000.0,80.0,1,White,Female,45-54,49.53,Loan originated
1,465000.0,49,585000.0,136.0,1,White,Joint,35-44,80.0,Loan originated
1,725000.0,30%-<36%,915000.0,239.0,1,Asian,Joint,25-34,80.0,Loan originated
1,385000.0,44,735000.0,164.0,1,Black or African American,Female,45-54,102.41,Loan originated
1,805000.0,49,1075000.0,170.0,1,Asian,Male,25-34,75.0,Loan originated
1,225000.0,41,725000.0,125.0,1,Asian,Female,25-34,31.034,Loan originated
1,705000.0,49,1005000.0,178.0,1,White,Female,45-54,70.0,Loan originated
1,695000.0,48,735000.0,176.0,1,White,Female,25-34,95.0,Loan originated
1,295000.0,20%-<30%,275000.0,122.0,1,Hispanic or Latino,Joint,35-44,108.53,Loan originated
1,575000.0,46,605000.0,252.0,1,Hispanic or Latino,Joint,25-34,95.0,Loan originated
1,905000.0,20%-<30%,1895000.0,423.0,1,Asian,Joint,35-44,47.619,Loan originated
1,455000.0,41,475000.0,109.0,1,Hispanic or Latino,Male,25-34,95.0,Loan originated
1,605000.0,49,805000.0,129.0,1,Black or African American,Joint,45-54,75.94,Loan originated
1,1055000.0,44,1405000.0,299.0,1,White,Joint,35-44,75.0,Loan originated
1,495000.0,<20%,985000.0,458.0,1,Asian,Female,35-44,50.0,Loan originated
1,725000.0,49,965000.0,150.0,1,White,Joint,25-34,75.0,Loan originated
1,355000.0,30%-<36%,715000.0,271.0,1,White,Joint,55-64,49.282,Loan originated
1,535000.0,47,605000.0,102.0,1,Asian,Female,35-44,89.85,Loan originated
1,455000.0,30%-<36%,655000.0,162.0,1,Hispanic or Latino,Male,35-44,69.47,Loan originated
1,755000.0,48,1155000.0,226.0,1,White,Joint,35-44,66.0,Loan originated
1,425000.0,43,535000.0,126.0,1,Black or African American,Male,35-44,80.0,Loan originated
1,405000.0,39,1005000.0,126.0,1,Hispanic or Latino,Joint,25-34,40.0,Loan originated
1,715000.0,38,745000.0,171.0,1,Asian,Joint,25-34,96.5,Loan originated
1,515000.0,49,615000.0,111.0,1,White,Female,55-64,85.0,Loan originated
1,865000.0,41,1085000.0,268.0,1,Hispanic or Latino,Female,45-54,80.0,Loan originated
1,535000.0,42,665000.0,154.0,1,White,Female,45-54,80.0,Loan originated
1,415000.0,43,915000.0,120.0,1,White,Female,45-54,45.055,Loan originated
1,1105000.0,42,1435000.0,301.0,1,Asian,Joint,45-54,76.993,Loan originated
1,415000.0,20%-<30%,495000.0,219.0,1,White,Male,55-64,85.0,Loan originated
1,385000.0,41,585000.0,112.0,1,White,Male,65-74,65.986,Loan originated
1,955000.0,49,1505000.0,202.0,1,White,Male,35-44,63.333,Loan originated
1,975000.0,40,1025000.0,268.0,1,Asian,Joint,45-54,95.0,Loan originated
1,465000.0,41,585000.0,116.0,1,White,Male,25-34,80.0,Loan originated
1,105000.0,30%-<36%,125000.0,72.0,1,White,Male,25-34,89.68,Application denied
1,175000.0,42,305000.0,44.0,1,Hispanic or Latino,Female,25-34,90.5,Loan originated
1,695000.0,20%-<30%,865000.0,735.0,1,White,Joint,25-34,80.0,Loan originated
1,415000.0,48,555000.0,208.0,1,White,Female,25-34,75.0,Loan originated
1,955000.0,47,1055000.0,190.0,1,White,Male,25-34,89.999,Loan originated
1,915000.0,37,1865000.0,275.0,1,White,Joint,45-54,49.171,Loan originated
1,1005000.0,20%-<30%,1425000.0,350.0,1,White,Joint,35-44,70.175,Loan originated
1,185000.0,30%-<36%,485000.0,124.0,1,White,Male,65-74,37.31,Loan originated
1,685000.0,40,1235000.0,187.0,1,Asian,Male,25-34,55.0,Loan originated
1,1025000.0,40,1425000.0,320.0,1,Asian,Joint,25-34,71.86,Loan originated
1,755000.0,43,795000.0,186.0,1,Hispanic or Latino,Male,25-34,95.0,Loan originated
1,565000.0,48,665000.0,208.0,1,Asian,Joint,35-44,85.0,Loan originated
1,605000.0,45,705000.0,144.0,1,Asian,Joint,35-44,90.0,Loan originated
1,755000.0,40,1785000.0,668.0,1,White,Male,65-74,42.219,Application denied
1,325000.0,48,415000.0,66.0,1,Hispanic or Latino,Male,45-54,80.0,Loan originated
1,435000.0,49,455000.0,111.0,1,Asian,Female,25-34,97.0,Application denied
1,765000.0,46,875000.0,204.0,1,Hispanic or Latino,Male,45-54,89.0,Loan originated
1,665000.0,49,735000.0,130.0,1,White,Male,35-44,90.0,Loan originated
1,745000.0,30%-<36%,925000.0,221.0,1,White,Male,25-34,80.0,Loan originated
1,415000.0,49,495000.0,85.0,1,White,Female,55-64,88.0,Loan originated
1,1005000.0,42,1455000.0,354.0,1,White,Joint,35-44,68.966,Loan originated
1,405000.0,42,415000.0,114.0,1,White,Male,25-34,97.0,Loan originated
1,505000.0,30%-<36%,1605000.0,216.0,1,White,Joint,25-34,32.0,Loan originated
1,545000.0,20%-<30%,685000.0,312.0,1,White,Male,25-34,80.0,Loan originated
1,495000.0,20%-<30%,945000.0,238.0,1,White,Joint,25-34,52.381,Loan originated
1,555000.0,20%-<30%,655000.0,216.0,1,Hispanic or Latino,Male,35-44,85.0,Loan originated
1,225000.0,44,545000.0,366.0,1,Asian,Female,35-44,41.36,Loan originated
1,355000.0,48,435000.0,85.0,1,Asian,Female,45-54,80.0,Loan originated
1,545000.0,43,665000.0,246.0,1,White,Male,25-34,81.818,Loan originated
1,505000.0,37,905000.0,143.0,1,Asian,Joint,35-44,56.0,Loan originated
1,475000.0,20%-<30%,595000.0,255.0,1,White,Joint,25-34,80.0,Loan originated
1,215000.0,20%-<30%,295000.0,206.0,1,White,Male,55-64,75.0,Loan originated
1,525000.0,20%-<30%,745000.0,321.0,1,Hispanic or Latino,Female,65-74,70.29,Loan originated
1,335000.0,48,445000.0,79.0,1,White,Female,35-44,75.0,Loan originated
1,765000.0,50%-60%,1005000.0,255.0,1,Asian,Joint,35-44,76.433,Loan originated
1,185000.0,20%-<30%,225000.0,81.0,1,Hispanic or Latino,Joint,45-54,80.0,Loan originated
1,855000.0,43,1005000.0,222.0,1,Asian,Joint,25-34,85.0,Loan originated
1,275000.0,<20%,575000.0,718.0,1,White,Male,35-44,47.83,Loan originated
1,985000.0,20%-<30%,1405000.0,336.0,1,White,Female,35-44,70.0,Loan originated
1,535000.0,38,705000.0,196.0,1,White,Joint,25-34,75.0,Loan originated
1,465000.0,30%-<36%,585000.0,175.0,1,White,Joint,25-34,80.0,Loan originated
1,105000.0,<20%,165000.0,159.0,1,White,Male,65-74,63.56,Loan originated
1,1125000.0,46,1625000.0,409.0,1,Asian,Joint,45-54,69.136,Loan originated
1,715000.0,47,745000.0,191.0,1,Hispanic or Latino,Joint,55-64,95.0,Loan originated
1,225000.0,46,755000.0,103.0,1,Hispanic or Latino,Female,35-44,28.972,Loan originated
1,525000.0,37,585000.0,150.0,1,Asian,Female,25-34,90.0,Loan originated
1,375000.0,46,395000.0,195.0,1,Hispanic or Latino,Joint,35-44,95.0,Loan originated
1,905000.0,30%-<36%,1125000.0,253.0,1,White,Female,35-44,80.0,Loan originated
1,335000.0,30%-<36%,365000.0,108.0,1,Hispanic or Latino,Female,35-44,90.0,Loan originated
1,585000.0,36,785000.0,222.0,1,White,Joint,45-54,74.359,Loan originated
1,765000.0,49,1005000.0,191.0,1,Hispanic or Latino,Joint,45-54,76.65,Loan originated
1,645000.0,41,675000.0,258.0,1,White,Male,35-44,95.0,Loan originated
1,435000.0,20%-<30%,1035000.0,280.0,1,White,Joint,55-64,42.0,Loan originated
1,435000.0,39,585000.0,121.0,1,Asian,Female,25-34,74.359,Loan originated
1,715000.0,30%-<36%,835000.0,230.0,1,Other,Joint,25-34,85.0,Loan originated
1,395000.0,47,445000.0,132.0,1,Hispanic or Latino,Male,25-34,89.887,Loan originated
1,475000.0,42,685000.0,15.0,1,Asian,Male,25-34,70.0,Loan originated
1,615000.0,48,1375000.0,138.0,1,Asian,Female,35-44,44.364,Loan originated
1,285000.0,20%-<30%,385000.0,455.0,1,White,Female,35-44,73.68,Loan originated
1,1005000.0,30%-<36%,1255000.0,388.0,1,Asian,Joint,35-44,80.0,Loan originated
1,475000.0,40,635000.0,163.0,1,White,Joint,35-44,75.0,Loan originated
1,345000.0,41,425000.0,77.0,1,Hispanic or Latino,Joint,35-44,80.0,Loan originated
1,635000.0,37,715000.0,179.0,1,Hispanic or Latino,Joint,25-34,89.993,Loan originated
1,515000.0,44,915000.0,189.0,1,White,Female,55-64,55.738,Loan originated
1,545000.0,20%-<30%,725000.0,238.0,1,White,Male,45-54,75.0,Loan originated
1,695000.0,37,735000.0,181.0,1,Hispanic or Latino,Male,35-44,95.0,Loan originated
1,225000.0,30%-<36%,1305000.0,106.0,1,White,Joint,65-74,16.923,Loan originated
1,115000.0,42,295000.0,61.0,1,White,Female,65-74,37.6,Loan originated
1,485000.0,39,495000.0,136.0,1,Asian,Male,35-44,97.0,Loan originated
1,695000.0,41,735000.0,170.0,1,Black or African American,Male,25-34,95.0,Loan originated
1,555000.0,30%-<36%,695000.0,200.0,1,Hispanic or Latino,Male,25-34,79.971,Loan originated
1,655000.0,43,825000.0,143.0,1,Asian,Female,35-44,80.0,Loan originated
1,685000.0,47,725000.0,174.0,1,Hispanic or Latino,Joint,35-44,95.0,Loan originated
1,415000.0,49,485000.0,154.0,1,White,Joint,65-74,86.771,Loan originated
1,205000.0,30%-<36%,455000.0,87.0,1,Other,Male,45-54,46.556,Loan originated
1,675000.0,40,905000.0,175.0,1,Hispanic or Latino,Female,25-34,75.0,Loan originated
1,355000.0,<20%,855000.0,268.0,1,White,Female,45-54,42.0,Loan originated
1,485000.0,49,605000.0,117.0,1,Hispanic or Latino,Male,35-44,80.0,Loan originated
1,575000.0,44,645000.0,210.0,1,White,Male,45-54,90.0,Loan originated
1,765000.0,49,955000.0,190.0,1,White,Joint,25-34,80.0,Loan originated
1,265000.0,41,495000.0,73.0,1,White,Male,35-44,55.0,Loan originated
1,175000.0,<20%,625000.0,258.0,1,White,Joint,35-44,28.0,Loan originated
1,515000.0,47,1055000.0,115.0,1,Asian,Male,<25,48.929,Loan originated
1,885000.0,49,1115000.0,225.0,1,Asian,Male,25-34,80.0,Loan originated
1,655000.0,41,1265000.0,177.0,1,Asian,Joint,25-34,51.984,Loan originated
1,285000.0,49,615000.0,73.0,1,Asian,Male,45-54,46.0,Loan originated
1,655000.0,20%-<30%,1315000.0,301.0,1,White,Joint,45-54,50.0,Loan originated
1,695000.0,44,735000.0,232.0,1,White,Joint,25-34,95.0,Loan originated
1,555000.0,30%-<36%,795000.0,216.0,1,Asian,Male,55-64,68.831,Loan originated
1,415000.0,30%-<36%,425000.0,131.0,1,Hispanic or Latino,Joint,25-34,97.0,Loan originated
1,765000.0,46,755000.0,211.0,1,White,Joint,55-64,101.75,Loan originated
1,435000.0,48,605000.0,92.0,1,White,Female,45-54,71.9,Loan originated
1,645000.0,40,715000.0,159.0,1,White,Male,65-74,90.0,Loan originated
1,575000.0,44,725000.0,166.0,1,Hispanic or Latino,Joint,35-44,80.0,Loan originated
1,285000.0,50%-60%,415000.0,47.0,1,Hispanic or Latino,Male,55-64,68.182,Application denied
1,1105000.0,50%-60%,1605000.0,267.0,1,Asian,Male,55-64,68.75,Application denied
1,665000.0,37,705000.0,192.0,1,White,Male,25-34,95.0,Loan originated
1,455000.0,47,505000.0,105.0,1,Hispanic or Latino,Male,35-44,90.0,Loan originated
1,765000.0,47,905000.0,178.0,1,Hispanic or Latino,Male,45-54,85.0,Loan originated
1,655000.0,48,725000.0,149.0,1,Asian,Male,45-54,90.0,Loan originated
1,555000.0,30%-<36%,695000.0,169.0,1,Asian,Joint,25-34,80.0,Loan originated
1,605000.0,30%-<36%,765000.0,200.0,1,White,Male,25-34,79.99,Loan originated
1,675000.0,45,715000.0,173.0,1,Black or African American,Male,35-44,95.0,Loan originated
1,525000.0,43,655000.0,145.0,1,White,Joint,25-34,80.0,Loan originated
1,585000.0,37,735000.0,174.0,1,Hispanic or Latino,Male,45-54,79.996,Loan originated
1,205000.0,<20%,685000.0,247.0,1,White,Joint,65-74,29.412,Loan originated
1,865000.0,49,1125000.0,222.0,1,Asian,Joint,35-44,77.554,Loan originated
1,355000.0,>60%,655000.0,84.0,1,Hispanic or Latino,Female,65-74,53.85,Application denied
1,465000.0,49,595000.0,108.0,1,Asian,Female,45-54,80.0,Loan originated
1,425000.0,<20%,1125000.0,492.0,1,White,Female,35-44,38.048,Loan originated
1,755000.0,39,1125000.0,307.0,1,White,Male,45-54,66.67,Loan originated
1,495000.0,44,585000.0,131.0,1,Asian,Male,25-34,85.0,Loan originated
1,105000.0,47,425000.0,81.0,1,Hispanic or Latino,Female,65-74,23.81,Loan originated
1,705000.0,41,875000.0,310.0,1,Hispanic or Latino,Male,45-54,80.0,Loan originated
1,505000.0,30%-<36%,635000.0,347.0,1,Hispanic or Latino,Male,45-54,80.0,Loan originated
1,535000.0,42,595000.0,116.0,1,Asian,Joint,35-44,89.99,Loan originated
1,245000.0,43,415000.0,70.0,1,White,Male,25-34,60.0,Loan originated
1,505000.0,47,6495000.0,275.0,1,Asian,Joint,25-34,8.0,Loan originated
1,465000.0,43,625000.0,115.0,1,White,Male,25-34,75.0,Loan originated
1,505000.0,37,675000.0,162.0,1,White,Female,65-74,75.0,Loan originated
1,385000.0,47,415000.0,92.0,1,Hispanic or Latino,Male,45-54,93.0,Loan originated
1,565000.0,30%-<36%,1365000.0,216.0,1,Asian,Male,25-34,41.555,Loan originated
1,365000.0,<20%,425000.0,234.0,1,White,Joint,35-44,85.962,Loan originated
1,495000.0,42,875000.0,179.0,1,White,Female,55-64,56.387,Loan originated
1,245000.0,38,345000.0,65.0,1,White,Female,55-64,73.0,Loan originated
1,405000.0,47,505000.0,121.0,1,Asian,Male,25-34,80.0,Loan originated
1,395000.0,48,495000.0,82.0,1,Asian,Joint,35-44,80.0,Loan originated
1,335000.0,41,445000.0,71.0,1,Asian,Male,25-34,75.336,Loan originated
1,555000.0,20%-<30%,615000.0,250.0,1,Asian,Joint,25-34,89.98,Loan originated
1,505000.0,30%-<36%,635000.0,166.0,1,White,Male,25-34,80.0,Loan originated
1,505000.0,20%-<30%,825000.0,193.0,1,White,Male,45-54,60.98,Loan originated
1,935000.0,43,1035000.0,287.0,1,Hispanic or Latino,Female,45-54,89.95,Loan originated
1,175000.0,50%-60%,185000.0,108.0,1,White,Male,25-34,95.0,Application denied
1,465000.0,20%-<30%,585000.0,293.0,1,Asian,Joint,65-74,80.0,Loan originated
1,1005000.0,40,1335000.0,580.0,1,White,Joint,35-44,75.0,Loan originated
1,325000.0,20%-<30%,405000.0,135.0,1,Asian,Male,35-44,80.0,Loan originated
1,795000.0,20%-<30%,945000.0,263.0,1,Asian,Joint,25-34,85.0,Loan originated
1,745000.0,30%-<36%,925000.0,294.0,1,White,Female,25-34,80.0,Loan originated
1,615000.0,30%-<36%,825000.0,203.0,1,Asian,Male,25-34,75.0,Loan originated
1,415000.0,43,525000.0,117.0,1,Hispanic or Latino,Female,25-34,80.0,Loan originated
1,355000.0,44,445000.0,122.0,1,White,Joint,25-34,80.0,Loan originated
1,695000.0,48,995000.0,168.0,1,Asian,Female,35-44,69.99995,Loan originated
1,495000.0,47,525000.0,119.0,1,Black or African American,Female,45-54,94.0,Loan originated
1,295000.0,49,885000.0,62.0,1,Hispanic or Latino,Male,55-64,32.77,Loan originated
1,715000.0,<20%,1025000.0,1281.0,1,White,Male,65-74,70.0,Loan originated
1,855000.0,47,1065000.0,191.0,1,White,Joint,25-34,80.0,Loan originated
1,495000.0,43,555000.0,103.0,1,Hispanic or Latino,Joint,25-34,89.1,Loan originated
1,1115000.0,44,2405000.0,403.0,1,Asian,Joint,45-54,46.1,Loan originated
1,945000.0,20%-<30%,1605000.0,450.0,1,White,Male,55-64,58.938,Loan originated
1,335000.0,30%-<36%,735000.0,143.0,1,White,Joint,55-64,45.205,Loan originated
1,765000.0,>60%,885000.0,181.0,1,Hispanic or Latino,Joint,45-54,86.68,Application denied
1,415000.0,49,595000.0,82.0,1,Hispanic or Latino,Joint,25-34,69.95,Loan originated
1,105000.0,42,455000.0,49.0,1,White,Female,25-34,21.882,Loan originated
1,475000.0,41,795000.0,113.0,1,Asian,Male,<25,60.0,Loan originated
1,465000.0,38,585000.0,195.0,1,White,Male,35-44,80.0,Loan originated
1,365000.0,30%-<36%,455000.0,99.0,1,Asian,Male,35-44,80.0,Loan originated
1,1045000.0,50%-60%,1105000.0,221.0,1,Hispanic or Latino,Joint,45-54,97.273,Loan originated
1,755000.0,41,1995000.0,495.0,1,Hispanic or Latino,Male,45-54,37.67,Loan originated
1,135000.0,30%-<36%,855000.0,97.0,1,Hispanic or Latino,Female,65-74,16.18,Loan originated
1,455000.0,43,505000.0,162.0,1,Asian,Male,25-34,90.0,Loan originated
1,205000.0,20%-<30%,295000.0,55.0,1,Hispanic or Latino,Joint,45-54,68.983,Loan originated
1,355000.0,30%-<36%,755000.0,146.0,1,White,Male,55-64,46.667,Loan originated
1,765000.0,41,1005000.0,247.0,1,Asian,Male,25-34,76.7,Loan originated
1,695000.0,43,875000.0,188.0,1,Asian,Female,25-34,80.0,Loan originated
1,675000.0,44,825000.0,713.0,1,Asian,Male,25-34,81.67,Loan originated
1,385000.0,49,425000.0,96.0,1,White,Female,<25,90.0,Loan originated
1,625000.0,44,745000.0,239.0,1,Hispanic or Latino,Male,45-54,85.0,Loan originated
1,475000.0,45,535000.0,121.0,1,White,Male,25-34,89.34,Loan originated
1,505000.0,46,685000.0,175.0,1,White,Male,25-34,75.0,Loan originated
1,935000.0,30%-<36%,985000.0,306.0,1,Asian,Joint,25-34,95.0,Loan originated
1,655000.0,46,775000.0,144.0,1,White,Male,<25,85.0,Loan originated
1,275000.0,36,455000.0,82.0,1,White,Female,>74,60.0,Application denied
1,425000.0,48,435000.0,86.0,1,Hispanic or Latino,Male,<25,97.0,Loan originated
1,765000.0,46,795000.0,224.0,1,Hispanic or Latino,Joint,35-44,95.82,Loan originated
1,605000.0,37,755000.0,189.0,1,Hispanic or Latino,Male,35-44,80.0,Loan originated
1,435000.0,36,515000.0,125.0,1,White,Male,25-34,85.0,Loan originated
1,485000.0,43,695000.0,202.0,1,White,Joint,>74,69.999,Loan originated
1,715000.0,36,1025000.0,220.0,1,White,Female,25-34,70.0,Loan originated
1,375000.0,44,495000.0,89.0,1,White,Female,55-64,76.12,Loan originated
1,455000.0,38,655000.0,149.0,1,Asian,Male,35-44,70.0,Loan originated
1,315000.0,43,565000.0,102.0,1,White,Male,25-34,55.357,Loan originated
1,635000.0,48,755000.0,180.0,1,Hispanic or Latino,Joint,25-34,84.728,Loan originated
1,575000.0,48,875000.0,119.0,1,Asian,Female,45-54,66.0,Loan originated
1,475000.0,43,595000.0,120.0,1,Hispanic or Latino,Female,25-34,100.0,Loan originated
1,315000.0,46,335000.0,99.0,1,White,Male,35-44,95.0,Loan originated
1,765000.0,49,1155000.0,174.0,1,White,Female,65-74,66.091,Loan originated
1,335000.0,46,355000.0,72.0,1,Hispanic or Latino,Male,35-44,100.0,Loan originated
1,365000.0,41,385000.0,157.0,1,Asian,Joint,55-64,98.0,Loan originated
1,645000.0,38,875000.0,212.0,1,Asian,Male,45-54,75.0,Loan originated
1,685000.0,49,915000.0,135.0,1,Asian,Male,35-44,75.0,Loan originated
1,505000.0,30%-<36%,1085000.0,183.0,1,Asian,Male,25-34,46.176,Loan originated
1,395000.0,30%-<36%,695000.0,164.0,1,Asian,Female,35-44,56.61,Loan originated
1,415000.0,38,805000.0,131.0,1,White,Joint,35-44,77.5,Loan originated
1,865000.0,45,1075000.0,218.0,1,White,Joint,45-54,80.0,Loan originated
1,355000.0,46,505000.0,79.0,1,Hispanic or Latino,Male,35-44,70.0,Loan originated
1,295000.0,44,375000.0,69.0,1,Hispanic or Latino,Joint,65-74,80.0,Loan originated
1,505000.0,39,535000.0,187.0,1,Black or African American,Female,35-44,95.0,Loan originated
1,515000.0,42,515000.0,118.0,1,Black or African American,Male,35-44,100.0,Loan originated
1,755000.0,30%-<36%,795000.0,702.0,1,White,Joint,<25,95.0,Loan originated
1,575000.0,42,715000.0,209.0,1,Black or African American,Male,35-44,80.0,Loan originated
1,65000.0,<20%,25000.0,75.0,1,Black or African American,Female,25-34,300.0,Application denied
1,255000.0,49,705000.0,87.0,1,Hispanic or Latino,Male,45-54,35.714,Loan originated
1,355000.0,37,365000.0,152.0,1,Hispanic or Latino,Joint,35-44,97.0,Loan originated
1,605000.0,20%-<30%,1225000.0,238.0,1,White,Joint,25-34,48.98,Loan originated
1,355000.0,46,605000.0,93.0,1,Asian,Male,35-44,58.333,Loan originated
1,335000.0,46,485000.0,107.0,1,White,Joint,45-54,69.039,Loan originated
1,335000.0,46,355000.0,72.0,1,Hispanic or Latino,Male,<25,95.0,Loan originated
1,585000.0,20%-<30%,935000.0,305.0,1,White,Joint,25-34,62.679,Loan originated
1,375000.0,49,465000.0,94.0,1,Hispanic or Latino,Female,45-54,80.0,Application denied
1,385000.0,38,985000.0,101.0,1,Asian,Male,35-44,40.0,Loan originated
1,85000.0,30%-<36%,135000.0,72.0,1,White,Male,55-64,63.68,Loan originated
1,465000.0,47,575000.0,112.0,1,Asian,Male,25-34,80.0,Loan originated
1,925000.0,40,1345000.0,230.0,1,Asian,Joint,35-44,69.03,Loan originated
1,285000.0,44,315000.0,97.0,1,Hispanic or Latino,Joint,35-44,90.0,Loan originated
1,1045000.0,38,1155000.0,335.0,1,Asian,Joint,35-44,89.98,Loan originated
1,305000.0,43,325000.0,132.0,1,Hispanic or Latino,Joint,35-44,95.0,Loan originated
1,535000.0,30%-<36%,615000.0,164.0,1,Hispanic or Latino,Male,<25,87.0,Loan originated
1,485000.0,46,515000.0,215.0,1,Hispanic or Latino,Joint,45-54,95.0,Loan originated
1,375000.0,20%-<30%,975000.0,245.0,1,White,Male,25-34,38.356,Loan originated
1,1135000.0,46,1345000.0,325.0,1,Hispanic or Latino,Joint,45-54,85.0,Loan originated
1,1055000.0,43,1395000.0,242.0,1,Asian,Joint,35-44,75.05,Loan originated
1,525000.0,37,665000.0,162.0,1,White,Male,35-44,80.0,Loan originated
