loan_purpose,loan_amount,debt_to_income_ratio,property_value,income,occupancy_type,derived_race,derived_sex,applicant_age,loan_to_value_ratio,action_taken
1,495000.0,36,615000.0,177.0,1,White,Female,45-54,80.0,Loan originated
1,675000.0,43,695000.0,199.0,1,White,Joint,35-44,97.0,Loan originated
1,545000.0,49,575000.0,114.0,1,Other,Female,25-34,95.0,Loan originated
1,845000.0,30%-<36%,1085000.0,479.0,1,Asian,Joint,35-44,78.0,Loan originated
1,905000.0,39,1125000.0,233.0,1,White,Joint,25-34,80.0,Loan originated
1,575000.0,46,615000.0,219.0,1,Hispanic or Latino,Joint,35-44,92.84,Loan originated
1,635000.0,20%-<30%,795000.0,239.0,1,Black or African American,Male,45-54,80.0,Loan originated
1,735000.0,41,775000.0,305.0,1,Asian,Joint,35-44,95.0,Loan originated
1,475000.0,49,505000.0,90.0,1,White,Male,35-44,93.0,Loan originated
1,395000.0,42,545000.0,106.0,1,Hispanic or Latino,Female,25-34,72.48,Loan originated
1,835000.0,30%-<36%,1195000.0,246.0,1,Asian,Male,45-54,70.0,Loan originated
1,375000.0,46,975000.0,120.0,1,Asian,Joint,35-44,38.14,Loan originated
1,1085000.0,36,1355000.0,342.0,1,Asian,Joint,25-34,80.0,Loan originated
1,1025000.0,40,1625000.0,256.0,1,White,Female,55-64,63.08,Loan originated
1,595000.0,47,625000.0,148.0,1,White,Male,35-44,95.0,Loan originated
1,105000.0,<20%,555000.0,133.0,1,White,Female,55-64,18.018,Application denied
1,495000.0,50%-60%,525000.0,119.0,1,Hispanic or Latino,Male,25-34,95.0,Application denied
1,205000.0,44,495000.0,53.0,1,Hispanic or Latino,Male,25-34,104.788,Loan originated
1,735000.0,40,925000.0,226.0,1,Asian,Joint,45-54,80.0,Loan originated
1,1065000.0,44,1325000.0,229.0,1,Hispanic or Latino,Male,45-54,80.0,Loan originated
1,925000.0,30%-<36%,1155000.0,289.0,1,White,Male,35-44,80.0,Loan originated
1,615000.0,49,655000.0,143.0,1,Asian,Joint,45-54,95.0,Loan originated
1,215000.0,43,285000.0,396.0,1,Asian,Male,35-44,75.0,Loan originated
1,225000.0,49,225000.0,61.0,1,Hispanic or Latino,Female,35-44,100.0,Loan originated
1,105000.0,46,415000.0,35.0,1,White,Male,65-74,25.93,Loan originated
1,245000.0,40,535000.0,56.0,1,Other,Female,45-54,80.0,Loan originated
1,145000.0,<20%,505000.0,123.0,1,Asian,Female,45-54,28.0,Loan originated
1,345000.0,38,365000.0,93.0,1,Hispanic or Latino,Male,35-44,95.0,Loan originated
1,455000.0,20%-<30%,475000.0,203.0,1,White,Joint,25-34,97.0,Loan originated
1,415000.0,30%-<36%,875000.0,321.0,1,Hispanic or Latino,Joint,45-54,47.256,Loan originated
1,515000.0,36,685000.0,207.0,1,Asian,Joint,25-34,75.0,Loan originated
1,375000.0,42,545000.0,157.0,1,Hispanic or Latino,Joint,45-54,70.0,Loan originated
1,955000.0,42,1415000.0,231.0,1,White,Joint,35-44,35.18,Loan originated
1,1055000.0,48,1315000.0,287.0,1,Asian,Joint,45-54,80.0,Loan originated
1,715000.0,39,895000.0,311.0,1,Hispanic or Latino,Female,35-44,80.0,Loan originated
1,105000.0,30%-<36%,315000.0,90.0,1,White,Joint,45-54,32.69,Loan originated
1,765000.0,43,955000.0,200.0,1,Asian,Joint,25-34,80.0,Loan originated
1,765000.0,45,1505000.0,180.0,1,Asian,Male,25-34,51.093,Loan originated
1,595000.0,40,845000.0,192.0,1,White,Joint,45-54,70.0,Loan originated
1,1065000.0,48,1175000.0,279.0,1,Asian,Joint,45-54,90.0,Loan originated
1,765000.0,41,965000.0,216.0,1,Asian,Joint,35-44,80.0,Loan originated
1,715000.0,38,745000.0,171.0,1,Asian,Joint,25-34,96.5,Loan originated
1,495000.0,30%-<36%,615000.0,192.0,1,Asian,Male,55-64,80.0,Loan originated
1,1105000.0,49,1405000.0,279.0,1,Asian,Male,35-44,78.572,Loan originated
1,755000.0,40,835000.0,222.0,1,White,Joint,35-44,90.0,Loan originated
1,325000.0,<20%,325000.0,0.0,1,White,Female,55-64,97.0,Application denied
1,665000.0,46,705000.0,147.0,1,Hispanic or Latino,Male,25-34,95.0,Loan originated
1,265000.0,40,665000.0,76.0,1,Asian,Female,35-44,39.394,Loan originated
1,805000.0,30%-<36%,955000.0,431.0,1,White,Joint,25-34,84.99,Loan originated
1,1035000.0,42,1475000.0,246.0,1,Asian,Male,45-54,70.0,Loan originated
1,55000.0,<20%,65000.0,79.0,1,White,Female,<25,75.0,Application denied
1,905000.0,49,1005000.0,303.0,1,Hispanic or Latino,Joint,45-54,90.0,Loan originated
1,425000.0,36,575000.0,154.0,1,Hispanic or Latino,Joint,45-54,75.0,Loan originated
1,955000.0,30%-<36%,1275000.0,361.0,1,White,Joint,45-54,75.0,Loan originated
1,435000.0,45,625000.0,252.0,1,White,Joint,45-54,70.0,Loan originated
1,595000.0,20%-<30%,745000.0,475.0,1,White,Male,25-34,80.0,Loan originated
1,205000.0,20%-<30%,755000.0,163.0,1,White,Male,65-74,26.667,Loan originated
1,185000.0,20%-<30%,725000.0,153.0,1,White,Joint,35-44,25.794,Loan originated
1,525000.0,50%-60%,655000.0,96.0,1,Hispanic or Latino,Male,<25,80.0,Loan originated
1,565000.0,50%-60%,625000.0,137.0,1,Hispanic or Latino,Joint,25-34,95.0,Loan originated
1,485000.0,45,645000.0,127.0,1,White,Female,45-54,95.0,Loan originated
1,475000.0,49,595000.0,97.0,1,Asian,Male,<25,100.0,Loan originated
1,235000.0,37,285000.0,77.0,1,Hispanic or Latino,Female,65-74,80.0,Application denied
1,715000.0,47,895000.0,192.0,1,White,Joint,35-44,80.0,Loan originated
1,1025000.0,20%-<30%,1285000.0,880.0,1,Asian,Joint,35-44,80.0,Application denied
1,505000.0,43,745000.0,140.0,1,Hispanic or Latino,Male,35-44,68.054,Loan originated
1,985000.0,49,1425000.0,202.0,1,White,Male,55-64,69.366,Loan originated
1,765000.0,30%-<36%,905000.0,368.0,1,White,Joint,35-44,85.0,Loan originated
1,585000.0,43,695000.0,139.0,1,Asian,Male,25-34,85.0,Loan originated
1,675000.0,37,755000.0,425.0,1,White,Joint,55-64,89.182,Loan originated
1,455000.0,37,1405000.0,181.0,1,Asian,Joint,65-74,33.0,Loan originated
1,725000.0,49,975000.0,146.0,1,Asian,Joint,45-54,74.402,Loan originated
1,1145000.0,37,1605000.0,764.0,1,White,Joint,45-54,71.864,Loan originated
1,485000.0,30%-<36%,515000.0,177.0,1,White,Joint,35-44,95.0,Loan originated
1,655000.0,46,825000.0,444.0,1,Asian,Female,35-44,80.0,Loan originated
1,965000.0,39,1285000.0,256.0,1,Hispanic or Latino,Joint,45-54,75.391,Loan originated
1,585000.0,30%-<36%,655000.0,328.0,1,Asian,Joint,55-64,90.0,Loan originated
1,755000.0,20%-<30%,1255000.0,322.0,1,Asian,Joint,25-34,60.0,Loan originated
1,615000.0,44,685000.0,153.0,1,Hispanic or Latino,Male,55-64,90.0,Loan originated
1,375000.0,38,535000.0,124.0,1,Asian,Male,25-34,70.0,Loan originated
1,1005000.0,42,1255000.0,407.0,1,White,Joint,25-34,80.0,Loan originated
1,155000.0,37,365000.0,46.0,1,Asian,Male,55-64,41.096,Loan originated
1,725000.0,30%-<36%,915000.0,284.0,1,White,Female,<25,80.0,Loan originated
1,1075000.0,30%-<36%,1345000.0,419.0,1,Asian,Male,35-44,80.0,Loan originated
1,1145000.0,40,1525000.0,379.0,1,Asian,Joint,35-44,75.0,Loan originated
1,255000.0,20%-<30%,345000.0,136.0,1,White,Female,25-34,74.269,Loan originated
1,685000.0,<20%,755000.0,1619.0,1,Asian,Male,65-74,90.0,Application denied
1,355000.0,20%-<30%,515000.0,189.0,1,White,Joint,45-54,70.0,Loan originated
1,445000.0,49,535000.0,136.0,1,Hispanic or Latino,Male,35-44,103.18,Loan originated
1,635000.0,41,795000.0,149.0,1,Asian,Joint,25-34,80.0,Loan originated
1,585000.0,42,735000.0,259.0,1,Asian,Male,55-64,80.0,Loan originated
1,385000.0,42,435000.0,112.0,1,White,Joint,25-34,90.0,Loan originated
1,615000.0,45,815000.0,142.0,1,White,Joint,<25,75.0,Loan originated
1,195000.0,20%-<30%,255000.0,73.0,1,White,Male,35-44,79.96,Loan originated
1,585000.0,46,1395000.0,189.0,1,Asian,Male,45-54,41.924,Loan originated
1,525000.0,40,605000.0,218.0,1,White,Joint,45-54,87.0,Loan originated
1,1025000.0,42,1625000.0,378.0,1,White,Joint,55-64,63.077,Loan originated
1,255000.0,36,275000.0,134.0,1,White,Joint,35-44,95.0,Loan originated
1,395000.0,46,595000.0,88.0,1,White,Male,35-44,67.0,Loan originated
1,635000.0,49,795000.0,118.0,1,Asian,Male,55-64,80.0,Loan originated
1,865000.0,38,1155000.0,229.0,1,Asian,Female,55-64,75.0,Loan originated
1,525000.0,39,765000.0,159.0,1,White,Joint,35-44,70.0,Loan originated
1,515000.0,30%-<36%,535000.0,181.0,1,Hispanic or Latino,Male,45-54,95.0,Loan originated
1,295000.0,39,515000.0,85.0,1,White,Joint,25-34,56.807,Loan originated
1,375000.0,37,385000.0,149.0,1,Hispanic or Latino,Female,55-64,97.0,Loan originated
1,535000.0,38,715000.0,138.0,1,Asian,Male,35-44,75.0,Loan originated
1,105000.0,50%-60%,215000.0,73.0,1,Asian,Female,25-34,47.62,Application denied
1,465000.0,30%-<36%,495000.0,144.0,1,White,Female,55-64,95.0,Loan originated
1,515000.0,49,545000.0,127.0,1,Other,Male,25-34,98.33,Loan originated
1,165000.0,43,265000.0,53.0,1,White,Female,35-44,63.077,Loan originated
1,375000.0,39,775000.0,104.0,1,Asian,Male,35-44,48.717,Loan originated
1,255000.0,47,355000.0,62.0,1,White,Joint,55-64,70.0,Loan originated
1,785000.0,42,1055000.0,181.0,1,White,Joint,25-34,75.0,Loan originated
1,425000.0,44,445000.0,125.0,1,Asian,Female,55-64,95.0,Loan originated
1,195000.0,43,545000.0,63.0,1,Hispanic or Latino,Male,35-44,35.78,Loan originated
1,895000.0,49,1305000.0,218.0,1,Hispanic or Latino,Male,25-34,68.838,Loan originated
1,675000.0,36,755000.0,284.0,1,Asian,Male,35-44,89.99,Loan originated
1,1125000.0,41,1405000.0,312.0,1,Asian,Male,25-34,80.0,Loan originated
1,735000.0,49,815000.0,197.0,1,Asian,Male,35-44,90.0,Loan originated
1,405000.0,49,525000.0,115.0,1,White,Male,45-54,77.596,Loan originated
1,585000.0,45,605000.0,167.0,1,Hispanic or Latino,Joint,35-44,97.0,Loan originated
1,225000.0,39,625000.0,107.0,1,Hispanic or Latino,Male,65-74,36.048,Loan originated
1,475000.0,20%-<30%,595000.0,236.0,1,White,Joint,25-34,79.967,Loan originated
1,705000.0,30%-<36%,875000.0,205.0,1,White,Male,25-34,80.0,Loan originated
1,1045000.0,41,1305000.0,520.0,1,White,Joint,35-44,80.0,Loan originated
1,765000.0,43,1065000.0,180.0,1,Other,Female,55-64,72.31,Application denied
1,405000.0,48,815000.0,148.0,1,White,Joint,35-44,48.96,Loan originated
1,255000.0,<20%,475000.0,342.0,1,White,Male,45-54,55.0,Loan originated
1,305000.0,42,325000.0,79.0,1,Hispanic or Latino,Male,45-54,95.0,Loan originated
1,395000.0,46,445000.0,176.0,1,Hispanic or Latino,Male,45-54,90.0,Loan originated
1,575000.0,45,815000.0,228.0,1,White,Male,65-74,69.99,Loan originated
1,645000.0,20%-<30%,805000.0,270.0,1,White,Joint,25-34,80.0,Loan originated
1,255000.0,48,275000.0,109.0,1,Hispanic or Latino,Joint,65-74,95.0,Loan originated
1,385000.0,42,405000.0,98.0,1,Hispanic or Latino,Joint,25-34,95.0,Loan originated
1,575000.0,45,655000.0,149.0,1,White,Female,25-34,88.51,Loan originated
1,495000.0,44,515000.0,130.0,1,Hispanic or Latino,Joint,25-34,100.0,Loan originated
1,395000.0,48,465000.0,80.0,1,Hispanic or Latino,Male,35-44,85.0,Loan originated
1,725000.0,40,915000.0,203.0,1,White,Male,35-44,80.0,Loan originated
1,1085000.0,47,1275000.0,226.0,1,Hispanic or Latino,Male,45-54,85.0,Loan originated
1,345000.0,45,495000.0,107.0,1,White,Female,35-44,69.94,Loan originated
1,825000.0,30%-<36%,1105000.0,300.0,1,Asian,Male,25-34,75.0,Loan originated
1,495000.0,49,525000.0,121.0,1,Hispanic or Latino,Joint,25-34,95.0,Loan originated
1,325000.0,30%-<36%,525000.0,208.0,1,White,Male,35-44,61.905,Loan originated
1,355000.0,43,505000.0,95.0,1,Asian,Male,<25,70.0,Loan originated
1,1065000.0,41,1335000.0,438.0,1,White,Joint,45-54,80.0,Loan originated
1,175000.0,43,575000.0,67.0,1,White,Male,>74,29.825,Loan originated
1,115000.0,39,325000.0,51.0,1,Hispanic or Latino,Male,45-54,34.862,Loan originated
1,595000.0,50%-60%,635000.0,105.0,1,White,Male,35-44,93.861,Loan originated
1,1145000.0,45,1785000.0,310.0,1,White,Joint,35-44,64.551,Loan originated
1,475000.0,30%-<36%,535000.0,154.0,1,Asian,Joint,45-54,88.75,Loan originated
1,445000.0,41,535000.0,136.0,1,Hispanic or Latino,Joint,25-34,103.43,Loan originated
1,555000.0,46,695000.0,150.0,1,White,Male,25-34,80.0,Loan originated
1,395000.0,49,895000.0,110.0,1,Asian,Joint,>74,43.386,Loan originated
1,1005000.0,20%-<30%,1385000.0,413.0,1,White,Joint,35-44,72.411,Loan originated
1,1055000.0,50%-60%,1315000.0,203.0,1,Asian,Joint,35-44,80.0,Application denied
1,525000.0,48,1105000.0,145.0,1,Asian,Joint,35-44,47.19,Loan originated
1,765000.0,37,1075000.0,263.0,1,White,Joint,35-44,71.256,Loan originated
1,1145000.0,20%-<30%,1425000.0,603.0,1,White,Joint,25-34,80.0,Loan originated
1,785000.0,41,935000.0,170.0,1,Asian,Male,25-34,84.0,Loan originated
1,1015000.0,43,985000.0,262.0,1,Asian,Joint,25-34,103.046,Application denied
1,775000.0,39,1145000.0,214.0,1,White,Female,55-64,67.363,Loan originated
1,105000.0,41,405000.0,43.0,1,White,Female,55-64,25.0,Loan originated
1,555000.0,45,615000.0,175.0,1,Hispanic or Latino,Male,35-44,89.99,Loan originated
1,305000.0,49,455000.0,91.0,1,White,Male,35-44,66.667,Loan originated
1,985000.0,30%-<36%,1345000.0,285.0,1,Asian,Female,35-44,73.0,Loan originated
1,485000.0,30%-<36%,655000.0,150.0,1,Asian,Female,35-44,75.0,Loan originated
1,745000.0,>60%,825000.0,219.0,1,Hispanic or Latino,Joint,55-64,90.0,Application denied
1,575000.0,46,645000.0,156.0,1,White,Joint,25-34,90.0,Loan originated
1,1145000.0,30%-<36%,1425000.0,321.0,1,Asian,Joint,35-44,80.0,Loan originated
1,475000.0,44,655000.0,126.0,1,Asian,Joint,25-34,72.685,Loan originated
1,525000.0,45,1175000.0,150.0,1,White,Male,55-64,44.681,Loan originated
1,865000.0,39,1075000.0,225.0,1,White,Female,25-34,80.0,Loan originated
1,335000.0,49,355000.0,77.0,1,White,Female,55-64,95.0,Loan originated
1,545000.0,37,565000.0,210.0,1,White,Joint,25-34,97.0,Loan originated
1,545000.0,48,575000.0,153.0,1,White,Female,65-74,95.0,Loan originated
1,315000.0,44,335000.0,72.0,1,Hispanic or Latino,Male,25-34,95.0,Loan originated
1,575000.0,46,845000.0,202.0,1,White,Male,25-34,68.0,Loan originated
1,595000.0,44,635000.0,168.0,1,Asian,Male,55-64,92.914,Loan originated
1,625000.0,47,1025000.0,165.0,1,Asian,Male,25-34,60.784,Loan originated
1,325000.0,49,575000.0,244.0,1,Asian,Female,55-64,56.378,Loan originated
1,485000.0,49,495000.0,107.0,1,Hispanic or Latino,Male,<25,100.0,Loan originated
1,425000.0,20%-<30%,535000.0,205.0,1,Asian,Male,35-44,80.0,Loan originated
1,1005000.0,39,1265000.0,264.0,1,White,Joint,25-34,80.0,Loan originated
1,565000.0,47,715000.0,132.0,1,Hispanic or Latino,Male,45-54,80.0,Loan originated
1,355000.0,48,445000.0,70.0,1,Asian,Female,45-54,80.0,Loan originated
1,175000.0,46,195000.0,49.0,1,Other,Female,55-64,90.0,Loan originated
1,365000.0,20%-<30%,715000.0,272.0,1,Asian,Joint,65-74,51.287,Loan originated
1,495000.0,45,585000.0,118.0,1,Asian,Female,35-44,85.0,Application denied
1,635000.0,47,855000.0,174.0,1,White,Male,45-54,74.93,Loan originated
1,525000.0,46,635000.0,134.0,1,White,Joint,25-34,85.0,Loan originated
1,265000.0,41,275000.0,68.0,1,Hispanic or Latino,Female,25-34,102.556,Loan originated
1,575000.0,45,725000.0,117.0,1,White,Female,35-44,80.0,Loan originated
1,445000.0,36,945000.0,139.0,1,Asian,Male,25-34,46.81,Loan originated
1,105000.0,46,285000.0,67.0,1,Asian,Joint,55-64,35.16,Loan originated
1,335000.0,46,425000.0,112.0,1,White,Female,65-74,80.0,Loan originated
1,385000.0,47,485000.0,265.0,1,Asian,Male,<25,80.0,Loan originated
1,1005000.0,45,1405000.0,235.0,1,Asian,Male,25-34,72.0,Loan originated
1,255000.0,46,265000.0,77.0,1,Hispanic or Latino,Male,25-34,97.0,Application denied
1,545000.0,44,685000.0,139.0,1,White,Joint,<25,80.0,Loan originated
1,1065000.0,46,1325000.0,275.0,1,White,Joint,35-44,80.0,Loan originated
1,395000.0,48,505000.0,75.0,1,Asian,Joint,35-44,77.604,Loan originated
1,415000.0,30%-<36%,575000.0,275.0,1,Hispanic or Latino,Joint,25-34,72.341,Loan originated
1,705000.0,40,875000.0,164.0,1,White,Joint,35-44,80.0,Loan originated
1,305000.0,40,385000.0,84.0,1,Hispanic or Latino,Male,25-34,100.0,Loan originated
1,145000.0,30%-<36%,485000.0,81.0,1,White,Female,35-44,30.117,Loan originated
1,665000.0,30%-<36%,1215000.0,263.0,1,Hispanic or Latino,Joint,35-44,54.882,Loan originated
1,245000.0,20%-<30%,1165000.0,257.0,1,White,Joint,65-74,20.69,Loan originated
1,475000.0,42,595000.0,145.0,1,White,Male,35-44,80.0,Application denied
1,525000.0,30%-<36%,705000.0,209.0,1,White,Joint,25-34,75.0,Application denied
1,635000.0,49,1155000.0,130.0,1,Asian,Female,35-44,54.783,Loan originated
1,625000.0,37,735000.0,282.0,1,Hispanic or Latino,Male,25-34,85.0,Application denied
1,235000.0,49,335000.0,90.0,1,White,Joint,55-64,69.86,Loan originated
1,145000.0,>60%,175000.0,49.0,1,White,Female,55-64,81.82,Application denied
1,755000.0,47,805000.0,167.0,1,Hispanic or Latino,Joint,45-54,93.75,Loan originated
1,815000.0,30%-<36%,1025000.0,386.0,1,Hispanic or Latino,Joint,55-64,80.0,Loan originated
1,415000.0,41,425000.0,144.0,1,Hispanic or Latino,Joint,25-34,97.0,Loan originated
1,935000.0,45,1045000.0,238.0,1,White,Joint,35-44,90.0,Loan originated
1,625000.0,46,705000.0,163.0,1,Hispanic or Latino,Joint,<25,91.57,Loan originated
1,155000.0,43,165000.0,46.0,1,Black or African American,Female,25-34,100.4,Loan originated
1,1145000.0,48,2875000.0,291.0,1,White,Male,65-74,39.994,Loan originated
1,315000.0,43,1065000.0,102.0,1,Asian,Female,35-44,30.0,Loan originated
1,325000.0,20%-<30%,625000.0,155.0,1,Asian,Male,35-44,52.0,Loan originated
1,435000.0,46,545000.0,102.0,1,Asian,Male,35-44,80.0,Loan originated
1,855000.0,30%-<36%,945000.0,445.0,1,White,Male,35-44,90.0,Loan originated
1,355000.0,49,385000.0,66.0,1,White,Female,25-34,91.3,Loan originated
1,815000.0,42,1365000.0,225.0,1,Asian,Female,45-54,60.0,Loan originated
1,15000.0,40,485000.0,122.0,1,Hispanic or Latino,Joint,35-44,100.0,Loan originated
1,685000.0,46,725000.0,172.0,1,White,Joint,35-44,95.0,Loan originated
1,635000.0,45,1255000.0,221.0,1,White,Female,35-44,50.4,Loan originated
1,165000.0,47,565000.0,94.0,1,Hispanic or Latino,Joint,45-54,29.604,Loan originated
1,615000.0,39,685000.0,310.0,1,White,Joint,35-44,90.0,Loan originated
1,285000.0,48,355000.0,71.0,1,Asian,Joint,45-54,80.0,Application denied
1,885000.0,49,1405000.0,176.0,1,Asian,Male,35-44,62.633,Loan originated
1,405000.0,49,525000.0,78.0,1,Asian,Male,25-34,77.0,Loan originated
1,655000.0,48,855000.0,134.0,1,White,Joint,25-34,76.47,Loan originated
1,485000.0,46,655000.0,115.0,1,Asian,Female,25-34,75.0,Application denied
1,445000.0,38,885000.0,122.0,1,White,Joint,35-44,50.0,Loan originated
1,75000.0,30%-<36%,75000.0,60.0,1,White,Female,55-64,95.0,Application denied
1,355000.0,20%-<30%,735000.0,94.0,1,Asian,Female,35-44,48.22,Loan originated
1,375000.0,42,395000.0,108.0,1,Hispanic or Latino,Joint,25-34,95.0,Loan originated
1,645000.0,30%-<36%,1325000.0,254.0,1,White,Joint,55-64,48.779,Loan originated
1,555000.0,<20%,865000.0,649.0,1,White,Joint,45-54,63.243,Loan originated
1,765000.0,39,1505000.0,210.0,1,Asian,Female,25-34,51.107,Loan originated
1,665000.0,47,835000.0,346.0,1,Hispanic or Latino,Joint,25-34,80.0,Loan originated
1,565000.0,42,675000.0,146.0,1,Asian,Joint,35-44,85.0,Application denied
1,725000.0,40,1275000.0,226.0,1,White,Joint,35-44,57.0,Loan originated
1,385000.0,30%-<36%,485000.0,197.0,1,White,Female,35-44,80.0,Loan originated
1,905000.0,43,985000.0,230.0,1,Asian,Joint,25-34,92.0,Loan originated
1,705000.0,47,945000.0,157.0,1,Asian,Joint,25-34,75.319,Loan originated
1,435000.0,39,615000.0,125.0,1,White,Female,45-54,71.311,Loan originated
1,595000.0,20%-<30%,1695000.0,333.0,1,White,Joint,35-44,35.28,Loan originated
1,905000.0,40,1215000.0,216.0,1,Asian,Joint,25-34,75.0,Loan originated
1,285000.0,48,295000.0,69.0,1,Hispanic or Latino,Female,65-74,95.0,Loan originated
1,455000.0,20%-<30%,1055000.0,763.0,1,White,Joint,35-44,42.857,Loan originated
1,435000.0,47,545000.0,123.0,1,White,Female,45-54,80.0,Loan originated
1,495000.0,39,705000.0,136.0,1,Black or African American,Female,65-74,70.0,Loan originated
1,475000.0,20%-<30%,595000.0,202.0,1,White,Joint,45-54,80.0,Loan originated
1,945000.0,30%-<36%,1315000.0,334.0,1,Asian,Joint,35-44,72.0,Loan originated
1,735000.0,>60%,915000.0,109.0,1,Asian,Joint,45-54,80.0,Application denied
1,885000.0,41,1105000.0,207.0,1,White,Male,25-34,80.0,Loan originated
1,665000.0,46,825000.0,173.0,1,White,Joint,65-74,80.0,Loan originated
1,405000.0,49,735000.0,89.0,1,Asian,Male,35-44,56.096,Loan originated
1,175000.0,44,345000.0,56.0,1,Hispanic or Latino,Female,35-44,49.93,Loan originated
1,315000.0,47,395000.0,66.0,1,White,Female,35-44,80.0,Loan originated
1,605000.0,20%-<30%,755000.0,252.0,1,Other,Female,55-64,80.0,Loan originated
1,555000.0,42,585000.0,150.0,1,Hispanic or Latino,Male,35-44,95.0,Loan originated
1,495000.0,30%-<36%,555000.0,245.0,1,Hispanic or Latino,Joint,35-44,90.0,Loan originated
1,985000.0,36,1045000.0,426.0,1,Asian,Male,35-44,95.0,Loan originated
1,465000.0,49,485000.0,151.0,1,Hispanic or Latino,Joint,35-44,100.4,Loan originated
1,505000.0,45,925000.0,130.0,1,Asian,Male,25-34,54.17,Loan originated
1,755000.0,<20%,1285000.0,452.0,1,Asian,Joint,35-44,59.0,Loan originated
1,355000.0,20%-<30%,515000.0,135.0,1,White,Male,25-34,70.0,Loan originated
1,195000.0,20%-<30%,215000.0,108.0,1,Asian,Male,35-44,95.0,Application denied
1,555000.0,45,585000.0,117.0,1,Hispanic or Latino,Male,45-54,100.0,Loan originated
1,895000.0,49,945000.0,315.0,1,White,Joint,25-34,95.0,Loan originated
1,1135000.0,30%-<36%,1515000.0,349.0,1,Asian,Joint,25-34,75.0,Loan originated
1,445000.0,49,555000.0,90.0,1,Hispanic or Latino,Female,45-54,80.0,Loan originated
1,745000.0,39,825000.0,197.0,1,White,Male,25-34,90.0,Application denied
1,345000.0,47,845000.0,107.0,1,Asian,Male,45-54,40.899,Loan originated
1,335000.0,46,1755000.0,181.0,1,Black or African American,Male,45-54,19.054,Loan originated
1,545000.0,50%-60%,745000.0,102.0,1,Asian,Male,<25,73.278,Application denied
1,445000.0,20%-<30%,565000.0,151.0,1,White,Male,35-44,80.0,Loan originated
1,735000.0,45,5665000.0,350.0,1,White,Male,45-54,13.0,Loan originated
1,195000.0,>60%,565000.0,19.0,1,Asian,Joint,35-44,31.0,Application denied
1,365000.0,46,515000.0,79.0,1,Hispanic or Latino,Male,35-44,69.903,Loan originated
1,365000.0,39,405000.0,91.0,1,White,Male,45-54,90.0,Loan originated
1,1145000.0,38,1345000.0,303.0,1,Asian,Joint,25-34,85.0,Loan originated
1,305000.0,20%-<30%,1275000.0,203.0,1,Asian,Male,35-44,23.529,Loan originated
1,565000.0,44,675000.0,173.0,1,Hispanic or Latino,Joint,35-44,84.0,Loan originated
1,675000.0,44,715000.0,207.0,1,Asian,Joint,35-44,95.0,Loan originated
1,815000.0,40,1095000.0,190.0,1,Asian,Male,25-34,74.99,Loan originated
1,405000.0,45,515000.0,112.0,1,Black or African American,Joint,25-34,80.0,Loan originated
1,665000.0,50%-60%,705000.0,427.0,1,White,Male,45-54,95.0,Application denied
1,605000.0,45,675000.0,184.0,1,Black or African American,Female,55-64,90.0,Loan originated
1,525000.0,39,1705000.0,200.0,1,White,Female,45-54,30.588,Loan originated
1,615000.0,49,735000.0,131.0,1,White,Female,35-44,103.0,Loan originated
1,725000.0,49,805000.0,138.0,1,Asian,Joint,35-44,90.0,Loan originated
1,315000.0,44,425000.0,167.0,1,Hispanic or Latino,Joint,25-34,74.14,Loan originated
1,475000.0,49,945000.0,106.0,1,Asian,Male,25-34,50.0,Loan originated
1,395000.0,44,435000.0,132.0,1,Asian,Male,45-54,90.0,Loan originated
1,545000.0,43,675000.0,150.0,1,Asian,Male,25-34,80.0,Loan originated
1,365000.0,30%-<36%,615000.0,130.0,1,White,Joint,55-64,59.344,Loan originated
1,395000.0,48,495000.0,107.0,1,White,Male,25-34,80.0,Loan originated
1,505000.0,40,635000.0,187.0,1,White,Female,35-44,79.999,Loan originated
1,485000.0,44,505000.0,140.0,1,Hispanic or Latino,Male,45-54,99.97,Loan originated
1,255000.0,<20%,575000.0,200.0,1,White,Female,35-44,43.48,Loan originated
1,505000.0,43,525000.0,116.0,1,White,Female,35-44,96.923,Loan originated
1,225000.0,30%-<36%,705000.0,138.0,1,White,Joint,45-54,32.0,Loan originated
1,885000.0,47,935000.0,191.0,1,Asian,Male,25-34,94.97,Loan originated
1,615000.0,38,655000.0,192.0,1,Hispanic or Latino,Joint,35-44,96.904,Loan originated
1,425000.0,30%-<36%,825000.0,200.0,1,White,Male,45-54,51.22,Loan originated
1,595000.0,44,885000.0,247.0,1,White,Joint,35-44,67.158,Loan originated
1,455000.0,40,855000.0,212.0,1,Asian,Joint,35-44,52.94,Loan originated
1,535000.0,20%-<30%,665000.0,215.0,1,Asian,Female,25-34,80.0,Loan originated
1,1015000.0,44,1135000.0,314.0,1,Asian,Female,25-34,90.0,Loan originated
1,695000.0,46,735000.0,211.0,1,Hispanic or Latino,Joint,35-44,95.0,Loan originated
1,605000.0,30%-<36%,765000.0,182.0,1,Hispanic or Latino,Male,45-54,80.0,Loan originated
1,175000.0,20%-<30%,225000.0,189.0,1,Hispanic or Latino,Male,25-34,80.0,Loan originated
1,525000.0,49,655000.0,112.0,1,Asian,Joint,25-34,100.0,Loan originated
1,285000.0,41,295000.0,86.0,1,Hispanic or Latino,Joint,25-34,97.0,Loan originated
1,175000.0,44,255000.0,48.0,1,Hispanic or Latino,Male,55-64,70.0,Loan originated
1,195000.0,50%-60%,215000.0,76.0,1,White,Female,25-34,93.0,Application denied
1,765000.0,48,1875000.0,418.0,1,Asian,Male,45-54,40.992,Loan originated
1,315000.0,48,345000.0,68.0,1,Hispanic or Latino,Female,55-64,90.0,Loan originated
1,455000.0,47,505000.0,105.0,1,Hispanic or Latino,Male,35-44,90.0,Loan originated
1,875000.0,30%-<36%,1615000.0,311.0,1,Asian,Joint,35-44,53.945,Loan originated
1,925000.0,41,1925000.0,253.0,1,Hispanic or Latino,Joint,45-54,48.052,Loan originated
1,375000.0,20%-<30%,1415000.0,260.0,1,White,Joint,45-54,26.15,Loan originated
1,295000.0,50%-60%,365000.0,72.0,1,White,Male,35-44,80.0,Application denied
1,825000.0,42,1125000.0,173.0,1,Hispanic or Latino,Male,45-54,74.0,Loan originated
1,115000.0,42,175000.0,50.0,1,Hispanic or Latino,Male,45-54,67.647,Loan originated
1,645000.0,42,675000.0,184.0,1,Asian,Male,25-34,95.0,Loan originated
1,495000.0,47,525000.0,137.0,1,White,Male,25-34,95.0,Loan originated
1,765000.0,30%-<36%,1205000.0,251.0,1,Asian,Joint,45-54,63.879,Loan originated
1,455000.0,48,505000.0,97.0,1,Hispanic or Latino,Male,55-64,89.683,Loan originated
1,765000.0,20%-<30%,1085000.0,575.0,1,Hispanic or Latino,Male,45-54,70.49,Loan originated
1,715000.0,41,895000.0,315.0,1,Asian,Female,45-54,80.0,Loan originated
1,525000.0,44,625000.0,132.0,1,Asian,Male,35-44,83.92,Loan originated
1,545000.0,30%-<36%,575000.0,310.0,1,Asian,Female,35-44,95.0,Loan originated
1,365000.0,41,375000.0,124.0,1,White,Female,45-54,97.0,Loan originated
1,745000.0,43,1155000.0,158.0,1,White,Male,25-34,65.0,Loan originated
1,1065000.0,41,1335000.0,330.0,1,White,Male,35-44,80.0,Loan originated
1,745000.0,46,835000.0,168.0,1,White,Joint,45-54,90.0,Loan originated
1,285000.0,44,375000.0,68.0,1,White,Male,35-44,76.2,Loan originated
1,645000.0,47,955000.0,159.0,1,White,Joint,55-64,67.218,Loan originated
1,555000.0,20%-<30%,1655000.0,250.0,1,White,Joint,35-44,33.333,Loan originated
1,315000.0,44,395000.0,133.0,1,White,Male,>74,80.0,Loan originated
1,725000.0,30%-<36%,915000.0,253.0,1,Asian,Joint,45-54,80.0,Loan originated
1,425000.0,<20%,535000.0,257.0,1,Asian,Male,45-54,80.0,Loan originated
1,415000.0,49,515000.0,80.0,1,Asian,Male,35-44,80.0,Loan originated
1,565000.0,<20%,745000.0,382.0,1,White,Female,35-44,75.0,Loan originated
1,925000.0,30%-<36%,1155000.0,323.0,1,Asian,Joint,25-34,80.0,Loan originated
1,1005000.0,43,1575000.0,258.0,1,Asian,Male,35-44,63.48,Loan originated
1,955000.0,49,1025000.0,209.0,1,White,Male,35-44,93.137,Loan originated
1,435000.0,30%-<36%,545000.0,319.0,1,White,Joint,45-54,80.0,Loan originated
1,575000.0,48,715000.0,199.0,1,Asian,Joint,45-54,80.0,Loan originated
1,365000.0,44,485000.0,88.0,1,Hispanic or Latino,Female,25-34,89.085,Loan originated
1,635000.0,45,755000.0,273.0,1,White,Joint,25-34,85.0,Loan originated
1,85000.0,20%-<30%,605000.0,90.0,1,White,Female,55-64,13.333,Loan originated
1,405000.0,41,705000.0,126.0,1,Hispanic or Latino,Joint,45-54,57.143,Loan originated
1,705000.0,43,875000.0,215.0,1,Black or African American,Joint,35-44,80.0,Loan originated
1,75000.0,41,1095000.0,55.0,1,White,Male,45-54,6.557,Loan originated
1,715000.0,20%-<30%,755000.0,581.0,1,Asian,Joint,45-54,95.0,Loan originated
1,405000.0,47,475000.0,95.0,1,Asian,Joint,55-64,85.0,Loan originated
1,405000.0,39,555000.0,113.0,1,Hispanic or Latino,Joint,25-34,99.162,Application denied
1,425000.0,20%-<30%,455000.0,145.0,1,Hispanic or Latino,Male,25-34,95.0,Loan originated
1,745000.0,<20%,935000.0,477.0,1,Hispanic or Latino,Joint,35-44,80.0,Loan originated
1,765000.0,<20%,1085000.0,474.0,1,White,Female,55-64,70.08,Loan originated
1,625000.0,46,785000.0,145.0,1,Asian,Joint,45-54,80.0,Loan originated
1,285000.0,47,515000.0,61.0,1,Hispanic or Latino,Male,35-44,80.0,Loan originated
1,745000.0,39,835000.0,187.0,1,Hispanic or Latino,Joint,35-44,90.0,Loan originated
1,615000.0,48,665000.0,129.0,1,Asian,Joint,35-44,92.488,Application denied
1,505000.0,49,625000.0,111.0,1,Asian,Male,45-54,80.0,Loan originated
1,1005000.0,30%-<36%,1165000.0,346.0,1,White,Joint,35-44,87.0,Loan originated
1,965000.0,38,1205000.0,384.0,1,Hispanic or Latino,Male,55-64,80.0,Loan originated
1,645000.0,30%-<36%,765000.0,185.0,1,White,Joint,25-34,85.0,Loan originated
1,765000.0,46,2655000.0,220.0,1,White,Male,35-44,28.943,Loan originated
1,195000.0,44,245000.0,91.0,1,Hispanic or Latino,Male,55-64,80.0,Application denied
1,805000.0,41,1005000.0,256.0,1,Asian,Female,45-54,80.0,Loan originated
1,865000.0,43,1085000.0,521.0,1,Asian,Joint,35-44,80.0,Loan originated
1,535000.0,37,575000.0,135.0,1,White,Joint,25-34,93.0,Loan originated
1,955000.0,30%-<36%,1125000.0,282.0,1,Asian,Joint,35-44,85.0,Loan originated
1,705000.0,47,955000.0,148.0,1,Asian,Joint,35-44,74.0,Loan originated
1,655000.0,37,815000.0,219.0,1,White,Male,35-44,80.0,Loan originated
1,115000.0,42,165000.0,32.0,1,White,Male,65-74,70.501,Loan originated
1,515000.0,>60%,655000.0,44.0,1,White,Female,45-54,78.5,Application denied
1,475000.0,44,505000.0,115.0,1,White,Male,65-74,95.0,Loan originated
1,455000.0,48,475000.0,95.0,1,White,Joint,25-34,97.0,Loan originated
1,475000.0,47,495000.0,101.0,1,White,Joint,25-34,99.415,Loan originated
1,365000.0,49,405000.0,67.0,1,White,Male,35-44,90.0,Loan originated
1,765000.0,48,1115000.0,158.0,1,Asian,Male,25-34,69.0,Loan originated
1,315000.0,47,455000.0,89.0,1,Hispanic or Latino,Joint,35-44,70.0,Loan originated
1,525000.0,41,555000.0,147.0,1,Hispanic or Latino,Joint,25-34,95.0,Loan originated
1,1115000.0,47,1165000.0,274.0,1,White,Joint,35-44,95.0,Loan originated
1,1145000.0,49,1535000.0,236.0,1,Asian,Male,35-44,74.51,Loan originated
1,755000.0,46,1105000.0,154.0,1,Asian,Female,55-64,68.0,Loan originated
1,1095000.0,42,1595000.0,273.0,1,White,Male,35-44,68.711,Loan originated
1,165000.0,30%-<36%,175000.0,126.0,1,White,Female,45-54,90.0,Loan originated
1,585000.0,20%-<30%,665000.0,346.0,1,White,Male,55-64,88.636,Loan originated
1,315000.0,20%-<30%,665000.0,119.0,1,Hispanic or Latino,Joint,35-44,47.37,Loan originated
1,355000.0,38,385000.0,95.0,1,White,Female,25-34,100.0,Loan originated
1,1145000.0,43,1995000.0,242.0,1,Asian,Joint,45-54,57.479,Loan originated
1,715000.0,40,745000.0,204.0,1,Hispanic or Latino,Joint,35-44,95.0,Loan originated
1,465000.0,49,485000.0,87.0,1,Hispanic or Latino,Female,45-54,95.876,Loan originated
1,595000.0,46,745000.0,164.0,1,Hispanic or Latino,Joint,35-44,80.0,Loan originated
1,705000.0,20%-<30%,1405000.0,316.0,1,Asian,Joint,25-34,50.0,Loan originated
1,985000.0,46,1235000.0,258.0,1,Asian,Joint,45-54,80.0,Loan originated
1,255000.0,>60%,505000.0,95.0,1,Hispanic or Latino,Female,45-54,50.0,Application denied
1,465000.0,<20%,1465000.0,349.0,1,White,Male,55-64,31.507,Loan originated
1,175000.0,36,235000.0,71.0,1,Hispanic or Latino,Female,55-64,74.69,Loan originated
1,225000.0,20%-<30%,545000.0,136.0,1,White,Joint,55-64,40.367,Loan originated
1,615000.0,<20%,685000.0,420.0,1,White,Female,35-44,89.99,Loan originated
1,485000.0,49,605000.0,94.0,1,White,Joint,45-54,80.0,Loan originated
1,425000.0,49,605000.0,115.0,1,Hispanic or Latino,Joint,45-54,70.0,Loan originated
1,815000.0,49,1105000.0,195.0,1,Black or African American,Male,45-54,74.0,Loan originated
1,385000.0,45,405000.0,118.0,1,White,Male,25-34,97.0,Loan originated
1,345000.0,>60%,705000.0,73.0,1,Asian,Female,>74,48.241,Application denied
1,435000.0,20%-<30%,515000.0,445.0,1,Hispanic or Latino,Joint,35-44,85.0,Application denied
1,405000.0,41,505000.0,89.0,1,Asian,Male,35-44,80.0,Loan originated
1,55000.0,42,315000.0,23.0,1,White,Male,<25,102.487,Loan originated
1,305000.0,20%-<30%,505000.0,105.0,1,Asian,Male,25-34,60.0,Loan originated
1,265000.0,43,315000.0,217.0,1,Hispanic or Latino,Male,<25,85.0,Loan originated
1,585000.0,30%-<36%,735000.0,178.0,1,White,Joint,65-74,80.0,Loan originated
1,505000.0,20%-<30%,635000.0,288.0,1,White,Joint,35-44,80.0,Loan originated
1,485000.0,41,615000.0,157.0,1,Asian,Female,35-44,80.0,Loan originated
1,645000.0,20%-<30%,1825000.0,276.0,1,Asian,Male,35-44,35.44,Loan originated
1,405000.0,30%-<36%,955000.0,177.0,1,White,Joint,55-64,42.083,Loan originated
1,545000.0,45,685000.0,113.0,1,Asian,Female,35-44,86.26,Loan originated
1,755000.0,30%-<36%,1255000.0,267.0,1,White,Joint,55-64,60.0,Loan originated
1,735000.0,30%-<36%,815000.0,281.0,1,Asian,Male,45-54,90.0,Loan originated
1,415000.0,20%-<30%,1375000.0,218.0,1,Hispanic or Latino,Female,25-34,30.305,Loan originated
1,455000.0,37,1125000.0,277.0,1,Hispanic or Latino,Joint,35-44,40.0,Loan originated
1,745000.0,38,875000.0,173.0,1,White,Joint,55-64,85.0,Loan originated
1,635000.0,49,855000.0,199.0,1,Hispanic or Latino,Joint,25-34,75.0,Loan originated
1,695000.0,30%-<36%,715000.0,195.0,1,Hispanic or Latino,Joint,25-34,97.0,Loan originated
1,605000.0,30%-<36%,765000.0,231.0,1,White,Joint,35-44,80.0,Loan originated
1,535000.0,38,545000.0,234.0,1,White,Male,25-34,97.0,Loan originated
1,185000.0,30%-<36%,2535000.0,471.0,1,White,Male,45-54,89.98,Loan originated
1,1025000.0,47,1205000.0,326.0,1,White,Joint,25-34,85.0,Loan originated
1,875000.0,38,1025000.0,407.0,1,White,Joint,35-44,85.323,Loan originated
1,365000.0,49,455000.0,139.0,1,Black or African American,Male,>74,80.0,Loan originated
1,695000.0,40,775000.0,203.0,1,Asian,Joint,25-34,90.0,Loan originated
1,685000.0,49,725000.0,222.0,1,Hispanic or Latino,Male,35-44,95.0,Loan originated
1,985000.0,20%-<30%,1285000.0,473.0,1,White,Male,25-34,76.863,Loan originated
1,675000.0,49,1275000.0,194.0,1,Hispanic or Latino,Male,55-64,52.941,Loan originated
1,695000.0,44,795000.0,143.0,1,Asian,Joint,45-54,87.443,Loan originated
1,695000.0,49,875000.0,128.0,1,Asian,Joint,55-64,80.0,Loan originated
1,495000.0,48,825000.0,111.0,1,White,Female,25-34,60.0,Loan originated
1,355000.0,50%-60%,755000.0,100.0,1,Asian,Joint,35-44,20.0,Application denied
1,475000.0,42,595000.0,107.0,1,Hispanic or Latino,Joint,25-34,80.0,Loan originated
1,475000.0,46,505000.0,130.0,1,White,Male,55-64,95.0,Loan originated
1,455000.0,30%-<36%,565000.0,132.0,1,White,Female,25-34,80.0,Loan originated
1,755000.0,41,945000.0,158.0,1,Asian,Male,45-54,80.0,Loan originated
1,435000.0,41,825000.0,114.0,1,Hispanic or Latino,Female,35-44,52.889,Loan originated
1,245000.0,44,445000.0,132.0,1,Asian,Joint,35-44,55.056,Loan originated
1,675000.0,49,995000.0,140.0,1,White,Male,25-34,67.337,Loan originated
1,425000.0,30%-<36%,525000.0,343.0,1,White,Joint,65-74,80.0,Loan originated
1,675000.0,>60%,755000.0,140.0,1,White,Male,35-44,90.0,Application denied
1,435000.0,30%-<36%,445000.0,124.0,1,White,Joint,25-34,97.0,Loan originated
1,585000.0,49,645000.0,128.0,1,White,Female,55-64,90.0,Loan originated
1,585000.0,44,725000.0,375.0,1,Hispanic or Latino,Joint,>74,80.0,Loan originated
1,405000.0,39,575000.0,134.0,1,Hispanic or Latino,Joint,45-54,69.69,Loan originated
1,295000.0,39,595000.0,96.0,1,Asian,Female,25-34,49.772,Loan originated
1,825000.0,38,925000.0,250.0,1,White,Joint,25-34,90.0,Loan originated
1,765000.0,30%-<36%,855000.0,538.0,1,White,Joint,35-44,90.0,Loan originated
1,675000.0,45,715000.0,185.0,1,Hispanic or Latino,Male,35-44,95.0,Loan originated
1,655000.0,36,695000.0,356.0,1,White,Male,35-44,94.277,Loan originated
1,265000.0,45,275000.0,67.0,1,Hispanic or Latino,Female,45-54,100.0,Loan originated
1,295000.0,45,315000.0,87.0,1,Hispanic or Latino,Male,35-44,98.0,Loan originated
1,175000.0,39,185000.0,46.0,1,White,Female,<25,98.0,Loan originated
1,595000.0,49,625000.0,180.0,1,Hispanic or Latino,Male,35-44,95.0,Loan originated
1,755000.0,30%-<36%,945000.0,223.0,1,Asian,Female,55-64,80.0,Loan originated
1,615000.0,43,655000.0,214.0,1,Black or African American,Female,55-64,99.75,Loan originated
1,1005000.0,45,1605000.0,269.0,1,Hispanic or Latino,Male,45-54,63.0,Application denied
1,955000.0,38,1325000.0,265.0,1,Asian,Male,35-44,71.698,Loan originated
1,655000.0,30%-<36%,875000.0,203.0,1,White,Joint,25-34,75.0,Loan originated
1,775000.0,39,865000.0,253.0,1,Asian,Joint,45-54,90.0,Loan originated
1,555000.0,41,575000.0,152.0,1,Black or African American,Female,25-34,98.73,Loan originated
1,385000.0,30%-<36%,765000.0,135.0,1,White,Male,>74,50.0,Loan originated
1,155000.0,<20%,1045000.0,287.0,1,Asian,Joint,35-44,14.302,Loan originated
1,795000.0,37,995000.0,348.0,1,White,Joint,55-64,80.0,Loan originated
1,545000.0,20%-<30%,675000.0,181.0,1,White,Joint,25-34,80.0,Loan originated
1,665000.0,20%-<30%,865000.0,419.0,1,Asian,Female,25-34,76.74,Loan originated
1,135000.0,30%-<36%,425000.0,60.0,1,White,Joint,35-44,30.588,Loan originated
1,355000.0,20%-<30%,445000.0,145.0,1,White,Female,65-74,80.0,Loan originated
1,405000.0,<20%,1355000.0,345.0,1,White,Male,45-54,29.63,Loan originated
1,615000.0,41,645000.0,285.0,1,White,Joint,25-34,94.999,Loan originated
1,675000.0,48,905000.0,194.0,1,Asian,Male,45-54,75.0,Loan originated
1,495000.0,20%-<30%,705000.0,225.0,1,White,Joint,35-44,70.0,Loan originated
1,415000.0,30%-<36%,515000.0,155.0,1,Hispanic or Latino,Joint,25-34,82.21,Loan originated
1,535000.0,49,685000.0,122.0,1,White,Joint,35-44,78.0,Loan originated
1,645000.0,45,895000.0,136.0,1,Black or African American,Male,<25,72.07,Loan originated
1,1055000.0,46,1405000.0,401.0,1,Asian,Female,45-54,75.0,Loan originated
1,375000.0,30%-<36%,395000.0,124.0,1,Hispanic or Latino,Joint,25-34,97.0,Loan originated
1,255000.0,46,265000.0,58.0,1,Hispanic or Latino,Female,45-54,95.0,Loan originated
1,855000.0,20%-<30%,1695000.0,427.0,1,Asian,Joint,35-44,50.296,Loan originated
1,785000.0,43,985000.0,332.0,1,Asian,Male,35-44,80.0,Loan originated
1,525000.0,46,655000.0,145.0,1,White,Joint,25-34,80.0,Loan originated
1,585000.0,45,615000.0,134.0,1,Asian,Female,35-44,96.55,Loan originated
1,635000.0,45,665000.0,180.0,1,Asian,Joint,35-44,95.0,Loan originated
1,845000.0,30%-<36%,1055000.0,444.0,1,Hispanic or Latino,Male,25-34,80.0,Loan originated
1,505000.0,44,565000.0,179.0,1,White,Male,35-44,90.0,Loan originated
1,405000.0,49,515000.0,102.0,1,Hispanic or Latino,Male,55-64,100.0,Loan originated
1,575000.0,39,825000.0,128.0,1,Asian,Female,25-34,69.697,Loan originated
1,705000.0,20%-<30%,875000.0,783.0,1,White,Male,55-64,80.0,Loan originated
1,545000.0,46,565000.0,134.0,1,Hispanic or Latino,Joint,35-44,97.0,Loan originated
1,1105000.0,30%-<36%,1385000.0,342.0,1,Asian,Joint,25-34,79.99,Loan originated
1,885000.0,44,1115000.0,515.0,1,White,Joint,35-44,80.0,Loan originated
1,685000.0,44,855000.0,185.0,1,Asian,Female,25-34,80.0,Loan originated
1,855000.0,36,1445000.0,339.0,1,White,Joint,35-44,58.722,Loan originated
1,675000.0,30%-<36%,715000.0,238.0,1,Asian,Joint,25-34,95.0,Loan originated
1,295000.0,46,305000.0,67.0,1,White,Female,35-44,95.0,Loan originated
1,705000.0,30%-<36%,945000.0,240.0,1,White,Male,35-44,74.99,Loan originated
1,345000.0,38,355000.0,90.0,1,Hispanic or Latino,Male,<25,97.0,Loan originated
1,355000.0,30%-<36%,825000.0,123.0,1,White,Joint,35-44,42.683,Loan originated
1,495000.0,<20%,625000.0,1398.0,1,White,Male,65-74,80.0,Loan originated
1,375000.0,49,535000.0,76.0,1,Hispanic or Latino,Joint,<25,69.159,Loan originated
1,585000.0,48,855000.0,175.0,1,Asian,Male,35-44,68.236,Loan originated
1,635000.0,46,1015000.0,235.0,1,White,Joint,35-44,62.069,Loan originated
1,855000.0,48,955000.0,231.0,1,Hispanic or Latino,Male,45-54,90.0,Loan originated
1,765000.0,46,1095000.0,174.0,1,White,Joint,35-44,70.0,Loan originated
1,715000.0,46,805000.0,172.0,1,White,Joint,25-34,89.0,Loan originated
1,745000.0,30%-<36%,925000.0,258.0,1,White,Male,35-44,80.0,Loan originated
1,565000.0,49,815000.0,102.0,1,Asian,Male,35-44,69.512,Loan originated
1,535000.0,46,665000.0,220.0,1,White,Female,55-64,79.996,Loan originated
1,415000.0,38,445000.0,135.0,1,Hispanic or Latino,Joint,25-34,95.0,Loan originated
1,755000.0,49,945000.0,233.0,1,Asian,Female,35-44,80.0,Loan originated
1,345000.0,42,535000.0,83.0,1,White,Female,55-64,63.08,Loan originated
1,445000.0,43,525000.0,105.0,1,White,Female,45-54,85.0,Loan originated
1,305000.0,30%-<36%,385000.0,97.0,1,White,Male,45-54,80.0,Loan originated
1,705000.0,20%-<30%,825000.0,243.0,1,Asian,Joint,35-44,85.0,Loan originated
1,415000.0,49,605000.0,122.0,1,Hispanic or Latino,Female,35-44,97.0,Loan originated
1,535000.0,48,675000.0,249.0,1,White,Joint,35-44,80.0,Loan originated
1,395000.0,37,495000.0,119.0,1,White,Female,25-34,80.0,Loan originated
1,105000.0,41,295000.0,37.0,1,Hispanic or Latino,Female,25-34,36.61,Loan originated
1,545000.0,48,845000.0,113.0,1,White,Female,35-44,64.286,Loan originated
1,475000.0,20%-<30%,595000.0,165.0,1,Asian,Joint,35-44,80.0,Loan originated
1,345000.0,46,365000.0,75.0,1,Hispanic or Latino,Male,35-44,95.0,Loan originated
1,1035000.0,30%-<36%,1155000.0,781.0,1,White,Joint,45-54,90.0,Loan originated
1,665000.0,46,735000.0,195.0,1,Asian,Male,35-44,90.0,Loan originated
1,395000.0,49,445000.0,79.0,1,Asian,Male,45-54,90.0,Loan originated
1,685000.0,49,855000.0,160.0,1,Asian,Joint,25-34,80.0,Application denied
1,385000.0,44,435000.0,123.0,1,Asian,Female,35-44,90.0,Application denied
1,665000.0,20%-<30%,825000.0,248.0,1,Asian,Joint,25-34,80.0,Loan originated
1,625000.0,45,695000.0,171.0,1,White,Female,45-54,90.0,Loan originated
1,495000.0,40,535000.0,132.0,1,Hispanic or Latino,Female,35-44,92.453,Application denied
1,235000.0,44,475000.0,76.0,1,Hispanic or Latino,Male,25-34,50.0,Loan originated
1,405000.0,30%-<36%,425000.0,220.0,1,Hispanic or Latino,Female,25-34,95.0,Loan originated
1,525000.0,37,1925000.0,226.0,1,White,Female,55-64,27.013,Loan originated
1,965000.0,39,1375000.0,267.0,1,Asian,Joint,35-44,70.0,Loan originated
1,935000.0,44,1255000.0,225.0,1,Asian,Male,25-34,75.0,Loan originated
1,355000.0,47,745000.0,83.0,1,Asian,Joint,55-64,46.79,Loan originated
1,625000.0,39,825000.0,174.0,1,White,Joint,45-54,75.0,Loan originated
1,425000.0,30%-<36%,745000.0,155.0,1,Hispanic or Latino,Joint,45-54,56.376,Loan originated
1,525000.0,20%-<30%,655000.0,280.0,1,White,Male,35-44,80.0,Application denied
1,765000.0,36,895000.0,287.0,1,White,Joint,65-74,86.129,Loan originated
1,445000.0,44,555000.0,121.0,1,White,Male,25-34,80.0,Loan originated
1,645000.0,45,675000.0,177.0,1,Asian,Male,35-44,94.999,Loan originated
1,1115000.0,30%-<36%,1855000.0,1180.0,1,White,Female,45-54,60.0,Loan originated
1,685000.0,38,855000.0,307.0,1,White,Male,25-34,80.0,Loan originated
1,465000.0,46,525000.0,102.0,1,Asian,Joint,25-34,89.9,Loan originated
1,145000.0,<20%,175000.0,232.0,1,White,Male,65-74,85.0,Loan originated
1,655000.0,39,815000.0,221.0,1,White,Male,25-34,80.0,Loan originated
1,1005000.0,30%-<36%,1255000.0,306.0,1,White,Joint,25-34,80.0,Loan originated
1,375000.0,20%-<30%,425000.0,175.0,1,Hispanic or Latino,Joint,35-44,90.0,Loan originated
1,485000.0,49,545000.0,119.0,1,Hispanic or Latino,Male,45-54,90.0,Loan originated
1,995000.0,30%-<36%,1405000.0,416.0,1,Asian,Joint,25-34,71.429,Loan originated
1,515000.0,36,575000.0,232.0,1,White,Male,>74,90.0,Loan originated
1,755000.0,49,795000.0,207.0,1,Hispanic or Latino,Joint,25-34,95.0,Loan originated
1,925000.0,43,985000.0,325.0,1,Asian,Joint,35-44,93.878,Loan originated
1,255000.0,20%-<30%,325000.0,124.0,1,White,Male,25-34,80.0,Loan originated
1,525000.0,44,695000.0,198.0,1,Asian,Male,45-54,74.88,Loan originated
1,685000.0,45,715000.0,196.0,1,Hispanic or Latino,Joint,45-54,95.0,Loan originated
1,355000.0,49,445000.0,80.0,1,Hispanic or Latino,Female,25-34,100.0,Loan originated
1,695000.0,20%-<30%,925000.0,290.0,1,White,Male,45-54,75.0,Loan originated
1,505000.0,30%-<36%,2335000.0,199.0,1,Asian,Female,25-34,21.386,Loan originated
1,905000.0,49,1135000.0,184.0,1,White,Joint,35-44,80.0,Loan originated
1,455000.0,41,515000.0,250.0,1,Black or African American,Male,25-34,90.0,Loan originated
1,1135000.0,41,1675000.0,260.0,1,Asian,Male,45-54,67.665,Loan originated
1,695000.0,42,815000.0,180.0,1,Hispanic or Latino,Male,25-34,85.0,Loan originated
1,925000.0,43,1025000.0,245.0,1,Hispanic or Latino,Male,35-44,90.0,Loan originated
1,265000.0,45,415000.0,68.0,1,White,Joint,55-64,65.0,Loan originated
1,1005000.0,49,1405000.0,207.0,1,Asian,Male,45-54,71.429,Loan originated
1,775000.0,36,865000.0,267.0,1,Asian,Joint,25-34,89.98,Loan originated
1,185000.0,30%-<36%,195000.0,75.0,1,Hispanic or Latino,Male,45-54,94.87,Loan originated
1,225000.0,37,855000.0,126.0,1,Hispanic or Latino,Male,25-34,25.882,Loan originated
1,765000.0,48,1265000.0,163.0,1,Asian,Male,35-44,60.785,Loan originated
1,595000.0,40,665000.0,145.0,1,Other,Male,35-44,89.99,Loan originated
1,725000.0,45,915000.0,185.0,1,Asian,Male,45-54,80.0,Loan originated
1,655000.0,48,705000.0,191.0,1,Hispanic or Latino,Joint,25-34,93.0,Loan originated
1,725000.0,50%-60%,805000.0,185.0,1,White,Female,45-54,90.0,Application denied
1,155000.0,20%-<30%,195000.0,268.0,1,White,Joint,45-54,80.0,Loan originated
1,825000.0,<20%,1025000.0,0.0,1,White,Male,65-74,80.0,Application denied
1,495000.0,49,615000.0,130.0,1,Hispanic or Latino,Joint,25-34,80.0,Loan originated
1,745000.0,39,935000.0,333.0,1,Asian,Joint,35-44,80.0,Loan originated
1,305000.0,49,335000.0,60.0,1,Black or African American,Female,55-64,90.0,Loan originated
1,475000.0,48,505000.0,99.0,1,Hispanic or Latino,Male,35-44,95.0,Loan originated
1,485000.0,40,695000.0,140.0,1,White,Male,25-34,70.0,Loan originated
1,795000.0,49,1075000.0,176.0,1,White,Joint,45-54,74.0,Loan originated
1,1125000.0,20%-<30%,1505000.0,547.0,1,White,Joint,55-64,75.0,Loan originated
1,285000.0,49,345000.0,56.0,1,Hispanic or Latino,Female,55-64,85.0,Loan originated
1,495000.0,30%-<36%,645000.0,293.0,1,White,Joint,25-34,77.493,Loan originated
1,505000.0,42,845000.0,137.0,1,Asian,Female,25-34,59.0,Loan originated
1,535000.0,47,565000.0,186.0,1,Hispanic or Latino,Joint,25-34,95.0,Loan originated
1,655000.0,45,765000.0,135.0,1,Asian,Male,25-34,85.0,Loan originated
1,425000.0,47,445000.0,91.0,1,White,Female,45-54,95.0,Loan originated
1,465000.0,48,715000.0,181.0,1,White,Male,25-34,65.263,Application denied
1,485000.0,45,845000.0,212.0,1,Asian,Male,25-34,57.738,Loan originated
1,395000.0,46,655000.0,149.0,1,White,Female,55-64,60.145,Loan originated
1,445000.0,39,555000.0,125.0,1,Asian,Joint,35-44,100.0,Loan originated
1,1015000.0,<20%,1455000.0,700.0,1,White,Joint,25-34,70.0,Loan originated
1,475000.0,43,495000.0,115.0,1,White,Female,45-54,100.0,Loan originated
1,345000.0,20%-<30%,425000.0,140.0,1,White,Female,25-34,80.0,Loan originated
1,575000.0,49,725000.0,131.0,1,Hispanic or Latino,Male,55-64,80.0,Loan originated
1,595000.0,47,615000.0,135.0,1,Hispanic or Latino,Male,25-34,97.0,Loan originated
1,285000.0,39,725000.0,103.0,1,Asian,Male,35-44,98.001,Loan originated
1,285000.0,20%-<30%,355000.0,178.0,1,Hispanic or Latino,Male,45-54,80.0,Loan originated
1,345000.0,20%-<30%,425000.0,159.0,1,Hispanic or Latino,Female,55-64,80.0,Loan originated
1,815000.0,44,915000.0,256.0,1,White,Joint,35-44,90.0,Loan originated
1,975000.0,37,1215000.0,260.0,1,Asian,Female,25-34,79.8,Loan originated
1,755000.0,46,1505000.0,211.0,1,White,Joint,65-74,50.0,Loan originated
1,735000.0,30%-<36%,765000.0,347.0,1,Asian,Joint,55-64,97.0,Loan originated
1,515000.0,39,925000.0,174.0,1,Asian,Male,55-64,55.328,Loan originated
1,445000.0,30%-<36%,465000.0,191.0,1,White,Female,35-44,98.94,Loan originated
1,695000.0,49,725000.0,140.0,1,Hispanic or Latino,Male,35-44,96.0,Loan originated
1,205000.0,49,555000.0,65.0,1,Hispanic or Latino,Female,45-54,35.842,Loan originated
1,655000.0,39,765000.0,181.0,1,White,Joint,35-44,85.0,Loan originated
1,765000.0,20%-<30%,985000.0,353.0,1,Asian,Joint,45-54,78.0,Loan originated
1,835000.0,49,1045000.0,216.0,1,White,Male,25-34,80.0,Loan originated
1,715000.0,44,955000.0,180.0,1,Asian,Male,35-44,75.0,Loan originated
1,295000.0,30%-<36%,495000.0,114.0,1,White,Female,>74,60.0,Loan originated
1,545000.0,47,605000.0,130.0,1,Asian,Joint,25-34,89.9,Loan originated
1,945000.0,48,995000.0,209.0,1,White,Joint,35-44,95.0,Loan originated
1,675000.0,30%-<36%,1195000.0,238.0,1,Asian,Male,45-54,56.706,Loan originated
1,725000.0,42,1225000.0,316.0,1,Black or African American,Joint,55-64,59.163,Loan originated
1,545000.0,43,1515000.0,156.0,1,White,Male,35-44,36.093,Loan originated
1,605000.0,30%-<36%,1655000.0,297.0,1,Asian,Female,55-64,36.364,Loan originated
1,355000.0,40,445000.0,88.0,1,White,Joint,>74,80.0,Loan originated
1,855000.0,44,2355000.0,229.0,1,White,Joint,55-64,36.17,Loan originated
1,175000.0,20%-<30%,875000.0,135.0,1,White,Male,35-44,20.0,Loan originated
1,375000.0,49,495000.0,91.0,1,White,Joint,35-44,75.0,Loan originated
1,185000.0,42,195000.0,162.0,1,Hispanic or Latino,Joint,35-44,95.0,Loan originated
1,665000.0,49,825000.0,159.0,1,White,Joint,25-34,80.0,Loan originated
1,445000.0,>60%,525000.0,59.0,1,White,Joint,65-74,84.76,Application denied
1,765000.0,36,875000.0,210.0,1,Hispanic or Latino,Joint,45-54,88.0,Loan originated
1,415000.0,40,445000.0,113.0,1,Hispanic or Latino,Joint,25-34,95.0,Loan originated
1,145000.0,20%-<30%,155000.0,88.0,1,Hispanic or Latino,Male,55-64,95.0,Application denied
1,715000.0,30%-<36%,895000.0,206.0,1,Asian,Female,35-44,79.86,Loan originated
1,265000.0,38,325000.0,177.0,1,White,Male,45-54,80.0,Loan originated
1,705000.0,48,835000.0,180.0,1,Other,Male,35-44,85.0,Loan originated
1,725000.0,47,745000.0,175.0,1,Hispanic or Latino,Joint,45-54,100.0,Loan originated
1,235000.0,20%-<30%,435000.0,168.0,1,Hispanic or Latino,Joint,25-34,54.023,Loan originated
1,165000.0,46,545000.0,60.0,1,White,Joint,65-74,30.0,Loan originated
1,555000.0,42,755000.0,127.0,1,Hispanic or Latino,Female,25-34,73.333,Loan originated
1,745000.0,40,775000.0,225.0,1,Asian,Joint,25-34,96.5,Loan originated
1,215000.0,30%-<36%,355000.0,70.0,1,White,Joint,35-44,60.845,Loan originated
1,385000.0,30%-<36%,485000.0,101.0,1,Hispanic or Latino,Joint,45-54,80.0,Loan originated
1,1065000.0,36,1335000.0,744.0,1,Asian,Male,35-44,80.0,Loan originated
1,565000.0,36,595000.0,160.0,1,White,Joint,35-44,95.0,Loan originated
1,605000.0,45,755000.0,187.0,1,White,Joint,65-74,80.0,Loan originated
1,285000.0,30%-<36%,695000.0,87.0,1,Asian,Female,25-34,40.58,Loan originated
1,305000.0,30%-<36%,465000.0,134.0,1,Black or African American,Female,25-34,66.0,Loan originated
1,935000.0,30%-<36%,1255000.0,343.0,1,White,Male,55-64,75.0,Loan originated
1,745000.0,41,935000.0,255.0,1,White,Joint,25-34,89.99,Loan originated
1,665000.0,20%-<30%,825000.0,218.0,1,White,Joint,25-34,80.0,Loan originated
1,625000.0,43,1275000.0,182.0,1,White,Female,35-44,49.02,Loan originated
1,255000.0,<20%,705000.0,739.0,1,Hispanic or Latino,Joint,45-54,37.0,Loan originated
1,555000.0,44,585000.0,184.0,1,Hispanic or Latino,Joint,55-64,95.0,Loan originated
1,445000.0,40,465000.0,134.0,1,Hispanic or Latino,Female,25-34,95.0,Loan originated
1,575000.0,46,605000.0,144.0,1,Hispanic or Latino,Joint,35-44,95.0,Loan originated
1,445000.0,48,565000.0,97.0,1,Hispanic or Latino,Male,25-34,80.0,Loan originated
1,305000.0,49,325000.0,78.0,1,White,Female,55-64,99.0,Loan originated
1,685000.0,42,865000.0,179.0,1,White,Male,35-44,80.0,Loan originated
1,405000.0,50%-60%,1105000.0,100.0,1,White,Male,55-64,37.0,Loan originated
1,1135000.0,20%-<30%,1425000.0,545.0,1,Asian,Male,35-44,80.0,Loan originated
1,195000.0,49,675000.0,59.0,1,Asian,Female,55-64,28.955,Loan originated
1,755000.0,20%-<30%,1105000.0,384.0,1,White,Joint,35-44,68.92,Loan originated
1,425000.0,40,715000.0,211.0,1,White,Joint,>74,60.0,Loan originated
1,675000.0,45,895000.0,174.0,1,Asian,Joint,35-44,75.167,Loan originated
1,385000.0,37,405000.0,140.0,1,Black or African American,Female,25-34,95.0,Loan originated
1,425000.0,38,445000.0,118.0,1,Asian,Female,25-34,96.922,Loan originated
1,175000.0,49,225000.0,82.0,1,White,Male,45-54,75.556,Loan originated
1,425000.0,<20%,565000.0,1481.0,1,White,Male,35-44,75.0,Loan originated
1,555000.0,49,825000.0,121.0,1,White,Joint,65-74,67.65,Loan originated
1,1005000.0,30%-<36%,1255000.0,326.0,1,Asian,Joint,35-44,80.0,Loan originated
1,585000.0,45,785000.0,115.0,1,Asian,Joint,25-34,74.397,Loan originated
1,345000.0,42,545000.0,157.0,1,Hispanic or Latino,Joint,65-74,63.019,Loan originated
1,195000.0,47,415000.0,57.0,1,White,Female,25-34,48.05,Loan originated
1,15000.0,36,545000.0,129.0,1,Black or African American,Female,65-74,100.0,Loan originated
1,705000.0,47,905000.0,138.0,1,White,Joint,35-44,80.0,Loan originated
1,335000.0,49,425000.0,166.0,1,Hispanic or Latino,Male,35-44,80.0,Application denied
1,845000.0,46,1125000.0,175.0,1,White,Male,45-54,75.0,Loan originated
1,575000.0,30%-<36%,725000.0,240.0,1,White,Joint,35-44,80.0,Loan originated
1,625000.0,46,785000.0,165.0,1,Asian,Male,45-54,80.0,Loan originated
1,855000.0,20%-<30%,1225000.0,316.0,1,Asian,Male,25-34,70.0,Loan originated
1,735000.0,20%-<30%,755000.0,485.0,1,White,Female,55-64,97.0,Loan originated
1,575000.0,44,605000.0,120.0,1,Hispanic or Latino,Male,25-34,95.833,Loan originated
1,1075000.0,30%-<36%,1795000.0,475.0,1,White,Male,65-74,60.0,Loan originated
1,485000.0,45,545000.0,148.0,1,White,Male,25-34,90.0,Loan originated
1,755000.0,30%-<36%,1525000.0,263.0,1,White,Joint,25-34,49.35,Loan originated
1,425000.0,20%-<30%,575000.0,141.0,1,Asian,Male,25-34,75.0,Loan originated
1,505000.0,43,625000.0,126.0,1,Hispanic or Latino,Joint,35-44,100.0,Loan originated
1,765000.0,49,855000.0,248.0,1,White,Male,35-44,90.0,Loan originated
1,615000.0,39,815000.0,143.0,1,White,Male,35-44,75.0,Loan originated
1,535000.0,20%-<30%,575000.0,276.0,1,Asian,Male,25-34,94.649,Loan originated
1,415000.0,43,525000.0,168.0,1,White,Female,35-44,80.0,Loan originated
1,885000.0,30%-<36%,985000.0,266.0,1,Asian,Female,45-54,89.99,Loan originated
1,645000.0,30%-<36%,815000.0,206.0,1,Asian,Joint,55-64,80.0,Loan originated
1,545000.0,47,685000.0,233.0,1,Black or African American,Male,55-64,80.0,Loan originated
1,355000.0,49,1255000.0,97.0,1,Asian,Joint,65-74,27.964,Loan originated
1,1035000.0,42,1345000.0,281.0,1,Asian,Male,35-44,76.96,Loan originated
1,685000.0,20%-<30%,985000.0,243.0,1,Asian,Joint,25-34,69.54,Loan originated
1,1005000.0,48,1265000.0,252.0,1,Asian,Male,45-54,80.0,Loan originated
1,645000.0,20%-<30%,725000.0,281.0,1,Asian,Joint,25-34,90.0,Loan originated
1,325000.0,38,345000.0,104.0,1,White,Joint,45-54,95.0,Loan originated
1,685000.0,30%-<36%,755000.0,201.0,1,Hispanic or Latino,Joint,25-34,90.88,Loan originated
1,615000.0,49,655000.0,165.0,1,White,Male,25-34,98.0,Loan originated
1,825000.0,45,1035000.0,241.0,1,Asian,Joint,35-44,80.0,Loan originated
1,65000.0,45,145000.0,56.0,1,Hispanic or Latino,Female,55-64,46.309,Loan originated
1,465000.0,45,515000.0,110.0,1,White,Female,25-34,90.0,Loan originated
1,95000.0,50%-60%,95000.0,133.0,1,Black or African American,Joint,65-74,95.0,Application denied
1,385000.0,48,685000.0,82.0,1,Asian,Male,45-54,55.88,Loan originated
1,545000.0,45,725000.0,158.0,1,Hispanic or Latino,Male,35-44,75.0,Loan originated
1,375000.0,42,475000.0,187.0,1,White,Male,35-44,80.0,Loan originated
1,545000.0,45,725000.0,132.0,1,White,Joint,35-44,75.0,Loan originated
1,585000.0,50%-60%,735000.0,253.0,1,White,Male,45-54,80.0,Application denied
1,375000.0,41,415000.0,93.0,1,Hispanic or Latino,Joint,35-44,90.0,Loan originated
1,675000.0,45,755000.0,174.0,1,Asian,Joint,25-34,90.0,Loan originated
1,375000.0,20%-<30%,1625000.0,247.0,1,White,Male,25-34,24.0,Loan originated
1,285000.0,30%-<36%,585000.0,108.0,1,Hispanic or Latino,Joint,35-44,48.276,Loan originated
1,415000.0,42,435000.0,89.0,1,Hispanic or Latino,Male,45-54,99.91,Loan originated
1,485000.0,30%-<36%,525000.0,135.0,1,Hispanic or Latino,Female,25-34,91.894,Loan originated
1,155000.0,49,445000.0,51.0,1,White,Female,55-64,34.091,Loan originated
1,645000.0,20%-<30%,675000.0,250.0,1,Asian,Joint,35-44,95.0,Loan originated
1,1295000.0,36,2155000.0,571.0,1,Asian,Joint,45-54,60.0,Loan originated
1,735000.0,42,925000.0,169.0,1,Asian,Male,25-34,80.0,Loan originated
1,725000.0,43,1025000.0,274.0,1,White,Joint,35-44,71.0,Loan originated
1,415000.0,41,515000.0,119.0,1,White,Joint,35-44,80.0,Loan originated
1,585000.0,48,1055000.0,153.0,1,Asian,Female,25-34,55.714,Loan originated
1,355000.0,<20%,375000.0,191.0,1,White,Female,25-34,95.0,Loan originated
1,455000.0,37,825000.0,125.0,1,Hispanic or Latino,Male,35-44,54.87,Loan originated
1,265000.0,47,285000.0,62.0,1,White,Male,25-34,94.0,Loan originated
1,435000.0,46,455000.0,83.0,1,Hispanic or Latino,Joint,35-44,97.0,Loan originated
1,365000.0,38,425000.0,170.0,1,Hispanic or Latino,Male,25-34,104.353,Loan originated
1,545000.0,49,1155000.0,124.0,1,White,Joint,65-74,46.957,Loan originated
1,695000.0,48,995000.0,153.0,1,White,Male,45-54,69.99,Loan originated
1,965000.0,30%-<36%,1415000.0,309.0,1,Asian,Joint,35-44,68.085,Loan originated
1,495000.0,38,575000.0,155.0,1,Hispanic or Latino,Joint,25-34,86.661,Loan originated
1,5000.0,20%-<30%,285000.0,148.0,1,Asian,Male,35-44,102.0,Loan originated
1,885000.0,39,985000.0,297.0,1,Asian,Joint,25-34,89.9,Loan originated
1,445000.0,43,465000.0,98.0,1,White,Joint,35-44,95.0,Loan originated
1,465000.0,49,485000.0,113.0,1,White,Joint,25-34,95.0,Loan originated
1,395000.0,43,675000.0,160.0,1,White,Male,55-64,58.672,Loan originated
1,765000.0,30%-<36%,965000.0,23.0,1,Asian,Joint,25-34,79.44,Loan originated
1,315000.0,>60%,335000.0,56.0,1,Asian,Male,>74,95.095,Application denied
1,455000.0,46,575000.0,132.0,1,Asian,Male,25-34,80.0,Loan originated
1,755000.0,30%-<36%,4305000.0,450.0,1,White,Male,55-64,17.442,Loan originated
1,565000.0,37,595000.0,324.0,1,White,Joint,55-64,95.0,Loan originated
1,425000.0,39,535000.0,189.0,1,White,Male,65-74,80.0,Loan originated
1,795000.0,42,835000.0,228.0,1,Asian,Female,45-54,95.0,Loan originated
1,375000.0,43,395000.0,103.0,1,Asian,Male,25-34,95.0,Loan originated
1,345000.0,42,435000.0,151.0,1,White,Male,55-64,80.0,Application denied
1,315000.0,49,395000.0,77.0,1,White,Male,25-34,80.0,Loan originated
1,475000.0,42,635000.0,150.0,1,Hispanic or Latino,Male,25-34,75.0,Loan originated
1,905000.0,36,1255000.0,442.0,1,Asian,Joint,35-44,72.0,Loan originated
1,805000.0,30%-<36%,2005000.0,392.0,1,Asian,Female,35-44,40.0,Loan originated
1,1065000.0,49,1325000.0,397.0,1,White,Female,25-34,80.0,Loan originated
1,645000.0,48,805000.0,133.0,1,White,Male,55-64,80.0,Loan originated
1,1105000.0,42,1385000.0,303.0,1,Asian,Male,25-34,80.0,Loan originated
1,585000.0,37,605000.0,144.0,1,White,Male,25-34,97.0,Loan originated
1,485000.0,48,515000.0,111.0,1,Hispanic or Latino,Male,25-34,95.0,Loan originated
1,545000.0,20%-<30%,685000.0,256.0,1,White,Joint,35-44,79.994,Loan originated
1,1015000.0,41,1355000.0,401.0,1,White,Joint,45-54,75.0,Loan originated
1,695000.0,50%-60%,735000.0,191.0,1,Hispanic or Latino,Joint,25-34,95.0,Loan originated
1,1005000.0,45,1755000.0,282.0,1,Asian,Female,35-44,57.14,Loan originated
1,445000.0,45,455000.0,108.0,1,Asian,Male,45-54,97.0,Loan originated
1,315000.0,40,495000.0,163.0,1,Hispanic or Latino,Female,55-64,62.65,Application denied
1,955000.0,20%-<30%,1305000.0,1392.0,1,White,Joint,55-64,73.08,Loan originated
1,825000.0,20%-<30%,1375000.0,427.0,1,Asian,Joint,45-54,60.0,Loan originated
1,475000.0,47,595000.0,99.0,1,Hispanic or Latino,Female,25-34,80.0,Loan originated
1,515000.0,38,545000.0,230.0,1,Black or African American,Male,55-64,95.0,Loan originated
1,945000.0,38,1275000.0,256.0,1,Asian,Joint,35-44,73.61,Loan originated
1,1055000.0,44,1865000.0,245.0,1,Black or African American,Female,65-74,56.452,Loan originated
1,505000.0,47,535000.0,98.0,1,Hispanic or Latino,Female,35-44,95.0,Loan originated
1,355000.0,30%-<36%,445000.0,141.0,1,Asian,Joint,25-34,80.0,Loan originated
1,415000.0,44,615000.0,192.0,1,Hispanic or Latino,Joint,35-44,67.298,Loan originated
1,475000.0,30%-<36%,655000.0,293.0,1,White,Joint,65-74,72.676,Loan originated
1,775000.0,30%-<36%,1375000.0,284.0,1,White,Male,25-34,56.364,Loan originated
1,475000.0,<20%,625000.0,285.0,1,Asian,Female,35-44,77.317,Loan originated
1,1115000.0,46,1605000.0,228.0,1,Asian,Joint,35-44,69.86,Loan originated
1,535000.0,38,675000.0,164.0,1,White,Joint,25-34,80.0,Loan originated
1,535000.0,49,665000.0,233.0,1,Black or African American,Joint,>74,80.0,Loan originated
1,295000.0,47,1595000.0,146.0,1,White,Male,65-74,18.5,Loan originated
1,435000.0,48,455000.0,133.0,1,White,Female,25-34,95.0,Loan originated
1,515000.0,39,645000.0,173.0,1,White,Joint,35-44,80.0,Loan originated
1,655000.0,49,725000.0,155.0,1,White,Female,35-44,90.0,Loan originated
1,915000.0,20%-<30%,1305000.0,396.0,1,Asian,Joint,25-34,70.0,Loan originated
1,625000.0,38,725000.0,195.0,1,Asian,Joint,35-44,86.51,Loan originated
1,555000.0,50%-60%,585000.0,123.0,1,White,Female,55-64,95.0,Application denied
1,525000.0,30%-<36%,665000.0,182.0,1,Asian,Joint,25-34,80.0,Loan originated
1,695000.0,<20%,925000.0,446.0,1,White,Female,>74,74.919,Loan originated
1,665000.0,49,705000.0,143.0,1,Asian,Joint,35-44,95.0,Loan originated
1,605000.0,47,675000.0,153.0,1,White,Male,25-34,90.0,Loan originated
1,805000.0,44,1005000.0,258.0,1,White,Male,65-74,80.0,Loan originated
1,1065000.0,30%-<36%,1365000.0,290.0,1,Other,Female,35-44,78.022,Loan originated
1,685000.0,20%-<30%,855000.0,409.0,1,White,Male,45-54,80.0,Loan originated
1,1145000.0,50%-60%,1305000.0,309.0,1,White,Male,35-44,89.0,Loan originated
1,635000.0,30%-<36%,795000.0,252.0,1,Asian,Joint,35-44,80.0,Loan originated
1,515000.0,37,865000.0,159.0,1,Black or African American,Joint,35-44,60.0,Loan originated
1,665000.0,39,835000.0,464.0,1,White,Male,25-34,80.0,Loan originated
1,335000.0,46,355000.0,84.0,1,White,Joint,55-64,95.0,Loan originated
1,1135000.0,36,1195000.0,306.0,1,White,Joint,35-44,95.0,Loan originated
1,725000.0,48,765000.0,165.0,1,Hispanic or Latino,Joint,45-54,95.0,Loan originated
1,105000.0,<20%,715000.0,148.0,1,White,Joint,55-64,13.99,Loan originated
1,875000.0,40,875000.0,181.0,1,Black or African American,Female,25-34,100.0,Loan originated
1,575000.0,36,715000.0,166.0,1,White,Male,25-34,80.0,Loan originated
1,425000.0,47,535000.0,272.0,1,Hispanic or Latino,Joint,65-74,80.0,Loan originated
1,1095000.0,39,1365000.0,397.0,1,White,Joint,25-34,80.0,Loan originated
1,605000.0,41,995000.0,145.0,1,White,Joint,25-34,61.0,Loan originated
1,155000.0,20%-<30%,705000.0,123.0,1,Asian,Female,45-54,21.43,Loan originated
1,685000.0,46,855000.0,151.0,1,Asian,Joint,25-34,80.0,Loan originated
1,305000.0,20%-<30%,1055000.0,182.0,1,White,Male,55-64,28.58,Loan originated
1,345000.0,36,545000.0,260.0,1,White,Joint,55-64,63.633,Loan originated
1,865000.0,47,1075000.0,169.0,1,Asian,Female,55-64,80.0,Loan originated
1,365000.0,20%-<30%,1275000.0,250.0,1,White,Male,45-54,28.74,Loan originated
1,1125000.0,47,1405000.0,266.0,1,Asian,Male,45-54,80.0,Loan originated
1,625000.0,49,835000.0,139.0,1,White,Male,65-74,74.699,Loan originated
1,1025000.0,47,1365000.0,238.0,1,White,Female,45-54,75.0,Loan originated
1,315000.0,49,465000.0,56.0,1,Hispanic or Latino,Female,25-34,68.096,Loan originated
1,1025000.0,49,1375000.0,222.0,1,White,Male,45-54,94.489,Loan originated
1,1025000.0,<20%,1525000.0,1111.0,1,White,Joint,35-44,67.07,Loan originated
1,675000.0,50%-60%,885000.0,127.0,1,Hispanic or Latino,Joint,35-44,75.478,Loan originated
1,465000.0,20%-<30%,765000.0,316.0,1,Asian,Joint,25-34,60.656,Loan originated
1,515000.0,49,645000.0,157.0,1,Hispanic or Latino,Female,55-64,80.0,Loan originated
1,495000.0,46,525000.0,107.0,1,Black or African American,Male,<25,100.769,Loan originated
1,295000.0,20%-<30%,795000.0,219.0,1,White,Male,65-74,36.709,Loan originated
1,135000.0,40,175000.0,115.0,1,White,Joint,25-34,80.0,Application denied
1,275000.0,47,305000.0,75.0,1,White,Male,55-64,90.0,Loan originated
1,385000.0,47,515000.0,104.0,1,Asian,Joint,45-54,75.0,Loan originated
1,375000.0,<20%,755000.0,501.0,1,Asian,Female,25-34,50.0,Loan originated
1,1095000.0,40,1365000.0,392.0,1,White,Joint,25-34,80.0,Loan originated
1,975000.0,47,1855000.0,210.0,1,Asian,Male,25-34,52.43,Loan originated
1,695000.0,44,735000.0,197.0,1,Hispanic or Latino,Joint,45-54,95.0,Loan originated
1,385000.0,49,485000.0,97.0,1,Asian,Male,25-34,100.0,Loan originated
1,365000.0,46,455000.0,74.0,1,Hispanic or Latino,Male,35-44,80.0,Loan originated
1,455000.0,37,755000.0,117.0,1,White,Male,25-34,60.0,Loan originated
1,425000.0,30%-<36%,635000.0,145.0,1,White,Joint,45-54,66.93,Loan originated
1,735000.0,30%-<36%,975000.0,225.0,1,Asian,Joint,45-54,74.87,Loan originated
1,985000.0,38,1555000.0,272.0,1,Asian,Male,35-44,64.0,Loan originated
1,345000.0,49,455000.0,83.0,1,Black or African American,Female,45-54,101.538,Loan originated
1,245000.0,<20%,255000.0,135.0,1,White,Male,45-54,95.0,Loan originated
1,555000.0,43,955000.0,162.0,1,White,Female,45-54,57.895,Loan originated
1,475000.0,49,955000.0,120.0,1,White,Joint,65-74,49.738,Loan originated
1,765000.0,42,965000.0,287.0,1,White,Joint,45-54,79.436,Loan originated
1,355000.0,37,375000.0,105.0,1,Hispanic or Latino,Male,35-44,95.0,Loan originated
1,645000.0,44,815000.0,143.0,1,Hispanic or Latino,Male,25-34,80.0,Loan originated
1,335000.0,44,1005000.0,73.0,1,White,Female,55-64,33.3,Loan originated
1,515000.0,43,865000.0,211.0,1,Asian,Male,45-54,60.0,Loan originated
1,745000.0,40,785000.0,211.0,1,Asian,Joint,25-34,95.0,Loan originated
1,735000.0,43,825000.0,339.0,1,Asian,Joint,25-34,90.0,Application denied
1,945000.0,43,1345000.0,238.0,1,Asian,Joint,55-64,70.0,Loan originated
1,355000.0,50%-60%,375000.0,135.0,1,Hispanic or Latino,Male,25-34,95.0,Application denied
1,405000.0,48,425000.0,139.0,1,Asian,Male,25-34,95.0,Loan originated
1,625000.0,49,735000.0,217.0,1,White,Male,35-44,85.0,Loan originated
1,345000.0,48,435000.0,169.0,1,White,Female,25-34,80.0,Loan originated
1,415000.0,20%-<30%,525000.0,139.0,1,Hispanic or Latino,Joint,35-44,80.0,Loan originated
1,1015000.0,42,1875000.0,251.0,1,Asian,Joint,35-44,54.21,Loan originated
1,555000.0,20%-<30%,1055000.0,249.0,1,White,Female,45-54,52.607,Loan originated
1,765000.0,46,1065000.0,167.0,1,White,Joint,35-44,71.81,Loan originated
1,1145000.0,30%-<36%,1695000.0,1274.0,1,White,Joint,45-54,67.628,Loan originated
1,155000.0,20%-<30%,515000.0,142.0,1,White,Joint,55-64,28.949,Loan originated
1,395000.0,38,525000.0,158.0,1,Hispanic or Latino,Male,45-54,75.0,Loan originated
1,625000.0,30%-<36%,925000.0,201.0,1,White,Female,25-34,69.0,Loan originated
1,195000.0,46,385000.0,52.0,1,White,Female,65-74,50.0,Loan originated
1,585000.0,39,735000.0,139.0,1,White,Male,35-44,79.94,Loan originated
1,615000.0,20%-<30%,725000.0,274.0,1,White,Female,45-54,85.0,Loan originated
1,425000.0,49,475000.0,89.0,1,Hispanic or Latino,Female,35-44,90.0,Loan originated
1,555000.0,39,695000.0,171.0,1,Asian,Female,45-54,80.0,Loan originated
1,365000.0,36,385000.0,104.0,1,Hispanic or Latino,Male,25-34,100.0,Loan originated
1,605000.0,36,755000.0,166.0,1,White,Joint,25-34,80.0,Loan originated
1,975000.0,44,1215000.0,416.0,1,White,Joint,45-54,80.0,Loan originated
1,655000.0,20%-<30%,815000.0,231.0,1,Asian,Male,45-54,80.0,Loan originated
1,405000.0,43,425000.0,104.0,1,Hispanic or Latino,Joint,35-44,95.0,Loan originated
1,645000.0,42,665000.0,144.0,1,Hispanic or Latino,Joint,25-34,97.0,Loan originated
1,355000.0,30%-<36%,445000.0,100.0,1,Hispanic or Latino,Male,25-34,80.0,Loan originated
1,765000.0,45,845000.0,167.0,1,Asian,Male,35-44,89.99,Loan originated
1,705000.0,49,885000.0,202.0,1,Asian,Male,35-44,80.0,Loan originated
1,885000.0,39,1105000.0,325.0,1,Asian,Female,45-54,80.0,Loan originated
1,335000.0,49,395000.0,93.0,1,Black or African American,Female,55-64,85.0,Loan originated
1,585000.0,38,615000.0,148.0,1,White,Female,45-54,95.0,Loan originated
1,435000.0,44,535000.0,138.0,1,White,Male,45-54,81.31,Loan originated
1,235000.0,30%-<36%,475000.0,92.0,1,Asian,Male,25-34,50.0,Loan originated
1,385000.0,38,405000.0,105.0,1,White,Female,25-34,96.25,Loan originated
1,555000.0,36,685000.0,169.0,1,White,Female,55-64,80.0,Loan originated
1,645000.0,47,805000.0,155.0,1,Asian,Female,45-54,79.999,Loan originated
1,485000.0,40,655000.0,141.0,1,Asian,Male,35-44,75.0,Loan originated
1,675000.0,36,845000.0,189.0,1,Hispanic or Latino,Male,25-34,80.0,Loan originated
1,405000.0,<20%,515000.0,348.0,1,Asian,Male,45-54,80.0,Loan originated
1,1005000.0,30%-<36%,1405000.0,278.0,1,Asian,Male,25-34,71.43,Loan originated
1,765000.0,41,855000.0,196.0,1,White,Male,35-44,90.0,Loan originated
1,865000.0,30%-<36%,1155000.0,311.0,1,White,Joint,25-34,75.0,Loan originated
1,475000.0,45,795000.0,180.0,1,Hispanic or Latino,Male,65-74,60.0,Loan originated
1,665000.0,20%-<30%,685000.0,315.0,1,White,Male,45-54,97.0,Loan originated
1,445000.0,45,555000.0,129.0,1,Asian,Male,25-34,80.0,Loan originated
1,705000.0,45,875000.0,200.0,1,Asian,Female,35-44,80.0,Loan originated
1,525000.0,44,1165000.0,126.0,1,White,Male,45-54,45.06,Loan originated
1,705000.0,49,745000.0,223.0,1,Black or African American,Joint,45-54,95.0,Loan originated
1,285000.0,37,355000.0,116.0,1,White,Female,45-54,80.0,Loan originated
1,555000.0,38,745000.0,305.0,1,Asian,Female,35-44,75.0,Loan originated
1,495000.0,30%-<36%,585000.0,190.0,1,White,Joint,25-34,85.0,Loan originated
1,375000.0,49,475000.0,97.0,1,Black or African American,Male,55-64,80.0,Loan originated
1,505000.0,48,635000.0,210.0,1,White,Male,<25,80.0,Loan originated
1,675000.0,40,745000.0,176.0,1,White,Male,55-64,90.0,Loan originated
1,1145000.0,41,1675000.0,281.0,1,White,Male,35-44,68.83,Loan originated
1,415000.0,39,455000.0,109.0,1,Asian,Female,35-44,90.0,Loan originated
1,275000.0,30%-<36%,595000.0,669.0,1,Hispanic or Latino,Female,45-54,45.91,Loan originated
1,335000.0,43,425000.0,78.0,1,Asian,Male,35-44,79.9,Loan originated
1,765000.0,47,855000.0,183.0,1,White,Male,35-44,90.0,Loan originated
1,605000.0,48,635000.0,249.0,1,Asian,Joint,25-34,95.0,Loan originated
1,305000.0,20%-<30%,325000.0,149.0,1,Hispanic or Latino,Male,25-34,95.0,Loan originated
1,965000.0,40,1205000.0,239.0,1,White,Female,>74,80.0,Loan originated
1,605000.0,42,1415000.0,160.0,1,White,Male,55-64,42.56,Loan originated
1,765000.0,37,1045000.0,222.0,1,Asian,Joint,45-54,73.529,Loan originated
1,525000.0,41,625000.0,129.0,1,Hispanic or Latino,Male,35-44,85.0,Loan originated
1,1005000.0,47,1255000.0,222.0,1,Asian,Joint,<25,80.0,Loan originated
1,495000.0,30%-<36%,625000.0,177.0,1,White,Male,25-34,80.0,Loan originated
1,845000.0,<20%,1415000.0,0.0,1,White,Female,55-64,60.0,Application denied
1,215000.0,49,275000.0,39.0,1,Hispanic or Latino,Joint,65-74,80.0,Loan originated
1,545000.0,>60%,665000.0,108.0,1,Hispanic or Latino,Male,25-34,82.0,Application denied
1,695000.0,49,775000.0,484.0,1,Asian,Male,35-44,90.0,Loan originated
1,465000.0,20%-<30%,585000.0,209.0,1,White,Male,25-34,80.0,Loan originated
1,395000.0,49,425000.0,96.0,1,Hispanic or Latino,Female,35-44,95.0,Loan originated
1,595000.0,30%-<36%,1195000.0,240.0,1,White,Female,45-54,50.0,Loan originated
1,705000.0,30%-<36%,1105000.0,252.0,1,White,Male,35-44,62.222,Loan originated
1,735000.0,48,915000.0,217.0,1,White,Male,35-44,80.0,Loan originated
1,485000.0,45,505000.0,119.0,1,Asian,Male,45-54,97.0,Loan originated
1,365000.0,48,385000.0,88.0,1,Hispanic or Latino,Female,25-34,95.0,Loan originated
1,885000.0,20%-<30%,1105000.0,330.0,1,White,Joint,25-34,80.0,Loan originated
1,385000.0,42,425000.0,132.0,1,Hispanic or Latino,Male,55-64,90.0,Loan originated
1,355000.0,41,445000.0,88.0,1,White,Male,35-44,80.0,Loan originated
1,445000.0,49,555000.0,90.0,1,Hispanic or Latino,Joint,25-34,80.0,Loan originated
1,275000.0,49,685000.0,87.0,1,White,Male,>74,39.91,Loan originated
1,605000.0,43,765000.0,153.0,1,Asian,Male,45-54,79.99,Loan originated
1,1105000.0,41,1385000.0,374.0,1,White,Joint,25-34,80.0,Loan originated
1,555000.0,48,645000.0,223.0,1,Asian,Joint,35-44,85.0,Loan originated
1,765000.0,45,1355000.0,14.0,1,Asian,Male,35-44,56.09,Loan originated
1,475000.0,49,595000.0,101.0,1,Hispanic or Latino,Joint,45-54,79.8,Loan originated
1,1085000.0,49,1455000.0,563.0,1,Asian,Joint,45-54,75.0,Loan originated
1,1045000.0,20%-<30%,1315000.0,525.0,1,White,Joint,35-44,80.0,Loan originated
1,935000.0,45,1105000.0,204.0,1,Asian,Joint,35-44,85.0,Loan originated
1,625000.0,49,755000.0,139.0,1,White,Joint,55-64,83.34,Loan originated
1,665000.0,36,825000.0,220.0,1,Asian,Female,35-44,80.0,Loan originated
1,515000.0,48,535000.0,171.0,1,Hispanic or Latino,Joint,35-44,97.0,Loan originated
1,585000.0,49,735000.0,129.0,1,Hispanic or Latino,Male,25-34,80.0,Loan originated
1,125000.0,20%-<30%,155000.0,67.0,1,Hispanic or Latino,Male,55-64,80.0,Loan originated
1,905000.0,30%-<36%,1155000.0,320.0,1,White,Joint,25-34,78.261,Loan originated
1,595000.0,36,745000.0,167.0,1,Asian,Joint,65-74,80.0,Loan originated
1,305000.0,38,375000.0,93.0,1,White,Female,45-54,80.0,Loan originated
1,755000.0,36,835000.0,396.0,1,Hispanic or Latino,Joint,35-44,90.0,Loan originated
1,385000.0,49,405000.0,77.0,1,Hispanic or Latino,Male,25-34,96.5,Loan originated
1,245000.0,30%-<36%,895000.0,218.0,1,Asian,Joint,55-64,26.96,Loan originated
1,555000.0,30%-<36%,745000.0,182.0,1,White,Female,35-44,75.0,Loan originated
1,855000.0,39,935000.0,233.0,1,Asian,Joint,45-54,91.471,Loan originated
1,945000.0,38,1355000.0,225.0,1,White,Female,35-44,70.0,Loan originated
1,45000.0,30%-<36%,55000.0,47.0,1,Hispanic or Latino,Male,<25,77.86,Application denied
1,585000.0,44,725000.0,131.0,1,Hispanic or Latino,Female,35-44,80.0,Loan originated
1,345000.0,43,475000.0,84.0,1,Hispanic or Latino,Female,55-64,85.638,Loan originated
1,405000.0,48,515000.0,107.0,1,Hispanic or Latino,Female,45-54,80.0,Loan originated
1,735000.0,48,875000.0,166.0,1,White,Male,25-34,85.0,Loan originated
1,245000.0,20%-<30%,255000.0,109.0,1,Hispanic or Latino,Female,25-34,97.0,Loan originated
1,255000.0,30%-<36%,275000.0,83.0,1,Hispanic or Latino,Female,25-34,90.0,Loan originated
1,445000.0,20%-<30%,465000.0,391.0,1,White,Joint,35-44,95.0,Loan originated
1,265000.0,42,335000.0,65.0,1,Hispanic or Latino,Male,35-44,80.0,Loan originated
1,335000.0,45,425000.0,76.0,1,Hispanic or Latino,Female,25-34,80.0,Loan originated
1,695000.0,>60%,745000.0,115.0,1,Hispanic or Latino,Joint,35-44,95.068,Loan originated
1,425000.0,49,495000.0,98.0,1,White,Female,25-34,86.56,Loan originated
1,725000.0,37,765000.0,207.0,1,Hispanic or Latino,Joint,25-34,95.0,Loan originated
1,465000.0,37,1505000.0,151.0,1,White,Male,65-74,30.73,Loan originated
1,675000.0,20%-<30%,775000.0,237.0,1,White,Joint,35-44,87.0,Loan originated
1,505000.0,42,1005000.0,160.0,1,Hispanic or Latino,Male,45-54,50.0,Loan originated
1,725000.0,44,765000.0,161.0,1,Hispanic or Latino,Joint,25-34,95.0,Loan originated
1,325000.0,42,415000.0,120.0,1,White,Male,45-54,80.0,Loan originated
1,505000.0,41,525000.0,160.0,1,Hispanic or Latino,Joint,35-44,101.94,Loan originated
1,375000.0,48,405000.0,110.0,1,Hispanic or Latino,Male,45-54,95.0,Loan originated
1,375000.0,41,465000.0,106.0,1,Asian,Female,25-34,80.0,Loan originated
1,565000.0,49,595000.0,121.0,1,Hispanic or Latino,Male,25-34,95.0,Application denied
1,465000.0,>60%,585000.0,73.0,1,Asian,Male,55-64,80.0,Application denied
1,605000.0,20%-<30%,805000.0,299.0,1,White,Male,25-34,75.0,Loan originated
1,115000.0,43,275000.0,65.0,1,Asian,Female,>74,42.45,Loan originated
1,515000.0,42,585000.0,139.0,1,White,Male,55-64,88.135,Loan originated
1,145000.0,49,165000.0,41.0,1,Hispanic or Latino,Male,45-54,90.0,Loan originated
1,105000.0,30%-<36%,525000.0,96.0,1,White,Joint,65-74,20.0,Loan originated
1,635000.0,>60%,935000.0,182.0,1,White,Female,55-64,67.84,Application denied
1,345000.0,49,365000.0,89.0,1,Hispanic or Latino,Male,35-44,95.0,Loan originated
1,655000.0,46,825000.0,167.0,1,Asian,Male,25-34,80.0,Loan originated
1,275000.0,49,555000.0,65.0,1,Hispanic or Latino,Female,45-54,49.55,Loan originated
1,75000.0,20%-<30%,185000.0,35.0,1,White,Female,25-34,41.67,Loan originated
1,545000.0,30%-<36%,685000.0,164.0,1,White,Female,35-44,80.0,Loan originated
1,595000.0,44,735000.0,208.0,1,Hispanic or Latino,Male,45-54,80.0,Loan originated
1,625000.0,30%-<36%,665000.0,259.0,1,White,Joint,35-44,95.0,Loan originated
1,455000.0,49,475000.0,96.0,1,Hispanic or Latino,Male,25-34,95.0,Application denied
1,555000.0,39,695000.0,332.0,1,White,Joint,35-44,79.71,Loan originated
1,865000.0,46,1335000.0,225.0,1,White,Female,65-74,65.0,Loan originated
1,295000.0,20%-<30%,935000.0,190.0,1,White,Joint,35-44,31.18,Loan originated
1,1075000.0,47,1435000.0,381.0,1,Asian,Joint,35-44,75.0,Loan originated
1,295000.0,20%-<30%,395000.0,140.0,1,White,Joint,55-64,74.68,Loan originated
1,75000.0,49,375000.0,27.0,1,Asian,Male,55-64,18.58,Loan originated
1,635000.0,39,845000.0,188.0,1,White,Female,35-44,75.0,Loan originated
1,355000.0,44,405000.0,113.0,1,White,Male,25-34,87.654,Loan originated
1,85000.0,<20%,105000.0,60.0,1,Hispanic or Latino,Male,55-64,85.0,Loan originated
1,515000.0,49,545000.0,145.0,1,Asian,Male,35-44,95.0,Loan originated
1,345000.0,30%-<36%,385000.0,134.0,1,Hispanic or Latino,Male,25-34,90.0,Loan originated
1,295000.0,41,495000.0,75.0,1,Asian,Joint,35-44,59.68,Loan originated
1,375000.0,20%-<30%,385000.0,148.0,1,Asian,Male,35-44,97.0,Loan originated
1,285000.0,43,395000.0,82.0,1,Hispanic or Latino,Joint,35-44,71.0,Loan originated
1,105000.0,49,205000.0,47.0,1,White,Joint,>74,50.0,Loan originated
1,545000.0,43,575000.0,189.0,1,Black or African American,Female,55-64,95.0,Loan originated
1,735000.0,30%-<36%,1055000.0,242.0,1,Asian,Joint,35-44,69.99,Loan originated
1,815000.0,39,915000.0,222.0,1,White,Joint,25-34,90.0,Loan originated
1,655000.0,43,1095000.0,198.0,1,Asian,Joint,25-34,59.633,Loan originated
1,155000.0,40,615000.0,172.0,1,Hispanic or Latino,Joint,65-74,24.59,Loan originated
1,595000.0,48,635000.0,143.0,1,Black or African American,Female,35-44,92.92,Application denied
1,995000.0,20%-<30%,1325000.0,350.0,1,Asian,Male,25-34,75.0,Loan originated
1,625000.0,45,645000.0,152.0,1,Hispanic or Latino,Female,25-34,97.0,Loan originated
1,955000.0,20%-<30%,2025000.0,355.0,1,White,Joint,35-44,47.03,Loan originated
1,225000.0,47,285000.0,47.0,1,Hispanic or Latino,Female,<25,80.0,Loan originated
1,395000.0,20%-<30%,695000.0,126.0,1,Hispanic or Latino,Female,35-44,56.827,Loan originated
1,405000.0,44,455000.0,95.0,1,Hispanic or Latino,Female,25-34,90.0,Loan originated
1,585000.0,50%-60%,725000.0,122.0,1,White,Male,55-64,80.0,Loan originated
1,365000.0,42,465000.0,82.0,1,Hispanic or Latino,Male,25-34,80.0,Loan originated
1,645000.0,46,805000.0,203.0,1,Asian,Female,25-34,80.0,Loan originated
1,175000.0,42,195000.0,54.0,1,White,Female,25-34,91.718,Application denied
1,345000.0,20%-<30%,385000.0,156.0,1,Asian,Male,25-34,90.0,Loan originated
1,745000.0,30%-<36%,835000.0,289.0,1,Hispanic or Latino,Female,25-34,90.0,Loan originated
1,335000.0,48,355000.0,94.0,1,Hispanic or Latino,Joint,35-44,95.0,Loan originated
1,775000.0,20%-<30%,1775000.0,350.0,1,Asian,Male,35-44,43.79,Loan originated
1,765000.0,30%-<36%,1225000.0,309.0,1,White,Joint,55-64,62.576,Loan originated
1,415000.0,38,465000.0,104.0,1,Asian,Female,25-34,90.0,Loan originated
1,455000.0,48,535000.0,117.0,1,Asian,Joint,45-54,85.0,Loan originated
1,1025000.0,30%-<36%,1275000.0,469.0,1,White,Joint,35-44,80.0,Loan originated
1,355000.0,48,855000.0,91.0,1,Asian,Joint,45-54,41.176,Loan originated
1,615000.0,43,645000.0,142.0,1,Asian,Male,35-44,95.0,Application denied
1,425000.0,36,775000.0,122.0,1,Hispanic or Latino,Joint,35-44,54.55,Loan originated
1,1015000.0,36,1205000.0,294.0,1,White,Joint,45-54,84.81,Loan originated
1,475000.0,40,525000.0,183.0,1,White,Joint,45-54,90.0,Loan originated
1,775000.0,<20%,1105000.0,5597.0,1,White,Joint,65-74,70.0,Loan originated
1,155000.0,48,235000.0,168.0,1,White,Male,<25,65.0,Loan originated
1,305000.0,43,525000.0,71.0,1,Hispanic or Latino,Male,35-44,57.143,Loan originated
1,405000.0,39,485000.0,102.0,1,White,Male,35-44,83.0,Loan originated
1,285000.0,47,315000.0,73.0,1,Hispanic or Latino,Male,<25,90.0,Loan originated
1,875000.0,48,925000.0,187.0,1,White,Male,35-44,95.0,Loan originated
1,255000.0,49,325000.0,64.0,1,Hispanic or Latino,Joint,45-54,80.0,Loan originated
1,595000.0,49,1505000.0,143.0,1,Asian,Female,45-54,39.4,Loan originated
1,755000.0,49,895000.0,214.0,1,Black or African American,Female,35-44,85.0,Loan originated
1,885000.0,44,935000.0,184.0,1,Asian,Male,45-54,95.0,Loan originated
1,565000.0,43,615000.0,134.0,1,Asian,Female,25-34,92.0,Loan originated
1,745000.0,>60%,785000.0,180.0,1,White,Male,45-54,95.0,Application denied
1,495000.0,49,555000.0,132.0,1,Hispanic or Latino,Joint,35-44,89.2,Loan originated
1,1115000.0,46,1495000.0,396.0,1,Asian,Joint,35-44,75.0,Loan originated
1,765000.0,30%-<36%,805000.0,224.0,1,Hispanic or Latino,Female,35-44,95.0,Loan originated
1,595000.0,44,645000.0,133.0,1,White,Male,35-44,92.044,Loan originated
1,385000.0,39,435000.0,127.0,1,Hispanic or Latino,Male,45-54,89.0,Loan originated
1,1005000.0,20%-<30%,1515000.0,313.0,1,Asian,Male,35-44,66.225,Loan originated
1,35000.0,30%-<36%,45000.0,71.0,1,White,Female,55-64,77.31,Application denied
1,545000.0,48,565000.0,148.0,1,Hispanic or Latino,Joint,25-34,99.3,Loan originated
1,695000.0,<20%,935000.0,774.0,1,Hispanic or Latino,Male,55-64,75.0,Loan originated
1,525000.0,49,555000.0,155.0,1,Asian,Joint,25-34,95.0,Loan originated
1,605000.0,45,675000.0,137.0,1,Asian,Male,35-44,89.99,Loan originated
1,265000.0,<20%,485000.0,311.0,1,Hispanic or Latino,Female,45-54,55.0,Loan originated
1,595000.0,>60%,625000.0,71.0,1,Asian,Female,25-34,95.0,Application denied
1,795000.0,48,1325000.0,167.0,1,White,Joint,45-54,60.0,Loan originated
1,735000.0,>60%,765000.0,111.0,1,Other,Female,45-54,95.0,Application denied
1,445000.0,37,645000.0,142.0,1,White,Joint,65-74,68.75,Loan originated
1,875000.0,42,915000.0,261.0,1,White,Joint,25-34,95.0,Loan originated
1,345000.0,30%-<36%,225000.0,120.0,1,White,Female,45-54,95.0,Application denied
1,455000.0,49,565000.0,107.0,1,Asian,Male,35-44,80.0,Loan originated
1,925000.0,20%-<30%,1155000.0,389.0,1,Hispanic or Latino,Male,35-44,80.0,Loan originated
1,765000.0,44,815000.0,487.0,1,White,Joint,25-34,94.636,Loan originated
1,805000.0,45,1255000.0,325.0,1,Hispanic or Latino,Joint,45-54,64.4,Loan originated
1,765000.0,47,985000.0,162.0,1,White,Male,55-64,77.503,Loan originated
1,575000.0,42,1015000.0,279.0,1,White,Female,45-54,71.55,Loan originated
1,675000.0,42,925000.0,165.0,1,White,Female,25-34,72.973,Loan originated
1,685000.0,20%-<30%,1225000.0,282.0,1,Asian,Joint,25-34,55.74,Loan originated
1,755000.0,46,1355000.0,177.0,1,Black or African American,Male,25-34,56.0,Loan originated
1,155000.0,<20%,1195000.0,311.0,1,White,Male,>74,12.605,Loan originated
1,335000.0,37,435000.0,99.0,1,Hispanic or Latino,Male,35-44,77.907,Loan originated
1,625000.0,45,785000.0,263.0,1,Asian,Male,45-54,80.0,Loan originated
1,585000.0,20%-<30%,735000.0,295.0,1,White,Joint,35-44,78.545,Loan originated
1,765000.0,42,1155000.0,255.0,1,White,Joint,25-34,66.609,Loan originated
1,905000.0,30%-<36%,1135000.0,284.0,1,White,Joint,25-34,80.0,Loan originated
1,925000.0,44,1615000.0,299.0,1,White,Male,35-44,84.112,Loan originated
1,475000.0,30%-<36%,495000.0,159.0,1,Hispanic or Latino,Joint,35-44,95.0,Loan originated
1,375000.0,45,505000.0,112.0,1,Asian,Female,25-34,99.88,Loan originated
1,605000.0,48,635000.0,121.0,1,Hispanic or Latino,Joint,25-34,95.0,Application denied
1,335000.0,47,395000.0,73.0,1,White,Female,25-34,85.0,Loan originated
1,425000.0,30%-<36%,865000.0,247.0,1,Asian,Male,45-54,49.48,Loan originated
1,245000.0,30%-<36%,275000.0,85.0,1,Hispanic or Latino,Female,25-34,88.889,Loan originated
1,275000.0,49,455000.0,92.0,1,White,Female,25-34,61.111,Loan originated
1,185000.0,30%-<36%,935000.0,87.0,1,White,Joint,55-64,19.25,Loan originated
1,1005000.0,48,1405000.0,210.0,1,Asian,Female,35-44,71.17,Loan originated
1,595000.0,49,615000.0,150.0,1,Hispanic or Latino,Male,35-44,97.0,Loan originated
1,395000.0,<20%,495000.0,260.0,1,White,Joint,35-44,80.0,Loan originated
1,745000.0,45,925000.0,189.0,1,White,Joint,45-54,80.0,Loan originated
1,495000.0,42,795000.0,280.0,1,Hispanic or Latino,Female,65-74,62.03,Loan originated
1,705000.0,40,885000.0,187.0,1,White,Male,25-34,80.0,Loan originated
1,555000.0,46,585000.0,148.0,1,Hispanic or Latino,Male,25-34,95.0,Loan originated
1,225000.0,39,245000.0,72.0,1,Hispanic or Latino,Male,35-44,95.0,Loan originated
1,495000.0,49,515000.0,122.0,1,Black or African American,Female,25-34,97.0,Loan originated
1,445000.0,47,525000.0,125.0,1,Hispanic or Latino,Male,35-44,85.0,Loan originated
1,735000.0,38,775000.0,244.0,1,Black or African American,Joint,35-44,94.75,Loan originated
1,535000.0,48,605000.0,115.0,1,White,Female,25-34,87.97,Loan originated
1,465000.0,46,585000.0,108.0,1,White,Joint,45-54,80.0,Loan originated
1,425000.0,20%-<30%,795000.0,255.0,1,Asian,Joint,25-34,52.83,Loan originated
1,515000.0,38,685000.0,250.0,1,White,Male,25-34,75.0,Loan originated
1,975000.0,43,1025000.0,278.0,1,White,Joint,35-44,95.0,Loan originated
1,395000.0,<20%,695000.0,0.0,1,Asian,Female,55-64,57.0,Application denied
1,695000.0,47,865000.0,180.0,1,Black or African American,Joint,45-54,80.0,Loan originated
1,655000.0,41,1075000.0,148.0,1,Asian,Female,45-54,60.748,Loan originated
1,515000.0,39,1005000.0,162.0,1,Asian,Male,35-44,75.0,Loan originated
1,675000.0,30%-<36%,905000.0,248.0,1,Asian,Male,45-54,74.99997,Loan originated
1,445000.0,50%-60%,605000.0,90.0,1,Hispanic or Latino,Male,25-34,74.0,Application denied
1,565000.0,38,625000.0,153.0,1,White,Male,35-44,90.0,Loan originated
1,445000.0,47,1625000.0,121.0,1,Asian,Female,35-44,27.03,Loan originated
1,305000.0,20%-<30%,485000.0,106.0,1,White,Joint,35-44,63.09,Loan originated
1,1025000.0,48,1375000.0,272.0,1,Asian,Joint,35-44,74.49,Loan originated
1,735000.0,30%-<36%,1085000.0,260.0,1,Asian,Joint,35-44,67.89,Application denied
1,725000.0,20%-<30%,1215000.0,339.0,1,White,Joint,25-34,60.0,Loan originated
1,325000.0,48,405000.0,79.0,1,Black or African American,Male,25-34,80.0,Loan originated
1,625000.0,38,735000.0,183.0,1,Asian,Joint,25-34,85.0,Loan originated
1,305000.0,44,325000.0,85.0,1,Hispanic or Latino,Joint,<25,95.0,Loan originated
1,715000.0,46,895000.0,181.0,1,Black or African American,Female,25-34,80.0,Loan originated
1,755000.0,48,945000.0,187.0,1,Black or African American,Female,45-54,95.873,Loan originated
1,835000.0,41,1235000.0,242.0,1,White,Male,45-54,67.61,Loan originated
1,855000.0,20%-<30%,1655000.0,295.0,1,White,Male,25-34,51.515,Loan originated
1,525000.0,30%-<36%,575000.0,168.0,1,White,Joint,25-34,90.0,Loan originated
1,635000.0,43,795000.0,331.0,1,White,Joint,45-54,90.0,Loan originated
1,435000.0,20%-<30%,535000.0,161.0,1,Asian,Male,45-54,80.0,Loan originated
1,105000.0,42,175000.0,28.0,1,White,Female,55-64,54.118,Application denied
1,515000.0,<20%,645000.0,501.0,1,Hispanic or Latino,Male,55-64,80.0,Loan originated
1,405000.0,46,765000.0,89.0,1,Hispanic or Latino,Joint,55-64,53.0,Loan originated
1,295000.0,49,375000.0,54.0,1,Hispanic or Latino,Female,25-34,80.0,Loan originated
1,625000.0,49,775000.0,154.0,1,Asian,Joint,35-44,80.0,Loan originated
1,1035000.0,30%-<36%,1385000.0,469.0,1,Asian,Male,35-44,75.0,Loan originated
1,535000.0,44,745000.0,120.0,1,Asian,Male,25-34,71.334,Application denied
1,215000.0,44,305000.0,48.0,1,White,Male,25-34,70.0,Loan originated
1,505000.0,20%-<30%,635000.0,270.0,1,Hispanic or Latino,Female,25-34,80.0,Loan originated
1,545000.0,41,605000.0,148.0,1,Asian,Joint,25-34,90.0,Loan originated
1,225000.0,20%-<30%,515000.0,185.0,1,White,Joint,65-74,45.0,Loan originated
1,735000.0,43,1145000.0,177.0,1,White,Male,25-34,64.386,Loan originated
1,525000.0,44,555000.0,146.0,1,Hispanic or Latino,Joint,35-44,95.0,Loan originated
1,475000.0,41,815000.0,352.0,1,White,Male,55-64,59.0,Loan originated
1,315000.0,45,545000.0,110.0,1,White,Male,55-64,57.778,Loan originated
1,855000.0,42,905000.0,245.0,1,Asian,Joint,25-34,95.0,Loan originated
1,535000.0,41,595000.0,222.0,1,White,Male,45-54,89.983,Loan originated
1,445000.0,30%-<36%,525000.0,227.0,1,Hispanic or Latino,Joint,<25,85.0,Loan originated
1,565000.0,20%-<30%,595000.0,235.0,1,White,Joint,35-44,95.0,Loan originated
1,265000.0,46,345000.0,51.0,1,Hispanic or Latino,Male,35-44,76.76,Loan originated
1,305000.0,44,375000.0,73.0,1,White,Female,35-44,81.081,Loan originated
1,785000.0,47,1385000.0,280.0,1,White,Male,45-54,56.399,Loan originated
1,1095000.0,38,2185000.0,383.0,1,White,Joint,35-44,50.0,Loan originated
1,315000.0,40,535000.0,135.0,1,Hispanic or Latino,Male,35-44,58.879,Loan originated
1,805000.0,38,1005000.0,354.0,1,Asian,Male,55-64,79.96,Loan originated
1,205000.0,20%-<30%,275000.0,116.0,1,Asian,Male,45-54,75.0,Application denied
1,1025000.0,38,1285000.0,271.0,1,White,Male,45-54,80.0,Loan originated
1,655000.0,30%-<36%,765000.0,268.0,1,White,Female,<25,84.967,Loan originated
1,755000.0,46,1085000.0,264.0,1,White,Joint,35-44,70.0,Loan originated
1,505000.0,30%-<36%,855000.0,178.0,1,Asian,Male,35-44,58.48,Loan originated
1,295000.0,20%-<30%,425000.0,130.0,1,White,Joint,65-74,68.24,Loan originated
1,855000.0,41,905000.0,219.0,1,White,Joint,35-44,95.0,Loan originated
1,755000.0,48,795000.0,167.0,1,Black or African American,Joint,55-64,95.0,Loan originated
1,675000.0,49,845000.0,323.0,1,Asian,Male,<25,80.0,Loan originated
1,415000.0,39,615000.0,141.0,1,Asian,Female,35-44,67.48,Loan originated
1,135000.0,20%-<30%,145000.0,112.0,1,Hispanic or Latino,Joint,25-34,96.429,Application denied
1,575000.0,45,615000.0,175.0,1,White,Female,55-64,95.0,Loan originated
1,1135000.0,45,1415000.0,382.0,1,White,Female,65-74,80.0,Loan originated
1,765000.0,20%-<30%,1025000.0,255.0,1,Hispanic or Latino,Joint,35-44,75.0,Loan originated
1,875000.0,41,925000.0,373.0,1,White,Joint,25-34,95.0,Loan originated
1,875000.0,44,1155000.0,252.0,1,Asian,Male,45-54,75.65,Loan originated
1,435000.0,49,455000.0,180.0,1,Hispanic or Latino,Joint,35-44,95.0,Loan originated
1,555000.0,47,575000.0,153.0,1,Black or African American,Male,25-34,97.0,Loan originated
1,1015000.0,45,1265000.0,301.0,1,Asian,Male,25-34,80.0,Loan originated
1,965000.0,42,1205000.0,210.0,1,White,Female,35-44,80.0,Loan originated
1,1085000.0,>60%,1355000.0,254.0,1,White,Male,65-74,80.0,Loan originated
1,925000.0,30%-<36%,1155000.0,292.0,1,White,Female,25-34,80.0,Loan originated
1,255000.0,45,595000.0,86.0,1,Asian,Joint,25-34,42.373,Loan originated
1,415000.0,30%-<36%,425000.0,134.0,1,White,Female,25-34,97.0,Loan originated
1,135000.0,20%-<30%,145000.0,129.0,1,Hispanic or Latino,Female,<25,92.57,Application denied
1,895000.0,20%-<30%,1125000.0,353.0,1,Asian,Joint,25-34,79.983,Loan originated
1,1025000.0,49,1385000.0,214.0,1,Asian,Male,25-34,74.0,Loan originated
1,305000.0,46,655000.0,134.0,1,Hispanic or Latino,Female,45-54,46.565,Loan originated
1,215000.0,<20%,415000.0,241.0,1,White,Joint,55-64,51.43,Loan originated
1,625000.0,41,805000.0,250.0,1,White,Joint,45-54,79.0,Loan originated
1,305000.0,47,385000.0,68.0,1,White,Male,45-54,80.0,Loan originated
1,355000.0,47,445000.0,73.0,1,Asian,Joint,55-64,100.0,Loan originated
1,445000.0,47,455000.0,110.0,1,White,Female,25-34,97.0,Loan originated
1,595000.0,49,815000.0,154.0,1,Hispanic or Latino,Joint,35-44,72.96,Loan originated
1,695000.0,38,1295000.0,342.0,1,Asian,Joint,45-54,53.797,Loan originated
1,555000.0,37,615000.0,187.0,1,White,Joint,35-44,90.0,Loan originated
1,405000.0,49,435000.0,116.0,1,White,Male,45-54,93.33,Loan originated
1,755000.0,38,775000.0,225.0,1,Black or African American,Male,35-44,97.0,Application denied
1,265000.0,38,405000.0,102.0,1,White,Male,45-54,103.951,Application denied
1,265000.0,30%-<36%,565000.0,81.0,1,White,Male,25-34,46.429,Loan originated
1,655000.0,20%-<30%,775000.0,263.0,1,White,Male,35-44,85.0,Loan originated
1,875000.0,20%-<30%,1355000.0,305.0,1,White,Joint,25-34,65.0,Loan originated
1,555000.0,30%-<36%,655000.0,147.0,1,Asian,Male,25-34,85.0,Loan originated
1,705000.0,43,1055000.0,241.0,1,Hispanic or Latino,Joint,45-54,66.667,Loan originated
1,625000.0,48,655000.0,312.0,1,Asian,Joint,25-34,95.0,Loan originated
1,945000.0,48,1175000.0,187.0,1,Asian,Female,25-34,80.0,Loan originated
1,315000.0,45,355000.0,85.0,1,White,Male,25-34,90.0,Loan originated
1,375000.0,20%-<30%,735000.0,175.0,1,White,Joint,>74,51.37,Loan originated
1,375000.0,46,395000.0,195.0,1,Hispanic or Latino,Joint,35-44,95.0,Loan originated
1,685000.0,47,965000.0,156.0,1,Asian,Male,45-54,71.46,Loan originated
1,395000.0,39,545000.0,111.0,1,White,Female,45-54,72.222,Loan originated
1,965000.0,<20%,1205000.0,0.0,1,White,Female,35-44,80.0,Application denied
1,405000.0,42,555000.0,146.0,1,Hispanic or Latino,Male,35-44,72.973,Loan originated
1,755000.0,44,795000.0,157.0,1,Hispanic or Latino,Female,35-44,95.0,Loan originated
1,1065000.0,44,1335000.0,279.0,1,White,Male,25-34,80.0,Loan originated
1,755000.0,38,1075000.0,380.0,1,White,Joint,35-44,80.0,Loan originated
1,365000.0,20%-<30%,435000.0,167.0,1,Hispanic or Latino,Joint,55-64,85.0,Loan originated
1,545000.0,30%-<36%,675000.0,276.0,1,Asian,Joint,25-34,80.0,Loan originated
1,605000.0,43,755000.0,147.0,1,Asian,Joint,45-54,80.0,Loan originated
1,765000.0,45,865000.0,237.0,1,Hispanic or Latino,Joint,25-34,88.27,Loan originated
1,525000.0,30%-<36%,825000.0,172.0,1,White,Female,45-54,64.0,Loan originated
1,195000.0,49,265000.0,51.0,1,Asian,Female,35-44,76.442,Loan originated
1,385000.0,36,435000.0,116.0,1,White,Male,25-34,90.0,Loan originated
1,415000.0,43,515000.0,94.0,1,Asian,Male,25-34,100.0,Loan originated
1,915000.0,<20%,1295000.0,3685.0,1,White,Joint,25-34,70.747,Loan originated
1,385000.0,39,525000.0,96.0,1,Asian,Male,45-54,74.28,Loan originated
1,365000.0,48,385000.0,116.0,1,Hispanic or Latino,Female,45-54,95.0,Loan originated
1,585000.0,49,635000.0,133.0,1,Asian,Male,35-44,91.34,Application denied
1,575000.0,47,905000.0,151.0,1,Hispanic or Latino,Joint,55-64,63.889,Loan originated
1,415000.0,43,515000.0,94.0,1,Asian,Male,25-34,100.0,Loan originated
1,635000.0,20%-<30%,795000.0,229.0,1,Hispanic or Latino,Joint,25-34,80.0,Loan originated
1,405000.0,30%-<36%,855000.0,11.0,1,Asian,Male,25-34,47.06,Loan originated
1,765000.0,39,855000.0,228.0,1,White,Male,25-34,89.149,Loan originated
1,495000.0,50%-60%,575000.0,184.0,1,Asian,Male,25-34,85.0,Application denied
1,675000.0,47,845000.0,157.0,1,White,Male,55-64,80.0,Loan originated
1,435000.0,49,505000.0,106.0,1,Hispanic or Latino,Joint,35-44,87.0,Loan originated
1,1065000.0,42,1335000.0,556.0,1,White,Male,35-44,80.0,Loan originated
1,885000.0,37,1105000.0,271.0,1,White,Joint,25-34,80.0,Loan originated
1,495000.0,20%-<30%,625000.0,200.0,1,Asian,Female,35-44,80.0,Loan originated
1,725000.0,44,905000.0,190.0,1,White,Joint,35-44,80.0,Loan originated
1,445000.0,<20%,745000.0,342.0,1,Asian,Joint,25-34,59.6,Loan originated
1,605000.0,44,645000.0,154.0,1,Asian,Male,45-54,93.809,Loan originated
1,345000.0,20%-<30%,615000.0,153.0,1,White,Female,55-64,56.651,Loan originated
1,605000.0,30%-<36%,1005000.0,216.0,1,White,Joint,55-64,60.0,Loan originated
1,1105000.0,44,1385000.0,298.0,1,Asian,Joint,45-54,79.5,Loan originated
1,425000.0,43,495000.0,132.0,1,Hispanic or Latino,Male,55-64,85.0,Loan originated
1,255000.0,49,265000.0,60.0,1,Hispanic or Latino,Female,45-54,100.0,Loan originated
1,155000.0,49,595000.0,52.0,1,White,Male,>74,25.126,Loan originated
1,75000.0,20%-<30%,75000.0,58.0,1,Hispanic or Latino,Joint,35-44,95.0,Application denied
1,755000.0,40,2255000.0,230.0,1,White,Joint,35-44,34.0,Loan originated
1,295000.0,46,595000.0,89.0,1,Asian,Male,<25,50.0,Loan originated
1,515000.0,49,745000.0,418.0,1,White,Male,25-34,69.88,Loan originated
1,1145000.0,48,1675000.0,243.0,1,White,Joint,45-54,68.646,Loan originated
1,635000.0,45,935000.0,191.0,1,Hispanic or Latino,Female,65-74,68.0,Loan originated
1,435000.0,49,665000.0,99.0,1,Hispanic or Latino,Female,65-74,65.929,Loan originated
1,215000.0,49,805000.0,76.0,1,Asian,Female,55-64,26.25,Application denied
1,1085000.0,38,1605000.0,322.0,1,White,Joint,45-54,67.63,Loan originated
1,235000.0,49,455000.0,54.0,1,Asian,Joint,45-54,51.934,Loan originated
1,225000.0,50%-60%,245000.0,114.0,1,Hispanic or Latino,Female,25-34,95.0,Application denied
1,525000.0,42,625000.0,117.0,1,Asian,Joint,35-44,85.0,Loan originated
1,305000.0,44,425000.0,98.0,1,White,Female,65-74,72.0,Loan originated
1,635000.0,47,665000.0,248.0,1,White,Female,35-44,95.0,Loan originated
1,735000.0,38,985000.0,160.0,1,Asian,Joint,45-54,74.98,Loan originated
1,685000.0,42,855000.0,155.0,1,Asian,Joint,45-54,80.0,Loan originated
1,615000.0,30%-<36%,685000.0,191.0,1,Asian,Male,45-54,90.0,Loan originated
1,455000.0,49,2505000.0,173.0,1,White,Male,35-44,18.0,Loan originated
1,585000.0,20%-<30%,775000.0,225.0,1,Asian,Female,25-34,75.0,Loan originated
1,465000.0,47,545000.0,203.0,1,White,Female,35-44,85.0,Loan originated
1,375000.0,49,395000.0,175.0,1,Asian,Joint,<25,94.937,Loan originated
1,585000.0,48,735000.0,131.0,1,White,Joint,25-34,80.0,Loan originated
1,585000.0,39,975000.0,238.0,1,White,Joint,35-44,60.0,Loan originated
1,1005000.0,46,1955000.0,318.0,1,Asian,Joint,35-44,52.0,Loan originated
1,895000.0,47,1055000.0,219.0,1,White,Male,35-44,85.0,Loan originated
1,375000.0,50%-60%,625000.0,82.0,1,White,Female,45-54,59.95,Application denied
1,875000.0,39,1355000.0,250.0,1,White,Female,25-34,64.58,Loan originated
1,815000.0,20%-<30%,1675000.0,415.0,1,White,Joint,55-64,48.494,Loan originated
1,1085000.0,20%-<30%,1365000.0,583.0,1,Hispanic or Latino,Joint,35-44,80.0,Loan originated
1,615000.0,44,875000.0,190.0,1,White,Joint,55-64,70.0,Loan originated
1,315000.0,47,565000.0,175.0,1,Asian,Joint,65-74,55.752,Loan originated
1,425000.0,20%-<30%,625000.0,144.0,1,Hispanic or Latino,Joint,35-44,68.0,Application denied
1,665000.0,38,835000.0,238.0,1,Hispanic or Latino,Joint,55-64,80.0,Loan originated
1,575000.0,36,725000.0,192.0,1,Asian,Female,35-44,79.99994,Loan originated
1,505000.0,20%-<30%,1375000.0,441.0,1,Asian,Joint,25-34,37.0,Loan originated
1,365000.0,40,545000.0,89.0,1,White,Joint,35-44,67.185,Loan originated
1,405000.0,44,435000.0,108.0,1,White,Male,25-34,95.0,Loan originated
1,485000.0,49,535000.0,106.0,1,Hispanic or Latino,Male,25-34,90.0,Loan originated
1,1035000.0,39,1455000.0,317.0,1,White,Joint,25-34,84.83,Loan originated
1,405000.0,37,545000.0,152.0,1,Asian,Joint,25-34,74.862,Loan originated
1,205000.0,42,265000.0,58.0,1,Hispanic or Latino,Joint,35-44,100.0,Loan originated
1,685000.0,44,865000.0,160.0,1,Asian,Male,35-44,80.0,Loan originated
1,365000.0,20%-<30%,1665000.0,310.0,1,White,Joint,35-44,21.69,Loan originated
1,585000.0,20%-<30%,785000.0,240.0,1,Hispanic or Latino,Male,55-64,75.0,Loan originated
1,375000.0,50%-60%,375000.0,83.0,1,Asian,Male,35-44,100.67,Application denied
1,455000.0,49,565000.0,98.0,1,White,Female,65-74,80.0,Loan originated
1,595000.0,47,705000.0,186.0,1,Hispanic or Latino,Joint,45-54,85.0,Loan originated
1,325000.0,43,335000.0,66.0,1,Hispanic or Latino,Female,<25,97.0,Loan originated
1,645000.0,49,765000.0,234.0,1,Asian,Joint,35-44,84.61,Loan originated
1,485000.0,49,515000.0,119.0,1,Hispanic or Latino,Female,45-54,95.0,Loan originated
1,1005000.0,20%-<30%,1745000.0,494.0,1,Asian,Joint,35-44,57.28,Loan originated
1,1055000.0,49,1765000.0,213.0,1,White,Joint,65-74,60.0,Loan originated
1,605000.0,30%-<36%,1195000.0,218.0,1,White,Male,65-74,50.083,Loan originated
1,705000.0,37,725000.0,189.0,1,White,Male,45-54,97.0,Loan originated
1,1205000.0,49,1555000.0,246.0,1,Asian,Joint,25-34,78.0,Loan originated
1,325000.0,49,435000.0,121.0,1,White,Joint,<25,74.419,Loan originated
1,455000.0,45,955000.0,131.0,1,White,Joint,65-74,47.368,Loan originated
1,755000.0,36,935000.0,224.0,1,Asian,Joint,45-54,80.0,Loan originated
1,305000.0,<20%,315000.0,216.0,1,White,Male,35-44,97.0,Loan originated
1,795000.0,40,995000.0,210.0,1,White,Male,35-44,80.0,Loan originated
1,645000.0,49,805000.0,148.0,1,Asian,Male,45-54,80.0,Loan originated
1,865000.0,41,1075000.0,204.0,1,White,Joint,35-44,80.0,Loan originated
1,235000.0,41,405000.0,74.0,1,Black or African American,Female,65-74,57.5,Loan originated
1,465000.0,45,585000.0,94.0,1,Asian,Male,25-34,80.0,Loan originated
1,285000.0,20%-<30%,415000.0,109.0,1,Hispanic or Latino,Male,45-54,70.0,Loan originated
1,245000.0,45,485000.0,63.0,1,White,Female,35-44,50.0,Loan originated
1,175000.0,41,305000.0,62.0,1,Hispanic or Latino,Joint,45-54,57.351,Application denied
1,715000.0,40,785000.0,150.0,1,White,Female,25-34,91.154,Loan originated
1,755000.0,49,1005000.0,147.0,1,White,Joint,<25,75.0,Loan originated
1,595000.0,>60%,665000.0,139.0,1,Hispanic or Latino,Male,35-44,90.0,Application denied
1,435000.0,47,1235000.0,237.0,1,White,Joint,55-64,34.96,Loan originated
1,405000.0,39,425000.0,106.0,1,Hispanic or Latino,Male,35-44,95.0,Loan originated
1,205000.0,50%-60%,905000.0,111.0,1,Black or African American,Female,45-54,46.51,Application denied
1,745000.0,43,985000.0,165.0,1,Hispanic or Latino,Male,45-54,75.0,Loan originated
1,1035000.0,38,1155000.0,370.0,1,Hispanic or Latino,Joint,35-44,89.99,Loan originated
1,625000.0,47,735000.0,140.0,1,White,Female,25-34,85.0,Application denied
1,595000.0,48,765000.0,123.0,1,White,Male,25-34,97.48,Loan originated
1,935000.0,43,1165000.0,344.0,1,Asian,Joint,65-74,80.0,Loan originated
1,395000.0,45,405000.0,88.0,1,Hispanic or Latino,Male,<25,100.0,Loan originated
1,895000.0,>60%,1045000.0,95.0,1,Hispanic or Latino,Male,45-54,86.0,Application denied
1,755000.0,30%-<36%,1255000.0,261.0,1,Asian,Male,35-44,60.0,Loan originated
1,595000.0,44,615000.0,138.0,1,Hispanic or Latino,Male,35-44,97.0,Loan originated
1,705000.0,41,855000.0,190.0,1,Asian,Joint,35-44,100.0,Loan originated
1,495000.0,41,1195000.0,187.0,1,Hispanic or Latino,Male,35-44,41.409,Loan originated
1,505000.0,30%-<36%,1315000.0,240.0,1,White,Female,45-54,38.168,Loan originated
1,175000.0,46,185000.0,51.0,1,Hispanic or Latino,Female,25-34,100.0,Loan originated
1,1125000.0,20%-<30%,1405000.0,585.0,1,Asian,Joint,25-34,80.0,Loan originated
1,905000.0,30%-<36%,1135000.0,361.0,1,Asian,Joint,25-34,80.0,Loan originated
1,815000.0,42,1265000.0,200.0,1,Asian,Female,35-44,65.0,Loan originated
1,765000.0,30%-<36%,1015000.0,239.0,1,White,Joint,45-54,76.0,Loan originated
1,265000.0,43,345000.0,120.0,1,Asian,Male,25-34,74.99,Loan originated
1,505000.0,30%-<36%,625000.0,172.0,1,Hispanic or Latino,Male,25-34,80.0,Loan originated
1,415000.0,41,435000.0,230.0,1,White,Male,55-64,95.0,Loan originated
1,755000.0,49,1395000.0,171.0,1,White,Male,45-54,53.716,Loan originated
1,365000.0,48,975000.0,106.0,1,Hispanic or Latino,Joint,25-34,37.113,Loan originated
1,355000.0,37,375000.0,238.0,1,White,Male,65-74,95.0,Loan originated
1,425000.0,30%-<36%,445000.0,125.0,1,White,Male,25-34,96.87,Loan originated
1,385000.0,41,485000.0,91.0,1,White,Female,25-34,80.0,Loan originated
1,395000.0,39,405000.0,114.0,1,Hispanic or Latino,Male,35-44,96.9,Loan originated
1,545000.0,30%-<36%,775000.0,187.0,1,White,Joint,45-54,70.0,Loan originated
1,645000.0,49,805000.0,249.0,1,White,Joint,45-54,80.0,Loan originated
1,355000.0,50%-60%,375000.0,83.0,1,Hispanic or Latino,Joint,35-44,95.0,Application denied
1,355000.0,46,535000.0,106.0,1,White,Female,25-34,66.356,Loan originated
1,665000.0,44,825000.0,179.0,1,Asian,Female,35-44,80.0,Application denied
1,655000.0,44,1095000.0,167.0,1,White,Female,65-74,59.63,Loan originated
1,445000.0,37,565000.0,155.0,1,White,Joint,35-44,82.8,Loan originated
1,675000.0,45,875000.0,187.0,1,Asian,Joint,35-44,77.143,Loan originated
1,145000.0,30%-<36%,155000.0,61.0,1,White,Joint,65-74,95.0,Loan originated
1,555000.0,42,575000.0,149.0,1,Black or African American,Male,65-74,95.0,Loan originated
1,355000.0,36,935000.0,127.0,1,Asian,Male,35-44,37.634,Loan originated
1,465000.0,46,575000.0,118.0,1,Hispanic or Latino,Joint,25-34,80.0,Loan originated
1,295000.0,49,315000.0,77.0,1,Hispanic or Latino,Male,25-34,94.0,Loan originated
1,765000.0,20%-<30%,935000.0,281.0,1,White,Joint,35-44,82.425,Loan originated
1,355000.0,30%-<36%,855000.0,122.0,1,White,Joint,65-74,41.176,Loan originated
1,335000.0,30%-<36%,375000.0,159.0,1,White,Male,25-34,90.0,Loan originated
1,255000.0,42,585000.0,69.0,1,White,Male,45-54,103.248,Loan originated
1,395000.0,47,415000.0,96.0,1,Hispanic or Latino,Joint,25-34,97.0,Loan originated
1,195000.0,<20%,215000.0,107.0,1,Hispanic or Latino,Male,45-54,90.48,Loan originated
1,635000.0,49,1565000.0,150.0,1,White,Female,25-34,40.385,Loan originated
1,575000.0,<20%,725000.0,295.0,1,White,Male,45-54,80.0,Loan originated
1,205000.0,20%-<30%,255000.0,83.0,1,White,Joint,25-34,80.0,Loan originated
1,455000.0,49,565000.0,94.0,1,Hispanic or Latino,Male,35-44,80.0,Loan originated
1,1145000.0,42,1435000.0,455.0,1,White,Male,45-54,94.965,Loan originated
1,75000.0,30%-<36%,265000.0,35.0,1,White,Male,65-74,26.4,Loan originated
1,635000.0,48,665000.0,130.0,1,Hispanic or Latino,Female,25-34,95.0,Loan originated
1,335000.0,30%-<36%,425000.0,141.0,1,White,Joint,55-64,80.0,Loan originated
1,485000.0,40,645000.0,124.0,1,Asian,Female,25-34,75.0,Loan originated
1,245000.0,44,765000.0,74.0,1,White,Joint,65-74,31.89,Loan originated
1,345000.0,37,455000.0,86.0,1,Other,Male,25-34,76.131,Loan originated
1,705000.0,42,755000.0,177.0,1,Asian,Male,35-44,93.415,Loan originated
1,445000.0,41,555000.0,111.0,1,White,Male,35-44,80.0,Loan originated
1,235000.0,43,265000.0,160.0,1,White,Joint,35-44,90.0,Loan originated
1,925000.0,45,1325000.0,198.0,1,Asian,Male,25-34,69.43,Loan originated
1,815000.0,41,1085000.0,190.0,1,White,Joint,55-64,75.0,Loan originated
1,335000.0,30%-<36%,415000.0,146.0,1,White,Female,55-64,80.0,Loan originated
1,585000.0,45,1175000.0,183.0,1,White,Joint,65-74,50.0,Loan originated
1,385000.0,20%-<30%,395000.0,142.0,1,White,Joint,35-44,97.0,Loan originated
1,905000.0,44,1805000.0,214.0,1,Asian,Male,45-54,50.0,Loan originated
1,455000.0,42,485000.0,151.0,1,Asian,Joint,25-34,95.0,Loan originated
1,475000.0,49,655000.0,108.0,1,Hispanic or Latino,Male,55-64,72.0,Loan originated
1,375000.0,43,425000.0,89.0,1,Hispanic or Latino,Joint,65-74,90.0,Loan originated
1,225000.0,47,405000.0,60.0,1,Hispanic or Latino,Male,45-54,56.0,Application denied
1,685000.0,49,725000.0,137.0,1,Asian,Male,35-44,95.0,Loan originated
1,345000.0,40,415000.0,82.0,1,White,Female,25-34,84.146,Loan originated
1,765000.0,41,955000.0,238.0,1,Asian,Joint,35-44,80.0,Loan originated
1,225000.0,47,275000.0,118.0,1,White,Male,25-34,80.0,Application denied
1,595000.0,48,635000.0,157.0,1,White,Female,55-64,93.67,Loan originated
1,765000.0,30%-<36%,1455000.0,314.0,1,White,Male,35-44,52.866,Loan originated
1,605000.0,46,715000.0,147.0,1,Hispanic or Latino,Joint,25-34,85.0,Loan originated
1,975000.0,46,1305000.0,232.0,1,White,Male,55-64,75.0,Loan originated
1,385000.0,49,465000.0,87.0,1,Black or African American,Female,55-64,84.36,Loan originated
1,715000.0,41,905000.0,212.0,1,White,Joint,45-54,80.0,Loan originated
1,765000.0,48,955000.0,177.0,1,White,Joint,55-64,80.0,Loan originated
1,475000.0,39,505000.0,166.0,1,Hispanic or Latino,Joint,45-54,95.0,Loan originated
1,445000.0,44,765000.0,99.0,1,Asian,Female,35-44,57.52,Application denied
1,1005000.0,47,1285000.0,315.0,1,Hispanic or Latino,Female,45-54,77.822,Loan originated
1,345000.0,40,685000.0,182.0,1,White,Joint,55-64,50.0,Loan originated
1,705000.0,36,745000.0,236.0,1,Hispanic or Latino,Joint,35-44,95.0,Loan originated
1,635000.0,39,1205000.0,185.0,1,Asian,Joint,25-34,53.0,Loan originated
1,675000.0,43,835000.0,261.0,1,White,Joint,25-34,80.0,Loan originated
1,435000.0,45,715000.0,110.0,1,White,Male,25-34,60.0,Loan originated
1,295000.0,30%-<36%,445000.0,99.0,1,White,Joint,25-34,65.909,Loan originated
1,955000.0,>60%,1375000.0,153.0,1,Asian,Male,25-34,70.0,Application denied
1,635000.0,43,795000.0,143.0,1,Asian,Male,35-44,80.0,Loan originated
1,235000.0,20%-<30%,785000.0,311.0,1,White,Joint,55-64,29.936,Loan originated
1,305000.0,30%-<36%,375000.0,100.0,1,White,Female,45-54,80.0,Loan originated
1,895000.0,30%-<36%,1325000.0,241.0,1,Asian,Male,35-44,67.46,Loan originated
1,755000.0,44,1655000.0,323.0,1,Asian,Joint,55-64,45.45,Loan originated
1,365000.0,50%-60%,425000.0,67.0,1,Asian,Female,25-34,86.824,Application denied
1,345000.0,20%-<30%,365000.0,214.0,1,White,Female,45-54,95.0,Loan originated
1,335000.0,30%-<36%,495000.0,155.0,1,White,Male,35-44,67.82,Loan originated
1,545000.0,41,725000.0,128.0,1,Asian,Female,35-44,75.0,Loan originated
1,465000.0,44,515000.0,124.0,1,Asian,Joint,35-44,90.0,Loan originated
1,175000.0,20%-<30%,175000.0,97.0,1,Other,Female,25-34,94.972,Loan originated
1,685000.0,49,855000.0,141.0,1,Hispanic or Latino,Female,45-54,80.0,Loan originated
1,755000.0,46,1075000.0,157.0,1,White,Joint,55-64,70.0,Loan originated
1,675000.0,41,845000.0,305.0,1,White,Joint,45-54,80.0,Loan originated
1,585000.0,20%-<30%,1085000.0,314.0,1,White,Joint,55-64,53.309,Loan originated
1,575000.0,<20%,765000.0,315.0,1,White,Male,25-34,75.0,Application denied
1,405000.0,20%-<30%,635000.0,221.0,1,White,Female,35-44,65.0,Loan originated
1,725000.0,36,2995000.0,275.0,1,Asian,Male,55-64,24.207,Loan originated
1,885000.0,40,1105000.0,234.0,1,White,Joint,25-34,80.0,Loan originated
1,95000.0,45,125000.0,45.0,1,White,Male,<25,79.675,Loan originated
1,825000.0,50%-60%,1035000.0,164.0,1,White,Joint,65-74,79.991,Application denied
1,695000.0,40,935000.0,704.0,1,White,Male,55-64,75.0,Application denied
1,355000.0,45,375000.0,80.0,1,White,Joint,45-54,95.0,Loan originated
1,905000.0,40,955000.0,343.0,1,White,Male,25-34,95.0,Loan originated
1,385000.0,49,435000.0,88.0,1,Hispanic or Latino,Male,35-44,89.301,Loan originated
1,505000.0,48,575000.0,118.0,1,White,Joint,35-44,87.719,Loan originated
1,135000.0,43,155000.0,86.0,1,Hispanic or Latino,Joint,45-54,90.0,Loan originated
1,425000.0,30%-<36%,465000.0,126.0,1,White,Joint,>74,89.99,Loan originated
1,945000.0,30%-<36%,1185000.0,323.0,1,Asian,Joint,45-54,80.0,Loan originated
1,485000.0,39,695000.0,128.0,1,White,Male,35-44,70.0,Loan originated
1,595000.0,49,625000.0,115.0,1,Asian,Female,25-34,94.29,Loan originated
1,765000.0,42,1365000.0,191.0,1,White,Male,45-54,57.0,Loan originated
1,325000.0,47,905000.0,83.0,1,White,Female,45-54,36.11,Loan originated
1,935000.0,49,2525000.0,425.0,1,White,Joint,35-44,37.18,Loan originated
1,645000.0,49,805000.0,150.0,1,White,Male,25-34,80.0,Loan originated
1,535000.0,44,765000.0,219.0,1,Asian,Male,65-74,69.65,Loan originated
1,405000.0,47,795000.0,97.0,1,Hispanic or Latino,Female,45-54,50.31,Loan originated
1,155000.0,20%-<30%,585000.0,235.0,1,Asian,Joint,35-44,25.682,Loan originated
1,235000.0,42,695000.0,154.0,1,White,Joint,>74,33.0,Loan originated
1,365000.0,49,405000.0,79.0,1,Hispanic or Latino,Male,35-44,90.0,Loan originated
1,435000.0,20%-<30%,545000.0,273.0,1,White,Male,>74,80.0,Loan originated
1,355000.0,40,445000.0,83.0,1,Other,Male,25-34,80.0,Loan originated
1,235000.0,30%-<36%,285000.0,94.0,1,Hispanic or Latino,Male,35-44,80.0,Loan originated
1,185000.0,42,815000.0,81.0,1,Asian,Female,25-34,22.91,Loan originated
1,565000.0,42,1805000.0,115.0,1,White,Male,55-64,31.17,Loan originated
1,385000.0,38,695000.0,114.0,1,Asian,Male,25-34,55.827,Loan originated
1,425000.0,48,855000.0,97.0,1,Asian,Female,35-44,50.0,Loan originated
1,445000.0,49,735000.0,92.0,1,White,Female,25-34,60.274,Loan originated
1,325000.0,20%-<30%,485000.0,132.0,1,White,Joint,25-34,67.955,Loan originated
1,685000.0,45,715000.0,156.0,1,White,Male,25-34,97.0,Loan originated
1,415000.0,48,585000.0,71.0,1,Black or African American,Female,65-74,70.0,Loan originated
1,425000.0,<20%,455000.0,221.0,1,Hispanic or Latino,Male,35-44,95.0,Loan originated
1,95000.0,20%-<30%,105000.0,83.0,1,White,Female,65-74,91.74,Loan originated
1,345000.0,37,515000.0,117.0,1,White,Male,25-34,66.02,Loan originated
1,735000.0,30%-<36%,865000.0,307.0,1,Hispanic or Latino,Female,25-34,85.0,Loan originated
1,475000.0,42,535000.0,120.0,1,Hispanic or Latino,Male,25-34,93.0,Loan originated
1,765000.0,46,815000.0,162.0,1,Asian,Male,25-34,95.0,Loan originated
1,415000.0,30%-<36%,775000.0,260.0,1,White,Joint,65-74,53.68,Loan originated
1,645000.0,42,675000.0,198.0,1,White,Joint,35-44,95.0,Loan originated
1,375000.0,48,475000.0,96.0,1,White,Joint,35-44,78.947,Loan originated
1,735000.0,39,915000.0,249.0,1,White,Joint,45-54,80.0,Loan originated
1,365000.0,42,725000.0,100.0,1,White,Male,25-34,49.655,Loan originated
1,745000.0,50%-60%,795000.0,187.0,1,Hispanic or Latino,Male,25-34,94.129,Application denied
1,525000.0,<20%,925000.0,704.0,1,White,Joint,45-54,57.0,Loan originated
1,1135000.0,36,1425000.0,284.0,1,Asian,Joint,35-44,80.0,Loan originated
1,45000.0,30%-<36%,325000.0,60.0,1,Hispanic or Latino,Female,35-44,15.35,Loan originated
1,725000.0,42,745000.0,187.0,1,Asian,Female,35-44,97.0,Loan originated
1,195000.0,<20%,245000.0,279.0,1,Asian,Joint,25-34,80.0,Application denied
1,555000.0,30%-<36%,625000.0,175.0,1,Asian,Female,25-34,90.0,Loan originated
1,405000.0,43,425000.0,105.0,1,Hispanic or Latino,Joint,<25,97.0,Loan originated
1,305000.0,38,495000.0,95.0,1,White,Joint,35-44,62.299,Loan originated
1,755000.0,36,825000.0,252.0,1,Other,Joint,25-34,91.54,Loan originated
1,505000.0,39,1315000.0,200.0,1,White,Female,35-44,38.02,Loan originated
1,885000.0,<20%,1175000.0,929.0,1,White,Male,35-44,75.0,Loan originated
1,485000.0,39,505000.0,144.0,1,Hispanic or Latino,Female,35-44,97.0,Loan originated
1,485000.0,36,605000.0,117.0,1,Asian,Male,25-34,80.0,Loan originated
1,745000.0,46,935000.0,170.0,1,Asian,Male,25-34,80.0,Loan originated
1,875000.0,41,1095000.0,206.0,1,Asian,Joint,45-54,80.0,Loan originated
1,545000.0,49,735000.0,112.0,1,White,Male,25-34,75.0,Loan originated
1,485000.0,48,515000.0,230.0,1,Asian,Male,25-34,95.0,Loan originated
1,535000.0,46,675000.0,151.0,1,Asian,Joint,35-44,80.0,Loan originated
1,455000.0,47,635000.0,133.0,1,White,Female,35-44,72.0,Loan originated
1,905000.0,30%-<36%,1135000.0,927.0,1,White,Male,45-54,80.0,Loan originated
1,505000.0,>60%,635000.0,147.0,1,Hispanic or Latino,Joint,25-34,80.0,Loan originated
1,805000.0,47,1105000.0,307.0,1,Asian,Male,35-44,72.727,Loan originated
1,145000.0,30%-<36%,795000.0,120.0,1,White,Female,65-74,17.808,Loan originated
1,315000.0,30%-<36%,325000.0,132.0,1,White,Joint,25-34,97.0,Loan originated
1,565000.0,30%-<36%,815000.0,234.0,1,Asian,Joint,25-34,69.17,Loan originated
1,1045000.0,40,1305000.0,243.0,1,White,Male,35-44,80.0,Application denied
1,975000.0,42,1615000.0,234.0,1,Asian,Male,35-44,60.383,Loan originated
1,765000.0,43,955000.0,202.0,1,White,Joint,25-34,80.0,Loan originated
1,575000.0,49,825000.0,186.0,1,White,Joint,35-44,69.875,Loan originated
1,775000.0,42,1125000.0,210.0,1,Hispanic or Latino,Male,65-74,69.2,Loan originated
1,265000.0,20%-<30%,335000.0,134.0,1,White,Joint,55-64,80.0,Loan originated
1,725000.0,45,905000.0,179.0,1,Asian,Male,35-44,80.0,Loan originated
1,375000.0,46,535000.0,168.0,1,White,Joint,65-74,70.0,Loan originated
1,645000.0,20%-<30%,685000.0,430.0,1,White,Male,35-44,95.0,Loan originated
1,405000.0,47,605000.0,94.0,1,White,Male,45-54,66.942,Loan originated
1,245000.0,36,665000.0,149.0,1,Hispanic or Latino,Joint,35-44,36.364,Loan originated
1,945000.0,20%-<30%,1415000.0,428.0,1,White,Joint,35-44,66.78,Loan originated
1,295000.0,43,695000.0,90.0,1,Asian,Male,25-34,42.731,Loan originated
1,765000.0,30%-<36%,955000.0,385.0,1,Hispanic or Latino,Female,45-54,80.0,Loan originated
1,495000.0,30%-<36%,625000.0,236.0,1,White,Male,55-64,80.0,Loan originated
1,765000.0,49,3555000.0,262.0,1,White,Male,65-74,21.593,Loan originated
1,465000.0,43,495000.0,100.0,1,White,Male,55-64,94.997,Loan originated
1,395000.0,38,495000.0,105.0,1,Asian,Joint,35-44,80.0,Loan originated
1,395000.0,20%-<30%,575000.0,169.0,1,Asian,Female,45-54,70.0,Loan originated
1,605000.0,36,765000.0,186.0,1,White,Male,35-44,80.0,Loan originated
1,285000.0,49,485000.0,203.0,1,White,Male,>74,58.805,Loan originated
1,285000.0,41,365000.0,100.0,1,Hispanic or Latino,Joint,25-34,80.0,Loan originated
1,135000.0,<20%,285000.0,88.0,1,White,Male,45-54,49.286,Loan originated
1,685000.0,20%-<30%,865000.0,294.0,1,White,Male,35-44,80.0,Loan originated
1,215000.0,20%-<30%,525000.0,189.0,1,Asian,Male,55-64,40.38,Loan originated
1,575000.0,20%-<30%,1075000.0,229.0,1,White,Male,35-44,53.488,Loan originated
1,995000.0,49,1605000.0,195.0,1,Asian,Male,25-34,62.45,Loan originated
1,765000.0,>60%,1105000.0,53.0,1,White,Joint,45-54,69.69,Application denied
1,395000.0,49,415000.0,187.0,1,Hispanic or Latino,Joint,25-34,95.0,Loan originated
1,555000.0,43,765000.0,130.0,1,Asian,Male,35-44,72.549,Loan originated
1,385000.0,<20%,1485000.0,517.0,1,Asian,Joint,55-64,26.141,Loan originated
1,1045000.0,46,1305000.0,230.0,1,White,Joint,25-34,80.0,Loan originated
1,755000.0,42,1645000.0,485.0,1,White,Joint,45-54,45.71,Loan originated
1,355000.0,36,375000.0,194.0,1,White,Male,25-34,95.0,Loan originated
1,515000.0,41,525000.0,158.0,1,White,Female,35-44,97.0,Loan originated
1,355000.0,49,755000.0,77.0,1,Asian,Male,65-74,46.667,Loan originated
1,875000.0,38,1095000.0,208.0,1,Asian,Female,35-44,80.0,Loan originated
1,465000.0,47,695000.0,105.0,1,Asian,Male,35-44,67.826,Loan originated
1,665000.0,30%-<36%,835000.0,224.0,1,White,Joint,45-54,80.0,Loan originated
1,815000.0,42,845000.0,250.0,1,Asian,Male,35-44,96.56,Application denied
1,765000.0,30%-<36%,1135000.0,250.0,1,Asian,Female,45-54,67.97,Loan originated
1,85000.0,37,85000.0,58.0,1,White,Joint,<25,95.0,Application denied
1,645000.0,36,805000.0,190.0,1,Asian,Male,35-44,80.0,Loan originated
1,355000.0,20%-<30%,1105000.0,168.0,1,White,Joint,55-64,31.818,Loan originated
1,205000.0,50%-60%,305000.0,40.0,1,Asian,Male,65-74,66.667,Application denied
1,845000.0,37,1055000.0,239.0,1,Asian,Joint,25-34,80.0,Loan originated
1,655000.0,37,855000.0,265.0,1,White,Female,55-64,76.471,Loan originated
1,375000.0,43,435000.0,85.0,1,White,Male,<25,88.0,Loan originated
1,925000.0,>60%,965000.0,115.0,1,White,Female,35-44,94.99,Application denied
1,415000.0,46,555000.0,106.0,1,Black or African American,Male,35-44,75.0,Loan originated
1,675000.0,39,845000.0,286.0,1,White,Male,35-44,80.0,Loan originated
1,685000.0,48,855000.0,178.0,1,Asian,Female,35-44,80.0,Loan originated
1,405000.0,30%-<36%,505000.0,165.0,1,Hispanic or Latino,Female,35-44,80.0,Loan originated
1,365000.0,40,405000.0,93.0,1,White,Joint,35-44,90.0,Loan originated
1,825000.0,30%-<36%,925000.0,584.0,1,Asian,Joint,45-54,90.0,Loan originated
1,305000.0,30%-<36%,675000.0,118.0,1,White,Female,45-54,44.44,Loan originated
1,415000.0,41,445000.0,143.0,1,White,Joint,55-64,95.0,Loan originated
1,205000.0,44,805000.0,123.0,1,White,Joint,65-74,25.0,Loan originated
1,435000.0,30%-<36%,575000.0,155.0,1,White,Male,25-34,75.0,Loan originated
1,565000.0,43,785000.0,150.0,1,White,Joint,25-34,71.815,Loan originated
1,795000.0,37,995000.0,204.0,1,Hispanic or Latino,Male,55-64,80.0,Loan originated
1,675000.0,38,845000.0,169.0,1,Asian,Joint,55-64,80.0,Loan originated
1,565000.0,39,705000.0,170.0,1,White,Joint,25-34,80.0,Loan originated
1,1005000.0,39,1255000.0,260.0,1,Hispanic or Latino,Female,25-34,80.0,Loan originated
1,355000.0,40,495000.0,117.0,1,White,Female,25-34,71.944,Loan originated
1,305000.0,30%-<36%,375000.0,91.0,1,Asian,Joint,25-34,80.0,Loan originated
1,995000.0,40,1285000.0,314.0,1,Asian,Female,45-54,78.125,Loan originated
1,535000.0,39,705000.0,155.0,1,Asian,Joint,35-44,75.749,Loan originated
1,715000.0,44,795000.0,155.0,1,Asian,Male,25-34,89.99,Application denied
1,245000.0,43,275000.0,70.0,1,Hispanic or Latino,Female,45-54,89.11,Loan originated
1,635000.0,39,715000.0,261.0,1,White,Female,25-34,90.0,Loan originated
1,1145000.0,40,1555000.0,393.0,1,White,Joint,45-54,75.0,Loan originated
1,515000.0,44,1255000.0,150.0,1,White,Joint,35-44,41.2,Loan originated
1,435000.0,42,665000.0,143.0,1,Hispanic or Latino,Female,35-44,64.354,Loan originated
1,185000.0,43,685000.0,73.0,1,Asian,Male,55-64,26.684,Loan originated
1,295000.0,20%-<30%,735000.0,183.0,1,White,Female,25-34,39.726,Loan originated
1,555000.0,43,695000.0,163.0,1,Hispanic or Latino,Joint,45-54,80.0,Loan originated
1,465000.0,30%-<36%,715000.0,199.0,1,White,Female,35-44,65.0,Application denied
1,425000.0,39,1375000.0,311.0,1,White,Joint,>74,30.91,Loan originated
1,315000.0,38,455000.0,91.0,1,Asian,Female,25-34,70.0,Loan originated
1,1005000.0,20%-<30%,1255000.0,593.0,1,White,Male,25-34,80.0,Loan originated
1,345000.0,48,405000.0,81.0,1,Hispanic or Latino,Male,25-34,85.0,Loan originated
1,1075000.0,41,1615000.0,290.0,1,Asian,Joint,35-44,66.65,Loan originated
1,765000.0,30%-<36%,955000.0,249.0,1,White,Joint,25-34,80.0,Loan originated
1,565000.0,49,745000.0,214.0,1,Hispanic or Latino,Male,45-54,75.0,Loan originated
1,385000.0,38,415000.0,168.0,1,Hispanic or Latino,Male,45-54,95.0,Loan originated
1,335000.0,20%-<30%,415000.0,731.0,1,White,Male,25-34,80.0,Loan originated
1,935000.0,30%-<36%,1885000.0,518.0,1,White,Joint,35-44,50.0,Loan originated
1,445000.0,46,595000.0,94.0,1,Asian,Female,55-64,95.0,Loan originated
1,195000.0,45,315000.0,65.0,1,White,Joint,55-64,60.317,Loan originated
1,525000.0,49,555000.0,167.0,1,Hispanic or Latino,Male,<25,95.0,Loan originated
1,545000.0,>60%,605000.0,101.0,1,Hispanic or Latino,Female,35-44,90.0,Application denied
1,705000.0,48,875000.0,168.0,1,White,Joint,35-44,80.0,Loan originated
1,415000.0,42,545000.0,134.0,1,Hispanic or Latino,Female,35-44,76.058,Loan originated
1,1145000.0,39,1495000.0,289.0,1,White,Female,35-44,76.651,Loan originated
1,205000.0,36,225000.0,144.0,1,Asian,Joint,55-64,92.86,Application denied
1,285000.0,47,295000.0,67.0,1,White,Female,65-74,97.0,Loan originated
1,655000.0,20%-<30%,1305000.0,173.0,1,Asian,Male,45-54,50.0,Loan originated
1,455000.0,49,695000.0,102.0,1,White,Female,65-74,65.0,Loan originated
1,705000.0,40,725000.0,269.0,1,Black or African American,Female,65-74,100.0,Application denied
1,1105000.0,20%-<30%,1385000.0,568.0,1,White,Male,35-44,80.0,Loan originated
1,665000.0,47,835000.0,132.0,1,Hispanic or Latino,Male,25-34,80.0,Loan originated
1,655000.0,47,695000.0,158.0,1,Asian,Joint,25-34,95.0,Loan originated
1,735000.0,44,815000.0,162.0,1,Hispanic or Latino,Joint,25-34,90.0,Loan originated
1,605000.0,<20%,985000.0,13562.0,1,Asian,Male,25-34,61.58,Loan originated
1,485000.0,20%-<30%,695000.0,223.0,1,White,Joint,65-74,70.0,Loan originated
1,585000.0,38,735000.0,183.0,1,Hispanic or Latino,Male,35-44,80.0,Loan originated
1,85000.0,<20%,115000.0,67.0,1,White,Male,45-54,80.0,Loan originated
1,425000.0,30%-<36%,955000.0,146.0,1,Asian,Male,35-44,43.97,Loan originated
1,185000.0,47,385000.0,62.0,1,White,Joint,>74,46.767,Loan originated
1,735000.0,45,865000.0,184.0,1,White,Female,35-44,85.0,Loan originated
1,645000.0,39,685000.0,214.0,1,Asian,Joint,35-44,95.0,Loan originated
1,485000.0,38,615000.0,135.0,1,White,Male,45-54,80.0,Loan originated
1,165000.0,44,305000.0,33.0,1,Hispanic or Latino,Female,25-34,53.0,Loan originated
1,505000.0,48,555000.0,180.0,1,Hispanic or Latino,Joint,25-34,90.0,Loan originated
1,275000.0,37,535000.0,153.0,1,Asian,Male,35-44,53.0,Loan originated
1,325000.0,48,1255000.0,88.0,1,Asian,Male,<25,26.0,Loan originated
1,1145000.0,37,1555000.0,376.0,1,Asian,Joint,45-54,73.633,Loan originated
1,525000.0,30%-<36%,725000.0,179.0,1,Asian,Male,25-34,72.222,Loan originated
1,265000.0,45,285000.0,126.0,1,White,Male,65-74,90.0,Application denied
1,395000.0,48,485000.0,76.0,1,White,Joint,55-64,80.0,Loan originated
1,425000.0,30%-<36%,445000.0,126.0,1,White,Male,25-34,95.0,Loan originated
1,115000.0,<20%,615000.0,158.0,1,Hispanic or Latino,Female,25-34,19.0,Loan originated
1,545000.0,>60%,695000.0,45.0,1,White,Joint,55-64,79.182,Application denied
1,655000.0,30%-<36%,1065000.0,227.0,1,Asian,Male,55-64,61.784,Loan originated
1,235000.0,20%-<30%,635000.0,126.0,1,White,Joint,65-74,36.508,Loan originated
1,315000.0,40,325000.0,80.0,1,White,Male,<25,97.0,Loan originated
1,845000.0,39,1175000.0,257.0,1,Asian,Male,25-34,71.915,Loan originated
1,565000.0,36,765000.0,179.0,1,White,Joint,25-34,74.0,Loan originated
1,465000.0,30%-<36%,555000.0,128.0,1,Hispanic or Latino,Joint,35-44,83.78,Loan originated
1,475000.0,48,495000.0,118.0,1,Black or African American,Joint,35-44,95.0,Loan originated
1,695000.0,38,755000.0,186.0,1,Hispanic or Latino,Joint,35-44,92.7,Loan originated
1,685000.0,>60%,735000.0,304.0,1,Black or African American,Joint,45-54,93.22,Application denied
1,495000.0,41,525000.0,413.0,1,Asian,Joint,55-64,95.0,Loan originated
1,45000.0,50%-60%,65000.0,55.0,1,White,Male,65-74,67.21,Application denied
1,545000.0,20%-<30%,685000.0,320.0,1,Asian,Joint,25-34,80.0,Loan originated
1,555000.0,43,695000.0,158.0,1,Asian,Female,35-44,80.0,Loan originated
1,765000.0,49,905000.0,220.0,1,Asian,Joint,35-44,84.627,Loan originated
1,585000.0,30%-<36%,735000.0,212.0,1,Asian,Joint,45-54,80.0,Loan originated
1,675000.0,42,755000.0,166.0,1,White,Joint,55-64,90.0,Loan originated
1,515000.0,44,565000.0,135.0,1,Asian,Male,25-34,89.983,Loan originated
1,765000.0,46,1015000.0,278.0,1,Asian,Joint,<25,75.0,Loan originated
1,415000.0,39,595000.0,144.0,1,Asian,Female,45-54,70.0,Loan originated
1,615000.0,49,685000.0,163.0,1,Asian,Joint,35-44,90.0,Loan originated
1,415000.0,49,555000.0,85.0,1,Asian,Female,25-34,75.0,Loan originated
1,325000.0,38,415000.0,114.0,1,Hispanic or Latino,Joint,65-74,80.0,Loan originated
1,35000.0,46,65000.0,36.0,1,White,Female,>74,52.45,Application denied
1,555000.0,20%-<30%,755000.0,276.0,1,White,Male,25-34,73.475,Loan originated
1,475000.0,48,495000.0,130.0,1,Hispanic or Latino,Joint,<25,97.0,Loan originated
1,515000.0,46,1105000.0,465.0,1,White,Joint,45-54,46.45,Loan originated
1,1145000.0,40,1355000.0,265.0,1,White,Joint,35-44,85.0,Loan originated
1,395000.0,30%-<36%,575000.0,158.0,1,White,Joint,25-34,69.5,Loan originated
1,315000.0,41,425000.0,73.0,1,Hispanic or Latino,Female,25-34,99.0,Loan originated
1,1135000.0,46,1425000.0,329.0,1,Asian,Joint,35-44,80.0,Loan originated
1,625000.0,38,775000.0,259.0,1,Asian,Female,25-34,80.0,Loan originated
1,705000.0,49,805000.0,178.0,1,White,Joint,25-34,87.64,Loan originated
1,495000.0,30%-<36%,795000.0,153.0,1,White,Male,55-64,62.025,Loan originated
1,645000.0,44,675000.0,206.0,1,Hispanic or Latino,Female,25-34,95.0,Application denied
1,515000.0,20%-<30%,615000.0,549.0,1,White,Male,55-64,83.09,Loan originated
1,965000.0,20%-<30%,1205000.0,319.0,1,White,Male,35-44,80.0,Loan originated
1,245000.0,30%-<36%,265000.0,135.0,1,Hispanic or Latino,Male,25-34,95.0,Loan originated
1,365000.0,48,375000.0,81.0,1,Hispanic or Latino,Joint,25-34,95.0,Loan originated
1,435000.0,30%-<36%,635000.0,272.0,1,Asian,Male,35-44,68.294,Loan originated
1,455000.0,39,565000.0,135.0,1,Asian,Male,35-44,80.0,Loan originated
1,905000.0,41,1215000.0,200.0,1,Asian,Male,35-44,75.0,Loan originated
1,425000.0,41,455000.0,104.0,1,Hispanic or Latino,Male,25-34,95.0,Loan originated
1,655000.0,30%-<36%,1015000.0,234.0,1,White,Male,25-34,65.0,Loan originated
1,755000.0,30%-<36%,1655000.0,328.0,1,Asian,Male,45-54,75.273,Application denied
1,265000.0,45,425000.0,65.0,1,White,Female,35-44,62.0,Loan originated
1,725000.0,42,715000.0,177.0,1,White,Male,35-44,101.75,Loan originated
1,765000.0,30%-<36%,1725000.0,365.0,1,White,Joint,35-44,44.567,Loan originated
1,415000.0,30%-<36%,425000.0,159.0,1,White,Joint,35-44,100.0,Loan originated
1,145000.0,20%-<30%,185000.0,98.0,1,White,Joint,65-74,77.66,Loan originated
1,525000.0,44,645000.0,134.0,1,Black or African American,Male,25-34,102.0,Loan originated
1,885000.0,49,1115000.0,394.0,1,White,Joint,25-34,80.0,Loan originated
1,595000.0,46,845000.0,180.0,1,White,Female,55-64,70.0,Loan originated
1,295000.0,20%-<30%,695000.0,142.0,1,Asian,Male,35-44,42.446,Loan originated
1,845000.0,42,885000.0,516.0,1,Hispanic or Latino,Joint,35-44,95.0,Loan originated
1,465000.0,45,485000.0,99.0,1,White,Joint,45-54,95.0,Loan originated
1,455000.0,30%-<36%,565000.0,126.0,1,Asian,Male,<25,80.0,Loan originated
1,495000.0,20%-<30%,635000.0,185.0,1,Hispanic or Latino,Male,25-34,78.055,Loan originated
1,335000.0,38,355000.0,173.0,1,Hispanic or Latino,Male,25-34,95.0,Loan originated
1,155000.0,48,555000.0,57.0,1,White,Female,65-74,28.0,Loan originated
1,525000.0,47,585000.0,188.0,1,White,Female,25-34,89.915,Loan originated
1,325000.0,39,335000.0,81.0,1,Hispanic or Latino,Male,25-34,97.0,Loan originated
1,525000.0,20%-<30%,1175000.0,255.0,1,White,Joint,55-64,44.591,Application denied
1,245000.0,20%-<30%,775000.0,164.0,1,White,Joint,45-54,31.818,Loan originated
1,305000.0,44,405000.0,85.0,1,White,Male,55-64,75.0,Loan originated
1,1105000.0,30%-<36%,1405000.0,500.0,1,White,Male,35-44,78.572,Loan originated
1,705000.0,36,785000.0,224.0,1,White,Joint,55-64,90.0,Loan originated
1,705000.0,42,875000.0,233.0,1,White,Joint,25-34,80.0,Loan originated
1,1145000.0,20%-<30%,1275000.0,371.0,1,White,Joint,25-34,89.961,Loan originated
1,955000.0,20%-<30%,1365000.0,368.0,1,Asian,Joint,35-44,70.0,Loan originated
1,225000.0,41,315000.0,112.0,1,Hispanic or Latino,Female,55-64,71.0,Loan originated
1,705000.0,30%-<36%,945000.0,317.0,1,Asian,Male,35-44,75.0,Loan originated
1,1035000.0,20%-<30%,1735000.0,395.0,1,Asian,Joint,45-54,59.692,Loan originated
1,145000.0,38,425000.0,60.0,1,White,Male,65-74,32.94,Loan originated
1,925000.0,30%-<36%,1165000.0,352.0,1,White,Joint,35-44,80.0,Loan originated
1,835000.0,42,1075000.0,197.0,1,White,Male,25-34,77.209,Loan originated
1,365000.0,30%-<36%,375000.0,125.0,1,Hispanic or Latino,Joint,25-34,101.37,Loan originated
1,505000.0,30%-<36%,665000.0,221.0,1,Asian,Female,45-54,75.0,Loan originated
1,515000.0,30%-<36%,645000.0,181.0,1,White,Male,35-44,80.0,Loan originated
1,325000.0,41,345000.0,85.0,1,Asian,Male,35-44,100.0,Loan originated
1,515000.0,45,645000.0,197.0,1,White,Joint,55-64,80.0,Loan originated
1,335000.0,30%-<36%,355000.0,105.0,1,Hispanic or Latino,Male,35-44,95.0,Loan originated
1,1125000.0,37,2525000.0,400.0,1,White,Joint,35-44,54.37,Loan originated
1,765000.0,45,875000.0,198.0,1,Asian,Male,35-44,88.11,Loan originated
1,955000.0,49,1425000.0,255.0,1,White,Male,45-54,66.947,Loan originated
1,1085000.0,41,1205000.0,299.0,1,White,Female,45-54,90.0,Loan originated
1,985000.0,41,1225000.0,212.0,1,Asian,Male,35-44,80.0,Loan originated
1,265000.0,40,375000.0,66.0,1,Hispanic or Latino,Female,35-44,97.36,Loan originated
1,655000.0,45,825000.0,168.0,1,Hispanic or Latino,Male,35-44,98.3,Loan originated
1,125000.0,20%-<30%,425000.0,89.0,1,White,Joint,55-64,29.0,Loan originated
1,665000.0,42,695000.0,197.0,1,White,Female,45-54,94.99,Loan originated
1,335000.0,20%-<30%,425000.0,207.0,1,Hispanic or Latino,Male,45-54,80.0,Loan originated
1,775000.0,20%-<30%,975000.0,421.0,1,Hispanic or Latino,Male,35-44,80.0,Application denied
1,345000.0,30%-<36%,595000.0,87.0,1,Asian,Male,35-44,57.983,Loan originated
1,585000.0,38,605000.0,169.0,1,Hispanic or Latino,Joint,35-44,97.0,Loan originated
1,305000.0,46,545000.0,101.0,1,Hispanic or Latino,Male,35-44,55.963,Loan originated
1,305000.0,44,375000.0,65.0,1,Asian,Female,<25,80.0,Loan originated
1,1025000.0,46,1285000.0,192.0,1,Asian,Male,35-44,80.0,Application denied
1,315000.0,49,325000.0,81.0,1,White,Male,25-34,97.0,Loan originated
1,45000.0,30%-<36%,95000.0,79.0,1,White,Female,65-74,52.81,Loan originated
1,735000.0,45,825000.0,192.0,1,Asian,Joint,25-34,90.0,Loan originated
1,655000.0,39,825000.0,167.0,1,White,Joint,25-34,80.0,Loan originated
1,215000.0,38,265000.0,67.0,1,Hispanic or Latino,Male,25-34,80.0,Loan originated
1,695000.0,37,735000.0,178.0,1,White,Joint,25-34,95.0,Loan originated
1,755000.0,41,945000.0,183.0,1,White,Joint,25-34,80.0,Loan originated
1,425000.0,36,535000.0,124.0,1,Hispanic or Latino,Male,25-34,80.0,Loan originated
1,325000.0,30%-<36%,805000.0,465.0,1,Hispanic or Latino,Joint,55-64,40.858,Loan originated
1,715000.0,45,795000.0,257.0,1,White,Joint,25-34,90.0,Loan originated
1,815000.0,43,915000.0,237.0,1,White,Female,35-44,90.0,Loan originated
1,995000.0,41,1235000.0,243.0,1,Hispanic or Latino,Male,35-44,80.0,Loan originated
1,625000.0,30%-<36%,1075000.0,286.0,1,Asian,Joint,35-44,58.14,Loan originated
1,365000.0,47,415000.0,86.0,1,Hispanic or Latino,Male,35-44,90.0,Application denied
1,515000.0,46,725000.0,97.0,1,Hispanic or Latino,Female,45-54,70.345,Loan originated
1,305000.0,30%-<36%,385000.0,192.0,1,White,Male,25-34,80.0,Loan originated
1,315000.0,41,325000.0,100.0,1,Hispanic or Latino,Female,35-44,95.0,Loan originated
1,515000.0,30%-<36%,565000.0,158.0,1,Asian,Male,25-34,90.0,Loan originated
1,325000.0,40,575000.0,139.0,1,White,Male,25-34,56.14,Loan originated
1,595000.0,47,745000.0,130.0,1,Black or African American,Male,35-44,100.0,Loan originated
1,755000.0,43,945000.0,214.0,1,Asian,Joint,25-34,80.0,Loan originated
1,55000.0,36,135000.0,122.0,1,White,Female,65-74,41.65,Loan originated
1,1005000.0,49,1775000.0,216.0,1,Hispanic or Latino,Male,35-44,56.338,Loan originated
1,525000.0,46,695000.0,135.0,1,Asian,Female,25-34,75.0,Loan originated
1,565000.0,48,585000.0,124.0,1,Hispanic or Latino,Female,45-54,96.0,Loan originated
1,775000.0,20%-<30%,1435000.0,270.0,1,White,Joint,55-64,53.655,Loan originated
1,485000.0,30%-<36%,625000.0,269.0,1,White,Joint,45-54,78.226,Loan originated
1,545000.0,43,555000.0,193.0,1,Asian,Joint,25-34,97.0,Loan originated
1,605000.0,43,675000.0,157.0,1,Asian,Male,45-54,90.001,Loan originated
1,15000.0,<20%,475000.0,102.0,1,Asian,Joint,25-34,100.0,Loan originated
1,415000.0,47,425000.0,109.0,1,Other,Joint,35-44,100.0,Loan originated
1,625000.0,41,665000.0,131.0,1,Hispanic or Latino,Joint,25-34,95.0,Loan originated
1,725000.0,48,775000.0,145.0,1,Asian,Female,45-54,93.0,Loan originated
1,595000.0,45,695000.0,130.0,1,Asian,Female,35-44,85.0,Loan originated
1,505000.0,30%-<36%,625000.0,147.0,1,Asian,Female,25-34,80.0,Loan originated
1,305000.0,<20%,415000.0,211.0,1,Asian,Male,25-34,75.0,Loan originated
1,765000.0,40,905000.0,168.0,1,White,Male,45-54,85.0,Loan originated
1,435000.0,38,615000.0,115.0,1,White,Joint,25-34,70.0,Loan originated
1,685000.0,38,765000.0,196.0,1,White,Joint,25-34,90.0,Loan originated
1,735000.0,20%-<30%,775000.0,310.0,1,Asian,Male,25-34,95.0,Loan originated
1,755000.0,20%-<30%,1995000.0,373.0,1,Asian,Joint,25-34,37.5,Loan originated
1,585000.0,30%-<36%,655000.0,243.0,1,Black or African American,Joint,55-64,90.0,Loan originated
1,785000.0,20%-<30%,985000.0,495.0,1,Hispanic or Latino,Joint,55-64,80.0,Loan originated
1,875000.0,45,955000.0,275.0,1,White,Female,45-54,92.36,Loan originated
1,805000.0,44,1075000.0,185.0,1,White,Male,25-34,74.605,Loan originated
1,255000.0,42,285000.0,60.0,1,Hispanic or Latino,Male,35-44,90.0,Loan originated
1,115000.0,30%-<36%,135000.0,69.0,1,White,Female,55-64,80.0,Loan originated
1,645000.0,47,805000.0,201.0,1,Asian,Joint,35-44,80.0,Loan originated
1,325000.0,43,475000.0,148.0,1,White,Joint,25-34,68.42,Loan originated
1,535000.0,49,535000.0,104.0,1,Hispanic or Latino,Joint,<25,88.981,Application denied
1,155000.0,40,355000.0,70.0,1,Asian,Male,35-44,43.662,Application denied
1,435000.0,37,455000.0,192.0,1,Hispanic or Latino,Joint,25-34,95.0,Loan originated
1,215000.0,39,305000.0,63.0,1,Hispanic or Latino,Male,35-44,71.0,Loan originated
1,645000.0,41,815000.0,200.0,1,Asian,Joint,35-44,80.0,Loan originated
1,325000.0,20%-<30%,655000.0,459.0,1,Asian,Joint,35-44,50.0,Loan originated
1,715000.0,42,845000.0,199.0,1,Asian,Joint,25-34,85.0,Loan originated
1,825000.0,49,1025000.0,191.0,1,Asian,Joint,55-64,80.0,Loan originated
1,1125000.0,30%-<36%,1255000.0,396.0,1,White,Female,35-44,90.0,Loan originated
1,1125000.0,40,1405000.0,251.0,1,White,Joint,45-54,80.0,Loan originated
1,615000.0,30%-<36%,765000.0,175.0,1,White,Male,45-54,80.0,Loan originated
1,655000.0,46,815000.0,290.0,1,White,Male,25-34,80.0,Loan originated
1,415000.0,36,525000.0,272.0,1,White,Joint,55-64,80.0,Loan originated
1,495000.0,46,755000.0,104.0,1,White,Joint,55-64,65.333,Loan originated
1,545000.0,49,725000.0,107.0,1,Asian,Female,25-34,75.0,Loan originated
1,285000.0,49,325000.0,101.0,1,Black or African American,Male,25-34,88.0,Loan originated
1,445000.0,30%-<36%,775000.0,169.0,1,White,Male,35-44,57.143,Loan originated
1,435000.0,47,635000.0,111.0,1,White,Joint,65-74,69.0,Loan originated
1,425000.0,42,475000.0,168.0,1,White,Male,35-44,89.979,Loan originated
1,765000.0,50%-60%,1215000.0,232.0,1,Asian,Joint,25-34,63.351,Loan originated
1,1055000.0,50%-60%,1415000.0,179.0,1,White,Female,35-44,75.0,Application denied
1,495000.0,37,585000.0,230.0,1,White,Joint,55-64,85.0,Application denied
1,735000.0,47,925000.0,260.0,1,Asian,Female,25-34,80.0,Loan originated
1,305000.0,>60%,745000.0,103.0,1,Hispanic or Latino,Male,45-54,40.39,Application denied
1,585000.0,48,735000.0,203.0,1,Asian,Male,35-44,79.592,Loan originated
1,1015000.0,42,1275000.0,267.0,1,Asian,Joint,25-34,80.0,Loan originated
1,505000.0,41,635000.0,188.0,1,Asian,Male,25-34,80.0,Loan originated
1,425000.0,46,615000.0,116.0,1,Hispanic or Latino,Male,55-64,70.0,Loan originated
1,315000.0,30%-<36%,375000.0,104.0,1,White,Female,25-34,85.0,Loan originated
1,345000.0,45,635000.0,133.0,1,White,Joint,55-64,54.469,Loan originated
1,465000.0,41,495000.0,104.0,1,Hispanic or Latino,Male,<25,95.0,Loan originated
1,375000.0,47,455000.0,102.0,1,White,Joint,25-34,83.497,Loan originated
1,955000.0,49,1125000.0,221.0,1,Asian,Male,25-34,85.0,Loan originated
1,285000.0,40,435000.0,82.0,1,White,Joint,<25,65.12,Loan originated
1,455000.0,47,855000.0,167.0,1,White,Joint,25-34,53.384,Loan originated
1,735000.0,30%-<36%,915000.0,209.0,1,White,Male,25-34,80.0,Loan originated
1,1055000.0,30%-<36%,2285000.0,398.0,1,Asian,Male,55-64,45.9,Loan originated
1,455000.0,46,705000.0,100.0,1,White,Male,45-54,65.0,Loan originated
1,745000.0,49,975000.0,231.0,1,White,Joint,>74,75.897,Loan originated
1,535000.0,40,665000.0,143.0,1,White,Male,35-44,80.0,Loan originated
1,525000.0,46,655000.0,118.0,1,Hispanic or Latino,Female,25-34,80.0,Loan originated
1,1125000.0,40,1405000.0,328.0,1,White,Male,45-54,80.0,Loan originated
1,765000.0,43,1425000.0,184.0,1,Asian,Joint,35-44,53.722,Loan originated
1,705000.0,44,1545000.0,212.0,1,White,Joint,35-44,46.0,Loan originated
1,1145000.0,49,1785000.0,288.0,1,Hispanic or Latino,Joint,35-44,65.0,Loan originated
1,825000.0,47,1025000.0,256.0,1,White,Joint,45-54,80.0,Loan originated
1,735000.0,42,865000.0,338.0,1,Asian,Joint,55-64,85.0,Loan originated
1,685000.0,37,855000.0,314.0,1,Asian,Joint,35-44,80.0,Loan originated
1,755000.0,42,1735000.0,255.0,1,White,Joint,45-54,43.48,Loan originated
1,145000.0,20%-<30%,525000.0,115.0,1,White,Female,55-64,27.81,Loan originated
1,645000.0,41,715000.0,150.0,1,Asian,Joint,35-44,90.01,Loan originated
1,165000.0,20%-<30%,265000.0,75.0,1,Hispanic or Latino,Female,35-44,65.0,Loan originated
1,525000.0,30%-<36%,695000.0,141.0,1,White,Female,25-34,75.0,Loan originated
1,625000.0,20%-<30%,785000.0,250.0,1,White,Joint,55-64,80.0,Loan originated
1,615000.0,50%-60%,615000.0,136.0,1,Hispanic or Latino,Joint,35-44,100.0,Application denied
1,315000.0,41,505000.0,98.0,1,White,Female,55-64,62.0,Loan originated
1,565000.0,45,635000.0,122.0,1,Asian,Male,45-54,90.0,Loan originated
1,515000.0,43,645000.0,170.0,1,White,Joint,25-34,80.0,Loan originated
1,675000.0,49,845000.0,136.0,1,White,Joint,45-54,80.0,Loan originated
1,925000.0,44,1075000.0,239.0,1,Asian,Female,55-64,100.0,Loan originated
1,765000.0,40,1205000.0,213.0,1,Asian,Male,35-44,63.83,Loan originated
1,755000.0,20%-<30%,1085000.0,373.0,1,Asian,Joint,35-44,69.444,Loan originated
1,625000.0,30%-<36%,665000.0,168.0,1,Asian,Joint,55-64,95.0,Loan originated
1,485000.0,41,835000.0,160.0,1,Hispanic or Latino,Female,45-54,57.831,Loan originated
1,655000.0,49,1195000.0,130.0,1,Asian,Male,35-44,56.0,Loan originated
1,255000.0,46,395000.0,62.0,1,White,Female,55-64,62.954,Loan originated
1,765000.0,30%-<36%,835000.0,240.0,1,White,Joint,25-34,92.41,Loan originated
1,655000.0,>60%,675000.0,117.0,1,White,Joint,25-34,97.0,Application denied
1,765000.0,36,825000.0,210.0,1,White,Male,35-44,93.415,Loan originated
1,225000.0,43,245000.0,67.0,1,Hispanic or Latino,Male,55-64,95.0,Loan originated
1,345000.0,43,395000.0,93.0,1,White,Male,45-54,87.47,Loan originated
1,555000.0,47,855000.0,127.0,1,White,Female,45-54,64.706,Application denied
1,735000.0,<20%,815000.0,500.0,1,Asian,Female,35-44,90.0,Loan originated
1,435000.0,45,525000.0,146.0,1,White,Female,45-54,104.0,Loan originated
1,895000.0,49,1125000.0,232.0,1,White,Male,35-44,80.0,Loan originated
1,345000.0,40,435000.0,92.0,1,Asian,Female,25-34,80.0,Loan originated
1,615000.0,<20%,815000.0,911.0,1,Asian,Joint,35-44,75.0,Application denied
1,275000.0,45,365000.0,68.0,1,Hispanic or Latino,Female,<25,75.0,Application denied
1,365000.0,41,455000.0,116.0,1,White,Male,25-34,80.0,Loan originated
1,515000.0,48,865000.0,144.0,1,White,Male,35-44,59.538,Loan originated
1,945000.0,36,1355000.0,293.0,1,Asian,Joint,35-44,70.0,Loan originated
1,435000.0,49,545000.0,79.0,1,Asian,Joint,35-44,80.0,Loan originated
1,515000.0,49,575000.0,127.0,1,Black or African American,Male,35-44,90.0,Loan originated
1,765000.0,44,1715000.0,193.0,1,White,Male,35-44,45.0,Loan originated
1,575000.0,46,635000.0,177.0,1,White,Male,25-34,89.999,Loan originated
1,685000.0,50%-60%,855000.0,150.0,1,White,Male,35-44,80.0,Application denied
1,405000.0,20%-<30%,1375000.0,286.0,1,Asian,Male,55-64,29.091,Loan originated
1,655000.0,30%-<36%,735000.0,285.0,1,Asian,Male,35-44,90.0,Loan originated
1,125000.0,20%-<30%,155000.0,140.0,1,Asian,Female,35-44,80.0,Application denied
1,745000.0,30%-<36%,925000.0,221.0,1,White,Male,25-34,80.0,Loan originated
1,625000.0,30%-<36%,1105000.0,190.0,1,White,Female,35-44,56.433,Loan originated
1,555000.0,45,645000.0,132.0,1,Black or African American,Joint,65-74,85.659,Loan originated
1,1105000.0,39,1385000.0,300.0,1,Hispanic or Latino,Male,25-34,80.0,Application denied
1,455000.0,39,565000.0,146.0,1,White,Female,>74,80.0,Loan originated
1,215000.0,47,315000.0,55.0,1,White,Female,65-74,68.254,Loan originated
1,325000.0,47,405000.0,72.0,1,White,Male,55-64,83.0,Loan originated
1,425000.0,30%-<36%,475000.0,241.0,1,White,Joint,25-34,89.47,Loan originated
1,725000.0,47,905000.0,176.0,1,Asian,Male,35-44,80.0,Loan originated
1,1025000.0,20%-<30%,1285000.0,401.0,1,Asian,Joint,25-34,80.0,Loan originated
1,405000.0,36,685000.0,10.0,1,Asian,Male,45-54,58.82,Loan originated
1,565000.0,36,715000.0,145.0,1,Hispanic or Latino,Joint,45-54,80.0,Loan originated
1,445000.0,47,525000.0,116.0,1,Hispanic or Latino,Male,25-34,85.0,Loan originated
1,55000.0,42,65000.0,38.0,1,White,Female,65-74,82.49,Loan originated
1,925000.0,30%-<36%,1165000.0,300.0,1,White,Male,35-44,80.0,Application denied
1,415000.0,42,425000.0,133.0,1,Hispanic or Latino,Male,25-34,97.0,Loan originated
1,995000.0,30%-<36%,1395000.0,300.0,1,Asian,Male,25-34,71.384,Loan originated
1,385000.0,47,875000.0,197.0,1,White,Joint,35-44,44.0,Loan originated
1,1045000.0,20%-<30%,1315000.0,442.0,1,White,Male,35-44,80.0,Loan originated
1,665000.0,44,1145000.0,157.0,1,White,Joint,25-34,59.0,Loan originated
1,395000.0,44,445000.0,133.0,1,Asian,Female,25-34,90.0,Loan originated
1,535000.0,49,665000.0,216.0,1,Asian,Female,35-44,80.0,Loan originated
1,135000.0,45,145000.0,54.0,1,White,Male,25-34,96.29,Application denied
1,565000.0,49,705000.0,146.0,1,Asian,Joint,35-44,80.0,Loan originated
1,575000.0,41,645000.0,141.0,1,Asian,Female,25-34,89.993,Loan originated
1,525000.0,49,555000.0,113.0,1,Hispanic or Latino,Male,25-34,95.0,Loan originated
1,825000.0,30%-<36%,1105000.0,261.0,1,White,Joint,35-44,75.0,Loan originated
1,385000.0,20%-<30%,405000.0,146.0,1,White,Joint,25-34,95.0,Loan originated
1,585000.0,30%-<36%,965000.0,371.0,1,White,Female,55-64,60.499,Loan originated
1,935000.0,39,1065000.0,237.0,1,Asian,Joint,35-44,87.81,Loan originated
1,255000.0,30%-<36%,325000.0,231.0,1,White,Joint,>74,80.0,Loan originated
1,245000.0,48,465000.0,94.0,1,White,Female,65-74,51.92,Loan originated
1,735000.0,41,895000.0,181.0,1,Hispanic or Latino,Joint,35-44,82.0,Loan originated
1,465000.0,36,485000.0,181.0,1,Other,Joint,45-54,95.0,Loan originated
1,275000.0,49,575000.0,81.0,1,Asian,Female,>74,47.368,Loan originated
1,905000.0,46,1135000.0,614.0,1,Hispanic or Latino,Male,45-54,80.0,Loan originated
1,155000.0,30%-<36%,475000.0,111.0,1,Asian,Female,35-44,31.579,Loan originated
1,935000.0,49,1555000.0,214.0,1,White,Joint,65-74,60.129,Loan originated
1,755000.0,39,845000.0,198.0,1,Asian,Joint,25-34,89.91,Loan originated
1,375000.0,48,395000.0,71.0,1,Hispanic or Latino,Female,25-34,95.0,Loan originated
1,625000.0,44,775000.0,150.0,1,Asian,Female,25-34,80.0,Loan originated
1,385000.0,36,425000.0,114.0,1,Asian,Joint,35-44,90.0,Loan originated
1,255000.0,<20%,955000.0,368.0,1,White,Joint,55-64,26.316,Application denied
1,215000.0,20%-<30%,225000.0,101.0,1,Other,Joint,35-44,95.0,Loan originated
1,385000.0,39,515000.0,125.0,1,Asian,Female,25-34,74.95,Loan originated
1,795000.0,39,1315000.0,368.0,1,White,Male,55-64,61.509,Loan originated
1,185000.0,30%-<36%,235000.0,90.0,1,Hispanic or Latino,Male,35-44,80.0,Loan originated
1,335000.0,20%-<30%,385000.0,153.0,1,White,Male,35-44,88.0,Loan originated
1,965000.0,41,1205000.0,204.0,1,Asian,Male,35-44,80.0,Loan originated
1,645000.0,37,805000.0,187.0,1,Hispanic or Latino,Male,35-44,80.0,Loan originated
1,415000.0,49,885000.0,345.0,1,White,Joint,35-44,46.591,Loan originated
1,405000.0,46,515000.0,101.0,1,Hispanic or Latino,Joint,>74,80.0,Loan originated
1,765000.0,39,915000.0,190.0,1,White,Female,25-34,83.77,Loan originated
1,1105000.0,48,1225000.0,245.0,1,Asian,Male,35-44,102.245,Loan originated
1,725000.0,48,825000.0,277.0,1,Hispanic or Latino,Female,35-44,88.0,Loan originated
1,625000.0,44,805000.0,184.0,1,Asian,Joint,25-34,77.64,Loan originated
1,255000.0,48,435000.0,105.0,1,White,Joint,65-74,57.86,Loan originated
1,495000.0,40,615000.0,159.0,1,White,Female,35-44,80.0,Loan originated
1,955000.0,20%-<30%,1195000.0,418.0,1,Asian,Joint,35-44,80.0,Loan originated
1,405000.0,39,505000.0,130.0,1,White,Female,25-34,80.0,Loan originated
1,745000.0,49,865000.0,223.0,1,Hispanic or Latino,Joint,35-44,86.905,Loan originated
1,695000.0,49,825000.0,142.0,1,Asian,Male,45-54,85.0,Loan originated
1,1005000.0,49,2495000.0,339.0,1,White,Joint,65-74,40.08,Loan originated
1,605000.0,47,755000.0,125.0,1,Hispanic or Latino,Joint,<25,80.0,Loan originated
1,915000.0,36,1375000.0,259.0,1,Asian,Male,35-44,66.423,Loan originated
1,1125000.0,44,1255000.0,295.0,1,Asian,Joint,35-44,89.99,Loan originated
1,1115000.0,30%-<36%,1395000.0,335.0,1,White,Joint,25-34,80.0,Loan originated
1,445000.0,43,525000.0,97.0,1,Black or African American,Joint,65-74,85.0,Loan originated
1,385000.0,43,485000.0,84.0,1,Asian,Male,25-34,83.0,Loan originated
1,805000.0,37,855000.0,230.0,1,Hispanic or Latino,Female,35-44,95.0,Loan originated
1,515000.0,48,855000.0,133.0,1,White,Joint,25-34,60.588,Loan originated
1,675000.0,44,715000.0,274.0,1,White,Joint,35-44,95.0,Loan originated
1,585000.0,47,835000.0,149.0,1,Asian,Joint,55-64,71.0,Loan originated
1,365000.0,20%-<30%,405000.0,170.0,1,White,Male,35-44,90.0,Loan originated
1,525000.0,48,555000.0,134.0,1,Black or African American,Male,55-64,95.0,Loan originated
1,145000.0,20%-<30%,235000.0,91.0,1,White,Joint,35-44,100.0,Loan originated
1,665000.0,30%-<36%,1325000.0,206.0,1,Asian,Joint,35-44,50.0,Loan originated
1,635000.0,42,855000.0,193.0,1,White,Male,25-34,75.0,Loan originated
1,455000.0,41,1085000.0,152.0,1,Asian,Joint,45-54,41.667,Loan originated
1,625000.0,43,785000.0,231.0,1,Asian,Joint,35-44,80.0,Loan originated
1,765000.0,30%-<36%,1225000.0,233.0,1,White,Joint,25-34,62.576,Loan originated
1,615000.0,36,775000.0,223.0,1,Asian,Joint,25-34,80.0,Loan originated
1,405000.0,45,455000.0,85.0,1,Black or African American,Male,25-34,90.0,Loan originated
1,225000.0,38,275000.0,157.0,1,White,Female,35-44,80.0,Loan originated
1,375000.0,38,435000.0,258.0,1,White,Male,>74,87.0,Loan originated
1,125000.0,>60%,415000.0,21.0,1,Hispanic or Latino,Male,65-74,29.27,Application denied
1,635000.0,44,795000.0,138.0,1,Asian,Female,25-34,80.0,Loan originated
1,755000.0,48,1305000.0,160.0,1,White,Male,45-54,57.692,Loan originated
1,225000.0,40,455000.0,110.0,1,Hispanic or Latino,Joint,25-34,50.0,Loan originated
1,505000.0,>60%,905000.0,1.0,1,Asian,Male,45-54,55.6,Application denied
1,775000.0,20%-<30%,1475000.0,341.0,1,Asian,Joint,35-44,52.413,Loan originated
1,775000.0,30%-<36%,965000.0,265.0,1,Asian,Joint,35-44,80.0,Loan originated
1,655000.0,47,695000.0,168.0,1,White,Female,35-44,95.0,Loan originated
1,225000.0,41,495000.0,103.0,1,Asian,Joint,>74,44.009,Loan originated
1,695000.0,42,765000.0,161.0,1,Asian,Male,25-34,89.999,Loan originated
1,345000.0,45,365000.0,77.0,1,Hispanic or Latino,Joint,55-64,95.0,Loan originated
1,805000.0,43,855000.0,201.0,1,Hispanic or Latino,Female,35-44,95.0,Loan originated
1,415000.0,39,475000.0,126.0,1,White,Male,25-34,88.0,Loan originated
1,585000.0,30%-<36%,605000.0,400.0,1,White,Male,55-64,97.0,Loan originated
1,505000.0,30%-<36%,1175000.0,292.0,1,Asian,Joint,55-64,42.736,Loan originated
1,1115000.0,45,1395000.0,275.0,1,Hispanic or Latino,Male,35-44,80.0,Loan originated
1,945000.0,30%-<36%,1265000.0,476.0,1,Asian,Male,35-44,75.0,Loan originated
1,345000.0,49,375000.0,68.0,1,Hispanic or Latino,Male,45-54,90.0,Loan originated
1,345000.0,43,435000.0,166.0,1,White,Male,>74,80.0,Loan originated
1,305000.0,41,875000.0,114.0,1,Asian,Female,45-54,34.286,Loan originated
1,265000.0,49,785000.0,148.0,1,Asian,Male,45-54,34.27,Loan originated
1,95000.0,50%-60%,105000.0,75.0,1,Hispanic or Latino,Male,55-64,91.51,Application denied
1,575000.0,47,615000.0,128.0,1,Asian,Male,35-44,95.0,Loan originated
1,1045000.0,42,1705000.0,278.0,1,Asian,Male,45-54,61.4,Loan originated
1,385000.0,49,405000.0,92.0,1,White,Female,45-54,99.0,Loan originated
1,105000.0,<20%,705000.0,192.0,1,White,Joint,55-64,14.185,Loan originated
1,385000.0,49,405000.0,95.0,1,Hispanic or Latino,Joint,55-64,95.0,Loan originated
1,445000.0,40,465000.0,116.0,1,Hispanic or Latino,Male,45-54,97.0,Loan originated
1,1005000.0,43,1405000.0,416.0,1,White,Joint,25-34,71.429,Loan originated
1,295000.0,48,505000.0,66.0,1,White,Male,35-44,58.335,Loan originated
1,205000.0,<20%,1055000.0,183.0,1,White,Joint,25-34,20.0,Loan originated
1,365000.0,49,385000.0,69.0,1,Black or African American,Male,55-64,100.0,Loan originated
1,715000.0,43,785000.0,217.0,1,Hispanic or Latino,Joint,35-44,89.99,Loan originated
1,665000.0,>60%,765000.0,257.0,1,Black or African American,Joint,25-34,90.0,Application denied
1,695000.0,43,735000.0,151.0,1,Hispanic or Latino,Male,35-44,95.0,Loan originated
1,1105000.0,30%-<36%,1255000.0,315.0,1,White,Female,35-44,88.048,Loan originated
1,745000.0,40,925000.0,223.0,1,White,Joint,25-34,80.0,Loan originated
1,895000.0,36,1195000.0,263.0,1,White,Male,35-44,75.0,Loan originated
1,955000.0,40,1065000.0,279.0,1,Hispanic or Latino,Joint,35-44,90.0,Loan originated
1,225000.0,48,485000.0,65.0,1,Asian,Female,35-44,45.95,Loan originated
1,745000.0,30%-<36%,885000.0,254.0,1,Asian,Male,45-54,85.0,Loan originated
1,645000.0,30%-<36%,715000.0,193.0,1,Asian,Female,35-44,90.0,Loan originated
1,1025000.0,30%-<36%,1285000.0,484.0,1,Hispanic or Latino,Male,45-54,80.0,Loan originated
1,475000.0,47,595000.0,139.0,1,Hispanic or Latino,Joint,25-34,80.0,Loan originated
1,405000.0,37,505000.0,190.0,1,White,Male,25-34,80.0,Loan originated
1,595000.0,43,745000.0,264.0,1,Hispanic or Latino,Joint,55-64,80.0,Loan originated
1,505000.0,36,785000.0,260.0,1,White,Male,35-44,64.783,Loan originated
1,225000.0,30%-<36%,275000.0,76.0,1,White,Female,35-44,80.0,Loan originated
1,605000.0,20%-<30%,855000.0,213.0,1,White,Joint,35-44,70.588,Loan originated
1,765000.0,45,1195000.0,170.0,1,Asian,Male,35-44,64.0,Loan originated
1,785000.0,48,975000.0,238.0,1,Hispanic or Latino,Joint,25-34,80.0,Loan originated
1,665000.0,47,785000.0,181.0,1,White,Male,25-34,85.0,Application denied
1,565000.0,49,595000.0,147.0,1,Hispanic or Latino,Female,35-44,95.0,Loan originated
1,455000.0,42,505000.0,97.0,1,Hispanic or Latino,Female,25-34,89.963,Loan originated
1,925000.0,20%-<30%,1855000.0,314.0,1,Asian,Male,35-44,50.0,Loan originated
