loan_purpose,loan_amount,debt_to_income_ratio,property_value,income,occupancy_type,derived_race,derived_sex,applicant_age,loan_to_value_ratio,action_taken
1,585000.0,45,835000.0,133.0,1,White,Female,45-54,70.2,Loan originated
1,315000.0,20%-<30%,345000.0,130.0,1,White,Female,35-44,90.0,Loan originated
1,425000.0,48,535000.0,148.0,1,Asian,Male,65-74,80.0,Loan originated
1,705000.0,37,825000.0,197.0,1,Asian,Joint,35-44,90.0,Loan originated
1,795000.0,36,935000.0,256.0,1,White,Male,45-54,85.0,Loan originated
1,1145000.0,30%-<36%,1275000.0,332.0,1,White,Joint,25-34,90.0,Loan originated
1,765000.0,45,1035000.0,260.0,1,Asian,Male,35-44,74.16,Loan originated
1,305000.0,20%-<30%,655000.0,113.0,1,White,Female,55-64,46.15,Loan originated
1,385000.0,40,455000.0,110.0,1,Hispanic or Latino,Male,25-34,85.0,Loan originated
1,355000.0,48,375000.0,75.0,1,Hispanic or Latino,Male,45-54,95.2,Loan originated
1,255000.0,43,855000.0,74.0,1,White,Female,55-64,29.412,Loan originated
1,425000.0,30%-<36%,535000.0,166.0,1,Hispanic or Latino,Joint,25-34,80.0,Loan originated
1,765000.0,41,2305000.0,212.0,1,Asian,Male,25-34,34.0,Loan originated
1,375000.0,49,625000.0,110.0,1,Asian,Male,45-54,59.774,Loan originated
1,665000.0,36,715000.0,190.0,1,Asian,Male,35-44,93.005,Loan originated
1,705000.0,47,935000.0,156.0,1,Asian,Male,45-54,75.0,Loan originated
1,375000.0,37,775000.0,112.0,1,White,Female,>74,48.05,Loan originated
1,235000.0,30%-<36%,245000.0,97.0,1,Hispanic or Latino,Joint,25-34,102.91,Loan originated
1,655000.0,48,825000.0,252.0,1,Asian,Male,35-44,79.989,Loan originated
1,545000.0,47,575000.0,208.0,1,White,Female,25-34,95.0,Loan originated
1,425000.0,46,445000.0,130.0,1,Hispanic or Latino,Joint,35-44,94.99,Loan originated
1,635000.0,40,795000.0,173.0,1,White,Male,25-34,80.0,Loan originated
1,565000.0,40,815000.0,159.0,1,Asian,Joint,35-44,69.34,Loan originated
1,595000.0,37,615000.0,210.0,1,White,Male,55-64,97.0,Loan originated
1,555000.0,<20%,925000.0,430.0,1,White,Male,25-34,60.0,Loan originated
1,535000.0,41,565000.0,150.0,1,White,Joint,25-34,98.0,Loan originated
1,305000.0,49,345000.0,83.0,1,Black or African American,Female,65-74,89.9,Loan originated
1,555000.0,41,685000.0,153.0,1,Asian,Joint,25-34,80.0,Loan originated
1,325000.0,43,625000.0,103.0,1,Black or African American,Joint,65-74,52.017,Loan originated
1,615000.0,48,645000.0,119.0,1,White,Female,45-54,95.0,Loan originated
1,505000.0,44,725000.0,195.0,1,White,Joint,65-74,70.0,Loan originated
1,365000.0,44,405000.0,110.0,1,Hispanic or Latino,Male,45-54,90.0,Loan originated
1,685000.0,42,765000.0,259.0,1,White,Joint,65-74,90.0,Loan originated
1,525000.0,30%-<36%,655000.0,218.0,1,White,Joint,25-34,80.0,Loan originated
1,355000.0,36,445000.0,143.0,1,White,Male,35-44,80.0,Loan originated
1,565000.0,46,945000.0,212.0,1,White,Joint,25-34,59.771,Loan originated
1,955000.0,37,1155000.0,252.0,1,White,Male,35-44,82.684,Loan originated
1,645000.0,44,685000.0,191.0,1,Asian,Joint,25-34,95.0,Loan originated
1,995000.0,40,1285000.0,314.0,1,Asian,Female,45-54,78.125,Loan originated
1,365000.0,30%-<36%,465000.0,112.0,1,White,Male,35-44,80.0,Loan originated
1,325000.0,47,345000.0,70.0,1,Hispanic or Latino,Male,<25,95.0,Loan originated
1,785000.0,39,825000.0,265.0,1,White,Male,55-64,95.0,Loan originated
1,675000.0,48,745000.0,144.0,1,Hispanic or Latino,Male,25-34,90.0,Loan originated
1,385000.0,47,405000.0,89.0,1,Hispanic or Latino,Male,35-44,97.0,Loan originated
1,595000.0,45,735000.0,121.0,1,Asian,Male,25-34,80.0,Loan originated
1,725000.0,46,795000.0,183.0,1,Hispanic or Latino,Female,45-54,91.818,Loan originated
1,705000.0,45,735000.0,271.0,1,Hispanic or Latino,Joint,35-44,95.0,Loan originated
1,285000.0,44,305000.0,142.0,1,White,Joint,55-64,95.0,Loan originated
1,555000.0,30%-<36%,585000.0,190.0,1,Other,Male,25-34,95.0,Loan originated
1,615000.0,46,765000.0,189.0,1,Asian,Joint,25-34,80.0,Loan originated
1,405000.0,30%-<36%,505000.0,210.0,1,White,Joint,35-44,80.0,Loan originated
1,755000.0,49,795000.0,169.0,1,White,Male,25-34,95.0,Loan originated
1,755000.0,20%-<30%,1505000.0,341.0,1,White,Joint,35-44,50.0,Loan originated
1,485000.0,44,985000.0,188.0,1,White,Joint,45-54,49.239,Loan originated
1,485000.0,30%-<36%,615000.0,283.0,1,White,Male,55-64,80.0,Loan originated
1,655000.0,46,815000.0,148.0,1,Hispanic or Latino,Joint,35-44,80.0,Loan originated
1,585000.0,43,745000.0,251.0,1,Asian,Joint,35-44,79.0,Loan originated
1,815000.0,30%-<36%,1215000.0,257.0,1,White,Joint,25-34,66.997,Loan originated
1,555000.0,45,875000.0,123.0,1,White,Male,35-44,63.8,Loan originated
1,745000.0,48,785000.0,183.0,1,Asian,Male,35-44,95.0,Loan originated
1,755000.0,30%-<36%,2255000.0,301.0,1,White,Male,35-44,33.334,Loan originated
1,885000.0,49,1105000.0,203.0,1,White,Male,35-44,80.0,Loan originated
1,255000.0,47,265000.0,66.0,1,Hispanic or Latino,Male,<25,95.0,Loan originated
1,235000.0,47,435000.0,56.0,1,White,Female,>74,54.651,Loan originated
1,255000.0,36,825000.0,83.0,1,Hispanic or Latino,Female,25-34,50.0,Loan originated
1,515000.0,37,695000.0,158.0,1,Asian,Joint,35-44,75.0,Loan originated
1,555000.0,37,825000.0,277.0,1,White,Male,55-64,66.784,Loan originated
1,1485000.0,38,1855000.0,630.0,1,Black or African American,Joint,35-44,80.0,Loan originated
1,715000.0,41,1015000.0,220.0,1,Asian,Male,45-54,70.0,Loan originated
1,905000.0,44,1725000.0,575.0,1,Asian,Joint,35-44,52.27,Loan originated
1,405000.0,47,455000.0,94.0,1,White,Female,25-34,90.0,Loan originated
1,705000.0,20%-<30%,735000.0,334.0,1,White,Joint,35-44,95.0,Loan originated
1,785000.0,37,835000.0,214.0,1,White,Male,25-34,95.0,Loan originated
1,325000.0,20%-<30%,465000.0,159.0,1,Hispanic or Latino,Male,35-44,70.0,Application denied
1,645000.0,>60%,685000.0,106.0,1,Black or African American,Male,35-44,94.301,Application denied
1,525000.0,49,655000.0,160.0,1,Black or African American,Female,45-54,80.0,Loan originated
1,795000.0,42,995000.0,230.0,1,Asian,Joint,35-44,80.0,Loan originated
1,305000.0,30%-<36%,375000.0,147.0,1,White,Joint,35-44,80.0,Loan originated
1,475000.0,37,505000.0,139.0,1,Hispanic or Latino,Male,35-44,95.0,Loan originated
1,875000.0,30%-<36%,1715000.0,333.0,1,Asian,Joint,35-44,51.111,Loan originated
1,195000.0,41,245000.0,50.0,1,Hispanic or Latino,Joint,35-44,83.0,Loan originated
1,195000.0,39,475000.0,93.0,1,White,Joint,25-34,39.9,Loan originated
1,305000.0,41,305000.0,84.0,1,White,Joint,35-44,37.623,Loan originated
1,455000.0,30%-<36%,505000.0,160.0,1,White,Joint,35-44,90.0,Loan originated
1,545000.0,30%-<36%,685000.0,231.0,1,White,Joint,45-54,80.0,Loan originated
1,765000.0,49,1005000.0,264.0,1,Asian,Joint,45-54,76.655,Loan originated
1,485000.0,48,1915000.0,137.0,1,White,Male,55-64,25.393,Loan originated
1,735000.0,49,835000.0,170.0,1,Hispanic or Latino,Joint,25-34,89.0,Loan originated
1,425000.0,38,665000.0,166.0,1,Hispanic or Latino,Female,45-54,63.323,Loan originated
1,985000.0,30%-<36%,1315000.0,291.0,1,Asian,Joint,35-44,75.0,Loan originated
1,405000.0,49,775000.0,92.0,1,Asian,Male,25-34,51.613,Loan originated
1,155000.0,47,485000.0,61.0,1,Other,Male,25-34,30.928,Loan originated
1,755000.0,30%-<36%,3405000.0,439.0,1,White,Male,65-74,22.06,Loan originated
1,875000.0,30%-<36%,1095000.0,309.0,1,White,Joint,35-44,80.0,Loan originated
1,295000.0,47,1595000.0,146.0,1,White,Male,65-74,18.5,Loan originated
1,465000.0,20%-<30%,585000.0,171.0,1,Asian,Female,45-54,80.0,Loan originated
1,315000.0,30%-<36%,325000.0,93.0,1,Hispanic or Latino,Joint,25-34,97.0,Application denied
1,585000.0,43,615000.0,130.0,1,Asian,Male,35-44,95.0,Loan originated
1,435000.0,30%-<36%,465000.0,154.0,1,Hispanic or Latino,Female,25-34,95.0,Loan originated
1,985000.0,47,1235000.0,400.0,1,Hispanic or Latino,Joint,<25,80.0,Loan originated
1,805000.0,41,1005000.0,204.0,1,White,Joint,35-44,80.0,Loan originated
1,655000.0,30%-<36%,935000.0,207.0,1,Asian,Male,45-54,70.0,Loan originated
1,645000.0,<20%,1285000.0,2199.0,1,Hispanic or Latino,Male,25-34,50.0,Loan originated
1,765000.0,37,1855000.0,310.0,1,White,Joint,65-74,41.325,Loan originated
1,505000.0,48,685000.0,114.0,1,Asian,Female,25-34,75.0,Loan originated
1,565000.0,20%-<30%,585000.0,257.0,1,Asian,Joint,25-34,95.0,Loan originated
1,325000.0,30%-<36%,405000.0,127.0,1,White,Female,55-64,80.0,Loan originated
1,755000.0,48,795000.0,240.0,1,Hispanic or Latino,Joint,25-34,95.0,Loan originated
1,205000.0,47,535000.0,67.0,1,Black or African American,Female,65-74,37.383,Loan originated
1,665000.0,41,725000.0,174.0,1,Asian,Female,25-34,92.0,Loan originated
1,515000.0,40,645000.0,138.0,1,White,Joint,25-34,80.0,Loan originated
1,305000.0,48,605000.0,101.0,1,Hispanic or Latino,Joint,25-34,50.185,Loan originated
1,415000.0,41,595000.0,140.0,1,Hispanic or Latino,Male,35-44,70.0,Loan originated
1,105000.0,50%-60%,135000.0,88.0,1,Hispanic or Latino,Joint,65-74,81.39,Application denied
1,745000.0,49,1015000.0,150.0,1,Asian,Female,25-34,73.103,Loan originated
1,765000.0,30%-<36%,955000.0,229.0,1,White,Female,25-34,80.0,Loan originated
1,175000.0,42,415000.0,51.0,1,White,Female,45-54,103.854,Loan originated
1,545000.0,50%-60%,685000.0,153.0,1,White,Male,25-34,80.0,Application denied
1,1085000.0,47,1555000.0,403.0,1,Other,Male,55-64,93.419,Loan originated
1,135000.0,20%-<30%,405000.0,74.0,1,White,Female,65-74,33.75,Loan originated
1,295000.0,20%-<30%,365000.0,118.0,1,Asian,Female,35-44,80.0,Application denied
1,1115000.0,48,1395000.0,242.0,1,Asian,Male,25-34,80.0,Loan originated
1,1005000.0,30%-<36%,1405000.0,462.0,1,White,Joint,25-34,71.429,Loan originated
1,655000.0,49,875000.0,202.0,1,Asian,Male,45-54,74.371,Loan originated
1,465000.0,48,555000.0,332.0,1,White,Joint,55-64,85.0,Loan originated
1,355000.0,41,785000.0,258.0,1,White,Joint,35-44,44.841,Loan originated
1,605000.0,44,1005000.0,178.0,1,White,Joint,65-74,59.86,Loan originated
1,685000.0,40,1215000.0,170.0,1,White,Male,25-34,56.61,Loan originated
1,775000.0,45,825000.0,167.0,1,Hispanic or Latino,Joint,25-34,93.349,Loan originated
1,1145000.0,30%-<36%,1325000.0,609.0,1,White,Female,35-44,86.78,Loan originated
1,455000.0,<20%,1455000.0,578.0,1,Hispanic or Latino,Male,55-64,31.035,Loan originated
1,705000.0,44,785000.0,146.0,1,Black or African American,Female,45-54,90.0,Loan originated
1,335000.0,20%-<30%,835000.0,252.0,1,White,Joint,<25,40.046,Loan originated
1,505000.0,37,645000.0,128.0,1,Asian,Female,55-64,80.0,Loan originated
1,465000.0,44,565000.0,219.0,1,White,Male,55-64,82.143,Loan originated
1,465000.0,30%-<36%,585000.0,195.0,1,White,Joint,25-34,80.0,Loan originated
1,415000.0,44,555000.0,268.0,1,Asian,Female,45-54,75.0,Loan originated
1,635000.0,48,935000.0,143.0,1,Asian,Male,25-34,67.742,Loan originated
1,265000.0,44,675000.0,88.0,1,Asian,Male,25-34,39.85,Loan originated
1,905000.0,48,1295000.0,331.0,1,Asian,Joint,55-64,70.0,Loan originated
1,355000.0,20%-<30%,1055000.0,235.0,1,White,Joint,55-64,33.5,Loan originated
1,415000.0,36,575000.0,125.0,1,White,Joint,25-34,72.37,Loan originated
1,685000.0,43,865000.0,233.0,1,White,Joint,55-64,80.0,Loan originated
1,565000.0,48,585000.0,132.0,1,White,Female,35-44,100.0,Loan originated
1,1125000.0,38,1255000.0,346.0,1,Asian,Joint,25-34,89.9,Loan originated
1,415000.0,20%-<30%,435000.0,156.0,1,White,Female,35-44,95.0,Loan originated
1,705000.0,39,875000.0,240.0,1,White,Male,35-44,80.0,Loan originated
1,1125000.0,37,1405000.0,316.0,1,White,Joint,25-34,80.0,Loan originated
1,725000.0,45,805000.0,186.0,1,Asian,Male,25-34,90.0,Loan originated
1,405000.0,>60%,635000.0,75.0,1,White,Male,<25,63.492,Application denied
1,555000.0,38,685000.0,234.0,1,White,Male,25-34,80.0,Loan originated
1,695000.0,30%-<36%,775000.0,215.0,1,White,Female,35-44,90.0,Loan originated
1,765000.0,30%-<36%,955000.0,286.0,1,Asian,Male,25-34,80.0,Loan originated
1,155000.0,30%-<36%,165000.0,71.0,1,Hispanic or Latino,Male,<25,95.0,Loan originated
1,405000.0,42,425000.0,115.0,1,Hispanic or Latino,Joint,35-44,95.0,Loan originated
1,605000.0,47,1105000.0,145.0,1,Asian,Female,45-54,55.0,Loan originated
1,665000.0,30%-<36%,735000.0,281.0,1,Hispanic or Latino,Joint,35-44,89.865,Loan originated
1,695000.0,49,865000.0,173.0,1,Hispanic or Latino,Joint,25-34,80.0,Loan originated
1,485000.0,49,765000.0,99.0,1,Asian,Female,35-44,63.268,Loan originated
1,355000.0,30%-<36%,585000.0,119.0,1,Hispanic or Latino,Joint,55-64,59.829,Loan originated
1,765000.0,49,1055000.0,281.0,1,Asian,Joint,35-44,72.453,Loan originated
1,755000.0,>60%,945000.0,162.0,1,Asian,Female,45-54,80.0,Application denied
1,275000.0,49,335000.0,68.0,1,Hispanic or Latino,Female,25-34,80.0,Loan originated
1,615000.0,43,685000.0,179.0,1,White,Male,65-74,90.0,Loan originated
1,595000.0,46,625000.0,170.0,1,Hispanic or Latino,Male,45-54,95.0,Loan originated
1,755000.0,48,2055000.0,174.0,1,White,Joint,55-64,36.585,Loan originated
1,295000.0,49,425000.0,74.0,1,Hispanic or Latino,Female,45-54,70.0,Loan originated
1,505000.0,37,1305000.0,167.0,1,Asian,Male,35-44,38.314,Loan originated
1,605000.0,30%-<36%,825000.0,175.0,1,Asian,Female,25-34,74.0,Loan originated
1,1005000.0,30%-<36%,1465000.0,472.0,1,White,Joint,35-44,68.123,Application denied
1,555000.0,41,585000.0,156.0,1,Hispanic or Latino,Male,35-44,98.325,Loan originated
1,325000.0,48,405000.0,70.0,1,Hispanic or Latino,Male,65-74,80.0,Loan originated
1,135000.0,45,145000.0,69.0,1,Hispanic or Latino,Female,35-44,95.0,Application denied
1,415000.0,30%-<36%,525000.0,271.0,1,Asian,Joint,35-44,79.619,Loan originated
1,625000.0,49,785000.0,135.0,1,White,Female,55-64,80.0,Loan originated
1,385000.0,20%-<30%,1105000.0,302.0,1,White,Joint,45-54,34.603,Loan originated
1,325000.0,49,635000.0,74.0,1,Asian,Female,45-54,51.0,Loan originated
1,575000.0,30%-<36%,605000.0,384.0,1,Asian,Joint,25-34,95.0,Loan originated
1,1005000.0,36,1255000.0,294.0,1,Asian,Joint,25-34,80.0,Loan originated
1,185000.0,50%-60%,525000.0,78.0,1,Hispanic or Latino,Joint,25-34,35.12,Application denied
1,1075000.0,43,1545000.0,282.0,1,Asian,Joint,35-44,69.984,Loan originated
1,815000.0,36,1165000.0,284.0,1,Asian,Male,35-44,70.0,Loan originated
1,405000.0,46,795000.0,107.0,1,White,Female,65-74,50.88,Loan originated
1,505000.0,43,1015000.0,189.0,1,White,Female,45-54,49.5,Loan originated
1,905000.0,39,1555000.0,265.0,1,Asian,Joint,55-64,58.065,Loan originated
1,975000.0,40,1685000.0,276.0,1,Asian,Male,35-44,67.5,Loan originated
1,595000.0,45,665000.0,202.0,1,Black or African American,Male,55-64,90.0,Loan originated
1,185000.0,20%-<30%,385000.0,92.0,1,White,Joint,25-34,48.05,Loan originated
1,755000.0,38,905000.0,210.0,1,Other,Joint,25-34,83.33,Loan originated
1,365000.0,20%-<30%,1165000.0,174.0,1,Asian,Female,25-34,31.15,Loan originated
1,35000.0,<20%,65000.0,129.0,1,White,Female,55-64,63.71,Loan originated
1,765000.0,48,955000.0,191.0,1,White,Joint,55-64,80.0,Loan originated
1,1105000.0,39,1165000.0,332.0,1,Hispanic or Latino,Joint,25-34,95.0,Loan originated
1,455000.0,50%-60%,1155000.0,182.0,1,White,Joint,65-74,39.14,Loan originated
1,315000.0,45,345000.0,129.0,1,Hispanic or Latino,Male,<25,91.39,Loan originated
1,705000.0,20%-<30%,885000.0,258.0,1,Asian,Male,25-34,80.0,Application denied
1,255000.0,42,285000.0,60.0,1,Hispanic or Latino,Male,35-44,90.0,Loan originated
1,485000.0,44,505000.0,140.0,1,Asian,Male,25-34,97.0,Loan originated
1,305000.0,30%-<36%,375000.0,418.0,1,White,Male,45-54,80.0,Loan originated
1,595000.0,37,745000.0,182.0,1,Asian,Joint,55-64,80.0,Loan originated
1,685000.0,41,735000.0,180.0,1,Asian,Male,35-44,93.0,Loan originated
1,475000.0,36,595000.0,142.0,1,Hispanic or Latino,Joint,25-34,80.0,Loan originated
1,295000.0,48,515000.0,63.0,1,Hispanic or Latino,Female,45-54,57.29,Loan originated
1,285000.0,48,305000.0,70.0,1,Hispanic or Latino,Joint,25-34,94.075,Loan originated
1,875000.0,49,1265000.0,168.0,1,Asian,Male,45-54,69.328,Loan originated
1,505000.0,42,835000.0,155.0,1,Asian,Male,25-34,61.077,Loan originated
1,355000.0,36,935000.0,127.0,1,Asian,Male,35-44,37.634,Loan originated
1,905000.0,<20%,1235000.0,4617.0,1,Asian,Joint,45-54,72.774,Application denied
1,325000.0,>60%,425000.0,43.0,1,White,Joint,55-64,77.53,Application denied
1,535000.0,49,565000.0,133.0,1,White,Male,25-34,95.0,Loan originated
1,535000.0,49,1075000.0,253.0,1,White,Joint,45-54,50.14,Loan originated
1,675000.0,47,1045000.0,155.0,1,Asian,Male,45-54,64.21,Loan originated
1,145000.0,44,245000.0,87.0,1,Hispanic or Latino,Joint,35-44,57.83,Loan originated
1,1105000.0,42,1375000.0,234.0,1,White,Female,35-44,80.0,Loan originated
1,1445000.0,50%-60%,1805000.0,257.0,1,White,Male,35-44,80.0,Loan originated
1,645000.0,42,675000.0,198.0,1,White,Joint,35-44,95.0,Loan originated
1,915000.0,41,1405000.0,203.0,1,Asian,Male,35-44,65.0,Loan originated
1,935000.0,49,1055000.0,231.0,1,Hispanic or Latino,Joint,35-44,88.952,Loan originated
1,315000.0,41,325000.0,77.0,1,Hispanic or Latino,Female,35-44,97.0,Loan originated
1,735000.0,49,985000.0,155.0,1,Asian,Joint,25-34,75.0,Loan originated
1,225000.0,30%-<36%,445000.0,95.0,1,White,Male,35-44,51.002,Loan originated
1,765000.0,47,2505000.0,193.0,1,Asian,Joint,55-64,30.4,Loan originated
1,625000.0,44,715000.0,404.0,1,White,Joint,35-44,86.926,Loan originated
1,765000.0,46,855000.0,338.0,1,White,Female,65-74,90.0,Loan originated
1,325000.0,38,415000.0,114.0,1,Hispanic or Latino,Joint,65-74,80.0,Loan originated
1,485000.0,42,515000.0,99.0,1,Hispanic or Latino,Joint,55-64,95.0,Loan originated
1,485000.0,49,515000.0,149.0,1,Asian,Female,35-44,95.0,Loan originated
1,495000.0,44,625000.0,147.0,1,Asian,Joint,35-44,80.0,Loan originated
1,1145000.0,30%-<36%,1235000.0,399.0,1,Hispanic or Latino,Male,45-54,93.482,Loan originated
1,335000.0,37,365000.0,90.0,1,White,Female,35-44,92.329,Loan originated
1,325000.0,43,405000.0,186.0,1,Asian,Male,35-44,80.0,Loan originated
1,585000.0,49,665000.0,116.0,1,Black or African American,Male,55-64,87.306,Loan originated
1,1055000.0,36,1315000.0,312.0,1,Asian,Joint,25-34,80.0,Loan originated
1,535000.0,49,675000.0,122.0,1,Asian,Male,45-54,79.5,Loan originated
1,835000.0,48,1295000.0,196.0,1,Asian,Joint,25-34,65.0,Loan originated
1,505000.0,40,625000.0,201.0,1,White,Joint,25-34,80.0,Loan originated
1,725000.0,42,905000.0,223.0,1,White,Joint,45-54,80.0,Loan originated
1,485000.0,42,675000.0,184.0,1,White,Joint,35-44,72.985,Loan originated
1,205000.0,30%-<36%,1275000.0,138.0,1,White,Joint,65-74,16.0,Loan originated
1,405000.0,47,555000.0,98.0,1,White,Male,25-34,72.727,Loan originated
1,365000.0,30%-<36%,385000.0,115.0,1,Hispanic or Latino,Male,35-44,95.0,Loan originated
1,595000.0,20%-<30%,795000.0,215.0,1,Asian,Joint,35-44,74.806,Loan originated
1,255000.0,30%-<36%,445000.0,80.0,1,White,Male,<25,57.0,Loan originated
1,405000.0,49,735000.0,89.0,1,Asian,Male,35-44,56.096,Loan originated
1,655000.0,36,2055000.0,324.0,1,Asian,Joint,35-44,31.707,Loan originated
1,695000.0,44,735000.0,330.0,1,White,Joint,35-44,95.0,Loan originated
1,1135000.0,46,1415000.0,236.0,1,White,Male,25-34,80.0,Loan originated
1,535000.0,47,555000.0,141.0,1,Hispanic or Latino,Joint,25-34,97.0,Loan originated
1,1055000.0,40,1315000.0,317.0,1,White,Female,35-44,80.0,Loan originated
1,555000.0,>60%,585000.0,161.0,1,Asian,Male,45-54,95.0,Application denied
1,455000.0,46,565000.0,98.0,1,White,Male,25-34,80.0,Loan originated
1,355000.0,30%-<36%,615000.0,129.0,1,White,Female,65-74,57.724,Loan originated
1,315000.0,30%-<36%,335000.0,376.0,1,Other,Joint,35-44,95.0,Loan originated
1,885000.0,30%-<36%,935000.0,272.0,1,White,Joint,25-34,95.0,Loan originated
1,365000.0,47,525000.0,83.0,1,Black or African American,Female,45-54,90.476,Loan originated
1,525000.0,48,655000.0,115.0,1,Asian,Male,25-34,80.0,Loan originated
1,505000.0,48,605000.0,105.0,1,Hispanic or Latino,Joint,25-34,83.333,Loan originated
1,305000.0,30%-<36%,315000.0,93.0,1,Hispanic or Latino,Joint,35-44,95.0,Loan originated
1,335000.0,47,505000.0,70.0,1,Asian,Female,45-54,66.164,Application denied
1,315000.0,49,925000.0,94.0,1,Asian,Female,<25,34.24,Loan originated
1,345000.0,40,415000.0,82.0,1,White,Female,25-34,84.146,Loan originated
1,365000.0,44,455000.0,108.0,1,Hispanic or Latino,Male,45-54,80.0,Loan originated
1,705000.0,38,755000.0,203.0,1,Asian,Female,45-54,93.33,Loan originated
1,655000.0,46,765000.0,209.0,1,White,Male,35-44,85.0,Loan originated
1,735000.0,47,775000.0,148.0,1,Black or African American,Male,25-34,95.0,Loan originated
1,785000.0,44,975000.0,192.0,1,White,Joint,45-54,80.0,Loan originated
1,545000.0,30%-<36%,685000.0,178.0,1,White,Joint,45-54,80.0,Loan originated
1,435000.0,46,555000.0,135.0,1,Asian,Male,<25,78.66,Loan originated
1,405000.0,30%-<36%,545000.0,148.0,1,Hispanic or Latino,Male,25-34,75.0,Application denied
1,355000.0,20%-<30%,425000.0,155.0,1,Asian,Male,45-54,85.0,Loan originated
1,545000.0,45,575000.0,166.0,1,White,Male,45-54,95.0,Loan originated
1,965000.0,38,1205000.0,384.0,1,Hispanic or Latino,Male,55-64,80.0,Loan originated
1,505000.0,40,635000.0,171.0,1,Hispanic or Latino,Male,35-44,80.0,Loan originated
1,1185000.0,46,1485000.0,297.0,1,Black or African American,Female,55-64,80.0,Loan originated
1,1005000.0,30%-<36%,2725000.0,425.0,1,Asian,Male,45-54,37.0,Loan originated
1,385000.0,41,415000.0,101.0,1,Hispanic or Latino,Female,25-34,93.902,Loan originated
1,655000.0,30%-<36%,735000.0,192.0,1,Asian,Male,25-34,89.99,Loan originated
1,455000.0,<20%,635000.0,304.0,1,White,Joint,25-34,72.063,Loan originated
1,765000.0,30%-<36%,1765000.0,340.0,1,Asian,Joint,55-64,43.302,Loan originated
1,295000.0,42,305000.0,114.0,1,White,Joint,25-34,97.0,Loan originated
1,225000.0,43,385000.0,116.0,1,White,Male,65-74,56.55,Loan originated
1,215000.0,40,245000.0,53.0,1,White,Female,25-34,90.0,Loan originated
1,315000.0,49,395000.0,77.0,1,White,Male,25-34,80.0,Loan originated
1,365000.0,40,565000.0,27.0,1,Hispanic or Latino,Joint,25-34,64.286,Application denied
1,485000.0,49,785000.0,191.0,1,White,Joint,45-54,61.783,Loan originated
1,325000.0,20%-<30%,655000.0,142.0,1,White,Male,55-64,48.855,Loan originated
1,765000.0,30%-<36%,1035000.0,243.0,1,Hispanic or Latino,Joint,55-64,74.422,Loan originated
1,645000.0,47,805000.0,189.0,1,White,Joint,25-34,80.0,Loan originated
1,745000.0,48,785000.0,209.0,1,Black or African American,Female,55-64,95.0,Loan originated
1,175000.0,30%-<36%,225000.0,120.0,1,White,Male,65-74,76.39,Loan originated
1,235000.0,37,705000.0,96.0,1,Asian,Female,25-34,33.616,Loan originated
1,205000.0,30%-<36%,815000.0,226.0,1,Asian,Male,25-34,24.691,Application denied
1,905000.0,43,1125000.0,228.0,1,Hispanic or Latino,Male,25-34,80.0,Loan originated
1,735000.0,20%-<30%,785000.0,250.0,1,Asian,Joint,25-34,93.609,Loan originated
1,755000.0,46,1685000.0,236.0,1,Asian,Male,65-74,45.0,Loan originated
1,715000.0,30%-<36%,785000.0,340.0,1,White,Female,55-64,90.0,Loan originated
1,525000.0,44,555000.0,116.0,1,White,Male,25-34,95.0,Loan originated
1,625000.0,36,785000.0,291.0,1,Asian,Joint,35-44,80.0,Loan originated
1,585000.0,37,735000.0,176.0,1,White,Female,25-34,80.0,Loan originated
1,285000.0,20%-<30%,355000.0,192.0,1,Hispanic or Latino,Male,25-34,80.0,Loan originated
1,375000.0,44,545000.0,103.0,1,White,Joint,25-34,70.0,Loan originated
1,655000.0,36,965000.0,259.0,1,Asian,Male,45-54,67.71,Loan originated
1,635000.0,45,785000.0,134.0,1,White,Male,<25,80.0,Loan originated
1,445000.0,30%-<36%,505000.0,162.0,1,Asian,Male,55-64,89.2,Loan originated
1,135000.0,49,215000.0,33.0,1,White,Male,25-34,79.048,Loan originated
1,85000.0,<20%,375000.0,99.0,1,White,Joint,>74,22.427,Loan originated
1,505000.0,49,1215000.0,215.0,1,White,Joint,55-64,41.25,Loan originated
1,735000.0,49,795000.0,181.0,1,White,Female,35-44,93.0,Loan originated
1,1105000.0,43,1375000.0,240.0,1,White,Male,35-44,80.0,Loan originated
1,385000.0,49,515000.0,76.0,1,Asian,Male,55-64,74.585,Loan originated
1,635000.0,41,665000.0,168.0,1,Hispanic or Latino,Male,35-44,95.0,Loan originated
1,755000.0,38,795000.0,198.0,1,White,Female,35-44,95.0,Loan originated
1,345000.0,46,435000.0,75.0,1,White,Male,65-74,80.0,Loan originated
1,255000.0,42,675000.0,69.0,1,Hispanic or Latino,Female,65-74,37.612,Loan originated
1,975000.0,20%-<30%,1625000.0,311.0,1,White,Female,25-34,60.0,Loan originated
1,135000.0,44,465000.0,46.0,1,White,Male,35-44,102.627,Loan originated
1,685000.0,20%-<30%,865000.0,348.0,1,White,Female,45-54,80.0,Loan originated
1,505000.0,42,625000.0,129.0,1,Hispanic or Latino,Male,45-54,80.0,Loan originated
1,275000.0,39,285000.0,81.0,1,White,Female,<25,97.0,Loan originated
1,735000.0,47,1055000.0,239.0,1,Asian,Joint,35-44,70.0,Loan originated
1,515000.0,36,735000.0,384.0,1,Asian,Male,35-44,69.388,Loan originated
1,935000.0,30%-<36%,1255000.0,308.0,1,White,Female,45-54,75.0,Loan originated
1,465000.0,39,895000.0,133.0,1,White,Joint,35-44,52.072,Loan originated
1,755000.0,>60%,1005000.0,87.0,1,White,Joint,25-34,75.0,Application denied
1,625000.0,20%-<30%,775000.0,445.0,1,White,Male,65-74,80.0,Loan originated
1,115000.0,43,165000.0,87.0,1,White,Female,45-54,74.06,Loan originated
1,185000.0,20%-<30%,505000.0,68.0,1,White,Male,65-74,37.82,Loan originated
1,315000.0,>60%,355000.0,31.0,1,Asian,Female,35-44,90.0,Application denied
1,525000.0,44,625000.0,158.0,1,Asian,Joint,25-34,85.0,Loan originated
1,695000.0,>60%,735000.0,79.0,1,Asian,Female,35-44,94.53,Application denied
1,505000.0,30%-<36%,1135000.0,187.0,1,Hispanic or Latino,Female,45-54,44.69,Loan originated
1,605000.0,43,765000.0,153.0,1,Asian,Male,45-54,79.99,Loan originated
1,455000.0,48,955000.0,125.0,1,White,Male,35-44,47.644,Loan originated
1,435000.0,45,965000.0,125.0,1,White,Female,35-44,45.625,Loan originated
1,535000.0,41,565000.0,172.0,1,Hispanic or Latino,Joint,25-34,95.0,Loan originated
1,615000.0,42,635000.0,181.0,1,Hispanic or Latino,Joint,35-44,97.0,Loan originated
1,325000.0,30%-<36%,775000.0,578.0,1,Asian,Joint,35-44,41.935,Loan originated
1,605000.0,48,765000.0,117.0,1,Hispanic or Latino,Male,35-44,89.958,Application denied
1,905000.0,40,1205000.0,272.0,1,White,Male,45-54,75.0,Loan originated
1,405000.0,45,535000.0,108.0,1,White,Male,25-34,75.0,Loan originated
1,455000.0,41,805000.0,117.0,1,White,Joint,65-74,56.04,Loan originated
1,475000.0,36,565000.0,247.0,1,Black or African American,Male,25-34,85.0,Loan originated
1,345000.0,46,425000.0,132.0,1,Hispanic or Latino,Male,25-34,80.0,Application denied
1,505000.0,40,565000.0,183.0,1,Black or African American,Male,35-44,90.0,Application denied
1,545000.0,20%-<30%,745000.0,250.0,1,Asian,Joint,35-44,73.32,Loan originated
1,585000.0,41,885000.0,175.0,1,Asian,Female,25-34,66.24,Loan originated
1,1125000.0,43,1405000.0,352.0,1,White,Joint,65-74,80.0,Loan originated
1,485000.0,47,505000.0,109.0,1,Hispanic or Latino,Female,45-54,95.0,Loan originated
1,335000.0,45,355000.0,70.0,1,Asian,Female,25-34,100.0,Loan originated
1,505000.0,30%-<36%,895000.0,302.0,1,Asian,Female,25-34,56.054,Loan originated
1,745000.0,44,785000.0,186.0,1,Hispanic or Latino,Joint,25-34,95.0,Loan originated
1,635000.0,30%-<36%,795000.0,244.0,1,Black or African American,Joint,35-44,80.0,Loan originated
1,655000.0,43,695000.0,233.0,1,Hispanic or Latino,Male,25-34,95.0,Loan originated
1,865000.0,47,915000.0,207.0,1,White,Male,35-44,95.0,Loan originated
1,685000.0,43,725000.0,217.0,1,White,Joint,35-44,95.0,Loan originated
1,685000.0,30%-<36%,1655000.0,270.0,1,White,Joint,45-54,41.394,Loan originated
1,415000.0,47,495000.0,106.0,1,White,Joint,35-44,86.0,Loan originated
1,385000.0,48,535000.0,90.0,1,Hispanic or Latino,Male,35-44,71.963,Loan originated
1,765000.0,20%-<30%,855000.0,469.0,1,Asian,Male,45-54,90.0,Loan originated
1,435000.0,37,455000.0,128.0,1,Hispanic or Latino,Female,35-44,95.0,Loan originated
1,405000.0,30%-<36%,455000.0,129.0,1,Hispanic or Latino,Male,35-44,90.0,Loan originated
1,645000.0,41,1045000.0,185.0,1,White,Female,55-64,61.538,Loan originated
1,435000.0,30%-<36%,545000.0,187.0,1,Hispanic or Latino,Male,45-54,80.0,Loan originated
1,605000.0,>60%,635000.0,144.0,1,Hispanic or Latino,Joint,25-34,95.0,Application denied
1,655000.0,38,775000.0,215.0,1,White,Joint,45-54,85.0,Loan originated
1,845000.0,42,1055000.0,200.0,1,White,Joint,45-54,80.0,Loan originated
1,1005000.0,45,3055000.0,302.0,1,Asian,Male,45-54,32.79,Loan originated
1,205000.0,20%-<30%,215000.0,98.0,1,Hispanic or Latino,Female,25-34,97.0,Loan originated
1,485000.0,38,605000.0,147.0,1,White,Joint,55-64,80.0,Loan originated
1,675000.0,46,715000.0,144.0,1,Hispanic or Latino,Joint,35-44,98.0,Loan originated
1,675000.0,48,905000.0,157.0,1,Hispanic or Latino,Joint,35-44,75.0,Loan originated
1,1125000.0,49,5175000.0,301.0,1,Asian,Female,55-64,21.739,Loan originated
1,305000.0,46,1595000.0,196.0,1,White,Joint,35-44,18.809,Loan originated
1,1145000.0,36,1325000.0,319.0,1,White,Joint,45-54,87.0,Loan originated
1,595000.0,>60%,635000.0,73.0,1,Hispanic or Latino,Female,35-44,95.0,Loan originated
1,365000.0,45,465000.0,101.0,1,Asian,Female,35-44,80.0,Loan originated
1,1005000.0,42,1115000.0,257.0,1,White,Joint,35-44,89.99,Loan originated
1,495000.0,47,575000.0,101.0,1,Asian,Male,25-34,86.518,Loan originated
1,725000.0,36,915000.0,195.0,1,Hispanic or Latino,Female,25-34,80.0,Loan originated
1,955000.0,20%-<30%,1275000.0,393.0,1,Asian,Joint,25-34,75.0,Loan originated
1,385000.0,20%-<30%,425000.0,589.0,1,White,Joint,55-64,90.0,Loan originated
1,1145000.0,44,1435000.0,400.0,1,White,Joint,25-34,80.0,Loan originated
1,615000.0,30%-<36%,765000.0,175.0,1,White,Male,45-54,80.0,Loan originated
1,585000.0,45,885000.0,196.0,1,White,Joint,35-44,70.0,Loan originated
1,695000.0,30%-<36%,735000.0,230.0,1,Hispanic or Latino,Male,<25,95.0,Loan originated
1,465000.0,42,545000.0,110.0,1,White,Male,25-34,85.428,Loan originated
1,1055000.0,49,2555000.0,248.0,1,White,Joint,55-64,41.18,Loan originated
1,335000.0,30%-<36%,565000.0,204.0,1,Asian,Joint,45-54,58.606,Loan originated
1,365000.0,44,375000.0,99.0,1,Asian,Joint,25-34,97.0,Loan originated
1,425000.0,49,515000.0,79.0,1,Black or African American,Male,55-64,84.75,Loan originated
1,465000.0,30%-<36%,525000.0,160.0,1,Hispanic or Latino,Female,25-34,88.0,Loan originated
1,365000.0,47,675000.0,84.0,1,White,Male,25-34,53.333,Loan originated
1,355000.0,42,475000.0,83.0,1,Asian,Joint,<25,75.0,Loan originated
1,425000.0,45,525000.0,117.0,1,Hispanic or Latino,Male,35-44,80.0,Loan originated
1,795000.0,36,1205000.0,225.0,1,White,Female,45-54,66.583,Loan originated
1,1125000.0,38,3105000.0,407.0,1,White,Male,>74,36.205,Loan originated
1,1105000.0,39,1385000.0,300.0,1,Hispanic or Latino,Male,25-34,80.0,Application denied
1,855000.0,37,1075000.0,299.0,1,Asian,Joint,25-34,80.0,Loan originated
1,525000.0,20%-<30%,1625000.0,282.0,1,White,Joint,35-44,32.369,Loan originated
1,655000.0,47,725000.0,151.0,1,Hispanic or Latino,Joint,45-54,90.0,Loan originated
1,685000.0,<20%,1085000.0,510.0,1,Asian,Joint,25-34,63.0,Loan originated
1,495000.0,48,515000.0,142.0,1,White,Male,45-54,97.0,Loan originated
1,655000.0,39,815000.0,226.0,1,White,Male,35-44,80.0,Loan originated
1,945000.0,20%-<30%,1185000.0,348.0,1,Asian,Joint,35-44,80.0,Loan originated
1,565000.0,40,705000.0,157.0,1,White,Joint,45-54,80.0,Loan originated
1,665000.0,42,835000.0,183.0,1,White,Joint,>74,80.0,Loan originated
1,1065000.0,30%-<36%,1605000.0,323.0,1,White,Joint,45-54,66.25,Loan originated
1,975000.0,30%-<36%,1265000.0,283.0,1,White,Male,55-64,77.39,Loan originated
1,265000.0,36,555000.0,153.0,1,Asian,Joint,45-54,47.847,Loan originated
1,445000.0,38,495000.0,219.0,1,Hispanic or Latino,Female,25-34,90.0,Loan originated
1,535000.0,48,595000.0,126.0,1,White,Male,35-44,90.0,Loan originated
1,105000.0,20%-<30%,405000.0,117.0,1,Hispanic or Latino,Joint,55-64,25.0,Loan originated
1,375000.0,48,395000.0,92.0,1,White,Male,35-44,95.0,Loan originated
1,655000.0,30%-<36%,725000.0,242.0,1,Hispanic or Latino,Male,45-54,90.0,Loan originated
1,675000.0,48,755000.0,164.0,1,Asian,Male,35-44,90.0,Loan originated
1,575000.0,30%-<36%,825000.0,192.0,1,White,Male,35-44,70.0,Loan originated
1,265000.0,38,335000.0,107.0,1,Hispanic or Latino,Female,45-54,80.0,Loan originated
1,805000.0,40,945000.0,421.0,1,Hispanic or Latino,Male,55-64,85.0,Loan originated
1,805000.0,30%-<36%,955000.0,236.0,1,Asian,Male,35-44,85.0,Loan originated
1,305000.0,48,395000.0,72.0,1,Hispanic or Latino,Male,45-54,75.477,Loan originated
1,255000.0,38,1775000.0,141.0,1,Asian,Female,45-54,14.124,Loan originated
1,915000.0,30%-<36%,1025000.0,291.0,1,Asian,Joint,35-44,90.0,Application denied
1,525000.0,45,555000.0,254.0,1,White,Joint,45-54,95.0,Loan originated
1,715000.0,36,745000.0,243.0,1,Hispanic or Latino,Male,35-44,95.0,Loan originated
1,525000.0,47,1805000.0,139.0,1,White,Joint,>74,29.167,Loan originated
1,315000.0,20%-<30%,695000.0,157.0,1,Asian,Joint,45-54,44.928,Loan originated
1,55000.0,38,135000.0,58.0,1,Hispanic or Latino,Female,65-74,40.51,Loan originated
1,655000.0,48,685000.0,185.0,1,White,Female,25-34,95.0,Loan originated
1,245000.0,43,255000.0,75.0,1,White,Male,25-34,97.0,Loan originated
1,445000.0,49,555000.0,109.0,1,White,Male,25-34,80.0,Loan originated
1,335000.0,43,425000.0,104.0,1,Hispanic or Latino,Female,35-44,80.0,Loan originated
1,105000.0,50%-60%,765000.0,115.0,1,White,Joint,65-74,13.148,Application denied
1,55000.0,47,85000.0,47.0,1,Asian,Male,55-64,65.0,Application denied
1,585000.0,49,605000.0,116.0,1,White,Male,25-34,100.0,Loan originated
1,555000.0,36,585000.0,188.0,1,White,Joint,35-44,95.0,Loan originated
1,455000.0,36,1245000.0,30.0,1,Asian,Male,55-64,37.04,Loan originated
1,645000.0,47,685000.0,150.0,1,White,Female,25-34,93.741,Loan originated
1,545000.0,45,625000.0,193.0,1,Asian,Female,25-34,87.01,Loan originated
1,965000.0,43,1135000.0,343.0,1,Hispanic or Latino,Joint,55-64,85.0,Application denied
1,615000.0,41,635000.0,162.0,1,Black or African American,Female,35-44,97.0,Loan originated
1,615000.0,43,655000.0,216.0,1,White,Joint,25-34,95.0,Loan originated
1,755000.0,49,795000.0,141.0,1,Hispanic or Latino,Joint,25-34,95.0,Loan originated
1,845000.0,36,1225000.0,232.0,1,Asian,Joint,35-44,68.852,Loan originated
1,95000.0,41,135000.0,48.0,1,Black or African American,Male,25-34,75.0,Application denied
1,665000.0,49,955000.0,192.0,1,Asian,Female,25-34,70.0,Loan originated
1,755000.0,42,2655000.0,366.0,1,Asian,Joint,25-34,28.3,Loan originated
1,365000.0,38,405000.0,89.0,1,White,Male,35-44,90.0,Loan originated
1,765000.0,44,855000.0,160.0,1,Hispanic or Latino,Joint,25-34,90.0,Loan originated
1,525000.0,43,525000.0,125.0,1,Asian,Male,25-34,99.257,Loan originated
1,465000.0,30%-<36%,495000.0,239.0,1,White,Male,65-74,95.0,Loan originated
1,535000.0,30%-<36%,555000.0,164.0,1,Hispanic or Latino,Female,25-34,97.0,Loan originated
1,285000.0,49,475000.0,63.0,1,Asian,Female,45-54,60.819,Loan originated
1,735000.0,41,915000.0,168.0,1,Asian,Male,45-54,96.34,Application denied
1,605000.0,49,755000.0,202.0,1,Hispanic or Latino,Female,35-44,80.0,Loan originated
1,105000.0,49,955000.0,48.0,1,Asian,Male,>74,10.737,Loan originated
1,1005000.0,39,1755000.0,307.0,1,Asian,Joint,25-34,57.15,Loan originated
1,505000.0,49,1505000.0,125.0,1,Asian,Female,25-34,33.333,Loan originated
1,225000.0,37,245000.0,73.0,1,Hispanic or Latino,Male,35-44,95.0,Loan originated
1,545000.0,48,685000.0,115.0,1,Asian,Female,35-44,80.0,Loan originated
1,695000.0,30%-<36%,715000.0,195.0,1,Hispanic or Latino,Joint,25-34,97.0,Loan originated
1,265000.0,44,295000.0,130.0,1,Hispanic or Latino,Female,25-34,90.0,Loan originated
1,545000.0,40,805000.0,198.0,1,White,Male,35-44,74.98,Loan originated
1,625000.0,47,695000.0,114.0,1,White,Female,<25,90.0,Loan originated
1,465000.0,47,585000.0,188.0,1,White,Joint,45-54,80.0,Loan originated
1,585000.0,44,775000.0,175.0,1,Asian,Female,45-54,75.0,Loan originated
1,1265000.0,40,1575000.0,340.0,1,White,Joint,25-34,80.0,Loan originated
1,205000.0,<20%,715000.0,149.0,1,White,Joint,65-74,28.672,Loan originated
1,15000.0,30%-<36%,305000.0,75.0,1,Hispanic or Latino,Female,55-64,101.93,Loan originated
1,375000.0,30%-<36%,725000.0,358.0,1,White,Joint,45-54,51.724,Loan originated
1,495000.0,20%-<30%,855000.0,280.0,1,White,Joint,45-54,57.35,Loan originated
1,575000.0,30%-<36%,725000.0,218.0,1,White,Male,45-54,80.0,Loan originated
1,305000.0,42,325000.0,97.0,1,Asian,Female,55-64,95.0,Loan originated
1,475000.0,20%-<30%,525000.0,214.0,1,White,Joint,25-34,90.0,Loan originated
1,635000.0,30%-<36%,1185000.0,298.0,1,Asian,Male,25-34,53.49,Loan originated
1,905000.0,39,1305000.0,287.0,1,White,Joint,35-44,69.231,Loan originated
1,1015000.0,37,1275000.0,376.0,1,White,Male,35-44,80.0,Loan originated
1,155000.0,50%-60%,705000.0,44.0,1,Asian,Male,65-74,21.384,Application denied
1,565000.0,49,675000.0,120.0,1,Hispanic or Latino,Male,55-64,85.0,Loan originated
1,475000.0,48,635000.0,124.0,1,White,Female,35-44,75.0,Loan originated
1,295000.0,39,605000.0,93.0,1,White,Joint,25-34,48.76,Loan originated
1,715000.0,30%-<36%,955000.0,235.0,1,Asian,Joint,25-34,75.0,Loan originated
1,705000.0,49,745000.0,166.0,1,Hispanic or Latino,Male,35-44,95.0,Loan originated
1,125000.0,49,525000.0,48.0,1,White,Female,55-64,24.58,Loan originated
1,345000.0,38,435000.0,106.0,1,Hispanic or Latino,Male,55-64,80.0,Loan originated
1,315000.0,20%-<30%,395000.0,119.0,1,White,Male,25-34,80.0,Loan originated
1,685000.0,40,725000.0,170.0,1,White,Male,35-44,95.0,Application denied
1,515000.0,49,625000.0,199.0,1,Hispanic or Latino,Joint,25-34,82.25,Loan originated
1,505000.0,45,675000.0,126.0,1,Hispanic or Latino,Joint,55-64,75.0,Loan originated
1,165000.0,48,265000.0,80.0,1,Asian,Joint,55-64,64.14,Application denied
1,475000.0,30%-<36%,595000.0,134.0,1,White,Joint,25-34,80.0,Loan originated
1,355000.0,42,485000.0,93.0,1,Asian,Female,45-54,74.436,Loan originated
1,255000.0,30%-<36%,415000.0,133.0,1,White,Joint,25-34,60.24,Loan originated
1,195000.0,46,395000.0,60.0,1,White,Joint,45-54,49.36,Loan originated
1,425000.0,20%-<30%,565000.0,173.0,1,White,Male,35-44,75.0,Loan originated
1,675000.0,49,855000.0,143.0,1,White,Male,65-74,79.666,Loan originated
1,765000.0,36,1305000.0,319.0,1,White,Joint,25-34,58.85,Loan originated
1,1005000.0,30%-<36%,1255000.0,309.0,1,Asian,Joint,25-34,80.0,Loan originated
1,525000.0,37,1235000.0,180.0,1,Asian,Male,55-64,42.373,Loan originated
1,315000.0,<20%,1355000.0,258.0,1,White,Male,35-44,23.333,Loan originated
1,385000.0,48,405000.0,84.0,1,Hispanic or Latino,Female,65-74,95.0,Loan originated
1,865000.0,47,915000.0,211.0,1,Asian,Joint,35-44,95.0,Loan originated
1,655000.0,20%-<30%,1255000.0,275.0,1,White,Joint,55-64,51.793,Loan originated
1,285000.0,45,625000.0,81.0,1,Asian,Female,35-44,44.586,Loan originated
1,455000.0,20%-<30%,605000.0,318.0,1,Black or African American,Male,35-44,75.0,Loan originated
1,1145000.0,36,1275000.0,349.0,1,White,Joint,35-44,90.0,Loan originated
1,305000.0,37,605000.0,165.0,1,White,Male,35-44,50.0,Application denied
1,805000.0,40,1415000.0,337.0,1,White,Joint,65-74,56.74,Loan originated
1,885000.0,43,1115000.0,187.0,1,Asian,Male,35-44,80.0,Loan originated
1,625000.0,20%-<30%,695000.0,323.0,1,Asian,Joint,35-44,89.99,Loan originated
1,1105000.0,30%-<36%,1475000.0,345.0,1,Asian,Joint,25-34,75.0,Loan originated
1,425000.0,48,575000.0,85.0,1,Asian,Joint,25-34,75.0,Loan originated
1,555000.0,48,695000.0,132.0,1,Hispanic or Latino,Male,45-54,80.0,Loan originated
1,765000.0,46,965000.0,24.0,1,Asian,Male,45-54,80.0,Loan originated
1,565000.0,30%-<36%,705000.0,195.0,1,Asian,Female,35-44,80.0,Loan originated
1,675000.0,40,775000.0,257.0,1,White,Male,25-34,87.097,Loan originated
1,575000.0,43,615000.0,170.0,1,White,Joint,25-34,95.0,Loan originated
1,525000.0,42,555000.0,167.0,1,Hispanic or Latino,Male,<25,95.0,Loan originated
1,915000.0,37,1865000.0,275.0,1,White,Joint,45-54,49.171,Loan originated
1,765000.0,38,805000.0,301.0,1,White,Joint,25-34,95.0,Loan originated
1,585000.0,43,615000.0,177.0,1,Asian,Joint,25-34,95.0,Loan originated
1,575000.0,20%-<30%,775000.0,207.0,1,White,Female,35-44,74.177,Loan originated
1,715000.0,42,1715000.0,272.0,1,White,Joint,35-44,41.52,Loan originated
1,905000.0,48,1155000.0,206.0,1,Asian,Joint,25-34,78.261,Loan originated
1,265000.0,49,335000.0,57.0,1,Hispanic or Latino,Male,25-34,80.0,Loan originated
1,995000.0,42,1055000.0,247.0,1,White,Female,35-44,95.0,Loan originated
1,895000.0,40,1005000.0,258.0,1,White,Female,35-44,89.0,Loan originated
1,1055000.0,30%-<36%,1575000.0,377.0,1,White,Joint,25-34,66.667,Loan originated
1,765000.0,30%-<36%,1695000.0,315.0,1,Asian,Joint,25-34,45.145,Loan originated
1,495000.0,20%-<30%,1185000.0,279.0,1,White,Joint,35-44,41.525,Loan originated
1,955000.0,49,1365000.0,252.0,1,White,Joint,35-44,85.0,Loan originated
1,755000.0,43,2355000.0,460.0,1,White,Female,65-74,31.915,Loan originated
1,695000.0,49,825000.0,142.0,1,Asian,Male,45-54,85.0,Loan originated
1,645000.0,40,805000.0,470.0,1,Asian,Male,45-54,80.0,Loan originated
1,505000.0,41,525000.0,126.0,1,Hispanic or Latino,Joint,25-34,97.0,Loan originated
1,535000.0,41,665000.0,188.0,1,White,Joint,25-34,80.0,Loan originated
1,555000.0,44,1255000.0,169.0,1,Asian,Male,55-64,44.0,Loan originated
1,635000.0,30%-<36%,915000.0,201.0,1,White,Female,35-44,70.0,Loan originated
1,365000.0,48,385000.0,74.0,1,White,Female,25-34,95.0,Application denied
1,595000.0,30%-<36%,985000.0,278.0,1,White,Male,55-64,90.82,Loan originated
1,355000.0,45,375000.0,95.0,1,Hispanic or Latino,Female,45-54,100.0,Loan originated
1,465000.0,30%-<36%,575000.0,145.0,1,Asian,Male,35-44,80.0,Application denied
1,725000.0,44,915000.0,168.0,1,Asian,Female,35-44,80.0,Loan originated
1,275000.0,30%-<36%,1165000.0,121.0,1,White,Joint,35-44,23.707,Loan originated
1,1035000.0,44,1295000.0,452.0,1,White,Joint,35-44,80.0,Loan originated
1,595000.0,<20%,745000.0,484.0,1,Hispanic or Latino,Male,35-44,80.0,Loan originated
1,605000.0,49,635000.0,114.0,1,White,Male,25-34,95.0,Loan originated
1,615000.0,49,765000.0,118.0,1,Asian,Female,25-34,99.61,Loan originated
1,415000.0,20%-<30%,525000.0,162.0,1,Asian,Joint,35-44,80.0,Loan originated
1,435000.0,45,635000.0,115.0,1,White,Joint,65-74,68.335,Loan originated
1,435000.0,41,485000.0,106.0,1,Asian,Male,45-54,89.981,Loan originated
1,505000.0,48,675000.0,107.0,1,White,Female,25-34,75.0,Loan originated
1,845000.0,42,1055000.0,247.0,1,Asian,Joint,45-54,80.0,Loan originated
1,585000.0,20%-<30%,735000.0,347.0,1,Asian,Joint,25-34,80.0,Loan originated
1,285000.0,44,315000.0,97.0,1,Hispanic or Latino,Joint,35-44,90.0,Loan originated
1,415000.0,49,515000.0,125.0,1,White,Female,25-34,80.0,Loan originated
1,1005000.0,30%-<36%,1255000.0,315.0,1,White,Joint,35-44,80.0,Loan originated
1,355000.0,36,425000.0,95.0,1,Hispanic or Latino,Male,35-44,104.45,Loan originated
1,765000.0,41,1205000.0,219.0,1,White,Female,25-34,63.879,Loan originated
1,505000.0,48,1105000.0,210.0,1,White,Joint,45-54,45.45,Loan originated
1,645000.0,40,945000.0,165.0,1,White,Female,45-54,68.25,Loan originated
1,1005000.0,<20%,1115000.0,1628.0,1,White,Male,25-34,90.0,Loan originated
1,915000.0,20%-<30%,1145000.0,280.0,1,Asian,Male,25-34,80.0,Loan originated
1,755000.0,38,895000.0,194.0,1,Other,Female,35-44,85.0,Loan originated
1,85000.0,42,115000.0,65.0,1,Hispanic or Latino,Joint,45-54,70.0,Loan originated
1,1115000.0,41,1855000.0,278.0,1,Asian,Male,35-44,60.0,Loan originated
1,495000.0,20%-<30%,515000.0,186.0,1,Asian,Male,25-34,97.0,Loan originated
1,385000.0,30%-<36%,1065000.0,151.0,1,White,Female,>74,36.0,Loan originated
1,625000.0,43,1205000.0,148.0,1,Asian,Joint,45-54,95.84,Loan originated
1,875000.0,45,1065000.0,353.0,1,White,Joint,55-64,83.011,Loan originated
1,655000.0,30%-<36%,1555000.0,253.0,1,White,Joint,45-54,42.0,Loan originated
1,825000.0,38,1435000.0,361.0,1,Asian,Joint,45-54,58.0,Loan originated
1,665000.0,30%-<36%,1175000.0,272.0,1,Asian,Joint,35-44,57.179,Loan originated
1,365000.0,42,485000.0,104.0,1,Hispanic or Latino,Female,35-44,75.0,Loan originated
1,455000.0,>60%,1535000.0,150.0,1,Asian,Joint,35-44,19.574,Application denied
1,375000.0,43,465000.0,85.0,1,Asian,Joint,35-44,80.0,Loan originated
1,1145000.0,46,1435000.0,267.0,1,White,Male,25-34,80.0,Loan originated
1,515000.0,30%-<36%,685000.0,204.0,1,Asian,Joint,35-44,75.0,Loan originated
1,605000.0,50%-60%,635000.0,140.0,1,Asian,Male,35-44,95.0,Loan originated
1,425000.0,42,565000.0,197.0,1,Hispanic or Latino,Joint,25-34,74.336,Loan originated
1,535000.0,30%-<36%,675000.0,178.0,1,Hispanic or Latino,Joint,35-44,80.0,Loan originated
1,745000.0,49,825000.0,172.0,1,Hispanic or Latino,Joint,45-54,90.0,Loan originated
1,355000.0,42,1125000.0,108.0,1,Hispanic or Latino,Joint,55-64,31.111,Loan originated
1,615000.0,49,655000.0,143.0,1,Asian,Joint,45-54,95.0,Loan originated
1,1005000.0,48,1905000.0,227.0,1,Asian,Male,45-54,52.63,Loan originated
1,245000.0,43,415000.0,70.0,1,White,Male,25-34,60.0,Loan originated
1,895000.0,40,995000.0,231.0,1,White,Joint,35-44,90.0,Loan originated
1,215000.0,20%-<30%,335000.0,154.0,1,Hispanic or Latino,Male,25-34,64.6,Loan originated
1,475000.0,43,595000.0,139.0,1,Hispanic or Latino,Male,55-64,80.0,Loan originated
1,1035000.0,47,1295000.0,288.0,1,White,Male,35-44,80.0,Loan originated
1,315000.0,49,425000.0,75.0,1,White,Male,55-64,75.0,Loan originated
1,675000.0,39,795000.0,315.0,1,Hispanic or Latino,Female,25-34,85.0,Loan originated
1,645000.0,49,805000.0,201.0,1,Asian,Male,55-64,80.0,Loan originated
1,455000.0,30%-<36%,735000.0,160.0,1,White,Female,25-34,61.644,Loan originated
1,675000.0,49,665000.0,165.0,1,White,Female,25-34,101.735,Application denied
1,415000.0,30%-<36%,815000.0,155.0,1,White,Joint,45-54,51.04,Loan originated
1,655000.0,30%-<36%,955000.0,345.0,1,Asian,Joint,25-34,68.42,Loan originated
1,585000.0,30%-<36%,615000.0,193.0,1,Asian,Female,35-44,95.0,Loan originated
1,935000.0,44,1165000.0,198.0,1,Asian,Male,35-44,80.0,Loan originated
1,445000.0,46,555000.0,155.0,1,White,Joint,25-34,80.0,Loan originated
1,625000.0,48,785000.0,138.0,1,Hispanic or Latino,Joint,35-44,79.99,Loan originated
1,315000.0,46,335000.0,144.0,1,White,Male,55-64,95.0,Loan originated
1,475000.0,30%-<36%,635000.0,270.0,1,White,Female,45-54,75.0,Loan originated
1,765000.0,48,1045000.0,165.0,1,Asian,Male,45-54,73.158,Loan originated
1,275000.0,47,435000.0,74.0,1,Asian,Female,35-44,100.0,Loan originated
1,275000.0,30%-<36%,285000.0,147.0,1,White,Male,25-34,95.0,Loan originated
1,85000.0,30%-<36%,95000.0,103.0,1,White,Male,55-64,94.44,Loan originated
1,1005000.0,45,1255000.0,267.0,1,White,Joint,35-44,80.0,Loan originated
1,645000.0,30%-<36%,925000.0,279.0,1,Asian,Joint,35-44,70.0,Loan originated
1,505000.0,42,535000.0,104.0,1,Asian,Female,25-34,94.424,Loan originated
1,415000.0,46,465000.0,115.0,1,White,Joint,35-44,100.0,Loan originated
1,685000.0,39,765000.0,173.0,1,Asian,Joint,25-34,93.0,Loan originated
1,475000.0,49,525000.0,132.0,1,Asian,Joint,25-34,90.0,Loan originated
1,965000.0,44,1385000.0,427.0,1,White,Joint,55-64,70.0,Application denied
1,465000.0,30%-<36%,575000.0,178.0,1,White,Joint,25-34,79.999,Loan originated
1,405000.0,36,425000.0,130.0,1,White,Female,25-34,97.0,Loan originated
1,875000.0,38,905000.0,258.0,1,Hispanic or Latino,Joint,25-34,97.0,Loan originated
1,535000.0,44,685000.0,264.0,1,Asian,Joint,35-44,78.361,Loan originated
1,405000.0,45,1285000.0,108.0,1,White,Female,55-64,32.0,Loan originated
1,635000.0,47,705000.0,128.0,1,Black or African American,Male,25-34,90.0,Loan originated
1,405000.0,30%-<36%,535000.0,171.0,1,Asian,Male,35-44,75.0,Loan originated
1,105000.0,30%-<36%,195000.0,30.0,1,White,Male,35-44,51.35,Loan originated
1,495000.0,44,525000.0,186.0,1,Hispanic or Latino,Joint,45-54,95.0,Loan originated
1,335000.0,49,355000.0,62.0,1,Hispanic or Latino,Male,25-34,97.0,Loan originated
1,305000.0,42,555000.0,94.0,1,Asian,Female,35-44,55.0,Loan originated
1,235000.0,47,495000.0,220.0,1,White,Female,>74,47.896,Loan originated
1,505000.0,>60%,635000.0,147.0,1,Hispanic or Latino,Joint,25-34,80.0,Loan originated
1,585000.0,48,1005000.0,144.0,1,Asian,Male,25-34,57.666,Loan originated
1,395000.0,49,495000.0,98.0,1,Hispanic or Latino,Joint,25-34,80.0,Loan originated
1,765000.0,20%-<30%,835000.0,358.0,1,Asian,Joint,45-54,92.153,Loan originated
1,1115000.0,20%-<30%,1395000.0,456.0,1,Asian,Male,35-44,80.0,Loan originated
1,555000.0,47,855000.0,125.0,1,Asian,Joint,35-44,65.0,Loan originated
1,175000.0,47,225000.0,78.0,1,Asian,Joint,45-54,77.27,Loan originated
1,875000.0,44,945000.0,217.0,1,Black or African American,Joint,35-44,92.553,Loan originated
1,765000.0,43,815000.0,196.0,1,Hispanic or Latino,Female,35-44,94.055,Loan originated
1,835000.0,40,935000.0,196.0,1,Asian,Male,35-44,89.5,Loan originated
1,615000.0,46,655000.0,209.0,1,Asian,Joint,25-34,95.0,Loan originated
1,465000.0,37,735000.0,181.0,1,White,Joint,55-64,64.11,Loan originated
1,215000.0,49,265000.0,37.0,1,Hispanic or Latino,Female,<25,100.0,Loan originated
1,565000.0,45,705000.0,135.0,1,Hispanic or Latino,Male,35-44,80.0,Loan originated
1,375000.0,40,465000.0,90.0,1,Hispanic or Latino,Female,25-34,80.0,Loan originated
1,235000.0,<20%,265000.0,173.0,1,White,Joint,45-54,90.0,Loan originated
1,635000.0,<20%,785000.0,0.0,1,Hispanic or Latino,Male,55-64,80.0,Application denied
1,365000.0,40,385000.0,165.0,1,Hispanic or Latino,Joint,25-34,95.0,Loan originated
1,365000.0,38,535000.0,245.0,1,White,Female,>74,67.381,Loan originated
1,1095000.0,49,1905000.0,220.0,1,White,Joint,45-54,58.0,Loan originated
1,735000.0,46,915000.0,161.0,1,Hispanic or Latino,Female,55-64,82.732,Loan originated
1,565000.0,37,595000.0,207.0,1,Asian,Male,35-44,95.0,Loan originated
1,245000.0,40,255000.0,70.0,1,White,Male,25-34,95.0,Loan originated
1,435000.0,30%-<36%,465000.0,203.0,1,Hispanic or Latino,Joint,65-74,95.0,Loan originated
1,545000.0,49,745000.0,122.0,1,White,Female,25-34,73.154,Loan originated
1,335000.0,46,355000.0,138.0,1,White,Male,65-74,101.94,Loan originated
1,495000.0,49,625000.0,124.0,1,Hispanic or Latino,Joint,25-34,80.0,Loan originated
1,755000.0,48,945000.0,167.0,1,Hispanic or Latino,Female,55-64,80.0,Application denied
1,275000.0,41,345000.0,62.0,1,Hispanic or Latino,Joint,65-74,80.0,Loan originated
1,305000.0,41,975000.0,99.0,1,White,Male,25-34,30.9,Loan originated
1,855000.0,30%-<36%,1365000.0,256.0,1,White,Joint,35-44,62.5,Loan originated
1,445000.0,40,645000.0,236.0,1,White,Male,55-64,68.992,Loan originated
1,725000.0,30%-<36%,815000.0,203.0,1,Asian,Male,35-44,90.0,Loan originated
1,755000.0,36,775000.0,258.0,1,White,Joint,35-44,97.0,Loan originated
1,305000.0,39,655000.0,162.0,1,White,Joint,35-44,46.154,Loan originated
1,405000.0,39,495000.0,151.0,1,Hispanic or Latino,Joint,25-34,103.265,Loan originated
1,225000.0,48,425000.0,67.0,1,Black or African American,Male,55-64,53.402,Loan originated
1,405000.0,40,515000.0,115.0,1,Asian,Female,45-54,80.0,Loan originated
1,425000.0,43,435000.0,114.0,1,Black or African American,Female,45-54,97.0,Loan originated
1,295000.0,41,495000.0,75.0,1,Asian,Joint,35-44,59.68,Loan originated
1,535000.0,43,565000.0,143.0,1,White,Female,55-64,95.0,Loan originated
1,1045000.0,48,1445000.0,323.0,1,White,Joint,25-34,72.222,Loan originated
1,765000.0,38,1055000.0,302.0,1,White,Joint,55-64,73.0,Loan originated
1,135000.0,49,145000.0,49.0,1,Black or African American,Joint,65-74,95.0,Loan originated
1,425000.0,48,825000.0,111.0,1,White,Joint,>74,51.82,Loan originated
1,765000.0,39,3755000.0,391.0,1,White,Joint,35-44,90.0,Loan originated
1,255000.0,47,355000.0,62.0,1,White,Joint,55-64,70.0,Loan originated
1,615000.0,39,1045000.0,160.0,1,White,Joint,25-34,58.68,Loan originated
1,485000.0,49,645000.0,100.0,1,Asian,Male,35-44,75.0,Loan originated
1,265000.0,47,285000.0,57.0,1,Hispanic or Latino,Male,35-44,98.0,Loan originated
1,405000.0,47,1075000.0,184.0,1,White,Male,>74,37.209,Loan originated
1,765000.0,49,945000.0,271.0,1,Asian,Joint,55-64,80.0,Loan originated
1,1135000.0,47,1555000.0,237.0,1,Asian,Joint,35-44,72.903,Loan originated
1,675000.0,30%-<36%,755000.0,221.0,1,Asian,Joint,35-44,90.0,Loan originated
1,965000.0,44,1325000.0,213.0,1,Asian,Male,35-44,73.13,Loan originated
1,345000.0,30%-<36%,425000.0,115.0,1,Asian,Female,35-44,80.0,Loan originated
1,455000.0,41,485000.0,108.0,1,Hispanic or Latino,Female,25-34,94.0,Application denied
1,435000.0,49,445000.0,91.0,1,Hispanic or Latino,Female,35-44,100.0,Loan originated
1,315000.0,45,325000.0,78.0,1,Hispanic or Latino,Joint,25-34,100.0,Loan originated
1,675000.0,48,975000.0,195.0,1,Hispanic or Latino,Joint,45-54,69.99,Loan originated
1,935000.0,42,1995000.0,358.0,1,White,Joint,35-44,97.0,Loan originated
1,405000.0,30%-<36%,865000.0,252.0,1,Hispanic or Latino,Joint,65-74,46.402,Loan originated
1,685000.0,44,805000.0,184.0,1,White,Joint,25-34,85.0,Loan originated
1,705000.0,46,1035000.0,147.0,1,Asian,Female,35-44,67.96,Loan originated
1,535000.0,45,735000.0,158.0,1,Hispanic or Latino,Male,25-34,72.603,Loan originated
1,505000.0,49,885000.0,114.0,1,Asian,Male,55-64,57.062,Loan originated
1,525000.0,30%-<36%,655000.0,237.0,1,Asian,Male,35-44,90.0,Loan originated
1,1075000.0,30%-<36%,1435000.0,310.0,1,White,Joint,55-64,75.0,Loan originated
1,1055000.0,50%-60%,1805000.0,303.0,1,White,Joint,45-54,58.333,Loan originated
1,735000.0,47,1315000.0,341.0,1,White,Male,35-44,55.725,Loan originated
1,485000.0,43,515000.0,150.0,1,White,Male,25-34,95.0,Loan originated
1,575000.0,49,725000.0,227.0,1,Hispanic or Latino,Female,55-64,80.0,Loan originated
1,845000.0,47,1055000.0,208.0,1,Asian,Joint,25-34,80.0,Loan originated
1,605000.0,48,755000.0,121.0,1,White,Joint,25-34,80.0,Loan originated
1,675000.0,49,705000.0,136.0,1,Hispanic or Latino,Joint,35-44,100.0,Loan originated
1,575000.0,40,755000.0,152.0,1,Hispanic or Latino,Male,35-44,76.306,Loan originated
1,175000.0,20%-<30%,525000.0,120.0,1,White,Male,35-44,34.0,Application denied
1,285000.0,42,435000.0,176.0,1,White,Male,65-74,65.517,Loan originated
1,655000.0,42,705000.0,162.0,1,White,Male,55-64,92.89,Loan originated
1,1045000.0,30%-<36%,1305000.0,364.0,1,Asian,Male,45-54,79.97,Loan originated
1,445000.0,>60%,525000.0,70.0,1,Hispanic or Latino,Joint,35-44,85.0,Application denied
1,675000.0,42,855000.0,160.0,1,Asian,Female,25-34,80.0,Loan originated
1,885000.0,30%-<36%,1105000.0,643.0,1,White,Male,45-54,80.0,Loan originated
1,255000.0,30%-<36%,1455000.0,220.0,1,White,Female,45-54,17.355,Loan originated
1,405000.0,44,415000.0,96.0,1,Hispanic or Latino,Female,35-44,97.0,Loan originated
1,725000.0,<20%,855000.0,1323.0,1,Asian,Male,35-44,85.0,Loan originated
1,535000.0,20%-<30%,895000.0,323.0,1,Asian,Joint,25-34,60.0,Loan originated
1,405000.0,42,535000.0,100.0,1,Asian,Male,25-34,75.0,Loan originated
1,705000.0,48,885000.0,152.0,1,Asian,Female,25-34,80.0,Loan originated
1,535000.0,36,635000.0,310.0,1,White,Joint,25-34,84.999,Loan originated
1,1115000.0,42,1395000.0,291.0,1,Asian,Male,35-44,80.0,Loan originated
1,215000.0,41,265000.0,58.0,1,White,Female,<25,80.0,Loan originated
1,865000.0,41,995000.0,220.0,1,Asian,Joint,25-34,90.0,Loan originated
1,235000.0,48,515000.0,62.0,1,White,Male,25-34,46.08,Loan originated
1,465000.0,48,625000.0,110.0,1,White,Female,35-44,75.0,Loan originated
1,595000.0,46,995000.0,196.0,1,Asian,Female,35-44,60.0,Application denied
1,675000.0,20%-<30%,905000.0,237.0,1,Asian,Male,35-44,75.0,Loan originated
1,415000.0,30%-<36%,715000.0,190.0,1,Asian,Female,35-44,57.75,Loan originated
1,155000.0,47,435000.0,58.0,1,Hispanic or Latino,Male,45-54,34.483,Loan originated
1,655000.0,36,695000.0,356.0,1,White,Male,35-44,94.277,Loan originated
1,945000.0,20%-<30%,1945000.0,399.0,1,White,Joint,55-64,48.58,Loan originated
1,155000.0,37,605000.0,169.0,1,White,Joint,35-44,25.0,Loan originated
1,755000.0,49,845000.0,147.0,1,Hispanic or Latino,Joint,35-44,90.0,Loan originated
1,515000.0,<20%,805000.0,389.0,1,White,Joint,45-54,64.375,Loan originated
1,495000.0,30%-<36%,625000.0,333.0,1,Asian,Joint,35-44,79.286,Loan originated
1,565000.0,48,705000.0,118.0,1,Hispanic or Latino,Joint,55-64,80.0,Loan originated
1,1095000.0,46,1235000.0,255.0,1,White,Male,35-44,89.0,Loan originated
1,355000.0,30%-<36%,1495000.0,154.0,1,White,Female,>74,23.49,Loan originated
1,765000.0,50%-60%,1165000.0,162.0,1,Asian,Male,35-44,65.692,Application denied
1,285000.0,30%-<36%,325000.0,131.0,1,Asian,Male,35-44,90.0,Loan originated
1,515000.0,48,635000.0,116.0,1,Asian,Male,45-54,80.0,Loan originated
1,595000.0,49,745000.0,123.0,1,Black or African American,Joint,35-44,80.0,Loan originated
1,785000.0,46,985000.0,276.0,1,Hispanic or Latino,Joint,35-44,80.0,Loan originated
1,195000.0,30%-<36%,275000.0,121.0,1,White,Male,45-54,72.037,Loan originated
1,245000.0,20%-<30%,445000.0,172.0,1,Asian,Joint,25-34,55.0,Loan originated
1,315000.0,41,355000.0,104.0,1,White,Joint,25-34,90.0,Loan originated
1,675000.0,45,915000.0,248.0,1,White,Female,55-64,74.51,Loan originated
1,515000.0,20%-<30%,695000.0,193.0,1,White,Female,35-44,75.0,Loan originated
1,615000.0,49,725000.0,113.0,1,Hispanic or Latino,Male,>74,84.722,Loan originated
1,465000.0,48,495000.0,113.0,1,Hispanic or Latino,Female,55-64,95.0,Loan originated
1,895000.0,41,995000.0,269.0,1,White,Male,25-34,90.0,Loan originated
1,525000.0,30%-<36%,555000.0,175.0,1,Hispanic or Latino,Joint,25-34,94.054,Loan originated
1,235000.0,48,655000.0,117.0,1,White,Female,65-74,36.769,Loan originated
1,365000.0,20%-<30%,405000.0,212.0,1,White,Male,65-74,90.0,Loan originated
1,905000.0,42,1005000.0,288.0,1,Asian,Female,35-44,90.0,Loan originated
1,545000.0,44,615000.0,162.0,1,Asian,Joint,25-34,89.984,Loan originated
1,295000.0,47,315000.0,98.0,1,White,Male,55-64,94.895,Loan originated
1,685000.0,<20%,865000.0,3227.0,1,White,Female,25-34,80.0,Loan originated
1,955000.0,20%-<30%,2025000.0,355.0,1,White,Joint,35-44,47.03,Loan originated
1,575000.0,45,675000.0,130.0,1,White,Female,35-44,85.0,Loan originated
1,245000.0,20%-<30%,305000.0,133.0,1,White,Male,35-44,80.0,Loan originated
1,285000.0,40,355000.0,81.0,1,Hispanic or Latino,Female,45-54,80.0,Loan originated
1,705000.0,38,905000.0,192.0,1,Asian,Joint,35-44,77.77,Loan originated
1,635000.0,43,715000.0,323.0,1,White,Joint,65-74,90.0,Loan originated
1,315000.0,30%-<36%,915000.0,116.0,1,Asian,Male,35-44,34.569,Loan originated
1,225000.0,30%-<36%,285000.0,110.0,1,White,Female,35-44,80.0,Loan originated
1,595000.0,39,635000.0,200.0,1,Hispanic or Latino,Male,35-44,95.0,Loan originated
1,445000.0,46,785000.0,113.0,1,White,Joint,65-74,56.41,Loan originated
1,635000.0,47,795000.0,212.0,1,Asian,Female,65-74,80.0,Loan originated
1,405000.0,45,455000.0,175.0,1,White,Male,35-44,90.0,Loan originated
1,575000.0,<20%,765000.0,487.0,1,White,Male,45-54,75.0,Loan originated
1,645000.0,48,725000.0,125.0,1,White,Joint,25-34,90.0,Loan originated
1,405000.0,30%-<36%,505000.0,106.0,1,Asian,Joint,35-44,80.0,Loan originated
1,365000.0,20%-<30%,415000.0,199.0,1,White,Female,55-64,87.952,Loan originated
1,485000.0,48,795000.0,141.0,1,White,Female,>74,60.377,Loan originated
1,265000.0,30%-<36%,275000.0,111.0,1,Hispanic or Latino,Joint,35-44,95.0,Loan originated
1,705000.0,49,1085000.0,148.0,1,Hispanic or Latino,Joint,55-64,65.0,Loan originated
1,175000.0,50%-60%,185000.0,122.0,1,Hispanic or Latino,Joint,25-34,95.0,Application denied
1,435000.0,30%-<36%,545000.0,319.0,1,White,Joint,45-54,80.0,Loan originated
1,365000.0,49,435000.0,80.0,1,Hispanic or Latino,Male,55-64,104.767,Loan originated
1,695000.0,39,925000.0,248.0,1,Asian,Female,25-34,75.0,Loan originated
1,1025000.0,49,1175000.0,212.0,1,Asian,Joint,35-44,88.0,Loan originated
1,415000.0,42,855000.0,117.0,1,White,Joint,35-44,48.538,Loan originated
1,645000.0,44,925000.0,138.0,1,Asian,Joint,25-34,70.0,Loan originated
1,445000.0,42,635000.0,158.0,1,White,Male,45-54,70.0,Loan originated
1,865000.0,39,1155000.0,278.0,1,Asian,Male,45-54,75.0,Loan originated
1,395000.0,49,495000.0,81.0,1,Hispanic or Latino,Male,<25,83.0,Loan originated
1,685000.0,44,805000.0,142.0,1,Hispanic or Latino,Male,55-64,85.0,Loan originated
1,555000.0,43,955000.0,162.0,1,White,Female,45-54,57.895,Loan originated
1,555000.0,46,615000.0,158.0,1,Black or African American,Joint,25-34,90.0,Loan originated
1,295000.0,47,295000.0,180.0,1,White,Male,25-34,100.0,Loan originated
1,1065000.0,44,1335000.0,258.0,1,Asian,Male,35-44,80.0,Loan originated
1,1005000.0,41,1125000.0,308.0,1,Black or African American,Joint,35-44,88.95,Loan originated
1,725000.0,20%-<30%,905000.0,334.0,1,White,Joint,45-54,80.0,Loan originated
1,825000.0,49,1355000.0,172.0,1,Asian,Male,35-44,61.111,Loan originated
1,765000.0,42,1065000.0,184.0,1,Asian,Joint,55-64,75.0,Loan originated
1,815000.0,39,955000.0,243.0,1,Asian,Female,25-34,85.0,Loan originated
1,1125000.0,30%-<36%,1405000.0,332.0,1,Asian,Joint,25-34,80.0,Loan originated
1,255000.0,30%-<36%,655000.0,92.0,1,Asian,Female,45-54,38.6,Loan originated
1,525000.0,20%-<30%,975000.0,262.0,1,Asian,Joint,25-34,54.03,Loan originated
1,665000.0,49,825000.0,122.0,1,White,Male,45-54,78.485,Application denied
1,235000.0,49,375000.0,57.0,1,White,Female,>74,62.67,Loan originated
1,705000.0,<20%,2185000.0,429.0,1,White,Joint,25-34,32.11,Loan originated
1,905000.0,20%-<30%,1205000.0,444.0,1,White,Joint,35-44,75.0,Loan originated
1,475000.0,40,525000.0,166.0,1,White,Female,35-44,90.0,Loan originated
1,865000.0,40,1015000.0,230.0,1,Asian,Male,35-44,85.0,Loan originated
1,375000.0,49,595000.0,83.0,1,White,Male,55-64,63.069,Loan originated
1,435000.0,47,565000.0,141.0,1,Hispanic or Latino,Male,35-44,77.679,Loan originated
1,765000.0,30%-<36%,885000.0,294.0,1,White,Joint,>74,87.01,Loan originated
1,405000.0,30%-<36%,575000.0,263.0,1,Hispanic or Latino,Female,65-74,69.565,Loan originated
1,465000.0,43,525000.0,129.0,1,White,Joint,45-54,87.443,Loan originated
1,295000.0,47,365000.0,84.0,1,White,Male,25-34,80.0,Loan originated
1,395000.0,20%-<30%,445000.0,134.0,1,White,Joint,25-34,90.0,Loan originated
1,555000.0,38,755000.0,140.0,1,Asian,Joint,35-44,73.56,Loan originated
1,405000.0,41,905000.0,113.0,1,White,Male,45-54,44.199,Loan originated
1,805000.0,<20%,4285000.0,777.0,1,White,Female,55-64,30.34,Loan originated
1,355000.0,46,395000.0,102.0,1,Hispanic or Latino,Male,25-34,90.0,Loan originated
1,615000.0,48,685000.0,175.0,1,Asian,Joint,35-44,90.0,Application denied
1,665000.0,49,705000.0,161.0,1,White,Female,45-54,95.0,Loan originated
1,375000.0,30%-<36%,1125000.0,170.0,1,White,Joint,25-34,34.0,Loan originated
1,185000.0,20%-<30%,235000.0,97.0,1,Hispanic or Latino,Female,55-64,80.0,Loan originated
1,845000.0,44,1055000.0,207.0,1,Asian,Male,35-44,80.0,Loan originated
1,1005000.0,>60%,1205000.0,57.0,1,White,Female,35-44,83.833,Application denied
1,465000.0,30%-<36%,475000.0,130.0,1,Asian,Male,25-34,97.0,Loan originated
1,205000.0,20%-<30%,805000.0,114.0,1,White,Joint,25-34,25.0,Loan originated
1,145000.0,>60%,335000.0,51.0,1,White,Female,65-74,44.362,Application denied
1,415000.0,49,445000.0,110.0,1,Hispanic or Latino,Male,35-44,95.0,Loan originated
1,1085000.0,40,1355000.0,410.0,1,White,Female,45-54,80.0,Loan originated
1,765000.0,48,865000.0,371.0,1,Asian,Joint,35-44,88.272,Loan originated
1,225000.0,20%-<30%,515000.0,185.0,1,White,Joint,65-74,45.0,Loan originated
1,315000.0,38,335000.0,91.0,1,Hispanic or Latino,Joint,25-34,95.0,Loan originated
1,965000.0,42,1145000.0,248.0,1,Asian,Joint,35-44,85.0,Loan originated
1,295000.0,38,625000.0,155.0,1,White,Female,35-44,50.0,Application denied
1,545000.0,42,665000.0,119.0,1,Hispanic or Latino,Female,25-34,82.051,Loan originated
1,465000.0,47,555000.0,107.0,1,Hispanic or Latino,Female,55-64,85.0,Loan originated
1,245000.0,47,555000.0,53.0,1,White,Joint,25-34,44.341,Loan originated
1,555000.0,30%-<36%,765000.0,179.0,1,White,Joint,35-44,72.657,Loan originated
1,575000.0,46,1425000.0,254.0,1,White,Joint,>74,40.351,Loan originated
1,355000.0,46,365000.0,74.0,1,Hispanic or Latino,Male,<25,100.0,Loan originated
1,735000.0,36,1055000.0,204.0,1,White,Joint,45-54,69.53,Loan originated
1,395000.0,<20%,495000.0,3885.0,1,Hispanic or Latino,Joint,<25,80.0,Loan originated
1,525000.0,47,935000.0,125.0,1,Hispanic or Latino,Male,65-74,55.914,Loan originated
1,355000.0,45,375000.0,97.0,1,Hispanic or Latino,Male,45-54,95.0,Loan originated
1,575000.0,46,975000.0,145.0,1,White,Female,65-74,58.76,Loan originated
1,395000.0,30%-<36%,465000.0,149.0,1,White,Female,35-44,85.0,Loan originated
1,555000.0,49,815000.0,143.0,1,Hispanic or Latino,Male,45-54,69.0,Loan originated
1,735000.0,20%-<30%,1105000.0,380.0,1,White,Joint,35-44,66.516,Loan originated
1,175000.0,37,215000.0,124.0,1,White,Male,45-54,83.124,Loan originated
1,315000.0,50%-60%,385000.0,68.0,1,Asian,Female,25-34,83.16,Application denied
1,375000.0,38,665000.0,118.0,1,White,Male,45-54,56.391,Loan originated
1,145000.0,30%-<36%,435000.0,60.0,1,White,Joint,65-74,32.184,Loan originated
1,845000.0,42,1355000.0,192.0,1,Asian,Female,35-44,62.222,Loan originated
1,615000.0,45,715000.0,168.0,1,Asian,Joint,25-34,85.915,Loan originated
1,245000.0,30%-<36%,255000.0,102.0,1,Black or African American,Joint,>74,95.0,Loan originated
1,445000.0,46,555000.0,100.0,1,Black or African American,Male,35-44,80.0,Loan originated
1,655000.0,37,715000.0,286.0,1,Black or African American,Female,55-64,91.61,Loan originated
1,545000.0,49,635000.0,97.0,1,Asian,Female,25-34,84.99,Loan originated
1,425000.0,30%-<36%,445000.0,118.0,1,Asian,Male,35-44,97.0,Loan originated
1,845000.0,46,1125000.0,205.0,1,White,Female,45-54,75.0,Loan originated
1,595000.0,42,625000.0,167.0,1,Hispanic or Latino,Male,35-44,95.0,Loan originated
1,455000.0,49,605000.0,96.0,1,White,Male,<25,76.25,Loan originated
1,635000.0,47,665000.0,146.0,1,Hispanic or Latino,Joint,35-44,95.0,Loan originated
1,685000.0,42,855000.0,169.0,1,Hispanic or Latino,Female,35-44,80.0,Loan originated
1,595000.0,48,795000.0,123.0,1,White,Male,65-74,75.0,Loan originated
1,445000.0,20%-<30%,645000.0,175.0,1,White,Joint,45-54,70.0,Loan originated
1,385000.0,49,405000.0,117.0,1,White,Joint,25-34,95.0,Loan originated
1,585000.0,20%-<30%,645000.0,225.0,1,Asian,Male,35-44,90.0,Loan originated
1,345000.0,42,465000.0,89.0,1,Hispanic or Latino,Joint,25-34,100.0,Loan originated
1,235000.0,37,395000.0,84.0,1,White,Joint,>74,58.824,Loan originated
1,365000.0,49,435000.0,91.0,1,Hispanic or Latino,Male,35-44,83.908,Loan originated
1,465000.0,40,485000.0,127.0,1,White,Male,35-44,95.0,Loan originated
1,505000.0,45,535000.0,129.0,1,Black or African American,Male,25-34,94.897,Loan originated
1,675000.0,>60%,845000.0,143.0,1,Asian,Male,45-54,80.0,Application denied
1,385000.0,39,515000.0,125.0,1,Asian,Female,25-34,74.95,Loan originated
1,1145000.0,30%-<36%,1305000.0,356.0,1,White,Joint,35-44,88.0,Loan originated
1,475000.0,47,505000.0,109.0,1,Hispanic or Latino,Male,45-54,95.0,Loan originated
1,765000.0,30%-<36%,955000.0,272.0,1,White,Joint,55-64,80.0,Loan originated
1,1105000.0,20%-<30%,2335000.0,509.0,1,Asian,Male,35-44,47.049,Loan originated
1,625000.0,47,685000.0,166.0,1,White,Joint,35-44,90.0,Loan originated
1,455000.0,49,575000.0,193.0,1,White,Female,45-54,80.0,Loan originated
1,115000.0,30%-<36%,135000.0,83.0,1,White,Joint,65-74,80.0,Loan originated
1,965000.0,40,1205000.0,272.0,1,Asian,Male,35-44,80.0,Loan originated
1,625000.0,47,775000.0,161.0,1,White,Female,45-54,80.0,Loan originated
1,905000.0,36,1195000.0,270.0,1,Asian,Female,35-44,76.303,Loan originated
1,305000.0,37,2515000.0,217.0,1,White,Female,35-44,11.95,Loan originated
1,905000.0,47,1655000.0,235.0,1,White,Joint,35-44,54.55,Loan originated
1,705000.0,50%-60%,1005000.0,152.0,1,Hispanic or Latino,Joint,45-54,70.0,Application denied
1,875000.0,40,1225000.0,241.0,1,Asian,Joint,35-44,71.522,Loan originated
1,1145000.0,44,1305000.0,432.0,1,Hispanic or Latino,Joint,<25,88.45,Loan originated
1,495000.0,47,525000.0,119.0,1,Black or African American,Female,45-54,94.0,Loan originated
1,415000.0,38,635000.0,116.0,1,Hispanic or Latino,Joint,35-44,65.0,Loan originated
1,315000.0,49,465000.0,73.0,1,White,Male,<25,67.0,Loan originated
1,705000.0,47,1005000.0,146.0,1,Asian,Joint,25-34,70.0,Loan originated
1,505000.0,30%-<36%,805000.0,163.0,1,Asian,Male,25-34,62.825,Loan originated
1,1105000.0,48,1725000.0,348.0,1,Asian,Joint,25-34,64.386,Loan originated
1,1015000.0,30%-<36%,1275000.0,305.0,1,White,Joint,35-44,80.0,Loan originated
1,635000.0,38,795000.0,197.0,1,White,Joint,25-34,80.0,Loan originated
1,1145000.0,49,1365000.0,239.0,1,Asian,Male,35-44,84.49,Loan originated
1,1085000.0,42,1565000.0,363.0,1,Asian,Joint,45-54,89.87,Loan originated
1,555000.0,45,695000.0,144.0,1,White,Male,35-44,80.0,Loan originated
1,465000.0,44,485000.0,156.0,1,Hispanic or Latino,Male,25-34,95.0,Loan originated
1,545000.0,>60%,685000.0,75.0,1,Hispanic or Latino,Male,35-44,80.0,Application denied
1,765000.0,30%-<36%,855000.0,303.0,1,White,Male,35-44,90.0,Loan originated
1,495000.0,39,705000.0,180.0,1,Asian,Male,25-34,70.0,Loan originated
1,1135000.0,48,1415000.0,228.0,1,White,Male,35-44,80.0,Application denied
1,605000.0,50%-60%,635000.0,124.0,1,Hispanic or Latino,Joint,35-44,95.0,Loan originated
1,1045000.0,41,1315000.0,319.0,1,White,Joint,35-44,80.0,Loan originated
1,975000.0,48,1305000.0,245.0,1,Asian,Female,35-44,75.0,Loan originated
1,655000.0,49,865000.0,138.0,1,Asian,Female,45-54,74.985,Loan originated
1,625000.0,49,695000.0,129.0,1,Hispanic or Latino,Joint,35-44,90.0,Loan originated
1,425000.0,48,535000.0,132.0,1,White,Female,45-54,80.0,Loan originated
1,315000.0,45,635000.0,81.0,1,Asian,Joint,45-54,83.333,Loan originated
1,555000.0,43,765000.0,142.0,1,Asian,Joint,25-34,71.561,Loan originated
1,535000.0,48,555000.0,121.0,1,Hispanic or Latino,Joint,25-34,97.0,Loan originated
1,425000.0,30%-<36%,535000.0,203.0,1,Hispanic or Latino,Joint,35-44,80.0,Loan originated
1,465000.0,30%-<36%,715000.0,199.0,1,White,Female,35-44,65.0,Application denied
1,1085000.0,38,1555000.0,406.0,1,White,Male,35-44,89.99,Loan originated
1,385000.0,48,475000.0,125.0,1,Asian,Female,25-34,80.0,Loan originated
1,505000.0,46,665000.0,100.0,1,White,Male,25-34,75.564,Loan originated
1,725000.0,45,1525000.0,243.0,1,White,Male,35-44,48.0,Loan originated
1,375000.0,37,395000.0,135.0,1,White,Male,35-44,95.0,Loan originated
1,755000.0,45,895000.0,334.0,1,Asian,Joint,25-34,85.0,Loan originated
1,355000.0,30%-<36%,435000.0,112.0,1,Asian,Female,35-44,80.0,Loan originated
1,165000.0,20%-<30%,1015000.0,126.0,1,White,Male,55-64,16.256,Loan originated
1,485000.0,30%-<36%,785000.0,220.0,1,White,Joint,45-54,61.972,Loan originated
1,545000.0,41,685000.0,245.0,1,White,Joint,35-44,80.0,Loan originated
1,265000.0,47,395000.0,51.0,1,White,Female,65-74,66.667,Loan originated
1,415000.0,20%-<30%,525000.0,142.0,1,Black or African American,Male,25-34,80.0,Loan originated
1,535000.0,20%-<30%,645000.0,240.0,1,White,Joint,25-34,82.481,Loan originated
1,455000.0,30%-<36%,475000.0,163.0,1,White,Joint,65-74,95.0,Loan originated
1,375000.0,38,755000.0,121.0,1,White,Female,55-64,50.0,Loan originated
1,445000.0,44,465000.0,105.0,1,Hispanic or Latino,Joint,25-34,95.0,Loan originated
1,745000.0,20%-<30%,935000.0,285.0,1,White,Female,25-34,80.0,Loan originated
1,755000.0,30%-<36%,835000.0,266.0,1,White,Joint,25-34,89.82,Loan originated
1,665000.0,48,1105000.0,200.0,1,White,Male,45-54,60.455,Loan originated
1,105000.0,30%-<36%,455000.0,45.0,1,White,Joint,>74,22.222,Loan originated
1,565000.0,42,585000.0,143.0,1,Hispanic or Latino,Female,55-64,97.0,Loan originated
1,415000.0,48,445000.0,92.0,1,Black or African American,Female,55-64,98.0,Loan originated
1,585000.0,20%-<30%,735000.0,295.0,1,Asian,Male,35-44,80.0,Loan originated
1,415000.0,49,535000.0,80.0,1,Hispanic or Latino,Male,35-44,77.358,Loan originated
1,605000.0,37,765000.0,190.0,1,White,Joint,35-44,80.0,Loan originated
1,1005000.0,<20%,1345000.0,0.0,1,Asian,Male,25-34,75.0,Application denied
1,585000.0,44,625000.0,179.0,1,Hispanic or Latino,Joint,55-64,95.0,Loan originated
1,275000.0,20%-<30%,625000.0,117.0,1,White,Joint,>74,44.356,Loan originated
1,405000.0,42,505000.0,180.0,1,Asian,Female,35-44,80.0,Loan originated
1,805000.0,40,855000.0,257.0,1,Hispanic or Latino,Joint,45-54,94.882,Loan originated
1,765000.0,30%-<36%,955000.0,274.0,1,Asian,Joint,35-44,79.99,Loan originated
1,445000.0,38,605000.0,212.0,1,Asian,Joint,25-34,74.667,Application denied
1,1145000.0,46,1655000.0,280.0,1,White,Joint,35-44,69.686,Loan originated
1,35000.0,48,215000.0,116.0,1,White,Joint,55-64,14.29,Loan originated
1,765000.0,49,805000.0,259.0,1,Black or African American,Female,45-54,94.87,Loan originated
1,675000.0,36,1175000.0,320.0,1,Asian,Female,35-44,57.447,Loan originated
1,405000.0,46,955000.0,113.0,1,Asian,Female,25-34,43.0,Loan originated
1,765000.0,45,825000.0,185.0,1,White,Male,35-44,92.915,Loan originated
1,615000.0,45,875000.0,251.0,1,White,Male,45-54,89.94,Loan originated
1,755000.0,30%-<36%,955000.0,304.0,1,White,Male,25-34,79.98,Loan originated
1,685000.0,46,855000.0,204.0,1,Asian,Male,45-54,80.0,Loan originated
1,315000.0,30%-<36%,335000.0,155.0,1,White,Female,45-54,95.0,Loan originated
1,1005000.0,43,1125000.0,319.0,1,White,Male,45-54,90.0,Loan originated
1,795000.0,42,835000.0,285.0,1,White,Male,55-64,95.0,Loan originated
1,325000.0,49,405000.0,74.0,1,White,Female,25-34,80.0,Loan originated
1,245000.0,20%-<30%,305000.0,228.0,1,White,Joint,45-54,80.0,Loan originated
1,635000.0,49,795000.0,127.0,1,Asian,Male,35-44,80.0,Loan originated
1,715000.0,30%-<36%,795000.0,238.0,1,White,Male,55-64,90.0,Loan originated
1,595000.0,30%-<36%,795000.0,379.0,1,Asian,Joint,35-44,75.0,Loan originated
1,545000.0,46,575000.0,184.0,1,White,Joint,35-44,95.0,Loan originated
1,415000.0,43,435000.0,147.0,1,Hispanic or Latino,Male,55-64,95.0,Loan originated
1,635000.0,30%-<36%,865000.0,234.0,1,Asian,Male,35-44,73.241,Loan originated
1,605000.0,37,715000.0,187.0,1,White,Joint,55-64,85.0,Loan originated
1,1125000.0,20%-<30%,1275000.0,843.0,1,Hispanic or Latino,Joint,45-54,89.0,Loan originated
1,645000.0,20%-<30%,895000.0,393.0,1,White,Joint,35-44,71.91,Loan originated
1,165000.0,20%-<30%,275000.0,130.0,1,Black or African American,Female,55-64,60.0,Loan originated
1,505000.0,44,675000.0,127.0,1,Asian,Male,45-54,80.0,Loan originated
1,425000.0,42,455000.0,186.0,1,White,Female,25-34,95.0,Loan originated
1,1555000.0,30%-<36%,2065000.0,361.0,1,Asian,Female,55-64,75.0,Loan originated
1,655000.0,30%-<36%,885000.0,214.0,1,Asian,Female,35-44,73.86,Loan originated
1,275000.0,39,375000.0,139.0,1,White,Male,45-54,73.475,Loan originated
1,275000.0,30%-<36%,395000.0,157.0,1,Asian,Female,25-34,70.0,Loan originated
1,305000.0,37,475000.0,94.0,1,White,Joint,55-64,62.513,Loan originated
1,265000.0,47,415000.0,70.0,1,White,Female,65-74,64.2,Loan originated
1,995000.0,48,1245000.0,215.0,1,White,Joint,25-34,80.0,Loan originated
1,325000.0,44,625000.0,82.0,1,Asian,Joint,25-34,98.38,Loan originated
1,1065000.0,30%-<36%,1815000.0,379.0,1,Asian,Joint,25-34,58.5,Loan originated
1,655000.0,30%-<36%,875000.0,1422.0,1,White,Male,35-44,75.0,Application denied
1,735000.0,49,1605000.0,150.0,1,Asian,Male,25-34,45.75,Loan originated
1,405000.0,49,765000.0,82.0,1,Hispanic or Latino,Male,35-44,52.288,Loan originated
1,805000.0,41,1325000.0,283.0,1,Hispanic or Latino,Female,25-34,75.0,Loan originated
1,425000.0,41,535000.0,119.0,1,White,Joint,35-44,80.0,Loan originated
1,935000.0,30%-<36%,1285000.0,325.0,1,Asian,Joint,25-34,72.656,Loan originated
1,285000.0,37,355000.0,135.0,1,White,Joint,25-34,80.0,Loan originated
1,525000.0,30%-<36%,695000.0,184.0,1,White,Joint,25-34,75.0,Loan originated
1,725000.0,36,815000.0,241.0,1,White,Male,<25,90.0,Loan originated
1,705000.0,44,845000.0,171.0,1,Hispanic or Latino,Female,45-54,83.011,Loan originated
1,135000.0,<20%,265000.0,152.0,1,White,Joint,25-34,52.34,Loan originated
1,295000.0,30%-<36%,365000.0,123.0,1,White,Male,35-44,80.0,Loan originated
1,815000.0,46,2145000.0,238.0,1,White,Male,65-74,38.157,Loan originated
1,265000.0,48,335000.0,81.0,1,White,Joint,65-74,80.0,Loan originated
1,335000.0,48,375000.0,75.0,1,Asian,Male,35-44,90.0,Loan originated
1,295000.0,20%-<30%,545000.0,190.0,1,White,Female,25-34,55.064,Loan originated
1,345000.0,20%-<30%,435000.0,164.0,1,Hispanic or Latino,Joint,25-34,80.0,Loan originated
1,755000.0,20%-<30%,835000.0,415.0,1,Asian,Female,35-44,99.946,Loan originated
1,1005000.0,50%-60%,1275000.0,189.0,1,White,Joint,55-64,78.186,Application denied
1,765000.0,44,1075000.0,190.0,1,White,Joint,35-44,71.13,Loan originated
1,425000.0,20%-<30%,475000.0,177.0,1,White,Female,45-54,90.0,Loan originated
1,745000.0,41,785000.0,185.0,1,White,Female,25-34,95.0,Loan originated
1,445000.0,43,525000.0,113.0,1,White,Male,35-44,85.0,Loan originated
1,705000.0,43,745000.0,174.0,1,White,Male,25-34,95.0,Loan originated
1,465000.0,42,585000.0,230.0,1,White,Joint,45-54,80.0,Loan originated
1,1115000.0,46,1175000.0,336.0,1,Hispanic or Latino,Joint,45-54,95.0,Loan originated
1,335000.0,20%-<30%,425000.0,111.0,1,Hispanic or Latino,Female,35-44,80.0,Loan originated
1,805000.0,47,855000.0,364.0,1,Asian,Male,25-34,95.0,Loan originated
1,285000.0,30%-<36%,305000.0,95.0,1,Hispanic or Latino,Male,65-74,95.0,Application denied
1,445000.0,38,495000.0,128.0,1,White,Female,35-44,90.0,Loan originated
1,765000.0,30%-<36%,965000.0,295.0,1,White,Joint,35-44,79.766,Loan originated
1,375000.0,20%-<30%,465000.0,209.0,1,Asian,Joint,25-34,80.0,Loan originated
1,715000.0,42,795000.0,186.0,1,White,Joint,45-54,89.81,Loan originated
1,575000.0,48,615000.0,207.0,1,Asian,Female,35-44,95.0,Application denied
1,385000.0,44,415000.0,145.0,1,Black or African American,Female,45-54,95.0,Loan originated
1,1125000.0,39,1245000.0,284.0,1,Asian,Joint,25-34,90.0,Loan originated
1,855000.0,41,1005000.0,234.0,1,Asian,Joint,<25,85.0,Application denied
1,745000.0,49,935000.0,362.0,1,Asian,Joint,35-44,80.0,Loan originated
1,655000.0,49,1005000.0,206.0,1,White,Joint,25-34,65.0,Loan originated
1,225000.0,48,285000.0,49.0,1,Hispanic or Latino,Female,25-34,80.0,Loan originated
1,525000.0,40,535000.0,153.0,1,Hispanic or Latino,Joint,25-34,100.0,Loan originated
1,455000.0,47,775000.0,271.0,1,Black or African American,Female,35-44,58.065,Loan originated
1,435000.0,42,545000.0,104.0,1,Asian,Male,45-54,100.0,Loan originated
1,635000.0,45,1405000.0,291.0,1,Asian,Joint,25-34,45.0,Loan originated
1,135000.0,43,325000.0,42.0,1,White,Male,35-44,102.841,Loan originated
1,125000.0,38,225000.0,94.0,1,Asian,Male,65-74,55.18,Loan originated
1,585000.0,44,725000.0,144.0,1,Asian,Male,55-64,80.0,Loan originated
1,245000.0,20%-<30%,315000.0,112.0,1,White,Joint,55-64,80.0,Loan originated
1,555000.0,49,575000.0,167.0,1,Hispanic or Latino,Joint,55-64,96.5,Loan originated
1,495000.0,30%-<36%,705000.0,156.0,1,Asian,Male,45-54,70.0,Loan originated
1,515000.0,20%-<30%,915000.0,312.0,1,White,Joint,45-54,56.044,Loan originated
1,395000.0,36,415000.0,136.0,1,Hispanic or Latino,Female,25-34,95.0,Loan originated
1,495000.0,41,555000.0,190.0,1,Hispanic or Latino,Joint,55-64,90.0,Loan originated
1,485000.0,49,545000.0,152.0,1,White,Female,45-54,90.0,Application denied
1,875000.0,37,1085000.0,388.0,1,White,Male,25-34,80.0,Loan originated
1,735000.0,41,915000.0,178.0,1,Asian,Joint,35-44,80.0,Loan originated
1,485000.0,45,605000.0,124.0,1,Asian,Joint,25-34,100.0,Loan originated
1,685000.0,30%-<36%,765000.0,188.0,1,White,Joint,45-54,89.6,Loan originated
1,765000.0,30%-<36%,845000.0,250.0,1,White,Joint,35-44,90.0,Loan originated
1,235000.0,45,245000.0,83.0,1,White,Female,35-44,100.0,Loan originated
1,525000.0,49,655000.0,138.0,1,White,Female,35-44,80.0,Loan originated
1,305000.0,20%-<30%,965000.0,203.0,1,White,Joint,65-74,31.25,Loan originated
1,385000.0,30%-<36%,435000.0,151.0,1,White,Joint,55-64,90.0,Loan originated
1,225000.0,49,425000.0,59.0,1,White,Male,35-44,52.941,Loan originated
1,605000.0,44,715000.0,155.0,1,White,Female,25-34,85.0,Loan originated
1,15000.0,41,365000.0,101.0,1,Hispanic or Latino,Joint,25-34,100.0,Application denied
1,625000.0,48,655000.0,312.0,1,Asian,Joint,25-34,95.0,Loan originated
1,365000.0,45,405000.0,132.0,1,Hispanic or Latino,Female,25-34,90.0,Loan originated
1,695000.0,45,775000.0,181.0,1,White,Joint,25-34,90.0,Loan originated
1,765000.0,44,915000.0,188.0,1,Asian,Female,25-34,83.502,Loan originated
1,435000.0,42,545000.0,116.0,1,White,Male,35-44,80.0,Loan originated
1,205000.0,47,305000.0,120.0,1,White,Male,55-64,65.0,Loan originated
1,445000.0,43,455000.0,102.0,1,Asian,Joint,35-44,97.0,Loan originated
1,445000.0,20%-<30%,555000.0,138.0,1,White,Female,35-44,80.0,Loan originated
1,685000.0,49,865000.0,140.0,1,Asian,Joint,45-54,80.0,Loan originated
1,635000.0,30%-<36%,845000.0,175.0,1,Asian,Female,55-64,74.973,Loan originated
1,515000.0,41,545000.0,120.0,1,Asian,Female,<25,95.0,Loan originated
1,315000.0,43,395000.0,113.0,1,Hispanic or Latino,Joint,35-44,80.0,Loan originated
1,225000.0,20%-<30%,1125000.0,190.0,1,Black or African American,Joint,>74,20.284,Loan originated
1,695000.0,45,775000.0,147.0,1,Asian,Joint,25-34,90.0,Loan originated
1,395000.0,44,475000.0,111.0,1,White,Joint,35-44,85.0,Loan originated
1,445000.0,38,555000.0,138.0,1,White,Joint,25-34,80.0,Loan originated
1,315000.0,39,395000.0,131.0,1,White,Male,35-44,80.0,Loan originated
1,765000.0,46,955000.0,218.0,1,White,Male,65-74,80.0,Loan originated
1,1125000.0,48,1405000.0,227.0,1,Asian,Female,45-54,80.0,Loan originated
1,1125000.0,49,1405000.0,405.0,1,Asian,Male,45-54,79.9,Loan originated
1,1035000.0,20%-<30%,1385000.0,439.0,1,Asian,Joint,35-44,75.0,Loan originated
1,585000.0,43,645000.0,184.0,1,Hispanic or Latino,Male,35-44,90.0,Loan originated
1,505000.0,48,535000.0,260.0,1,White,Joint,35-44,94.992,Loan originated
1,775000.0,46,1105000.0,189.0,1,Asian,Joint,35-44,70.0,Loan originated
1,765000.0,43,1065000.0,180.0,1,Other,Female,55-64,72.31,Application denied
1,345000.0,48,365000.0,100.0,1,Hispanic or Latino,Male,35-44,95.0,Loan originated
1,455000.0,45,565000.0,163.0,1,White,Joint,45-54,80.0,Loan originated
1,435000.0,44,545000.0,102.0,1,Hispanic or Latino,Female,25-34,80.0,Loan originated
1,455000.0,36,485000.0,142.0,1,Asian,Female,25-34,95.0,Loan originated
1,155000.0,20%-<30%,195000.0,131.0,1,White,Male,55-64,80.0,Loan originated
1,785000.0,30%-<36%,1115000.0,283.0,1,Asian,Joint,>74,70.5,Loan originated
1,425000.0,30%-<36%,715000.0,153.0,1,Hispanic or Latino,Male,55-64,60.0,Loan originated
1,385000.0,37,485000.0,162.0,1,Asian,Male,25-34,80.0,Application denied
1,475000.0,46,525000.0,113.0,1,Hispanic or Latino,Joint,35-44,89.909,Loan originated
1,605000.0,36,615000.0,169.0,1,White,Female,25-34,97.0,Loan originated
1,565000.0,20%-<30%,705000.0,250.0,1,White,Female,25-34,80.0,Loan originated
1,1105000.0,30%-<36%,1375000.0,340.0,1,Asian,Joint,25-34,80.0,Loan originated
1,275000.0,30%-<36%,725000.0,134.0,1,White,Joint,25-34,37.24,Loan originated
1,565000.0,48,585000.0,114.0,1,Hispanic or Latino,Joint,45-54,97.0,Loan originated
1,195000.0,20%-<30%,245000.0,116.0,1,White,Male,35-44,80.0,Loan originated
1,285000.0,30%-<36%,695000.0,87.0,1,Asian,Female,25-34,40.58,Loan originated
1,595000.0,44,745000.0,150.0,1,White,Male,45-54,80.0,Loan originated
1,265000.0,49,525000.0,76.0,1,Other,Female,45-54,50.857,Loan originated
1,1055000.0,30%-<36%,1415000.0,274.0,1,White,Male,45-54,74.21,Loan originated
1,545000.0,20%-<30%,675000.0,350.0,1,White,Female,25-34,80.0,Loan originated
1,545000.0,49,635000.0,129.0,1,Asian,Male,45-54,87.77,Loan originated
1,755000.0,30%-<36%,945000.0,312.0,1,Hispanic or Latino,Male,45-54,80.0,Loan originated
1,465000.0,30%-<36%,665000.0,140.0,1,Hispanic or Latino,Joint,35-44,70.0,Loan originated
1,615000.0,30%-<36%,645000.0,211.0,1,White,Joint,45-54,95.0,Loan originated
1,235000.0,20%-<30%,435000.0,168.0,1,Hispanic or Latino,Joint,25-34,54.023,Loan originated
1,555000.0,49,695000.0,174.0,1,Hispanic or Latino,Male,25-34,80.0,Loan originated
1,375000.0,47,505000.0,81.0,1,Hispanic or Latino,Female,25-34,97.0,Loan originated
1,675000.0,50%-60%,695000.0,279.0,1,Hispanic or Latino,Joint,35-44,97.0,Application denied
1,495000.0,49,615000.0,130.0,1,Hispanic or Latino,Joint,25-34,80.0,Loan originated
1,605000.0,20%-<30%,675000.0,300.0,1,Asian,Female,25-34,90.001,Loan originated
1,335000.0,20%-<30%,425000.0,207.0,1,Hispanic or Latino,Male,45-54,80.0,Loan originated
1,425000.0,44,435000.0,123.0,1,Hispanic or Latino,Joint,25-34,97.0,Loan originated
1,765000.0,40,2255000.0,401.0,1,Asian,Joint,35-44,34.089,Loan originated
1,885000.0,47,1255000.0,215.0,1,Hispanic or Latino,Male,35-44,70.0,Loan originated
1,765000.0,45,1005000.0,151.0,1,White,Female,35-44,77.0,Loan originated
1,575000.0,41,595000.0,144.0,1,Hispanic or Latino,Male,55-64,100.0,Loan originated
1,215000.0,48,455000.0,54.0,1,Hispanic or Latino,Male,35-44,46.841,Loan originated
1,435000.0,40,515000.0,214.0,1,Hispanic or Latino,Female,35-44,85.0,Loan originated
1,735000.0,37,885000.0,203.0,1,Hispanic or Latino,Joint,25-34,83.06,Loan originated
1,755000.0,30%-<36%,1435000.0,346.0,1,Hispanic or Latino,Male,55-64,53.0,Loan originated
1,425000.0,39,535000.0,101.0,1,Hispanic or Latino,Female,25-34,80.0,Loan originated
1,705000.0,30%-<36%,745000.0,268.0,1,Hispanic or Latino,Male,35-44,95.0,Loan originated
1,965000.0,42,1205000.0,248.0,1,White,Female,25-34,80.0,Loan originated
1,105000.0,44,555000.0,75.0,1,White,Female,45-54,18.089,Loan originated
1,805000.0,20%-<30%,1615000.0,388.0,1,Asian,Joint,25-34,49.8,Loan originated
1,665000.0,45,725000.0,171.0,1,Hispanic or Latino,Joint,25-34,92.0,Loan originated
1,545000.0,<20%,685000.0,288.0,1,Asian,Joint,25-34,80.0,Loan originated
1,775000.0,36,1355000.0,316.0,1,White,Female,>74,57.407,Loan originated
1,1005000.0,46,2155000.0,300.0,1,Asian,Joint,45-54,46.512,Loan originated
1,915000.0,42,1205000.0,315.0,1,Hispanic or Latino,Male,45-54,76.5,Loan originated
1,355000.0,20%-<30%,445000.0,179.0,1,White,Female,35-44,80.0,Loan originated
1,445000.0,20%-<30%,465000.0,255.0,1,White,Male,35-44,97.0,Loan originated
1,375000.0,49,425000.0,95.0,1,White,Male,25-34,90.0,Loan originated
1,765000.0,50%-60%,765000.0,159.0,1,White,Joint,35-44,100.0,Application denied
1,475000.0,20%-<30%,505000.0,279.0,1,Hispanic or Latino,Male,25-34,95.0,Loan originated
1,575000.0,44,735000.0,131.0,1,Black or African American,Female,65-74,77.578,Loan originated
1,415000.0,49,425000.0,142.0,1,Hispanic or Latino,Joint,25-34,97.0,Loan originated
1,205000.0,42,325000.0,52.0,1,White,Male,65-74,61.54,Loan originated
1,585000.0,38,885000.0,203.0,1,Asian,Joint,25-34,66.288,Loan originated
1,705000.0,39,785000.0,231.0,1,White,Joint,45-54,90.0,Application denied
1,335000.0,30%-<36%,405000.0,106.0,1,White,Female,25-34,82.74,Loan originated
1,525000.0,39,855000.0,182.0,1,White,Joint,35-44,61.765,Loan originated
1,305000.0,49,505000.0,85.0,1,Hispanic or Latino,Female,55-64,60.0,Loan originated
1,745000.0,43,935000.0,181.0,1,Asian,Male,35-44,80.0,Loan originated
1,765000.0,30%-<36%,875000.0,250.0,1,Asian,Joint,45-54,87.43,Loan originated
1,705000.0,30%-<36%,875000.0,182.0,1,Hispanic or Latino,Joint,65-74,80.0,Loan originated
1,265000.0,43,325000.0,78.0,1,Hispanic or Latino,Joint,55-64,80.0,Loan originated
1,305000.0,30%-<36%,385000.0,92.0,1,Hispanic or Latino,Male,45-54,80.0,Loan originated
1,715000.0,49,895000.0,154.0,1,Hispanic or Latino,Joint,35-44,80.0,Loan originated
1,1125000.0,48,1605000.0,245.0,1,White,Joint,55-64,70.0,Loan originated
1,425000.0,46,585000.0,103.0,1,White,Joint,35-44,71.967,Loan originated
1,95000.0,46,375000.0,96.0,1,White,Joint,>74,26.0,Loan originated
1,555000.0,20%-<30%,695000.0,255.0,1,White,Female,45-54,80.0,Loan originated
1,75000.0,<20%,445000.0,124.0,1,White,Male,55-64,17.05,Loan originated
1,385000.0,46,395000.0,86.0,1,Hispanic or Latino,Female,25-34,100.0,Loan originated
1,255000.0,48,615000.0,78.0,1,White,Female,55-64,40.65,Loan originated
1,425000.0,41,525000.0,177.0,1,White,Joint,45-54,80.0,Loan originated
1,615000.0,30%-<36%,875000.0,264.0,1,Asian,Male,25-34,69.94,Loan originated
1,125000.0,45,675000.0,72.0,1,Asian,Male,35-44,18.66,Application denied
1,365000.0,41,415000.0,100.0,1,Hispanic or Latino,Female,35-44,90.0,Loan originated
1,315000.0,30%-<36%,375000.0,122.0,1,Asian,Joint,35-44,105.0,Loan originated
1,455000.0,41,465000.0,133.0,1,Black or African American,Female,25-34,99.146,Loan originated
1,735000.0,47,775000.0,158.0,1,Asian,Male,35-44,95.0,Loan originated
1,565000.0,>60%,815000.0,0.0,1,Asian,Joint,35-44,70.0,Application denied
1,1045000.0,30%-<36%,1305000.0,339.0,1,White,Male,35-44,80.0,Loan originated
1,545000.0,40,895000.0,147.0,1,White,Joint,65-74,60.77,Loan originated
1,315000.0,38,635000.0,80.0,1,White,Male,<25,50.147,Application denied
1,415000.0,30%-<36%,525000.0,163.0,1,White,Female,55-64,80.0,Loan originated
1,985000.0,49,1225000.0,250.0,1,White,Joint,25-34,80.0,Loan originated
1,405000.0,>60%,535000.0,0.0,1,Asian,Joint,35-44,75.034,Application denied
1,435000.0,49,545000.0,96.0,1,Hispanic or Latino,Joint,25-34,80.0,Loan originated
1,185000.0,20%-<30%,495000.0,107.0,1,Asian,Male,35-44,36.992,Loan originated
1,275000.0,45,365000.0,68.0,1,Hispanic or Latino,Female,<25,75.0,Application denied
1,685000.0,20%-<30%,1105000.0,748.0,1,Hispanic or Latino,Female,45-54,65.0,Loan originated
1,555000.0,39,1075000.0,212.0,1,Asian,Male,45-54,51.163,Loan originated
1,505000.0,30%-<36%,635000.0,166.0,1,Hispanic or Latino,Male,25-34,80.0,Loan originated
1,535000.0,46,805000.0,120.0,1,Asian,Male,35-44,66.46,Loan originated
1,1045000.0,47,1305000.0,209.0,1,Hispanic or Latino,Male,45-54,80.0,Loan originated
1,585000.0,30%-<36%,665000.0,222.0,1,White,Male,25-34,87.998,Loan originated
1,645000.0,46,925000.0,235.0,1,White,Joint,25-34,70.0,Loan originated
1,555000.0,40,655000.0,162.0,1,Black or African American,Joint,35-44,85.0,Loan originated
1,1065000.0,50%-60%,1125000.0,195.0,1,Asian,Male,35-44,95.0,Application denied
1,545000.0,36,645000.0,155.0,1,White,Joint,25-34,85.0,Loan originated
1,345000.0,47,365000.0,67.0,1,Hispanic or Latino,Female,25-34,95.0,Loan originated
1,555000.0,49,735000.0,123.0,1,White,Female,65-74,75.0,Loan originated
1,325000.0,20%-<30%,625000.0,149.0,1,Asian,Female,45-54,60.0,Loan originated
1,795000.0,42,905000.0,167.0,1,Asian,Joint,25-34,87.96,Loan originated
1,675000.0,46,845000.0,195.0,1,Hispanic or Latino,Male,25-34,79.998,Loan originated
1,695000.0,49,775000.0,119.0,1,White,Joint,55-64,90.0,Loan originated
1,745000.0,46,935000.0,210.0,1,Asian,Joint,35-44,80.0,Loan originated
1,535000.0,49,715000.0,112.0,1,Asian,Joint,25-34,75.0,Loan originated
1,685000.0,42,855000.0,222.0,1,White,Joint,25-34,80.0,Loan originated
1,295000.0,20%-<30%,765000.0,181.0,1,Asian,Male,25-34,38.73,Loan originated
1,565000.0,20%-<30%,895000.0,251.0,1,Hispanic or Latino,Joint,35-44,62.921,Loan originated
1,345000.0,43,365000.0,100.0,1,Hispanic or Latino,Joint,<25,95.0,Loan originated
1,345000.0,41,395000.0,78.0,1,Hispanic or Latino,Female,35-44,87.179,Loan originated
1,675000.0,42,1425000.0,181.0,1,Asian,Male,25-34,47.34,Loan originated
1,655000.0,46,1365000.0,195.0,1,White,Female,55-64,48.0,Loan originated
1,555000.0,38,1045000.0,177.0,1,Hispanic or Latino,Female,45-54,53.558,Loan originated
1,425000.0,30%-<36%,465000.0,126.0,1,White,Joint,>74,89.99,Loan originated
1,165000.0,49,255000.0,46.0,1,White,Male,55-64,72.0,Application denied
1,695000.0,49,1255000.0,260.0,1,White,Male,25-34,55.2,Loan originated
1,345000.0,47,385000.0,107.0,1,Hispanic or Latino,Female,25-34,89.474,Loan originated
1,665000.0,40,835000.0,207.0,1,White,Joint,25-34,80.0,Loan originated
1,255000.0,49,275000.0,55.0,1,Hispanic or Latino,Male,25-34,90.91,Loan originated
1,215000.0,39,615000.0,87.0,1,White,Male,35-44,34.426,Loan originated
1,485000.0,39,545000.0,236.0,1,White,Joint,45-54,90.0,Loan originated
1,765000.0,47,955000.0,303.0,1,Hispanic or Latino,Joint,35-44,89.99,Loan originated
1,495000.0,48,525000.0,158.0,1,Hispanic or Latino,Male,35-44,95.0,Loan originated
1,1125000.0,49,1535000.0,249.0,1,White,Joint,65-74,74.0,Loan originated
1,605000.0,39,635000.0,428.0,1,Asian,Male,25-34,95.0,Loan originated
1,605000.0,39,755000.0,199.0,1,Hispanic or Latino,Joint,35-44,80.0,Loan originated
1,605000.0,46,755000.0,159.0,1,Asian,Female,25-34,80.0,Loan originated
1,745000.0,30%-<36%,875000.0,230.0,1,White,Joint,25-34,85.0,Loan originated
1,175000.0,36,235000.0,117.0,1,White,Joint,65-74,80.0,Loan originated
1,255000.0,47,555000.0,66.0,1,White,Female,>74,46.14,Loan originated
1,665000.0,49,825000.0,177.0,1,Hispanic or Latino,Male,45-54,80.0,Loan originated
1,355000.0,30%-<36%,655000.0,308.0,1,Asian,Male,35-44,55.0,Loan originated
1,345000.0,41,435000.0,97.0,1,White,Male,55-64,80.0,Loan originated
1,395000.0,49,815000.0,97.0,1,White,Joint,25-34,49.07,Loan originated
1,905000.0,49,1005000.0,355.0,1,Black or African American,Joint,55-64,90.0,Application denied
1,475000.0,45,505000.0,163.0,1,White,Joint,35-44,95.0,Loan originated
1,1095000.0,49,1355000.0,218.0,1,White,Male,35-44,81.0,Loan originated
1,1105000.0,37,1975000.0,402.0,1,Asian,Joint,35-44,55.7,Loan originated
1,505000.0,>60%,905000.0,1.0,1,Asian,Male,45-54,55.6,Application denied
1,245000.0,50%-60%,305000.0,71.0,1,Hispanic or Latino,Female,45-54,74.5,Application denied
1,395000.0,48,595000.0,99.0,1,White,Joint,>74,66.661,Loan originated
1,255000.0,20%-<30%,265000.0,140.0,1,White,Male,35-44,95.0,Loan originated
1,865000.0,46,1385000.0,311.0,1,Asian,Male,45-54,62.762,Loan originated
1,715000.0,45,795000.0,257.0,1,White,Joint,25-34,90.0,Loan originated
1,695000.0,>60%,725000.0,87.0,1,Black or African American,Female,45-54,99.0,Application denied
1,575000.0,20%-<30%,825000.0,250.0,1,Asian,Male,25-34,70.0,Loan originated
1,375000.0,20%-<30%,465000.0,153.0,1,White,Joint,25-34,80.0,Loan originated
1,275000.0,48,295000.0,75.0,1,Hispanic or Latino,Male,25-34,95.0,Loan originated
1,405000.0,43,685000.0,153.0,1,Hispanic or Latino,Joint,35-44,59.361,Loan originated
1,605000.0,48,755000.0,255.0,1,Asian,Joint,25-34,80.0,Loan originated
1,375000.0,37,475000.0,167.0,1,Hispanic or Latino,Male,55-64,80.0,Loan originated
1,85000.0,50%-60%,95000.0,62.0,1,White,Female,65-74,95.0,Application denied
1,485000.0,42,535000.0,127.0,1,White,Joint,25-34,90.94,Loan originated
1,345000.0,49,555000.0,85.0,1,Asian,Male,25-34,62.5,Loan originated
1,345000.0,39,1245000.0,135.0,1,White,Joint,25-34,27.885,Loan originated
1,725000.0,49,905000.0,155.0,1,Hispanic or Latino,Male,35-44,80.0,Loan originated
1,1125000.0,45,1325000.0,370.0,1,Asian,Joint,25-34,85.01,Loan originated
1,355000.0,20%-<30%,1505000.0,183.0,1,White,Male,45-54,23.333,Loan originated
1,705000.0,49,805000.0,129.0,1,Asian,Female,35-44,86.957,Loan originated
1,1005000.0,41,1255000.0,299.0,1,White,Male,35-44,80.0,Loan originated
1,825000.0,38,1105000.0,233.0,1,White,Male,55-64,75.0,Loan originated
1,425000.0,30%-<36%,725000.0,133.0,1,White,Joint,65-74,58.62,Loan originated
1,675000.0,43,755000.0,279.0,1,Asian,Joint,35-44,90.0,Loan originated
1,335000.0,46,485000.0,83.0,1,White,Joint,65-74,70.0,Loan originated
1,55000.0,30%-<36%,65000.0,62.0,1,Black or African American,Female,45-54,95.0,Loan originated
1,665000.0,49,695000.0,125.0,1,White,Male,<25,95.0,Loan originated
1,465000.0,45,515000.0,105.0,1,Asian,Male,35-44,89.99,Loan originated
1,445000.0,37,555000.0,132.0,1,White,Joint,55-64,80.0,Loan originated
1,515000.0,30%-<36%,685000.0,235.0,1,White,Joint,35-44,75.119,Loan originated
1,655000.0,<20%,825000.0,4026.0,1,White,Male,45-54,79.341,Loan originated
1,745000.0,44,1295000.0,170.0,1,Asian,Male,25-34,57.394,Loan originated
1,505000.0,20%-<30%,625000.0,184.0,1,White,Male,45-54,80.0,Loan originated
1,655000.0,30%-<36%,695000.0,189.0,1,Black or African American,Female,45-54,98.0,Loan originated
1,765000.0,38,935000.0,200.0,1,White,Male,35-44,81.635,Loan originated
1,315000.0,49,355000.0,88.0,1,White,Male,25-34,90.0,Loan originated
1,585000.0,<20%,735000.0,334.0,1,White,Female,65-74,80.0,Loan originated
1,755000.0,42,1215000.0,186.0,1,White,Joint,55-64,61.728,Loan originated
1,395000.0,39,525000.0,119.0,1,Asian,Female,35-44,75.0,Loan originated
1,295000.0,20%-<30%,915000.0,148.0,1,White,Male,25-34,32.192,Loan originated
1,685000.0,30%-<36%,1385000.0,301.0,1,Asian,Joint,45-54,49.568,Loan originated
1,905000.0,42,1135000.0,231.0,1,Asian,Joint,35-44,80.0,Loan originated
1,445000.0,50%-60%,555000.0,176.0,1,Hispanic or Latino,Female,35-44,80.0,Application denied
1,705000.0,46,745000.0,202.0,1,White,Joint,>74,95.0,Loan originated
1,635000.0,49,795000.0,213.0,1,White,Male,25-34,80.0,Loan originated
1,525000.0,30%-<36%,545000.0,232.0,1,Asian,Joint,25-34,97.0,Loan originated
1,375000.0,38,475000.0,107.0,1,White,Joint,<25,80.0,Loan originated
1,315000.0,30%-<36%,395000.0,133.0,1,White,Joint,45-54,79.487,Loan originated
1,855000.0,30%-<36%,1515000.0,258.0,1,Asian,Male,35-44,56.29,Loan originated
1,845000.0,41,1065000.0,18.0,1,Asian,Male,45-54,80.0,Loan originated
1,315000.0,47,435000.0,136.0,1,White,Female,65-74,72.093,Loan originated
1,435000.0,49,625000.0,110.0,1,Black or African American,Female,45-54,69.242,Loan originated
1,885000.0,46,1105000.0,184.0,1,Asian,Joint,25-34,80.0,Loan originated
1,495000.0,46,515000.0,159.0,1,White,Joint,25-34,97.0,Loan originated
1,285000.0,47,325000.0,67.0,1,Hispanic or Latino,Male,25-34,90.0,Loan originated
1,175000.0,46,275000.0,86.0,1,Asian,Joint,65-74,62.96,Application denied
1,865000.0,39,1075000.0,225.0,1,White,Female,25-34,80.0,Loan originated
1,765000.0,30%-<36%,1135000.0,246.0,1,Asian,Joint,35-44,67.699,Loan originated
1,535000.0,40,665000.0,150.0,1,White,Female,35-44,80.0,Loan originated
1,1015000.0,42,1265000.0,247.0,1,Asian,Female,25-34,80.0,Loan originated
1,755000.0,39,945000.0,199.0,1,Hispanic or Latino,Female,45-54,80.0,Loan originated
1,435000.0,46,455000.0,160.0,1,Asian,Male,45-54,99.96,Loan originated
1,345000.0,42,365000.0,87.0,1,White,Female,45-54,95.0,Loan originated
1,355000.0,49,1255000.0,97.0,1,Asian,Joint,65-74,27.964,Loan originated
1,185000.0,42,245000.0,75.0,1,Hispanic or Latino,Male,25-34,73.469,Application denied
1,255000.0,47,605000.0,68.0,1,White,Female,65-74,41.6,Loan originated
1,505000.0,43,1455000.0,136.0,1,Asian,Female,35-44,35.0,Loan originated
1,355000.0,40,465000.0,235.0,1,Hispanic or Latino,Male,55-64,77.0,Loan originated
1,945000.0,30%-<36%,1495000.0,294.0,1,Asian,Joint,25-34,63.087,Loan originated
1,425000.0,50%-60%,955000.0,89.0,1,Hispanic or Latino,Male,35-44,44.211,Loan originated
1,425000.0,47,785000.0,97.0,1,White,Female,35-44,53.846,Loan originated
1,455000.0,49,955000.0,540.0,1,Asian,Female,35-44,47.37,Loan originated
1,495000.0,46,535000.0,102.0,1,Hispanic or Latino,Male,25-34,91.589,Loan originated
1,305000.0,40,375000.0,130.0,1,White,Female,45-54,81.36,Application denied
1,785000.0,42,1095000.0,194.0,1,White,Male,45-54,71.23,Loan originated
1,505000.0,40,855000.0,134.0,1,Hispanic or Latino,Male,35-44,58.685,Loan originated
1,435000.0,20%-<30%,635000.0,183.0,1,White,Female,45-54,69.0,Loan originated
1,125000.0,30%-<36%,135000.0,97.0,1,White,Female,35-44,92.4,Loan originated
1,745000.0,>60%,935000.0,85.0,1,Hispanic or Latino,Joint,55-64,80.0,Application denied
1,885000.0,30%-<36%,1105000.0,369.0,1,Asian,Joint,25-34,80.0,Loan originated
1,595000.0,43,635000.0,140.0,1,White,Male,35-44,95.0,Loan originated
1,395000.0,39,405000.0,145.0,1,White,Male,25-34,97.0,Loan originated
1,905000.0,46,955000.0,493.0,1,White,Male,25-34,95.0,Loan originated
1,795000.0,45,1105000.0,184.0,1,White,Male,25-34,72.64,Loan originated
1,945000.0,46,995000.0,203.0,1,Asian,Male,25-34,94.9999,Application denied
1,275000.0,45,325000.0,68.0,1,White,Male,>74,85.0,Loan originated
1,765000.0,47,905000.0,178.0,1,Hispanic or Latino,Male,45-54,85.0,Loan originated
1,485000.0,20%-<30%,605000.0,175.0,1,White,Female,25-34,80.0,Loan originated
1,385000.0,20%-<30%,665000.0,235.0,1,Asian,Male,55-64,58.084,Loan originated
1,575000.0,36,605000.0,146.0,1,Asian,Joint,25-34,95.0,Loan originated
1,1005000.0,36,1255000.0,294.0,1,White,Male,35-44,79.68,Loan originated
1,755000.0,39,845000.0,219.0,1,White,Joint,45-54,90.0,Loan originated
1,845000.0,49,995000.0,227.0,1,Asian,Male,35-44,85.0,Loan originated
1,565000.0,49,705000.0,104.0,1,Asian,Male,25-34,80.0,Loan originated
1,635000.0,43,725000.0,159.0,1,White,Female,25-34,87.931,Loan originated
1,565000.0,30%-<36%,1125000.0,178.0,1,White,Joint,45-54,50.044,Loan originated
1,515000.0,45,535000.0,149.0,1,White,Joint,25-34,97.0,Loan originated
1,355000.0,47,445000.0,72.0,1,Hispanic or Latino,Female,65-74,80.0,Loan originated
1,1145000.0,39,1495000.0,313.0,1,Asian,Joint,35-44,77.169,Loan originated
1,805000.0,43,945000.0,221.0,1,White,Joint,45-54,85.0,Loan originated
1,255000.0,49,425000.0,62.0,1,White,Male,55-64,58.824,Loan originated
1,475000.0,47,525000.0,129.0,1,Asian,Joint,25-34,90.0,Loan originated
1,375000.0,20%-<30%,395000.0,162.0,1,Hispanic or Latino,Male,25-34,95.0,Loan originated
1,495000.0,46,485000.0,111.0,1,Hispanic or Latino,Male,35-44,102.0,Application denied
1,765000.0,48,855000.0,265.0,1,Hispanic or Latino,Joint,35-44,97.0,Loan originated
1,855000.0,48,1065000.0,202.0,1,Asian,Joint,25-34,80.0,Loan originated
1,645000.0,30%-<36%,805000.0,206.0,1,Asian,Joint,35-44,80.0,Loan originated
1,565000.0,47,935000.0,122.0,1,Hispanic or Latino,Female,65-74,60.323,Loan originated
1,755000.0,20%-<30%,1635000.0,292.0,1,White,Joint,35-44,45.82,Loan originated
1,185000.0,30%-<36%,435000.0,79.0,1,Hispanic or Latino,Male,35-44,43.0,Loan originated
1,545000.0,20%-<30%,645000.0,321.0,1,White,Joint,45-54,85.0,Loan originated
1,285000.0,46,335000.0,100.0,1,Hispanic or Latino,Joint,45-54,105.0,Loan originated
1,535000.0,38,715000.0,183.0,1,Asian,Female,25-34,75.0,Loan originated
1,505000.0,50%-60%,925000.0,107.0,1,Asian,Male,55-64,54.348,Loan originated
1,145000.0,39,835000.0,202.0,1,White,Joint,55-64,17.26,Loan originated
1,495000.0,40,745000.0,119.0,1,White,Joint,35-44,66.216,Loan originated
1,385000.0,37,485000.0,139.0,1,Hispanic or Latino,Male,55-64,80.0,Loan originated
1,585000.0,42,615000.0,142.0,1,Hispanic or Latino,Joint,35-44,95.0,Loan originated
1,325000.0,20%-<30%,405000.0,205.0,1,Asian,Male,55-64,80.0,Loan originated
1,475000.0,41,495000.0,119.0,1,White,Joint,35-44,95.0,Loan originated
1,1005000.0,47,1765000.0,215.0,1,White,Male,25-34,56.53,Loan originated
1,185000.0,49,195000.0,82.0,1,White,Joint,55-64,95.0,Loan originated
1,755000.0,49,1105000.0,154.0,1,Asian,Female,35-44,69.0,Loan originated
1,335000.0,45,435000.0,75.0,1,Hispanic or Latino,Female,<25,77.011,Loan originated
1,1055000.0,42,1405000.0,255.0,1,White,Male,35-44,75.0,Loan originated
1,905000.0,42,1155000.0,230.0,1,Hispanic or Latino,Male,45-54,79.02,Loan originated
1,115000.0,30%-<36%,215000.0,84.0,1,White,Joint,35-44,52.83,Application denied
1,645000.0,48,865000.0,134.0,1,Asian,Female,25-34,74.42,Loan originated
1,375000.0,49,495000.0,91.0,1,White,Joint,35-44,75.0,Loan originated
1,865000.0,48,1975000.0,229.0,1,Asian,Joint,65-74,43.984,Loan originated
1,395000.0,43,495000.0,137.0,1,White,Male,35-44,80.0,Loan originated
1,685000.0,40,1035000.0,194.0,1,Asian,Female,25-34,66.019,Loan originated
1,665000.0,40,835000.0,227.0,1,White,Joint,45-54,80.0,Loan originated
1,285000.0,>60%,885000.0,45.0,1,White,Male,35-44,31.82,Application denied
1,1075000.0,45,1345000.0,216.0,1,White,Joint,65-74,80.0,Loan originated
1,905000.0,20%-<30%,1575000.0,319.0,1,Asian,Joint,45-54,57.31,Loan originated
1,735000.0,43,1055000.0,370.0,1,White,Joint,45-54,90.0,Loan originated
1,415000.0,44,445000.0,101.0,1,Hispanic or Latino,Male,45-54,92.107,Loan originated
1,925000.0,48,975000.0,203.0,1,White,Male,25-34,95.0,Loan originated
1,505000.0,46,525000.0,132.0,1,Hispanic or Latino,Female,35-44,97.0,Loan originated
1,475000.0,37,485000.0,131.0,1,Other,Female,25-34,97.0,Loan originated
1,455000.0,45,645000.0,253.0,1,White,Joint,55-64,70.0,Loan originated
1,705000.0,48,745000.0,146.0,1,Hispanic or Latino,Joint,45-54,95.0,Loan originated
1,745000.0,47,935000.0,190.0,1,Asian,Male,35-44,80.0,Loan originated
1,285000.0,41,335000.0,212.0,1,Asian,Male,35-44,85.0,Loan originated
1,935000.0,48,985000.0,279.0,1,Hispanic or Latino,Male,45-54,95.0,Loan originated
1,565000.0,47,1265000.0,151.0,1,Asian,Joint,25-34,44.71,Loan originated
1,875000.0,38,1255000.0,330.0,1,Asian,Joint,25-34,70.0,Loan originated
1,635000.0,46,795000.0,503.0,1,Asian,Joint,35-44,80.0,Loan originated
1,485000.0,30%-<36%,645000.0,166.0,1,Asian,Female,35-44,75.0,Loan originated
1,705000.0,36,775000.0,220.0,1,Hispanic or Latino,Male,45-54,91.161,Loan originated
1,345000.0,20%-<30%,695000.0,228.0,1,White,Male,35-44,49.922,Loan originated
1,695000.0,50%-60%,805000.0,138.0,1,Hispanic or Latino,Male,35-44,86.5,Loan originated
1,225000.0,42,285000.0,56.0,1,White,Male,35-44,80.0,Loan originated
1,645000.0,39,715000.0,185.0,1,White,Joint,35-44,90.0,Loan originated
1,805000.0,47,1195000.0,241.0,1,Black or African American,Female,45-54,67.365,Loan originated
1,475000.0,42,595000.0,186.0,1,Hispanic or Latino,Joint,25-34,80.0,Loan originated
1,545000.0,20%-<30%,605000.0,223.0,1,White,Joint,45-54,90.0,Loan originated
1,265000.0,37,645000.0,81.0,1,White,Male,55-64,41.34,Loan originated
1,285000.0,42,415000.0,106.0,1,Asian,Female,55-64,69.494,Loan originated
1,595000.0,<20%,795000.0,425.0,1,White,Joint,55-64,74.692,Loan originated
1,175000.0,49,195000.0,59.0,1,Black or African American,Female,45-54,93.684,Loan originated
1,1005000.0,45,1335000.0,343.0,1,White,Joint,25-34,75.02,Application denied
1,765000.0,42,825000.0,229.0,1,Black or African American,Joint,25-34,92.814,Loan originated
1,345000.0,30%-<36%,425000.0,115.0,1,Asian,Female,35-44,80.0,Loan originated
1,745000.0,30%-<36%,985000.0,210.0,1,White,Male,35-44,75.0,Loan originated
1,305000.0,39,1075000.0,117.0,1,White,Female,45-54,28.037,Loan originated
1,445000.0,39,595000.0,126.0,1,Hispanic or Latino,Male,45-54,75.0,Loan originated
1,425000.0,20%-<30%,665000.0,192.0,1,White,Male,45-54,65.0,Loan originated
1,515000.0,48,765000.0,122.0,1,Black or African American,Female,35-44,95.425,Loan originated
1,265000.0,44,905000.0,152.0,1,White,Joint,45-54,29.67,Loan originated
1,315000.0,49,465000.0,351.0,1,White,Male,55-64,68.017,Loan originated
1,935000.0,45,1245000.0,273.0,1,White,Joint,45-54,75.0,Loan originated
1,895000.0,30%-<36%,975000.0,227.0,1,White,Joint,25-34,92.0,Loan originated
1,245000.0,<20%,405000.0,278.0,1,Asian,Male,55-64,59.259,Loan originated
1,305000.0,42,385000.0,73.0,1,Hispanic or Latino,Female,<25,80.0,Loan originated
1,825000.0,30%-<36%,1265000.0,343.0,1,Asian,Joint,55-64,65.0,Loan originated
1,745000.0,49,835000.0,180.0,1,White,Male,55-64,89.88,Loan originated
1,175000.0,40,1145000.0,95.0,1,Asian,Female,25-34,14.847,Loan originated
1,765000.0,41,985000.0,254.0,1,Asian,Joint,45-54,77.76,Loan originated
1,525000.0,40,595000.0,161.0,1,White,Female,45-54,87.479,Loan originated
1,285000.0,20%-<30%,295000.0,113.0,1,Hispanic or Latino,Joint,25-34,100.0,Loan originated
1,145000.0,50%-60%,165000.0,60.0,1,White,Joint,>74,90.0,Loan originated
1,925000.0,20%-<30%,1235000.0,567.0,1,White,Male,25-34,75.0,Loan originated
1,965000.0,<20%,1385000.0,2400.0,1,White,Male,45-54,70.0,Loan originated
1,685000.0,46,725000.0,172.0,1,White,Joint,35-44,95.0,Loan originated
1,505000.0,30%-<36%,525000.0,202.0,1,Hispanic or Latino,Joint,45-54,95.0,Loan originated
1,615000.0,47,765000.0,119.0,1,White,Joint,25-34,80.0,Loan originated
1,815000.0,30%-<36%,1175000.0,276.0,1,White,Female,>74,70.0,Loan originated
1,1035000.0,38,1295000.0,330.0,1,Asian,Joint,25-34,80.0,Loan originated
1,475000.0,20%-<30%,675000.0,164.0,1,White,Joint,55-64,70.0,Loan originated
1,695000.0,41,725000.0,244.0,1,Asian,Joint,35-44,95.0,Loan originated
1,555000.0,44,585000.0,123.0,1,Hispanic or Latino,Joint,25-34,95.0,Loan originated
1,285000.0,41,285000.0,78.0,1,Asian,Joint,25-34,97.0,Loan originated
1,505000.0,44,695000.0,128.0,1,White,Joint,>74,72.0,Loan originated
1,115000.0,20%-<30%,595000.0,199.0,1,White,Female,55-64,20.0,Loan originated
1,545000.0,45,575000.0,225.0,1,Asian,Female,25-34,95.0,Loan originated
1,525000.0,30%-<36%,825000.0,161.0,1,Asian,Joint,35-44,63.636,Loan originated
1,265000.0,43,275000.0,60.0,1,Hispanic or Latino,Male,35-44,97.0,Loan originated
1,615000.0,47,825000.0,153.0,1,Asian,Male,25-34,75.0,Loan originated
1,355000.0,30%-<36%,1275000.0,177.0,1,White,Joint,35-44,27.451,Loan originated
1,305000.0,36,905000.0,116.0,1,Asian,Joint,25-34,33.39,Loan originated
1,155000.0,40,445000.0,83.0,1,White,Joint,65-74,34.091,Loan originated
1,585000.0,42,625000.0,161.0,1,Asian,Joint,25-34,95.0,Loan originated
1,665000.0,43,705000.0,169.0,1,Black or African American,Male,45-54,95.0,Loan originated
1,665000.0,48,705000.0,293.0,1,White,Male,45-54,95.0,Loan originated
1,425000.0,45,445000.0,111.0,1,Hispanic or Latino,Joint,55-64,95.0,Loan originated
1,605000.0,46,755000.0,163.0,1,White,Female,25-34,80.0,Loan originated
1,505000.0,49,555000.0,152.0,1,White,Female,25-34,92.0,Loan originated
1,715000.0,20%-<30%,895000.0,288.0,1,Hispanic or Latino,Male,45-54,80.0,Loan originated
1,425000.0,37,545000.0,128.0,1,White,Male,25-34,77.77,Loan originated
1,735000.0,43,925000.0,241.0,1,Black or African American,Male,25-34,89.99,Loan originated
1,395000.0,44,405000.0,108.0,1,Hispanic or Latino,Joint,25-34,100.0,Loan originated
1,475000.0,20%-<30%,875000.0,341.0,1,White,Male,45-54,54.14,Loan originated
1,715000.0,38,845000.0,185.0,1,White,Joint,35-44,85.0,Loan originated
1,475000.0,>60%,975000.0,100.0,1,White,Joint,35-44,48.818,Application denied
1,765000.0,30%-<36%,1155000.0,249.0,1,White,Joint,25-34,67.0,Loan originated
1,605000.0,20%-<30%,765000.0,258.0,1,White,Female,55-64,80.0,Loan originated
1,585000.0,30%-<36%,685000.0,212.0,1,Hispanic or Latino,Male,45-54,85.0,Loan originated
1,315000.0,<20%,335000.0,219.0,1,White,Female,25-34,95.0,Loan originated
1,335000.0,48,805000.0,74.0,1,Hispanic or Latino,Female,>74,41.25,Loan originated
1,595000.0,41,745000.0,203.0,1,Asian,Joint,35-44,100.0,Loan originated
1,455000.0,49,475000.0,125.0,1,Black or African American,Female,25-34,100.0,Application denied
1,585000.0,30%-<36%,1175000.0,229.0,1,Hispanic or Latino,Joint,35-44,50.0,Loan originated
1,485000.0,47,535000.0,173.0,1,White,Male,45-54,90.0,Loan originated
1,535000.0,20%-<30%,715000.0,231.0,1,White,Joint,35-44,75.0,Loan originated
1,535000.0,40,1025000.0,210.0,1,Asian,Joint,25-34,51.66,Loan originated
1,425000.0,50%-60%,455000.0,93.0,1,Hispanic or Latino,Joint,35-44,93.0,Application denied
1,335000.0,30%-<36%,355000.0,189.0,1,White,Male,25-34,99.275,Loan originated
1,435000.0,41,525000.0,131.0,1,White,Joint,35-44,102.827,Loan originated
1,505000.0,47,695000.0,200.0,1,White,Male,45-54,72.0,Loan originated
1,435000.0,20%-<30%,575000.0,186.0,1,Asian,Male,25-34,75.0,Loan originated
1,285000.0,48,315000.0,60.0,1,Hispanic or Latino,Male,35-44,90.0,Loan originated
1,775000.0,30%-<36%,1075000.0,226.0,1,Asian,Male,45-54,71.963,Loan originated
1,565000.0,43,705000.0,128.0,1,Asian,Joint,35-44,80.0,Loan originated
1,535000.0,30%-<36%,595000.0,200.0,1,White,Joint,25-34,90.0,Loan originated
1,645000.0,37,865000.0,204.0,1,Hispanic or Latino,Joint,35-44,80.0,Loan originated
1,665000.0,44,695000.0,177.0,1,Asian,Male,25-34,95.0,Application denied
1,275000.0,>60%,455000.0,130.0,1,White,Joint,>74,60.0,Application denied
1,565000.0,43,705000.0,118.0,1,Asian,Joint,35-44,80.0,Loan originated
1,715000.0,40,755000.0,291.0,1,Hispanic or Latino,Joint,35-44,95.0,Loan originated
1,205000.0,36,1375000.0,99.0,1,Hispanic or Latino,Male,65-74,14.503,Loan originated
1,485000.0,49,605000.0,120.0,1,White,Female,25-34,80.0,Loan originated
1,555000.0,41,895000.0,181.0,1,Asian,Female,45-54,61.798,Loan originated
1,855000.0,42,905000.0,219.0,1,White,Joint,35-44,95.0,Loan originated
1,945000.0,41,1185000.0,300.0,1,Asian,Joint,45-54,80.0,Loan originated
1,765000.0,40,955000.0,314.0,1,Asian,Male,25-34,80.0,Loan originated
1,925000.0,<20%,1155000.0,1305.0,1,White,Male,45-54,80.0,Loan originated
1,865000.0,45,915000.0,227.0,1,White,Joint,35-44,95.0,Loan originated
1,405000.0,44,505000.0,114.0,1,White,Female,25-34,80.0,Loan originated
1,875000.0,39,1625000.0,576.0,1,Asian,Joint,45-54,53.7,Loan originated
1,715000.0,40,895000.0,176.0,1,Asian,Male,25-34,80.0,Loan originated
1,1105000.0,30%-<36%,1385000.0,303.0,1,Asian,Male,45-54,80.0,Application denied
1,445000.0,<20%,935000.0,284.0,1,White,Female,65-74,47.74,Loan originated
1,355000.0,38,365000.0,111.0,1,Hispanic or Latino,Joint,25-34,97.0,Loan originated
1,645000.0,49,805000.0,143.0,1,Asian,Joint,35-44,80.0,Loan originated
1,625000.0,45,775000.0,140.0,1,Asian,Male,25-34,80.0,Loan originated
1,395000.0,42,595000.0,118.0,1,Hispanic or Latino,Male,25-34,66.321,Loan originated
1,1145000.0,37,1775000.0,469.0,1,Asian,Joint,35-44,89.99,Loan originated
1,995000.0,44,1045000.0,235.0,1,White,Joint,25-34,95.0,Loan originated
1,685000.0,43,865000.0,325.0,1,Asian,Male,55-64,80.0,Loan originated
1,555000.0,49,585000.0,116.0,1,White,Male,55-64,95.0,Loan originated
1,615000.0,41,825000.0,146.0,1,White,Joint,>74,75.0,Loan originated
1,545000.0,49,575000.0,114.0,1,Other,Female,25-34,95.0,Loan originated
1,675000.0,49,715000.0,239.0,1,White,Joint,45-54,95.0,Loan originated
1,715000.0,45,895000.0,162.0,1,Hispanic or Latino,Male,25-34,80.0,Loan originated
1,605000.0,42,765000.0,183.0,1,Hispanic or Latino,Female,25-34,80.0,Loan originated
1,755000.0,30%-<36%,845000.0,240.0,1,Asian,Male,25-34,90.0,Loan originated
1,765000.0,20%-<30%,1065000.0,264.0,1,Asian,Joint,25-34,71.715,Loan originated
1,385000.0,30%-<36%,425000.0,271.0,1,White,Female,35-44,90.48,Loan originated
1,565000.0,46,815000.0,135.0,1,Asian,Female,25-34,69.136,Loan originated
1,405000.0,50%-60%,435000.0,116.0,1,Hispanic or Latino,Joint,25-34,95.0,Application denied
1,725000.0,48,905000.0,201.0,1,Hispanic or Latino,Female,35-44,80.0,Loan originated
1,565000.0,36,595000.0,202.0,1,Hispanic or Latino,Joint,25-34,95.0,Loan originated
1,985000.0,40,1225000.0,291.0,1,White,Male,35-44,80.0,Loan originated
1,605000.0,46,1155000.0,229.0,1,White,Male,55-64,52.174,Loan originated
1,295000.0,37,375000.0,271.0,1,Other,Female,35-44,80.0,Loan originated
1,475000.0,49,585000.0,110.0,1,Asian,Female,25-34,79.94,Loan originated
1,215000.0,30%-<36%,225000.0,140.0,1,Asian,Joint,35-44,97.0,Loan originated
1,475000.0,30%-<36%,635000.0,139.0,1,White,Female,35-44,75.0,Loan originated
1,465000.0,36,585000.0,138.0,1,Asian,Male,25-34,100.0,Loan originated
1,345000.0,49,425000.0,89.0,1,Hispanic or Latino,Male,25-34,80.0,Loan originated
1,1105000.0,20%-<30%,1375000.0,402.0,1,White,Joint,25-34,80.0,Loan originated
1,655000.0,20%-<30%,1055000.0,345.0,1,White,Joint,35-44,63.0,Loan originated
1,915000.0,48,1305000.0,21.0,1,Asian,Joint,55-64,70.0,Loan originated
1,205000.0,30%-<36%,565000.0,89.0,1,White,Female,45-54,35.149,Loan originated
1,785000.0,20%-<30%,1305000.0,348.0,1,Asian,Joint,25-34,60.0,Loan originated
1,195000.0,47,645000.0,72.0,1,Asian,Male,35-44,30.0,Loan originated
1,1045000.0,46,1305000.0,251.0,1,White,Joint,65-74,80.0,Loan originated
1,555000.0,40,955000.0,186.0,1,Asian,Joint,25-34,57.89,Loan originated
1,715000.0,47,785000.0,279.0,1,Black or African American,Joint,25-34,90.0,Loan originated
1,275000.0,40,295000.0,93.0,1,Hispanic or Latino,Joint,35-44,95.0,Application denied
1,75000.0,49,475000.0,40.0,1,Asian,Female,45-54,14.894,Loan originated
1,385000.0,50%-60%,485000.0,91.0,1,Asian,Male,35-44,90.0,Application denied
1,785000.0,37,1425000.0,398.0,1,Asian,Joint,45-54,55.09,Loan originated
1,745000.0,47,935000.0,160.0,1,Asian,Male,45-54,80.0,Loan originated
1,525000.0,40,585000.0,143.0,1,Asian,Male,25-34,90.0,Loan originated
1,475000.0,49,525000.0,142.0,1,Hispanic or Latino,Female,35-44,90.0,Loan originated
1,375000.0,39,495000.0,110.0,1,White,Joint,65-74,74.9,Loan originated
1,635000.0,40,795000.0,217.0,1,Asian,Joint,45-54,80.0,Loan originated
1,555000.0,49,675000.0,133.0,1,Asian,Female,65-74,83.0,Loan originated
1,555000.0,>60%,585000.0,104.0,1,Hispanic or Latino,Female,45-54,95.0,Application denied
1,515000.0,41,545000.0,130.0,1,White,Male,35-44,95.0,Loan originated
1,455000.0,41,535000.0,150.0,1,Hispanic or Latino,Male,35-44,85.0,Loan originated
1,585000.0,30%-<36%,735000.0,212.0,1,Asian,Female,45-54,79.59,Loan originated
1,675000.0,47,1585000.0,165.0,1,White,Female,45-54,43.0,Loan originated
1,695000.0,30%-<36%,1155000.0,217.0,1,White,Joint,35-44,60.0,Loan originated
1,705000.0,49,785000.0,159.0,1,Hispanic or Latino,Female,55-64,90.0,Loan originated
1,705000.0,41,875000.0,172.0,1,White,Male,25-34,80.0,Loan originated
1,725000.0,37,805000.0,212.0,1,Asian,Joint,25-34,89.91,Loan originated
1,155000.0,43,955000.0,89.0,1,White,Female,55-64,15.625,Loan originated
1,1025000.0,45,1145000.0,264.0,1,White,Female,45-54,89.99,Loan originated
1,765000.0,40,1095000.0,170.0,1,Asian,Female,35-44,69.706,Loan originated
1,515000.0,38,855000.0,650.0,1,White,Joint,45-54,60.0,Loan originated
1,755000.0,40,795000.0,193.0,1,Asian,Joint,25-34,95.0,Loan originated
1,375000.0,42,695000.0,123.0,1,Asian,Female,25-34,54.93,Loan originated
1,635000.0,37,735000.0,225.0,1,Asian,Joint,35-44,85.386,Loan originated
1,365000.0,37,465000.0,97.0,1,White,Female,>74,78.495,Loan originated
1,255000.0,44,705000.0,72.0,1,White,Male,25-34,35.72,Loan originated
1,645000.0,49,715000.0,126.0,1,Hispanic or Latino,Joint,35-44,90.0,Loan originated
1,715000.0,48,815000.0,198.0,1,Hispanic or Latino,Male,>74,88.0,Loan originated
1,325000.0,20%-<30%,415000.0,153.0,1,Asian,Male,25-34,80.0,Application denied
1,665000.0,>60%,1105000.0,102.0,1,White,Joint,35-44,60.0,Application denied
1,505000.0,41,685000.0,131.0,1,White,Joint,55-64,74.1,Loan originated
1,465000.0,20%-<30%,625000.0,467.0,1,Asian,Joint,35-44,75.0,Loan originated
1,345000.0,50%-60%,675000.0,86.0,1,White,Male,25-34,52.0,Application denied
1,475000.0,49,545000.0,115.0,1,Hispanic or Latino,Male,35-44,102.988,Loan originated
1,495000.0,46,585000.0,120.0,1,Hispanic or Latino,Male,25-34,85.0,Loan originated
1,335000.0,49,365000.0,94.0,1,Black or African American,Joint,35-44,94.389,Loan originated
1,495000.0,36,615000.0,157.0,1,Asian,Male,25-34,80.0,Loan originated
1,445000.0,36,485000.0,128.0,1,Asian,Male,35-44,92.062,Loan originated
1,675000.0,47,1085000.0,175.0,1,White,Male,35-44,61.751,Loan originated
1,335000.0,30%-<36%,415000.0,110.0,1,White,Female,65-74,80.0,Loan originated
1,965000.0,39,1375000.0,267.0,1,Asian,Joint,35-44,70.0,Loan originated
1,535000.0,38,595000.0,137.0,1,Asian,Male,35-44,90.0,Loan originated
1,635000.0,45,705000.0,245.0,1,White,Male,35-44,89.98,Loan originated
1,605000.0,20%-<30%,865000.0,310.0,1,Asian,Male,55-64,70.0,Loan originated
1,645000.0,43,805000.0,176.0,1,White,Joint,25-34,80.0,Loan originated
1,565000.0,45,705000.0,116.0,1,Hispanic or Latino,Male,35-44,80.0,Loan originated
1,605000.0,30%-<36%,685000.0,385.0,1,White,Joint,55-64,89.0,Loan originated
1,485000.0,20%-<30%,605000.0,226.0,1,Hispanic or Latino,Male,55-64,80.0,Loan originated
1,875000.0,47,1345000.0,198.0,1,Asian,Male,55-64,65.0,Loan originated
1,445000.0,45,735000.0,220.0,1,White,Joint,45-54,59.864,Loan originated
1,505000.0,<20%,1305000.0,299.0,1,Asian,Joint,25-34,39.0,Loan originated
1,165000.0,45,175000.0,81.0,1,Hispanic or Latino,Male,35-44,94.58,Application denied
1,365000.0,46,455000.0,228.0,1,Asian,Female,45-54,80.0,Loan originated
1,835000.0,41,2155000.0,339.0,1,Asian,Joint,35-44,85.0,Loan originated
1,705000.0,38,1605000.0,447.0,1,White,Male,45-54,43.75,Application denied
1,295000.0,47,345000.0,72.0,1,Hispanic or Latino,Male,45-54,91.029,Application denied
1,705000.0,47,745000.0,157.0,1,White,Joint,25-34,95.0,Loan originated
1,885000.0,45,1105000.0,185.0,1,White,Female,45-54,80.0,Loan originated
1,725000.0,36,905000.0,322.0,1,Asian,Joint,35-44,80.0,Application denied
1,625000.0,48,675000.0,193.0,1,Hispanic or Latino,Female,35-44,92.0,Loan originated
1,265000.0,20%-<30%,275000.0,110.0,1,Hispanic or Latino,Male,55-64,95.0,Loan originated
1,585000.0,48,685000.0,221.0,1,Asian,Male,25-34,85.384,Loan originated
1,355000.0,>60%,535000.0,60.0,1,White,Joint,35-44,65.88,Application denied
1,555000.0,49,585000.0,148.0,1,Hispanic or Latino,Joint,25-34,95.0,Loan originated
1,295000.0,48,415000.0,72.0,1,Hispanic or Latino,Male,25-34,97.0,Loan originated
1,305000.0,49,325000.0,78.0,1,Hispanic or Latino,Female,45-54,95.0,Loan originated
1,1055000.0,<20%,1315000.0,498.0,1,White,Joint,35-44,80.0,Application denied
1,525000.0,47,745000.0,186.0,1,Asian,Joint,65-74,70.0,Loan originated
1,905000.0,47,1065000.0,179.0,1,Asian,Female,25-34,85.0,Loan originated
1,1145000.0,46,1475000.0,325.0,1,Asian,Male,45-54,78.0,Loan originated
1,635000.0,43,855000.0,390.0,1,Asian,Joint,45-54,75.0,Loan originated
1,1005000.0,>60%,2205000.0,142.0,1,White,Joint,65-74,45.455,Loan originated
1,715000.0,30%-<36%,805000.0,214.0,1,White,Joint,25-34,89.99,Loan originated
1,765000.0,20%-<30%,1125000.0,438.0,1,White,Joint,55-64,68.089,Loan originated
1,445000.0,49,495000.0,90.0,1,White,Female,35-44,90.0,Loan originated
1,375000.0,46,395000.0,108.0,1,Hispanic or Latino,Male,35-44,95.0,Loan originated
1,865000.0,49,935000.0,193.0,1,Hispanic or Latino,Joint,35-44,93.0,Loan originated
1,885000.0,20%-<30%,985000.0,319.0,1,Asian,Joint,25-34,90.0,Loan originated
1,455000.0,37,575000.0,379.0,1,White,Joint,<25,80.0,Loan originated
1,475000.0,30%-<36%,815000.0,236.0,1,White,Joint,35-44,58.1,Loan originated
1,245000.0,38,345000.0,65.0,1,White,Female,55-64,73.0,Loan originated
1,1005000.0,40,1255000.0,343.0,1,Asian,Joint,45-54,80.0,Loan originated
1,995000.0,48,1055000.0,226.0,1,White,Male,<25,95.0,Loan originated
1,1095000.0,40,1785000.0,370.0,1,White,Joint,35-44,61.52,Loan originated
1,605000.0,20%-<30%,755000.0,539.0,1,White,Male,25-34,80.0,Loan originated
1,505000.0,42,635000.0,155.0,1,White,Female,45-54,80.0,Application denied
1,435000.0,20%-<30%,1035000.0,280.0,1,White,Joint,55-64,42.0,Loan originated
1,615000.0,36,765000.0,341.0,1,Hispanic or Latino,Joint,35-44,80.0,Loan originated
1,295000.0,49,575000.0,131.0,1,White,Male,55-64,51.78,Loan originated
1,1105000.0,30%-<36%,1375000.0,396.0,1,White,Male,35-44,80.0,Loan originated
1,515000.0,30%-<36%,2305000.0,276.0,1,White,Joint,65-74,22.22,Loan originated
1,625000.0,41,955000.0,244.0,1,Asian,Joint,45-54,65.55,Loan originated
1,305000.0,43,345000.0,87.0,1,White,Male,25-34,88.24,Application denied
1,635000.0,49,655000.0,161.0,1,Hispanic or Latino,Joint,35-44,96.947,Loan originated
1,1125000.0,37,1505000.0,348.0,1,White,Male,55-64,75.0,Loan originated
1,635000.0,49,685000.0,202.0,1,Black or African American,Joint,55-64,93.6,Loan originated
1,715000.0,45,745000.0,151.0,1,Asian,Male,35-44,95.0,Loan originated
1,615000.0,49,655000.0,170.0,1,Asian,Female,35-44,95.0,Loan originated
1,425000.0,30%-<36%,605000.0,250.0,1,Asian,Joint,35-44,70.0,Loan originated
1,435000.0,47,465000.0,132.0,1,Hispanic or Latino,Female,45-54,95.0,Loan originated
1,695000.0,>60%,725000.0,137.0,1,Asian,Female,25-34,97.0,Application denied
1,605000.0,45,755000.0,127.0,1,Asian,Male,25-34,80.0,Loan originated
1,905000.0,42,955000.0,243.0,1,White,Joint,25-34,95.0,Loan originated
1,675000.0,47,715000.0,200.0,1,Asian,Joint,35-44,95.0,Loan originated
1,495000.0,42,575000.0,121.0,1,Asian,Joint,25-34,85.0,Loan originated
1,1005000.0,48,1405000.0,228.0,1,Asian,Male,25-34,71.42,Loan originated
1,365000.0,36,405000.0,100.0,1,White,Female,35-44,90.0,Loan originated
1,825000.0,49,1175000.0,167.0,1,Asian,Joint,25-34,71.0,Loan originated
1,585000.0,46,735000.0,121.0,1,White,Female,25-34,80.0,Loan originated
1,15000.0,46,395000.0,126.0,1,Hispanic or Latino,Joint,25-34,100.0,Loan originated
1,635000.0,30%-<36%,845000.0,266.0,1,Hispanic or Latino,Joint,<25,75.0,Loan originated
1,635000.0,48,855000.0,129.0,1,White,Joint,55-64,75.0,Loan originated
1,935000.0,42,1175000.0,222.0,1,Asian,Joint,35-44,80.0,Loan originated
1,565000.0,20%-<30%,695000.0,284.0,1,Asian,Joint,25-34,80.0,Loan originated
1,585000.0,41,785000.0,156.0,1,Hispanic or Latino,Joint,45-54,74.651,Loan originated
1,385000.0,20%-<30%,485000.0,164.0,1,Hispanic or Latino,Joint,25-34,80.0,Loan originated
1,725000.0,42,905000.0,207.0,1,Asian,Female,35-44,80.0,Application denied
1,845000.0,44,1055000.0,196.0,1,Asian,Male,35-44,80.0,Loan originated
1,795000.0,43,845000.0,194.0,1,White,Joint,25-34,95.0,Loan originated
1,255000.0,49,265000.0,75.0,1,Hispanic or Latino,Joint,35-44,97.0,Loan originated
1,575000.0,40,845000.0,143.0,1,Asian,Male,25-34,68.45,Loan originated
1,1055000.0,42,1415000.0,245.0,1,Asian,Joint,35-44,75.0,Loan originated
1,745000.0,49,805000.0,167.0,1,White,Male,35-44,92.813,Loan originated
1,975000.0,30%-<36%,1355000.0,300.0,1,White,Male,35-44,72.22,Loan originated
1,735000.0,45,755000.0,206.0,1,Hispanic or Latino,Female,35-44,97.0,Loan originated
1,615000.0,41,725000.0,254.0,1,White,Female,45-54,85.0,Loan originated
1,95000.0,20%-<30%,95000.0,147.0,1,Hispanic or Latino,Male,65-74,95.0,Loan originated
1,395000.0,36,415000.0,126.0,1,White,Joint,25-34,97.0,Loan originated
1,1145000.0,49,1465000.0,317.0,1,White,Male,45-54,69.5,Application denied
1,605000.0,48,855000.0,186.0,1,White,Male,35-44,70.58,Loan originated
1,785000.0,48,1045000.0,279.0,1,White,Joint,35-44,75.0,Loan originated
1,235000.0,20%-<30%,385000.0,153.0,1,Hispanic or Latino,Female,35-44,61.347,Loan originated
1,5000.0,45,285000.0,63.0,1,White,Male,35-44,100.0,Loan originated
1,405000.0,20%-<30%,805000.0,202.0,1,Asian,Joint,35-44,49.566,Loan originated
1,765000.0,43,845000.0,165.0,1,Asian,Male,25-34,90.0,Loan originated
1,1065000.0,30%-<36%,1255000.0,320.0,1,Asian,Joint,25-34,85.0,Loan originated
1,405000.0,30%-<36%,445000.0,99.0,1,Hispanic or Latino,Male,25-34,90.0,Loan originated
1,595000.0,50%-60%,605000.0,138.0,1,Hispanic or Latino,Male,25-34,95.0,Application denied
1,485000.0,37,785000.0,124.0,1,Asian,Female,45-54,61.538,Loan originated
1,435000.0,40,545000.0,126.0,1,White,Male,25-34,80.0,Loan originated
1,515000.0,38,545000.0,138.0,1,Hispanic or Latino,Joint,35-44,95.0,Loan originated
1,605000.0,36,765000.0,181.0,1,Asian,Male,35-44,80.0,Loan originated
1,655000.0,50%-60%,685000.0,128.0,1,Hispanic or Latino,Male,55-64,98.325,Application denied
1,1145000.0,44,1785000.0,270.0,1,White,Joint,45-54,64.412,Loan originated
1,185000.0,44,435000.0,46.0,1,Asian,Male,45-54,43.154,Loan originated
1,955000.0,30%-<36%,1755000.0,310.0,1,White,Female,25-34,54.29,Loan originated
1,505000.0,30%-<36%,515000.0,137.0,1,White,Female,25-34,97.0,Loan originated
1,225000.0,49,235000.0,50.0,1,Hispanic or Latino,Male,35-44,95.0,Loan originated
1,385000.0,30%-<36%,405000.0,123.0,1,Hispanic or Latino,Male,35-44,95.0,Loan originated
1,565000.0,49,705000.0,114.0,1,Hispanic or Latino,Male,25-34,96.5,Loan originated
1,325000.0,47,465000.0,83.0,1,Asian,Female,45-54,70.0,Loan originated
1,605000.0,30%-<36%,805000.0,192.0,1,White,Joint,35-44,75.0,Loan originated
1,975000.0,48,1505000.0,200.0,1,Asian,Male,25-34,65.0,Loan originated
1,355000.0,48,445000.0,70.0,1,Asian,Female,45-54,80.0,Loan originated
1,715000.0,41,905000.0,212.0,1,White,Joint,45-54,80.0,Loan originated
1,465000.0,42,515000.0,139.0,1,White,Female,45-54,90.0,Loan originated
1,565000.0,45,805000.0,234.0,1,White,Joint,55-64,70.0,Loan originated
1,705000.0,46,1105000.0,181.0,1,Asian,Male,25-34,63.801,Loan originated
1,775000.0,30%-<36%,915000.0,235.0,1,White,Male,35-44,85.0,Loan originated
1,615000.0,49,655000.0,145.0,1,Asian,Male,25-34,94.0,Loan originated
1,275000.0,46,375000.0,139.0,1,Hispanic or Latino,Male,<25,73.333,Loan originated
1,805000.0,47,1005000.0,176.0,1,Hispanic or Latino,Male,45-54,80.0,Loan originated
1,405000.0,37,505000.0,150.0,1,White,Joint,25-34,80.0,Loan originated
1,425000.0,49,455000.0,94.0,1,Hispanic or Latino,Female,25-34,95.0,Loan originated
1,745000.0,43,935000.0,338.0,1,White,Joint,35-44,80.0,Loan originated
1,675000.0,48,755000.0,164.0,1,White,Joint,45-54,89.8,Loan originated
1,745000.0,39,935000.0,188.0,1,Asian,Male,45-54,80.0,Loan originated
1,185000.0,20%-<30%,205000.0,146.0,1,White,Male,55-64,90.0,Application denied
1,335000.0,44,645000.0,117.0,1,Hispanic or Latino,Male,55-64,51.875,Loan originated
1,555000.0,44,625000.0,145.0,1,White,Female,35-44,90.0,Loan originated
1,275000.0,47,365000.0,80.0,1,Hispanic or Latino,Female,45-54,75.0,Loan originated
1,355000.0,49,395000.0,108.0,1,White,Male,25-34,90.0,Loan originated
1,725000.0,48,995000.0,138.0,1,Asian,Joint,35-44,74.0,Loan originated
1,655000.0,44,685000.0,222.0,1,White,Joint,25-34,95.0,Loan originated
1,405000.0,<20%,1505000.0,349.0,1,White,Joint,35-44,26.667,Loan originated
1,485000.0,40,605000.0,490.0,1,White,Joint,55-64,80.0,Loan originated
1,455000.0,>60%,505000.0,75.0,1,Hispanic or Latino,Male,35-44,90.0,Application denied
1,685000.0,45,855000.0,165.0,1,White,Female,45-54,80.0,Loan originated
1,725000.0,49,935000.0,132.0,1,White,Female,45-54,77.005,Loan originated
1,195000.0,30%-<36%,205000.0,127.0,1,Asian,Male,35-44,97.0,Loan originated
1,605000.0,41,765000.0,306.0,1,Asian,Male,65-74,80.0,Loan originated
1,975000.0,20%-<30%,1085000.0,455.0,1,White,Female,45-54,90.0,Loan originated
1,355000.0,20%-<30%,705000.0,150.0,1,White,Male,35-44,50.0,Loan originated
1,325000.0,41,385000.0,102.0,1,Hispanic or Latino,Male,35-44,84.211,Loan originated
1,805000.0,45,1005000.0,218.0,1,Asian,Joint,25-34,80.0,Loan originated
1,85000.0,50%-60%,95000.0,67.0,1,Black or African American,Female,35-44,95.0,Application denied
1,385000.0,30%-<36%,535000.0,121.0,1,White,Joint,25-34,71.028,Loan originated
1,595000.0,48,845000.0,211.0,1,Asian,Male,45-54,70.0,Loan originated
1,855000.0,41,1305000.0,342.0,1,Hispanic or Latino,Male,45-54,65.385,Loan originated
1,255000.0,30%-<36%,265000.0,79.0,1,Hispanic or Latino,Male,45-54,95.0,Loan originated
1,405000.0,37,585000.0,148.0,1,Asian,Male,65-74,70.0,Loan originated
1,1145000.0,41,1425000.0,254.0,1,Asian,Joint,25-34,80.0,Loan originated
1,345000.0,20%-<30%,915000.0,161.0,1,White,Female,35-44,38.04,Loan originated
1,485000.0,47,505000.0,130.0,1,Hispanic or Latino,Male,45-54,100.0,Loan originated
1,165000.0,41,165000.0,61.0,1,Hispanic or Latino,Male,45-54,485.011,Loan originated
1,585000.0,30%-<36%,1805000.0,218.0,1,White,Male,35-44,32.133,Loan originated
1,355000.0,30%-<36%,1455000.0,200.0,1,White,Female,45-54,24.138,Loan originated
1,725000.0,30%-<36%,855000.0,297.0,1,White,Joint,45-54,84.795,Loan originated
1,585000.0,41,655000.0,162.0,1,Asian,Joint,25-34,90.0,Loan originated
1,125000.0,<20%,675000.0,169.0,1,White,Joint,65-74,18.657,Loan originated
1,135000.0,<20%,595000.0,127.0,1,White,Joint,>74,22.689,Loan originated
1,685000.0,<20%,855000.0,497.0,1,Asian,Male,35-44,80.0,Loan originated
1,335000.0,45,455000.0,261.0,1,White,Male,35-44,75.0,Loan originated
1,445000.0,39,465000.0,96.0,1,Hispanic or Latino,Male,25-34,97.0,Loan originated
1,705000.0,20%-<30%,1505000.0,342.0,1,White,Joint,35-44,46.84,Loan originated
1,345000.0,>60%,705000.0,73.0,1,Asian,Female,>74,48.241,Application denied
1,415000.0,20%-<30%,515000.0,137.0,1,Hispanic or Latino,Joint,25-34,80.0,Loan originated
1,355000.0,42,965000.0,336.0,1,Asian,Joint,55-64,40.0,Application denied
1,195000.0,41,245000.0,107.0,1,Hispanic or Latino,Joint,35-44,80.0,Loan originated
1,735000.0,49,775000.0,167.0,1,Hispanic or Latino,Male,25-34,95.0,Loan originated
1,305000.0,20%-<30%,475000.0,300.0,1,White,Joint,55-64,64.0,Loan originated
1,525000.0,30%-<36%,555000.0,170.0,1,White,Joint,45-54,95.0,Application denied
1,1055000.0,20%-<30%,1315000.0,433.0,1,White,Joint,25-34,80.0,Loan originated
1,665000.0,>60%,825000.0,94.0,1,Hispanic or Latino,Male,45-54,80.0,Application denied
1,475000.0,38,495000.0,124.0,1,Hispanic or Latino,Joint,25-34,96.545,Loan originated
1,355000.0,48,395000.0,69.0,1,Asian,Joint,>74,89.99,Loan originated
1,745000.0,49,925000.0,146.0,1,Asian,Female,35-44,80.0,Loan originated
1,905000.0,41,1215000.0,200.0,1,Asian,Male,35-44,75.0,Loan originated
1,635000.0,30%-<36%,745000.0,240.0,1,White,Joint,35-44,85.135,Loan originated
1,575000.0,48,955000.0,119.0,1,White,Female,45-54,60.0,Loan originated
1,675000.0,20%-<30%,1435000.0,377.0,1,Asian,Female,45-54,46.85,Loan originated
1,975000.0,46,1335000.0,330.0,1,Asian,Male,35-44,72.64,Loan originated
1,1005000.0,44,1435000.0,318.0,1,White,Male,65-74,69.69,Loan originated
1,425000.0,40,445000.0,107.0,1,Hispanic or Latino,Male,25-34,95.0,Loan originated
1,615000.0,49,635000.0,151.0,1,White,Male,25-34,97.0,Loan originated
1,905000.0,47,1405000.0,246.0,1,White,Joint,25-34,64.286,Loan originated
1,865000.0,42,1155000.0,315.0,1,Asian,Male,35-44,75.0,Loan originated
1,815000.0,43,905000.0,261.0,1,Asian,Male,35-44,90.0,Loan originated
1,645000.0,46,715000.0,148.0,1,Hispanic or Latino,Joint,25-34,90.0,Loan originated
1,515000.0,46,535000.0,109.0,1,White,Joint,35-44,95.0,Loan originated
1,545000.0,<20%,675000.0,619.0,1,Hispanic or Latino,Male,55-64,80.0,Loan originated
1,555000.0,20%-<30%,575000.0,320.0,1,White,Joint,35-44,97.0,Loan originated
1,455000.0,45,495000.0,112.0,1,White,Male,25-34,92.83,Loan originated
1,405000.0,20%-<30%,655000.0,185.0,1,White,Joint,35-44,62.02,Loan originated
1,415000.0,49,525000.0,98.0,1,Hispanic or Latino,Male,35-44,80.0,Loan originated
1,705000.0,30%-<36%,855000.0,224.0,1,Asian,Joint,25-34,83.0,Loan originated
1,725000.0,20%-<30%,915000.0,258.0,1,White,Male,35-44,80.0,Loan originated
1,325000.0,37,335000.0,100.0,1,Hispanic or Latino,Male,25-34,97.0,Loan originated
1,345000.0,46,365000.0,146.0,1,Asian,Male,<25,94.868,Loan originated
1,465000.0,30%-<36%,555000.0,144.0,1,White,Female,35-44,85.0,Loan originated
1,595000.0,46,745000.0,126.0,1,Asian,Female,25-34,80.0,Loan originated
1,495000.0,37,585000.0,230.0,1,White,Joint,55-64,85.0,Application denied
1,475000.0,41,525000.0,148.0,1,Asian,Female,25-34,90.0,Loan originated
1,545000.0,37,765000.0,183.0,1,Hispanic or Latino,Male,35-44,71.457,Loan originated
1,525000.0,48,815000.0,102.0,1,White,Joint,25-34,64.34,Loan originated
1,685000.0,44,765000.0,169.0,1,Black or African American,Joint,35-44,90.0,Loan originated
1,815000.0,30%-<36%,1025000.0,327.0,1,Hispanic or Latino,Joint,<25,80.0,Loan originated
1,575000.0,49,1455000.0,120.0,1,Other,Male,65-74,39.414,Loan originated
1,505000.0,20%-<30%,715000.0,177.0,1,Asian,Female,25-34,70.0,Loan originated
1,485000.0,45,735000.0,305.0,1,Asian,Male,>74,66.0,Loan originated
1,705000.0,49,745000.0,195.0,1,Asian,Joint,45-54,95.0,Loan originated
1,255000.0,>60%,475000.0,56.0,1,Hispanic or Latino,Joint,45-54,53.19,Application denied
1,505000.0,49,1705000.0,170.0,1,Asian,Joint,55-64,29.412,Loan originated
1,865000.0,20%-<30%,1075000.0,317.0,1,White,Joint,35-44,80.0,Loan originated
1,255000.0,20%-<30%,615000.0,145.0,1,White,Male,55-64,40.984,Loan originated
1,625000.0,49,725000.0,172.0,1,White,Male,35-44,85.517,Loan originated
1,905000.0,20%-<30%,1655000.0,416.0,1,White,Female,65-74,54.55,Loan originated
1,785000.0,39,1055000.0,250.0,1,Asian,Female,45-54,75.0,Loan originated
1,455000.0,39,535000.0,124.0,1,White,Female,55-64,85.0,Loan originated
1,495000.0,47,725000.0,103.0,1,White,Male,<25,68.056,Loan originated
1,705000.0,42,1305000.0,449.0,1,White,Female,35-44,53.85,Loan originated
1,485000.0,41,515000.0,152.0,1,Hispanic or Latino,Male,25-34,95.0,Loan originated
1,645000.0,42,805000.0,148.0,1,Asian,Male,25-34,79.99,Loan originated
1,745000.0,42,785000.0,181.0,1,Black or African American,Joint,35-44,94.99,Application denied
1,645000.0,20%-<30%,805000.0,196.0,1,Hispanic or Latino,Male,35-44,80.0,Loan originated
1,545000.0,48,685000.0,140.0,1,Hispanic or Latino,Female,25-34,80.0,Loan originated
1,105000.0,37,475000.0,77.0,1,White,Joint,45-54,23.0,Loan originated
1,1055000.0,38,1325000.0,327.0,1,White,Joint,25-34,80.0,Loan originated
1,955000.0,44,1985000.0,217.0,1,White,Male,45-54,47.98,Loan originated
1,545000.0,44,685000.0,123.0,1,Hispanic or Latino,Female,25-34,100.0,Loan originated
1,825000.0,46,875000.0,277.0,1,White,Female,25-34,95.0,Loan originated
1,825000.0,30%-<36%,965000.0,275.0,1,Asian,Joint,25-34,84.974,Loan originated
1,505000.0,48,595000.0,245.0,1,Asian,Joint,35-44,85.0,Loan originated
1,985000.0,43,1235000.0,356.0,1,Asian,Male,35-44,80.0,Loan originated
1,585000.0,46,775000.0,174.0,1,White,Joint,35-44,75.0,Loan originated
1,755000.0,46,795000.0,192.0,1,Hispanic or Latino,Joint,25-34,95.0,Loan originated
1,485000.0,41,615000.0,172.0,1,White,Joint,25-34,80.0,Loan originated
1,115000.0,41,125000.0,59.0,1,White,Male,>74,95.0,Loan originated
1,645000.0,41,685000.0,145.0,1,Hispanic or Latino,Joint,35-44,95.0,Loan originated
1,655000.0,30%-<36%,1305000.0,260.0,1,White,Male,35-44,50.0,Loan originated
1,505000.0,49,625000.0,111.0,1,Asian,Male,45-54,80.0,Loan originated
1,405000.0,39,705000.0,114.0,1,Asian,Female,25-34,57.652,Loan originated
1,785000.0,42,985000.0,209.0,1,White,Joint,25-34,80.0,Loan originated
1,385000.0,37,525000.0,205.0,1,Asian,Female,35-44,74.967,Loan originated
1,135000.0,42,135000.0,196.0,1,White,Male,55-64,95.0,Application denied
1,765000.0,44,805000.0,169.0,1,Hispanic or Latino,Joint,25-34,95.0,Loan originated
1,555000.0,44,585000.0,254.0,1,Hispanic or Latino,Joint,35-44,95.0,Loan originated
1,975000.0,50%-60%,1215000.0,410.0,1,Other,Male,45-54,80.0,Loan originated
1,655000.0,38,775000.0,208.0,1,Hispanic or Latino,Joint,45-54,85.0,Loan originated
1,755000.0,49,835000.0,183.0,1,White,Male,55-64,94.5,Loan originated
1,425000.0,48,605000.0,84.0,1,White,Male,25-34,70.0,Loan originated
1,405000.0,38,445000.0,126.0,1,White,Female,25-34,90.0,Loan originated
1,975000.0,47,1305000.0,308.0,1,Asian,Joint,25-34,75.0,Loan originated
1,565000.0,38,705000.0,151.0,1,White,Female,25-34,80.0,Loan originated
1,635000.0,48,795000.0,157.0,1,White,Joint,25-34,80.0,Loan originated
1,115000.0,49,625000.0,52.0,1,Asian,Joint,65-74,19.288,Loan originated
1,995000.0,48,1175000.0,240.0,1,Other,Female,45-54,85.0,Loan originated
1,335000.0,44,455000.0,133.0,1,Hispanic or Latino,Joint,55-64,75.0,Loan originated
1,965000.0,20%-<30%,1375000.0,945.0,1,Asian,Male,25-34,69.99,Loan originated
1,575000.0,44,725000.0,113.0,1,White,Joint,35-44,80.0,Loan originated
1,305000.0,41,375000.0,71.0,1,White,Male,25-34,80.0,Loan originated
1,155000.0,30%-<36%,825000.0,62.0,1,White,Female,65-74,18.182,Application denied
1,885000.0,39,1115000.0,232.0,1,Asian,Male,35-44,80.0,Loan originated
1,1085000.0,44,1595000.0,268.0,1,Asian,Male,35-44,68.03,Loan originated
1,485000.0,36,605000.0,159.0,1,White,Joint,35-44,80.0,Loan originated
1,1135000.0,49,1765000.0,269.0,1,Asian,Joint,35-44,65.0,Loan originated
1,665000.0,30%-<36%,735000.0,201.0,1,Hispanic or Latino,Joint,25-34,89.9,Loan originated
1,1005000.0,>60%,3005000.0,181.0,1,Asian,Male,>74,33.333,Application denied
1,465000.0,30%-<36%,585000.0,169.0,1,White,Male,35-44,80.0,Loan originated
1,485000.0,47,605000.0,103.0,1,Hispanic or Latino,Male,25-34,80.0,Loan originated
1,205000.0,44,345000.0,47.0,1,White,Female,65-74,59.42,Loan originated
1,685000.0,43,765000.0,154.0,1,Hispanic or Latino,Male,25-34,90.0,Loan originated
1,445000.0,36,465000.0,167.0,1,Asian,Joint,25-34,97.0,Loan originated
1,475000.0,38,1345000.0,180.0,1,White,Male,25-34,35.137,Loan originated
1,535000.0,30%-<36%,775000.0,254.0,1,White,Joint,35-44,70.0,Loan originated
1,705000.0,49,885000.0,202.0,1,Asian,Male,35-44,80.0,Loan originated
1,465000.0,49,485000.0,120.0,1,White,Joint,45-54,95.0,Loan originated
1,1055000.0,36,2385000.0,485.0,1,Asian,Male,55-64,43.94,Loan originated
1,515000.0,48,615000.0,157.0,1,White,Joint,25-34,85.833,Loan originated
1,815000.0,38,855000.0,218.0,1,White,Male,35-44,95.0,Loan originated
1,1095000.0,42,1155000.0,604.0,1,White,Male,25-34,95.0,Loan originated
1,455000.0,40,515000.0,129.0,1,Hispanic or Latino,Joint,25-34,90.0,Loan originated
1,285000.0,49,665000.0,69.0,1,Asian,Female,35-44,42.424,Loan originated
1,725000.0,40,765000.0,194.0,1,Hispanic or Latino,Male,25-34,95.0,Loan originated
1,405000.0,48,425000.0,177.0,1,Hispanic or Latino,Female,45-54,95.0,Loan originated
1,935000.0,38,1165000.0,279.0,1,White,Joint,35-44,79.94,Loan originated
1,495000.0,30%-<36%,625000.0,172.0,1,Hispanic or Latino,Male,25-34,80.0,Loan originated
1,515000.0,<20%,565000.0,270.0,1,White,Male,35-44,90.0,Loan originated
1,515000.0,43,545000.0,121.0,1,Hispanic or Latino,Joint,45-54,95.0,Loan originated
1,755000.0,44,795000.0,166.0,1,Asian,Male,35-44,95.0,Loan originated
1,365000.0,49,835000.0,91.0,1,White,Male,35-44,43.114,Loan originated
1,735000.0,44,815000.0,200.0,1,Asian,Male,35-44,89.98,Loan originated
1,345000.0,47,355000.0,62.0,1,Hispanic or Latino,Female,25-34,95.0,Loan originated
1,755000.0,<20%,1285000.0,452.0,1,Asian,Joint,35-44,59.0,Loan originated
1,415000.0,39,635000.0,109.0,1,White,Joint,65-74,66.03,Loan originated
1,325000.0,30%-<36%,625000.0,191.0,1,Hispanic or Latino,Joint,25-34,51.885,Loan originated
1,765000.0,30%-<36%,905000.0,237.0,1,White,Joint,25-34,85.0,Loan originated
1,275000.0,49,285000.0,71.0,1,Hispanic or Latino,Male,<25,97.0,Loan originated
1,545000.0,49,675000.0,207.0,1,Hispanic or Latino,Male,45-54,80.0,Loan originated
1,225000.0,<20%,455000.0,1522.0,1,Asian,Female,45-54,49.451,Loan originated
1,545000.0,30%-<36%,675000.0,191.0,1,White,Female,25-34,80.0,Loan originated
1,455000.0,43,845000.0,151.0,1,Asian,Male,35-44,53.35,Loan originated
1,485000.0,30%-<36%,515000.0,231.0,1,Hispanic or Latino,Male,25-34,95.0,Loan originated
1,285000.0,49,355000.0,64.0,1,White,Female,55-64,80.0,Loan originated
1,455000.0,30%-<36%,565000.0,128.0,1,Hispanic or Latino,Male,25-34,80.0,Loan originated
1,705000.0,40,1205000.0,379.0,1,White,Male,55-64,59.0,Loan originated
1,355000.0,<20%,655000.0,234.0,1,White,Male,35-44,54.615,Loan originated
1,285000.0,43,585000.0,136.0,1,Asian,Male,45-54,48.46,Loan originated
1,1075000.0,40,1345000.0,327.0,1,Asian,Joint,35-44,80.0,Loan originated
1,555000.0,38,615000.0,194.0,1,White,Female,55-64,90.0,Loan originated
1,605000.0,20%-<30%,755000.0,298.0,1,Asian,Male,35-44,80.0,Loan originated
1,745000.0,46,935000.0,308.0,1,Asian,Male,45-54,80.0,Loan originated
1,175000.0,20%-<30%,675000.0,208.0,1,Asian,Joint,55-64,25.93,Loan originated
1,405000.0,49,615000.0,81.0,1,Asian,Joint,35-44,64.519,Loan originated
1,875000.0,30%-<36%,1025000.0,275.0,1,Asian,Joint,25-34,85.0,Loan originated
1,765000.0,30%-<36%,805000.0,254.0,1,Asian,Joint,25-34,95.0,Loan originated
1,465000.0,30%-<36%,815000.0,144.0,1,White,Joint,55-64,57.0,Loan originated
1,765000.0,38,905000.0,204.0,1,Hispanic or Latino,Male,35-44,85.0,Loan originated
1,565000.0,39,705000.0,154.0,1,Hispanic or Latino,Joint,25-34,80.0,Loan originated
1,415000.0,20%-<30%,865000.0,248.0,1,White,Male,35-44,48.157,Loan originated
1,505000.0,>60%,635000.0,76.0,1,Hispanic or Latino,Male,<25,80.0,Application denied
1,745000.0,42,795000.0,188.0,1,Black or African American,Male,45-54,94.13,Loan originated
1,605000.0,43,755000.0,147.0,1,Asian,Joint,45-54,80.0,Loan originated
1,895000.0,45,1055000.0,210.0,1,White,Joint,25-34,85.0,Loan originated
1,465000.0,49,585000.0,110.0,1,Hispanic or Latino,Joint,65-74,79.4,Loan originated
1,525000.0,49,555000.0,104.0,1,Hispanic or Latino,Male,35-44,95.0,Loan originated
1,635000.0,30%-<36%,705000.0,238.0,1,Asian,Joint,25-34,90.0,Loan originated
1,495000.0,50%-60%,525000.0,269.0,1,Hispanic or Latino,Joint,45-54,95.0,Application denied
1,485000.0,41,755000.0,143.0,1,Asian,Joint,25-34,63.68,Loan originated
1,65000.0,39,85000.0,70.0,1,White,Female,65-74,81.83,Application denied
1,305000.0,43,755000.0,150.0,1,Asian,Female,35-44,40.0,Loan originated
1,765000.0,37,1525000.0,244.0,1,White,Joint,65-74,50.0,Loan originated
1,695000.0,20%-<30%,925000.0,248.0,1,Asian,Male,35-44,75.0,Loan originated
1,285000.0,49,355000.0,98.0,1,White,Joint,25-34,80.0,Loan originated
1,465000.0,44,495000.0,120.0,1,Asian,Male,35-44,95.0,Application denied
1,555000.0,48,1355000.0,175.0,1,Other,Female,>74,40.845,Loan originated
1,1145000.0,49,1205000.0,348.0,1,White,Female,35-44,95.0,Loan originated
1,955000.0,36,1005000.0,349.0,1,White,Joint,35-44,94.999,Loan originated
1,375000.0,50%-60%,645000.0,125.0,1,White,Male,65-74,57.364,Loan originated
1,305000.0,39,405000.0,103.0,1,White,Female,35-44,75.309,Loan originated
1,225000.0,43,425000.0,85.0,1,White,Female,35-44,52.381,Loan originated
1,765000.0,43,955000.0,406.0,1,Hispanic or Latino,Joint,45-54,80.0,Loan originated
1,605000.0,46,635000.0,237.0,1,White,Male,35-44,95.0,Loan originated
1,305000.0,44,445000.0,106.0,1,White,Male,55-64,68.0,Loan originated
1,515000.0,49,545000.0,130.0,1,Hispanic or Latino,Female,45-54,93.578,Loan originated
1,435000.0,30%-<36%,935000.0,137.0,1,Asian,Male,55-64,46.524,Loan originated
1,355000.0,49,485000.0,71.0,1,Hispanic or Latino,Male,25-34,72.92,Loan originated
1,375000.0,30%-<36%,465000.0,281.0,1,Asian,Female,25-34,80.0,Loan originated
1,645000.0,38,675000.0,199.0,1,White,Joint,25-34,96.0,Loan originated
1,255000.0,30%-<36%,275000.0,102.0,1,White,Male,25-34,95.0,Loan originated
1,705000.0,20%-<30%,955000.0,250.0,1,White,Joint,25-34,74.0,Application denied
1,85000.0,50%-60%,125000.0,60.0,1,Hispanic or Latino,Male,35-44,63.12,Application denied
1,155000.0,20%-<30%,515000.0,105.0,1,White,Joint,55-64,29.412,Loan originated
1,665000.0,41,1025000.0,264.0,1,White,Joint,35-44,65.0,Loan originated
1,585000.0,44,735000.0,164.0,1,Asian,Male,35-44,79.99995,Loan originated
1,365000.0,49,455000.0,80.0,1,White,Female,35-44,80.0,Loan originated
1,285000.0,<20%,425000.0,157.0,1,White,Joint,25-34,67.441,Loan originated
1,745000.0,30%-<36%,825000.0,333.0,1,White,Male,35-44,90.0,Loan originated
1,635000.0,48,795000.0,247.0,1,White,Joint,35-44,80.0,Loan originated
1,225000.0,39,285000.0,98.0,1,Hispanic or Latino,Joint,45-54,80.0,Loan originated
1,905000.0,30%-<36%,1565000.0,389.0,1,Asian,Joint,35-44,57.51,Loan originated
1,655000.0,41,765000.0,212.0,1,White,Male,55-64,85.0,Loan originated
1,535000.0,36,705000.0,283.0,1,White,Joint,35-44,75.0,Loan originated
1,905000.0,20%-<30%,3385000.0,415.0,1,White,Joint,25-34,26.564,Loan originated
1,405000.0,20%-<30%,535000.0,146.0,1,Asian,Male,25-34,75.0,Loan originated
1,235000.0,30%-<36%,315000.0,135.0,1,Hispanic or Latino,Joint,35-44,95.0,Loan originated
1,625000.0,<20%,785000.0,469.0,1,Asian,Joint,55-64,80.0,Application denied
1,245000.0,49,495000.0,59.0,1,Hispanic or Latino,Joint,65-74,49.999,Loan originated
1,1025000.0,48,1285000.0,213.0,1,White,Male,35-44,80.0,Loan originated
1,755000.0,36,825000.0,252.0,1,Other,Joint,25-34,91.54,Loan originated
1,505000.0,42,565000.0,169.0,1,White,Male,55-64,93.0,Loan originated
1,695000.0,42,895000.0,218.0,1,Asian,Joint,45-54,77.78,Loan originated
1,445000.0,44,595000.0,98.0,1,Hispanic or Latino,Male,35-44,74.79,Loan originated
1,625000.0,45,1525000.0,177.0,1,White,Joint,25-34,40.984,Loan originated
1,465000.0,39,675000.0,155.0,1,Hispanic or Latino,Female,45-54,68.84,Loan originated
1,195000.0,40,855000.0,89.0,1,White,Joint,55-64,23.0,Loan originated
1,135000.0,44,705000.0,93.0,1,White,Joint,65-74,19.7,Loan originated
1,675000.0,45,845000.0,161.0,1,Asian,Female,45-54,80.0,Loan originated
1,385000.0,20%-<30%,685000.0,140.0,1,White,Joint,35-44,56.46,Loan originated
1,755000.0,20%-<30%,1555000.0,707.0,1,Asian,Male,45-54,48.387,Loan originated
1,415000.0,30%-<36%,525000.0,132.0,1,White,Male,35-44,80.0,Loan originated
1,1145000.0,30%-<36%,1815000.0,601.0,1,White,Joint,35-44,89.797,Loan originated
1,155000.0,41,305000.0,54.0,1,White,Female,25-34,50.0,Loan originated
1,525000.0,46,555000.0,74.0,1,Hispanic or Latino,Male,65-74,95.0,Loan originated
1,385000.0,44,475000.0,88.0,1,White,Female,55-64,80.0,Loan originated
1,515000.0,45,535000.0,139.0,1,Asian,Male,35-44,95.0,Loan originated
1,955000.0,30%-<36%,1005000.0,295.0,1,Hispanic or Latino,Joint,25-34,95.0,Loan originated
1,1005000.0,37,1995000.0,508.0,1,Asian,Joint,45-54,50.05,Loan originated
1,415000.0,41,525000.0,119.0,1,Asian,Male,25-34,79.874,Loan originated
1,935000.0,42,1245000.0,213.0,1,Asian,Male,25-34,75.0,Loan originated
1,805000.0,30%-<36%,1355000.0,382.0,1,Asian,Joint,25-34,59.259,Application denied
1,495000.0,20%-<30%,615000.0,217.0,1,Asian,Joint,25-34,80.0,Loan originated
1,555000.0,36,805000.0,18.0,1,Asian,Joint,25-34,68.75,Loan originated
1,35000.0,45,45000.0,39.0,1,Hispanic or Latino,Male,>74,75.0,Loan originated
1,465000.0,20%-<30%,675000.0,178.0,1,White,Male,45-54,68.37,Loan originated
1,505000.0,47,635000.0,115.0,1,Asian,Male,25-34,78.74,Loan originated
1,455000.0,20%-<30%,585000.0,422.0,1,White,Male,35-44,80.0,Loan originated
1,405000.0,42,685000.0,164.0,1,Asian,Female,25-34,58.824,Loan originated
1,1005000.0,46,1305000.0,206.0,1,White,Male,35-44,86.957,Loan originated
1,405000.0,44,455000.0,169.0,1,Hispanic or Latino,Female,25-34,88.889,Loan originated
1,545000.0,43,665000.0,246.0,1,White,Male,25-34,81.818,Loan originated
1,215000.0,40,285000.0,63.0,1,Hispanic or Latino,Female,<25,75.0,Loan originated
1,505000.0,49,775000.0,106.0,1,Asian,Joint,55-64,64.935,Application denied
1,535000.0,46,555000.0,173.0,1,Hispanic or Latino,Joint,45-54,99.0,Loan originated
1,305000.0,20%-<30%,375000.0,138.0,1,White,Female,35-44,80.0,Loan originated
1,175000.0,39,275000.0,64.0,1,Hispanic or Latino,Joint,>74,62.545,Loan originated
1,885000.0,42,975000.0,276.0,1,White,Joint,25-34,90.76,Loan originated
1,755000.0,47,845000.0,180.0,1,Hispanic or Latino,Female,35-44,89.9,Loan originated
1,825000.0,50%-60%,1715000.0,179.0,1,White,Male,35-44,48.246,Application denied
1,885000.0,46,1305000.0,255.0,1,White,Joint,35-44,69.0,Loan originated
1,985000.0,20%-<30%,1225000.0,354.0,1,Asian,Joint,25-34,80.0,Loan originated
1,655000.0,30%-<36%,825000.0,323.0,1,White,Joint,25-34,80.0,Loan originated
1,375000.0,42,1425000.0,114.0,1,Asian,Male,25-34,26.408,Loan originated
1,585000.0,20%-<30%,645000.0,258.0,1,White,Male,45-54,89.996,Loan originated
1,1095000.0,47,755000.0,307.0,1,Hispanic or Latino,Joint,25-34,146.0,Loan originated
1,555000.0,49,855000.0,115.0,1,White,Joint,55-64,65.0,Loan originated
1,525000.0,47,655000.0,115.0,1,Hispanic or Latino,Female,35-44,80.0,Loan originated
1,515000.0,20%-<30%,645000.0,177.0,1,White,Joint,55-64,80.0,Loan originated
1,505000.0,49,595000.0,99.0,1,Asian,Joint,25-34,84.034,Loan originated
1,765000.0,49,835000.0,158.0,1,Asian,Joint,25-34,92.0,Loan originated
1,875000.0,42,2305000.0,215.0,1,White,Female,35-44,37.826,Loan originated
1,1005000.0,42,1255000.0,216.0,1,Asian,Male,35-44,80.0,Loan originated
1,565000.0,<20%,805000.0,688.0,1,White,Male,55-64,70.0,Loan originated
1,745000.0,45,925000.0,213.0,1,Asian,Male,45-54,80.0,Loan originated
1,365000.0,42,725000.0,95.0,1,White,Male,25-34,49.98,Loan originated
1,595000.0,30%-<36%,745000.0,191.0,1,White,Joint,25-34,80.0,Loan originated
1,235000.0,38,475000.0,79.0,1,White,Joint,55-64,50.0,Loan originated
1,645000.0,42,665000.0,140.0,1,Hispanic or Latino,Joint,35-44,97.0,Loan originated
1,385000.0,48,395000.0,97.0,1,Hispanic or Latino,Male,45-54,97.0,Loan originated
1,315000.0,20%-<30%,395000.0,119.0,1,Asian,Male,35-44,80.0,Loan originated
1,785000.0,>60%,815000.0,192.0,1,Black or African American,Female,35-44,97.0,Application denied
1,545000.0,30%-<36%,865000.0,276.0,1,White,Male,35-44,62.601,Loan originated
1,475000.0,48,525000.0,94.0,1,Hispanic or Latino,Joint,25-34,89.99,Loan originated
1,575000.0,48,875000.0,119.0,1,Asian,Female,45-54,66.0,Loan originated
1,175000.0,30%-<36%,645000.0,94.0,1,White,Female,35-44,27.78,Loan originated
1,355000.0,49,365000.0,77.0,1,Hispanic or Latino,Male,35-44,97.0,Loan originated
1,35000.0,20%-<30%,35000.0,44.0,1,White,Male,25-34,95.0,Application denied
1,555000.0,47,585000.0,128.0,1,Other,Joint,25-34,95.0,Loan originated
1,595000.0,50%-60%,745000.0,131.0,1,Asian,Male,45-54,80.0,Application denied
1,725000.0,43,755000.0,236.0,1,Hispanic or Latino,Joint,35-44,97.0,Loan originated
1,275000.0,38,285000.0,72.0,1,White,Female,25-34,97.0,Loan originated
1,315000.0,37,865000.0,149.0,1,Hispanic or Latino,Female,55-64,36.46,Loan originated
1,595000.0,42,625000.0,130.0,1,Asian,Female,25-34,95.0,Loan originated
1,735000.0,30%-<36%,915000.0,207.0,1,Asian,Male,25-34,80.0,Application denied
1,285000.0,48,565000.0,61.0,1,Asian,Male,35-44,50.0,Loan originated
1,1125000.0,37,1625000.0,484.0,1,Asian,Joint,35-44,69.14,Loan originated
1,25000.0,42,595000.0,164.0,1,Hispanic or Latino,Male,45-54,100.0,Loan originated
1,395000.0,20%-<30%,465000.0,211.0,1,Hispanic or Latino,Joint,45-54,85.0,Loan originated
1,485000.0,47,505000.0,111.0,1,White,Joint,25-34,97.0,Loan originated
1,15000.0,20%-<30%,415000.0,177.0,1,Hispanic or Latino,Female,35-44,100.0,Loan originated
1,785000.0,45,1455000.0,214.0,1,White,Female,>74,54.455,Loan originated
1,285000.0,20%-<30%,355000.0,306.0,1,White,Joint,35-44,80.0,Loan originated
1,125000.0,36,195000.0,125.0,1,White,Male,25-34,65.0,Loan originated
