loan_purpose,loan_amount,debt_to_income_ratio,property_value,income,occupancy_type,derived_race,derived_sex,applicant_age,loan_to_value_ratio,action_taken
1,555000.0,48,655000.0,135.0,1,Asian,Male,25-34,85.0,Loan originated
1,305000.0,20%-<30%,315000.0,193.0,1,White,Joint,65-74,97.0,Loan originated
1,455000.0,48,515000.0,143.0,1,Hispanic or Latino,Female,35-44,90.0,Loan originated
1,225000.0,<20%,285000.0,213.0,1,White,Joint,25-34,80.0,Loan originated
1,485000.0,30%-<36%,515000.0,135.0,1,White,Joint,25-34,95.0,Loan originated
1,655000.0,49,1315000.0,226.0,1,White,Joint,55-64,50.0,Loan originated
1,685000.0,45,765000.0,174.0,1,Hispanic or Latino,Joint,35-44,90.0,Loan originated
1,755000.0,42,965000.0,203.0,1,Asian,Joint,25-34,77.672,Loan originated
1,875000.0,43,965000.0,296.0,1,White,Joint,35-44,90.927,Loan originated
1,645000.0,43,675000.0,144.0,1,White,Joint,55-64,98.0,Loan originated
1,525000.0,46,655000.0,113.0,1,White,Female,25-34,80.0,Loan originated
1,545000.0,49,575000.0,147.0,1,White,Female,55-64,95.0,Loan originated
1,445000.0,48,555000.0,106.0,1,White,Male,45-54,80.0,Loan originated
1,545000.0,47,1225000.0,161.0,1,Asian,Female,25-34,44.278,Loan originated
1,655000.0,<20%,825000.0,1303.0,1,Hispanic or Latino,Male,25-34,80.0,Loan originated
1,815000.0,49,905000.0,157.0,1,White,Joint,25-34,90.0,Loan originated
1,405000.0,46,555000.0,124.0,1,Asian,Female,45-54,72.73,Loan originated
1,545000.0,30%-<36%,685000.0,210.0,1,White,Male,25-34,80.0,Loan originated
1,305000.0,30%-<36%,385000.0,192.0,1,White,Male,25-34,80.0,Loan originated
1,755000.0,47,945000.0,176.0,1,White,Female,25-34,80.0,Loan originated
1,285000.0,<20%,365000.0,647.0,1,White,Joint,45-54,80.0,Loan originated
1,305000.0,49,375000.0,84.0,1,White,Female,25-34,80.0,Loan originated
1,765000.0,38,795000.0,256.0,1,Hispanic or Latino,Joint,25-34,97.0,Loan originated
1,555000.0,<20%,695000.0,300.0,1,Asian,Female,25-34,80.0,Loan originated
1,455000.0,41,575000.0,129.0,1,Asian,Male,55-64,80.0,Loan originated
1,475000.0,30%-<36%,595000.0,142.0,1,White,Joint,>74,80.0,Loan originated
1,385000.0,20%-<30%,495000.0,128.0,1,Hispanic or Latino,Joint,25-34,76.658,Loan originated
1,925000.0,50%-60%,1155000.0,196.0,1,White,Joint,25-34,80.0,Loan originated
1,375000.0,47,475000.0,96.0,1,Hispanic or Latino,Joint,45-54,79.536,Loan originated
1,825000.0,42,1105000.0,194.0,1,Hispanic or Latino,Male,25-34,75.0,Loan originated
1,1025000.0,47,1885000.0,220.0,1,Asian,Male,35-44,54.521,Loan originated
1,595000.0,47,745000.0,130.0,1,Black or African American,Male,35-44,100.0,Loan originated
1,255000.0,30%-<36%,735000.0,138.0,1,Asian,Male,25-34,34.248,Loan originated
1,275000.0,44,365000.0,81.0,1,Black or African American,Female,55-64,95.0,Loan originated
1,875000.0,48,1095000.0,235.0,1,White,Female,25-34,80.0,Loan originated
1,505000.0,44,635000.0,120.0,1,Hispanic or Latino,Male,45-54,100.0,Loan originated
1,665000.0,20%-<30%,735000.0,389.0,1,Asian,Joint,35-44,90.0,Loan originated
1,555000.0,38,1045000.0,177.0,1,Hispanic or Latino,Female,45-54,53.558,Loan originated
1,355000.0,>60%,395000.0,65.0,1,Hispanic or Latino,Male,45-54,92.48,Application denied
1,255000.0,<20%,705000.0,739.0,1,Hispanic or Latino,Joint,45-54,37.0,Loan originated
1,765000.0,20%-<30%,955000.0,360.0,1,Asian,Joint,35-44,80.0,Loan originated
1,355000.0,38,475000.0,94.0,1,White,Female,65-74,75.0,Loan originated
1,865000.0,43,1205000.0,258.0,1,White,Joint,25-34,71.667,Loan originated
1,185000.0,30%-<36%,235000.0,90.0,1,Hispanic or Latino,Male,35-44,80.0,Loan originated
1,475000.0,42,525000.0,210.0,1,Hispanic or Latino,Joint,55-64,90.0,Loan originated
1,285000.0,39,585000.0,109.0,1,Hispanic or Latino,Female,55-64,47.863,Loan originated
1,565000.0,37,705000.0,152.0,1,Asian,Joint,25-34,80.0,Loan originated
1,495000.0,38,525000.0,192.0,1,White,Female,45-54,95.0,Loan originated
1,385000.0,42,485000.0,94.0,1,Black or African American,Joint,55-64,100.0,Loan originated
1,65000.0,>60%,65000.0,17.0,1,Hispanic or Latino,Female,55-64,101.85,Application denied
1,825000.0,30%-<36%,915000.0,289.0,1,Asian,Joint,25-34,90.0,Loan originated
1,245000.0,36,335000.0,237.0,1,Black or African American,Joint,55-64,71.11,Loan originated
1,455000.0,36,855000.0,127.0,1,Asian,Male,25-34,52.941,Loan originated
1,545000.0,49,725000.0,110.0,1,Hispanic or Latino,Joint,35-44,75.0,Loan originated
1,415000.0,48,985000.0,93.0,1,White,Joint,25-34,96.54,Loan originated
1,815000.0,30%-<36%,1015000.0,267.0,1,White,Female,35-44,80.0,Loan originated
1,345000.0,40,405000.0,77.0,1,Asian,Male,25-34,104.0,Loan originated
1,415000.0,49,525000.0,106.0,1,Hispanic or Latino,Male,35-44,80.0,Loan originated
1,495000.0,42,615000.0,119.0,1,Asian,Male,35-44,80.0,Loan originated
1,425000.0,46,525000.0,169.0,1,Hispanic or Latino,Joint,45-54,80.0,Loan originated
1,365000.0,49,655000.0,89.0,1,Black or African American,Male,>74,55.0,Loan originated
1,45000.0,39,125000.0,47.0,1,Asian,Male,25-34,35.38,Application denied
1,725000.0,40,765000.0,204.0,1,Hispanic or Latino,Joint,25-34,95.0,Loan originated
1,625000.0,20%-<30%,655000.0,196.0,1,Asian,Male,25-34,95.0,Loan originated
1,625000.0,30%-<36%,775000.0,196.0,1,Asian,Male,35-44,80.0,Loan originated
1,845000.0,43,1055000.0,204.0,1,Asian,Female,45-54,80.0,Loan originated
1,735000.0,38,985000.0,160.0,1,Asian,Joint,45-54,74.98,Loan originated
1,155000.0,43,405000.0,69.0,1,White,Female,55-64,37.5,Application denied
1,415000.0,20%-<30%,495000.0,219.0,1,White,Male,55-64,85.0,Loan originated
1,725000.0,49,815000.0,199.0,1,Hispanic or Latino,Joint,55-64,90.0,Loan originated
1,295000.0,30%-<36%,315000.0,97.0,1,Hispanic or Latino,Male,25-34,95.0,Loan originated
1,715000.0,36,895000.0,330.0,1,Asian,Joint,45-54,80.0,Loan originated
1,765000.0,30%-<36%,855000.0,300.0,1,White,Joint,35-44,89.0,Application denied
1,765000.0,45,875000.0,260.0,1,Asian,Female,45-54,87.109,Loan originated
1,365000.0,39,505000.0,118.0,1,White,Joint,55-64,72.094,Loan originated
1,455000.0,47,655000.0,119.0,1,White,Joint,35-44,70.0,Loan originated
1,765000.0,30%-<36%,795000.0,292.0,1,Asian,Joint,25-34,97.0,Loan originated
1,485000.0,48,615000.0,112.0,1,Hispanic or Latino,Female,35-44,100.0,Loan originated
1,485000.0,30%-<36%,685000.0,200.0,1,White,Male,35-44,70.803,Loan originated
1,1025000.0,39,1275000.0,275.0,1,Asian,Male,35-44,80.0,Loan originated
1,675000.0,49,835000.0,166.0,1,Asian,Male,55-64,80.0,Loan originated
1,615000.0,30%-<36%,825000.0,203.0,1,Asian,Male,25-34,75.0,Loan originated
1,345000.0,20%-<30%,545000.0,276.0,1,White,Male,65-74,62.963,Loan originated
1,335000.0,30%-<36%,355000.0,105.0,1,Hispanic or Latino,Female,65-74,97.0,Loan originated
1,685000.0,42,745000.0,175.0,1,Hispanic or Latino,Joint,45-54,91.89,Loan originated
1,715000.0,46,895000.0,189.0,1,Asian,Joint,25-34,80.0,Loan originated
1,665000.0,49,745000.0,129.0,1,Hispanic or Latino,Joint,<25,89.9,Loan originated
1,925000.0,42,1895000.0,236.0,1,Asian,Male,25-34,49.14,Loan originated
1,345000.0,39,435000.0,99.0,1,Hispanic or Latino,Male,25-34,80.0,Loan originated
1,555000.0,46,1045000.0,185.0,1,Hispanic or Latino,Joint,25-34,53.0,Loan originated
1,855000.0,20%-<30%,1005000.0,255.0,1,Hispanic or Latino,Female,45-54,85.0,Loan originated
1,505000.0,41,635000.0,127.0,1,Asian,Male,35-44,80.0,Loan originated
1,395000.0,50%-60%,415000.0,140.0,1,Hispanic or Latino,Joint,25-34,95.0,Application denied
1,515000.0,47,645000.0,184.0,1,Asian,Male,55-64,80.0,Loan originated
1,285000.0,49,305000.0,66.0,1,Hispanic or Latino,Female,25-34,95.0,Loan originated
1,725000.0,47,905000.0,311.0,1,White,Joint,35-44,80.0,Loan originated
1,385000.0,41,405000.0,105.0,1,White,Joint,25-34,94.88,Loan originated
1,465000.0,48,575000.0,90.0,1,Black or African American,Joint,35-44,80.0,Loan originated
1,615000.0,20%-<30%,765000.0,344.0,1,White,Female,45-54,80.0,Loan originated
1,375000.0,48,425000.0,78.0,1,Hispanic or Latino,Joint,55-64,90.0,Loan originated
1,825000.0,39,1185000.0,300.0,1,Asian,Male,35-44,70.0,Loan originated
1,45000.0,30%-<36%,95000.0,79.0,1,White,Female,65-74,52.81,Loan originated
1,385000.0,39,405000.0,104.0,1,Hispanic or Latino,Female,25-34,95.0,Loan originated
1,455000.0,30%-<36%,635000.0,132.0,1,White,Female,55-64,70.87,Loan originated
1,805000.0,38,1495000.0,206.0,1,White,Female,55-64,53.691,Loan originated
1,405000.0,20%-<30%,515000.0,222.0,1,Asian,Female,25-34,80.0,Application denied
1,215000.0,43,285000.0,52.0,1,White,Male,25-34,85.0,Loan originated
1,825000.0,39,1105000.0,428.0,1,Asian,Male,55-64,75.0,Loan originated
1,765000.0,48,845000.0,171.0,1,Asian,Male,35-44,90.0,Loan originated
1,575000.0,49,615000.0,166.0,1,Hispanic or Latino,Female,35-44,95.0,Loan originated
1,515000.0,30%-<36%,715000.0,188.0,1,Asian,Joint,25-34,72.154,Loan originated
1,605000.0,49,755000.0,128.0,1,White,Male,25-34,80.0,Loan originated
1,765000.0,30%-<36%,855000.0,293.0,1,Asian,Joint,25-34,89.184,Loan originated
1,1055000.0,30%-<36%,1175000.0,379.0,1,Asian,Joint,25-34,89.833,Loan originated
1,765000.0,20%-<30%,805000.0,292.0,1,Hispanic or Latino,Male,25-34,95.75,Loan originated
1,125000.0,38,225000.0,94.0,1,Asian,Male,65-74,55.18,Loan originated
1,395000.0,38,715000.0,167.0,1,Hispanic or Latino,Female,55-64,55.992,Loan originated
1,445000.0,47,635000.0,107.0,1,White,Male,35-44,70.0,Application denied
1,165000.0,50%-60%,175000.0,54.0,1,Hispanic or Latino,Male,35-44,95.0,Application denied
1,305000.0,38,385000.0,98.0,1,White,Female,35-44,79.221,Loan originated
1,315000.0,48,895000.0,83.0,1,White,Female,45-54,35.548,Loan originated
1,505000.0,42,835000.0,155.0,1,Asian,Male,25-34,61.077,Loan originated
1,1145000.0,49,1355000.0,390.0,1,White,Male,45-54,85.0,Loan originated
1,975000.0,20%-<30%,1305000.0,450.0,1,White,Joint,35-44,75.0,Loan originated
1,285000.0,30%-<36%,305000.0,78.0,1,White,Joint,25-34,95.0,Loan originated
1,215000.0,20%-<30%,275000.0,95.0,1,Black or African American,Male,55-64,80.0,Loan originated
1,355000.0,50%-60%,775000.0,69.0,1,Asian,Female,65-74,38.961,Application denied
1,725000.0,49,825000.0,230.0,1,White,Male,35-44,87.879,Loan originated
1,105000.0,20%-<30%,735000.0,88.0,1,White,Joint,>74,13.7,Loan originated
1,555000.0,37,695000.0,369.0,1,Asian,Joint,55-64,80.0,Loan originated
1,165000.0,30%-<36%,555000.0,90.0,1,White,Female,>74,29.091,Loan originated
1,245000.0,39,795000.0,91.0,1,White,Female,45-54,30.66,Loan originated
1,535000.0,50%-60%,595000.0,104.0,1,Asian,Male,35-44,89.983,Loan originated
1,445000.0,40,645000.0,109.0,1,White,Joint,25-34,70.0,Loan originated
1,695000.0,39,765000.0,206.0,1,White,Joint,45-54,90.0,Loan originated
1,1145000.0,46,1725000.0,262.0,1,Asian,Male,35-44,73.61,Loan originated
1,995000.0,40,1245000.0,341.0,1,Asian,Female,35-44,80.0,Application denied
1,455000.0,37,615000.0,126.0,1,White,Joint,35-44,73.34,Loan originated
1,695000.0,20%-<30%,875000.0,285.0,1,Asian,Joint,35-44,80.0,Loan originated
1,1085000.0,48,1605000.0,251.0,1,Asian,Joint,35-44,67.29,Loan originated
1,595000.0,49,625000.0,274.0,1,Black or African American,Male,25-34,95.0,Loan originated
1,435000.0,46,465000.0,91.0,1,Hispanic or Latino,Male,45-54,95.0,Loan originated
1,375000.0,50%-60%,395000.0,72.0,1,Black or African American,Female,55-64,100.0,Loan originated
1,905000.0,30%-<36%,1225000.0,263.0,1,White,Joint,35-44,73.878,Loan originated
1,465000.0,38,585000.0,126.0,1,Hispanic or Latino,Male,35-44,80.0,Loan originated
1,85000.0,40,115000.0,88.0,1,White,Female,55-64,72.72,Loan originated
1,405000.0,45,475000.0,88.0,1,Hispanic or Latino,Female,25-34,85.106,Loan originated
1,575000.0,45,725000.0,125.0,1,Asian,Joint,65-74,80.0,Loan originated
1,265000.0,46,275000.0,119.0,1,Asian,Joint,45-54,95.0,Application denied
1,535000.0,48,565000.0,127.0,1,White,Male,35-44,95.0,Loan originated
1,335000.0,49,345000.0,64.0,1,Hispanic or Latino,Female,45-54,97.0,Loan originated
1,875000.0,40,1165000.0,203.0,1,Asian,Male,35-44,75.0,Loan originated
1,505000.0,49,565000.0,117.0,1,Asian,Joint,45-54,90.0,Loan originated
1,725000.0,<20%,905000.0,465.0,1,Hispanic or Latino,Male,35-44,80.0,Loan originated
1,495000.0,43,1045000.0,118.0,1,Asian,Male,25-34,47.692,Loan originated
1,205000.0,50%-60%,405000.0,41.0,1,Hispanic or Latino,Joint,<25,50.858,Application denied
1,415000.0,38,515000.0,152.0,1,Black or African American,Female,45-54,80.0,Loan originated
1,705000.0,41,885000.0,260.0,1,White,Joint,25-34,80.0,Loan originated
1,345000.0,44,385000.0,94.0,1,White,Male,25-34,90.0,Loan originated
1,325000.0,44,725000.0,82.0,1,White,Male,35-44,44.46,Loan originated
1,775000.0,41,865000.0,656.0,1,Asian,Male,35-44,90.0,Loan originated
1,745000.0,47,935000.0,285.0,1,White,Male,25-34,80.0,Loan originated
1,435000.0,30%-<36%,585000.0,328.0,1,Asian,Joint,25-34,74.87,Loan originated
1,355000.0,40,375000.0,134.0,1,White,Female,<25,95.0,Loan originated
1,495000.0,30%-<36%,795000.0,171.0,1,White,Female,45-54,62.121,Loan originated
1,415000.0,37,465000.0,118.0,1,White,Male,45-54,90.0,Loan originated
1,615000.0,37,615000.0,334.0,1,Asian,Joint,25-34,100.0,Loan originated
1,685000.0,39,725000.0,189.0,1,White,Joint,35-44,95.0,Loan originated
1,575000.0,40,605000.0,187.0,1,Hispanic or Latino,Joint,35-44,95.0,Loan originated
1,415000.0,49,435000.0,85.0,1,Hispanic or Latino,Joint,25-34,97.0,Loan originated
1,1095000.0,45,1365000.0,318.0,1,Asian,Female,35-44,80.0,Loan originated
1,455000.0,20%-<30%,705000.0,227.0,1,Asian,Joint,25-34,64.69,Loan originated
1,315000.0,49,415000.0,58.0,1,Asian,Male,25-34,95.0,Loan originated
1,65000.0,30%-<36%,165000.0,52.0,1,White,Female,65-74,37.5,Loan originated
1,475000.0,47,725000.0,102.0,1,White,Female,25-34,65.247,Loan originated
1,655000.0,44,825000.0,196.0,1,Asian,Joint,45-54,79.96,Loan originated
1,465000.0,36,715000.0,236.0,1,Hispanic or Latino,Male,35-44,64.789,Loan originated
1,125000.0,50%-60%,625000.0,105.0,1,White,Female,55-64,20.0,Loan originated
1,745000.0,39,985000.0,209.0,1,Asian,Male,45-54,75.0,Loan originated
1,635000.0,43,655000.0,155.0,1,Asian,Male,25-34,97.0,Loan originated
1,645000.0,37,805000.0,233.0,1,White,Joint,25-34,80.0,Loan originated
1,495000.0,49,525000.0,141.0,1,Hispanic or Latino,Joint,45-54,95.0,Loan originated
1,475000.0,<20%,595000.0,242.0,1,White,Joint,45-54,80.0,Loan originated
1,495000.0,30%-<36%,625000.0,177.0,1,White,Male,25-34,80.0,Loan originated
1,115000.0,37,305000.0,67.0,1,Asian,Joint,35-44,37.18,Application denied
1,1085000.0,50%-60%,1205000.0,229.0,1,Hispanic or Latino,Male,35-44,90.0,Loan originated
1,665000.0,41,885000.0,284.0,1,Asian,Female,45-54,75.0,Loan originated
1,1055000.0,36,1325000.0,419.0,1,Asian,Male,45-54,80.0,Loan originated
1,605000.0,48,755000.0,176.0,1,Hispanic or Latino,Joint,35-44,80.0,Loan originated
1,575000.0,30%-<36%,615000.0,179.0,1,White,Male,55-64,95.0,Loan originated
1,545000.0,20%-<30%,675000.0,305.0,1,Hispanic or Latino,Male,45-54,80.0,Loan originated
1,765000.0,30%-<36%,955000.0,272.0,1,White,Joint,55-64,80.0,Loan originated
1,885000.0,20%-<30%,1185000.0,282.0,1,Asian,Female,35-44,75.0,Loan originated
1,445000.0,30%-<36%,645000.0,209.0,1,Asian,Male,45-54,70.0,Loan originated
1,735000.0,45,825000.0,150.0,1,Hispanic or Latino,Female,45-54,90.0,Loan originated
1,645000.0,46,675000.0,139.0,1,Asian,Female,35-44,95.0,Loan originated
1,305000.0,45,1305000.0,114.0,1,White,Male,65-74,24.0,Loan originated
1,515000.0,49,545000.0,122.0,1,Hispanic or Latino,Female,55-64,95.0,Loan originated
1,725000.0,45,805000.0,162.0,1,White,Joint,25-34,90.0,Loan originated
1,365000.0,47,385000.0,98.0,1,Hispanic or Latino,Female,25-34,95.0,Loan originated
1,495000.0,30%-<36%,615000.0,126.0,1,Asian,Male,25-34,80.0,Loan originated
1,735000.0,20%-<30%,925000.0,279.0,1,White,Joint,25-34,80.0,Loan originated
1,755000.0,46,2155000.0,369.0,1,White,Joint,65-74,34.739,Loan originated
1,655000.0,30%-<36%,735000.0,236.0,1,Hispanic or Latino,Joint,35-44,89.992,Loan originated
1,395000.0,30%-<36%,495000.0,116.0,1,White,Female,25-34,80.0,Loan originated
1,175000.0,20%-<30%,475000.0,113.0,1,White,Joint,55-64,36.842,Loan originated
1,765000.0,41,845000.0,230.0,1,White,Joint,35-44,90.0,Loan originated
1,905000.0,30%-<36%,1505000.0,255.0,1,White,Male,25-34,60.0,Loan originated
1,265000.0,20%-<30%,435000.0,106.0,1,White,Joint,35-44,62.0,Loan originated
1,445000.0,47,555000.0,95.0,1,White,Male,25-34,80.0,Loan originated
1,495000.0,20%-<30%,625000.0,206.0,1,White,Male,25-34,80.0,Loan originated
1,545000.0,49,805000.0,107.0,1,White,Joint,55-64,68.002,Loan originated
1,205000.0,50%-60%,225000.0,87.0,1,White,Male,25-34,92.64,Application denied
1,445000.0,46,745000.0,132.0,1,White,Male,45-54,59.73,Loan originated
1,335000.0,>60%,425000.0,95.0,1,Asian,Male,45-54,80.0,Application denied
1,335000.0,40,395000.0,94.0,1,White,Male,65-74,84.81,Loan originated
1,395000.0,39,495000.0,101.0,1,White,Male,45-54,80.0,Loan originated
1,305000.0,40,335000.0,126.0,1,White,Male,65-74,90.0,Loan originated
1,1105000.0,<20%,1475000.0,680.0,1,White,Male,25-34,75.0,Loan originated
1,425000.0,43,505000.0,121.0,1,White,Joint,65-74,82.988,Loan originated
1,845000.0,48,1055000.0,499.0,1,White,Joint,55-64,80.0,Application denied
1,405000.0,42,425000.0,106.0,1,Hispanic or Latino,Female,45-54,95.0,Loan originated
1,305000.0,20%-<30%,675000.0,371.0,1,White,Joint,45-54,44.445,Loan originated
1,475000.0,36,495000.0,192.0,1,Hispanic or Latino,Female,25-34,95.0,Loan originated
1,605000.0,49,715000.0,116.0,1,Hispanic or Latino,Joint,25-34,85.0,Loan originated
1,325000.0,38,345000.0,137.0,1,White,Male,35-44,95.0,Loan originated
1,325000.0,44,405000.0,94.0,1,White,Male,25-34,80.0,Loan originated
1,705000.0,44,785000.0,167.0,1,Hispanic or Latino,Joint,25-34,89.744,Loan originated
1,435000.0,20%-<30%,685000.0,161.0,1,Asian,Joint,45-54,63.5,Loan originated
1,615000.0,20%-<30%,685000.0,319.0,1,White,Joint,25-34,89.898,Loan originated
1,655000.0,30%-<36%,885000.0,214.0,1,Asian,Female,35-44,73.86,Loan originated
1,1005000.0,50%-60%,1275000.0,286.0,1,Asian,Joint,45-54,78.74,Loan originated
1,615000.0,42,625000.0,190.0,1,Hispanic or Latino,Joint,25-34,98.328,Application denied
1,365000.0,45,375000.0,84.0,1,Hispanic or Latino,Male,35-44,100.0,Loan originated
1,775000.0,49,1045000.0,188.0,1,White,Male,25-34,74.33,Loan originated
1,975000.0,20%-<30%,1625000.0,384.0,1,Asian,Male,25-34,60.0,Loan originated
1,725000.0,42,905000.0,165.0,1,White,Joint,35-44,80.0,Loan originated
1,635000.0,45,715000.0,257.0,1,White,Male,65-74,90.0,Loan originated
1,895000.0,30%-<36%,995000.0,342.0,1,White,Male,35-44,90.0,Loan originated
1,475000.0,42,595000.0,154.0,1,Asian,Female,25-34,80.0,Loan originated
1,425000.0,45,455000.0,253.0,1,White,Male,45-54,95.0,Loan originated
1,455000.0,>60%,505000.0,107.0,1,White,Male,35-44,90.0,Application denied
1,525000.0,42,745000.0,140.0,1,Asian,Male,35-44,69.705,Loan originated
1,935000.0,42,2135000.0,297.0,1,Asian,Joint,45-54,43.688,Loan originated
1,605000.0,20%-<30%,1405000.0,1171.0,1,Asian,Female,45-54,42.898,Loan originated
1,305000.0,20%-<30%,315000.0,119.0,1,White,Male,45-54,97.0,Loan originated
1,115000.0,20%-<30%,515000.0,70.0,1,White,Female,65-74,21.359,Loan originated
1,275000.0,30%-<36%,285000.0,90.0,1,Black or African American,Male,55-64,100.0,Loan originated
1,255000.0,50%-60%,265000.0,125.0,1,White,Joint,35-44,95.0,Application denied
1,505000.0,43,795000.0,132.0,1,White,Male,35-44,63.29,Loan originated
1,1045000.0,30%-<36%,1905000.0,338.0,1,White,Joint,45-54,54.737,Loan originated
1,755000.0,48,945000.0,345.0,1,Asian,Joint,25-34,80.0,Loan originated
1,685000.0,38,855000.0,183.0,1,Asian,Male,25-34,80.0,Loan originated
1,655000.0,42,815000.0,200.0,1,White,Joint,25-34,79.76,Loan originated
1,295000.0,47,445000.0,81.0,1,White,Joint,<25,65.417,Loan originated
1,385000.0,40,415000.0,136.0,1,White,Male,55-64,95.0,Loan originated
1,475000.0,30%-<36%,595000.0,145.0,1,Asian,Male,25-34,80.0,Loan originated
1,615000.0,>60%,605000.0,86.0,1,Asian,Male,35-44,101.75,Application denied
1,305000.0,42,335000.0,143.0,1,Hispanic or Latino,Male,25-34,92.424,Loan originated
1,745000.0,40,935000.0,202.0,1,Asian,Male,25-34,80.0,Loan originated
1,915000.0,30%-<36%,1145000.0,320.0,1,Hispanic or Latino,Joint,25-34,80.0,Loan originated
1,355000.0,30%-<36%,865000.0,146.0,1,Other,Male,35-44,40.449,Loan originated
1,735000.0,48,925000.0,288.0,1,White,Joint,35-44,80.0,Loan originated
1,595000.0,20%-<30%,795000.0,213.0,1,Asian,Male,35-44,75.0,Loan originated
1,705000.0,20%-<30%,1405000.0,321.0,1,Asian,Male,35-44,50.0,Loan originated
1,355000.0,49,515000.0,153.0,1,Hispanic or Latino,Male,25-34,67.961,Application denied
1,835000.0,30%-<36%,935000.0,236.0,1,Hispanic or Latino,Male,25-34,89.99,Loan originated
1,655000.0,30%-<36%,885000.0,189.0,1,Asian,Male,25-34,74.43,Loan originated
1,875000.0,39,1095000.0,720.0,1,Asian,Male,25-34,80.0,Loan originated
1,215000.0,44,255000.0,52.0,1,Hispanic or Latino,Male,45-54,85.0,Loan originated
1,735000.0,49,915000.0,266.0,1,White,Male,25-34,80.0,Loan originated
1,555000.0,39,585000.0,142.0,1,Hispanic or Latino,Male,<25,97.14,Application denied
1,155000.0,39,395000.0,89.0,1,White,Joint,55-64,38.0,Loan originated
1,225000.0,47,405000.0,49.0,1,White,Male,65-74,56.25,Loan originated
1,465000.0,30%-<36%,625000.0,340.0,1,Asian,Male,45-54,75.0,Loan originated
1,675000.0,42,745000.0,166.0,1,Hispanic or Latino,Joint,45-54,90.0,Loan originated
1,155000.0,49,805000.0,229.0,1,White,Joint,>74,18.75,Loan originated
1,995000.0,45,1105000.0,294.0,1,White,Joint,45-54,90.0,Loan originated
1,865000.0,30%-<36%,1155000.0,311.0,1,White,Joint,25-34,75.0,Loan originated
1,465000.0,48,495000.0,113.0,1,Hispanic or Latino,Female,55-64,95.0,Loan originated
1,765000.0,30%-<36%,875000.0,258.0,1,Asian,Male,35-44,87.606,Loan originated
1,415000.0,40,615000.0,122.0,1,White,Joint,35-44,67.288,Loan originated
1,965000.0,30%-<36%,1215000.0,348.0,1,Asian,Joint,25-34,80.0,Loan originated
1,675000.0,41,755000.0,148.0,1,Asian,Male,25-34,89.93,Loan originated
1,365000.0,20%-<30%,465000.0,169.0,1,Hispanic or Latino,Male,25-34,80.0,Loan originated
1,345000.0,39,465000.0,100.0,1,Hispanic or Latino,Female,25-34,75.0,Loan originated
1,495000.0,>60%,615000.0,159.0,1,Hispanic or Latino,Joint,25-34,80.0,Application denied
1,285000.0,45,305000.0,71.0,1,Hispanic or Latino,Female,65-74,95.0,Loan originated
1,355000.0,49,515000.0,76.0,1,White,Male,35-44,67.961,Loan originated
1,595000.0,36,625000.0,158.0,1,Hispanic or Latino,Male,45-54,95.0,Loan originated
1,585000.0,40,1685000.0,316.0,1,Asian,Joint,25-34,85.0,Loan originated
1,765000.0,39,825000.0,233.0,1,Asian,Joint,25-34,93.0,Loan originated
1,345000.0,49,425000.0,67.0,1,White,Joint,65-74,80.0,Loan originated
1,765000.0,<20%,955000.0,650.0,1,Asian,Female,35-44,80.0,Loan originated
1,545000.0,42,795000.0,203.0,1,White,Joint,45-54,68.711,Loan originated
1,1145000.0,42,1575000.0,445.0,1,White,Joint,35-44,89.988,Loan originated
1,255000.0,39,875000.0,130.0,1,White,Male,45-54,28.57,Loan originated
1,975000.0,42,1305000.0,370.0,1,White,Joint,55-64,85.0,Loan originated
1,255000.0,45,515000.0,80.0,1,Asian,Male,25-34,95.0,Loan originated
1,505000.0,30%-<36%,715000.0,166.0,1,Asian,Male,25-34,70.0,Loan originated
1,345000.0,49,385000.0,76.0,1,White,Joint,55-64,88.226,Loan originated
1,1055000.0,37,1555000.0,282.0,1,Asian,Male,35-44,67.742,Loan originated
1,375000.0,50%-60%,505000.0,128.0,1,White,Joint,35-44,75.0,Application denied
1,395000.0,46,445000.0,219.0,1,Black or African American,Male,<25,89.455,Loan originated
1,465000.0,43,655000.0,113.0,1,Asian,Female,35-44,69.909,Loan originated
1,1045000.0,44,1305000.0,325.0,1,White,Joint,35-44,80.0,Loan originated
1,735000.0,47,1055000.0,266.0,1,White,Male,45-54,70.0,Loan originated
1,255000.0,46,265000.0,57.0,1,Hispanic or Latino,Joint,25-34,93.98,Loan originated
1,355000.0,44,435000.0,107.0,1,White,Joint,25-34,80.0,Loan originated
1,485000.0,20%-<30%,965000.0,191.0,1,Asian,Male,55-64,50.0,Loan originated
1,715000.0,49,755000.0,181.0,1,Black or African American,Male,45-54,95.0,Loan originated
1,725000.0,20%-<30%,1205000.0,250.0,1,Asian,Joint,25-34,60.0,Loan originated
1,225000.0,42,545000.0,69.0,1,White,Female,65-74,41.216,Loan originated
1,985000.0,20%-<30%,1225000.0,300.0,1,Asian,Male,35-44,80.0,Loan originated
1,665000.0,38,835000.0,212.0,1,White,Male,25-34,80.0,Loan originated
1,655000.0,46,765000.0,189.0,1,Asian,Male,25-34,85.0,Loan originated
1,445000.0,30%-<36%,465000.0,172.0,1,White,Joint,35-44,95.0,Loan originated
1,385000.0,48,775000.0,100.0,1,Asian,Male,25-34,49.351,Loan originated
1,385000.0,47,485000.0,95.0,1,Hispanic or Latino,Male,55-64,80.0,Loan originated
1,765000.0,38,1705000.0,260.0,1,Asian,Female,45-54,45.091,Loan originated
1,755000.0,37,1005000.0,196.0,1,White,Joint,35-44,75.0,Loan originated
1,415000.0,41,425000.0,97.0,1,Hispanic or Latino,Joint,25-34,100.0,Loan originated
1,785000.0,39,875000.0,321.0,1,Asian,Joint,35-44,90.0,Loan originated
1,635000.0,48,1015000.0,154.0,1,White,Joint,55-64,62.871,Loan originated
1,265000.0,50%-60%,295000.0,56.0,1,White,Male,25-34,90.0,Loan originated
1,945000.0,49,1255000.0,200.0,1,White,Female,65-74,74.82,Loan originated
1,465000.0,49,625000.0,102.0,1,White,Female,65-74,75.0,Loan originated
1,455000.0,42,655000.0,100.0,1,Hispanic or Latino,Female,25-34,69.23,Loan originated
1,395000.0,<20%,895000.0,0.0,1,White,Female,>74,44.38,Loan originated
1,455000.0,30%-<36%,1805000.0,221.0,1,Asian,Female,45-54,25.0,Loan originated
1,905000.0,41,955000.0,247.0,1,White,Joint,35-44,98.0,Loan originated
1,105000.0,37,715000.0,77.0,1,White,Female,25-34,13.986,Loan originated
1,745000.0,44,825000.0,180.0,1,Hispanic or Latino,Female,35-44,90.0,Loan originated
1,765000.0,30%-<36%,845000.0,273.0,1,Asian,Male,35-44,89.987,Loan originated
1,765000.0,48,815000.0,171.0,1,White,Female,45-54,95.0,Loan originated
1,585000.0,48,725000.0,113.0,1,White,Male,25-34,80.0,Loan originated
1,705000.0,30%-<36%,875000.0,212.0,1,Asian,Male,35-44,80.0,Loan originated
1,235000.0,30%-<36%,685000.0,129.0,1,White,Joint,65-74,33.824,Loan originated
1,305000.0,46,435000.0,79.0,1,Hispanic or Latino,Female,25-34,68.381,Loan originated
1,445000.0,49,695000.0,197.0,1,Asian,Male,35-44,63.309,Loan originated
1,515000.0,30%-<36%,545000.0,220.0,1,White,Joint,45-54,95.0,Loan originated
1,1105000.0,>60%,1385000.0,0.0,1,White,Joint,35-44,80.0,Application denied
1,405000.0,36,425000.0,184.0,1,Hispanic or Latino,Male,35-44,97.0,Loan originated
1,635000.0,>60%,795000.0,249.0,1,Asian,Male,35-44,80.0,Application denied
1,315000.0,42,865000.0,102.0,1,White,Joint,35-44,35.838,Loan originated
1,525000.0,30%-<36%,545000.0,199.0,1,White,Joint,25-34,95.0,Loan originated
1,505000.0,40,725000.0,135.0,1,Asian,Female,55-64,69.169,Loan originated
1,605000.0,48,1185000.0,300.0,1,Asian,Joint,45-54,50.72,Loan originated
1,715000.0,43,735000.0,216.0,1,White,Joint,45-54,97.0,Loan originated
1,435000.0,37,485000.0,314.0,1,Hispanic or Latino,Male,<25,90.0,Loan originated
1,635000.0,50%-60%,985000.0,163.0,1,White,Male,45-54,64.467,Application denied
1,355000.0,46,375000.0,105.0,1,Hispanic or Latino,Female,35-44,97.0,Loan originated
1,465000.0,39,585000.0,228.0,1,White,Joint,25-34,80.0,Loan originated
1,705000.0,39,785000.0,217.0,1,Asian,Male,35-44,89.99,Loan originated
1,675000.0,47,845000.0,173.0,1,White,Joint,35-44,97.8,Loan originated
1,355000.0,30%-<36%,475000.0,158.0,1,White,Joint,55-64,75.0,Loan originated
1,695000.0,49,995000.0,228.0,1,Asian,Joint,35-44,70.0,Loan originated
1,265000.0,46,335000.0,76.0,1,White,Male,55-64,80.0,Loan originated
1,265000.0,20%-<30%,535000.0,185.0,1,White,Male,65-74,49.057,Loan originated
1,765000.0,41,855000.0,196.0,1,White,Male,35-44,90.0,Loan originated
1,645000.0,30%-<36%,685000.0,271.0,1,Asian,Joint,45-54,95.0,Loan originated
1,415000.0,41,615000.0,109.0,1,Asian,Joint,25-34,67.51,Loan originated
1,395000.0,20%-<30%,445000.0,134.0,1,White,Joint,25-34,90.0,Loan originated
1,595000.0,30%-<36%,745000.0,176.0,1,Asian,Female,55-64,80.0,Loan originated
1,545000.0,49,605000.0,121.0,1,Hispanic or Latino,Joint,55-64,90.0,Loan originated
1,885000.0,43,1105000.0,423.0,1,White,Male,35-44,80.0,Loan originated
1,455000.0,49,795000.0,129.0,1,White,Female,45-54,57.0,Loan originated
1,1065000.0,30%-<36%,1325000.0,341.0,1,White,Joint,25-34,80.0,Loan originated
1,625000.0,49,705000.0,124.0,1,White,Male,45-54,89.0,Loan originated
1,145000.0,50%-60%,465000.0,34.0,1,Asian,Female,35-44,30.435,Application denied
1,635000.0,44,915000.0,242.0,1,White,Male,65-74,70.0,Loan originated
1,475000.0,30%-<36%,595000.0,174.0,1,Asian,Male,25-34,80.0,Loan originated
1,565000.0,42,665000.0,152.0,1,White,Male,45-54,85.0,Loan originated
1,485000.0,30%-<36%,605000.0,150.0,1,Asian,Male,35-44,80.0,Loan originated
1,385000.0,44,415000.0,104.0,1,Hispanic or Latino,Male,25-34,92.23,Loan originated
1,835000.0,40,1385000.0,189.0,1,Asian,Female,25-34,60.0,Loan originated
1,505000.0,48,535000.0,140.0,1,White,Male,35-44,95.0,Loan originated
1,335000.0,36,345000.0,144.0,1,White,Female,55-64,97.0,Loan originated
1,365000.0,49,435000.0,78.0,1,Hispanic or Latino,Male,35-44,104.0,Loan originated
1,665000.0,49,705000.0,187.0,1,Black or African American,Female,45-54,95.0,Loan originated
1,485000.0,38,605000.0,147.0,1,White,Joint,55-64,80.0,Loan originated
1,425000.0,41,535000.0,130.0,1,White,Male,35-44,80.0,Loan originated
1,755000.0,20%-<30%,1245000.0,314.0,1,White,Joint,25-34,60.362,Loan originated
1,375000.0,50%-60%,475000.0,98.0,1,White,Joint,65-74,79.036,Loan originated
1,705000.0,47,955000.0,144.0,1,Asian,Male,25-34,73.684,Loan originated
1,1145000.0,36,1565000.0,706.0,1,Asian,Joint,35-44,73.47,Loan originated
1,715000.0,20%-<30%,895000.0,297.0,1,Asian,Female,25-34,80.0,Loan originated
1,665000.0,37,2105000.0,280.0,1,White,Female,55-64,31.667,Loan originated
1,295000.0,36,1475000.0,125.0,1,Asian,Female,25-34,20.0,Loan originated
1,765000.0,48,1015000.0,264.0,1,Asian,Male,45-54,76.0,Loan originated
1,325000.0,30%-<36%,555000.0,195.0,1,White,Joint,35-44,58.333,Loan originated
1,635000.0,43,705000.0,200.0,1,White,Joint,25-34,89.979,Loan originated
1,505000.0,20%-<30%,1155000.0,223.0,1,White,Male,45-54,43.37,Loan originated
1,315000.0,30%-<36%,395000.0,104.0,1,Hispanic or Latino,Female,25-34,80.0,Loan originated
1,1105000.0,46,1305000.0,367.0,1,Asian,Joint,35-44,85.0,Loan originated
1,475000.0,30%-<36%,505000.0,155.0,1,White,Joint,35-44,95.0,Loan originated
1,635000.0,20%-<30%,895000.0,329.0,1,Asian,Joint,35-44,71.35,Loan originated
1,405000.0,44,455000.0,204.0,1,Hispanic or Latino,Male,55-64,90.0,Application denied
1,585000.0,30%-<36%,655000.0,175.0,1,White,Joint,25-34,90.0,Loan originated
1,155000.0,44,285000.0,42.0,1,White,Female,25-34,54.583,Loan originated
1,615000.0,39,665000.0,160.0,1,Asian,Male,25-34,92.528,Loan originated
1,475000.0,30%-<36%,555000.0,180.0,1,White,Female,55-64,85.676,Loan originated
1,465000.0,46,485000.0,141.0,1,White,Female,35-44,95.0,Loan originated
1,1145000.0,47,1435000.0,321.0,1,Asian,Male,35-44,80.0,Loan originated
1,385000.0,49,705000.0,87.0,1,Asian,Male,25-34,54.63,Loan originated
1,215000.0,41,495000.0,61.0,1,White,Male,65-74,43.232,Loan originated
1,765000.0,43,805000.0,167.0,1,White,Female,25-34,95.0,Loan originated
1,205000.0,41,1265000.0,89.0,1,White,Joint,65-74,15.76,Loan originated
1,555000.0,41,1155000.0,161.0,1,White,Joint,35-44,74.783,Loan originated
1,575000.0,20%-<30%,675000.0,210.0,1,White,Male,35-44,85.634,Loan originated
1,1055000.0,49,1175000.0,225.0,1,White,Female,35-44,89.362,Loan originated
1,945000.0,49,1305000.0,186.0,1,White,Joint,35-44,95.0,Loan originated
1,665000.0,20%-<30%,695000.0,297.0,1,Asian,Joint,25-34,95.0,Loan originated
1,375000.0,47,1375000.0,139.0,1,White,Joint,45-54,27.01,Loan originated
1,635000.0,38,1335000.0,447.0,1,Asian,Joint,35-44,47.368,Loan originated
1,655000.0,45,685000.0,167.0,1,Hispanic or Latino,Female,25-34,95.0,Loan originated
1,485000.0,43,515000.0,105.0,1,Hispanic or Latino,Female,35-44,95.0,Loan originated
1,405000.0,49,415000.0,88.0,1,Hispanic or Latino,Joint,55-64,101.94,Loan originated
1,135000.0,49,145000.0,94.0,1,Asian,Male,25-34,91.29,Loan originated
1,565000.0,30%-<36%,1025000.0,180.0,1,Asian,Male,35-44,55.0,Loan originated
1,65000.0,50%-60%,1355000.0,202.0,1,Asian,Joint,45-54,4.44,Application denied
1,845000.0,41,1145000.0,226.0,1,White,Female,35-44,74.0,Loan originated
1,525000.0,49,535000.0,157.0,1,Hispanic or Latino,Joint,55-64,101.85,Loan originated
1,685000.0,36,815000.0,191.0,1,White,Joint,25-34,83.384,Loan originated
1,725000.0,41,905000.0,165.0,1,Asian,Male,35-44,80.0,Loan originated
1,485000.0,40,555000.0,143.0,1,Hispanic or Latino,Joint,55-64,88.261,Loan originated
1,395000.0,42,555000.0,96.0,1,Hispanic or Latino,Male,45-54,100.901,Loan originated
1,205000.0,30%-<36%,355000.0,143.0,1,Asian,Joint,45-54,56.33,Loan originated
1,785000.0,40,1085000.0,202.0,1,Asian,Joint,25-34,72.426,Loan originated
1,515000.0,43,555000.0,143.0,1,Asian,Joint,25-34,92.58,Loan originated
1,375000.0,45,495000.0,106.0,1,Hispanic or Latino,Male,35-44,76.0,Loan originated
1,995000.0,30%-<36%,1245000.0,716.0,1,Hispanic or Latino,Male,35-44,80.0,Loan originated
1,235000.0,43,255000.0,59.0,1,Hispanic or Latino,Male,45-54,98.819,Application denied
1,575000.0,43,725000.0,128.0,1,White,Joint,45-54,80.0,Application denied
1,855000.0,49,955000.0,167.0,1,Asian,Male,45-54,90.0,Loan originated
1,585000.0,40,735000.0,186.0,1,Asian,Male,25-34,80.0,Loan originated
1,315000.0,46,465000.0,82.0,1,White,Joint,45-54,67.377,Loan originated
1,1005000.0,30%-<36%,1255000.0,347.0,1,Asian,Female,45-54,80.0,Loan originated
1,615000.0,47,825000.0,153.0,1,Asian,Male,25-34,75.0,Loan originated
1,1135000.0,48,1415000.0,263.0,1,Asian,Female,25-34,80.0,Loan originated
1,505000.0,48,535000.0,159.0,1,Other,Male,35-44,95.0,Loan originated
1,435000.0,20%-<30%,545000.0,145.0,1,White,Joint,45-54,80.0,Loan originated
1,575000.0,30%-<36%,765000.0,189.0,1,Asian,Female,45-54,75.0,Loan originated
1,175000.0,49,825000.0,59.0,1,Asian,Female,25-34,21.45,Loan originated
1,255000.0,48,655000.0,182.0,1,White,Joint,35-44,38.168,Loan originated
1,1685000.0,49,2255000.0,412.0,1,White,Male,35-44,75.0,Loan originated
1,755000.0,49,1255000.0,318.0,1,White,Joint,55-64,60.0,Loan originated
1,1125000.0,43,1255000.0,300.0,1,Black or African American,Female,45-54,89.99,Loan originated
1,705000.0,50%-60%,785000.0,147.0,1,Hispanic or Latino,Female,25-34,90.0,Application denied
1,495000.0,44,615000.0,121.0,1,White,Male,25-34,80.0,Loan originated
1,425000.0,39,775000.0,144.0,1,Asian,Female,35-44,54.838,Loan originated
1,765000.0,45,955000.0,196.0,1,White,Female,45-54,80.0,Loan originated
1,655000.0,47,725000.0,167.0,1,White,Joint,65-74,90.0,Loan originated
1,475000.0,43,795000.0,170.0,1,Asian,Male,45-54,60.0,Loan originated
1,695000.0,49,935000.0,143.0,1,White,Male,55-64,74.73,Loan originated
1,475000.0,20%-<30%,595000.0,192.0,1,White,Joint,25-34,80.0,Loan originated
1,435000.0,37,615000.0,137.0,1,Hispanic or Latino,Joint,35-44,69.952,Loan originated
1,545000.0,44,865000.0,119.0,1,Asian,Female,35-44,62.428,Loan originated
1,805000.0,38,845000.0,211.0,1,Asian,Male,35-44,95.0,Loan originated
1,495000.0,37,555000.0,214.0,1,White,Joint,55-64,90.0,Loan originated
1,155000.0,20%-<30%,765000.0,195.0,1,White,Male,25-34,19.711,Application denied
1,685000.0,49,855000.0,151.0,1,Hispanic or Latino,Male,35-44,80.0,Application denied
1,355000.0,41,825000.0,130.0,1,White,Female,45-54,44.0,Loan originated
1,645000.0,49,675000.0,148.0,1,Asian,Joint,35-44,95.0,Loan originated
1,285000.0,49,355000.0,60.0,1,White,Joint,55-64,80.0,Loan originated
1,565000.0,49,605000.0,167.0,1,Other,Female,25-34,94.98,Loan originated
1,815000.0,45,1025000.0,205.0,1,White,Male,25-34,80.0,Loan originated
1,1145000.0,46,1565000.0,689.0,1,White,Male,55-64,73.28,Loan originated
1,605000.0,44,705000.0,146.0,1,White,Joint,25-34,85.715,Loan originated
1,395000.0,30%-<36%,415000.0,214.0,1,White,Female,45-54,95.0,Loan originated
1,375000.0,44,515000.0,83.0,1,Hispanic or Latino,Male,45-54,72.549,Loan originated
1,485000.0,30%-<36%,605000.0,141.0,1,White,Joint,35-44,80.0,Loan originated
1,765000.0,36,955000.0,249.0,1,Asian,Joint,25-34,80.0,Loan originated
1,325000.0,47,825000.0,90.0,1,White,Joint,65-74,39.02,Loan originated
1,1055000.0,49,1325000.0,290.0,1,White,Joint,35-44,80.0,Loan originated
1,305000.0,41,535000.0,98.0,1,Hispanic or Latino,Male,35-44,57.231,Loan originated
1,1075000.0,42,1345000.0,272.0,1,Asian,Joint,35-44,80.0,Loan originated
1,525000.0,49,665000.0,124.0,1,White,Male,25-34,80.0,Loan originated
1,675000.0,40,845000.0,198.0,1,Asian,Male,25-34,80.0,Loan originated
1,215000.0,44,245000.0,55.0,1,White,Male,35-44,87.619,Loan originated
1,1065000.0,46,1525000.0,398.0,1,White,Joint,25-34,70.0,Loan originated
1,195000.0,39,395000.0,80.0,1,White,Female,35-44,49.87,Loan originated
1,195000.0,44,535000.0,77.0,1,White,Female,25-34,102.958,Loan originated
1,685000.0,44,905000.0,249.0,1,Asian,Male,35-44,75.0,Loan originated
1,115000.0,<20%,905000.0,143.0,1,White,Joint,55-64,12.222,Loan originated
1,485000.0,47,535000.0,173.0,1,White,Male,45-54,90.0,Loan originated
1,885000.0,43,1155000.0,206.0,1,White,Female,45-54,76.522,Loan originated
1,725000.0,48,905000.0,15.0,1,Asian,Joint,35-44,80.0,Loan originated
1,405000.0,49,515000.0,96.0,1,White,Male,25-34,80.0,Loan originated
1,765000.0,50%-60%,955000.0,149.0,1,Hispanic or Latino,Joint,45-54,81.053,Loan originated
1,55000.0,20%-<30%,65000.0,112.0,1,Hispanic or Latino,Male,55-64,85.0,Loan originated
1,435000.0,49,455000.0,104.0,1,Hispanic or Latino,Joint,55-64,96.5,Loan originated
1,485000.0,44,645000.0,367.0,1,Hispanic or Latino,Male,45-54,75.0,Loan originated
1,375000.0,49,395000.0,79.0,1,Hispanic or Latino,Joint,25-34,95.0,Loan originated
1,545000.0,47,685000.0,233.0,1,Black or African American,Male,55-64,80.0,Loan originated
1,585000.0,48,615000.0,112.0,1,Asian,Joint,35-44,95.0,Loan originated
1,695000.0,30%-<36%,735000.0,343.0,1,Other,Male,55-64,95.0,Loan originated
1,335000.0,46,495000.0,82.0,1,Asian,Female,35-44,67.404,Loan originated
1,1125000.0,39,1405000.0,357.0,1,Asian,Joint,25-34,80.0,Loan originated
1,305000.0,42,315000.0,69.0,1,White,Male,35-44,97.0,Loan originated
1,355000.0,49,405000.0,72.0,1,White,Female,25-34,86.42,Loan originated
1,385000.0,49,975000.0,198.0,1,White,Female,35-44,39.992,Loan originated
1,675000.0,49,715000.0,132.0,1,Hispanic or Latino,Female,45-54,95.0,Loan originated
1,675000.0,40,705000.0,180.0,1,Hispanic or Latino,Male,35-44,95.0,Loan originated
1,745000.0,44,825000.0,183.0,1,White,Female,65-74,90.0,Loan originated
1,345000.0,44,385000.0,124.0,1,Hispanic or Latino,Male,25-34,90.0,Loan originated
1,505000.0,45,535000.0,126.0,1,Hispanic or Latino,Male,25-34,95.0,Loan originated
1,315000.0,48,335000.0,100.0,1,Other,Joint,35-44,95.0,Application denied
1,345000.0,20%-<30%,425000.0,121.0,1,White,Male,35-44,80.0,Loan originated
1,395000.0,30%-<36%,655000.0,147.0,1,Asian,Female,45-54,60.0,Loan originated
1,555000.0,20%-<30%,655000.0,216.0,1,Hispanic or Latino,Male,35-44,85.0,Loan originated
1,895000.0,30%-<36%,1115000.0,326.0,1,Asian,Joint,25-34,80.0,Loan originated
1,595000.0,43,745000.0,203.0,1,White,Joint,55-64,80.0,Loan originated
1,415000.0,40,555000.0,190.0,1,White,Joint,65-74,75.0,Loan originated
1,255000.0,49,875000.0,94.0,1,Asian,Joint,55-64,29.0,Loan originated
1,1125000.0,30%-<36%,1255000.0,396.0,1,White,Female,35-44,90.0,Loan originated
1,345000.0,44,395000.0,71.0,1,White,Joint,25-34,88.391,Loan originated
1,1145000.0,41,1955000.0,342.0,1,Asian,Male,55-64,58.965,Loan originated
1,935000.0,30%-<36%,1265000.0,354.0,1,White,Joint,35-44,73.964,Loan originated
1,765000.0,44,1285000.0,177.0,1,Asian,Female,25-34,59.228,Loan originated
1,395000.0,47,495000.0,82.0,1,Hispanic or Latino,Male,35-44,80.0,Loan originated
1,445000.0,<20%,495000.0,255.0,1,Asian,Female,25-34,90.0,Loan originated
1,225000.0,49,385000.0,82.0,1,Asian,Joint,>74,57.895,Loan originated
1,215000.0,20%-<30%,255000.0,102.0,1,Hispanic or Latino,Male,65-74,88.0,Loan originated
1,1145000.0,37,1465000.0,311.0,1,White,Joint,35-44,78.27,Loan originated
1,605000.0,>60%,1205000.0,66.0,1,Asian,Joint,65-74,50.0,Application denied
1,175000.0,48,205000.0,74.0,1,Hispanic or Latino,Female,45-54,85.0,Loan originated
1,635000.0,40,855000.0,181.0,1,White,Joint,45-54,75.0,Loan originated
1,335000.0,45,355000.0,428.0,1,White,Male,45-54,95.0,Loan originated
1,605000.0,42,755000.0,249.0,1,White,Joint,45-54,80.0,Loan originated
1,485000.0,41,835000.0,160.0,1,Hispanic or Latino,Female,45-54,57.831,Loan originated
1,355000.0,41,755000.0,433.0,1,White,Male,35-44,46.667,Loan originated
1,255000.0,30%-<36%,1485000.0,211.0,1,White,Male,55-64,16.892,Loan originated
1,475000.0,44,675000.0,260.0,1,Hispanic or Latino,Male,65-74,70.0,Loan originated
1,585000.0,49,875000.0,116.0,1,Hispanic or Latino,Female,45-54,67.0,Loan originated
1,505000.0,38,795000.0,15.0,1,Asian,Female,25-34,63.21,Loan originated
1,605000.0,42,635000.0,160.0,1,Asian,Joint,45-54,95.0,Loan originated
1,225000.0,49,235000.0,78.0,1,White,Male,<25,95.0,Loan originated
1,355000.0,44,745000.0,276.0,1,White,Joint,45-54,89.99,Loan originated
1,275000.0,44,625000.0,70.0,1,Other,Female,55-64,44.0,Loan originated
1,655000.0,>60%,825000.0,104.0,1,White,Male,25-34,80.0,Application denied
1,425000.0,41,465000.0,118.0,1,Hispanic or Latino,Male,25-34,90.0,Loan originated
1,335000.0,20%-<30%,415000.0,193.0,1,Asian,Female,65-74,80.0,Loan originated
1,285000.0,30%-<36%,1085000.0,162.0,1,White,Joint,65-74,26.63,Loan originated
1,695000.0,42,735000.0,198.0,1,Hispanic or Latino,Male,35-44,95.0,Loan originated
1,455000.0,30%-<36%,475000.0,202.0,1,Hispanic or Latino,Joint,45-54,95.0,Loan originated
1,475000.0,50%-60%,505000.0,178.0,1,Hispanic or Latino,Joint,25-34,95.0,Application denied
1,885000.0,37,985000.0,342.0,1,Asian,Male,35-44,90.0,Loan originated
1,685000.0,46,855000.0,155.0,1,White,Male,35-44,80.0,Loan originated
1,715000.0,49,745000.0,151.0,1,Asian,Female,35-44,95.0,Loan originated
1,505000.0,30%-<36%,675000.0,185.0,1,White,Female,35-44,75.0,Loan originated
1,1125000.0,36,1405000.0,291.0,1,White,Joint,35-44,80.0,Loan originated
1,665000.0,42,885000.0,263.0,1,Asian,Male,55-64,75.0,Loan originated
1,355000.0,30%-<36%,475000.0,286.0,1,White,Female,55-64,75.0,Loan originated
1,885000.0,42,1885000.0,297.0,1,Asian,Joint,45-54,47.034,Loan originated
1,765000.0,30%-<36%,1035000.0,306.0,1,White,Joint,45-54,74.42,Loan originated
1,255000.0,36,1045000.0,104.0,1,White,Joint,65-74,24.0,Loan originated
1,225000.0,39,275000.0,98.0,1,Hispanic or Latino,Male,35-44,80.0,Loan originated
1,355000.0,44,1655000.0,135.0,1,Asian,Female,45-54,21.212,Loan originated
1,405000.0,49,635000.0,107.0,1,Asian,Female,65-74,63.49,Loan originated
1,855000.0,38,1005000.0,223.0,1,Asian,Male,35-44,85.0,Application denied
1,1145000.0,30%-<36%,1625000.0,381.0,1,Asian,Joint,35-44,70.0,Loan originated
1,305000.0,49,315000.0,69.0,1,Hispanic or Latino,Female,35-44,94.33,Loan originated
1,215000.0,48,225000.0,50.0,1,White,Female,35-44,97.0,Loan originated
1,665000.0,41,1165000.0,175.0,1,White,Male,65-74,57.0,Loan originated
1,325000.0,46,415000.0,70.0,1,Hispanic or Latino,Male,35-44,100.0,Loan originated
1,715000.0,37,955000.0,206.0,1,White,Joint,55-64,75.0,Loan originated
1,745000.0,39,1805000.0,212.0,1,White,Male,45-54,41.111,Loan originated
1,765000.0,46,1055000.0,265.0,1,White,Male,35-44,73.005,Loan originated
1,275000.0,>60%,855000.0,73.0,1,White,Joint,>74,31.421,Application denied
1,585000.0,47,645000.0,134.0,1,Hispanic or Latino,Male,25-34,90.0,Loan originated
1,295000.0,46,315000.0,83.0,1,White,Female,35-44,95.0,Loan originated
1,675000.0,36,845000.0,218.0,1,Asian,Joint,25-34,80.0,Loan originated
1,535000.0,44,715000.0,168.0,1,Asian,Female,25-34,75.0,Loan originated
1,385000.0,49,805000.0,90.0,1,Asian,Male,<25,47.47,Loan originated
1,295000.0,43,305000.0,72.0,1,Hispanic or Latino,Male,65-74,100.0,Loan originated
1,615000.0,46,635000.0,158.0,1,Hispanic or Latino,Male,25-34,100.0,Loan originated
1,735000.0,49,1125000.0,159.0,1,White,Joint,65-74,65.0,Loan originated
1,855000.0,39,1065000.0,277.0,1,Asian,Joint,25-34,80.0,Loan originated
1,675000.0,49,755000.0,186.0,1,Hispanic or Latino,Male,35-44,90.0,Loan originated
1,765000.0,41,1555000.0,195.0,1,White,Male,25-34,50.0,Loan originated
1,265000.0,47,565000.0,380.0,1,White,Joint,25-34,46.429,Loan originated
1,805000.0,<20%,1205000.0,560.0,1,White,Male,55-64,66.667,Loan originated
1,685000.0,46,805000.0,194.0,1,White,Joint,25-34,85.0,Loan originated
1,435000.0,45,605000.0,316.0,1,Asian,Male,<25,72.0,Loan originated
1,685000.0,49,755000.0,199.0,1,White,Joint,>74,90.0,Loan originated
1,605000.0,36,2105000.0,209.0,1,Asian,Joint,45-54,29.0,Loan originated
1,695000.0,37,875000.0,225.0,1,Asian,Male,45-54,80.0,Loan originated
1,425000.0,39,445000.0,111.0,1,Hispanic or Latino,Female,25-34,97.0,Loan originated
1,665000.0,41,835000.0,178.0,1,Hispanic or Latino,Joint,25-34,80.0,Loan originated
1,435000.0,49,455000.0,120.0,1,Hispanic or Latino,Joint,25-34,97.0,Loan originated
1,575000.0,49,725000.0,159.0,1,Asian,Male,35-44,79.75,Loan originated
1,465000.0,49,625000.0,82.0,1,Asian,Joint,25-34,95.0,Loan originated
1,725000.0,48,1195000.0,140.0,1,White,Male,45-54,60.669,Loan originated
1,855000.0,38,1325000.0,274.0,1,Asian,Joint,45-54,64.47,Loan originated
1,345000.0,49,675000.0,72.0,1,White,Female,35-44,51.111,Loan originated
1,1105000.0,49,1385000.0,217.0,1,Asian,Female,45-54,80.0,Loan originated
1,145000.0,43,175000.0,58.0,1,Hispanic or Latino,Male,45-54,100.0,Loan originated
1,215000.0,44,355000.0,55.0,1,White,Joint,65-74,60.0,Loan originated
1,265000.0,46,435000.0,83.0,1,Hispanic or Latino,Male,35-44,61.86,Loan originated
1,425000.0,49,465000.0,134.0,1,Hispanic or Latino,Female,25-34,90.0,Loan originated
1,375000.0,49,545000.0,78.0,1,White,Female,55-64,67.89,Loan originated
1,435000.0,43,585000.0,110.0,1,Asian,Female,35-44,74.35,Loan originated
1,305000.0,49,305000.0,89.0,1,Hispanic or Latino,Male,25-34,98.701,Application denied
1,305000.0,20%-<30%,375000.0,132.0,1,White,Joint,35-44,80.0,Loan originated
1,245000.0,37,1445000.0,101.0,1,Asian,Male,65-74,16.667,Loan originated
1,505000.0,20%-<30%,1035000.0,260.0,1,Asian,Female,45-54,48.17,Loan originated
1,335000.0,46,355000.0,185.0,1,Hispanic or Latino,Joint,25-34,95.0,Loan originated
1,625000.0,44,675000.0,137.0,1,Hispanic or Latino,Joint,35-44,92.0,Loan originated
1,685000.0,47,765000.0,130.0,1,Asian,Joint,55-64,90.0,Loan originated
1,415000.0,41,435000.0,104.0,1,Hispanic or Latino,Male,35-44,100.0,Loan originated
1,315000.0,45,335000.0,110.0,1,Hispanic or Latino,Male,25-34,95.0,Loan originated
1,1115000.0,30%-<36%,1485000.0,311.0,1,White,Joint,35-44,75.0,Loan originated
1,765000.0,41,955000.0,238.0,1,Asian,Joint,35-44,80.0,Loan originated
1,285000.0,50%-60%,365000.0,65.0,1,Hispanic or Latino,Joint,25-34,80.0,Application denied
1,695000.0,49,795000.0,159.0,1,Hispanic or Latino,Female,45-54,87.42,Loan originated
1,615000.0,47,625000.0,152.0,1,Hispanic or Latino,Joint,25-34,97.0,Loan originated
1,825000.0,42,1595000.0,203.0,1,White,Male,25-34,51.29,Loan originated
1,535000.0,46,565000.0,159.0,1,Hispanic or Latino,Male,55-64,95.0,Loan originated
1,915000.0,36,1145000.0,339.0,1,White,Joint,65-74,80.0,Application denied
1,825000.0,38,1035000.0,363.0,1,White,Male,45-54,80.0,Loan originated
1,455000.0,49,1355000.0,114.0,1,Hispanic or Latino,Joint,25-34,33.333,Loan originated
1,285000.0,30%-<36%,325000.0,153.0,1,Hispanic or Latino,Joint,35-44,90.0,Loan originated
1,205000.0,20%-<30%,1565000.0,206.0,1,Asian,Male,25-34,12.759,Loan originated
1,905000.0,43,1705000.0,355.0,1,White,Joint,55-64,53.0,Loan originated
1,585000.0,41,885000.0,156.0,1,Asian,Joint,35-44,66.64,Loan originated
1,405000.0,30%-<36%,1065000.0,213.0,1,White,Male,35-44,37.736,Loan originated
1,355000.0,20%-<30%,475000.0,159.0,1,White,Female,>74,73.684,Loan originated
1,455000.0,47,585000.0,88.0,1,Hispanic or Latino,Male,25-34,97.0,Loan originated
1,485000.0,48,575000.0,137.0,1,Other,Female,35-44,85.0,Loan originated
1,265000.0,36,335000.0,150.0,1,Hispanic or Latino,Male,25-34,80.0,Loan originated
1,625000.0,45,785000.0,188.0,1,White,Joint,35-44,80.0,Loan originated
1,595000.0,47,625000.0,131.0,1,Black or African American,Male,45-54,95.0,Loan originated
1,485000.0,37,615000.0,125.0,1,White,Male,25-34,80.0,Loan originated
1,785000.0,40,1115000.0,287.0,1,Hispanic or Latino,Male,55-64,69.973,Loan originated
1,425000.0,41,725000.0,113.0,1,Asian,Female,45-54,60.0,Loan originated
1,515000.0,30%-<36%,2305000.0,276.0,1,White,Joint,65-74,22.22,Loan originated
1,405000.0,48,845000.0,124.0,1,White,Female,25-34,47.506,Loan originated
1,545000.0,49,725000.0,110.0,1,Asian,Male,35-44,74.48,Loan originated
1,565000.0,40,595000.0,183.0,1,Hispanic or Latino,Male,25-34,95.0,Loan originated
1,585000.0,48,655000.0,132.0,1,Asian,Female,25-34,90.0,Loan originated
1,1055000.0,41,1415000.0,311.0,1,White,Male,45-54,75.0,Loan originated
1,375000.0,47,415000.0,74.0,1,Hispanic or Latino,Joint,25-34,90.0,Loan originated
1,685000.0,44,915000.0,201.0,1,Asian,Female,35-44,75.0,Loan originated
1,705000.0,48,855000.0,192.0,1,Hispanic or Latino,Joint,35-44,82.466,Loan originated
1,915000.0,46,1145000.0,297.0,1,White,Joint,45-54,80.0,Loan originated
1,765000.0,30%-<36%,1095000.0,308.0,1,Asian,Joint,25-34,69.96,Loan originated
1,1055000.0,40,1455000.0,370.0,1,Asian,Male,35-44,72.414,Loan originated
1,285000.0,47,355000.0,72.0,1,White,Male,65-74,80.0,Loan originated
1,605000.0,45,645000.0,454.0,1,White,Male,35-44,95.0,Loan originated
1,365000.0,38,425000.0,138.0,1,White,Female,45-54,87.857,Application denied
1,505000.0,44,1615000.0,279.0,1,White,Joint,45-54,31.056,Loan originated
1,825000.0,47,865000.0,227.0,1,Hispanic or Latino,Joint,25-34,95.0,Loan originated
1,955000.0,43,2205000.0,236.0,1,Asian,Male,45-54,43.55,Loan originated
1,445000.0,44,595000.0,95.0,1,Hispanic or Latino,Female,35-44,85.0,Loan originated
1,725000.0,44,905000.0,200.0,1,White,Joint,35-44,80.0,Loan originated
1,565000.0,30%-<36%,635000.0,175.0,1,Asian,Female,25-34,89.98,Loan originated
1,195000.0,30%-<36%,245000.0,132.0,1,White,Joint,25-34,80.0,Loan originated
1,995000.0,40,1345000.0,276.0,1,Hispanic or Latino,Male,35-44,73.881,Loan originated
1,685000.0,30%-<36%,935000.0,211.0,1,Asian,Joint,25-34,73.399,Loan originated
1,725000.0,49,855000.0,155.0,1,Asian,Female,35-44,85.0,Loan originated
1,405000.0,<20%,755000.0,1246.0,1,White,Female,25-34,53.33,Loan originated
1,475000.0,37,635000.0,287.0,1,White,Male,25-34,75.0,Loan originated
1,915000.0,42,1145000.0,200.0,1,Asian,Male,25-34,79.33,Loan originated
1,505000.0,47,875000.0,245.0,1,Asian,Joint,>74,58.0,Loan originated
1,245000.0,46,575000.0,62.0,1,White,Male,65-74,42.982,Loan originated
1,405000.0,20%-<30%,1715000.0,300.0,1,Asian,Male,25-34,24.0,Loan originated
1,605000.0,50%-60%,635000.0,200.0,1,Asian,Joint,45-54,95.0,Loan originated
1,895000.0,47,1125000.0,196.0,1,Asian,Male,35-44,79.214,Loan originated
1,485000.0,48,535000.0,106.0,1,Asian,Joint,45-54,90.0,Loan originated
1,435000.0,45,625000.0,121.0,1,White,Male,35-44,69.6,Loan originated
1,295000.0,42,545000.0,290.0,1,Asian,Male,25-34,53.704,Loan originated
1,405000.0,20%-<30%,745000.0,150.0,1,White,Joint,35-44,54.054,Loan originated
1,715000.0,30%-<36%,785000.0,211.0,1,White,Female,25-34,90.0,Loan originated
1,365000.0,47,1235000.0,101.0,1,White,Female,45-54,29.675,Loan originated
1,315000.0,30%-<36%,1665000.0,165.0,1,White,Joint,65-74,19.157,Loan originated
1,345000.0,20%-<30%,385000.0,148.0,1,Asian,Female,45-54,90.0,Loan originated
1,275000.0,43,425000.0,63.0,1,White,Male,35-44,65.0,Loan originated
1,975000.0,47,1035000.0,225.0,1,Black or African American,Joint,35-44,95.0,Loan originated
1,535000.0,41,565000.0,172.0,1,Hispanic or Latino,Joint,25-34,95.0,Loan originated
1,555000.0,36,695000.0,170.0,1,Asian,Male,35-44,80.0,Loan originated
1,175000.0,<20%,255000.0,135.0,1,Hispanic or Latino,Male,35-44,70.0,Loan originated
1,555000.0,20%-<30%,685000.0,164.0,1,Asian,Male,25-34,80.0,Loan originated
1,995000.0,46,1245000.0,220.0,1,White,Male,35-44,80.0,Loan originated
1,545000.0,48,785000.0,132.0,1,Hispanic or Latino,Joint,65-74,70.0,Loan originated
1,665000.0,30%-<36%,975000.0,220.0,1,Asian,Male,45-54,67.99,Loan originated
1,965000.0,30%-<36%,1205000.0,283.0,1,Hispanic or Latino,Joint,25-34,80.0,Loan originated
1,1115000.0,42,1405000.0,259.0,1,Asian,Male,25-34,80.357,Loan originated
1,415000.0,46,515000.0,203.0,1,White,Male,55-64,80.0,Loan originated
1,485000.0,44,1075000.0,149.0,1,Hispanic or Latino,Joint,45-54,45.365,Loan originated
1,955000.0,39,1195000.0,260.0,1,Asian,Male,25-34,80.0,Loan originated
1,375000.0,49,875000.0,112.0,1,White,Joint,55-64,42.86,Loan originated
1,555000.0,38,625000.0,236.0,1,Hispanic or Latino,Female,45-54,90.0,Loan originated
1,485000.0,40,605000.0,222.0,1,Asian,Joint,55-64,80.0,Loan originated
1,765000.0,30%-<36%,975000.0,233.0,1,White,Female,65-74,78.621,Loan originated
1,805000.0,20%-<30%,1075000.0,292.0,1,Asian,Joint,35-44,74.65,Loan originated
1,515000.0,43,535000.0,127.0,1,Asian,Female,25-34,97.0,Loan originated
1,665000.0,50%-60%,785000.0,167.0,1,Black or African American,Female,35-44,85.0,Loan originated
1,255000.0,49,335000.0,47.0,1,Hispanic or Latino,Male,25-34,78.0,Loan originated
1,765000.0,41,905000.0,400.0,1,White,Male,45-54,84.66,Loan originated
1,405000.0,43,515000.0,128.0,1,White,Female,55-64,80.0,Loan originated
1,455000.0,48,635000.0,93.0,1,Asian,Joint,55-64,70.821,Loan originated
1,545000.0,44,565000.0,177.0,1,Hispanic or Latino,Female,25-34,100.0,Loan originated
1,655000.0,49,695000.0,113.0,1,Hispanic or Latino,Joint,35-44,95.0,Loan originated
1,375000.0,30%-<36%,1005000.0,183.0,1,White,Joint,25-34,37.5,Loan originated
1,735000.0,38,975000.0,210.0,1,White,Male,35-44,75.0,Loan originated
1,605000.0,43,855000.0,181.0,1,Asian,Female,25-34,70.0,Loan originated
1,755000.0,30%-<36%,1155000.0,251.0,1,White,Joint,25-34,65.217,Loan originated
1,385000.0,30%-<36%,415000.0,133.0,1,Hispanic or Latino,Joint,35-44,95.0,Loan originated
1,555000.0,20%-<30%,955000.0,323.0,1,Hispanic or Latino,Joint,55-64,57.895,Loan originated
1,765000.0,30%-<36%,1785000.0,289.0,1,White,Male,55-64,42.978,Loan originated
1,455000.0,30%-<36%,455000.0,136.0,1,White,Female,55-64,100.233,Application denied
1,695000.0,49,735000.0,193.0,1,Hispanic or Latino,Joint,25-34,95.0,Loan originated
1,525000.0,41,875000.0,143.0,1,Hispanic or Latino,Male,55-64,60.0,Loan originated
1,585000.0,42,605000.0,178.0,1,Hispanic or Latino,Joint,25-34,97.0,Loan originated
1,415000.0,44,445000.0,111.0,1,Hispanic or Latino,Male,25-34,95.0,Loan originated
1,385000.0,41,555000.0,138.0,1,Asian,Female,45-54,70.0,Loan originated
1,385000.0,48,485000.0,78.0,1,Hispanic or Latino,Female,35-44,80.0,Loan originated
1,435000.0,48,465000.0,109.0,1,Asian,Joint,45-54,95.0,Loan originated
1,765000.0,42,1025000.0,264.0,1,White,Joint,35-44,74.785,Loan originated
1,525000.0,45,615000.0,167.0,1,White,Male,>74,85.0,Loan originated
1,635000.0,46,655000.0,143.0,1,White,Joint,25-34,97.0,Loan originated
1,345000.0,30%-<36%,435000.0,143.0,1,Hispanic or Latino,Joint,25-34,80.0,Loan originated
1,295000.0,49,425000.0,74.0,1,Hispanic or Latino,Female,45-54,70.0,Loan originated
1,385000.0,48,465000.0,98.0,1,Asian,Female,25-34,82.0,Application denied
1,385000.0,30%-<36%,425000.0,105.0,1,Hispanic or Latino,Joint,55-64,90.0,Loan originated
1,275000.0,37,325000.0,101.0,1,Hispanic or Latino,Joint,25-34,85.0,Loan originated
1,815000.0,<20%,1475000.0,1125.0,1,White,Joint,25-34,55.254,Loan originated
1,1125000.0,49,1255000.0,378.0,1,White,Joint,45-54,90.0,Loan originated
1,755000.0,39,1125000.0,307.0,1,White,Male,45-54,66.67,Loan originated
1,155000.0,47,175000.0,49.0,1,White,Female,55-64,90.0,Loan originated
1,755000.0,20%-<30%,1495000.0,327.0,1,White,Joint,35-44,50.067,Loan originated
1,765000.0,43,835000.0,166.0,1,White,Male,25-34,92.355,Loan originated
1,605000.0,45,805000.0,182.0,1,White,Joint,>74,75.0,Loan originated
1,505000.0,20%-<30%,1275000.0,200.0,1,White,Joint,55-64,39.216,Loan originated
1,185000.0,<20%,465000.0,236.0,1,White,Male,35-44,40.0,Loan originated
1,875000.0,37,925000.0,338.0,1,Hispanic or Latino,Joint,35-44,94.938,Application denied
1,585000.0,43,785000.0,145.0,1,White,Male,25-34,74.49,Loan originated
1,215000.0,<20%,255000.0,131.0,1,White,Male,25-34,88.0,Loan originated
1,515000.0,49,655000.0,108.0,1,Asian,Female,25-34,78.677,Loan originated
1,55000.0,30%-<36%,665000.0,73.0,1,White,Female,65-74,7.46,Loan originated
1,295000.0,44,305000.0,97.0,1,White,Male,<25,97.0,Loan originated
1,635000.0,48,855000.0,172.0,1,White,Male,45-54,75.0,Loan originated
1,435000.0,30%-<36%,585000.0,210.0,1,White,Male,25-34,75.0,Application denied
1,235000.0,20%-<30%,645000.0,127.0,1,White,Female,45-54,36.406,Loan originated
1,245000.0,49,595000.0,89.0,1,White,Joint,35-44,41.57,Loan originated
1,225000.0,20%-<30%,285000.0,117.0,1,White,Male,45-54,80.0,Loan originated
1,455000.0,44,605000.0,103.0,1,White,Joint,35-44,74.99,Loan originated
1,995000.0,40,1245000.0,378.0,1,Asian,Joint,35-44,80.0,Loan originated
1,495000.0,37,625000.0,127.0,1,Hispanic or Latino,Joint,45-54,80.0,Loan originated
1,485000.0,45,515000.0,105.0,1,White,Joint,35-44,95.0,Loan originated
1,715000.0,49,895000.0,260.0,1,Asian,Joint,25-34,80.0,Loan originated
1,365000.0,48,385000.0,116.0,1,Hispanic or Latino,Female,45-54,95.0,Loan originated
1,1035000.0,20%-<30%,1735000.0,395.0,1,Asian,Joint,45-54,59.692,Loan originated
1,505000.0,47,625000.0,109.0,1,Hispanic or Latino,Joint,55-64,80.0,Loan originated
1,615000.0,40,775000.0,191.0,1,Asian,Joint,45-54,80.0,Loan originated
1,485000.0,>60%,535000.0,50.0,1,Asian,Male,55-64,89.923,Application denied
1,935000.0,42,1305000.0,264.0,1,White,Joint,25-34,71.539,Loan originated
1,325000.0,38,405000.0,157.0,1,White,Joint,25-34,80.0,Loan originated
1,365000.0,49,385000.0,103.0,1,Hispanic or Latino,Male,55-64,95.0,Loan originated
1,755000.0,45,845000.0,160.0,1,Asian,Female,45-54,89.994,Loan originated
1,535000.0,47,555000.0,113.0,1,White,Female,25-34,97.0,Loan originated
1,645000.0,42,805000.0,191.0,1,Asian,Female,65-74,80.0,Loan originated
1,1175000.0,37,1565000.0,602.0,1,Asian,Joint,25-34,75.0,Loan originated
1,675000.0,46,745000.0,227.0,1,White,Female,35-44,90.0,Loan originated
1,235000.0,40,475000.0,95.0,1,White,Female,25-34,49.0,Loan originated
1,295000.0,<20%,695000.0,676.0,1,White,Male,65-74,42.029,Loan originated
1,305000.0,30%-<36%,695000.0,125.0,1,Asian,Male,35-44,43.196,Loan originated
1,625000.0,49,735000.0,140.0,1,White,Female,45-54,85.0,Loan originated
1,795000.0,49,1235000.0,162.0,1,White,Joint,25-34,64.228,Loan originated
1,705000.0,37,1895000.0,216.0,1,White,Male,55-64,36.939,Loan originated
1,345000.0,49,405000.0,65.0,1,Hispanic or Latino,Female,45-54,85.0,Loan originated
1,1035000.0,30%-<36%,1605000.0,279.0,1,Asian,Female,45-54,64.438,Loan originated
1,505000.0,30%-<36%,2505000.0,728.0,1,White,Male,35-44,66.22,Loan originated
1,135000.0,30%-<36%,295000.0,84.0,1,Hispanic or Latino,Male,45-54,44.25,Loan originated
1,725000.0,45,1415000.0,253.0,1,Asian,Male,45-54,52.0,Loan originated
1,365000.0,44,615000.0,113.0,1,Other,Male,35-44,59.35,Loan originated
1,655000.0,41,965000.0,190.0,1,Asian,Male,35-44,67.708,Loan originated
1,745000.0,30%-<36%,835000.0,310.0,1,Asian,Male,25-34,89.0,Loan originated
1,485000.0,44,535000.0,115.0,1,Asian,Male,25-34,90.0,Loan originated
1,995000.0,40,1425000.0,265.0,1,White,Joint,65-74,70.0,Application denied
1,335000.0,48,355000.0,64.0,1,Hispanic or Latino,Female,25-34,95.958,Loan originated
1,305000.0,49,615000.0,125.0,1,Hispanic or Latino,Joint,35-44,50.0,Loan originated
1,485000.0,42,605000.0,152.0,1,Hispanic or Latino,Joint,45-54,80.0,Loan originated
1,915000.0,41,1135000.0,237.0,1,Asian,Joint,25-34,80.0,Loan originated
1,755000.0,49,945000.0,156.0,1,Asian,Male,35-44,79.59,Loan originated
1,1145000.0,49,1645000.0,417.0,1,White,Male,25-34,70.0,Loan originated
1,715000.0,45,885000.0,152.0,1,Asian,Male,25-34,80.0,Loan originated
1,465000.0,45,485000.0,131.0,1,Hispanic or Latino,Male,25-34,94.989,Loan originated
1,955000.0,40,2955000.0,315.0,1,Asian,Male,45-54,32.2,Loan originated
1,1005000.0,44,2295000.0,252.0,1,Asian,Joint,25-34,43.57,Loan originated
1,675000.0,42,915000.0,180.0,1,Asian,Joint,35-44,75.0,Loan originated
1,525000.0,38,1055000.0,165.0,1,Asian,Male,45-54,50.0,Application denied
1,905000.0,30%-<36%,1205000.0,492.0,1,White,Male,45-54,75.0,Loan originated
1,525000.0,49,655000.0,119.0,1,Hispanic or Latino,Male,35-44,80.0,Loan originated
1,725000.0,46,905000.0,203.0,1,Asian,Male,25-34,79.99978,Loan originated
1,725000.0,30%-<36%,905000.0,250.0,1,Black or African American,Female,25-34,80.0,Loan originated
1,475000.0,43,595000.0,128.0,1,Hispanic or Latino,Male,25-34,80.0,Loan originated
1,765000.0,44,1035000.0,347.0,1,White,Joint,<25,73.92,Loan originated
1,575000.0,41,715000.0,261.0,1,Asian,Male,35-44,80.0,Loan originated
1,555000.0,42,735000.0,151.0,1,Hispanic or Latino,Female,25-34,75.0,Loan originated
1,465000.0,45,515000.0,100.0,1,Hispanic or Latino,Female,25-34,90.0,Loan originated
1,1045000.0,49,1305000.0,335.0,1,Asian,Male,45-54,80.0,Loan originated
1,755000.0,30%-<36%,1085000.0,292.0,1,White,Joint,65-74,72.0,Loan originated
1,415000.0,50%-60%,415000.0,74.0,1,Hispanic or Latino,Male,45-54,100.0,Application denied
1,425000.0,49,445000.0,106.0,1,Black or African American,Joint,45-54,97.0,Application denied
1,285000.0,48,745000.0,76.0,1,Asian,Male,>74,37.584,Loan originated
1,765000.0,20%-<30%,1075000.0,257.0,1,Asian,Male,25-34,71.3,Loan originated
1,215000.0,<20%,715000.0,271.0,1,White,Male,25-34,29.577,Loan originated
1,515000.0,42,585000.0,139.0,1,White,Male,55-64,88.135,Loan originated
1,435000.0,43,585000.0,98.0,1,Asian,Female,45-54,75.0,Loan originated
1,445000.0,46,495000.0,102.0,1,Hispanic or Latino,Male,25-34,90.0,Loan originated
1,725000.0,>60%,1245000.0,112.0,1,Black or African American,Female,45-54,58.4,Application denied
1,245000.0,30%-<36%,345000.0,87.0,1,White,Joint,25-34,71.347,Loan originated
1,505000.0,44,745000.0,162.0,1,White,Female,65-74,67.57,Loan originated
1,645000.0,37,755000.0,194.0,1,White,Joint,25-34,86.0,Loan originated
1,475000.0,42,505000.0,186.0,1,White,Male,65-74,95.0,Loan originated
1,615000.0,30%-<36%,765000.0,173.0,1,Hispanic or Latino,Male,45-54,80.0,Loan originated
1,465000.0,38,495000.0,165.0,1,White,Male,25-34,95.0,Loan originated
1,705000.0,43,1015000.0,250.0,1,Hispanic or Latino,Male,35-44,70.0,Loan originated
1,355000.0,36,435000.0,130.0,1,White,Female,25-34,80.0,Loan originated
1,385000.0,43,485000.0,84.0,1,White,Male,35-44,80.0,Loan originated
1,375000.0,30%-<36%,395000.0,180.0,1,White,Female,35-44,95.0,Loan originated
1,285000.0,42,485000.0,87.0,1,Hispanic or Latino,Joint,35-44,58.68,Loan originated
1,275000.0,20%-<30%,295000.0,93.0,1,Hispanic or Latino,Male,35-44,95.0,Loan originated
1,145000.0,>60%,375000.0,55.0,1,Asian,Male,45-54,46.133,Application denied
1,585000.0,40,725000.0,188.0,1,White,Joint,25-34,80.0,Loan originated
1,875000.0,38,1085000.0,249.0,1,White,Joint,35-44,80.0,Loan originated
1,1145000.0,30%-<36%,1435000.0,406.0,1,Asian,Joint,25-34,80.0,Loan originated
1,685000.0,38,865000.0,208.0,1,Asian,Male,25-34,80.0,Loan originated
1,925000.0,42,975000.0,230.0,1,Black or African American,Female,35-44,95.0,Loan originated
1,195000.0,30%-<36%,225000.0,158.0,1,White,Male,65-74,90.82,Application denied
1,335000.0,30%-<36%,365000.0,95.0,1,Hispanic or Latino,Joint,45-54,89.719,Loan originated
1,385000.0,38,415000.0,130.0,1,White,Male,25-34,95.0,Loan originated
1,675000.0,20%-<30%,715000.0,290.0,1,Asian,Joint,35-44,94.993,Loan originated
1,205000.0,42,275000.0,62.0,1,White,Joint,25-34,74.444,Loan originated
1,295000.0,44,545000.0,119.0,1,White,Joint,35-44,53.628,Loan originated
1,415000.0,36,555000.0,120.0,1,White,Joint,25-34,75.0,Loan originated
1,675000.0,47,895000.0,132.0,1,Asian,Male,25-34,75.0,Loan originated
1,345000.0,30%-<36%,435000.0,96.0,1,White,Female,25-34,80.0,Loan originated
1,715000.0,30%-<36%,755000.0,229.0,1,Hispanic or Latino,Female,35-44,95.0,Loan originated
1,725000.0,40,915000.0,200.0,1,Asian,Joint,25-34,80.0,Loan originated
1,405000.0,47,505000.0,170.0,1,Hispanic or Latino,Female,45-54,80.0,Loan originated
1,795000.0,48,835000.0,168.0,1,White,Male,25-34,95.0,Loan originated
1,245000.0,39,275000.0,81.0,1,White,Female,35-44,92.754,Loan originated
1,455000.0,50%-60%,615000.0,188.0,1,White,Female,65-74,75.0,Application denied
1,155000.0,49,165000.0,131.0,1,Black or African American,Male,45-54,95.0,Loan originated
1,415000.0,20%-<30%,455000.0,212.0,1,Asian,Joint,35-44,90.0,Loan originated
1,755000.0,38,1115000.0,205.0,1,White,Joint,65-74,67.371,Loan originated
1,485000.0,41,515000.0,145.0,1,White,Male,35-44,95.0,Loan originated
1,705000.0,41,1105000.0,200.0,1,White,Joint,35-44,63.636,Loan originated
1,655000.0,40,765000.0,174.0,1,Hispanic or Latino,Joint,35-44,85.0,Loan originated
1,655000.0,38,685000.0,213.0,1,Hispanic or Latino,Male,35-44,95.0,Loan originated
1,665000.0,38,885000.0,160.0,1,Asian,Male,45-54,75.0,Loan originated
1,685000.0,48,855000.0,164.0,1,Hispanic or Latino,Joint,25-34,80.0,Loan originated
1,405000.0,49,455000.0,81.0,1,Hispanic or Latino,Female,35-44,90.0,Loan originated
1,515000.0,44,575000.0,146.0,1,Asian,Female,35-44,90.0,Loan originated
1,745000.0,20%-<30%,935000.0,279.0,1,Hispanic or Latino,Joint,45-54,80.0,Loan originated
1,525000.0,39,705000.0,130.0,1,Asian,Female,25-34,75.0,Loan originated
1,675000.0,48,755000.0,130.0,1,Asian,Male,35-44,90.0,Loan originated
1,695000.0,39,875000.0,164.0,1,Other,Male,45-54,80.0,Loan originated
1,245000.0,38,255000.0,72.0,1,Hispanic or Latino,Female,35-44,97.0,Loan originated
1,595000.0,41,625000.0,132.0,1,Hispanic or Latino,Joint,65-74,95.0,Loan originated
1,265000.0,30%-<36%,325000.0,103.0,1,Hispanic or Latino,Joint,25-34,80.0,Loan originated
1,725000.0,43,1825000.0,190.0,1,White,Male,55-64,39.726,Loan originated
1,75000.0,42,85000.0,60.0,1,White,Female,45-54,85.0,Loan originated
1,445000.0,43,525000.0,163.0,1,Hispanic or Latino,Male,55-64,85.58,Loan originated
1,1125000.0,30%-<36%,1405000.0,411.0,1,Asian,Joint,35-44,79.825,Loan originated
1,255000.0,49,365000.0,115.0,1,White,Female,65-74,70.0,Loan originated
1,665000.0,48,885000.0,162.0,1,Asian,Joint,25-34,75.0,Loan originated
1,1085000.0,30%-<36%,1355000.0,331.0,1,Asian,Male,25-34,80.0,Loan originated
1,405000.0,46,505000.0,90.0,1,Hispanic or Latino,Female,35-44,80.0,Loan originated
1,705000.0,45,885000.0,183.0,1,Hispanic or Latino,Joint,35-44,80.0,Loan originated
1,475000.0,30%-<36%,815000.0,186.0,1,White,Joint,25-34,58.025,Loan originated
1,655000.0,36,1025000.0,258.0,1,White,Male,>74,63.41,Loan originated
1,875000.0,<20%,1095000.0,149.0,1,White,Male,25-34,80.0,Application denied
1,755000.0,20%-<30%,1405000.0,324.0,1,White,Male,35-44,53.572,Loan originated
1,995000.0,36,1245000.0,260.0,1,Asian,Joint,35-44,80.0,Loan originated
1,755000.0,49,985000.0,148.0,1,Asian,Male,25-34,77.0,Loan originated
1,665000.0,50%-60%,705000.0,128.0,1,White,Male,65-74,95.0,Loan originated
1,505000.0,37,555000.0,135.0,1,Asian,Female,35-44,90.0,Loan originated
1,305000.0,20%-<30%,555000.0,132.0,1,Black or African American,Female,25-34,54.545,Loan originated
1,1005000.0,43,1955000.0,469.0,1,White,Joint,45-54,51.282,Loan originated
1,825000.0,37,1035000.0,377.0,1,White,Female,25-34,80.0,Loan originated
1,765000.0,42,805000.0,172.0,1,White,Male,45-54,95.0,Loan originated
1,495000.0,41,495000.0,121.0,1,Hispanic or Latino,Male,25-34,100.0,Loan originated
1,935000.0,39,1165000.0,398.0,1,Asian,Female,25-34,80.0,Loan originated
1,475000.0,30%-<36%,595000.0,169.0,1,White,Joint,35-44,82.832,Loan originated
1,695000.0,30%-<36%,765000.0,216.0,1,White,Joint,35-44,90.0,Loan originated
1,435000.0,37,875000.0,181.0,1,White,Joint,35-44,50.0,Loan originated
1,375000.0,36,385000.0,113.0,1,Hispanic or Latino,Joint,25-34,97.0,Loan originated
1,1105000.0,49,1405000.0,279.0,1,Asian,Male,35-44,78.572,Loan originated
1,525000.0,37,535000.0,142.0,1,Hispanic or Latino,Female,25-34,97.0,Loan originated
1,485000.0,46,575000.0,105.0,1,Hispanic or Latino,Female,45-54,85.0,Loan originated
1,955000.0,30%-<36%,1445000.0,319.0,1,White,Joint,35-44,66.0,Loan originated
1,425000.0,43,565000.0,499.0,1,Asian,Joint,35-44,75.0,Loan originated
1,275000.0,49,445000.0,55.0,1,Hispanic or Latino,Female,35-44,98.975,Loan originated
1,585000.0,20%-<30%,735000.0,257.0,1,Asian,Female,25-34,80.0,Loan originated
1,405000.0,38,515000.0,155.0,1,White,Female,45-54,80.0,Loan originated
1,555000.0,45,755000.0,125.0,1,White,Male,35-44,73.354,Loan originated
1,175000.0,47,365000.0,43.0,1,White,Joint,65-74,48.509,Loan originated
1,805000.0,40,845000.0,259.0,1,Asian,Male,35-44,95.0,Loan originated
1,615000.0,41,1025000.0,166.0,1,Asian,Female,35-44,59.922,Loan originated
1,315000.0,49,395000.0,71.0,1,Hispanic or Latino,Female,25-34,80.0,Loan originated
1,545000.0,45,795000.0,211.0,1,Hispanic or Latino,Joint,25-34,68.474,Loan originated
1,545000.0,46,845000.0,129.0,1,Asian,Male,25-34,65.0,Loan originated
1,765000.0,30%-<36%,955000.0,385.0,1,Hispanic or Latino,Female,45-54,80.0,Loan originated
1,535000.0,46,665000.0,115.0,1,White,Male,25-34,80.0,Loan originated
1,385000.0,30%-<36%,405000.0,137.0,1,White,Joint,25-34,95.0,Loan originated
1,425000.0,43,475000.0,125.0,1,Hispanic or Latino,Female,25-34,90.0,Loan originated
1,465000.0,20%-<30%,915000.0,240.0,1,White,Male,45-54,50.927,Loan originated
1,615000.0,46,655000.0,230.0,1,White,Joint,55-64,95.0,Loan originated
1,635000.0,49,795000.0,128.0,1,Asian,Joint,25-34,80.0,Loan originated
1,795000.0,39,835000.0,176.0,1,Hispanic or Latino,Joint,25-34,95.0,Loan originated
1,1125000.0,30%-<36%,1415000.0,374.0,1,Asian,Joint,25-34,80.0,Loan originated
1,275000.0,30%-<36%,295000.0,101.0,1,Hispanic or Latino,Female,55-64,95.0,Loan originated
1,505000.0,40,535000.0,133.0,1,Hispanic or Latino,Male,45-54,95.0,Loan originated
1,335000.0,41,345000.0,124.0,1,White,Male,35-44,97.0,Loan originated
1,465000.0,30%-<36%,665000.0,210.0,1,White,Female,45-54,70.0,Loan originated
1,445000.0,<20%,555000.0,0.0,1,White,Male,35-44,80.0,Application denied
1,575000.0,42,595000.0,132.0,1,White,Joint,55-64,97.0,Loan originated
1,755000.0,20%-<30%,1255000.0,257.0,1,Asian,Male,25-34,60.0,Loan originated
1,575000.0,30%-<36%,595000.0,208.0,1,Asian,Joint,25-34,97.0,Application denied
1,585000.0,30%-<36%,735000.0,209.0,1,Asian,Female,45-54,80.0,Loan originated
1,965000.0,47,1485000.0,233.0,1,Asian,Joint,25-34,64.987,Loan originated
1,535000.0,43,665000.0,139.0,1,Asian,Male,25-34,80.0,Loan originated
1,745000.0,40,835000.0,425.0,1,White,Joint,55-64,90.0,Application denied
1,715000.0,47,885000.0,127.0,1,White,Male,45-54,80.0,Loan originated
1,305000.0,44,325000.0,103.0,1,Hispanic or Latino,Male,35-44,95.0,Loan originated
1,295000.0,49,345000.0,98.0,1,White,Male,55-64,87.0,Loan originated
1,455000.0,44,575000.0,106.0,1,White,Joint,25-34,80.0,Loan originated
1,525000.0,30%-<36%,555000.0,170.0,1,White,Joint,45-54,95.0,Application denied
1,245000.0,47,755000.0,79.0,1,White,Male,65-74,31.623,Loan originated
1,685000.0,30%-<36%,855000.0,232.0,1,White,Joint,25-34,80.0,Loan originated
1,175000.0,46,525000.0,55.0,1,White,Female,35-44,32.983,Loan originated
1,485000.0,48,605000.0,120.0,1,Asian,Male,35-44,80.0,Loan originated
1,755000.0,48,1395000.0,210.0,1,White,Joint,35-44,53.889,Loan originated
1,625000.0,42,785000.0,165.0,1,White,Joint,25-34,80.0,Loan originated
1,285000.0,36,505000.0,89.0,1,Hispanic or Latino,Male,45-54,58.0,Loan originated
1,505000.0,47,1005000.0,153.0,1,White,Male,25-34,50.0,Loan originated
1,925000.0,44,1335000.0,232.0,1,Asian,Joint,25-34,68.97,Loan originated
1,185000.0,>60%,185000.0,56.0,1,Hispanic or Latino,Male,25-34,95.0,Application denied
1,655000.0,30%-<36%,855000.0,226.0,1,White,Joint,35-44,76.608,Loan originated
1,1085000.0,30%-<36%,1455000.0,370.0,1,Asian,Joint,25-34,84.979,Loan originated
1,325000.0,46,485000.0,200.0,1,Black or African American,Female,55-64,70.0,Application denied
1,325000.0,20%-<30%,335000.0,136.0,1,White,Female,55-64,97.0,Loan originated
1,555000.0,44,575000.0,132.0,1,Asian,Joint,25-34,96.17,Loan originated
1,495000.0,42,875000.0,179.0,1,White,Female,55-64,56.387,Loan originated
1,475000.0,47,785000.0,132.0,1,Asian,Male,45-54,67.14,Loan originated
1,725000.0,44,805000.0,415.0,1,Asian,Female,45-54,89.57,Loan originated
1,1135000.0,30%-<36%,1515000.0,396.0,1,Black or African American,Joint,35-44,75.0,Loan originated
1,375000.0,46,475000.0,115.0,1,Hispanic or Latino,Female,45-54,80.0,Loan originated
1,305000.0,47,375000.0,78.0,1,White,Male,35-44,80.0,Loan originated
1,115000.0,48,285000.0,97.0,1,Hispanic or Latino,Male,35-44,38.6,Loan originated
1,955000.0,20%-<30%,1595000.0,677.0,1,Asian,Female,55-64,60.0,Loan originated
1,1085000.0,39,1355000.0,682.0,1,White,Male,25-34,80.0,Loan originated
1,685000.0,38,715000.0,178.0,1,White,Joint,45-54,97.0,Loan originated
1,325000.0,42,525000.0,97.0,1,Asian,Female,25-34,61.67,Loan originated
1,595000.0,43,695000.0,160.0,1,White,Female,25-34,85.0,Loan originated
1,1005000.0,30%-<36%,1505000.0,321.0,1,White,Female,65-74,66.667,Loan originated
1,745000.0,41,835000.0,234.0,1,Black or African American,Joint,45-54,90.0,Application denied
1,665000.0,48,735000.0,243.0,1,Hispanic or Latino,Male,35-44,90.0,Loan originated
1,1085000.0,47,1555000.0,403.0,1,Other,Male,55-64,93.419,Loan originated
1,815000.0,42,905000.0,215.0,1,White,Joint,45-54,90.0,Loan originated
1,545000.0,47,785000.0,260.0,1,Asian,Male,35-44,70.0,Loan originated
1,585000.0,44,725000.0,140.0,1,Black or African American,Female,35-44,80.0,Loan originated
1,995000.0,46,1105000.0,503.0,1,Asian,Female,45-54,89.93,Loan originated
1,925000.0,30%-<36%,1035000.0,277.0,1,White,Female,45-54,89.993,Loan originated
1,665000.0,43,1015000.0,156.0,1,White,Joint,25-34,65.542,Loan originated
1,535000.0,49,1085000.0,120.0,1,Asian,Male,25-34,49.75,Loan originated
1,455000.0,49,735000.0,158.0,1,Hispanic or Latino,Male,55-64,61.9,Loan originated
1,345000.0,49,525000.0,70.0,1,Hispanic or Latino,Female,45-54,65.619,Loan originated
1,175000.0,36,205000.0,86.0,1,White,Female,65-74,85.88,Application denied
1,115000.0,30%-<36%,125000.0,41.0,1,Hispanic or Latino,Male,55-64,96.999,Loan originated
1,365000.0,30%-<36%,945000.0,128.0,1,Asian,Male,35-44,38.624,Loan originated
1,405000.0,48,425000.0,91.0,1,Black or African American,Male,55-64,95.0,Loan originated
1,465000.0,47,555000.0,141.0,1,White,Female,65-74,85.0,Loan originated
1,525000.0,41,755000.0,173.0,1,White,Male,65-74,70.0,Loan originated
1,265000.0,30%-<36%,565000.0,124.0,1,White,Female,55-64,47.602,Loan originated
1,835000.0,44,935000.0,311.0,1,White,Joint,25-34,89.9,Loan originated
1,95000.0,38,295000.0,117.0,1,White,Female,65-74,30.89,Loan originated
1,865000.0,46,1075000.0,188.0,1,Asian,Male,45-54,80.0,Loan originated
1,685000.0,42,765000.0,176.0,1,Asian,Male,35-44,90.0,Loan originated
1,275000.0,45,385000.0,72.0,1,White,Male,25-34,70.97,Loan originated
1,575000.0,46,605000.0,144.0,1,Hispanic or Latino,Joint,35-44,95.0,Loan originated
1,815000.0,42,865000.0,207.0,1,Hispanic or Latino,Joint,25-34,95.0,Loan originated
1,405000.0,39,845000.0,191.0,1,Asian,Joint,45-54,47.337,Loan originated
1,485000.0,43,565000.0,168.0,1,White,Joint,35-44,85.0,Loan originated
1,355000.0,41,415000.0,112.0,1,Hispanic or Latino,Joint,25-34,85.0,Loan originated
1,575000.0,49,645000.0,114.0,1,Hispanic or Latino,Female,25-34,89.98,Loan originated
1,185000.0,20%-<30%,235000.0,133.0,1,White,Joint,35-44,78.89,Loan originated
1,765000.0,44,875000.0,258.0,1,Asian,Male,45-54,87.506,Loan originated
1,425000.0,30%-<36%,465000.0,142.0,1,Asian,Joint,35-44,89.99,Loan originated
1,955000.0,41,1195000.0,252.0,1,White,Male,55-64,80.0,Loan originated
1,765000.0,42,965000.0,238.0,1,White,Male,35-44,82.52,Loan originated
1,85000.0,20%-<30%,95000.0,58.0,1,Black or African American,Male,35-44,95.0,Loan originated
1,55000.0,43,275000.0,22.0,1,White,Female,<25,111.636,Application denied
1,355000.0,30%-<36%,1155000.0,314.0,1,White,Male,45-54,31.0,Loan originated
1,655000.0,44,815000.0,247.0,1,Asian,Male,45-54,80.0,Loan originated
1,535000.0,49,565000.0,121.0,1,Hispanic or Latino,Joint,25-34,95.0,Loan originated
1,375000.0,30%-<36%,435000.0,140.0,1,White,Female,55-64,85.226,Loan originated
1,485000.0,39,1015000.0,147.0,1,Asian,Joint,45-54,47.61,Loan originated
1,265000.0,30%-<36%,1185000.0,69.0,1,Asian,Male,>74,22.363,Loan originated
1,695000.0,39,865000.0,217.0,1,Asian,Joint,35-44,79.999,Loan originated
1,635000.0,36,705000.0,203.0,1,White,Male,45-54,90.0,Loan originated
1,285000.0,30%-<36%,655000.0,119.0,1,White,Joint,>74,43.511,Loan originated
1,675000.0,48,975000.0,158.0,1,Asian,Joint,25-34,69.22,Loan originated
1,295000.0,48,335000.0,85.0,1,Hispanic or Latino,Male,35-44,90.0,Loan originated
1,605000.0,38,1065000.0,156.0,1,White,Male,35-44,56.49,Loan originated
1,455000.0,47,605000.0,94.0,1,Other,Male,35-44,75.0,Loan originated
1,605000.0,47,1015000.0,225.0,1,Hispanic or Latino,Male,35-44,60.0,Loan originated
1,655000.0,36,735000.0,200.0,1,Asian,Joint,35-44,90.0,Loan originated
1,705000.0,36,885000.0,173.0,1,Asian,Male,25-34,80.0,Loan originated
1,305000.0,>60%,675000.0,41.0,1,White,Joint,55-64,44.54,Application denied
1,315000.0,49,425000.0,75.0,1,White,Male,55-64,75.0,Loan originated
1,205000.0,43,355000.0,102.0,1,White,Female,25-34,57.46,Loan originated
1,475000.0,48,855000.0,114.0,1,Asian,Female,25-34,55.693,Loan originated
1,525000.0,49,765000.0,281.0,1,White,Male,35-44,69.01,Loan originated
1,705000.0,49,875000.0,157.0,1,Asian,Female,25-34,80.32,Application denied
1,575000.0,49,725000.0,179.0,1,Asian,Male,35-44,79.99,Loan originated
1,355000.0,50%-60%,555000.0,65.0,1,Black or African American,Female,55-64,63.636,Application denied
1,445000.0,47,495000.0,203.0,1,White,Male,25-34,89.427,Loan originated
1,505000.0,47,635000.0,118.0,1,White,Male,>74,80.0,Loan originated
1,805000.0,38,1395000.0,225.0,1,Asian,Joint,25-34,57.27,Loan originated
1,705000.0,42,885000.0,171.0,1,Hispanic or Latino,Female,35-44,80.0,Loan originated
1,765000.0,49,975000.0,149.0,1,White,Male,25-34,79.0,Loan originated
1,545000.0,47,675000.0,110.0,1,Black or African American,Female,25-34,80.0,Loan originated
1,365000.0,41,385000.0,108.0,1,White,Joint,25-34,95.0,Loan originated
1,765000.0,48,1605000.0,217.0,1,White,Joint,35-44,47.91,Loan originated
1,465000.0,38,575000.0,147.0,1,White,Male,25-34,80.0,Loan originated
1,585000.0,30%-<36%,885000.0,195.0,1,Asian,Female,25-34,66.006,Loan originated
1,765000.0,47,965000.0,173.0,1,Asian,Female,35-44,79.158,Loan originated
1,395000.0,38,525000.0,158.0,1,Hispanic or Latino,Male,45-54,75.0,Loan originated
1,395000.0,42,495000.0,123.0,1,Asian,Male,25-34,80.0,Loan originated
1,1005000.0,49,1265000.0,219.0,1,Hispanic or Latino,Male,35-44,79.608,Loan originated
1,785000.0,>60%,825000.0,120.0,1,Hispanic or Latino,Joint,25-34,98.03,Loan originated
1,315000.0,49,325000.0,168.0,1,Hispanic or Latino,Male,25-34,100.0,Loan originated
1,685000.0,38,805000.0,210.0,1,Asian,Joint,35-44,85.0,Loan originated
1,305000.0,30%-<36%,505000.0,172.0,1,White,Joint,35-44,60.0,Loan originated
1,755000.0,36,1505000.0,284.0,1,Asian,Joint,55-64,50.0,Loan originated
1,495000.0,47,635000.0,109.0,1,Asian,Joint,45-54,97.165,Loan originated
1,725000.0,48,805000.0,184.0,1,Asian,Male,35-44,90.0,Loan originated
1,355000.0,30%-<36%,745000.0,131.0,1,White,Male,65-74,46.859,Loan originated
1,675000.0,50%-60%,755000.0,149.0,1,Asian,Female,25-34,89.99,Loan originated
1,845000.0,30%-<36%,1205000.0,282.0,1,White,Male,35-44,70.0,Loan originated
1,555000.0,20%-<30%,695000.0,280.0,1,White,Joint,35-44,80.0,Loan originated
1,955000.0,20%-<30%,1195000.0,307.0,1,Asian,Male,25-34,80.0,Loan originated
1,235000.0,41,565000.0,110.0,1,White,Joint,>74,41.593,Loan originated
1,245000.0,47,305000.0,111.0,1,White,Male,65-74,80.0,Application denied
1,765000.0,43,975000.0,333.0,1,Black or African American,Joint,35-44,79.0,Loan originated
1,465000.0,50%-60%,485000.0,97.0,1,Hispanic or Latino,Joint,25-34,97.0,Loan originated
1,755000.0,20%-<30%,835000.0,415.0,1,Asian,Female,35-44,99.946,Loan originated
1,545000.0,47,675000.0,142.0,1,Asian,Joint,25-34,100.0,Loan originated
1,305000.0,43,645000.0,121.0,1,Black or African American,Female,45-54,46.957,Loan originated
1,215000.0,20%-<30%,245000.0,263.0,1,White,Male,45-54,75.0,Application denied
1,385000.0,49,465000.0,95.0,1,Hispanic or Latino,Female,35-44,83.913,Loan originated
1,605000.0,30%-<36%,755000.0,209.0,1,White,Joint,55-64,80.0,Loan originated
1,955000.0,30%-<36%,1395000.0,454.0,1,Asian,Joint,35-44,68.21,Loan originated
1,555000.0,37,765000.0,193.0,1,Asian,Joint,45-54,72.274,Loan originated
1,695000.0,<20%,935000.0,774.0,1,Hispanic or Latino,Male,55-64,75.0,Loan originated
1,465000.0,37,475000.0,153.0,1,Black or African American,Female,25-34,97.0,Loan originated
1,955000.0,30%-<36%,1195000.0,1746.0,1,White,Joint,25-34,80.0,Loan originated
1,305000.0,39,345000.0,85.0,1,Hispanic or Latino,Male,25-34,90.0,Loan originated
1,325000.0,45,645000.0,77.0,1,Hispanic or Latino,Joint,55-64,50.0,Loan originated
1,695000.0,47,775000.0,195.0,1,Black or African American,Joint,55-64,89.99,Loan originated
1,755000.0,49,1015000.0,242.0,1,Asian,Joint,35-44,74.99,Loan originated
1,345000.0,41,1035000.0,133.0,1,White,Joint,65-74,33.0,Loan originated
1,445000.0,30%-<36%,555000.0,160.0,1,White,Female,65-74,80.0,Loan originated
1,755000.0,41,885000.0,239.0,1,White,Female,65-74,85.0,Loan originated
1,675000.0,36,845000.0,212.0,1,Asian,Male,35-44,80.0,Loan originated
1,975000.0,30%-<36%,1025000.0,365.0,1,Asian,Joint,35-44,95.0,Loan originated
1,315000.0,43,335000.0,95.0,1,White,Joint,55-64,95.0,Loan originated
1,1095000.0,41,1225000.0,334.0,1,Asian,Joint,25-34,89.93,Loan originated
1,885000.0,39,1105000.0,219.0,1,Asian,Female,35-44,80.0,Loan originated
1,595000.0,44,615000.0,175.0,1,Black or African American,Female,35-44,97.0,Loan originated
1,235000.0,42,485000.0,110.0,1,White,Female,65-74,49.14,Application denied
1,595000.0,<20%,795000.0,425.0,1,White,Joint,55-64,74.692,Loan originated
1,695000.0,42,1155000.0,185.0,1,Asian,Male,25-34,60.0,Loan originated
1,765000.0,43,975000.0,178.0,1,White,Male,25-34,78.615,Loan originated
1,425000.0,40,445000.0,227.0,1,White,Male,35-44,95.0,Loan originated
1,455000.0,30%-<36%,795000.0,165.0,1,Asian,Male,25-34,56.885,Loan originated
1,615000.0,30%-<36%,775000.0,267.0,1,White,Joint,45-54,80.0,Loan originated
1,635000.0,44,715000.0,164.0,1,Asian,Male,25-34,90.0,Loan originated
1,705000.0,48,885000.0,176.0,1,Asian,Joint,25-34,80.0,Loan originated
1,745000.0,37,835000.0,209.0,1,White,Joint,35-44,90.0,Application denied
1,335000.0,30%-<36%,495000.0,190.0,1,Hispanic or Latino,Female,35-44,68.0,Loan originated
1,785000.0,42,875000.0,322.0,1,White,Joint,35-44,89.89,Loan originated
1,175000.0,<20%,625000.0,258.0,1,White,Joint,35-44,28.0,Loan originated
1,1025000.0,38,1285000.0,271.0,1,White,Male,45-54,80.0,Loan originated
1,435000.0,40,465000.0,106.0,1,White,Male,45-54,95.0,Loan originated
1,595000.0,30%-<36%,995000.0,290.0,1,Asian,Male,35-44,60.0,Loan originated
1,685000.0,41,765000.0,158.0,1,Hispanic or Latino,Joint,25-34,90.0,Loan originated
1,95000.0,50%-60%,105000.0,89.0,1,Black or African American,Joint,65-74,95.0,Application denied
1,495000.0,44,625000.0,154.0,1,Hispanic or Latino,Female,45-54,80.0,Loan originated
1,305000.0,20%-<30%,335000.0,148.0,1,Hispanic or Latino,Female,35-44,90.0,Loan originated
1,1305000.0,>60%,1955000.0,231.0,1,White,Male,45-54,66.67,Application denied
1,515000.0,39,545000.0,143.0,1,White,Male,25-34,95.0,Loan originated
1,415000.0,<20%,835000.0,349.0,1,White,Female,35-44,49.398,Loan originated
1,575000.0,49,755000.0,113.0,1,Hispanic or Latino,Joint,25-34,92.0,Loan originated
1,525000.0,45,1215000.0,156.0,1,White,Female,35-44,43.39,Loan originated
1,855000.0,47,1225000.0,239.0,1,White,Joint,35-44,70.0,Loan originated
1,345000.0,41,435000.0,175.0,1,White,Joint,35-44,80.0,Loan originated
1,385000.0,20%-<30%,585000.0,355.0,1,White,Joint,65-74,65.518,Loan originated
1,695000.0,38,905000.0,184.0,1,Asian,Male,65-74,76.533,Loan originated
1,465000.0,42,585000.0,103.0,1,White,Female,35-44,80.0,Loan originated
1,555000.0,44,905000.0,129.0,1,Asian,Joint,35-44,61.111,Loan originated
1,435000.0,44,765000.0,145.0,1,White,Female,35-44,57.45,Loan originated
1,105000.0,50%-60%,705000.0,92.0,1,Hispanic or Latino,Female,45-54,14.29,Application denied
1,525000.0,44,595000.0,151.0,1,Hispanic or Latino,Joint,25-34,86.86,Loan originated
1,1015000.0,42,1125000.0,363.0,1,Asian,Joint,35-44,89.99,Loan originated
1,875000.0,30%-<36%,1165000.0,262.0,1,Asian,Joint,35-44,75.0,Loan originated
1,515000.0,40,535000.0,141.0,1,White,Joint,25-34,100.0,Loan originated
1,35000.0,20%-<30%,45000.0,108.0,1,White,Female,55-64,95.0,Application denied
1,625000.0,20%-<30%,655000.0,224.0,1,Asian,Male,25-34,95.0,Loan originated
1,995000.0,49,1325000.0,305.0,1,Hispanic or Latino,Joint,55-64,75.0,Loan originated
1,625000.0,30%-<36%,955000.0,231.0,1,White,Joint,25-34,64.995,Loan originated
1,415000.0,20%-<30%,525000.0,188.0,1,Hispanic or Latino,Joint,25-34,80.0,Loan originated
1,445000.0,47,885000.0,171.0,1,Asian,Joint,25-34,50.0,Loan originated
1,365000.0,44,385000.0,103.0,1,Hispanic or Latino,Female,35-44,95.0,Loan originated
1,375000.0,45,995000.0,99.0,1,White,Joint,35-44,37.019,Loan originated
1,505000.0,30%-<36%,1335000.0,203.0,1,Other,Male,55-64,37.411,Loan originated
1,235000.0,48,255000.0,75.0,1,Hispanic or Latino,Joint,25-34,94.0,Loan originated
1,385000.0,20%-<30%,735000.0,157.0,1,White,Male,55-64,52.055,Loan originated
1,385000.0,48,395000.0,73.0,1,Hispanic or Latino,Male,25-34,97.0,Loan originated
1,655000.0,30%-<36%,955000.0,262.0,1,White,Joint,25-34,68.421,Loan originated
1,925000.0,30%-<36%,1585000.0,455.0,1,Asian,Female,35-44,58.228,Loan originated
1,765000.0,49,815000.0,196.0,1,Hispanic or Latino,Joint,35-44,93.988,Loan originated
1,1145000.0,>60%,1685000.0,170.0,1,Asian,Male,35-44,68.393,Application denied
1,1045000.0,42,1315000.0,294.0,1,White,Male,45-54,80.0,Loan originated
1,725000.0,48,805000.0,147.0,1,Asian,Joint,55-64,90.0,Loan originated
1,745000.0,48,1075000.0,153.0,1,White,Female,55-64,70.0,Loan originated
1,575000.0,41,605000.0,162.0,1,White,Male,45-54,95.0,Loan originated
1,505000.0,20%-<30%,855000.0,200.0,1,Asian,Female,35-44,58.824,Loan originated
1,525000.0,20%-<30%,695000.0,303.0,1,Asian,Male,25-34,75.0,Loan originated
1,425000.0,46,985000.0,127.0,1,Asian,Joint,35-44,94.68,Loan originated
1,575000.0,47,615000.0,128.0,1,Asian,Male,35-44,95.0,Loan originated
1,265000.0,40,445000.0,78.0,1,White,Joint,25-34,60.0,Loan originated
1,625000.0,44,655000.0,149.0,1,White,Joint,45-54,95.0,Loan originated
1,1075000.0,38,1675000.0,308.0,1,White,Joint,25-34,64.179,Loan originated
1,405000.0,50%-60%,425000.0,127.0,1,White,Joint,65-74,95.0,Application denied
1,905000.0,37,1005000.0,273.0,1,White,Joint,25-34,89.99,Loan originated
1,505000.0,49,635000.0,145.0,1,Hispanic or Latino,Joint,35-44,80.0,Loan originated
1,505000.0,47,535000.0,101.0,1,White,Male,25-34,95.0,Loan originated
1,375000.0,38,535000.0,124.0,1,Asian,Male,25-34,70.0,Loan originated
1,765000.0,20%-<30%,915000.0,317.0,1,Asian,Joint,35-44,83.582,Loan originated
1,655000.0,41,695000.0,221.0,1,White,Joint,25-34,95.0,Loan originated
1,155000.0,36,1105000.0,154.0,1,White,Female,65-74,13.636,Loan originated
1,375000.0,47,465000.0,89.0,1,Hispanic or Latino,Female,35-44,101.364,Loan originated
1,1055000.0,30%-<36%,1505000.0,283.0,1,Asian,Male,25-34,70.0,Loan originated
1,665000.0,44,945000.0,145.0,1,White,Female,55-64,70.0,Loan originated
1,555000.0,46,585000.0,155.0,1,Asian,Female,35-44,94.976,Loan originated
1,595000.0,44,645000.0,133.0,1,White,Male,35-44,92.044,Loan originated
1,505000.0,49,1905000.0,207.0,1,White,Joint,65-74,26.247,Loan originated
1,465000.0,40,485000.0,127.0,1,White,Male,35-44,95.0,Loan originated
1,585000.0,37,735000.0,156.0,1,White,Female,35-44,79.452,Loan originated
1,845000.0,49,1265000.0,177.0,1,White,Male,25-34,67.0,Loan originated
1,585000.0,48,615000.0,142.0,1,White,Male,35-44,95.0,Loan originated
1,485000.0,36,605000.0,164.0,1,Asian,Male,45-54,80.0,Loan originated
1,1055000.0,41,1175000.0,298.0,1,White,Joint,35-44,89.96,Loan originated
1,405000.0,44,605000.0,100.0,1,Hispanic or Latino,Male,45-54,67.5,Loan originated
1,945000.0,30%-<36%,1575000.0,605.0,1,White,Female,55-64,60.0,Loan originated
1,325000.0,30%-<36%,435000.0,111.0,1,Asian,Male,45-54,95.0,Loan originated
1,285000.0,>60%,885000.0,45.0,1,White,Male,35-44,31.82,Application denied
1,335000.0,45,355000.0,141.0,1,Hispanic or Latino,Joint,25-34,95.0,Loan originated
1,475000.0,40,555000.0,110.0,1,Asian,Male,45-54,85.0,Loan originated
1,765000.0,49,1395000.0,297.0,1,White,Male,25-34,89.968,Loan originated
1,515000.0,49,545000.0,138.0,1,White,Female,55-64,95.0,Loan originated
1,615000.0,46,1195000.0,329.0,1,White,Male,25-34,51.246,Loan originated
1,565000.0,48,865000.0,130.0,1,Asian,Joint,35-44,65.25,Loan originated
1,675000.0,20%-<30%,925000.0,331.0,1,White,Joint,25-34,72.973,Loan originated
1,645000.0,42,805000.0,219.0,1,Asian,Male,45-54,80.0,Loan originated
1,425000.0,36,595000.0,156.0,1,Asian,Male,25-34,72.034,Loan originated
1,675000.0,30%-<36%,745000.0,281.0,1,Asian,Male,35-44,90.0,Loan originated
1,635000.0,43,665000.0,187.0,1,White,Male,35-44,95.0,Loan originated
1,115000.0,30%-<36%,475000.0,66.0,1,Hispanic or Latino,Female,55-64,23.158,Loan originated
1,505000.0,43,625000.0,134.0,1,White,Male,25-34,80.0,Loan originated
1,865000.0,30%-<36%,1075000.0,276.0,1,White,Joint,35-44,80.0,Loan originated
1,115000.0,48,125000.0,56.0,1,Asian,Male,25-34,95.0,Loan originated
1,1145000.0,49,1655000.0,339.0,1,Asian,Joint,55-64,69.39,Loan originated
1,385000.0,37,595000.0,108.0,1,White,Female,25-34,65.0,Loan originated
1,305000.0,20%-<30%,2455000.0,226.0,1,White,Joint,65-74,12.245,Loan originated
1,655000.0,40,1475000.0,380.0,1,White,Joint,45-54,44.068,Loan originated
1,235000.0,30%-<36%,435000.0,102.0,1,White,Joint,45-54,53.49,Loan originated
1,905000.0,44,1105000.0,210.0,1,Asian,Joint,35-44,82.0,Loan originated
1,1105000.0,48,1855000.0,277.0,1,Asian,Joint,45-54,59.459,Loan originated
1,505000.0,41,515000.0,129.0,1,Hispanic or Latino,Female,55-64,97.0,Loan originated
1,135000.0,<20%,265000.0,170.0,1,White,Female,45-54,51.49,Loan originated
1,765000.0,30%-<36%,1485000.0,220.0,1,Asian,Male,25-34,51.351,Loan originated
1,525000.0,20%-<30%,585000.0,222.0,1,Black or African American,Female,55-64,90.0,Loan originated
1,475000.0,49,495000.0,244.0,1,White,Joint,25-34,95.0,Loan originated
1,765000.0,39,805000.0,171.0,1,Hispanic or Latino,Female,25-34,95.0,Loan originated
1,1185000.0,45,1585000.0,257.0,1,Asian,Male,25-34,75.0,Loan originated
1,485000.0,30%-<36%,605000.0,147.0,1,White,Joint,25-34,80.0,Loan originated
1,855000.0,37,1065000.0,339.0,1,Hispanic or Latino,Male,45-54,80.0,Loan originated
1,725000.0,44,765000.0,249.0,1,White,Male,35-44,95.0,Application denied
1,585000.0,41,655000.0,206.0,1,Hispanic or Latino,Joint,35-44,90.0,Loan originated
1,505000.0,20%-<30%,635000.0,216.0,1,White,Female,45-54,80.0,Loan originated
1,1085000.0,48,1455000.0,211.0,1,White,Male,45-54,75.0,Loan originated
1,1025000.0,41,1375000.0,379.0,1,Asian,Male,35-44,74.546,Loan originated
1,905000.0,49,1205000.0,203.0,1,Asian,Male,35-44,74.75,Loan originated
1,475000.0,39,515000.0,104.0,1,Asian,Female,25-34,92.157,Loan originated
1,545000.0,49,575000.0,164.0,1,Hispanic or Latino,Female,35-44,98.8,Loan originated
1,305000.0,30%-<36%,1005000.0,141.0,1,White,Joint,35-44,30.0,Loan originated
1,335000.0,48,435000.0,74.0,1,White,Male,25-34,77.907,Application denied
1,105000.0,>60%,425000.0,23.0,1,White,Female,55-64,23.81,Application denied
1,325000.0,48,335000.0,121.0,1,Hispanic or Latino,Male,65-74,95.0,Loan originated
1,1025000.0,41,1075000.0,243.0,1,Black or African American,Male,35-44,95.0,Loan originated
1,175000.0,42,315000.0,48.0,1,White,Joint,25-34,54.545,Loan originated
1,885000.0,44,985000.0,211.0,1,Asian,Joint,35-44,90.0,Loan originated
1,505000.0,43,605000.0,148.0,1,White,Joint,25-34,83.333,Loan originated
1,115000.0,44,125000.0,68.0,1,Hispanic or Latino,Male,25-34,95.0,Loan originated
1,175000.0,36,195000.0,48.0,1,Hispanic or Latino,Male,65-74,90.0,Loan originated
1,185000.0,40,235000.0,100.0,1,Hispanic or Latino,Male,55-64,75.66,Loan originated
1,185000.0,47,195000.0,40.0,1,White,Female,25-34,98.0,Loan originated
1,325000.0,40,335000.0,97.0,1,Hispanic or Latino,Female,55-64,97.0,Loan originated
1,255000.0,48,335000.0,51.0,1,Hispanic or Latino,Female,35-44,75.821,Loan originated
1,285000.0,49,425000.0,52.0,1,White,Male,25-34,67.442,Loan originated
1,275000.0,48,305000.0,99.0,1,White,Female,45-54,90.0,Loan originated
1,725000.0,43,805000.0,199.0,1,White,Joint,35-44,90.0,Loan originated
1,505000.0,49,595000.0,242.0,1,Hispanic or Latino,Joint,25-34,85.0,Loan originated
1,965000.0,20%-<30%,1755000.0,445.0,1,Asian,Male,25-34,55.0,Loan originated
1,405000.0,<20%,1355000.0,0.0,1,Asian,Female,35-44,29.778,Application denied
1,435000.0,37,705000.0,122.0,1,White,Female,35-44,61.429,Loan originated
1,205000.0,49,275000.0,45.0,1,White,Female,25-34,75.0,Loan originated
1,355000.0,20%-<30%,375000.0,337.0,1,White,Male,25-34,95.0,Loan originated
1,805000.0,36,1005000.0,237.0,1,White,Joint,25-34,80.0,Loan originated
1,675000.0,39,845000.0,286.0,1,White,Male,35-44,80.0,Loan originated
1,375000.0,43,1225000.0,162.0,1,White,Joint,65-74,30.204,Loan originated
1,765000.0,41,1415000.0,220.0,1,Asian,Male,35-44,55.0,Loan originated
1,375000.0,43,675000.0,159.0,1,Asian,Joint,35-44,55.57,Loan originated
1,625000.0,46,725000.0,210.0,1,White,Male,45-54,86.111,Loan originated
1,325000.0,49,405000.0,66.0,1,White,Joint,65-74,80.0,Loan originated
1,975000.0,20%-<30%,1155000.0,383.0,1,Asian,Joint,45-54,85.0,Loan originated
1,565000.0,49,1205000.0,255.0,1,White,Joint,65-74,46.667,Loan originated
1,365000.0,20%-<30%,655000.0,182.0,1,Asian,Joint,35-44,55.385,Loan originated
1,995000.0,37,1425000.0,353.0,1,Asian,Joint,35-44,70.0,Loan originated
1,305000.0,43,755000.0,150.0,1,Asian,Female,35-44,40.0,Loan originated
1,95000.0,47,145000.0,24.0,1,White,Male,65-74,62.069,Loan originated
1,765000.0,20%-<30%,1375000.0,285.0,1,White,Joint,45-54,55.738,Loan originated
1,595000.0,30%-<36%,745000.0,239.0,1,Asian,Joint,25-34,80.0,Loan originated
1,665000.0,42,705000.0,238.0,1,Hispanic or Latino,Male,35-44,95.0,Loan originated
1,205000.0,30%-<36%,585000.0,92.0,1,White,Female,45-54,34.188,Loan originated
1,645000.0,41,815000.0,337.0,1,White,Male,25-34,80.0,Loan originated
1,765000.0,49,855000.0,150.0,1,White,Male,25-34,90.0,Loan originated
1,75000.0,49,355000.0,45.0,1,White,Male,65-74,21.0,Loan originated
1,525000.0,44,555000.0,153.0,1,White,Joint,25-34,95.0,Loan originated
1,465000.0,20%-<30%,1085000.0,237.0,1,Asian,Joint,45-54,43.0,Loan originated
1,1125000.0,48,1405000.0,343.0,1,White,Joint,25-34,80.0,Loan originated
1,605000.0,30%-<36%,675000.0,255.0,1,White,Joint,25-34,89.99,Loan originated
1,445000.0,38,585000.0,296.0,1,Hispanic or Latino,Male,35-44,75.0,Loan originated
1,575000.0,47,715000.0,133.0,1,Asian,Joint,45-54,79.72,Loan originated
1,305000.0,37,575000.0,84.0,1,Asian,Female,25-34,52.71,Loan originated
1,505000.0,43,635000.0,127.0,1,Asian,Female,25-34,80.0,Loan originated
1,1005000.0,46,1105000.0,490.0,1,Asian,Male,55-64,91.003,Loan originated
1,125000.0,30%-<36%,495000.0,53.0,1,White,Male,65-74,25.05,Loan originated
1,585000.0,47,745000.0,141.0,1,Hispanic or Latino,Joint,25-34,77.852,Loan originated
1,215000.0,30%-<36%,295000.0,183.0,1,White,Male,45-54,73.324,Loan originated
1,465000.0,39,585000.0,166.0,1,Hispanic or Latino,Joint,55-64,80.0,Loan originated
1,475000.0,39,775000.0,129.0,1,Asian,Female,25-34,61.29,Loan originated
1,685000.0,45,855000.0,143.0,1,Hispanic or Latino,Joint,55-64,80.0,Loan originated
1,635000.0,50%-60%,795000.0,168.0,1,Asian,Joint,45-54,80.0,Application denied
1,445000.0,47,485000.0,128.0,1,Asian,Joint,<25,92.0,Loan originated
1,805000.0,49,1935000.0,253.0,1,White,Male,35-44,42.0,Loan originated
1,345000.0,37,365000.0,214.0,1,Asian,Joint,45-54,95.0,Loan originated
1,995000.0,42,1325000.0,270.0,1,White,Male,25-34,75.0,Loan originated
1,935000.0,47,985000.0,204.0,1,Hispanic or Latino,Joint,45-54,95.0,Loan originated
1,235000.0,48,255000.0,49.0,1,Hispanic or Latino,Male,25-34,98.0,Loan originated
1,255000.0,48,705000.0,89.0,1,White,Female,55-64,35.714,Loan originated
1,305000.0,49,2945000.0,223.0,1,Asian,Male,55-64,10.21,Loan originated
1,925000.0,30%-<36%,1025000.0,310.0,1,Asian,Joint,55-64,90.0,Loan originated
1,1055000.0,30%-<36%,3225000.0,503.0,1,Asian,Male,25-34,32.558,Loan originated
1,415000.0,<20%,595000.0,216.0,1,Asian,Male,25-34,70.0,Loan originated
1,605000.0,<20%,1005000.0,13562.0,1,Asian,Male,25-34,60.0,Loan originated
1,765000.0,39,965000.0,204.0,1,Other,Male,25-34,79.762,Loan originated
1,715000.0,41,755000.0,185.0,1,Hispanic or Latino,Male,35-44,95.0,Loan originated
1,1005000.0,>60%,3655000.0,225.0,1,White,Joint,65-74,27.397,Loan originated
1,755000.0,<20%,1075000.0,1138.0,1,Hispanic or Latino,Male,45-54,70.0,Loan originated
1,575000.0,30%-<36%,1155000.0,193.0,1,White,Joint,25-34,50.0,Loan originated
1,435000.0,44,845000.0,136.0,1,White,Female,45-54,52.1,Loan originated
1,295000.0,40,545000.0,85.0,1,White,Female,45-54,54.073,Loan originated
1,565000.0,47,1305000.0,140.0,1,Asian,Joint,25-34,44.0,Loan originated
1,445000.0,45,495000.0,91.0,1,Hispanic or Latino,Joint,25-34,90.0,Loan originated
1,625000.0,40,835000.0,259.0,1,Asian,Male,25-34,74.97,Loan originated
1,675000.0,45,905000.0,180.0,1,White,Male,55-64,74.999,Loan originated
1,265000.0,30%-<36%,355000.0,98.0,1,Hispanic or Latino,Joint,25-34,76.7,Loan originated
1,505000.0,30%-<36%,755000.0,328.0,1,White,Joint,>74,66.909,Loan originated
1,495000.0,41,525000.0,147.0,1,Other,Joint,35-44,95.0,Loan originated
1,305000.0,20%-<30%,555000.0,306.0,1,White,Joint,65-74,54.545,Loan originated
1,585000.0,30%-<36%,965000.0,371.0,1,White,Female,55-64,60.499,Loan originated
1,465000.0,49,525000.0,89.0,1,Hispanic or Latino,Male,45-54,88.571,Loan originated
1,765000.0,49,785000.0,188.0,1,Asian,Joint,35-44,100.0,Loan originated
1,745000.0,30%-<36%,805000.0,225.0,1,White,Male,25-34,92.81,Loan originated
1,515000.0,45,545000.0,120.0,1,Hispanic or Latino,Male,35-44,95.0,Loan originated
1,725000.0,48,1225000.0,219.0,1,Asian,Joint,25-34,59.0,Loan originated
1,585000.0,41,725000.0,158.0,1,Asian,Joint,45-54,80.0,Loan originated
1,855000.0,44,1075000.0,194.0,1,Asian,Male,35-44,80.0,Loan originated
1,535000.0,20%-<30%,635000.0,186.0,1,White,Male,35-44,85.0,Loan originated
1,425000.0,36,455000.0,143.0,1,Hispanic or Latino,Joint,35-44,95.0,Loan originated
1,785000.0,43,1305000.0,204.0,1,White,Joint,65-74,60.0,Loan originated
1,505000.0,47,805000.0,128.0,1,White,Male,65-74,63.0,Loan originated
1,495000.0,45,525000.0,109.0,1,Hispanic or Latino,Joint,35-44,95.0,Loan originated
1,405000.0,30%-<36%,505000.0,165.0,1,Hispanic or Latino,Female,35-44,80.0,Loan originated
1,965000.0,39,1605000.0,293.0,1,Asian,Male,45-54,60.0,Loan originated
1,755000.0,38,1005000.0,193.0,1,White,Joint,45-54,75.0,Loan originated
1,575000.0,44,645000.0,210.0,1,White,Male,45-54,90.0,Loan originated
1,565000.0,49,635000.0,143.0,1,Asian,Male,35-44,90.0,Loan originated
1,225000.0,20%-<30%,515000.0,185.0,1,White,Joint,65-74,45.0,Loan originated
1,375000.0,49,425000.0,103.0,1,Hispanic or Latino,Joint,45-54,90.0,Loan originated
1,345000.0,39,355000.0,81.0,1,White,Male,25-34,96.97,Loan originated
1,525000.0,>60%,755000.0,60.0,1,White,Male,35-44,70.0,Application denied
1,405000.0,40,1005000.0,116.0,1,White,Male,45-54,40.299,Loan originated
1,405000.0,48,485000.0,87.0,1,Hispanic or Latino,Female,55-64,84.375,Loan originated
1,345000.0,30%-<36%,575000.0,140.0,1,White,Male,25-34,60.0,Loan originated
1,245000.0,20%-<30%,705000.0,128.0,1,White,Joint,>74,34.286,Loan originated
1,385000.0,30%-<36%,555000.0,135.0,1,White,Male,65-74,69.87,Loan originated
1,525000.0,43,585000.0,142.0,1,White,Joint,25-34,90.0,Loan originated
1,425000.0,48,455000.0,92.0,1,Hispanic or Latino,Joint,25-34,94.0,Loan originated
1,585000.0,47,645000.0,154.0,1,Asian,Female,35-44,90.0,Loan originated
1,925000.0,49,1155000.0,195.0,1,Asian,Male,25-34,80.0,Loan originated
1,555000.0,30%-<36%,625000.0,261.0,1,White,Joint,35-44,90.0,Loan originated
1,525000.0,39,655000.0,137.0,1,Asian,Female,45-54,80.0,Loan originated
1,215000.0,30%-<36%,235000.0,204.0,1,White,Male,45-54,90.0,Loan originated
1,505000.0,30%-<36%,535000.0,141.0,1,Hispanic or Latino,Joint,35-44,95.0,Loan originated
1,325000.0,38,415000.0,97.0,1,White,Joint,55-64,79.82,Loan originated
1,1015000.0,20%-<30%,1275000.0,350.0,1,Asian,Joint,25-34,80.0,Loan originated
1,765000.0,42,1155000.0,255.0,1,White,Joint,25-34,66.609,Loan originated
1,225000.0,49,355000.0,45.0,1,Hispanic or Latino,Female,45-54,62.0,Loan originated
1,625000.0,30%-<36%,635000.0,184.0,1,Asian,Joint,35-44,97.0,Loan originated
1,1085000.0,44,1355000.0,320.0,1,Asian,Male,35-44,80.0,Loan originated
1,965000.0,37,1205000.0,249.0,1,White,Joint,25-34,80.0,Loan originated
1,325000.0,48,415000.0,66.0,1,Hispanic or Latino,Male,45-54,80.0,Loan originated
1,655000.0,37,1095000.0,222.0,1,White,Male,65-74,59.24,Loan originated
1,885000.0,48,1105000.0,221.0,1,Asian,Male,45-54,80.0,Loan originated
1,505000.0,38,535000.0,223.0,1,White,Male,35-44,95.0,Loan originated
1,585000.0,30%-<36%,735000.0,73.0,1,Hispanic or Latino,Joint,65-74,80.0,Loan originated
1,515000.0,40,545000.0,224.0,1,White,Female,>74,95.0,Loan originated
1,935000.0,49,1435000.0,256.0,1,Asian,Joint,65-74,65.035,Loan originated
1,725000.0,50%-60%,975000.0,155.0,1,Asian,Male,25-34,74.742,Loan originated
1,585000.0,43,805000.0,146.0,1,Hispanic or Latino,Joint,25-34,73.54,Loan originated
1,705000.0,41,1255000.0,161.0,1,Asian,Male,25-34,56.0,Loan originated
1,145000.0,50%-60%,145000.0,64.0,1,White,Female,25-34,97.25,Application denied
1,595000.0,49,675000.0,125.0,1,Hispanic or Latino,Joint,35-44,88.077,Loan originated
1,535000.0,43,555000.0,112.0,1,Black or African American,Female,45-54,98.818,Loan originated
1,815000.0,49,905000.0,322.0,1,White,Joint,35-44,90.0,Loan originated
1,85000.0,30%-<36%,95000.0,62.0,1,Hispanic or Latino,Male,25-34,82.39,Application denied
1,95000.0,30%-<36%,305000.0,57.0,1,White,Female,65-74,32.67,Loan originated
1,605000.0,>60%,765000.0,40.0,1,Hispanic or Latino,Male,35-44,80.0,Application denied
1,895000.0,39,1885000.0,400.0,1,Asian,Joint,55-64,47.222,Loan originated
1,1065000.0,44,1305000.0,277.0,1,White,Joint,25-34,84.938,Loan originated
1,645000.0,39,685000.0,533.0,1,White,Joint,>74,95.0,Loan originated
1,845000.0,<20%,1415000.0,0.0,1,White,Female,55-64,60.0,Application denied
1,325000.0,30%-<36%,415000.0,183.0,1,Hispanic or Latino,Male,35-44,80.0,Loan originated
1,505000.0,48,705000.0,139.0,1,Asian,Joint,55-64,71.807,Loan originated
1,365000.0,36,465000.0,110.0,1,Hispanic or Latino,Male,35-44,80.0,Loan originated
1,245000.0,38,295000.0,172.0,1,White,Joint,25-34,85.0,Loan originated
1,285000.0,30%-<36%,445000.0,105.0,1,Asian,Male,25-34,64.934,Loan originated
1,665000.0,43,825000.0,166.0,1,White,Male,35-44,80.0,Loan originated
1,555000.0,<20%,1555000.0,590.0,1,Asian,Joint,45-54,36.0,Loan originated
1,725000.0,30%-<36%,765000.0,449.0,1,White,Joint,25-34,95.0,Loan originated
1,625000.0,42,785000.0,164.0,1,Asian,Male,25-34,80.0,Application denied
1,575000.0,47,595000.0,145.0,1,Hispanic or Latino,Joint,45-54,97.0,Loan originated
1,535000.0,45,885000.0,375.0,1,Asian,Joint,>74,60.692,Loan originated
1,1095000.0,48,1465000.0,314.0,1,Asian,Female,25-34,75.0,Loan originated
1,935000.0,49,1205000.0,201.0,1,White,Male,35-44,78.167,Loan originated
1,635000.0,44,635000.0,160.0,1,Black or African American,Female,35-44,99.921,Application denied
1,435000.0,44,535000.0,138.0,1,White,Male,45-54,81.31,Loan originated
1,465000.0,44,585000.0,260.0,1,Asian,Joint,>74,80.0,Loan originated
1,635000.0,49,665000.0,158.0,1,Hispanic or Latino,Female,35-44,95.0,Loan originated
1,375000.0,43,535000.0,79.0,1,White,Joint,45-54,70.0,Loan originated
1,695000.0,49,735000.0,139.0,1,White,Male,45-54,95.0,Loan originated
1,565000.0,38,595000.0,236.0,1,Asian,Female,55-64,95.0,Loan originated
1,675000.0,47,705000.0,170.0,1,Hispanic or Latino,Joint,45-54,100.0,Loan originated
1,355000.0,37,855000.0,133.0,1,Asian,Male,35-44,41.177,Loan originated
1,595000.0,47,745000.0,181.0,1,Hispanic or Latino,Male,55-64,80.0,Loan originated
1,385000.0,47,405000.0,149.0,1,Hispanic or Latino,Male,45-54,97.85,Loan originated
1,1125000.0,38,1255000.0,346.0,1,Asian,Joint,25-34,89.9,Loan originated
1,575000.0,46,815000.0,158.0,1,Asian,Joint,45-54,69.88,Loan originated
1,205000.0,44,395000.0,61.0,1,White,Male,65-74,51.28,Loan originated
1,955000.0,43,1005000.0,248.0,1,White,Joint,55-64,95.0,Loan originated
1,1035000.0,42,1295000.0,360.0,1,White,Female,65-74,80.0,Loan originated
1,885000.0,30%-<36%,1105000.0,330.0,1,White,Joint,25-34,80.0,Loan originated
1,555000.0,49,695000.0,125.0,1,Asian,Male,25-34,80.0,Loan originated
1,565000.0,40,765000.0,152.0,1,Asian,Joint,35-44,73.856,Loan originated
1,285000.0,47,365000.0,105.0,1,White,Joint,65-74,78.32,Loan originated
1,565000.0,45,1665000.0,282.0,1,White,Female,35-44,33.735,Loan originated
1,185000.0,46,285000.0,46.0,1,Hispanic or Latino,Female,45-54,100.93,Loan originated
1,695000.0,45,775000.0,158.0,1,White,Male,25-34,90.0,Loan originated
1,325000.0,49,695000.0,73.0,1,White,Joint,45-54,46.435,Loan originated
1,275000.0,20%-<30%,875000.0,160.0,1,White,Joint,45-54,31.429,Loan originated
1,505000.0,43,565000.0,148.0,1,Hispanic or Latino,Joint,25-34,90.0,Loan originated
1,625000.0,48,695000.0,156.0,1,Hispanic or Latino,Female,45-54,90.0,Loan originated
1,745000.0,45,825000.0,157.0,1,Asian,Male,45-54,90.0,Loan originated
1,335000.0,45,465000.0,83.0,1,White,Female,>74,70.968,Loan originated
1,555000.0,20%-<30%,695000.0,235.0,1,Asian,Male,25-34,80.0,Loan originated
1,335000.0,49,935000.0,78.0,1,Asian,Female,45-54,35.829,Loan originated
1,565000.0,30%-<36%,585000.0,241.0,1,Hispanic or Latino,Joint,25-34,97.0,Loan originated
1,545000.0,48,575000.0,124.0,1,Asian,Joint,25-34,95.0,Loan originated
1,545000.0,30%-<36%,755000.0,171.0,1,White,Male,25-34,72.053,Loan originated
1,405000.0,20%-<30%,505000.0,167.0,1,Asian,Female,35-44,80.0,Loan originated
1,955000.0,30%-<36%,1845000.0,396.0,1,White,Joint,>74,51.664,Loan originated
1,685000.0,49,755000.0,159.0,1,White,Female,35-44,93.98,Loan originated
1,615000.0,43,655000.0,208.0,1,Hispanic or Latino,Male,45-54,95.0,Loan originated
1,705000.0,37,885000.0,203.0,1,White,Male,25-34,80.0,Loan originated
1,645000.0,30%-<36%,805000.0,203.0,1,Asian,Joint,45-54,80.0,Loan originated
1,665000.0,42,835000.0,146.0,1,Asian,Male,25-34,80.0,Loan originated
1,515000.0,39,645000.0,130.0,1,White,Female,35-44,80.0,Loan originated
1,375000.0,44,405000.0,145.0,1,Hispanic or Latino,Joint,25-34,95.0,Loan originated
1,335000.0,47,445000.0,128.0,1,Hispanic or Latino,Male,55-64,75.0,Loan originated
1,535000.0,20%-<30%,785000.0,306.0,1,White,Male,25-34,69.0,Loan originated
1,225000.0,39,285000.0,0.0,1,White,Joint,25-34,80.0,Loan originated
1,885000.0,30%-<36%,935000.0,255.0,1,Asian,Male,25-34,95.0,Loan originated
1,1015000.0,37,1265000.0,284.0,1,White,Joint,25-34,80.0,Loan originated
1,625000.0,>60%,785000.0,70.0,1,Asian,Joint,55-64,80.0,Application denied
1,655000.0,47,1645000.0,308.0,1,White,Joint,65-74,39.514,Loan originated
1,645000.0,39,805000.0,232.0,1,Asian,Joint,25-34,80.0,Loan originated
1,325000.0,20%-<30%,455000.0,130.0,1,White,Joint,35-44,72.8,Loan originated
1,205000.0,20%-<30%,285000.0,78.0,1,White,Male,65-74,69.618,Loan originated
1,535000.0,38,565000.0,173.0,1,White,Joint,25-34,95.0,Loan originated
1,605000.0,45,755000.0,168.0,1,White,Female,35-44,80.0,Loan originated
1,375000.0,45,505000.0,224.0,1,White,Joint,35-44,74.056,Loan originated
1,845000.0,49,905000.0,184.0,1,Hispanic or Latino,Male,35-44,93.38,Loan originated
1,765000.0,39,865000.0,281.0,1,White,Joint,35-44,89.0,Loan originated
1,205000.0,49,695000.0,56.0,1,White,Male,35-44,28.88,Loan originated
1,645000.0,30%-<36%,685000.0,278.0,1,White,Joint,35-44,95.0,Loan originated
1,275000.0,20%-<30%,875000.0,189.0,1,White,Male,25-34,31.43,Loan originated
1,605000.0,48,1395000.0,208.0,1,Asian,Joint,45-54,43.0,Loan originated
1,735000.0,47,1485000.0,190.0,1,Asian,Male,25-34,49.63,Loan originated
1,575000.0,36,715000.0,166.0,1,White,Male,25-34,80.0,Loan originated
1,725000.0,42,805000.0,198.0,1,Hispanic or Latino,Joint,25-34,89.69,Loan originated
1,415000.0,43,555000.0,165.0,1,Asian,Female,55-64,75.0,Application denied
1,1115000.0,49,1185000.0,301.0,1,Asian,Female,35-44,93.356,Loan originated
1,1105000.0,42,1435000.0,301.0,1,Asian,Joint,45-54,76.993,Loan originated
1,795000.0,48,985000.0,186.0,1,White,Joint,25-34,80.0,Loan originated
1,1055000.0,46,1555000.0,250.0,1,White,Male,35-44,67.73,Loan originated
1,255000.0,45,405000.0,60.0,1,Black or African American,Male,25-34,89.0,Loan originated
1,585000.0,45,785000.0,172.0,1,White,Male,65-74,75.0,Application denied
1,635000.0,30%-<36%,905000.0,215.0,1,Asian,Joint,25-34,70.0,Loan originated
1,465000.0,49,715000.0,120.0,1,Asian,Female,45-54,64.917,Loan originated
1,775000.0,46,915000.0,150.0,1,White,Joint,45-54,85.0,Application denied
1,975000.0,44,1085000.0,300.0,1,White,Male,45-54,90.0,Loan originated
1,995000.0,45,1425000.0,226.0,1,White,Female,55-64,70.0,Loan originated
1,525000.0,<20%,655000.0,456.0,1,White,Female,45-54,80.0,Loan originated
1,265000.0,20%-<30%,485000.0,136.0,1,White,Joint,35-44,53.6,Loan originated
1,345000.0,49,865000.0,81.0,1,Asian,Joint,45-54,40.121,Loan originated
1,985000.0,49,1045000.0,196.0,1,Asian,Joint,35-44,98.0,Loan originated
1,755000.0,49,1345000.0,144.0,1,White,Joint,35-44,55.76,Loan originated
1,585000.0,30%-<36%,745000.0,192.0,1,Asian,Male,35-44,78.654,Loan originated
1,1005000.0,30%-<36%,1375000.0,513.0,1,Asian,Joint,35-44,72.99,Loan originated
1,755000.0,42,1915000.0,225.0,1,Asian,Joint,45-54,39.545,Loan originated
1,1045000.0,48,1305000.0,270.0,1,White,Female,35-44,80.0,Loan originated
1,665000.0,38,945000.0,200.0,1,Asian,Male,25-34,70.0,Loan originated
1,305000.0,39,555000.0,99.0,1,Hispanic or Latino,Female,25-34,54.545,Loan originated
1,265000.0,20%-<30%,355000.0,118.0,1,White,Male,45-54,74.93,Loan originated
1,165000.0,47,305000.0,39.0,1,White,Male,55-64,54.083,Loan originated
1,1165000.0,48,1455000.0,238.0,1,Hispanic or Latino,Male,35-44,80.0,Loan originated
1,695000.0,47,735000.0,342.0,1,Black or African American,Male,55-64,95.0,Loan originated
1,975000.0,46,1305000.0,217.0,1,White,Male,25-34,75.0,Loan originated
1,465000.0,47,485000.0,110.0,1,Hispanic or Latino,Joint,35-44,95.0,Loan originated
1,425000.0,43,475000.0,100.0,1,Hispanic or Latino,Joint,35-44,90.0,Loan originated
1,435000.0,20%-<30%,685000.0,200.0,1,White,Joint,45-54,63.08,Loan originated
1,805000.0,30%-<36%,2605000.0,525.0,1,White,Joint,25-34,30.76,Loan originated
1,655000.0,49,815000.0,185.0,1,Asian,Male,65-74,80.0,Loan originated
1,535000.0,49,885000.0,130.0,1,Asian,Male,25-34,61.0,Loan originated
1,575000.0,20%-<30%,715000.0,265.0,1,Asian,Male,35-44,80.0,Loan originated
1,315000.0,46,325000.0,68.0,1,Hispanic or Latino,Female,55-64,100.0,Loan originated
1,1125000.0,45,1415000.0,432.0,1,Asian,Male,35-44,80.0,Application denied
1,765000.0,30%-<36%,985000.0,339.0,1,White,Male,45-54,78.163,Loan originated
1,365000.0,44,615000.0,87.0,1,Asian,Joint,55-64,59.582,Loan originated
1,645000.0,45,815000.0,154.0,1,Asian,Male,25-34,80.0,Loan originated
1,1075000.0,44,1345000.0,235.0,1,Asian,Joint,25-34,80.0,Loan originated
1,565000.0,46,715000.0,164.0,1,Asian,Joint,25-34,80.0,Loan originated
1,805000.0,30%-<36%,1255000.0,263.0,1,Asian,Female,25-34,64.0,Loan originated
1,555000.0,30%-<36%,695000.0,205.0,1,White,Male,35-44,80.0,Loan originated
1,635000.0,37,715000.0,267.0,1,White,Male,25-34,90.0,Loan originated
1,745000.0,43,935000.0,338.0,1,White,Joint,35-44,80.0,Loan originated
1,305000.0,44,315000.0,66.0,1,Hispanic or Latino,Female,35-44,100.0,Loan originated
1,295000.0,37,405000.0,78.0,1,Asian,Male,25-34,72.84,Loan originated
1,595000.0,36,705000.0,213.0,1,Hispanic or Latino,Joint,45-54,85.0,Loan originated
1,295000.0,46,315000.0,71.0,1,White,Male,25-34,95.0,Loan originated
1,635000.0,30%-<36%,665000.0,286.0,1,Asian,Joint,25-34,95.0,Loan originated
1,765000.0,43,825000.0,181.0,1,White,Female,55-64,92.916,Loan originated
1,265000.0,48,465000.0,120.0,1,Hispanic or Latino,Male,35-44,56.522,Loan originated
1,505000.0,49,535000.0,101.0,1,Asian,Male,35-44,95.0,Loan originated
1,625000.0,38,775000.0,277.0,1,White,Joint,45-54,80.0,Loan originated
1,1095000.0,44,1395000.0,218.0,1,White,Joint,45-54,78.46,Loan originated
1,755000.0,46,795000.0,192.0,1,Hispanic or Latino,Joint,25-34,95.0,Loan originated
1,605000.0,47,805000.0,152.0,1,White,Joint,35-44,75.0,Loan originated
1,965000.0,46,1765000.0,244.0,1,White,Male,45-54,54.777,Loan originated
1,425000.0,36,535000.0,124.0,1,Hispanic or Latino,Male,25-34,80.0,Loan originated
1,305000.0,39,435000.0,114.0,1,White,Joint,35-44,89.211,Loan originated
1,845000.0,36,1055000.0,390.0,1,White,Joint,25-34,80.0,Loan originated
1,765000.0,49,1095000.0,165.0,1,White,Joint,55-64,70.0,Loan originated
1,265000.0,49,495000.0,51.0,1,Hispanic or Latino,Male,45-54,54.0,Loan originated
1,365000.0,47,415000.0,96.0,1,Black or African American,Male,65-74,95.0,Loan originated
1,675000.0,49,1125000.0,145.0,1,White,Joint,35-44,60.0,Loan originated
1,585000.0,30%-<36%,655000.0,170.0,1,Asian,Male,25-34,90.0,Loan originated
1,905000.0,38,1405000.0,231.0,1,Asian,Female,25-34,64.286,Loan originated
1,625000.0,44,895000.0,163.0,1,White,Male,25-34,69.93,Loan originated
1,1005000.0,20%-<30%,1255000.0,593.0,1,White,Male,25-34,80.0,Loan originated
1,795000.0,42,855000.0,285.0,1,Asian,Female,25-34,93.176,Loan originated
1,655000.0,41,695000.0,173.0,1,White,Joint,45-54,94.993,Loan originated
1,565000.0,40,635000.0,198.0,1,White,Joint,35-44,90.0,Loan originated
1,435000.0,43,735000.0,137.0,1,White,Joint,65-74,59.309,Loan originated
1,435000.0,48,545000.0,94.0,1,Hispanic or Latino,Male,<25,98.0,Loan originated
1,645000.0,30%-<36%,865000.0,247.0,1,Asian,Joint,35-44,75.0,Loan originated
1,925000.0,37,1025000.0,246.0,1,Asian,Joint,35-44,89.989,Loan originated
1,685000.0,30%-<36%,855000.0,204.0,1,White,Male,35-44,80.0,Loan originated
1,715000.0,39,755000.0,228.0,1,Asian,Joint,45-54,95.0,Loan originated
1,655000.0,45,1165000.0,162.0,1,White,Joint,65-74,56.0,Loan originated
1,525000.0,49,585000.0,116.0,1,Asian,Joint,35-44,89.827,Loan originated
1,435000.0,44,465000.0,99.0,1,Hispanic or Latino,Female,45-54,94.0,Loan originated
1,855000.0,49,955000.0,230.0,1,White,Male,35-44,90.0,Loan originated
1,635000.0,49,665000.0,172.0,1,Asian,Male,35-44,95.0,Loan originated
1,645000.0,30%-<36%,805000.0,227.0,1,White,Female,35-44,80.0,Loan originated
1,935000.0,20%-<30%,1175000.0,385.0,1,Asian,Joint,25-34,80.0,Loan originated
1,895000.0,40,1015000.0,284.0,1,White,Joint,25-34,89.0,Loan originated
1,315000.0,20%-<30%,355000.0,139.0,1,Hispanic or Latino,Female,45-54,90.0,Loan originated
1,1145000.0,43,1655000.0,290.0,1,Asian,Male,35-44,69.64,Loan originated
1,805000.0,50%-60%,845000.0,181.0,1,Hispanic or Latino,Joint,25-34,95.0,Loan originated
1,305000.0,30%-<36%,405000.0,97.0,1,Black or African American,Joint,55-64,74.074,Loan originated
1,425000.0,44,445000.0,125.0,1,Asian,Male,65-74,95.0,Loan originated
1,765000.0,43,805000.0,256.0,1,White,Joint,35-44,95.0,Loan originated
1,905000.0,30%-<36%,1125000.0,268.0,1,Asian,Joint,35-44,80.0,Loan originated
1,395000.0,36,465000.0,125.0,1,White,Joint,25-34,84.98,Loan originated
1,725000.0,30%-<36%,765000.0,240.0,1,White,Joint,25-34,95.0,Loan originated
1,1055000.0,36,1155000.0,360.0,1,Hispanic or Latino,Joint,25-34,92.0,Loan originated
1,405000.0,48,805000.0,87.0,1,White,Male,55-64,50.0,Loan originated
1,385000.0,44,485000.0,91.0,1,Hispanic or Latino,Joint,55-64,80.0,Loan originated
1,595000.0,45,795000.0,151.0,1,White,Female,55-64,75.0,Loan originated
1,275000.0,30%-<36%,285000.0,139.0,1,White,Female,55-64,95.0,Loan originated
1,655000.0,49,1005000.0,206.0,1,White,Joint,25-34,65.0,Loan originated
1,555000.0,43,615000.0,162.0,1,Asian,Male,35-44,90.0,Loan originated
1,465000.0,41,475000.0,120.0,1,Hispanic or Latino,Male,35-44,97.0,Loan originated
1,415000.0,49,425000.0,90.0,1,Asian,Male,55-64,97.0,Loan originated
1,335000.0,38,375000.0,181.0,1,Hispanic or Latino,Male,45-54,90.0,Loan originated
1,665000.0,36,745000.0,206.0,1,White,Joint,25-34,88.636,Loan originated
1,835000.0,20%-<30%,1355000.0,331.0,1,Asian,Male,45-54,61.481,Loan originated
1,925000.0,39,1425000.0,224.0,1,White,Joint,35-44,64.912,Loan originated
1,665000.0,>60%,695000.0,73.0,1,Hispanic or Latino,Male,25-34,95.0,Application denied
1,765000.0,30%-<36%,795000.0,231.0,1,Hispanic or Latino,Joint,25-34,95.94,Loan originated
1,855000.0,46,1565000.0,244.0,1,White,Female,55-64,54.487,Loan originated
1,435000.0,20%-<30%,585000.0,273.0,1,White,Male,45-54,74.359,Loan originated
1,645000.0,30%-<36%,805000.0,180.0,1,Asian,Joint,45-54,80.0,Loan originated
1,285000.0,49,355000.0,64.0,1,White,Female,55-64,80.0,Loan originated
1,445000.0,42,465000.0,126.0,1,Hispanic or Latino,Male,35-44,95.0,Loan originated
1,75000.0,<20%,75000.0,69.0,1,Black or African American,Female,25-34,96.667,Application denied
1,985000.0,47,1225000.0,221.0,1,Asian,Male,35-44,80.0,Loan originated
1,525000.0,45,555000.0,254.0,1,White,Joint,45-54,95.0,Loan originated
1,625000.0,30%-<36%,785000.0,212.0,1,White,Joint,25-34,80.0,Loan originated
1,115000.0,20%-<30%,265000.0,83.0,1,White,Joint,65-74,40.82,Loan originated
1,475000.0,30%-<36%,505000.0,176.0,1,White,Joint,35-44,95.0,Loan originated
1,585000.0,43,605000.0,158.0,1,Asian,Male,35-44,97.0,Loan originated
1,955000.0,43,1195000.0,403.0,1,Asian,Joint,35-44,80.0,Loan originated
1,545000.0,49,675000.0,157.0,1,Black or African American,Female,55-64,80.0,Loan originated
1,1075000.0,41,1345000.0,250.0,1,Asian,Male,25-34,80.0,Application denied
1,405000.0,20%-<30%,565000.0,243.0,1,Asian,Female,25-34,70.547,Loan originated
1,155000.0,<20%,295000.0,121.0,1,White,Female,55-64,50.167,Loan originated
1,955000.0,49,1275000.0,214.0,1,Asian,Female,25-34,75.0,Application denied
1,525000.0,<20%,655000.0,1953.0,1,White,Joint,35-44,80.0,Loan originated
1,945000.0,46,1175000.0,224.0,1,White,Joint,25-34,80.0,Loan originated
1,1135000.0,>60%,1335000.0,291.0,1,Asian,Male,45-54,85.0,Application denied
1,605000.0,30%-<36%,875000.0,200.0,1,Asian,Joint,45-54,68.97,Loan originated
1,585000.0,49,625000.0,225.0,1,Asian,Joint,35-44,95.0,Loan originated
1,215000.0,39,615000.0,87.0,1,White,Male,35-44,34.426,Loan originated
1,305000.0,47,405000.0,67.0,1,Asian,Joint,55-64,95.0,Loan originated
1,425000.0,49,535000.0,130.0,1,Black or African American,Joint,45-54,80.0,Loan originated
1,385000.0,39,715000.0,325.0,1,Asian,Joint,<25,53.592,Loan originated
1,745000.0,30%-<36%,775000.0,397.0,1,Hispanic or Latino,Female,45-54,97.0,Loan originated
1,475000.0,40,795000.0,196.0,1,White,Female,45-54,60.0,Loan originated
1,425000.0,20%-<30%,1505000.0,279.0,1,White,Joint,55-64,28.133,Loan originated
1,445000.0,45,465000.0,115.0,1,White,Female,45-54,95.0,Loan originated
1,465000.0,41,495000.0,129.0,1,Black or African American,Joint,45-54,95.0,Loan originated
1,465000.0,<20%,475000.0,0.0,1,Hispanic or Latino,Female,35-44,98.697,Application denied
1,335000.0,36,455000.0,95.0,1,Asian,Female,65-74,75.0,Loan originated
1,375000.0,48,385000.0,78.0,1,Hispanic or Latino,Male,35-44,97.0,Loan originated
1,1045000.0,20%-<30%,1305000.0,467.0,1,Asian,Joint,35-44,80.0,Loan originated
1,765000.0,<20%,885000.0,2527.0,1,White,Male,>74,86.519,Loan originated
1,605000.0,38,645000.0,165.0,1,White,Male,35-44,95.0,Loan originated
1,345000.0,20%-<30%,435000.0,205.0,1,Hispanic or Latino,Male,25-34,80.0,Loan originated
1,455000.0,49,525000.0,86.0,1,White,Male,25-34,88.35,Loan originated
1,835000.0,39,925000.0,234.0,1,White,Joint,35-44,90.0,Loan originated
1,205000.0,38,835000.0,80.0,1,White,Female,35-44,24.096,Loan originated
1,515000.0,38,1035000.0,180.0,1,White,Female,65-74,49.758,Loan originated
1,775000.0,37,1035000.0,286.0,1,Asian,Joint,25-34,75.0,Loan originated
1,605000.0,30%-<36%,1305000.0,202.0,1,Asian,Joint,65-74,47.0,Loan originated
1,515000.0,20%-<30%,645000.0,252.0,1,White,Female,65-74,80.0,Loan originated
1,825000.0,<20%,1025000.0,469.0,1,White,Joint,35-44,80.0,Loan originated
1,765000.0,46,905000.0,183.0,1,White,Joint,35-44,85.167,Loan originated
1,705000.0,<20%,2305000.0,481.0,1,Asian,Joint,35-44,30.44,Loan originated
1,415000.0,44,615000.0,192.0,1,Hispanic or Latino,Joint,35-44,67.298,Loan originated
1,275000.0,46,375000.0,114.0,1,Hispanic or Latino,Joint,<25,73.333,Loan originated
1,135000.0,30%-<36%,495000.0,56.0,1,White,Male,25-34,26.45,Loan originated
1,545000.0,<20%,845000.0,-25.0,1,Asian,Male,55-64,65.0,Application denied
1,665000.0,>60%,825000.0,153.0,1,Asian,Joint,45-54,80.0,Application denied
1,935000.0,44,1255000.0,261.0,1,Asian,Male,25-34,75.0,Loan originated
1,835000.0,20%-<30%,1195000.0,390.0,1,White,Male,55-64,70.0,Loan originated
1,765000.0,20%-<30%,795000.0,267.0,1,White,Joint,35-44,96.421,Loan originated
1,1095000.0,41,1295000.0,326.0,1,Asian,Joint,35-44,85.0,Loan originated
1,505000.0,30%-<36%,565000.0,156.0,1,White,Female,35-44,90.0,Loan originated
1,355000.0,50%-60%,455000.0,80.0,1,Hispanic or Latino,Female,25-34,77.778,Loan originated
1,385000.0,47,465000.0,95.0,1,Asian,Male,25-34,81.0,Loan originated
1,495000.0,30%-<36%,545000.0,345.0,1,White,Joint,45-54,90.0,Loan originated
1,1085000.0,39,1445000.0,356.0,1,White,Female,25-34,75.0,Loan originated
1,255000.0,43,425000.0,64.0,1,Hispanic or Latino,Female,25-34,60.0,Loan originated
1,615000.0,30%-<36%,655000.0,174.0,1,Hispanic or Latino,Joint,25-34,95.0,Loan originated
1,265000.0,49,295000.0,49.0,1,Hispanic or Latino,Male,25-34,89.727,Loan originated
1,955000.0,30%-<36%,1245000.0,336.0,1,Asian,Joint,35-44,76.62,Loan originated
1,765000.0,42,845000.0,173.0,1,Asian,Male,25-34,90.0,Loan originated
1,675000.0,20%-<30%,755000.0,663.0,1,Hispanic or Latino,Male,35-44,90.0,Loan originated
1,245000.0,20%-<30%,745000.0,139.0,1,White,Joint,65-74,32.432,Loan originated
1,775000.0,40,915000.0,320.0,1,Asian,Joint,35-44,85.0,Loan originated
1,725000.0,44,815000.0,233.0,1,Hispanic or Latino,Female,45-54,89.0,Loan originated
1,335000.0,44,445000.0,130.0,1,Hispanic or Latino,Female,45-54,75.0,Loan originated
1,985000.0,44,1235000.0,240.0,1,White,Male,35-44,80.0,Loan originated
1,745000.0,44,885000.0,210.0,1,Asian,Male,35-44,85.0,Loan originated
1,465000.0,42,585000.0,134.0,1,White,Female,45-54,80.0,Loan originated
1,805000.0,30%-<36%,1015000.0,213.0,1,Asian,Female,35-44,80.0,Application denied
1,995000.0,20%-<30%,1325000.0,369.0,1,White,Joint,25-34,75.0,Loan originated
1,415000.0,36,525000.0,128.0,1,Hispanic or Latino,Joint,25-34,80.0,Loan originated
1,695000.0,45,865000.0,139.0,1,White,Female,55-64,80.0,Loan originated
1,925000.0,41,1155000.0,286.0,1,White,Joint,35-44,80.0,Loan originated
1,1025000.0,37,1285000.0,293.0,1,White,Joint,35-44,80.0,Loan originated
1,105000.0,43,605000.0,54.0,1,White,Female,<25,16.667,Loan originated
1,815000.0,50%-60%,865000.0,199.0,1,Hispanic or Latino,Female,35-44,95.0,Application denied
1,425000.0,40,535000.0,121.0,1,Asian,Male,25-34,80.0,Loan originated
1,515000.0,45,815000.0,129.0,1,Hispanic or Latino,Joint,35-44,63.19,Loan originated
1,645000.0,49,805000.0,237.0,1,Hispanic or Latino,Male,45-54,80.0,Loan originated
1,265000.0,20%-<30%,295000.0,161.0,1,Asian,Joint,35-44,90.69,Loan originated
1,915000.0,30%-<36%,1305000.0,496.0,1,White,Male,35-44,70.0,Loan originated
1,325000.0,46,1025000.0,121.0,1,Asian,Joint,25-34,32.02,Loan originated
1,185000.0,45,245000.0,51.0,1,White,Female,25-34,75.0,Loan originated
1,405000.0,30%-<36%,1105000.0,135.0,1,White,Male,<25,36.199,Loan originated
1,615000.0,49,655000.0,156.0,1,Asian,Male,35-44,95.0,Loan originated
1,505000.0,48,535000.0,158.0,1,Hispanic or Latino,Joint,25-34,95.0,Loan originated
1,385000.0,48,855000.0,83.0,1,White,Joint,65-74,44.549,Loan originated
1,195000.0,42,215000.0,42.0,1,White,Male,25-34,93.0,Loan originated
1,465000.0,49,585000.0,110.0,1,Hispanic or Latino,Joint,65-74,79.4,Loan originated
1,905000.0,20%-<30%,1205000.0,524.0,1,Asian,Joint,35-44,75.0,Loan originated
1,765000.0,38,805000.0,287.0,1,Hispanic or Latino,Joint,35-44,95.0,Loan originated
1,515000.0,49,645000.0,104.0,1,Asian,Joint,35-44,80.0,Loan originated
1,705000.0,20%-<30%,795000.0,299.0,1,White,Male,35-44,88.0,Loan originated
1,435000.0,44,455000.0,98.0,1,Hispanic or Latino,Female,25-34,95.0,Loan originated
1,995000.0,41,1995000.0,267.0,1,White,Joint,55-64,50.0,Loan originated
1,875000.0,44,1375000.0,254.0,1,White,Joint,45-54,63.504,Loan originated
1,765000.0,41,1195000.0,219.0,1,Asian,Female,25-34,80.0,Loan originated
1,705000.0,47,885000.0,290.0,1,White,Joint,55-64,80.0,Loan originated
1,645000.0,43,805000.0,162.0,1,Hispanic or Latino,Male,35-44,80.0,Loan originated
1,325000.0,50%-60%,335000.0,48.0,1,Hispanic or Latino,Male,35-44,100.0,Loan originated
1,175000.0,50%-60%,285000.0,37.0,1,White,Female,55-64,62.143,Application denied
1,355000.0,45,375000.0,84.0,1,Hispanic or Latino,Male,<25,95.0,Loan originated
1,305000.0,20%-<30%,1335000.0,200.0,1,Asian,Male,25-34,22.472,Loan originated
1,455000.0,40,705000.0,156.0,1,White,Joint,45-54,65.0,Loan originated
1,205000.0,41,205000.0,87.0,1,White,Male,35-44,104.5,Application denied
1,625000.0,45,765000.0,217.0,1,Hispanic or Latino,Male,45-54,84.797,Loan originated
1,175000.0,42,245000.0,100.0,1,White,Female,45-54,70.0,Loan originated
1,555000.0,48,585000.0,108.0,1,Asian,Male,25-34,95.0,Loan originated
1,685000.0,44,725000.0,193.0,1,Asian,Female,25-34,95.0,Loan originated
1,615000.0,46,775000.0,133.0,1,Hispanic or Latino,Male,35-44,80.0,Loan originated
1,115000.0,30%-<36%,645000.0,69.0,1,White,Male,65-74,17.188,Loan originated
1,665000.0,40,695000.0,164.0,1,Asian,Joint,35-44,95.0,Loan originated
1,415000.0,30%-<36%,755000.0,156.0,1,White,Joint,45-54,54.018,Loan originated
1,315000.0,20%-<30%,505000.0,115.0,1,White,Female,35-44,62.178,Loan originated
1,1005000.0,38,1305000.0,331.0,1,Asian,Joint,35-44,76.93,Loan originated
1,515000.0,38,545000.0,230.0,1,Black or African American,Male,55-64,95.0,Loan originated
1,215000.0,44,225000.0,48.0,1,Hispanic or Latino,Male,<25,95.0,Loan originated
1,535000.0,40,565000.0,169.0,1,Hispanic or Latino,Male,25-34,97.81,Loan originated
1,595000.0,41,785000.0,167.0,1,Asian,Joint,25-34,75.669,Loan originated
1,415000.0,46,555000.0,76.0,1,Asian,Female,35-44,74.545,Loan originated
1,655000.0,43,825000.0,180.0,1,Asian,Joint,35-44,80.0,Loan originated
1,605000.0,47,765000.0,204.0,1,Asian,Joint,35-44,80.0,Loan originated
1,515000.0,20%-<30%,545000.0,231.0,1,Other,Male,45-54,95.0,Loan originated
1,325000.0,>60%,415000.0,65.0,1,White,Female,55-64,80.0,Application denied
1,505000.0,50%-60%,635000.0,116.0,1,White,Joint,25-34,80.0,Application denied
1,485000.0,38,515000.0,155.0,1,Black or African American,Female,45-54,95.0,Loan originated
1,655000.0,39,725000.0,195.0,1,White,Female,25-34,90.0,Loan originated
1,505000.0,44,755000.0,132.0,1,White,Female,55-64,73.333,Loan originated
1,465000.0,44,515000.0,112.0,1,Hispanic or Latino,Female,25-34,90.0,Loan originated
1,375000.0,49,485000.0,90.0,1,Black or African American,Female,55-64,78.125,Loan originated
1,1095000.0,49,1905000.0,220.0,1,White,Joint,45-54,58.0,Loan originated
1,765000.0,20%-<30%,955000.0,585.0,1,White,Male,45-54,80.0,Loan originated
1,345000.0,>60%,435000.0,57.0,1,Hispanic or Latino,Joint,35-44,80.0,Application denied
1,715000.0,30%-<36%,895000.0,596.0,1,Hispanic or Latino,Male,45-54,80.0,Loan originated
1,305000.0,46,735000.0,76.0,1,White,Joint,55-64,41.1,Loan originated
1,555000.0,40,575000.0,144.0,1,White,Female,35-44,95.0,Loan originated
1,315000.0,37,325000.0,83.0,1,Hispanic or Latino,Male,55-64,97.0,Loan originated
1,1095000.0,42,1615000.0,304.0,1,Asian,Joint,25-34,67.903,Loan originated
1,1055000.0,38,1635000.0,428.0,1,Asian,Male,35-44,65.0,Loan originated
1,195000.0,30%-<36%,215000.0,64.0,1,Hispanic or Latino,Male,25-34,86.808,Loan originated
1,135000.0,42,465000.0,44.0,1,White,Female,35-44,102.656,Loan originated
1,755000.0,36,1005000.0,282.0,1,White,Male,35-44,75.0,Loan originated
1,345000.0,30%-<36%,385000.0,134.0,1,Hispanic or Latino,Male,25-34,90.0,Loan originated
1,765000.0,41,955000.0,190.0,1,Black or African American,Male,35-44,80.0,Loan originated
1,525000.0,36,545000.0,158.0,1,Asian,Joint,35-44,95.0,Loan originated
1,335000.0,50%-60%,355000.0,80.0,1,Hispanic or Latino,Female,25-34,97.0,Application denied
1,445000.0,43,525000.0,147.0,1,White,Female,25-34,84.762,Loan originated
1,85000.0,36,415000.0,63.0,1,White,Joint,>74,21.909,Loan originated
1,355000.0,42,365000.0,99.0,1,White,Female,35-44,97.0,Loan originated
1,435000.0,45,455000.0,120.0,1,Black or African American,Joint,35-44,95.0,Loan originated
1,455000.0,50%-60%,1155000.0,182.0,1,White,Joint,65-74,39.14,Loan originated
1,345000.0,30%-<36%,745000.0,145.0,1,White,Joint,25-34,46.432,Loan originated
1,585000.0,49,605000.0,127.0,1,White,Female,25-34,97.0,Loan originated
1,305000.0,30%-<36%,405000.0,114.0,1,White,Male,55-64,75.0,Loan originated
1,555000.0,39,925000.0,171.0,1,White,Male,25-34,59.459,Loan originated
1,235000.0,30%-<36%,685000.0,170.0,1,White,Joint,65-74,34.307,Loan originated
1,905000.0,49,2405000.0,420.0,1,Asian,Male,65-74,37.5,Loan originated
1,715000.0,48,795000.0,182.0,1,Asian,Joint,25-34,90.0,Loan originated
1,575000.0,20%-<30%,715000.0,445.0,1,Hispanic or Latino,Male,45-54,80.0,Loan originated
1,405000.0,>60%,515000.0,113.0,1,Hispanic or Latino,Male,25-34,80.0,Loan originated
1,635000.0,42,795000.0,176.0,1,Hispanic or Latino,Joint,25-34,80.0,Loan originated
1,825000.0,49,1025000.0,185.0,1,Asian,Joint,35-44,80.0,Loan originated
1,465000.0,30%-<36%,575000.0,125.0,1,White,Female,35-44,80.0,Loan originated
1,605000.0,45,1435000.0,277.0,1,White,Joint,65-74,42.0,Loan originated
1,1035000.0,>60%,1295000.0,305.0,1,White,Male,25-34,80.0,Application denied
1,425000.0,49,435000.0,133.0,1,Hispanic or Latino,Male,25-34,100.0,Loan originated
1,325000.0,30%-<36%,375000.0,142.0,1,Hispanic or Latino,Male,45-54,87.844,Loan originated
1,765000.0,<20%,1155000.0,446.0,1,White,Joint,55-64,66.657,Loan originated
1,625000.0,48,695000.0,277.0,1,Hispanic or Latino,Joint,55-64,89.99,Loan originated
1,225000.0,50%-60%,245000.0,114.0,1,Hispanic or Latino,Female,25-34,95.0,Application denied
1,935000.0,36,1935000.0,337.0,1,Asian,Male,45-54,48.32,Loan originated
1,725000.0,42,905000.0,170.0,1,Hispanic or Latino,Female,25-34,80.0,Loan originated
1,705000.0,46,875000.0,177.0,1,Asian,Joint,25-34,80.0,Loan originated
1,165000.0,48,335000.0,39.0,1,White,Female,<25,50.0,Loan originated
1,1065000.0,30%-<36%,1425000.0,281.0,1,Hispanic or Latino,Female,45-54,75.0,Loan originated
1,725000.0,30%-<36%,915000.0,203.0,1,White,Joint,25-34,80.0,Loan originated
1,375000.0,49,1315000.0,91.0,1,White,Joint,55-64,28.42,Loan originated
1,595000.0,41,665000.0,139.0,1,White,Joint,35-44,90.0,Loan originated
1,375000.0,30%-<36%,505000.0,133.0,1,White,Joint,45-54,75.0,Loan originated
1,365000.0,43,435000.0,126.0,1,Hispanic or Latino,Joint,35-44,104.609,Loan originated
1,995000.0,37,1235000.0,260.0,1,White,Female,25-34,80.0,Loan originated
1,215000.0,48,275000.0,53.0,1,Hispanic or Latino,Joint,35-44,80.0,Application denied
1,325000.0,48,465000.0,72.0,1,Hispanic or Latino,Joint,35-44,88.295,Loan originated
1,245000.0,30%-<36%,275000.0,127.0,1,Hispanic or Latino,Male,45-54,90.0,Application denied
1,755000.0,30%-<36%,945000.0,312.0,1,Hispanic or Latino,Male,45-54,80.0,Loan originated
1,425000.0,49,995000.0,110.0,1,Hispanic or Latino,Female,35-44,43.246,Loan originated
1,225000.0,41,425000.0,72.0,1,Hispanic or Latino,Female,35-44,52.941,Loan originated
1,475000.0,30%-<36%,535000.0,148.0,1,Hispanic or Latino,Male,45-54,90.0,Loan originated
1,265000.0,47,795000.0,64.0,1,White,Male,25-34,32.911,Loan originated
1,735000.0,30%-<36%,1245000.0,244.0,1,Asian,Male,25-34,58.87,Loan originated
1,545000.0,48,715000.0,105.0,1,Asian,Female,25-34,75.734,Loan originated
1,435000.0,44,445000.0,104.0,1,Other,Male,35-44,97.0,Application denied
1,245000.0,41,325000.0,145.0,1,White,Joint,55-64,75.0,Loan originated
1,535000.0,30%-<36%,1235000.0,177.0,1,White,Male,55-64,43.5,Loan originated
1,435000.0,38,625000.0,131.0,1,White,Female,55-64,70.0,Loan originated
1,225000.0,>60%,245000.0,105.0,1,White,Female,55-64,95.0,Application denied
1,525000.0,36,855000.0,155.0,1,White,Female,45-54,65.0,Loan originated
1,765000.0,48,1105000.0,204.0,1,White,Male,25-34,69.686,Loan originated
1,495000.0,>60%,625000.0,230.0,1,Asian,Male,35-44,80.0,Application denied
1,765000.0,49,1305000.0,200.0,1,White,Joint,35-44,58.965,Loan originated
1,565000.0,30%-<36%,665000.0,274.0,1,Hispanic or Latino,Joint,45-54,85.0,Loan originated
1,485000.0,49,615000.0,89.0,1,White,Female,<25,80.0,Application denied
1,435000.0,49,655000.0,148.0,1,Hispanic or Latino,Male,45-54,66.923,Loan originated
1,655000.0,43,695000.0,133.0,1,Hispanic or Latino,Female,35-44,94.988,Loan originated
1,405000.0,41,505000.0,105.0,1,Hispanic or Latino,Male,<25,80.0,Loan originated
1,765000.0,46,1165000.0,238.0,1,White,Joint,65-74,66.0,Loan originated
1,145000.0,38,175000.0,102.0,1,Hispanic or Latino,Joint,65-74,82.85,Loan originated
1,425000.0,48,725000.0,189.0,1,White,Joint,35-44,58.621,Application denied
1,895000.0,41,1115000.0,216.0,1,White,Female,35-44,80.0,Loan originated
1,445000.0,50%-60%,765000.0,79.0,1,Hispanic or Latino,Male,45-54,58.947,Application denied
1,625000.0,41,695000.0,192.0,1,Hispanic or Latino,Joint,35-44,90.0,Loan originated
1,425000.0,30%-<36%,455000.0,126.0,1,White,Joint,25-34,95.0,Loan originated
1,325000.0,43,335000.0,77.0,1,White,Female,25-34,97.0,Loan originated
1,905000.0,20%-<30%,1405000.0,475.0,1,Asian,Joint,45-54,64.98,Loan originated
1,505000.0,49,705000.0,117.0,1,White,Female,35-44,71.952,Loan originated
1,665000.0,49,835000.0,164.0,1,White,Joint,25-34,80.0,Loan originated
1,785000.0,48,985000.0,269.0,1,Hispanic or Latino,Joint,25-34,80.0,Loan originated
1,315000.0,20%-<30%,355000.0,251.0,1,White,Joint,65-74,90.0,Loan originated
1,405000.0,42,535000.0,570.0,1,Asian,Joint,45-54,75.0,Loan originated
1,1005000.0,47,1255000.0,310.0,1,Asian,Joint,35-44,80.0,Loan originated
1,465000.0,46,575000.0,109.0,1,Asian,Male,35-44,80.0,Loan originated
1,445000.0,40,615000.0,133.0,1,White,Male,25-34,74.958,Loan originated
1,765000.0,43,995000.0,165.0,1,White,Male,65-74,76.65,Loan originated
1,455000.0,49,565000.0,100.0,1,Asian,Female,45-54,80.0,Loan originated
1,155000.0,41,935000.0,180.0,1,White,Joint,65-74,15.974,Loan originated
1,475000.0,20%-<30%,755000.0,304.0,1,White,Joint,25-34,63.333,Loan originated
1,435000.0,30%-<36%,545000.0,315.0,1,Asian,Male,35-44,80.0,Loan originated
1,995000.0,46,1105000.0,220.0,1,White,Male,25-34,90.0,Loan originated
1,375000.0,30%-<36%,465000.0,126.0,1,Hispanic or Latino,Female,25-34,80.0,Loan originated
1,635000.0,49,795000.0,204.0,1,White,Joint,55-64,80.0,Loan originated
1,1075000.0,37,1675000.0,289.0,1,Asian,Female,35-44,64.07,Loan originated
1,765000.0,30%-<36%,875000.0,250.0,1,Asian,Joint,45-54,87.43,Loan originated
1,345000.0,30%-<36%,745000.0,163.0,1,White,Female,65-74,46.581,Loan originated
1,455000.0,49,565000.0,107.0,1,Asian,Male,35-44,80.0,Loan originated
1,445000.0,40,555000.0,110.0,1,Asian,Female,25-34,79.997,Loan originated
1,805000.0,30%-<36%,905000.0,342.0,1,White,Female,35-44,89.9,Loan originated
1,235000.0,40,415000.0,83.0,1,Hispanic or Latino,Joint,55-64,57.711,Loan originated
1,505000.0,48,565000.0,106.0,1,Asian,Male,35-44,89.99,Application denied
1,165000.0,46,515000.0,43.0,1,White,Female,45-54,31.641,Loan originated
1,365000.0,20%-<30%,815000.0,205.0,1,White,Female,55-64,44.785,Loan originated
1,565000.0,39,595000.0,284.0,1,White,Joint,25-34,95.0,Loan originated
1,415000.0,>60%,565000.0,66.0,1,Asian,Male,45-54,74.0,Application denied
1,405000.0,48,1205000.0,195.0,1,White,Joint,45-54,34.0,Application denied
1,915000.0,48,965000.0,117.0,1,Hispanic or Latino,Male,35-44,95.0,Loan originated
1,685000.0,46,715000.0,218.0,1,Hispanic or Latino,Joint,25-34,94.988,Loan originated
1,435000.0,20%-<30%,465000.0,173.0,1,White,Joint,25-34,95.0,Loan originated
1,335000.0,30%-<36%,415000.0,102.0,1,White,Female,25-34,80.0,Loan originated
1,365000.0,20%-<30%,455000.0,680.0,1,Hispanic or Latino,Joint,55-64,80.0,Loan originated
1,595000.0,45,745000.0,158.0,1,White,Joint,25-34,80.0,Loan originated
1,265000.0,39,515000.0,141.0,1,Hispanic or Latino,Male,25-34,51.905,Loan originated
1,305000.0,20%-<30%,545000.0,254.0,1,Other,Joint,65-74,55.556,Loan originated
1,555000.0,44,585000.0,254.0,1,Hispanic or Latino,Joint,35-44,95.0,Loan originated
1,765000.0,45,1465000.0,303.0,1,White,Male,45-54,52.503,Loan originated
1,785000.0,20%-<30%,975000.0,236.0,1,White,Male,35-44,80.0,Loan originated
1,855000.0,30%-<36%,1365000.0,256.0,1,White,Joint,35-44,62.5,Loan originated
1,335000.0,30%-<36%,515000.0,117.0,1,Asian,Male,55-64,65.0,Loan originated
1,865000.0,37,1085000.0,290.0,1,Asian,Joint,25-34,80.0,Loan originated
1,545000.0,40,615000.0,126.0,1,Asian,Female,35-44,89.993,Loan originated
1,575000.0,47,695000.0,156.0,1,White,Male,<25,83.809,Loan originated
1,675000.0,45,905000.0,137.0,1,White,Joint,55-64,75.0,Loan originated
1,365000.0,48,495000.0,90.0,1,White,Female,55-64,73.0,Loan originated
1,465000.0,49,665000.0,118.0,1,Hispanic or Latino,Male,45-54,70.0,Loan originated
1,715000.0,20%-<30%,895000.0,473.0,1,White,Male,35-44,80.0,Loan originated
1,605000.0,42,755000.0,145.0,1,Asian,Male,35-44,80.0,Loan originated
1,435000.0,36,855000.0,144.0,1,Hispanic or Latino,Male,55-64,50.705,Loan originated
1,645000.0,38,815000.0,190.0,1,White,Joint,65-74,80.0,Loan originated
1,475000.0,45,485000.0,125.0,1,Asian,Female,25-34,100.0,Loan originated
1,365000.0,45,455000.0,101.0,1,White,Male,25-34,80.0,Loan originated
1,655000.0,46,915000.0,146.0,1,White,Joint,35-44,71.43,Loan originated
1,1005000.0,45,1435000.0,292.0,1,White,Joint,25-34,69.977,Loan originated
1,565000.0,48,745000.0,390.0,1,White,Joint,<25,75.0,Loan originated
1,685000.0,37,855000.0,285.0,1,Hispanic or Latino,Male,45-54,80.0,Loan originated
1,145000.0,44,175000.0,64.0,1,White,Joint,65-74,79.55,Application denied
1,505000.0,49,535000.0,100.0,1,Hispanic or Latino,Joint,25-34,95.0,Loan originated
1,715000.0,38,845000.0,237.0,1,Hispanic or Latino,Male,45-54,85.0,Loan originated
1,285000.0,49,325000.0,101.0,1,Black or African American,Male,25-34,88.0,Loan originated
1,765000.0,47,805000.0,234.0,1,Black or African American,Joint,35-44,95.0,Loan originated
1,215000.0,49,445000.0,48.0,1,Hispanic or Latino,Female,25-34,47.73,Loan originated
1,905000.0,38,1295000.0,322.0,1,Asian,Male,25-34,70.0,Loan originated
1,935000.0,39,1265000.0,269.0,1,Asian,Joint,25-34,73.659,Loan originated
1,245000.0,20%-<30%,285000.0,146.0,1,Hispanic or Latino,Joint,45-54,85.0,Application denied
1,745000.0,44,785000.0,185.0,1,Asian,Joint,45-54,95.0,Loan originated
1,895000.0,39,1125000.0,225.0,1,White,Joint,35-44,80.0,Loan originated
1,275000.0,49,415000.0,70.0,1,Asian,Female,25-34,66.427,Loan originated
1,575000.0,20%-<30%,725000.0,237.0,1,White,Joint,35-44,80.0,Loan originated
1,435000.0,39,515000.0,176.0,1,White,Male,45-54,85.0,Loan originated
1,855000.0,39,955000.0,242.0,1,Asian,Joint,25-34,90.0,Application denied
1,905000.0,48,1205000.0,183.0,1,White,Male,25-34,75.0,Loan originated
1,325000.0,20%-<30%,335000.0,118.0,1,White,Joint,35-44,97.0,Loan originated
1,1035000.0,44,1605000.0,260.0,1,White,Female,45-54,65.0,Application denied
1,565000.0,40,755000.0,148.0,1,Asian,Joint,35-44,75.0,Loan originated
1,1075000.0,36,1195000.0,313.0,1,Black or African American,Joint,35-44,90.0,Loan originated
1,385000.0,48,405000.0,80.0,1,Hispanic or Latino,Joint,45-54,95.0,Loan originated
1,465000.0,47,575000.0,219.0,1,White,Joint,25-34,80.0,Loan originated
1,565000.0,42,595000.0,145.0,1,Asian,Male,35-44,95.0,Loan originated
1,725000.0,47,815000.0,144.0,1,Hispanic or Latino,Male,35-44,90.0,Loan originated
1,335000.0,20%-<30%,835000.0,196.0,1,Asian,Male,35-44,39.86,Loan originated
1,1005000.0,41,1615000.0,260.0,1,Asian,Male,25-34,61.805,Application denied
1,765000.0,46,855000.0,239.0,1,Hispanic or Latino,Joint,35-44,90.0,Loan originated
1,705000.0,41,955000.0,196.0,1,Asian,Joint,45-54,73.3,Loan originated
1,415000.0,37,865000.0,155.0,1,Asian,Female,35-44,48.27,Loan originated
1,175000.0,<20%,675000.0,325.0,1,White,Joint,55-64,25.926,Loan originated
1,665000.0,49,965000.0,147.0,1,Asian,Joint,45-54,69.069,Loan originated
1,715000.0,30%-<36%,925000.0,238.0,1,White,Joint,35-44,77.283,Loan originated
1,675000.0,41,795000.0,149.0,1,Hispanic or Latino,Joint,25-34,84.81,Loan originated
1,925000.0,48,1165000.0,181.0,1,Asian,Joint,45-54,80.0,Loan originated
1,505000.0,49,565000.0,103.0,1,White,Male,25-34,89.982,Loan originated
1,465000.0,41,765000.0,120.0,1,Hispanic or Latino,Joint,65-74,61.038,Loan originated
1,825000.0,43,1025000.0,206.0,1,Hispanic or Latino,Female,35-44,80.0,Loan originated
1,605000.0,46,645000.0,243.0,1,White,Joint,25-34,95.0,Loan originated
1,655000.0,30%-<36%,815000.0,277.0,1,White,Female,55-64,80.0,Loan originated
1,745000.0,37,935000.0,200.0,1,White,Female,45-54,80.0,Loan originated
1,685000.0,46,855000.0,212.0,1,Asian,Joint,25-34,80.0,Loan originated
1,1065000.0,20%-<30%,1525000.0,697.0,1,Asian,Joint,35-44,70.0,Loan originated
1,1145000.0,49,1475000.0,253.0,1,White,Joint,35-44,78.21,Loan originated
1,695000.0,30%-<36%,875000.0,213.0,1,White,Joint,25-34,80.0,Loan originated
1,1145000.0,47,1605000.0,259.0,1,White,Joint,35-44,72.0,Loan originated
1,455000.0,49,505000.0,143.0,1,White,Male,55-64,90.0,Loan originated
1,1085000.0,42,1375000.0,238.0,1,Asian,Male,35-44,78.95,Loan originated
1,565000.0,<20%,685000.0,465.0,1,White,Joint,35-44,81.76,Loan originated
1,245000.0,49,265000.0,66.0,1,Asian,Joint,25-34,95.0,Loan originated
1,525000.0,45,655000.0,122.0,1,White,Female,25-34,80.0,Loan originated
1,525000.0,42,675000.0,119.0,1,Hispanic or Latino,Joint,25-34,77.612,Loan originated
1,475000.0,43,595000.0,151.0,1,White,Male,35-44,80.0,Loan originated
1,305000.0,40,605000.0,155.0,1,White,Male,35-44,50.0,Application denied
1,405000.0,48,515000.0,107.0,1,Hispanic or Latino,Female,45-54,80.0,Loan originated
1,675000.0,30%-<36%,1855000.0,327.0,1,Asian,Joint,25-34,37.0,Loan originated
1,265000.0,<20%,415000.0,90.0,1,Asian,Male,45-54,63.42,Loan originated
1,205000.0,41,705000.0,90.0,1,White,Male,45-54,29.0,Loan originated
1,535000.0,45,675000.0,138.0,1,Asian,Joint,55-64,80.0,Loan originated
1,725000.0,45,805000.0,207.0,1,Hispanic or Latino,Female,35-44,90.0,Application denied
1,625000.0,43,1225000.0,190.0,1,White,Joint,65-74,51.02,Loan originated
1,915000.0,44,965000.0,309.0,1,Hispanic or Latino,Joint,55-64,95.0,Loan originated
1,805000.0,30%-<36%,1015000.0,237.0,1,White,Male,25-34,79.406,Loan originated
1,445000.0,30%-<36%,555000.0,172.0,1,Asian,Male,25-34,80.0,Loan originated
1,345000.0,20%-<30%,1045000.0,216.0,1,White,Male,35-44,34.0,Loan originated
1,395000.0,42,435000.0,156.0,1,Hispanic or Latino,Male,25-34,90.0,Loan originated
1,475000.0,41,495000.0,162.0,1,White,Joint,25-34,95.0,Loan originated
1,525000.0,44,695000.0,198.0,1,Asian,Male,45-54,74.88,Loan originated
1,355000.0,<20%,765000.0,367.0,1,Hispanic or Latino,Joint,25-34,45.75,Loan originated
1,905000.0,44,1205000.0,205.0,1,Asian,Female,45-54,75.0,Loan originated
1,395000.0,47,495000.0,109.0,1,Hispanic or Latino,Female,35-44,100.0,Loan originated
1,355000.0,39,505000.0,227.0,1,White,Male,<25,70.297,Loan originated
1,555000.0,37,1725000.0,188.0,1,White,Male,35-44,32.17,Loan originated
1,635000.0,41,795000.0,300.0,1,Asian,Joint,35-44,80.0,Loan originated
1,985000.0,49,1055000.0,198.0,1,White,Female,55-64,93.95,Loan originated
1,975000.0,48,2705000.0,332.0,1,Asian,Male,45-54,35.926,Loan originated
1,925000.0,30%-<36%,1265000.0,265.0,1,Asian,Male,35-44,73.333,Loan originated
1,665000.0,30%-<36%,1145000.0,337.0,1,White,Joint,45-54,57.441,Loan originated
1,505000.0,20%-<30%,1785000.0,469.0,1,Asian,Joint,35-44,28.011,Loan originated
1,745000.0,20%-<30%,995000.0,341.0,1,White,Female,35-44,75.0,Loan originated
1,275000.0,30%-<36%,475000.0,85.0,1,White,Joint,35-44,58.421,Loan originated
1,505000.0,41,725000.0,154.0,1,Asian,Female,25-34,69.92,Loan originated
1,1145000.0,20%-<30%,1525000.0,382.0,1,Asian,Joint,<25,74.99,Loan originated
1,605000.0,48,755000.0,162.0,1,White,Male,<25,80.0,Loan originated
1,1105000.0,49,1435000.0,226.0,1,Asian,Male,35-44,76.923,Loan originated
1,505000.0,50%-60%,535000.0,144.0,1,Hispanic or Latino,Male,35-44,95.0,Loan originated
1,465000.0,44,575000.0,108.0,1,White,Male,45-54,80.0,Loan originated
1,545000.0,45,845000.0,148.0,1,White,Joint,25-34,67.28,Application denied
1,665000.0,30%-<36%,955000.0,216.0,1,Asian,Female,25-34,70.0,Loan originated
1,155000.0,30%-<36%,165000.0,187.0,1,Black or African American,Joint,35-44,95.0,Loan originated
1,1145000.0,47,1545000.0,267.0,1,Asian,Joint,25-34,74.61,Loan originated
1,205000.0,50%-60%,305000.0,183.0,1,Asian,Female,65-74,68.53,Application denied
1,775000.0,47,815000.0,230.0,1,Asian,Male,45-54,95.0,Loan originated
1,235000.0,42,295000.0,61.0,1,Hispanic or Latino,Male,25-34,80.0,Loan originated
1,205000.0,<20%,1085000.0,353.0,1,Asian,Joint,25-34,18.44,Loan originated
1,385000.0,41,475000.0,155.0,1,White,Female,35-44,80.0,Loan originated
1,445000.0,>60%,655000.0,49.0,1,Hispanic or Latino,Female,35-44,67.382,Application denied
1,955000.0,41,1125000.0,278.0,1,Asian,Male,45-54,85.0,Loan originated
1,705000.0,41,875000.0,174.0,1,Asian,Female,35-44,80.0,Loan originated
1,645000.0,40,715000.0,208.0,1,Hispanic or Latino,Male,35-44,90.0,Loan originated
1,555000.0,30%-<36%,695000.0,238.0,1,White,Male,55-64,80.0,Loan originated
1,665000.0,47,835000.0,132.0,1,Hispanic or Latino,Male,25-34,80.0,Loan originated
1,205000.0,44,1395000.0,90.0,1,White,Female,55-64,14.287,Loan originated
1,465000.0,38,515000.0,149.0,1,Asian,Male,35-44,90.0,Loan originated
1,275000.0,40,295000.0,93.0,1,Hispanic or Latino,Joint,35-44,95.0,Application denied
1,15000.0,30%-<36%,525000.0,177.0,1,Black or African American,Joint,45-54,100.0,Loan originated
1,725000.0,49,905000.0,167.0,1,Asian,Joint,25-34,80.889,Loan originated
1,765000.0,38,875000.0,237.0,1,White,Joint,25-34,88.11,Loan originated
1,475000.0,48,525000.0,94.0,1,Hispanic or Latino,Joint,25-34,89.99,Loan originated
1,765000.0,20%-<30%,2105000.0,1032.0,1,White,Male,25-34,36.476,Loan originated
1,965000.0,49,1075000.0,312.0,1,Black or African American,Male,65-74,90.0,Loan originated
1,1085000.0,41,1365000.0,410.0,1,Asian,Male,55-64,80.0,Loan originated
1,1425000.0,50%-60%,1905000.0,269.0,1,Hispanic or Latino,Male,25-34,75.0,Loan originated
1,965000.0,44,1365000.0,243.0,1,Asian,Joint,35-44,70.7,Loan originated
1,955000.0,20%-<30%,1145000.0,357.0,1,White,Joint,45-54,83.362,Loan originated
1,425000.0,49,535000.0,82.0,1,White,Joint,55-64,80.0,Loan originated
1,335000.0,20%-<30%,455000.0,165.0,1,White,Female,35-44,75.0,Loan originated
1,225000.0,36,475000.0,69.0,1,Hispanic or Latino,Male,65-74,47.368,Loan originated
1,385000.0,48,385000.0,110.0,1,Hispanic or Latino,Joint,45-54,48.125,Loan originated
1,295000.0,43,315000.0,82.0,1,White,Female,25-34,93.651,Loan originated
1,395000.0,49,475000.0,83.0,1,Hispanic or Latino,Male,25-34,86.39,Loan originated
1,385000.0,49,755000.0,117.0,1,Asian,Male,45-54,50.331,Loan originated
1,745000.0,40,935000.0,225.0,1,White,Joint,55-64,80.0,Loan originated
1,485000.0,30%-<36%,495000.0,179.0,1,Asian,Male,25-34,97.0,Loan originated
1,985000.0,42,1225000.0,294.0,1,White,Joint,35-44,80.0,Loan originated
1,945000.0,30%-<36%,1055000.0,284.0,1,White,Joint,25-34,90.0,Loan originated
1,645000.0,37,715000.0,155.0,1,Hispanic or Latino,Male,35-44,89.99,Loan originated
1,655000.0,41,725000.0,164.0,1,Hispanic or Latino,Male,35-44,89.993,Loan originated
1,235000.0,41,245000.0,124.0,1,Asian,Joint,25-34,95.0,Loan originated
1,695000.0,36,775000.0,239.0,1,White,Male,35-44,90.0,Loan originated
1,15000.0,45,505000.0,135.0,1,White,Female,55-64,100.0,Loan originated
1,605000.0,49,755000.0,122.0,1,Asian,Male,25-34,83.0,Loan originated
1,815000.0,45,1025000.0,181.0,1,Asian,Joint,25-34,80.0,Loan originated
1,545000.0,40,685000.0,129.0,1,Hispanic or Latino,Female,35-44,80.0,Loan originated
1,165000.0,36,215000.0,57.0,1,Hispanic or Latino,Male,45-54,80.0,Loan originated
1,475000.0,42,505000.0,111.0,1,Hispanic or Latino,Male,45-54,95.0,Loan originated
1,405000.0,30%-<36%,1525000.0,130.0,1,Asian,Male,25-34,30.0,Loan originated
1,425000.0,49,525000.0,103.0,1,Asian,Joint,45-54,80.0,Loan originated
1,765000.0,49,795000.0,189.0,1,Hispanic or Latino,Female,35-44,96.0,Loan originated
1,335000.0,50%-60%,415000.0,60.0,1,Hispanic or Latino,Female,35-44,80.0,Application denied
1,575000.0,44,605000.0,172.0,1,Hispanic or Latino,Joint,25-34,95.0,Loan originated
1,865000.0,20%-<30%,1085000.0,485.0,1,White,Male,35-44,80.0,Loan originated
1,635000.0,39,795000.0,224.0,1,White,Female,55-64,80.0,Loan originated
1,685000.0,48,725000.0,135.0,1,Hispanic or Latino,Male,25-34,94.31,Loan originated
1,655000.0,38,1255000.0,208.0,1,White,Joint,55-64,52.04,Loan originated
1,115000.0,30%-<36%,125000.0,184.0,1,Hispanic or Latino,Male,25-34,90.0,Loan originated
1,485000.0,48,515000.0,111.0,1,Hispanic or Latino,Male,25-34,95.0,Loan originated
1,955000.0,49,1285000.0,208.0,1,Asian,Female,55-64,74.57,Loan originated
1,675000.0,39,845000.0,163.0,1,Asian,Joint,45-54,80.0,Loan originated
1,895000.0,45,1195000.0,216.0,1,White,Male,35-44,75.0,Loan originated
1,145000.0,20%-<30%,695000.0,113.0,1,White,Joint,55-64,21.32,Loan originated
1,465000.0,37,475000.0,260.0,1,Hispanic or Latino,Joint,45-54,97.0,Loan originated
1,375000.0,30%-<36%,765000.0,194.0,1,White,Joint,35-44,49.518,Loan originated
1,605000.0,20%-<30%,805000.0,257.0,1,White,Joint,35-44,75.0,Loan originated
1,625000.0,49,695000.0,105.0,1,Asian,Male,35-44,90.0,Loan originated
1,505000.0,49,795000.0,210.0,1,Hispanic or Latino,Female,>74,63.727,Loan originated
1,365000.0,39,375000.0,73.0,1,Hispanic or Latino,Male,45-54,97.0,Loan originated
1,765000.0,42,855000.0,194.0,1,White,Male,35-44,89.989,Loan originated
1,215000.0,30%-<36%,295000.0,300.0,1,White,Male,35-44,73.32,Loan originated
1,635000.0,20%-<30%,1235000.0,302.0,1,White,Joint,35-44,51.237,Loan originated
1,745000.0,42,875000.0,180.0,1,White,Female,25-34,85.0,Loan originated
1,305000.0,37,325000.0,93.0,1,Hispanic or Latino,Female,<25,95.0,Loan originated
1,405000.0,30%-<36%,805000.0,144.0,1,White,Joint,>74,49.974,Loan originated
1,805000.0,42,855000.0,225.0,1,White,Male,25-34,95.0,Loan originated
1,355000.0,49,415000.0,75.0,1,Asian,Female,35-44,88.0,Loan originated
1,375000.0,48,475000.0,99.0,1,Black or African American,Female,55-64,79.16,Loan originated
1,775000.0,30%-<36%,1195000.0,249.0,1,White,Joint,25-34,64.49,Loan originated
1,325000.0,43,335000.0,109.0,1,White,Female,45-54,97.0,Loan originated
1,705000.0,30%-<36%,1055000.0,197.0,1,Asian,Male,35-44,66.041,Loan originated
1,995000.0,20%-<30%,1295000.0,325.0,1,Asian,Joint,45-54,76.92,Loan originated
1,755000.0,20%-<30%,2305000.0,394.0,1,Asian,Female,25-34,32.61,Application denied
1,305000.0,48,385000.0,74.0,1,Hispanic or Latino,Joint,>74,80.0,Loan originated
1,105000.0,48,265000.0,108.0,1,Asian,Male,>74,37.175,Application denied
1,315000.0,>60%,425000.0,62.0,1,Asian,Female,45-54,72.941,Application denied
1,565000.0,48,705000.0,138.0,1,Asian,Joint,55-64,80.0,Loan originated
1,365000.0,49,385000.0,80.0,1,White,Joint,45-54,101.85,Loan originated
1,765000.0,39,1225000.0,280.0,1,Hispanic or Latino,Male,25-34,62.571,Loan originated
1,145000.0,41,185000.0,74.0,1,White,Male,>74,75.86,Loan originated
1,405000.0,20%-<30%,505000.0,164.0,1,White,Joint,25-34,80.0,Loan originated
1,635000.0,49,675000.0,139.0,1,Hispanic or Latino,Joint,35-44,95.0,Loan originated
1,335000.0,46,445000.0,70.0,1,Hispanic or Latino,Male,<25,77.04,Loan originated
