loan_purpose,loan_amount,debt_to_income_ratio,property_value,income,occupancy_type,derived_race,derived_sex,applicant_age,loan_to_value_ratio,action_taken
1,645000.0,43,805000.0,162.0,1,Hispanic or Latino,Male,35-44,80.0,Loan originated
1,275000.0,20%-<30%,635000.0,168.0,1,Asian,Male,35-44,44.15,Loan originated
1,475000.0,46,595000.0,163.0,1,White,Joint,45-54,80.0,Loan originated
1,475000.0,48,635000.0,124.0,1,White,Female,35-44,75.0,Loan originated
1,495000.0,47,995000.0,148.0,1,Hispanic or Latino,Joint,25-34,100.251,Loan originated
1,325000.0,46,545000.0,84.0,1,Asian,Female,25-34,60.0,Loan originated
1,545000.0,49,725000.0,134.0,1,Black or African American,Joint,55-64,75.972,Loan originated
1,705000.0,42,1005000.0,207.0,1,Asian,Joint,35-44,70.0,Loan originated
1,605000.0,42,755000.0,145.0,1,Asian,Male,35-44,80.0,Loan originated
1,755000.0,44,1085000.0,245.0,1,Asian,Female,45-54,70.0,Loan originated
1,505000.0,30%-<36%,785000.0,187.0,1,Asian,Joint,25-34,65.0,Loan originated
1,1045000.0,44,1305000.0,384.0,1,White,Joint,25-34,80.0,Loan originated
1,705000.0,20%-<30%,1505000.0,416.0,1,White,Joint,25-34,46.667,Loan originated
1,565000.0,45,1165000.0,184.0,1,White,Female,55-64,48.32,Loan originated
1,405000.0,46,515000.0,92.0,1,White,Joint,55-64,80.0,Loan originated
1,265000.0,49,1255000.0,77.0,1,White,Male,55-64,20.8,Loan originated
1,305000.0,47,415000.0,78.0,1,Hispanic or Latino,Female,25-34,73.747,Loan originated
1,615000.0,45,655000.0,140.0,1,Black or African American,Male,55-64,95.0,Loan originated
1,665000.0,48,705000.0,293.0,1,White,Male,45-54,95.0,Loan originated
1,715000.0,42,795000.0,223.0,1,Hispanic or Latino,Joint,35-44,90.0,Loan originated
1,865000.0,47,915000.0,207.0,1,White,Male,35-44,95.0,Loan originated
1,555000.0,46,585000.0,145.0,1,Asian,Joint,25-34,95.0,Loan originated
1,745000.0,49,935000.0,164.0,1,White,Joint,35-44,80.0,Loan originated
1,345000.0,43,595000.0,119.0,1,White,Male,65-74,58.0,Loan originated
1,765000.0,>60%,1455000.0,263.0,1,Asian,Joint,45-54,52.61,Application denied
1,585000.0,47,655000.0,454.0,1,Asian,Male,35-44,90.0,Loan originated
1,755000.0,43,835000.0,151.0,1,Asian,Male,35-44,90.0,Loan originated
1,335000.0,30%-<36%,485000.0,349.0,1,White,Female,<25,69.039,Loan originated
1,385000.0,45,425000.0,77.0,1,Hispanic or Latino,Male,25-34,90.0,Loan originated
1,725000.0,40,905000.0,165.0,1,Asian,Female,35-44,80.0,Loan originated
1,445000.0,49,465000.0,159.0,1,Asian,Male,25-34,94.9,Loan originated
1,905000.0,47,1505000.0,226.0,1,Asian,Joint,35-44,60.0,Loan originated
1,245000.0,46,495000.0,194.0,1,Asian,Female,45-54,50.0,Loan originated
1,375000.0,36,765000.0,106.0,1,White,Male,35-44,48.684,Loan originated
1,445000.0,43,695000.0,131.0,1,White,Female,45-54,64.03,Loan originated
1,565000.0,30%-<36%,595000.0,194.0,1,White,Joint,35-44,95.0,Loan originated
1,215000.0,44,305000.0,48.0,1,White,Male,25-34,70.0,Loan originated
1,435000.0,30%-<36%,455000.0,131.0,1,Hispanic or Latino,Joint,35-44,97.0,Loan originated
1,485000.0,20%-<30%,645000.0,174.0,1,Asian,Joint,35-44,75.0,Loan originated
1,615000.0,30%-<36%,775000.0,190.0,1,White,Male,25-34,79.99,Loan originated
1,95000.0,<20%,115000.0,148.0,1,White,Female,65-74,81.15,Application denied
1,725000.0,30%-<36%,905000.0,391.0,1,White,Joint,35-44,80.0,Loan originated
1,475000.0,43,505000.0,123.0,1,Hispanic or Latino,Female,35-44,95.0,Loan originated
1,265000.0,44,635000.0,78.0,1,Hispanic or Latino,Female,45-54,41.397,Loan originated
1,635000.0,48,755000.0,264.0,1,Hispanic or Latino,Male,35-44,85.0,Loan originated
1,705000.0,38,785000.0,262.0,1,Hispanic or Latino,Joint,25-34,90.0,Loan originated
1,505000.0,47,535000.0,98.0,1,Hispanic or Latino,Female,35-44,95.0,Loan originated
1,445000.0,30%-<36%,705000.0,169.0,1,Asian,Male,35-44,62.857,Loan originated
1,255000.0,45,515000.0,80.0,1,Asian,Male,25-34,95.0,Loan originated
1,985000.0,20%-<30%,1225000.0,710.0,1,White,Male,45-54,80.0,Loan originated
1,725000.0,42,1325000.0,289.0,1,White,Joint,55-64,54.717,Loan originated
1,385000.0,47,395000.0,92.0,1,Black or African American,Male,25-34,97.0,Loan originated
1,495000.0,47,675000.0,117.0,1,Hispanic or Latino,Female,35-44,73.412,Loan originated
1,505000.0,30%-<36%,635000.0,146.0,1,White,Male,35-44,80.0,Loan originated
1,965000.0,41,1205000.0,238.0,1,White,Female,55-64,80.0,Loan originated
1,425000.0,49,735000.0,92.0,1,Hispanic or Latino,Female,35-44,57.53,Loan originated
1,345000.0,42,355000.0,103.0,1,White,Male,35-44,97.0,Loan originated
1,335000.0,30%-<36%,415000.0,103.0,1,Hispanic or Latino,Joint,25-34,80.0,Loan originated
1,375000.0,48,465000.0,111.0,1,Hispanic or Latino,Female,45-54,80.0,Loan originated
1,245000.0,43,255000.0,121.0,1,Hispanic or Latino,Male,45-54,95.0,Loan originated
1,625000.0,43,775000.0,236.0,1,White,Joint,45-54,80.0,Loan originated
1,405000.0,<20%,755000.0,1246.0,1,White,Female,25-34,53.33,Loan originated
1,285000.0,30%-<36%,485000.0,88.0,1,White,Male,25-34,58.543,Loan originated
1,625000.0,42,835000.0,254.0,1,Asian,Joint,55-64,75.0,Loan originated
1,275000.0,41,295000.0,78.0,1,White,Male,25-34,95.0,Loan originated
1,355000.0,30%-<36%,455000.0,166.0,1,White,Joint,25-34,78.166,Loan originated
1,685000.0,49,865000.0,125.0,1,Black or African American,Female,35-44,98.0,Loan originated
1,645000.0,46,815000.0,140.0,1,Asian,Joint,65-74,79.0,Loan originated
1,855000.0,39,955000.0,242.0,1,Asian,Joint,25-34,90.0,Application denied
1,715000.0,42,795000.0,192.0,1,White,Joint,25-34,90.0,Loan originated
1,305000.0,42,395000.0,63.0,1,White,Male,65-74,76.962,Loan originated
1,415000.0,39,525000.0,108.0,1,Asian,Female,45-54,80.0,Loan originated
1,375000.0,38,415000.0,134.0,1,White,Joint,35-44,90.0,Loan originated
1,395000.0,>60%,565000.0,77.0,1,Asian,Joint,25-34,70.0,Application denied
1,555000.0,43,685000.0,155.0,1,Hispanic or Latino,Male,45-54,80.0,Loan originated
1,575000.0,30%-<36%,715000.0,175.0,1,White,Male,25-34,80.0,Loan originated
1,765000.0,20%-<30%,1065000.0,284.0,1,Asian,Male,45-54,71.92,Loan originated
1,595000.0,36,635000.0,194.0,1,Hispanic or Latino,Joint,25-34,93.8,Loan originated
1,665000.0,42,835000.0,273.0,1,White,Joint,55-64,80.0,Loan originated
1,735000.0,30%-<36%,755000.0,247.0,1,White,Joint,35-44,97.0,Loan originated
1,385000.0,30%-<36%,755000.0,172.0,1,Asian,Male,25-34,51.109,Loan originated
1,565000.0,30%-<36%,1475000.0,180.0,1,Asian,Female,35-44,39.0,Loan originated
1,745000.0,48,785000.0,213.0,1,Asian,Joint,35-44,95.0,Loan originated
1,435000.0,47,535000.0,89.0,1,White,Male,25-34,80.0,Loan originated
1,275000.0,46,375000.0,139.0,1,Hispanic or Latino,Male,<25,73.333,Loan originated
1,805000.0,44,1005000.0,179.0,1,Asian,Joint,45-54,80.0,Loan originated
1,525000.0,30%-<36%,585000.0,178.0,1,Asian,Joint,35-44,89.993,Loan originated
1,1085000.0,42,1455000.0,350.0,1,Asian,Female,45-54,75.0,Loan originated
1,155000.0,<20%,685000.0,189.0,1,White,Male,65-74,21.959,Loan originated
1,375000.0,30%-<36%,725000.0,145.0,1,White,Female,55-64,51.724,Loan originated
1,245000.0,30%-<36%,255000.0,118.0,1,White,Joint,55-64,95.0,Loan originated
1,855000.0,50%-60%,1065000.0,308.0,1,Hispanic or Latino,Joint,25-34,80.0,Application denied
1,825000.0,49,875000.0,187.0,1,White,Joint,25-34,95.0,Loan originated
1,385000.0,38,695000.0,137.0,1,Asian,Male,45-54,54.6,Loan originated
1,525000.0,42,655000.0,220.0,1,White,Male,55-64,80.0,Loan originated
1,515000.0,44,995000.0,139.0,1,Asian,Male,35-44,52.0,Loan originated
1,365000.0,30%-<36%,515000.0,169.0,1,Asian,Female,55-64,70.0,Loan originated
1,755000.0,42,795000.0,203.0,1,Black or African American,Male,25-34,95.0,Loan originated
1,645000.0,44,715000.0,161.0,1,Hispanic or Latino,Female,45-54,89.99,Loan originated
1,325000.0,48,365000.0,80.0,1,Hispanic or Latino,Female,25-34,93.0,Loan originated
1,725000.0,30%-<36%,745000.0,378.0,1,White,Female,25-34,97.0,Loan originated
1,465000.0,37,575000.0,218.0,1,White,Female,<25,79.999,Loan originated
1,575000.0,30%-<36%,775000.0,140.0,1,Asian,Female,25-34,75.0,Loan originated
1,355000.0,30%-<36%,2225000.0,224.0,1,White,Male,55-64,15.73,Loan originated
1,335000.0,42,655000.0,109.0,1,Hispanic or Latino,Male,35-44,50.769,Loan originated
1,435000.0,47,545000.0,92.0,1,Asian,Female,25-34,100.0,Loan originated
1,625000.0,20%-<30%,725000.0,1012.0,1,Hispanic or Latino,Male,35-44,85.858,Loan originated
1,505000.0,46,525000.0,174.0,1,White,Joint,35-44,95.0,Loan originated
1,945000.0,44,1185000.0,362.0,1,Asian,Male,35-44,79.949,Loan originated
1,355000.0,49,415000.0,71.0,1,Hispanic or Latino,Joint,25-34,85.366,Loan originated
1,965000.0,46,1205000.0,198.0,1,White,Joint,35-44,80.0,Loan originated
1,495000.0,46,625000.0,140.0,1,Hispanic or Latino,Female,45-54,79.2,Loan originated
1,425000.0,48,525000.0,83.0,1,Asian,Female,35-44,100.0,Loan originated
1,415000.0,20%-<30%,485000.0,229.0,1,Hispanic or Latino,Male,25-34,85.0,Loan originated
1,505000.0,30%-<36%,625000.0,226.0,1,White,Female,35-44,80.0,Loan originated
1,425000.0,41,525000.0,177.0,1,White,Joint,45-54,80.0,Loan originated
1,275000.0,40,475000.0,85.0,1,White,Male,35-44,58.06,Loan originated
1,345000.0,44,365000.0,73.0,1,Hispanic or Latino,Male,45-54,95.0,Loan originated
1,505000.0,43,575000.0,117.0,1,White,Joint,25-34,88.674,Loan originated
1,505000.0,46,805000.0,112.0,1,White,Male,45-54,62.733,Loan originated
1,985000.0,43,1105000.0,270.0,1,White,Male,35-44,90.0,Loan originated
1,405000.0,38,775000.0,142.0,1,White,Joint,45-54,52.0,Loan originated
1,705000.0,44,795000.0,158.0,1,White,Male,35-44,88.608,Application denied
1,865000.0,43,865000.0,228.0,1,White,Male,25-34,100.0,Loan originated
1,885000.0,45,1355000.0,200.0,1,Asian,Joint,25-34,65.185,Loan originated
1,115000.0,20%-<30%,115000.0,156.0,1,Hispanic or Latino,Female,45-54,95.0,Application denied
1,415000.0,45,465000.0,94.0,1,Hispanic or Latino,Male,45-54,90.0,Loan originated
1,445000.0,40,555000.0,128.0,1,Hispanic or Latino,Male,35-44,80.0,Loan originated
1,605000.0,48,1335000.0,150.0,1,Hispanic or Latino,Female,35-44,45.113,Loan originated
1,395000.0,41,465000.0,87.0,1,Asian,Female,25-34,85.0,Loan originated
1,345000.0,45,395000.0,217.0,1,Asian,Joint,35-44,87.47,Loan originated
1,1395000.0,49,1755000.0,261.0,1,Asian,Joint,35-44,79.71,Loan originated
1,205000.0,20%-<30%,845000.0,222.0,1,White,Female,45-54,23.697,Loan originated
1,475000.0,44,555000.0,113.0,1,Asian,Female,45-54,85.0,Loan originated
1,525000.0,37,695000.0,177.0,1,Asian,Female,25-34,75.0,Loan originated
1,675000.0,48,755000.0,150.0,1,Black or African American,Joint,55-64,90.0,Loan originated
1,575000.0,44,605000.0,122.0,1,White,Female,65-74,95.0,Loan originated
1,525000.0,38,545000.0,162.0,1,White,Joint,25-34,95.0,Loan originated
1,645000.0,43,845000.0,154.0,1,White,Joint,35-44,76.19,Loan originated
1,485000.0,49,515000.0,104.0,1,Hispanic or Latino,Joint,35-44,100.0,Loan originated
1,245000.0,20%-<30%,315000.0,112.0,1,White,Joint,55-64,80.0,Loan originated
1,335000.0,42,345000.0,84.0,1,Hispanic or Latino,Male,35-44,95.0,Loan originated
1,685000.0,30%-<36%,855000.0,300.0,1,White,Female,25-34,79.35,Loan originated
1,545000.0,41,785000.0,191.0,1,Asian,Female,25-34,69.872,Loan originated
1,175000.0,46,505000.0,56.0,1,White,Female,35-44,34.65,Loan originated
1,575000.0,47,605000.0,173.0,1,Hispanic or Latino,Joint,35-44,95.0,Loan originated
1,365000.0,36,885000.0,120.0,1,White,Joint,25-34,41.995,Loan originated
1,525000.0,30%-<36%,585000.0,196.0,1,Hispanic or Latino,Joint,35-44,89.991,Loan originated
1,1075000.0,30%-<36%,1345000.0,665.0,1,White,Female,35-44,80.0,Loan originated
1,445000.0,49,465000.0,140.0,1,Hispanic or Latino,Joint,35-44,97.0,Loan originated
1,425000.0,20%-<30%,1505000.0,279.0,1,White,Joint,55-64,28.133,Loan originated
1,455000.0,30%-<36%,475000.0,157.0,1,Hispanic or Latino,Female,35-44,95.0,Loan originated
1,745000.0,41,825000.0,295.0,1,Asian,Female,35-44,90.0,Application denied
1,315000.0,49,425000.0,126.0,1,White,Joint,45-54,75.0,Loan originated
1,435000.0,49,485000.0,103.0,1,Asian,Male,35-44,89.9,Loan originated
1,645000.0,45,685000.0,164.0,1,Hispanic or Latino,Joint,45-54,95.0,Application denied
1,495000.0,43,555000.0,168.0,1,White,Male,25-34,90.0,Loan originated
1,205000.0,40,545000.0,230.0,1,White,Male,>74,36.37,Loan originated
1,485000.0,39,545000.0,137.0,1,Asian,Female,35-44,90.0,Loan originated
1,1145000.0,43,1875000.0,379.0,1,White,Female,35-44,61.291,Loan originated
1,495000.0,49,1005000.0,135.0,1,Asian,Male,25-34,49.47,Loan originated
1,755000.0,47,885000.0,169.0,1,White,Joint,35-44,85.0,Loan originated
1,355000.0,48,445000.0,75.0,1,White,Female,45-54,79.54,Loan originated
1,1125000.0,42,1405000.0,305.0,1,Asian,Joint,25-34,80.0,Loan originated
1,715000.0,44,825000.0,313.0,1,White,Joint,35-44,87.195,Loan originated
1,705000.0,49,745000.0,152.0,1,Hispanic or Latino,Female,45-54,95.0,Loan originated
1,635000.0,41,705000.0,192.0,1,White,Female,35-44,90.0,Loan originated
1,205000.0,41,1015000.0,7664.0,1,Asian,Female,>74,19.8,Loan originated
1,485000.0,30%-<36%,685000.0,210.0,1,White,Female,55-64,71.0,Loan originated
1,295000.0,43,385000.0,103.0,1,Asian,Male,35-44,75.0,Loan originated
1,395000.0,49,505000.0,76.0,1,Hispanic or Latino,Joint,35-44,98.0,Loan originated
1,485000.0,47,515000.0,132.0,1,Asian,Female,35-44,95.0,Loan originated
1,765000.0,20%-<30%,1195000.0,275.0,1,White,Joint,35-44,63.932,Loan originated
1,705000.0,36,875000.0,252.0,1,Asian,Female,35-44,80.0,Loan originated
1,995000.0,37,1255000.0,283.0,1,White,Male,45-54,89.99,Loan originated
1,715000.0,20%-<30%,755000.0,228.0,1,Asian,Male,35-44,95.0,Loan originated
1,255000.0,41,285000.0,67.0,1,White,Male,25-34,90.0,Loan originated
1,945000.0,<20%,1175000.0,592.0,1,White,Male,25-34,80.0,Loan originated
1,705000.0,42,745000.0,187.0,1,White,Joint,35-44,95.0,Loan originated
1,425000.0,49,585000.0,88.0,1,White,Joint,45-54,99.334,Loan originated
1,1015000.0,40,1385000.0,225.0,1,White,Female,35-44,72.714,Loan originated
1,605000.0,39,645000.0,162.0,1,White,Male,25-34,95.0,Loan originated
1,895000.0,41,1125000.0,525.0,1,Asian,Joint,45-54,80.0,Loan originated
1,255000.0,20%-<30%,365000.0,185.0,1,White,Female,55-64,70.0,Loan originated
1,1135000.0,49,1515000.0,282.0,1,Asian,Male,35-44,75.0,Loan originated
1,135000.0,<20%,235000.0,80.0,1,White,Male,35-44,57.806,Loan originated
1,605000.0,42,1415000.0,160.0,1,White,Male,55-64,42.56,Loan originated
1,465000.0,49,865000.0,101.0,1,Asian,Female,25-34,53.18,Loan originated
1,605000.0,42,1005000.0,252.0,1,Asian,Joint,55-64,60.0,Loan originated
1,415000.0,45,435000.0,103.0,1,Hispanic or Latino,Male,25-34,100.0,Loan originated
1,595000.0,30%-<36%,625000.0,205.0,1,White,Male,25-34,95.0,Loan originated
1,425000.0,37,545000.0,128.0,1,White,Male,25-34,77.77,Loan originated
1,705000.0,39,805000.0,220.0,1,White,Joint,35-44,87.5,Loan originated
1,545000.0,42,685000.0,151.0,1,Hispanic or Latino,Joint,35-44,80.0,Loan originated
1,425000.0,42,825000.0,244.0,1,Hispanic or Latino,Male,55-64,51.515,Loan originated
1,465000.0,30%-<36%,515000.0,233.0,1,White,Male,25-34,90.0,Loan originated
1,125000.0,49,515000.0,55.0,1,White,Female,>74,24.54,Loan originated
1,655000.0,37,825000.0,176.0,1,Asian,Male,25-34,80.0,Loan originated
1,825000.0,47,1105000.0,176.0,1,White,Joint,25-34,75.0,Loan originated
1,465000.0,30%-<36%,855000.0,148.0,1,Asian,Female,25-34,55.0,Loan originated
1,245000.0,49,255000.0,61.0,1,Hispanic or Latino,Female,35-44,95.0,Loan originated
1,385000.0,30%-<36%,1375000.0,126.0,1,Asian,Female,25-34,70.0,Loan originated
1,655000.0,38,1255000.0,208.0,1,White,Joint,55-64,52.04,Loan originated
1,255000.0,46,985000.0,71.0,1,Hispanic or Latino,Joint,>74,26.02,Loan originated
1,215000.0,37,545000.0,105.0,1,Asian,Male,35-44,38.889,Loan originated
1,325000.0,45,1205000.0,131.0,1,Asian,Joint,45-54,27.27,Loan originated
1,965000.0,42,1375000.0,275.0,1,Asian,Male,65-74,70.0,Loan originated
1,1075000.0,43,1345000.0,323.0,1,Asian,Joint,35-44,79.999,Loan originated
1,275000.0,20%-<30%,305000.0,121.0,1,White,Joint,35-44,90.0,Loan originated
1,525000.0,50%-60%,585000.0,102.0,1,Hispanic or Latino,Joint,35-44,90.0,Loan originated
1,465000.0,48,455000.0,98.0,1,Hispanic or Latino,Joint,25-34,102.928,Application denied
1,135000.0,30%-<36%,685000.0,72.0,1,White,Joint,65-74,20.0,Loan originated
1,705000.0,49,1105000.0,188.0,1,White,Joint,65-74,63.636,Loan originated
1,565000.0,<20%,605000.0,343.0,1,White,Male,35-44,93.333,Loan originated
1,925000.0,50%-60%,1155000.0,210.0,1,Asian,Female,45-54,80.0,Loan originated
1,425000.0,37,495000.0,138.0,1,White,Male,35-44,85.0,Loan originated
1,725000.0,44,805000.0,205.0,1,Hispanic or Latino,Male,25-34,89.99,Loan originated
1,695000.0,43,875000.0,261.0,1,White,Joint,65-74,80.0,Loan originated
1,625000.0,38,775000.0,188.0,1,Hispanic or Latino,Male,45-54,80.0,Loan originated
1,445000.0,44,495000.0,106.0,1,Hispanic or Latino,Female,25-34,90.0,Loan originated
1,895000.0,42,1155000.0,231.0,1,Asian,Joint,25-34,78.09,Loan originated
1,675000.0,48,905000.0,143.0,1,White,Male,45-54,149.26,Loan originated
1,765000.0,20%-<30%,975000.0,281.0,1,White,Female,55-64,80.0,Loan originated
1,615000.0,47,625000.0,152.0,1,Hispanic or Latino,Joint,25-34,97.0,Loan originated
1,455000.0,49,565000.0,102.0,1,White,Male,25-34,80.0,Loan originated
1,265000.0,30%-<36%,335000.0,135.0,1,Hispanic or Latino,Joint,<25,80.0,Loan originated
1,1035000.0,20%-<30%,1385000.0,502.0,1,White,Male,25-34,89.982,Loan originated
1,165000.0,49,305000.0,42.0,1,White,Female,65-74,54.472,Loan originated
1,425000.0,43,445000.0,141.0,1,Hispanic or Latino,Male,25-34,95.0,Loan originated
1,435000.0,49,535000.0,86.0,1,White,Female,35-44,103.009,Loan originated
1,385000.0,49,755000.0,117.0,1,Asian,Male,45-54,50.331,Loan originated
1,205000.0,<20%,915000.0,335.0,1,White,Female,45-54,21.858,Loan originated
1,505000.0,45,625000.0,130.0,1,White,Joint,35-44,80.0,Loan originated
1,475000.0,45,515000.0,98.0,1,Asian,Male,35-44,93.0,Loan originated
1,165000.0,39,175000.0,122.0,1,Hispanic or Latino,Joint,25-34,95.0,Loan originated
1,615000.0,20%-<30%,685000.0,491.0,1,Asian,Joint,55-64,89.99,Loan originated
1,535000.0,47,715000.0,106.0,1,Hispanic or Latino,Female,45-54,74.684,Loan originated
1,75000.0,20%-<30%,85000.0,80.0,1,White,Male,55-64,80.0,Loan originated
1,395000.0,39,525000.0,182.0,1,White,Joint,45-54,75.0,Loan originated
1,385000.0,45,515000.0,86.0,1,White,Female,55-64,75.0,Loan originated
1,1005000.0,40,1255000.0,487.0,1,White,Joint,>74,80.0,Loan originated
1,465000.0,30%-<36%,485000.0,177.0,1,White,Joint,25-34,98.85,Loan originated
1,725000.0,47,905000.0,176.0,1,Asian,Female,45-54,80.0,Loan originated
1,75000.0,20%-<30%,465000.0,99.0,1,Asian,Joint,35-44,15.05,Loan originated
1,585000.0,36,685000.0,175.0,1,Asian,Joint,45-54,89.695,Loan originated
1,815000.0,30%-<36%,1315000.0,267.0,1,Asian,Joint,25-34,61.83,Loan originated
1,1025000.0,42,1325000.0,283.0,1,White,Male,35-44,77.358,Loan originated
1,525000.0,49,625000.0,111.0,1,Hispanic or Latino,Joint,45-54,82.83,Loan originated
1,425000.0,38,445000.0,118.0,1,Asian,Female,25-34,96.922,Loan originated
1,565000.0,49,705000.0,121.0,1,Asian,Female,35-44,79.999,Loan originated
1,595000.0,30%-<36%,665000.0,220.0,1,White,Joint,25-34,90.0,Loan originated
1,435000.0,49,465000.0,95.0,1,Hispanic or Latino,Female,25-34,95.0,Application denied
1,755000.0,30%-<36%,855000.0,246.0,1,Asian,Joint,45-54,88.24,Loan originated
1,205000.0,47,395000.0,41.0,1,Asian,Female,<25,50.63,Loan originated
1,765000.0,43,805000.0,167.0,1,White,Female,25-34,95.0,Loan originated
1,905000.0,30%-<36%,1135000.0,347.0,1,White,Joint,35-44,80.0,Loan originated
1,645000.0,49,665000.0,195.0,1,Asian,Joint,35-44,100.0,Loan originated
1,355000.0,<20%,625000.0,432.0,1,Hispanic or Latino,Male,45-54,56.14,Loan originated
1,855000.0,30%-<36%,1555000.0,286.0,1,White,Joint,35-44,55.0,Loan originated
1,745000.0,41,785000.0,177.0,1,Hispanic or Latino,Male,25-34,95.0,Loan originated
1,585000.0,49,645000.0,127.0,1,Asian,Joint,25-34,91.0,Loan originated
1,695000.0,46,865000.0,160.0,1,Asian,Joint,35-44,97.281,Loan originated
1,765000.0,44,955000.0,167.0,1,White,Male,25-34,80.0,Loan originated
1,805000.0,43,3855000.0,330.0,1,White,Male,65-74,20.742,Loan originated
1,605000.0,49,675000.0,133.0,1,Asian,Male,25-34,90.0,Loan originated
1,545000.0,50%-60%,995000.0,110.0,1,Asian,Female,35-44,54.534,Application denied
1,535000.0,40,565000.0,149.0,1,Asian,Joint,25-34,95.0,Loan originated
1,65000.0,47,2045000.0,38.0,1,White,Male,>74,2.933,Loan originated
1,495000.0,48,675000.0,260.0,1,White,Joint,55-64,73.224,Loan originated
1,315000.0,38,425000.0,116.0,1,Hispanic or Latino,Joint,45-54,75.0,Loan originated
1,305000.0,20%-<30%,645000.0,159.0,1,White,Male,35-44,46.88,Loan originated
1,565000.0,49,595000.0,197.0,1,Hispanic or Latino,Female,35-44,95.0,Loan originated
1,265000.0,48,355000.0,61.0,1,Hispanic or Latino,Male,45-54,75.429,Loan originated
1,825000.0,46,1135000.0,266.0,1,White,Male,55-64,73.009,Loan originated
1,15000.0,48,375000.0,141.0,1,Hispanic or Latino,Joint,25-34,100.0,Loan originated
1,675000.0,48,755000.0,180.0,1,Black or African American,Female,55-64,90.0,Loan originated
1,385000.0,20%-<30%,475000.0,174.0,1,White,Male,55-64,80.0,Loan originated
1,385000.0,42,425000.0,91.0,1,White,Male,35-44,90.0,Loan originated
1,765000.0,39,955000.0,195.0,1,Asian,Male,35-44,80.0,Loan originated
1,355000.0,40,445000.0,297.0,1,Asian,Female,25-34,80.0,Loan originated
1,325000.0,49,345000.0,85.0,1,Hispanic or Latino,Female,25-34,95.0,Loan originated
1,695000.0,48,885000.0,176.0,1,White,Joint,35-44,77.97,Loan originated
1,705000.0,20%-<30%,885000.0,247.0,1,Asian,Female,35-44,80.0,Loan originated
1,705000.0,44,705000.0,200.0,1,Asian,Joint,45-54,100.464,Application denied
1,765000.0,43,1535000.0,444.0,1,Asian,Joint,25-34,50.0,Loan originated
1,255000.0,30%-<36%,905000.0,125.0,1,Asian,Male,25-34,27.93,Loan originated
1,685000.0,43,755000.0,259.0,1,Asian,Male,35-44,89.9,Loan originated
1,355000.0,36,545000.0,117.0,1,Asian,Female,<25,65.133,Loan originated
1,665000.0,43,835000.0,195.0,1,White,Joint,25-34,80.0,Loan originated
1,665000.0,47,685000.0,140.0,1,Hispanic or Latino,Joint,25-34,100.4,Loan originated
1,485000.0,49,605000.0,208.0,1,White,Joint,45-54,80.0,Loan originated
1,455000.0,49,505000.0,121.0,1,White,Joint,25-34,90.0,Loan originated
1,295000.0,40,315000.0,129.0,1,White,Male,45-54,95.0,Application denied
1,425000.0,50%-60%,505000.0,173.0,1,Hispanic or Latino,Female,45-54,85.0,Loan originated
1,735000.0,48,985000.0,181.0,1,White,Joint,35-44,75.0,Loan originated
1,625000.0,47,705000.0,239.0,1,Hispanic or Latino,Joint,45-54,89.031,Loan originated
1,555000.0,43,695000.0,147.0,1,Hispanic or Latino,Male,35-44,80.0,Loan originated
1,335000.0,30%-<36%,445000.0,122.0,1,Asian,Female,35-44,75.0,Loan originated
1,835000.0,43,985000.0,214.0,1,Asian,Male,35-44,85.0,Loan originated
1,475000.0,46,495000.0,170.0,1,White,Male,25-34,95.0,Loan originated
1,375000.0,48,575000.0,95.0,1,Hispanic or Latino,Joint,45-54,65.217,Loan originated
1,965000.0,46,1065000.0,297.0,1,Asian,Male,45-54,90.0,Loan originated
1,455000.0,49,615000.0,107.0,1,Hispanic or Latino,Joint,55-64,73.693,Loan originated
1,565000.0,49,585000.0,96.0,1,Hispanic or Latino,Female,25-34,100.0,Loan originated
1,425000.0,49,535000.0,136.0,1,Asian,Joint,35-44,80.0,Loan originated
1,385000.0,48,785000.0,88.0,1,Asian,Male,25-34,48.846,Loan originated
1,585000.0,42,685000.0,157.0,1,Asian,Female,55-64,87.0,Loan originated
1,705000.0,49,745000.0,154.0,1,Asian,Male,35-44,95.0,Loan originated
1,375000.0,41,415000.0,135.0,1,Asian,Female,25-34,91.317,Loan originated
1,1065000.0,30%-<36%,2005000.0,421.0,1,Asian,Joint,25-34,53.0,Loan originated
1,655000.0,47,675000.0,171.0,1,Hispanic or Latino,Joint,25-34,97.0,Loan originated
1,205000.0,49,815000.0,105.0,1,White,Joint,65-74,24.391,Loan originated
1,765000.0,<20%,3755000.0,877.0,1,White,Joint,35-44,20.4,Loan originated
1,1005000.0,41,1255000.0,283.0,1,White,Male,55-64,80.0,Loan originated
1,455000.0,<20%,795000.0,522.0,1,White,Male,25-34,56.604,Loan originated
1,755000.0,30%-<36%,1005000.0,252.0,1,Asian,Female,25-34,75.0,Loan originated
1,545000.0,46,615000.0,141.0,1,Other,Joint,25-34,90.0,Loan originated
1,455000.0,45,475000.0,109.0,1,Hispanic or Latino,Joint,25-34,95.0,Loan originated
1,375000.0,20%-<30%,465000.0,227.0,1,Hispanic or Latino,Male,35-44,80.0,Loan originated
1,225000.0,50%-60%,305000.0,62.0,1,Hispanic or Latino,Female,25-34,76.0,Loan originated
1,205000.0,41,205000.0,87.0,1,White,Male,35-44,104.5,Application denied
1,605000.0,49,1535000.0,141.0,1,White,Male,25-34,39.21,Loan originated
1,665000.0,30%-<36%,735000.0,179.0,1,Asian,Joint,25-34,89.99,Loan originated
1,295000.0,44,315000.0,91.0,1,White,Male,45-54,95.0,Loan originated
1,625000.0,30%-<36%,785000.0,259.0,1,White,Male,35-44,80.0,Loan originated
1,515000.0,44,645000.0,124.0,1,White,Male,25-34,80.0,Loan originated
1,865000.0,47,1155000.0,181.0,1,White,Male,25-34,75.0,Loan originated
1,395000.0,44,415000.0,127.0,1,White,Male,45-54,95.0,Loan originated
1,595000.0,41,745000.0,144.0,1,Asian,Female,25-34,80.0,Loan originated
1,605000.0,42,1105000.0,178.0,1,Hispanic or Latino,Joint,45-54,54.545,Loan originated
1,255000.0,46,265000.0,57.0,1,Hispanic or Latino,Joint,25-34,93.98,Loan originated
1,685000.0,44,865000.0,176.0,1,White,Joint,25-34,80.0,Loan originated
1,585000.0,49,1105000.0,216.0,1,White,Male,>74,53.704,Loan originated
1,315000.0,41,325000.0,70.0,1,Hispanic or Latino,Joint,45-54,97.0,Loan originated
1,515000.0,38,645000.0,136.0,1,White,Female,45-54,80.0,Loan originated
1,395000.0,40,415000.0,106.0,1,Other,Male,25-34,97.0,Loan originated
1,115000.0,39,485000.0,51.0,1,White,Male,65-74,22.917,Loan originated
1,1145000.0,41,1635000.0,274.0,1,Asian,Joint,35-44,70.0,Loan originated
1,555000.0,49,615000.0,112.0,1,Asian,Male,25-34,89.98,Loan originated
1,305000.0,30%-<36%,385000.0,108.0,1,Hispanic or Latino,Female,45-54,80.0,Loan originated
1,365000.0,36,385000.0,99.0,1,Hispanic or Latino,Joint,25-34,97.0,Loan originated
1,835000.0,20%-<30%,1125000.0,342.0,1,Asian,Joint,35-44,74.15,Loan originated
1,765000.0,41,875000.0,186.0,1,White,Female,45-54,87.908,Loan originated
1,345000.0,30%-<36%,485000.0,126.0,1,White,Male,35-44,73.0,Loan originated
1,245000.0,30%-<36%,315000.0,90.0,1,White,Female,65-74,80.0,Loan originated
1,705000.0,20%-<30%,885000.0,353.0,1,Asian,Joint,25-34,80.0,Loan originated
1,355000.0,48,385000.0,77.0,1,White,Male,35-44,89.97,Loan originated
1,265000.0,42,335000.0,77.0,1,Hispanic or Latino,Joint,25-34,80.0,Loan originated
1,85000.0,20%-<30%,435000.0,119.0,1,White,Joint,65-74,18.6,Loan originated
1,505000.0,41,895000.0,114.0,1,White,Joint,35-44,55.87,Loan originated
1,995000.0,43,1025000.0,299.0,1,Asian,Male,35-44,97.41,Application denied
1,255000.0,30%-<36%,525000.0,115.0,1,White,Female,45-54,48.599,Loan originated
1,155000.0,50%-60%,305000.0,91.0,1,Hispanic or Latino,Male,35-44,50.0,Application denied
1,165000.0,<20%,285000.0,0.0,1,White,Female,45-54,58.0,Application denied
1,565000.0,36,595000.0,202.0,1,Hispanic or Latino,Joint,25-34,95.0,Loan originated
1,355000.0,<20%,1005000.0,273.0,1,White,Joint,45-54,35.0,Loan originated
1,615000.0,46,695000.0,127.0,1,White,Male,25-34,90.0,Loan originated
1,925000.0,30%-<36%,1155000.0,355.0,1,White,Joint,35-44,80.0,Loan originated
1,705000.0,30%-<36%,775000.0,245.0,1,White,Joint,25-34,90.968,Loan originated
1,355000.0,36,685000.0,104.0,1,White,Joint,>74,51.095,Loan originated
1,575000.0,50%-60%,725000.0,94.0,1,Asian,Joint,35-44,80.0,Application denied
1,505000.0,42,1005000.0,160.0,1,Hispanic or Latino,Male,45-54,50.0,Loan originated
1,535000.0,42,635000.0,181.0,1,Hispanic or Latino,Male,35-44,85.0,Loan originated
1,505000.0,47,595000.0,118.0,1,White,Male,25-34,84.975,Application denied
1,455000.0,49,475000.0,144.0,1,Hispanic or Latino,Joint,25-34,100.395,Loan originated
1,505000.0,36,535000.0,186.0,1,White,Joint,25-34,95.0,Loan originated
1,885000.0,20%-<30%,1585000.0,510.0,1,Asian,Female,45-54,55.696,Loan originated
1,1025000.0,43,1075000.0,249.0,1,White,Joint,35-44,95.0,Loan originated
1,755000.0,45,1255000.0,219.0,1,Asian,Male,35-44,60.0,Loan originated
1,1045000.0,41,1345000.0,288.0,1,Asian,Joint,35-44,77.692,Loan originated
1,405000.0,20%-<30%,505000.0,203.0,1,White,Male,25-34,80.0,Loan originated
1,895000.0,36,1275000.0,631.0,1,Asian,Male,25-34,70.0,Loan originated
1,325000.0,48,385000.0,74.0,1,White,Joint,55-64,84.21,Loan originated
1,185000.0,38,555000.0,83.0,1,White,Female,65-74,32.727,Loan originated
1,175000.0,44,345000.0,56.0,1,Hispanic or Latino,Female,35-44,49.93,Loan originated
1,495000.0,>60%,555000.0,84.0,1,Hispanic or Latino,Male,35-44,90.0,Application denied
1,805000.0,48,1305000.0,296.0,1,Asian,Female,45-54,61.54,Loan originated
1,385000.0,48,435000.0,123.0,1,Hispanic or Latino,Male,45-54,90.0,Application denied
1,525000.0,44,655000.0,173.0,1,Asian,Female,25-34,80.0,Loan originated
1,625000.0,46,645000.0,141.0,1,Hispanic or Latino,Joint,25-34,97.0,Loan originated
1,175000.0,41,405000.0,57.0,1,Black or African American,Female,35-44,43.75,Loan originated
1,435000.0,20%-<30%,485000.0,197.0,1,Hispanic or Latino,Male,25-34,90.0,Loan originated
1,1045000.0,20%-<30%,1545000.0,393.0,1,Asian,Joint,25-34,67.638,Loan originated
1,1045000.0,47,1305000.0,292.0,1,White,Male,65-74,80.0,Loan originated
1,445000.0,30%-<36%,645000.0,156.0,1,White,Joint,35-44,68.75,Application denied
1,485000.0,20%-<30%,515000.0,269.0,1,White,Female,45-54,95.0,Loan originated
1,735000.0,47,985000.0,175.0,1,Hispanic or Latino,Male,35-44,75.0,Loan originated
1,625000.0,30%-<36%,785000.0,244.0,1,Hispanic or Latino,Joint,35-44,80.0,Loan originated
1,245000.0,37,725000.0,81.0,1,Hispanic or Latino,Female,65-74,33.793,Loan originated
1,755000.0,20%-<30%,1355000.0,312.0,1,White,Male,45-54,55.56,Loan originated
1,635000.0,47,675000.0,121.0,1,White,Female,25-34,95.0,Loan originated
1,355000.0,<20%,1345000.0,421.0,1,White,Joint,35-44,25.945,Loan originated
1,275000.0,45,285000.0,62.0,1,Hispanic or Latino,Male,35-44,97.0,Loan originated
1,505000.0,40,525000.0,119.0,1,Hispanic or Latino,Joint,35-44,97.0,Loan originated
1,305000.0,38,565000.0,111.0,1,Asian,Male,45-54,53.305,Loan originated
1,605000.0,30%-<36%,1065000.0,217.0,1,White,Joint,25-34,56.42,Loan originated
1,365000.0,49,805000.0,83.0,1,White,Male,35-44,45.5,Loan originated
1,645000.0,44,815000.0,180.0,1,White,Male,35-44,80.0,Loan originated
1,885000.0,44,1105000.0,229.0,1,White,Joint,35-44,80.0,Loan originated
1,575000.0,43,645000.0,118.0,1,White,Male,25-34,90.0,Loan originated
1,525000.0,41,695000.0,146.0,1,Asian,Male,35-44,75.0,Loan originated
1,565000.0,50%-60%,615000.0,115.0,1,Hispanic or Latino,Joint,25-34,92.62,Application denied
1,1125000.0,>60%,1605000.0,173.0,1,White,Joint,35-44,70.0,Application denied
1,505000.0,43,535000.0,135.0,1,Hispanic or Latino,Female,45-54,98.0,Loan originated
1,305000.0,48,325000.0,57.0,1,Hispanic or Latino,Female,25-34,95.0,Loan originated
1,745000.0,43,785000.0,165.0,1,Hispanic or Latino,Female,65-74,95.0,Loan originated
1,205000.0,>60%,815000.0,33.0,1,Asian,Male,55-64,24.579,Application denied
1,765000.0,41,1445000.0,231.0,1,White,Male,55-64,52.866,Loan originated
1,545000.0,49,725000.0,142.0,1,White,Female,45-54,75.0,Loan originated
1,405000.0,47,475000.0,106.0,1,White,Joint,35-44,85.0,Loan originated
1,115000.0,30%-<36%,195000.0,58.0,1,White,Male,45-54,60.0,Loan originated
1,1065000.0,49,1125000.0,269.0,1,White,Joint,45-54,95.0,Loan originated
1,155000.0,50%-60%,155000.0,84.0,1,Hispanic or Latino,Joint,55-64,95.84,Application denied
1,555000.0,49,585000.0,126.0,1,Asian,Joint,55-64,94.99,Loan originated
1,625000.0,42,895000.0,166.0,1,White,Joint,25-34,70.225,Loan originated
1,365000.0,20%-<30%,455000.0,197.0,1,White,Male,45-54,80.0,Loan originated
1,605000.0,48,655000.0,163.0,1,Hispanic or Latino,Male,25-34,92.4,Loan originated
1,735000.0,46,775000.0,290.0,1,Hispanic or Latino,Joint,25-34,95.0,Loan originated
1,515000.0,30%-<36%,685000.0,328.0,1,White,Joint,55-64,75.0,Loan originated
1,505000.0,42,575000.0,140.0,1,Black or African American,Female,35-44,88.1,Loan originated
1,675000.0,43,715000.0,165.0,1,Hispanic or Latino,Joint,65-74,95.0,Loan originated
1,245000.0,20%-<30%,255000.0,101.0,1,White,Male,55-64,95.0,Loan originated
1,365000.0,44,375000.0,90.0,1,Hispanic or Latino,Male,25-34,100.0,Loan originated
1,765000.0,30%-<36%,825000.0,294.0,1,Hispanic or Latino,Male,25-34,93.196,Loan originated
1,705000.0,41,745000.0,217.0,1,Asian,Joint,35-44,95.0,Loan originated
1,325000.0,20%-<30%,405000.0,205.0,1,Asian,Male,55-64,80.0,Loan originated
1,495000.0,30%-<36%,585000.0,190.0,1,White,Joint,25-34,85.0,Loan originated
1,435000.0,48,605000.0,98.0,1,Hispanic or Latino,Joint,35-44,72.5,Loan originated
1,395000.0,49,495000.0,86.0,1,White,Male,25-34,80.0,Loan originated
1,325000.0,20%-<30%,405000.0,175.0,1,Hispanic or Latino,Joint,55-64,80.0,Loan originated
1,55000.0,<20%,95000.0,98.0,1,White,Joint,55-64,51.02,Loan originated
1,555000.0,40,705000.0,160.0,1,White,Male,45-54,78.613,Loan originated
1,395000.0,45,955000.0,92.0,1,White,Joint,35-44,41.78,Loan originated
1,315000.0,50%-60%,385000.0,68.0,1,Asian,Female,25-34,83.16,Application denied
1,445000.0,46,945000.0,250.0,1,Asian,Joint,35-44,48.0,Loan originated
1,315000.0,49,325000.0,68.0,1,Hispanic or Latino,Male,<25,95.0,Loan originated
1,685000.0,49,855000.0,204.0,1,Asian,Joint,25-34,80.0,Loan originated
1,755000.0,50%-60%,835000.0,160.0,1,Hispanic or Latino,Male,25-34,90.0,Loan originated
1,965000.0,30%-<36%,1285000.0,296.0,1,White,Female,35-44,75.0,Loan originated
1,735000.0,40,915000.0,183.0,1,Hispanic or Latino,Male,35-44,80.0,Loan originated
1,15000.0,<20%,335000.0,95.0,1,White,Male,35-44,101.5,Application denied
1,455000.0,43,665000.0,312.0,1,Black or African American,Joint,55-64,70.0,Loan originated
1,885000.0,30%-<36%,1105000.0,326.0,1,White,Male,45-54,80.0,Loan originated
1,505000.0,47,1025000.0,117.0,1,Hispanic or Latino,Joint,25-34,48.78,Loan originated
1,535000.0,49,1075000.0,117.0,1,Asian,Female,45-54,50.0,Loan originated
1,735000.0,37,915000.0,189.0,1,Asian,Joint,35-44,80.0,Loan originated
1,295000.0,20%-<30%,585000.0,247.0,1,Asian,Joint,45-54,50.0,Application denied
1,595000.0,30%-<36%,1155000.0,210.0,1,White,Joint,35-44,51.304,Loan originated
1,555000.0,43,575000.0,135.0,1,Asian,Female,35-44,97.0,Loan originated
1,425000.0,49,465000.0,82.0,1,Asian,Male,35-44,92.0,Loan originated
1,1055000.0,30%-<36%,1505000.0,357.0,1,Asian,Joint,45-54,70.0,Loan originated
1,395000.0,20%-<30%,525000.0,145.0,1,Hispanic or Latino,Male,35-44,75.87,Loan originated
1,455000.0,30%-<36%,475000.0,145.0,1,White,Male,25-34,100.0,Loan originated
1,735000.0,38,755000.0,233.0,1,Asian,Joint,45-54,97.0,Loan originated
1,695000.0,48,865000.0,159.0,1,White,Male,35-44,80.0,Loan originated
1,435000.0,30%-<36%,455000.0,121.0,1,White,Female,25-34,95.0,Loan originated
1,705000.0,47,745000.0,225.0,1,Hispanic or Latino,Joint,25-34,95.0,Loan originated
1,785000.0,42,975000.0,247.0,1,White,Joint,25-34,80.0,Loan originated
1,825000.0,43,875000.0,267.0,1,Asian,Female,25-34,95.0,Loan originated
1,305000.0,42,335000.0,143.0,1,Hispanic or Latino,Male,25-34,92.424,Loan originated
1,405000.0,20%-<30%,1315000.0,454.0,1,White,Joint,55-64,30.34,Loan originated
1,485000.0,44,545000.0,146.0,1,White,Joint,25-34,89.815,Loan originated
1,255000.0,49,555000.0,69.0,1,White,Joint,55-64,46.419,Loan originated
1,355000.0,20%-<30%,475000.0,125.0,1,Hispanic or Latino,Joint,45-54,75.0,Loan originated
1,185000.0,49,395000.0,50.0,1,Asian,Female,25-34,45.918,Loan originated
1,185000.0,45,225000.0,44.0,1,White,Male,25-34,80.0,Loan originated
1,415000.0,49,485000.0,75.0,1,Hispanic or Latino,Male,<25,85.0,Loan originated
1,765000.0,30%-<36%,805000.0,258.0,1,White,Joint,35-44,95.0,Loan originated
1,485000.0,49,645000.0,199.0,1,White,Female,35-44,75.0,Loan originated
1,455000.0,42,675000.0,103.0,1,Black or African American,Female,35-44,99.693,Loan originated
1,605000.0,45,635000.0,134.0,1,Hispanic or Latino,Joint,35-44,95.0,Loan originated
1,895000.0,30%-<36%,1115000.0,293.0,1,Asian,Joint,25-34,80.0,Loan originated
1,285000.0,41,535000.0,136.0,1,White,Joint,55-64,53.18,Loan originated
1,645000.0,39,805000.0,177.0,1,Asian,Male,35-44,80.0,Loan originated
1,115000.0,48,155000.0,115.0,1,White,Male,65-74,78.0,Loan originated
1,525000.0,30%-<36%,655000.0,208.0,1,White,Joint,65-74,80.0,Loan originated
1,235000.0,30%-<36%,685000.0,170.0,1,White,Joint,65-74,34.307,Loan originated
1,855000.0,20%-<30%,1225000.0,459.0,1,White,Joint,35-44,80.0,Loan originated
1,465000.0,45,745000.0,164.0,1,White,Male,65-74,62.0,Loan originated
1,135000.0,<20%,1225000.0,783.0,1,Hispanic or Latino,Joint,65-74,11.349,Loan originated
1,595000.0,46,635000.0,176.0,1,Hispanic or Latino,Joint,45-54,95.0,Loan originated
1,605000.0,30%-<36%,1005000.0,464.0,1,White,Joint,25-34,60.0,Loan originated
1,345000.0,20%-<30%,425000.0,135.0,1,White,Female,25-34,80.0,Loan originated
1,645000.0,45,705000.0,154.0,1,White,Male,35-44,93.0,Loan originated
1,995000.0,42,1235000.0,248.0,1,Asian,Female,35-44,80.0,Loan originated
1,395000.0,46,665000.0,280.0,1,Asian,Male,35-44,60.0,Loan originated
1,805000.0,48,935000.0,194.0,1,White,Joint,35-44,85.845,Loan originated
1,285000.0,>60%,325000.0,200.0,1,White,Male,35-44,89.0,Application denied
1,845000.0,30%-<36%,1065000.0,317.0,1,White,Joint,25-34,80.0,Loan originated
1,415000.0,37,465000.0,151.0,1,White,Female,25-34,90.0,Loan originated
1,175000.0,20%-<30%,655000.0,120.0,1,White,Female,65-74,26.15,Loan originated
1,395000.0,49,415000.0,93.0,1,White,Female,45-54,95.0,Loan originated
1,545000.0,49,575000.0,119.0,1,Hispanic or Latino,Male,45-54,95.0,Loan originated
1,45000.0,50%-60%,95000.0,34.0,1,White,Female,65-74,53.44,Loan originated
1,505000.0,44,2005000.0,190.0,1,White,Male,35-44,25.0,Loan originated
1,605000.0,40,755000.0,169.0,1,Asian,Male,35-44,80.0,Loan originated
1,675000.0,49,835000.0,156.0,1,White,Joint,55-64,80.0,Loan originated
1,995000.0,42,1185000.0,318.0,1,White,Joint,65-74,84.16,Loan originated
1,575000.0,49,615000.0,110.0,1,White,Female,25-34,95.0,Loan originated
1,785000.0,39,985000.0,236.0,1,White,Male,45-54,80.0,Loan originated
1,575000.0,<20%,1155000.0,1251.0,1,White,Male,35-44,50.0,Loan originated
1,585000.0,30%-<36%,615000.0,195.0,1,Asian,Female,35-44,95.0,Loan originated
1,445000.0,49,565000.0,152.0,1,Asian,Joint,25-34,78.75,Loan originated
1,655000.0,46,1455000.0,189.0,1,Asian,Female,45-54,44.828,Loan originated
1,595000.0,36,745000.0,163.0,1,Black or African American,Female,25-34,100.0,Loan originated
1,605000.0,39,645000.0,182.0,1,White,Female,55-64,95.0,Loan originated
1,585000.0,47,635000.0,144.0,1,Asian,Male,35-44,92.0,Loan originated
1,505000.0,30%-<36%,635000.0,157.0,1,Hispanic or Latino,Joint,35-44,80.0,Loan originated
1,505000.0,<20%,845000.0,919.0,1,White,Male,45-54,60.0,Loan originated
1,495000.0,30%-<36%,555000.0,146.0,1,Hispanic or Latino,Joint,35-44,89.99,Loan originated
1,715000.0,<20%,965000.0,786.0,1,White,Male,<25,73.96,Loan originated
1,475000.0,30%-<36%,535000.0,154.0,1,Asian,Joint,45-54,88.75,Loan originated
1,155000.0,48,175000.0,122.0,1,Hispanic or Latino,Joint,45-54,90.0,Loan originated
1,235000.0,38,395000.0,79.0,1,White,Joint,25-34,60.0,Loan originated
1,565000.0,36,705000.0,210.0,1,Hispanic or Latino,Joint,25-34,80.0,Loan originated
1,625000.0,36,705000.0,301.0,1,Hispanic or Latino,Joint,25-34,90.0,Loan originated
1,605000.0,49,995000.0,126.0,1,White,Female,65-74,60.001,Loan originated
1,385000.0,30%-<36%,405000.0,125.0,1,Hispanic or Latino,Joint,25-34,100.0,Loan originated
1,805000.0,38,1005000.0,303.0,1,White,Female,25-34,79.444,Loan originated
1,595000.0,20%-<30%,795000.0,240.0,1,White,Female,25-34,74.977,Loan originated
1,875000.0,30%-<36%,2725000.0,408.0,1,Asian,Joint,45-54,31.99,Loan originated
1,435000.0,20%-<30%,585000.0,222.0,1,White,Female,35-44,75.0,Loan originated
1,285000.0,41,345000.0,75.0,1,White,Female,25-34,83.0,Loan originated
1,715000.0,<20%,955000.0,522.0,1,Asian,Male,<25,75.0,Loan originated
1,505000.0,30%-<36%,665000.0,221.0,1,Asian,Female,45-54,75.0,Loan originated
1,365000.0,47,525000.0,83.0,1,Black or African American,Female,45-54,90.476,Loan originated
1,45000.0,<20%,45000.0,66.0,1,Other,Female,25-34,88.89,Application denied
1,555000.0,45,695000.0,115.0,1,Asian,Male,25-34,80.0,Loan originated
1,875000.0,30%-<36%,975000.0,504.0,1,Asian,Male,55-64,89.9,Loan originated
1,455000.0,49,505000.0,119.0,1,Hispanic or Latino,Joint,35-44,90.0,Loan originated
1,285000.0,42,345000.0,70.0,1,Hispanic or Latino,Male,<25,95.0,Loan originated
1,1095000.0,42,1575000.0,308.0,1,Asian,Joint,25-34,70.0,Loan originated
1,715000.0,42,845000.0,199.0,1,Asian,Joint,25-34,85.0,Loan originated
1,405000.0,39,795000.0,162.0,1,Asian,Male,65-74,50.422,Loan originated
1,365000.0,45,495000.0,105.0,1,White,Female,35-44,73.47,Loan originated
1,685000.0,47,865000.0,200.0,1,Asian,Female,25-34,80.0,Loan originated
1,155000.0,50%-60%,165000.0,100.0,1,Hispanic or Latino,Male,55-64,95.0,Application denied
1,215000.0,44,225000.0,86.0,1,White,Female,25-34,93.0,Loan originated
1,565000.0,36,765000.0,179.0,1,White,Joint,25-34,74.0,Loan originated
1,965000.0,48,1205000.0,190.0,1,Asian,Joint,25-34,80.0,Loan originated
1,355000.0,37,995000.0,136.0,1,White,Joint,25-34,36.0,Loan originated
1,545000.0,30%-<36%,685000.0,153.0,1,White,Joint,25-34,80.0,Loan originated
1,1025000.0,37,1205000.0,282.0,1,Asian,Joint,35-44,85.417,Loan originated
1,425000.0,46,475000.0,103.0,1,Asian,Male,25-34,89.985,Loan originated
1,1125000.0,30%-<36%,1405000.0,348.0,1,Asian,Joint,25-34,80.0,Loan originated
1,285000.0,39,585000.0,109.0,1,Hispanic or Latino,Female,55-64,47.863,Loan originated
1,875000.0,50%-60%,1025000.0,133.0,1,Hispanic or Latino,Male,35-44,85.409,Loan originated
1,175000.0,49,185000.0,73.0,1,White,Female,45-54,97.0,Application denied
1,515000.0,42,645000.0,218.0,1,Hispanic or Latino,Joint,35-44,80.0,Loan originated
1,245000.0,20%-<30%,345000.0,307.0,1,White,Joint,45-54,71.09,Loan originated
1,725000.0,38,1025000.0,179.0,1,White,Male,55-64,70.732,Loan originated
1,155000.0,20%-<30%,365000.0,60.0,1,Asian,Joint,25-34,94.548,Loan originated
1,655000.0,48,935000.0,192.0,1,Asian,Male,45-54,70.0,Loan originated
1,485000.0,39,605000.0,125.0,1,Asian,Female,25-34,80.0,Loan originated
1,955000.0,30%-<36%,1195000.0,297.0,1,Asian,Male,35-44,80.0,Loan originated
1,425000.0,37,675000.0,210.0,1,White,Male,45-54,62.68,Loan originated
1,255000.0,30%-<36%,315000.0,83.0,1,Hispanic or Latino,Male,45-54,80.0,Loan originated
1,405000.0,20%-<30%,505000.0,164.0,1,Asian,Male,25-34,80.0,Loan originated
1,595000.0,46,815000.0,184.0,1,Asian,Male,45-54,72.546,Loan originated
1,665000.0,39,895000.0,198.0,1,White,Male,35-44,80.0,Loan originated
1,475000.0,30%-<36%,885000.0,195.0,1,Asian,Female,35-44,54.02,Loan originated
1,245000.0,49,415000.0,70.0,1,Hispanic or Latino,Male,65-74,60.854,Loan originated
1,645000.0,48,815000.0,159.0,1,White,Male,35-44,78.65,Loan originated
1,365000.0,49,455000.0,75.0,1,White,Female,35-44,80.0,Loan originated
1,355000.0,42,585000.0,185.0,1,Asian,Female,35-44,60.0,Loan originated
1,295000.0,48,305000.0,80.0,1,Black or African American,Female,25-34,100.4,Loan originated
1,405000.0,49,505000.0,119.0,1,Hispanic or Latino,Joint,55-64,80.0,Loan originated
1,765000.0,30%-<36%,805000.0,374.0,1,White,Male,35-44,95.0,Loan originated
1,1005000.0,46,1675000.0,203.0,1,Asian,Male,35-44,59.59,Loan originated
1,565000.0,47,705000.0,136.0,1,Asian,Male,25-34,80.0,Loan originated
1,865000.0,36,1075000.0,265.0,1,Hispanic or Latino,Male,25-34,80.0,Loan originated
1,615000.0,20%-<30%,765000.0,213.0,1,Hispanic or Latino,Male,25-34,80.0,Application denied
1,665000.0,45,705000.0,175.0,1,Asian,Joint,45-54,95.0,Loan originated
1,565000.0,48,635000.0,138.0,1,White,Joint,65-74,89.0,Loan originated
1,645000.0,49,835000.0,130.0,1,White,Male,35-44,95.0,Loan originated
1,755000.0,36,895000.0,213.0,1,Asian,Male,25-34,83.706,Loan originated
1,455000.0,44,655000.0,144.0,1,White,Female,35-44,69.316,Loan originated
1,435000.0,50%-60%,455000.0,80.0,1,Hispanic or Latino,Male,35-44,97.0,Loan originated
1,915000.0,43,1085000.0,239.0,1,Asian,Female,25-34,84.91,Loan originated
1,385000.0,44,385000.0,106.0,1,White,Joint,35-44,49.105,Loan originated
1,535000.0,30%-<36%,565000.0,141.0,1,Asian,Female,25-34,95.0,Loan originated
1,315000.0,40,415000.0,115.0,1,White,Male,35-44,75.0,Loan originated
1,555000.0,49,585000.0,160.0,1,Asian,Joint,55-64,95.0,Loan originated
1,635000.0,47,855000.0,139.0,1,Asian,Female,45-54,74.35,Loan originated
1,625000.0,42,665000.0,139.0,1,Hispanic or Latino,Male,35-44,95.0,Loan originated
1,655000.0,30%-<36%,675000.0,220.0,1,White,Male,25-34,97.0,Loan originated
1,705000.0,41,875000.0,16.0,1,Asian,Male,45-54,80.0,Loan originated
1,325000.0,39,675000.0,730.0,1,White,Joint,25-34,47.839,Loan originated
1,695000.0,41,925000.0,207.0,1,Hispanic or Latino,Joint,25-34,75.0,Loan originated
1,565000.0,49,715000.0,116.0,1,Asian,Male,35-44,79.79,Loan originated
1,455000.0,30%-<36%,605000.0,149.0,1,White,Joint,25-34,75.104,Loan originated
1,605000.0,<20%,1005000.0,324.0,1,Hispanic or Latino,Female,45-54,60.0,Loan originated
1,585000.0,42,845000.0,139.0,1,Hispanic or Latino,Female,35-44,70.0,Loan originated
1,525000.0,46,545000.0,122.0,1,White,Male,45-54,95.0,Loan originated
1,125000.0,49,855000.0,45.0,1,Hispanic or Latino,Joint,55-64,14.118,Loan originated
1,1125000.0,40,1505000.0,308.0,1,Asian,Joint,25-34,75.0,Loan originated
1,695000.0,30%-<36%,775000.0,222.0,1,Asian,Female,35-44,90.0,Loan originated
1,1105000.0,39,1705000.0,278.0,1,White,Joint,25-34,64.81,Loan originated
1,995000.0,42,1175000.0,287.0,1,White,Joint,25-34,85.0,Loan originated
1,1005000.0,42,1675000.0,244.0,1,White,Male,25-34,60.0,Loan originated
1,395000.0,30%-<36%,435000.0,133.0,1,White,Female,55-64,90.0,Loan originated
1,255000.0,43,345000.0,105.0,1,Hispanic or Latino,Male,35-44,103.993,Loan originated
1,485000.0,49,605000.0,105.0,1,White,Female,35-44,80.0,Loan originated
1,765000.0,47,1325000.0,366.0,1,Asian,Male,25-34,58.03,Loan originated
1,865000.0,30%-<36%,1015000.0,292.0,1,White,Joint,35-44,85.0,Loan originated
1,765000.0,47,1275000.0,190.0,1,White,Joint,45-54,60.0,Loan originated
1,725000.0,46,915000.0,291.0,1,White,Joint,25-34,80.0,Loan originated
1,695000.0,<20%,895000.0,479.0,1,White,Male,35-44,77.75,Loan originated
1,645000.0,48,675000.0,135.0,1,Hispanic or Latino,Male,35-44,95.0,Loan originated
1,275000.0,42,365000.0,70.0,1,White,Female,25-34,76.389,Loan originated
1,555000.0,42,695000.0,191.0,1,White,Male,45-54,80.0,Loan originated
1,475000.0,20%-<30%,755000.0,304.0,1,White,Joint,25-34,63.333,Loan originated
1,475000.0,30%-<36%,775000.0,148.0,1,White,Male,25-34,61.198,Loan originated
1,525000.0,36,615000.0,218.0,1,White,Female,<25,85.0,Loan originated
1,495000.0,30%-<36%,1145000.0,270.0,1,Asian,Female,55-64,43.06,Loan originated
1,545000.0,36,575000.0,170.0,1,White,Male,35-44,94.74,Application denied
1,165000.0,49,315000.0,58.0,1,White,Female,65-74,102.871,Loan originated
1,635000.0,49,675000.0,180.0,1,Black or African American,Female,25-34,95.0,Loan originated
1,155000.0,20%-<30%,405000.0,129.0,1,Asian,Male,35-44,38.03,Loan originated
1,765000.0,<20%,905000.0,894.0,1,Hispanic or Latino,Female,25-34,85.0,Loan originated
1,925000.0,38,1225000.0,218.0,1,Asian,Male,35-44,75.59,Loan originated
1,455000.0,43,575000.0,231.0,1,Asian,Male,35-44,80.0,Loan originated
1,595000.0,39,925000.0,247.0,1,White,Joint,35-44,64.674,Loan originated
1,95000.0,30%-<36%,125000.0,87.0,1,Hispanic or Latino,Joint,45-54,75.81,Loan originated
1,425000.0,46,605000.0,214.0,1,Asian,Joint,45-54,70.0,Loan originated
1,835000.0,30%-<36%,1285000.0,362.0,1,Asian,Joint,25-34,64.99,Loan originated
1,325000.0,30%-<36%,1075000.0,140.0,1,Asian,Male,35-44,30.49,Loan originated
1,455000.0,42,475000.0,100.0,1,Hispanic or Latino,Female,25-34,97.0,Loan originated
1,715000.0,46,845000.0,190.0,1,Asian,Joint,35-44,85.0,Loan originated
1,175000.0,37,475000.0,128.0,1,White,Male,55-64,36.575,Loan originated
1,335000.0,46,355000.0,94.0,1,Hispanic or Latino,Female,45-54,97.0,Loan originated
1,645000.0,36,865000.0,190.0,1,Asian,Female,45-54,75.0,Loan originated
1,375000.0,39,465000.0,91.0,1,White,Male,35-44,80.0,Loan originated
1,415000.0,45,495000.0,108.0,1,White,Male,35-44,85.0,Loan originated
1,745000.0,41,785000.0,270.0,1,White,Joint,45-54,95.0,Loan originated
1,485000.0,49,605000.0,94.0,1,White,Joint,45-54,80.0,Loan originated
1,545000.0,48,605000.0,183.0,1,White,Joint,25-34,90.0,Loan originated
1,515000.0,30%-<36%,645000.0,153.0,1,Asian,Female,45-54,80.0,Loan originated
1,255000.0,30%-<36%,585000.0,79.0,1,White,Female,65-74,44.067,Loan originated
1,505000.0,43,795000.0,140.0,1,Asian,Female,35-44,93.3,Loan originated
1,115000.0,49,555000.0,42.0,1,White,Male,65-74,20.721,Loan originated
1,855000.0,39,905000.0,228.0,1,White,Female,35-44,95.0,Loan originated
1,575000.0,44,775000.0,151.0,1,Hispanic or Latino,Joint,45-54,75.0,Loan originated
1,545000.0,48,915000.0,120.0,1,Black or African American,Joint,65-74,59.99,Loan originated
1,655000.0,44,855000.0,178.0,1,Asian,Female,35-44,77.05,Loan originated
1,505000.0,37,635000.0,124.0,1,White,Male,35-44,80.0,Loan originated
1,255000.0,49,1615000.0,118.0,1,Asian,Female,35-44,15.83,Loan originated
1,1105000.0,50%-60%,1715000.0,251.0,1,Asian,Female,25-34,64.328,Loan originated
1,235000.0,20%-<30%,315000.0,132.0,1,White,Male,25-34,76.0,Loan originated
1,405000.0,30%-<36%,505000.0,163.0,1,White,Male,35-44,80.0,Loan originated
1,1085000.0,30%-<36%,1355000.0,597.0,1,White,Joint,35-44,80.0,Loan originated
1,575000.0,47,1435000.0,131.0,1,Asian,Female,35-44,40.42,Loan originated
1,455000.0,42,795000.0,188.0,1,White,Female,55-64,56.32,Loan originated
1,395000.0,45,435000.0,81.0,1,White,Male,25-34,90.0,Loan originated
1,1055000.0,30%-<36%,1505000.0,310.0,1,Asian,Male,35-44,70.0,Loan originated
1,965000.0,39,1285000.0,256.0,1,Hispanic or Latino,Joint,45-54,75.391,Loan originated
1,475000.0,50%-60%,485000.0,95.0,1,Black or African American,Joint,35-44,97.0,Loan originated
1,295000.0,48,395000.0,152.0,1,Asian,Joint,45-54,74.68,Application denied
1,805000.0,20%-<30%,1605000.0,510.0,1,White,Joint,35-44,49.844,Loan originated
1,535000.0,41,675000.0,153.0,1,White,Male,25-34,89.93,Loan originated
1,835000.0,49,1115000.0,162.0,1,Hispanic or Latino,Female,55-64,75.0,Loan originated
1,655000.0,44,745000.0,166.0,1,White,Joint,35-44,88.0,Loan originated
1,785000.0,42,975000.0,184.0,1,Asian,Male,35-44,80.0,Loan originated
1,635000.0,<20%,795000.0,1445.0,1,Asian,Joint,35-44,80.0,Loan originated
1,845000.0,49,885000.0,204.0,1,Asian,Male,35-44,95.0,Loan originated
1,625000.0,48,775000.0,119.0,1,Asian,Male,35-44,80.0,Loan originated
1,745000.0,47,785000.0,163.0,1,Hispanic or Latino,Joint,25-34,95.0,Loan originated
1,375000.0,30%-<36%,675000.0,480.0,1,White,Male,25-34,55.556,Loan originated
1,395000.0,30%-<36%,785000.0,149.0,1,White,Joint,35-44,50.318,Loan originated
1,355000.0,36,365000.0,97.0,1,Hispanic or Latino,Male,25-34,97.0,Loan originated
1,635000.0,48,665000.0,187.0,1,Asian,Joint,25-34,95.0,Loan originated
1,295000.0,41,495000.0,91.0,1,White,Female,65-74,60.0,Loan originated
1,175000.0,50%-60%,185000.0,86.0,1,Hispanic or Latino,Female,25-34,95.0,Application denied
1,245000.0,20%-<30%,775000.0,164.0,1,White,Joint,45-54,31.818,Loan originated
1,765000.0,42,825000.0,229.0,1,Black or African American,Joint,25-34,92.814,Loan originated
1,665000.0,43,825000.0,189.0,1,White,Joint,55-64,80.0,Loan originated
1,435000.0,30%-<36%,545000.0,123.0,1,Hispanic or Latino,Female,35-44,80.0,Loan originated
1,255000.0,49,315000.0,150.0,1,White,Joint,35-44,80.0,Loan originated
1,425000.0,30%-<36%,525000.0,130.0,1,White,Joint,25-34,80.0,Loan originated
1,475000.0,41,525000.0,120.0,1,Hispanic or Latino,Male,25-34,90.0,Loan originated
1,425000.0,46,535000.0,103.0,1,Asian,Male,45-54,80.0,Loan originated
1,435000.0,20%-<30%,465000.0,205.0,1,Hispanic or Latino,Female,25-34,95.0,Loan originated
1,295000.0,49,475000.0,125.0,1,Hispanic or Latino,Female,<25,61.702,Loan originated
1,975000.0,49,1305000.0,200.0,1,Asian,Male,35-44,75.0,Loan originated
1,215000.0,30%-<36%,225000.0,77.0,1,Hispanic or Latino,Male,25-34,94.566,Loan originated
1,275000.0,43,295000.0,143.0,1,White,Male,45-54,95.0,Loan originated
1,305000.0,49,405000.0,63.0,1,Hispanic or Latino,Joint,35-44,75.0,Application denied
1,805000.0,20%-<30%,905000.0,355.0,1,White,Joint,35-44,89.0,Loan originated
1,315000.0,46,335000.0,91.0,1,Hispanic or Latino,Joint,25-34,95.0,Loan originated
1,665000.0,30%-<36%,835000.0,246.0,1,White,Female,25-34,80.0,Loan originated
1,435000.0,49,655000.0,79.0,1,Other,Joint,55-64,66.0,Loan originated
1,665000.0,<20%,825000.0,400.0,1,White,Male,25-34,80.0,Loan originated
1,825000.0,48,1285000.0,313.0,1,White,Joint,25-34,64.38,Loan originated
1,325000.0,44,335000.0,71.0,1,Asian,Male,35-44,97.0,Loan originated
1,105000.0,>60%,305000.0,20.0,1,Hispanic or Latino,Male,<25,32.573,Application denied
1,555000.0,<20%,685000.0,281.0,1,Asian,Male,35-44,80.0,Loan originated
1,345000.0,20%-<30%,425000.0,138.0,1,White,Female,35-44,80.0,Loan originated
1,625000.0,48,1225000.0,279.0,1,Asian,Male,35-44,51.209,Loan originated
1,445000.0,30%-<36%,495000.0,270.0,1,White,Joint,35-44,90.0,Loan originated
1,685000.0,49,2165000.0,133.0,1,White,Female,65-74,31.51,Loan originated
1,565000.0,38,855000.0,167.0,1,White,Joint,35-44,67.0,Loan originated
1,455000.0,45,535000.0,138.0,1,Hispanic or Latino,Male,35-44,85.0,Loan originated
1,345000.0,47,575000.0,77.0,1,White,Male,35-44,59.649,Loan originated
1,725000.0,39,905000.0,187.0,1,Asian,Male,35-44,80.0,Loan originated
1,1055000.0,30%-<36%,1325000.0,428.0,1,White,Joint,25-34,80.0,Loan originated
1,305000.0,44,1025000.0,105.0,1,White,Joint,>74,29.268,Loan originated
1,765000.0,42,1395000.0,386.0,1,White,Joint,25-34,55.144,Loan originated
1,425000.0,20%-<30%,605000.0,208.0,1,White,Male,35-44,70.0,Loan originated
1,1065000.0,49,1425000.0,255.0,1,White,Male,45-54,75.0,Loan originated
1,605000.0,30%-<36%,635000.0,211.0,1,Hispanic or Latino,Male,35-44,95.0,Loan originated
1,485000.0,20%-<30%,875000.0,207.0,1,Asian,Joint,25-34,55.852,Loan originated
1,205000.0,49,1135000.0,78.0,1,White,Female,65-74,17.621,Loan originated
1,565000.0,43,595000.0,133.0,1,White,Joint,25-34,93.96,Loan originated
1,575000.0,44,725000.0,167.0,1,White,Joint,45-54,80.0,Loan originated
1,565000.0,50%-60%,635000.0,136.0,1,White,Female,45-54,90.0,Application denied
1,765000.0,39,965000.0,230.0,1,Asian,Male,45-54,80.0,Loan originated
1,305000.0,38,495000.0,95.0,1,White,Joint,35-44,62.299,Loan originated
1,705000.0,48,1055000.0,141.0,1,White,Female,65-74,66.67,Loan originated
1,525000.0,30%-<36%,575000.0,229.0,1,Asian,Joint,25-34,90.0,Loan originated
1,725000.0,48,915000.0,185.0,1,White,Male,65-74,80.0,Loan originated
1,235000.0,49,695000.0,69.0,1,Hispanic or Latino,Joint,65-74,33.2,Loan originated
1,875000.0,20%-<30%,1095000.0,318.0,1,White,Male,35-44,80.0,Loan originated
1,305000.0,<20%,315000.0,300.0,1,White,Male,45-54,97.0,Loan originated
1,595000.0,43,745000.0,163.0,1,White,Joint,55-64,80.0,Loan originated
1,455000.0,49,575000.0,101.0,1,Asian,Joint,35-44,80.0,Loan originated
1,665000.0,45,835000.0,189.0,1,White,Male,35-44,80.0,Loan originated
1,955000.0,50%-60%,1005000.0,236.0,1,White,Female,25-34,95.0,Application denied
1,265000.0,43,865000.0,107.0,1,Hispanic or Latino,Joint,>74,31.0,Loan originated
1,725000.0,49,915000.0,202.0,1,White,Male,25-34,80.0,Loan originated
1,685000.0,47,855000.0,160.0,1,Asian,Joint,45-54,80.0,Loan originated
1,695000.0,20%-<30%,925000.0,248.0,1,Black or African American,Joint,65-74,74.878,Loan originated
1,295000.0,46,305000.0,105.0,1,Hispanic or Latino,Male,65-74,100.0,Loan originated
1,215000.0,43,295000.0,47.0,1,Asian,Male,45-54,75.0,Loan originated
1,725000.0,20%-<30%,905000.0,434.0,1,Hispanic or Latino,Joint,35-44,80.0,Application denied
1,645000.0,44,765000.0,146.0,1,White,Male,35-44,85.0,Application denied
1,325000.0,20%-<30%,335000.0,159.0,1,White,Male,35-44,97.0,Loan originated
1,1045000.0,40,1395000.0,325.0,1,White,Joint,55-64,75.0,Loan originated
1,715000.0,36,885000.0,231.0,1,Asian,Male,45-54,80.0,Loan originated
1,155000.0,30%-<36%,1375000.0,109.0,1,Asian,Male,25-34,10.91,Loan originated
1,765000.0,20%-<30%,1085000.0,575.0,1,Hispanic or Latino,Male,45-54,70.49,Loan originated
1,405000.0,43,855000.0,100.0,1,Asian,Female,25-34,47.06,Loan originated
1,1005000.0,50%-60%,1255000.0,237.0,1,White,Joint,45-54,80.0,Loan originated
1,785000.0,20%-<30%,1365000.0,347.0,1,Asian,Joint,25-34,57.35,Loan originated
1,965000.0,30%-<36%,1205000.0,443.0,1,Hispanic or Latino,Male,35-44,80.0,Loan originated
1,875000.0,38,1095000.0,253.0,1,White,Male,35-44,80.0,Loan originated
1,1015000.0,30%-<36%,1355000.0,425.0,1,White,Female,45-54,75.0,Loan originated
1,175000.0,20%-<30%,515000.0,88.0,1,Hispanic or Latino,Female,35-44,33.357,Loan originated
1,755000.0,42,1255000.0,160.0,1,White,Female,55-64,60.0,Loan originated
1,865000.0,49,905000.0,167.0,1,Asian,Female,25-34,95.0,Loan originated
1,385000.0,30%-<36%,745000.0,138.0,1,Asian,Female,55-64,51.29,Loan originated
1,255000.0,48,345000.0,73.0,1,White,Female,35-44,75.0,Loan originated
1,415000.0,46,1315000.0,105.0,1,White,Female,45-54,32.0,Loan originated
1,515000.0,48,575000.0,136.0,1,Hispanic or Latino,Joint,35-44,90.0,Loan originated
1,205000.0,20%-<30%,1075000.0,158.0,1,White,Joint,>74,18.605,Loan originated
1,1005000.0,38,1255000.0,371.0,1,Asian,Male,45-54,80.0,Loan originated
1,635000.0,20%-<30%,795000.0,228.0,1,White,Male,25-34,80.0,Loan originated
1,895000.0,43,995000.0,231.0,1,White,Male,25-34,90.0,Loan originated
1,575000.0,47,675000.0,112.0,1,White,Joint,55-64,85.0,Loan originated
1,805000.0,39,1605000.0,324.0,1,White,Joint,55-64,49.906,Loan originated
1,255000.0,48,325000.0,109.0,1,Hispanic or Latino,Male,45-54,80.0,Loan originated
1,395000.0,48,465000.0,80.0,1,Hispanic or Latino,Male,35-44,85.0,Loan originated
1,155000.0,40,355000.0,70.0,1,Asian,Male,35-44,43.662,Application denied
1,255000.0,44,495000.0,151.0,1,Asian,Joint,35-44,50.0,Application denied
1,355000.0,40,635000.0,106.0,1,Asian,Male,25-34,55.98,Loan originated
1,725000.0,<20%,905000.0,1041.0,1,Hispanic or Latino,Male,25-34,80.0,Loan originated
1,365000.0,39,405000.0,103.0,1,Hispanic or Latino,Male,45-54,90.0,Loan originated
1,195000.0,47,495000.0,58.0,1,White,Female,45-54,39.759,Loan originated
1,475000.0,20%-<30%,975000.0,332.0,1,Asian,Joint,45-54,48.718,Loan originated
1,385000.0,37,485000.0,162.0,1,Asian,Male,25-34,80.0,Application denied
1,315000.0,49,325000.0,81.0,1,White,Male,25-34,97.0,Loan originated
1,255000.0,48,345000.0,63.0,1,Other,Male,35-44,75.0,Loan originated
1,355000.0,49,555000.0,143.0,1,White,Joint,25-34,63.636,Loan originated
1,365000.0,47,405000.0,75.0,1,Hispanic or Latino,Joint,35-44,90.0,Loan originated
1,655000.0,36,765000.0,259.0,1,White,Female,<25,84.97,Loan originated
1,555000.0,41,695000.0,280.0,1,White,Joint,45-54,80.0,Loan originated
1,265000.0,42,395000.0,77.0,1,Asian,Female,35-44,67.949,Application denied
1,395000.0,<20%,415000.0,0.0,1,Hispanic or Latino,Male,45-54,95.0,Application denied
1,1025000.0,44,1205000.0,308.0,1,Asian,Joint,25-34,85.0,Loan originated
1,335000.0,30%-<36%,395000.0,185.0,1,Hispanic or Latino,Male,55-64,85.0,Loan originated
1,315000.0,>60%,355000.0,31.0,1,Asian,Female,35-44,90.0,Application denied
1,795000.0,49,1195000.0,179.0,1,Asian,Female,<25,67.0,Loan originated
1,765000.0,30%-<36%,1025000.0,639.0,1,White,Male,<25,75.196,Loan originated
1,655000.0,30%-<36%,825000.0,236.0,1,Asian,Female,35-44,80.0,Loan originated
1,665000.0,20%-<30%,925000.0,296.0,1,White,Joint,35-44,71.68,Loan originated
1,865000.0,48,1075000.0,192.0,1,White,Male,25-34,80.0,Loan originated
1,575000.0,40,635000.0,171.0,1,White,Joint,25-34,90.0,Loan originated
1,345000.0,49,825000.0,81.0,1,White,Joint,>74,41.0,Loan originated
1,715000.0,44,895000.0,164.0,1,Hispanic or Latino,Joint,35-44,80.0,Loan originated
1,295000.0,44,325000.0,113.0,1,Hispanic or Latino,Joint,35-44,90.0,Loan originated
1,105000.0,30%-<36%,195000.0,117.0,1,Asian,Joint,25-34,55.36,Loan originated
1,705000.0,38,885000.0,205.0,1,White,Joint,35-44,80.0,Loan originated
1,295000.0,39,895000.0,123.0,1,Asian,Joint,25-34,33.087,Loan originated
1,405000.0,40,505000.0,219.0,1,White,Joint,35-44,80.0,Loan originated
1,635000.0,30%-<36%,915000.0,249.0,1,Asian,Joint,25-34,70.0,Loan originated
1,845000.0,39,1375000.0,211.0,1,Asian,Joint,25-34,61.46,Loan originated
1,595000.0,43,1185000.0,184.0,1,Asian,Female,35-44,50.0,Loan originated
1,765000.0,44,1085000.0,222.0,1,Asian,Female,55-64,70.37,Loan originated
1,405000.0,40,585000.0,154.0,1,Asian,Male,65-74,70.0,Loan originated
1,665000.0,30%-<36%,705000.0,231.0,1,Hispanic or Latino,Female,35-44,95.0,Loan originated
1,575000.0,42,925000.0,144.0,1,Asian,Male,35-44,62.0,Loan originated
1,395000.0,48,845000.0,100.0,1,Asian,Male,35-44,46.989,Loan originated
1,255000.0,39,265000.0,101.0,1,White,Male,25-34,95.0,Loan originated
1,485000.0,48,695000.0,114.0,1,White,Joint,25-34,70.0,Loan originated
1,285000.0,30%-<36%,355000.0,235.0,1,White,Joint,45-54,80.0,Loan originated
1,385000.0,47,515000.0,74.0,1,White,Male,25-34,74.56,Loan originated
1,855000.0,20%-<30%,1075000.0,379.0,1,Asian,Joint,35-44,80.0,Loan originated
1,395000.0,40,445000.0,110.0,1,White,Male,25-34,90.0,Loan originated
1,715000.0,30%-<36%,1025000.0,408.0,1,Hispanic or Latino,Female,45-54,70.0,Loan originated
1,445000.0,<20%,745000.0,342.0,1,Asian,Joint,25-34,59.6,Loan originated
1,155000.0,20%-<30%,585000.0,110.0,1,Asian,Joint,65-74,25.731,Loan originated
1,485000.0,45,705000.0,135.0,1,White,Joint,45-54,68.993,Loan originated
1,405000.0,49,525000.0,115.0,1,White,Male,45-54,77.596,Loan originated
1,215000.0,<20%,1155000.0,156.0,1,White,Joint,65-74,18.261,Loan originated
1,825000.0,30%-<36%,1025000.0,324.0,1,White,Female,55-64,80.0,Loan originated
1,105000.0,<20%,915000.0,124.0,1,White,Female,25-34,10.978,Loan originated
1,665000.0,39,825000.0,192.0,1,Asian,Female,25-34,80.0,Loan originated
1,455000.0,30%-<36%,625000.0,197.0,1,Asian,Joint,25-34,72.0,Loan originated
1,365000.0,49,455000.0,127.0,1,Hispanic or Latino,Joint,45-54,82.0,Loan originated
1,205000.0,>60%,645000.0,15.0,1,White,Joint,35-44,30.912,Application denied
1,505000.0,42,635000.0,155.0,1,White,Female,45-54,80.0,Application denied
1,705000.0,45,785000.0,200.0,1,Asian,Male,35-44,89.968,Loan originated
1,255000.0,38,705000.0,78.0,1,Hispanic or Latino,Female,55-64,35.714,Loan originated
1,375000.0,50%-60%,395000.0,72.0,1,Black or African American,Female,55-64,100.0,Loan originated
1,125000.0,30%-<36%,735000.0,58.0,1,Hispanic or Latino,Female,65-74,17.123,Loan originated
1,645000.0,40,805000.0,230.0,1,White,Male,35-44,80.0,Loan originated
1,765000.0,49,835000.0,160.0,1,White,Joint,25-34,93.0,Loan originated
1,545000.0,50%-60%,685000.0,165.0,1,Black or African American,Female,55-64,80.0,Application denied
1,155000.0,37,245000.0,127.0,1,Asian,Joint,25-34,64.49,Loan originated
1,445000.0,42,595000.0,117.0,1,Asian,Female,25-34,74.56,Loan originated
1,565000.0,30%-<36%,765000.0,236.0,1,White,Joint,35-44,73.68,Loan originated
1,255000.0,36,565000.0,133.0,1,Hispanic or Latino,Joint,35-44,45.0,Loan originated
1,325000.0,44,435000.0,224.0,1,Asian,Joint,65-74,75.0,Loan originated
1,765000.0,38,1025000.0,250.0,1,White,Joint,35-44,74.785,Loan originated
1,1125000.0,36,1405000.0,363.0,1,Asian,Male,35-44,80.0,Loan originated
1,525000.0,44,555000.0,177.0,1,Hispanic or Latino,Joint,35-44,95.0,Loan originated
1,485000.0,30%-<36%,605000.0,169.0,1,Asian,Joint,35-44,80.0,Loan originated
1,235000.0,<20%,1205000.0,225.0,1,White,Male,55-64,19.583,Loan originated
1,315000.0,42,425000.0,84.0,1,Asian,Joint,35-44,75.0,Loan originated
1,555000.0,30%-<36%,655000.0,147.0,1,Asian,Male,25-34,85.0,Loan originated
1,375000.0,48,845000.0,131.0,1,White,Joint,55-64,44.44,Loan originated
1,455000.0,49,735000.0,175.0,1,White,Male,35-44,62.329,Loan originated
1,715000.0,46,755000.0,165.0,1,White,Joint,35-44,95.0,Application denied
1,755000.0,47,795000.0,176.0,1,Hispanic or Latino,Joint,45-54,95.0,Loan originated
1,515000.0,39,525000.0,162.0,1,Hispanic or Latino,Male,25-34,97.0,Loan originated
1,425000.0,38,535000.0,178.0,1,Hispanic or Latino,Joint,45-54,80.0,Loan originated
1,635000.0,41,795000.0,287.0,1,Asian,Male,25-34,80.0,Loan originated
1,345000.0,30%-<36%,715000.0,156.0,1,White,Joint,25-34,48.286,Loan originated
1,385000.0,45,555000.0,98.0,1,White,Female,25-34,69.53,Loan originated
1,375000.0,37,755000.0,141.0,1,Hispanic or Latino,Male,25-34,50.0,Loan originated
1,1055000.0,39,1315000.0,371.0,1,Asian,Male,25-34,80.0,Loan originated
1,875000.0,20%-<30%,1165000.0,393.0,1,Asian,Joint,25-34,75.0,Loan originated
1,395000.0,46,415000.0,115.0,1,Hispanic or Latino,Joint,55-64,95.0,Loan originated
1,705000.0,44,745000.0,205.0,1,White,Joint,25-34,95.0,Loan originated
1,405000.0,41,735000.0,116.0,1,Hispanic or Latino,Joint,45-54,55.479,Loan originated
1,875000.0,49,1255000.0,197.0,1,White,Male,45-54,70.0,Loan originated
1,725000.0,42,975000.0,226.0,1,White,Joint,25-34,75.0,Loan originated
1,585000.0,47,735000.0,148.0,1,White,Male,25-34,80.0,Loan originated
1,675000.0,43,745000.0,154.0,1,White,Female,35-44,90.0,Loan originated
1,565000.0,49,675000.0,120.0,1,Hispanic or Latino,Male,55-64,85.0,Loan originated
1,335000.0,48,405000.0,85.0,1,Hispanic or Latino,Male,45-54,82.0,Loan originated
1,195000.0,45,245000.0,58.0,1,White,Female,65-74,80.0,Loan originated
1,765000.0,37,1415000.0,214.0,1,White,Joint,55-64,54.365,Loan originated
1,445000.0,43,455000.0,125.0,1,Hispanic or Latino,Male,25-34,97.0,Loan originated
1,175000.0,42,195000.0,54.0,1,White,Female,25-34,90.0,Loan originated
1,1145000.0,36,1545000.0,498.0,1,Hispanic or Latino,Male,55-64,74.664,Loan originated
1,325000.0,44,625000.0,110.0,1,White,Male,45-54,52.0,Loan originated
1,305000.0,30%-<36%,385000.0,113.0,1,Hispanic or Latino,Male,45-54,80.0,Loan originated
1,575000.0,45,1475000.0,146.0,1,Asian,Male,35-44,38.776,Loan originated
1,865000.0,46,915000.0,198.0,1,White,Male,55-64,95.0,Loan originated
1,485000.0,45,705000.0,112.0,1,White,Male,45-54,68.571,Loan originated
1,605000.0,45,1005000.0,367.0,1,White,Male,35-44,60.0,Loan originated
1,895000.0,37,1325000.0,245.0,1,White,Male,35-44,68.152,Loan originated
1,695000.0,45,925000.0,150.0,1,Asian,Joint,35-44,75.0,Loan originated
1,485000.0,20%-<30%,835000.0,249.0,1,White,Male,45-54,58.084,Loan originated
1,805000.0,30%-<36%,1305000.0,361.0,1,White,Male,35-44,61.538,Loan originated
1,605000.0,42,635000.0,163.0,1,Asian,Male,45-54,95.0,Loan originated
1,755000.0,20%-<30%,1005000.0,246.0,1,Asian,Male,35-44,75.0,Loan originated
1,765000.0,20%-<30%,865000.0,284.0,1,Asian,Joint,35-44,88.0,Loan originated
1,405000.0,20%-<30%,885000.0,231.0,1,White,Joint,45-54,45.46,Loan originated
1,905000.0,41,1425000.0,372.0,1,Asian,Male,45-54,62.96,Loan originated
1,595000.0,41,635000.0,182.0,1,Hispanic or Latino,Joint,35-44,93.0,Loan originated
1,825000.0,50%-60%,1035000.0,164.0,1,White,Joint,65-74,79.991,Application denied
1,655000.0,44,675000.0,184.0,1,Hispanic or Latino,Joint,25-34,97.0,Loan originated
1,505000.0,40,755000.0,134.0,1,Hispanic or Latino,Joint,35-44,67.0,Loan originated
1,515000.0,48,635000.0,114.0,1,Asian,Female,25-34,80.0,Loan originated
1,705000.0,48,885000.0,162.0,1,Asian,Joint,25-34,78.829,Loan originated
1,375000.0,20%-<30%,465000.0,161.0,1,White,Male,35-44,80.0,Loan originated
1,655000.0,40,815000.0,185.0,1,White,Joint,65-74,80.0,Loan originated
1,605000.0,30%-<36%,1515000.0,269.0,1,Asian,Joint,<25,39.655,Loan originated
1,675000.0,48,805000.0,163.0,1,Asian,Joint,45-54,102.88,Loan originated
1,345000.0,39,645000.0,101.0,1,Asian,Joint,45-54,53.49,Loan originated
1,295000.0,37,445000.0,149.0,1,White,Joint,35-44,66.592,Loan originated
1,205000.0,41,655000.0,60.0,1,Hispanic or Latino,Male,35-44,31.0,Loan originated
1,625000.0,49,695000.0,131.0,1,White,Male,35-44,89.883,Loan originated
1,845000.0,38,1165000.0,202.0,1,Asian,Joint,35-44,72.53,Loan originated
1,635000.0,44,685000.0,201.0,1,Black or African American,Female,35-44,93.5,Loan originated
1,605000.0,43,755000.0,162.0,1,Asian,Female,55-64,80.0,Loan originated
1,335000.0,46,575000.0,90.0,1,White,Female,45-54,57.895,Loan originated
1,615000.0,40,685000.0,160.0,1,Asian,Male,25-34,89.5,Loan originated
1,595000.0,>60%,625000.0,78.0,1,Hispanic or Latino,Male,25-34,94.43,Loan originated
1,645000.0,30%-<36%,855000.0,254.0,1,White,Male,35-44,75.0,Loan originated
1,415000.0,20%-<30%,515000.0,170.0,1,White,Joint,25-34,80.0,Loan originated
1,625000.0,30%-<36%,885000.0,196.0,1,Asian,Joint,45-54,71.0,Loan originated
1,595000.0,44,745000.0,174.0,1,Asian,Male,35-44,80.0,Loan originated
1,885000.0,40,975000.0,225.0,1,Asian,Female,45-54,89.99,Application denied
1,315000.0,40,495000.0,163.0,1,Hispanic or Latino,Female,55-64,62.65,Application denied
1,805000.0,45,855000.0,396.0,1,Hispanic or Latino,Female,25-34,95.0,Loan originated
1,325000.0,49,475000.0,64.0,1,White,Male,25-34,68.421,Loan originated
1,485000.0,48,635000.0,116.0,1,Asian,Male,55-64,80.0,Loan originated
1,495000.0,39,895000.0,156.0,1,White,Female,>74,55.15,Loan originated
1,1025000.0,49,1295000.0,208.0,1,White,Male,35-44,79.05,Loan originated
1,215000.0,44,265000.0,65.0,1,Hispanic or Latino,Male,35-44,81.13,Loan originated
1,635000.0,40,665000.0,253.0,1,Hispanic or Latino,Joint,25-34,95.0,Loan originated
1,275000.0,45,275000.0,65.0,1,Hispanic or Latino,Male,25-34,100.0,Loan originated
1,1135000.0,43,1195000.0,261.0,1,White,Joint,45-54,95.0,Loan originated
1,575000.0,30%-<36%,725000.0,201.0,1,White,Joint,35-44,80.0,Loan originated
1,645000.0,>60%,825000.0,80.0,1,Asian,Joint,25-34,77.879,Application denied
1,425000.0,46,455000.0,83.0,1,White,Female,35-44,95.0,Loan originated
1,515000.0,42,585000.0,139.0,1,White,Male,55-64,88.135,Loan originated
1,355000.0,48,355000.0,141.0,1,White,Male,45-54,55.11,Loan originated
1,325000.0,42,405000.0,72.0,1,Hispanic or Latino,Male,45-54,80.0,Loan originated
1,655000.0,49,695000.0,113.0,1,Hispanic or Latino,Joint,35-44,95.0,Loan originated
1,615000.0,30%-<36%,765000.0,204.0,1,Asian,Male,25-34,80.0,Loan originated
1,885000.0,42,1105000.0,273.0,1,White,Joint,55-64,80.0,Loan originated
1,265000.0,<20%,325000.0,201.0,1,Hispanic or Latino,Male,35-44,80.0,Loan originated
1,645000.0,42,685000.0,132.0,1,Hispanic or Latino,Female,45-54,95.0,Loan originated
1,435000.0,37,535000.0,147.0,1,Hispanic or Latino,Female,35-44,80.0,Loan originated
1,455000.0,42,565000.0,104.0,1,Hispanic or Latino,Female,35-44,80.0,Loan originated
1,555000.0,<20%,695000.0,151.0,1,Asian,Joint,35-44,80.0,Loan originated
1,625000.0,20%-<30%,775000.0,264.0,1,Asian,Joint,35-44,80.0,Loan originated
1,835000.0,44,1045000.0,184.0,1,Black or African American,Male,25-34,80.0,Loan originated
1,435000.0,47,455000.0,83.0,1,Hispanic or Latino,Male,25-34,95.0,Loan originated
1,585000.0,30%-<36%,645000.0,180.0,1,Asian,Female,25-34,90.0,Loan originated
1,965000.0,41,1205000.0,245.0,1,White,Male,45-54,80.0,Loan originated
1,985000.0,42,1515000.0,233.0,1,Asian,Male,45-54,66.0,Loan originated
1,575000.0,48,605000.0,192.0,1,Hispanic or Latino,Joint,25-34,95.0,Loan originated
1,635000.0,47,655000.0,141.0,1,Hispanic or Latino,Male,55-64,97.0,Loan originated
1,385000.0,43,485000.0,116.0,1,Hispanic or Latino,Female,45-54,80.0,Loan originated
1,405000.0,30%-<36%,805000.0,157.0,1,Asian,Male,45-54,50.5,Loan originated
1,305000.0,48,1055000.0,197.0,1,Hispanic or Latino,Joint,55-64,28.57,Loan originated
1,575000.0,46,615000.0,219.0,1,Hispanic or Latino,Joint,35-44,92.84,Loan originated
1,555000.0,43,575000.0,203.0,1,White,Male,55-64,95.0,Loan originated
1,385000.0,42,485000.0,119.0,1,White,Female,25-34,80.0,Loan originated
1,805000.0,36,1065000.0,243.0,1,Asian,Male,45-54,75.0,Loan originated
1,245000.0,44,305000.0,86.0,1,White,Joint,<25,80.0,Loan originated
1,1005000.0,20%-<30%,1575000.0,928.0,1,White,Joint,55-64,63.492,Loan originated
1,325000.0,46,335000.0,80.0,1,Asian,Female,25-34,97.0,Loan originated
1,245000.0,43,435000.0,107.0,1,Asian,Male,35-44,57.35,Application denied
1,685000.0,48,915000.0,139.0,1,Asian,Male,25-34,75.0,Loan originated
1,465000.0,40,485000.0,119.0,1,Asian,Joint,25-34,95.0,Loan originated
1,475000.0,45,485000.0,125.0,1,Asian,Female,25-34,100.0,Loan originated
1,405000.0,20%-<30%,715000.0,179.0,1,White,Joint,35-44,55.945,Loan originated
1,705000.0,47,1055000.0,147.0,1,White,Female,35-44,66.67,Loan originated
1,905000.0,44,1745000.0,222.0,1,White,Joint,35-44,51.458,Loan originated
1,105000.0,30%-<36%,125000.0,121.0,1,Other,Male,45-54,85.0,Application denied
1,475000.0,38,485000.0,136.0,1,White,Female,45-54,99.558,Loan originated
1,615000.0,37,725000.0,251.0,1,White,Male,45-54,85.0,Loan originated
1,825000.0,47,1035000.0,173.0,1,White,Male,25-34,80.0,Loan originated
1,395000.0,45,455000.0,106.0,1,Hispanic or Latino,Joint,45-54,87.78,Application denied
1,625000.0,30%-<36%,785000.0,187.0,1,White,Male,25-34,80.0,Loan originated
1,1085000.0,43,1355000.0,449.0,1,Asian,Male,25-34,80.0,Loan originated
1,765000.0,30%-<36%,1205000.0,244.0,1,Asian,Joint,25-34,64.0,Loan originated
1,345000.0,30%-<36%,545000.0,127.0,1,White,Joint,45-54,64.0,Loan originated
1,655000.0,30%-<36%,775000.0,196.0,1,White,Male,35-44,85.0,Loan originated
1,345000.0,20%-<30%,435000.0,117.0,1,Asian,Male,25-34,80.0,Loan originated
1,815000.0,41,915000.0,273.0,1,White,Female,45-54,90.0,Loan originated
1,205000.0,45,405000.0,318.0,1,Asian,Joint,65-74,50.86,Loan originated
1,665000.0,44,705000.0,216.0,1,Asian,Female,55-64,95.0,Loan originated
1,605000.0,50%-60%,645000.0,165.0,1,Black or African American,Male,35-44,95.0,Application denied
1,475000.0,45,835000.0,106.0,1,Asian,Joint,25-34,56.287,Loan originated
1,755000.0,30%-<36%,885000.0,284.0,1,Asian,Male,45-54,84.507,Loan originated
1,295000.0,49,375000.0,91.0,1,White,Joint,25-34,80.0,Loan originated
1,685000.0,49,805000.0,164.0,1,White,Joint,35-44,85.0,Loan originated
1,545000.0,30%-<36%,845000.0,182.0,1,Asian,Joint,35-44,64.286,Loan originated
1,295000.0,20%-<30%,315000.0,136.0,1,Hispanic or Latino,Female,35-44,95.0,Loan originated
1,335000.0,49,465000.0,70.0,1,White,Female,45-54,72.82,Loan originated
1,435000.0,>60%,535000.0,0.0,1,Black or African American,Male,35-44,81.478,Application denied
1,305000.0,41,505000.0,83.0,1,Asian,Female,55-64,60.0,Loan originated
1,515000.0,30%-<36%,675000.0,283.0,1,White,Male,45-54,76.3,Application denied
1,515000.0,>60%,785000.0,77.0,1,Asian,Male,45-54,65.0,Application denied
1,405000.0,49,505000.0,113.0,1,White,Male,35-44,80.0,Loan originated
1,295000.0,40,475000.0,126.0,1,White,Joint,35-44,62.11,Loan originated
1,535000.0,48,555000.0,185.0,1,Hispanic or Latino,Joint,25-34,97.0,Loan originated
1,475000.0,44,495000.0,188.0,1,Hispanic or Latino,Joint,<25,95.0,Loan originated
1,555000.0,20%-<30%,595000.0,191.0,1,White,Joint,25-34,93.277,Loan originated
1,545000.0,30%-<36%,605000.0,193.0,1,Asian,Joint,35-44,89.999,Loan originated
1,1075000.0,36,1455000.0,308.0,1,White,Female,45-54,74.14,Loan originated
1,345000.0,39,485000.0,182.0,1,Hispanic or Latino,Male,35-44,70.0,Loan originated
1,465000.0,46,625000.0,96.0,1,Asian,Male,35-44,75.0,Loan originated
1,535000.0,46,585000.0,134.0,1,Hispanic or Latino,Male,45-54,92.0,Loan originated
1,295000.0,48,425000.0,98.0,1,White,Male,65-74,68.545,Loan originated
1,575000.0,47,975000.0,120.0,1,Asian,Male,35-44,58.974,Loan originated
1,175000.0,49,475000.0,43.0,1,Hispanic or Latino,Male,25-34,36.842,Loan originated
1,695000.0,50%-60%,1205000.0,212.0,1,Asian,Joint,45-54,58.0,Application denied
1,365000.0,>60%,735000.0,19.0,1,Asian,Joint,<25,50.0,Application denied
1,385000.0,49,435000.0,92.0,1,White,Male,55-64,89.9,Loan originated
1,385000.0,42,635000.0,149.0,1,Asian,Female,35-44,60.0,Loan originated
1,315000.0,20%-<30%,595000.0,190.0,1,White,Male,35-44,52.64,Loan originated
1,265000.0,48,425000.0,62.0,1,Hispanic or Latino,Female,65-74,63.27,Loan originated
1,625000.0,36,1045000.0,183.0,1,Hispanic or Latino,Female,35-44,60.0,Loan originated
1,505000.0,50%-60%,865000.0,117.0,1,White,Joint,45-54,59.19,Loan originated
1,665000.0,36,1115000.0,204.0,1,Asian,Male,25-34,59.459,Loan originated
1,425000.0,30%-<36%,575000.0,500.0,1,Asian,Joint,25-34,75.0,Loan originated
1,1055000.0,50%-60%,1415000.0,179.0,1,White,Female,35-44,75.0,Application denied
1,765000.0,30%-<36%,855000.0,538.0,1,White,Joint,35-44,90.0,Loan originated
1,365000.0,36,375000.0,112.0,1,Black or African American,Female,25-34,97.0,Loan originated
1,1005000.0,48,1325000.0,214.0,1,Asian,Female,35-44,75.47,Loan originated
1,765000.0,49,805000.0,167.0,1,Black or African American,Female,45-54,95.0,Loan originated
1,605000.0,36,645000.0,171.0,1,White,Male,35-44,95.0,Loan originated
1,765000.0,42,1165000.0,482.0,1,Hispanic or Latino,Male,25-34,84.79,Loan originated
1,885000.0,44,935000.0,184.0,1,Asian,Male,45-54,95.0,Loan originated
1,925000.0,46,1155000.0,307.0,1,Asian,Male,25-34,80.0,Loan originated
1,645000.0,36,665000.0,228.0,1,Asian,Male,25-34,97.0,Loan originated
1,455000.0,37,465000.0,120.0,1,Hispanic or Latino,Joint,25-34,97.0,Loan originated
1,675000.0,49,755000.0,293.0,1,Hispanic or Latino,Male,35-44,90.0,Application denied
1,1025000.0,20%-<30%,1285000.0,722.0,1,Asian,Male,35-44,80.0,Loan originated
1,475000.0,30%-<36%,595000.0,175.0,1,Hispanic or Latino,Male,35-44,80.0,Loan originated
1,875000.0,42,1505000.0,229.0,1,Asian,Female,25-34,58.21,Loan originated
1,385000.0,43,395000.0,153.0,1,Asian,Female,35-44,97.0,Loan originated
1,765000.0,48,875000.0,178.0,1,Asian,Male,45-54,88.0,Loan originated
1,595000.0,20%-<30%,1275000.0,260.0,1,White,Joint,25-34,46.472,Loan originated
1,955000.0,48,1285000.0,183.0,1,Asian,Female,25-34,73.93,Loan originated
1,445000.0,48,625000.0,115.0,1,Asian,Female,25-34,71.278,Loan originated
1,705000.0,20%-<30%,2375000.0,358.0,1,White,Joint,25-34,29.474,Loan originated
1,405000.0,43,575000.0,103.0,1,White,Female,65-74,70.435,Loan originated
1,885000.0,47,985000.0,188.0,1,Hispanic or Latino,Male,25-34,90.0,Loan originated
1,325000.0,30%-<36%,875000.0,135.0,1,White,Joint,65-74,37.143,Loan originated
1,715000.0,40,895000.0,208.0,1,White,Female,25-34,80.0,Loan originated
1,595000.0,43,845000.0,151.0,1,Asian,Male,25-34,70.0,Loan originated
1,535000.0,49,635000.0,117.0,1,Hispanic or Latino,Male,25-34,85.0,Loan originated
1,385000.0,49,455000.0,78.0,1,Hispanic or Latino,Female,35-44,84.99,Loan originated
1,1085000.0,20%-<30%,1355000.0,444.0,1,White,Joint,35-44,80.0,Loan originated
1,325000.0,<20%,675000.0,409.0,1,White,Female,35-44,48.148,Loan originated
1,865000.0,30%-<36%,1155000.0,257.0,1,White,Joint,25-34,74.892,Loan originated
1,545000.0,44,615000.0,201.0,1,Hispanic or Latino,Male,45-54,90.0,Loan originated
1,455000.0,49,475000.0,125.0,1,Black or African American,Female,25-34,100.0,Application denied
1,395000.0,49,495000.0,82.0,1,Hispanic or Latino,Female,35-44,79.0,Loan originated
1,275000.0,43,335000.0,76.0,1,White,Male,65-74,82.985,Loan originated
1,655000.0,30%-<36%,815000.0,290.0,1,White,Joint,55-64,80.0,Loan originated
1,25000.0,44,645000.0,160.0,1,Hispanic or Latino,Male,45-54,100.0,Loan originated
1,345000.0,45,365000.0,79.0,1,White,Female,25-34,95.0,Loan originated
1,685000.0,47,855000.0,188.0,1,Hispanic or Latino,Male,45-54,80.0,Loan originated
1,705000.0,48,885000.0,144.0,1,Asian,Male,25-34,80.0,Loan originated
1,385000.0,48,435000.0,163.0,1,Hispanic or Latino,Male,45-54,90.0,Loan originated
1,105000.0,43,535000.0,174.0,1,Hispanic or Latino,Joint,65-74,18.868,Loan originated
1,395000.0,30%-<36%,415000.0,112.0,1,White,Male,25-34,95.0,Loan originated
1,615000.0,40,655000.0,171.0,1,Hispanic or Latino,Joint,45-54,95.0,Loan originated
1,435000.0,20%-<30%,735000.0,211.0,1,White,Joint,45-54,58.911,Loan originated
1,465000.0,37,785000.0,178.0,1,White,Joint,35-44,58.935,Loan originated
1,925000.0,40,1545000.0,408.0,1,Asian,Joint,35-44,80.0,Loan originated
1,1045000.0,30%-<36%,1905000.0,338.0,1,White,Joint,45-54,54.737,Loan originated
1,995000.0,44,1045000.0,235.0,1,White,Joint,25-34,95.0,Loan originated
1,715000.0,30%-<36%,955000.0,200.0,1,Asian,Male,35-44,75.0,Loan originated
1,905000.0,49,1675000.0,200.0,1,White,Joint,45-54,53.89,Loan originated
1,485000.0,47,615000.0,149.0,1,Hispanic or Latino,Male,<25,80.0,Loan originated
1,725000.0,45,905000.0,227.0,1,White,Male,35-44,80.0,Loan originated
1,645000.0,47,955000.0,159.0,1,White,Joint,55-64,67.218,Loan originated
1,245000.0,47,755000.0,79.0,1,White,Male,65-74,31.623,Loan originated
1,305000.0,42,325000.0,79.0,1,Hispanic or Latino,Male,45-54,95.0,Loan originated
1,595000.0,30%-<36%,745000.0,182.0,1,White,Joint,45-54,80.0,Loan originated
1,845000.0,48,1125000.0,228.0,1,Black or African American,Female,45-54,75.0,Loan originated
1,795000.0,46,885000.0,216.0,1,White,Male,<25,90.0,Application denied
1,605000.0,30%-<36%,755000.0,188.0,1,White,Joint,35-44,83.0,Application denied
1,315000.0,50%-60%,335000.0,118.0,1,Hispanic or Latino,Joint,35-44,95.0,Application denied
1,765000.0,38,975000.0,234.0,1,White,Joint,25-34,78.46,Loan originated
1,25000.0,39,435000.0,192.0,1,Hispanic or Latino,Male,25-34,101.5,Loan originated
1,395000.0,46,495000.0,117.0,1,White,Female,35-44,80.0,Loan originated
1,595000.0,46,625000.0,179.0,1,Other,Female,65-74,95.0,Loan originated
1,585000.0,45,725000.0,127.0,1,Asian,Joint,25-34,80.0,Loan originated
1,265000.0,48,895000.0,79.0,1,White,Female,35-44,28.921,Loan originated
1,435000.0,46,635000.0,109.0,1,White,Joint,25-34,68.254,Loan originated
1,605000.0,43,755000.0,293.0,1,Asian,Male,35-44,80.0,Loan originated
1,425000.0,48,415000.0,115.0,1,Other,Male,25-34,101.75,Loan originated
1,485000.0,49,515000.0,149.0,1,Hispanic or Latino,Male,25-34,95.0,Loan originated
1,625000.0,30%-<36%,775000.0,211.0,1,Hispanic or Latino,Male,45-54,80.0,Loan originated
1,525000.0,44,545000.0,173.0,1,Hispanic or Latino,Joint,35-44,97.0,Loan originated
1,385000.0,42,585000.0,120.0,1,Hispanic or Latino,Joint,35-44,65.812,Loan originated
1,945000.0,46,1295000.0,211.0,1,White,Joint,35-44,72.671,Loan originated
1,215000.0,39,235000.0,87.0,1,White,Female,55-64,91.0,Loan originated
1,725000.0,42,1035000.0,230.0,1,White,Female,35-44,69.57,Loan originated
1,845000.0,49,1125000.0,179.0,1,White,Male,35-44,75.0,Loan originated
1,485000.0,30%-<36%,515000.0,177.0,1,White,Joint,35-44,95.0,Loan originated
1,395000.0,30%-<36%,575000.0,142.0,1,White,Female,25-34,70.0,Loan originated
1,275000.0,30%-<36%,345000.0,104.0,1,Hispanic or Latino,Male,35-44,80.0,Loan originated
1,125000.0,49,535000.0,84.0,1,White,Female,65-74,23.364,Loan originated
1,675000.0,>60%,855000.0,120.0,1,White,Female,35-44,78.817,Loan originated
1,165000.0,41,175000.0,83.0,1,Hispanic or Latino,Female,65-74,95.0,Application denied
1,885000.0,46,1305000.0,255.0,1,White,Joint,35-44,69.0,Loan originated
1,155000.0,42,325000.0,61.0,1,Hispanic or Latino,Female,>74,46.154,Loan originated
1,585000.0,46,625000.0,162.0,1,Hispanic or Latino,Female,45-54,95.0,Loan originated
1,805000.0,47,1145000.0,171.0,1,Asian,Male,35-44,69.99,Loan originated
1,405000.0,30%-<36%,705000.0,252.0,1,Asian,Male,55-64,56.738,Loan originated
1,395000.0,20%-<30%,495000.0,130.0,1,Hispanic or Latino,Joint,55-64,80.0,Loan originated
1,395000.0,37,575000.0,157.0,1,White,Male,35-44,69.298,Loan originated
1,855000.0,38,1705000.0,217.0,1,White,Joint,55-64,50.0,Loan originated
1,335000.0,38,345000.0,135.0,1,White,Joint,25-34,101.94,Loan originated
1,615000.0,49,685000.0,167.0,1,Asian,Female,55-64,89.99,Loan originated
1,865000.0,44,1275000.0,212.0,1,Asian,Joint,25-34,67.71,Loan originated
1,835000.0,43,875000.0,290.0,1,Hispanic or Latino,Joint,25-34,95.0,Loan originated
1,125000.0,48,215000.0,92.0,1,Hispanic or Latino,Female,45-54,58.5,Loan originated
1,205000.0,20%-<30%,885000.0,122.0,1,Asian,Male,55-64,22.599,Loan originated
1,535000.0,20%-<30%,555000.0,235.0,1,White,Joint,25-34,97.0,Loan originated
1,205000.0,<20%,335000.0,263.0,1,Asian,Joint,25-34,60.59,Application denied
1,645000.0,38,815000.0,206.0,1,Asian,Female,25-34,80.0,Loan originated
1,665000.0,30%-<36%,835000.0,399.0,1,Hispanic or Latino,Joint,45-54,80.0,Loan originated
1,255000.0,42,435000.0,86.0,1,White,Female,35-44,59.0,Loan originated
1,1085000.0,40,1355000.0,234.0,1,Asian,Female,25-34,80.0,Loan originated
1,565000.0,45,625000.0,121.0,1,Hispanic or Latino,Male,25-34,92.0,Loan originated
1,505000.0,39,1405000.0,153.0,1,Asian,Female,25-34,36.0,Loan originated
1,825000.0,44,875000.0,460.0,1,Hispanic or Latino,Joint,35-44,95.0,Loan originated
1,475000.0,49,535000.0,94.0,1,Asian,Joint,65-74,88.68,Loan originated
1,1025000.0,44,1075000.0,464.0,1,White,Male,55-64,95.0,Loan originated
1,465000.0,45,575000.0,131.0,1,Asian,Male,35-44,80.0,Loan originated
1,815000.0,38,1025000.0,252.0,1,Asian,Joint,45-54,80.0,Loan originated
1,525000.0,38,665000.0,192.0,1,White,Joint,<25,80.0,Loan originated
1,445000.0,36,465000.0,122.0,1,Hispanic or Latino,Joint,25-34,95.0,Loan originated
1,485000.0,42,505000.0,169.0,1,Asian,Joint,25-34,95.0,Loan originated
1,705000.0,49,745000.0,229.0,1,Hispanic or Latino,Joint,25-34,95.0,Loan originated
1,1135000.0,45,1345000.0,280.0,1,Asian,Male,35-44,85.0,Loan originated
1,155000.0,20%-<30%,775000.0,102.0,1,Asian,Female,>74,20.0,Loan originated
1,195000.0,44,245000.0,146.0,1,White,Male,55-64,79.68,Loan originated
1,235000.0,42,675000.0,134.0,1,Asian,Joint,45-54,34.132,Loan originated
1,585000.0,43,985000.0,162.0,1,Asian,Female,45-54,60.0,Loan originated
1,835000.0,20%-<30%,985000.0,351.0,1,Asian,Joint,35-44,85.0,Loan originated
1,735000.0,43,915000.0,155.0,1,White,Male,45-54,80.0,Loan originated
1,765000.0,20%-<30%,1575000.0,852.0,1,White,Joint,25-34,48.698,Loan originated
1,515000.0,<20%,605000.0,312.0,1,Hispanic or Latino,Male,35-44,85.0,Loan originated
1,685000.0,36,725000.0,179.0,1,Asian,Male,25-34,94.885,Loan originated
1,405000.0,20%-<30%,505000.0,164.0,1,White,Joint,25-34,80.0,Loan originated
1,465000.0,41,495000.0,129.0,1,Black or African American,Joint,45-54,95.0,Loan originated
1,395000.0,<20%,495000.0,260.0,1,White,Joint,35-44,80.0,Loan originated
1,1145000.0,44,2005000.0,292.0,1,White,Female,45-54,58.0,Loan originated
1,115000.0,46,115000.0,67.0,1,White,Joint,55-64,96.25,Application denied
1,415000.0,40,995000.0,137.0,1,White,Joint,35-44,41.325,Loan originated
1,415000.0,47,435000.0,100.0,1,Asian,Male,25-34,95.0,Loan originated
1,745000.0,30%-<36%,925000.0,282.0,1,White,Joint,35-44,80.0,Loan originated
1,845000.0,49,1055000.0,191.0,1,White,Male,25-34,80.0,Loan originated
1,1105000.0,20%-<30%,1225000.0,1034.0,1,Asian,Male,35-44,90.0,Loan originated
1,665000.0,43,695000.0,163.0,1,Asian,Female,35-44,95.0,Loan originated
1,495000.0,20%-<30%,635000.0,185.0,1,Hispanic or Latino,Male,25-34,78.055,Loan originated
1,665000.0,<20%,1025000.0,372.0,1,Asian,Joint,25-34,65.0,Loan originated
1,445000.0,<20%,555000.0,266.0,1,Hispanic or Latino,Male,35-44,80.0,Loan originated
1,715000.0,30%-<36%,755000.0,204.0,1,Hispanic or Latino,Joint,25-34,94.5,Loan originated
1,765000.0,49,895000.0,147.0,1,White,Joint,35-44,85.267,Loan originated
1,495000.0,39,715000.0,211.0,1,Asian,Joint,25-34,68.531,Loan originated
1,685000.0,>60%,765000.0,116.0,1,Asian,Male,35-44,89.474,Application denied
1,635000.0,44,705000.0,237.0,1,White,Female,45-54,90.0,Loan originated
1,525000.0,47,555000.0,104.0,1,Hispanic or Latino,Male,35-44,95.0,Loan originated
1,465000.0,44,585000.0,122.0,1,White,Male,<25,80.0,Loan originated
1,295000.0,20%-<30%,375000.0,195.0,1,White,Joint,25-34,77.333,Loan originated
1,825000.0,42,975000.0,215.0,1,Asian,Joint,25-34,85.0,Loan originated
1,665000.0,<20%,825000.0,0.0,1,Asian,Female,45-54,80.0,Application denied
1,995000.0,48,1055000.0,226.0,1,White,Male,<25,95.0,Loan originated
1,895000.0,30%-<36%,1115000.0,326.0,1,Asian,Joint,25-34,80.0,Loan originated
1,895000.0,45,1125000.0,194.0,1,White,Male,35-44,79.721,Loan originated
1,365000.0,30%-<36%,425000.0,132.0,1,Hispanic or Latino,Male,25-34,85.0,Loan originated
1,315000.0,38,545000.0,111.0,1,White,Male,25-34,58.026,Loan originated
1,485000.0,30%-<36%,515000.0,178.0,1,White,Joint,35-44,95.0,Loan originated
1,1085000.0,37,1355000.0,334.0,1,Asian,Joint,35-44,80.0,Loan originated
1,865000.0,39,965000.0,227.0,1,Hispanic or Latino,Joint,25-34,90.0,Loan originated
1,495000.0,48,845000.0,183.0,1,White,Male,35-44,58.333,Loan originated
1,395000.0,50%-60%,445000.0,91.0,1,White,Female,35-44,89.54,Loan originated
1,1105000.0,48,1855000.0,277.0,1,Asian,Joint,45-54,59.459,Loan originated
1,685000.0,30%-<36%,855000.0,221.0,1,White,Joint,45-54,79.972,Loan originated
1,825000.0,48,925000.0,157.0,1,Asian,Male,35-44,88.919,Loan originated
1,975000.0,37,1845000.0,312.0,1,Asian,Joint,55-64,52.57,Loan originated
1,495000.0,39,985000.0,127.0,1,Asian,Joint,25-34,51.0,Loan originated
1,1005000.0,20%-<30%,1655000.0,379.0,1,Asian,Male,45-54,60.606,Loan originated
1,295000.0,20%-<30%,415000.0,103.0,1,Asian,Male,35-44,70.0,Loan originated
1,825000.0,30%-<36%,875000.0,316.0,1,Asian,Joint,25-34,95.0,Loan originated
1,585000.0,30%-<36%,735000.0,186.0,1,White,Joint,35-44,80.0,Loan originated
1,385000.0,48,405000.0,99.0,1,Asian,Joint,25-34,95.0,Loan originated
1,95000.0,45,385000.0,38.0,1,White,Male,65-74,24.0,Loan originated
1,375000.0,44,395000.0,98.0,1,White,Joint,25-34,95.0,Loan originated
1,605000.0,49,755000.0,121.0,1,Hispanic or Latino,Joint,35-44,80.0,Loan originated
1,445000.0,20%-<30%,635000.0,273.0,1,White,Joint,35-44,70.0,Loan originated
1,855000.0,43,2255000.0,228.0,1,White,Male,55-64,37.778,Loan originated
1,395000.0,44,485000.0,139.0,1,White,Male,55-64,80.0,Loan originated
1,575000.0,44,715000.0,148.0,1,Hispanic or Latino,Joint,45-54,80.0,Loan originated
1,505000.0,>60%,1125000.0,92.0,1,Asian,Male,65-74,44.44,Application denied
1,415000.0,<20%,485000.0,964.0,1,Hispanic or Latino,Male,25-34,84.948,Loan originated
1,515000.0,36,545000.0,183.0,1,White,Joint,35-44,95.0,Loan originated
1,395000.0,20%-<30%,435000.0,230.0,1,Black or African American,Male,35-44,90.0,Loan originated
1,285000.0,20%-<30%,385000.0,178.0,1,Hispanic or Latino,Male,35-44,73.27,Loan originated
1,415000.0,20%-<30%,515000.0,130.0,1,Hispanic or Latino,Male,25-34,79.61,Loan originated
1,365000.0,20%-<30%,655000.0,182.0,1,Asian,Joint,35-44,55.385,Loan originated
1,165000.0,44,645000.0,72.0,1,White,Male,65-74,25.94,Loan originated
1,465000.0,47,575000.0,101.0,1,Asian,Female,35-44,80.0,Loan originated
1,575000.0,<20%,995000.0,382.0,1,White,Joint,45-54,58.081,Loan originated
1,505000.0,48,535000.0,121.0,1,Hispanic or Latino,Female,45-54,96.0,Loan originated
1,155000.0,47,465000.0,113.0,1,White,Joint,55-64,33.913,Loan originated
1,535000.0,30%-<36%,665000.0,188.0,1,White,Male,35-44,79.99,Loan originated
1,325000.0,40,365000.0,81.0,1,White,Female,25-34,90.0,Loan originated
1,525000.0,30%-<36%,655000.0,218.0,1,White,Joint,45-54,80.0,Loan originated
1,905000.0,20%-<30%,1065000.0,410.0,1,White,Joint,35-44,85.0,Loan originated
1,305000.0,30%-<36%,595000.0,132.0,1,White,Male,55-64,50.59,Loan originated
1,395000.0,49,495000.0,78.0,1,Hispanic or Latino,Female,25-34,78.357,Loan originated
1,425000.0,<20%,645000.0,412.0,1,Asian,Joint,25-34,65.0,Loan originated
1,225000.0,49,345000.0,54.0,1,White,Joint,35-44,65.217,Loan originated
1,605000.0,46,675000.0,116.0,1,Asian,Male,35-44,89.99,Loan originated
1,665000.0,42,1115000.0,239.0,1,White,Joint,35-44,59.532,Loan originated
1,455000.0,43,505000.0,161.0,1,Asian,Male,25-34,90.0,Application denied
1,925000.0,40,1165000.0,276.0,1,Hispanic or Latino,Male,45-54,80.0,Loan originated
1,725000.0,36,925000.0,185.0,1,Asian,Joint,25-34,78.261,Loan originated
1,295000.0,46,365000.0,92.0,1,Hispanic or Latino,Male,45-54,80.0,Loan originated
1,415000.0,30%-<36%,465000.0,138.0,1,Hispanic or Latino,Joint,35-44,89.82,Loan originated
1,605000.0,40,675000.0,147.0,1,Hispanic or Latino,Joint,25-34,90.0,Loan originated
1,645000.0,48,805000.0,144.0,1,Asian,Male,45-54,80.0,Loan originated
1,795000.0,30%-<36%,885000.0,228.0,1,White,Male,<25,90.0,Loan originated
1,35000.0,50%-60%,625000.0,168.0,1,Other,Joint,35-44,101.5,Loan originated
1,255000.0,37,655000.0,90.0,1,Hispanic or Latino,Female,45-54,39.3,Loan originated
1,485000.0,50%-60%,495000.0,95.0,1,Hispanic or Latino,Joint,35-44,98.98,Application denied
1,525000.0,30%-<36%,705000.0,180.0,1,White,Male,35-44,75.0,Loan originated
1,375000.0,39,385000.0,113.0,1,Hispanic or Latino,Joint,45-54,97.0,Loan originated
1,705000.0,48,935000.0,486.0,1,White,Joint,45-54,75.0,Loan originated
1,205000.0,42,975000.0,79.0,1,Asian,Joint,35-44,20.62,Loan originated
1,765000.0,42,1575000.0,207.0,1,Asian,Male,55-64,49.0,Loan originated
1,625000.0,40,785000.0,157.0,1,Hispanic or Latino,Joint,25-34,80.0,Loan originated
1,535000.0,30%-<36%,1035000.0,262.0,1,Hispanic or Latino,Joint,35-44,51.691,Loan originated
1,655000.0,48,815000.0,177.0,1,White,Joint,35-44,80.0,Loan originated
1,445000.0,44,445000.0,108.0,1,Hispanic or Latino,Joint,25-34,100.0,Loan originated
1,805000.0,30%-<36%,1995000.0,250.0,1,Asian,Joint,25-34,40.04,Loan originated
1,705000.0,49,1085000.0,148.0,1,Hispanic or Latino,Joint,55-64,65.0,Loan originated
1,435000.0,42,485000.0,101.0,1,Hispanic or Latino,Joint,35-44,90.0,Loan originated
1,275000.0,47,345000.0,83.0,1,Asian,Male,25-34,80.0,Loan originated
1,275000.0,20%-<30%,875000.0,160.0,1,White,Joint,45-54,31.429,Loan originated
1,335000.0,49,565000.0,75.0,1,Hispanic or Latino,Female,25-34,59.0,Loan originated
1,275000.0,30%-<36%,425000.0,482.0,1,White,Male,55-64,64.706,Loan originated
1,755000.0,49,795000.0,169.0,1,White,Male,25-34,95.0,Loan originated
1,1145000.0,20%-<30%,1805000.0,408.0,1,White,Joint,35-44,63.879,Application denied
1,945000.0,30%-<36%,1175000.0,280.0,1,White,Male,35-44,80.0,Loan originated
1,295000.0,45,435000.0,110.0,1,Hispanic or Latino,Male,25-34,66.667,Application denied
1,555000.0,43,615000.0,162.0,1,Asian,Male,35-44,90.0,Loan originated
1,615000.0,20%-<30%,775000.0,237.0,1,White,Joint,25-34,80.0,Loan originated
1,435000.0,46,455000.0,92.0,1,Other,Male,55-64,97.0,Loan originated
1,495000.0,45,555000.0,107.0,1,Hispanic or Latino,Male,25-34,90.0,Loan originated
1,335000.0,49,425000.0,157.0,1,White,Joint,65-74,80.0,Loan originated
1,505000.0,49,1905000.0,207.0,1,White,Joint,65-74,26.247,Loan originated
1,485000.0,48,675000.0,91.0,1,Asian,Female,45-54,72.836,Loan originated
1,155000.0,<20%,1285000.0,282.0,1,White,Joint,55-64,11.673,Loan originated
1,305000.0,20%-<30%,635000.0,158.0,1,White,Male,55-64,52.38,Loan originated
1,565000.0,30%-<36%,705000.0,154.0,1,Asian,Male,45-54,80.0,Loan originated
1,805000.0,39,1165000.0,223.0,1,White,Joint,25-34,68.661,Loan originated
1,565000.0,30%-<36%,625000.0,183.0,1,Hispanic or Latino,Male,25-34,90.0,Application denied
1,655000.0,>60%,725000.0,95.0,1,Hispanic or Latino,Male,55-64,90.0,Application denied
1,385000.0,39,425000.0,89.0,1,Hispanic or Latino,Female,25-34,90.0,Loan originated
1,675000.0,36,715000.0,278.0,1,White,Joint,35-44,95.0,Loan originated
1,995000.0,43,1055000.0,243.0,1,Black or African American,Male,35-44,95.0,Loan originated
1,375000.0,43,395000.0,82.0,1,White,Male,<25,100.0,Loan originated
1,305000.0,<20%,345000.0,0.0,1,Hispanic or Latino,Female,25-34,90.0,Application denied
1,865000.0,47,1165000.0,202.0,1,Asian,Joint,55-64,74.249,Loan originated
1,185000.0,38,655000.0,134.0,1,Asian,Joint,65-74,27.692,Loan originated
1,535000.0,46,565000.0,159.0,1,Hispanic or Latino,Male,55-64,95.0,Loan originated
1,665000.0,30%-<36%,865000.0,324.0,1,White,Joint,65-74,76.745,Loan originated
1,515000.0,37,545000.0,144.0,1,White,Female,35-44,95.0,Loan originated
1,455000.0,49,565000.0,94.0,1,Hispanic or Latino,Male,35-44,80.0,Loan originated
1,785000.0,<20%,985000.0,1244.0,1,Hispanic or Latino,Male,25-34,80.0,Loan originated
1,515000.0,43,545000.0,132.0,1,Asian,Male,35-44,95.0,Loan originated
1,505000.0,37,625000.0,200.0,1,White,Female,35-44,80.0,Loan originated
1,305000.0,43,565000.0,79.0,1,White,Joint,55-64,53.571,Loan originated
1,995000.0,41,1105000.0,721.0,1,Asian,Male,45-54,90.0,Loan originated
1,515000.0,30%-<36%,545000.0,198.0,1,Hispanic or Latino,Male,45-54,95.0,Loan originated
1,1025000.0,44,1145000.0,249.0,1,Asian,Male,45-54,93.0,Loan originated
1,1025000.0,46,1275000.0,242.0,1,White,Male,25-34,80.0,Loan originated
1,595000.0,40,1005000.0,158.0,1,White,Male,25-34,59.04,Loan originated
1,745000.0,49,885000.0,180.0,1,Hispanic or Latino,Male,55-64,85.0,Loan originated
1,445000.0,40,465000.0,116.0,1,Hispanic or Latino,Male,45-54,97.0,Loan originated
1,455000.0,20%-<30%,1475000.0,283.0,1,Black or African American,Female,55-64,30.508,Loan originated
1,345000.0,49,615000.0,173.0,1,Black or African American,Joint,35-44,56.68,Loan originated
1,175000.0,20%-<30%,675000.0,129.0,1,White,Male,35-44,25.926,Loan originated
1,885000.0,30%-<36%,1115000.0,391.0,1,White,Female,35-44,80.0,Loan originated
1,105000.0,43,605000.0,54.0,1,White,Female,<25,16.667,Loan originated
1,1125000.0,38,1255000.0,309.0,1,White,Joint,25-34,90.0,Loan originated
1,715000.0,44,895000.0,157.0,1,Hispanic or Latino,Female,45-54,81.117,Loan originated
1,405000.0,45,425000.0,107.0,1,White,Joint,65-74,95.0,Loan originated
1,705000.0,30%-<36%,1605000.0,247.0,1,White,Male,25-34,44.0,Loan originated
1,595000.0,48,635000.0,108.0,1,White,Male,25-34,98.0,Loan originated
1,345000.0,39,425000.0,220.0,1,Asian,Male,25-34,80.0,Loan originated
1,1005000.0,47,1705000.0,245.0,1,Asian,Joint,25-34,58.824,Loan originated
1,555000.0,46,1065000.0,160.0,1,Asian,Female,35-44,52.0,Loan originated
1,625000.0,43,695000.0,154.0,1,Hispanic or Latino,Joint,35-44,93.0,Loan originated
1,755000.0,20%-<30%,1085000.0,376.0,1,White,Male,65-74,70.0,Loan originated
1,665000.0,46,955000.0,184.0,1,Asian,Female,35-44,70.0,Loan originated
1,645000.0,36,925000.0,205.0,1,Asian,Male,25-34,70.0,Loan originated
1,275000.0,<20%,315000.0,226.0,1,Asian,Female,25-34,89.984,Loan originated
1,535000.0,49,565000.0,135.0,1,Other,Female,65-74,95.0,Loan originated
1,425000.0,49,1055000.0,164.0,1,White,Female,55-64,40.8,Loan originated
1,395000.0,30%-<36%,495000.0,120.0,1,Asian,Female,25-34,80.0,Loan originated
1,605000.0,46,815000.0,301.0,1,White,Female,45-54,75.0,Loan originated
1,965000.0,48,1485000.0,205.0,1,White,Male,45-54,64.86,Loan originated
1,325000.0,46,825000.0,139.0,1,Black or African American,Female,55-64,39.394,Loan originated
1,735000.0,38,805000.0,215.0,1,Asian,Male,35-44,91.916,Loan originated
1,695000.0,37,875000.0,193.0,1,Asian,Male,35-44,79.99,Loan originated
1,315000.0,30%-<36%,515000.0,91.0,1,Asian,Female,35-44,61.0,Loan originated
1,1005000.0,47,1435000.0,230.0,1,White,Joint,25-34,69.686,Loan originated
1,1075000.0,49,1205000.0,285.0,1,White,Joint,45-54,89.83,Loan originated
1,375000.0,45,385000.0,120.0,1,Hispanic or Latino,Male,25-34,97.0,Loan originated
1,325000.0,20%-<30%,475000.0,138.0,1,Asian,Male,25-34,69.0,Loan originated
1,575000.0,48,595000.0,114.0,1,Hispanic or Latino,Male,35-44,99.521,Loan originated
1,285000.0,46,625000.0,162.0,1,White,Female,65-74,45.575,Loan originated
1,335000.0,43,525000.0,90.0,1,White,Female,25-34,64.381,Loan originated
1,755000.0,50%-60%,1555000.0,445.0,1,White,Female,45-54,48.39,Loan originated
1,455000.0,39,575000.0,212.0,1,White,Joint,25-34,80.0,Loan originated
1,455000.0,47,735000.0,106.0,1,White,Joint,35-44,62.329,Loan originated
1,475000.0,49,525000.0,137.0,1,White,Joint,35-44,90.0,Loan originated
1,915000.0,41,1205000.0,211.0,1,White,Female,35-44,75.833,Loan originated
1,755000.0,48,835000.0,172.0,1,Hispanic or Latino,Female,25-34,90.0,Loan originated
1,405000.0,46,395000.0,175.0,1,White,Joint,25-34,80.0,Loan originated
1,445000.0,39,555000.0,130.0,1,White,Joint,35-44,80.0,Loan originated
1,705000.0,46,745000.0,251.0,1,Hispanic or Latino,Joint,35-44,95.0,Loan originated
1,395000.0,30%-<36%,495000.0,143.0,1,White,Joint,25-34,80.0,Loan originated
1,1145000.0,39,1645000.0,275.0,1,White,Female,45-54,70.0,Loan originated
1,645000.0,47,815000.0,144.0,1,Asian,Male,35-44,80.0,Loan originated
1,1125000.0,49,1185000.0,220.0,1,White,Male,25-34,95.0,Loan originated
1,1145000.0,48,1505000.0,226.0,1,White,Male,35-44,76.655,Loan originated
1,945000.0,46,1055000.0,263.0,1,White,Joint,35-44,90.0,Loan originated
1,665000.0,44,875000.0,190.0,1,Asian,Male,25-34,77.0,Loan originated
1,765000.0,49,855000.0,175.0,1,Hispanic or Latino,Female,25-34,90.0,Loan originated
1,725000.0,30%-<36%,815000.0,266.0,1,White,Joint,45-54,89.938,Loan originated
1,765000.0,20%-<30%,975000.0,824.0,1,White,Male,55-64,79.0,Loan originated
1,415000.0,20%-<30%,535000.0,135.0,1,Asian,Female,35-44,77.32,Loan originated
1,965000.0,30%-<36%,1205000.0,454.0,1,Asian,Male,25-34,80.0,Loan originated
1,465000.0,39,575000.0,117.0,1,Asian,Female,45-54,79.996,Loan originated
1,415000.0,40,435000.0,132.0,1,White,Joint,25-34,95.0,Loan originated
1,665000.0,44,745000.0,145.0,1,White,Female,35-44,89.99,Loan originated
1,735000.0,44,985000.0,175.0,1,Hispanic or Latino,Male,35-44,75.0,Loan originated
1,385000.0,36,615000.0,186.0,1,White,Joint,25-34,62.276,Loan originated
1,545000.0,48,685000.0,271.0,1,Hispanic or Latino,Joint,25-34,80.0,Loan originated
1,595000.0,>60%,695000.0,122.0,1,Hispanic or Latino,Joint,45-54,85.0,Application denied
1,685000.0,42,985000.0,180.0,1,Asian,Female,55-64,70.0,Loan originated
1,845000.0,47,1125000.0,218.0,1,White,Male,55-64,75.0,Loan originated
1,605000.0,46,1065000.0,134.0,1,Asian,Female,45-54,56.604,Loan originated
1,685000.0,<20%,885000.0,766.0,1,White,Male,45-54,77.273,Loan originated
1,585000.0,36,735000.0,159.0,1,Hispanic or Latino,Female,45-54,80.0,Loan originated
1,345000.0,36,365000.0,159.0,1,Hispanic or Latino,Joint,25-34,95.0,Loan originated
1,375000.0,20%-<30%,465000.0,143.0,1,White,Joint,35-44,80.0,Loan originated
1,425000.0,30%-<36%,435000.0,156.0,1,Hispanic or Latino,Joint,35-44,96.71,Application denied
1,515000.0,30%-<36%,535000.0,182.0,1,White,Joint,25-34,97.0,Loan originated
1,1045000.0,41,1305000.0,413.0,1,White,Joint,35-44,80.0,Loan originated
1,1065000.0,36,1325000.0,465.0,1,White,Female,>74,80.0,Loan originated
1,655000.0,20%-<30%,935000.0,281.0,1,Asian,Joint,35-44,70.0,Loan originated
1,565000.0,49,765000.0,124.0,1,White,Female,25-34,73.684,Loan originated
1,765000.0,49,905000.0,220.0,1,Asian,Joint,35-44,84.627,Loan originated
1,825000.0,48,915000.0,165.0,1,Asian,Female,25-34,89.836,Loan originated
1,465000.0,38,585000.0,160.0,1,White,Joint,25-34,80.0,Loan originated
1,555000.0,36,575000.0,177.0,1,White,Joint,25-34,97.0,Loan originated
1,525000.0,48,585000.0,184.0,1,Asian,Joint,35-44,90.0,Loan originated
1,765000.0,40,815000.0,260.0,1,Hispanic or Latino,Male,45-54,93.75,Loan originated
1,5000.0,20%-<30%,285000.0,148.0,1,Asian,Male,35-44,102.0,Loan originated
1,765000.0,30%-<36%,955000.0,335.0,1,White,Joint,35-44,80.0,Loan originated
1,135000.0,43,555000.0,85.0,1,White,Joint,55-64,24.827,Loan originated
1,575000.0,47,605000.0,155.0,1,Asian,Female,25-34,95.0,Loan originated
1,445000.0,40,495000.0,181.0,1,White,Male,55-64,88.889,Loan originated
1,725000.0,41,915000.0,215.0,1,Asian,Joint,25-34,80.0,Loan originated
1,745000.0,20%-<30%,835000.0,275.0,1,White,Joint,25-34,90.0,Loan originated
1,405000.0,40,455000.0,98.0,1,White,Male,25-34,90.0,Loan originated
1,525000.0,<20%,1275000.0,299.0,1,Asian,Joint,25-34,41.77,Loan originated
1,515000.0,48,545000.0,158.0,1,White,Female,55-64,95.0,Loan originated
1,745000.0,49,935000.0,163.0,1,White,Joint,35-44,79.57,Loan originated
1,805000.0,20%-<30%,2205000.0,418.0,1,White,Joint,35-44,36.36,Loan originated
1,605000.0,48,685000.0,118.0,1,Hispanic or Latino,Joint,25-34,88.235,Loan originated
1,975000.0,30%-<36%,1215000.0,341.0,1,Asian,Joint,25-34,80.0,Loan originated
1,435000.0,30%-<36%,595000.0,127.0,1,Hispanic or Latino,Joint,25-34,72.371,Loan originated
1,895000.0,43,935000.0,272.0,1,White,Male,25-34,95.0,Loan originated
1,385000.0,20%-<30%,475000.0,491.0,1,White,Male,55-64,80.0,Loan originated
1,615000.0,37,655000.0,231.0,1,White,Joint,55-64,95.0,Loan originated
1,405000.0,48,845000.0,124.0,1,White,Female,25-34,47.506,Loan originated
1,765000.0,49,875000.0,214.0,1,Asian,Joint,35-44,89.0,Loan originated
1,505000.0,30%-<36%,625000.0,206.0,1,White,Joint,65-74,80.0,Loan originated
1,495000.0,41,625000.0,121.0,1,White,Male,55-64,80.0,Loan originated
1,155000.0,48,555000.0,57.0,1,White,Female,65-74,28.0,Loan originated
1,535000.0,36,565000.0,343.0,1,White,Male,55-64,95.0,Loan originated
1,255000.0,43,325000.0,66.0,1,White,Female,35-44,81.125,Loan originated
1,725000.0,<20%,1455000.0,431.0,1,White,Joint,45-54,50.0,Loan originated
1,745000.0,43,925000.0,181.0,1,White,Joint,25-34,80.0,Loan originated
1,535000.0,43,675000.0,232.0,1,Hispanic or Latino,Joint,55-64,80.0,Loan originated
1,145000.0,39,155000.0,72.0,1,White,Female,55-64,91.09,Loan originated
1,635000.0,50%-60%,705000.0,157.0,1,White,Female,25-34,90.0,Application denied
1,315000.0,36,325000.0,96.0,1,Asian,Joint,25-34,100.0,Application denied
1,445000.0,42,565000.0,124.0,1,Asian,Joint,35-44,80.0,Loan originated
1,1125000.0,44,1405000.0,336.0,1,Asian,Joint,35-44,80.0,Loan originated
1,645000.0,47,855000.0,155.0,1,White,Joint,25-34,75.0,Loan originated
1,875000.0,<20%,1095000.0,149.0,1,White,Male,25-34,80.0,Application denied
1,535000.0,47,825000.0,116.0,1,Asian,Female,45-54,65.0,Loan originated
1,975000.0,49,1775000.0,197.0,1,Asian,Male,35-44,54.86,Loan originated
1,735000.0,36,915000.0,217.0,1,Asian,Joint,35-44,80.0,Loan originated
1,165000.0,37,215000.0,138.0,1,Asian,Joint,45-54,80.0,Loan originated
1,605000.0,41,715000.0,145.0,1,Hispanic or Latino,Male,55-64,85.0,Loan originated
1,765000.0,43,975000.0,155.0,1,Black or African American,Female,55-64,78.83,Loan originated
1,765000.0,47,955000.0,170.0,1,Asian,Joint,25-34,80.0,Loan originated
1,635000.0,49,665000.0,176.0,1,Hispanic or Latino,Male,35-44,95.0,Loan originated
1,405000.0,30%-<36%,865000.0,252.0,1,Hispanic or Latino,Joint,65-74,46.402,Loan originated
1,965000.0,30%-<36%,1205000.0,330.0,1,Asian,Joint,25-34,80.0,Loan originated
1,245000.0,43,425000.0,55.0,1,Hispanic or Latino,Female,65-74,57.647,Loan originated
1,695000.0,46,925000.0,140.0,1,Asian,Female,35-44,75.0,Loan originated
1,475000.0,30%-<36%,535000.0,150.0,1,Asian,Female,25-34,90.0,Loan originated
1,765000.0,>60%,805000.0,179.0,1,White,Female,35-44,94.99,Application denied
1,485000.0,44,535000.0,117.0,1,Asian,Joint,35-44,90.0,Loan originated
1,195000.0,20%-<30%,215000.0,175.0,1,Asian,Male,25-34,90.0,Loan originated
1,355000.0,43,515000.0,105.0,1,Black or African American,Joint,>74,70.0,Loan originated
1,645000.0,49,675000.0,133.0,1,White,Female,45-54,95.0,Loan originated
1,265000.0,48,415000.0,55.0,1,White,Male,55-64,64.878,Loan originated
1,315000.0,40,345000.0,144.0,1,Hispanic or Latino,Female,35-44,90.0,Loan originated
1,565000.0,<20%,665000.0,0.0,1,White,Male,45-54,85.0,Application denied
1,605000.0,36,765000.0,181.0,1,Asian,Male,35-44,80.0,Loan originated
1,665000.0,30%-<36%,835000.0,259.0,1,Asian,Joint,35-44,80.0,Loan originated
1,215000.0,46,225000.0,52.0,1,White,Male,35-44,97.0,Loan originated
1,485000.0,43,575000.0,121.0,1,Black or African American,Female,45-54,85.0,Loan originated
1,1145000.0,48,1605000.0,303.0,1,Asian,Male,45-54,71.864,Loan originated
1,1125000.0,49,2775000.0,250.0,1,White,Joint,45-54,40.36,Loan originated
1,465000.0,48,465000.0,97.0,1,Asian,Joint,25-34,101.75,Application denied
1,415000.0,39,1035000.0,220.0,1,Asian,Female,45-54,39.438,Loan originated
1,575000.0,48,605000.0,113.0,1,Black or African American,Female,45-54,98.0,Loan originated
1,165000.0,<20%,765000.0,275.0,1,White,Joint,55-64,21.681,Loan originated
1,755000.0,39,1905000.0,238.0,1,Asian,Male,25-34,39.474,Loan originated
1,345000.0,47,525000.0,99.0,1,White,Female,35-44,65.71,Loan originated
1,465000.0,45,485000.0,99.0,1,White,Joint,45-54,95.0,Loan originated
1,525000.0,37,585000.0,120.0,1,Hispanic or Latino,Female,35-44,90.0,Loan originated
1,695000.0,46,875000.0,143.0,1,Asian,Joint,25-34,80.0,Loan originated
1,25000.0,44,575000.0,101.0,1,Hispanic or Latino,Joint,25-34,100.0,Application denied
1,465000.0,46,485000.0,109.0,1,Hispanic or Latino,Joint,55-64,100.0,Loan originated
1,735000.0,20%-<30%,975000.0,272.0,1,Asian,Male,25-34,75.0,Loan originated
1,615000.0,37,765000.0,261.0,1,White,Joint,35-44,80.0,Loan originated
1,905000.0,49,1135000.0,188.0,1,White,Female,35-44,79.63,Loan originated
1,1005000.0,41,1555000.0,231.0,1,Asian,Male,25-34,64.517,Loan originated
1,385000.0,40,635000.0,110.0,1,White,Female,55-64,60.82,Loan originated
1,165000.0,30%-<36%,535000.0,119.0,1,Asian,Male,<25,31.1,Loan originated
1,685000.0,44,915000.0,336.0,1,Asian,Female,35-44,75.0,Loan originated
1,215000.0,41,315000.0,59.0,1,White,Female,<25,68.652,Loan originated
1,505000.0,41,545000.0,179.0,1,Hispanic or Latino,Joint,25-34,92.721,Loan originated
1,565000.0,41,585000.0,152.0,1,Asian,Joint,25-34,97.0,Loan originated
1,435000.0,44,485000.0,100.0,1,White,Female,35-44,90.0,Loan originated
1,395000.0,49,595000.0,152.0,1,White,Female,45-54,66.216,Loan originated
1,535000.0,20%-<30%,675000.0,295.0,1,Asian,Joint,35-44,80.0,Loan originated
1,435000.0,44,465000.0,181.0,1,Hispanic or Latino,Male,35-44,95.0,Loan originated
1,355000.0,43,375000.0,129.0,1,Hispanic or Latino,Female,25-34,95.0,Loan originated
1,385000.0,39,715000.0,136.0,1,Asian,Joint,45-54,53.18,Loan originated
1,565000.0,45,635000.0,140.0,1,White,Female,35-44,89.9,Loan originated
1,425000.0,49,445000.0,166.0,1,White,Joint,35-44,95.0,Loan originated
1,615000.0,45,725000.0,129.0,1,Asian,Joint,55-64,85.0,Loan originated
1,335000.0,41,525000.0,94.0,1,Asian,Female,35-44,63.81,Loan originated
1,285000.0,46,295000.0,66.0,1,Black or African American,Female,35-44,95.0,Loan originated
1,945000.0,20%-<30%,1175000.0,506.0,1,Asian,Female,35-44,80.0,Loan originated
1,575000.0,49,1025000.0,120.0,1,Asian,Male,<25,56.0,Loan originated
1,145000.0,42,295000.0,73.0,1,White,Male,55-64,50.0,Loan originated
1,625000.0,20%-<30%,775000.0,237.0,1,Asian,Male,45-54,80.0,Loan originated
1,375000.0,44,395000.0,104.0,1,Hispanic or Latino,Female,45-54,95.0,Loan originated
1,425000.0,36,545000.0,151.0,1,Asian,Joint,25-34,78.0,Loan originated
1,325000.0,48,425000.0,78.0,1,White,Female,45-54,75.765,Loan originated
1,375000.0,42,805000.0,130.0,1,White,Joint,45-54,45.849,Loan originated
1,635000.0,46,795000.0,285.0,1,White,Joint,25-34,80.0,Loan originated
1,625000.0,44,695000.0,143.0,1,Asian,Male,25-34,89.99,Loan originated
1,275000.0,44,545000.0,86.0,1,Asian,Female,35-44,89.413,Loan originated
1,415000.0,30%-<36%,435000.0,129.0,1,White,Female,25-34,97.0,Loan originated
1,165000.0,48,165000.0,73.0,1,White,Female,45-54,100.0,Loan originated
1,205000.0,42,635000.0,87.0,1,Hispanic or Latino,Joint,55-64,31.496,Loan originated
1,235000.0,42,295000.0,60.0,1,White,Male,35-44,80.0,Loan originated
1,465000.0,41,515000.0,104.0,1,Hispanic or Latino,Female,35-44,90.0,Loan originated
1,605000.0,30%-<36%,1005000.0,226.0,1,Asian,Male,65-74,60.0,Loan originated
1,715000.0,48,805000.0,141.0,1,Asian,Male,25-34,90.0,Loan originated
1,275000.0,45,375000.0,66.0,1,Hispanic or Latino,Female,25-34,73.333,Loan originated
1,965000.0,20%-<30%,1205000.0,437.0,1,White,Joint,35-44,80.0,Loan originated
1,75000.0,46,185000.0,70.0,1,Hispanic or Latino,Joint,35-44,37.03,Loan originated
1,625000.0,30%-<36%,695000.0,195.0,1,White,Male,55-64,90.0,Loan originated
1,735000.0,49,1125000.0,135.0,1,White,Joint,>74,65.43,Loan originated
1,445000.0,42,495000.0,107.0,1,White,Joint,35-44,90.0,Loan originated
1,605000.0,47,715000.0,149.0,1,Hispanic or Latino,Male,25-34,85.0,Loan originated
1,905000.0,43,1405000.0,275.0,1,Asian,Joint,25-34,64.286,Loan originated
1,395000.0,38,695000.0,202.0,1,Asian,Male,25-34,56.979,Loan originated
1,485000.0,50%-60%,615000.0,180.0,1,Asian,Male,25-34,80.0,Application denied
1,255000.0,20%-<30%,605000.0,138.0,1,White,Female,45-54,41.667,Loan originated
1,405000.0,<20%,685000.0,0.0,1,White,Joint,25-34,60.0,Application denied
1,805000.0,20%-<30%,905000.0,319.0,1,Hispanic or Latino,Joint,35-44,89.989,Loan originated
1,455000.0,46,3035000.0,245.0,1,Asian,Joint,35-44,14.812,Loan originated
1,335000.0,42,735000.0,122.0,1,Hispanic or Latino,Joint,35-44,46.0,Loan originated
1,965000.0,30%-<36%,1215000.0,281.0,1,White,Male,45-54,80.0,Loan originated
1,305000.0,41,385000.0,75.0,1,Hispanic or Latino,Joint,35-44,80.0,Loan originated
1,1065000.0,20%-<30%,1335000.0,312.0,1,Asian,Joint,25-34,79.99,Loan originated
1,755000.0,43,835000.0,234.0,1,White,Joint,65-74,90.0,Loan originated
1,435000.0,45,685000.0,102.0,1,White,Joint,55-64,63.15,Loan originated
1,365000.0,44,435000.0,90.0,1,Hispanic or Latino,Male,55-64,102.76,Loan originated
1,395000.0,30%-<36%,415000.0,175.0,1,White,Female,45-54,97.0,Loan originated
1,965000.0,42,1205000.0,243.0,1,Asian,Male,45-54,80.0,Loan originated
1,665000.0,30%-<36%,735000.0,281.0,1,Hispanic or Latino,Joint,35-44,89.865,Loan originated
1,755000.0,30%-<36%,1545000.0,313.0,1,White,Joint,35-44,48.692,Loan originated
1,505000.0,48,625000.0,170.0,1,White,Joint,65-74,80.0,Loan originated
1,515000.0,47,685000.0,144.0,1,Asian,Joint,25-34,95.0,Loan originated
1,205000.0,38,1045000.0,96.0,1,White,Female,45-54,20.0,Loan originated
1,425000.0,45,555000.0,154.0,1,Hispanic or Latino,Joint,25-34,76.492,Loan originated
1,365000.0,20%-<30%,475000.0,146.0,1,White,Joint,35-44,77.221,Loan originated
1,675000.0,47,755000.0,159.0,1,Hispanic or Latino,Joint,45-54,90.0,Loan originated
1,635000.0,46,795000.0,247.0,1,Asian,Joint,25-34,80.0,Loan originated
1,735000.0,45,925000.0,165.0,1,Black or African American,Female,45-54,80.0,Loan originated
1,765000.0,30%-<36%,1645000.0,340.0,1,Black or African American,Male,35-44,46.6463,Loan originated
1,605000.0,38,805000.0,229.0,1,Asian,Joint,25-34,75.0,Loan originated
1,1135000.0,43,1425000.0,330.0,1,Asian,Joint,35-44,89.9,Loan originated
1,655000.0,47,765000.0,161.0,1,Asian,Joint,35-44,85.0,Loan originated
1,695000.0,30%-<36%,725000.0,214.0,1,White,Female,25-34,95.0,Loan originated
1,755000.0,20%-<30%,1755000.0,425.0,1,White,Male,25-34,42.86,Loan originated
1,585000.0,20%-<30%,735000.0,272.0,1,Asian,Male,45-54,80.0,Loan originated
1,275000.0,>60%,635000.0,59.0,1,White,Joint,65-74,43.742,Application denied
1,765000.0,48,1025000.0,412.0,1,Asian,Joint,45-54,75.0,Loan originated
1,755000.0,49,2005000.0,175.0,1,White,Male,25-34,38.0,Loan originated
1,75000.0,41,225000.0,61.0,1,Hispanic or Latino,Joint,45-54,32.3,Loan originated
1,565000.0,20%-<30%,705000.0,257.0,1,Hispanic or Latino,Joint,25-34,80.0,Loan originated
1,75000.0,49,225000.0,104.0,1,White,Joint,55-64,33.036,Loan originated
1,95000.0,>60%,95000.0,35.0,1,Black or African American,Female,65-74,95.0,Application denied
1,715000.0,41,895000.0,207.0,1,Asian,Joint,35-44,80.0,Loan originated
1,75000.0,30%-<36%,75000.0,74.0,1,White,Joint,65-74,95.0,Loan originated
1,1075000.0,46,1195000.0,237.0,1,Asian,Joint,45-54,89.958,Loan originated
1,405000.0,42,425000.0,105.0,1,Asian,Joint,45-54,95.0,Loan originated
1,465000.0,41,775000.0,143.0,1,White,Female,55-64,60.0,Loan originated
1,995000.0,44,1325000.0,255.0,1,Asian,Joint,35-44,75.0,Loan originated
1,435000.0,30%-<36%,735000.0,146.0,1,Asian,Joint,25-34,58.943,Loan originated
1,405000.0,47,455000.0,100.0,1,Hispanic or Latino,Male,25-34,90.0,Loan originated
1,655000.0,43,1055000.0,183.0,1,White,Joint,25-34,61.905,Loan originated
1,455000.0,45,595000.0,107.0,1,Hispanic or Latino,Male,25-34,76.704,Loan originated
1,665000.0,<20%,835000.0,858.0,1,White,Male,35-44,80.0,Loan originated
1,705000.0,44,785000.0,236.0,1,White,Male,45-54,90.0,Loan originated
1,485000.0,44,885000.0,116.0,1,White,Female,>74,54.802,Loan originated
1,965000.0,44,1295000.0,220.0,1,Asian,Joint,35-44,75.0,Loan originated
1,395000.0,48,515000.0,87.0,1,White,Female,25-34,76.7,Loan originated
1,455000.0,30%-<36%,655000.0,188.0,1,White,Male,35-44,70.0,Loan originated
1,185000.0,39,215000.0,70.0,1,Hispanic or Latino,Female,25-34,90.0,Loan originated
1,425000.0,30%-<36%,715000.0,132.0,1,Hispanic or Latino,Joint,45-54,60.0,Loan originated
1,565000.0,40,595000.0,182.0,1,Asian,Joint,35-44,95.0,Loan originated
1,375000.0,41,625000.0,88.0,1,Hispanic or Latino,Female,35-44,60.0,Loan originated
1,355000.0,50%-60%,515000.0,71.0,1,Hispanic or Latino,Male,35-44,67.961,Application denied
1,425000.0,47,625000.0,90.0,1,Asian,Joint,55-64,67.742,Loan originated
1,635000.0,46,715000.0,171.0,1,Asian,Male,35-44,89.0,Loan originated
1,275000.0,47,295000.0,61.0,1,Hispanic or Latino,Female,35-44,94.068,Loan originated
1,495000.0,20%-<30%,995000.0,221.0,1,White,Male,45-54,49.9,Loan originated
1,685000.0,43,865000.0,325.0,1,Asian,Male,55-64,80.0,Loan originated
1,255000.0,50%-60%,435000.0,69.0,1,Other,Female,65-74,60.0,Loan originated
1,815000.0,>60%,845000.0,147.0,1,Black or African American,Female,35-44,97.0,Application denied
1,765000.0,44,1225000.0,346.0,1,Black or African American,Joint,35-44,89.99,Loan originated
1,385000.0,49,515000.0,129.0,1,Hispanic or Latino,Joint,35-44,75.0,Loan originated
1,765000.0,37,1045000.0,222.0,1,Asian,Joint,45-54,73.529,Loan originated
1,715000.0,43,955000.0,188.0,1,Hispanic or Latino,Male,<25,75.0,Loan originated
1,105000.0,44,285000.0,27.0,1,Hispanic or Latino,Female,55-64,35.09,Loan originated
1,345000.0,43,585000.0,84.0,1,White,Male,55-64,58.974,Loan originated
1,725000.0,42,905000.0,195.0,1,Asian,Male,45-54,96.667,Loan originated
1,295000.0,>60%,385000.0,61.0,1,White,Female,45-54,79.251,Application denied
1,485000.0,37,605000.0,269.0,1,White,Female,<25,80.0,Loan originated
1,595000.0,43,625000.0,145.0,1,White,Male,35-44,95.0,Loan originated
1,415000.0,49,435000.0,143.0,1,Black or African American,Female,45-54,95.0,Loan originated
1,265000.0,45,415000.0,68.0,1,White,Joint,55-64,65.0,Loan originated
1,595000.0,49,615000.0,128.0,1,Hispanic or Latino,Male,35-44,97.0,Loan originated
1,865000.0,42,1175000.0,240.0,1,Asian,Female,45-54,73.872,Loan originated
1,345000.0,39,375000.0,136.0,1,White,Female,25-34,92.36,Application denied
1,465000.0,43,585000.0,109.0,1,Asian,Joint,35-44,78.438,Loan originated
1,235000.0,36,455000.0,84.0,1,White,Female,>74,51.11,Loan originated
1,805000.0,43,1115000.0,232.0,1,White,Joint,>74,72.116,Loan originated
1,215000.0,49,735000.0,63.0,1,White,Male,35-44,28.689,Loan originated
1,355000.0,42,535000.0,84.0,1,Asian,Joint,35-44,65.306,Loan originated
1,335000.0,49,375000.0,101.0,1,White,Female,65-74,90.0,Loan originated
1,505000.0,20%-<30%,625000.0,220.0,1,Asian,Joint,45-54,80.0,Loan originated
1,765000.0,45,965000.0,433.0,1,White,Joint,25-34,79.52,Loan originated
1,265000.0,49,445000.0,58.0,1,Hispanic or Latino,Joint,65-74,60.0,Loan originated
1,345000.0,43,385000.0,113.0,1,Other,Female,35-44,90.0,Loan originated
1,1105000.0,30%-<36%,1915000.0,401.0,1,Asian,Joint,35-44,57.592,Loan originated
1,365000.0,48,515000.0,101.0,1,Black or African American,Male,45-54,101.37,Loan originated
1,855000.0,46,945000.0,215.0,1,Asian,Male,25-34,90.0,Loan originated
1,525000.0,46,655000.0,114.0,1,Hispanic or Latino,Female,25-34,80.0,Loan originated
1,565000.0,38,715000.0,151.0,1,Asian,Female,35-44,80.0,Loan originated
1,905000.0,30%-<36%,1015000.0,365.0,1,White,Joint,35-44,89.99,Loan originated
1,325000.0,37,405000.0,603.0,1,Hispanic or Latino,Male,25-34,80.0,Loan originated
1,895000.0,20%-<30%,995000.0,529.0,1,Asian,Joint,35-44,90.414,Application denied
1,725000.0,30%-<36%,765000.0,287.0,1,Asian,Female,45-54,94.999,Loan originated
1,755000.0,20%-<30%,865000.0,245.0,1,Asian,Joint,25-34,87.28,Loan originated
1,365000.0,46,455000.0,174.0,1,White,Male,35-44,80.0,Loan originated
1,265000.0,20%-<30%,495000.0,123.0,1,White,Male,25-34,53.061,Loan originated
1,955000.0,49,2055000.0,230.0,1,White,Joint,65-74,46.35,Loan originated
1,175000.0,45,675000.0,60.0,1,White,Male,45-54,26.119,Loan originated
1,375000.0,37,475000.0,119.0,1,White,Female,45-54,80.0,Loan originated
1,645000.0,40,815000.0,342.0,1,Asian,Male,25-34,80.0,Loan originated
1,305000.0,42,1505000.0,158.0,1,White,Joint,65-74,20.0,Loan originated
1,645000.0,43,755000.0,149.0,1,Hispanic or Latino,Joint,35-44,85.0,Loan originated
1,915000.0,39,1115000.0,475.0,1,White,Joint,45-54,82.06,Loan originated
1,505000.0,<20%,2505000.0,496.0,1,White,Joint,45-54,20.0,Application denied
1,1605000.0,40,2515000.0,363.0,1,White,Female,45-54,63.745,Loan originated
1,385000.0,38,405000.0,119.0,1,Hispanic or Latino,Male,35-44,95.0,Loan originated
1,355000.0,30%-<36%,875000.0,171.0,1,White,Female,65-74,40.0,Loan originated
1,455000.0,48,995000.0,120.0,1,White,Male,25-34,45.409,Loan originated
1,505000.0,30%-<36%,675000.0,185.0,1,White,Female,35-44,75.0,Loan originated
1,505000.0,48,1115000.0,161.0,1,White,Joint,45-54,44.8,Loan originated
1,735000.0,43,815000.0,185.0,1,Hispanic or Latino,Male,35-44,90.0,Loan originated
1,375000.0,43,465000.0,157.0,1,White,Male,65-74,80.0,Loan originated
1,895000.0,44,1055000.0,255.0,1,White,Joint,35-44,85.0,Loan originated
1,405000.0,30%-<36%,705000.0,145.0,1,Asian,Female,<25,57.447,Loan originated
1,425000.0,49,525000.0,110.0,1,White,Female,25-34,80.0,Loan originated
1,445000.0,20%-<30%,475000.0,278.0,1,White,Female,35-44,95.0,Loan originated
1,95000.0,20%-<30%,265000.0,107.0,1,Asian,Male,>74,36.617,Loan originated
1,745000.0,41,1245000.0,422.0,1,Black or African American,Male,55-64,60.0,Loan originated
1,765000.0,30%-<36%,965000.0,307.0,1,White,Joint,25-34,80.0,Loan originated
1,485000.0,48,515000.0,119.0,1,White,Female,25-34,95.0,Loan originated
1,495000.0,40,555000.0,184.0,1,White,Joint,25-34,90.0,Loan originated
1,795000.0,30%-<36%,995000.0,295.0,1,Asian,Joint,25-34,80.0,Loan originated
1,135000.0,<20%,385000.0,89.0,1,White,Male,55-64,34.211,Loan originated
1,755000.0,42,885000.0,210.0,1,White,Joint,25-34,85.0,Loan originated
1,735000.0,50%-60%,775000.0,159.0,1,Asian,Female,35-44,95.0,Application denied
1,375000.0,42,465000.0,88.0,1,White,Male,<25,80.0,Loan originated
1,865000.0,45,1085000.0,285.0,1,White,Female,45-54,80.0,Loan originated
1,525000.0,48,755000.0,150.0,1,White,Male,35-44,70.0,Loan originated
1,645000.0,40,805000.0,156.0,1,White,Female,<25,80.0,Loan originated
1,585000.0,45,835000.0,133.0,1,White,Female,45-54,70.2,Loan originated
1,765000.0,39,965000.0,234.0,1,Asian,Joint,25-34,79.381,Loan originated
1,715000.0,41,755000.0,236.0,1,Hispanic or Latino,Male,25-34,95.0,Loan originated
1,1055000.0,47,1755000.0,229.0,1,White,Male,25-34,60.0,Loan originated
1,465000.0,40,575000.0,177.0,1,White,Male,35-44,80.0,Loan originated
1,485000.0,43,515000.0,120.0,1,Asian,Male,25-34,95.0,Loan originated
1,465000.0,48,625000.0,88.0,1,Hispanic or Latino,Female,25-34,75.0,Loan originated
1,545000.0,20%-<30%,675000.0,214.0,1,Asian,Joint,<25,80.0,Loan originated
1,815000.0,37,1085000.0,226.0,1,Asian,Joint,25-34,75.0,Loan originated
1,665000.0,49,825000.0,189.0,1,Asian,Male,25-34,80.0,Loan originated
1,375000.0,48,505000.0,76.0,1,White,Female,>74,74.016,Loan originated
1,255000.0,42,605000.0,107.0,1,White,Female,55-64,41.667,Loan originated
1,945000.0,41,1175000.0,264.0,1,White,Female,55-64,80.0,Loan originated
1,255000.0,46,265000.0,58.0,1,Hispanic or Latino,Female,45-54,95.0,Loan originated
1,755000.0,48,835000.0,189.0,1,White,Joint,35-44,89.99,Loan originated
1,765000.0,20%-<30%,975000.0,398.0,1,White,Joint,45-54,80.0,Loan originated
1,655000.0,41,775000.0,227.0,1,White,Male,45-54,85.0,Application denied
1,505000.0,30%-<36%,2065000.0,211.0,1,Asian,Joint,35-44,24.272,Loan originated
1,705000.0,44,935000.0,353.0,1,White,Joint,35-44,75.0,Loan originated
1,565000.0,43,585000.0,150.0,1,Black or African American,Female,25-34,96.99,Loan originated
1,575000.0,42,1245000.0,163.0,1,White,Joint,35-44,46.532,Loan originated
1,345000.0,49,445000.0,64.0,1,Hispanic or Latino,Female,35-44,77.0,Loan originated
1,425000.0,<20%,455000.0,923.0,1,Asian,Male,35-44,95.0,Loan originated
1,475000.0,49,495000.0,110.0,1,Black or African American,Joint,45-54,95.0,Loan originated
1,455000.0,49,505000.0,136.0,1,Hispanic or Latino,Joint,35-44,90.0,Loan originated
1,685000.0,20%-<30%,915000.0,408.0,1,White,Joint,35-44,75.0,Loan originated
1,725000.0,42,855000.0,386.0,1,White,Joint,35-44,85.176,Loan originated
1,525000.0,39,605000.0,160.0,1,Hispanic or Latino,Joint,35-44,88.0,Loan originated
1,115000.0,36,695000.0,86.0,1,White,Joint,55-64,16.52,Loan originated
1,795000.0,49,1235000.0,162.0,1,White,Joint,25-34,64.228,Loan originated
1,465000.0,20%-<30%,575000.0,219.0,1,White,Joint,35-44,80.0,Application denied
1,555000.0,20%-<30%,975000.0,207.0,1,Asian,Male,35-44,57.0,Loan originated
1,775000.0,36,1505000.0,349.0,1,Asian,Female,25-34,51.333,Application denied
1,505000.0,39,715000.0,240.0,1,White,Female,>74,70.0,Loan originated
1,325000.0,49,405000.0,71.0,1,Black or African American,Female,25-34,80.0,Loan originated
1,945000.0,48,1185000.0,256.0,1,Black or African American,Female,35-44,80.0,Loan originated
1,675000.0,39,745000.0,283.0,1,Asian,Joint,45-54,90.0,Loan originated
1,705000.0,20%-<30%,885000.0,375.0,1,White,Female,55-64,78.74,Loan originated
1,1005000.0,39,1255000.0,247.0,1,White,Male,45-54,80.0,Loan originated
1,285000.0,30%-<36%,325000.0,91.0,1,Asian,Joint,25-34,88.75,Loan originated
1,125000.0,20%-<30%,165000.0,90.0,1,White,Joint,55-64,75.35,Loan originated
1,1095000.0,20%-<30%,1375000.0,419.0,1,Hispanic or Latino,Joint,35-44,80.0,Loan originated
1,635000.0,30%-<36%,635000.0,220.0,1,White,Male,55-64,70.0,Loan originated
1,455000.0,30%-<36%,1355000.0,151.0,1,White,Joint,45-54,33.33,Loan originated
1,765000.0,47,985000.0,187.0,1,Asian,Joint,65-74,77.44,Loan originated
1,995000.0,20%-<30%,1245000.0,339.0,1,Asian,Joint,25-34,80.0,Loan originated
1,725000.0,49,815000.0,171.0,1,Asian,Female,35-44,90.0,Loan originated
1,945000.0,49,1265000.0,196.0,1,Asian,Male,35-44,75.0,Loan originated
1,325000.0,30%-<36%,405000.0,100.0,1,Asian,Male,25-34,80.0,Application denied
1,485000.0,41,515000.0,145.0,1,White,Male,35-44,95.0,Loan originated
1,145000.0,38,155000.0,82.0,1,White,Male,45-54,95.0,Loan originated
1,395000.0,30%-<36%,995000.0,178.0,1,White,Joint,25-34,39.88,Loan originated
1,315000.0,20%-<30%,345000.0,120.0,1,Asian,Male,25-34,90.0,Loan originated
1,275000.0,49,335000.0,121.0,1,White,Male,45-54,84.0,Loan originated
1,645000.0,38,685000.0,193.0,1,Asian,Male,35-44,95.0,Loan originated
1,355000.0,44,1655000.0,135.0,1,Asian,Female,45-54,21.212,Loan originated
1,205000.0,>60%,455000.0,76.0,1,Hispanic or Latino,Joint,>74,44.444,Application denied
1,955000.0,39,1195000.0,233.0,1,White,Joint,35-44,80.0,Loan originated
1,855000.0,36,1075000.0,237.0,1,White,Female,25-34,80.0,Loan originated
1,145000.0,30%-<36%,215000.0,54.0,1,White,Male,35-44,67.742,Loan originated
1,385000.0,30%-<36%,555000.0,181.0,1,Asian,Male,25-34,70.0,Loan originated
1,615000.0,46,725000.0,141.0,1,Hispanic or Latino,Male,55-64,85.0,Loan originated
1,755000.0,41,945000.0,345.0,1,Asian,Joint,45-54,89.989,Loan originated
1,985000.0,48,1225000.0,201.0,1,White,Male,45-54,80.0,Loan originated
1,565000.0,46,715000.0,160.0,1,White,Male,25-34,80.0,Loan originated
1,495000.0,49,515000.0,115.0,1,Asian,Joint,35-44,97.0,Loan originated
1,375000.0,30%-<36%,475000.0,135.0,1,Hispanic or Latino,Joint,45-54,83.0,Loan originated
1,425000.0,49,435000.0,102.0,1,White,Female,35-44,96.5,Loan originated
1,1005000.0,39,1255000.0,444.0,1,White,Joint,25-34,80.5,Loan originated
1,165000.0,36,175000.0,100.0,1,Hispanic or Latino,Joint,55-64,95.0,Application denied
1,655000.0,30%-<36%,1255000.0,209.0,1,White,Female,65-74,52.0,Loan originated
1,735000.0,30%-<36%,775000.0,196.0,1,White,Joint,25-34,95.0,Loan originated
1,525000.0,49,655000.0,119.0,1,Asian,Joint,35-44,80.0,Loan originated
1,765000.0,<20%,2005000.0,484.0,1,Asian,Joint,25-34,38.33,Loan originated
1,745000.0,45,775000.0,231.0,1,Black or African American,Male,55-64,95.0,Loan originated
1,505000.0,48,755000.0,172.0,1,Asian,Joint,25-34,67.0,Loan originated
1,825000.0,20%-<30%,1345000.0,482.0,1,White,Joint,45-54,61.453,Loan originated
1,715000.0,20%-<30%,895000.0,262.0,1,White,Joint,45-54,80.0,Loan originated
1,565000.0,39,665000.0,202.0,1,White,Joint,25-34,85.0,Loan originated
1,485000.0,30%-<36%,495000.0,147.0,1,White,Joint,35-44,97.0,Loan originated
1,865000.0,30%-<36%,1155000.0,518.0,1,Hispanic or Latino,Joint,55-64,75.0,Loan originated
1,175000.0,48,435000.0,40.0,1,Hispanic or Latino,Joint,>74,40.0,Loan originated
1,745000.0,43,835000.0,253.0,1,White,Joint,25-34,89.818,Loan originated
1,375000.0,30%-<36%,395000.0,130.0,1,Hispanic or Latino,Joint,25-34,95.0,Loan originated
1,605000.0,37,1525000.0,323.0,1,White,Joint,55-64,40.0,Loan originated
1,645000.0,20%-<30%,805000.0,283.0,1,Other,Male,35-44,80.0,Application denied
1,535000.0,44,635000.0,148.0,1,Asian,Joint,45-54,84.211,Loan originated
1,335000.0,48,345000.0,72.0,1,Asian,Male,35-44,97.0,Loan originated
1,675000.0,37,715000.0,168.0,1,White,Male,35-44,95.0,Loan originated
1,365000.0,43,615000.0,193.0,1,White,Female,45-54,60.0,Loan originated
1,405000.0,20%-<30%,415000.0,217.0,1,Hispanic or Latino,Male,45-54,97.0,Loan originated
1,845000.0,42,1225000.0,177.0,1,White,Female,25-34,70.0,Loan originated
1,495000.0,48,525000.0,122.0,1,Asian,Male,25-34,95.0,Loan originated
1,255000.0,36,655000.0,188.0,1,Asian,Female,45-54,39.0,Loan originated
1,765000.0,45,955000.0,214.0,1,Hispanic or Latino,Joint,25-34,80.0,Loan originated
1,705000.0,37,1315000.0,204.0,1,Asian,Joint,25-34,53.23,Loan originated
1,235000.0,48,255000.0,56.0,1,Hispanic or Latino,Joint,45-54,92.0,Application denied
1,475000.0,47,525000.0,143.0,1,Hispanic or Latino,Male,35-44,93.0,Loan originated
1,605000.0,<20%,755000.0,302.0,1,White,Joint,25-34,80.0,Loan originated
1,505000.0,30%-<36%,855000.0,178.0,1,Asian,Male,35-44,58.48,Loan originated
1,75000.0,20%-<30%,395000.0,58.0,1,White,Female,65-74,19.108,Loan originated
1,1065000.0,41,1325000.0,280.0,1,Asian,Male,35-44,80.0,Loan originated
1,275000.0,48,325000.0,60.0,1,Black or African American,Male,25-34,84.75,Application denied
1,865000.0,49,1085000.0,163.0,1,Asian,Joint,35-44,80.0,Loan originated
1,135000.0,36,155000.0,101.0,1,Hispanic or Latino,Male,25-34,91.11,Application denied
1,765000.0,48,1045000.0,165.0,1,Asian,Male,45-54,73.158,Loan originated
1,355000.0,44,365000.0,144.0,1,Hispanic or Latino,Female,45-54,95.0,Loan originated
1,325000.0,30%-<36%,465000.0,177.0,1,Hispanic or Latino,Joint,25-34,69.893,Loan originated
1,455000.0,39,645000.0,292.0,1,Asian,Male,25-34,71.0,Loan originated
1,525000.0,48,765000.0,137.0,1,Hispanic or Latino,Female,35-44,68.63,Loan originated
1,675000.0,47,755000.0,139.0,1,Hispanic or Latino,Female,45-54,90.0,Loan originated
1,625000.0,48,1525000.0,204.0,1,White,Joint,>74,40.984,Loan originated
1,515000.0,36,645000.0,144.0,1,Asian,Female,35-44,80.0,Loan originated
1,335000.0,45,345000.0,76.0,1,Hispanic or Latino,Male,25-34,100.0,Loan originated
1,445000.0,47,495000.0,121.0,1,Hispanic or Latino,Male,35-44,90.0,Application denied
1,495000.0,30%-<36%,585000.0,208.0,1,White,Joint,25-34,85.0,Loan originated
1,155000.0,50%-60%,195000.0,43.0,1,Hispanic or Latino,Female,25-34,107.6923,Loan originated
1,255000.0,<20%,715000.0,260.0,1,White,Joint,65-74,35.04,Loan originated
1,335000.0,48,355000.0,84.0,1,White,Male,35-44,95.0,Loan originated
1,845000.0,42,885000.0,444.0,1,Hispanic or Latino,Male,35-44,95.0,Application denied
1,725000.0,30%-<36%,1235000.0,213.0,1,White,Joint,55-64,58.8,Loan originated
1,505000.0,38,525000.0,248.0,1,Asian,Joint,55-64,97.0,Loan originated
1,655000.0,50%-60%,1025000.0,112.0,1,Asian,Female,45-54,64.0,Application denied
1,525000.0,30%-<36%,655000.0,190.0,1,Hispanic or Latino,Joint,35-44,80.0,Loan originated
1,505000.0,40,635000.0,135.0,1,White,Joint,35-44,80.0,Loan originated
1,545000.0,<20%,575000.0,438.0,1,Hispanic or Latino,Male,45-54,94.957,Loan originated
1,85000.0,44,335000.0,58.0,1,Asian,Joint,65-74,56.67,Application denied
1,305000.0,39,1455000.0,124.0,1,White,Joint,55-64,20.69,Loan originated
1,1145000.0,46,1315000.0,297.0,1,White,Female,25-34,88.0,Loan originated
1,605000.0,20%-<30%,865000.0,346.0,1,Asian,Male,45-54,70.0,Application denied
1,535000.0,46,555000.0,118.0,1,Asian,Male,35-44,97.0,Loan originated
1,405000.0,36,485000.0,117.0,1,Asian,Female,25-34,85.0,Loan originated
1,955000.0,42,1185000.0,224.0,1,White,Male,35-44,79.97,Loan originated
1,515000.0,39,545000.0,199.0,1,Hispanic or Latino,Joint,25-34,95.0,Loan originated
1,295000.0,43,305000.0,75.0,1,White,Male,25-34,97.0,Loan originated
1,365000.0,30%-<36%,375000.0,188.0,1,Hispanic or Latino,Joint,25-34,95.0,Application denied
1,395000.0,30%-<36%,495000.0,149.0,1,White,Male,35-44,80.0,Loan originated
1,525000.0,44,655000.0,113.0,1,Hispanic or Latino,Male,25-34,80.0,Loan originated
1,855000.0,20%-<30%,1605000.0,459.0,1,White,Joint,35-44,53.13,Loan originated
1,255000.0,49,315000.0,45.0,1,Hispanic or Latino,Male,45-54,80.0,Loan originated
1,455000.0,20%-<30%,575000.0,298.0,1,Hispanic or Latino,Male,35-44,80.0,Loan originated
1,355000.0,44,445000.0,125.0,1,White,Joint,25-34,80.0,Loan originated
1,245000.0,38,255000.0,67.0,1,White,Male,55-64,96.88,Loan originated
1,325000.0,48,405000.0,61.0,1,Hispanic or Latino,Joint,55-64,80.0,Loan originated
1,635000.0,47,715000.0,171.0,1,Hispanic or Latino,Joint,25-34,90.0,Loan originated
1,995000.0,49,1665000.0,896.0,1,White,Male,35-44,60.0,Loan originated
1,455000.0,20%-<30%,465000.0,230.0,1,Asian,Joint,45-54,97.0,Loan originated
1,705000.0,38,885000.0,187.0,1,White,Male,35-44,80.0,Loan originated
1,315000.0,41,535000.0,104.0,1,White,Female,65-74,59.626,Loan originated
1,625000.0,41,665000.0,172.0,1,Asian,Joint,25-34,95.0,Loan originated
1,765000.0,20%-<30%,1075000.0,287.0,1,Asian,Male,45-54,71.256,Loan originated
1,405000.0,49,585000.0,104.0,1,Hispanic or Latino,Joint,55-64,70.0,Loan originated
1,985000.0,30%-<36%,1225000.0,404.0,1,White,Joint,55-64,80.0,Loan originated
1,485000.0,47,605000.0,103.0,1,Hispanic or Latino,Male,25-34,80.0,Loan originated
1,605000.0,30%-<36%,1225000.0,220.0,1,White,Joint,35-44,49.0,Loan originated
1,995000.0,30%-<36%,1995000.0,368.0,1,White,Joint,65-74,50.0,Loan originated
1,265000.0,30%-<36%,515000.0,95.0,1,Hispanic or Latino,Female,35-44,51.456,Loan originated
1,345000.0,48,645000.0,96.0,1,White,Male,35-44,53.775,Loan originated
1,365000.0,44,385000.0,103.0,1,Hispanic or Latino,Female,35-44,95.0,Loan originated
1,1025000.0,45,1725000.0,241.0,1,White,Joint,45-54,59.42,Loan originated
1,1145000.0,30%-<36%,1275000.0,381.0,1,Asian,Joint,45-54,89.959,Loan originated
1,765000.0,44,975000.0,230.0,1,Asian,Joint,35-44,78.969,Loan originated
1,485000.0,49,515000.0,273.0,1,Asian,Male,65-74,95.0,Loan originated
1,505000.0,44,535000.0,198.0,1,Hispanic or Latino,Male,<25,95.0,Loan originated
1,285000.0,49,445000.0,165.0,1,White,Female,55-64,63.0,Loan originated
1,265000.0,48,355000.0,88.0,1,Other,Female,35-44,89.0,Loan originated
1,355000.0,20%-<30%,535000.0,141.0,1,Black or African American,Male,25-34,66.03,Loan originated
1,925000.0,37,1155000.0,247.0,1,White,Female,55-64,80.0,Loan originated
1,535000.0,20%-<30%,815000.0,288.0,1,Asian,Female,25-34,65.333,Loan originated
1,765000.0,49,1065000.0,218.0,1,White,Joint,35-44,72.264,Loan originated
1,1015000.0,44,1265000.0,213.0,1,White,Joint,35-44,80.0,Loan originated
1,505000.0,30%-<36%,635000.0,129.0,1,White,Female,45-54,80.0,Loan originated
1,315000.0,20%-<30%,395000.0,174.0,1,Asian,Female,25-34,80.0,Loan originated
1,755000.0,41,885000.0,239.0,1,White,Female,65-74,85.0,Loan originated
1,1095000.0,20%-<30%,1565000.0,620.0,1,Asian,Joint,35-44,70.0,Loan originated
1,405000.0,30%-<36%,705000.0,186.0,1,White,Female,35-44,57.5,Loan originated
1,335000.0,49,445000.0,106.0,1,Hispanic or Latino,Female,45-54,75.0,Loan originated
1,715000.0,46,795000.0,152.0,1,Asian,Female,35-44,90.0,Loan originated
1,765000.0,20%-<30%,945000.0,312.0,1,Asian,Joint,25-34,82.0,Loan originated
1,545000.0,49,745000.0,129.0,1,Asian,Joint,25-34,73.324,Loan originated
1,445000.0,41,555000.0,163.0,1,White,Female,55-64,80.0,Loan originated
1,525000.0,42,695000.0,159.0,1,White,Male,35-44,75.0,Loan originated
1,255000.0,48,275000.0,75.0,1,Hispanic or Latino,Male,45-54,94.0,Loan originated
1,645000.0,47,675000.0,150.0,1,Asian,Female,25-34,95.0,Loan originated
1,405000.0,40,515000.0,98.0,1,Hispanic or Latino,Male,45-54,77.67,Loan originated
1,525000.0,46,545000.0,125.0,1,White,Male,35-44,95.0,Loan originated
1,1445000.0,30%-<36%,1895000.0,376.0,1,Asian,Joint,25-34,76.32,Loan originated
1,555000.0,48,585000.0,136.0,1,Hispanic or Latino,Male,25-34,94.06,Loan originated
1,355000.0,37,755000.0,93.0,1,White,Female,35-44,46.053,Loan originated
1,705000.0,20%-<30%,1385000.0,544.0,1,White,Male,65-74,51.0,Loan originated
1,1085000.0,38,1385000.0,307.0,1,White,Joint,25-34,78.339,Loan originated
1,345000.0,47,415000.0,107.0,1,White,Female,45-54,85.0,Loan originated
1,465000.0,42,515000.0,402.0,1,White,Joint,55-64,90.0,Loan originated
1,745000.0,47,1025000.0,216.0,1,White,Joint,35-44,72.683,Loan originated
1,355000.0,38,445000.0,89.0,1,Hispanic or Latino,Female,25-34,80.0,Loan originated
1,65000.0,<20%,65000.0,61.0,1,Hispanic or Latino,Male,25-34,95.89,Application denied
1,765000.0,49,855000.0,163.0,1,Asian,Joint,<25,90.0,Loan originated
1,1115000.0,38,2225000.0,350.0,1,White,Joint,25-34,50.0,Loan originated
1,995000.0,20%-<30%,1415000.0,354.0,1,Asian,Joint,25-34,70.0,Loan originated
1,575000.0,45,765000.0,125.0,1,Asian,Male,45-54,75.0,Loan originated
1,745000.0,46,925000.0,167.0,1,Asian,Female,45-54,80.0,Loan originated
1,685000.0,30%-<36%,855000.0,237.0,1,White,Male,35-44,80.0,Loan originated
1,865000.0,<20%,965000.0,981.0,1,Hispanic or Latino,Male,45-54,90.0,Loan originated
1,365000.0,47,455000.0,72.0,1,Hispanic or Latino,Female,35-44,80.0,Loan originated
1,225000.0,46,375000.0,48.0,1,Hispanic or Latino,Female,25-34,60.0,Loan originated
1,575000.0,41,725000.0,151.0,1,Asian,Joint,25-34,80.0,Loan originated
1,255000.0,>60%,855000.0,5.0,1,Asian,Female,45-54,29.412,Application denied
1,545000.0,20%-<30%,565000.0,235.0,1,White,Female,45-54,97.0,Loan originated
1,425000.0,46,565000.0,150.0,1,Asian,Female,45-54,75.0,Loan originated
1,525000.0,38,585000.0,169.0,1,Hispanic or Latino,Joint,35-44,89.95,Loan originated
1,405000.0,41,585000.0,250.0,1,Asian,Joint,35-44,70.0,Loan originated
1,445000.0,44,465000.0,143.0,1,White,Male,35-44,95.0,Loan originated
1,465000.0,47,475000.0,116.0,1,Hispanic or Latino,Male,45-54,96.425,Loan originated
1,565000.0,48,815000.0,259.0,1,Asian,Joint,35-44,70.0,Loan originated
1,365000.0,42,455000.0,266.0,1,White,Male,45-54,80.0,Loan originated
1,425000.0,49,535000.0,82.0,1,White,Joint,55-64,80.0,Loan originated
1,525000.0,37,1235000.0,180.0,1,Asian,Male,55-64,42.373,Loan originated
1,765000.0,44,1115000.0,225.0,1,Asian,Male,35-44,78.3,Loan originated
1,505000.0,39,995000.0,215.0,1,Hispanic or Latino,Male,45-54,50.251,Loan originated
1,305000.0,20%-<30%,1005000.0,161.0,1,White,Female,35-44,30.244,Loan originated
1,245000.0,43,415000.0,70.0,1,White,Male,25-34,60.0,Loan originated
1,605000.0,20%-<30%,765000.0,302.0,1,White,Male,55-64,80.0,Loan originated
1,765000.0,47,1365000.0,164.0,1,Asian,Joint,25-34,56.36,Loan originated
1,325000.0,42,575000.0,93.0,1,Asian,Joint,35-44,56.522,Loan originated
1,595000.0,49,645000.0,123.0,1,Asian,Male,35-44,93.0,Loan originated
1,435000.0,<20%,545000.0,817.0,1,White,Female,65-74,80.0,Loan originated
1,775000.0,41,1175000.0,183.0,1,White,Male,55-64,66.0,Loan originated
1,645000.0,20%-<30%,855000.0,268.0,1,White,Joint,35-44,75.0,Loan originated
1,1035000.0,30%-<36%,1585000.0,329.0,1,White,Joint,25-34,65.3,Loan originated
1,425000.0,41,455000.0,108.0,1,Hispanic or Latino,Male,35-44,95.0,Loan originated
1,825000.0,49,1425000.0,173.0,1,Asian,Female,35-44,57.895,Loan originated
1,595000.0,47,1195000.0,136.0,1,White,Female,55-64,49.911,Loan originated
1,565000.0,42,625000.0,242.0,1,Asian,Male,45-54,95.0,Application denied
1,805000.0,47,895000.0,165.0,1,Asian,Male,25-34,89.99,Loan originated
1,445000.0,30%-<36%,555000.0,131.0,1,Hispanic or Latino,Female,25-34,80.0,Application denied
1,935000.0,46,1235000.0,198.0,1,Asian,Joint,25-34,75.61,Loan originated
1,265000.0,40,445000.0,78.0,1,White,Joint,25-34,60.0,Loan originated
1,295000.0,20%-<30%,425000.0,130.0,1,White,Joint,65-74,68.24,Loan originated
1,515000.0,30%-<36%,645000.0,195.0,1,White,Male,45-54,80.0,Loan originated
1,105000.0,36,585000.0,58.0,1,Asian,Joint,55-64,18.0,Loan originated
1,605000.0,36,635000.0,151.0,1,Hispanic or Latino,Male,35-44,95.0,Loan originated
1,555000.0,44,585000.0,142.0,1,Hispanic or Latino,Male,25-34,95.0,Loan originated
1,765000.0,38,855000.0,243.0,1,Hispanic or Latino,Male,45-54,89.958,Loan originated
1,545000.0,38,685000.0,258.0,1,Asian,Joint,25-34,80.0,Loan originated
1,465000.0,30%-<36%,575000.0,125.0,1,White,Female,35-44,80.0,Loan originated
1,355000.0,30%-<36%,395000.0,149.0,1,Hispanic or Latino,Joint,25-34,90.0,Loan originated
1,575000.0,20%-<30%,775000.0,230.0,1,Asian,Joint,25-34,74.33,Loan originated
1,905000.0,38,1635000.0,364.0,1,Asian,Joint,35-44,55.215,Loan originated
1,345000.0,45,365000.0,100.0,1,White,Male,65-74,98.0,Loan originated
1,205000.0,42,265000.0,50.0,1,White,Male,25-34,80.0,Loan originated
1,545000.0,43,685000.0,144.0,1,White,Male,25-34,80.0,Loan originated
1,735000.0,46,975000.0,188.0,1,White,Joint,25-34,75.0,Application denied
1,725000.0,30%-<36%,865000.0,196.0,1,Asian,Male,35-44,83.537,Loan originated
1,325000.0,20%-<30%,425000.0,132.0,1,White,Male,>74,75.0,Loan originated
1,335000.0,30%-<36%,425000.0,141.0,1,White,Joint,55-64,80.0,Loan originated
1,455000.0,30%-<36%,575000.0,183.0,1,Other,Joint,45-54,80.0,Loan originated
1,575000.0,44,855000.0,123.0,1,White,Female,>74,67.647,Loan originated
1,185000.0,41,585000.0,60.0,1,Asian,Male,35-44,32.112,Loan originated
1,1025000.0,40,1285000.0,531.0,1,Hispanic or Latino,Female,45-54,80.0,Loan originated
1,655000.0,48,825000.0,177.0,1,Asian,Joint,35-44,80.0,Loan originated
1,765000.0,49,1155000.0,150.0,1,Asian,Female,45-54,66.652,Loan originated
1,785000.0,48,825000.0,260.0,1,White,Male,25-34,94.99,Loan originated
1,535000.0,37,715000.0,408.0,1,Asian,Male,25-34,75.0,Loan originated
1,295000.0,36,315000.0,95.0,1,Hispanic or Latino,Joint,25-34,95.0,Application denied
1,275000.0,48,315000.0,52.0,1,Asian,Female,25-34,90.0,Loan originated
1,265000.0,41,765000.0,88.0,1,Hispanic or Latino,Female,65-74,35.098,Loan originated
1,775000.0,44,825000.0,247.0,1,Black or African American,Joint,25-34,95.0,Loan originated
1,565000.0,20%-<30%,705000.0,405.0,1,Asian,Male,25-34,80.0,Loan originated
1,515000.0,>60%,535000.0,98.0,1,Hispanic or Latino,Joint,25-34,97.0,Application denied
1,475000.0,46,505000.0,322.0,1,White,Female,55-64,95.0,Loan originated
1,695000.0,36,875000.0,273.0,1,Asian,Male,45-54,80.0,Loan originated
1,495000.0,47,525000.0,119.0,1,Black or African American,Female,45-54,94.0,Loan originated
1,195000.0,48,205000.0,71.0,1,White,Female,45-54,97.0,Loan originated
1,165000.0,47,565000.0,94.0,1,Hispanic or Latino,Joint,45-54,29.604,Loan originated
1,325000.0,43,585000.0,110.0,1,Asian,Female,35-44,55.172,Loan originated
1,255000.0,44,305000.0,129.0,1,White,Joint,65-74,85.099,Loan originated
1,525000.0,43,925000.0,179.0,1,White,Male,25-34,57.0,Loan originated
1,455000.0,30%-<36%,1005000.0,160.0,1,White,Male,35-44,44.821,Loan originated
1,735000.0,45,1055000.0,168.0,1,Asian,Female,45-54,70.0,Loan originated
1,765000.0,30%-<36%,755000.0,274.0,1,Black or African American,Joint,35-44,101.75,Loan originated
1,1085000.0,49,1145000.0,250.0,1,Asian,Female,25-34,95.0,Loan originated
1,645000.0,38,685000.0,204.0,1,Black or African American,Joint,45-54,95.0,Loan originated
1,675000.0,30%-<36%,745000.0,190.0,1,Asian,Male,25-34,90.0,Loan originated
1,515000.0,47,545000.0,127.0,1,Hispanic or Latino,Male,45-54,95.0,Loan originated
1,475000.0,40,485000.0,101.0,1,Asian,Joint,35-44,96.907,Loan originated
1,455000.0,20%-<30%,545000.0,182.0,1,White,Female,55-64,85.0,Loan originated
1,715000.0,30%-<36%,1025000.0,186.0,1,White,Joint,25-34,69.723,Loan originated
1,705000.0,47,825000.0,264.0,1,White,Joint,35-44,85.0,Loan originated
1,505000.0,46,725000.0,111.0,1,White,Female,25-34,68.966,Loan originated
1,405000.0,45,515000.0,90.0,1,Hispanic or Latino,Male,25-34,80.0,Loan originated
1,1085000.0,39,1355000.0,301.0,1,Asian,Male,35-44,80.0,Loan originated
1,525000.0,44,955000.0,190.0,1,White,Male,25-34,54.97,Loan originated
1,175000.0,30%-<36%,625000.0,80.0,1,Asian,Male,25-34,28.003,Loan originated
1,445000.0,43,495000.0,89.0,1,Hispanic or Latino,Male,35-44,90.0,Loan originated
1,595000.0,42,665000.0,146.0,1,Asian,Female,35-44,90.0,Loan originated
1,325000.0,42,335000.0,89.0,1,White,Joint,<25,95.36,Loan originated
1,405000.0,43,575000.0,139.0,1,Hispanic or Latino,Male,35-44,70.0,Loan originated
1,705000.0,44,1175000.0,165.0,1,White,Joint,65-74,59.473,Loan originated
1,315000.0,30%-<36%,615000.0,120.0,1,Asian,Female,35-44,50.81,Loan originated
1,595000.0,44,695000.0,162.0,1,Asian,Joint,45-54,85.0,Loan originated
1,35000.0,44,335000.0,40.0,1,White,Joint,65-74,101.212,Loan originated
1,925000.0,47,1165000.0,187.0,1,White,Joint,25-34,80.0,Loan originated
1,305000.0,20%-<30%,705000.0,155.0,1,White,Male,35-44,42.857,Loan originated
1,755000.0,49,1345000.0,159.0,1,White,Male,35-44,55.97,Loan originated
1,435000.0,>60%,635000.0,175.0,1,Asian,Joint,35-44,68.294,Application denied
1,535000.0,43,575000.0,139.0,1,White,Male,55-64,94.17,Loan originated
1,475000.0,49,835000.0,103.0,1,Hispanic or Latino,Female,45-54,56.524,Loan originated
1,555000.0,38,695000.0,137.0,1,Asian,Female,35-44,80.0,Loan originated
1,445000.0,40,555000.0,98.0,1,Hispanic or Latino,Female,25-34,80.0,Loan originated
1,695000.0,>60%,865000.0,122.0,1,Hispanic or Latino,Male,45-54,80.0,Application denied
1,655000.0,38,765000.0,280.0,1,Hispanic or Latino,Joint,45-54,85.0,Loan originated
1,945000.0,46,2405000.0,228.0,1,White,Female,45-54,39.167,Loan originated
1,695000.0,39,875000.0,229.0,1,Asian,Female,45-54,79.992,Loan originated
1,605000.0,37,715000.0,169.0,1,Asian,Male,25-34,85.0,Loan originated
1,495000.0,48,615000.0,222.0,1,White,Male,45-54,80.0,Application denied
1,485000.0,39,575000.0,202.0,1,White,Joint,35-44,85.0,Loan originated
1,575000.0,42,715000.0,211.0,1,White,Joint,>74,80.0,Loan originated
1,985000.0,49,1355000.0,182.0,1,Hispanic or Latino,Male,45-54,72.741,Loan originated
1,645000.0,30%-<36%,715000.0,178.0,1,Asian,Joint,45-54,89.99,Loan originated
1,245000.0,20%-<30%,335000.0,225.0,1,Hispanic or Latino,Male,55-64,75.0,Application denied
1,745000.0,45,925000.0,189.0,1,White,Joint,45-54,80.0,Loan originated
1,705000.0,44,875000.0,173.0,1,Hispanic or Latino,Joint,35-44,80.0,Loan originated
1,1145000.0,49,1295000.0,233.0,1,Asian,Joint,35-44,85.0,Application denied
1,405000.0,45,455000.0,105.0,1,White,Male,25-34,90.0,Loan originated
1,555000.0,45,745000.0,166.0,1,White,Joint,25-34,75.0,Loan originated
1,595000.0,47,665000.0,12.0,1,Asian,Joint,35-44,89.92,Loan originated
1,875000.0,47,1295000.0,286.0,1,White,Joint,35-44,69.0,Loan originated
1,745000.0,49,805000.0,167.0,1,White,Male,35-44,92.813,Loan originated
1,705000.0,49,735000.0,192.0,1,Asian,Female,<25,97.0,Loan originated
1,585000.0,42,615000.0,155.0,1,White,Male,25-34,95.0,Loan originated
1,745000.0,30%-<36%,935000.0,304.0,1,Asian,Joint,35-44,80.0,Loan originated
1,805000.0,47,1325000.0,209.0,1,Asian,Female,25-34,60.151,Loan originated
1,745000.0,20%-<30%,935000.0,254.0,1,White,Joint,35-44,80.0,Loan originated
1,565000.0,49,715000.0,103.0,1,Hispanic or Latino,Male,25-34,79.58,Loan originated
1,805000.0,<20%,1005000.0,418.0,1,Black or African American,Female,35-44,80.0,Loan originated
1,685000.0,43,915000.0,354.0,1,Black or African American,Female,35-44,75.0,Loan originated
1,325000.0,30%-<36%,655000.0,109.0,1,Asian,Male,25-34,49.677,Loan originated
1,375000.0,20%-<30%,395000.0,167.0,1,White,Male,35-44,97.0,Loan originated
1,455000.0,30%-<36%,515000.0,130.0,1,White,Male,25-34,89.0,Loan originated
1,555000.0,44,575000.0,144.0,1,Hispanic or Latino,Male,35-44,97.0,Loan originated
1,1035000.0,37,1145000.0,283.0,1,Hispanic or Latino,Joint,35-44,89.99,Loan originated
1,535000.0,47,565000.0,186.0,1,Hispanic or Latino,Joint,25-34,95.0,Loan originated
1,595000.0,41,665000.0,229.0,1,Hispanic or Latino,Joint,45-54,90.0,Loan originated
1,125000.0,20%-<30%,545000.0,106.0,1,White,Joint,65-74,23.148,Loan originated
1,465000.0,38,495000.0,117.0,1,Hispanic or Latino,Joint,35-44,95.0,Loan originated
1,375000.0,49,395000.0,175.0,1,Asian,Joint,<25,94.937,Loan originated
1,115000.0,<20%,615000.0,109.0,1,Asian,Male,55-64,18.699,Loan originated
1,325000.0,42,535000.0,99.0,1,White,Male,55-64,60.0,Loan originated
1,805000.0,45,1005000.0,170.0,1,Asian,Male,35-44,80.0,Loan originated
1,375000.0,49,465000.0,106.0,1,Asian,Joint,35-44,80.0,Loan originated
1,405000.0,49,615000.0,79.0,1,White,Joint,35-44,66.72,Loan originated
1,925000.0,40,1325000.0,237.0,1,White,Female,65-74,70.0,Application denied
1,475000.0,47,505000.0,120.0,1,Hispanic or Latino,Joint,35-44,95.0,Loan originated
1,505000.0,40,995000.0,138.0,1,Hispanic or Latino,Joint,65-74,51.0,Loan originated
1,1085000.0,50%-60%,1605000.0,227.0,1,White,Joint,35-44,67.625,Loan originated
1,685000.0,20%-<30%,805000.0,322.0,1,White,Joint,25-34,85.0,Loan originated
1,1105000.0,41,1385000.0,374.0,1,White,Joint,25-34,80.0,Loan originated
1,455000.0,<20%,535000.0,521.0,1,Other,Female,65-74,85.0,Loan originated
1,435000.0,45,545000.0,192.0,1,Asian,Joint,25-34,80.0,Loan originated
1,255000.0,48,265000.0,50.0,1,Hispanic or Latino,Joint,35-44,95.0,Loan originated
1,755000.0,20%-<30%,1505000.0,23.0,1,Asian,Joint,35-44,50.0,Loan originated
1,855000.0,48,905000.0,191.0,1,Hispanic or Latino,Male,35-44,95.0,Loan originated
1,635000.0,44,825000.0,153.0,1,Asian,Male,35-44,76.94,Loan originated
1,695000.0,47,895000.0,190.0,1,Black or African American,Female,45-54,77.528,Loan originated
1,865000.0,40,1085000.0,217.0,1,White,Female,35-44,80.0,Loan originated
1,715000.0,45,795000.0,197.0,1,White,Male,35-44,90.0,Loan originated
1,955000.0,30%-<36%,1285000.0,483.0,1,White,Female,45-54,89.99,Loan originated
1,1085000.0,40,1455000.0,295.0,1,Asian,Joint,25-34,75.0,Loan originated
1,155000.0,40,255000.0,95.0,1,Asian,Joint,45-54,60.74,Application denied
1,585000.0,47,735000.0,182.0,1,White,Joint,35-44,80.0,Loan originated
1,415000.0,38,715000.0,128.0,1,White,Female,55-64,58.0,Loan originated
1,385000.0,45,485000.0,176.0,1,White,Joint,55-64,79.57,Loan originated
1,525000.0,46,745000.0,103.0,1,Asian,Female,25-34,70.801,Loan originated
1,635000.0,30%-<36%,855000.0,222.0,1,Asian,Female,25-34,75.0,Loan originated
1,755000.0,49,795000.0,192.0,1,Hispanic or Latino,Joint,25-34,95.0,Loan originated
1,165000.0,40,215000.0,100.0,1,Hispanic or Latino,Joint,35-44,75.64,Application denied
1,555000.0,36,615000.0,186.0,1,Hispanic or Latino,Joint,>74,90.0,Loan originated
1,555000.0,48,935000.0,156.0,1,Asian,Joint,25-34,59.508,Loan originated
1,765000.0,46,955000.0,163.0,1,White,Joint,25-34,80.0,Loan originated
1,805000.0,49,1155000.0,225.0,1,White,Joint,25-34,89.99,Loan originated
1,675000.0,30%-<36%,705000.0,305.0,1,White,Female,45-54,97.0,Loan originated
1,445000.0,40,475000.0,113.0,1,Asian,Male,25-34,95.0,Application denied
1,515000.0,43,545000.0,115.0,1,Hispanic or Latino,Female,35-44,95.0,Loan originated
1,885000.0,30%-<36%,1105000.0,325.0,1,Asian,Joint,25-34,80.0,Loan originated
1,465000.0,50%-60%,505000.0,81.0,1,Hispanic or Latino,Male,35-44,92.52,Application denied
1,615000.0,20%-<30%,895000.0,338.0,1,White,Joint,35-44,69.0,Loan originated
1,755000.0,<20%,855000.0,478.0,1,Asian,Male,45-54,95.0,Loan originated
1,1025000.0,47,1075000.0,274.0,1,White,Joint,35-44,95.0,Loan originated
1,505000.0,30%-<36%,925000.0,213.0,1,White,Joint,55-64,54.05,Loan originated
1,765000.0,46,855000.0,192.0,1,Black or African American,Male,35-44,89.952,Loan originated
1,755000.0,37,885000.0,260.0,1,White,Male,25-34,85.0,Loan originated
1,875000.0,41,925000.0,244.0,1,Asian,Female,55-64,95.0,Loan originated
1,425000.0,48,445000.0,182.0,1,Hispanic or Latino,Male,45-54,95.0,Loan originated
1,965000.0,<20%,1205000.0,668.0,1,Hispanic or Latino,Joint,55-64,80.0,Loan originated
1,365000.0,<20%,715000.0,363.0,1,White,Male,35-44,51.049,Loan originated
