loan_purpose,loan_amount,debt_to_income_ratio,property_value,income,occupancy_type,derived_race,derived_sex,applicant_age,loan_to_value_ratio,action_taken
1,645000.0,20%-<30%,805000.0,318.0,1,Hispanic or Latino,Male,35-44,80.0,Loan originated
1,615000.0,48,775000.0,153.0,1,Hispanic or Latino,Male,55-64,80.0,Loan originated
1,255000.0,42,325000.0,101.0,1,Hispanic or Latino,Joint,45-54,80.0,Loan originated
1,505000.0,38,1505000.0,160.0,1,Asian,Male,35-44,33.334,Loan originated
1,155000.0,36,255000.0,95.0,1,White,Female,65-74,62.66,Loan originated
1,625000.0,30%-<36%,835000.0,225.0,1,Asian,Male,45-54,74.949,Loan originated
1,635000.0,49,705000.0,114.0,1,Hispanic or Latino,Joint,35-44,89.99,Loan originated
1,605000.0,49,675000.0,174.0,1,Asian,Joint,35-44,90.0,Loan originated
1,455000.0,48,485000.0,146.0,1,Asian,Joint,35-44,95.0,Loan originated
1,895000.0,47,995000.0,206.0,1,White,Joint,25-34,91.0,Loan originated
1,645000.0,48,675000.0,222.0,1,Hispanic or Latino,Female,45-54,95.0,Loan originated
1,855000.0,30%-<36%,905000.0,272.0,1,Asian,Joint,45-54,95.0,Loan originated
1,475000.0,44,795000.0,238.0,1,Asian,Male,25-34,59.99995,Loan originated
1,215000.0,48,435000.0,147.0,1,White,Joint,55-64,49.771,Loan originated
1,675000.0,20%-<30%,695000.0,284.0,1,White,Joint,35-44,97.0,Loan originated
1,525000.0,47,615000.0,128.0,1,Hispanic or Latino,Joint,55-64,105.0,Loan originated
1,235000.0,46,515000.0,78.0,1,White,Joint,55-64,44.922,Loan originated
1,635000.0,30%-<36%,795000.0,249.0,1,White,Joint,55-64,80.0,Loan originated
1,1055000.0,47,1325000.0,344.0,1,Asian,Joint,25-34,79.55,Loan originated
1,1005000.0,47,1655000.0,465.0,1,Asian,Male,55-64,60.61,Loan originated
1,1065000.0,38,1175000.0,277.0,1,White,Joint,45-54,90.0,Loan originated
1,445000.0,38,555000.0,198.0,1,White,Joint,45-54,80.0,Loan originated
1,905000.0,30%-<36%,1205000.0,105.0,1,Asian,Joint,65-74,75.0,Loan originated
1,685000.0,50%-60%,955000.0,119.0,1,Hispanic or Latino,Male,35-44,71.579,Loan originated
1,435000.0,49,455000.0,107.0,1,Hispanic or Latino,Female,25-34,98.0,Loan originated
1,555000.0,40,865000.0,180.0,1,Asian,Male,<25,65.0,Loan originated
1,1025000.0,43,1575000.0,273.0,1,White,Joint,35-44,66.0,Loan originated
1,495000.0,44,555000.0,145.0,1,White,Female,25-34,90.0,Loan originated
1,425000.0,46,725000.0,93.0,1,Hispanic or Latino,Female,25-34,58.735,Loan originated
1,645000.0,48,715000.0,127.0,1,Asian,Male,25-34,89.99,Loan originated
1,735000.0,47,1035000.0,212.0,1,White,Joint,45-54,70.874,Loan originated
1,395000.0,30%-<36%,455000.0,242.0,1,White,Joint,25-34,86.154,Loan originated
1,895000.0,39,1285000.0,292.0,1,White,Male,25-34,70.0,Loan originated
1,375000.0,45,385000.0,93.0,1,Hispanic or Latino,Female,25-34,97.0,Loan originated
1,715000.0,49,895000.0,192.0,1,Hispanic or Latino,Male,55-64,80.0,Loan originated
1,755000.0,39,945000.0,245.0,1,White,Male,25-34,80.0,Loan originated
1,655000.0,45,735000.0,187.0,1,Asian,Joint,25-34,90.0,Loan originated
1,635000.0,44,685000.0,201.0,1,Black or African American,Female,35-44,93.5,Loan originated
1,1085000.0,49,1205000.0,297.0,1,White,Female,25-34,90.0,Loan originated
1,1005000.0,43,2905000.0,346.0,1,White,Female,45-54,34.48,Loan originated
1,835000.0,38,1135000.0,220.0,1,Asian,Male,25-34,72.86,Loan originated
1,705000.0,37,875000.0,228.0,1,Asian,Male,55-64,80.0,Loan originated
1,445000.0,43,475000.0,135.0,1,White,Male,25-34,95.0,Application denied
1,435000.0,45,535000.0,200.0,1,White,Male,45-54,80.0,Loan originated
1,755000.0,20%-<30%,815000.0,305.0,1,Asian,Joint,25-34,92.04,Loan originated
1,475000.0,48,845000.0,218.0,1,Asian,Joint,35-44,55.817,Loan originated
1,285000.0,20%-<30%,335000.0,131.0,1,Hispanic or Latino,Male,35-44,85.0,Loan originated
1,605000.0,42,625000.0,150.0,1,Asian,Female,25-34,97.0,Loan originated
1,305000.0,30%-<36%,375000.0,147.0,1,White,Joint,35-44,80.0,Loan originated
1,425000.0,47,525000.0,133.0,1,White,Joint,35-44,80.0,Loan originated
1,365000.0,44,455000.0,78.0,1,Hispanic or Latino,Male,25-34,80.0,Loan originated
1,165000.0,30%-<36%,255000.0,172.0,1,Hispanic or Latino,Joint,>74,65.0,Loan originated
1,585000.0,20%-<30%,735000.0,272.0,1,Asian,Male,45-54,80.0,Loan originated
1,265000.0,30%-<36%,365000.0,89.0,1,White,Female,25-34,72.222,Loan originated
1,585000.0,39,1025000.0,179.0,1,White,Male,45-54,57.073,Loan originated
1,605000.0,39,1075000.0,222.0,1,Asian,Male,55-64,56.07,Loan originated
1,765000.0,44,905000.0,186.0,1,White,Male,25-34,84.78,Loan originated
1,1145000.0,42,1345000.0,287.0,1,Asian,Joint,25-34,85.489,Loan originated
1,475000.0,30%-<36%,875000.0,155.0,1,Asian,Male,25-34,54.286,Loan originated
1,605000.0,39,995000.0,303.0,1,White,Joint,35-44,60.302,Loan originated
1,665000.0,39,685000.0,183.0,1,White,Joint,25-34,97.0,Loan originated
1,275000.0,49,305000.0,49.0,1,Hispanic or Latino,Male,55-64,90.0,Loan originated
1,875000.0,47,1345000.0,206.0,1,Asian,Female,35-44,64.572,Loan originated
1,375000.0,20%-<30%,465000.0,271.0,1,White,Female,35-44,80.0,Loan originated
1,665000.0,20%-<30%,825000.0,239.0,1,Asian,Joint,35-44,80.0,Loan originated
1,545000.0,45,615000.0,121.0,1,White,Male,25-34,90.0,Loan originated
1,995000.0,38,1235000.0,331.0,1,Asian,Joint,35-44,80.0,Application denied
1,235000.0,30%-<36%,435000.0,102.0,1,White,Joint,45-54,53.49,Loan originated
1,525000.0,30%-<36%,585000.0,196.0,1,Hispanic or Latino,Joint,35-44,89.991,Loan originated
1,725000.0,37,915000.0,180.0,1,White,Male,45-54,80.0,Loan originated
1,525000.0,46,555000.0,170.0,1,Hispanic or Latino,Joint,<25,95.0,Loan originated
1,795000.0,49,1175000.0,168.0,1,Black or African American,Female,25-34,67.354,Loan originated
1,175000.0,50%-60%,225000.0,50.0,1,Hispanic or Latino,Male,45-54,80.0,Loan originated
1,1145000.0,40,1525000.0,379.0,1,Asian,Joint,35-44,75.0,Loan originated
1,215000.0,30%-<36%,225000.0,98.0,1,White,Female,45-54,95.0,Loan originated
1,855000.0,49,1325000.0,180.0,1,White,Joint,35-44,65.0,Loan originated
1,605000.0,42,855000.0,236.0,1,Hispanic or Latino,Male,45-54,70.18,Loan originated
1,485000.0,48,615000.0,112.0,1,Hispanic or Latino,Female,35-44,100.0,Loan originated
1,565000.0,46,595000.0,116.0,1,Hispanic or Latino,Male,35-44,95.0,Application denied
1,515000.0,30%-<36%,535000.0,181.0,1,Hispanic or Latino,Joint,35-44,97.0,Loan originated
1,585000.0,50%-60%,625000.0,111.0,1,Hispanic or Latino,Male,35-44,95.0,Loan originated
1,425000.0,48,525000.0,83.0,1,Asian,Female,35-44,100.0,Loan originated
1,1135000.0,45,1425000.0,238.0,1,Asian,Male,35-44,80.0,Loan originated
1,1125000.0,<20%,1725000.0,867.0,1,White,Joint,35-44,66.0,Loan originated
1,455000.0,30%-<36%,1615000.0,225.0,1,White,Male,35-44,28.125,Loan originated
1,1005000.0,47,1345000.0,246.0,1,White,Joint,25-34,74.73,Loan originated
1,605000.0,41,755000.0,163.0,1,White,Female,25-34,80.0,Loan originated
1,305000.0,30%-<36%,705000.0,123.0,1,Hispanic or Latino,Female,45-54,42.86,Loan originated
1,355000.0,44,375000.0,79.0,1,Hispanic or Latino,Female,25-34,95.0,Loan originated
1,765000.0,42,995000.0,291.0,1,Asian,Male,45-54,76.682,Loan originated
1,525000.0,36,625000.0,491.0,1,Hispanic or Latino,Joint,35-44,83.894,Loan originated
1,315000.0,49,355000.0,88.0,1,White,Male,25-34,90.0,Loan originated
1,255000.0,30%-<36%,285000.0,78.0,1,White,Female,25-34,89.547,Loan originated
1,555000.0,49,695000.0,258.0,1,White,Male,35-44,79.997,Loan originated
1,125000.0,20%-<30%,395000.0,92.0,1,White,Female,65-74,30.777,Loan originated
1,765000.0,47,855000.0,165.0,1,Asian,Joint,35-44,89.44,Loan originated
1,1145000.0,39,2055000.0,387.0,1,White,Joint,35-44,70.732,Loan originated
1,705000.0,36,785000.0,244.0,1,White,Joint,25-34,90.0,Loan originated
1,915000.0,42,1535000.0,210.0,1,White,Joint,35-44,60.0,Application denied
1,345000.0,48,425000.0,66.0,1,Hispanic or Latino,Female,25-34,80.0,Loan originated
1,335000.0,50%-60%,425000.0,75.0,1,Asian,Male,65-74,100.0,Application denied
1,755000.0,42,1635000.0,262.0,1,Asian,Joint,35-44,45.849,Loan originated
1,665000.0,41,715000.0,192.0,1,Asian,Joint,35-44,92.968,Loan originated
1,755000.0,41,825000.0,205.0,1,Asian,Joint,45-54,90.934,Loan originated
1,205000.0,39,455000.0,82.0,1,Asian,Male,25-34,46.12,Loan originated
1,1145000.0,44,2705000.0,305.0,1,Asian,Female,35-44,43.0,Loan originated
1,565000.0,42,635000.0,161.0,1,Asian,Male,35-44,89.99,Loan originated
1,905000.0,48,1225000.0,240.0,1,Hispanic or Latino,Joint,45-54,89.9,Application denied
1,405000.0,30%-<36%,645000.0,254.0,1,Asian,Joint,45-54,63.0,Loan originated
1,565000.0,39,765000.0,164.0,1,Asian,Male,25-34,73.718,Loan originated
1,385000.0,48,535000.0,80.0,1,Asian,Male,35-44,72.2,Loan originated
1,705000.0,39,725000.0,184.0,1,Asian,Joint,25-34,97.0,Loan originated
1,515000.0,40,855000.0,120.0,1,White,Male,25-34,60.12,Loan originated
1,355000.0,38,505000.0,208.0,1,White,Female,65-74,70.0,Loan originated
1,815000.0,42,1035000.0,206.0,1,White,Male,45-54,79.56,Loan originated
1,505000.0,45,2005000.0,271.0,1,White,Joint,35-44,25.0,Loan originated
1,1015000.0,20%-<30%,1275000.0,461.0,1,Hispanic or Latino,Joint,45-54,80.0,Loan originated
1,645000.0,45,925000.0,213.0,1,Asian,Joint,25-34,70.0,Loan originated
1,765000.0,20%-<30%,995000.0,278.0,1,White,Female,45-54,77.429,Loan originated
1,735000.0,49,1685000.0,155.0,1,White,Male,35-44,43.298,Loan originated
1,765000.0,46,995000.0,360.0,1,White,Male,35-44,77.374,Loan originated
1,535000.0,44,605000.0,143.0,1,Hispanic or Latino,Joint,35-44,89.667,Loan originated
1,405000.0,45,515000.0,214.0,1,White,Male,>74,78.682,Loan originated
1,985000.0,43,1235000.0,230.0,1,Asian,Male,25-34,80.0,Loan originated
1,605000.0,37,1055000.0,261.0,1,White,Joint,55-64,57.058,Loan originated
1,575000.0,41,725000.0,215.0,1,White,Joint,35-44,80.0,Loan originated
1,675000.0,37,785000.0,232.0,1,Hispanic or Latino,Joint,35-44,86.363,Loan originated
1,545000.0,30%-<36%,725000.0,184.0,1,Hispanic or Latino,Male,25-34,75.0,Loan originated
1,505000.0,30%-<36%,525000.0,152.0,1,Asian,Male,25-34,94.996,Loan originated
1,435000.0,43,455000.0,105.0,1,White,Male,45-54,96.943,Loan originated
1,655000.0,38,685000.0,213.0,1,Hispanic or Latino,Male,35-44,95.0,Loan originated
1,165000.0,20%-<30%,365000.0,85.0,1,White,Male,25-34,45.205,Loan originated
1,1145000.0,20%-<30%,3465000.0,433.0,1,White,Female,45-54,33.183,Loan originated
1,585000.0,41,735000.0,228.0,1,Asian,Female,35-44,79.998,Loan originated
1,605000.0,47,1205000.0,371.0,1,Asian,Female,25-34,50.0,Loan originated
1,565000.0,36,765000.0,179.0,1,White,Joint,25-34,74.0,Loan originated
1,735000.0,>60%,1055000.0,95.0,1,Asian,Male,45-54,70.0,Application denied
1,345000.0,47,415000.0,68.0,1,Hispanic or Latino,Female,25-34,84.39,Loan originated
1,245000.0,30%-<36%,1175000.0,150.0,1,Asian,Female,25-34,21.12,Loan originated
1,665000.0,30%-<36%,695000.0,406.0,1,White,Joint,25-34,95.0,Loan originated
1,385000.0,46,485000.0,79.0,1,White,Male,25-34,80.0,Loan originated
1,805000.0,30%-<36%,1005000.0,230.0,1,White,Joint,35-44,80.0,Loan originated
1,575000.0,48,725000.0,255.0,1,White,Joint,25-34,78.759,Loan originated
1,445000.0,42,475000.0,109.0,1,Asian,Female,45-54,92.5,Loan originated
1,335000.0,46,355000.0,88.0,1,Hispanic or Latino,Joint,65-74,95.0,Loan originated
1,405000.0,38,675000.0,115.0,1,Asian,Joint,25-34,59.259,Loan originated
1,415000.0,49,455000.0,159.0,1,White,Male,45-54,90.0,Loan originated
1,1005000.0,45,1255000.0,239.0,1,White,Male,45-54,79.942,Loan originated
1,175000.0,37,215000.0,124.0,1,White,Male,45-54,83.124,Loan originated
1,435000.0,30%-<36%,835000.0,160.0,1,Asian,Male,25-34,52.1,Loan originated
1,665000.0,41,785000.0,153.0,1,White,Joint,25-34,85.0,Loan originated
1,1145000.0,20%-<30%,1435000.0,451.0,1,Asian,Female,35-44,80.0,Loan originated
1,755000.0,42,1095000.0,215.0,1,Asian,Female,35-44,68.427,Loan originated
1,765000.0,38,825000.0,306.0,1,White,Male,25-34,92.916,Loan originated
1,495000.0,49,555000.0,133.0,1,Hispanic or Latino,Male,45-54,90.0,Loan originated
1,1005000.0,39,1335000.0,390.0,1,White,Joint,65-74,75.206,Loan originated
1,545000.0,46,685000.0,848.0,1,Other,Joint,25-34,79.997,Loan originated
1,285000.0,48,355000.0,92.0,1,Hispanic or Latino,Male,45-54,80.0,Loan originated
1,525000.0,36,575000.0,230.0,1,White,Male,65-74,91.228,Loan originated
1,465000.0,36,495000.0,140.0,1,White,Male,25-34,95.0,Loan originated
1,665000.0,<20%,835000.0,442.0,1,Asian,Joint,25-34,80.0,Loan originated
1,305000.0,36,865000.0,91.0,1,Asian,Male,45-54,97.0,Loan originated
1,685000.0,30%-<36%,855000.0,211.0,1,White,Male,55-64,82.0,Loan originated
1,345000.0,30%-<36%,565000.0,115.0,1,Hispanic or Latino,Female,<25,60.71,Loan originated
1,575000.0,30%-<36%,725000.0,186.0,1,Asian,Male,45-54,80.0,Loan originated
1,745000.0,44,875000.0,286.0,1,White,Joint,25-34,85.0,Loan originated
1,615000.0,44,775000.0,188.0,1,Asian,Female,35-44,80.0,Loan originated
1,785000.0,46,985000.0,276.0,1,Hispanic or Latino,Joint,35-44,80.0,Loan originated
1,585000.0,42,725000.0,136.0,1,Asian,Male,35-44,100.0,Loan originated
1,565000.0,49,745000.0,154.0,1,White,Male,>74,75.7,Loan originated
1,775000.0,37,1005000.0,336.0,1,Asian,Joint,45-54,76.617,Loan originated
1,605000.0,46,675000.0,164.0,1,White,Female,55-64,90.0,Loan originated
1,225000.0,38,875000.0,82.0,1,White,Male,65-74,25.685,Loan originated
1,275000.0,49,345000.0,127.0,1,White,Female,45-54,80.0,Loan originated
1,675000.0,44,745000.0,162.0,1,Asian,Male,35-44,90.0,Loan originated
1,625000.0,38,775000.0,188.0,1,Hispanic or Latino,Male,45-54,80.0,Loan originated
1,605000.0,20%-<30%,2085000.0,399.0,1,White,Joint,25-34,28.72,Loan originated
1,905000.0,20%-<30%,1205000.0,360.0,1,White,Joint,55-64,75.0,Loan originated
1,595000.0,47,745000.0,243.0,1,White,Joint,35-44,80.0,Loan originated
1,1185000.0,45,1585000.0,257.0,1,Asian,Male,25-34,75.0,Loan originated
1,255000.0,38,285000.0,69.0,1,White,Male,25-34,89.286,Loan originated
1,595000.0,40,625000.0,156.0,1,Hispanic or Latino,Male,35-44,95.0,Loan originated
1,605000.0,48,1325000.0,153.0,1,White,Joint,45-54,46.0,Loan originated
1,905000.0,39,955000.0,242.0,1,White,Female,35-44,95.0,Loan originated
1,465000.0,30%-<36%,495000.0,151.0,1,Hispanic or Latino,Joint,25-34,94.0,Loan originated
1,255000.0,37,585000.0,113.0,1,White,Male,65-74,42.954,Loan originated
1,625000.0,47,695000.0,110.0,1,Hispanic or Latino,Female,25-34,89.855,Loan originated
1,745000.0,46,825000.0,249.0,1,Hispanic or Latino,Male,35-44,90.0,Loan originated
1,65000.0,>60%,65000.0,17.0,1,Hispanic or Latino,Female,55-64,101.85,Application denied
1,425000.0,39,525000.0,235.0,1,White,Female,35-44,80.0,Loan originated
1,655000.0,42,725000.0,165.0,1,White,Male,25-34,90.0,Loan originated
1,565000.0,50%-60%,715000.0,170.0,1,Asian,Male,45-54,80.0,Application denied
1,625000.0,49,775000.0,129.0,1,Asian,Female,45-54,80.0,Loan originated
1,565000.0,49,705000.0,117.0,1,Hispanic or Latino,Male,35-44,79.99,Loan originated
1,805000.0,43,905000.0,196.0,1,Asian,Joint,35-44,89.89,Loan originated
1,445000.0,41,465000.0,105.0,1,White,Joint,25-34,95.0,Loan originated
1,645000.0,42,805000.0,191.0,1,Asian,Female,65-74,80.0,Loan originated
1,555000.0,43,585000.0,193.0,1,Hispanic or Latino,Joint,25-34,95.0,Loan originated
1,1005000.0,20%-<30%,1265000.0,308.0,1,Asian,Male,35-44,80.0,Loan originated
1,325000.0,49,345000.0,188.0,1,Black or African American,Joint,25-34,94.94,Loan originated
1,665000.0,50%-60%,825000.0,305.0,1,Asian,Joint,45-54,80.0,Loan originated
1,375000.0,44,475000.0,101.0,1,Hispanic or Latino,Male,45-54,80.0,Application denied
1,365000.0,36,375000.0,117.0,1,Asian,Female,25-34,95.0,Loan originated
1,265000.0,44,385000.0,68.0,1,Hispanic or Latino,Female,35-44,68.831,Loan originated
1,1125000.0,30%-<36%,1405000.0,461.0,1,White,Joint,35-44,87.143,Loan originated
1,465000.0,44,495000.0,189.0,1,White,Male,25-34,95.0,Loan originated
1,495000.0,30%-<36%,555000.0,250.0,1,White,Joint,25-34,90.0,Loan originated
1,255000.0,48,455000.0,88.0,1,White,Joint,55-64,55.067,Loan originated
1,675000.0,41,1355000.0,251.0,1,White,Joint,65-74,50.0,Loan originated
1,255000.0,36,315000.0,125.0,1,Black or African American,Female,25-34,80.0,Loan originated
1,605000.0,37,1355000.0,203.0,1,Asian,Joint,25-34,44.44,Loan originated
1,535000.0,39,555000.0,165.0,1,White,Male,25-34,97.0,Loan originated
1,465000.0,49,585000.0,111.0,1,White,Female,65-74,80.0,Loan originated
1,445000.0,43,465000.0,133.0,1,Hispanic or Latino,Male,35-44,95.0,Loan originated
1,365000.0,49,555000.0,75.0,1,White,Joint,45-54,95.182,Loan originated
1,615000.0,47,645000.0,114.0,1,White,Male,25-34,94.999,Loan originated
1,335000.0,46,445000.0,73.0,1,White,Male,35-44,75.0,Loan originated
1,765000.0,20%-<30%,775000.0,393.0,1,Asian,Female,25-34,98.717,Loan originated
1,325000.0,49,675000.0,95.0,1,White,Joint,25-34,47.06,Loan originated
1,505000.0,48,1105000.0,121.0,1,White,Female,55-64,45.455,Loan originated
1,315000.0,20%-<30%,715000.0,135.0,1,White,Joint,55-64,44.04,Loan originated
1,555000.0,39,635000.0,152.0,1,Asian,Male,45-54,87.429,Loan originated
1,745000.0,49,935000.0,362.0,1,Asian,Joint,35-44,80.0,Loan originated
1,255000.0,<20%,855000.0,232.0,1,White,Male,55-64,29.44,Loan originated
1,595000.0,>60%,595000.0,104.0,1,Asian,Male,35-44,100.0,Application denied
1,625000.0,37,735000.0,170.0,1,Hispanic or Latino,Joint,25-34,84.932,Loan originated
1,525000.0,46,555000.0,122.0,1,Hispanic or Latino,Male,45-54,95.0,Loan originated
1,1005000.0,45,1505000.0,217.0,1,Asian,Joint,35-44,66.777,Loan originated
1,925000.0,30%-<36%,975000.0,416.0,1,White,Joint,45-54,95.0,Loan originated
1,465000.0,40,495000.0,111.0,1,Hispanic or Latino,Male,25-34,95.0,Loan originated
1,535000.0,49,595000.0,113.0,1,White,Male,35-44,93.0,Loan originated
1,235000.0,46,785000.0,227.0,1,Asian,Male,35-44,29.872,Loan originated
1,505000.0,49,535000.0,101.0,1,Asian,Male,35-44,95.0,Loan originated
1,695000.0,49,735000.0,169.0,1,Other,Female,25-34,98.0,Loan originated
1,465000.0,20%-<30%,515000.0,0.0,1,Hispanic or Latino,Male,25-34,90.0,Loan originated
1,535000.0,49,715000.0,115.0,1,White,Male,<25,75.0,Application denied
1,1145000.0,46,1805000.0,276.0,1,Hispanic or Latino,Joint,>74,63.861,Loan originated
1,525000.0,47,665000.0,141.0,1,Hispanic or Latino,Joint,55-64,80.0,Loan originated
1,995000.0,39,1665000.0,256.0,1,White,Joint,25-34,60.0,Loan originated
1,265000.0,20%-<30%,355000.0,118.0,1,White,Male,45-54,74.93,Loan originated
1,645000.0,41,765000.0,183.0,1,Asian,Joint,25-34,85.0,Loan originated
1,645000.0,30%-<36%,1285000.0,219.0,1,Asian,Joint,55-64,51.0,Loan originated
1,1075000.0,46,1195000.0,239.0,1,White,Joint,35-44,90.0,Loan originated
1,985000.0,36,1175000.0,281.0,1,White,Joint,25-34,84.0,Loan originated
1,125000.0,49,485000.0,82.0,1,White,Male,55-64,25.0,Loan originated
1,665000.0,<20%,1025000.0,372.0,1,Asian,Joint,25-34,65.0,Loan originated
1,545000.0,45,785000.0,139.0,1,White,Female,25-34,69.231,Loan originated
1,575000.0,44,595000.0,130.0,1,Asian,Male,55-64,97.0,Loan originated
1,215000.0,37,305000.0,84.0,1,Hispanic or Latino,Male,35-44,70.0,Loan originated
1,255000.0,45,355000.0,67.0,1,White,Female,35-44,71.831,Loan originated
1,805000.0,44,1075000.0,167.0,1,White,Male,25-34,75.0,Loan originated
1,685000.0,36,855000.0,183.0,1,Asian,Male,35-44,80.0,Loan originated
1,295000.0,46,325000.0,65.0,1,White,Joint,55-64,91.385,Application denied
1,695000.0,40,935000.0,224.0,1,Hispanic or Latino,Female,35-44,90.0,Loan originated
1,955000.0,47,1275000.0,304.0,1,White,Joint,55-64,75.0,Loan originated
1,235000.0,39,395000.0,96.0,1,Asian,Female,35-44,58.974,Loan originated
1,245000.0,48,485000.0,138.0,1,Asian,Female,45-54,50.0,Loan originated
1,585000.0,45,615000.0,134.0,1,Asian,Female,35-44,96.55,Loan originated
1,365000.0,40,735000.0,151.0,1,Hispanic or Latino,Female,25-34,50.0,Loan originated
1,425000.0,20%-<30%,525000.0,133.0,1,White,Female,45-54,80.0,Loan originated
1,985000.0,38,1225000.0,295.0,1,Asian,Joint,25-34,80.0,Loan originated
1,685000.0,<20%,855000.0,1622.0,1,White,Female,35-44,80.0,Loan originated
1,415000.0,39,455000.0,109.0,1,Asian,Female,35-44,90.0,Loan originated
1,565000.0,44,705000.0,114.0,1,Hispanic or Latino,Male,45-54,80.0,Loan originated
1,375000.0,38,415000.0,98.0,1,Asian,Female,25-34,89.99,Loan originated
1,285000.0,20%-<30%,415000.0,109.0,1,Hispanic or Latino,Male,45-54,70.0,Loan originated
1,705000.0,47,725000.0,162.0,1,Hispanic or Latino,Joint,55-64,97.0,Loan originated
1,705000.0,42,785000.0,180.0,1,Asian,Joint,35-44,90.0,Loan originated
1,205000.0,20%-<30%,505000.0,110.0,1,White,Female,55-64,40.0,Loan originated
1,335000.0,30%-<36%,355000.0,140.0,1,Hispanic or Latino,Male,25-34,95.0,Loan originated
1,745000.0,43,825000.0,186.0,1,Hispanic or Latino,Joint,35-44,90.0,Loan originated
1,875000.0,37,1085000.0,388.0,1,White,Male,25-34,80.0,Loan originated
1,435000.0,30%-<36%,545000.0,138.0,1,White,Joint,25-34,80.0,Loan originated
1,425000.0,46,965000.0,103.0,1,Hispanic or Latino,Female,35-44,44.271,Loan originated
1,575000.0,>60%,595000.0,127.0,1,Hispanic or Latino,Female,45-54,97.0,Application denied
1,1055000.0,39,1325000.0,277.0,1,Asian,Joint,45-54,80.0,Loan originated
1,565000.0,42,865000.0,177.0,1,Asian,Female,45-54,65.238,Loan originated
1,765000.0,41,955000.0,360.0,1,White,Joint,35-44,80.0,Loan originated
1,405000.0,43,425000.0,104.0,1,Hispanic or Latino,Joint,35-44,95.0,Loan originated
1,605000.0,30%-<36%,1005000.0,209.0,1,White,Female,35-44,60.0,Loan originated
1,985000.0,46,1655000.0,283.0,1,White,Male,25-34,66.42,Loan originated
1,705000.0,36,745000.0,236.0,1,Hispanic or Latino,Joint,35-44,95.0,Loan originated
1,395000.0,<20%,545000.0,294.0,1,White,Joint,25-34,72.478,Loan originated
1,125000.0,30%-<36%,955000.0,75.0,1,White,Female,55-64,13.0,Loan originated
1,275000.0,30%-<36%,425000.0,482.0,1,White,Male,55-64,64.706,Loan originated
1,765000.0,20%-<30%,965000.0,378.0,1,White,Joint,>74,80.0,Loan originated
1,375000.0,48,645000.0,109.0,1,Hispanic or Latino,Female,25-34,57.011,Loan originated
1,395000.0,46,445000.0,94.0,1,Asian,Female,25-34,90.0,Loan originated
1,515000.0,43,725000.0,293.0,1,White,Joint,35-44,71.034,Loan originated
1,1165000.0,48,1455000.0,234.0,1,White,Joint,35-44,80.0,Loan originated
1,485000.0,50%-60%,655000.0,181.0,1,White,Joint,25-34,73.846,Loan originated
1,255000.0,49,265000.0,58.0,1,White,Male,55-64,94.628,Loan originated
1,975000.0,30%-<36%,1305000.0,565.0,1,White,Joint,25-34,75.0,Loan originated
1,605000.0,46,765000.0,144.0,1,Asian,Male,35-44,80.0,Loan originated
1,255000.0,44,405000.0,185.0,1,White,Joint,>74,62.963,Loan originated
1,855000.0,30%-<36%,1175000.0,234.0,1,Asian,Male,35-44,72.65,Loan originated
1,605000.0,43,645000.0,138.0,1,Hispanic or Latino,Joint,35-44,94.063,Loan originated
1,665000.0,46,1025000.0,146.0,1,White,Female,35-44,64.66,Loan originated
1,485000.0,46,505000.0,107.0,1,Hispanic or Latino,Male,25-34,97.0,Loan originated
1,1125000.0,20%-<30%,1245000.0,470.0,1,White,Joint,25-34,89.98,Loan originated
1,345000.0,20%-<30%,655000.0,255.0,1,White,Joint,55-64,53.49,Loan originated
1,765000.0,<20%,2475000.0,2227.0,1,White,Joint,45-54,31.0,Loan originated
1,505000.0,42,1005000.0,160.0,1,Hispanic or Latino,Male,45-54,50.0,Loan originated
1,475000.0,30%-<36%,675000.0,277.0,1,White,Joint,45-54,70.149,Loan originated
1,585000.0,41,725000.0,154.0,1,Hispanic or Latino,Female,25-34,80.0,Loan originated
1,475000.0,48,525000.0,108.0,1,White,Female,35-44,90.0,Loan originated
1,655000.0,46,1335000.0,225.0,1,Asian,Joint,25-34,49.0,Loan originated
1,705000.0,36,875000.0,201.0,1,Asian,Male,35-44,80.0,Loan originated
1,565000.0,39,605000.0,144.0,1,White,Male,25-34,94.792,Loan originated
1,525000.0,>60%,695000.0,99.0,1,Asian,Male,55-64,75.0,Application denied
1,565000.0,43,705000.0,139.0,1,Asian,Female,45-54,80.0,Loan originated
1,555000.0,41,895000.0,181.0,1,Asian,Female,45-54,61.798,Loan originated
1,895000.0,41,1025000.0,241.0,1,Hispanic or Latino,Male,35-44,87.72,Loan originated
1,425000.0,>60%,875000.0,98.0,1,Hispanic or Latino,Joint,35-44,48.28,Application denied
1,505000.0,47,625000.0,168.0,1,White,Female,<25,80.0,Loan originated
1,985000.0,47,1225000.0,486.0,1,White,Female,45-54,80.0,Loan originated
1,265000.0,46,325000.0,71.0,1,White,Joint,25-34,80.0,Loan originated
1,1055000.0,49,1925000.0,240.0,1,White,Female,45-54,54.64,Loan originated
1,345000.0,41,425000.0,185.0,1,Hispanic or Latino,Joint,45-54,80.0,Loan originated
1,235000.0,46,245000.0,85.0,1,Hispanic or Latino,Female,25-34,95.0,Loan originated
1,405000.0,48,535000.0,100.0,1,Asian,Male,25-34,75.0,Loan originated
1,585000.0,43,815000.0,225.0,1,White,Female,45-54,71.166,Loan originated
1,295000.0,40,475000.0,126.0,1,White,Joint,35-44,62.11,Loan originated
1,765000.0,50%-60%,1005000.0,255.0,1,Asian,Joint,35-44,76.433,Loan originated
1,395000.0,49,485000.0,93.0,1,Hispanic or Latino,Male,25-34,79.96,Loan originated
1,555000.0,49,695000.0,174.0,1,Hispanic or Latino,Male,25-34,80.0,Loan originated
1,865000.0,20%-<30%,1155000.0,336.0,1,Asian,Female,25-34,75.0,Loan originated
1,515000.0,45,695000.0,112.0,1,Asian,Male,25-34,75.0,Loan originated
1,645000.0,37,925000.0,256.0,1,White,Joint,65-74,70.0,Loan originated
1,895000.0,42,1115000.0,250.0,1,Asian,Joint,45-54,80.0,Loan originated
1,605000.0,48,765000.0,151.0,1,White,Male,25-34,80.0,Loan originated
1,765000.0,48,955000.0,175.0,1,Asian,Joint,35-44,80.0,Loan originated
1,575000.0,43,605000.0,128.0,1,Hispanic or Latino,Male,35-44,95.0,Loan originated
1,855000.0,49,955000.0,170.0,1,White,Joint,25-34,90.0,Loan originated
1,1145000.0,36,1565000.0,706.0,1,Asian,Joint,35-44,73.47,Loan originated
1,375000.0,45,395000.0,78.0,1,Hispanic or Latino,Male,35-44,95.0,Loan originated
1,585000.0,41,735000.0,178.0,1,Asian,Male,45-54,80.0,Loan originated
1,405000.0,48,705000.0,96.0,1,White,Female,55-64,57.14,Loan originated
1,585000.0,49,695000.0,190.0,1,White,Male,25-34,84.7,Loan originated
1,315000.0,38,395000.0,83.0,1,Hispanic or Latino,Joint,65-74,80.0,Loan originated
1,345000.0,50%-60%,675000.0,86.0,1,White,Male,25-34,52.0,Application denied
1,335000.0,49,425000.0,97.0,1,Hispanic or Latino,Male,55-64,80.0,Loan originated
1,925000.0,47,1405000.0,276.0,1,White,Female,>74,67.0,Loan originated
1,275000.0,37,345000.0,70.0,1,Hispanic or Latino,Male,25-34,80.0,Loan originated
1,805000.0,40,1005000.0,218.0,1,Hispanic or Latino,Male,45-54,80.0,Loan originated
1,455000.0,30%-<36%,575000.0,163.0,1,White,Joint,25-34,80.0,Loan originated
1,1015000.0,>60%,1355000.0,0.0,1,Asian,Male,25-34,75.0,Application denied
1,1125000.0,49,1505000.0,270.0,1,Asian,Male,<25,85.0,Loan originated
1,1095000.0,39,1465000.0,307.0,1,White,Male,35-44,75.0,Loan originated
1,85000.0,20%-<30%,415000.0,62.0,1,White,Joint,65-74,21.498,Loan originated
1,1125000.0,48,1255000.0,273.0,1,White,Female,45-54,90.0,Loan originated
1,1145000.0,44,1785000.0,250.0,1,White,Male,35-44,64.308,Loan originated
1,605000.0,38,805000.0,295.0,1,Asian,Male,35-44,75.0,Loan originated
1,875000.0,40,925000.0,235.0,1,Hispanic or Latino,Female,25-34,95.0,Loan originated
1,1115000.0,30%-<36%,1175000.0,341.0,1,White,Joint,35-44,95.0,Loan originated
1,255000.0,49,325000.0,55.0,1,Hispanic or Latino,Joint,35-44,80.0,Loan originated
1,585000.0,20%-<30%,985000.0,277.0,1,Asian,Female,35-44,60.0,Loan originated
1,555000.0,47,1065000.0,118.0,1,White,Joint,55-64,51.643,Loan originated
1,505000.0,47,755000.0,109.0,1,White,Male,25-34,67.1,Loan originated
1,505000.0,46,685000.0,196.0,1,White,Joint,65-74,74.0,Loan originated
1,515000.0,20%-<30%,915000.0,200.0,1,Asian,Male,25-34,56.044,Loan originated
1,495000.0,49,555000.0,122.0,1,Asian,Male,25-34,89.99,Loan originated
1,305000.0,47,375000.0,73.0,1,Hispanic or Latino,Male,<25,80.0,Loan originated
1,825000.0,44,1025000.0,221.0,1,White,Joint,35-44,80.0,Loan originated
1,485000.0,46,605000.0,160.0,1,White,Female,45-54,79.475,Loan originated
1,645000.0,20%-<30%,855000.0,268.0,1,White,Joint,35-44,75.0,Loan originated
1,665000.0,44,705000.0,216.0,1,Asian,Female,55-64,95.0,Loan originated
1,675000.0,45,715000.0,198.0,1,Hispanic or Latino,Joint,25-34,95.0,Loan originated
1,925000.0,20%-<30%,1155000.0,629.0,1,White,Joint,25-34,80.0,Loan originated
1,435000.0,45,545000.0,100.0,1,Hispanic or Latino,Female,35-44,80.0,Loan originated
1,565000.0,48,665000.0,147.0,1,White,Joint,25-34,85.0,Loan originated
1,255000.0,41,265000.0,270.0,1,White,Female,45-54,95.0,Loan originated
1,515000.0,44,635000.0,190.0,1,Asian,Female,35-44,80.0,Loan originated
1,405000.0,20%-<30%,445000.0,142.0,1,Hispanic or Latino,Male,55-64,90.0,Loan originated
1,445000.0,49,495000.0,90.0,1,White,Female,35-44,90.0,Loan originated
1,335000.0,44,885000.0,100.0,1,White,Female,65-74,38.11,Loan originated
1,475000.0,50%-60%,605000.0,101.0,1,White,Female,25-34,78.333,Application denied
1,605000.0,48,755000.0,147.0,1,Asian,Joint,25-34,80.0,Loan originated
1,1145000.0,37,1315000.0,306.0,1,Asian,Joint,45-54,88.0,Loan originated
1,625000.0,36,835000.0,167.0,1,Asian,Female,25-34,75.0,Loan originated
1,755000.0,<20%,945000.0,1200.0,1,White,Joint,25-34,80.0,Loan originated
1,405000.0,36,1115000.0,451.0,1,White,Joint,25-34,36.036,Loan originated
1,1135000.0,47,1625000.0,233.0,1,White,Joint,55-64,69.53,Loan originated
1,765000.0,46,955000.0,218.0,1,White,Male,65-74,80.0,Loan originated
1,495000.0,20%-<30%,995000.0,248.0,1,Asian,Joint,25-34,49.9,Loan originated
1,515000.0,20%-<30%,915000.0,271.0,1,Asian,Joint,35-44,57.0,Loan originated
1,245000.0,<20%,515000.0,186.0,1,White,Joint,55-64,46.602,Loan originated
1,515000.0,48,635000.0,116.0,1,Asian,Male,45-54,80.0,Loan originated
1,705000.0,41,1185000.0,241.0,1,Asian,Male,35-44,59.322,Loan originated
1,725000.0,42,815000.0,198.0,1,White,Joint,25-34,89.95,Loan originated
1,315000.0,38,345000.0,82.0,1,Asian,Male,25-34,90.0,Loan originated
1,355000.0,49,395000.0,71.0,1,Hispanic or Latino,Male,65-74,90.0,Loan originated
1,615000.0,38,915000.0,272.0,1,White,Joint,35-44,67.21,Loan originated
1,555000.0,48,685000.0,129.0,1,Hispanic or Latino,Joint,35-44,80.0,Loan originated
1,515000.0,46,865000.0,112.0,1,Hispanic or Latino,Male,55-64,60.0,Application denied
1,975000.0,48,1305000.0,245.0,1,Asian,Female,35-44,75.0,Loan originated
1,505000.0,39,635000.0,147.0,1,Asian,Male,45-54,80.0,Loan originated
1,765000.0,30%-<36%,855000.0,254.0,1,White,Joint,45-54,90.0,Loan originated
1,705000.0,49,945000.0,169.0,1,White,Female,35-44,75.0,Loan originated
1,555000.0,46,1395000.0,62.0,1,White,Male,65-74,39.291,Loan originated
1,385000.0,36,485000.0,164.0,1,Hispanic or Latino,Male,<25,80.0,Loan originated
1,615000.0,47,915000.0,561.0,1,White,Joint,35-44,67.28,Loan originated
1,525000.0,49,695000.0,326.0,1,Asian,Joint,55-64,75.0,Loan originated
1,335000.0,45,355000.0,95.0,1,Black or African American,Male,35-44,97.0,Application denied
1,475000.0,41,595000.0,111.0,1,Hispanic or Latino,Female,45-54,80.0,Loan originated
1,335000.0,49,365000.0,94.0,1,Black or African American,Joint,35-44,94.389,Loan originated
1,505000.0,20%-<30%,635000.0,1152.0,1,White,Male,45-54,80.0,Loan originated
1,1015000.0,30%-<36%,1125000.0,312.0,1,Asian,Joint,25-34,90.0,Loan originated
1,465000.0,44,585000.0,122.0,1,White,Male,<25,80.0,Loan originated
1,505000.0,<20%,535000.0,395.0,1,Black or African American,Joint,45-54,95.0,Loan originated
1,585000.0,38,705000.0,153.0,1,White,Male,25-34,83.051,Loan originated
1,405000.0,49,525000.0,78.0,1,Asian,Male,25-34,77.0,Loan originated
1,465000.0,49,765000.0,101.0,1,White,Female,35-44,60.86,Loan originated
1,515000.0,42,645000.0,161.0,1,Asian,Male,25-34,80.0,Loan originated
1,495000.0,49,625000.0,170.0,1,Asian,Joint,25-34,80.0,Loan originated
1,205000.0,44,395000.0,61.0,1,White,Male,65-74,51.28,Loan originated
1,665000.0,47,705000.0,166.0,1,Hispanic or Latino,Joint,25-34,95.0,Loan originated
1,195000.0,20%-<30%,225000.0,95.0,1,White,Male,25-34,90.0,Loan originated
1,95000.0,39,125000.0,41.0,1,White,Joint,55-64,99.484,Loan originated
1,605000.0,45,755000.0,187.0,1,White,Joint,65-74,80.0,Loan originated
1,765000.0,39,1155000.0,289.0,1,White,Male,45-54,79.13,Loan originated
1,445000.0,48,555000.0,94.0,1,Hispanic or Latino,Female,35-44,80.0,Loan originated
1,705000.0,49,885000.0,172.0,1,White,Female,35-44,80.0,Loan originated
1,945000.0,30%-<36%,1055000.0,284.0,1,White,Joint,25-34,90.0,Loan originated
1,635000.0,20%-<30%,755000.0,257.0,1,White,Joint,55-64,85.0,Loan originated
1,555000.0,41,735000.0,136.0,1,White,Joint,25-34,75.0,Loan originated
1,505000.0,41,595000.0,127.0,1,Asian,Male,25-34,93.93,Application denied
1,735000.0,49,815000.0,196.0,1,Asian,Female,35-44,90.0,Loan originated
1,575000.0,42,605000.0,150.0,1,Hispanic or Latino,Male,25-34,95.0,Loan originated
1,675000.0,41,705000.0,242.0,1,Hispanic or Latino,Joint,25-34,97.0,Loan originated
1,715000.0,48,845000.0,159.0,1,White,Male,35-44,84.524,Loan originated
1,565000.0,49,665000.0,149.0,1,White,Female,45-54,85.0,Loan originated
1,565000.0,42,595000.0,123.0,1,Asian,Joint,35-44,95.0,Loan originated
1,505000.0,50%-60%,1525000.0,166.0,1,White,Joint,55-64,32.79,Loan originated
1,575000.0,49,725000.0,148.0,1,White,Joint,25-34,80.0,Loan originated
1,1105000.0,46,1385000.0,235.0,1,Asian,Joint,25-34,80.0,Loan originated
1,635000.0,30%-<36%,855000.0,269.0,1,Asian,Joint,25-34,75.0,Loan originated
1,545000.0,38,645000.0,160.0,1,White,Male,35-44,85.0,Application denied
1,1105000.0,37,2705000.0,535.0,1,White,Joint,35-44,40.741,Loan originated
1,505000.0,47,625000.0,103.0,1,White,Female,65-74,80.0,Loan originated
1,75000.0,37,95000.0,64.0,1,White,Male,65-74,77.78,Loan originated
1,305000.0,49,1065000.0,81.0,1,Asian,Male,25-34,28.169,Loan originated
1,845000.0,45,945000.0,292.0,1,White,Joint,35-44,90.0,Loan originated
1,545000.0,42,685000.0,168.0,1,Asian,Male,25-34,80.0,Loan originated
1,805000.0,20%-<30%,1775000.0,547.0,1,White,Joint,35-44,44.994,Loan originated
1,945000.0,37,1175000.0,243.0,1,Asian,Joint,35-44,80.0,Loan originated
1,585000.0,46,655000.0,141.0,1,Hispanic or Latino,Joint,25-34,90.0,Loan originated
1,335000.0,49,345000.0,100.0,1,Hispanic or Latino,Female,25-34,101.94,Loan originated
1,135000.0,41,165000.0,112.0,1,Hispanic or Latino,Joint,35-44,80.0,Loan originated
1,605000.0,42,1105000.0,175.0,1,Black or African American,Male,55-64,55.0,Loan originated
1,415000.0,30%-<36%,585000.0,134.0,1,White,Female,25-34,70.0,Loan originated
1,305000.0,44,325000.0,103.0,1,Hispanic or Latino,Male,35-44,95.0,Loan originated
1,635000.0,44,1165000.0,269.0,1,White,Female,35-44,55.0,Loan originated
1,505000.0,41,555000.0,142.0,1,White,Female,35-44,91.636,Loan originated
1,675000.0,48,865000.0,176.0,1,White,Female,45-54,77.45,Loan originated
1,475000.0,37,595000.0,201.0,1,White,Female,<25,80.0,Loan originated
1,585000.0,49,745000.0,120.0,1,White,Male,25-34,79.0,Loan originated
1,1105000.0,43,1375000.0,263.0,1,White,Male,45-54,80.0,Loan originated
1,645000.0,45,925000.0,164.0,1,Asian,Male,35-44,70.0,Loan originated
1,225000.0,50%-60%,495000.0,64.0,1,White,Male,55-64,44.088,Loan originated
1,305000.0,47,805000.0,87.0,1,Asian,Joint,45-54,38.0,Loan originated
1,215000.0,<20%,1155000.0,156.0,1,White,Joint,65-74,18.261,Loan originated
1,595000.0,49,615000.0,134.0,1,White,Joint,35-44,100.0,Loan originated
1,835000.0,20%-<30%,1735000.0,320.0,1,Asian,Joint,25-34,47.977,Loan originated
1,235000.0,38,265000.0,69.0,1,Hispanic or Latino,Joint,25-34,94.717,Application denied
1,575000.0,30%-<36%,725000.0,201.0,1,White,Joint,35-44,80.0,Loan originated
1,625000.0,20%-<30%,775000.0,279.0,1,Asian,Joint,25-34,80.0,Loan originated
1,665000.0,30%-<36%,705000.0,182.0,1,Hispanic or Latino,Joint,<25,95.0,Loan originated
1,465000.0,40,495000.0,159.0,1,Hispanic or Latino,Joint,35-44,95.0,Loan originated
1,925000.0,47,1165000.0,187.0,1,White,Joint,25-34,80.0,Loan originated
1,215000.0,41,265000.0,76.0,1,White,Female,35-44,79.25,Loan originated
1,445000.0,49,555000.0,135.0,1,Hispanic or Latino,Joint,>74,80.0,Loan originated
1,465000.0,45,585000.0,166.0,1,White,Male,35-44,80.0,Loan originated
1,665000.0,46,835000.0,167.0,1,Asian,Female,45-54,80.0,Loan originated
1,215000.0,48,295000.0,44.0,1,Hispanic or Latino,Male,35-44,75.0,Loan originated
1,775000.0,30%-<36%,845000.0,235.0,1,White,Joint,25-34,91.74,Loan originated
1,245000.0,37,325000.0,78.0,1,Hispanic or Latino,Male,35-44,75.0,Loan originated
1,1145000.0,40,1345000.0,312.0,1,Asian,Female,35-44,85.0,Loan originated
1,555000.0,20%-<30%,745000.0,278.0,1,Asian,Male,45-54,79.689,Loan originated
1,355000.0,39,395000.0,88.0,1,Hispanic or Latino,Female,25-34,90.0,Loan originated
1,465000.0,44,535000.0,111.0,1,White,Female,55-64,86.79,Loan originated
1,585000.0,44,605000.0,140.0,1,Hispanic or Latino,Male,25-34,97.0,Loan originated
1,625000.0,41,775000.0,140.0,1,Asian,Male,25-34,80.0,Loan originated
1,545000.0,30%-<36%,755000.0,171.0,1,White,Male,25-34,72.053,Loan originated
1,1055000.0,30%-<36%,1315000.0,325.0,1,Asian,Joint,25-34,80.0,Loan originated
1,455000.0,49,575000.0,217.0,1,Asian,Joint,25-34,80.0,Loan originated
1,595000.0,37,655000.0,137.0,1,Black or African American,Joint,35-44,91.0,Loan originated
1,325000.0,30%-<36%,405000.0,283.0,1,Asian,Joint,35-44,80.0,Loan originated
1,595000.0,49,745000.0,145.0,1,Asian,Female,35-44,80.0,Loan originated
1,915000.0,30%-<36%,965000.0,254.0,1,Asian,Joint,35-44,95.0,Loan originated
1,895000.0,50%-60%,1115000.0,199.0,1,Asian,Male,25-34,80.0,Loan originated
1,535000.0,37,2055000.0,197.0,1,Asian,Joint,35-44,26.098,Loan originated
1,345000.0,<20%,575000.0,273.0,1,Asian,Female,25-34,59.13,Loan originated
1,655000.0,36,905000.0,203.0,1,White,Joint,<25,72.222,Loan originated
1,405000.0,44,705000.0,230.0,1,Asian,Male,45-54,57.143,Loan originated
1,745000.0,47,935000.0,222.0,1,White,Male,35-44,80.0,Loan originated
1,385000.0,49,485000.0,90.0,1,Hispanic or Latino,Male,55-64,80.0,Loan originated
1,735000.0,30%-<36%,975000.0,259.0,1,Asian,Joint,45-54,75.0,Loan originated
1,615000.0,36,685000.0,199.0,1,White,Joint,55-64,89.84,Loan originated
1,435000.0,37,535000.0,147.0,1,Hispanic or Latino,Female,35-44,80.0,Loan originated
1,715000.0,43,895000.0,191.0,1,Asian,Male,35-44,80.0,Loan originated
1,875000.0,30%-<36%,1095000.0,309.0,1,White,Joint,35-44,80.0,Loan originated
1,575000.0,42,735000.0,165.0,1,White,Female,35-44,78.78,Loan originated
1,1005000.0,46,1505000.0,257.0,1,Asian,Joint,45-54,66.521,Loan originated
1,585000.0,36,735000.0,161.0,1,Asian,Female,25-34,79.452,Loan originated
1,665000.0,30%-<36%,835000.0,214.0,1,White,Joint,45-54,80.0,Loan originated
1,505000.0,49,595000.0,162.0,1,White,Joint,35-44,85.0,Loan originated
1,665000.0,>60%,695000.0,196.0,1,White,Joint,45-54,95.0,Application denied
1,645000.0,50%-60%,905000.0,158.0,1,White,Joint,35-44,71.75,Loan originated
1,585000.0,48,615000.0,190.0,1,White,Male,35-44,95.0,Loan originated
1,415000.0,48,515000.0,95.0,1,White,Female,35-44,80.0,Loan originated
1,275000.0,20%-<30%,875000.0,182.0,1,White,Joint,>74,31.429,Loan originated
1,355000.0,48,445000.0,70.0,1,Asian,Female,45-54,80.0,Loan originated
1,755000.0,48,945000.0,223.0,1,Hispanic or Latino,Male,35-44,79.47,Loan originated
1,615000.0,37,865000.0,218.0,1,White,Joint,25-34,70.93,Loan originated
1,655000.0,44,695000.0,169.0,1,Hispanic or Latino,Female,45-54,95.0,Loan originated
1,525000.0,30%-<36%,545000.0,232.0,1,Asian,Joint,25-34,97.0,Loan originated
1,345000.0,49,495000.0,145.0,1,White,Joint,65-74,70.0,Loan originated
1,565000.0,46,625000.0,125.0,1,Other,Female,35-44,90.0,Loan originated
1,695000.0,43,735000.0,208.0,1,Hispanic or Latino,Joint,25-34,95.0,Loan originated
1,445000.0,36,525000.0,146.0,1,Asian,Female,35-44,85.0,Loan originated
1,525000.0,49,545000.0,115.0,1,Hispanic or Latino,Male,55-64,95.0,Loan originated
1,515000.0,46,1025000.0,131.0,1,Asian,Female,<25,50.0,Loan originated
1,385000.0,45,585000.0,201.0,1,Asian,Female,35-44,65.517,Loan originated
1,595000.0,47,665000.0,12.0,1,Asian,Joint,35-44,89.92,Loan originated
1,905000.0,41,1405000.0,441.0,1,White,Female,35-44,64.28,Loan originated
1,1145000.0,<20%,4205000.0,2153.0,1,Asian,Male,25-34,27.377,Loan originated
1,135000.0,<20%,385000.0,89.0,1,White,Male,55-64,34.211,Loan originated
1,1045000.0,20%-<30%,1395000.0,436.0,1,Asian,Joint,35-44,75.0,Loan originated
1,905000.0,30%-<36%,1135000.0,261.0,1,Black or African American,Joint,65-74,80.0,Loan originated
1,475000.0,44,505000.0,113.0,1,White,Female,55-64,95.0,Loan originated
1,235000.0,48,445000.0,76.0,1,White,Female,35-44,51.339,Loan originated
1,125000.0,43,215000.0,62.0,1,White,Female,55-64,58.69,Loan originated
1,895000.0,30%-<36%,1125000.0,280.0,1,White,Female,35-44,80.0,Loan originated
1,225000.0,47,405000.0,60.0,1,Hispanic or Latino,Male,45-54,56.0,Application denied
1,535000.0,48,665000.0,117.0,1,White,Male,25-34,80.0,Loan originated
1,955000.0,38,1005000.0,284.0,1,Asian,Joint,45-54,95.0,Loan originated
1,975000.0,37,1305000.0,267.0,1,White,Male,35-44,74.985,Loan originated
1,975000.0,48,1085000.0,205.0,1,White,Female,35-44,89.99,Loan originated
1,315000.0,30%-<36%,355000.0,235.0,1,White,Male,35-44,89.857,Loan originated
1,325000.0,50%-60%,585000.0,160.0,1,Hispanic or Latino,Female,55-64,56.588,Application denied
1,115000.0,20%-<30%,465000.0,82.0,1,Hispanic or Latino,Male,55-64,25.373,Loan originated
1,375000.0,43,395000.0,106.0,1,Hispanic or Latino,Joint,25-34,95.0,Loan originated
1,335000.0,49,505000.0,70.0,1,Asian,Female,45-54,65.0,Loan originated
1,335000.0,39,425000.0,80.0,1,White,Male,35-44,80.0,Loan originated
1,505000.0,43,785000.0,124.0,1,White,Female,25-34,64.0,Loan originated
1,765000.0,36,1015000.0,347.0,1,Hispanic or Latino,Joint,45-54,75.89,Loan originated
1,345000.0,48,685000.0,137.0,1,White,Joint,65-74,50.736,Loan originated
1,495000.0,47,715000.0,98.0,1,White,Joint,55-64,69.3,Loan originated
1,705000.0,36,885000.0,280.0,1,White,Male,35-44,80.0,Loan originated
1,625000.0,20%-<30%,1025000.0,274.0,1,White,Male,35-44,60.751,Loan originated
1,715000.0,40,845000.0,206.0,1,Asian,Male,45-54,85.0,Loan originated
1,335000.0,<20%,755000.0,380.0,1,White,Male,55-64,45.0,Loan originated
1,615000.0,48,765000.0,285.0,1,Asian,Joint,35-44,80.0,Loan originated
1,605000.0,30%-<36%,1105000.0,185.0,1,White,Female,35-44,54.55,Loan originated
1,405000.0,30%-<36%,855000.0,11.0,1,Asian,Male,25-34,47.06,Loan originated
1,585000.0,43,605000.0,167.0,1,Hispanic or Latino,Joint,25-34,100.0,Loan originated
1,925000.0,49,1025000.0,201.0,1,Asian,Male,35-44,90.0,Loan originated
1,595000.0,41,745000.0,260.0,1,Hispanic or Latino,Male,35-44,80.0,Loan originated
1,735000.0,45,895000.0,209.0,1,Asian,Joint,35-44,81.646,Loan originated
1,505000.0,49,595000.0,118.0,1,White,Male,25-34,84.975,Loan originated
1,765000.0,30%-<36%,805000.0,278.0,1,Hispanic or Latino,Male,35-44,95.0,Loan originated
1,475000.0,30%-<36%,635000.0,144.0,1,Hispanic or Latino,Joint,25-34,75.0,Loan originated
1,305000.0,43,305000.0,132.0,1,Hispanic or Latino,Joint,25-34,100.0,Loan originated
1,1065000.0,30%-<36%,1325000.0,381.0,1,Asian,Joint,25-34,80.0,Loan originated
1,495000.0,44,555000.0,122.0,1,White,Female,25-34,90.0,Loan originated
1,935000.0,47,1835000.0,297.0,1,White,Joint,55-64,50.81,Loan originated
1,395000.0,30%-<36%,495000.0,195.0,1,Asian,Joint,25-34,80.0,Loan originated
1,1145000.0,44,1525000.0,331.0,1,White,Male,35-44,88.11,Loan originated
1,765000.0,36,875000.0,223.0,1,Asian,Joint,35-44,87.857,Loan originated
1,535000.0,47,595000.0,179.0,1,Asian,Male,25-34,90.0,Loan originated
1,445000.0,46,595000.0,276.0,1,Hispanic or Latino,Male,65-74,75.0,Loan originated
1,395000.0,30%-<36%,845000.0,199.0,1,Hispanic or Latino,Male,25-34,46.876,Loan originated
1,235000.0,20%-<30%,335000.0,147.0,1,Asian,Female,35-44,70.501,Loan originated
1,685000.0,46,715000.0,175.0,1,Hispanic or Latino,Joint,25-34,97.0,Loan originated
1,595000.0,43,655000.0,167.0,1,Black or African American,Male,25-34,89.99,Loan originated
1,275000.0,46,425000.0,61.0,1,Hispanic or Latino,Male,35-44,65.65,Loan originated
1,295000.0,46,315000.0,71.0,1,White,Male,25-34,95.0,Loan originated
1,305000.0,50%-60%,475000.0,65.0,1,Hispanic or Latino,Female,35-44,63.83,Application denied
1,685000.0,47,815000.0,167.0,1,Hispanic or Latino,Joint,35-44,85.0,Loan originated
1,255000.0,41,305000.0,116.0,1,White,Female,45-54,86.866,Loan originated
1,285000.0,44,335000.0,54.0,1,Other,Male,65-74,83.33,Application denied
1,605000.0,50%-60%,1425000.0,128.0,1,White,Male,45-54,43.0,Application denied
1,665000.0,49,835000.0,137.0,1,Asian,Joint,35-44,80.0,Loan originated
1,495000.0,44,525000.0,159.0,1,Hispanic or Latino,Joint,55-64,95.0,Loan originated
1,605000.0,45,935000.0,231.0,1,Hispanic or Latino,Female,55-64,65.0,Loan originated
1,425000.0,37,445000.0,107.0,1,Hispanic or Latino,Female,35-44,97.0,Loan originated
1,485000.0,49,605000.0,138.0,1,Hispanic or Latino,Female,45-54,79.901,Loan originated
1,305000.0,44,385000.0,155.0,1,Hispanic or Latino,Joint,35-44,80.0,Loan originated
1,335000.0,48,365000.0,100.0,1,White,Male,25-34,90.0,Loan originated
1,875000.0,>60%,1415000.0,130.0,1,Black or African American,Joint,55-64,61.702,Application denied
1,465000.0,47,485000.0,107.0,1,Hispanic or Latino,Male,35-44,95.0,Loan originated
1,735000.0,20%-<30%,815000.0,422.0,1,Asian,Joint,25-34,89.99,Loan originated
1,325000.0,41,345000.0,98.0,1,Asian,Female,25-34,95.0,Loan originated
1,825000.0,20%-<30%,1325000.0,293.0,1,White,Joint,35-44,62.264,Loan originated
1,625000.0,30%-<36%,785000.0,221.0,1,Hispanic or Latino,Joint,25-34,80.0,Loan originated
1,925000.0,40,1325000.0,237.0,1,White,Female,65-74,70.0,Application denied
1,945000.0,37,1175000.0,284.0,1,Asian,Joint,35-44,80.0,Loan originated
1,995000.0,40,1245000.0,378.0,1,Asian,Joint,35-44,80.0,Loan originated
1,1005000.0,45,1185000.0,333.0,1,White,Joint,35-44,84.737,Loan originated
1,485000.0,44,505000.0,168.0,1,White,Male,25-34,97.0,Loan originated
1,805000.0,41,1645000.0,221.0,1,Asian,Female,25-34,48.56,Loan originated
1,575000.0,48,925000.0,214.0,1,White,Joint,35-44,62.162,Loan originated
1,755000.0,44,1275000.0,208.0,1,White,Female,45-54,60.0,Loan originated
1,395000.0,49,425000.0,87.0,1,Hispanic or Latino,Male,45-54,92.5,Loan originated
1,145000.0,47,255000.0,36.0,1,White,Female,65-74,54.902,Loan originated
1,275000.0,40,305000.0,98.0,1,Hispanic or Latino,Male,45-54,90.0,Loan originated
1,1025000.0,45,1355000.0,211.0,1,White,Female,25-34,80.0,Loan originated
1,595000.0,48,665000.0,135.0,1,Hispanic or Latino,Male,25-34,90.0,Loan originated
1,605000.0,37,755000.0,186.0,1,Asian,Female,25-34,80.0,Loan originated
1,845000.0,36,895000.0,341.0,1,White,Joint,55-64,95.0,Application denied
1,195000.0,20%-<30%,775000.0,124.0,1,White,Joint,35-44,25.325,Loan originated
1,675000.0,46,705000.0,151.0,1,Black or African American,Male,35-44,95.0,Loan originated
1,765000.0,30%-<36%,865000.0,281.0,1,White,Joint,35-44,88.823,Loan originated
1,555000.0,>60%,585000.0,104.0,1,Hispanic or Latino,Female,45-54,95.0,Application denied
1,745000.0,49,1365000.0,155.0,1,Asian,Male,25-34,54.926,Loan originated
1,395000.0,20%-<30%,485000.0,171.0,1,White,Male,35-44,80.0,Loan originated
1,695000.0,49,775000.0,484.0,1,Asian,Male,35-44,90.0,Loan originated
1,405000.0,48,445000.0,90.0,1,Hispanic or Latino,Joint,55-64,98.747,Loan originated
1,525000.0,50%-60%,545000.0,88.0,1,Hispanic or Latino,Female,25-34,100.0,Loan originated
1,645000.0,45,685000.0,135.0,1,White,Male,35-44,95.147,Loan originated
1,275000.0,30%-<36%,975000.0,122.0,1,White,Joint,25-34,89.74,Loan originated
1,655000.0,49,1235000.0,160.0,1,White,Male,55-64,53.144,Loan originated
1,135000.0,39,365000.0,46.0,1,Hispanic or Latino,Male,35-44,91.136,Loan originated
1,685000.0,30%-<36%,765000.0,318.0,1,White,Joint,55-64,90.0,Loan originated
1,335000.0,42,425000.0,133.0,1,White,Female,25-34,80.0,Loan originated
1,285000.0,45,365000.0,84.0,1,Hispanic or Latino,Male,55-64,77.778,Loan originated
1,515000.0,47,635000.0,102.0,1,Asian,Joint,45-54,80.0,Loan originated
1,255000.0,45,555000.0,80.0,1,White,Joint,55-64,45.71,Loan originated
1,645000.0,40,765000.0,143.0,1,Asian,Female,25-34,85.0,Loan originated
1,835000.0,48,875000.0,174.0,1,Hispanic or Latino,Female,25-34,94.97,Loan originated
1,545000.0,<20%,985000.0,475.0,1,White,Joint,35-44,55.0,Loan originated
1,285000.0,44,315000.0,89.0,1,White,Joint,25-34,90.0,Loan originated
1,505000.0,30%-<36%,675000.0,185.0,1,White,Female,35-44,75.0,Loan originated
1,65000.0,42,865000.0,45.0,1,Hispanic or Latino,Male,45-54,7.5,Application denied
1,675000.0,50%-60%,975000.0,146.0,1,White,Male,35-44,69.31,Loan originated
1,425000.0,20%-<30%,2555000.0,219.0,1,White,Female,45-54,16.667,Loan originated
1,1055000.0,41,1355000.0,257.0,1,Asian,Female,25-34,77.48,Loan originated
1,515000.0,>60%,1165000.0,99.0,1,White,Joint,55-64,43.966,Loan originated
1,275000.0,46,485000.0,117.0,1,White,Joint,65-74,58.0,Loan originated
1,415000.0,47,515000.0,95.0,1,Asian,Female,55-64,80.0,Loan originated
1,765000.0,30%-<36%,955000.0,232.0,1,Asian,Joint,25-34,80.0,Loan originated
1,1065000.0,30%-<36%,1465000.0,368.0,1,White,Joint,25-34,72.75,Loan originated
1,565000.0,41,705000.0,223.0,1,Hispanic or Latino,Joint,35-44,80.0,Loan originated
1,705000.0,49,1005000.0,163.0,1,White,Joint,35-44,70.0,Loan originated
1,875000.0,50%-60%,1025000.0,133.0,1,Hispanic or Latino,Male,35-44,85.409,Loan originated
1,455000.0,49,505000.0,190.0,1,White,Joint,25-34,90.0,Loan originated
1,765000.0,20%-<30%,1075000.0,287.0,1,Asian,Male,45-54,71.256,Loan originated
1,655000.0,49,1155000.0,187.0,1,White,Joint,45-54,57.0,Loan originated
1,755000.0,30%-<36%,835000.0,312.0,1,Black or African American,Male,35-44,90.0,Loan originated
1,295000.0,47,365000.0,95.0,1,Hispanic or Latino,Joint,45-54,80.0,Loan originated
1,525000.0,48,585000.0,160.0,1,Asian,Female,55-64,90.0,Loan originated
1,565000.0,43,805000.0,132.0,1,Asian,Female,<25,70.0,Loan originated
1,375000.0,49,705000.0,138.0,1,Asian,Female,45-54,53.39,Loan originated
1,485000.0,43,515000.0,122.0,1,Hispanic or Latino,Male,25-34,95.0,Loan originated
1,675000.0,37,715000.0,168.0,1,White,Male,35-44,95.0,Loan originated
1,675000.0,30%-<36%,845000.0,317.0,1,White,Joint,35-44,80.0,Loan originated
1,355000.0,45,445000.0,122.0,1,White,Female,35-44,80.0,Loan originated
1,615000.0,47,1365000.0,159.0,1,White,Joint,55-64,45.0,Loan originated
1,735000.0,30%-<36%,915000.0,277.0,1,White,Joint,35-44,80.0,Loan originated
1,525000.0,30%-<36%,925000.0,155.0,1,Asian,Female,25-34,56.76,Loan originated
1,745000.0,44,925000.0,247.0,1,White,Joint,35-44,80.0,Loan originated
1,385000.0,50%-60%,405000.0,72.0,1,Hispanic or Latino,Male,25-34,95.0,Loan originated
1,585000.0,49,855000.0,110.0,1,Hispanic or Latino,Female,45-54,69.059,Loan originated
1,905000.0,36,1125000.0,257.0,1,White,Male,35-44,80.0,Loan originated
1,595000.0,48,735000.0,130.0,1,White,Joint,25-34,80.0,Loan originated
1,485000.0,30%-<36%,495000.0,179.0,1,Asian,Male,25-34,97.0,Loan originated
1,55000.0,39,105000.0,79.0,1,White,Joint,>74,51.58,Application denied
1,485000.0,44,475000.0,120.0,1,Asian,Joint,35-44,101.75,Loan originated
1,105000.0,39,525000.0,38.0,1,Hispanic or Latino,Female,55-64,19.048,Loan originated
1,405000.0,40,425000.0,93.0,1,White,Male,35-44,95.0,Loan originated
1,1065000.0,45,1255000.0,316.0,1,Hispanic or Latino,Joint,35-44,85.0,Loan originated
1,475000.0,44,515000.0,108.0,1,Hispanic or Latino,Joint,65-74,92.5,Loan originated
1,625000.0,45,765000.0,217.0,1,Hispanic or Latino,Male,45-54,84.797,Loan originated
1,765000.0,41,815000.0,244.0,1,White,Female,35-44,94.63,Loan originated
1,545000.0,49,855000.0,99.0,1,White,Joint,65-74,63.529,Loan originated
1,65000.0,20%-<30%,115000.0,82.0,1,White,Female,65-74,50.0,Loan originated
1,635000.0,47,795000.0,174.0,1,Asian,Male,25-34,79.99,Loan originated
1,435000.0,40,485000.0,193.0,1,Hispanic or Latino,Joint,35-44,90.0,Loan originated
1,645000.0,44,775000.0,135.0,1,Hispanic or Latino,Joint,35-44,102.355,Loan originated
1,345000.0,49,425000.0,64.0,1,White,Female,25-34,80.0,Loan originated
1,1105000.0,<20%,2205000.0,712.0,1,White,Joint,35-44,50.0,Loan originated
1,565000.0,45,755000.0,112.0,1,Asian,Joint,45-54,95.0,Loan originated
1,325000.0,36,525000.0,166.0,1,Asian,Female,35-44,71.964,Loan originated
1,765000.0,48,965000.0,166.0,1,Asian,Male,25-34,79.849,Loan originated
1,885000.0,38,1105000.0,318.0,1,White,Joint,35-44,80.0,Loan originated
1,1055000.0,42,1505000.0,287.0,1,Asian,Male,45-54,70.0,Loan originated
1,455000.0,30%-<36%,565000.0,140.0,1,White,Male,25-34,80.0,Loan originated
1,325000.0,49,365000.0,75.0,1,Asian,Joint,25-34,90.0,Loan originated
1,305000.0,47,615000.0,104.0,1,Black or African American,Joint,55-64,48.394,Loan originated
1,355000.0,49,415000.0,72.0,1,White,Female,45-54,85.0,Loan originated
1,135000.0,20%-<30%,405000.0,74.0,1,White,Female,65-74,33.75,Loan originated
1,695000.0,38,735000.0,276.0,1,White,Joint,35-44,95.0,Loan originated
1,505000.0,<20%,1075000.0,0.0,1,White,Male,35-44,47.0,Application denied
1,1085000.0,20%-<30%,1255000.0,381.0,1,White,Male,45-54,86.4,Loan originated
1,365000.0,42,455000.0,73.0,1,White,Female,25-34,80.0,Loan originated
1,1045000.0,47,1605000.0,277.0,1,Asian,Male,35-44,65.0,Loan originated
1,355000.0,49,435000.0,71.0,1,Asian,Female,>74,80.0,Loan originated
1,165000.0,44,255000.0,55.0,1,Hispanic or Latino,Joint,45-54,64.706,Loan originated
1,675000.0,45,1175000.0,234.0,1,White,Joint,65-74,57.501,Loan originated
1,605000.0,39,805000.0,246.0,1,Asian,Joint,35-44,75.0,Loan originated
1,1105000.0,>60%,1225000.0,103.0,1,Asian,Female,35-44,90.0,Application denied
1,125000.0,39,135000.0,101.0,1,Hispanic or Latino,Joint,25-34,90.0,Loan originated
1,275000.0,30%-<36%,475000.0,85.0,1,White,Joint,35-44,58.421,Loan originated
1,565000.0,48,665000.0,113.0,1,Hispanic or Latino,Joint,25-34,85.0,Loan originated
1,745000.0,30%-<36%,785000.0,309.0,1,Asian,Joint,35-44,95.0,Loan originated
1,515000.0,47,575000.0,153.0,1,White,Female,25-34,89.6,Loan originated
1,1005000.0,<20%,2925000.0,922.0,1,Asian,Male,45-54,34.188,Loan originated
1,635000.0,30%-<36%,785000.0,292.0,1,White,Female,45-54,80.0,Loan originated
1,695000.0,49,865000.0,194.0,1,Asian,Joint,25-34,80.0,Loan originated
1,185000.0,20%-<30%,315000.0,225.0,1,White,Male,55-64,60.0,Loan originated
1,405000.0,30%-<36%,875000.0,170.0,1,Hispanic or Latino,Female,55-64,45.733,Loan originated
1,455000.0,>60%,665000.0,40.0,1,Asian,Male,25-34,68.0,Application denied
1,575000.0,20%-<30%,1075000.0,515.0,1,Asian,Male,35-44,53.661,Loan originated
1,495000.0,48,525000.0,102.0,1,Hispanic or Latino,Male,35-44,98.0,Loan originated
1,855000.0,30%-<36%,1145000.0,330.0,1,Asian,Joint,25-34,75.0,Loan originated
1,125000.0,37,125000.0,45.0,1,Asian,Male,25-34,100.64,Application denied
1,515000.0,43,735000.0,282.0,1,Asian,Female,55-64,70.0,Loan originated
1,495000.0,49,755000.0,160.0,1,White,Female,25-34,65.333,Loan originated
1,655000.0,40,825000.0,258.0,1,Hispanic or Latino,Male,<25,78.79,Loan originated
1,555000.0,44,695000.0,125.0,1,Hispanic or Latino,Female,35-44,100.0,Loan originated
1,475000.0,45,525000.0,108.0,1,Asian,Joint,45-54,90.0,Loan originated
1,855000.0,49,905000.0,262.0,1,White,Joint,45-54,95.0,Loan originated
1,405000.0,49,505000.0,76.0,1,White,Male,<25,80.0,Loan originated
1,525000.0,48,705000.0,119.0,1,Hispanic or Latino,Male,45-54,75.0,Loan originated
1,715000.0,30%-<36%,755000.0,236.0,1,Other,Joint,35-44,95.0,Loan originated
1,265000.0,41,415000.0,68.0,1,White,Joint,65-74,64.0,Loan originated
1,445000.0,48,535000.0,89.0,1,Black or African American,Female,25-34,103.83,Loan originated
1,275000.0,30%-<36%,775000.0,92.0,1,White,Female,65-74,35.569,Loan originated
1,755000.0,30%-<36%,835000.0,246.0,1,White,Female,35-44,93.79,Loan originated
1,765000.0,45,855000.0,207.0,1,White,Joint,45-54,89.988,Loan originated
1,485000.0,47,515000.0,137.0,1,Hispanic or Latino,Male,25-34,95.0,Loan originated
1,85000.0,30%-<36%,115000.0,102.0,1,White,Joint,35-44,71.76,Loan originated
1,615000.0,41,645000.0,244.0,1,White,Joint,35-44,95.0,Loan originated
1,505000.0,30%-<36%,635000.0,208.0,1,Hispanic or Latino,Joint,35-44,80.0,Loan originated
1,55000.0,47,85000.0,47.0,1,Asian,Male,55-64,65.0,Application denied
1,95000.0,38,295000.0,117.0,1,White,Female,65-74,30.89,Loan originated
1,555000.0,42,695000.0,332.0,1,Asian,Joint,25-34,80.0,Loan originated
1,625000.0,36,1045000.0,183.0,1,Hispanic or Latino,Female,35-44,60.0,Loan originated
1,385000.0,37,515000.0,104.0,1,White,Male,25-34,75.0,Loan originated
1,255000.0,45,585000.0,76.0,1,Hispanic or Latino,Female,65-74,43.0,Loan originated
1,665000.0,49,705000.0,215.0,1,Hispanic or Latino,Joint,35-44,95.0,Loan originated
1,1095000.0,49,1155000.0,292.0,1,White,Joint,25-34,95.0,Loan originated
1,535000.0,44,565000.0,120.0,1,Hispanic or Latino,Male,35-44,95.0,Loan originated
1,425000.0,47,525000.0,84.0,1,Hispanic or Latino,Male,35-44,80.0,Loan originated
1,455000.0,40,535000.0,185.0,1,White,Joint,35-44,86.0,Loan originated
1,335000.0,20%-<30%,425000.0,207.0,1,Hispanic or Latino,Male,45-54,80.0,Loan originated
1,605000.0,30%-<36%,1235000.0,323.0,1,Asian,Female,25-34,48.43,Loan originated
1,1005000.0,20%-<30%,1145000.0,841.0,1,Hispanic or Latino,Female,45-54,88.189,Application denied
1,295000.0,41,355000.0,70.0,1,Hispanic or Latino,Joint,25-34,85.0,Loan originated
1,675000.0,30%-<36%,1475000.0,202.0,1,White,Joint,35-44,94.0,Loan originated
1,665000.0,42,705000.0,249.0,1,Black or African American,Male,35-44,98.325,Loan originated
1,705000.0,45,885000.0,150.0,1,White,Male,25-34,80.0,Loan originated
1,345000.0,48,425000.0,88.0,1,White,Female,45-54,80.0,Loan originated
1,485000.0,20%-<30%,545000.0,475.0,1,White,Male,55-64,90.0,Loan originated
1,805000.0,37,1005000.0,451.0,1,Asian,Joint,35-44,80.0,Loan originated
1,315000.0,49,325000.0,65.0,1,White,Female,25-34,100.0,Loan originated
1,465000.0,45,475000.0,124.0,1,Hispanic or Latino,Male,25-34,99.064,Application denied
1,555000.0,42,615000.0,322.0,1,White,Male,45-54,89.98,Loan originated
1,435000.0,43,455000.0,94.0,1,White,Female,<25,97.0,Loan originated
1,335000.0,45,425000.0,170.0,1,White,Joint,55-64,80.0,Loan originated
1,145000.0,50%-60%,195000.0,84.0,1,White,Joint,55-64,75.92,Loan originated
1,475000.0,49,975000.0,155.0,1,Asian,Joint,25-34,48.623,Loan originated
1,335000.0,42,735000.0,122.0,1,Hispanic or Latino,Joint,35-44,46.0,Loan originated
1,535000.0,41,1285000.0,147.0,1,Asian,Male,25-34,41.191,Loan originated
1,495000.0,36,615000.0,151.0,1,Asian,Female,25-34,80.0,Loan originated
1,405000.0,42,545000.0,130.0,1,White,Female,45-54,75.0,Loan originated
1,865000.0,42,1075000.0,722.0,1,White,Joint,65-74,80.0,Loan originated
1,335000.0,20%-<30%,505000.0,261.0,1,White,Joint,>74,65.62,Loan originated
1,675000.0,40,705000.0,180.0,1,Hispanic or Latino,Male,35-44,95.0,Loan originated
1,105000.0,36,665000.0,60.0,1,White,Female,>74,15.152,Loan originated
1,395000.0,30%-<36%,525000.0,116.0,1,Asian,Male,25-34,75.0,Loan originated
1,255000.0,48,695000.0,96.0,1,White,Joint,65-74,36.232,Loan originated
1,555000.0,30%-<36%,615000.0,259.0,1,White,Joint,55-64,90.0,Loan originated
1,945000.0,38,1185000.0,279.0,1,Asian,Male,35-44,80.0,Loan originated
1,545000.0,37,575000.0,131.0,1,Black or African American,Male,35-44,95.0,Loan originated
1,285000.0,<20%,355000.0,1048.0,1,White,Joint,55-64,80.0,Loan originated
1,695000.0,37,755000.0,189.0,1,Asian,Male,35-44,93.0,Loan originated
1,425000.0,20%-<30%,435000.0,178.0,1,Black or African American,Female,45-54,97.0,Loan originated
1,375000.0,41,535000.0,273.0,1,Hispanic or Latino,Male,35-44,70.0,Loan originated
1,1165000.0,40,1455000.0,278.0,1,Hispanic or Latino,Female,55-64,80.0,Loan originated
1,685000.0,40,975000.0,235.0,1,Asian,Male,45-54,70.0,Loan originated
1,765000.0,20%-<30%,1655000.0,449.0,1,White,Joint,45-54,46.364,Loan originated
1,515000.0,<20%,655000.0,271.0,1,White,Male,25-34,78.57,Loan originated
1,505000.0,47,1005000.0,164.0,1,White,Female,45-54,50.505,Loan originated
1,1035000.0,40,1435000.0,256.0,1,Asian,Male,25-34,72.075,Loan originated
1,495000.0,42,525000.0,136.0,1,Hispanic or Latino,Male,25-34,95.0,Loan originated
1,205000.0,30%-<36%,295000.0,81.0,1,Asian,Female,45-54,70.0,Loan originated
1,375000.0,46,785000.0,100.0,1,Asian,Joint,25-34,47.611,Loan originated
1,505000.0,43,2565000.0,181.0,1,White,Female,65-74,19.512,Loan originated
1,805000.0,46,1535000.0,180.0,1,Asian,Male,25-34,53.0,Loan originated
1,455000.0,46,595000.0,130.0,1,Asian,Joint,55-64,76.0,Loan originated
1,215000.0,45,535000.0,89.0,1,White,Male,>74,39.104,Loan originated
1,295000.0,43,365000.0,75.0,1,Hispanic or Latino,Female,55-64,79.86,Loan originated
1,545000.0,49,575000.0,125.0,1,Asian,Male,<25,94.461,Loan originated
1,495000.0,44,555000.0,144.0,1,White,Male,25-34,90.0,Loan originated
1,565000.0,37,755000.0,149.0,1,Asian,Male,25-34,75.0,Loan originated
1,585000.0,30%-<36%,975000.0,195.0,1,Asian,Joint,25-34,60.0,Loan originated
1,695000.0,49,715000.0,169.0,1,Hispanic or Latino,Joint,35-44,97.0,Loan originated
1,405000.0,49,605000.0,83.0,1,Asian,Female,35-44,68.0,Loan originated
1,765000.0,36,915000.0,217.0,1,White,Joint,35-44,83.551,Loan originated
1,905000.0,41,1205000.0,235.0,1,White,Male,45-54,75.0,Loan originated
1,805000.0,46,1905000.0,543.0,1,White,Joint,55-64,42.105,Loan originated
1,765000.0,44,855000.0,160.0,1,Hispanic or Latino,Joint,25-34,90.0,Loan originated
1,825000.0,42,1155000.0,196.0,1,Asian,Male,35-44,71.8,Loan originated
1,575000.0,20%-<30%,645000.0,408.0,1,Hispanic or Latino,Male,35-44,90.0,Application denied
1,455000.0,40,515000.0,129.0,1,Hispanic or Latino,Joint,25-34,90.0,Loan originated
1,705000.0,<20%,3595000.0,561.0,1,Asian,Joint,35-44,19.499,Loan originated
1,1045000.0,39,1405000.0,251.0,1,White,Male,55-64,74.643,Loan originated
1,505000.0,46,515000.0,99.0,1,Hispanic or Latino,Male,25-34,97.0,Loan originated
1,355000.0,41,445000.0,91.0,1,White,Male,25-34,80.0,Loan originated
1,385000.0,41,835000.0,267.0,1,White,Male,35-44,45.455,Loan originated
1,645000.0,44,925000.0,138.0,1,Asian,Joint,25-34,70.0,Loan originated
1,745000.0,47,935000.0,158.0,1,White,Female,35-44,80.0,Loan originated
1,475000.0,>60%,505000.0,131.0,1,White,Male,35-44,95.0,Application denied
1,475000.0,48,505000.0,125.0,1,Hispanic or Latino,Female,25-34,95.0,Loan originated
1,405000.0,30%-<36%,505000.0,135.0,1,White,Joint,25-34,80.0,Loan originated
1,855000.0,41,1305000.0,342.0,1,Hispanic or Latino,Male,45-54,65.385,Loan originated
1,625000.0,49,665000.0,115.0,1,Hispanic or Latino,Joint,25-34,94.809,Loan originated
1,475000.0,37,825000.0,136.0,1,White,Female,45-54,58.0,Loan originated
1,465000.0,>60%,485000.0,81.0,1,Hispanic or Latino,Joint,35-44,102.208,Application denied
1,305000.0,45,385000.0,81.0,1,Hispanic or Latino,Male,55-64,80.0,Loan originated
1,475000.0,43,595000.0,139.0,1,Hispanic or Latino,Male,55-64,80.0,Loan originated
1,1125000.0,42,1405000.0,489.0,1,Asian,Female,35-44,80.0,Loan originated
1,725000.0,20%-<30%,805000.0,274.0,1,White,Joint,35-44,90.0,Loan originated
1,565000.0,44,705000.0,128.0,1,Asian,Joint,25-34,80.0,Loan originated
1,145000.0,47,595000.0,59.0,1,Hispanic or Latino,Joint,65-74,25.0,Loan originated
1,505000.0,39,525000.0,168.0,1,Asian,Joint,25-34,95.0,Loan originated
1,595000.0,49,695000.0,144.0,1,Asian,Male,25-34,85.0,Loan originated
1,175000.0,48,185000.0,46.0,1,Hispanic or Latino,Male,65-74,95.0,Loan originated
1,505000.0,39,1405000.0,312.0,1,Asian,Male,35-44,35.714,Loan originated
1,425000.0,38,755000.0,150.0,1,Asian,Female,25-34,56.0,Loan originated
1,735000.0,47,915000.0,485.0,1,Asian,Female,<25,79.93,Loan originated
1,465000.0,20%-<30%,585000.0,161.0,1,Hispanic or Latino,Male,35-44,80.0,Loan originated
1,405000.0,44,425000.0,91.0,1,Asian,Male,35-44,95.0,Loan originated
1,475000.0,43,635000.0,118.0,1,Asian,Female,55-64,74.96,Loan originated
1,245000.0,43,695000.0,80.0,1,White,Male,45-54,35.622,Loan originated
1,605000.0,20%-<30%,1525000.0,272.0,1,Asian,Male,45-54,39.47,Loan originated
1,825000.0,48,1105000.0,225.0,1,White,Male,45-54,75.0,Loan originated
1,455000.0,48,505000.0,203.0,1,White,Joint,35-44,90.0,Loan originated
1,525000.0,44,755000.0,144.0,1,Asian,Female,45-54,69.814,Loan originated
1,545000.0,30%-<36%,685000.0,162.0,1,White,Male,55-64,80.0,Loan originated
1,465000.0,37,575000.0,187.0,1,Hispanic or Latino,Joint,65-74,80.0,Loan originated
1,205000.0,30%-<36%,795000.0,88.0,1,White,Male,55-64,25.32,Loan originated
1,205000.0,46,815000.0,55.0,1,Asian,Female,35-44,25.0,Loan originated
1,745000.0,45,935000.0,164.0,1,Hispanic or Latino,Female,35-44,80.0,Loan originated
1,805000.0,49,855000.0,186.0,1,White,Male,35-44,94.529,Loan originated
1,515000.0,47,685000.0,144.0,1,Asian,Joint,25-34,95.0,Loan originated
1,965000.0,30%-<36%,1215000.0,366.0,1,Asian,Joint,35-44,80.0,Loan originated
1,455000.0,30%-<36%,1905000.0,203.0,1,White,Male,45-54,23.731,Loan originated
1,765000.0,44,955000.0,421.0,1,White,Male,25-34,80.0,Loan originated
1,495000.0,47,555000.0,225.0,1,Asian,Male,55-64,89.189,Loan originated
1,355000.0,49,505000.0,87.0,1,White,Female,25-34,71.0,Loan originated
1,415000.0,36,725000.0,133.0,1,White,Female,45-54,58.0,Loan originated
1,355000.0,45,375000.0,95.0,1,Hispanic or Latino,Female,45-54,100.0,Loan originated
1,855000.0,30%-<36%,1155000.0,247.0,1,White,Joint,35-44,73.92,Loan originated
1,555000.0,39,585000.0,176.0,1,White,Joint,45-54,95.0,Loan originated
1,545000.0,44,675000.0,158.0,1,Asian,Male,35-44,80.0,Loan originated
1,465000.0,49,905000.0,202.0,1,White,Male,35-44,50.829,Loan originated
1,385000.0,48,435000.0,123.0,1,Hispanic or Latino,Male,45-54,90.0,Application denied
1,255000.0,40,275000.0,76.0,1,White,Male,25-34,92.661,Loan originated
1,1005000.0,39,1255000.0,260.0,1,Hispanic or Latino,Female,25-34,80.0,Loan originated
1,335000.0,20%-<30%,375000.0,155.0,1,Hispanic or Latino,Joint,35-44,90.0,Loan originated
1,925000.0,45,1025000.0,226.0,1,White,Joint,35-44,89.9,Loan originated
1,995000.0,46,1325000.0,325.0,1,Asian,Joint,25-34,75.0,Loan originated
1,325000.0,44,335000.0,98.0,1,Hispanic or Latino,Female,25-34,100.0,Loan originated
1,475000.0,36,505000.0,139.0,1,White,Female,45-54,95.0,Loan originated
1,965000.0,40,1205000.0,272.0,1,Asian,Male,35-44,80.0,Loan originated
1,975000.0,42,1225000.0,397.0,1,Asian,Male,55-64,79.559,Loan originated
1,605000.0,49,675000.0,168.0,1,Asian,Joint,35-44,89.99,Loan originated
1,435000.0,46,425000.0,84.0,1,Hispanic or Latino,Joint,35-44,102.0,Application denied
1,665000.0,45,745000.0,156.0,1,Hispanic or Latino,Joint,35-44,90.0,Loan originated
1,475000.0,49,605000.0,96.0,1,Asian,Joint,45-54,77.19,Loan originated
1,745000.0,41,935000.0,255.0,1,Asian,Joint,35-44,80.0,Loan originated
1,755000.0,41,1015000.0,282.0,1,Asian,Joint,55-64,87.5,Loan originated
1,455000.0,46,505000.0,98.0,1,Hispanic or Latino,Male,45-54,90.0,Loan originated
1,1045000.0,30%-<36%,1305000.0,357.0,1,Asian,Male,25-34,80.0,Loan originated
1,365000.0,40,385000.0,209.0,1,White,Joint,35-44,97.0,Loan originated
1,255000.0,30%-<36%,415000.0,74.0,1,Hispanic or Latino,Male,45-54,60.976,Loan originated
1,935000.0,37,1305000.0,288.0,1,White,Joint,35-44,72.06,Loan originated
1,715000.0,42,895000.0,221.0,1,Asian,Male,25-34,80.0,Loan originated
1,605000.0,36,885000.0,244.0,1,Asian,Female,45-54,68.182,Loan originated
1,485000.0,49,575000.0,183.0,1,White,Joint,35-44,85.0,Loan originated
1,615000.0,44,815000.0,151.0,1,Hispanic or Latino,Male,35-44,75.0,Loan originated
1,355000.0,37,365000.0,120.0,1,Hispanic or Latino,Male,<25,97.0,Loan originated
1,655000.0,37,855000.0,265.0,1,White,Female,55-64,76.471,Loan originated
1,665000.0,44,825000.0,163.0,1,White,Joint,25-34,80.0,Loan originated
1,685000.0,43,835000.0,233.0,1,White,Female,35-44,81.753,Loan originated
1,715000.0,49,955000.0,275.0,1,Asian,Female,45-54,75.0,Loan originated
1,535000.0,49,595000.0,115.0,1,Black or African American,Joint,35-44,90.0,Loan originated
1,765000.0,20%-<30%,855000.0,250.0,1,White,Joint,35-44,90.182,Loan originated
1,545000.0,20%-<30%,585000.0,193.0,1,White,Male,35-44,93.13,Loan originated
1,825000.0,49,1585000.0,171.0,1,Asian,Female,35-44,52.215,Loan originated
1,495000.0,42,625000.0,159.0,1,Asian,Female,25-34,79.355,Loan originated
1,295000.0,49,365000.0,64.0,1,Hispanic or Latino,Male,25-34,80.0,Loan originated
1,645000.0,<20%,855000.0,368.0,1,Hispanic or Latino,Joint,35-44,75.0,Loan originated
1,345000.0,30%-<36%,355000.0,141.0,1,Hispanic or Latino,Joint,25-34,97.0,Loan originated
1,515000.0,48,645000.0,208.0,1,Asian,Male,25-34,80.0,Loan originated
1,705000.0,20%-<30%,875000.0,522.0,1,Hispanic or Latino,Female,25-34,80.0,Loan originated
1,385000.0,43,425000.0,87.0,1,Hispanic or Latino,Joint,45-54,92.0,Loan originated
1,355000.0,48,845000.0,83.0,1,Asian,Female,35-44,41.31,Loan originated
1,385000.0,38,525000.0,106.0,1,Asian,Female,55-64,73.077,Loan originated
1,205000.0,30%-<36%,495000.0,68.0,1,Hispanic or Latino,Female,>74,41.0,Loan originated
1,205000.0,20%-<30%,345000.0,98.0,1,White,Male,55-64,58.824,Loan originated
1,355000.0,46,475000.0,104.0,1,Asian,Female,45-54,73.684,Loan originated
1,325000.0,30%-<36%,1005000.0,194.0,1,White,Joint,35-44,32.5,Loan originated
1,355000.0,44,355000.0,94.0,1,Hispanic or Latino,Male,<25,101.75,Loan originated
1,975000.0,46,1305000.0,203.0,1,White,Joint,45-54,75.0,Loan originated
1,175000.0,42,455000.0,63.0,1,White,Male,35-44,37.363,Application denied
1,345000.0,49,1085000.0,105.0,1,Asian,Joint,35-44,32.21,Loan originated
1,415000.0,43,525000.0,90.0,1,Asian,Male,25-34,80.0,Loan originated
1,355000.0,48,435000.0,85.0,1,White,Male,25-34,80.0,Loan originated
1,505000.0,30%-<36%,795000.0,212.0,1,Asian,Joint,35-44,62.89,Loan originated
1,755000.0,20%-<30%,1265000.0,307.0,1,Asian,Male,25-34,60.0,Application denied
1,225000.0,43,905000.0,121.0,1,White,Joint,65-74,25.0,Loan originated
1,155000.0,20%-<30%,785000.0,104.0,1,Hispanic or Latino,Male,<25,20.0,Loan originated
1,825000.0,39,1105000.0,428.0,1,Asian,Male,55-64,75.0,Loan originated
1,185000.0,47,235000.0,64.0,1,Asian,Female,55-64,80.0,Application denied
1,765000.0,<20%,965000.0,588.0,1,Hispanic or Latino,Female,25-34,80.0,Loan originated
1,415000.0,38,555000.0,105.0,1,Asian,Male,25-34,75.0,Loan originated
1,515000.0,30%-<36%,645000.0,194.0,1,White,Male,25-34,80.0,Loan originated
1,895000.0,41,1005000.0,248.0,1,Asian,Joint,35-44,88.911,Loan originated
1,345000.0,20%-<30%,535000.0,143.0,1,White,Female,45-54,64.67,Loan originated
1,125000.0,20%-<30%,135000.0,105.0,1,Asian,Joint,65-74,97.07,Application denied
1,545000.0,46,575000.0,215.0,1,Hispanic or Latino,Joint,<25,95.0,Loan originated
1,525000.0,45,775000.0,114.0,1,Asian,Male,65-74,67.1,Loan originated
1,1045000.0,48,1305000.0,252.0,1,Hispanic or Latino,Male,35-44,80.0,Loan originated
1,845000.0,40,945000.0,268.0,1,Asian,Joint,35-44,89.42,Loan originated
1,765000.0,46,855000.0,168.0,1,Hispanic or Latino,Joint,35-44,90.0,Loan originated
1,695000.0,20%-<30%,825000.0,432.0,1,Asian,Joint,35-44,84.99,Loan originated
1,505000.0,48,995000.0,166.0,1,Asian,Male,35-44,50.15,Loan originated
1,565000.0,47,715000.0,127.0,1,White,Male,55-64,79.999,Loan originated
1,645000.0,37,895000.0,203.0,1,Asian,Male,45-54,72.212,Loan originated
1,235000.0,49,315000.0,62.0,1,White,Male,45-54,75.0,Loan originated
1,415000.0,45,445000.0,105.0,1,White,Male,<25,94.0,Loan originated
1,725000.0,45,1045000.0,272.0,1,White,Joint,25-34,70.0,Loan originated
1,405000.0,47,465000.0,151.0,1,Asian,Joint,45-54,89.0,Loan originated
1,625000.0,30%-<36%,775000.0,250.0,1,White,Joint,35-44,80.0,Loan originated
1,1435000.0,46,1515000.0,363.0,1,Black or African American,Male,25-34,95.0,Loan originated
1,315000.0,49,465000.0,83.0,1,Hispanic or Latino,Joint,35-44,67.889,Application denied
1,425000.0,20%-<30%,525000.0,178.0,1,White,Joint,45-54,80.0,Loan originated
1,465000.0,37,585000.0,149.0,1,White,Female,35-44,80.0,Loan originated
1,585000.0,37,615000.0,180.0,1,Hispanic or Latino,Joint,25-34,95.45,Loan originated
1,515000.0,40,525000.0,141.0,1,Hispanic or Latino,Male,25-34,97.0,Loan originated
1,365000.0,30%-<36%,385000.0,161.0,1,White,Male,25-34,95.0,Loan originated
1,1005000.0,20%-<30%,2085000.0,675.0,1,White,Male,25-34,48.077,Loan originated
1,285000.0,47,375000.0,81.0,1,Hispanic or Latino,Male,45-54,75.0,Loan originated
1,565000.0,40,595000.0,155.0,1,Asian,Female,35-44,94.992,Loan originated
1,385000.0,<20%,475000.0,360.0,1,Asian,Female,45-54,80.0,Loan originated
1,455000.0,45,645000.0,253.0,1,White,Joint,55-64,70.0,Loan originated
1,495000.0,30%-<36%,775000.0,164.0,1,Hispanic or Latino,Female,45-54,63.64,Loan originated
1,415000.0,40,615000.0,134.0,1,White,Joint,65-74,67.362,Loan originated
1,75000.0,49,135000.0,37.0,1,Hispanic or Latino,Female,35-44,95.0,Loan originated
1,405000.0,20%-<30%,515000.0,302.0,1,White,Joint,25-34,80.0,Loan originated
1,305000.0,44,1225000.0,105.0,1,Asian,Female,65-74,25.0,Loan originated
1,505000.0,30%-<36%,555000.0,176.0,1,Hispanic or Latino,Joint,35-44,90.0,Loan originated
1,655000.0,39,715000.0,157.0,1,White,Female,35-44,91.329,Loan originated
1,615000.0,30%-<36%,645000.0,211.0,1,White,Joint,45-54,95.0,Loan originated
1,695000.0,30%-<36%,995000.0,313.0,1,Asian,Joint,35-44,69.86,Loan originated
1,235000.0,20%-<30%,785000.0,311.0,1,White,Joint,55-64,29.936,Loan originated
1,625000.0,40,785000.0,222.0,1,White,Joint,25-34,80.0,Loan originated
1,255000.0,41,275000.0,100.0,1,Hispanic or Latino,Male,45-54,95.0,Loan originated
1,1005000.0,20%-<30%,1955000.0,455.0,1,White,Joint,25-34,51.282,Loan originated
1,375000.0,43,655000.0,107.0,1,Asian,Female,35-44,57.829,Loan originated
1,645000.0,44,715000.0,148.0,1,Asian,Male,25-34,90.0,Loan originated
1,645000.0,40,945000.0,165.0,1,White,Female,45-54,68.25,Loan originated
1,505000.0,30%-<36%,825000.0,168.0,1,Asian,Joint,25-34,61.22,Loan originated
1,295000.0,43,525000.0,72.0,1,White,Female,25-34,56.731,Loan originated
1,485000.0,49,535000.0,104.0,1,Hispanic or Latino,Male,25-34,90.0,Loan originated
1,685000.0,47,725000.0,180.0,1,Hispanic or Latino,Joint,35-44,95.0,Loan originated
1,465000.0,43,715000.0,109.0,1,Hispanic or Latino,Male,55-64,64.607,Loan originated
1,755000.0,38,1755000.0,414.0,1,White,Joint,45-54,42.857,Loan originated
1,975000.0,30%-<36%,1305000.0,319.0,1,White,Male,45-54,75.0,Loan originated
1,965000.0,47,1205000.0,209.0,1,Asian,Male,25-34,80.0,Loan originated
1,625000.0,47,785000.0,182.0,1,White,Female,45-54,80.0,Loan originated
1,275000.0,49,475000.0,74.0,1,Asian,Joint,55-64,57.567,Loan originated
1,565000.0,20%-<30%,915000.0,250.0,1,White,Male,55-64,62.0,Loan originated
1,105000.0,20%-<30%,435000.0,170.0,1,White,Female,65-74,23.002,Loan originated
1,885000.0,39,985000.0,295.0,1,White,Joint,35-44,89.99,Loan originated
1,105000.0,30%-<36%,315000.0,90.0,1,White,Joint,45-54,32.69,Loan originated
1,565000.0,42,705000.0,71.0,1,Asian,Male,25-34,80.0,Application denied
1,1055000.0,41,1625000.0,281.0,1,White,Joint,25-34,64.923,Loan originated
1,555000.0,30%-<36%,715000.0,293.0,1,Asian,Male,25-34,77.58,Loan originated
1,35000.0,45,45000.0,39.0,1,Hispanic or Latino,Male,>74,75.0,Loan originated
1,425000.0,40,575000.0,238.0,1,Other,Joint,<25,75.0,Loan originated
1,395000.0,20%-<30%,495000.0,187.0,1,White,Female,35-44,80.0,Loan originated
1,355000.0,>60%,1065000.0,63.0,1,White,Male,>74,33.02,Application denied
1,315000.0,36,395000.0,96.0,1,White,Male,35-44,80.0,Loan originated
1,525000.0,20%-<30%,705000.0,204.0,1,Black or African American,Female,35-44,75.0,Loan originated
1,435000.0,48,705000.0,104.0,1,White,Male,<25,60.993,Loan originated
1,375000.0,38,475000.0,145.0,1,White,Male,35-44,80.0,Loan originated
1,355000.0,43,415000.0,95.0,1,White,Male,35-44,85.0,Loan originated
1,195000.0,30%-<36%,865000.0,95.0,1,Asian,Male,35-44,22.093,Loan originated
1,585000.0,20%-<30%,775000.0,327.0,1,White,Joint,35-44,75.0,Loan originated
1,575000.0,30%-<36%,725000.0,214.0,1,Asian,Male,35-44,80.0,Loan originated
1,285000.0,44,305000.0,96.0,1,Hispanic or Latino,Male,25-34,95.0,Loan originated
1,735000.0,45,825000.0,241.0,1,Hispanic or Latino,Joint,25-34,90.0,Loan originated
1,405000.0,20%-<30%,425000.0,182.0,1,White,Female,35-44,95.0,Loan originated
1,465000.0,20%-<30%,785000.0,196.0,1,Asian,Joint,25-34,58.599,Loan originated
1,945000.0,45,1055000.0,205.0,1,Asian,Female,35-44,90.0,Loan originated
1,215000.0,36,485000.0,65.0,1,White,Female,25-34,44.329,Loan originated
1,815000.0,>60%,1095000.0,278.0,1,White,Joint,35-44,75.0,Application denied
1,835000.0,30%-<36%,1195000.0,343.0,1,White,Joint,25-34,70.0,Loan originated
1,275000.0,20%-<30%,335000.0,100.0,1,Hispanic or Latino,Joint,35-44,80.0,Loan originated
1,705000.0,44,705000.0,200.0,1,Asian,Joint,45-54,100.464,Application denied
1,125000.0,46,345000.0,37.0,1,White,Female,65-74,36.77,Loan originated
1,915000.0,41,1305000.0,422.0,1,Asian,Joint,35-44,70.0,Loan originated
1,885000.0,45,935000.0,236.0,1,Asian,Male,25-34,95.0,Loan originated
1,635000.0,30%-<36%,785000.0,184.0,1,White,Joint,25-34,80.0,Loan originated
1,135000.0,30%-<36%,685000.0,72.0,1,White,Joint,65-74,20.0,Loan originated
1,105000.0,41,345000.0,42.0,1,White,Female,65-74,30.0,Loan originated
1,445000.0,46,565000.0,103.0,1,Black or African American,Female,55-64,83.0,Loan originated
1,595000.0,47,765000.0,124.0,1,Asian,Female,35-44,77.91,Loan originated
1,615000.0,42,885000.0,194.0,1,White,Joint,25-34,70.0,Loan originated
1,765000.0,43,855000.0,237.0,1,Asian,Joint,45-54,89.88,Loan originated
1,155000.0,43,165000.0,78.0,1,White,Female,65-74,95.0,Loan originated
1,475000.0,49,495000.0,111.0,1,Hispanic or Latino,Male,45-54,95.0,Loan originated
1,855000.0,<20%,2605000.0,989.0,1,White,Joint,>74,49.25,Loan originated
1,295000.0,44,305000.0,64.0,1,White,Female,25-34,97.0,Loan originated
1,945000.0,30%-<36%,1175000.0,344.0,1,White,Female,35-44,80.0,Loan originated
1,445000.0,47,495000.0,145.0,1,Asian,Male,45-54,90.0,Loan originated
1,805000.0,30%-<36%,1265000.0,259.0,1,Hispanic or Latino,Male,35-44,64.0,Loan originated
1,515000.0,30%-<36%,915000.0,214.0,1,Asian,Female,45-54,56.284,Loan originated
1,375000.0,49,575000.0,107.0,1,Hispanic or Latino,Joint,35-44,69.184,Loan originated
1,425000.0,41,445000.0,100.0,1,Hispanic or Latino,Male,45-54,97.0,Loan originated
1,585000.0,30%-<36%,695000.0,156.0,1,Hispanic or Latino,Female,45-54,85.0,Loan originated
1,495000.0,>60%,625000.0,133.0,1,Hispanic or Latino,Female,35-44,80.0,Application denied
1,645000.0,20%-<30%,865000.0,214.0,1,Asian,Joint,25-34,75.0,Loan originated
1,345000.0,41,425000.0,91.0,1,Hispanic or Latino,Female,25-34,80.0,Loan originated
1,225000.0,43,435000.0,71.0,1,Black or African American,Female,45-54,100.0,Loan originated
1,515000.0,50%-60%,685000.0,131.0,1,Asian,Male,45-54,75.0,Loan originated
1,755000.0,36,795000.0,227.0,1,Asian,Male,35-44,95.0,Loan originated
1,245000.0,30%-<36%,415000.0,79.0,1,Hispanic or Latino,Male,<25,59.709,Loan originated
1,295000.0,46,295000.0,83.0,1,Hispanic or Latino,Joint,25-34,100.0,Loan originated
1,495000.0,38,765000.0,145.0,1,Asian,Male,25-34,65.0,Loan originated
1,305000.0,37,315000.0,102.0,1,Asian,Male,25-34,97.0,Loan originated
1,755000.0,47,1105000.0,152.0,1,Asian,Female,35-44,68.182,Loan originated
1,485000.0,45,635000.0,96.0,1,Asian,Male,25-34,76.19,Loan originated
1,535000.0,42,665000.0,143.0,1,White,Joint,45-54,80.0,Loan originated
1,605000.0,46,1305000.0,143.0,1,White,Female,25-34,46.769,Loan originated
1,565000.0,43,595000.0,234.0,1,Hispanic or Latino,Joint,25-34,95.0,Loan originated
1,705000.0,49,1305000.0,157.0,1,Hispanic or Latino,Male,25-34,53.92,Loan originated
1,495000.0,50%-60%,615000.0,103.0,1,Hispanic or Latino,Female,55-64,80.0,Loan originated
1,765000.0,45,1105000.0,439.0,1,White,Female,45-54,69.686,Loan originated
1,295000.0,>60%,1105000.0,41.0,1,White,Joint,55-64,26.23,Application denied
1,405000.0,30%-<36%,515000.0,135.0,1,White,Male,25-34,80.0,Loan originated
1,665000.0,46,735000.0,181.0,1,White,Male,35-44,90.0,Loan originated
1,535000.0,48,565000.0,127.0,1,White,Male,35-44,95.0,Loan originated
1,725000.0,39,815000.0,314.0,1,Asian,Male,45-54,90.0,Loan originated
1,505000.0,43,535000.0,121.0,1,Asian,Male,35-44,95.0,Loan originated
1,275000.0,20%-<30%,365000.0,202.0,1,Asian,Female,35-44,75.0,Loan originated
1,755000.0,20%-<30%,1805000.0,399.0,1,White,Joint,35-44,42.0,Loan originated
1,505000.0,30%-<36%,635000.0,210.0,1,White,Joint,35-44,80.0,Loan originated
1,515000.0,44,545000.0,145.0,1,White,Joint,55-64,95.0,Loan originated
1,655000.0,36,1005000.0,262.0,1,White,Female,>74,65.0,Loan originated
1,415000.0,30%-<36%,465000.0,138.0,1,Hispanic or Latino,Joint,35-44,89.82,Loan originated
1,395000.0,42,455000.0,112.0,1,Hispanic or Latino,Joint,55-64,86.667,Application denied
1,655000.0,49,665000.0,125.0,1,Hispanic or Latino,Joint,25-34,99.555,Loan originated
1,225000.0,40,275000.0,95.0,1,White,Male,35-44,80.0,Application denied
1,825000.0,42,925000.0,205.0,1,White,Male,35-44,90.0,Loan originated
1,685000.0,50%-60%,735000.0,198.0,1,Asian,Female,25-34,93.174,Application denied
1,465000.0,49,585000.0,132.0,1,White,Joint,65-74,80.0,Loan originated
1,705000.0,42,885000.0,205.0,1,White,Joint,25-34,80.0,Loan originated
1,505000.0,40,575000.0,133.0,1,Asian,Female,45-54,87.336,Loan originated
1,735000.0,36,865000.0,33.0,1,Hispanic or Latino,Male,25-34,85.0,Loan originated
1,695000.0,20%-<30%,865000.0,222.0,1,White,Joint,25-34,80.0,Loan originated
1,1145000.0,46,1435000.0,267.0,1,White,Male,25-34,80.0,Loan originated
1,405000.0,30%-<36%,515000.0,146.0,1,White,Joint,35-44,80.0,Loan originated
1,435000.0,20%-<30%,545000.0,170.0,1,White,Female,25-34,80.0,Application denied
1,625000.0,40,695000.0,188.0,1,Asian,Female,25-34,89.99,Loan originated
1,285000.0,49,355000.0,60.0,1,Hispanic or Latino,Joint,35-44,79.762,Loan originated
1,305000.0,30%-<36%,955000.0,185.0,1,Asian,Joint,25-34,32.15,Loan originated
1,315000.0,49,495000.0,90.0,1,White,Male,45-54,64.184,Loan originated
1,665000.0,30%-<36%,1295000.0,191.0,1,White,Joint,25-34,51.0,Loan originated
1,345000.0,40,355000.0,94.0,1,White,Female,45-54,95.0,Loan originated
1,845000.0,30%-<36%,1055000.0,295.0,1,Asian,Joint,35-44,80.0,Loan originated
1,125000.0,50%-60%,735000.0,46.0,1,White,Female,55-64,16.6,Application denied
1,995000.0,42,1655000.0,292.0,1,Asian,Male,35-44,60.0,Loan originated
1,605000.0,40,755000.0,214.0,1,Asian,Female,55-64,80.0,Loan originated
1,735000.0,37,1045000.0,201.0,1,White,Joint,35-44,70.0,Loan originated
1,955000.0,42,1265000.0,391.0,1,White,Female,45-54,75.0,Loan originated
1,675000.0,20%-<30%,805000.0,441.0,1,White,Female,55-64,83.75,Loan originated
1,745000.0,30%-<36%,925000.0,327.0,1,Asian,Male,45-54,80.0,Loan originated
1,885000.0,41,1105000.0,275.0,1,White,Joint,45-54,80.0,Loan originated
1,685000.0,37,855000.0,541.0,1,White,Female,25-34,80.0,Loan originated
1,425000.0,30%-<36%,475000.0,215.0,1,Hispanic or Latino,Joint,35-44,90.0,Loan originated
1,875000.0,39,915000.0,257.0,1,Asian,Joint,25-34,98.0,Loan originated
1,55000.0,41,435000.0,49.0,1,White,Female,55-64,11.49,Loan originated
1,455000.0,43,465000.0,97.0,1,Asian,Joint,25-34,97.0,Loan originated
1,645000.0,45,805000.0,156.0,1,White,Male,25-34,80.0,Loan originated
1,135000.0,47,575000.0,52.0,1,Black or African American,Joint,55-64,22.764,Loan originated
1,105000.0,40,505000.0,47.0,1,White,Female,55-64,20.0,Loan originated
1,145000.0,40,165000.0,94.0,1,Hispanic or Latino,Male,25-34,88.92,Loan originated
1,1145000.0,48,1235000.0,244.0,1,Asian,Male,35-44,93.037,Loan originated
1,525000.0,48,585000.0,120.0,1,Hispanic or Latino,Male,25-34,90.0,Loan originated
1,445000.0,30%-<36%,565000.0,185.0,1,Asian,Joint,25-34,78.11,Loan originated
1,335000.0,>60%,555000.0,67.0,1,Hispanic or Latino,Male,55-64,60.0,Loan originated
1,685000.0,45,855000.0,198.0,1,Hispanic or Latino,Female,55-64,80.0,Loan originated
1,405000.0,43,695000.0,103.0,1,Hispanic or Latino,Joint,35-44,98.2,Loan originated
1,195000.0,48,245000.0,82.0,1,White,Female,55-64,80.0,Loan originated
1,225000.0,37,425000.0,99.0,1,Hispanic or Latino,Female,45-54,52.38,Loan originated
1,305000.0,49,405000.0,62.0,1,Asian,Male,25-34,95.0,Loan originated
1,555000.0,49,805000.0,117.0,1,Asian,Male,25-34,68.75,Loan originated
1,715000.0,45,1025000.0,157.0,1,White,Male,65-74,70.0,Loan originated
1,735000.0,44,775000.0,155.0,1,Hispanic or Latino,Joint,35-44,95.0,Loan originated
1,545000.0,45,685000.0,284.0,1,Hispanic or Latino,Joint,25-34,80.0,Loan originated
1,185000.0,20%-<30%,225000.0,192.0,1,Hispanic or Latino,Male,55-64,82.25,Loan originated
1,155000.0,30%-<36%,405000.0,153.0,1,White,Joint,35-44,38.272,Loan originated
1,1005000.0,41,2405000.0,404.0,1,White,Joint,25-34,41.667,Loan originated
1,545000.0,43,675000.0,140.0,1,Hispanic or Latino,Male,35-44,80.0,Loan originated
1,1105000.0,37,1525000.0,451.0,1,White,Male,35-44,72.131,Loan originated
1,435000.0,49,465000.0,113.0,1,Black or African American,Male,25-34,95.0,Loan originated
1,865000.0,43,1075000.0,296.0,1,White,Joint,25-34,80.0,Application denied
1,755000.0,42,955000.0,350.0,1,Asian,Joint,35-44,78.947,Loan originated
1,885000.0,49,1105000.0,283.0,1,White,Joint,45-54,80.0,Loan originated
1,455000.0,48,705000.0,95.0,1,White,Joint,25-34,65.0,Loan originated
1,275000.0,37,285000.0,75.0,1,Hispanic or Latino,Male,25-34,98.0,Loan originated
1,345000.0,43,435000.0,71.0,1,Hispanic or Latino,Female,35-44,79.31,Loan originated
1,525000.0,48,655000.0,102.0,1,Asian,Male,25-34,80.0,Loan originated
1,805000.0,49,915000.0,382.0,1,Asian,Female,25-34,88.203,Loan originated
1,765000.0,41,1105000.0,181.0,1,Hispanic or Latino,Male,25-34,69.636,Loan originated
1,255000.0,48,405000.0,63.0,1,Asian,Male,55-64,61.125,Loan originated
1,735000.0,30%-<36%,805000.0,250.0,1,Other,Joint,25-34,92.0,Loan originated
1,345000.0,42,365000.0,118.0,1,Hispanic or Latino,Joint,25-34,95.0,Loan originated
1,295000.0,30%-<36%,365000.0,325.0,1,Asian,Female,35-44,80.0,Application denied
1,655000.0,30%-<36%,875000.0,231.0,1,Asian,Male,45-54,75.0,Loan originated
1,125000.0,20%-<30%,165000.0,63.0,1,Other,Male,35-44,75.0,Loan originated
1,525000.0,41,755000.0,191.0,1,Asian,Joint,25-34,70.0,Loan originated
1,755000.0,38,1295000.0,183.0,1,Asian,Female,25-34,58.09,Loan originated
1,555000.0,48,585000.0,136.0,1,Hispanic or Latino,Male,25-34,94.06,Loan originated
1,775000.0,42,965000.0,218.0,1,Asian,Joint,35-44,80.0,Loan originated
1,745000.0,46,935000.0,308.0,1,Asian,Male,45-54,80.0,Loan originated
1,375000.0,41,625000.0,141.0,1,Asian,Male,25-34,59.727,Loan originated
1,415000.0,49,555000.0,98.0,1,White,Joint,25-34,75.0,Loan originated
1,585000.0,30%-<36%,815000.0,181.0,1,White,Joint,35-44,71.6,Loan originated
1,565000.0,>60%,625000.0,72.0,1,Asian,Female,45-54,90.72,Application denied
1,385000.0,49,485000.0,112.0,1,White,Female,45-54,80.0,Loan originated
1,765000.0,46,1155000.0,196.0,1,White,Male,35-44,69.69,Loan originated
1,695000.0,37,865000.0,347.0,1,White,Joint,35-44,80.0,Loan originated
1,445000.0,45,465000.0,137.0,1,Asian,Male,35-44,95.0,Loan originated
1,335000.0,39,425000.0,81.0,1,Hispanic or Latino,Female,55-64,80.0,Loan originated
1,425000.0,48,535000.0,129.0,1,White,Female,35-44,80.0,Loan originated
1,445000.0,40,565000.0,210.0,1,White,Male,35-44,78.38,Loan originated
1,495000.0,41,535000.0,128.0,1,Hispanic or Latino,Female,35-44,92.453,Loan originated
1,255000.0,50%-60%,1385000.0,72.0,1,White,Female,65-74,18.0,Loan originated
1,765000.0,30%-<36%,805000.0,231.0,1,White,Joint,25-34,95.0,Loan originated
1,695000.0,42,865000.0,228.0,1,Asian,Male,25-34,80.0,Loan originated
1,315000.0,49,485000.0,117.0,1,White,Male,55-64,65.0,Loan originated
1,785000.0,47,975000.0,212.0,1,White,Joint,35-44,80.0,Application denied
1,325000.0,48,775000.0,98.0,1,White,Female,45-54,41.3,Loan originated
1,825000.0,43,865000.0,273.0,1,White,Joint,35-44,95.0,Loan originated
1,695000.0,49,765000.0,189.0,1,Hispanic or Latino,Joint,35-44,89.99,Loan originated
1,405000.0,39,1005000.0,126.0,1,Hispanic or Latino,Joint,25-34,40.0,Loan originated
1,195000.0,45,205000.0,46.0,1,Hispanic or Latino,Female,55-64,97.0,Loan originated
1,215000.0,30%-<36%,435000.0,90.0,1,White,Joint,55-64,48.276,Loan originated
1,485000.0,40,645000.0,118.0,1,White,Joint,25-34,75.0,Loan originated
1,535000.0,43,715000.0,224.0,1,White,Female,35-44,75.0,Loan originated
1,1005000.0,30%-<36%,3525000.0,489.0,1,White,Joint,45-54,28.409,Loan originated
1,265000.0,40,285000.0,108.0,1,Asian,Female,>74,95.0,Application denied
1,415000.0,42,425000.0,133.0,1,Hispanic or Latino,Male,25-34,97.0,Loan originated
1,355000.0,46,395000.0,121.0,1,Asian,Male,25-34,90.0,Loan originated
1,685000.0,44,935000.0,159.0,1,White,Male,35-44,74.0,Loan originated
1,165000.0,45,175000.0,81.0,1,Hispanic or Latino,Male,35-44,94.58,Application denied
1,225000.0,42,445000.0,74.0,1,White,Male,25-34,50.893,Loan originated
1,75000.0,20%-<30%,545000.0,264.0,1,White,Joint,55-64,13.889,Loan originated
1,1075000.0,36,1275000.0,280.0,1,White,Male,35-44,85.0,Loan originated
1,975000.0,45,1455000.0,241.0,1,White,Male,35-44,66.897,Loan originated
1,555000.0,36,1175000.0,310.0,1,White,Male,55-64,46.729,Loan originated
1,605000.0,46,805000.0,203.0,1,Asian,Joint,45-54,75.0,Loan originated
1,505000.0,<20%,945000.0,273.0,1,Asian,Male,35-44,53.191,Loan originated
1,555000.0,36,855000.0,144.0,1,Asian,Male,35-44,64.706,Loan originated
1,675000.0,20%-<30%,925000.0,331.0,1,White,Joint,25-34,72.973,Loan originated
1,325000.0,40,415000.0,96.0,1,Hispanic or Latino,Female,35-44,80.0,Loan originated
1,635000.0,37,795000.0,182.0,1,Asian,Female,35-44,80.0,Loan originated
1,505000.0,30%-<36%,625000.0,182.0,1,Hispanic or Latino,Male,35-44,80.0,Application denied
1,165000.0,20%-<30%,215000.0,164.0,1,Asian,Joint,45-54,80.0,Loan originated
1,835000.0,38,1115000.0,368.0,1,White,Male,<25,75.0,Loan originated
1,305000.0,41,385000.0,73.0,1,Hispanic or Latino,Male,35-44,80.0,Loan originated
1,235000.0,42,735000.0,69.0,1,White,Male,55-64,32.297,Loan originated
1,855000.0,20%-<30%,1695000.0,427.0,1,Asian,Joint,35-44,50.296,Loan originated
1,375000.0,30%-<36%,435000.0,123.0,1,White,Female,45-54,85.0,Loan originated
1,375000.0,40,515000.0,75.0,1,Hispanic or Latino,Male,35-44,72.82,Loan originated
1,355000.0,41,555000.0,166.0,1,White,Female,55-64,64.0,Loan originated
1,1005000.0,43,2605000.0,338.0,1,White,Male,25-34,38.388,Loan originated
1,685000.0,43,765000.0,188.0,1,Asian,Joint,25-34,90.0,Loan originated
1,565000.0,44,705000.0,195.0,1,Hispanic or Latino,Female,55-64,80.0,Loan originated
1,485000.0,49,605000.0,156.0,1,Asian,Male,35-44,80.0,Loan originated
1,275000.0,49,465000.0,59.0,1,White,Female,45-54,58.44,Loan originated
1,665000.0,44,835000.0,219.0,1,White,Joint,45-54,80.0,Loan originated
1,435000.0,48,495000.0,94.0,1,White,Female,35-44,88.457,Loan originated
1,245000.0,49,395000.0,102.0,1,Hispanic or Latino,Joint,55-64,63.0,Loan originated
1,965000.0,39,1215000.0,498.0,1,Asian,Male,35-44,80.0,Loan originated
1,495000.0,49,645000.0,94.0,1,Hispanic or Latino,Male,35-44,76.357,Loan originated
1,605000.0,36,755000.0,713.0,1,White,Female,25-34,80.0,Loan originated
1,925000.0,41,1155000.0,286.0,1,White,Joint,35-44,80.0,Loan originated
1,515000.0,49,535000.0,100.0,1,White,Female,25-34,96.226,Loan originated
1,435000.0,41,465000.0,148.0,1,Hispanic or Latino,Joint,35-44,95.0,Loan originated
1,205000.0,40,315000.0,187.0,1,White,Male,55-64,66.28,Application denied
1,715000.0,42,835000.0,153.0,1,Asian,Joint,45-54,87.0,Loan originated
1,435000.0,20%-<30%,465000.0,196.0,1,White,Joint,25-34,95.0,Loan originated
1,325000.0,40,345000.0,96.0,1,Asian,Male,35-44,95.0,Loan originated
1,505000.0,44,635000.0,114.0,1,White,Female,45-54,100.0,Loan originated
1,85000.0,49,515000.0,35.0,1,White,Female,65-74,16.019,Loan originated
1,495000.0,30%-<36%,545000.0,142.0,1,Asian,Male,25-34,90.0,Loan originated
1,665000.0,>60%,835000.0,220.0,1,Black or African American,Joint,25-34,79.99,Application denied
1,655000.0,47,1155000.0,149.0,1,White,Female,>74,56.522,Loan originated
1,205000.0,39,225000.0,70.0,1,White,Female,35-44,95.0,Loan originated
1,605000.0,>60%,765000.0,40.0,1,Hispanic or Latino,Male,35-44,80.0,Application denied
1,735000.0,20%-<30%,915000.0,364.0,1,Asian,Joint,25-34,80.0,Loan originated
1,735000.0,36,915000.0,292.0,1,White,Joint,55-64,80.0,Loan originated
1,325000.0,49,415000.0,67.0,1,Hispanic or Latino,Male,25-34,80.0,Loan originated
1,555000.0,43,655000.0,160.0,1,Asian,Male,45-54,84.733,Loan originated
1,575000.0,30%-<36%,615000.0,180.0,1,Hispanic or Latino,Joint,25-34,95.0,Loan originated
1,235000.0,30%-<36%,295000.0,93.0,1,White,Joint,25-34,79.31,Loan originated
1,995000.0,42,1595000.0,285.0,1,Asian,Female,55-64,62.264,Loan originated
1,845000.0,49,955000.0,185.0,1,White,Female,45-54,89.0,Loan originated
1,555000.0,36,735000.0,245.0,1,Hispanic or Latino,Male,55-64,75.0,Loan originated
1,325000.0,44,365000.0,78.0,1,Black or African American,Female,45-54,89.72,Loan originated
1,765000.0,43,815000.0,171.0,1,Hispanic or Latino,Male,55-64,95.0,Loan originated
1,115000.0,43,765000.0,64.0,1,White,Joint,65-74,14.7,Loan originated
1,305000.0,30%-<36%,855000.0,140.0,1,White,Female,55-64,35.29,Application denied
1,465000.0,30%-<36%,825000.0,229.0,1,White,Joint,35-44,56.1,Loan originated
1,765000.0,50%-60%,1215000.0,232.0,1,Asian,Joint,25-34,63.351,Loan originated
1,435000.0,46,475000.0,134.0,1,Hispanic or Latino,Male,55-64,92.553,Loan originated
1,405000.0,45,735000.0,191.0,1,Hispanic or Latino,Female,35-44,55.0,Loan originated
1,1145000.0,44,1505000.0,258.0,1,White,Joint,35-44,76.65,Loan originated
1,1145000.0,20%-<30%,1435000.0,375.0,1,Asian,Joint,25-34,80.0,Loan originated
1,505000.0,45,735000.0,127.0,1,White,Joint,45-54,68.027,Loan originated
1,985000.0,45,1625000.0,234.0,1,Asian,Male,35-44,60.524,Loan originated
1,535000.0,44,565000.0,186.0,1,Black or African American,Joint,35-44,95.0,Loan originated
1,1005000.0,49,1455000.0,187.0,1,Asian,Male,25-34,68.966,Loan originated
1,865000.0,30%-<36%,1065000.0,284.0,1,Asian,Male,35-44,81.273,Loan originated
1,215000.0,41,665000.0,77.0,1,Hispanic or Latino,Male,35-44,31.579,Loan originated
1,1035000.0,49,1685000.0,221.0,1,Hispanic or Latino,Joint,25-34,61.31,Loan originated
1,235000.0,45,245000.0,92.0,1,Hispanic or Latino,Female,25-34,95.0,Loan originated
1,235000.0,38,475000.0,89.0,1,White,Male,35-44,50.0,Loan originated
1,545000.0,49,805000.0,104.0,1,Hispanic or Latino,Joint,55-64,67.702,Loan originated
1,445000.0,42,535000.0,132.0,1,Hispanic or Latino,Joint,45-54,83.4,Loan originated
1,1145000.0,<20%,1345000.0,768.0,1,White,Male,35-44,85.0,Loan originated
1,205000.0,20%-<30%,715000.0,158.0,1,White,Female,65-74,27.972,Loan originated
1,435000.0,20%-<30%,1515000.0,260.0,1,Asian,Female,25-34,28.477,Application denied
1,585000.0,47,655000.0,245.0,1,White,Male,45-54,90.0,Loan originated
1,495000.0,30%-<36%,625000.0,179.0,1,Asian,Joint,25-34,80.0,Loan originated
1,655000.0,49,1305000.0,160.0,1,White,Joint,35-44,50.0,Loan originated
1,545000.0,20%-<30%,735000.0,245.0,1,White,Male,25-34,75.0,Loan originated
1,735000.0,46,915000.0,161.0,1,Hispanic or Latino,Female,55-64,82.732,Loan originated
1,705000.0,48,795000.0,150.0,1,Asian,Male,35-44,87.829,Loan originated
1,625000.0,46,775000.0,173.0,1,Hispanic or Latino,Joint,35-44,80.0,Loan originated
1,435000.0,36,715000.0,144.0,1,Asian,Female,25-34,60.7,Loan originated
1,685000.0,30%-<36%,765000.0,188.0,1,White,Joint,45-54,89.6,Loan originated
1,505000.0,45,1525000.0,143.0,1,White,Male,35-44,32.787,Loan originated
1,485000.0,49,605000.0,102.0,1,Asian,Joint,35-44,80.0,Loan originated
1,305000.0,37,705000.0,121.0,1,White,Joint,65-74,42.777,Loan originated
1,475000.0,44,625000.0,231.0,1,Asian,Joint,25-34,75.0,Loan originated
1,1125000.0,39,1405000.0,347.0,1,Asian,Joint,35-44,80.0,Loan originated
1,775000.0,30%-<36%,1035000.0,287.0,1,Asian,Female,35-44,75.0,Loan originated
1,925000.0,46,975000.0,223.0,1,Hispanic or Latino,Joint,25-34,95.0,Loan originated
1,505000.0,<20%,745000.0,3730.0,1,Black or African American,Female,65-74,67.11,Loan originated
1,575000.0,46,605000.0,325.0,1,Hispanic or Latino,Male,55-64,95.0,Loan originated
1,525000.0,49,585000.0,129.0,1,Asian,Female,25-34,90.0,Application denied
1,305000.0,43,475000.0,77.0,1,Hispanic or Latino,Joint,45-54,64.211,Loan originated
1,425000.0,49,495000.0,92.0,1,Hispanic or Latino,Joint,45-54,85.0,Loan originated
1,315000.0,43,535000.0,99.0,1,Hispanic or Latino,Male,45-54,60.0,Loan originated
1,405000.0,40,625000.0,168.0,1,Asian,Male,45-54,65.0,Loan originated
1,515000.0,20%-<30%,735000.0,219.0,1,White,Male,25-34,70.0,Loan originated
1,435000.0,39,535000.0,143.0,1,White,Joint,25-34,82.0,Loan originated
1,65000.0,30%-<36%,95000.0,56.0,1,White,Female,65-74,63.16,Loan originated
1,615000.0,37,765000.0,162.0,1,Asian,Male,25-34,80.0,Loan originated
1,255000.0,41,325000.0,67.0,1,White,Female,65-74,80.0,Loan originated
1,425000.0,40,525000.0,171.0,1,Hispanic or Latino,Female,45-54,80.0,Application denied
1,775000.0,42,1105000.0,268.0,1,White,Male,45-54,70.0,Loan originated
1,835000.0,20%-<30%,1245000.0,396.0,1,Asian,Joint,25-34,67.57,Loan originated
1,505000.0,49,635000.0,97.0,1,Asian,Male,45-54,80.0,Loan originated
1,425000.0,49,465000.0,125.0,1,White,Male,25-34,90.0,Loan originated
1,965000.0,43,1205000.0,264.0,1,White,Female,35-44,80.0,Loan originated
1,1105000.0,39,1405000.0,259.0,1,White,Joint,45-54,78.57,Loan originated
1,945000.0,30%-<36%,1175000.0,279.0,1,White,Joint,35-44,80.0,Loan originated
1,1005000.0,45,1335000.0,1364.0,1,White,Female,35-44,75.0,Loan originated
1,725000.0,36,965000.0,294.0,1,White,Joint,45-54,75.0,Loan originated
1,315000.0,46,395000.0,131.0,1,Hispanic or Latino,Joint,35-44,80.0,Application denied
1,415000.0,47,435000.0,87.0,1,Hispanic or Latino,Joint,35-44,96.425,Application denied
1,665000.0,36,705000.0,185.0,1,White,Female,45-54,95.0,Application denied
1,605000.0,44,635000.0,201.0,1,Hispanic or Latino,Joint,25-34,95.0,Loan originated
1,205000.0,30%-<36%,805000.0,112.0,1,White,Female,65-74,25.186,Loan originated
1,335000.0,<20%,375000.0,177.0,1,White,Male,25-34,90.0,Loan originated
1,365000.0,42,455000.0,134.0,1,Asian,Female,35-44,80.0,Loan originated
1,435000.0,49,625000.0,110.0,1,Asian,Female,25-34,70.0,Loan originated
1,675000.0,30%-<36%,795000.0,214.0,1,Asian,Female,35-44,85.0,Loan originated
1,295000.0,47,815000.0,117.0,1,Black or African American,Joint,25-34,45.431,Loan originated
1,585000.0,44,735000.0,139.0,1,White,Male,45-54,80.0,Loan originated
1,365000.0,30%-<36%,615000.0,126.0,1,Asian,Joint,25-34,59.0,Loan originated
1,525000.0,38,665000.0,174.0,1,White,Male,25-34,80.0,Loan originated
1,815000.0,42,1265000.0,200.0,1,Asian,Female,35-44,65.0,Loan originated
1,395000.0,39,495000.0,105.0,1,White,Joint,25-34,80.0,Loan originated
1,235000.0,49,245000.0,68.0,1,White,Female,65-74,97.0,Loan originated
1,665000.0,48,845000.0,155.0,1,White,Joint,35-44,79.405,Loan originated
1,865000.0,41,1085000.0,268.0,1,Hispanic or Latino,Female,45-54,80.0,Loan originated
1,315000.0,47,455000.0,89.0,1,Hispanic or Latino,Joint,35-44,70.0,Loan originated
1,315000.0,46,725000.0,78.0,1,Asian,Female,25-34,43.448,Loan originated
1,595000.0,43,1155000.0,184.0,1,Hispanic or Latino,Male,55-64,51.627,Loan originated
1,665000.0,20%-<30%,835000.0,265.0,1,Asian,Joint,25-34,80.0,Loan originated
1,385000.0,30%-<36%,485000.0,71.0,1,White,Joint,25-34,80.0,Loan originated
1,845000.0,42,1055000.0,201.0,1,Asian,Joint,45-54,80.0,Loan originated
1,435000.0,45,545000.0,99.0,1,Other,Joint,55-64,79.816,Loan originated
1,835000.0,47,885000.0,201.0,1,Asian,Male,25-34,95.0,Loan originated
1,395000.0,44,495000.0,166.0,1,White,Female,>74,80.0,Loan originated
1,1085000.0,30%-<36%,1355000.0,342.0,1,White,Joint,35-44,80.0,Loan originated
1,895000.0,30%-<36%,995000.0,306.0,1,White,Joint,35-44,90.0,Loan originated
1,405000.0,44,455000.0,101.0,1,White,Joint,45-54,90.0,Loan originated
1,675000.0,20%-<30%,755000.0,233.0,1,Asian,Male,45-54,89.99,Loan originated
1,635000.0,49,815000.0,136.0,1,Asian,Joint,35-44,77.914,Loan originated
1,755000.0,49,1125000.0,133.0,1,Asian,Joint,35-44,66.933,Loan originated
1,305000.0,40,325000.0,144.0,1,Hispanic or Latino,Female,25-34,95.0,Application denied
1,435000.0,42,545000.0,99.0,1,Hispanic or Latino,Male,35-44,80.0,Loan originated
1,1055000.0,20%-<30%,1355000.0,401.0,1,White,Joint,35-44,77.778,Loan originated
1,545000.0,40,575000.0,196.0,1,Hispanic or Latino,Joint,35-44,95.0,Loan originated
1,765000.0,44,965000.0,170.0,1,White,Joint,25-34,80.0,Loan originated
1,305000.0,42,375000.0,67.0,1,Black or African American,Joint,45-54,100.933,Loan originated
1,365000.0,47,415000.0,110.0,1,Asian,Female,25-34,90.0,Application denied
1,735000.0,40,1085000.0,176.0,1,Asian,Female,35-44,67.405,Loan originated
1,1005000.0,30%-<36%,5305000.0,429.0,1,White,Joint,45-54,18.87,Loan originated
1,515000.0,46,645000.0,135.0,1,Asian,Joint,35-44,80.0,Loan originated
1,495000.0,43,585000.0,170.0,1,White,Female,55-64,85.012,Loan originated
1,325000.0,43,415000.0,81.0,1,White,Male,25-34,80.0,Loan originated
1,445000.0,48,555000.0,150.0,1,White,Joint,35-44,100.0,Loan originated
1,775000.0,47,1305000.0,180.0,1,Asian,Female,35-44,59.769,Loan originated
1,605000.0,50%-60%,765000.0,115.0,1,Hispanic or Latino,Male,35-44,79.0,Loan originated
1,305000.0,<20%,655000.0,297.0,1,Asian,Male,35-44,47.24,Loan originated
1,195000.0,42,245000.0,73.0,1,Asian,Joint,45-54,80.0,Loan originated
1,195000.0,<20%,655000.0,265.0,1,White,Joint,45-54,30.055,Loan originated
1,385000.0,30%-<36%,485000.0,115.0,1,Asian,Male,25-34,80.0,Loan originated
1,765000.0,40,955000.0,187.0,1,Hispanic or Latino,Female,45-54,80.0,Loan originated
1,555000.0,46,925000.0,180.0,1,White,Joint,45-54,60.0,Loan originated
1,665000.0,30%-<36%,965000.0,459.0,1,Asian,Joint,45-54,68.75,Loan originated
1,635000.0,50%-60%,705000.0,157.0,1,White,Female,25-34,90.0,Application denied
1,745000.0,41,1245000.0,422.0,1,Black or African American,Male,55-64,60.0,Loan originated
1,455000.0,47,475000.0,146.0,1,Hispanic or Latino,Joint,55-64,95.0,Loan originated
1,1005000.0,49,1255000.0,187.0,1,White,Male,35-44,80.0,Loan originated
1,275000.0,<20%,375000.0,756.0,1,Hispanic or Latino,Female,35-44,75.0,Loan originated
1,1095000.0,42,2675000.0,271.0,1,Asian,Joint,35-44,40.748,Loan originated
1,205000.0,30%-<36%,1445000.0,133.0,1,White,Joint,45-54,13.804,Loan originated
1,545000.0,39,675000.0,217.0,1,White,Female,35-44,80.0,Loan originated
1,415000.0,42,435000.0,194.0,1,Hispanic or Latino,Joint,35-44,95.0,Loan originated
1,715000.0,43,795000.0,172.0,1,White,Joint,25-34,90.0,Loan originated
1,525000.0,45,1175000.0,150.0,1,White,Male,55-64,44.681,Loan originated
1,585000.0,50%-60%,785000.0,156.0,1,Hispanic or Latino,Female,55-64,75.0,Application denied
1,455000.0,46,655000.0,262.0,1,White,Joint,65-74,69.23,Loan originated
1,265000.0,43,495000.0,71.0,1,Asian,Female,55-64,53.06,Loan originated
1,985000.0,44,1315000.0,224.0,1,White,Joint,>74,74.33,Loan originated
1,625000.0,38,975000.0,240.0,1,White,Joint,25-34,64.103,Loan originated
1,425000.0,36,545000.0,151.0,1,Asian,Joint,25-34,78.0,Loan originated
1,295000.0,41,355000.0,72.0,1,Hispanic or Latino,Male,45-54,85.0,Loan originated
1,455000.0,30%-<36%,505000.0,135.0,1,Hispanic or Latino,Male,35-44,90.0,Loan originated
1,615000.0,48,655000.0,161.0,1,Black or African American,Female,35-44,95.0,Loan originated
1,435000.0,30%-<36%,585000.0,196.0,1,Asian,Male,55-64,75.0,Loan originated
1,275000.0,38,715000.0,96.0,1,Asian,Female,55-64,38.732,Loan originated
1,535000.0,49,675000.0,122.0,1,White,Female,35-44,80.0,Loan originated
1,385000.0,50%-60%,545000.0,127.0,1,White,Female,55-64,71.5,Loan originated
1,625000.0,41,655000.0,164.0,1,Black or African American,Female,45-54,95.0,Loan originated
1,945000.0,37,1395000.0,247.0,1,Asian,Joint,45-54,67.811,Loan originated
1,1015000.0,37,1265000.0,284.0,1,White,Joint,25-34,80.0,Loan originated
1,195000.0,20%-<30%,245000.0,96.0,1,Asian,Male,35-44,80.0,Loan originated
1,605000.0,46,815000.0,185.0,1,White,Male,45-54,75.0,Loan originated
1,575000.0,39,1655000.0,204.0,1,Asian,Male,25-34,34.924,Loan originated
1,505000.0,46,625000.0,163.0,1,Hispanic or Latino,Male,45-54,80.0,Loan originated
1,715000.0,30%-<36%,735000.0,233.0,1,White,Joint,25-34,97.0,Loan originated
1,175000.0,20%-<30%,225000.0,60.0,1,Black or African American,Male,55-64,80.0,Loan originated
1,605000.0,40,1275000.0,165.0,1,White,Female,25-34,47.164,Loan originated
1,355000.0,46,375000.0,159.0,1,Hispanic or Latino,Joint,25-34,100.0,Loan originated
1,615000.0,39,725000.0,181.0,1,White,Male,35-44,85.0,Loan originated
1,305000.0,20%-<30%,345000.0,134.0,1,White,Male,25-34,90.0,Loan originated
1,1085000.0,38,1355000.0,305.0,1,Asian,Male,35-44,80.0,Loan originated
1,1115000.0,49,1245000.0,240.0,1,White,Female,45-54,90.0,Loan originated
1,565000.0,30%-<36%,1065000.0,358.0,1,White,Joint,<25,54.0,Loan originated
1,355000.0,49,505000.0,125.0,1,White,Female,65-74,69.882,Loan originated
1,755000.0,20%-<30%,1005000.0,324.0,1,White,Male,25-34,75.0,Loan originated
1,415000.0,50%-60%,455000.0,58.0,1,Hispanic or Latino,Male,<25,90.593,Loan originated
1,255000.0,30%-<36%,265000.0,98.0,1,Hispanic or Latino,Joint,45-54,412.818,Loan originated
1,545000.0,49,575000.0,150.0,1,Hispanic or Latino,Joint,25-34,80.0,Application denied
1,1125000.0,20%-<30%,1525000.0,389.0,1,Asian,Joint,35-44,73.77,Loan originated
1,455000.0,20%-<30%,605000.0,182.0,1,Hispanic or Latino,Male,25-34,75.0,Loan originated
1,125000.0,<20%,155000.0,675.0,1,White,Joint,35-44,80.0,Loan originated
1,435000.0,30%-<36%,455000.0,136.0,1,White,Female,55-64,100.0,Loan originated
1,205000.0,40,385000.0,69.0,1,Hispanic or Latino,Female,25-34,91.351,Loan originated
1,755000.0,20%-<30%,1355000.0,312.0,1,White,Male,45-54,55.56,Loan originated
1,125000.0,48,215000.0,92.0,1,Hispanic or Latino,Female,45-54,58.5,Loan originated
1,275000.0,39,775000.0,116.0,1,White,Joint,65-74,35.06,Loan originated
1,525000.0,40,605000.0,218.0,1,White,Joint,45-54,87.0,Loan originated
1,325000.0,30%-<36%,405000.0,126.0,1,White,Female,25-34,80.0,Loan originated
1,915000.0,45,1195000.0,213.0,1,Asian,Male,25-34,76.46,Loan originated
1,765000.0,20%-<30%,1105000.0,398.0,1,White,Joint,25-34,69.686,Loan originated
1,305000.0,48,835000.0,89.0,1,Asian,Female,45-54,36.145,Loan originated
1,965000.0,30%-<36%,1655000.0,324.0,1,White,Female,<25,60.0,Loan originated
1,585000.0,47,735000.0,121.0,1,Asian,Joint,25-34,80.0,Loan originated
1,485000.0,49,505000.0,110.0,1,Hispanic or Latino,Male,25-34,95.0,Loan originated
1,405000.0,41,475000.0,94.0,1,White,Male,25-34,85.0,Loan originated
1,375000.0,46,625000.0,114.0,1,Asian,Joint,45-54,60.0,Loan originated
1,505000.0,30%-<36%,725000.0,171.0,1,White,Joint,25-34,69.45,Loan originated
1,355000.0,47,395000.0,79.0,1,White,Male,25-34,90.0,Loan originated
1,765000.0,49,1395000.0,297.0,1,White,Male,25-34,89.968,Loan originated
1,605000.0,49,645000.0,143.0,1,Asian,Male,25-34,95.0,Loan originated
1,605000.0,40,1255000.0,151.0,1,Asian,Female,<25,48.0,Loan originated
1,305000.0,30%-<36%,815000.0,157.0,1,White,Male,35-44,36.776,Loan originated
1,315000.0,44,395000.0,72.0,1,Hispanic or Latino,Male,<25,80.0,Loan originated
1,765000.0,30%-<36%,1535000.0,302.0,1,Black or African American,Joint,45-54,49.857,Loan originated
1,735000.0,49,1225000.0,188.0,1,Asian,Female,25-34,59.67,Loan originated
1,385000.0,43,455000.0,115.0,1,Asian,Joint,35-44,84.44,Loan originated
1,505000.0,49,875000.0,97.0,1,Asian,Male,65-74,57.94,Application denied
1,475000.0,37,625000.0,136.0,1,Asian,Female,25-34,75.171,Loan originated
1,745000.0,49,845000.0,334.0,1,Asian,Male,55-64,89.0,Loan originated
1,455000.0,42,475000.0,100.0,1,Hispanic or Latino,Female,25-34,97.0,Loan originated
1,285000.0,49,355000.0,94.0,1,Asian,Joint,35-44,80.0,Loan originated
1,705000.0,30%-<36%,735000.0,344.0,1,Black or African American,Male,35-44,95.0,Application denied
1,1095000.0,37,1375000.0,340.0,1,Asian,Joint,45-54,80.0,Loan originated
1,155000.0,30%-<36%,1045000.0,93.0,1,White,Joint,35-44,15.024,Loan originated
1,555000.0,38,2555000.0,622.0,1,Hispanic or Latino,Joint,35-44,21.569,Loan originated
1,435000.0,20%-<30%,465000.0,248.0,1,Hispanic or Latino,Male,45-54,93.548,Loan originated
1,545000.0,36,645000.0,155.0,1,White,Joint,25-34,85.0,Loan originated
1,945000.0,30%-<36%,1595000.0,319.0,1,White,Female,45-54,59.43,Loan originated
1,85000.0,36,105000.0,56.0,1,White,Joint,55-64,83.66,Loan originated
1,705000.0,48,775000.0,153.0,1,Asian,Joint,25-34,91.051,Loan originated
1,355000.0,39,445000.0,118.0,1,White,Male,45-54,100.0,Loan originated
1,305000.0,49,355000.0,103.0,1,White,Joint,65-74,85.0,Loan originated
1,805000.0,45,1005000.0,218.0,1,Asian,Joint,25-34,80.0,Loan originated
1,445000.0,44,645000.0,118.0,1,White,Female,55-64,69.42,Loan originated
1,335000.0,36,365000.0,89.0,1,White,Male,45-54,80.0,Application denied
1,435000.0,47,545000.0,135.0,1,Hispanic or Latino,Male,35-44,80.0,Loan originated
1,505000.0,30%-<36%,635000.0,158.0,1,Asian,Joint,65-74,80.0,Loan originated
1,705000.0,20%-<30%,825000.0,354.0,1,White,Joint,35-44,85.0,Loan originated
1,295000.0,48,365000.0,62.0,1,Hispanic or Latino,Joint,25-34,80.0,Loan originated
1,585000.0,30%-<36%,615000.0,222.0,1,Asian,Joint,25-34,95.0,Loan originated
1,545000.0,49,665000.0,199.0,1,White,Joint,65-74,82.905,Loan originated
1,655000.0,36,1655000.0,194.0,1,Asian,Male,55-64,39.394,Loan originated
1,455000.0,30%-<36%,625000.0,197.0,1,Asian,Joint,25-34,72.0,Loan originated
1,525000.0,48,735000.0,104.0,1,White,Male,35-44,72.56,Loan originated
1,1025000.0,47,1375000.0,314.0,1,Asian,Male,35-44,75.0,Loan originated
1,355000.0,44,375000.0,92.0,1,White,Joint,25-34,95.0,Loan originated
1,415000.0,45,635000.0,118.0,1,Hispanic or Latino,Male,35-44,66.236,Loan originated
1,715000.0,37,795000.0,216.0,1,Asian,Joint,25-34,89.989,Loan originated
1,655000.0,20%-<30%,695000.0,600.0,1,White,Male,25-34,95.0,Loan originated
1,475000.0,48,495000.0,115.0,1,White,Male,<25,95.0,Loan originated
1,355000.0,30%-<36%,375000.0,153.0,1,White,Female,25-34,94.93,Loan originated
1,615000.0,49,645000.0,127.0,1,White,Joint,45-54,95.0,Loan originated
1,535000.0,46,635000.0,242.0,1,White,Male,35-44,85.0,Loan originated
1,755000.0,43,1255000.0,166.0,1,Asian,Male,25-34,60.0,Loan originated
1,395000.0,43,575000.0,124.0,1,White,Female,35-44,70.0,Loan originated
1,435000.0,46,445000.0,126.0,1,Black or African American,Female,55-64,100.0,Loan originated
1,625000.0,30%-<36%,775000.0,234.0,1,Asian,Male,45-54,80.0,Loan originated
1,835000.0,40,875000.0,242.0,1,Hispanic or Latino,Joint,45-54,95.0,Loan originated
1,765000.0,38,1105000.0,278.0,1,Asian,Joint,35-44,69.55,Loan originated
1,1005000.0,20%-<30%,2105000.0,866.0,1,Asian,Joint,45-54,47.61,Loan originated
1,385000.0,48,415000.0,103.0,1,Hispanic or Latino,Male,25-34,98.0,Loan originated
1,635000.0,46,675000.0,160.0,1,Hispanic or Latino,Male,25-34,95.0,Loan originated
1,1145000.0,41,1675000.0,281.0,1,White,Male,35-44,68.83,Loan originated
1,365000.0,40,565000.0,27.0,1,Hispanic or Latino,Joint,25-34,64.286,Application denied
1,505000.0,48,1105000.0,210.0,1,White,Joint,45-54,45.45,Loan originated
1,355000.0,49,1495000.0,130.0,1,White,Male,55-64,23.49,Loan originated
1,445000.0,42,465000.0,161.0,1,Hispanic or Latino,Joint,35-44,100.0,Loan originated
1,495000.0,44,655000.0,162.0,1,White,Joint,35-44,75.0,Loan originated
1,855000.0,44,1155000.0,234.0,1,White,Joint,35-44,73.913,Loan originated
1,675000.0,40,745000.0,176.0,1,White,Male,55-64,90.0,Loan originated
1,1145000.0,37,1315000.0,328.0,1,Asian,Joint,25-34,87.71,Loan originated
1,305000.0,30%-<36%,475000.0,113.0,1,White,Male,25-34,63.83,Loan originated
1,1125000.0,<20%,1405000.0,1008.0,1,White,Joint,25-34,80.0,Loan originated
1,525000.0,46,625000.0,105.0,1,Asian,Joint,45-54,85.0,Loan originated
1,395000.0,50%-60%,485000.0,384.0,1,Asian,Joint,<25,80.0,Loan originated
1,715000.0,49,785000.0,130.0,1,White,Joint,25-34,90.0,Loan originated
1,715000.0,<20%,955000.0,664.0,1,White,Joint,55-64,75.0,Loan originated
1,795000.0,39,1315000.0,368.0,1,White,Male,55-64,61.509,Loan originated
1,615000.0,36,645000.0,188.0,1,Asian,Female,35-44,95.0,Loan originated
1,405000.0,30%-<36%,425000.0,139.0,1,White,Male,25-34,96.0,Loan originated
1,615000.0,47,705000.0,244.0,1,Hispanic or Latino,Male,45-54,87.857,Loan originated
1,475000.0,38,505000.0,137.0,1,Hispanic or Latino,Male,25-34,100.0,Loan originated
1,395000.0,37,995000.0,199.0,1,White,Joint,55-64,40.0,Loan originated
1,765000.0,37,955000.0,203.0,1,Hispanic or Latino,Joint,45-54,80.0,Loan originated
1,365000.0,30%-<36%,405000.0,148.0,1,White,Female,45-54,89.877,Loan originated
1,885000.0,47,1105000.0,220.0,1,White,Joint,45-54,80.0,Loan originated
1,365000.0,47,465000.0,97.0,1,White,Male,55-64,80.0,Loan originated
1,585000.0,41,625000.0,177.0,1,Hispanic or Latino,Female,35-44,95.0,Loan originated
1,635000.0,>60%,795000.0,108.0,1,Black or African American,Male,45-54,80.0,Loan originated
1,1025000.0,41,1205000.0,416.0,1,White,Joint,35-44,85.0,Loan originated
1,615000.0,46,795000.0,130.0,1,Asian,Female,25-34,78.0,Loan originated
1,355000.0,48,445000.0,90.0,1,Asian,Female,35-44,80.0,Loan originated
1,585000.0,44,835000.0,143.0,1,White,Joint,>74,70.0,Loan originated
1,525000.0,42,1125000.0,131.0,1,Black or African American,Female,45-54,46.67,Loan originated
1,895000.0,44,1155000.0,255.0,1,Hispanic or Latino,Joint,55-64,77.39,Loan originated
1,635000.0,49,795000.0,138.0,1,White,Female,45-54,80.0,Loan originated
1,445000.0,42,465000.0,124.0,1,Hispanic or Latino,Male,25-34,97.0,Loan originated
1,135000.0,42,535000.0,46.0,1,White,Joint,55-64,24.528,Loan originated
1,325000.0,50%-60%,355000.0,80.0,1,White,Male,25-34,92.0,Application denied
1,965000.0,20%-<30%,1205000.0,343.0,1,Asian,Male,25-34,80.0,Loan originated
1,625000.0,20%-<30%,775000.0,312.0,1,Asian,Joint,25-34,80.0,Loan originated
1,305000.0,41,325000.0,86.0,1,Asian,Female,25-34,92.0,Loan originated
1,525000.0,40,545000.0,237.0,1,Hispanic or Latino,Joint,45-54,95.0,Loan originated
1,205000.0,44,275000.0,227.0,1,White,Male,35-44,75.0,Loan originated
1,565000.0,50%-60%,595000.0,137.0,1,Black or African American,Male,35-44,94.73,Loan originated
1,585000.0,46,725000.0,172.0,1,Hispanic or Latino,Male,55-64,80.0,Loan originated
1,975000.0,49,1025000.0,243.0,1,Hispanic or Latino,Male,25-34,95.0,Loan originated
1,655000.0,44,775000.0,194.0,1,Asian,Joint,25-34,84.994,Loan originated
1,765000.0,30%-<36%,1225000.0,246.0,1,White,Female,35-44,62.832,Loan originated
1,765000.0,44,1005000.0,250.0,1,White,Joint,25-34,76.7,Loan originated
1,305000.0,30%-<36%,715000.0,92.0,1,White,Male,25-34,41.958,Loan originated
1,645000.0,45,805000.0,168.0,1,Asian,Joint,35-44,98.68,Loan originated
1,585000.0,30%-<36%,735000.0,173.0,1,White,Male,35-44,80.0,Loan originated
1,545000.0,30%-<36%,615000.0,177.0,1,White,Joint,25-34,88.543,Loan originated
1,655000.0,45,815000.0,166.0,1,White,Male,25-34,80.0,Loan originated
1,545000.0,20%-<30%,725000.0,234.0,1,Asian,Joint,25-34,75.0,Loan originated
1,335000.0,49,455000.0,80.0,1,White,Male,45-54,75.0,Loan originated
1,425000.0,30%-<36%,705000.0,270.0,1,White,Joint,25-34,60.0,Loan originated
1,765000.0,30%-<36%,1385000.0,215.0,1,Asian,Male,45-54,55.507,Loan originated
1,765000.0,30%-<36%,845000.0,257.0,1,Asian,Male,45-54,89.976,Loan originated
1,285000.0,50%-60%,425000.0,57.0,1,White,Male,25-34,90.0,Application denied
1,575000.0,30%-<36%,725000.0,260.0,1,Asian,Joint,35-44,80.0,Loan originated
1,615000.0,38,635000.0,170.0,1,Hispanic or Latino,Male,35-44,97.0,Loan originated
1,675000.0,>60%,875000.0,72.0,1,Asian,Joint,25-34,77.011,Application denied
1,755000.0,47,1255000.0,243.0,1,White,Male,55-64,60.0,Loan originated
1,1145000.0,42,2175000.0,332.0,1,White,Male,45-54,52.414,Loan originated
1,555000.0,39,1325000.0,226.0,1,White,Joint,35-44,41.667,Loan originated
1,605000.0,44,1825000.0,274.0,1,Asian,Joint,55-64,32.919,Loan originated
1,435000.0,47,545000.0,92.0,1,Asian,Female,25-34,100.0,Loan originated
1,955000.0,43,1935000.0,281.0,1,Asian,Male,35-44,49.22,Loan originated
1,545000.0,20%-<30%,575000.0,339.0,1,White,Joint,25-34,95.0,Loan originated
1,655000.0,20%-<30%,1055000.0,345.0,1,White,Joint,35-44,63.0,Loan originated
1,765000.0,41,965000.0,222.0,1,Asian,Joint,35-44,79.84,Loan originated
1,475000.0,43,505000.0,123.0,1,Hispanic or Latino,Female,35-44,95.0,Loan originated
1,385000.0,36,515000.0,126.0,1,Hispanic or Latino,Female,35-44,74.51,Loan originated
1,585000.0,47,725000.0,257.0,1,Hispanic or Latino,Male,55-64,80.0,Loan originated
1,935000.0,43,1685000.0,264.0,1,White,Male,65-74,55.193,Loan originated
1,395000.0,43,495000.0,96.0,1,Asian,Male,35-44,79.99,Application denied
1,635000.0,49,705000.0,128.0,1,Asian,Female,35-44,89.96,Loan originated
1,565000.0,49,585000.0,259.0,1,Hispanic or Latino,Joint,45-54,95.0,Loan originated
1,695000.0,44,1395000.0,477.0,1,White,Joint,65-74,49.68,Loan originated
1,675000.0,30%-<36%,1175000.0,211.0,1,White,Female,45-54,57.447,Application denied
1,585000.0,47,655000.0,228.0,1,White,Joint,35-44,89.231,Loan originated
1,475000.0,30%-<36%,495000.0,156.0,1,White,Joint,25-34,97.0,Loan originated
1,255000.0,39,375000.0,75.0,1,Black or African American,Male,45-54,66.667,Application denied
1,685000.0,49,755000.0,199.0,1,White,Joint,>74,90.0,Loan originated
1,475000.0,30%-<36%,635000.0,151.0,1,White,Joint,25-34,75.0,Loan originated
1,325000.0,41,335000.0,82.0,1,White,Female,45-54,97.0,Loan originated
1,275000.0,47,285000.0,84.0,1,Hispanic or Latino,Male,35-44,100.0,Loan originated
1,845000.0,45,895000.0,260.0,1,Hispanic or Latino,Joint,25-34,95.0,Loan originated
1,195000.0,46,345000.0,212.0,1,White,Joint,45-54,57.0,Loan originated
1,675000.0,30%-<36%,905000.0,293.0,1,White,Joint,35-44,75.0,Loan originated
1,425000.0,20%-<30%,535000.0,226.0,1,Hispanic or Latino,Joint,55-64,80.0,Loan originated
1,355000.0,47,835000.0,98.0,1,Hispanic or Latino,Female,35-44,42.169,Loan originated
1,445000.0,20%-<30%,475000.0,211.0,1,Hispanic or Latino,Male,35-44,95.0,Loan originated
1,625000.0,46,835000.0,339.0,1,White,Male,35-44,75.0,Loan originated
1,295000.0,41,305000.0,70.0,1,Hispanic or Latino,Male,25-34,100.0,Loan originated
1,475000.0,45,595000.0,134.0,1,White,Joint,25-34,80.0,Loan originated
1,305000.0,38,495000.0,95.0,1,White,Joint,35-44,62.299,Loan originated
1,725000.0,46,785000.0,188.0,1,White,Joint,25-34,92.308,Loan originated
1,405000.0,44,445000.0,106.0,1,Hispanic or Latino,Joint,25-34,90.0,Loan originated
1,555000.0,45,795000.0,166.0,1,Asian,Female,55-64,70.0,Loan originated
1,175000.0,30%-<36%,255000.0,69.0,1,White,Male,45-54,68.627,Loan originated
1,515000.0,30%-<36%,735000.0,178.0,1,Hispanic or Latino,Joint,65-74,70.0,Loan originated
1,575000.0,48,605000.0,192.0,1,Hispanic or Latino,Joint,25-34,95.0,Loan originated
1,475000.0,46,1015000.0,109.0,1,Hispanic or Latino,Female,55-64,47.134,Loan originated
1,245000.0,49,305000.0,71.0,1,White,Male,45-54,80.0,Loan originated
1,465000.0,49,485000.0,84.0,1,Hispanic or Latino,Joint,35-44,97.0,Loan originated
1,915000.0,43,1145000.0,240.0,1,Black or African American,Female,45-54,80.0,Application denied
1,735000.0,47,775000.0,220.0,1,Black or African American,Female,45-54,94.22,Loan originated
1,765000.0,43,805000.0,260.0,1,Hispanic or Latino,Female,45-54,95.0,Loan originated
1,335000.0,38,715000.0,101.0,1,Asian,Joint,45-54,50.0,Loan originated
1,785000.0,30%-<36%,875000.0,225.0,1,Asian,Male,35-44,90.0,Loan originated
1,665000.0,46,1065000.0,145.0,1,Asian,Male,35-44,62.264,Loan originated
1,665000.0,47,745000.0,137.0,1,Asian,Joint,35-44,90.0,Loan originated
1,615000.0,20%-<30%,1025000.0,180.0,1,Asian,Female,25-34,60.0,Loan originated
1,545000.0,46,845000.0,138.0,1,Hispanic or Latino,Male,25-34,65.0,Loan originated
1,245000.0,40,535000.0,56.0,1,Other,Female,45-54,80.0,Loan originated
1,515000.0,40,645000.0,130.0,1,White,Male,25-34,80.0,Loan originated
1,445000.0,41,1245000.0,143.0,1,Asian,Female,45-54,35.484,Loan originated
1,1145000.0,30%-<36%,1525000.0,315.0,1,Asian,Joint,35-44,75.0,Loan originated
1,755000.0,20%-<30%,1505000.0,449.0,1,Asian,Joint,35-44,50.0,Loan originated
1,1065000.0,30%-<36%,1415000.0,534.0,1,White,Joint,45-54,75.0,Loan originated
1,725000.0,45,805000.0,178.0,1,White,Male,55-64,90.0,Loan originated
1,205000.0,<20%,1055000.0,290.0,1,Asian,Male,25-34,19.05,Loan originated
1,765000.0,20%-<30%,1145000.0,367.0,1,White,Joint,25-34,67.0,Loan originated
1,565000.0,30%-<36%,655000.0,170.0,1,White,Female,25-34,85.758,Loan originated
1,415000.0,30%-<36%,555000.0,442.0,1,White,Joint,25-34,75.0,Loan originated
1,355000.0,49,755000.0,79.0,1,White,Male,25-34,46.667,Loan originated
1,935000.0,49,1205000.0,201.0,1,White,Male,35-44,78.167,Loan originated
1,715000.0,37,755000.0,212.0,1,Asian,Joint,35-44,95.0,Loan originated
1,645000.0,30%-<36%,805000.0,179.0,1,Hispanic or Latino,Female,35-44,80.0,Loan originated
1,505000.0,43,1905000.0,138.0,1,Asian,Female,25-34,26.316,Loan originated
1,965000.0,36,1215000.0,560.0,1,Black or African American,Joint,45-54,80.0,Loan originated
1,515000.0,48,645000.0,376.0,1,Asian,Joint,25-34,80.0,Loan originated
1,435000.0,20%-<30%,485000.0,171.0,1,Hispanic or Latino,Female,35-44,89.788,Loan originated
1,575000.0,49,665000.0,130.0,1,White,Joint,35-44,86.36,Loan originated
1,185000.0,30%-<36%,235000.0,160.0,1,White,Joint,45-54,80.0,Loan originated
1,265000.0,38,615000.0,79.0,1,White,Male,45-54,42.623,Loan originated
1,335000.0,49,425000.0,157.0,1,White,Joint,65-74,80.0,Loan originated
1,325000.0,36,405000.0,89.0,1,Asian,Female,25-34,100.0,Loan originated
1,345000.0,49,435000.0,83.0,1,White,Male,45-54,80.0,Loan originated
1,685000.0,44,725000.0,146.0,1,Hispanic or Latino,Joint,45-54,95.0,Loan originated
1,335000.0,30%-<36%,605000.0,98.0,1,Hispanic or Latino,Joint,65-74,55.375,Loan originated
1,375000.0,49,425000.0,76.0,1,White,Male,45-54,97.2,Loan originated
1,175000.0,46,525000.0,55.0,1,White,Female,35-44,32.983,Loan originated
1,785000.0,48,975000.0,360.0,1,Black or African American,Female,55-64,80.0,Loan originated
1,355000.0,20%-<30%,405000.0,210.0,1,White,Female,55-64,87.73,Loan originated
1,555000.0,40,775000.0,141.0,1,Asian,Joint,45-54,71.429,Loan originated
1,515000.0,48,635000.0,109.0,1,Asian,Joint,35-44,100.0,Loan originated
1,635000.0,30%-<36%,805000.0,228.0,1,Asian,Joint,25-34,79.885,Loan originated
1,445000.0,41,595000.0,117.0,1,White,Male,25-34,75.0,Loan originated
1,485000.0,44,605000.0,105.0,1,Asian,Joint,55-64,80.0,Loan originated
1,765000.0,50%-60%,1025000.0,160.0,1,Asian,Joint,45-54,80.0,Application denied
1,755000.0,30%-<36%,1275000.0,255.0,1,White,Male,45-54,58.64,Loan originated
1,535000.0,50%-60%,535000.0,174.0,1,Black or African American,Female,25-34,100.0,Application denied
1,375000.0,20%-<30%,465000.0,209.0,1,Asian,Joint,25-34,80.0,Loan originated
1,585000.0,45,655000.0,163.0,1,White,Joint,35-44,90.0,Loan originated
1,285000.0,41,295000.0,85.0,1,Hispanic or Latino,Female,55-64,100.0,Loan originated
1,765000.0,30%-<36%,3305000.0,400.0,1,White,Joint,45-54,23.229,Loan originated
1,665000.0,49,705000.0,199.0,1,Asian,Joint,25-34,95.0,Loan originated
1,685000.0,48,735000.0,141.0,1,White,Female,35-44,93.493,Loan originated
1,155000.0,36,865000.0,172.0,1,Asian,Joint,25-34,97.442,Loan originated
1,525000.0,49,585000.0,138.0,1,Asian,Joint,55-64,89.865,Loan originated
1,765000.0,47,805000.0,173.0,1,Hispanic or Latino,Joint,55-64,97.96,Loan originated
1,465000.0,49,715000.0,111.0,1,Hispanic or Latino,Joint,35-44,65.0,Loan originated
1,415000.0,49,915000.0,288.0,1,Hispanic or Latino,Male,55-64,45.355,Loan originated
1,605000.0,37,755000.0,176.0,1,White,Joint,25-34,80.0,Loan originated
1,745000.0,30%-<36%,935000.0,249.0,1,Asian,Joint,35-44,80.0,Loan originated
1,375000.0,48,775000.0,84.0,1,White,Female,35-44,48.119,Loan originated
1,885000.0,48,1105000.0,228.0,1,White,Male,<25,80.0,Loan originated
1,575000.0,30%-<36%,765000.0,241.0,1,Asian,Joint,25-34,75.0,Loan originated
1,245000.0,20%-<30%,265000.0,132.0,1,White,Female,35-44,95.0,Loan originated
1,275000.0,30%-<36%,345000.0,207.0,1,White,Female,35-44,80.0,Loan originated
1,1325000.0,46,1655000.0,283.0,1,White,Male,25-34,80.0,Loan originated
1,485000.0,20%-<30%,1385000.0,403.0,1,White,Joint,45-54,34.745,Loan originated
1,545000.0,30%-<36%,685000.0,162.0,1,Hispanic or Latino,Male,25-34,80.0,Loan originated
1,405000.0,36,1025000.0,173.0,1,Asian,Male,45-54,38.903,Loan originated
1,735000.0,49,785000.0,142.0,1,Asian,Joint,45-54,93.0,Loan originated
1,585000.0,47,735000.0,130.0,1,Black or African American,Joint,45-54,80.0,Loan originated
1,305000.0,20%-<30%,655000.0,170.0,1,Asian,Female,55-64,46.16,Loan originated
1,905000.0,30%-<36%,2205000.0,343.0,1,White,Female,35-44,40.909,Loan originated
1,765000.0,38,925000.0,195.0,1,Asian,Female,35-44,83.321,Loan originated
1,765000.0,36,785000.0,260.0,1,Asian,Joint,25-34,97.0,Loan originated
1,405000.0,47,585000.0,87.0,1,White,Male,25-34,70.0,Loan originated
1,495000.0,49,685000.0,106.0,1,White,Joint,35-44,72.273,Loan originated
1,755000.0,46,1205000.0,196.0,1,White,Male,35-44,63.0,Loan originated
1,985000.0,30%-<36%,1235000.0,319.0,1,Asian,Joint,25-34,80.0,Loan originated
1,365000.0,20%-<30%,425000.0,172.0,1,White,Male,45-54,85.0,Loan originated
1,725000.0,48,805000.0,166.0,1,Asian,Male,25-34,90.0,Loan originated
1,305000.0,47,385000.0,111.0,1,Hispanic or Latino,Joint,35-44,100.0,Loan originated
1,325000.0,47,465000.0,98.0,1,White,Joint,55-64,70.0,Loan originated
1,645000.0,46,805000.0,203.0,1,Asian,Female,25-34,80.0,Loan originated
1,605000.0,20%-<30%,1925000.0,383.0,1,White,Joint,35-44,31.17,Loan originated
1,935000.0,36,1255000.0,240.0,1,White,Male,35-44,75.0,Loan originated
1,385000.0,37,855000.0,121.0,1,Asian,Male,55-64,45.0,Loan originated
1,785000.0,43,825000.0,163.0,1,Hispanic or Latino,Female,35-44,95.0,Loan originated
1,685000.0,46,855000.0,212.0,1,Asian,Joint,25-34,80.0,Loan originated
1,385000.0,20%-<30%,405000.0,152.0,1,Other,Female,55-64,100.0,Loan originated
1,365000.0,49,525000.0,85.0,1,Hispanic or Latino,Male,35-44,70.0,Loan originated
1,1005000.0,39,1505000.0,250.0,1,White,Joint,35-44,66.667,Loan originated
1,665000.0,>60%,695000.0,175.0,1,Asian,Joint,65-74,95.0,Application denied
1,525000.0,30%-<36%,755000.0,162.0,1,Asian,Joint,25-34,70.0,Loan originated
1,1095000.0,41,1155000.0,252.0,1,Hispanic or Latino,Joint,45-54,95.0,Loan originated
1,265000.0,20%-<30%,1205000.0,180.0,1,Hispanic or Latino,Female,35-44,21.667,Loan originated
1,375000.0,37,475000.0,119.0,1,White,Female,45-54,80.0,Loan originated
1,495000.0,41,615000.0,176.0,1,White,Female,65-74,80.0,Loan originated
1,265000.0,36,355000.0,77.0,1,White,Male,<25,74.286,Loan originated
1,615000.0,49,945000.0,171.0,1,White,Joint,65-74,65.0,Loan originated
1,625000.0,49,1255000.0,135.0,1,White,Joint,45-54,50.0,Loan originated
1,325000.0,41,475000.0,115.0,1,Asian,Male,<25,70.0,Loan originated
1,385000.0,46,605000.0,122.0,1,Hispanic or Latino,Female,45-54,63.675,Loan originated
1,525000.0,<20%,805000.0,364.0,1,Asian,Joint,55-64,65.0,Loan originated
1,855000.0,38,955000.0,247.0,1,White,Joint,25-34,90.0,Loan originated
1,285000.0,49,315000.0,86.0,1,Other,Female,45-54,90.0,Loan originated
1,615000.0,50%-60%,775000.0,176.0,1,White,Male,>74,80.0,Loan originated
1,335000.0,<20%,885000.0,252.0,1,White,Male,45-54,38.133,Loan originated
1,575000.0,43,635000.0,151.0,1,Hispanic or Latino,Joint,25-34,91.0,Loan originated
1,595000.0,48,855000.0,198.0,1,Asian,Female,25-34,70.0,Loan originated
1,555000.0,42,615000.0,347.0,1,Asian,Male,25-34,90.0,Loan originated
1,605000.0,<20%,1655000.0,614.0,1,White,Male,65-74,37.0,Loan originated
1,625000.0,48,1225000.0,279.0,1,Asian,Male,35-44,51.209,Loan originated
1,445000.0,46,465000.0,102.0,1,White,Female,45-54,95.0,Loan originated
1,225000.0,20%-<30%,715000.0,116.0,1,Hispanic or Latino,Female,65-74,31.359,Loan originated
1,585000.0,38,655000.0,263.0,1,Hispanic or Latino,Female,55-64,90.0,Loan originated
1,145000.0,<20%,475000.0,162.0,1,White,Joint,35-44,30.53,Loan originated
1,985000.0,39,1235000.0,263.0,1,Asian,Male,45-54,80.0,Loan originated
1,885000.0,49,1025000.0,170.0,1,Asian,Male,35-44,88.0,Loan originated
1,455000.0,44,525000.0,124.0,1,White,Joint,25-34,86.667,Loan originated
1,425000.0,30%-<36%,495000.0,139.0,1,Hispanic or Latino,Joint,55-64,85.0,Loan originated
1,535000.0,44,595000.0,135.0,1,Hispanic or Latino,Male,45-54,90.0,Loan originated
1,405000.0,44,435000.0,114.0,1,Asian,Female,25-34,95.0,Loan originated
1,1045000.0,46,1305000.0,335.0,1,White,Joint,35-44,80.0,Loan originated
1,545000.0,43,565000.0,129.0,1,Hispanic or Latino,Male,25-34,97.0,Loan originated
1,225000.0,36,525000.0,96.0,1,Hispanic or Latino,Joint,35-44,43.334,Loan originated
1,375000.0,48,545000.0,72.0,1,White,Male,25-34,70.0,Loan originated
1,425000.0,20%-<30%,525000.0,191.0,1,White,Female,25-34,80.0,Loan originated
1,855000.0,48,1065000.0,296.0,1,Asian,Female,35-44,80.0,Loan originated
1,285000.0,43,305000.0,84.0,1,White,Joint,35-44,93.0,Loan originated
1,765000.0,47,905000.0,199.0,1,White,Female,25-34,85.0,Loan originated
1,165000.0,49,195000.0,36.0,1,White,Joint,55-64,85.0,Loan originated
1,515000.0,49,535000.0,143.0,1,White,Joint,25-34,98.888,Loan originated
1,395000.0,>60%,495000.0,38.0,1,Asian,Male,25-34,80.0,Application denied
1,725000.0,45,925000.0,152.0,1,Hispanic or Latino,Female,25-34,79.0,Loan originated
1,675000.0,36,725000.0,214.0,1,Asian,Joint,35-44,93.103,Loan originated
1,615000.0,49,785000.0,111.0,1,Asian,Male,25-34,78.854,Loan originated
1,755000.0,50%-60%,795000.0,126.0,1,White,Joint,>74,95.0,Application denied
1,755000.0,44,2425000.0,258.0,1,Asian,Joint,25-34,31.0,Loan originated
1,285000.0,20%-<30%,475000.0,200.0,1,White,Joint,55-64,58.947,Loan originated
1,745000.0,39,825000.0,216.0,1,Asian,Male,35-44,90.0,Loan originated
1,685000.0,36,915000.0,238.0,1,White,Male,35-44,75.0,Loan originated
1,525000.0,38,805000.0,156.0,1,White,Joint,45-54,65.217,Loan originated
1,85000.0,<20%,605000.0,170.0,1,White,Male,65-74,15.0,Loan originated
1,425000.0,49,725000.0,139.0,1,Other,Female,<25,58.88,Loan originated
1,465000.0,30%-<36%,585000.0,145.0,1,Asian,Male,25-34,80.0,Application denied
1,335000.0,20%-<30%,425000.0,394.0,1,Hispanic or Latino,Male,55-64,80.0,Application denied
1,445000.0,36,555000.0,110.0,1,White,Male,55-64,80.0,Loan originated
1,515000.0,30%-<36%,645000.0,180.0,1,Black or African American,Female,55-64,80.0,Loan originated
1,515000.0,30%-<36%,645000.0,252.0,1,White,Male,55-64,80.0,Loan originated
1,975000.0,30%-<36%,1305000.0,285.0,1,White,Male,35-44,75.0,Loan originated
1,765000.0,30%-<36%,1105000.0,258.0,1,Asian,Joint,25-34,69.68,Loan originated
1,385000.0,49,785000.0,104.0,1,Asian,Male,35-44,49.095,Loan originated
1,365000.0,30%-<36%,415000.0,161.0,1,Hispanic or Latino,Joint,25-34,88.0,Loan originated
1,595000.0,30%-<36%,745000.0,163.0,1,Asian,Male,35-44,80.0,Loan originated
1,765000.0,44,815000.0,175.0,1,White,Male,35-44,94.335,Loan originated
1,375000.0,30%-<36%,575000.0,112.0,1,White,Male,35-44,65.22,Loan originated
1,575000.0,49,605000.0,118.0,1,Hispanic or Latino,Joint,25-34,95.0,Loan originated
1,505000.0,44,895000.0,170.0,1,Asian,Male,45-54,55.562,Loan originated
1,275000.0,30%-<36%,305000.0,117.0,1,White,Female,55-64,90.0,Loan originated
1,595000.0,20%-<30%,745000.0,220.0,1,Asian,Joint,35-44,80.0,Loan originated
1,275000.0,48,915000.0,89.0,1,Asian,Female,55-64,29.97,Loan originated
1,385000.0,47,405000.0,149.0,1,Hispanic or Latino,Male,45-54,97.85,Loan originated
1,565000.0,44,595000.0,134.0,1,Hispanic or Latino,Male,25-34,95.0,Loan originated
1,755000.0,43,1505000.0,246.0,1,Asian,Joint,45-54,50.0,Loan originated
1,1135000.0,43,1195000.0,261.0,1,White,Joint,45-54,95.0,Loan originated
1,925000.0,39,1355000.0,244.0,1,Black or African American,Joint,45-54,69.0,Loan originated
1,625000.0,44,785000.0,153.0,1,White,Joint,35-44,80.0,Loan originated
1,465000.0,46,665000.0,185.0,1,White,Male,45-54,70.0,Loan originated
1,15000.0,38,475000.0,122.0,1,Hispanic or Latino,Joint,25-34,100.0,Loan originated
1,215000.0,43,305000.0,96.0,1,Asian,Male,55-64,70.0,Loan originated
1,675000.0,40,755000.0,169.0,1,Hispanic or Latino,Female,35-44,90.0,Loan originated
1,735000.0,39,795000.0,224.0,1,White,Joint,25-34,93.0,Loan originated
1,245000.0,44,1545000.0,96.0,1,Asian,Joint,55-64,15.534,Loan originated
1,855000.0,30%-<36%,1755000.0,292.0,1,White,Joint,45-54,48.571,Loan originated
1,865000.0,49,1945000.0,248.0,1,White,Joint,45-54,45.0,Loan originated
1,595000.0,41,665000.0,157.0,1,Hispanic or Latino,Joint,45-54,89.99,Loan originated
1,415000.0,20%-<30%,715000.0,176.0,1,Hispanic or Latino,Male,25-34,57.92,Loan originated
1,605000.0,30%-<36%,765000.0,191.0,1,White,Joint,45-54,79.99,Loan originated
1,375000.0,49,445000.0,92.0,1,White,Joint,55-64,85.0,Loan originated
1,485000.0,37,655000.0,174.0,1,Hispanic or Latino,Joint,35-44,75.0,Loan originated
1,295000.0,30%-<36%,475000.0,118.0,1,Asian,Female,35-44,62.243,Loan originated
1,845000.0,<20%,1305000.0,480.0,1,White,Joint,35-44,64.615,Loan originated
1,275000.0,38,375000.0,102.0,1,White,Female,65-74,73.34,Loan originated
1,665000.0,20%-<30%,825000.0,218.0,1,White,Joint,25-34,80.0,Loan originated
1,565000.0,20%-<30%,705000.0,377.0,1,White,Male,35-44,80.0,Loan originated
1,325000.0,43,485000.0,126.0,1,Asian,Female,35-44,67.0,Loan originated
1,925000.0,49,1155000.0,193.0,1,Asian,Male,35-44,79.94,Loan originated
1,715000.0,38,845000.0,185.0,1,White,Joint,35-44,85.0,Loan originated
1,1065000.0,45,1505000.0,254.0,1,White,Joint,35-44,71.0,Loan originated
1,455000.0,20%-<30%,855000.0,316.0,1,White,Joint,25-34,53.38,Loan originated
1,235000.0,45,245000.0,69.0,1,Asian,Male,<25,97.0,Loan originated
1,275000.0,30%-<36%,475000.0,89.0,1,Hispanic or Latino,Male,35-44,57.895,Loan originated
1,115000.0,39,325000.0,51.0,1,Hispanic or Latino,Male,45-54,34.862,Loan originated
1,1005000.0,49,1485000.0,184.0,1,White,Joint,35-44,67.57,Loan originated
1,465000.0,30%-<36%,485000.0,162.0,1,White,Joint,35-44,100.0,Loan originated
1,1115000.0,44,1395000.0,358.0,1,White,Joint,35-44,79.96,Loan originated
1,525000.0,50%-60%,555000.0,181.0,1,White,Joint,25-34,95.0,Loan originated
1,125000.0,<20%,325000.0,117.0,1,Asian,Male,25-34,40.0,Loan originated
1,385000.0,40,405000.0,140.0,1,Asian,Female,25-34,97.0,Loan originated
1,715000.0,49,955000.0,149.0,1,Hispanic or Latino,Joint,25-34,75.0,Loan originated
1,895000.0,38,1395000.0,250.0,1,Asian,Male,55-64,64.261,Loan originated
1,775000.0,37,1025000.0,182.0,1,Asian,Male,35-44,75.61,Loan originated
1,465000.0,30%-<36%,705000.0,152.0,1,White,Joint,35-44,65.714,Loan originated
1,875000.0,<20%,1095000.0,510.0,1,Hispanic or Latino,Male,35-44,80.0,Loan originated
1,505000.0,20%-<30%,565000.0,168.0,1,Hispanic or Latino,Male,<25,90.0,Loan originated
1,805000.0,48,1615000.0,280.0,1,White,Joint,25-34,50.0,Loan originated
1,345000.0,45,365000.0,104.0,1,Asian,Male,45-54,95.0,Loan originated
1,525000.0,48,655000.0,242.0,1,Asian,Joint,45-54,80.0,Loan originated
1,505000.0,49,655000.0,134.0,1,Asian,Female,65-74,78.154,Loan originated
1,715000.0,48,755000.0,183.0,1,White,Female,65-74,95.0,Loan originated
1,955000.0,20%-<30%,1305000.0,480.0,1,White,Female,45-54,73.0769,Application denied
1,765000.0,47,2075000.0,230.0,1,White,Joint,55-64,37.0,Loan originated
1,395000.0,48,485000.0,88.0,1,White,Female,65-74,80.0,Loan originated
1,605000.0,45,625000.0,143.0,1,Asian,Joint,25-34,100.0,Loan originated
1,515000.0,44,795000.0,116.0,1,Asian,Female,35-44,90.0,Loan originated
1,1005000.0,20%-<30%,1255000.0,328.0,1,Asian,Joint,35-44,80.0,Loan originated
1,345000.0,20%-<30%,365000.0,260.0,1,Hispanic or Latino,Male,35-44,95.0,Loan originated
1,385000.0,30%-<36%,455000.0,134.0,1,Hispanic or Latino,Male,35-44,85.0,Loan originated
1,535000.0,44,765000.0,219.0,1,Asian,Male,65-74,69.65,Loan originated
1,675000.0,45,795000.0,141.0,1,Black or African American,Male,55-64,85.0,Application denied
1,365000.0,50%-60%,455000.0,122.0,1,White,Joint,65-74,80.0,Loan originated
1,705000.0,20%-<30%,825000.0,243.0,1,Asian,Joint,35-44,85.0,Loan originated
1,945000.0,36,1185000.0,360.0,1,Asian,Joint,35-44,80.0,Loan originated
1,1145000.0,45,1735000.0,235.0,1,White,Joint,35-44,66.19,Loan originated
1,465000.0,49,585000.0,94.0,1,Hispanic or Latino,Male,35-44,80.0,Loan originated
1,445000.0,47,555000.0,95.0,1,Hispanic or Latino,Joint,55-64,80.0,Loan originated
1,595000.0,30%-<36%,995000.0,290.0,1,Asian,Male,35-44,60.0,Loan originated
1,425000.0,43,535000.0,106.0,1,Asian,Male,35-44,80.0,Loan originated
1,515000.0,49,645000.0,99.0,1,Hispanic or Latino,Male,25-34,80.0,Loan originated
1,505000.0,49,755000.0,159.0,1,White,Joint,65-74,66.667,Loan originated
1,305000.0,49,975000.0,120.0,1,White,Female,55-64,30.769,Application denied
1,545000.0,20%-<30%,565000.0,202.0,1,Asian,Joint,45-54,96.5,Loan originated
1,605000.0,30%-<36%,3005000.0,301.0,1,Asian,Male,35-44,20.0,Loan originated
1,615000.0,46,655000.0,163.0,1,Asian,Male,25-34,95.0,Loan originated
1,485000.0,20%-<30%,505000.0,382.0,1,Asian,Joint,35-44,95.0,Loan originated
1,375000.0,44,545000.0,103.0,1,White,Joint,25-34,70.0,Loan originated
1,225000.0,40,255000.0,99.0,1,White,Female,65-74,90.0,Application denied
1,755000.0,42,945000.0,183.0,1,White,Female,35-44,80.0,Loan originated
1,1005000.0,37,2345000.0,330.0,1,Asian,Joint,25-34,42.59,Loan originated
1,505000.0,46,575000.0,135.0,1,Black or African American,Female,55-64,87.856,Loan originated
1,345000.0,41,465000.0,96.0,1,Hispanic or Latino,Female,35-44,75.0,Loan originated
1,515000.0,>60%,685000.0,0.0,1,Hispanic or Latino,Female,55-64,75.0,Application denied
1,505000.0,48,555000.0,108.0,1,Hispanic or Latino,Joint,25-34,90.0,Loan originated
1,705000.0,49,745000.0,166.0,1,Hispanic or Latino,Male,35-44,95.0,Loan originated
1,355000.0,48,735000.0,101.0,1,White,Joint,65-74,47.93,Loan originated
1,815000.0,49,1645000.0,183.0,1,White,Female,25-34,49.51,Loan originated
1,455000.0,46,565000.0,105.0,1,White,Joint,35-44,80.0,Loan originated
1,205000.0,49,905000.0,56.0,1,White,Female,>74,22.778,Loan originated
1,325000.0,40,605000.0,157.0,1,White,Male,25-34,54.05,Loan originated
1,855000.0,41,905000.0,230.0,1,White,Joint,35-44,95.0,Loan originated
1,275000.0,41,365000.0,114.0,1,White,Female,65-74,75.0,Loan originated
1,1105000.0,20%-<30%,2735000.0,898.0,1,Asian,Male,35-44,40.18,Loan originated
1,735000.0,20%-<30%,915000.0,281.0,1,Asian,Joint,25-34,80.0,Loan originated
1,435000.0,20%-<30%,545000.0,305.0,1,Hispanic or Latino,Female,35-44,80.0,Loan originated
1,445000.0,46,635000.0,104.0,1,Asian,Joint,25-34,70.0,Loan originated
1,625000.0,47,785000.0,130.0,1,White,Joint,55-64,80.0,Loan originated
1,555000.0,49,695000.0,238.0,1,Black or African American,Male,25-34,80.0,Loan originated
1,95000.0,20%-<30%,125000.0,119.0,1,Hispanic or Latino,Joint,45-54,70.31,Loan originated
1,335000.0,45,355000.0,88.0,1,Black or African American,Male,45-54,95.0,Loan originated
1,515000.0,44,535000.0,136.0,1,Hispanic or Latino,Joint,25-34,97.0,Loan originated
1,625000.0,<20%,835000.0,456.0,1,White,Joint,45-54,75.0,Loan originated
1,295000.0,47,665000.0,88.0,1,Asian,Joint,65-74,45.0,Loan originated
1,345000.0,37,435000.0,206.0,1,Black or African American,Joint,35-44,80.0,Loan originated
1,895000.0,37,1125000.0,261.0,1,White,Male,25-34,80.0,Loan originated
1,365000.0,49,485000.0,97.0,1,Hispanic or Latino,Joint,25-34,75.0,Loan originated
1,575000.0,30%-<36%,1075000.0,180.0,1,White,Joint,35-44,54.0,Loan originated
1,135000.0,20%-<30%,145000.0,129.0,1,White,Joint,35-44,95.0,Loan originated
1,375000.0,20%-<30%,685000.0,153.0,1,White,Female,25-34,54.412,Loan originated
1,765000.0,43,955000.0,202.0,1,White,Joint,25-34,80.0,Loan originated
1,755000.0,48,955000.0,149.0,1,Hispanic or Latino,Joint,45-54,95.0,Loan originated
1,1105000.0,37,1605000.0,289.0,1,Asian,Joint,35-44,68.75,Loan originated
1,565000.0,42,805000.0,213.0,1,Asian,Female,25-34,70.0,Loan originated
1,205000.0,42,275000.0,62.0,1,White,Joint,25-34,74.444,Loan originated
1,505000.0,37,705000.0,142.0,1,Asian,Male,45-54,71.43,Loan originated
1,595000.0,20%-<30%,615000.0,203.0,1,Hispanic or Latino,Joint,25-34,97.0,Loan originated
1,765000.0,43,885000.0,174.0,1,Asian,Male,35-44,86.42,Loan originated
1,715000.0,49,755000.0,160.0,1,Hispanic or Latino,Joint,55-64,95.0,Loan originated
1,965000.0,30%-<36%,1205000.0,559.0,1,White,Male,35-44,80.0,Loan originated
1,305000.0,45,335000.0,105.0,1,Hispanic or Latino,Male,45-54,95.0,Loan originated
1,305000.0,36,385000.0,82.0,1,White,Female,55-64,80.0,Loan originated
1,325000.0,20%-<30%,475000.0,163.0,1,White,Joint,45-54,68.421,Loan originated
1,595000.0,46,635000.0,170.0,1,Asian,Joint,35-44,94.455,Loan originated
1,1045000.0,49,1455000.0,235.0,1,Asian,Female,45-54,72.0,Loan originated
1,275000.0,48,415000.0,70.0,1,White,Female,>74,66.585,Loan originated
1,385000.0,49,515000.0,80.0,1,Asian,Male,45-54,95.547,Loan originated
1,415000.0,48,645000.0,160.0,1,White,Joint,55-64,64.065,Loan originated
1,325000.0,49,615000.0,83.0,1,White,Joint,25-34,53.008,Loan originated
1,665000.0,20%-<30%,885000.0,348.0,1,Asian,Male,25-34,75.0,Loan originated
1,705000.0,30%-<36%,885000.0,268.0,1,Asian,Joint,25-34,80.0,Loan originated
1,1095000.0,40,1785000.0,370.0,1,White,Joint,35-44,61.52,Loan originated
1,245000.0,41,255000.0,62.0,1,White,Male,35-44,97.0,Loan originated
1,575000.0,49,605000.0,131.0,1,Asian,Male,25-34,95.0,Loan originated
1,555000.0,48,695000.0,240.0,1,White,Joint,25-34,80.0,Loan originated
1,475000.0,44,595000.0,101.0,1,White,Male,35-44,80.0,Loan originated
1,105000.0,42,125000.0,59.0,1,White,Joint,65-74,90.0,Loan originated
1,155000.0,41,935000.0,180.0,1,White,Joint,65-74,15.974,Loan originated
1,615000.0,40,655000.0,162.0,1,Hispanic or Latino,Joint,35-44,95.0,Loan originated
1,805000.0,30%-<36%,825000.0,254.0,1,White,Male,25-34,97.0,Loan originated
1,305000.0,20%-<30%,385000.0,117.0,1,Hispanic or Latino,Male,35-44,80.0,Loan originated
1,595000.0,44,735000.0,139.0,1,White,Joint,35-44,80.0,Loan originated
1,975000.0,46,1305000.0,232.0,1,White,Male,55-64,75.0,Loan originated
1,865000.0,20%-<30%,1245000.0,384.0,1,Asian,Female,35-44,79.818,Loan originated
1,625000.0,20%-<30%,965000.0,247.0,1,White,Male,25-34,65.104,Loan originated
1,435000.0,49,485000.0,119.0,1,Other,Female,25-34,91.5,Loan originated
1,875000.0,47,1025000.0,262.0,1,White,Male,35-44,85.0,Loan originated
1,475000.0,20%-<30%,955000.0,181.0,1,Asian,Joint,35-44,49.74,Loan originated
1,905000.0,43,1205000.0,281.0,1,Asian,Female,35-44,75.0,Loan originated
1,345000.0,47,425000.0,119.0,1,Hispanic or Latino,Female,25-34,80.0,Loan originated
1,575000.0,49,775000.0,200.0,1,White,Joint,25-34,74.026,Loan originated
1,915000.0,30%-<36%,1145000.0,285.0,1,White,Female,45-54,79.879,Loan originated
1,665000.0,30%-<36%,835000.0,228.0,1,Asian,Joint,25-34,80.0,Loan originated
1,445000.0,39,455000.0,156.0,1,Hispanic or Latino,Joint,35-44,98.889,Application denied
1,535000.0,30%-<36%,555000.0,123.0,1,White,Joint,35-44,96.37,Loan originated
1,1055000.0,49,1425000.0,229.0,1,Other,Male,55-64,73.69,Loan originated
1,605000.0,48,855000.0,204.0,1,Asian,Male,35-44,70.589,Loan originated
1,465000.0,47,585000.0,103.0,1,Hispanic or Latino,Female,35-44,80.0,Loan originated
1,1145000.0,43,1675000.0,349.0,1,White,Joint,65-74,68.358,Application denied
1,275000.0,47,295000.0,61.0,1,Hispanic or Latino,Female,35-44,94.068,Loan originated
1,535000.0,20%-<30%,565000.0,380.0,1,Hispanic or Latino,Female,45-54,95.0,Loan originated
1,505000.0,48,665000.0,120.0,1,Asian,Joint,45-54,75.0,Loan originated
1,985000.0,48,1165000.0,428.0,1,White,Male,55-64,85.0,Loan originated
1,575000.0,20%-<30%,715000.0,328.0,1,White,Male,35-44,80.0,Loan originated
1,595000.0,40,665000.0,145.0,1,Other,Male,35-44,89.99,Loan originated
1,845000.0,43,1055000.0,265.0,1,White,Male,55-64,80.0,Loan originated
1,805000.0,30%-<36%,855000.0,346.0,1,Asian,Male,45-54,95.0,Loan originated
1,745000.0,46,1065000.0,185.0,1,Asian,Male,25-34,69.836,Loan originated
1,825000.0,20%-<30%,1025000.0,308.0,1,Asian,Female,45-54,80.0,Loan originated
1,645000.0,30%-<36%,815000.0,280.0,1,White,Male,45-54,80.0,Loan originated
1,1075000.0,41,1615000.0,290.0,1,Asian,Joint,35-44,66.65,Loan originated
1,475000.0,30%-<36%,725000.0,416.0,1,White,Male,25-34,65.52,Loan originated
1,355000.0,46,515000.0,202.0,1,Hispanic or Latino,Joint,45-54,70.0,Loan originated
1,105000.0,>60%,305000.0,20.0,1,Hispanic or Latino,Male,<25,32.573,Application denied
1,545000.0,45,675000.0,182.0,1,Asian,Female,65-74,80.0,Loan originated
1,725000.0,37,905000.0,230.0,1,White,Joint,35-44,80.0,Loan originated
1,505000.0,49,745000.0,105.0,1,Asian,Joint,55-64,67.56,Loan originated
1,445000.0,45,455000.0,133.0,1,Hispanic or Latino,Joint,25-34,97.0,Loan originated
1,445000.0,30%-<36%,465000.0,143.0,1,White,Joint,25-34,95.0,Loan originated
1,325000.0,39,345000.0,85.0,1,White,Joint,65-74,97.0,Loan originated
1,425000.0,39,545000.0,147.0,1,White,Joint,35-44,78.081,Loan originated
1,465000.0,48,1225000.0,156.0,1,Black or African American,Female,65-74,38.192,Loan originated
1,195000.0,<20%,205000.0,109.0,1,White,Male,45-54,95.0,Loan originated
1,465000.0,49,585000.0,108.0,1,White,Male,25-34,79.31,Loan originated
1,525000.0,30%-<36%,655000.0,442.0,1,White,Male,55-64,80.0,Loan originated
1,1015000.0,30%-<36%,1265000.0,310.0,1,Asian,Joint,25-34,80.0,Loan originated
1,355000.0,<20%,765000.0,367.0,1,Hispanic or Latino,Joint,25-34,45.75,Loan originated
1,625000.0,46,785000.0,147.0,1,Asian,Male,45-54,80.0,Loan originated
1,575000.0,30%-<36%,655000.0,236.0,1,Asian,Joint,45-54,87.33,Loan originated
1,1125000.0,43,1255000.0,300.0,1,Black or African American,Female,45-54,89.99,Loan originated
1,435000.0,43,485000.0,150.0,1,Hispanic or Latino,Joint,25-34,90.0,Loan originated
1,405000.0,43,505000.0,128.0,1,Black or African American,Female,55-64,80.0,Application denied
1,285000.0,>60%,345000.0,43.0,1,White,Male,65-74,80.58,Application denied
1,515000.0,30%-<36%,915000.0,1009.0,1,White,Male,<25,56.044,Loan originated
1,535000.0,49,565000.0,133.0,1,White,Male,25-34,95.0,Loan originated
1,655000.0,46,815000.0,148.0,1,Hispanic or Latino,Joint,35-44,80.0,Loan originated
1,665000.0,38,1165000.0,578.0,1,Asian,Female,35-44,56.897,Loan originated
1,425000.0,37,475000.0,122.0,1,Hispanic or Latino,Female,25-34,90.0,Loan originated
1,505000.0,49,525000.0,102.0,1,Hispanic or Latino,Male,55-64,95.0,Loan originated
1,1005000.0,30%-<36%,1255000.0,341.0,1,Hispanic or Latino,Female,25-34,80.0,Loan originated
1,395000.0,41,455000.0,110.0,1,Hispanic or Latino,Male,45-54,85.0,Loan originated
1,265000.0,48,505000.0,73.0,1,White,Female,25-34,86.634,Loan originated
1,835000.0,41,1055000.0,255.0,1,Asian,Joint,25-34,78.673,Loan originated
1,615000.0,39,825000.0,170.0,1,White,Male,35-44,75.0,Loan originated
1,1115000.0,43,2155000.0,248.0,1,Hispanic or Latino,Male,35-44,51.63,Application denied
1,765000.0,43,875000.0,178.0,1,White,Joint,35-44,88.0,Loan originated
1,325000.0,30%-<36%,355000.0,194.0,1,White,Joint,55-64,90.0,Loan originated
1,505000.0,40,805000.0,164.0,1,Asian,Female,25-34,63.48,Loan originated
1,1145000.0,50%-60%,1995000.0,471.0,1,Asian,Joint,25-34,70.0,Loan originated
1,575000.0,20%-<30%,875000.0,212.0,1,Asian,Male,45-54,65.48975,Loan originated
1,365000.0,40,465000.0,93.0,1,White,Male,25-34,80.0,Loan originated
1,175000.0,20%-<30%,225000.0,137.0,1,White,Male,25-34,80.0,Application denied
1,465000.0,47,775000.0,100.0,1,White,Male,35-44,60.0,Loan originated
1,885000.0,46,1105000.0,184.0,1,Asian,Joint,25-34,80.0,Loan originated
1,455000.0,46,755000.0,109.0,1,White,Female,45-54,60.26,Loan originated
1,405000.0,44,455000.0,83.0,1,Black or African American,Male,35-44,88.69,Loan originated
1,705000.0,20%-<30%,785000.0,352.0,1,White,Joint,25-34,90.0,Loan originated
1,815000.0,50%-60%,915000.0,145.0,1,Hispanic or Latino,Female,35-44,90.0,Loan originated
1,205000.0,30%-<36%,595000.0,92.0,1,White,Female,65-74,33.898,Loan originated
1,355000.0,40,375000.0,134.0,1,White,Female,<25,95.0,Loan originated
1,415000.0,45,635000.0,122.0,1,Asian,Female,35-44,65.0,Loan originated
1,755000.0,46,1635000.0,186.0,1,Asian,Joint,55-64,46.012,Loan originated
1,585000.0,45,735000.0,125.0,1,Asian,Female,25-34,80.0,Loan originated
1,745000.0,49,1755000.0,283.0,1,Asian,Joint,55-64,42.233,Loan originated
1,785000.0,48,975000.0,236.0,1,Hispanic or Latino,Female,35-44,80.0,Loan originated
1,825000.0,48,1055000.0,163.0,1,Asian,Joint,35-44,78.348,Loan originated
1,515000.0,48,645000.0,118.0,1,Asian,Joint,<25,80.0,Loan originated
1,485000.0,42,605000.0,126.0,1,White,Male,35-44,80.0,Loan originated
1,1205000.0,45,2375000.0,307.0,1,Asian,Joint,45-54,50.684,Loan originated
1,695000.0,30%-<36%,775000.0,308.0,1,White,Joint,55-64,90.0,Loan originated
1,385000.0,45,415000.0,117.0,1,White,Joint,35-44,95.0,Loan originated
1,765000.0,41,1185000.0,346.0,1,Asian,Joint,25-34,64.96,Loan originated
1,355000.0,30%-<36%,2225000.0,224.0,1,White,Male,55-64,15.73,Loan originated
1,595000.0,30%-<36%,745000.0,185.0,1,White,Joint,25-34,80.0,Loan originated
1,735000.0,50%-60%,985000.0,131.0,1,Hispanic or Latino,Male,45-54,75.0,Loan originated
1,205000.0,20%-<30%,415000.0,97.0,1,Hispanic or Latino,Male,25-34,48.193,Loan originated
1,305000.0,40,345000.0,117.0,1,White,Joint,25-34,93.0,Loan originated
1,455000.0,44,655000.0,145.0,1,Black or African American,Female,45-54,69.231,Loan originated
1,335000.0,47,355000.0,92.0,1,White,Female,25-34,95.0,Loan originated
1,245000.0,50%-60%,305000.0,69.0,1,Hispanic or Latino,Male,45-54,80.0,Application denied
1,675000.0,20%-<30%,845000.0,286.0,1,Asian,Joint,35-44,80.0,Loan originated
1,485000.0,45,605000.0,123.0,1,Black or African American,Male,>74,80.0,Loan originated
1,1015000.0,42,1875000.0,251.0,1,Asian,Joint,35-44,54.21,Loan originated
1,255000.0,45,315000.0,52.0,1,Other,Female,25-34,80.0,Loan originated
1,695000.0,50%-60%,865000.0,152.0,1,White,Male,55-64,80.0,Loan originated
1,565000.0,43,595000.0,156.0,1,White,Joint,25-34,95.0,Loan originated
1,85000.0,<20%,465000.0,112.0,1,White,Female,45-54,18.398,Loan originated
1,305000.0,39,425000.0,408.0,1,White,Joint,<25,72.857,Loan originated
1,365000.0,47,455000.0,100.0,1,White,Joint,25-34,80.0,Loan originated
1,265000.0,46,605000.0,79.0,1,White,Male,55-64,43.453,Loan originated
1,735000.0,37,915000.0,205.0,1,Asian,Female,25-34,80.0,Loan originated
1,535000.0,30%-<36%,715000.0,225.0,1,Hispanic or Latino,Male,45-54,74.825,Loan originated
1,775000.0,46,1105000.0,189.0,1,Asian,Joint,35-44,70.0,Loan originated
1,635000.0,20%-<30%,795000.0,258.0,1,White,Male,35-44,80.0,Loan originated
1,455000.0,<20%,755000.0,790.0,1,White,Joint,55-64,60.0,Loan originated
1,475000.0,48,695000.0,106.0,1,Asian,Male,25-34,68.0,Loan originated
1,625000.0,47,775000.0,150.0,1,White,Female,55-64,80.0,Loan originated
1,535000.0,49,555000.0,117.0,1,Asian,Female,45-54,97.0,Loan originated
1,445000.0,30%-<36%,455000.0,209.0,1,Black or African American,Female,45-54,97.0,Loan originated
1,445000.0,42,495000.0,134.0,1,Hispanic or Latino,Male,25-34,90.0,Loan originated
1,635000.0,30%-<36%,665000.0,241.0,1,Asian,Joint,35-44,95.0,Loan originated
1,435000.0,37,465000.0,136.0,1,Hispanic or Latino,Joint,25-34,95.0,Loan originated
1,585000.0,49,735000.0,111.0,1,Asian,Male,25-34,79.774,Loan originated
1,575000.0,44,605000.0,175.0,1,White,Joint,25-34,95.0,Loan originated
1,465000.0,49,625000.0,120.0,1,Asian,Joint,25-34,75.0,Loan originated
1,805000.0,38,1005000.0,354.0,1,Asian,Male,55-64,79.96,Loan originated
1,875000.0,20%-<30%,1165000.0,310.0,1,White,Joint,25-34,75.0,Loan originated
1,705000.0,30%-<36%,855000.0,224.0,1,Asian,Joint,25-34,83.0,Loan originated
1,295000.0,38,315000.0,189.0,1,Hispanic or Latino,Joint,25-34,95.0,Loan originated
1,925000.0,40,1155000.0,314.0,1,Asian,Female,35-44,80.0,Loan originated
1,765000.0,44,955000.0,170.0,1,White,Female,25-34,80.0,Loan originated
1,85000.0,44,305000.0,38.0,1,White,Joint,65-74,26.23,Loan originated
1,355000.0,30%-<36%,435000.0,112.0,1,Asian,Female,35-44,80.0,Loan originated
1,505000.0,20%-<30%,635000.0,205.0,1,Hispanic or Latino,Joint,45-54,80.0,Loan originated
1,765000.0,46,1275000.0,653.0,1,Asian,Joint,35-44,90.0,Loan originated
1,575000.0,47,675000.0,112.0,1,White,Joint,55-64,85.0,Loan originated
1,575000.0,42,645000.0,159.0,1,Asian,Female,25-34,90.0,Loan originated
1,1105000.0,30%-<36%,1385000.0,373.0,1,Asian,Joint,35-44,80.0,Loan originated
1,405000.0,38,785000.0,225.0,1,White,Joint,35-44,51.923,Loan originated
1,65000.0,20%-<30%,165000.0,236.0,1,White,Male,35-44,37.5,Loan originated
1,385000.0,48,435000.0,101.0,1,White,Male,25-34,90.0,Loan originated
