loan_purpose,loan_amount,debt_to_income_ratio,property_value,income,occupancy_type,derived_race,derived_sex,applicant_age,loan_to_value_ratio,action_taken
1,365000.0,49,455000.0,178.0,1,Hispanic or Latino,Female,65-74,80.0,Loan originated
1,245000.0,47,355000.0,101.0,1,White,Joint,65-74,70.0,Loan originated
1,1145000.0,49,1645000.0,266.0,1,White,Joint,25-34,70.0,Loan originated
1,455000.0,39,575000.0,123.0,1,White,Male,25-34,80.0,Application denied
1,1005000.0,41,1345000.0,831.0,1,Asian,Female,35-44,75.0,Loan originated
1,305000.0,48,605000.0,104.0,1,White,Male,25-34,49.79,Loan originated
1,805000.0,37,1005000.0,424.0,1,Asian,Joint,45-54,80.0,Loan originated
1,365000.0,37,465000.0,112.0,1,Hispanic or Latino,Male,35-44,80.0,Application denied
1,295000.0,46,305000.0,67.0,1,White,Female,35-44,95.0,Loan originated
1,305000.0,40,1125000.0,142.0,1,White,Joint,45-54,26.667,Loan originated
1,715000.0,45,955000.0,182.0,1,White,Female,35-44,75.0,Loan originated
1,15000.0,48,325000.0,68.0,1,Other,Female,35-44,100.0,Loan originated
1,475000.0,38,705000.0,140.0,1,White,Joint,35-44,84.0,Loan originated
1,595000.0,37,705000.0,152.0,1,Hispanic or Latino,Joint,25-34,85.0,Loan originated
1,345000.0,30%-<36%,435000.0,112.0,1,Hispanic or Latino,Joint,45-54,80.0,Loan originated
1,335000.0,30%-<36%,475000.0,123.0,1,White,Female,45-54,70.53,Loan originated
1,885000.0,41,1105000.0,492.0,1,Asian,Female,35-44,80.0,Loan originated
1,545000.0,39,675000.0,150.0,1,Asian,Male,45-54,80.0,Loan originated
1,1065000.0,30%-<36%,1335000.0,299.0,1,Asian,Joint,35-44,80.0,Loan originated
1,625000.0,47,665000.0,159.0,1,Hispanic or Latino,Female,55-64,95.0,Loan originated
1,615000.0,30%-<36%,655000.0,301.0,1,Black or African American,Joint,<25,95.0,Loan originated
1,715000.0,<20%,1195000.0,600.0,1,White,Male,25-34,60.0,Loan originated
1,525000.0,47,555000.0,105.0,1,Asian,Male,35-44,95.0,Loan originated
1,235000.0,42,485000.0,110.0,1,White,Female,65-74,49.14,Application denied
1,475000.0,40,595000.0,116.0,1,Hispanic or Latino,Male,45-54,80.0,Loan originated
1,615000.0,39,765000.0,160.0,1,Hispanic or Latino,Male,35-44,80.0,Loan originated
1,945000.0,37,1175000.0,284.0,1,Asian,Joint,35-44,80.0,Loan originated
1,465000.0,46,485000.0,138.0,1,Hispanic or Latino,Joint,25-34,97.0,Loan originated
1,485000.0,49,555000.0,108.0,1,Hispanic or Latino,Male,25-34,87.469,Loan originated
1,915000.0,30%-<36%,1225000.0,282.0,1,White,Male,25-34,75.0,Loan originated
1,215000.0,20%-<30%,435000.0,133.0,1,Hispanic or Latino,Joint,45-54,49.0,Loan originated
1,95000.0,20%-<30%,115000.0,138.0,1,Asian,Male,<25,80.0,Loan originated
1,365000.0,49,415000.0,79.0,1,White,Female,35-44,88.193,Loan originated
1,1105000.0,42,1385000.0,282.0,1,White,Joint,35-44,80.0,Loan originated
1,505000.0,>60%,1505000.0,182.0,1,White,Joint,55-64,33.333,Application denied
1,425000.0,43,705000.0,131.0,1,Asian,Female,25-34,59.574,Loan originated
1,635000.0,42,795000.0,145.0,1,White,Male,25-34,80.0,Loan originated
1,565000.0,37,705000.0,197.0,1,White,Male,35-44,80.0,Loan originated
1,655000.0,<20%,1315000.0,543.0,1,White,Joint,55-64,50.0,Loan originated
1,675000.0,>60%,875000.0,72.0,1,Asian,Joint,25-34,77.011,Application denied
1,725000.0,42,905000.0,230.0,1,White,Joint,55-64,95.0,Loan originated
1,765000.0,48,855000.0,265.0,1,Hispanic or Latino,Joint,35-44,97.0,Loan originated
1,315000.0,47,355000.0,81.0,1,Hispanic or Latino,Female,55-64,90.0,Loan originated
1,655000.0,30%-<36%,1105000.0,507.0,1,Black or African American,Male,45-54,59.132,Loan originated
1,725000.0,42,1085000.0,186.0,1,Black or African American,Joint,45-54,80.0,Loan originated
1,625000.0,49,665000.0,147.0,1,White,Female,25-34,95.0,Loan originated
1,675000.0,39,725000.0,183.0,1,Hispanic or Latino,Joint,55-64,93.14,Loan originated
1,1005000.0,46,3835000.0,250.0,1,Asian,Joint,35-44,26.11,Loan originated
1,545000.0,39,745000.0,236.0,1,White,Male,35-44,73.298,Loan originated
1,445000.0,<20%,555000.0,0.0,1,White,Male,>74,80.0,Loan originated
1,575000.0,43,735000.0,141.0,1,Asian,Joint,55-64,77.994,Loan originated
1,495000.0,39,585000.0,136.0,1,Asian,Female,25-34,85.0,Loan originated
1,645000.0,40,895000.0,149.0,1,Hispanic or Latino,Joint,55-64,72.191,Loan originated
1,685000.0,<20%,985000.0,418.0,1,Asian,Male,25-34,70.0,Loan originated
1,765000.0,49,805000.0,219.0,1,Hispanic or Latino,Joint,35-44,95.0,Loan originated
1,795000.0,30%-<36%,995000.0,298.0,1,Asian,Male,25-34,80.0,Loan originated
1,285000.0,47,365000.0,96.0,1,Hispanic or Latino,Female,45-54,80.0,Loan originated
1,505000.0,30%-<36%,535000.0,286.0,1,Hispanic or Latino,Joint,25-34,95.0,Loan originated
1,435000.0,30%-<36%,545000.0,137.0,1,White,Female,55-64,80.0,Loan originated
1,1105000.0,48,1655000.0,302.0,1,White,Joint,35-44,67.0,Loan originated
1,635000.0,44,705000.0,145.0,1,Asian,Joint,45-54,90.0,Loan originated
1,1105000.0,47,1165000.0,235.0,1,White,Male,<25,95.0,Application denied
1,665000.0,49,885000.0,324.0,1,Asian,Joint,65-74,75.0,Loan originated
1,525000.0,49,755000.0,155.0,1,Asian,Male,45-54,69.79,Loan originated
1,905000.0,38,1295000.0,322.0,1,Asian,Male,25-34,70.0,Loan originated
1,325000.0,41,345000.0,85.0,1,Asian,Male,35-44,100.0,Loan originated
1,255000.0,30%-<36%,265000.0,130.0,1,White,Male,25-34,93.851,Loan originated
1,735000.0,30%-<36%,1535000.0,261.0,1,Asian,Female,25-34,47.712,Loan originated
1,755000.0,45,1255000.0,171.0,1,Asian,Male,35-44,60.159,Loan originated
1,725000.0,45,765000.0,174.0,1,Hispanic or Latino,Joint,25-34,95.0,Loan originated
1,655000.0,37,885000.0,170.0,1,Asian,Male,45-54,74.0,Loan originated
1,475000.0,20%-<30%,595000.0,1597.0,1,Hispanic or Latino,Male,45-54,79.985,Loan originated
1,625000.0,48,1385000.0,152.0,1,Asian,Male,55-64,44.67,Loan originated
1,305000.0,<20%,625000.0,188.0,1,White,Male,35-44,48.39,Loan originated
1,755000.0,47,845000.0,185.0,1,White,Female,45-54,89.99,Loan originated
1,615000.0,36,635000.0,168.0,1,Hispanic or Latino,Male,25-34,97.0,Loan originated
1,565000.0,48,705000.0,120.0,1,White,Female,55-64,80.0,Loan originated
1,705000.0,48,1615000.0,165.0,1,Asian,Female,35-44,43.344,Loan originated
1,465000.0,49,545000.0,95.0,1,Hispanic or Latino,Female,45-54,85.0,Loan originated
1,705000.0,49,835000.0,145.0,1,White,Male,45-54,84.431,Loan originated
1,565000.0,48,585000.0,121.0,1,Hispanic or Latino,Female,35-44,97.0,Loan originated
1,905000.0,44,1725000.0,575.0,1,Asian,Joint,35-44,52.27,Loan originated
1,495000.0,43,625000.0,13.0,1,Asian,Male,25-34,80.0,Loan originated
1,1005000.0,36,1465000.0,321.0,1,Asian,Joint,25-34,68.259,Loan originated
1,645000.0,47,805000.0,190.0,1,Hispanic or Latino,Female,55-64,80.0,Loan originated
1,485000.0,44,615000.0,141.0,1,Hispanic or Latino,Male,25-34,80.0,Loan originated
1,335000.0,47,355000.0,117.0,1,Hispanic or Latino,Male,25-34,93.8,Loan originated
1,345000.0,37,365000.0,96.0,1,Hispanic or Latino,Female,<25,100.0,Loan originated
1,515000.0,30%-<36%,535000.0,170.0,1,Asian,Male,25-34,95.0,Loan originated
1,675000.0,30%-<36%,845000.0,202.0,1,Asian,Female,25-34,80.0,Loan originated
1,385000.0,48,415000.0,106.0,1,Black or African American,Female,55-64,95.0,Loan originated
1,605000.0,39,1245000.0,292.0,1,Hispanic or Latino,Male,45-54,49.0,Loan originated
1,745000.0,30%-<36%,875000.0,271.0,1,White,Female,25-34,85.0,Loan originated
1,865000.0,39,1075000.0,225.0,1,White,Female,25-34,80.0,Loan originated
1,325000.0,40,365000.0,81.0,1,White,Female,25-34,90.0,Loan originated
1,755000.0,49,795000.0,141.0,1,Hispanic or Latino,Joint,25-34,95.0,Loan originated
1,385000.0,39,475000.0,167.0,1,Black or African American,Female,45-54,80.0,Loan originated
1,495000.0,50%-60%,515000.0,120.0,1,Asian,Female,45-54,97.0,Application denied
1,465000.0,36,585000.0,138.0,1,Hispanic or Latino,Female,25-34,96.923,Loan originated
1,455000.0,43,615000.0,130.0,1,Asian,Male,25-34,75.0,Loan originated
1,345000.0,20%-<30%,545000.0,140.0,1,White,Male,25-34,63.235,Loan originated
1,845000.0,45,1065000.0,350.0,1,Hispanic or Latino,Joint,35-44,80.0,Loan originated
1,1125000.0,49,1405000.0,473.0,1,White,Joint,>74,80.0,Loan originated
1,475000.0,44,595000.0,115.0,1,White,Female,25-34,80.0,Loan originated
1,305000.0,41,755000.0,84.0,1,White,Female,35-44,41.0,Loan originated
1,505000.0,<20%,805000.0,1443.0,1,White,Male,55-64,62.5,Loan originated
1,505000.0,<20%,945000.0,337.0,1,Asian,Joint,45-54,52.91,Application denied
1,925000.0,30%-<36%,975000.0,260.0,1,Asian,Joint,25-34,98.0,Loan originated
1,725000.0,49,765000.0,203.0,1,White,Male,45-54,95.0,Loan originated
1,275000.0,47,305000.0,59.0,1,Hispanic or Latino,Male,35-44,90.0,Loan originated
1,235000.0,42,445000.0,175.0,1,Asian,Joint,45-54,53.41,Loan originated
1,825000.0,30%-<36%,865000.0,301.0,1,Asian,Male,25-34,94.72,Loan originated
1,645000.0,48,1545000.0,190.0,1,White,Female,45-54,41.634,Loan originated
1,315000.0,30%-<36%,325000.0,132.0,1,Black or African American,Female,35-44,94.741,Application denied
1,315000.0,20%-<30%,395000.0,173.0,1,White,Male,35-44,80.0,Loan originated
1,425000.0,46,585000.0,103.0,1,White,Joint,35-44,71.967,Loan originated
1,685000.0,43,865000.0,233.0,1,White,Joint,55-64,80.0,Loan originated
1,755000.0,43,1255000.0,616.0,1,White,Joint,25-34,60.0,Application denied
1,305000.0,49,545000.0,63.0,1,White,Female,55-64,55.963,Loan originated
1,605000.0,44,1125000.0,144.0,1,White,Joint,65-74,54.0,Loan originated
1,1005000.0,49,1255000.0,230.0,1,Black or African American,Female,45-54,80.0,Loan originated
1,405000.0,20%-<30%,805000.0,205.0,1,White,Joint,25-34,50.0,Loan originated
1,125000.0,47,425000.0,120.0,1,Hispanic or Latino,Male,45-54,30.07,Loan originated
1,255000.0,37,325000.0,100.0,1,White,Female,35-44,77.0,Loan originated
1,1005000.0,42,1985000.0,317.0,1,White,Joint,35-44,50.681,Loan originated
1,495000.0,41,625000.0,166.0,1,White,Joint,55-64,80.0,Loan originated
1,995000.0,30%-<36%,1105000.0,338.0,1,Asian,Joint,25-34,89.89,Loan originated
1,585000.0,41,735000.0,132.0,1,Asian,Male,<25,80.0,Loan originated
1,455000.0,43,655000.0,260.0,1,Asian,Male,35-44,69.517,Loan originated
1,645000.0,38,805000.0,221.0,1,White,Female,35-44,80.0,Loan originated
1,405000.0,46,435000.0,106.0,1,Hispanic or Latino,Female,35-44,94.0,Loan originated
1,1005000.0,36,1265000.0,380.0,1,White,Joint,35-44,79.051,Loan originated
1,475000.0,<20%,595000.0,564.0,1,White,Joint,25-34,80.0,Loan originated
1,855000.0,20%-<30%,1145000.0,352.0,1,Asian,Joint,25-34,75.0,Loan originated
1,865000.0,30%-<36%,1245000.0,274.0,1,White,Male,55-64,70.0,Loan originated
1,495000.0,20%-<30%,625000.0,167.0,1,White,Female,55-64,80.0,Loan originated
1,695000.0,20%-<30%,865000.0,360.0,1,Asian,Joint,25-34,80.0,Loan originated
1,655000.0,46,775000.0,499.0,1,Asian,Joint,35-44,85.0,Application denied
1,495000.0,49,665000.0,128.0,1,White,Female,45-54,75.0,Loan originated
1,525000.0,<20%,655000.0,779.0,1,Asian,Female,45-54,79.99994,Loan originated
1,1125000.0,49,1405000.0,224.0,1,Asian,Male,35-44,80.0,Loan originated
1,485000.0,49,685000.0,157.0,1,White,Joint,55-64,70.803,Loan originated
1,705000.0,49,745000.0,150.0,1,Asian,Male,25-34,95.0,Loan originated
1,505000.0,30%-<36%,565000.0,185.0,1,Black or African American,Joint,35-44,89.99,Loan originated
1,325000.0,40,405000.0,75.0,1,Hispanic or Latino,Male,35-44,80.0,Loan originated
1,555000.0,36,565000.0,179.0,1,Asian,Male,25-34,97.0,Loan originated
1,685000.0,48,1255000.0,141.0,1,White,Female,35-44,55.0,Loan originated
1,515000.0,30%-<36%,715000.0,142.0,1,Asian,Male,55-64,73.0,Loan originated
1,415000.0,39,415000.0,150.0,1,White,Joint,25-34,100.0,Loan originated
1,375000.0,42,395000.0,118.0,1,Asian,Joint,35-44,95.0,Loan originated
1,715000.0,49,755000.0,181.0,1,Black or African American,Male,45-54,95.0,Loan originated
1,455000.0,48,1655000.0,197.0,1,White,Male,65-74,27.273,Loan originated
1,705000.0,30%-<36%,885000.0,240.0,1,Hispanic or Latino,Male,25-34,80.0,Loan originated
1,685000.0,44,855000.0,150.0,1,Hispanic or Latino,Male,35-44,80.0,Loan originated
1,845000.0,49,2405000.0,410.0,1,Asian,Joint,55-64,35.083,Loan originated
1,455000.0,30%-<36%,795000.0,150.0,1,White,Male,55-64,57.0,Loan originated
1,1145000.0,45,1535000.0,245.0,1,White,Male,55-64,75.0,Loan originated
1,475000.0,47,685000.0,110.0,1,Hispanic or Latino,Female,45-54,70.0,Loan originated
1,965000.0,30%-<36%,1215000.0,327.0,1,Asian,Joint,25-34,80.0,Loan originated
1,755000.0,45,1525000.0,326.0,1,Asian,Male,35-44,50.0,Loan originated
1,505000.0,30%-<36%,635000.0,152.0,1,Asian,Male,25-34,80.0,Loan originated
1,535000.0,49,625000.0,114.0,1,Asian,Female,35-44,87.0,Loan originated
1,325000.0,39,345000.0,86.0,1,White,Joint,<25,100.0,Loan originated
1,555000.0,39,625000.0,177.0,1,Hispanic or Latino,Male,45-54,89.435,Loan originated
1,285000.0,40,305000.0,97.0,1,Hispanic or Latino,Male,45-54,95.0,Loan originated
1,335000.0,43,575000.0,132.0,1,Hispanic or Latino,Male,45-54,59.3,Loan originated
1,495000.0,45,555000.0,283.0,1,Hispanic or Latino,Male,35-44,85.0,Application denied
1,685000.0,20%-<30%,725000.0,351.0,1,Other,Joint,25-34,95.0,Loan originated
1,485000.0,43,605000.0,178.0,1,Asian,Male,35-44,80.0,Loan originated
1,95000.0,20%-<30%,445000.0,88.0,1,White,Female,65-74,20.455,Loan originated
1,585000.0,47,725000.0,224.0,1,Asian,Joint,45-54,80.0,Loan originated
1,135000.0,>60%,215000.0,172.0,1,Hispanic or Latino,Male,25-34,59.93,Application denied
1,645000.0,30%-<36%,865000.0,247.0,1,Asian,Joint,35-44,75.0,Loan originated
1,245000.0,47,745000.0,74.0,1,White,Female,25-34,32.886,Loan originated
1,495000.0,39,895000.0,179.0,1,Asian,Joint,25-34,56.0,Loan originated
1,715000.0,43,765000.0,208.0,1,White,Joint,25-34,93.464,Loan originated
1,365000.0,43,565000.0,103.0,1,Hispanic or Latino,Joint,25-34,64.286,Loan originated
1,1025000.0,48,1615000.0,215.0,1,Asian,Joint,55-64,63.354,Loan originated
1,595000.0,30%-<36%,745000.0,282.0,1,Asian,Joint,35-44,80.0,Loan originated
1,365000.0,20%-<30%,555000.0,175.0,1,White,Female,35-44,65.0,Loan originated
1,585000.0,<20%,735000.0,491.0,1,White,Joint,55-64,80.0,Loan originated
1,425000.0,37,535000.0,182.0,1,White,Male,35-44,80.0,Loan originated
1,455000.0,49,465000.0,95.0,1,Hispanic or Latino,Male,35-44,96.78,Loan originated
1,415000.0,20%-<30%,555000.0,107.0,1,Asian,Male,<25,74.91,Loan originated
1,585000.0,20%-<30%,735000.0,316.0,1,Asian,Male,35-44,80.0,Loan originated
1,765000.0,44,975000.0,203.0,1,Hispanic or Latino,Joint,35-44,78.74,Loan originated
1,535000.0,39,595000.0,140.0,1,White,Female,45-54,89.99,Loan originated
1,535000.0,41,565000.0,120.0,1,Asian,Male,25-34,95.0,Loan originated
1,175000.0,42,195000.0,54.0,1,White,Female,25-34,90.0,Loan originated
1,585000.0,30%-<36%,735000.0,181.0,1,White,Male,25-34,80.0,Loan originated
1,695000.0,30%-<36%,825000.0,211.0,1,White,Joint,35-44,85.0,Loan originated
1,715000.0,46,895000.0,181.0,1,Black or African American,Female,25-34,80.0,Loan originated
1,625000.0,20%-<30%,895000.0,274.0,1,Hispanic or Latino,Joint,45-54,70.0,Loan originated
1,485000.0,41,615000.0,157.0,1,Asian,Female,35-44,80.0,Loan originated
1,325000.0,40,525000.0,96.0,1,White,Female,55-64,63.0,Loan originated
1,545000.0,30%-<36%,575000.0,248.0,1,Hispanic or Latino,Joint,45-54,95.0,Loan originated
1,455000.0,43,575000.0,231.0,1,Asian,Male,35-44,80.0,Loan originated
1,895000.0,30%-<36%,1115000.0,293.0,1,Asian,Joint,25-34,80.0,Loan originated
1,325000.0,<20%,1025000.0,299.0,1,Asian,Joint,35-44,31.38,Loan originated
1,825000.0,48,1055000.0,201.0,1,Asian,Male,55-64,78.1,Loan originated
1,905000.0,20%-<30%,1175000.0,333.0,1,Asian,Joint,25-34,77.153,Loan originated
1,1145000.0,39,1465000.0,328.0,1,White,Joint,25-34,79.0,Loan originated
1,585000.0,40,825000.0,154.0,1,Asian,Joint,45-54,70.838,Loan originated
1,595000.0,<20%,745000.0,414.0,1,White,Male,35-44,80.0,Loan originated
1,965000.0,44,1295000.0,220.0,1,Asian,Joint,35-44,75.0,Loan originated
1,685000.0,49,755000.0,136.0,1,Asian,Male,45-54,89.99,Loan originated
1,425000.0,30%-<36%,675000.0,131.0,1,White,Male,25-34,62.963,Loan originated
1,645000.0,43,675000.0,165.0,1,Asian,Male,35-44,95.0,Loan originated
1,425000.0,46,535000.0,274.0,1,White,Joint,<25,80.0,Loan originated
1,885000.0,20%-<30%,1475000.0,426.0,1,Asian,Joint,25-34,60.233,Loan originated
1,435000.0,42,415000.0,129.0,1,Hispanic or Latino,Joint,45-54,107.0,Application denied
1,505000.0,43,785000.0,124.0,1,White,Female,25-34,64.0,Loan originated
1,1015000.0,44,1265000.0,225.0,1,White,Male,45-54,80.0,Loan originated
1,965000.0,41,1025000.0,265.0,1,White,Female,55-64,95.0,Loan originated
1,585000.0,37,785000.0,382.0,1,White,Joint,55-64,75.0,Loan originated
1,105000.0,36,665000.0,60.0,1,White,Female,>74,15.152,Loan originated
1,455000.0,36,465000.0,117.0,1,Black or African American,Female,35-44,100.0,Loan originated
1,565000.0,45,725000.0,120.0,1,White,Male,25-34,77.24,Loan originated
1,925000.0,47,1195000.0,132.0,1,White,Joint,35-44,77.466,Loan originated
1,505000.0,41,525000.0,160.0,1,Hispanic or Latino,Joint,35-44,101.94,Loan originated
1,305000.0,30%-<36%,595000.0,104.0,1,Asian,Joint,65-74,50.697,Loan originated
1,905000.0,48,1775000.0,206.0,1,White,Joint,65-74,50.7,Loan originated
1,495000.0,38,655000.0,126.0,1,Asian,Male,25-34,74.994,Loan originated
1,475000.0,42,505000.0,134.0,1,White,Male,25-34,95.0,Loan originated
1,885000.0,30%-<36%,1105000.0,256.0,1,Asian,Male,25-34,80.0,Loan originated
1,445000.0,41,595000.0,117.0,1,White,Male,25-34,75.0,Loan originated
1,415000.0,48,425000.0,120.0,1,Hispanic or Latino,Female,45-54,97.0,Loan originated
1,355000.0,43,555000.0,147.0,1,White,Joint,65-74,64.0,Loan originated
1,815000.0,30%-<36%,1165000.0,271.0,1,Hispanic or Latino,Male,35-44,69.957,Loan originated
1,465000.0,20%-<30%,695000.0,153.0,1,White,Male,35-44,66.811,Loan originated
1,1065000.0,20%-<30%,1335000.0,575.0,1,White,Male,55-64,80.0,Loan originated
1,515000.0,42,545000.0,230.0,1,White,Male,55-64,95.0,Loan originated
1,385000.0,48,405000.0,121.0,1,Hispanic or Latino,Joint,35-44,95.0,Loan originated
1,735000.0,20%-<30%,885000.0,270.0,1,White,Joint,25-34,83.051,Loan originated
1,505000.0,37,535000.0,172.0,1,Hispanic or Latino,Joint,25-34,95.0,Loan originated
1,305000.0,49,365000.0,57.0,1,Hispanic or Latino,Male,35-44,105.0,Loan originated
1,165000.0,45,575000.0,61.0,1,Asian,Female,45-54,28.477,Loan originated
1,405000.0,38,535000.0,175.0,1,Asian,Female,45-54,75.0,Loan originated
1,615000.0,39,725000.0,181.0,1,White,Male,35-44,85.0,Loan originated
1,305000.0,47,605000.0,83.0,1,White,Male,25-34,50.0,Loan originated
1,425000.0,30%-<36%,565000.0,170.0,1,Asian,Male,25-34,74.88,Application denied
1,455000.0,47,805000.0,123.0,1,Asian,Female,35-44,56.25,Loan originated
1,585000.0,43,735000.0,177.0,1,Hispanic or Latino,Joint,25-34,79.99,Loan originated
1,565000.0,45,705000.0,231.0,1,White,Male,45-54,80.0,Loan originated
1,265000.0,43,275000.0,79.0,1,White,Joint,25-34,100.4,Loan originated
1,1115000.0,36,1395000.0,324.0,1,Asian,Joint,25-34,80.0,Loan originated
1,295000.0,40,375000.0,94.0,1,Asian,Male,55-64,80.0,Loan originated
1,345000.0,48,365000.0,117.0,1,Asian,Joint,35-44,95.0,Loan originated
1,405000.0,<20%,2105000.0,443.0,1,White,Joint,35-44,19.048,Loan originated
1,1055000.0,40,1705000.0,288.0,1,White,Joint,25-34,61.765,Loan originated
1,545000.0,50%-60%,675000.0,131.0,1,White,Joint,65-74,80.0,Loan originated
1,865000.0,47,1075000.0,167.0,1,Hispanic or Latino,Joint,45-54,80.0,Loan originated
1,475000.0,42,505000.0,111.0,1,Hispanic or Latino,Male,45-54,95.0,Loan originated
1,365000.0,45,455000.0,125.0,1,Hispanic or Latino,Male,35-44,80.0,Application denied
1,785000.0,20%-<30%,925000.0,387.0,1,Asian,Joint,35-44,85.0,Loan originated
1,935000.0,30%-<36%,1225000.0,334.0,1,White,Male,55-64,77.0,Loan originated
1,605000.0,30%-<36%,765000.0,370.0,1,White,Joint,45-54,80.0,Loan originated
1,685000.0,49,725000.0,145.0,1,White,Female,25-34,95.0,Loan originated
1,485000.0,49,615000.0,170.0,1,Asian,Male,45-54,80.0,Loan originated
1,995000.0,37,1055000.0,498.0,1,White,Female,25-34,95.0,Loan originated
1,765000.0,30%-<36%,1225000.0,309.0,1,White,Joint,55-64,62.576,Loan originated
1,645000.0,39,645000.0,256.0,1,Black or African American,Male,35-44,100.0,Loan originated
1,845000.0,36,895000.0,341.0,1,White,Joint,55-64,95.0,Application denied
1,605000.0,41,755000.0,144.0,1,White,Male,25-34,80.0,Loan originated
1,955000.0,37,1705000.0,287.0,1,White,Male,45-54,56.147,Loan originated
1,205000.0,<20%,255000.0,135.0,1,White,Female,25-34,80.0,Loan originated
1,605000.0,36,2105000.0,209.0,1,Asian,Joint,45-54,29.0,Loan originated
1,475000.0,30%-<36%,825000.0,206.0,1,White,Male,35-44,57.45,Loan originated
1,345000.0,20%-<30%,435000.0,136.0,1,White,Female,25-34,80.0,Loan originated
1,1045000.0,30%-<36%,1315000.0,351.0,1,Asian,Joint,25-34,80.0,Loan originated
1,205000.0,49,415000.0,80.0,1,Hispanic or Latino,Joint,55-64,50.0,Loan originated
1,975000.0,47,1855000.0,210.0,1,Asian,Male,25-34,52.43,Loan originated
1,585000.0,36,725000.0,199.0,1,Hispanic or Latino,Joint,55-64,80.0,Loan originated
1,525000.0,<20%,675000.0,362.0,1,White,Male,35-44,77.778,Loan originated
1,315000.0,44,325000.0,72.0,1,Hispanic or Latino,Male,<25,97.0,Loan originated
1,355000.0,41,445000.0,91.0,1,White,Male,25-34,80.0,Loan originated
1,345000.0,30%-<36%,945000.0,120.0,1,Asian,Female,25-34,36.218,Loan originated
1,685000.0,49,855000.0,134.0,1,White,Female,65-74,80.0,Loan originated
1,455000.0,43,855000.0,127.0,1,Asian,Joint,25-34,53.84,Loan originated
1,935000.0,42,1245000.0,213.0,1,Asian,Male,25-34,75.0,Loan originated
1,665000.0,42,705000.0,252.0,1,Hispanic or Latino,Male,55-64,95.0,Loan originated
1,665000.0,20%-<30%,695000.0,275.0,1,White,Joint,35-44,97.0,Loan originated
1,465000.0,49,495000.0,182.0,1,Other,Female,55-64,95.0,Loan originated
1,605000.0,47,1605000.0,141.0,1,White,Joint,35-44,38.0,Loan originated
1,875000.0,30%-<36%,925000.0,276.0,1,White,Joint,25-34,95.0,Loan originated
1,1145000.0,49,1585000.0,266.0,1,Asian,Male,55-64,72.769,Loan originated
1,165000.0,20%-<30%,315000.0,149.0,1,Hispanic or Latino,Female,45-54,51.61,Loan originated
1,535000.0,45,705000.0,132.0,1,Asian,Male,35-44,75.0,Loan originated
1,105000.0,47,425000.0,81.0,1,Hispanic or Latino,Female,65-74,23.81,Loan originated
1,1055000.0,40,1325000.0,281.0,1,Asian,Joint,35-44,80.0,Loan originated
1,705000.0,40,725000.0,269.0,1,Black or African American,Female,65-74,100.0,Application denied
1,465000.0,49,485000.0,87.0,1,Hispanic or Latino,Female,45-54,95.876,Loan originated
1,555000.0,44,735000.0,122.0,1,White,Male,35-44,75.0,Loan originated
1,395000.0,20%-<30%,745000.0,239.0,1,Asian,Joint,25-34,52.269,Loan originated
1,1005000.0,30%-<36%,1465000.0,345.0,1,Asian,Joint,25-34,68.028,Loan originated
1,595000.0,46,665000.0,119.0,1,White,Joint,35-44,90.0,Loan originated
1,95000.0,30%-<36%,115000.0,70.0,1,Hispanic or Latino,Male,25-34,80.0,Loan originated
1,475000.0,36,505000.0,139.0,1,White,Female,45-54,95.0,Loan originated
1,765000.0,47,895000.0,167.0,1,Asian,Male,35-44,85.0,Loan originated
1,355000.0,42,475000.0,110.0,1,Hispanic or Latino,Joint,25-34,95.0,Loan originated
1,415000.0,<20%,815000.0,433.0,1,Asian,Joint,35-44,50.92,Loan originated
1,1145000.0,41,1305000.0,340.0,1,Asian,Joint,25-34,87.957,Loan originated
1,775000.0,40,825000.0,200.0,1,White,Female,25-34,95.0,Loan originated
1,445000.0,49,475000.0,109.0,1,Hispanic or Latino,Male,35-44,95.0,Loan originated
1,305000.0,47,345000.0,61.0,1,Hispanic or Latino,Female,25-34,90.0,Loan originated
1,805000.0,30%-<36%,1455000.0,277.0,1,Asian,Male,25-34,55.17,Loan originated
1,165000.0,48,235000.0,41.0,1,White,Joint,55-64,70.0,Loan originated
1,665000.0,46,785000.0,169.0,1,White,Male,35-44,85.0,Loan originated
1,965000.0,30%-<36%,1205000.0,354.0,1,White,Joint,35-44,80.0,Loan originated
1,185000.0,20%-<30%,985000.0,141.0,1,White,Joint,25-34,18.78,Loan originated
1,825000.0,45,915000.0,242.0,1,Hispanic or Latino,Male,25-34,95.0,Loan originated
1,1035000.0,47,1375000.0,314.0,1,White,Joint,25-34,75.0,Loan originated
1,855000.0,49,895000.0,179.0,1,Hispanic or Latino,Male,45-54,95.0,Loan originated
1,175000.0,41,1025000.0,139.0,1,Asian,Male,45-54,18.0,Loan originated
1,525000.0,49,905000.0,100.0,1,Black or African American,Male,45-54,58.0,Loan originated
1,365000.0,38,385000.0,83.0,1,Asian,Male,25-34,95.0,Loan originated
1,465000.0,45,515000.0,287.0,1,Asian,Joint,<25,90.0,Loan originated
1,255000.0,<20%,1485000.0,273.0,1,White,Joint,65-74,16.84,Loan originated
1,125000.0,39,955000.0,87.0,1,White,Female,55-64,12.64,Loan originated
1,305000.0,20%-<30%,375000.0,219.0,1,White,Joint,45-54,80.0,Loan originated
1,185000.0,<20%,215000.0,113.0,1,White,Female,55-64,86.27,Loan originated
1,275000.0,49,325000.0,62.0,1,Hispanic or Latino,Male,25-34,85.0,Loan originated
1,285000.0,20%-<30%,485000.0,120.0,1,Hispanic or Latino,Male,35-44,58.091,Loan originated
1,735000.0,38,815000.0,290.0,1,Hispanic or Latino,Joint,45-54,90.0,Loan originated
1,495000.0,42,555000.0,208.0,1,Hispanic or Latino,Joint,45-54,90.0,Loan originated
1,355000.0,48,435000.0,82.0,1,Hispanic or Latino,Joint,35-44,83.135,Loan originated
1,225000.0,42,265000.0,60.0,1,White,Female,55-64,83.582,Loan originated
1,435000.0,47,755000.0,107.0,1,Hispanic or Latino,Male,35-44,56.95,Loan originated
1,725000.0,44,825000.0,216.0,1,Asian,Joint,35-44,88.0,Loan originated
1,175000.0,30%-<36%,305000.0,84.0,1,White,Male,55-64,57.38,Loan originated
1,355000.0,49,375000.0,160.0,1,Hispanic or Latino,Female,35-44,95.0,Loan originated
1,305000.0,43,465000.0,93.0,1,Hispanic or Latino,Male,35-44,65.299,Loan originated
1,475000.0,20%-<30%,505000.0,189.0,1,White,Female,25-34,95.0,Loan originated
1,55000.0,<20%,95000.0,98.0,1,White,Joint,55-64,51.02,Loan originated
1,565000.0,20%-<30%,705000.0,249.0,1,White,Male,55-64,80.0,Loan originated
1,645000.0,20%-<30%,915000.0,295.0,1,Asian,Male,25-34,70.0,Loan originated
1,725000.0,44,905000.0,177.0,1,White,Joint,45-54,80.0,Loan originated
1,295000.0,42,475000.0,85.0,1,White,Male,25-34,62.766,Application denied
1,665000.0,48,835000.0,246.0,1,Asian,Joint,55-64,80.0,Loan originated
1,675000.0,38,855000.0,167.0,1,Hispanic or Latino,Male,45-54,80.0,Loan originated
1,1085000.0,30%-<36%,1455000.0,374.0,1,White,Male,35-44,75.0,Application denied
1,45000.0,30%-<36%,65000.0,44.0,1,White,Male,25-34,80.0,Loan originated
1,585000.0,47,655000.0,130.0,1,Hispanic or Latino,Joint,45-54,90.0,Loan originated
1,605000.0,46,755000.0,120.0,1,Asian,Male,25-34,80.0,Loan originated
1,675000.0,36,1655000.0,233.0,1,White,Joint,55-64,40.86,Loan originated
1,845000.0,49,1055000.0,191.0,1,White,Male,25-34,80.0,Loan originated
1,625000.0,30%-<36%,775000.0,340.0,1,White,Male,55-64,80.0,Loan originated
1,465000.0,36,585000.0,138.0,1,Asian,Male,25-34,100.0,Loan originated
1,705000.0,39,2005000.0,202.0,1,White,Joint,45-54,35.0,Loan originated
1,685000.0,20%-<30%,855000.0,264.0,1,White,Joint,35-44,80.0,Loan originated
1,855000.0,40,1085000.0,252.0,1,Asian,Male,55-64,79.0,Loan originated
1,905000.0,20%-<30%,1135000.0,394.0,1,White,Joint,65-74,80.0,Loan originated
1,495000.0,42,625000.0,210.0,1,White,Male,25-34,80.0,Loan originated
1,325000.0,50%-60%,465000.0,86.0,1,Hispanic or Latino,Male,45-54,70.0,Application denied
1,315000.0,46,385000.0,127.0,1,Hispanic or Latino,Female,45-54,80.0,Loan originated
1,205000.0,36,405000.0,157.0,1,White,Male,35-44,50.0,Loan originated
1,475000.0,48,595000.0,274.0,1,Asian,Male,65-74,80.0,Loan originated
1,745000.0,49,1065000.0,170.0,1,White,Female,45-54,69.953,Loan originated
1,735000.0,49,775000.0,231.0,1,Hispanic or Latino,Female,35-44,95.0,Loan originated
1,545000.0,42,725000.0,161.0,1,White,Joint,45-54,75.0,Loan originated
1,425000.0,42,585000.0,120.0,1,Hispanic or Latino,Female,35-44,100.0,Loan originated
1,745000.0,49,935000.0,163.0,1,White,Joint,35-44,79.57,Loan originated
1,505000.0,20%-<30%,2195000.0,382.0,1,White,Male,55-64,45.662,Loan originated
1,695000.0,20%-<30%,925000.0,254.0,1,Asian,Male,25-34,75.0,Loan originated
1,685000.0,30%-<36%,855000.0,356.0,1,Asian,Male,35-44,80.0,Loan originated
1,945000.0,40,995000.0,221.0,1,White,Female,25-34,95.0,Loan originated
1,505000.0,40,635000.0,116.0,1,White,Male,35-44,100.0,Loan originated
1,235000.0,30%-<36%,235000.0,73.0,1,Hispanic or Latino,Male,45-54,100.0,Loan originated
1,405000.0,49,695000.0,239.0,1,White,Female,45-54,57.31,Loan originated
1,805000.0,37,855000.0,235.0,1,Hispanic or Latino,Female,25-34,95.0,Loan originated
1,425000.0,>60%,475000.0,56.0,1,Hispanic or Latino,Male,35-44,90.0,Application denied
1,365000.0,37,385000.0,88.0,1,Hispanic or Latino,Male,25-34,94.0,Loan originated
1,595000.0,49,1035000.0,132.0,1,Asian,Joint,25-34,58.0,Loan originated
1,655000.0,37,825000.0,176.0,1,Asian,Male,25-34,80.0,Loan originated
1,1145000.0,20%-<30%,1215000.0,549.0,1,Asian,Joint,35-44,95.0,Loan originated
1,345000.0,38,355000.0,105.0,1,Hispanic or Latino,Female,35-44,97.0,Loan originated
1,355000.0,30%-<36%,925000.0,165.0,1,White,Joint,35-44,38.33,Loan originated
1,305000.0,40,655000.0,79.0,1,Asian,Male,45-54,45.802,Loan originated
1,405000.0,30%-<36%,575000.0,263.0,1,Hispanic or Latino,Female,65-74,69.565,Loan originated
1,555000.0,40,695000.0,117.0,1,Asian,Joint,45-54,80.0,Loan originated
1,345000.0,37,545000.0,220.0,1,White,Female,35-44,62.96,Loan originated
1,385000.0,46,485000.0,140.0,1,Hispanic or Latino,Joint,25-34,80.0,Loan originated
1,365000.0,37,665000.0,10.0,1,Asian,Joint,55-64,54.96,Loan originated
1,465000.0,48,485000.0,107.0,1,Hispanic or Latino,Joint,35-44,96.0,Loan originated
1,605000.0,30%-<36%,765000.0,230.0,1,Asian,Female,35-44,80.0,Application denied
1,655000.0,49,725000.0,176.0,1,Hispanic or Latino,Male,25-34,90.0,Loan originated
1,305000.0,48,905000.0,7.0,1,Asian,Male,25-34,33.33,Loan originated
1,375000.0,39,735000.0,195.0,1,Asian,Male,55-64,51.0,Loan originated
1,405000.0,49,805000.0,87.0,1,Asian,Female,45-54,51.0,Loan originated
1,595000.0,37,745000.0,178.0,1,Asian,Joint,25-34,100.0,Loan originated
1,635000.0,46,845000.0,148.0,1,White,Male,35-44,78.0,Loan originated
1,585000.0,46,775000.0,141.0,1,White,Joint,35-44,75.414,Loan originated
1,715000.0,43,735000.0,216.0,1,White,Joint,45-54,97.0,Loan originated
1,395000.0,41,495000.0,99.0,1,White,Male,25-34,80.0,Loan originated
1,795000.0,43,995000.0,175.0,1,Hispanic or Latino,Female,25-34,80.0,Loan originated
1,935000.0,43,1685000.0,264.0,1,White,Male,65-74,55.193,Loan originated
1,355000.0,44,545000.0,158.0,1,White,Female,>74,66.1,Application denied
1,1125000.0,30%-<36%,1605000.0,373.0,1,Other,Joint,25-34,90.0,Loan originated
1,455000.0,20%-<30%,825000.0,181.0,1,White,Joint,45-54,54.878,Loan originated
1,765000.0,20%-<30%,965000.0,312.0,1,Asian,Joint,25-34,80.0,Loan originated
1,325000.0,20%-<30%,615000.0,295.0,1,White,Male,45-54,53.0,Loan originated
1,475000.0,20%-<30%,505000.0,264.0,1,White,Joint,35-44,95.0,Loan originated
1,645000.0,46,675000.0,134.0,1,White,Male,35-44,95.0,Loan originated
1,545000.0,47,575000.0,155.0,1,Hispanic or Latino,Female,45-54,95.0,Loan originated
1,235000.0,20%-<30%,635000.0,116.0,1,White,Female,65-74,37.008,Loan originated
1,505000.0,41,565000.0,150.0,1,White,Female,35-44,89.98,Loan originated
1,585000.0,>60%,625000.0,157.0,1,Hispanic or Latino,Joint,<25,95.0,Application denied
1,905000.0,44,1005000.0,235.0,1,White,Joint,35-44,90.0,Loan originated
1,1105000.0,41,1375000.0,252.0,1,White,Male,45-54,80.0,Loan originated
1,315000.0,30%-<36%,765000.0,11.0,1,Asian,Female,45-54,41.18,Loan originated
1,375000.0,30%-<36%,725000.0,178.0,1,White,Male,45-54,51.524,Loan originated
1,845000.0,37,1125000.0,255.0,1,White,Joint,25-34,75.0,Loan originated
1,475000.0,47,675000.0,151.0,1,White,Joint,35-44,97.0,Loan originated
1,15000.0,<20%,435000.0,126.0,1,Hispanic or Latino,Joint,35-44,3.5,Loan originated
1,475000.0,47,505000.0,248.0,1,Asian,Joint,35-44,95.0,Loan originated
1,835000.0,30%-<36%,1435000.0,272.0,1,Asian,Female,25-34,58.33,Loan originated
1,965000.0,43,1205000.0,367.0,1,White,Joint,45-54,80.0,Loan originated
1,715000.0,46,885000.0,153.0,1,Asian,Joint,45-54,80.0,Loan originated
1,785000.0,45,1455000.0,214.0,1,White,Female,>74,54.455,Loan originated
1,395000.0,47,495000.0,82.0,1,Hispanic or Latino,Male,35-44,80.0,Loan originated
1,1155000.0,39,1655000.0,507.0,1,White,Male,25-34,70.0,Loan originated
1,375000.0,46,625000.0,126.0,1,White,Female,65-74,59.68,Loan originated
1,835000.0,41,2155000.0,339.0,1,Asian,Joint,35-44,85.0,Loan originated
1,575000.0,30%-<36%,615000.0,180.0,1,White,Joint,25-34,93.544,Loan originated
1,705000.0,45,875000.0,160.0,1,Asian,Male,35-44,80.0,Loan originated
1,165000.0,>60%,165000.0,54.0,1,Hispanic or Latino,Female,25-34,101.28,Application denied
1,995000.0,30%-<36%,1055000.0,356.0,1,Asian,Joint,35-44,95.0,Loan originated
1,345000.0,41,465000.0,116.0,1,Hispanic or Latino,Female,35-44,75.0,Loan originated
1,85000.0,<20%,105000.0,60.0,1,Hispanic or Latino,Male,55-64,85.0,Loan originated
1,645000.0,36,875000.0,233.0,1,White,Male,35-44,74.138,Loan originated
1,1085000.0,49,1355000.0,262.0,1,Asian,Joint,25-34,80.0,Loan originated
1,275000.0,20%-<30%,805000.0,145.0,1,White,Female,25-34,34.375,Loan originated
1,305000.0,30%-<36%,335000.0,116.0,1,White,Joint,35-44,90.909,Loan originated
1,585000.0,38,735000.0,302.0,1,Hispanic or Latino,Joint,35-44,80.0,Loan originated
1,505000.0,44,595000.0,126.0,1,White,Male,25-34,85.0,Loan originated
1,1055000.0,40,1555000.0,250.0,1,Asian,Male,35-44,67.742,Loan originated
1,785000.0,<20%,975000.0,573.0,1,White,Male,25-34,80.0,Loan originated
1,235000.0,30%-<36%,295000.0,130.0,1,White,Joint,35-44,100.0,Loan originated
1,615000.0,20%-<30%,825000.0,389.0,1,Hispanic or Latino,Female,25-34,75.0,Loan originated
1,385000.0,48,445000.0,75.0,1,Asian,Female,<25,87.62,Loan originated
1,665000.0,38,695000.0,268.0,1,White,Joint,35-44,95.0,Loan originated
1,695000.0,44,875000.0,170.0,1,White,Male,25-34,80.0,Loan originated
1,105000.0,<20%,105000.0,96.0,1,White,Joint,>74,100.0,Loan originated
1,755000.0,49,945000.0,176.0,1,Hispanic or Latino,Joint,35-44,80.0,Loan originated
1,575000.0,44,915000.0,131.0,1,White,Joint,25-34,62.295,Loan originated
1,375000.0,39,385000.0,113.0,1,Hispanic or Latino,Joint,45-54,97.0,Loan originated
1,625000.0,48,915000.0,215.0,1,White,Female,>74,68.13,Loan originated
1,705000.0,20%-<30%,795000.0,299.0,1,White,Male,35-44,88.0,Loan originated
1,525000.0,46,2195000.0,160.0,1,White,Joint,65-74,23.64,Loan originated
1,355000.0,48,435000.0,73.0,1,Asian,Female,35-44,80.0,Loan originated
1,115000.0,36,125000.0,120.0,1,Hispanic or Latino,Male,<25,95.0,Application denied
1,145000.0,36,195000.0,80.0,1,White,Male,35-44,70.45,Loan originated
1,495000.0,20%-<30%,615000.0,301.0,1,Asian,Female,35-44,80.0,Loan originated
1,535000.0,37,675000.0,134.0,1,White,Female,45-54,80.0,Loan originated
1,285000.0,44,405000.0,132.0,1,White,Female,65-74,70.0,Application denied
1,505000.0,39,525000.0,121.0,1,Hispanic or Latino,Male,35-44,97.0,Loan originated
1,555000.0,40,605000.0,174.0,1,Hispanic or Latino,Joint,35-44,92.0,Loan originated
1,195000.0,<20%,195000.0,132.0,1,White,Male,45-54,100.0,Loan originated
1,1025000.0,49,1275000.0,223.0,1,Hispanic or Latino,Joint,25-34,80.0,Loan originated
1,745000.0,47,935000.0,167.0,1,Asian,Female,25-34,80.0,Loan originated
1,705000.0,36,1475000.0,236.0,1,Asian,Male,25-34,47.458,Loan originated
1,885000.0,46,1105000.0,308.0,1,White,Female,35-44,80.0,Loan originated
1,675000.0,49,815000.0,131.0,1,Hispanic or Latino,Male,35-44,83.33,Loan originated
1,635000.0,30%-<36%,655000.0,230.0,1,Hispanic or Latino,Joint,35-44,97.0,Loan originated
1,975000.0,20%-<30%,1425000.0,507.0,1,White,Joint,45-54,68.42,Loan originated
1,595000.0,44,665000.0,167.0,1,Asian,Joint,25-34,90.0,Loan originated
1,345000.0,37,365000.0,127.0,1,Hispanic or Latino,Male,35-44,95.0,Loan originated
1,255000.0,48,475000.0,222.0,1,White,Joint,>74,53.635,Loan originated
1,415000.0,44,555000.0,312.0,1,White,Male,25-34,75.0,Loan originated
1,545000.0,37,675000.0,140.0,1,Asian,Joint,25-34,80.0,Loan originated
1,545000.0,47,745000.0,176.0,1,Asian,Male,35-44,73.21,Loan originated
1,335000.0,48,455000.0,113.0,1,Hispanic or Latino,Joint,35-44,95.0,Loan originated
1,1105000.0,45,2355000.0,390.0,1,Asian,Joint,35-44,47.0,Loan originated
1,1185000.0,39,1615000.0,301.0,1,Asian,Joint,45-54,74.0,Loan originated
1,165000.0,20%-<30%,205000.0,137.0,1,Hispanic or Latino,Male,25-34,80.0,Loan originated
1,715000.0,43,885000.0,199.0,1,Asian,Male,55-64,80.0,Loan originated
1,595000.0,30%-<36%,735000.0,225.0,1,Hispanic or Latino,Male,35-44,80.0,Loan originated
1,275000.0,44,515000.0,81.0,1,Hispanic or Latino,Female,25-34,80.0,Loan originated
1,465000.0,36,585000.0,114.0,1,White,Male,25-34,80.0,Loan originated
1,1145000.0,40,1525000.0,343.0,1,Asian,Joint,25-34,75.0,Loan originated
1,965000.0,48,1285000.0,195.0,1,Asian,Female,25-34,75.0,Loan originated
1,545000.0,30%-<36%,675000.0,152.0,1,Asian,Joint,25-34,80.0,Loan originated
1,285000.0,48,455000.0,144.0,1,Asian,Female,25-34,62.637,Loan originated
1,345000.0,20%-<30%,595000.0,132.0,1,White,Male,65-74,57.69,Loan originated
1,905000.0,37,1265000.0,255.0,1,White,Joint,25-34,71.146,Loan originated
1,855000.0,45,1145000.0,200.0,1,White,Joint,25-34,75.0,Loan originated
1,765000.0,49,845000.0,147.0,1,Hispanic or Latino,Male,25-34,91.2,Loan originated
1,1125000.0,49,1255000.0,305.0,1,Hispanic or Latino,Joint,35-44,90.0,Loan originated
1,1145000.0,30%-<36%,1355000.0,760.0,1,White,Joint,35-44,84.963,Loan originated
1,755000.0,45,1125000.0,228.0,1,White,Female,55-64,66.667,Loan originated
1,35000.0,30%-<36%,45000.0,71.0,1,White,Female,55-64,77.31,Application denied
1,515000.0,49,525000.0,106.0,1,White,Female,25-34,97.15,Application denied
1,665000.0,49,805000.0,128.0,1,White,Joint,25-34,82.5,Loan originated
1,665000.0,49,945000.0,149.0,1,White,Male,45-54,70.0,Loan originated
1,585000.0,42,845000.0,178.0,1,Asian,Joint,35-44,69.304,Loan originated
1,895000.0,44,1125000.0,321.0,1,Asian,Joint,35-44,80.0,Loan originated
1,405000.0,46,435000.0,100.0,1,Black or African American,Male,45-54,95.0,Loan originated
1,425000.0,>60%,495000.0,77.0,1,Hispanic or Latino,Male,25-34,85.0,Application denied
1,825000.0,42,925000.0,189.0,1,White,Male,45-54,90.0,Loan originated
1,465000.0,45,615000.0,195.0,1,White,Joint,25-34,75.438,Loan originated
1,575000.0,43,645000.0,175.0,1,White,Joint,35-44,90.0,Loan originated
1,905000.0,42,1225000.0,203.0,1,Asian,Male,35-44,73.47,Loan originated
1,455000.0,30%-<36%,505000.0,175.0,1,Hispanic or Latino,Male,45-54,90.0,Loan originated
1,505000.0,39,775000.0,140.0,1,Asian,Female,25-34,64.52,Loan originated
1,495000.0,30%-<36%,665000.0,161.0,1,White,Female,25-34,75.0,Loan originated
1,265000.0,48,335000.0,193.0,1,Asian,Male,25-34,80.0,Loan originated
1,685000.0,48,975000.0,295.0,1,White,Joint,<25,70.0,Loan originated
1,365000.0,36,815000.0,107.0,1,White,Male,35-44,44.444,Loan originated
1,505000.0,<20%,1145000.0,390.0,1,Hispanic or Latino,Female,45-54,43.52,Loan originated
1,475000.0,40,615000.0,147.0,1,Asian,Male,25-34,77.143,Loan originated
1,875000.0,30%-<36%,925000.0,244.0,1,Hispanic or Latino,Joint,35-44,95.0,Loan originated
1,355000.0,43,585000.0,90.0,1,Asian,Joint,25-34,60.685,Loan originated
1,815000.0,44,1365000.0,194.0,1,Asian,Joint,25-34,60.0,Loan originated
1,585000.0,49,775000.0,128.0,1,White,Joint,45-54,95.0,Loan originated
1,395000.0,40,535000.0,86.0,1,White,Male,25-34,75.0,Loan originated
1,815000.0,40,1025000.0,187.0,1,Asian,Male,45-54,80.0,Loan originated
1,425000.0,49,475000.0,81.0,1,Hispanic or Latino,Joint,45-54,90.0,Loan originated
1,565000.0,49,595000.0,135.0,1,White,Male,25-34,95.0,Loan originated
1,1005000.0,>60%,2715000.0,323.0,1,Asian,Female,25-34,36.832,Application denied
1,1005000.0,45,1545000.0,242.0,1,Asian,Joint,35-44,64.725,Loan originated
1,475000.0,45,525000.0,108.0,1,Asian,Joint,45-54,90.0,Loan originated
1,925000.0,30%-<36%,1165000.0,352.0,1,White,Joint,35-44,80.0,Loan originated
1,745000.0,49,935000.0,362.0,1,Asian,Joint,35-44,80.0,Loan originated
1,605000.0,30%-<36%,1105000.0,784.0,1,White,Joint,65-74,54.546,Loan originated
1,915000.0,42,1415000.0,302.0,1,White,Joint,65-74,64.539,Loan originated
1,755000.0,30%-<36%,785000.0,250.0,1,White,Joint,45-54,97.0,Loan originated
1,845000.0,39,1055000.0,238.0,1,White,Joint,35-44,80.0,Loan originated
1,935000.0,47,1735000.0,321.0,1,White,Female,>74,53.757,Loan originated
1,625000.0,48,905000.0,162.0,1,Asian,Joint,35-44,97.0,Loan originated
1,655000.0,36,1005000.0,262.0,1,White,Female,>74,65.0,Loan originated
1,535000.0,20%-<30%,805000.0,191.0,1,Asian,Joint,45-54,66.25,Loan originated
1,145000.0,50%-60%,155000.0,93.0,1,Hispanic or Latino,Male,35-44,95.0,Application denied
1,685000.0,48,755000.0,154.0,1,White,Joint,25-34,90.0,Loan originated
1,455000.0,39,505000.0,131.0,1,Asian,Male,25-34,89.99,Loan originated
1,385000.0,43,485000.0,86.0,1,Hispanic or Latino,Male,55-64,79.523,Loan originated
1,575000.0,40,635000.0,138.0,1,Asian,Joint,35-44,91.0,Loan originated
1,575000.0,44,915000.0,12.0,1,Asian,Female,35-44,64.37,Loan originated
1,375000.0,49,395000.0,79.0,1,Hispanic or Latino,Joint,25-34,95.0,Loan originated
1,1125000.0,43,1255000.0,300.0,1,Black or African American,Female,45-54,89.99,Loan originated
1,905000.0,47,955000.0,283.0,1,White,Joint,45-54,95.0,Loan originated
1,115000.0,41,125000.0,84.0,1,Hispanic or Latino,Male,25-34,91.3,Application denied
1,225000.0,30%-<36%,285000.0,80.0,1,Asian,Female,25-34,80.0,Loan originated
1,55000.0,20%-<30%,485000.0,83.0,1,White,Female,35-44,10.395,Loan originated
1,705000.0,49,785000.0,257.0,1,White,Male,45-54,90.0,Loan originated
1,535000.0,20%-<30%,665000.0,219.0,1,White,Male,35-44,80.0,Loan originated
1,115000.0,49,415000.0,52.0,1,White,Female,35-44,28.049,Loan originated
1,765000.0,43,1105000.0,222.0,1,White,Joint,55-64,69.636,Loan originated
1,1085000.0,39,1455000.0,511.0,1,Asian,Joint,35-44,75.0,Loan originated
1,395000.0,30%-<36%,785000.0,142.0,1,White,Joint,25-34,50.0,Loan originated
1,585000.0,47,665000.0,119.0,1,Hispanic or Latino,Male,25-34,88.0,Loan originated
1,445000.0,46,635000.0,104.0,1,Asian,Joint,25-34,70.0,Loan originated
1,1045000.0,20%-<30%,1315000.0,422.0,1,Asian,Joint,25-34,80.0,Loan originated
1,565000.0,46,715000.0,253.0,1,Hispanic or Latino,Male,45-54,80.0,Loan originated
1,485000.0,43,495000.0,199.0,1,Hispanic or Latino,Joint,35-44,97.0,Loan originated
1,265000.0,36,285000.0,112.0,1,Hispanic or Latino,Joint,55-64,93.0,Loan originated
1,215000.0,39,615000.0,99.0,1,White,Joint,25-34,34.426,Loan originated
1,515000.0,48,645000.0,122.0,1,White,Joint,35-44,100.0,Loan originated
1,555000.0,42,695000.0,193.0,1,Hispanic or Latino,Male,45-54,90.0,Loan originated
1,685000.0,50%-60%,705000.0,139.0,1,Hispanic or Latino,Female,25-34,97.0,Loan originated
1,315000.0,49,565000.0,67.0,1,White,Male,65-74,55.357,Loan originated
1,265000.0,30%-<36%,665000.0,109.0,1,Asian,Joint,45-54,39.566,Loan originated
1,745000.0,30%-<36%,1065000.0,290.0,1,Asian,Joint,45-54,70.0,Loan originated
1,355000.0,30%-<36%,625000.0,163.0,1,White,Female,55-64,55.644,Loan originated
1,765000.0,30%-<36%,955000.0,285.0,1,Asian,Male,45-54,79.664,Loan originated
1,355000.0,45,475000.0,108.0,1,Hispanic or Latino,Male,45-54,75.0,Application denied
1,435000.0,20%-<30%,685000.0,323.0,1,Hispanic or Latino,Male,<25,63.72,Loan originated
1,695000.0,46,815000.0,217.0,1,Asian,Male,55-64,85.0,Loan originated
1,105000.0,41,305000.0,43.0,1,White,Male,45-54,34.426,Loan originated
1,825000.0,44,1035000.0,175.0,1,Asian,Male,35-44,80.0,Loan originated
1,1035000.0,30%-<36%,1485000.0,306.0,1,Asian,Joint,25-34,70.0,Loan originated
1,475000.0,36,725000.0,132.0,1,White,Male,25-34,65.517,Loan originated
1,705000.0,47,1175000.0,433.0,1,White,Joint,35-44,60.0,Loan originated
1,555000.0,42,615000.0,145.0,1,Asian,Joint,35-44,89.995,Loan originated
1,625000.0,30%-<36%,785000.0,174.0,1,Asian,Male,25-34,80.0,Loan originated
1,725000.0,43,765000.0,297.0,1,White,Female,35-44,95.0,Loan originated
1,945000.0,42,2005000.0,265.0,1,White,Joint,55-64,47.0,Loan originated
1,745000.0,47,995000.0,159.0,1,White,Male,25-34,75.0,Loan originated
1,55000.0,30%-<36%,285000.0,58.0,1,Black or African American,Female,25-34,100.0,Loan originated
1,185000.0,42,205000.0,54.0,1,Hispanic or Latino,Male,35-44,90.0,Loan originated
1,485000.0,39,615000.0,134.0,1,White,Female,25-34,80.0,Loan originated
1,575000.0,42,725000.0,188.0,1,Asian,Male,35-44,80.0,Loan originated
1,1035000.0,49,1295000.0,331.0,1,Asian,Joint,25-34,80.0,Loan originated
1,505000.0,37,625000.0,130.0,1,Asian,Female,25-34,80.0,Loan originated
1,975000.0,44,975000.0,340.0,1,Asian,Male,35-44,100.0,Loan originated
1,995000.0,42,1185000.0,318.0,1,White,Joint,65-74,84.16,Loan originated
1,655000.0,<20%,815000.0,985.0,1,Other,Male,25-34,80.0,Loan originated
1,455000.0,20%-<30%,705000.0,134.0,1,White,Male,25-34,64.286,Loan originated
1,515000.0,>60%,645000.0,0.0,1,Asian,Female,45-54,79.994,Application denied
1,465000.0,37,585000.0,149.0,1,White,Female,35-44,80.0,Loan originated
1,765000.0,30%-<36%,1045000.0,239.0,1,Asian,Male,25-34,74.0,Loan originated
1,1055000.0,47,1325000.0,344.0,1,Asian,Joint,25-34,79.55,Loan originated
1,915000.0,36,1225000.0,964.0,1,White,Male,25-34,75.0,Loan originated
1,515000.0,20%-<30%,575000.0,200.0,1,White,Joint,35-44,90.0,Loan originated
1,715000.0,36,895000.0,200.0,1,Asian,Joint,55-64,80.0,Loan originated
1,685000.0,44,935000.0,139.0,1,Hispanic or Latino,Joint,45-54,74.0,Loan originated
1,185000.0,42,485000.0,66.0,1,Asian,Female,45-54,38.0,Loan originated
1,525000.0,30%-<36%,655000.0,100.0,1,Hispanic or Latino,Joint,35-44,80.0,Loan originated
1,215000.0,46,245000.0,52.0,1,Hispanic or Latino,Joint,35-44,90.0,Application denied
1,715000.0,20%-<30%,745000.0,343.0,1,White,Female,25-34,97.0,Loan originated
1,1055000.0,46,1445000.0,215.0,1,Asian,Female,25-34,72.722,Loan originated
1,735000.0,45,1795000.0,175.0,1,Hispanic or Latino,Male,45-54,41.07,Loan originated
1,665000.0,42,745000.0,155.0,1,White,Male,45-54,90.0,Loan originated
1,345000.0,45,675000.0,117.0,1,Hispanic or Latino,Joint,35-44,50.967,Loan originated
1,505000.0,50%-60%,635000.0,329.0,1,Asian,Male,<25,80.0,Application denied
1,725000.0,48,855000.0,298.0,1,Hispanic or Latino,Joint,25-34,85.0,Loan originated
1,805000.0,37,1015000.0,340.0,1,White,Female,55-64,80.0,Loan originated
1,765000.0,47,1365000.0,180.0,1,Asian,Male,35-44,56.158,Loan originated
1,355000.0,30%-<36%,675000.0,150.0,1,Asian,Male,35-44,51.852,Loan originated
1,385000.0,49,585000.0,99.0,1,White,Male,35-44,64.857,Loan originated
1,355000.0,46,395000.0,179.0,1,Asian,Joint,65-74,90.79,Application denied
1,285000.0,30%-<36%,305000.0,112.0,1,White,Male,<25,95.0,Loan originated
1,705000.0,>60%,745000.0,104.0,1,White,Male,45-54,95.0,Application denied
1,385000.0,30%-<36%,405000.0,182.0,1,White,Joint,25-34,95.0,Loan originated
1,755000.0,42,795000.0,246.0,1,Hispanic or Latino,Joint,25-34,95.0,Loan originated
1,1105000.0,20%-<30%,1655000.0,374.0,1,Asian,Joint,25-34,76.67,Loan originated
1,695000.0,40,875000.0,192.0,1,White,Male,25-34,80.0,Loan originated
1,405000.0,30%-<36%,505000.0,135.0,1,White,Male,25-34,80.0,Loan originated
1,555000.0,49,1485000.0,125.0,1,Asian,Male,25-34,38.0,Loan originated
1,465000.0,44,575000.0,148.0,1,Hispanic or Latino,Female,35-44,80.0,Application denied
1,755000.0,49,845000.0,349.0,1,White,Male,35-44,90.0,Loan originated
1,555000.0,30%-<36%,615000.0,180.0,1,White,Female,35-44,90.0,Loan originated
1,295000.0,49,525000.0,67.0,1,Hispanic or Latino,Female,35-44,55.96,Loan originated
1,1145000.0,38,1275000.0,362.0,1,Asian,Joint,25-34,90.0,Loan originated
1,745000.0,49,785000.0,163.0,1,White,Female,35-44,95.0,Loan originated
1,885000.0,49,1405000.0,176.0,1,Asian,Male,35-44,62.633,Loan originated
1,405000.0,43,415000.0,130.0,1,Hispanic or Latino,Joint,25-34,96.97,Loan originated
1,455000.0,48,485000.0,127.0,1,Hispanic or Latino,Joint,35-44,98.0,Loan originated
1,305000.0,50%-60%,375000.0,151.0,1,White,Joint,55-64,81.76,Application denied
1,515000.0,45,645000.0,120.0,1,Asian,Joint,25-34,80.0,Loan originated
1,145000.0,50%-60%,165000.0,64.0,1,White,Female,65-74,88.81,Application denied
1,485000.0,49,615000.0,104.0,1,White,Joint,55-64,78.689,Loan originated
1,545000.0,36,605000.0,125.0,1,Asian,Female,35-44,89.99,Loan originated
1,1105000.0,43,1235000.0,238.0,1,Asian,Male,35-44,89.837,Application denied
1,375000.0,49,595000.0,152.0,1,White,Joint,55-64,61.98,Loan originated
1,695000.0,42,775000.0,285.0,1,Asian,Male,35-44,89.99,Loan originated
1,865000.0,30%-<36%,1085000.0,303.0,1,Asian,Joint,25-34,80.0,Loan originated
1,435000.0,42,545000.0,99.0,1,White,Male,35-44,80.0,Loan originated
1,575000.0,41,645000.0,141.0,1,Asian,Female,25-34,89.993,Loan originated
1,135000.0,20%-<30%,655000.0,152.0,1,Asian,Joint,>74,21.305,Loan originated
1,495000.0,44,675000.0,117.0,1,Asian,Female,25-34,74.0,Loan originated
1,605000.0,49,755000.0,121.0,1,White,Joint,45-54,99.894,Loan originated
1,205000.0,30%-<36%,825000.0,106.0,1,White,Female,>74,25.0,Loan originated
1,425000.0,47,445000.0,109.0,1,Hispanic or Latino,Male,35-44,95.0,Loan originated
1,425000.0,39,435000.0,200.0,1,Hispanic or Latino,Joint,35-44,97.0,Loan originated
1,965000.0,46,1345000.0,235.0,1,Asian,Joint,45-54,71.747,Loan originated
1,255000.0,30%-<36%,265000.0,107.0,1,Asian,Female,65-74,95.0,Application denied
1,355000.0,44,485000.0,187.0,1,White,Male,45-54,72.342,Loan originated
1,745000.0,49,935000.0,154.0,1,Asian,Male,35-44,80.0,Loan originated
1,355000.0,40,675000.0,120.0,1,White,Joint,65-74,52.0,Loan originated
1,405000.0,49,505000.0,120.0,1,White,Male,<25,80.0,Loan originated
1,575000.0,48,605000.0,113.0,1,Black or African American,Female,45-54,98.0,Loan originated
1,665000.0,48,825000.0,143.0,1,White,Male,45-54,80.0,Loan originated
1,435000.0,48,445000.0,98.0,1,Hispanic or Latino,Joint,35-44,97.0,Loan originated
1,755000.0,37,885000.0,260.0,1,White,Male,25-34,85.0,Loan originated
1,305000.0,41,555000.0,86.0,1,White,Female,45-54,54.545,Loan originated
1,585000.0,47,745000.0,157.0,1,Hispanic or Latino,Male,45-54,78.926,Loan originated
1,315000.0,46,335000.0,99.0,1,White,Male,35-44,95.0,Loan originated
1,365000.0,45,385000.0,112.0,1,Hispanic or Latino,Male,<25,100.0,Loan originated
1,685000.0,40,975000.0,235.0,1,Asian,Male,45-54,70.0,Loan originated
1,535000.0,48,765000.0,124.0,1,Asian,Joint,45-54,69.935,Loan originated
1,405000.0,30%-<36%,535000.0,220.0,1,White,Male,35-44,75.701,Loan originated
1,755000.0,45,945000.0,308.0,1,Asian,Joint,25-34,80.0,Loan originated
1,725000.0,20%-<30%,815000.0,410.0,1,Asian,Joint,25-34,90.0,Loan originated
1,705000.0,30%-<36%,945000.0,240.0,1,Asian,Male,35-44,75.0,Loan originated
1,445000.0,49,895000.0,123.0,1,White,Joint,55-64,50.0,Loan originated
1,745000.0,49,835000.0,172.0,1,Asian,Joint,45-54,90.0,Loan originated
1,425000.0,49,525000.0,212.0,1,White,Female,55-64,80.0,Loan originated
1,1055000.0,41,1175000.0,296.0,1,Black or African American,Male,35-44,90.0,Application denied
1,555000.0,48,695000.0,126.0,1,White,Male,35-44,80.0,Loan originated
1,695000.0,48,995000.0,168.0,1,Asian,Female,35-44,69.99995,Loan originated
1,755000.0,43,945000.0,183.0,1,Asian,Male,35-44,80.0,Loan originated
1,415000.0,<20%,665000.0,350.0,1,Asian,Male,55-64,62.41,Loan originated
1,575000.0,30%-<36%,665000.0,152.0,1,Hispanic or Latino,Joint,45-54,87.218,Loan originated
1,665000.0,20%-<30%,825000.0,699.0,1,White,Male,35-44,80.0,Application denied
1,435000.0,44,465000.0,176.0,1,White,Joint,25-34,95.0,Loan originated
1,595000.0,48,795000.0,143.0,1,Asian,Male,55-64,75.0,Loan originated
1,875000.0,49,925000.0,257.0,1,White,Joint,25-34,95.0,Loan originated
1,565000.0,45,625000.0,163.0,1,White,Male,45-54,90.0,Loan originated
1,445000.0,49,595000.0,237.0,1,White,Joint,55-64,75.0,Loan originated
1,1005000.0,49,1405000.0,207.0,1,Asian,Male,45-54,71.429,Loan originated
1,465000.0,47,965000.0,113.0,1,White,Female,65-74,47.917,Loan originated
1,415000.0,41,435000.0,230.0,1,White,Male,55-64,95.0,Loan originated
1,635000.0,41,795000.0,142.0,1,White,Male,25-34,80.0,Loan originated
1,625000.0,48,775000.0,148.0,1,Asian,Male,25-34,80.0,Loan originated
1,535000.0,30%-<36%,915000.0,257.0,1,White,Joint,55-64,59.0,Loan originated
1,665000.0,40,835000.0,188.0,1,Hispanic or Latino,Male,35-44,80.0,Loan originated
1,235000.0,48,295000.0,165.0,1,Hispanic or Latino,Joint,25-34,82.27,Application denied
1,175000.0,49,275000.0,68.0,1,White,Male,65-74,64.158,Loan originated
1,565000.0,43,595000.0,189.0,1,Hispanic or Latino,Joint,45-54,95.0,Loan originated
1,335000.0,49,775000.0,77.0,1,Hispanic or Latino,Male,35-44,42.85,Loan originated
1,705000.0,49,875000.0,207.0,1,Asian,Male,35-44,80.0,Loan originated
1,405000.0,30%-<36%,425000.0,110.0,1,White,Female,35-44,95.0,Loan originated
1,485000.0,36,515000.0,185.0,1,Hispanic or Latino,Joint,25-34,95.0,Loan originated
1,345000.0,<20%,435000.0,188.0,1,Asian,Female,65-74,80.0,Loan originated
1,215000.0,45,885000.0,99.0,1,Hispanic or Latino,Joint,65-74,23.958,Loan originated
1,705000.0,48,985000.0,142.0,1,Asian,Male,25-34,72.0,Loan originated
1,485000.0,37,545000.0,254.0,1,White,Joint,55-64,90.0,Loan originated
1,405000.0,<20%,1175000.0,284.0,1,White,Joint,65-74,34.04,Loan originated
1,605000.0,44,1095000.0,244.0,1,White,Female,55-64,54.96,Loan originated
1,475000.0,20%-<30%,495000.0,177.0,1,White,Male,45-54,95.0,Loan originated
1,575000.0,30%-<36%,715000.0,191.0,1,Hispanic or Latino,Female,25-34,80.0,Loan originated
1,565000.0,47,705000.0,123.0,1,Other,Joint,55-64,80.0,Loan originated
1,725000.0,49,765000.0,174.0,1,Hispanic or Latino,Joint,25-34,95.0,Loan originated
1,595000.0,46,785000.0,126.0,1,White,Female,25-34,75.0,Loan originated
1,355000.0,42,405000.0,97.0,1,White,Male,25-34,88.0,Loan originated
1,745000.0,30%-<36%,925000.0,240.0,1,Black or African American,Female,25-34,90.0,Loan originated
1,485000.0,39,655000.0,176.0,1,White,Female,25-34,75.0,Loan originated
1,15000.0,40,545000.0,178.0,1,Hispanic or Latino,Joint,35-44,101.93,Loan originated
1,615000.0,20%-<30%,1215000.0,270.0,1,White,Joint,25-34,50.51,Loan originated
1,625000.0,20%-<30%,745000.0,229.0,1,Hispanic or Latino,Male,45-54,85.0,Loan originated
1,685000.0,48,765000.0,201.0,1,White,Joint,>74,89.474,Loan originated
1,625000.0,43,1225000.0,190.0,1,White,Joint,65-74,51.02,Loan originated
1,575000.0,38,715000.0,161.0,1,Black or African American,Joint,25-34,80.0,Loan originated
1,435000.0,39,965000.0,135.0,1,Hispanic or Latino,Male,55-64,46.237,Loan originated
1,495000.0,49,795000.0,130.0,1,Hispanic or Latino,Joint,45-54,62.216,Loan originated
1,415000.0,30%-<36%,445000.0,157.0,1,White,Male,25-34,95.0,Loan originated
1,445000.0,46,475000.0,90.0,1,White,Male,35-44,95.0,Loan originated
1,405000.0,42,495000.0,129.0,1,Asian,Joint,25-34,81.62,Loan originated
1,765000.0,44,815000.0,297.0,1,White,Joint,25-34,94.28,Loan originated
1,535000.0,30%-<36%,595000.0,180.0,1,Asian,Male,25-34,90.0,Loan originated
1,1035000.0,30%-<36%,1215000.0,315.0,1,Asian,Joint,25-34,85.0,Loan originated
1,145000.0,47,155000.0,69.0,1,White,Female,45-54,92.258,Application denied
1,355000.0,38,485000.0,100.0,1,Hispanic or Latino,Female,55-64,73.196,Loan originated
1,155000.0,48,475000.0,73.0,1,Hispanic or Latino,Joint,55-64,33.617,Loan originated
1,995000.0,40,1895000.0,258.0,1,White,Male,45-54,52.51,Loan originated
1,245000.0,30%-<36%,255000.0,82.0,1,Hispanic or Latino,Male,25-34,95.0,Loan originated
1,715000.0,49,835000.0,205.0,1,Asian,Male,45-54,85.269,Loan originated
1,1005000.0,49,1115000.0,296.0,1,White,Joint,25-34,89.9,Loan originated
1,615000.0,46,685000.0,185.0,1,White,Female,35-44,89.99,Loan originated
1,505000.0,38,855000.0,175.0,1,White,Joint,55-64,59.064,Loan originated
1,425000.0,42,565000.0,395.0,1,White,Joint,<25,75.0,Loan originated
1,255000.0,38,245000.0,80.0,1,Hispanic or Latino,Male,25-34,106.21,Application denied
1,755000.0,42,945000.0,273.0,1,Asian,Male,55-64,80.0,Application denied
1,125000.0,37,465000.0,72.0,1,Hispanic or Latino,Female,55-64,27.659,Loan originated
1,405000.0,44,415000.0,96.0,1,Hispanic or Latino,Female,35-44,97.0,Loan originated
1,255000.0,20%-<30%,625000.0,207.0,1,White,Joint,35-44,40.0,Loan originated
1,795000.0,44,1065000.0,252.0,1,White,Joint,45-54,75.0,Loan originated
1,195000.0,49,265000.0,51.0,1,Asian,Female,35-44,76.442,Loan originated
1,405000.0,49,455000.0,106.0,1,Asian,Joint,25-34,89.77,Loan originated
1,655000.0,46,775000.0,146.0,1,White,Male,35-44,85.0,Loan originated
1,575000.0,20%-<30%,715000.0,282.0,1,Hispanic or Latino,Male,25-34,80.0,Loan originated
1,965000.0,39,1285000.0,308.0,1,Asian,Female,<25,75.0,Loan originated
1,385000.0,20%-<30%,765000.0,1318.0,1,White,Joint,35-44,50.53,Loan originated
1,915000.0,30%-<36%,1425000.0,327.0,1,Asian,Joint,25-34,64.335,Loan originated
1,775000.0,30%-<36%,965000.0,266.0,1,Asian,Male,25-34,80.0,Loan originated
1,795000.0,<20%,1225000.0,600.0,1,Asian,Male,45-54,65.0,Loan originated
1,485000.0,44,645000.0,104.0,1,Asian,Joint,35-44,95.0,Loan originated
1,405000.0,30%-<36%,1215000.0,205.0,1,Asian,Male,45-54,33.058,Loan originated
1,235000.0,47,295000.0,107.0,1,Hispanic or Latino,Female,55-64,80.0,Loan originated
1,765000.0,36,875000.0,1148.0,1,Asian,Joint,35-44,88.109,Loan originated
1,705000.0,39,875000.0,201.0,1,Black or African American,Joint,55-64,80.0,Loan originated
1,595000.0,30%-<36%,625000.0,179.0,1,White,Male,35-44,95.0,Loan originated
1,355000.0,36,545000.0,200.0,1,Asian,Male,45-54,65.0,Loan originated
1,225000.0,30%-<36%,345000.0,85.0,1,Hispanic or Latino,Male,45-54,65.0,Loan originated
1,425000.0,20%-<30%,645000.0,203.0,1,White,Joint,45-54,66.096,Loan originated
1,365000.0,43,375000.0,89.0,1,White,Joint,<25,97.0,Loan originated
1,665000.0,>60%,705000.0,21.0,1,Hispanic or Latino,Male,<25,95.0,Application denied
1,285000.0,44,315000.0,83.0,1,White,Male,35-44,90.0,Loan originated
1,605000.0,45,935000.0,231.0,1,Hispanic or Latino,Female,55-64,65.0,Loan originated
1,25000.0,43,645000.0,179.0,1,White,Joint,35-44,100.0,Loan originated
1,795000.0,46,995000.0,192.0,1,White,Male,35-44,80.0,Loan originated
1,1145000.0,30%-<36%,1425000.0,448.0,1,Asian,Female,35-44,80.0,Loan originated
1,325000.0,47,525000.0,70.0,1,Asian,Joint,35-44,61.538,Loan originated
1,855000.0,30%-<36%,1405000.0,236.0,1,Asian,Joint,35-44,60.714,Loan originated
1,555000.0,44,695000.0,207.0,1,Asian,Female,25-34,80.0,Loan originated
1,675000.0,39,745000.0,191.0,1,White,Male,55-64,90.0,Loan originated
1,345000.0,30%-<36%,405000.0,131.0,1,Hispanic or Latino,Male,55-64,85.0,Loan originated
1,595000.0,44,615000.0,175.0,1,Black or African American,Female,35-44,97.0,Loan originated
1,645000.0,48,805000.0,133.0,1,White,Male,55-64,80.0,Loan originated
1,245000.0,49,415000.0,70.0,1,Hispanic or Latino,Male,65-74,60.854,Loan originated
1,435000.0,45,545000.0,198.0,1,White,Joint,65-74,80.0,Loan originated
1,905000.0,20%-<30%,2705000.0,411.0,1,Asian,Male,25-34,33.333,Loan originated
1,1025000.0,40,1285000.0,281.0,1,Asian,Male,25-34,80.0,Loan originated
1,605000.0,39,625000.0,193.0,1,White,Female,45-54,100.92,Loan originated
1,395000.0,42,595000.0,113.0,1,White,Male,35-44,66.102,Loan originated
1,885000.0,47,2435000.0,197.0,1,Asian,Male,25-34,36.214,Loan originated
1,525000.0,44,655000.0,173.0,1,Asian,Female,25-34,80.0,Loan originated
1,545000.0,49,575000.0,114.0,1,White,Female,35-44,95.0,Loan originated
1,1015000.0,>60%,1265000.0,208.0,1,White,Joint,45-54,80.0,Application denied
1,1105000.0,46,1305000.0,275.0,1,Hispanic or Latino,Joint,35-44,85.0,Loan originated
1,715000.0,49,845000.0,149.0,1,Asian,Female,45-54,84.99,Loan originated
1,665000.0,49,1705000.0,157.0,1,White,Male,65-74,38.71,Loan originated
1,615000.0,40,775000.0,175.0,1,Asian,Joint,25-34,80.0,Loan originated
1,485000.0,30%-<36%,575000.0,196.0,1,Asian,Joint,35-44,83.75,Loan originated
1,765000.0,50%-60%,1525000.0,306.0,1,White,Male,35-44,50.0,Application denied
1,535000.0,42,785000.0,18.0,1,Asian,Female,55-64,70.0,Loan originated
1,685000.0,45,855000.0,162.0,1,White,Joint,45-54,80.0,Loan originated
1,685000.0,45,725000.0,163.0,1,White,Joint,25-34,95.0,Loan originated
1,685000.0,47,725000.0,150.0,1,Hispanic or Latino,Joint,35-44,95.0,Loan originated
1,725000.0,43,745000.0,174.0,1,Asian,Female,35-44,96.5,Loan originated
1,315000.0,30%-<36%,355000.0,235.0,1,White,Male,35-44,89.857,Loan originated
1,765000.0,20%-<30%,915000.0,275.0,1,White,Male,25-34,84.236,Loan originated
1,515000.0,30%-<36%,645000.0,192.0,1,White,Female,35-44,80.0,Loan originated
1,845000.0,42,1185000.0,308.0,1,White,Joint,35-44,71.05,Loan originated
1,1015000.0,44,1325000.0,316.0,1,White,Male,45-54,76.604,Loan originated
1,335000.0,37,445000.0,96.0,1,Asian,Male,45-54,75.0,Loan originated
1,585000.0,48,605000.0,126.0,1,Hispanic or Latino,Joint,25-34,97.0,Loan originated
1,435000.0,30%-<36%,835000.0,160.0,1,Asian,Male,25-34,52.1,Loan originated
1,275000.0,30%-<36%,395000.0,157.0,1,Asian,Female,25-34,70.0,Loan originated
1,675000.0,>60%,855000.0,120.0,1,White,Female,35-44,78.817,Loan originated
1,335000.0,20%-<30%,425000.0,125.0,1,Hispanic or Latino,Male,25-34,80.0,Loan originated
1,395000.0,43,405000.0,120.0,1,Asian,Male,25-34,97.0,Loan originated
1,445000.0,44,465000.0,105.0,1,Black or African American,Male,25-34,97.0,Loan originated
1,935000.0,30%-<36%,1895000.0,329.0,1,White,Joint,35-44,49.206,Loan originated
1,325000.0,49,435000.0,89.0,1,White,Female,45-54,73.0,Loan originated
1,465000.0,49,785000.0,132.0,1,Asian,Male,35-44,59.019,Loan originated
1,615000.0,20%-<30%,685000.0,273.0,1,White,Female,25-34,90.0,Loan originated
1,335000.0,30%-<36%,355000.0,146.0,1,White,Joint,25-34,95.0,Loan originated
1,345000.0,20%-<30%,435000.0,129.0,1,Hispanic or Latino,Female,35-44,80.0,Loan originated
1,485000.0,50%-60%,815000.0,206.0,1,Asian,Female,>74,60.0,Loan originated
1,1125000.0,41,1325000.0,381.0,1,Asian,Joint,35-44,85.0,Loan originated
1,515000.0,42,575000.0,144.0,1,White,Female,55-64,90.0,Loan originated
1,605000.0,30%-<36%,765000.0,283.0,1,White,Joint,25-34,80.0,Loan originated
1,155000.0,44,405000.0,63.0,1,White,Female,65-74,38.119,Loan originated
1,705000.0,30%-<36%,875000.0,205.0,1,Asian,Male,35-44,80.0,Loan originated
1,475000.0,41,525000.0,123.0,1,White,Female,35-44,89.981,Loan originated
1,205000.0,<20%,415000.0,96.0,1,Hispanic or Latino,Male,35-44,48.193,Loan originated
1,805000.0,37,1805000.0,309.0,1,White,Joint,45-54,44.444,Loan originated
1,345000.0,<20%,1145000.0,315.0,1,Asian,Male,35-44,31.0,Loan originated
1,765000.0,40,955000.0,326.0,1,White,Female,45-54,80.0,Loan originated
1,635000.0,45,795000.0,185.0,1,Asian,Joint,25-34,80.0,Loan originated
1,705000.0,20%-<30%,1305000.0,463.0,1,White,Female,45-54,46.154,Application denied
1,535000.0,42,555000.0,155.0,1,Asian,Male,25-34,100.0,Loan originated
1,1105000.0,20%-<30%,1305000.0,514.0,1,White,Joint,35-44,85.0,Loan originated
1,345000.0,48,455000.0,95.0,1,Hispanic or Latino,Female,25-34,75.556,Loan originated
1,905000.0,40,1405000.0,225.0,1,White,Female,45-54,64.117,Loan originated
1,315000.0,20%-<30%,635000.0,178.0,1,White,Joint,45-54,48.892,Loan originated
1,485000.0,47,605000.0,127.0,1,White,Joint,>74,80.0,Loan originated
1,865000.0,47,965000.0,265.0,1,White,Male,35-44,90.0,Loan originated
1,425000.0,44,445000.0,113.0,1,Hispanic or Latino,Male,35-44,95.0,Loan originated
1,975000.0,37,1305000.0,351.0,1,Asian,Joint,35-44,75.0,Loan originated
1,705000.0,39,725000.0,184.0,1,Asian,Joint,25-34,97.0,Loan originated
1,625000.0,47,655000.0,246.0,1,White,Male,25-34,95.0,Loan originated
1,235000.0,39,1185000.0,160.0,1,White,Joint,55-64,19.494,Loan originated
1,615000.0,43,655000.0,214.0,1,Black or African American,Female,55-64,99.75,Loan originated
1,525000.0,40,695000.0,157.0,1,Hispanic or Latino,Joint,35-44,75.0,Application denied
1,945000.0,50%-60%,1465000.0,187.0,1,White,Female,25-34,65.0,Loan originated
1,565000.0,36,675000.0,157.0,1,Hispanic or Latino,Male,25-34,90.0,Loan originated
1,385000.0,48,785000.0,88.0,1,Asian,Male,25-34,48.846,Loan originated
1,275000.0,<20%,315000.0,226.0,1,Asian,Female,25-34,89.984,Loan originated
1,915000.0,41,1305000.0,225.0,1,Asian,Male,25-34,70.0,Loan originated
1,355000.0,46,515000.0,202.0,1,Hispanic or Latino,Joint,45-54,70.0,Loan originated
1,725000.0,43,765000.0,180.0,1,Hispanic or Latino,Male,45-54,95.0,Loan originated
1,565000.0,20%-<30%,755000.0,224.0,1,Asian,Male,45-54,75.0,Loan originated
1,265000.0,44,335000.0,63.0,1,White,Joint,55-64,83.0,Loan originated
1,375000.0,49,425000.0,76.0,1,White,Male,45-54,97.2,Loan originated
1,175000.0,20%-<30%,225000.0,189.0,1,Hispanic or Latino,Male,25-34,80.0,Loan originated
1,555000.0,42,605000.0,129.0,1,White,Male,35-44,91.667,Application denied
1,635000.0,49,735000.0,144.0,1,Black or African American,Female,35-44,85.998,Loan originated
1,685000.0,49,855000.0,179.0,1,Hispanic or Latino,Male,35-44,80.0,Loan originated
1,665000.0,43,835000.0,158.0,1,White,Joint,35-44,80.0,Loan originated
1,705000.0,40,785000.0,265.0,1,Asian,Joint,25-34,89.99,Loan originated
1,595000.0,37,765000.0,195.0,1,White,Joint,55-64,78.0,Loan originated
1,255000.0,30%-<36%,805000.0,12.0,1,Asian,Male,45-54,31.25,Loan originated
1,415000.0,39,455000.0,100.0,1,White,Male,25-34,90.0,Loan originated
1,925000.0,41,995000.0,249.0,1,Asian,Female,25-34,92.94,Loan originated
1,645000.0,44,755000.0,146.0,1,White,Joint,25-34,85.0,Loan originated
1,325000.0,20%-<30%,335000.0,159.0,1,White,Male,35-44,97.0,Loan originated
1,1055000.0,30%-<36%,1315000.0,306.0,1,Asian,Joint,35-44,80.0,Loan originated
1,295000.0,47,825000.0,108.0,1,White,Female,65-74,35.37,Loan originated
1,655000.0,20%-<30%,895000.0,478.0,1,White,Joint,65-74,73.034,Loan originated
1,555000.0,20%-<30%,735000.0,146.0,1,Asian,Male,25-34,76.08,Loan originated
1,185000.0,49,595000.0,52.0,1,Asian,Joint,45-54,30.5042,Loan originated
1,185000.0,20%-<30%,575000.0,119.0,1,White,Joint,55-64,32.522,Loan originated
1,545000.0,49,635000.0,118.0,1,Asian,Joint,25-34,85.0,Loan originated
1,925000.0,37,1155000.0,286.0,1,Asian,Female,65-74,80.0,Loan originated
1,735000.0,30%-<36%,805000.0,250.0,1,Other,Joint,25-34,92.0,Loan originated
1,185000.0,38,495000.0,77.0,1,White,Male,>74,37.374,Loan originated
1,335000.0,40,375000.0,81.0,1,Asian,Joint,<25,90.0,Loan originated
1,1045000.0,<20%,1305000.0,2487.0,1,Asian,Male,35-44,80.0,Loan originated
1,25000.0,44,575000.0,101.0,1,Hispanic or Latino,Joint,25-34,100.0,Application denied
1,405000.0,30%-<36%,705000.0,148.0,1,White,Male,65-74,57.143,Loan originated
1,715000.0,49,905000.0,133.0,1,Hispanic or Latino,Male,45-54,79.0,Loan originated
1,385000.0,37,425000.0,184.0,1,Hispanic or Latino,Joint,65-74,90.0,Loan originated
1,1445000.0,44,1805000.0,360.0,1,White,Joint,25-34,80.0,Loan originated
1,545000.0,49,575000.0,134.0,1,Hispanic or Latino,Male,35-44,93.93,Loan originated
1,495000.0,30%-<36%,585000.0,224.0,1,White,Joint,>74,85.0,Loan originated
1,455000.0,47,515000.0,120.0,1,White,Joint,25-34,87.476,Loan originated
1,505000.0,48,625000.0,295.0,1,White,Joint,25-34,80.0,Loan originated
1,605000.0,49,795000.0,118.0,1,Asian,Male,25-34,95.0,Loan originated
1,905000.0,39,1305000.0,287.0,1,White,Joint,35-44,69.231,Loan originated
1,735000.0,39,1825000.0,220.0,1,White,Joint,45-54,40.11,Loan originated
1,665000.0,46,785000.0,153.0,1,Asian,Joint,55-64,85.001,Loan originated
1,565000.0,44,755000.0,168.0,1,White,Male,45-54,75.0,Loan originated
1,505000.0,49,615000.0,109.0,1,Hispanic or Latino,Joint,35-44,102.787,Loan originated
1,385000.0,44,455000.0,140.0,1,White,Male,35-44,83.516,Loan originated
1,815000.0,30%-<36%,1015000.0,219.0,1,Asian,Male,25-34,80.0,Loan originated
1,955000.0,<20%,1455000.0,448.0,1,White,Joint,25-34,65.517,Loan originated
1,555000.0,42,1455000.0,208.0,1,White,Joint,55-64,37.93,Loan originated
1,585000.0,42,645000.0,143.0,1,Other,Male,35-44,90.0,Loan originated
1,185000.0,20%-<30%,385000.0,92.0,1,Hispanic or Latino,Female,55-64,48.56,Loan originated
1,315000.0,40,395000.0,103.0,1,White,Female,25-34,80.0,Loan originated
1,135000.0,30%-<36%,295000.0,64.0,1,White,Female,55-64,92.5,Loan originated
1,425000.0,47,775000.0,115.0,1,White,Joint,45-54,54.55,Loan originated
1,595000.0,42,635000.0,163.0,1,Hispanic or Latino,Joint,25-34,95.0,Loan originated
1,315000.0,48,705000.0,92.0,1,White,Male,55-64,44.29,Loan originated
1,595000.0,48,815000.0,245.0,1,White,Joint,55-64,74.0,Loan originated
1,465000.0,43,495000.0,127.0,1,Black or African American,Female,35-44,95.0,Loan originated
1,1005000.0,20%-<30%,1745000.0,384.0,1,White,Joint,25-34,57.23,Loan originated
1,565000.0,38,575000.0,229.0,1,Black or African American,Joint,35-44,97.0,Loan originated
1,365000.0,45,385000.0,77.0,1,Hispanic or Latino,Male,25-34,95.0,Loan originated
1,575000.0,43,715000.0,150.0,1,White,Male,35-44,80.0,Loan originated
1,425000.0,30%-<36%,465000.0,142.0,1,Asian,Joint,35-44,89.99,Loan originated
1,1055000.0,49,1505000.0,306.0,1,White,Joint,35-44,70.0,Loan originated
1,405000.0,>60%,505000.0,39.0,1,Asian,Male,<25,80.0,Application denied
1,685000.0,20%-<30%,855000.0,1198.0,1,White,Joint,25-34,80.0,Loan originated
1,425000.0,30%-<36%,435000.0,147.0,1,Hispanic or Latino,Joint,45-54,96.9,Loan originated
1,595000.0,49,625000.0,115.0,1,Asian,Female,25-34,94.29,Loan originated
1,355000.0,30%-<36%,375000.0,184.0,1,White,Joint,25-34,95.0,Loan originated
1,555000.0,49,585000.0,155.0,1,Hispanic or Latino,Joint,25-34,95.0,Loan originated
1,735000.0,48,805000.0,141.0,1,Asian,Joint,45-54,91.59,Loan originated
1,1085000.0,43,1355000.0,397.0,1,White,Female,25-34,80.0,Loan originated
1,755000.0,44,795000.0,240.0,1,Asian,Joint,25-34,95.0,Loan originated
1,995000.0,48,1525000.0,302.0,1,Asian,Female,25-34,64.99,Loan originated
1,295000.0,38,355000.0,72.0,1,Hispanic or Latino,Female,25-34,84.86,Loan originated
1,585000.0,49,665000.0,127.0,1,Hispanic or Latino,Male,45-54,88.0,Loan originated
1,865000.0,38,1075000.0,411.0,1,White,Female,45-54,80.0,Loan originated
1,585000.0,43,695000.0,191.0,1,White,Male,35-44,85.0,Loan originated
1,615000.0,42,775000.0,168.0,1,Asian,Male,35-44,80.0,Loan originated
1,505000.0,50%-60%,2245000.0,160.0,1,White,Joint,45-54,22.285,Loan originated
1,875000.0,42,1095000.0,297.0,1,Asian,Male,35-44,80.0,Loan originated
1,495000.0,37,595000.0,142.0,1,Hispanic or Latino,Male,25-34,103.193,Loan originated
1,705000.0,>60%,1045000.0,92.0,1,Asian,Joint,65-74,67.327,Application denied
1,585000.0,46,875000.0,129.0,1,White,Joint,25-34,66.857,Loan originated
1,715000.0,>60%,895000.0,88.0,1,White,Joint,25-34,80.0,Application denied
1,245000.0,49,275000.0,89.0,1,Hispanic or Latino,Male,45-54,90.0,Loan originated
1,605000.0,20%-<30%,1255000.0,334.0,1,White,Joint,45-54,48.0,Loan originated
1,1115000.0,46,1175000.0,336.0,1,Hispanic or Latino,Joint,45-54,95.0,Loan originated
1,665000.0,47,835000.0,150.0,1,Hispanic or Latino,Male,25-34,80.0,Loan originated
1,805000.0,44,1005000.0,199.0,1,Hispanic or Latino,Male,25-34,80.0,Loan originated
1,295000.0,47,455000.0,79.0,1,White,Female,45-54,101.778,Loan originated
1,585000.0,45,835000.0,237.0,1,Asian,Joint,25-34,70.0,Loan originated
1,335000.0,30%-<36%,425000.0,142.0,1,White,Female,25-34,80.0,Loan originated
1,545000.0,20%-<30%,1345000.0,304.0,1,Asian,Male,55-64,40.516,Loan originated
1,155000.0,42,645000.0,59.0,1,White,Female,<25,23.148,Loan originated
1,585000.0,30%-<36%,935000.0,217.0,1,White,Female,25-34,62.366,Loan originated
1,325000.0,37,455000.0,99.0,1,White,Female,35-44,72.222,Loan originated
1,735000.0,47,755000.0,218.0,1,Hispanic or Latino,Joint,25-34,97.0,Loan originated
1,535000.0,45,665000.0,167.0,1,White,Female,65-74,80.0,Loan originated
1,765000.0,49,855000.0,179.0,1,Asian,Joint,45-54,89.65,Loan originated
1,675000.0,42,845000.0,258.0,1,Asian,Joint,25-34,80.0,Loan originated
1,565000.0,46,715000.0,132.0,1,White,Joint,25-34,80.0,Loan originated
1,1005000.0,43,1535000.0,233.0,1,Asian,Joint,25-34,65.36,Loan originated
1,585000.0,44,735000.0,124.0,1,White,Joint,<25,80.0,Loan originated
1,715000.0,37,1715000.0,253.0,1,Asian,Male,45-54,41.691,Loan originated
1,945000.0,30%-<36%,1175000.0,281.0,1,Asian,Joint,25-34,80.0,Loan originated
1,315000.0,42,455000.0,213.0,1,White,Female,>74,70.0,Application denied
1,285000.0,48,355000.0,71.0,1,Asian,Joint,45-54,80.0,Application denied
1,1005000.0,20%-<30%,1875000.0,410.0,1,Asian,Male,35-44,53.28,Loan originated
1,545000.0,49,775000.0,156.0,1,Asian,Male,25-34,70.0,Loan originated
1,235000.0,38,295000.0,248.0,1,White,Joint,25-34,80.0,Loan originated
1,395000.0,49,425000.0,78.0,1,White,Male,25-34,91.765,Loan originated
1,525000.0,30%-<36%,935000.0,165.0,1,Hispanic or Latino,Male,35-44,56.559,Loan originated
1,455000.0,30%-<36%,705000.0,208.0,1,White,Joint,25-34,65.0,Loan originated
1,305000.0,36,385000.0,104.0,1,Asian,Joint,35-44,80.0,Loan originated
1,825000.0,40,925000.0,212.0,1,Hispanic or Latino,Male,45-54,89.1,Loan originated
1,405000.0,37,1225000.0,125.0,1,Other,Female,45-54,32.66,Loan originated
1,555000.0,47,695000.0,195.0,1,Asian,Male,25-34,80.0,Loan originated
1,865000.0,40,985000.0,222.0,1,Asian,Joint,25-34,91.0,Loan originated
1,405000.0,43,575000.0,126.0,1,Asian,Female,45-54,70.0,Loan originated
1,615000.0,49,635000.0,163.0,1,Black or African American,Joint,25-34,97.0,Loan originated
1,925000.0,42,1355000.0,219.0,1,White,Male,45-54,68.52,Loan originated
1,325000.0,42,575000.0,93.0,1,Asian,Joint,35-44,56.522,Loan originated
1,445000.0,20%-<30%,595000.0,248.0,1,White,Joint,25-34,75.0,Loan originated
1,965000.0,20%-<30%,1205000.0,359.0,1,Asian,Joint,35-44,80.0,Loan originated
1,145000.0,49,295000.0,74.0,1,White,Female,25-34,48.0,Loan originated
1,705000.0,42,885000.0,194.0,1,White,Male,25-34,80.0,Loan originated
1,475000.0,48,595000.0,143.0,1,White,Male,65-74,80.0,Loan originated
1,545000.0,48,575000.0,136.0,1,White,Male,55-64,95.0,Loan originated
1,215000.0,44,245000.0,55.0,1,White,Male,35-44,87.619,Loan originated
1,885000.0,47,985000.0,188.0,1,Hispanic or Latino,Male,25-34,90.0,Loan originated
1,305000.0,49,335000.0,69.0,1,Hispanic or Latino,Male,55-64,90.0,Loan originated
1,425000.0,43,715000.0,173.0,1,White,Joint,45-54,59.999,Loan originated
1,315000.0,43,335000.0,129.0,1,White,Joint,25-34,95.0,Loan originated
1,815000.0,48,1525000.0,219.0,1,White,Joint,45-54,53.443,Loan originated
1,465000.0,38,525000.0,146.0,1,Hispanic or Latino,Female,35-44,90.0,Loan originated
1,765000.0,49,955000.0,460.0,1,White,Joint,35-44,80.0,Loan originated
1,965000.0,39,1045000.0,329.0,1,White,Joint,35-44,93.0,Loan originated
1,765000.0,41,815000.0,244.0,1,White,Female,35-44,94.63,Loan originated
1,615000.0,>60%,765000.0,33.0,1,Hispanic or Latino,Male,35-44,80.0,Application denied
1,265000.0,46,615000.0,228.0,1,White,Joint,65-74,43.44,Loan originated
1,495000.0,49,555000.0,116.0,1,Hispanic or Latino,Female,25-34,90.0,Loan originated
1,605000.0,30%-<36%,885000.0,173.0,1,Asian,Male,35-44,67.8,Loan originated
1,765000.0,20%-<30%,2005000.0,432.0,1,Asian,Joint,25-34,39.0,Loan originated
1,595000.0,30%-<36%,745000.0,177.0,1,Asian,Joint,35-44,80.0,Loan originated
1,495000.0,30%-<36%,545000.0,163.0,1,White,Joint,25-34,90.59,Loan originated
1,525000.0,44,1295000.0,133.0,1,White,Female,65-74,40.541,Loan originated
1,275000.0,48,295000.0,67.0,1,Asian,Female,35-44,95.0,Loan originated
1,245000.0,47,455000.0,66.0,1,Asian,Female,25-34,53.215,Loan originated
1,1115000.0,20%-<30%,1395000.0,467.0,1,White,Male,55-64,80.0,Loan originated
1,1005000.0,46,1505000.0,212.0,1,Hispanic or Latino,Joint,25-34,67.083,Loan originated
1,285000.0,30%-<36%,325000.0,105.0,1,Hispanic or Latino,Male,25-34,90.0,Loan originated
1,495000.0,45,555000.0,144.0,1,Asian,Female,35-44,90.0,Loan originated
1,325000.0,47,405000.0,95.0,1,Black or African American,Female,35-44,80.0,Loan originated
1,655000.0,30%-<36%,2015000.0,351.0,1,White,Male,25-34,33.0,Loan originated
1,825000.0,>60%,1105000.0,109.0,1,Asian,Joint,>74,75.0,Loan originated
1,495000.0,46,555000.0,148.0,1,Black or African American,Female,45-54,90.0,Loan originated
1,1145000.0,30%-<36%,1435000.0,417.0,1,White,Male,45-54,80.0,Loan originated
1,715000.0,40,895000.0,248.0,1,Asian,Male,25-34,80.0,Loan originated
1,645000.0,42,665000.0,144.0,1,Asian,Male,25-34,100.0,Loan originated
1,985000.0,30%-<36%,1225000.0,310.0,1,Asian,Joint,35-44,91.969,Loan originated
1,245000.0,42,265000.0,119.0,1,White,Male,55-64,95.0,Loan originated
1,875000.0,47,925000.0,226.0,1,Black or African American,Joint,35-44,95.0,Loan originated
1,525000.0,47,795000.0,145.0,1,White,Male,45-54,65.837,Loan originated
1,125000.0,42,325000.0,86.0,1,White,Female,55-64,38.706,Loan originated
1,15000.0,44,485000.0,138.0,1,Hispanic or Latino,Joint,25-34,100.0,Loan originated
1,635000.0,43,845000.0,158.0,1,Hispanic or Latino,Female,35-44,75.0,Loan originated
1,575000.0,41,585000.0,135.0,1,Hispanic or Latino,Female,25-34,97.449,Loan originated
1,475000.0,37,505000.0,137.0,1,Asian,Male,25-34,95.0,Application denied
1,645000.0,20%-<30%,805000.0,245.0,1,Asian,Female,25-34,80.0,Loan originated
1,585000.0,44,625000.0,133.0,1,White,Female,55-64,95.0,Loan originated
1,225000.0,44,235000.0,120.0,1,Hispanic or Latino,Joint,<25,95.0,Application denied
1,515000.0,37,645000.0,168.0,1,White,Joint,25-34,80.0,Loan originated
1,705000.0,39,875000.0,196.0,1,White,Joint,25-34,80.0,Loan originated
1,275000.0,49,395000.0,65.0,1,Asian,Female,45-54,69.231,Loan originated
1,555000.0,45,585000.0,185.0,1,Asian,Joint,45-54,95.0,Loan originated
1,515000.0,<20%,645000.0,474.0,1,White,Female,35-44,80.0,Loan originated
1,445000.0,30%-<36%,705000.0,169.0,1,Asian,Male,35-44,62.857,Loan originated
1,655000.0,36,875000.0,179.0,1,Asian,Male,25-34,75.0,Loan originated
1,735000.0,40,875000.0,211.0,1,Hispanic or Latino,Female,25-34,85.0,Loan originated
1,385000.0,20%-<30%,475000.0,178.0,1,Other,Female,65-74,80.0,Loan originated
1,935000.0,39,1005000.0,260.0,1,Hispanic or Latino,Male,45-54,93.0,Loan originated
1,455000.0,30%-<36%,685000.0,153.0,1,Hispanic or Latino,Female,45-54,67.009,Loan originated
1,295000.0,20%-<30%,575000.0,155.0,1,White,Male,25-34,51.304,Loan originated
1,705000.0,41,875000.0,310.0,1,Hispanic or Latino,Male,45-54,80.0,Loan originated
1,855000.0,50%-60%,895000.0,224.0,1,Hispanic or Latino,Joint,25-34,95.0,Application denied
1,525000.0,<20%,675000.0,606.0,1,White,Male,45-54,80.0,Loan originated
1,765000.0,30%-<36%,1065000.0,253.0,1,Hispanic or Latino,Joint,25-34,72.0,Loan originated
1,1055000.0,44,1685000.0,268.0,1,Asian,Joint,35-44,62.32,Loan originated
1,245000.0,44,255000.0,65.0,1,White,Male,<25,98.0,Loan originated
1,605000.0,43,905000.0,198.0,1,White,Joint,55-64,66.667,Loan originated
1,525000.0,44,555000.0,130.0,1,White,Male,25-34,95.0,Loan originated
1,335000.0,46,495000.0,82.0,1,Asian,Female,35-44,67.404,Loan originated
1,615000.0,48,765000.0,125.0,1,Asian,Male,<25,80.0,Loan originated
1,685000.0,37,915000.0,196.0,1,Asian,Joint,35-44,75.0,Loan originated
1,175000.0,47,425000.0,43.0,1,White,Joint,55-64,42.0,Loan originated
1,445000.0,43,775000.0,144.0,1,Asian,Male,25-34,57.419,Loan originated
1,405000.0,38,455000.0,122.0,1,White,Joint,25-34,90.0,Loan originated
1,655000.0,49,825000.0,130.0,1,Black or African American,Male,25-34,78.788,Loan originated
1,95000.0,20%-<30%,125000.0,76.0,1,Asian,Male,45-54,79.27,Loan originated
1,1005000.0,<20%,1255000.0,686.0,1,White,Female,35-44,80.0,Loan originated
1,625000.0,38,775000.0,152.0,1,White,Male,45-54,80.0,Loan originated
1,485000.0,41,605000.0,160.0,1,Asian,Male,35-44,80.0,Loan originated
1,605000.0,39,1525000.0,266.0,1,Asian,Joint,45-54,39.28,Loan originated
1,355000.0,44,505000.0,97.0,1,White,Female,55-64,70.0,Loan originated
1,385000.0,20%-<30%,405000.0,139.0,1,White,Joint,25-34,97.0,Loan originated
1,905000.0,20%-<30%,1575000.0,319.0,1,Asian,Joint,45-54,57.31,Loan originated
1,735000.0,44,775000.0,163.0,1,Hispanic or Latino,Joint,35-44,95.0,Loan originated
1,725000.0,47,1245000.0,167.0,1,Asian,Male,25-34,58.159,Loan originated
1,275000.0,50%-60%,285000.0,85.0,1,Hispanic or Latino,Male,45-54,96.62,Application denied
1,1035000.0,42,1285000.0,255.0,1,Asian,Male,45-54,80.0,Loan originated
1,505000.0,39,795000.0,150.0,1,Hispanic or Latino,Male,35-44,62.893,Loan originated
1,435000.0,30%-<36%,545000.0,187.0,1,Hispanic or Latino,Male,45-54,80.0,Loan originated
1,755000.0,49,1085000.0,173.0,1,Hispanic or Latino,Joint,35-44,70.0,Loan originated
1,645000.0,45,805000.0,138.0,1,White,Joint,25-34,80.0,Loan originated
1,385000.0,49,485000.0,112.0,1,White,Female,45-54,80.0,Loan originated
1,155000.0,20%-<30%,715000.0,108.0,1,Asian,Female,55-64,22.0,Loan originated
1,295000.0,30%-<36%,295000.0,115.0,1,White,Female,55-64,100.88,Loan originated
1,205000.0,20%-<30%,485000.0,108.0,1,Hispanic or Latino,Male,35-44,41.24,Application denied
1,635000.0,37,795000.0,182.0,1,Asian,Female,35-44,80.0,Loan originated
1,605000.0,39,755000.0,468.0,1,White,Female,55-64,80.0,Loan originated
1,415000.0,30%-<36%,515000.0,747.0,1,Asian,Joint,45-54,80.0,Loan originated
1,595000.0,43,625000.0,160.0,1,Hispanic or Latino,Joint,45-54,95.0,Loan originated
1,465000.0,47,545000.0,149.0,1,Hispanic or Latino,Male,35-44,85.0,Loan originated
1,615000.0,49,775000.0,195.0,1,Hispanic or Latino,Male,25-34,80.0,Loan originated
1,615000.0,49,645000.0,141.0,1,White,Female,35-44,95.0,Loan originated
1,635000.0,48,1305000.0,199.0,1,White,Joint,45-54,87.0,Loan originated
1,875000.0,40,1455000.0,212.0,1,Asian,Male,35-44,60.0,Loan originated
1,525000.0,50%-60%,545000.0,102.0,1,White,Male,25-34,97.0,Application denied
1,355000.0,49,635000.0,72.0,1,Hispanic or Latino,Male,25-34,55.276,Loan originated
1,695000.0,<20%,925000.0,1700.0,1,Hispanic or Latino,Male,45-54,75.0,Loan originated
1,525000.0,46,995000.0,139.0,1,White,Female,55-64,52.716,Loan originated
1,655000.0,46,875000.0,166.0,1,White,Female,35-44,75.0,Loan originated
1,515000.0,43,535000.0,124.0,1,White,Female,55-64,95.0,Loan originated
1,555000.0,43,625000.0,134.0,1,Hispanic or Latino,Male,35-44,90.0,Loan originated
1,905000.0,30%-<36%,1605000.0,508.0,1,Asian,Male,45-54,59.77,Application denied
1,455000.0,49,565000.0,94.0,1,Hispanic or Latino,Male,35-44,80.0,Loan originated
1,415000.0,42,485000.0,160.0,1,Black or African American,Female,55-64,84.481,Application denied
1,335000.0,42,425000.0,94.0,1,White,Joint,45-54,80.0,Loan originated
1,515000.0,41,645000.0,144.0,1,Asian,Joint,35-44,80.0,Loan originated
1,715000.0,30%-<36%,955000.0,237.0,1,Hispanic or Latino,Male,25-34,75.0,Loan originated
1,895000.0,44,945000.0,236.0,1,White,Male,35-44,95.0,Loan originated
1,345000.0,46,365000.0,96.0,1,Hispanic or Latino,Male,25-34,97.0,Loan originated
1,155000.0,49,385000.0,70.0,1,Hispanic or Latino,Male,35-44,40.38,Loan originated
1,405000.0,20%-<30%,605000.0,220.0,1,Hispanic or Latino,Joint,35-44,67.093,Loan originated
1,405000.0,48,1205000.0,195.0,1,White,Joint,45-54,34.0,Application denied
1,725000.0,43,925000.0,209.0,1,White,Joint,35-44,78.935,Loan originated
1,565000.0,38,815000.0,167.0,1,Hispanic or Latino,Joint,45-54,69.4,Loan originated
1,375000.0,41,625000.0,141.0,1,Asian,Male,25-34,59.727,Loan originated
1,365000.0,49,385000.0,69.0,1,Black or African American,Male,55-64,100.0,Loan originated
1,765000.0,45,1055000.0,177.0,1,White,Male,25-34,72.95,Loan originated
1,335000.0,36,575000.0,112.0,1,Hispanic or Latino,Joint,55-64,58.0,Loan originated
1,465000.0,44,475000.0,48.0,1,Hispanic or Latino,Joint,25-34,95.0,Application denied
1,395000.0,30%-<36%,525000.0,135.0,1,Asian,Female,45-54,74.86,Loan originated
1,345000.0,49,865000.0,81.0,1,Asian,Joint,45-54,40.121,Loan originated
1,305000.0,20%-<30%,595000.0,131.0,1,White,Male,35-44,50.083,Loan originated
1,355000.0,45,435000.0,125.0,1,Asian,Joint,25-34,80.0,Loan originated
1,675000.0,49,845000.0,222.0,1,White,Joint,35-44,80.0,Loan originated
1,425000.0,41,535000.0,130.0,1,White,Male,35-44,80.0,Loan originated
1,415000.0,49,525000.0,98.0,1,Hispanic or Latino,Male,35-44,80.0,Loan originated
1,495000.0,49,685000.0,106.0,1,White,Joint,35-44,72.273,Loan originated
1,445000.0,45,595000.0,90.0,1,White,Female,<25,75.0,Loan originated
1,335000.0,45,735000.0,157.0,1,White,Joint,65-74,45.205,Loan originated
1,545000.0,39,565000.0,236.0,1,Hispanic or Latino,Joint,35-44,95.0,Loan originated
1,215000.0,50%-60%,235000.0,80.0,1,Hispanic or Latino,Female,35-44,95.0,Application denied
1,355000.0,45,945000.0,135.0,1,White,Joint,35-44,37.87,Loan originated
1,235000.0,30%-<36%,255000.0,104.0,1,Hispanic or Latino,Male,45-54,95.0,Loan originated
1,245000.0,48,315000.0,55.0,1,White,Female,65-74,80.0,Loan originated
1,335000.0,46,355000.0,101.0,1,Hispanic or Latino,Female,35-44,95.0,Loan originated
1,615000.0,50%-60%,615000.0,136.0,1,Hispanic or Latino,Joint,35-44,100.0,Application denied
1,425000.0,44,445000.0,174.0,1,Hispanic or Latino,Female,35-44,95.0,Loan originated
1,245000.0,30%-<36%,255000.0,160.0,1,Hispanic or Latino,Male,35-44,95.0,Loan originated
1,195000.0,48,1845000.0,95.0,1,Asian,Joint,55-64,10.38,Loan originated
1,475000.0,30%-<36%,545000.0,160.0,1,Asian,Joint,25-34,89.0,Application denied
1,155000.0,30%-<36%,455000.0,82.0,1,Asian,Female,25-34,32.82,Loan originated
1,805000.0,39,895000.0,205.0,1,White,Male,35-44,90.0,Loan originated
1,535000.0,36,575000.0,167.0,1,Asian,Male,35-44,95.0,Loan originated
1,575000.0,47,765000.0,120.0,1,Asian,Male,35-44,75.0,Loan originated
1,765000.0,30%-<36%,875000.0,250.0,1,Asian,Joint,45-54,87.43,Loan originated
1,1005000.0,45,1065000.0,315.0,1,Asian,Male,45-54,94.906,Loan originated
1,615000.0,44,695000.0,160.0,1,Other,Male,35-44,87.27,Loan originated
1,545000.0,46,575000.0,135.0,1,Hispanic or Latino,Joint,25-34,95.0,Loan originated
1,705000.0,38,1605000.0,447.0,1,White,Male,45-54,43.75,Application denied
1,655000.0,42,825000.0,158.0,1,White,Female,35-44,80.0,Loan originated
1,565000.0,49,685000.0,199.0,1,Hispanic or Latino,Joint,25-34,82.57,Loan originated
1,645000.0,49,665000.0,159.0,1,Hispanic or Latino,Joint,25-34,97.0,Loan originated
1,805000.0,30%-<36%,1255000.0,359.0,1,Asian,Male,25-34,63.95,Loan originated
1,405000.0,40,425000.0,130.0,1,Hispanic or Latino,Joint,25-34,95.0,Loan originated
1,505000.0,43,525000.0,117.0,1,Hispanic or Latino,Male,25-34,94.896,Loan originated
1,615000.0,42,695000.0,233.0,1,White,Joint,55-64,88.56,Loan originated
1,445000.0,37,555000.0,166.0,1,Hispanic or Latino,Joint,55-64,80.0,Loan originated
1,625000.0,49,745000.0,155.0,1,Asian,Joint,25-34,85.0,Loan originated
1,335000.0,47,425000.0,77.0,1,White,Male,25-34,80.0,Application denied
1,495000.0,40,825000.0,149.0,1,White,Male,35-44,60.0,Loan originated
1,605000.0,20%-<30%,925000.0,268.0,1,Asian,Female,45-54,65.217,Loan originated
1,605000.0,30%-<36%,675000.0,226.0,1,Black or African American,Female,45-54,90.0,Loan originated
1,335000.0,39,425000.0,81.0,1,Hispanic or Latino,Female,55-64,80.0,Loan originated
1,635000.0,39,715000.0,261.0,1,White,Female,25-34,90.0,Loan originated
1,605000.0,38,1195000.0,206.0,1,White,Joint,65-74,52.174,Loan originated
1,225000.0,41,235000.0,56.0,1,Hispanic or Latino,Female,25-34,97.0,Loan originated
1,235000.0,49,355000.0,53.0,1,White,Male,55-64,68.0,Loan originated
1,805000.0,44,955000.0,188.0,1,White,Male,35-44,85.0,Loan originated
1,355000.0,30%-<36%,685000.0,145.0,1,White,Female,25-34,51.471,Loan originated
1,715000.0,37,955000.0,160.0,1,Asian,Male,25-34,75.0,Loan originated
1,835000.0,45,1195000.0,553.0,1,Asian,Joint,65-74,70.0,Loan originated
1,495000.0,30%-<36%,765000.0,139.0,1,Asian,Female,45-54,64.575,Loan originated
1,475000.0,42,595000.0,120.0,1,Asian,Joint,25-34,80.0,Loan originated
1,835000.0,49,885000.0,155.0,1,Asian,Male,35-44,94.818,Loan originated
1,585000.0,45,835000.0,147.0,1,Asian,Male,35-44,70.0,Loan originated
1,1045000.0,43,1105000.0,274.0,1,Asian,Male,35-44,95.0,Loan originated
1,795000.0,48,985000.0,186.0,1,White,Joint,25-34,80.0,Loan originated
1,705000.0,46,1005000.0,303.0,1,White,Joint,25-34,70.0,Loan originated
1,525000.0,41,655000.0,150.0,1,White,Joint,25-34,80.0,Loan originated
1,545000.0,20%-<30%,1345000.0,265.0,1,Hispanic or Latino,Male,45-54,40.52,Loan originated
1,95000.0,20%-<30%,105000.0,184.0,1,White,Joint,>74,95.0,Loan originated
1,405000.0,47,445000.0,81.0,1,White,Male,<25,89.888,Loan originated
1,555000.0,30%-<36%,695000.0,166.0,1,White,Joint,25-34,80.0,Loan originated
1,805000.0,38,1155000.0,202.0,1,Asian,Male,35-44,69.06,Loan originated
1,305000.0,38,385000.0,346.0,1,Asian,Female,25-34,80.0,Loan originated
1,135000.0,20%-<30%,165000.0,108.0,1,Hispanic or Latino,Male,35-44,80.0,Loan originated
1,765000.0,46,1055000.0,244.0,1,Asian,Male,35-44,73.005,Loan originated
1,685000.0,49,915000.0,135.0,1,White,Male,35-44,75.0,Loan originated
1,535000.0,30%-<36%,1735000.0,362.0,1,Asian,Male,25-34,31.0,Loan originated
1,455000.0,30%-<36%,575000.0,185.0,1,White,Joint,35-44,80.0,Loan originated
1,245000.0,47,555000.0,53.0,1,White,Joint,25-34,44.341,Loan originated
1,345000.0,30%-<36%,445000.0,128.0,1,White,Female,25-34,78.0,Loan originated
1,685000.0,>60%,725000.0,98.0,1,White,Joint,35-44,95.0,Loan originated
1,355000.0,50%-60%,445000.0,159.0,1,Hispanic or Latino,Male,45-54,80.0,Application denied
1,625000.0,41,785000.0,476.0,1,White,Female,55-64,80.0,Loan originated
1,515000.0,40,535000.0,141.0,1,White,Joint,25-34,100.0,Loan originated
1,465000.0,40,675000.0,136.0,1,Asian,Male,25-34,69.988,Loan originated
1,765000.0,47,905000.0,199.0,1,White,Female,25-34,85.0,Loan originated
1,265000.0,47,285000.0,69.0,1,Hispanic or Latino,Female,35-44,93.617,Loan originated
1,615000.0,37,765000.0,180.0,1,Asian,Male,35-44,80.0,Loan originated
1,855000.0,48,1065000.0,296.0,1,Asian,Female,35-44,80.0,Loan originated
1,505000.0,36,625000.0,130.0,1,Hispanic or Latino,Male,35-44,80.0,Loan originated
1,485000.0,49,515000.0,120.0,1,Asian,Male,25-34,95.0,Loan originated
1,695000.0,43,1385000.0,296.0,1,White,Male,>74,50.0,Loan originated
1,765000.0,39,1015000.0,207.0,1,White,Joint,25-34,75.0,Loan originated
1,205000.0,42,1485000.0,75.0,1,White,Joint,65-74,13.805,Loan originated
1,745000.0,43,785000.0,164.0,1,Hispanic or Latino,Female,55-64,95.0,Loan originated
1,305000.0,30%-<36%,415000.0,101.0,1,White,Joint,35-44,72.289,Loan originated
1,235000.0,30%-<36%,315000.0,135.0,1,Hispanic or Latino,Joint,35-44,95.0,Loan originated
1,455000.0,40,565000.0,107.0,1,Hispanic or Latino,Female,25-34,80.0,Loan originated
1,705000.0,42,885000.0,154.0,1,Asian,Joint,35-44,80.0,Loan originated
1,685000.0,43,765000.0,195.0,1,Hispanic or Latino,Joint,55-64,90.0,Loan originated
1,215000.0,37,445000.0,81.0,1,White,Female,55-64,46.771,Loan originated
1,375000.0,43,415000.0,168.0,1,Hispanic or Latino,Joint,55-64,90.0,Loan originated
1,345000.0,45,465000.0,90.0,1,White,Male,25-34,75.0,Loan originated
1,595000.0,42,745000.0,228.0,1,Hispanic or Latino,Male,25-34,80.0,Loan originated
1,445000.0,37,645000.0,149.0,1,White,Joint,65-74,68.75,Loan originated
1,585000.0,44,625000.0,160.0,1,White,Joint,35-44,95.0,Loan originated
1,1115000.0,38,2225000.0,350.0,1,White,Joint,25-34,50.0,Loan originated
1,635000.0,41,795000.0,147.0,1,Asian,Male,25-34,80.0,Loan originated
1,445000.0,30%-<36%,555000.0,147.0,1,Black or African American,Male,25-34,80.0,Loan originated
1,655000.0,40,1555000.0,186.0,1,Asian,Male,25-34,43.0,Loan originated
1,535000.0,40,665000.0,156.0,1,White,Joint,25-34,80.0,Loan originated
1,415000.0,20%-<30%,465000.0,180.0,1,White,Male,25-34,90.0,Application denied
1,295000.0,30%-<36%,595000.0,116.0,1,White,Joint,65-74,49.153,Loan originated
1,355000.0,45,415000.0,94.0,1,White,Male,45-54,85.0,Loan originated
1,355000.0,30%-<36%,365000.0,99.0,1,Asian,Male,35-44,95.0,Loan originated
1,455000.0,49,1005000.0,185.0,1,Asian,Joint,25-34,44.955,Loan originated
1,615000.0,40,645000.0,196.0,1,White,Female,35-44,95.0,Loan originated
1,745000.0,47,785000.0,163.0,1,Hispanic or Latino,Joint,25-34,95.0,Loan originated
1,105000.0,42,145000.0,52.0,1,Hispanic or Latino,Male,45-54,75.0,Loan originated
1,335000.0,30%-<36%,415000.0,222.0,1,Black or African American,Joint,55-64,80.0,Loan originated
1,565000.0,40,815000.0,159.0,1,Asian,Joint,35-44,69.34,Loan originated
1,225000.0,41,725000.0,73.0,1,Hispanic or Latino,Female,25-34,31.319,Loan originated
1,365000.0,42,375000.0,81.0,1,White,Joint,25-34,97.0,Loan originated
1,495000.0,46,755000.0,104.0,1,White,Joint,55-64,65.333,Loan originated
1,1055000.0,36,1165000.0,311.0,1,Asian,Joint,25-34,90.0,Loan originated
1,435000.0,50%-60%,545000.0,98.0,1,Asian,Female,25-34,80.0,Application denied
1,395000.0,20%-<30%,415000.0,216.0,1,White,Male,35-44,95.0,Loan originated
1,675000.0,30%-<36%,905000.0,411.0,1,White,Female,25-34,75.0,Loan originated
1,765000.0,43,975000.0,206.0,1,Hispanic or Latino,Joint,35-44,79.03,Loan originated
1,885000.0,49,1285000.0,399.0,1,Asian,Female,35-44,68.75,Loan originated
1,365000.0,36,525000.0,122.0,1,White,Female,35-44,70.0,Loan originated
1,455000.0,30%-<36%,475000.0,145.0,1,White,Male,25-34,100.0,Loan originated
1,1505000.0,42,1885000.0,547.0,1,White,Joint,35-44,80.0,Loan originated
1,895000.0,47,1245000.0,190.0,1,Asian,Male,35-44,71.774,Loan originated
1,85000.0,30%-<36%,125000.0,98.0,1,White,Joint,65-74,70.83,Loan originated
1,315000.0,38,615000.0,111.0,1,Hispanic or Latino,Female,45-54,51.608,Loan originated
1,525000.0,44,805000.0,127.0,1,White,Joint,55-64,65.31,Loan originated
1,335000.0,46,345000.0,86.0,1,Hispanic or Latino,Male,35-44,97.0,Loan originated
1,425000.0,30%-<36%,505000.0,133.0,1,White,Female,35-44,85.0,Loan originated
1,695000.0,44,775000.0,160.0,1,Hispanic or Latino,Joint,25-34,90.0,Loan originated
1,225000.0,44,235000.0,58.0,1,Hispanic or Latino,Female,35-44,97.0,Loan originated
1,315000.0,20%-<30%,785000.0,178.0,1,Asian,Male,55-64,40.0,Loan originated
1,185000.0,30%-<36%,885000.0,80.0,1,Hispanic or Latino,Male,45-54,21.26,Loan originated
1,625000.0,46,655000.0,285.0,1,White,Joint,35-44,95.0,Loan originated
1,345000.0,41,645000.0,96.0,1,Asian,Male,25-34,53.91,Loan originated
1,375000.0,49,395000.0,98.0,1,Hispanic or Latino,Female,45-54,95.0,Loan originated
1,305000.0,40,335000.0,126.0,1,White,Male,65-74,90.0,Loan originated
1,335000.0,30%-<36%,1565000.0,163.0,1,Asian,Joint,45-54,21.154,Loan originated
1,965000.0,49,1205000.0,291.0,1,White,Male,45-54,80.0,Application denied
1,1495000.0,49,1985000.0,676.0,1,Asian,Joint,35-44,75.0,Loan originated
1,405000.0,37,545000.0,152.0,1,Asian,Joint,25-34,74.862,Loan originated
1,535000.0,47,565000.0,155.0,1,Hispanic or Latino,Male,25-34,95.0,Loan originated
1,205000.0,20%-<30%,585000.0,117.0,1,White,Female,35-44,34.188,Loan originated
1,815000.0,38,1365000.0,236.0,1,White,Joint,35-44,60.0,Loan originated
1,785000.0,39,1055000.0,240.0,1,White,Joint,55-64,75.0,Loan originated
1,365000.0,40,495000.0,86.0,1,Asian,Male,25-34,75.0,Loan originated
1,395000.0,20%-<30%,625000.0,184.0,1,Asian,Joint,35-44,62.59,Loan originated
1,285000.0,36,455000.0,105.0,1,Asian,Joint,35-44,68.761,Loan originated
1,885000.0,46,1225000.0,208.0,1,Asian,Male,45-54,71.84,Loan originated
1,285000.0,49,405000.0,77.0,1,White,Male,65-74,71.25,Loan originated
1,565000.0,44,815000.0,133.0,1,Asian,Female,35-44,70.0,Loan originated
1,335000.0,40,905000.0,87.0,1,White,Joint,65-74,38.0,Loan originated
1,445000.0,30%-<36%,645000.0,161.0,1,White,Male,25-34,68.992,Loan originated
1,455000.0,45,645000.0,253.0,1,White,Joint,55-64,70.0,Loan originated
1,185000.0,43,635000.0,81.0,1,White,Female,>74,28.346,Loan originated
1,375000.0,38,465000.0,99.0,1,White,Female,25-34,79.992,Loan originated
1,395000.0,20%-<30%,485000.0,172.0,1,Hispanic or Latino,Male,45-54,80.0,Loan originated
1,915000.0,44,965000.0,356.0,1,Asian,Joint,35-44,95.0,Loan originated
1,805000.0,47,1275000.0,171.0,1,Asian,Female,55-64,62.5,Loan originated
1,845000.0,30%-<36%,845000.0,433.0,1,Hispanic or Latino,Male,35-44,100.0,Loan originated
1,535000.0,44,555000.0,129.0,1,Hispanic or Latino,Male,25-34,95.781,Loan originated
1,265000.0,30%-<36%,275000.0,88.0,1,White,Male,25-34,95.0,Loan originated
1,655000.0,47,1185000.0,206.0,1,Asian,Male,25-34,56.0,Loan originated
1,625000.0,30%-<36%,895000.0,192.0,1,White,Male,35-44,70.0,Loan originated
1,515000.0,41,535000.0,158.0,1,White,Joint,25-34,97.0,Loan originated
1,455000.0,38,465000.0,145.0,1,Hispanic or Latino,Joint,35-44,97.0,Loan originated
1,715000.0,46,755000.0,156.0,1,Hispanic or Latino,Joint,25-34,95.0,Loan originated
1,475000.0,47,495000.0,141.0,1,Hispanic or Latino,Male,45-54,94.999,Loan originated
1,415000.0,<20%,835000.0,349.0,1,White,Female,35-44,49.398,Loan originated
1,415000.0,49,515000.0,80.0,1,Asian,Male,35-44,80.0,Loan originated
1,825000.0,37,1265000.0,271.0,1,White,Male,45-54,65.0,Loan originated
1,285000.0,42,295000.0,114.0,1,Hispanic or Latino,Joint,<25,99.75,Loan originated
1,945000.0,30%-<36%,1185000.0,318.0,1,Asian,Joint,25-34,80.0,Loan originated
1,715000.0,47,755000.0,189.0,1,Hispanic or Latino,Male,35-44,95.0,Loan originated
1,195000.0,<20%,655000.0,265.0,1,White,Joint,45-54,30.055,Loan originated
1,1105000.0,48,1575000.0,374.0,1,White,Male,45-54,69.841,Loan originated
1,635000.0,38,675000.0,210.0,1,Asian,Male,25-34,95.0,Loan originated
1,205000.0,44,325000.0,60.0,1,White,Joint,25-34,62.5,Loan originated
1,515000.0,41,765000.0,217.0,1,White,Male,45-54,68.0,Loan originated
1,685000.0,50%-60%,855000.0,150.0,1,White,Male,35-44,80.0,Application denied
1,355000.0,44,445000.0,112.0,1,Asian,Female,45-54,80.0,Loan originated
1,795000.0,20%-<30%,1005000.0,333.0,1,Asian,Joint,35-44,79.0,Loan originated
1,515000.0,44,645000.0,135.0,1,Asian,Male,35-44,100.0,Loan originated
1,585000.0,49,765000.0,133.0,1,Hispanic or Latino,Male,25-34,77.0,Loan originated
1,575000.0,30%-<36%,715000.0,202.0,1,Hispanic or Latino,Male,45-54,80.0,Loan originated
1,475000.0,30%-<36%,1115000.0,168.0,1,Asian,Male,35-44,43.0,Loan originated
1,325000.0,43,485000.0,126.0,1,Asian,Female,35-44,67.0,Loan originated
1,605000.0,46,755000.0,129.0,1,White,Female,35-44,80.0,Loan originated
1,415000.0,20%-<30%,525000.0,152.0,1,Hispanic or Latino,Joint,35-44,80.0,Loan originated
1,205000.0,30%-<36%,255000.0,64.0,1,White,Male,25-34,83.0,Loan originated
1,985000.0,48,1225000.0,201.0,1,White,Male,45-54,80.0,Loan originated
1,1005000.0,49,1255000.0,218.0,1,White,Male,35-44,80.0,Loan originated
1,475000.0,49,505000.0,96.0,1,Hispanic or Latino,Joint,25-34,95.0,Loan originated
1,765000.0,30%-<36%,955000.0,274.0,1,Asian,Joint,35-44,79.99,Loan originated
1,735000.0,42,775000.0,174.0,1,White,Male,45-54,95.0,Loan originated
1,1025000.0,39,1205000.0,271.0,1,Asian,Male,35-44,85.0,Loan originated
1,565000.0,<20%,705000.0,288.0,1,White,Male,55-64,80.0,Loan originated
1,155000.0,36,605000.0,82.0,1,White,Joint,35-44,24.79,Application denied
1,605000.0,39,645000.0,148.0,1,White,Joint,25-34,95.0,Loan originated
1,655000.0,47,945000.0,144.0,1,White,Joint,35-44,68.783,Loan originated
1,325000.0,30%-<36%,405000.0,283.0,1,Asian,Joint,35-44,80.0,Loan originated
1,215000.0,36,625000.0,111.0,1,Black or African American,Male,55-64,33.6,Loan originated
1,305000.0,30%-<36%,775000.0,147.0,1,White,Joint,45-54,38.71,Loan originated
1,555000.0,30%-<36%,855000.0,218.0,1,White,Joint,35-44,64.966,Loan originated
1,705000.0,43,765000.0,208.0,1,White,Male,25-34,93.0,Loan originated
1,275000.0,40,375000.0,63.0,1,Hispanic or Latino,Male,45-54,73.51,Loan originated
1,585000.0,38,935000.0,166.0,1,Asian,Joint,25-34,62.567,Loan originated
1,615000.0,47,815000.0,125.0,1,White,Male,35-44,75.0,Loan originated
1,225000.0,37,395000.0,256.0,1,White,Male,35-44,57.286,Loan originated
1,525000.0,48,555000.0,123.0,1,Hispanic or Latino,Female,35-44,95.0,Loan originated
1,565000.0,44,595000.0,249.0,1,White,Joint,65-74,95.0,Loan originated
1,1125000.0,44,1255000.0,295.0,1,Asian,Joint,35-44,89.99,Loan originated
1,385000.0,41,425000.0,115.0,1,Hispanic or Latino,Male,45-54,90.0,Loan originated
1,875000.0,48,1005000.0,230.0,1,Asian,Joint,35-44,88.0,Loan originated
1,265000.0,41,415000.0,68.0,1,White,Joint,65-74,64.0,Loan originated
1,605000.0,38,755000.0,274.0,1,White,Joint,45-54,80.0,Loan originated
1,865000.0,20%-<30%,1075000.0,317.0,1,White,Joint,35-44,80.0,Loan originated
1,765000.0,30%-<36%,805000.0,380.0,1,White,Joint,35-44,95.0,Loan originated
1,155000.0,37,305000.0,77.0,1,Hispanic or Latino,Male,55-64,50.0,Loan originated
1,585000.0,48,785000.0,111.0,1,Hispanic or Latino,Joint,65-74,75.0,Loan originated
1,1005000.0,40,2585000.0,300.0,1,Asian,Male,25-34,38.76,Loan originated
1,15000.0,30%-<36%,545000.0,151.0,1,Hispanic or Latino,Male,25-34,100.0,Loan originated
1,405000.0,30%-<36%,805000.0,119.0,1,White,Joint,35-44,50.0,Loan originated
1,585000.0,48,975000.0,130.0,1,Black or African American,Female,65-74,60.0,Loan originated
1,475000.0,50%-60%,485000.0,70.0,1,Hispanic or Latino,Joint,25-34,97.0,Loan originated
1,485000.0,47,645000.0,139.0,1,Hispanic or Latino,Male,25-34,75.0,Loan originated
1,545000.0,46,605000.0,107.0,1,Hispanic or Latino,Male,35-44,90.0,Loan originated
1,755000.0,39,845000.0,198.0,1,Asian,Joint,25-34,89.91,Loan originated
1,695000.0,49,795000.0,159.0,1,Hispanic or Latino,Female,45-54,87.42,Loan originated
1,405000.0,20%-<30%,425000.0,182.0,1,White,Female,35-44,95.0,Loan originated
1,515000.0,30%-<36%,865000.0,204.0,1,Hispanic or Latino,Joint,35-44,60.0,Loan originated
1,315000.0,47,385000.0,68.0,1,White,Male,<25,80.0,Loan originated
1,845000.0,45,1055000.0,198.0,1,Asian,Joint,25-34,80.0,Loan originated
1,765000.0,20%-<30%,825000.0,512.0,1,White,Female,45-54,92.367,Loan originated
1,885000.0,36,1105000.0,303.0,1,White,Male,35-44,80.0,Loan originated
1,575000.0,45,1025000.0,138.0,1,White,Joint,55-64,56.098,Loan originated
1,565000.0,<20%,715000.0,610.0,1,Black or African American,Joint,<25,80.0,Application denied
1,475000.0,38,675000.0,141.0,1,Asian,Female,35-44,70.292,Loan originated
1,605000.0,37,905000.0,194.0,1,White,Female,35-44,66.851,Loan originated
1,305000.0,49,525000.0,66.0,1,Hispanic or Latino,Female,<25,57.693,Loan originated
1,265000.0,44,485000.0,68.0,1,Hispanic or Latino,Female,55-64,53.799,Loan originated
1,605000.0,47,765000.0,134.0,1,Hispanic or Latino,Joint,35-44,80.0,Loan originated
1,335000.0,39,335000.0,87.0,1,Hispanic or Latino,Male,65-74,100.0,Loan originated
1,125000.0,45,485000.0,55.0,1,White,Joint,65-74,25.934,Loan originated
1,605000.0,20%-<30%,1205000.0,253.0,1,Asian,Male,25-34,22.3,Loan originated
1,185000.0,42,475000.0,51.0,1,Hispanic or Latino,Female,25-34,102.809,Loan originated
1,385000.0,36,485000.0,110.0,1,Hispanic or Latino,Male,45-54,80.0,Loan originated
1,555000.0,49,735000.0,118.0,1,Asian,Male,25-34,95.0,Loan originated
1,785000.0,42,835000.0,209.0,1,White,Joint,25-34,95.0,Loan originated
1,345000.0,41,435000.0,131.0,1,Hispanic or Latino,Female,55-64,97.0,Loan originated
1,325000.0,38,345000.0,101.0,1,Asian,Joint,55-64,95.0,Loan originated
1,375000.0,45,395000.0,78.0,1,Hispanic or Latino,Male,35-44,95.0,Loan originated
1,355000.0,43,1805000.0,135.0,1,White,Male,55-64,19.44,Loan originated
1,495000.0,30%-<36%,655000.0,167.0,1,White,Joint,35-44,75.0,Loan originated
1,415000.0,39,525000.0,106.0,1,White,Joint,25-34,80.0,Loan originated
1,405000.0,41,505000.0,151.0,1,Hispanic or Latino,Male,35-44,80.0,Loan originated
1,565000.0,43,705000.0,130.0,1,White,Male,25-34,80.0,Loan originated
1,495000.0,30%-<36%,515000.0,146.0,1,Asian,Male,35-44,95.0,Loan originated
1,535000.0,47,675000.0,175.0,1,Asian,Female,35-44,80.0,Loan originated
1,295000.0,49,425000.0,74.0,1,Hispanic or Latino,Female,45-54,70.0,Loan originated
1,255000.0,>60%,265000.0,64.0,1,White,Joint,25-34,97.0,Application denied
1,105000.0,20%-<30%,445000.0,44.0,1,Hispanic or Latino,Male,35-44,22.47,Loan originated
1,395000.0,44,495000.0,94.0,1,Hispanic or Latino,Female,35-44,80.0,Loan originated
1,575000.0,44,605000.0,122.0,1,White,Female,65-74,95.0,Loan originated
1,935000.0,43,995000.0,228.0,1,Asian,Joint,25-34,93.47,Loan originated
1,205000.0,20%-<30%,245000.0,92.0,1,White,Joint,25-34,85.0,Loan originated
1,655000.0,49,685000.0,151.0,1,Hispanic or Latino,Joint,45-54,95.0,Loan originated
1,345000.0,44,355000.0,95.0,1,Hispanic or Latino,Joint,45-54,100.0,Loan originated
1,205000.0,30%-<36%,975000.0,125.0,1,White,Male,35-44,20.51,Loan originated
1,385000.0,46,415000.0,102.0,1,Asian,Male,55-64,95.0,Loan originated
1,405000.0,40,625000.0,168.0,1,Asian,Male,45-54,65.0,Loan originated
1,415000.0,47,525000.0,122.0,1,White,Female,65-74,80.0,Loan originated
1,425000.0,20%-<30%,535000.0,233.0,1,White,Male,35-44,80.0,Loan originated
1,405000.0,47,425000.0,96.0,1,Asian,Female,25-34,95.0,Loan originated
1,685000.0,20%-<30%,985000.0,312.0,1,White,Joint,35-44,70.0,Loan originated
1,665000.0,20%-<30%,1765000.0,455.0,1,White,Male,45-54,37.84,Loan originated
1,175000.0,30%-<36%,215000.0,65.0,1,Hispanic or Latino,Male,25-34,80.0,Loan originated
1,585000.0,46,625000.0,124.0,1,Hispanic or Latino,Female,25-34,93.92,Loan originated
1,935000.0,30%-<36%,1255000.0,358.0,1,Asian,Female,45-54,75.0,Loan originated
1,325000.0,46,375000.0,101.0,1,Hispanic or Latino,Male,45-54,85.0,Loan originated
1,655000.0,44,825000.0,136.0,1,Asian,Joint,45-54,80.0,Loan originated
1,515000.0,39,1185000.0,143.0,1,White,Joint,25-34,43.038,Loan originated
1,1085000.0,49,1505000.0,212.0,1,White,Male,35-44,72.0,Loan originated
1,765000.0,45,1015000.0,178.0,1,Asian,Female,25-34,76.0,Loan originated
1,505000.0,49,675000.0,119.0,1,Black or African American,Joint,65-74,75.0,Loan originated
1,735000.0,36,775000.0,277.0,1,White,Male,35-44,95.0,Loan originated
1,235000.0,45,245000.0,69.0,1,Asian,Male,<25,97.0,Loan originated
1,365000.0,45,495000.0,105.0,1,White,Female,35-44,73.47,Loan originated
1,695000.0,46,875000.0,184.0,1,Asian,Male,35-44,80.0,Loan originated
1,725000.0,30%-<36%,1235000.0,213.0,1,White,Joint,55-64,58.8,Loan originated
1,765000.0,36,1555000.0,227.0,1,Asian,Female,45-54,49.312,Loan originated
1,265000.0,42,335000.0,77.0,1,Hispanic or Latino,Joint,25-34,80.0,Loan originated
1,555000.0,30%-<36%,695000.0,194.0,1,White,Male,35-44,80.0,Loan originated
1,535000.0,43,715000.0,191.0,1,White,Female,25-34,75.0,Loan originated
1,445000.0,41,1045000.0,127.0,1,Asian,Male,25-34,42.772,Loan originated
1,665000.0,50%-60%,705000.0,128.0,1,White,Male,65-74,95.0,Loan originated
1,585000.0,39,655000.0,150.0,1,Black or African American,Female,45-54,89.23,Loan originated
1,1095000.0,46,1365000.0,252.0,1,White,Male,25-34,80.0,Loan originated
1,455000.0,42,585000.0,172.0,1,White,Female,45-54,80.0,Loan originated
1,605000.0,30%-<36%,805000.0,488.0,1,White,Female,25-34,75.0,Loan originated
1,245000.0,20%-<30%,395000.0,150.0,1,Asian,Joint,45-54,62.312,Loan originated
1,225000.0,30%-<36%,285000.0,92.0,1,Asian,Joint,35-44,100.0,Loan originated
1,985000.0,41,1225000.0,208.0,1,Asian,Male,35-44,80.0,Loan originated
1,945000.0,49,995000.0,197.0,1,Hispanic or Latino,Male,25-34,95.0,Loan originated
1,745000.0,47,935000.0,285.0,1,White,Male,25-34,80.0,Loan originated
1,465000.0,30%-<36%,495000.0,158.0,1,Hispanic or Latino,Male,35-44,95.0,Loan originated
1,1095000.0,39,1375000.0,291.0,1,Asian,Joint,35-44,79.89,Loan originated
1,705000.0,42,875000.0,209.0,1,Hispanic or Latino,Joint,25-34,80.0,Loan originated
1,955000.0,30%-<36%,1215000.0,273.0,1,Asian,Joint,35-44,78.519,Loan originated
1,445000.0,38,875000.0,155.0,1,White,Female,45-54,50.91,Loan originated
1,125000.0,41,205000.0,76.0,1,White,Female,>74,62.5,Loan originated
1,625000.0,41,705000.0,185.0,1,Black or African American,Female,55-64,88.0,Loan originated
1,945000.0,20%-<30%,1175000.0,356.0,1,Asian,Male,35-44,80.0,Loan originated
1,685000.0,45,725000.0,215.0,1,Hispanic or Latino,Joint,55-64,95.0,Loan originated
1,625000.0,45,785000.0,184.0,1,Hispanic or Latino,Male,35-44,80.0,Loan originated
1,395000.0,48,495000.0,105.0,1,Hispanic or Latino,Male,35-44,100.0,Application denied
1,505000.0,48,755000.0,172.0,1,Asian,Joint,25-34,67.0,Loan originated
1,465000.0,41,475000.0,120.0,1,Hispanic or Latino,Male,35-44,97.0,Loan originated
1,445000.0,47,565000.0,115.0,1,Hispanic or Latino,Male,45-54,80.0,Loan originated
1,655000.0,42,955000.0,239.0,1,White,Male,55-64,68.421,Loan originated
1,435000.0,48,585000.0,94.0,1,Asian,Male,25-34,95.0,Loan originated
1,245000.0,20%-<30%,495000.0,122.0,1,White,Female,35-44,50.0,Loan originated
1,515000.0,41,605000.0,116.0,1,Asian,Male,35-44,85.0,Loan originated
1,225000.0,30%-<36%,275000.0,76.0,1,White,Female,35-44,80.0,Loan originated
1,1095000.0,47,755000.0,307.0,1,Hispanic or Latino,Joint,25-34,146.0,Loan originated
1,435000.0,44,515000.0,101.0,1,White,Female,25-34,86.139,Loan originated
1,755000.0,49,835000.0,146.0,1,Black or African American,Female,35-44,90.0,Loan originated
1,435000.0,20%-<30%,545000.0,379.0,1,White,Male,55-64,79.997,Loan originated
1,1055000.0,<20%,1655000.0,1019.0,1,White,Male,25-34,63.636,Loan originated
1,15000.0,40,365000.0,120.0,1,White,Female,35-44,100.0,Loan originated
1,305000.0,20%-<30%,435000.0,160.0,1,White,Joint,45-54,68.966,Loan originated
1,1145000.0,41,1635000.0,274.0,1,Asian,Joint,35-44,70.0,Loan originated
1,825000.0,30%-<36%,1095000.0,243.0,1,White,Male,65-74,75.0,Loan originated
1,365000.0,40,385000.0,98.0,1,Hispanic or Latino,Joint,25-34,97.0,Loan originated
1,355000.0,>60%,585000.0,0.0,1,Other,Female,25-34,59.829,Application denied
1,545000.0,<20%,725000.0,321.0,1,Asian,Joint,35-44,75.0,Loan originated
1,595000.0,46,695000.0,187.0,1,White,Joint,45-54,86.16,Loan originated
1,245000.0,49,265000.0,62.0,1,Hispanic or Latino,Male,45-54,95.0,Loan originated
1,425000.0,48,525000.0,98.0,1,Hispanic or Latino,Male,25-34,80.0,Loan originated
1,1085000.0,49,1145000.0,250.0,1,Asian,Female,25-34,95.0,Loan originated
1,285000.0,20%-<30%,485000.0,138.0,1,White,Male,35-44,58.333,Loan originated
1,565000.0,48,555000.0,132.0,1,White,Joint,35-44,101.75,Loan originated
1,645000.0,49,855000.0,227.0,1,White,Male,25-34,75.0,Loan originated
1,675000.0,43,755000.0,158.0,1,White,Male,45-54,90.0,Loan originated
1,455000.0,30%-<36%,2715000.0,210.0,1,Hispanic or Latino,Female,55-64,16.595,Loan originated
1,445000.0,20%-<30%,565000.0,151.0,1,White,Male,35-44,80.0,Loan originated
1,755000.0,36,1635000.0,233.0,1,Asian,Joint,25-34,45.788,Loan originated
1,445000.0,36,505000.0,141.0,1,Asian,Joint,45-54,89.99,Loan originated
1,285000.0,46,445000.0,75.0,1,Asian,Female,25-34,63.637,Loan originated
1,995000.0,20%-<30%,1415000.0,354.0,1,Asian,Joint,25-34,70.0,Loan originated
1,395000.0,49,495000.0,153.0,1,Hispanic or Latino,Joint,25-34,80.0,Loan originated
1,355000.0,41,515000.0,124.0,1,White,Female,55-64,69.444,Loan originated
1,495000.0,<20%,705000.0,311.0,1,White,Joint,35-44,70.151,Loan originated
1,415000.0,42,435000.0,104.0,1,Hispanic or Latino,Joint,25-34,95.0,Loan originated
1,835000.0,20%-<30%,985000.0,435.0,1,White,Male,35-44,85.0,Loan originated
1,885000.0,30%-<36%,935000.0,296.0,1,Asian,Joint,25-34,95.0,Loan originated
1,155000.0,40,255000.0,95.0,1,Asian,Joint,45-54,60.74,Application denied
1,775000.0,40,915000.0,320.0,1,Asian,Joint,35-44,85.0,Loan originated
1,135000.0,20%-<30%,735000.0,112.0,1,White,Joint,65-74,17.742,Loan originated
1,465000.0,41,585000.0,103.0,1,Hispanic or Latino,Male,35-44,80.0,Loan originated
1,425000.0,45,845000.0,130.0,1,Asian,Male,35-44,50.0,Loan originated
1,865000.0,20%-<30%,1085000.0,333.0,1,Asian,Joint,25-34,80.0,Loan originated
1,425000.0,47,565000.0,170.0,1,Hispanic or Latino,Female,<25,75.0,Loan originated
1,1105000.0,49,1815000.0,264.0,1,Asian,Male,25-34,60.669,Loan originated
1,375000.0,>60%,615000.0,44.0,1,Hispanic or Latino,Joint,55-64,60.976,Application denied
1,565000.0,43,1075000.0,128.0,1,Asian,Male,35-44,53.15,Loan originated
1,855000.0,44,1215000.0,211.0,1,White,Joint,25-34,70.0,Loan originated
1,455000.0,44,615000.0,124.0,1,White,Female,>74,75.0,Loan originated
1,235000.0,49,305000.0,235.0,1,White,Female,35-44,78.405,Loan originated
1,245000.0,49,635000.0,95.0,1,White,Male,65-74,38.889,Loan originated
1,1005000.0,20%-<30%,2635000.0,481.0,1,Asian,Joint,35-44,38.03,Loan originated
1,835000.0,47,875000.0,197.0,1,White,Joint,35-44,95.0,Loan originated
1,265000.0,44,355000.0,83.0,1,Hispanic or Latino,Joint,25-34,100.0,Loan originated
1,185000.0,37,505000.0,83.0,1,White,Joint,45-54,35.991,Loan originated
1,545000.0,47,565000.0,165.0,1,Black or African American,Male,55-64,95.0,Loan originated
1,565000.0,<20%,745000.0,382.0,1,White,Female,35-44,75.0,Loan originated
1,425000.0,49,955000.0,84.0,1,Asian,Male,45-54,44.211,Loan originated
1,675000.0,42,905000.0,154.0,1,Asian,Female,25-34,75.0,Loan originated
1,525000.0,39,545000.0,171.0,1,Hispanic or Latino,Joint,35-44,95.0,Loan originated
1,345000.0,43,595000.0,119.0,1,White,Male,65-74,58.0,Loan originated
1,685000.0,30%-<36%,865000.0,211.0,1,Asian,Female,25-34,80.0,Loan originated
1,1105000.0,20%-<30%,1305000.0,452.0,1,White,Male,35-44,85.0,Loan originated
1,735000.0,36,785000.0,244.0,1,Hispanic or Latino,Joint,35-44,93.64,Loan originated
1,505000.0,38,1325000.0,231.0,1,White,Joint,65-74,37.679,Loan originated
1,1145000.0,46,1495000.0,303.0,1,White,Male,25-34,77.0,Loan originated
1,255000.0,20%-<30%,655000.0,160.0,1,White,Joint,45-54,38.551,Loan originated
1,995000.0,44,1335000.0,226.0,1,Asian,Male,35-44,75.0,Loan originated
1,455000.0,30%-<36%,505000.0,145.0,1,White,Male,35-44,90.0,Loan originated
1,555000.0,44,625000.0,135.0,1,White,Male,45-54,89.99,Loan originated
1,575000.0,39,715000.0,143.0,1,White,Male,55-64,80.0,Loan originated
1,555000.0,20%-<30%,1055000.0,210.0,1,White,Joint,25-34,52.381,Loan originated
1,505000.0,20%-<30%,565000.0,198.0,1,Hispanic or Latino,Joint,45-54,90.0,Loan originated
1,955000.0,48,1005000.0,240.0,1,White,Female,45-54,95.0,Loan originated
1,1105000.0,38,2125000.0,423.0,1,Asian,Joint,25-34,51.76,Loan originated
1,535000.0,47,595000.0,129.0,1,Asian,Joint,25-34,89.997,Loan originated
1,465000.0,44,485000.0,90.0,1,White,Male,45-54,95.0,Loan originated
1,935000.0,>60%,1045000.0,0.0,1,White,Female,25-34,90.0,Loan originated
1,305000.0,49,725000.0,75.0,1,Asian,Male,25-34,41.152,Loan originated
1,995000.0,40,1425000.0,265.0,1,White,Joint,65-74,70.0,Application denied
1,935000.0,>60%,1175000.0,120.0,1,White,Joint,25-34,79.99,Application denied
1,1125000.0,40,1405000.0,436.0,1,Asian,Male,35-44,80.0,Loan originated
1,535000.0,49,1755000.0,148.0,1,White,Joint,45-54,30.571,Loan originated
1,765000.0,43,855000.0,170.0,1,Asian,Male,25-34,89.727,Loan originated
1,425000.0,30%-<36%,525000.0,180.0,1,Asian,Male,35-44,80.0,Loan originated
1,685000.0,30%-<36%,855000.0,210.0,1,Asian,Male,35-44,80.0,Application denied
1,245000.0,42,745000.0,72.0,1,White,Female,25-34,33.558,Loan originated
1,965000.0,41,1605000.0,272.0,1,White,Joint,65-74,60.0,Loan originated
1,1105000.0,49,2855000.0,292.0,1,Asian,Female,45-54,39.0,Loan originated
1,805000.0,30%-<36%,1075000.0,249.0,1,Asian,Joint,25-34,75.0,Loan originated
1,605000.0,30%-<36%,705000.0,256.0,1,Asian,Female,35-44,90.269,Loan originated
1,635000.0,39,705000.0,170.0,1,Black or African American,Male,55-64,89.99,Loan originated
1,205000.0,<20%,605000.0,167.0,1,White,Male,35-44,33.317,Loan originated
1,725000.0,42,905000.0,170.0,1,Hispanic or Latino,Female,25-34,80.0,Loan originated
1,675000.0,44,905000.0,250.0,1,Asian,Female,35-44,75.0,Loan originated
1,155000.0,44,505000.0,70.0,1,Hispanic or Latino,Female,35-44,31.251,Loan originated
1,645000.0,41,805000.0,170.0,1,Asian,Female,25-34,80.0,Loan originated
1,865000.0,44,1085000.0,484.0,1,Asian,Joint,35-44,80.0,Loan originated
1,655000.0,49,915000.0,130.0,1,White,Female,55-64,72.0,Loan originated
1,125000.0,42,215000.0,36.0,1,Hispanic or Latino,Female,55-64,104.0,Loan originated
1,485000.0,37,515000.0,156.0,1,White,Joint,35-44,95.0,Loan originated
1,1105000.0,30%-<36%,1585000.0,503.0,1,Asian,Male,45-54,70.0,Loan originated
1,635000.0,48,795000.0,154.0,1,Asian,Male,25-34,80.0,Loan originated
1,185000.0,49,195000.0,146.0,1,White,Joint,25-34,95.0,Loan originated
1,305000.0,20%-<30%,605000.0,309.0,1,Asian,Joint,55-64,50.38,Loan originated
1,1115000.0,38,1395000.0,334.0,1,White,Joint,35-44,80.0,Loan originated
1,215000.0,49,1305000.0,77.0,1,Asian,Male,45-54,16.692,Application denied
1,665000.0,30%-<36%,1055000.0,314.0,1,Asian,Female,45-54,63.24,Loan originated
1,565000.0,44,705000.0,192.0,1,White,Joint,45-54,96.429,Loan originated
1,355000.0,45,855000.0,163.0,1,Hispanic or Latino,Female,25-34,41.793,Loan originated
1,705000.0,30%-<36%,1565000.0,224.0,1,White,Joint,35-44,44.861,Loan originated
1,495000.0,44,835000.0,180.0,1,Asian,Male,25-34,60.0,Loan originated
1,335000.0,49,995000.0,81.0,1,White,Joint,65-74,33.53,Loan originated
1,775000.0,30%-<36%,1595000.0,293.0,1,White,Male,45-54,48.552,Loan originated
1,785000.0,49,1315000.0,180.0,1,White,Female,25-34,59.696,Loan originated
1,285000.0,20%-<30%,355000.0,306.0,1,White,Joint,35-44,80.0,Loan originated
1,725000.0,20%-<30%,975000.0,355.0,1,White,Joint,35-44,74.285,Loan originated
1,395000.0,40,435000.0,133.0,1,White,Male,35-44,91.86,Loan originated
1,375000.0,44,505000.0,85.0,1,Hispanic or Latino,Male,25-34,95.0,Loan originated
1,525000.0,43,665000.0,127.0,1,White,Joint,25-34,80.0,Application denied
1,565000.0,30%-<36%,715000.0,162.0,1,Hispanic or Latino,Joint,55-64,80.0,Loan originated
1,545000.0,47,675000.0,147.0,1,White,Joint,55-64,80.0,Loan originated
1,915000.0,44,1015000.0,264.0,1,Hispanic or Latino,Male,35-44,90.0,Loan originated
1,1025000.0,36,2525000.0,298.0,1,Asian,Male,25-34,40.348,Loan originated
1,1085000.0,49,1405000.0,295.0,1,Asian,Joint,35-44,77.14,Loan originated
1,565000.0,30%-<36%,805000.0,186.0,1,Asian,Female,35-44,70.0,Loan originated
1,465000.0,30%-<36%,625000.0,247.0,1,White,Female,35-44,75.0,Loan originated
1,795000.0,49,995000.0,393.0,1,White,Joint,35-44,80.0,Loan originated
1,305000.0,47,515000.0,85.0,1,Hispanic or Latino,Male,35-44,60.0,Application denied
1,395000.0,42,495000.0,109.0,1,White,Joint,35-44,79.8,Loan originated
1,235000.0,50%-60%,245000.0,81.0,1,Asian,Male,45-54,96.5,Application denied
1,365000.0,46,485000.0,173.0,1,White,Male,25-34,74.689,Loan originated
1,515000.0,20%-<30%,575000.0,177.0,1,Hispanic or Latino,Joint,25-34,90.0,Loan originated
1,765000.0,46,805000.0,247.0,1,Asian,Joint,25-34,95.0,Loan originated
1,365000.0,30%-<36%,455000.0,146.0,1,White,Female,55-64,79.978,Loan originated
1,405000.0,36,415000.0,123.0,1,Hispanic or Latino,Male,35-44,97.0,Application denied
1,235000.0,43,295000.0,58.0,1,White,Male,25-34,78.484,Loan originated
1,1095000.0,48,1465000.0,263.0,1,Asian,Joint,45-54,75.0,Loan originated
1,575000.0,46,605000.0,125.0,1,White,Female,45-54,95.0,Loan originated
1,325000.0,30%-<36%,655000.0,109.0,1,Asian,Male,25-34,49.677,Loan originated
1,155000.0,<20%,585000.0,202.0,1,Hispanic or Latino,Female,<25,25.862,Loan originated
1,935000.0,20%-<30%,1045000.0,338.0,1,Asian,Joint,25-34,89.9,Loan originated
1,485000.0,30%-<36%,515000.0,231.0,1,Hispanic or Latino,Male,25-34,95.0,Loan originated
1,505000.0,45,755000.0,102.0,1,Hispanic or Latino,Male,55-64,66.667,Loan originated
1,605000.0,20%-<30%,855000.0,272.0,1,White,Male,55-64,70.58,Loan originated
1,275000.0,36,1095000.0,142.0,1,Asian,Male,25-34,24.771,Loan originated
1,775000.0,30%-<36%,805000.0,267.0,1,Asian,Male,35-44,97.0,Loan originated
1,665000.0,46,835000.0,220.0,1,Hispanic or Latino,Joint,35-44,80.0,Loan originated
1,315000.0,48,335000.0,62.0,1,Hispanic or Latino,Male,<25,97.0,Loan originated
1,565000.0,40,705000.0,447.0,1,Asian,Joint,35-44,80.0,Loan originated
1,875000.0,43,975000.0,239.0,1,Asian,Joint,35-44,90.0,Loan originated
1,575000.0,20%-<30%,755000.0,266.0,1,Hispanic or Latino,Joint,45-54,80.0,Loan originated
1,675000.0,30%-<36%,745000.0,168.0,1,Asian,Male,35-44,90.0,Loan originated
1,495000.0,40,555000.0,160.0,1,Asian,Joint,45-54,90.0,Loan originated
1,855000.0,39,905000.0,228.0,1,White,Female,35-44,95.0,Loan originated
1,595000.0,30%-<36%,745000.0,178.0,1,Asian,Male,45-54,80.0,Loan originated
1,675000.0,48,795000.0,254.0,1,White,Male,25-34,85.0,Loan originated
1,745000.0,30%-<36%,945000.0,242.0,1,White,Male,55-64,78.723,Loan originated
1,405000.0,39,515000.0,159.0,1,Hispanic or Latino,Female,55-64,80.0,Loan originated
1,505000.0,50%-60%,1115000.0,170.0,1,White,Joint,65-74,44.84,Loan originated
1,375000.0,<20%,1075000.0,374.0,1,Asian,Joint,25-34,34.579,Application denied
1,155000.0,39,835000.0,72.0,1,Asian,Joint,55-64,18.067,Loan originated
1,555000.0,43,585000.0,131.0,1,Hispanic or Latino,Joint,25-34,95.0,Loan originated
1,505000.0,46,1485000.0,125.0,1,Asian,Male,35-44,33.602,Loan originated
1,545000.0,36,585000.0,236.0,1,Hispanic or Latino,Joint,45-54,94.0,Loan originated
1,345000.0,45,595000.0,144.0,1,Asian,Female,45-54,58.052,Loan originated
1,385000.0,<20%,635000.0,401.0,1,Hispanic or Latino,Male,35-44,60.82,Loan originated
1,495000.0,42,525000.0,136.0,1,Hispanic or Latino,Male,25-34,95.0,Loan originated
1,555000.0,40,625000.0,140.0,1,White,Joint,25-34,89.9,Loan originated
1,985000.0,48,1965000.0,227.0,1,Asian,Joint,35-44,50.0,Loan originated
1,925000.0,49,1155000.0,279.0,1,White,Male,55-64,80.0,Loan originated
1,635000.0,44,795000.0,152.0,1,Asian,Female,25-34,80.0,Loan originated
1,955000.0,49,1425000.0,255.0,1,White,Male,45-54,66.947,Loan originated
1,415000.0,48,445000.0,120.0,1,Hispanic or Latino,Joint,25-34,93.93,Loan originated
1,515000.0,30%-<36%,535000.0,180.0,1,Asian,Male,25-34,97.0,Application denied
1,625000.0,50%-60%,835000.0,347.0,1,White,Joint,45-54,75.0,Loan originated
1,465000.0,47,465000.0,150.0,1,White,Female,45-54,97.0,Application denied
1,315000.0,30%-<36%,415000.0,105.0,1,White,Male,35-44,76.63,Loan originated
1,925000.0,20%-<30%,1155000.0,299.0,1,White,Joint,45-54,80.0,Loan originated
1,485000.0,37,915000.0,132.0,1,White,Male,25-34,52.877,Loan originated
1,215000.0,44,305000.0,48.0,1,White,Male,25-34,70.0,Loan originated
1,455000.0,49,1855000.0,171.0,1,Asian,Male,55-64,24.31,Loan originated
1,395000.0,47,495000.0,83.0,1,White,Female,25-34,80.0,Loan originated
1,765000.0,20%-<30%,1055000.0,297.0,1,Asian,Male,25-34,72.953,Loan originated
1,585000.0,43,605000.0,204.0,1,Hispanic or Latino,Joint,45-54,97.0,Loan originated
1,515000.0,48,865000.0,152.0,1,White,Male,65-74,59.538,Loan originated
1,505000.0,<20%,925000.0,385.0,1,Asian,Male,35-44,55.0,Application denied
1,215000.0,<20%,595000.0,184.0,1,White,Male,45-54,36.318,Loan originated
1,575000.0,<20%,825000.0,452.0,1,Asian,Male,25-34,70.0,Loan originated
1,425000.0,36,545000.0,107.0,1,Asian,Joint,25-34,77.707,Loan originated
1,395000.0,30%-<36%,415000.0,171.0,1,White,Joint,35-44,95.0,Loan originated
1,695000.0,48,775000.0,174.0,1,Asian,Joint,25-34,89.9,Loan originated
1,665000.0,44,705000.0,293.0,1,Black or African American,Joint,35-44,93.715,Loan originated
1,225000.0,30%-<36%,495000.0,80.0,1,White,Female,45-54,44.67,Loan originated
1,555000.0,43,585000.0,150.0,1,Asian,Female,45-54,94.996,Loan originated
1,385000.0,49,505000.0,77.0,1,Other,Male,25-34,77.137,Loan originated
1,345000.0,30%-<36%,605000.0,117.0,1,White,Female,55-64,57.355,Loan originated
1,405000.0,40,895000.0,144.0,1,White,Joint,55-64,44.54,Loan originated
1,645000.0,47,675000.0,150.0,1,Asian,Female,25-34,95.0,Loan originated
1,765000.0,46,955000.0,218.0,1,White,Male,65-74,80.0,Loan originated
1,1005000.0,46,1475000.0,312.0,1,White,Joint,35-44,67.705,Loan originated
1,385000.0,49,485000.0,93.0,1,Asian,Female,35-44,100.0,Loan originated
1,635000.0,41,795000.0,166.0,1,White,Male,35-44,80.0,Loan originated
1,855000.0,38,945000.0,229.0,1,Asian,Joint,45-54,89.99,Loan originated
1,975000.0,37,1225000.0,341.0,1,White,Female,55-64,80.0,Loan originated
1,1125000.0,43,1505000.0,338.0,1,White,Male,45-54,75.0,Loan originated
1,765000.0,39,1105000.0,279.0,1,Hispanic or Latino,Joint,25-34,69.686,Loan originated
1,285000.0,45,295000.0,89.0,1,Black or African American,Female,25-34,97.0,Loan originated
1,455000.0,49,725000.0,123.0,1,White,Joint,35-44,62.759,Loan originated
1,1065000.0,42,1335000.0,378.0,1,White,Joint,25-34,80.0,Loan originated
1,335000.0,45,355000.0,88.0,1,Black or African American,Male,45-54,95.0,Loan originated
1,485000.0,<20%,515000.0,253.0,1,White,Female,25-34,95.0,Loan originated
1,515000.0,38,645000.0,125.0,1,Hispanic or Latino,Joint,<25,80.0,Loan originated
1,25000.0,46,85000.0,15.0,1,White,Male,45-54,30.0,Loan originated
1,125000.0,42,145000.0,82.0,1,Hispanic or Latino,Female,55-64,90.0,Loan originated
1,685000.0,42,755000.0,190.0,1,White,Male,45-54,89.99,Loan originated
1,455000.0,49,2505000.0,173.0,1,White,Male,35-44,18.0,Loan originated
1,675000.0,20%-<30%,745000.0,293.0,1,Asian,Joint,35-44,90.0,Loan originated
1,755000.0,48,955000.0,149.0,1,Hispanic or Latino,Joint,45-54,95.0,Loan originated
1,305000.0,40,885000.0,90.0,1,White,Joint,65-74,34.091,Loan originated
1,905000.0,46,1135000.0,195.0,1,White,Joint,35-44,80.0,Loan originated
1,655000.0,44,825000.0,145.0,1,Asian,Male,25-34,80.0,Loan originated
1,435000.0,20%-<30%,745000.0,613.0,1,White,Male,45-54,59.0,Loan originated
1,125000.0,50%-60%,155000.0,291.0,1,White,Male,55-64,80.0,Loan originated
1,375000.0,39,495000.0,146.0,1,Asian,Male,35-44,75.0,Loan originated
1,295000.0,50%-60%,355000.0,137.0,1,Hispanic or Latino,Joint,45-54,85.0,Application denied
1,505000.0,37,625000.0,205.0,1,White,Female,25-34,80.0,Loan originated
1,1065000.0,48,1325000.0,332.0,1,Hispanic or Latino,Male,45-54,80.0,Loan originated
1,355000.0,38,445000.0,106.0,1,Asian,Male,25-34,80.0,Loan originated
1,445000.0,44,495000.0,106.0,1,Hispanic or Latino,Female,25-34,90.0,Loan originated
1,185000.0,39,335000.0,67.0,1,Hispanic or Latino,Male,65-74,57.04,Loan originated
1,575000.0,45,615000.0,175.0,1,White,Female,55-64,95.0,Loan originated
1,285000.0,38,385000.0,96.0,1,White,Joint,<25,73.96,Loan originated
1,245000.0,30%-<36%,695000.0,150.0,1,White,Male,45-54,35.623,Loan originated
1,105000.0,30%-<36%,585000.0,71.0,1,White,Female,65-74,17.027,Loan originated
1,765000.0,20%-<30%,1225000.0,362.0,1,White,Male,25-34,62.627,Loan originated
1,945000.0,50%-60%,1185000.0,188.0,1,Asian,Joint,35-44,80.0,Application denied
1,525000.0,47,655000.0,133.0,1,White,Joint,35-44,80.0,Application denied
1,765000.0,36,915000.0,217.0,1,White,Joint,35-44,83.551,Loan originated
1,655000.0,49,1205000.0,208.0,1,Asian,Joint,45-54,55.0,Loan originated
1,345000.0,47,395000.0,98.0,1,Black or African American,Female,45-54,88.478,Loan originated
1,635000.0,20%-<30%,795000.0,229.0,1,Hispanic or Latino,Joint,25-34,80.0,Loan originated
1,925000.0,39,1425000.0,224.0,1,White,Joint,35-44,64.912,Loan originated
1,475000.0,30%-<36%,715000.0,134.0,1,White,Male,25-34,66.434,Loan originated
1,375000.0,49,495000.0,120.0,1,White,Joint,25-34,75.0,Loan originated
1,625000.0,41,755000.0,161.0,1,Hispanic or Latino,Joint,35-44,82.713,Loan originated
1,505000.0,49,1275000.0,125.0,1,White,Joint,>74,39.216,Loan originated
1,535000.0,38,595000.0,165.0,1,White,Joint,25-34,90.0,Loan originated
1,335000.0,43,455000.0,112.0,1,Asian,Female,45-54,73.799,Loan originated
1,165000.0,42,205000.0,48.0,1,White,Female,45-54,80.0,Loan originated
1,405000.0,20%-<30%,635000.0,221.0,1,White,Female,35-44,65.0,Loan originated
1,345000.0,45,495000.0,107.0,1,White,Female,35-44,69.94,Loan originated
1,605000.0,30%-<36%,895000.0,210.0,1,Asian,Joint,25-34,66.818,Loan originated
1,595000.0,37,1075000.0,240.0,1,Asian,Male,55-64,55.597,Loan originated
1,755000.0,44,795000.0,157.0,1,Hispanic or Latino,Female,35-44,95.0,Loan originated
1,295000.0,46,835000.0,84.0,1,White,Female,45-54,34.731,Loan originated
1,645000.0,20%-<30%,805000.0,217.0,1,Hispanic or Latino,Male,45-54,80.0,Loan originated
1,245000.0,45,485000.0,63.0,1,White,Female,35-44,50.0,Loan originated
1,725000.0,45,775000.0,184.0,1,Other,Female,25-34,93.506,Loan originated
1,635000.0,50%-60%,655000.0,135.0,1,Hispanic or Latino,Joint,<25,97.0,Loan originated
1,915000.0,38,965000.0,247.0,1,Hispanic or Latino,Female,45-54,95.0,Loan originated
1,325000.0,39,465000.0,85.0,1,Hispanic or Latino,Female,55-64,70.0,Application denied
1,235000.0,30%-<36%,245000.0,70.0,1,Hispanic or Latino,Female,25-34,95.0,Loan originated
1,745000.0,36,945000.0,271.0,1,White,Joint,35-44,78.78,Loan originated
1,585000.0,30%-<36%,775000.0,191.0,1,White,Joint,35-44,75.0,Loan originated
1,1065000.0,44,1325000.0,505.0,1,Asian,Joint,45-54,80.0,Loan originated
1,545000.0,30%-<36%,595000.0,168.0,1,White,Male,25-34,93.0,Loan originated
1,265000.0,48,285000.0,86.0,1,Asian,Male,25-34,95.0,Loan originated
1,415000.0,49,555000.0,81.0,1,Asian,Female,25-34,75.0,Loan originated
1,905000.0,43,955000.0,116.0,1,Asian,Joint,25-34,75.0,Application denied
1,655000.0,39,815000.0,226.0,1,White,Male,35-44,80.0,Loan originated
1,575000.0,20%-<30%,975000.0,734.0,1,White,Joint,25-34,58.974,Loan originated
1,395000.0,43,655000.0,120.0,1,White,Male,55-64,60.0,Loan originated
1,705000.0,39,1305000.0,188.0,1,White,Female,65-74,53.846,Loan originated
1,335000.0,38,355000.0,106.0,1,White,Female,25-34,95.0,Loan originated
1,155000.0,<20%,465000.0,107.0,1,Other,Male,55-64,32.61,Loan originated
1,475000.0,30%-<36%,485000.0,130.0,1,Hispanic or Latino,Female,35-44,100.0,Loan originated
1,945000.0,42,1255000.0,516.0,1,Asian,Male,45-54,75.0,Loan originated
1,1105000.0,<20%,2205000.0,712.0,1,White,Joint,35-44,50.0,Loan originated
1,475000.0,45,685000.0,117.0,1,Hispanic or Latino,Female,45-54,70.0,Loan originated
1,95000.0,41,115000.0,54.0,1,White,Female,35-44,80.0,Application denied
1,315000.0,<20%,925000.0,221.0,1,White,Female,35-44,34.054,Application denied
1,1045000.0,40,1185000.0,420.0,1,White,Male,45-54,88.47,Application denied
1,435000.0,36,735000.0,158.0,1,White,Joint,45-54,59.102,Loan originated
1,445000.0,30%-<36%,485000.0,217.0,1,White,Joint,25-34,93.125,Loan originated
1,415000.0,20%-<30%,865000.0,248.0,1,White,Male,35-44,48.157,Loan originated
1,535000.0,30%-<36%,675000.0,120.0,1,Asian,Female,25-34,95.0,Application denied
1,145000.0,37,165000.0,88.0,1,Hispanic or Latino,Male,25-34,90.0,Loan originated
1,305000.0,43,325000.0,132.0,1,Hispanic or Latino,Joint,35-44,95.0,Loan originated
1,695000.0,39,865000.0,211.0,1,Asian,Joint,25-34,79.999,Loan originated
1,295000.0,40,395000.0,74.0,1,White,Female,25-34,74.677,Loan originated
1,105000.0,49,955000.0,48.0,1,Asian,Male,>74,10.737,Loan originated
1,235000.0,46,635000.0,58.0,1,Asian,Joint,55-64,36.674,Loan originated
1,325000.0,48,425000.0,95.0,1,White,Male,35-44,95.0,Loan originated
1,835000.0,47,985000.0,199.0,1,White,Female,35-44,85.0,Loan originated
1,645000.0,48,805000.0,220.0,1,Asian,Female,45-54,80.0,Loan originated
1,885000.0,38,1115000.0,548.0,1,White,Joint,25-34,80.0,Loan originated
1,625000.0,20%-<30%,825000.0,31.0,1,Asian,Female,35-44,75.0,Loan originated
1,445000.0,20%-<30%,555000.0,138.0,1,White,Female,35-44,80.0,Loan originated
1,765000.0,30%-<36%,955000.0,413.0,1,Asian,Male,35-44,80.0,Loan originated
1,685000.0,40,855000.0,231.0,1,Asian,Male,45-54,80.0,Loan originated
1,625000.0,38,1265000.0,203.0,1,Asian,Male,25-34,49.53,Loan originated
1,365000.0,43,375000.0,82.0,1,Hispanic or Latino,Male,35-44,97.0,Loan originated
1,785000.0,39,825000.0,245.0,1,Hispanic or Latino,Joint,45-54,95.0,Loan originated
1,755000.0,50%-60%,835000.0,166.0,1,Asian,Female,45-54,90.0,Application denied
1,1005000.0,30%-<36%,1465000.0,533.0,1,Hispanic or Latino,Male,45-54,90.0,Loan originated
1,25000.0,30%-<36%,615000.0,177.0,1,Black or African American,Male,45-54,100.0,Loan originated
1,1105000.0,47,1225000.0,306.0,1,White,Male,25-34,90.0,Loan originated
1,435000.0,40,465000.0,162.0,1,Asian,Joint,25-34,100.0,Loan originated
1,665000.0,48,705000.0,214.0,1,Hispanic or Latino,Male,35-44,95.0,Loan originated
1,695000.0,45,835000.0,165.0,1,White,Joint,35-44,85.0,Loan originated
1,505000.0,43,545000.0,378.0,1,White,Joint,55-64,92.714,Loan originated
1,675000.0,50%-60%,845000.0,144.0,1,Hispanic or Latino,Male,25-34,80.0,Application denied
1,355000.0,49,445000.0,78.0,1,White,Male,25-34,97.0,Loan originated
1,465000.0,48,495000.0,102.0,1,Hispanic or Latino,Joint,65-74,94.0,Loan originated
1,645000.0,42,675000.0,240.0,1,White,Female,>74,95.0,Loan originated
1,195000.0,30%-<36%,835000.0,353.0,1,Asian,Male,45-54,24.0,Loan originated
1,575000.0,30%-<36%,765000.0,220.0,1,Asian,Joint,35-44,75.0,Application denied
1,195000.0,46,385000.0,56.0,1,White,Male,35-44,49.74,Loan originated
1,765000.0,45,825000.0,185.0,1,White,Male,35-44,92.915,Loan originated
1,595000.0,39,745000.0,207.0,1,Asian,Female,25-34,80.0,Loan originated
1,1055000.0,42,1315000.0,232.0,1,Asian,Male,45-54,80.0,Loan originated
1,15000.0,50%-60%,555000.0,168.0,1,Black or African American,Joint,25-34,100.0,Loan originated
1,655000.0,47,815000.0,135.0,1,White,Female,35-44,80.0,Loan originated
1,765000.0,20%-<30%,815000.0,310.0,1,Asian,Female,55-64,94.165,Loan originated
1,975000.0,30%-<36%,1475000.0,587.0,1,Asian,Female,55-64,66.327,Loan originated
1,595000.0,30%-<36%,645000.0,199.0,1,Hispanic or Latino,Male,55-64,93.06,Loan originated
1,905000.0,30%-<36%,1135000.0,307.0,1,White,Joint,25-34,80.0,Loan originated
1,415000.0,49,435000.0,106.0,1,Hispanic or Latino,Male,25-34,97.0,Loan originated
1,435000.0,30%-<36%,935000.0,137.0,1,Asian,Male,55-64,46.524,Loan originated
1,675000.0,48,1545000.0,199.0,1,Black or African American,Joint,65-74,43.689,Loan originated
1,1145000.0,49,1355000.0,390.0,1,White,Male,45-54,85.0,Loan originated
1,475000.0,41,495000.0,142.0,1,White,Joint,25-34,97.0,Loan originated
1,685000.0,50%-60%,755000.0,145.0,1,Hispanic or Latino,Male,45-54,89.99,Loan originated
1,505000.0,48,625000.0,170.0,1,White,Joint,65-74,80.0,Loan originated
1,765000.0,43,955000.0,177.0,1,Hispanic or Latino,Male,55-64,80.0,Loan originated
1,725000.0,20%-<30%,905000.0,284.0,1,White,Joint,45-54,80.0,Loan originated
1,355000.0,40,555000.0,87.0,1,White,Joint,65-74,64.0,Loan originated
1,315000.0,39,355000.0,101.0,1,White,Female,35-44,90.0,Loan originated
1,765000.0,30%-<36%,965000.0,183.0,1,Asian,Male,25-34,79.16,Loan originated
1,285000.0,49,445000.0,65.0,1,Hispanic or Latino,Male,45-54,62.921,Loan originated
1,75000.0,48,95000.0,88.0,1,Hispanic or Latino,Joint,45-54,73.95,Loan originated
1,735000.0,40,815000.0,209.0,1,Asian,Joint,55-64,89.99,Loan originated
1,395000.0,30%-<36%,495000.0,127.0,1,Hispanic or Latino,Male,55-64,80.0,Loan originated
1,455000.0,39,755000.0,179.0,1,Black or African American,Female,65-74,60.006,Loan originated
1,335000.0,48,885000.0,94.0,1,Asian,Female,<25,38.0,Loan originated
1,515000.0,39,685000.0,155.0,1,White,Joint,<25,75.0,Loan originated
1,695000.0,41,945000.0,300.0,1,White,Joint,35-44,73.55,Loan originated
1,505000.0,30%-<36%,635000.0,158.0,1,Asian,Male,35-44,80.0,Loan originated
1,745000.0,39,935000.0,259.0,1,Asian,Female,35-44,80.0,Loan originated
1,705000.0,43,785000.0,153.0,1,Hispanic or Latino,Joint,35-44,90.0,Loan originated
1,1025000.0,30%-<36%,1425000.0,280.0,1,White,Joint,25-34,71.93,Loan originated
1,215000.0,43,585000.0,76.0,1,White,Joint,>74,35.599,Loan originated
1,1115000.0,30%-<36%,1405000.0,302.0,1,Asian,Female,25-34,80.0,Loan originated
1,455000.0,46,485000.0,117.0,1,Asian,Joint,45-54,95.0,Loan originated
1,755000.0,43,1105000.0,157.0,1,White,Joint,65-74,69.0,Loan originated
1,885000.0,46,1175000.0,301.0,1,White,Female,65-74,75.0,Loan originated
1,445000.0,30%-<36%,555000.0,188.0,1,White,Male,45-54,80.0,Loan originated
1,655000.0,49,665000.0,125.0,1,Hispanic or Latino,Joint,25-34,99.555,Loan originated
1,375000.0,50%-60%,625000.0,130.0,1,Asian,Joint,55-64,60.0,Application denied
1,405000.0,45,535000.0,108.0,1,White,Male,25-34,75.0,Loan originated
1,595000.0,30%-<36%,705000.0,163.0,1,White,Joint,35-44,85.0,Loan originated
1,665000.0,49,825000.0,189.0,1,Asian,Male,25-34,80.0,Loan originated
1,605000.0,48,755000.0,170.0,1,Asian,Male,45-54,80.0,Loan originated
1,775000.0,36,1475000.0,238.0,1,Asian,Joint,25-34,52.542,Loan originated
1,625000.0,30%-<36%,895000.0,237.0,1,White,Joint,25-34,70.0,Loan originated
1,1125000.0,39,1805000.0,269.0,1,White,Male,25-34,62.5,Loan originated
1,235000.0,49,335000.0,52.0,1,White,Male,25-34,69.0,Loan originated
1,495000.0,48,615000.0,170.0,1,Hispanic or Latino,Joint,45-54,80.0,Application denied
1,485000.0,47,645000.0,173.0,1,White,Male,65-74,75.0,Loan originated
1,205000.0,20%-<30%,615000.0,119.0,1,White,Joint,65-74,33.0,Loan originated
1,365000.0,49,555000.0,186.0,1,Asian,Female,25-34,67.0,Loan originated
1,885000.0,30%-<36%,1185000.0,275.0,1,Hispanic or Latino,Joint,25-34,74.576,Loan originated
1,475000.0,30%-<36%,745000.0,234.0,1,Asian,Joint,25-34,63.917,Loan originated
1,515000.0,36,655000.0,159.0,1,White,Male,65-74,80.0,Loan originated
1,705000.0,20%-<30%,805000.0,296.0,1,White,Joint,25-34,87.5,Loan originated
1,255000.0,46,275000.0,83.0,1,White,Female,25-34,90.0,Loan originated
1,55000.0,36,75000.0,104.0,1,Hispanic or Latino,Female,65-74,74.81,Loan originated
1,425000.0,20%-<30%,475000.0,324.0,1,Black or African American,Male,55-64,90.0,Loan originated
1,335000.0,49,425000.0,65.0,1,Asian,Male,35-44,81.0,Loan originated
1,255000.0,48,285000.0,96.0,1,Hispanic or Latino,Joint,55-64,91.12,Loan originated
1,685000.0,38,725000.0,210.0,1,White,Male,25-34,94.766,Loan originated
1,675000.0,36,845000.0,230.0,1,Asian,Female,35-44,79.667,Loan originated
1,455000.0,46,555000.0,120.0,1,White,Female,35-44,101.132,Loan originated
1,955000.0,44,1315000.0,200.0,1,Asian,Male,25-34,72.52,Loan originated
1,315000.0,42,325000.0,72.0,1,Hispanic or Latino,Male,25-34,97.0,Loan originated
1,625000.0,44,785000.0,137.0,1,Asian,Male,35-44,80.0,Loan originated
1,565000.0,41,715000.0,152.0,1,Hispanic or Latino,Joint,25-34,80.0,Loan originated
1,695000.0,44,1155000.0,158.0,1,Asian,Male,45-54,60.0,Loan originated
1,455000.0,36,475000.0,137.0,1,White,Male,35-44,97.0,Loan originated
1,335000.0,30%-<36%,635000.0,154.0,1,Asian,Joint,35-44,52.39,Loan originated
1,435000.0,45,455000.0,155.0,1,Hispanic or Latino,Female,45-54,95.0,Loan originated
1,855000.0,43,935000.0,227.0,1,White,Joint,25-34,91.444,Loan originated
1,765000.0,20%-<30%,955000.0,262.0,1,Asian,Male,35-44,80.0,Loan originated
1,685000.0,39,765000.0,173.0,1,White,Joint,35-44,90.0,Loan originated
1,435000.0,38,545000.0,226.0,1,White,Joint,55-64,80.0,Loan originated
1,385000.0,47,685000.0,101.0,1,White,Female,45-54,56.03,Application denied
1,255000.0,30%-<36%,675000.0,85.0,1,Hispanic or Latino,Female,35-44,38.0,Loan originated
1,625000.0,46,895000.0,147.0,1,White,Male,25-34,70.0,Loan originated
1,155000.0,30%-<36%,1055000.0,85.0,1,Asian,Female,45-54,15.0,Loan originated
1,305000.0,41,835000.0,17.0,1,Asian,Joint,25-34,37.97,Loan originated
1,415000.0,44,465000.0,121.0,1,Asian,Male,35-44,90.0,Loan originated
1,735000.0,30%-<36%,835000.0,228.0,1,Asian,Male,35-44,88.611,Loan originated
1,435000.0,30%-<36%,545000.0,224.0,1,Hispanic or Latino,Female,35-44,80.0,Loan originated
1,755000.0,42,1025000.0,199.0,1,White,Male,25-34,73.171,Loan originated
1,325000.0,30%-<36%,875000.0,135.0,1,White,Joint,65-74,37.143,Loan originated
1,425000.0,30%-<36%,535000.0,253.0,1,White,Male,35-44,80.0,Loan originated
1,485000.0,43,615000.0,150.0,1,Asian,Male,35-44,80.0,Loan originated
1,455000.0,46,605000.0,135.0,1,White,Joint,25-34,75.0,Loan originated
1,595000.0,30%-<36%,745000.0,191.0,1,Asian,Female,55-64,80.0,Loan originated
1,545000.0,48,715000.0,105.0,1,Asian,Female,25-34,75.734,Loan originated
1,295000.0,30%-<36%,995000.0,96.0,1,White,Joint,>74,29.648,Loan originated
1,495000.0,49,715000.0,107.0,1,White,Female,25-34,70.0,Loan originated
1,675000.0,40,845000.0,208.0,1,Asian,Joint,35-44,80.0,Loan originated
1,455000.0,36,935000.0,174.0,1,White,Joint,35-44,48.39,Loan originated
1,415000.0,49,525000.0,165.0,1,Asian,Female,35-44,80.0,Application denied
1,565000.0,47,755000.0,137.0,1,Hispanic or Latino,Joint,35-44,75.0,Loan originated
1,605000.0,<20%,755000.0,540.0,1,Other,Female,25-34,80.0,Loan originated
1,535000.0,37,665000.0,210.0,1,White,Joint,35-44,80.0,Loan originated
1,485000.0,37,785000.0,139.0,1,Asian,Female,25-34,62.0,Loan originated
1,805000.0,42,855000.0,309.0,1,White,Female,55-64,95.0,Loan originated
1,265000.0,<20%,325000.0,174.0,1,Hispanic or Latino,Male,35-44,80.0,Loan originated
1,665000.0,37,935000.0,283.0,1,White,Joint,25-34,70.968,Loan originated
1,615000.0,47,795000.0,220.0,1,Hispanic or Latino,Male,45-54,77.444,Loan originated
1,205000.0,20%-<30%,795000.0,175.0,1,Hispanic or Latino,Joint,45-54,25.0,Loan originated
1,355000.0,45,1295000.0,96.0,1,Asian,Female,25-34,28.0,Loan originated
1,465000.0,49,525000.0,117.0,1,White,Male,25-34,90.0,Loan originated
1,725000.0,49,765000.0,138.0,1,Asian,Joint,45-54,95.0,Loan originated
1,435000.0,39,455000.0,110.0,1,White,Joint,<25,97.0,Loan originated
1,435000.0,44,755000.0,96.0,1,White,Joint,55-64,71.67,Loan originated
1,135000.0,30%-<36%,425000.0,60.0,1,White,Joint,35-44,30.588,Loan originated
1,135000.0,39,175000.0,71.0,1,White,Female,55-64,80.0,Loan originated
1,385000.0,40,485000.0,120.0,1,White,Male,45-54,80.0,Application denied
1,415000.0,20%-<30%,635000.0,216.0,1,White,Joint,35-44,64.57,Loan originated
1,385000.0,38,695000.0,114.0,1,Asian,Male,25-34,55.827,Loan originated
1,515000.0,30%-<36%,535000.0,162.0,1,White,Male,25-34,95.0,Loan originated
1,305000.0,30%-<36%,375000.0,418.0,1,White,Male,45-54,80.0,Loan originated
1,705000.0,46,875000.0,214.0,1,White,Female,45-54,80.0,Loan originated
1,725000.0,20%-<30%,1375000.0,331.0,1,Asian,Male,65-74,52.656,Application denied
1,1005000.0,>60%,1165000.0,163.0,1,Hispanic or Latino,Male,35-44,85.837,Application denied
1,505000.0,20%-<30%,625000.0,308.0,1,White,Female,45-54,80.0,Loan originated
1,485000.0,20%-<30%,695000.0,245.0,1,Hispanic or Latino,Joint,35-44,70.0,Loan originated
1,355000.0,20%-<30%,395000.0,111.0,1,Hispanic or Latino,Male,45-54,90.0,Loan originated
1,275000.0,49,575000.0,57.0,1,Hispanic or Latino,Female,45-54,49.035,Loan originated
1,315000.0,43,695000.0,242.0,1,White,Joint,55-64,45.801,Loan originated
1,335000.0,48,405000.0,79.0,1,Hispanic or Latino,Female,25-34,103.0,Loan originated
1,145000.0,38,155000.0,91.0,1,White,Female,45-54,95.0,Loan originated
1,395000.0,30%-<36%,495000.0,149.0,1,White,Male,35-44,80.0,Loan originated
1,595000.0,49,625000.0,274.0,1,Black or African American,Male,25-34,95.0,Loan originated
1,635000.0,45,1255000.0,221.0,1,White,Female,35-44,50.4,Loan originated
1,635000.0,50%-60%,795000.0,168.0,1,Asian,Joint,45-54,80.0,Application denied
1,535000.0,30%-<36%,565000.0,333.0,1,Hispanic or Latino,Male,<25,95.0,Loan originated
1,315000.0,48,365000.0,65.0,1,White,Male,45-54,85.0,Loan originated
1,565000.0,43,595000.0,163.0,1,Black or African American,Joint,25-34,95.0,Loan originated
1,615000.0,49,655000.0,168.0,1,White,Male,45-54,95.0,Loan originated
1,625000.0,30%-<36%,775000.0,717.0,1,Asian,Joint,35-44,80.0,Loan originated
1,445000.0,43,495000.0,89.0,1,Hispanic or Latino,Male,35-44,90.0,Loan originated
1,405000.0,44,675000.0,93.0,1,White,Joint,55-64,60.0,Loan originated
1,745000.0,48,935000.0,240.0,1,Asian,Male,35-44,79.99,Loan originated
1,515000.0,40,535000.0,125.0,1,Hispanic or Latino,Female,25-34,96.5,Loan originated
1,95000.0,44,445000.0,59.0,1,White,Joint,55-64,20.39,Loan originated
1,585000.0,41,725000.0,171.0,1,Asian,Joint,25-34,80.0,Loan originated
1,605000.0,46,715000.0,147.0,1,Hispanic or Latino,Joint,25-34,85.0,Loan originated
1,545000.0,38,575000.0,163.0,1,Hispanic or Latino,Male,25-34,95.0,Loan originated
1,625000.0,40,785000.0,191.0,1,White,Female,55-64,80.0,Loan originated
1,525000.0,39,545000.0,138.0,1,White,Female,35-44,96.296,Application denied
1,715000.0,40,755000.0,206.0,1,Hispanic or Latino,Joint,35-44,94.933,Loan originated
1,945000.0,40,1265000.0,238.0,1,Asian,Female,25-34,75.22,Loan originated
1,1145000.0,30%-<36%,1355000.0,355.0,1,Asian,Joint,25-34,85.0,Loan originated
1,705000.0,>60%,725000.0,114.0,1,Hispanic or Latino,Male,45-54,97.0,Application denied
1,355000.0,20%-<30%,375000.0,169.0,1,White,Male,35-44,95.0,Loan originated
1,305000.0,49,435000.0,79.0,1,White,Joint,25-34,71.86,Loan originated
1,845000.0,46,1055000.0,184.0,1,White,Male,35-44,80.0,Loan originated
1,1145000.0,43,1995000.0,242.0,1,Asian,Joint,45-54,57.479,Loan originated
1,665000.0,30%-<36%,705000.0,194.0,1,White,Joint,35-44,95.0,Loan originated
1,135000.0,36,335000.0,40.0,1,Hispanic or Latino,Female,65-74,100.0,Loan originated
1,765000.0,47,955000.0,460.0,1,White,Joint,25-34,80.0,Loan originated
1,605000.0,49,625000.0,148.0,1,Black or African American,Female,35-44,97.0,Loan originated
1,525000.0,47,875000.0,152.0,1,Hispanic or Latino,Joint,45-54,60.0,Loan originated
1,455000.0,38,565000.0,114.0,1,Hispanic or Latino,Female,25-34,80.0,Loan originated
1,725000.0,20%-<30%,905000.0,268.0,1,White,Joint,35-44,80.0,Loan originated
1,225000.0,48,305000.0,47.0,1,Hispanic or Latino,Male,45-54,73.0,Loan originated
1,395000.0,48,405000.0,93.0,1,Hispanic or Latino,Male,25-34,97.0,Loan originated
1,855000.0,46,1065000.0,213.0,1,White,Joint,65-74,80.0,Loan originated
1,215000.0,30%-<36%,235000.0,204.0,1,White,Male,45-54,90.0,Loan originated
1,505000.0,46,665000.0,100.0,1,White,Male,25-34,75.564,Loan originated
1,505000.0,>60%,725000.0,69.0,1,White,Male,>74,70.0,Application denied
1,515000.0,20%-<30%,575000.0,246.0,1,Asian,Joint,35-44,89.999,Loan originated
1,695000.0,20%-<30%,925000.0,505.0,1,White,Male,55-64,74.919,Loan originated
1,1145000.0,<20%,1635000.0,700.0,1,White,Joint,25-34,70.0,Loan originated
1,555000.0,41,625000.0,144.0,1,Asian,Male,35-44,90.0,Loan originated
1,785000.0,40,1195000.0,310.0,1,Asian,Male,35-44,65.64,Loan originated
1,825000.0,39,875000.0,254.0,1,White,Male,25-34,95.0,Loan originated
1,295000.0,41,315000.0,83.0,1,Hispanic or Latino,Joint,25-34,95.0,Loan originated
1,575000.0,43,605000.0,180.0,1,Asian,Joint,35-44,95.0,Loan originated
1,765000.0,>60%,805000.0,286.0,1,Black or African American,Male,35-44,95.0,Application denied
1,65000.0,45,145000.0,56.0,1,Hispanic or Latino,Female,55-64,46.309,Loan originated
1,255000.0,30%-<36%,325000.0,109.0,1,Hispanic or Latino,Male,35-44,78.5,Loan originated
1,265000.0,46,275000.0,52.0,1,Hispanic or Latino,Female,55-64,100.0,Loan originated
1,225000.0,30%-<36%,245000.0,103.0,1,White,Male,35-44,90.0,Loan originated
1,65000.0,30%-<36%,415000.0,39.0,1,White,Female,65-74,14.458,Loan originated
1,615000.0,50%-60%,685000.0,92.0,1,Hispanic or Latino,Male,35-44,89.781,Loan originated
1,765000.0,47,825000.0,179.0,1,Asian,Joint,35-44,94.0,Loan originated
1,695000.0,48,1065000.0,213.0,1,Asian,Joint,55-64,64.991,Loan originated
1,605000.0,40,1105000.0,286.0,1,White,Male,35-44,54.545,Loan originated
1,595000.0,30%-<36%,745000.0,274.0,1,White,Male,55-64,80.0,Loan originated
1,395000.0,40,735000.0,121.0,1,Asian,Female,35-44,54.1,Loan originated
1,325000.0,39,405000.0,92.0,1,White,Female,<25,79.995,Loan originated
1,575000.0,42,725000.0,145.0,1,Asian,Male,35-44,80.0,Loan originated
1,295000.0,<20%,495000.0,275.0,1,Asian,Male,35-44,60.0,Loan originated
1,635000.0,49,675000.0,153.0,1,Hispanic or Latino,Joint,35-44,95.0,Loan originated
1,425000.0,48,525000.0,156.0,1,White,Male,35-44,80.0,Loan originated
1,555000.0,43,605000.0,151.0,1,Asian,Joint,25-34,92.0,Loan originated
1,435000.0,48,1235000.0,239.0,1,White,Joint,55-64,35.09,Loan originated
1,355000.0,44,745000.0,276.0,1,White,Joint,45-54,89.99,Loan originated
1,345000.0,49,375000.0,68.0,1,Hispanic or Latino,Male,45-54,90.0,Loan originated
1,1005000.0,48,1475000.0,529.0,1,Asian,Joint,35-44,68.0,Loan originated
1,955000.0,20%-<30%,1555000.0,321.0,1,Asian,Joint,55-64,61.36,Loan originated
1,1105000.0,44,1385000.0,298.0,1,Asian,Joint,45-54,79.5,Loan originated
1,1145000.0,39,1355000.0,425.0,1,White,Male,35-44,85.0,Loan originated
1,1075000.0,20%-<30%,1345000.0,487.0,1,Other,Female,25-34,80.0,Loan originated
1,685000.0,20%-<30%,915000.0,345.0,1,White,Joint,35-44,75.0,Loan originated
1,725000.0,49,975000.0,151.0,1,White,Female,25-34,74.0,Loan originated
1,315000.0,42,515000.0,103.0,1,White,Female,35-44,60.785,Loan originated
1,635000.0,48,705000.0,168.0,1,Asian,Male,25-34,89.887,Loan originated
1,655000.0,30%-<36%,695000.0,208.0,1,White,Joint,25-34,93.669,Loan originated
1,1005000.0,47,1435000.0,230.0,1,White,Joint,25-34,69.686,Loan originated
1,425000.0,46,525000.0,107.0,1,White,Joint,>74,80.0,Loan originated
1,645000.0,48,865000.0,134.0,1,Asian,Female,25-34,74.42,Loan originated
1,1025000.0,36,1365000.0,270.0,1,Asian,Joint,25-34,75.0,Loan originated
1,315000.0,42,325000.0,96.0,1,White,Joint,<25,100.0,Loan originated
1,545000.0,49,615000.0,98.0,1,Asian,Joint,45-54,89.99,Loan originated
1,305000.0,20%-<30%,1335000.0,354.0,1,White,Male,65-74,22.427,Loan originated
1,365000.0,42,385000.0,77.0,1,Hispanic or Latino,Joint,35-44,95.0,Loan originated
1,445000.0,44,455000.0,115.0,1,Hispanic or Latino,Male,25-34,96.393,Loan originated
1,115000.0,20%-<30%,545000.0,82.0,1,White,Female,>74,21.296,Loan originated
1,145000.0,38,245000.0,67.0,1,White,Female,25-34,59.839,Loan originated
1,425000.0,44,505000.0,100.0,1,Asian,Female,45-54,104.2,Loan originated
1,905000.0,38,1005000.0,455.0,1,Hispanic or Latino,Female,35-44,90.0,Loan originated
1,555000.0,20%-<30%,585000.0,367.0,1,White,Joint,45-54,95.0,Loan originated
1,675000.0,39,875000.0,199.0,1,Hispanic or Latino,Male,55-64,77.486,Loan originated
1,425000.0,44,455000.0,105.0,1,White,Male,35-44,95.0,Loan originated
1,575000.0,30%-<36%,605000.0,384.0,1,Asian,Joint,25-34,95.0,Loan originated
1,165000.0,20%-<30%,595000.0,103.0,1,White,Joint,65-74,26.667,Loan originated
1,305000.0,41,385000.0,75.0,1,Hispanic or Latino,Joint,35-44,80.0,Loan originated
1,575000.0,48,725000.0,255.0,1,White,Joint,25-34,78.759,Loan originated
1,485000.0,45,555000.0,200.0,1,White,Female,35-44,95.0,Loan originated
1,555000.0,20%-<30%,1155000.0,327.0,1,White,Joint,25-34,47.826,Loan originated
1,855000.0,45,1455000.0,459.0,1,White,Joint,35-44,58.649,Loan originated
1,385000.0,30%-<36%,485000.0,138.0,1,Hispanic or Latino,Female,35-44,80.0,Loan originated
1,305000.0,20%-<30%,555000.0,132.0,1,Black or African American,Female,25-34,54.545,Loan originated
1,255000.0,20%-<30%,1135000.0,172.0,1,White,Male,65-74,22.024,Loan originated
1,335000.0,41,355000.0,98.0,1,Hispanic or Latino,Male,35-44,95.0,Loan originated
1,385000.0,40,425000.0,108.0,1,Hispanic or Latino,Female,35-44,92.74,Loan originated
1,375000.0,20%-<30%,625000.0,177.0,1,Asian,Male,35-44,60.0,Loan originated
1,605000.0,48,645000.0,149.0,1,White,Male,45-54,95.0,Loan originated
1,1105000.0,<20%,2905000.0,758.0,1,White,Joint,35-44,37.931,Loan originated
1,85000.0,50%-60%,95000.0,62.0,1,White,Female,65-74,95.0,Application denied
1,765000.0,43,995000.0,165.0,1,White,Male,65-74,76.65,Loan originated
1,425000.0,30%-<36%,435000.0,145.0,1,White,Joint,25-34,97.0,Loan originated
1,115000.0,20%-<30%,635000.0,206.0,1,White,Joint,55-64,17.214,Loan originated
1,755000.0,44,945000.0,312.0,1,Black or African American,Female,45-54,80.0,Loan originated
1,395000.0,41,495000.0,94.0,1,Black or African American,Female,25-34,79.96,Loan originated
1,505000.0,46,525000.0,174.0,1,White,Joint,35-44,95.0,Loan originated
1,325000.0,>60%,1125000.0,50.0,1,White,Male,65-74,29.086,Application denied
1,645000.0,30%-<36%,895000.0,304.0,1,White,Female,45-54,71.91,Loan originated
1,665000.0,46,705000.0,126.0,1,Hispanic or Latino,Joint,<25,95.0,Loan originated
1,975000.0,20%-<30%,1215000.0,462.0,1,White,Joint,35-44,80.0,Loan originated
1,765000.0,30%-<36%,855000.0,303.0,1,White,Male,35-44,90.0,Loan originated
1,635000.0,42,735000.0,168.0,1,Asian,Joint,25-34,86.486,Application denied
1,415000.0,41,965000.0,181.0,1,Asian,Joint,25-34,42.936,Loan originated
1,1015000.0,41,1075000.0,318.0,1,Asian,Joint,35-44,95.0,Loan originated
1,645000.0,49,1125000.0,155.0,1,White,Male,55-64,57.32,Loan originated
1,625000.0,38,835000.0,169.0,1,Asian,Male,45-54,75.0,Loan originated
1,995000.0,30%-<36%,1105000.0,305.0,1,White,Joint,35-44,90.0,Loan originated
1,905000.0,30%-<36%,1025000.0,245.0,1,Asian,Male,35-44,89.0,Loan originated
1,235000.0,38,475000.0,79.0,1,White,Joint,55-64,50.0,Loan originated
1,1145000.0,39,1665000.0,310.0,1,Asian,Joint,25-34,69.27,Loan originated
1,565000.0,44,595000.0,133.0,1,Hispanic or Latino,Male,45-54,98.0,Loan originated
1,385000.0,43,415000.0,90.0,1,Hispanic or Latino,Male,25-34,95.0,Loan originated
1,525000.0,44,655000.0,336.0,1,White,Female,35-44,80.0,Loan originated
1,575000.0,46,725000.0,220.0,1,Hispanic or Latino,Male,25-34,80.0,Loan originated
1,505000.0,43,635000.0,110.0,1,Asian,Joint,25-34,80.0,Loan originated
1,525000.0,41,745000.0,153.0,1,Asian,Joint,<25,69.799,Loan originated
1,415000.0,30%-<36%,465000.0,138.0,1,White,Joint,35-44,90.0,Loan originated
