loan_purpose,loan_amount,debt_to_income_ratio,property_value,income,occupancy_type,derived_race,derived_sex,applicant_age,loan_to_value_ratio,action_taken
1,535000.0,50%-60%,735000.0,142.0,1,White,Male,35-44,72.603,Application denied
1,725000.0,41,965000.0,206.0,1,White,Joint,55-64,75.0,Loan originated
1,475000.0,42,635000.0,150.0,1,Hispanic or Latino,Male,25-34,75.0,Loan originated
1,415000.0,49,465000.0,105.0,1,White,Male,35-44,90.0,Loan originated
1,495000.0,20%-<30%,835000.0,268.0,1,Asian,Joint,25-34,59.4,Loan originated
1,615000.0,20%-<30%,895000.0,338.0,1,White,Joint,35-44,69.0,Loan originated
1,865000.0,40,915000.0,223.0,1,Asian,Joint,25-34,95.0,Loan originated
1,335000.0,50%-60%,515000.0,57.0,1,Asian,Male,25-34,65.0,Loan originated
1,995000.0,43,1055000.0,279.0,1,White,Male,45-54,95.0,Loan originated
1,355000.0,40,435000.0,88.0,1,White,Female,55-64,102.8,Loan originated
1,705000.0,20%-<30%,875000.0,390.0,1,Asian,Joint,45-54,80.0,Loan originated
1,1145000.0,44,1205000.0,300.0,1,Asian,Female,35-44,95.0,Loan originated
1,535000.0,46,525000.0,153.0,1,Hispanic or Latino,Joint,25-34,101.75,Loan originated
1,655000.0,30%-<36%,745000.0,232.0,1,Asian,Male,35-44,89.0,Loan originated
1,205000.0,38,1155000.0,81.0,1,Asian,Male,25-34,17.39,Loan originated
1,345000.0,37,775000.0,134.0,1,White,Female,55-64,44.805,Loan originated
1,395000.0,41,675000.0,155.0,1,Hispanic or Latino,Female,65-74,57.78,Loan originated
1,725000.0,41,905000.0,165.0,1,White,Female,35-44,80.0,Loan originated
1,845000.0,47,1065000.0,200.0,1,Asian,Male,25-34,80.0,Loan originated
1,185000.0,20%-<30%,375000.0,264.0,1,White,Joint,35-44,50.0,Loan originated
1,445000.0,47,585000.0,86.0,1,Hispanic or Latino,Male,25-34,75.86,Loan originated
1,245000.0,20%-<30%,695000.0,100.0,1,White,Male,45-54,34.532,Application denied
1,715000.0,20%-<30%,805000.0,336.0,1,White,Joint,35-44,88.75,Loan originated
1,765000.0,42,965000.0,287.0,1,White,Joint,45-54,79.436,Loan originated
1,585000.0,41,725000.0,140.0,1,Hispanic or Latino,Joint,35-44,80.0,Loan originated
1,415000.0,50%-60%,525000.0,110.0,1,White,Female,55-64,80.0,Loan originated
1,265000.0,48,285000.0,169.0,1,Asian,Joint,25-34,95.0,Loan originated
1,835000.0,30%-<36%,985000.0,265.0,1,Asian,Male,35-44,85.0,Application denied
1,495000.0,30%-<36%,545000.0,200.0,1,Asian,Male,45-54,90.0,Loan originated
1,1125000.0,45,1405000.0,323.0,1,Asian,Joint,25-34,80.0,Loan originated
1,645000.0,40,805000.0,194.0,1,White,Male,35-44,80.0,Loan originated
1,435000.0,46,535000.0,92.0,1,Asian,Male,35-44,82.0,Loan originated
1,555000.0,20%-<30%,915000.0,343.0,1,White,Male,65-74,60.44,Loan originated
1,535000.0,50%-60%,685000.0,104.0,1,White,Male,35-44,78.099,Application denied
1,795000.0,30%-<36%,995000.0,229.0,1,White,Joint,25-34,80.0,Loan originated
1,435000.0,30%-<36%,515000.0,185.0,1,White,Joint,65-74,84.795,Loan originated
1,785000.0,49,875000.0,287.0,1,Asian,Female,25-34,90.0,Loan originated
1,865000.0,43,1075000.0,248.0,1,Hispanic or Latino,Male,35-44,80.0,Loan originated
1,765000.0,30%-<36%,805000.0,476.0,1,White,Male,45-54,95.0,Loan originated
1,355000.0,20%-<30%,705000.0,146.0,1,White,Joint,25-34,50.0,Loan originated
1,605000.0,46,805000.0,203.0,1,Asian,Joint,45-54,75.0,Loan originated
1,555000.0,44,585000.0,148.0,1,White,Female,55-64,95.0,Loan originated
1,605000.0,39,1525000.0,266.0,1,Asian,Joint,45-54,39.28,Loan originated
1,585000.0,45,735000.0,150.0,1,Asian,Joint,35-44,80.0,Loan originated
1,485000.0,42,605000.0,185.0,1,White,Female,45-54,80.0,Loan originated
1,1065000.0,40,1255000.0,245.0,1,White,Male,35-44,85.0,Loan originated
1,335000.0,30%-<36%,665000.0,217.0,1,White,Joint,35-44,50.0,Loan originated
1,355000.0,39,485000.0,99.0,1,Hispanic or Latino,Female,35-44,75.0,Loan originated
1,405000.0,50%-60%,435000.0,97.0,1,Hispanic or Latino,Joint,<25,95.0,Loan originated
1,275000.0,20%-<30%,575000.0,251.0,1,Asian,Joint,25-34,47.37,Loan originated
1,735000.0,42,925000.0,210.0,1,Asian,Joint,25-34,80.0,Loan originated
1,525000.0,49,725000.0,99.0,1,White,Female,55-64,72.0,Loan originated
1,215000.0,49,735000.0,80.0,1,White,Joint,65-74,28.638,Loan originated
1,445000.0,45,555000.0,102.0,1,White,Female,35-44,80.0,Loan originated
1,345000.0,49,825000.0,81.0,1,White,Joint,>74,41.0,Loan originated
1,845000.0,30%-<36%,1055000.0,493.0,1,Asian,Female,45-54,80.0,Loan originated
1,365000.0,46,405000.0,86.0,1,Black or African American,Female,35-44,90.0,Loan originated
1,315000.0,48,515000.0,71.0,1,Asian,Male,45-54,60.146,Loan originated
1,1125000.0,43,1505000.0,400.0,1,Asian,Female,45-54,88.157,Loan originated
1,885000.0,46,1105000.0,184.0,1,Asian,Joint,25-34,80.0,Loan originated
1,545000.0,46,615000.0,116.0,1,Asian,Joint,35-44,90.0,Loan originated
1,875000.0,47,1295000.0,286.0,1,White,Joint,35-44,69.0,Loan originated
1,685000.0,45,765000.0,169.0,1,Asian,Joint,25-34,90.0,Loan originated
1,765000.0,37,1075000.0,263.0,1,White,Joint,35-44,71.256,Loan originated
1,705000.0,20%-<30%,1385000.0,544.0,1,White,Male,65-74,51.0,Loan originated
1,145000.0,20%-<30%,185000.0,90.0,1,Hispanic or Latino,Male,35-44,80.0,Loan originated
1,1105000.0,43,1225000.0,373.0,1,Asian,Male,35-44,89.99,Loan originated
1,915000.0,43,1215000.0,228.0,1,Asian,Joint,35-44,75.0,Loan originated
1,1125000.0,42,1705000.0,439.0,1,White,Joint,55-64,66.166,Loan originated
1,155000.0,<20%,195000.0,156.0,1,Asian,Male,55-64,78.947,Loan originated
1,475000.0,48,865000.0,106.0,1,White,Female,35-44,54.913,Loan originated
1,485000.0,43,605000.0,139.0,1,White,Male,45-54,80.0,Loan originated
1,155000.0,<20%,985000.0,156.0,1,Asian,Female,35-44,15.229,Loan originated
1,585000.0,49,1095000.0,125.0,1,White,Female,35-44,52.968,Loan originated
1,385000.0,43,475000.0,100.0,1,Hispanic or Latino,Male,35-44,80.0,Application denied
1,425000.0,<20%,525000.0,314.0,1,White,Joint,35-44,80.0,Loan originated
1,1045000.0,30%-<36%,1305000.0,440.0,1,Hispanic or Latino,Male,55-64,80.0,Loan originated
1,705000.0,38,885000.0,186.0,1,White,Male,25-34,80.0,Loan originated
1,35000.0,30%-<36%,45000.0,71.0,1,White,Female,55-64,77.31,Application denied
1,385000.0,39,425000.0,89.0,1,Hispanic or Latino,Female,25-34,90.0,Loan originated
1,375000.0,43,445000.0,94.0,1,Hispanic or Latino,Joint,45-54,104.699,Loan originated
1,885000.0,46,1305000.0,255.0,1,White,Joint,35-44,69.0,Loan originated
1,425000.0,39,465000.0,111.0,1,White,Male,45-54,90.395,Loan originated
1,275000.0,30%-<36%,425000.0,482.0,1,White,Male,55-64,64.706,Loan originated
1,335000.0,41,475000.0,98.0,1,White,Male,25-34,70.0,Loan originated
1,435000.0,43,545000.0,111.0,1,Asian,Male,25-34,80.0,Loan originated
1,455000.0,48,535000.0,210.0,1,Asian,Male,55-64,85.0,Loan originated
1,605000.0,30%-<36%,755000.0,200.0,1,Hispanic or Latino,Joint,45-54,80.0,Loan originated
1,685000.0,37,1055000.0,176.0,1,Hispanic or Latino,Female,35-44,64.76,Application denied
1,505000.0,40,925000.0,134.0,1,Hispanic or Latino,Joint,45-54,54.35,Loan originated
1,135000.0,44,175000.0,65.0,1,Hispanic or Latino,Female,25-34,80.88,Application denied
1,585000.0,49,735000.0,180.0,1,White,Joint,25-34,80.0,Loan originated
1,435000.0,30%-<36%,545000.0,216.0,1,Hispanic or Latino,Female,35-44,80.0,Loan originated
1,765000.0,49,965000.0,30.0,1,White,Female,45-54,80.0,Loan originated
1,445000.0,36,455000.0,135.0,1,White,Joint,25-34,97.0,Loan originated
1,405000.0,45,795000.0,92.0,1,White,Male,25-34,51.0,Loan originated
1,305000.0,47,375000.0,97.0,1,Hispanic or Latino,Female,45-54,80.0,Loan originated
1,445000.0,30%-<36%,555000.0,128.0,1,Asian,Female,25-34,80.0,Loan originated
1,425000.0,<20%,1045000.0,353.0,1,White,Joint,45-54,40.67,Loan originated
1,605000.0,20%-<30%,805000.0,300.0,1,Asian,Joint,45-54,74.535,Loan originated
1,455000.0,30%-<36%,475000.0,175.0,1,White,Joint,35-44,95.0,Loan originated
1,225000.0,44,235000.0,119.0,1,Black or African American,Female,35-44,101.94,Loan originated
1,645000.0,47,805000.0,600.0,1,White,Female,55-64,80.0,Loan originated
1,745000.0,42,875000.0,177.0,1,Asian,Joint,25-34,85.0,Loan originated
1,1085000.0,38,1355000.0,305.0,1,Asian,Male,35-44,80.0,Loan originated
1,485000.0,47,745000.0,117.0,1,Asian,Female,55-64,65.727,Loan originated
1,505000.0,30%-<36%,1535000.0,214.0,1,White,Male,55-64,32.478,Loan originated
1,205000.0,48,775000.0,60.0,1,Hispanic or Latino,Male,55-64,25.974,Loan originated
1,195000.0,47,215000.0,77.0,1,Black or African American,Female,35-44,99.75,Loan originated
1,455000.0,49,475000.0,125.0,1,Black or African American,Female,25-34,100.0,Application denied
1,475000.0,48,635000.0,148.0,1,Hispanic or Latino,Male,25-34,75.0,Loan originated
1,565000.0,37,755000.0,162.0,1,Asian,Male,35-44,75.0,Loan originated
1,285000.0,43,625000.0,78.0,1,White,Male,55-64,45.425,Loan originated
1,265000.0,20%-<30%,295000.0,96.0,1,Hispanic or Latino,Male,25-34,95.0,Loan originated
1,585000.0,49,735000.0,140.0,1,White,Joint,25-34,80.0,Loan originated
1,635000.0,37,735000.0,173.0,1,White,Joint,45-54,86.339,Loan originated
1,205000.0,48,585000.0,54.0,1,Asian,Male,25-34,34.48,Loan originated
1,725000.0,42,915000.0,175.0,1,White,Joint,25-34,80.0,Loan originated
1,325000.0,37,405000.0,107.0,1,Hispanic or Latino,Male,25-34,100.0,Loan originated
1,355000.0,36,445000.0,244.0,1,Hispanic or Latino,Male,45-54,80.0,Loan originated
1,165000.0,39,225000.0,55.0,1,White,Male,65-74,71.7,Loan originated
1,765000.0,45,805000.0,227.0,1,White,Joint,25-34,95.0,Loan originated
1,1105000.0,48,1165000.0,284.0,1,Hispanic or Latino,Male,45-54,95.0,Loan originated
1,465000.0,<20%,575000.0,0.0,1,White,Male,55-64,80.0,Loan originated
1,485000.0,36,605000.0,122.0,1,Asian,Male,25-34,80.0,Loan originated
1,625000.0,39,825000.0,174.0,1,White,Joint,45-54,75.0,Loan originated
1,625000.0,45,695000.0,250.0,1,White,Male,25-34,90.0,Loan originated
1,695000.0,40,965000.0,188.0,1,White,Male,45-54,71.73,Loan originated
1,705000.0,47,1725000.0,266.0,1,Asian,Joint,55-64,40.51,Loan originated
1,665000.0,43,735000.0,200.0,1,White,Male,55-64,89.973,Loan originated
1,315000.0,20%-<30%,615000.0,153.0,1,Asian,Male,45-54,51.299,Loan originated
1,155000.0,47,165000.0,143.0,1,White,Joint,45-54,96.06,Loan originated
1,755000.0,30%-<36%,935000.0,193.0,1,Asian,Joint,25-34,80.0,Loan originated
1,515000.0,39,825000.0,123.0,1,Hispanic or Latino,Male,35-44,55.0,Application denied
1,705000.0,47,785000.0,131.0,1,Asian,Female,45-54,89.9,Loan originated
1,65000.0,48,75000.0,37.0,1,White,Male,55-64,95.0,Application denied
1,635000.0,30%-<36%,985000.0,192.0,1,Asian,Joint,35-44,64.286,Loan originated
1,475000.0,49,535000.0,118.0,1,Asian,Joint,25-34,89.99,Loan originated
1,525000.0,41,555000.0,147.0,1,Hispanic or Latino,Joint,25-34,95.0,Loan originated
1,995000.0,43,1105000.0,231.0,1,Asian,Male,35-44,89.59,Loan originated
1,435000.0,49,505000.0,106.0,1,Hispanic or Latino,Joint,35-44,87.0,Loan originated
1,475000.0,40,595000.0,135.0,1,Asian,Female,55-64,80.0,Loan originated
1,495000.0,47,995000.0,148.0,1,Hispanic or Latino,Joint,25-34,100.251,Loan originated
1,425000.0,43,475000.0,125.0,1,Hispanic or Latino,Female,25-34,90.0,Loan originated
1,355000.0,30%-<36%,445000.0,129.0,1,White,Joint,35-44,80.0,Loan originated
1,355000.0,36,615000.0,122.0,1,White,Female,35-44,57.464,Loan originated
1,765000.0,49,785000.0,188.0,1,Asian,Joint,35-44,100.0,Loan originated
1,775000.0,39,1165000.0,229.0,1,White,Joint,35-44,66.379,Loan originated
1,445000.0,44,555000.0,144.0,1,Other,Male,25-34,80.0,Loan originated
1,735000.0,36,815000.0,217.0,1,Hispanic or Latino,Joint,35-44,90.0,Loan originated
1,425000.0,30%-<36%,535000.0,172.0,1,Hispanic or Latino,Female,35-44,80.0,Application denied
1,555000.0,49,575000.0,131.0,1,Hispanic or Latino,Female,25-34,99.62,Loan originated
1,725000.0,>60%,1375000.0,143.0,1,White,Female,45-54,52.288,Application denied
1,445000.0,49,495000.0,123.0,1,Asian,Male,45-54,90.0,Loan originated
1,385000.0,44,405000.0,88.0,1,White,Male,25-34,95.0,Loan originated
1,685000.0,20%-<30%,855000.0,257.0,1,Asian,Joint,35-44,80.0,Loan originated
1,975000.0,44,1295000.0,234.0,1,Asian,Joint,25-34,74.99,Loan originated
1,295000.0,20%-<30%,595000.0,165.0,1,Asian,Joint,55-64,49.917,Loan originated
1,625000.0,45,655000.0,150.0,1,Asian,Male,35-44,95.0,Loan originated
1,175000.0,20%-<30%,555000.0,127.0,1,Asian,Male,55-64,30.909,Loan originated
1,885000.0,41,935000.0,266.0,1,White,Joint,35-44,95.0,Loan originated
1,655000.0,49,2615000.0,175.0,1,Asian,Female,25-34,24.828,Loan originated
1,425000.0,46,535000.0,92.0,1,Hispanic or Latino,Female,35-44,80.0,Loan originated
1,505000.0,48,635000.0,120.0,1,White,Joint,25-34,80.0,Loan originated
1,575000.0,40,685000.0,149.0,1,Asian,Male,35-44,85.0,Loan originated
1,1055000.0,39,1315000.0,371.0,1,Asian,Male,25-34,80.0,Loan originated
1,595000.0,40,855000.0,142.0,1,Hispanic or Latino,Joint,35-44,70.0,Loan originated
1,1065000.0,44,2265000.0,250.0,1,Asian,Male,25-34,46.903,Loan originated
1,355000.0,45,395000.0,105.0,1,Asian,Male,25-34,90.0,Loan originated
1,655000.0,30%-<36%,1075000.0,180.0,1,White,Joint,25-34,60.465,Loan originated
1,845000.0,20%-<30%,1055000.0,511.0,1,Asian,Female,35-44,80.0,Loan originated
1,705000.0,48,835000.0,168.0,1,White,Joint,35-44,85.0,Loan originated
1,815000.0,<20%,1015000.0,414.0,1,Black or African American,Male,25-34,80.0,Loan originated
1,375000.0,20%-<30%,975000.0,245.0,1,White,Male,25-34,38.356,Loan originated
1,665000.0,41,685000.0,141.0,1,White,Male,45-54,97.0,Loan originated
1,405000.0,49,475000.0,77.0,1,White,Joint,25-34,85.0,Loan originated
1,345000.0,47,385000.0,107.0,1,Hispanic or Latino,Female,25-34,89.474,Loan originated
1,175000.0,30%-<36%,195000.0,128.0,1,Hispanic or Latino,Female,45-54,90.0,Application denied
1,535000.0,30%-<36%,765000.0,180.0,1,White,Female,35-44,70.0,Loan originated
1,475000.0,37,525000.0,174.0,1,Hispanic or Latino,Male,35-44,90.0,Loan originated
1,335000.0,30%-<36%,585000.0,144.0,1,White,Joint,65-74,57.594,Loan originated
1,425000.0,49,925000.0,136.0,1,Asian,Male,35-44,72.826,Loan originated
1,455000.0,46,615000.0,110.0,1,White,Male,<25,75.0,Loan originated
1,505000.0,47,525000.0,142.0,1,Hispanic or Latino,Joint,25-34,97.0,Loan originated
1,685000.0,49,715000.0,280.0,1,Asian,Female,45-54,95.0,Loan originated
1,355000.0,43,375000.0,98.0,1,White,Female,25-34,94.913,Loan originated
1,225000.0,<20%,385000.0,154.0,1,Hispanic or Latino,Joint,45-54,60.0,Loan originated
1,345000.0,47,445000.0,102.0,1,White,Female,35-44,78.0,Loan originated
1,755000.0,41,1205000.0,223.0,1,White,Joint,65-74,62.44,Loan originated
1,1105000.0,41,1165000.0,346.0,1,Asian,Male,35-44,95.0,Loan originated
1,435000.0,30%-<36%,835000.0,291.0,1,Hispanic or Latino,Male,45-54,52.1,Loan originated
1,335000.0,47,425000.0,87.0,1,White,Female,35-44,80.0,Loan originated
1,295000.0,49,415000.0,71.0,1,Asian,Male,45-54,69.545,Loan originated
1,455000.0,43,725000.0,106.0,1,White,Male,25-34,62.069,Loan originated
1,665000.0,30%-<36%,895000.0,250.0,1,White,Female,45-54,74.607,Loan originated
1,515000.0,40,785000.0,129.0,1,Asian,Female,45-54,64.99953,Loan originated
1,455000.0,30%-<36%,645000.0,190.0,1,White,Male,55-64,70.342,Loan originated
1,695000.0,47,735000.0,148.0,1,White,Female,35-44,95.0,Loan originated
1,765000.0,30%-<36%,885000.0,284.0,1,Black or African American,Female,45-54,88.0,Loan originated
1,935000.0,39,1265000.0,319.0,1,White,Male,35-44,74.0,Loan originated
1,385000.0,30%-<36%,485000.0,146.0,1,White,Male,25-34,80.0,Loan originated
1,305000.0,20%-<30%,405000.0,331.0,1,Asian,Male,35-44,75.0,Loan originated
1,565000.0,49,755000.0,107.0,1,Asian,Male,25-34,75.0,Loan originated
1,1185000.0,30%-<36%,1735000.0,653.0,1,White,Male,35-44,89.9,Loan originated
1,735000.0,37,815000.0,215.0,1,White,Joint,25-34,90.0,Loan originated
1,615000.0,47,765000.0,127.0,1,White,Joint,35-44,80.0,Loan originated
1,755000.0,41,835000.0,192.0,1,Asian,Male,35-44,89.94,Loan originated
1,275000.0,30%-<36%,905000.0,107.0,1,White,Female,45-54,71.517,Loan originated
1,385000.0,44,385000.0,106.0,1,White,Joint,35-44,49.105,Loan originated
1,455000.0,<20%,1155000.0,390.0,1,Asian,Joint,45-54,40.0,Loan originated
1,765000.0,20%-<30%,1655000.0,449.0,1,White,Joint,45-54,46.364,Loan originated
1,405000.0,47,765000.0,93.0,1,White,Female,25-34,52.425,Loan originated
1,425000.0,48,475000.0,87.0,1,Hispanic or Latino,Male,25-34,89.4,Loan originated
1,765000.0,46,835000.0,240.0,1,White,Joint,25-34,92.355,Loan originated
1,505000.0,38,995000.0,163.0,1,Asian,Male,55-64,51.011,Loan originated
1,525000.0,43,545000.0,131.0,1,Other,Male,35-44,97.0,Loan originated
1,315000.0,30%-<36%,515000.0,103.0,1,White,Male,55-64,61.165,Loan originated
1,165000.0,20%-<30%,1015000.0,126.0,1,White,Male,55-64,16.256,Loan originated
1,625000.0,49,735000.0,140.0,1,White,Female,45-54,85.0,Loan originated
1,385000.0,41,475000.0,155.0,1,White,Female,35-44,80.0,Loan originated
1,875000.0,50%-60%,1025000.0,133.0,1,Hispanic or Latino,Male,35-44,85.409,Loan originated
1,555000.0,46,1205000.0,177.0,1,White,Joint,65-74,45.83,Loan originated
1,365000.0,48,465000.0,78.0,1,Asian,Male,35-44,78.913,Loan originated
1,345000.0,47,365000.0,67.0,1,Hispanic or Latino,Female,25-34,95.0,Loan originated
1,205000.0,48,455000.0,53.0,1,Hispanic or Latino,Female,<25,44.444,Loan originated
1,565000.0,46,635000.0,140.0,1,White,Female,45-54,90.0,Loan originated
1,1035000.0,20%-<30%,1385000.0,439.0,1,Asian,Joint,35-44,75.0,Loan originated
1,885000.0,30%-<36%,1105000.0,311.0,1,White,Male,45-54,80.0,Loan originated
1,715000.0,30%-<36%,765000.0,267.0,1,White,Joint,35-44,95.0,Loan originated
1,215000.0,44,665000.0,60.0,1,White,Female,55-64,31.818,Loan originated
1,615000.0,30%-<36%,725000.0,190.0,1,Hispanic or Latino,Male,55-64,85.0,Loan originated
1,1115000.0,20%-<30%,1315000.0,507.0,1,White,Joint,35-44,85.115,Loan originated
1,495000.0,45,985000.0,120.0,1,White,Female,45-54,100.607,Loan originated
1,275000.0,38,405000.0,121.0,1,Hispanic or Latino,Joint,<25,69.0,Loan originated
1,435000.0,20%-<30%,695000.0,397.0,1,Asian,Female,25-34,62.32,Loan originated
1,365000.0,47,465000.0,107.0,1,Asian,Female,35-44,80.0,Loan originated
1,495000.0,48,565000.0,147.0,1,Asian,Male,<25,88.0,Loan originated
1,585000.0,47,735000.0,148.0,1,White,Joint,25-34,80.0,Loan originated
1,465000.0,30%-<36%,535000.0,230.0,1,Hispanic or Latino,Joint,35-44,86.879,Loan originated
1,385000.0,>60%,405000.0,31.0,1,Hispanic or Latino,Male,35-44,97.0,Application denied
1,455000.0,<20%,925000.0,301.0,1,Hispanic or Latino,Joint,55-64,48.913,Loan originated
1,785000.0,41,1185000.0,192.0,1,White,Male,55-64,66.102,Loan originated
1,605000.0,36,1405000.0,233.0,1,Asian,Female,35-44,42.857,Loan originated
1,515000.0,20%-<30%,645000.0,266.0,1,Asian,Joint,35-44,80.0,Loan originated
1,945000.0,42,1185000.0,342.0,1,Asian,Joint,35-44,80.0,Loan originated
1,535000.0,48,565000.0,128.0,1,Asian,Female,35-44,95.0,Loan originated
1,445000.0,48,555000.0,112.0,1,White,Joint,>74,80.0,Loan originated
1,725000.0,39,905000.0,232.0,1,Asian,Male,25-34,80.0,Loan originated
1,825000.0,50%-60%,1255000.0,472.0,1,White,Joint,55-64,66.0,Application denied
1,955000.0,49,1305000.0,204.0,1,Asian,Male,25-34,73.08,Loan originated
1,665000.0,43,735000.0,157.0,1,Hispanic or Latino,Female,35-44,90.0,Loan originated
1,445000.0,30%-<36%,565000.0,134.0,1,Hispanic or Latino,Male,25-34,80.0,Loan originated
1,525000.0,42,655000.0,120.0,1,White,Joint,45-54,80.0,Loan originated
1,135000.0,<20%,265000.0,152.0,1,White,Joint,25-34,52.34,Loan originated
1,535000.0,30%-<36%,965000.0,213.0,1,White,Female,45-54,55.0,Loan originated
1,615000.0,45,765000.0,129.0,1,Asian,Female,55-64,99.51,Loan originated
1,545000.0,45,655000.0,194.0,1,White,Joint,25-34,83.283,Loan originated
1,585000.0,49,1385000.0,174.0,1,Asian,Female,35-44,42.029,Loan originated
1,1125000.0,30%-<36%,1405000.0,332.0,1,Asian,Joint,25-34,80.0,Loan originated
1,715000.0,47,745000.0,195.0,1,Other,Male,25-34,96.081,Application denied
1,585000.0,49,655000.0,275.0,1,Hispanic or Latino,Joint,35-44,90.0,Loan originated
1,265000.0,42,565000.0,90.0,1,White,Male,65-74,47.022,Loan originated
1,1065000.0,38,1415000.0,314.0,1,Asian,Male,25-34,75.0,Loan originated
1,345000.0,43,355000.0,77.0,1,White,Male,55-64,97.0,Loan originated
1,455000.0,45,575000.0,99.0,1,Hispanic or Latino,Joint,25-34,80.0,Loan originated
1,85000.0,<20%,875000.0,230.0,1,White,Joint,65-74,9.714,Loan originated
1,535000.0,49,565000.0,108.0,1,White,Joint,25-34,95.0,Loan originated
1,825000.0,38,915000.0,250.0,1,Asian,Female,45-54,90.0,Loan originated
1,695000.0,42,875000.0,170.0,1,Asian,Joint,35-44,80.0,Loan originated
1,315000.0,44,335000.0,160.0,1,Hispanic or Latino,Female,<25,95.0,Loan originated
1,175000.0,44,575000.0,120.0,1,White,Joint,55-64,30.718,Loan originated
1,1065000.0,48,1125000.0,342.0,1,Hispanic or Latino,Joint,25-34,94.95,Loan originated
1,755000.0,20%-<30%,1085000.0,376.0,1,White,Male,65-74,70.0,Loan originated
1,435000.0,49,485000.0,85.0,1,Asian,Joint,55-64,90.0,Loan originated
1,675000.0,47,705000.0,139.0,1,Hispanic or Latino,Joint,45-54,97.0,Loan originated
1,515000.0,43,575000.0,122.0,1,Hispanic or Latino,Female,35-44,89.99,Loan originated
1,355000.0,48,605000.0,105.0,1,White,Joint,25-34,59.0,Loan originated
1,605000.0,48,665000.0,130.0,1,Asian,Male,35-44,90.0,Loan originated
1,765000.0,50%-60%,835000.0,151.0,1,White,Joint,>74,91.365,Application denied
1,605000.0,20%-<30%,895000.0,225.0,1,White,Female,35-44,66.815,Loan originated
1,545000.0,47,725000.0,246.0,1,Asian,Joint,45-54,75.0,Loan originated
1,705000.0,49,895000.0,261.0,1,White,Male,35-44,78.261,Loan originated
1,55000.0,50%-60%,75000.0,30.0,1,White,Female,65-74,67.05,Application denied
1,195000.0,49,365000.0,42.0,1,Asian,Male,45-54,52.349,Loan originated
1,545000.0,38,645000.0,160.0,1,White,Male,35-44,85.0,Application denied
1,375000.0,47,1375000.0,139.0,1,White,Joint,45-54,27.01,Loan originated
1,495000.0,41,615000.0,108.0,1,White,Joint,25-34,80.0,Loan originated
1,695000.0,48,935000.0,176.0,1,White,Female,>74,75.0,Loan originated
1,415000.0,30%-<36%,515000.0,107.0,1,White,Male,45-54,80.0,Loan originated
1,465000.0,37,575000.0,187.0,1,Hispanic or Latino,Joint,65-74,80.0,Loan originated
1,285000.0,42,485000.0,87.0,1,Hispanic or Latino,Joint,35-44,58.68,Loan originated
1,625000.0,45,645000.0,182.0,1,White,Joint,25-34,100.0,Loan originated
1,65000.0,41,75000.0,189.0,1,Hispanic or Latino,Male,55-64,90.0,Loan originated
1,765000.0,45,1005000.0,347.0,1,Asian,Male,35-44,77.0,Loan originated
1,955000.0,40,2255000.0,309.0,1,White,Joint,65-74,42.422,Loan originated
1,165000.0,46,215000.0,41.0,1,White,Female,45-54,80.0,Loan originated
1,505000.0,48,565000.0,114.0,1,Hispanic or Latino,Female,45-54,89.98,Loan originated
1,525000.0,30%-<36%,755000.0,217.0,1,White,Male,35-44,70.0,Loan originated
1,405000.0,50%-60%,5205000.0,264.0,1,White,Male,45-54,7.69,Loan originated
1,615000.0,46,645000.0,216.0,1,Black or African American,Male,35-44,95.0,Loan originated
1,555000.0,41,725000.0,454.0,1,Black or African American,Female,45-54,89.92,Loan originated
1,715000.0,45,895000.0,162.0,1,Hispanic or Latino,Male,25-34,80.0,Loan originated
1,705000.0,43,825000.0,174.0,1,Hispanic or Latino,Joint,<25,85.366,Loan originated
1,725000.0,43,1665000.0,175.0,1,Asian,Male,25-34,43.616,Loan originated
1,565000.0,42,585000.0,143.0,1,Hispanic or Latino,Female,55-64,97.0,Loan originated
1,315000.0,20%-<30%,345000.0,120.0,1,Asian,Male,25-34,90.0,Loan originated
1,775000.0,43,975000.0,180.0,1,White,Female,65-74,80.0,Loan originated
1,405000.0,48,555000.0,67.0,1,Asian,Male,45-54,72.804,Loan originated
1,565000.0,43,885000.0,184.0,1,White,Joint,45-54,63.28,Loan originated
1,895000.0,49,945000.0,289.0,1,White,Male,25-34,95.0,Loan originated
1,415000.0,49,435000.0,96.0,1,Other,Male,45-54,96.55,Loan originated
1,855000.0,48,1145000.0,205.0,1,Asian,Joint,55-64,75.0,Loan originated
1,745000.0,47,785000.0,192.0,1,White,Male,55-64,95.0,Loan originated
1,675000.0,39,705000.0,239.0,1,Asian,Joint,25-34,95.0,Loan originated
1,645000.0,20%-<30%,805000.0,233.0,1,Asian,Joint,25-34,80.0,Loan originated
1,545000.0,49,685000.0,200.0,1,Asian,Joint,35-44,80.0,Loan originated
1,505000.0,49,925000.0,143.0,1,White,Female,45-54,54.0,Loan originated
1,895000.0,<20%,945000.0,559.0,1,White,Male,25-34,95.0,Loan originated
1,525000.0,45,625000.0,334.0,1,White,Female,35-44,85.0,Loan originated
1,1125000.0,45,1605000.0,234.0,1,Asian,Male,35-44,69.78,Loan originated
1,935000.0,42,1165000.0,817.0,1,White,Female,35-44,80.0,Loan originated
1,1145000.0,45,1355000.0,254.0,1,White,Joint,55-64,85.0,Loan originated
1,945000.0,50%-60%,1005000.0,192.0,1,Asian,Joint,35-44,94.75,Loan originated
1,205000.0,20%-<30%,895000.0,131.0,1,White,Joint,25-34,22.346,Loan originated
1,805000.0,44,1005000.0,401.0,1,White,Joint,65-74,80.0,Loan originated
1,5000.0,20%-<30%,285000.0,148.0,1,Asian,Male,35-44,102.0,Loan originated
1,75000.0,30%-<36%,235000.0,39.0,1,White,Female,65-74,29.79,Loan originated
1,445000.0,47,465000.0,114.0,1,Black or African American,Female,45-54,95.0,Loan originated
1,725000.0,38,1245000.0,201.0,1,White,Joint,25-34,58.06,Loan originated
1,325000.0,44,405000.0,94.0,1,White,Male,25-34,80.0,Loan originated
1,485000.0,49,535000.0,104.0,1,Asian,Joint,25-34,89.99,Loan originated
1,565000.0,41,705000.0,219.0,1,White,Joint,45-54,80.0,Loan originated
1,565000.0,45,805000.0,448.0,1,Asian,Joint,35-44,70.0,Loan originated
1,305000.0,40,385000.0,79.0,1,White,Joint,35-44,80.0,Loan originated
1,555000.0,45,695000.0,103.0,1,White,Joint,25-34,80.0,Loan originated
1,665000.0,43,825000.0,251.0,1,White,Male,55-64,80.0,Loan originated
1,445000.0,20%-<30%,555000.0,181.0,1,White,Joint,35-44,80.0,Loan originated
1,595000.0,49,665000.0,170.0,1,Asian,Female,35-44,89.953,Loan originated
1,755000.0,38,885000.0,236.0,1,White,Male,55-64,85.03,Loan originated
1,605000.0,20%-<30%,755000.0,216.0,1,Asian,Male,25-34,80.0,Loan originated
1,565000.0,47,705000.0,112.0,1,Hispanic or Latino,Joint,35-44,100.0,Loan originated
1,485000.0,43,645000.0,180.0,1,Asian,Female,25-34,74.99992,Loan originated
1,805000.0,46,2085000.0,202.0,1,Asian,Female,25-34,38.45,Loan originated
1,645000.0,48,685000.0,174.0,1,Asian,Joint,35-44,95.0,Loan originated
1,575000.0,30%-<36%,595000.0,189.0,1,White,Joint,35-44,103.0,Loan originated
1,675000.0,47,755000.0,150.0,1,White,Joint,35-44,90.0,Loan originated
1,995000.0,42,1245000.0,250.0,1,Asian,Male,45-54,80.0,Loan originated
1,225000.0,37,235000.0,156.0,1,Hispanic or Latino,Joint,35-44,94.74,Loan originated
1,435000.0,40,565000.0,108.0,1,Asian,Male,25-34,77.176,Loan originated
1,365000.0,49,405000.0,84.0,1,Hispanic or Latino,Joint,35-44,89.552,Loan originated
1,585000.0,49,735000.0,126.0,1,Hispanic or Latino,Male,25-34,80.0,Loan originated
1,805000.0,42,895000.0,320.0,1,White,Joint,45-54,90.0,Application denied
1,295000.0,43,305000.0,75.0,1,White,Male,25-34,97.0,Loan originated
1,585000.0,36,695000.0,175.0,1,Hispanic or Latino,Male,25-34,84.125,Loan originated
1,155000.0,30%-<36%,255000.0,70.0,1,Hispanic or Latino,Joint,25-34,58.824,Loan originated
1,455000.0,48,485000.0,188.0,1,Hispanic or Latino,Joint,65-74,95.0,Loan originated
1,255000.0,49,525000.0,102.0,1,Hispanic or Latino,Joint,65-74,48.077,Loan originated
1,315000.0,41,535000.0,104.0,1,White,Female,65-74,59.626,Loan originated
1,355000.0,30%-<36%,655000.0,252.0,1,White,Male,>74,53.846,Loan originated
1,685000.0,37,855000.0,285.0,1,Hispanic or Latino,Male,45-54,80.0,Loan originated
1,855000.0,30%-<36%,1205000.0,322.0,1,Asian,Female,35-44,70.833,Loan originated
1,635000.0,40,795000.0,209.0,1,White,Female,45-54,80.0,Loan originated
1,1145000.0,46,1705000.0,303.0,1,White,Joint,55-64,67.637,Loan originated
1,665000.0,49,835000.0,180.0,1,Hispanic or Latino,Male,35-44,80.0,Loan originated
1,945000.0,20%-<30%,1185000.0,404.0,1,Asian,Joint,35-44,80.0,Loan originated
1,725000.0,39,755000.0,181.0,1,Other,Joint,35-44,99.878,Loan originated
1,965000.0,20%-<30%,1375000.0,945.0,1,Asian,Male,25-34,69.99,Loan originated
1,255000.0,20%-<30%,365000.0,120.0,1,White,Female,>74,69.863,Loan originated
1,275000.0,45,315000.0,106.0,1,White,Female,35-44,90.0,Loan originated
1,535000.0,20%-<30%,565000.0,213.0,1,Asian,Joint,35-44,95.0,Loan originated
1,255000.0,39,275000.0,64.0,1,Hispanic or Latino,Male,55-64,95.0,Application denied
1,455000.0,40,515000.0,135.0,1,White,Female,35-44,90.0,Loan originated
1,615000.0,45,725000.0,160.0,1,Hispanic or Latino,Female,35-44,85.0,Loan originated
1,305000.0,20%-<30%,375000.0,219.0,1,White,Joint,45-54,80.0,Loan originated
1,465000.0,40,585000.0,127.0,1,White,Female,65-74,80.0,Application denied
1,495000.0,49,515000.0,110.0,1,Asian,Joint,25-34,100.0,Loan originated
1,375000.0,39,425000.0,109.0,1,White,Male,25-34,88.12,Loan originated
1,815000.0,>60%,1025000.0,139.0,1,White,Joint,25-34,80.0,Application denied
1,795000.0,30%-<36%,995000.0,257.0,1,White,Female,45-54,79.56,Loan originated
1,385000.0,43,455000.0,115.0,1,Asian,Joint,35-44,84.44,Loan originated
1,245000.0,20%-<30%,745000.0,139.0,1,White,Joint,65-74,32.432,Loan originated
1,625000.0,47,705000.0,239.0,1,Hispanic or Latino,Joint,45-54,89.031,Loan originated
1,515000.0,47,535000.0,53.0,1,Hispanic or Latino,Male,25-34,95.0,Loan originated
1,505000.0,47,6495000.0,275.0,1,Asian,Joint,25-34,8.0,Loan originated
1,305000.0,20%-<30%,505000.0,123.0,1,Hispanic or Latino,Female,25-34,60.0,Loan originated
1,475000.0,38,505000.0,210.0,1,Hispanic or Latino,Male,25-34,95.0,Loan originated
1,345000.0,37,435000.0,118.0,1,White,Joint,25-34,83.0,Loan originated
1,615000.0,44,695000.0,160.0,1,Other,Male,35-44,87.27,Loan originated
1,365000.0,46,425000.0,82.0,1,White,Male,25-34,90.579,Loan originated
1,325000.0,30%-<36%,505000.0,105.0,1,White,Female,55-64,63.241,Loan originated
1,765000.0,47,805000.0,210.0,1,Hispanic or Latino,Joint,25-34,95.0,Loan originated
1,1085000.0,43,1355000.0,397.0,1,White,Female,25-34,80.0,Loan originated
1,725000.0,<20%,905000.0,408.0,1,White,Joint,35-44,80.0,Loan originated
1,455000.0,49,575000.0,80.0,1,White,Male,35-44,80.0,Loan originated
1,435000.0,20%-<30%,545000.0,163.0,1,Asian,Joint,35-44,80.0,Loan originated
1,725000.0,45,805000.0,148.0,1,Asian,Male,35-44,89.99,Loan originated
1,725000.0,30%-<36%,1035000.0,270.0,1,White,Joint,25-34,70.0,Loan originated
1,745000.0,38,785000.0,539.0,1,White,Joint,35-44,95.0,Loan originated
1,225000.0,49,305000.0,47.0,1,Asian,Male,25-34,73.333,Loan originated
1,315000.0,49,395000.0,58.0,1,Asian,Male,25-34,80.0,Loan originated
1,205000.0,>60%,265000.0,28.0,1,Hispanic or Latino,Female,45-54,76.34,Application denied
1,625000.0,49,795000.0,206.0,1,White,Joint,55-64,78.994,Loan originated
1,705000.0,49,745000.0,226.0,1,Black or African American,Joint,25-34,95.0,Loan originated
1,705000.0,44,995000.0,162.0,1,Asian,Female,35-44,70.0,Loan originated
1,305000.0,48,705000.0,103.0,1,Asian,Female,55-64,43.636,Loan originated
1,475000.0,45,505000.0,159.0,1,White,Joint,45-54,95.0,Loan originated
1,635000.0,49,995000.0,166.0,1,Asian,Female,35-44,63.819,Loan originated
1,325000.0,36,625000.0,102.0,1,Asian,Joint,55-64,52.0,Loan originated
1,605000.0,20%-<30%,1245000.0,360.0,1,Asian,Joint,25-34,48.071,Loan originated
1,765000.0,38,1285000.0,204.0,1,Hispanic or Latino,Male,25-34,59.887,Loan originated
1,1085000.0,>60%,1205000.0,378.0,1,Hispanic or Latino,Male,25-34,90.0,Application denied
1,1005000.0,>60%,1845000.0,313.0,1,Asian,Joint,45-54,54.201,Loan originated
1,515000.0,20%-<30%,775000.0,485.0,1,White,Joint,45-54,66.581,Loan originated
1,1145000.0,39,1685000.0,526.0,1,Hispanic or Latino,Male,55-64,89.99,Loan originated
1,1005000.0,46,1135000.0,305.0,1,Asian,Joint,55-64,90.0,Loan originated
1,655000.0,49,695000.0,150.0,1,White,Male,25-34,95.0,Loan originated
1,935000.0,45,985000.0,186.0,1,White,Male,35-44,94.924,Loan originated
1,465000.0,<20%,585000.0,575.0,1,Hispanic or Latino,Male,25-34,80.0,Application denied
1,525000.0,48,555000.0,110.0,1,White,Male,35-44,95.0,Loan originated
1,595000.0,41,1025000.0,180.0,1,White,Male,25-34,58.0,Loan originated
1,455000.0,30%-<36%,705000.0,176.0,1,White,Female,55-64,64.286,Loan originated
1,795000.0,46,845000.0,261.0,1,Asian,Joint,25-34,95.0,Loan originated
1,355000.0,30%-<36%,715000.0,271.0,1,White,Joint,55-64,49.282,Loan originated
1,975000.0,30%-<36%,1305000.0,297.0,1,White,Female,35-44,75.0,Loan originated
1,445000.0,41,895000.0,123.0,1,Hispanic or Latino,Female,65-74,49.944,Loan originated
1,1085000.0,30%-<36%,1455000.0,370.0,1,Asian,Joint,25-34,84.979,Loan originated
1,725000.0,49,905000.0,137.0,1,White,Joint,35-44,80.0,Loan originated
1,585000.0,<20%,735000.0,0.0,1,Asian,Female,35-44,80.0,Application denied
1,265000.0,50%-60%,285000.0,104.0,1,Asian,Joint,45-54,90.66,Loan originated
1,295000.0,47,365000.0,95.0,1,Hispanic or Latino,Joint,45-54,80.0,Loan originated
1,475000.0,48,675000.0,171.0,1,White,Female,45-54,70.0,Loan originated
1,605000.0,20%-<30%,755000.0,511.0,1,White,Male,45-54,80.0,Loan originated
1,405000.0,46,455000.0,87.0,1,Hispanic or Latino,Female,45-54,91.0,Loan originated
1,425000.0,<20%,505000.0,299.0,1,White,Female,35-44,85.0,Loan originated
1,175000.0,37,215000.0,124.0,1,White,Male,45-54,83.124,Loan originated
1,1125000.0,49,1495000.0,300.0,1,White,Male,35-44,75.0,Loan originated
1,105000.0,49,145000.0,63.0,1,Hispanic or Latino,Female,25-34,68.0,Loan originated
1,405000.0,49,445000.0,78.0,1,Hispanic or Latino,Female,35-44,90.0,Loan originated
1,645000.0,47,805000.0,267.0,1,Asian,Joint,25-34,80.0,Loan originated
1,405000.0,30%-<36%,1385000.0,173.0,1,White,Joint,35-44,28.88,Loan originated
1,375000.0,20%-<30%,415000.0,152.0,1,White,Joint,35-44,90.0,Loan originated
1,315000.0,48,415000.0,73.0,1,Hispanic or Latino,Male,35-44,74.964,Loan originated
1,495000.0,20%-<30%,625000.0,193.0,1,Hispanic or Latino,Male,55-64,80.0,Loan originated
1,695000.0,49,865000.0,151.0,1,Hispanic or Latino,Male,25-34,80.0,Loan originated
1,665000.0,42,895000.0,185.0,1,Asian,Male,35-44,75.0,Loan originated
1,955000.0,47,1005000.0,211.0,1,Black or African American,Joint,45-54,95.0,Loan originated
1,765000.0,47,875000.0,183.0,1,White,Joint,35-44,87.6,Loan originated
1,735000.0,44,925000.0,164.0,1,White,Male,35-44,80.0,Loan originated
1,685000.0,41,915000.0,275.0,1,Asian,Joint,35-44,75.0,Loan originated
1,285000.0,38,365000.0,74.0,1,White,Joint,35-44,100.0,Loan originated
1,375000.0,<20%,425000.0,0.0,1,Hispanic or Latino,Male,35-44,90.0,Application denied
1,385000.0,30%-<36%,565000.0,128.0,1,White,Joint,55-64,67.462,Loan originated
1,885000.0,30%-<36%,1105000.0,448.0,1,White,Male,35-44,80.0,Loan originated
1,265000.0,20%-<30%,485000.0,136.0,1,White,Joint,35-44,53.6,Loan originated
1,845000.0,20%-<30%,1205000.0,454.0,1,White,Joint,35-44,70.0,Loan originated
1,295000.0,30%-<36%,315000.0,97.0,1,Hispanic or Latino,Male,25-34,95.0,Loan originated
1,305000.0,45,645000.0,117.0,1,White,Joint,65-74,46.51,Loan originated
1,825000.0,39,1105000.0,428.0,1,Asian,Male,55-64,75.0,Loan originated
1,415000.0,47,435000.0,89.0,1,Hispanic or Latino,Male,35-44,95.0,Loan originated
1,195000.0,48,795000.0,156.0,1,Hispanic or Latino,Joint,65-74,24.433,Loan originated
1,235000.0,45,925000.0,95.0,1,Hispanic or Latino,Female,55-64,25.352,Loan originated
1,795000.0,42,1645000.0,240.0,1,Asian,Joint,25-34,48.176,Loan originated
1,915000.0,47,965000.0,230.0,1,Hispanic or Latino,Male,35-44,95.0,Application denied
1,905000.0,39,1135000.0,203.0,1,Asian,Joint,25-34,80.0,Loan originated
1,545000.0,30%-<36%,725000.0,174.0,1,Asian,Male,25-34,95.0,Loan originated
1,455000.0,46,475000.0,249.0,1,Black or African American,Female,45-54,95.0,Loan originated
1,735000.0,39,765000.0,208.0,1,White,Joint,35-44,98.974,Loan originated
1,525000.0,42,655000.0,132.0,1,White,Female,65-74,80.0,Loan originated
1,575000.0,44,595000.0,130.0,1,Asian,Male,55-64,97.0,Loan originated
1,795000.0,49,1175000.0,168.0,1,Black or African American,Female,25-34,67.354,Loan originated
1,665000.0,30%-<36%,705000.0,182.0,1,Hispanic or Latino,Joint,<25,95.0,Loan originated
1,335000.0,43,445000.0,73.0,1,Asian,Joint,45-54,95.0,Loan originated
1,355000.0,48,1045000.0,127.0,1,Asian,Female,55-64,33.39,Loan originated
1,735000.0,42,1135000.0,84.0,1,Asian,Joint,65-74,65.0,Loan originated
1,475000.0,45,525000.0,123.0,1,Hispanic or Latino,Female,25-34,90.476,Loan originated
1,525000.0,39,715000.0,171.0,1,White,Joint,55-64,72.905,Loan originated
1,375000.0,44,405000.0,145.0,1,Hispanic or Latino,Joint,25-34,95.0,Loan originated
1,1145000.0,<20%,2105000.0,1968.0,1,White,Female,35-44,54.754,Loan originated
1,865000.0,48,915000.0,230.0,1,Asian,Joint,25-34,95.0,Loan originated
1,285000.0,38,415000.0,90.0,1,White,Joint,25-34,69.0,Loan originated
1,305000.0,49,315000.0,121.0,1,White,Joint,35-44,98.0,Loan originated
1,265000.0,44,385000.0,129.0,1,White,Female,65-74,70.0,Application denied
1,205000.0,30%-<36%,235000.0,106.0,1,White,Male,45-54,85.0,Loan originated
1,385000.0,42,475000.0,100.0,1,Asian,Female,35-44,80.0,Application denied
1,455000.0,38,615000.0,131.0,1,Other,Male,<25,75.0,Loan originated
1,965000.0,43,1285000.0,221.0,1,Asian,Female,35-44,75.0,Loan originated
1,525000.0,45,1045000.0,163.0,1,Asian,Female,35-44,50.0,Loan originated
1,525000.0,44,655000.0,129.0,1,Asian,Joint,25-34,80.0,Loan originated
1,1985000.0,48,2205000.0,460.0,1,Black or African American,Joint,45-54,90.0,Application denied
1,105000.0,42,455000.0,49.0,1,White,Female,25-34,21.882,Loan originated
1,575000.0,45,615000.0,161.0,1,White,Joint,25-34,95.0,Loan originated
1,895000.0,37,1125000.0,261.0,1,White,Male,25-34,80.0,Loan originated
1,595000.0,43,745000.0,163.0,1,White,Joint,55-64,80.0,Loan originated
1,505000.0,44,565000.0,138.0,1,Hispanic or Latino,Female,35-44,90.0,Loan originated
1,905000.0,48,1325000.0,189.0,1,Asian,Joint,45-54,67.857,Loan originated
1,155000.0,36,495000.0,124.0,1,White,Male,55-64,31.0,Loan originated
1,575000.0,48,725000.0,262.0,1,White,Male,45-54,80.0,Loan originated
1,665000.0,45,955000.0,200.0,1,Asian,Male,45-54,70.0,Loan originated
1,205000.0,49,475000.0,67.0,1,White,Joint,25-34,44.0,Loan originated
1,405000.0,50%-60%,535000.0,81.0,1,Asian,Female,45-54,75.0,Application denied
1,825000.0,42,1025000.0,274.0,1,White,Female,55-64,80.0,Loan originated
1,1145000.0,30%-<36%,1765000.0,397.0,1,Asian,Joint,25-34,65.0,Loan originated
1,115000.0,20%-<30%,775000.0,128.0,1,White,Female,45-54,14.839,Loan originated
1,515000.0,48,575000.0,136.0,1,Hispanic or Latino,Joint,35-44,90.0,Loan originated
1,1105000.0,49,2855000.0,292.0,1,Asian,Female,45-54,39.0,Loan originated
1,1095000.0,20%-<30%,1365000.0,1752.0,1,White,Male,25-34,80.0,Loan originated
1,905000.0,48,955000.0,210.0,1,White,Female,35-44,95.0,Loan originated
1,375000.0,42,385000.0,136.0,1,Asian,Joint,35-44,100.0,Loan originated
1,725000.0,20%-<30%,915000.0,310.0,1,Asian,Male,35-44,79.292,Loan originated
1,515000.0,36,545000.0,179.0,1,Hispanic or Latino,Male,45-54,95.0,Loan originated
1,385000.0,49,595000.0,84.0,1,Asian,Male,35-44,63.866,Loan originated
1,435000.0,43,455000.0,95.0,1,Hispanic or Latino,Male,<25,95.0,Loan originated
1,415000.0,43,555000.0,165.0,1,Asian,Female,55-64,75.0,Application denied
1,765000.0,46,1355000.0,230.0,1,Hispanic or Latino,Female,45-54,56.615,Loan originated
1,445000.0,48,625000.0,115.0,1,Asian,Female,25-34,71.278,Loan originated
1,145000.0,20%-<30%,235000.0,91.0,1,White,Joint,35-44,100.0,Loan originated
1,105000.0,44,425000.0,80.0,1,White,Joint,65-74,23.753,Loan originated
1,645000.0,20%-<30%,675000.0,250.0,1,Asian,Joint,35-44,95.0,Loan originated
1,1005000.0,30%-<36%,1255000.0,295.0,1,Asian,Male,35-44,80.0,Loan originated
1,435000.0,47,545000.0,162.0,1,White,Female,55-64,80.0,Loan originated
1,835000.0,43,1295000.0,291.0,1,Asian,Male,35-44,64.61,Loan originated
1,415000.0,30%-<36%,1415000.0,163.0,1,Asian,Joint,35-44,29.078,Loan originated
1,625000.0,43,835000.0,197.0,1,Asian,Female,25-34,75.0,Loan originated
1,1135000.0,36,1425000.0,302.0,1,White,Joint,35-44,80.0,Loan originated
1,305000.0,36,385000.0,104.0,1,Asian,Joint,35-44,80.0,Loan originated
1,615000.0,44,685000.0,132.0,1,Hispanic or Latino,Female,25-34,90.0,Loan originated
1,665000.0,47,835000.0,160.0,1,White,Male,25-34,80.0,Loan originated
1,545000.0,<20%,685000.0,235.0,1,White,Joint,35-44,80.0,Loan originated
1,595000.0,44,1795000.0,310.0,1,White,Female,65-74,34.0,Loan originated
1,415000.0,36,555000.0,120.0,1,White,Joint,25-34,75.0,Loan originated
1,905000.0,46,975000.0,250.0,1,Black or African American,Joint,25-34,92.5,Loan originated
1,295000.0,44,375000.0,69.0,1,Hispanic or Latino,Joint,65-74,80.0,Loan originated
1,295000.0,47,345000.0,55.0,1,Hispanic or Latino,Male,25-34,85.0,Loan originated
1,465000.0,48,965000.0,250.0,1,Hispanic or Latino,Joint,65-74,48.186,Loan originated
1,535000.0,48,675000.0,145.0,1,White,Male,25-34,80.0,Loan originated
1,955000.0,40,1365000.0,305.0,1,Hispanic or Latino,Male,35-44,69.963,Loan originated
1,565000.0,49,945000.0,181.0,1,Asian,Joint,45-54,60.0,Loan originated
1,85000.0,41,85000.0,49.0,1,Black or African American,Female,<25,95.0,Application denied
1,905000.0,50%-60%,955000.0,239.0,1,White,Male,35-44,95.0,Application denied
1,675000.0,47,745000.0,144.0,1,White,Female,25-34,90.0,Loan originated
1,505000.0,20%-<30%,635000.0,219.0,1,Hispanic or Latino,Joint,25-34,80.0,Loan originated
1,695000.0,49,925000.0,280.0,1,White,Male,35-44,89.989,Loan originated
1,515000.0,49,575000.0,108.0,1,Hispanic or Latino,Female,65-74,90.0,Loan originated
1,1065000.0,46,1335000.0,404.0,1,Hispanic or Latino,Joint,25-34,80.0,Loan originated
1,595000.0,38,975000.0,167.0,1,White,Male,45-54,61.231,Loan originated
1,425000.0,<20%,445000.0,318.0,1,White,Joint,45-54,95.0,Loan originated
1,305000.0,41,325000.0,192.0,1,Hispanic or Latino,Male,25-34,95.0,Loan originated
1,415000.0,41,435000.0,125.0,1,White,Male,<25,97.0,Loan originated
1,785000.0,30%-<36%,825000.0,222.0,1,Asian,Joint,35-44,95.0,Application denied
1,165000.0,30%-<36%,195000.0,56.0,1,White,Joint,65-74,85.0,Loan originated
1,525000.0,40,605000.0,187.0,1,Asian,Joint,45-54,86.67,Loan originated
1,355000.0,44,765000.0,90.0,1,White,Joint,35-44,92.763,Loan originated
1,715000.0,40,845000.0,206.0,1,Asian,Male,45-54,85.0,Loan originated
1,555000.0,43,675000.0,124.0,1,Asian,Female,35-44,103.0,Loan originated
1,505000.0,36,1005000.0,107.0,1,Hispanic or Latino,Male,25-34,50.0,Application denied
1,745000.0,46,935000.0,170.0,1,Asian,Male,25-34,80.0,Loan originated
1,425000.0,36,445000.0,117.0,1,Hispanic or Latino,Male,35-44,95.0,Loan originated
1,505000.0,44,805000.0,232.0,1,Asian,Male,>74,63.0,Loan originated
1,605000.0,30%-<36%,675000.0,218.0,1,White,Joint,55-64,90.0,Loan originated
1,365000.0,48,405000.0,174.0,1,Hispanic or Latino,Joint,35-44,91.43,Loan originated
1,325000.0,49,345000.0,85.0,1,Hispanic or Latino,Female,25-34,95.0,Loan originated
1,915000.0,37,1145000.0,256.0,1,Asian,Joint,25-34,79.98,Loan originated
1,555000.0,45,695000.0,184.0,1,Asian,Male,35-44,80.0,Loan originated
1,755000.0,<20%,945000.0,1200.0,1,White,Joint,25-34,80.0,Loan originated
1,55000.0,36,135000.0,122.0,1,White,Female,65-74,41.65,Loan originated
1,515000.0,45,645000.0,116.0,1,White,Female,35-44,80.0,Loan originated
1,375000.0,38,395000.0,124.0,1,White,Joint,25-34,97.0,Loan originated
1,245000.0,50%-60%,295000.0,46.0,1,Hispanic or Latino,Male,35-44,85.0,Application denied
1,675000.0,39,715000.0,327.0,1,Other,Joint,35-44,95.0,Loan originated
1,495000.0,39,525000.0,187.0,1,Black or African American,Female,45-54,95.0,Loan originated
1,685000.0,30%-<36%,815000.0,290.0,1,Asian,Joint,25-34,85.0,Loan originated
1,755000.0,49,1415000.0,174.0,1,Asian,Male,25-34,52.854,Loan originated
1,135000.0,41,135000.0,36.0,1,White,Male,35-44,97.0,Loan originated
1,325000.0,30%-<36%,405000.0,115.0,1,White,Joint,25-34,80.0,Loan originated
1,635000.0,30%-<36%,705000.0,204.0,1,Black or African American,Female,35-44,90.0,Loan originated
1,905000.0,>60%,1245000.0,140.0,1,Asian,Joint,35-44,72.581,Application denied
1,705000.0,49,695000.0,122.0,1,Hispanic or Latino,Male,45-54,101.75,Loan originated
1,215000.0,20%-<30%,275000.0,78.0,1,White,Male,25-34,80.0,Loan originated
1,465000.0,>60%,495000.0,128.0,1,Asian,Male,25-34,95.0,Loan originated
1,1005000.0,20%-<30%,2205000.0,441.0,1,White,Joint,25-34,45.455,Loan originated
1,285000.0,49,305000.0,60.0,1,White,Female,25-34,98.0,Loan originated
1,485000.0,38,515000.0,156.0,1,Black or African American,Female,35-44,95.0,Loan originated
1,645000.0,38,815000.0,236.0,1,White,Joint,25-34,80.0,Loan originated
1,235000.0,49,625000.0,69.0,1,White,Male,<25,37.918,Loan originated
1,805000.0,48,1175000.0,176.0,1,White,Male,55-64,68.09,Loan originated
1,485000.0,46,495000.0,109.0,1,White,Male,35-44,97.0,Loan originated
1,225000.0,30%-<36%,725000.0,69.0,1,Hispanic or Latino,Female,25-34,80.0,Loan originated
1,435000.0,30%-<36%,485000.0,134.0,1,Asian,Male,35-44,90.0,Loan originated
1,475000.0,42,635000.0,272.0,1,Asian,Male,45-54,75.0,Loan originated
1,945000.0,49,1185000.0,215.0,1,Asian,Male,25-34,80.0,Application denied
1,985000.0,48,1965000.0,227.0,1,Asian,Joint,35-44,50.0,Loan originated
1,405000.0,42,585000.0,102.0,1,Asian,Joint,65-74,69.0,Loan originated
1,665000.0,30%-<36%,705000.0,213.0,1,White,Joint,35-44,95.0,Loan originated
1,805000.0,30%-<36%,955000.0,250.0,1,Asian,Male,35-44,84.211,Loan originated
1,615000.0,20%-<30%,875000.0,244.0,1,Hispanic or Latino,Joint,35-44,70.0,Loan originated
1,445000.0,45,555000.0,123.0,1,White,Male,35-44,100.0,Loan originated
1,595000.0,30%-<36%,685000.0,188.0,1,Asian,Joint,25-34,86.299,Loan originated
1,655000.0,47,805000.0,148.0,1,White,Joint,25-34,81.375,Loan originated
1,405000.0,48,515000.0,107.0,1,Hispanic or Latino,Female,45-54,80.0,Loan originated
1,655000.0,39,735000.0,219.0,1,White,Joint,25-34,90.0,Loan originated
1,505000.0,20%-<30%,2295000.0,324.0,1,White,Joint,25-34,21.81,Loan originated
1,635000.0,49,1125000.0,125.0,1,White,Male,35-44,57.0,Loan originated
1,935000.0,43,1255000.0,231.0,1,White,Female,35-44,74.96,Loan originated
1,675000.0,49,845000.0,138.0,1,Hispanic or Latino,Female,35-44,97.8,Loan originated
1,835000.0,49,885000.0,155.0,1,Asian,Male,35-44,94.818,Loan originated
1,765000.0,30%-<36%,1045000.0,223.0,1,Hispanic or Latino,Male,25-34,73.07,Loan originated
1,585000.0,41,735000.0,167.0,1,White,Joint,25-34,80.0,Loan originated
1,535000.0,40,605000.0,156.0,1,Asian,Male,25-34,89.983,Loan originated
1,895000.0,45,1125000.0,303.0,1,Hispanic or Latino,Female,45-54,80.0,Loan originated
1,845000.0,30%-<36%,1335000.0,282.0,1,Asian,Female,25-34,64.0,Loan originated
1,665000.0,49,705000.0,157.0,1,Asian,Male,25-34,95.0,Loan originated
1,615000.0,40,875000.0,220.0,1,Asian,Joint,65-74,70.0,Loan originated
1,425000.0,46,535000.0,12.0,1,Asian,Male,55-64,80.0,Loan originated
1,1025000.0,30%-<36%,1275000.0,333.0,1,Asian,Joint,25-34,80.0,Loan originated
1,1045000.0,30%-<36%,1305000.0,357.0,1,Asian,Male,25-34,80.0,Loan originated
1,605000.0,37,1355000.0,203.0,1,Asian,Joint,25-34,44.44,Loan originated
1,135000.0,47,175000.0,35.0,1,Hispanic or Latino,Male,<25,80.0,Loan originated
1,1055000.0,42,1655000.0,295.0,1,Asian,Joint,25-34,63.636,Loan originated
1,495000.0,38,525000.0,331.0,1,Asian,Joint,>74,95.0,Loan originated
1,295000.0,49,445000.0,70.0,1,White,Female,25-34,66.037,Loan originated
1,155000.0,44,285000.0,42.0,1,White,Female,25-34,54.583,Loan originated
1,835000.0,46,885000.0,275.0,1,Black or African American,Joint,25-34,95.0,Loan originated
1,695000.0,49,1355000.0,139.0,1,Asian,Female,25-34,52.0,Loan originated
1,285000.0,49,355000.0,62.0,1,Asian,Female,<25,80.0,Loan originated
1,565000.0,20%-<30%,775000.0,329.0,1,White,Female,25-34,74.194,Loan originated
1,635000.0,49,705000.0,128.0,1,Asian,Female,35-44,89.96,Loan originated
1,415000.0,43,435000.0,113.0,1,White,Joint,25-34,95.0,Loan originated
1,245000.0,46,575000.0,62.0,1,White,Male,65-74,42.982,Loan originated
1,515000.0,20%-<30%,545000.0,175.0,1,White,Joint,25-34,95.0,Loan originated
1,695000.0,48,735000.0,150.0,1,Hispanic or Latino,Male,35-44,95.0,Loan originated
1,335000.0,20%-<30%,345000.0,167.0,1,White,Female,35-44,95.0,Loan originated
1,835000.0,47,1095000.0,198.0,1,White,Joint,35-44,76.913,Loan originated
1,735000.0,20%-<30%,815000.0,314.0,1,Asian,Joint,25-34,90.0,Loan originated
1,795000.0,41,995000.0,252.0,1,Hispanic or Latino,Joint,35-44,80.0,Loan originated
1,425000.0,49,435000.0,87.0,1,Hispanic or Latino,Male,45-54,100.0,Loan originated
1,525000.0,47,625000.0,149.0,1,White,Male,45-54,85.0,Loan originated
1,1105000.0,48,1225000.0,329.0,1,Asian,Male,35-44,89.96,Loan originated
1,665000.0,41,955000.0,355.0,1,Hispanic or Latino,Joint,35-44,70.0,Loan originated
1,85000.0,50%-60%,85000.0,44.0,1,Hispanic or Latino,Female,65-74,95.0,Application denied
1,675000.0,49,845000.0,149.0,1,Asian,Joint,25-34,80.0,Loan originated
1,1125000.0,>60%,1245000.0,160.0,1,Asian,Joint,25-34,89.99,Application denied
1,245000.0,49,705000.0,181.0,1,White,Joint,35-44,34.237,Loan originated
1,655000.0,44,675000.0,130.0,1,Hispanic or Latino,Female,25-34,97.0,Loan originated
1,285000.0,40,355000.0,68.0,1,Hispanic or Latino,Male,55-64,80.0,Loan originated
1,255000.0,49,305000.0,104.0,1,White,Joint,55-64,85.0,Loan originated
1,925000.0,50%-60%,975000.0,180.0,1,Hispanic or Latino,Joint,45-54,95.0,Loan originated
1,645000.0,20%-<30%,805000.0,217.0,1,Hispanic or Latino,Male,45-54,80.0,Loan originated
1,745000.0,47,875000.0,295.0,1,White,Joint,25-34,85.0,Loan originated
1,205000.0,40,255000.0,76.0,1,Hispanic or Latino,Joint,35-44,80.0,Loan originated
1,585000.0,20%-<30%,655000.0,352.0,1,White,Joint,45-54,90.0,Loan originated
1,305000.0,36,1125000.0,183.0,1,White,Joint,65-74,26.667,Loan originated
1,685000.0,45,765000.0,152.0,1,Asian,Male,25-34,90.0,Loan originated
1,685000.0,20%-<30%,725000.0,452.0,1,White,Joint,35-44,95.0,Loan originated
1,445000.0,20%-<30%,665000.0,166.0,1,White,Joint,55-64,66.267,Loan originated
1,465000.0,30%-<36%,625000.0,322.0,1,White,Joint,25-34,75.0,Loan originated
1,415000.0,46,425000.0,103.0,1,White,Joint,25-34,97.0,Loan originated
1,95000.0,46,95000.0,46.0,1,White,Joint,25-34,95.0,Application denied
1,1085000.0,20%-<30%,1365000.0,361.0,1,Asian,Joint,35-44,80.0,Loan originated
1,945000.0,48,1015000.0,253.0,1,Asian,Joint,25-34,93.564,Loan originated
1,365000.0,30%-<36%,455000.0,218.0,1,White,Male,<25,80.0,Loan originated
1,535000.0,44,565000.0,157.0,1,Hispanic or Latino,Joint,35-44,95.0,Loan originated
1,285000.0,36,585000.0,343.0,1,White,Joint,25-34,48.697,Loan originated
1,635000.0,49,665000.0,130.0,1,Hispanic or Latino,Joint,65-74,95.0,Loan originated
1,1145000.0,39,2055000.0,499.0,1,Asian,Male,35-44,56.05,Loan originated
1,255000.0,20%-<30%,1255000.0,204.0,1,Asian,Male,35-44,20.0,Loan originated
1,1065000.0,41,1325000.0,223.0,1,White,Joint,35-44,80.0,Loan originated
1,715000.0,47,745000.0,234.0,1,Hispanic or Latino,Joint,25-34,95.0,Loan originated
1,645000.0,49,805000.0,148.0,1,Asian,Male,45-54,80.0,Loan originated
1,765000.0,41,865000.0,221.0,1,Hispanic or Latino,Joint,25-34,89.134,Loan originated
1,655000.0,36,875000.0,179.0,1,Asian,Male,25-34,75.0,Loan originated
1,455000.0,39,575000.0,123.0,1,White,Male,25-34,80.0,Application denied
1,785000.0,47,985000.0,233.0,1,Asian,Male,45-54,80.0,Loan originated
1,635000.0,20%-<30%,975000.0,363.0,1,Asian,Male,55-64,65.0,Loan originated
1,1105000.0,44,1385000.0,298.0,1,Asian,Joint,45-54,79.5,Loan originated
1,635000.0,47,795000.0,187.0,1,Asian,Female,65-74,80.0,Loan originated
1,485000.0,20%-<30%,835000.0,249.0,1,White,Male,45-54,58.084,Loan originated
1,755000.0,37,1435000.0,235.0,1,White,Male,45-54,52.236,Loan originated
1,1085000.0,47,2275000.0,272.0,1,Asian,Male,25-34,47.692,Loan originated
1,325000.0,46,405000.0,107.0,1,Hispanic or Latino,Male,35-44,80.0,Loan originated
1,925000.0,41,1085000.0,260.0,1,Asian,Male,45-54,85.0,Application denied
1,845000.0,30%-<36%,1085000.0,479.0,1,Asian,Joint,35-44,78.0,Loan originated
1,635000.0,48,795000.0,146.0,1,Asian,Female,25-34,80.0,Loan originated
1,405000.0,30%-<36%,1605000.0,177.0,1,White,Joint,65-74,25.0,Loan originated
1,695000.0,45,995000.0,147.0,1,Asian,Female,55-64,70.0,Loan originated
1,435000.0,39,465000.0,244.0,1,Hispanic or Latino,Male,25-34,95.0,Loan originated
1,335000.0,47,425000.0,70.0,1,Hispanic or Latino,Male,65-74,80.0,Loan originated
1,845000.0,43,1205000.0,210.0,1,Hispanic or Latino,Male,55-64,70.0,Application denied
1,285000.0,49,305000.0,72.0,1,Hispanic or Latino,Female,<25,95.0,Loan originated
1,605000.0,39,955000.0,172.0,1,Asian,Male,25-34,63.16,Loan originated
1,95000.0,30%-<36%,175000.0,60.0,1,White,Male,55-64,51.43,Loan originated
1,835000.0,40,1645000.0,506.0,1,White,Male,35-44,81.59,Loan originated
1,475000.0,47,595000.0,107.0,1,Hispanic or Latino,Female,25-34,80.0,Loan originated
1,345000.0,50%-60%,675000.0,86.0,1,White,Male,25-34,52.0,Application denied
1,495000.0,36,555000.0,247.0,1,Hispanic or Latino,Male,25-34,89.946,Loan originated
1,505000.0,20%-<30%,625000.0,202.0,1,White,Female,55-64,80.0,Loan originated
1,405000.0,45,505000.0,92.0,1,Black or African American,Female,35-44,80.0,Loan originated
1,435000.0,50%-60%,455000.0,80.0,1,Hispanic or Latino,Male,35-44,97.0,Loan originated
1,615000.0,42,675000.0,138.0,1,White,Joint,25-34,90.0,Loan originated
1,765000.0,20%-<30%,905000.0,282.0,1,Asian,Joint,25-34,84.488,Loan originated
1,825000.0,49,1035000.0,185.0,1,Hispanic or Latino,Female,45-54,80.0,Loan originated
1,255000.0,40,1255000.0,189.0,1,White,Female,65-74,20.0,Loan originated
1,1035000.0,46,1225000.0,235.0,1,Black or African American,Female,35-44,85.0,Loan originated
1,295000.0,43,315000.0,117.0,1,Hispanic or Latino,Male,35-44,93.33,Application denied
1,1125000.0,41,1405000.0,310.0,1,Asian,Joint,25-34,80.0,Loan originated
1,765000.0,30%-<36%,985000.0,375.0,1,White,Male,55-64,78.214,Loan originated
1,405000.0,38,435000.0,133.0,1,Asian,Male,25-34,95.0,Loan originated
1,575000.0,41,925000.0,176.0,1,Asian,Male,25-34,62.0,Loan originated
1,475000.0,50%-60%,595000.0,95.0,1,Asian,Male,35-44,80.0,Loan originated
1,735000.0,40,775000.0,221.0,1,Asian,Joint,35-44,94.0,Loan originated
1,415000.0,30%-<36%,435000.0,144.0,1,Hispanic or Latino,Joint,65-74,95.0,Loan originated
1,705000.0,41,885000.0,204.0,1,Asian,Joint,35-44,80.0,Loan originated
1,185000.0,41,605000.0,78.0,1,White,Female,25-34,56.656,Loan originated
1,505000.0,39,905000.0,138.0,1,Asian,Male,25-34,55.556,Loan originated
1,725000.0,49,905000.0,193.0,1,Asian,Joint,35-44,80.0,Loan originated
1,405000.0,48,415000.0,131.0,1,Hispanic or Latino,Joint,25-34,97.0,Loan originated
1,415000.0,<20%,525000.0,273.0,1,White,Male,55-64,80.0,Loan originated
1,865000.0,30%-<36%,1265000.0,372.0,1,Asian,Joint,35-44,68.37,Loan originated
1,125000.0,39,305000.0,83.0,1,Asian,Male,35-44,80.351,Loan originated
1,625000.0,30%-<36%,725000.0,213.0,1,White,Male,35-44,86.483,Loan originated
1,645000.0,48,725000.0,139.0,1,Hispanic or Latino,Female,25-34,89.45,Application denied
1,345000.0,20%-<30%,925000.0,246.0,1,White,Joint,25-34,37.19,Loan originated
1,405000.0,41,705000.0,126.0,1,Hispanic or Latino,Joint,45-54,57.143,Loan originated
1,305000.0,42,1055000.0,104.0,1,White,Joint,>74,28.5714,Loan originated
1,345000.0,>60%,645000.0,133.0,1,White,Joint,55-64,53.175,Loan originated
1,665000.0,47,785000.0,181.0,1,White,Male,25-34,85.0,Application denied
1,395000.0,49,845000.0,93.0,1,Hispanic or Latino,Joint,45-54,46.746,Loan originated
1,555000.0,41,685000.0,157.0,1,White,Female,25-34,80.0,Loan originated
1,495000.0,39,715000.0,211.0,1,Asian,Joint,25-34,68.531,Loan originated
1,575000.0,30%-<36%,675000.0,379.0,1,Asian,Joint,35-44,86.0,Loan originated
1,555000.0,49,745000.0,136.0,1,White,Joint,65-74,75.0,Loan originated
1,115000.0,41,445000.0,54.0,1,Hispanic or Latino,Female,35-44,26.136,Loan originated
1,1065000.0,20%-<30%,1335000.0,475.0,1,White,Male,35-44,80.0,Loan originated
1,355000.0,49,735000.0,73.0,1,White,Female,45-54,48.299,Loan originated
1,435000.0,37,545000.0,135.0,1,White,Female,>74,80.0,Loan originated
1,1145000.0,46,1595000.0,286.0,1,White,Joint,>74,71.909,Loan originated
1,595000.0,41,745000.0,164.0,1,Asian,Female,35-44,80.0,Loan originated
1,525000.0,20%-<30%,535000.0,189.0,1,Asian,Joint,25-34,97.0,Loan originated
1,255000.0,38,425000.0,80.0,1,White,Male,55-64,60.0,Loan originated
1,105000.0,36,265000.0,39.0,1,White,Joint,25-34,38.462,Loan originated
1,195000.0,30%-<36%,525000.0,80.0,1,White,Joint,65-74,37.285,Loan originated
1,695000.0,48,1085000.0,163.0,1,Asian,Female,<25,64.391,Loan originated
1,625000.0,30%-<36%,785000.0,259.0,1,White,Male,35-44,80.0,Loan originated
1,375000.0,43,1055000.0,284.0,1,Asian,Joint,35-44,35.41,Loan originated
1,695000.0,36,775000.0,221.0,1,Hispanic or Latino,Joint,25-34,90.0,Loan originated
1,1105000.0,42,1475000.0,251.0,1,Asian,Female,45-54,75.0,Loan originated
1,105000.0,49,525000.0,57.0,1,Hispanic or Latino,Joint,65-74,19.048,Loan originated
1,765000.0,50%-60%,1055000.0,336.0,1,White,Joint,25-34,73.0,Loan originated
1,1135000.0,46,1425000.0,329.0,1,Asian,Joint,35-44,80.0,Loan originated
1,205000.0,45,515000.0,59.0,1,Hispanic or Latino,Female,55-64,38.835,Loan originated
1,425000.0,47,465000.0,244.0,1,Asian,Female,55-64,95.28,Loan originated
1,635000.0,38,795000.0,247.0,1,White,Male,35-44,79.959,Loan originated
1,755000.0,49,1125000.0,133.0,1,Asian,Joint,35-44,66.933,Loan originated
1,305000.0,40,435000.0,104.0,1,Black or African American,Female,25-34,100.0,Application denied
1,565000.0,20%-<30%,915000.0,284.0,1,White,Female,55-64,61.538,Loan originated
1,655000.0,43,695000.0,133.0,1,Hispanic or Latino,Female,35-44,94.988,Loan originated
1,315000.0,30%-<36%,325000.0,148.0,1,Hispanic or Latino,Joint,>74,97.0,Loan originated
1,545000.0,37,735000.0,157.0,1,Hispanic or Latino,Male,45-54,75.0,Loan originated
1,355000.0,30%-<36%,1915000.0,227.0,1,White,Joint,65-74,18.32,Loan originated
1,355000.0,37,995000.0,136.0,1,White,Joint,25-34,36.0,Loan originated
1,515000.0,37,605000.0,167.0,1,Hispanic or Latino,Male,45-54,85.0,Loan originated
1,525000.0,47,585000.0,188.0,1,White,Female,25-34,89.915,Loan originated
1,765000.0,30%-<36%,985000.0,258.0,1,White,Female,35-44,77.51,Loan originated
1,505000.0,46,515000.0,99.0,1,Hispanic or Latino,Male,25-34,97.0,Loan originated
1,585000.0,20%-<30%,735000.0,220.0,1,White,Joint,25-34,80.0,Loan originated
1,345000.0,37,395000.0,133.0,1,Asian,Male,35-44,86.08,Application denied
1,1005000.0,39,2805000.0,331.0,1,Asian,Joint,>74,35.714,Loan originated
1,295000.0,42,595000.0,128.0,1,Black or African American,Female,55-64,100.676,Loan originated
1,625000.0,41,665000.0,131.0,1,Hispanic or Latino,Joint,25-34,95.0,Loan originated
1,975000.0,47,1215000.0,208.0,1,Hispanic or Latino,Male,35-44,80.0,Loan originated
1,425000.0,49,555000.0,235.0,1,Asian,Male,35-44,80.0,Loan originated
1,835000.0,30%-<36%,1045000.0,209.0,1,White,Joint,35-44,80.0,Loan originated
1,665000.0,49,705000.0,139.0,1,Hispanic or Latino,Male,45-54,94.918,Loan originated
1,615000.0,20%-<30%,685000.0,319.0,1,White,Joint,25-34,89.898,Loan originated
1,335000.0,40,575000.0,92.0,1,Asian,Male,35-44,58.0,Loan originated
1,705000.0,44,785000.0,192.0,1,White,Joint,35-44,90.0,Loan originated
1,685000.0,46,725000.0,168.0,1,Black or African American,Male,25-34,98.0,Loan originated
1,705000.0,41,745000.0,189.0,1,White,Joint,35-44,95.0,Loan originated
1,185000.0,38,435000.0,153.0,1,White,Joint,55-64,43.053,Loan originated
1,175000.0,41,225000.0,83.0,1,White,Joint,65-74,80.0,Loan originated
1,135000.0,20%-<30%,145000.0,129.0,1,Hispanic or Latino,Female,<25,92.57,Application denied
1,465000.0,50%-60%,765000.0,122.0,1,Hispanic or Latino,Male,55-64,60.784,Loan originated
1,605000.0,48,1275000.0,154.0,1,White,Joint,35-44,47.059,Loan originated
1,455000.0,<20%,475000.0,104.0,1,Hispanic or Latino,Male,25-34,95.0,Loan originated
1,655000.0,47,1035000.0,154.0,1,Asian,Male,35-44,63.391,Loan originated
1,465000.0,48,485000.0,107.0,1,Hispanic or Latino,Joint,35-44,96.0,Loan originated
1,545000.0,49,805000.0,104.0,1,Hispanic or Latino,Joint,55-64,67.702,Loan originated
1,885000.0,39,985000.0,297.0,1,Asian,Joint,25-34,89.9,Loan originated
1,535000.0,30%-<36%,675000.0,179.0,1,Hispanic or Latino,Joint,25-34,80.0,Loan originated
1,985000.0,20%-<30%,1485000.0,381.0,1,White,Male,25-34,66.21,Loan originated
1,655000.0,37,875000.0,513.0,1,Asian,Male,45-54,75.0,Loan originated
1,755000.0,42,855000.0,174.0,1,Hispanic or Latino,Joint,45-54,88.235,Loan originated
1,1095000.0,20%-<30%,1595000.0,776.0,1,White,Female,65-74,68.72,Loan originated
1,325000.0,44,335000.0,78.0,1,Black or African American,Female,55-64,100.0,Loan originated
1,635000.0,42,655000.0,153.0,1,Asian,Female,25-34,97.0,Loan originated
1,315000.0,30%-<36%,425000.0,99.0,1,Other,Female,25-34,75.0,Loan originated
1,225000.0,30%-<36%,385000.0,75.0,1,Asian,Female,25-34,58.442,Loan originated
1,125000.0,30%-<36%,495000.0,96.0,1,Hispanic or Latino,Male,55-64,25.51,Loan originated
1,655000.0,20%-<30%,875000.0,314.0,1,White,Male,35-44,74.971,Loan originated
1,275000.0,45,345000.0,141.0,1,Asian,Joint,25-34,80.0,Loan originated
1,725000.0,49,915000.0,269.0,1,Asian,Joint,<25,80.0,Loan originated
1,475000.0,49,595000.0,297.0,1,White,Joint,25-34,80.0,Loan originated
1,735000.0,47,825000.0,235.0,1,Hispanic or Latino,Male,25-34,88.97,Loan originated
1,615000.0,49,765000.0,129.0,1,Black or African American,Joint,35-44,80.0,Loan originated
1,675000.0,47,845000.0,233.0,1,Hispanic or Latino,Joint,>74,80.0,Loan originated
1,395000.0,30%-<36%,595000.0,204.0,1,White,Joint,35-44,67.0,Loan originated
1,825000.0,20%-<30%,1805000.0,365.0,1,White,Joint,35-44,45.833,Application denied
1,1005000.0,39,2055000.0,266.0,1,White,Male,25-34,48.591,Loan originated
1,885000.0,30%-<36%,2185000.0,280.0,1,Asian,Joint,25-34,40.503,Loan originated
1,425000.0,30%-<36%,1165000.0,172.0,1,Black or African American,Male,>74,36.387,Loan originated
1,845000.0,46,1055000.0,210.0,1,Asian,Male,25-34,80.0,Loan originated
1,395000.0,<20%,555000.0,260.0,1,White,Joint,55-64,70.98,Loan originated
1,575000.0,45,715000.0,214.0,1,White,Joint,35-44,80.0,Loan originated
1,155000.0,48,315000.0,44.0,1,White,Female,55-64,47.619,Loan originated
1,445000.0,49,1245000.0,141.0,1,White,Female,55-64,35.557,Loan originated
1,685000.0,47,855000.0,147.0,1,Asian,Female,35-44,80.0,Loan originated
1,75000.0,>60%,945000.0,40.0,1,White,Female,65-74,7.933,Application denied
1,455000.0,40,675000.0,133.0,1,Asian,Male,55-64,67.37,Loan originated
1,585000.0,40,735000.0,144.0,1,Hispanic or Latino,Joint,45-54,80.0,Loan originated
1,765000.0,43,1135000.0,292.0,1,White,Male,35-44,70.0,Loan originated
1,725000.0,38,765000.0,210.0,1,Black or African American,Female,45-54,95.0,Loan originated
1,305000.0,40,345000.0,117.0,1,White,Joint,25-34,93.0,Loan originated
1,405000.0,47,535000.0,171.0,1,White,Female,35-44,75.0,Loan originated
1,685000.0,47,975000.0,204.0,1,Asian,Female,45-54,70.0,Loan originated
1,505000.0,46,675000.0,175.0,1,White,Male,25-34,75.0,Application denied
1,695000.0,50%-60%,715000.0,127.0,1,Hispanic or Latino,Joint,25-34,97.0,Loan originated
1,405000.0,30%-<36%,475000.0,134.0,1,White,Female,25-34,85.0,Loan originated
1,545000.0,39,735000.0,145.0,1,Asian,Male,<25,75.0,Loan originated
1,285000.0,43,735000.0,78.0,1,Asian,Female,45-54,98.003,Loan originated
1,405000.0,43,1535000.0,202.0,1,White,Male,65-74,26.093,Loan originated
1,495000.0,39,545000.0,167.0,1,White,Male,65-74,90.0,Loan originated
1,305000.0,48,655000.0,91.0,1,White,Male,45-54,46.565,Loan originated
1,505000.0,37,805000.0,151.0,1,Asian,Female,35-44,62.73,Loan originated
1,325000.0,42,535000.0,99.0,1,White,Male,55-64,60.0,Loan originated
1,995000.0,30%-<36%,1995000.0,368.0,1,White,Joint,65-74,50.0,Loan originated
1,875000.0,41,1875000.0,362.0,1,Asian,Joint,45-54,47.0,Loan originated
1,815000.0,37,1085000.0,226.0,1,Asian,Joint,25-34,75.0,Loan originated
1,635000.0,49,665000.0,149.0,1,Hispanic or Latino,Joint,35-44,95.0,Loan originated
1,315000.0,47,495000.0,90.0,1,Other,Joint,35-44,63.928,Loan originated
1,735000.0,30%-<36%,915000.0,267.0,1,Asian,Male,45-54,79.989,Loan originated
1,385000.0,46,415000.0,102.0,1,Asian,Male,55-64,95.0,Loan originated
1,855000.0,41,1005000.0,201.0,1,Asian,Male,25-34,85.0,Loan originated
1,335000.0,43,415000.0,96.0,1,Hispanic or Latino,Joint,25-34,80.0,Loan originated
1,335000.0,39,415000.0,97.0,1,Hispanic or Latino,Female,35-44,80.0,Loan originated
1,435000.0,44,575000.0,193.0,1,Other,Joint,45-54,75.0,Loan originated
1,695000.0,48,865000.0,159.0,1,White,Male,35-44,80.0,Loan originated
1,435000.0,49,535000.0,86.0,1,White,Female,35-44,103.009,Loan originated
1,355000.0,49,525000.0,85.0,1,White,Male,25-34,66.67,Loan originated
1,535000.0,46,665000.0,122.0,1,Hispanic or Latino,Male,55-64,80.0,Loan originated
1,425000.0,48,485000.0,105.0,1,White,Male,55-64,88.14,Loan originated
1,375000.0,43,525000.0,114.0,1,Hispanic or Latino,Joint,35-44,100.0,Loan originated
1,425000.0,39,445000.0,252.0,1,Black or African American,Joint,35-44,95.0,Loan originated
1,395000.0,45,465000.0,138.0,1,Hispanic or Latino,Female,45-54,85.0,Loan originated
1,1125000.0,40,1405000.0,369.0,1,Asian,Joint,45-54,80.0,Loan originated
1,1145000.0,43,1265000.0,332.0,1,Hispanic or Latino,Joint,45-54,90.0,Loan originated
1,335000.0,30%-<36%,675000.0,145.0,1,White,Female,25-34,100.0,Loan originated
1,395000.0,20%-<30%,495000.0,131.0,1,White,Male,45-54,80.0,Loan originated
1,595000.0,39,785000.0,166.0,1,Asian,Female,25-34,75.0,Loan originated
1,555000.0,49,655000.0,127.0,1,White,Joint,25-34,84.067,Loan originated
1,935000.0,30%-<36%,1105000.0,296.0,1,Asian,Joint,25-34,85.0,Loan originated
1,885000.0,30%-<36%,1105000.0,227.0,1,Asian,Male,35-44,80.0,Loan originated
1,785000.0,<20%,985000.0,2034.0,1,Hispanic or Latino,Joint,55-64,80.0,Application denied
1,405000.0,45,435000.0,81.0,1,White,Male,45-54,95.0,Loan originated
1,475000.0,41,595000.0,122.0,1,Hispanic or Latino,Joint,35-44,80.0,Loan originated
1,485000.0,30%-<36%,535000.0,185.0,1,White,Female,25-34,90.0,Loan originated
1,385000.0,46,485000.0,287.0,1,White,Joint,45-54,80.0,Loan originated
1,435000.0,49,455000.0,76.0,1,Asian,Female,25-34,94.854,Loan originated
1,715000.0,42,845000.0,189.0,1,White,Joint,35-44,85.0,Loan originated
1,525000.0,47,655000.0,133.0,1,White,Joint,35-44,80.0,Application denied
1,395000.0,20%-<30%,595000.0,222.0,1,Asian,Joint,45-54,66.611,Loan originated
1,305000.0,48,315000.0,84.0,1,Asian,Female,25-34,97.0,Loan originated
1,715000.0,50%-60%,845000.0,324.0,1,Asian,Female,25-34,84.902,Application denied
1,725000.0,39,755000.0,262.0,1,Asian,Joint,35-44,95.0,Loan originated
1,705000.0,30%-<36%,745000.0,248.0,1,White,Joint,35-44,95.0,Loan originated
1,525000.0,49,555000.0,173.0,1,Hispanic or Latino,Joint,35-44,95.0,Loan originated
1,135000.0,40,435000.0,62.0,1,Hispanic or Latino,Female,45-54,30.233,Loan originated
1,465000.0,43,515000.0,184.0,1,White,Female,35-44,90.0,Loan originated
1,805000.0,41,1595000.0,314.0,1,White,Joint,35-44,50.503,Loan originated
1,845000.0,42,1055000.0,261.0,1,Asian,Joint,35-44,80.0,Loan originated
1,595000.0,30%-<36%,665000.0,212.0,1,Asian,Joint,25-34,88.991,Loan originated
1,755000.0,46,885000.0,14.0,1,Asian,Joint,35-44,85.8,Loan originated
1,485000.0,49,605000.0,94.0,1,White,Joint,45-54,80.0,Loan originated
1,315000.0,47,325000.0,68.0,1,Hispanic or Latino,Female,35-44,100.0,Loan originated
1,655000.0,40,1155000.0,167.0,1,Asian,Male,35-44,56.522,Loan originated
1,565000.0,20%-<30%,825000.0,275.0,1,Black or African American,Male,35-44,67.96,Loan originated
1,665000.0,50%-60%,825000.0,305.0,1,Asian,Joint,45-54,80.0,Loan originated
1,465000.0,48,495000.0,113.0,1,Hispanic or Latino,Female,55-64,95.0,Loan originated
1,735000.0,43,1055000.0,370.0,1,White,Joint,45-54,90.0,Loan originated
1,845000.0,39,1055000.0,351.0,1,Asian,Joint,45-54,80.0,Loan originated
1,525000.0,40,665000.0,171.0,1,White,Joint,25-34,80.0,Loan originated
1,595000.0,47,665000.0,127.0,1,Asian,Male,35-44,89.99,Loan originated
1,135000.0,30%-<36%,145000.0,59.0,1,White,Female,25-34,95.0,Application denied
1,495000.0,48,585000.0,305.0,1,Hispanic or Latino,Joint,<25,85.0,Loan originated
1,735000.0,30%-<36%,815000.0,238.0,1,Asian,Male,35-44,90.0,Loan originated
1,125000.0,20%-<30%,515000.0,68.0,1,Asian,Male,35-44,24.608,Loan originated
1,295000.0,49,615000.0,88.0,1,White,Female,65-74,47.869,Loan originated
1,245000.0,30%-<36%,535000.0,126.0,1,White,Male,35-44,80.0,Loan originated
1,645000.0,<20%,855000.0,486.0,1,Asian,Male,35-44,75.0,Loan originated
1,505000.0,30%-<36%,885000.0,160.0,1,White,Joint,65-74,56.818,Loan originated
1,615000.0,46,855000.0,229.0,1,White,Female,25-34,71.765,Loan originated
1,735000.0,20%-<30%,785000.0,368.0,1,White,Male,25-34,93.602,Loan originated
1,575000.0,48,1025000.0,166.0,1,White,Joint,>74,55.75,Loan originated
1,465000.0,38,725000.0,123.0,1,Asian,Female,35-44,64.286,Loan originated
1,765000.0,20%-<30%,1025000.0,290.0,1,Asian,Joint,25-34,75.0,Loan originated
1,605000.0,43,755000.0,135.0,1,White,Female,65-74,80.0,Loan originated
1,495000.0,44,585000.0,333.0,1,White,Male,45-54,84.74,Loan originated
1,355000.0,<20%,605000.0,183.0,1,Hispanic or Latino,Joint,35-44,57.85,Loan originated
1,935000.0,30%-<36%,935000.0,398.0,1,Asian,Joint,25-34,100.0,Loan originated
1,705000.0,41,745000.0,193.0,1,Hispanic or Latino,Female,25-34,95.0,Loan originated
1,565000.0,49,595000.0,113.0,1,Black or African American,Male,35-44,103.882,Loan originated
1,335000.0,45,535000.0,119.0,1,Hispanic or Latino,Joint,55-64,62.491,Loan originated
1,105000.0,30%-<36%,525000.0,110.0,1,White,Female,45-54,19.121,Loan originated
1,645000.0,50%-60%,675000.0,141.0,1,Black or African American,Female,65-74,97.0,Loan originated
1,485000.0,47,505000.0,111.0,1,White,Joint,25-34,97.0,Loan originated
1,655000.0,47,765000.0,124.0,1,Asian,Male,25-34,85.0,Loan originated
1,705000.0,42,755000.0,177.0,1,Asian,Male,35-44,93.415,Loan originated
1,145000.0,50%-60%,165000.0,60.0,1,White,Joint,>74,90.0,Loan originated
1,865000.0,20%-<30%,1365000.0,308.0,1,Asian,Joint,25-34,63.45,Loan originated
1,725000.0,30%-<36%,855000.0,264.0,1,White,Female,35-44,85.0,Application denied
1,205000.0,47,505000.0,59.0,1,White,Male,65-74,41.06,Loan originated
1,475000.0,47,535000.0,104.0,1,Hispanic or Latino,Male,25-34,89.99,Loan originated
1,365000.0,20%-<30%,475000.0,146.0,1,White,Joint,35-44,77.221,Loan originated
1,585000.0,30%-<36%,785000.0,386.0,1,Asian,Joint,55-64,75.0,Loan originated
1,645000.0,44,805000.0,161.0,1,Hispanic or Latino,Joint,45-54,80.0,Loan originated
1,605000.0,43,1185000.0,247.0,1,White,Joint,65-74,50.633,Loan originated
1,515000.0,49,645000.0,109.0,1,Asian,Male,35-44,96.125,Loan originated
1,165000.0,41,385000.0,75.0,1,White,Joint,35-44,43.0,Loan originated
1,1095000.0,20%-<30%,1825000.0,591.0,1,Asian,Joint,25-34,60.0,Loan originated
1,335000.0,40,375000.0,81.0,1,Hispanic or Latino,Female,25-34,90.0,Loan originated
1,645000.0,30%-<36%,725000.0,291.0,1,Hispanic or Latino,Joint,55-64,90.0,Loan originated
1,625000.0,37,665000.0,241.0,1,White,Male,25-34,95.0,Loan originated
1,605000.0,43,635000.0,137.0,1,Hispanic or Latino,Joint,25-34,95.48,Loan originated
1,525000.0,>60%,665000.0,198.0,1,Asian,Male,25-34,79.02,Application denied
1,385000.0,39,485000.0,76.0,1,Asian,Joint,35-44,80.0,Loan originated
1,765000.0,49,805000.0,155.0,1,Hispanic or Latino,Male,35-44,95.0,Loan originated
1,625000.0,20%-<30%,695000.0,234.0,1,White,Joint,25-34,90.0,Loan originated
1,605000.0,47,765000.0,271.0,1,White,Male,25-34,80.0,Loan originated
1,745000.0,46,935000.0,288.0,1,White,Male,45-54,80.0,Loan originated
1,835000.0,30%-<36%,1045000.0,266.0,1,Hispanic or Latino,Male,25-34,80.0,Loan originated
1,985000.0,45,1235000.0,204.0,1,Asian,Male,25-34,79.757,Loan originated
1,485000.0,37,615000.0,126.0,1,White,Male,25-34,80.0,Loan originated
1,405000.0,37,725000.0,113.0,1,White,Female,35-44,55.1,Loan originated
1,555000.0,50%-60%,585000.0,123.0,1,White,Female,55-64,95.0,Application denied
1,1005000.0,30%-<36%,1255000.0,297.0,1,Asian,Joint,35-44,80.0,Loan originated
1,505000.0,20%-<30%,635000.0,170.0,1,White,Male,55-64,80.0,Loan originated
1,155000.0,20%-<30%,895000.0,142.0,1,Asian,Male,45-54,16.705,Loan originated
1,555000.0,45,955000.0,328.0,1,Asian,Joint,25-34,57.89,Loan originated
1,155000.0,50%-60%,185000.0,49.0,1,Black or African American,Female,>74,80.0,Application denied
1,685000.0,42,785000.0,176.0,1,Asian,Joint,45-54,87.179,Loan originated
1,645000.0,20%-<30%,805000.0,299.0,1,White,Joint,45-54,80.0,Loan originated
1,505000.0,42,905000.0,201.0,1,Hispanic or Latino,Joint,25-34,55.801,Loan originated
1,765000.0,30%-<36%,905000.0,320.0,1,White,Joint,25-34,85.0,Loan originated
1,605000.0,44,1305000.0,248.0,1,White,Joint,65-74,46.154,Loan originated
1,755000.0,39,905000.0,167.0,1,Hispanic or Latino,Joint,25-34,83.89,Loan originated
1,735000.0,36,925000.0,215.0,1,White,Male,55-64,80.0,Loan originated
1,565000.0,41,705000.0,161.0,1,Hispanic or Latino,Female,25-34,80.0,Loan originated
1,1095000.0,48,1225000.0,280.0,1,White,Joint,35-44,90.0,Loan originated
1,945000.0,<20%,1175000.0,737.0,1,White,Male,45-54,80.0,Loan originated
1,915000.0,45,1265000.0,255.0,1,Hispanic or Latino,Joint,35-44,72.419,Loan originated
1,1045000.0,42,1395000.0,250.0,1,White,Male,45-54,75.0,Loan originated
1,745000.0,30%-<36%,925000.0,240.0,1,Asian,Female,25-34,80.0,Loan originated
1,775000.0,20%-<30%,955000.0,281.0,1,White,Joint,25-34,82.0,Loan originated
1,205000.0,45,225000.0,81.0,1,Hispanic or Latino,Male,25-34,90.0,Loan originated
1,135000.0,30%-<36%,145000.0,69.0,1,White,Joint,35-44,95.0,Loan originated
1,975000.0,40,1305000.0,324.0,1,Asian,Male,25-34,75.0,Loan originated
1,365000.0,47,515000.0,71.0,1,Asian,Joint,35-44,70.92,Loan originated
1,405000.0,44,425000.0,112.0,1,Asian,Male,25-34,100.0,Loan originated
1,505000.0,30%-<36%,625000.0,184.0,1,White,Joint,35-44,80.0,Loan originated
1,425000.0,41,475000.0,178.0,1,Asian,Female,35-44,90.0,Loan originated
1,215000.0,49,265000.0,62.0,1,White,Male,45-54,83.0,Application denied
1,595000.0,43,705000.0,158.0,1,White,Joint,35-44,85.0,Loan originated
1,215000.0,49,265000.0,37.0,1,Hispanic or Latino,Female,<25,100.0,Loan originated
1,1145000.0,39,1995000.0,342.0,1,Asian,Joint,25-34,57.003,Loan originated
1,515000.0,48,645000.0,150.0,1,White,Female,25-34,96.0,Loan originated
1,965000.0,43,1205000.0,240.0,1,Asian,Male,35-44,80.0,Loan originated
1,765000.0,44,1185000.0,195.0,1,Asian,Male,45-54,64.831,Loan originated
1,205000.0,41,475000.0,56.0,1,White,Male,25-34,43.54,Loan originated
1,385000.0,45,1065000.0,142.0,1,Asian,Female,25-34,35.85,Loan originated
1,455000.0,36,705000.0,126.0,1,Asian,Male,55-64,64.286,Loan originated
1,375000.0,44,465000.0,91.0,1,Hispanic or Latino,Male,25-34,80.0,Loan originated
1,275000.0,47,745000.0,67.0,1,White,Joint,>74,36.986,Loan originated
1,525000.0,30%-<36%,655000.0,150.0,1,Asian,Male,25-34,80.0,Loan originated
1,455000.0,49,725000.0,123.0,1,White,Joint,35-44,62.759,Loan originated
1,225000.0,37,355000.0,68.0,1,Hispanic or Latino,Male,35-44,62.857,Loan originated
1,545000.0,38,645000.0,154.0,1,White,Joint,45-54,84.688,Loan originated
1,445000.0,49,585000.0,93.0,1,Hispanic or Latino,Male,25-34,77.0,Loan originated
1,605000.0,20%-<30%,835000.0,192.0,1,Asian,Male,35-44,72.582,Loan originated
1,215000.0,30%-<36%,435000.0,79.0,1,White,Female,25-34,48.84,Loan originated
1,755000.0,48,945000.0,151.0,1,Asian,Male,35-44,80.0,Loan originated
1,295000.0,49,315000.0,63.0,1,White,Male,45-54,95.0,Loan originated
1,685000.0,46,765000.0,155.0,1,White,Male,35-44,89.989,Loan originated
1,305000.0,37,455000.0,100.0,1,Asian,Female,25-34,68.67,Loan originated
1,435000.0,48,545000.0,100.0,1,White,Male,25-34,80.0,Loan originated
1,475000.0,48,525000.0,108.0,1,White,Female,35-44,90.0,Loan originated
1,565000.0,30%-<36%,595000.0,224.0,1,White,Male,35-44,95.0,Loan originated
1,645000.0,38,825000.0,227.0,1,White,Joint,35-44,77.576,Loan originated
1,255000.0,39,405000.0,139.0,1,Asian,Joint,55-64,61.73,Application denied
1,885000.0,45,1105000.0,264.0,1,White,Female,35-44,80.0,Loan originated
1,335000.0,30%-<36%,685000.0,136.0,1,White,Female,45-54,48.991,Loan originated
1,725000.0,41,765000.0,187.0,1,Black or African American,Joint,35-44,95.0,Loan originated
1,525000.0,<20%,925000.0,704.0,1,White,Joint,45-54,57.0,Loan originated
1,655000.0,49,685000.0,151.0,1,Hispanic or Latino,Joint,45-54,95.0,Loan originated
1,355000.0,46,375000.0,87.0,1,Hispanic or Latino,Joint,35-44,95.0,Loan originated
1,415000.0,30%-<36%,425000.0,138.0,1,Hispanic or Latino,Joint,35-44,97.0,Loan originated
1,445000.0,45,555000.0,103.0,1,Asian,Male,45-54,80.0,Loan originated
1,485000.0,49,505000.0,110.0,1,Hispanic or Latino,Female,35-44,97.0,Loan originated
1,615000.0,30%-<36%,635000.0,276.0,1,Black or African American,Joint,55-64,97.0,Loan originated
1,305000.0,42,815000.0,91.0,1,Asian,Joint,65-74,36.81,Loan originated
1,555000.0,44,625000.0,145.0,1,White,Female,35-44,90.0,Loan originated
1,15000.0,49,605000.0,186.0,1,White,Male,45-54,102.0,Loan originated
1,1015000.0,40,1455000.0,260.0,1,White,Female,45-54,70.0,Loan originated
1,365000.0,20%-<30%,415000.0,152.0,1,White,Joint,25-34,90.0,Loan originated
1,225000.0,44,425000.0,67.0,1,White,Male,25-34,54.286,Loan originated
1,355000.0,>60%,505000.0,48.0,1,Hispanic or Latino,Female,55-64,70.0,Application denied
1,595000.0,49,745000.0,125.0,1,White,Female,55-64,80.0,Loan originated
1,555000.0,41,685000.0,153.0,1,Asian,Joint,25-34,80.0,Loan originated
1,445000.0,48,465000.0,117.0,1,White,Joint,35-44,95.0,Loan originated
1,465000.0,30%-<36%,585000.0,238.0,1,White,Joint,25-34,80.0,Loan originated
1,685000.0,44,725000.0,156.0,1,Asian,Male,25-34,95.0,Loan originated
1,805000.0,44,1085000.0,184.0,1,White,Male,55-64,75.0,Loan originated
1,235000.0,20%-<30%,435000.0,119.0,1,White,Male,35-44,53.488,Loan originated
1,585000.0,41,625000.0,168.0,1,White,Joint,65-74,95.0,Loan originated
1,625000.0,46,785000.0,147.0,1,Asian,Male,45-54,80.0,Loan originated
1,465000.0,49,865000.0,101.0,1,Asian,Female,25-34,53.18,Loan originated
1,615000.0,49,1025000.0,122.0,1,Asian,Joint,35-44,59.805,Loan originated
1,765000.0,43,805000.0,256.0,1,White,Joint,35-44,95.0,Loan originated
1,435000.0,20%-<30%,545000.0,182.0,1,Asian,Joint,25-34,80.0,Loan originated
1,165000.0,40,175000.0,55.0,1,Hispanic or Latino,Female,25-34,95.0,Application denied
1,755000.0,<20%,955000.0,477.0,1,White,Male,55-64,78.947,Loan originated
1,985000.0,20%-<30%,1405000.0,434.0,1,Hispanic or Latino,Joint,55-64,70.0,Loan originated
1,385000.0,49,405000.0,139.0,1,Asian,Joint,25-34,100.0,Loan originated
1,215000.0,44,455000.0,84.0,1,Asian,Female,25-34,47.778,Loan originated
1,345000.0,20%-<30%,435000.0,129.0,1,Hispanic or Latino,Joint,25-34,80.0,Loan originated
1,345000.0,45,425000.0,158.0,1,White,Joint,55-64,80.0,Application denied
1,715000.0,43,895000.0,159.0,1,White,Joint,45-54,80.0,Loan originated
1,365000.0,48,385000.0,75.0,1,Hispanic or Latino,Female,25-34,95.0,Loan originated
1,245000.0,48,365000.0,65.0,1,Asian,Female,35-44,67.68,Loan originated
1,565000.0,30%-<36%,715000.0,225.0,1,Hispanic or Latino,Joint,35-44,80.0,Loan originated
1,365000.0,43,425000.0,100.0,1,Asian,Female,<25,88.012,Loan originated
1,1145000.0,48,3135000.0,320.0,1,White,Joint,35-44,36.665,Loan originated
1,265000.0,42,295000.0,168.0,1,Asian,Female,45-54,89.933,Loan originated
1,355000.0,30%-<36%,1065000.0,146.0,1,White,Joint,65-74,33.208,Loan originated
1,325000.0,40,655000.0,121.0,1,Other,Female,65-74,50.0,Loan originated
1,305000.0,45,385000.0,81.0,1,Hispanic or Latino,Male,55-64,80.0,Loan originated
1,635000.0,43,795000.0,148.0,1,Hispanic or Latino,Male,45-54,80.0,Loan originated
1,125000.0,20%-<30%,145000.0,111.0,1,Hispanic or Latino,Female,55-64,86.88,Application denied
1,605000.0,45,1105000.0,292.0,1,Hispanic or Latino,Female,>74,54.25,Loan originated
1,395000.0,47,495000.0,113.0,1,Hispanic or Latino,Male,45-54,80.0,Application denied
1,345000.0,43,845000.0,123.0,1,Asian,Male,55-64,40.69,Loan originated
1,1055000.0,20%-<30%,1995000.0,459.0,1,White,Male,55-64,52.632,Loan originated
1,1095000.0,39,1375000.0,574.0,1,White,Female,35-44,80.0,Loan originated
1,315000.0,42,515000.0,103.0,1,White,Female,35-44,60.785,Loan originated
1,1005000.0,30%-<36%,1505000.0,400.0,1,White,Joint,25-34,66.667,Loan originated
1,125000.0,39,375000.0,50.0,1,White,Female,55-64,32.92,Loan originated
1,565000.0,47,585000.0,148.0,1,Hispanic or Latino,Male,35-44,97.0,Loan originated
1,265000.0,38,955000.0,89.0,1,White,Joint,65-74,27.836,Loan originated
1,405000.0,20%-<30%,1655000.0,273.0,1,Asian,Male,35-44,24.247,Loan originated
1,505000.0,49,535000.0,125.0,1,Hispanic or Latino,Joint,35-44,95.0,Loan originated
1,535000.0,38,635000.0,172.0,1,White,Male,35-44,84.144,Loan originated
1,345000.0,30%-<36%,425000.0,145.0,1,White,Male,35-44,80.0,Loan originated
1,495000.0,43,755000.0,164.0,1,Asian,Male,35-44,64.99999,Loan originated
1,155000.0,48,735000.0,59.0,1,Asian,Female,65-74,20.465,Loan originated
1,445000.0,49,645000.0,86.0,1,White,Joint,55-64,68.0,Loan originated
1,455000.0,40,575000.0,225.0,1,White,Male,45-54,80.0,Loan originated
1,615000.0,36,825000.0,184.0,1,White,Male,35-44,75.0,Loan originated
1,945000.0,49,1175000.0,275.0,1,White,Male,45-54,80.0,Loan originated
1,795000.0,50%-60%,995000.0,218.0,1,Asian,Male,55-64,80.0,Loan originated
1,605000.0,42,755000.0,127.0,1,White,Male,25-34,80.0,Loan originated
1,465000.0,20%-<30%,585000.0,209.0,1,White,Male,25-34,80.0,Loan originated
1,2005000.0,47,2715000.0,471.0,1,White,Female,45-54,74.0,Application denied
1,395000.0,48,435000.0,107.0,1,Hispanic or Latino,Joint,35-44,92.0,Loan originated
1,645000.0,36,805000.0,175.0,1,Asian,Female,25-34,80.0,Application denied
1,105000.0,30%-<36%,525000.0,80.0,1,White,Female,65-74,19.0,Loan originated
1,635000.0,49,795000.0,134.0,1,Asian,Male,25-34,80.0,Loan originated
1,435000.0,46,465000.0,91.0,1,Hispanic or Latino,Male,45-54,95.0,Loan originated
1,955000.0,49,1145000.0,220.0,1,White,Joint,35-44,83.072,Loan originated
1,305000.0,41,515000.0,134.0,1,Hispanic or Latino,Joint,25-34,58.252,Loan originated
1,725000.0,30%-<36%,915000.0,203.0,1,White,Joint,25-34,80.0,Loan originated
1,805000.0,39,885000.0,347.0,1,White,Joint,65-74,90.0,Application denied
1,175000.0,49,475000.0,69.0,1,White,Joint,>74,36.842,Loan originated
1,415000.0,44,585000.0,100.0,1,Hispanic or Latino,Male,55-64,72.0,Loan originated
1,295000.0,30%-<36%,415000.0,117.0,1,Asian,Female,25-34,71.084,Application denied
1,765000.0,46,845000.0,241.0,1,Hispanic or Latino,Joint,45-54,90.38,Application denied
1,465000.0,30%-<36%,485000.0,152.0,1,White,Female,35-44,95.0,Loan originated
1,215000.0,20%-<30%,395000.0,148.0,1,Asian,Male,45-54,55.164,Loan originated
1,635000.0,41,795000.0,261.0,1,Asian,Male,45-54,80.0,Loan originated
1,495000.0,44,535000.0,104.0,1,White,Female,55-64,93.56,Loan originated
1,925000.0,42,1235000.0,427.0,1,Asian,Male,55-64,75.0,Loan originated
1,485000.0,20%-<30%,605000.0,182.0,1,White,Male,45-54,80.0,Loan originated
1,405000.0,30%-<36%,505000.0,139.0,1,Asian,Joint,25-34,80.0,Loan originated
1,595000.0,42,665000.0,146.0,1,Asian,Female,35-44,90.0,Loan originated
1,305000.0,39,825000.0,450.0,1,Black or African American,Female,65-74,37.0,Loan originated
1,355000.0,20%-<30%,445000.0,326.0,1,White,Joint,45-54,80.0,Loan originated
1,535000.0,45,835000.0,140.0,1,White,Male,35-44,63.86,Loan originated
1,795000.0,20%-<30%,995000.0,403.0,1,White,Joint,25-34,80.0,Loan originated
1,585000.0,40,605000.0,230.0,1,White,Joint,25-34,97.0,Application denied
1,545000.0,46,685000.0,166.0,1,White,Female,35-44,80.0,Loan originated
1,215000.0,44,235000.0,91.0,1,Hispanic or Latino,Female,55-64,95.0,Loan originated
1,335000.0,20%-<30%,425000.0,207.0,1,Hispanic or Latino,Male,45-54,80.0,Loan originated
1,875000.0,48,2755000.0,195.0,1,White,Male,45-54,31.818,Loan originated
1,1075000.0,30%-<36%,1345000.0,363.0,1,White,Joint,65-74,80.0,Loan originated
1,455000.0,30%-<36%,485000.0,167.0,1,White,Joint,35-44,95.0,Loan originated
1,985000.0,44,1225000.0,277.0,1,Asian,Male,25-34,80.0,Loan originated
1,455000.0,47,525000.0,124.0,1,Hispanic or Latino,Male,35-44,85.0,Application denied
1,765000.0,>60%,965000.0,79.0,1,Asian,Male,55-64,79.46,Application denied
1,75000.0,43,135000.0,45.0,1,White,Male,65-74,53.846,Loan originated
1,305000.0,38,595000.0,102.0,1,White,Joint,55-64,50.04,Loan originated
1,625000.0,49,1005000.0,129.0,1,Asian,Female,25-34,62.445,Loan originated
1,655000.0,44,705000.0,162.0,1,Hispanic or Latino,Male,65-74,92.933,Loan originated
1,395000.0,46,1645000.0,126.0,1,Asian,Male,25-34,23.96,Loan originated
1,885000.0,46,1065000.0,263.0,1,White,Male,35-44,83.0,Loan originated
1,1035000.0,20%-<30%,1385000.0,342.0,1,Asian,Joint,35-44,74.638,Loan originated
1,775000.0,48,825000.0,229.0,1,White,Female,35-44,95.0,Loan originated
1,765000.0,40,995000.0,180.0,1,Asian,Female,35-44,77.059,Loan originated
1,715000.0,40,745000.0,204.0,1,Hispanic or Latino,Joint,35-44,95.0,Loan originated
1,445000.0,39,455000.0,111.0,1,Black or African American,Joint,45-54,97.0,Loan originated
1,1015000.0,37,1275000.0,376.0,1,White,Male,35-44,80.0,Loan originated
1,305000.0,43,1575000.0,113.0,1,White,Female,65-74,19.048,Loan originated
1,555000.0,49,715000.0,130.0,1,Asian,Joint,35-44,77.182,Loan originated
1,625000.0,47,785000.0,166.0,1,Hispanic or Latino,Male,25-34,99.133,Loan originated
1,505000.0,47,735000.0,139.0,1,Hispanic or Latino,Male,35-44,68.616,Loan originated
1,605000.0,40,835000.0,156.0,1,Asian,Female,25-34,72.0,Loan originated
1,415000.0,30%-<36%,1085000.0,164.0,1,White,Female,>74,37.788,Loan originated
1,665000.0,30%-<36%,745000.0,225.0,1,Asian,Male,35-44,89.968,Loan originated
1,765000.0,50%-60%,805000.0,143.0,1,Hispanic or Latino,Joint,35-44,95.0,Application denied
1,655000.0,44,815000.0,247.0,1,Asian,Male,45-54,80.0,Loan originated
1,1105000.0,30%-<36%,1615000.0,418.0,1,Asian,Joint,35-44,68.069,Loan originated
1,195000.0,30%-<36%,715000.0,120.0,1,White,Female,65-74,28.028,Loan originated
1,105000.0,39,185000.0,38.0,1,Asian,Male,<25,58.01,Loan originated
1,675000.0,49,1125000.0,145.0,1,White,Joint,35-44,60.0,Loan originated
1,475000.0,<20%,595000.0,352.0,1,Hispanic or Latino,Male,45-54,80.0,Loan originated
1,545000.0,30%-<36%,735000.0,214.0,1,Asian,Male,25-34,75.0,Loan originated
1,525000.0,48,545000.0,128.0,1,Hispanic or Latino,Joint,25-34,95.0,Loan originated
1,995000.0,50%-60%,1055000.0,279.0,1,Hispanic or Latino,Male,35-44,95.0,Application denied
1,455000.0,43,575000.0,140.0,1,Asian,Joint,25-34,80.0,Loan originated
1,755000.0,30%-<36%,945000.0,233.0,1,Asian,Male,35-44,80.0,Loan originated
1,355000.0,42,365000.0,99.0,1,White,Female,35-44,97.0,Loan originated
1,685000.0,45,855000.0,165.0,1,White,Female,45-54,80.0,Loan originated
1,575000.0,44,615000.0,150.0,1,Hispanic or Latino,Male,55-64,95.0,Loan originated
1,665000.0,50%-60%,685000.0,203.0,1,Asian,Male,25-34,96.515,Application denied
1,595000.0,30%-<36%,895000.0,212.0,1,Hispanic or Latino,Female,45-54,67.0,Loan originated
1,465000.0,42,615000.0,117.0,1,Hispanic or Latino,Female,55-64,97.0,Application denied
1,915000.0,46,1165000.0,270.0,1,Asian,Joint,35-44,78.231,Loan originated
1,225000.0,<20%,375000.0,110.0,1,Asian,Female,35-44,58.05,Application denied
1,1105000.0,41,1305000.0,311.0,1,White,Female,35-44,85.0,Loan originated
1,965000.0,42,1375000.0,275.0,1,Asian,Male,65-74,70.0,Loan originated
1,755000.0,37,2165000.0,290.0,1,White,Joint,45-54,34.64,Loan originated
1,185000.0,20%-<30%,995000.0,213.0,1,White,Joint,35-44,18.182,Loan originated
1,585000.0,37,735000.0,156.0,1,White,Female,35-44,79.452,Loan originated
1,355000.0,38,715000.0,101.0,1,White,Female,65-74,50.0,Loan originated
1,1105000.0,37,1605000.0,289.0,1,Asian,Joint,35-44,68.75,Loan originated
1,625000.0,44,655000.0,340.0,1,Black or African American,Joint,45-54,95.0,Loan originated
1,725000.0,46,905000.0,166.0,1,Asian,Female,25-34,80.0,Loan originated
1,335000.0,20%-<30%,395000.0,139.0,1,White,Female,45-54,85.0,Loan originated
1,555000.0,45,595000.0,214.0,1,White,Male,25-34,92.5,Loan originated
1,505000.0,20%-<30%,725000.0,257.0,1,Hispanic or Latino,Female,55-64,68.83,Loan originated
1,545000.0,36,605000.0,159.0,1,White,Male,35-44,90.0,Application denied
1,1045000.0,44,1305000.0,325.0,1,White,Joint,35-44,80.0,Loan originated
1,715000.0,<20%,965000.0,786.0,1,White,Male,<25,73.96,Loan originated
1,635000.0,46,845000.0,132.0,1,Hispanic or Latino,Male,55-64,75.0,Loan originated
1,355000.0,36,445000.0,130.0,1,White,Male,25-34,80.0,Loan originated
1,695000.0,43,875000.0,180.0,1,White,Male,25-34,80.0,Application denied
1,275000.0,45,325000.0,68.0,1,White,Male,>74,85.0,Loan originated
1,375000.0,37,395000.0,160.0,1,Black or African American,Male,35-44,95.0,Loan originated
1,525000.0,44,975000.0,147.0,1,White,Joint,>74,56.41,Application denied
1,475000.0,40,605000.0,146.0,1,Asian,Male,25-34,79.87,Loan originated
1,475000.0,20%-<30%,675000.0,196.0,1,Asian,Female,55-64,70.39,Loan originated
1,205000.0,45,275000.0,106.0,1,White,Female,65-74,74.36,Loan originated
1,205000.0,<20%,1495000.0,275.0,1,White,Joint,45-54,13.351,Loan originated
1,125000.0,38,155000.0,64.0,1,White,Male,35-44,80.0,Loan originated
1,705000.0,48,905000.0,184.0,1,Asian,Joint,25-34,77.93,Loan originated
1,545000.0,38,685000.0,163.0,1,White,Joint,25-34,80.0,Loan originated
1,725000.0,38,905000.0,258.0,1,Other,Joint,25-34,80.0,Loan originated
1,385000.0,47,405000.0,89.0,1,Hispanic or Latino,Male,35-44,97.0,Loan originated
1,355000.0,49,445000.0,67.0,1,Asian,Joint,25-34,80.0,Loan originated
1,665000.0,42,825000.0,165.0,1,White,Female,35-44,80.0,Loan originated
1,255000.0,48,425000.0,83.0,1,White,Male,65-74,60.0,Loan originated
1,715000.0,49,955000.0,183.0,1,Asian,Male,35-44,75.0,Loan originated
1,405000.0,48,515000.0,108.0,1,Hispanic or Latino,Male,35-44,80.0,Loan originated
1,615000.0,38,765000.0,169.0,1,Asian,Female,45-54,80.0,Loan originated
1,775000.0,42,1125000.0,218.0,1,White,Female,65-74,68.585,Loan originated
1,945000.0,43,1055000.0,253.0,1,White,Male,35-44,90.0,Loan originated
1,745000.0,<20%,935000.0,418.0,1,White,Female,35-44,79.912,Loan originated
1,395000.0,20%-<30%,595000.0,218.0,1,White,Joint,45-54,66.387,Loan originated
1,505000.0,49,1215000.0,215.0,1,White,Joint,55-64,41.25,Loan originated
1,525000.0,20%-<30%,585000.0,222.0,1,Black or African American,Female,55-64,90.0,Loan originated
1,575000.0,45,605000.0,119.0,1,White,Male,35-44,95.0,Loan originated
1,425000.0,49,435000.0,87.0,1,Hispanic or Latino,Female,25-34,97.0,Loan originated
1,505000.0,20%-<30%,655000.0,192.0,1,White,Joint,45-54,76.923,Loan originated
1,665000.0,39,825000.0,200.0,1,White,Joint,35-44,80.0,Loan originated
1,635000.0,47,795000.0,247.0,1,Asian,Joint,45-54,80.0,Loan originated
1,525000.0,30%-<36%,695000.0,126.0,1,Asian,Joint,65-74,75.0,Loan originated
1,995000.0,30%-<36%,1425000.0,265.0,1,Asian,Joint,25-34,70.0,Loan originated
1,525000.0,20%-<30%,655000.0,258.0,1,White,Female,35-44,80.0,Loan originated
1,285000.0,40,365000.0,112.0,1,White,Male,25-34,80.0,Loan originated
1,945000.0,38,1345000.0,250.0,1,White,Joint,45-54,70.35,Loan originated
1,1055000.0,42,1315000.0,303.0,1,Asian,Joint,35-44,80.0,Loan originated
1,665000.0,45,705000.0,152.0,1,Hispanic or Latino,Male,45-54,95.0,Loan originated
1,465000.0,48,585000.0,131.0,1,Hispanic or Latino,Male,35-44,80.0,Application denied
1,355000.0,30%-<36%,505000.0,98.0,1,Hispanic or Latino,Male,35-44,70.0,Loan originated
1,105000.0,43,405000.0,44.0,1,Asian,Female,<25,32.139,Loan originated
1,565000.0,36,675000.0,157.0,1,Hispanic or Latino,Male,25-34,90.0,Loan originated
1,325000.0,20%-<30%,335000.0,115.0,1,White,Female,25-34,99.97,Loan originated
1,255000.0,42,675000.0,69.0,1,Hispanic or Latino,Female,65-74,37.612,Loan originated
1,765000.0,30%-<36%,845000.0,250.0,1,White,Joint,35-44,90.0,Loan originated
1,445000.0,49,465000.0,108.0,1,White,Female,65-74,95.0,Loan originated
1,545000.0,48,575000.0,136.0,1,White,Male,55-64,95.0,Loan originated
1,535000.0,20%-<30%,665000.0,271.0,1,Asian,Female,25-34,80.0,Loan originated
1,435000.0,20%-<30%,485000.0,197.0,1,Hispanic or Latino,Male,25-34,90.0,Loan originated
1,745000.0,38,805000.0,327.0,1,White,Joint,35-44,93.125,Loan originated
1,595000.0,38,625000.0,177.0,1,Black or African American,Female,25-34,95.0,Loan originated
1,545000.0,48,725000.0,112.0,1,Hispanic or Latino,Male,35-44,75.0,Loan originated
1,505000.0,30%-<36%,525000.0,146.0,1,Hispanic or Latino,Joint,55-64,97.0,Loan originated
1,645000.0,45,865000.0,347.0,1,White,Joint,55-64,75.0,Loan originated
1,1005000.0,30%-<36%,4505000.0,387.0,1,White,Joint,45-54,22.346,Loan originated
1,615000.0,20%-<30%,765000.0,219.0,1,White,Joint,25-34,80.0,Loan originated
1,415000.0,30%-<36%,505000.0,127.0,1,Hispanic or Latino,Joint,35-44,84.0,Loan originated
1,685000.0,30%-<36%,985000.0,535.0,1,Asian,Female,35-44,69.49,Loan originated
1,535000.0,40,565000.0,150.0,1,Asian,Male,35-44,94.643,Loan originated
1,855000.0,<20%,945000.0,1110.0,1,White,Male,35-44,90.0,Loan originated
1,375000.0,36,475000.0,95.0,1,Hispanic or Latino,Male,25-34,79.161,Loan originated
1,355000.0,>60%,395000.0,81.0,1,White,Male,25-34,90.0,Application denied
1,325000.0,49,365000.0,189.0,1,Hispanic or Latino,Male,25-34,90.0,Loan originated
1,305000.0,48,665000.0,79.0,1,Hispanic or Latino,Female,65-74,46.003,Loan originated
1,505000.0,48,535000.0,140.0,1,White,Male,35-44,95.0,Loan originated
1,335000.0,49,775000.0,77.0,1,Hispanic or Latino,Male,35-44,42.85,Loan originated
1,405000.0,45,505000.0,117.0,1,White,Female,55-64,80.0,Loan originated
1,565000.0,36,715000.0,202.0,1,Hispanic or Latino,Male,35-44,80.0,Loan originated
1,685000.0,30%-<36%,915000.0,279.0,1,Asian,Joint,35-44,75.0,Loan originated
1,445000.0,48,465000.0,121.0,1,White,Joint,25-34,95.0,Loan originated
1,1005000.0,48,1905000.0,227.0,1,Asian,Male,45-54,52.63,Loan originated
1,525000.0,43,705000.0,145.0,1,Hispanic or Latino,Joint,35-44,74.286,Loan originated
1,515000.0,47,645000.0,116.0,1,White,Male,25-34,80.0,Loan originated
1,535000.0,37,555000.0,149.0,1,Hispanic or Latino,Male,25-34,97.0,Loan originated
1,505000.0,40,635000.0,199.0,1,Asian,Joint,55-64,79.65,Loan originated
1,495000.0,49,755000.0,160.0,1,White,Female,25-34,65.333,Loan originated
1,635000.0,46,785000.0,151.0,1,Asian,Female,35-44,80.0,Loan originated
1,735000.0,45,985000.0,344.0,1,White,Joint,35-44,75.0,Loan originated
1,295000.0,39,305000.0,81.0,1,Hispanic or Latino,Joint,65-74,95.0,Loan originated
1,305000.0,<20%,445000.0,383.0,1,Hispanic or Latino,Joint,55-64,70.0,Loan originated
1,405000.0,39,705000.0,150.0,1,White,Female,35-44,57.204,Loan originated
1,1015000.0,42,1285000.0,261.0,1,Asian,Male,35-44,80.0,Loan originated
1,835000.0,50%-60%,895000.0,200.0,1,White,Joint,35-44,93.26,Application denied
1,485000.0,43,645000.0,116.0,1,White,Male,35-44,75.0,Loan originated
1,945000.0,39,1295000.0,242.0,1,Asian,Male,45-54,73.07,Loan originated
1,505000.0,49,595000.0,99.0,1,Hispanic or Latino,Male,25-34,85.0,Loan originated
1,575000.0,30%-<36%,605000.0,179.0,1,Asian,Male,35-44,95.0,Loan originated
1,465000.0,49,475000.0,90.0,1,Asian,Joint,55-64,99.47,Loan originated
1,595000.0,50%-60%,1295000.0,131.0,1,White,Joint,45-54,46.0,Application denied
1,405000.0,49,855000.0,105.0,1,Hispanic or Latino,Joint,45-54,47.059,Loan originated
1,825000.0,30%-<36%,1325000.0,269.0,1,White,Joint,25-34,62.121,Loan originated
1,455000.0,30%-<36%,515000.0,120.0,1,White,Male,25-34,88.235,Loan originated
1,685000.0,39,725000.0,173.0,1,Asian,Joint,25-34,95.0,Loan originated
1,615000.0,48,1255000.0,143.0,1,Asian,Male,55-64,48.877,Loan originated
1,1005000.0,36,1165000.0,305.0,1,White,Joint,25-34,86.638,Loan originated
1,605000.0,20%-<30%,675000.0,219.0,1,Black or African American,Joint,35-44,90.0,Loan originated
1,605000.0,30%-<36%,1145000.0,317.0,1,Asian,Joint,45-54,52.41,Loan originated
1,805000.0,30%-<36%,1495000.0,272.0,1,White,Joint,45-54,53.512,Loan originated
1,355000.0,<20%,445000.0,277.0,1,Asian,Male,35-44,80.0,Loan originated
1,625000.0,43,775000.0,176.0,1,White,Joint,65-74,80.0,Loan originated
1,475000.0,46,795000.0,98.0,1,Asian,Male,35-44,60.0,Loan originated
1,465000.0,41,575000.0,230.0,1,White,Joint,25-34,80.0,Loan originated
1,275000.0,45,595000.0,92.0,1,Black or African American,Female,35-44,97.66,Loan originated
1,1215000.0,38,1615000.0,349.0,1,White,Male,35-44,75.0,Loan originated
1,525000.0,20%-<30%,545000.0,272.0,1,White,Joint,25-34,97.0,Loan originated
1,325000.0,42,405000.0,97.0,1,Hispanic or Latino,Female,35-44,80.0,Loan originated
1,805000.0,41,1005000.0,211.0,1,Asian,Male,55-64,80.0,Loan originated
1,335000.0,45,435000.0,72.0,1,White,Male,25-34,77.5,Loan originated
1,665000.0,49,825000.0,156.0,1,Other,Male,45-54,80.0,Loan originated
1,615000.0,30%-<36%,825000.0,190.0,1,Asian,Female,25-34,75.0,Loan originated
1,35000.0,30%-<36%,45000.0,32.0,1,White,Male,25-34,71.08,Application denied
1,485000.0,42,505000.0,116.0,1,Asian,Female,<25,97.0,Loan originated
1,355000.0,46,445000.0,115.0,1,White,Female,65-74,80.0,Loan originated
1,1135000.0,30%-<36%,1335000.0,316.0,1,Asian,Joint,25-34,85.0,Loan originated
1,885000.0,49,1105000.0,293.0,1,Asian,Joint,25-34,80.0,Loan originated
1,225000.0,30%-<36%,285000.0,87.0,1,White,Joint,35-44,80.0,Loan originated
1,235000.0,49,375000.0,57.0,1,White,Female,>74,62.67,Loan originated
1,515000.0,40,635000.0,172.0,1,Hispanic or Latino,Male,35-44,80.0,Loan originated
1,355000.0,40,375000.0,94.0,1,White,Female,65-74,95.0,Loan originated
1,105000.0,20%-<30%,405000.0,117.0,1,Hispanic or Latino,Joint,55-64,25.0,Loan originated
1,385000.0,40,635000.0,96.0,1,Hispanic or Latino,Female,55-64,60.483,Loan originated
1,225000.0,45,405000.0,86.0,1,White,Male,35-44,55.55,Loan originated
1,345000.0,49,665000.0,104.0,1,Hispanic or Latino,Male,35-44,51.515,Loan originated
1,405000.0,45,505000.0,97.0,1,Hispanic or Latino,Female,55-64,80.0,Loan originated
1,565000.0,44,875000.0,163.0,1,White,Female,25-34,64.0,Loan originated
1,505000.0,40,475000.0,116.0,1,Black or African American,Joint,55-64,108.05,Loan originated
1,525000.0,36,855000.0,155.0,1,White,Female,45-54,65.0,Loan originated
1,685000.0,47,835000.0,209.0,1,White,Joint,35-44,83.0,Loan originated
1,405000.0,40,1755000.0,223.0,1,White,Male,35-44,22.857,Loan originated
1,1105000.0,50%-60%,1305000.0,290.0,1,Hispanic or Latino,Joint,35-44,85.0,Loan originated
1,455000.0,30%-<36%,545000.0,161.0,1,White,Joint,35-44,85.0,Loan originated
1,1085000.0,40,1915000.0,268.0,1,Asian,Joint,45-54,56.853,Loan originated
1,155000.0,39,785000.0,143.0,1,Asian,Joint,55-64,99.231,Loan originated
1,765000.0,44,1875000.0,232.0,1,Asian,Female,35-44,60.12,Loan originated
1,735000.0,38,925000.0,285.0,1,White,Joint,25-34,79.352,Loan originated
1,525000.0,30%-<36%,655000.0,237.0,1,Asian,Male,35-44,90.0,Loan originated
1,165000.0,30%-<36%,315000.0,71.0,1,White,Female,55-64,52.381,Loan originated
1,1035000.0,20%-<30%,1295000.0,349.0,1,Asian,Joint,25-34,79.97,Loan originated
1,485000.0,20%-<30%,505000.0,199.0,1,Asian,Male,35-44,97.0,Loan originated
1,205000.0,49,255000.0,63.0,1,White,Male,55-64,80.0,Loan originated
1,885000.0,20%-<30%,1105000.0,386.0,1,Asian,Joint,25-34,80.0,Loan originated
1,405000.0,44,565000.0,126.0,1,Hispanic or Latino,Joint,25-34,72.0,Loan originated
1,335000.0,30%-<36%,375000.0,150.0,1,White,Male,35-44,93.0,Loan originated
1,505000.0,45,935000.0,118.0,1,Asian,Male,45-54,53.763,Loan originated
1,65000.0,20%-<30%,165000.0,30.0,1,White,Male,<25,43.0,Loan originated
1,505000.0,45,655000.0,161.0,1,Black or African American,Joint,35-44,77.538,Loan originated
1,835000.0,30%-<36%,875000.0,296.0,1,Black or African American,Male,45-54,95.0,Loan originated
1,795000.0,40,885000.0,253.0,1,Asian,Joint,25-34,90.0,Loan originated
1,455000.0,30%-<36%,565000.0,140.0,1,White,Male,25-34,80.0,Loan originated
1,455000.0,45,1155000.0,166.0,1,Asian,Male,35-44,39.603,Loan originated
1,455000.0,20%-<30%,575000.0,171.0,1,Asian,Joint,35-44,80.0,Loan originated
1,145000.0,40,165000.0,94.0,1,Hispanic or Latino,Male,25-34,88.92,Loan originated
1,1005000.0,30%-<36%,2855000.0,359.0,1,Asian,Male,35-44,35.088,Loan originated
1,435000.0,37,585000.0,146.0,1,Asian,Male,45-54,75.0,Loan originated
1,505000.0,49,755000.0,97.0,1,White,Female,35-44,66.667,Loan originated
1,845000.0,50%-60%,1105000.0,154.0,1,Hispanic or Latino,Joint,35-44,76.364,Application denied
1,525000.0,<20%,745000.0,-52.0,1,Black or African American,Female,35-44,70.27,Application denied
1,335000.0,40,905000.0,87.0,1,White,Joint,65-74,38.0,Loan originated
1,535000.0,47,645000.0,136.0,1,White,Joint,25-34,82.813,Loan originated
1,745000.0,49,875000.0,176.0,1,Asian,Male,45-54,85.0,Loan originated
1,405000.0,49,455000.0,76.0,1,White,Joint,25-34,90.0,Loan originated
1,295000.0,40,375000.0,94.0,1,Asian,Male,55-64,80.0,Loan originated
1,495000.0,47,525000.0,129.0,1,Asian,Joint,55-64,95.0,Loan originated
1,305000.0,43,505000.0,73.0,1,Asian,Female,35-44,60.0,Loan originated
1,625000.0,37,775000.0,260.0,1,Asian,Female,45-54,80.0,Loan originated
1,1045000.0,40,1225000.0,269.0,1,Asian,Male,25-34,84.998,Loan originated
1,275000.0,30%-<36%,315000.0,81.0,1,Hispanic or Latino,Male,45-54,90.0,Loan originated
1,805000.0,20%-<30%,1155000.0,273.0,1,Asian,Joint,45-54,70.0,Loan originated
1,155000.0,41,155000.0,40.0,1,Hispanic or Latino,Male,45-54,100.0,Application denied
1,235000.0,48,295000.0,140.0,1,White,Joint,55-64,80.0,Loan originated
1,945000.0,41,1185000.0,227.0,1,White,Female,55-64,80.0,Loan originated
1,655000.0,36,815000.0,200.0,1,White,Male,35-44,80.0,Loan originated
1,225000.0,41,305000.0,66.0,1,Hispanic or Latino,Male,55-64,73.333,Loan originated
1,315000.0,45,335000.0,114.0,1,Hispanic or Latino,Joint,55-64,95.0,Loan originated
1,515000.0,30%-<36%,535000.0,231.0,1,Hispanic or Latino,Joint,25-34,95.0,Loan originated
1,1035000.0,46,1215000.0,247.0,1,White,Male,35-44,85.0,Loan originated
1,655000.0,48,765000.0,258.0,1,Asian,Joint,55-64,85.0,Loan originated
1,625000.0,20%-<30%,2775000.0,364.0,1,White,Joint,35-44,22.4,Loan originated
1,585000.0,20%-<30%,735000.0,200.0,1,Asian,Male,35-44,80.0,Loan originated
1,475000.0,36,485000.0,118.0,1,Hispanic or Latino,Male,25-34,97.0,Loan originated
1,555000.0,20%-<30%,695000.0,212.0,1,White,Joint,25-34,80.0,Loan originated
1,545000.0,40,565000.0,150.0,1,Hispanic or Latino,Male,25-34,97.0,Application denied
1,765000.0,48,995000.0,188.0,1,Asian,Male,45-54,76.53,Loan originated
1,205000.0,20%-<30%,905000.0,135.0,1,Hispanic or Latino,Male,55-64,23.0,Loan originated
1,485000.0,43,535000.0,140.0,1,Asian,Joint,35-44,92.0,Loan originated
1,355000.0,20%-<30%,905000.0,166.0,1,White,Joint,55-64,38.889,Loan originated
1,395000.0,40,415000.0,91.0,1,Hispanic or Latino,Male,25-34,97.0,Loan originated
1,345000.0,49,555000.0,85.0,1,Asian,Male,25-34,62.5,Loan originated
1,695000.0,37,765000.0,191.0,1,White,Joint,25-34,90.0,Loan originated
1,615000.0,43,765000.0,156.0,1,Asian,Male,35-44,80.0,Loan originated
1,635000.0,47,845000.0,184.0,1,White,Joint,25-34,75.0,Loan originated
1,535000.0,47,935000.0,124.0,1,White,Joint,55-64,57.219,Loan originated
1,255000.0,49,355000.0,80.0,1,Hispanic or Latino,Female,25-34,71.871,Loan originated
1,685000.0,30%-<36%,725000.0,178.0,1,Asian,Female,35-44,95.0,Loan originated
1,535000.0,44,985000.0,125.0,1,Asian,Joint,55-64,54.832,Loan originated
1,355000.0,30%-<36%,825000.0,123.0,1,White,Joint,35-44,42.683,Loan originated
1,495000.0,43,665000.0,182.0,1,White,Male,35-44,75.0,Loan originated
1,15000.0,40,545000.0,178.0,1,Hispanic or Latino,Joint,35-44,101.93,Loan originated
1,415000.0,45,515000.0,96.0,1,White,Male,55-64,80.0,Application denied
1,545000.0,30%-<36%,845000.0,183.0,1,Asian,Male,35-44,64.286,Loan originated
1,405000.0,39,435000.0,121.0,1,Asian,Joint,45-54,93.03,Loan originated
1,525000.0,44,515000.0,144.0,1,Hispanic or Latino,Joint,<25,101.75,Loan originated
1,505000.0,47,535000.0,137.0,1,White,Male,35-44,95.0,Loan originated
1,595000.0,47,755000.0,121.0,1,White,Female,35-44,78.808,Loan originated
1,695000.0,49,875000.0,181.0,1,Asian,Joint,25-34,80.0,Loan originated
1,345000.0,20%-<30%,435000.0,205.0,1,Hispanic or Latino,Male,25-34,80.0,Loan originated
1,625000.0,30%-<36%,665000.0,168.0,1,Asian,Joint,55-64,95.0,Loan originated
1,295000.0,47,555000.0,90.0,1,Hispanic or Latino,Male,35-44,53.827,Loan originated
1,505000.0,41,1725000.0,166.0,1,White,Female,45-54,28.986,Loan originated
1,885000.0,37,1265000.0,427.0,1,Asian,Male,45-54,70.0,Loan originated
1,665000.0,39,685000.0,255.0,1,Black or African American,Joint,25-34,97.0,Loan originated
1,765000.0,41,955000.0,260.0,1,Hispanic or Latino,Male,25-34,80.0,Loan originated
1,325000.0,30%-<36%,405000.0,117.0,1,Hispanic or Latino,Female,55-64,80.0,Loan originated
1,625000.0,38,775000.0,177.0,1,White,Female,55-64,80.0,Loan originated
1,495000.0,44,835000.0,180.0,1,Asian,Male,25-34,60.0,Loan originated
1,755000.0,49,945000.0,200.0,1,Asian,Joint,45-54,80.0,Loan originated
1,705000.0,>60%,1495000.0,80.0,1,White,Male,>74,46.92,Application denied
1,425000.0,46,435000.0,140.0,1,White,Female,45-54,100.0,Loan originated
1,725000.0,43,765000.0,180.0,1,Hispanic or Latino,Male,45-54,95.0,Loan originated
1,365000.0,20%-<30%,815000.0,167.0,1,White,Male,25-34,44.786,Loan originated
1,395000.0,39,415000.0,98.0,1,Black or African American,Female,35-44,95.0,Loan originated
1,265000.0,40,285000.0,134.0,1,Asian,Female,45-54,95.0,Loan originated
1,665000.0,20%-<30%,955000.0,901.0,1,White,Female,45-54,70.0,Loan originated
1,425000.0,43,455000.0,170.0,1,Hispanic or Latino,Joint,55-64,95.0,Loan originated
1,645000.0,47,685000.0,171.0,1,Hispanic or Latino,Joint,45-54,95.0,Loan originated
1,305000.0,41,325000.0,110.0,1,Asian,Female,35-44,95.0,Loan originated
1,875000.0,49,1205000.0,204.0,1,White,Joint,65-74,72.938,Loan originated
1,385000.0,20%-<30%,455000.0,177.0,1,White,Joint,45-54,85.0,Loan originated
1,625000.0,42,665000.0,169.0,1,Hispanic or Latino,Female,45-54,95.0,Loan originated
1,125000.0,30%-<36%,715000.0,213.0,1,Asian,Joint,25-34,17.697,Loan originated
1,995000.0,20%-<30%,1655000.0,461.0,1,White,Female,55-64,60.0,Loan originated
1,425000.0,46,535000.0,92.0,1,Hispanic or Latino,Female,25-34,100.0,Loan originated
1,715000.0,42,1795000.0,180.0,1,Asian,Male,25-34,39.67,Loan originated
1,505000.0,49,535000.0,109.0,1,Hispanic or Latino,Joint,35-44,95.0,Loan originated
1,685000.0,20%-<30%,855000.0,235.0,1,White,Joint,25-34,80.0,Loan originated
1,495000.0,49,685000.0,101.0,1,White,Male,35-44,72.086,Loan originated
1,395000.0,43,1375000.0,145.0,1,Asian,Male,45-54,28.312,Loan originated
1,405000.0,46,445000.0,154.0,1,Black or African American,Female,25-34,90.0,Loan originated
1,465000.0,41,515000.0,115.0,1,Asian,Female,25-34,90.0,Loan originated
1,405000.0,42,575000.0,139.0,1,White,Joint,35-44,69.739,Loan originated
1,545000.0,44,575000.0,165.0,1,Hispanic or Latino,Male,25-34,95.0,Loan originated
1,695000.0,47,775000.0,195.0,1,Black or African American,Joint,55-64,89.99,Loan originated
1,1085000.0,47,1875000.0,240.0,1,White,Female,55-64,58.26,Loan originated
1,345000.0,37,355000.0,95.0,1,Hispanic or Latino,Joint,<25,100.0,Loan originated
1,565000.0,49,775000.0,144.0,1,White,Joint,55-64,73.992,Loan originated
1,395000.0,42,415000.0,112.0,1,White,Male,45-54,100.0,Loan originated
1,625000.0,41,665000.0,172.0,1,Asian,Joint,25-34,95.0,Loan originated
1,315000.0,41,395000.0,224.0,1,Asian,Male,35-44,80.0,Loan originated
1,375000.0,36,385000.0,114.0,1,White,Female,35-44,97.0,Loan originated
1,685000.0,30%-<36%,855000.0,249.0,1,Hispanic or Latino,Joint,25-34,80.0,Loan originated
1,285000.0,49,355000.0,80.0,1,White,Female,45-54,80.0,Loan originated
1,585000.0,30%-<36%,655000.0,163.0,1,Asian,Joint,45-54,90.0,Loan originated
1,555000.0,<20%,695000.0,337.0,1,Hispanic or Latino,Joint,45-54,80.0,Loan originated
1,295000.0,44,315000.0,81.0,1,Hispanic or Latino,Male,25-34,95.0,Loan originated
1,415000.0,48,555000.0,208.0,1,White,Female,25-34,75.0,Loan originated
1,665000.0,42,685000.0,165.0,1,Hispanic or Latino,Joint,25-34,97.0,Loan originated
1,625000.0,41,695000.0,192.0,1,Hispanic or Latino,Joint,35-44,90.0,Loan originated
1,505000.0,38,565000.0,172.0,1,Asian,Joint,35-44,90.0,Application denied
1,765000.0,48,1115000.0,174.0,1,White,Joint,35-44,68.61,Loan originated
1,755000.0,43,805000.0,208.0,1,Hispanic or Latino,Joint,45-54,94.875,Loan originated
1,355000.0,49,585000.0,79.0,1,White,Female,65-74,60.684,Loan originated
1,375000.0,46,655000.0,92.0,1,Hispanic or Latino,Joint,35-44,57.692,Loan originated
1,1035000.0,44,1295000.0,452.0,1,White,Joint,35-44,80.0,Loan originated
1,585000.0,45,615000.0,124.0,1,Asian,Female,25-34,95.0,Loan originated
1,185000.0,44,195000.0,129.0,1,Hispanic or Latino,Joint,45-54,96.03,Application denied
1,655000.0,37,805000.0,172.0,1,Hispanic or Latino,Joint,25-34,100.0,Loan originated
1,435000.0,40,635000.0,134.0,1,Hispanic or Latino,Male,25-34,68.254,Application denied
1,435000.0,20%-<30%,625000.0,283.0,1,White,Joint,35-44,70.0,Loan originated
1,405000.0,39,845000.0,191.0,1,Asian,Joint,45-54,47.337,Loan originated
1,515000.0,44,925000.0,130.0,1,White,Male,25-34,54.927,Loan originated
1,265000.0,42,275000.0,110.0,1,White,Joint,25-34,100.395,Loan originated
1,595000.0,49,745000.0,139.0,1,Hispanic or Latino,Female,65-74,80.0,Loan originated
1,525000.0,49,705000.0,109.0,1,White,Male,35-44,75.0,Loan originated
1,225000.0,44,375000.0,55.0,1,Asian,Joint,55-64,60.0,Loan originated
1,655000.0,49,665000.0,125.0,1,Hispanic or Latino,Joint,25-34,99.555,Loan originated
1,695000.0,36,815000.0,250.0,1,Hispanic or Latino,Female,45-54,85.0,Loan originated
1,585000.0,41,885000.0,175.0,1,Asian,Female,25-34,66.24,Loan originated
1,385000.0,46,405000.0,107.0,1,Hispanic or Latino,Joint,35-44,100.395,Loan originated
1,425000.0,47,525000.0,93.0,1,Asian,Joint,45-54,80.0,Loan originated
1,605000.0,48,685000.0,306.0,1,Hispanic or Latino,Male,35-44,88.543,Loan originated
1,605000.0,48,635000.0,148.0,1,Hispanic or Latino,Joint,35-44,95.0,Loan originated
1,235000.0,30%-<36%,725000.0,145.0,1,White,Female,35-44,31.799,Loan originated
1,435000.0,39,485000.0,131.0,1,White,Male,35-44,90.0,Loan originated
1,75000.0,43,235000.0,53.0,1,White,Male,65-74,29.64,Application denied
1,505000.0,50%-60%,675000.0,110.0,1,White,Female,55-64,74.993,Application denied
1,375000.0,45,465000.0,72.0,1,Asian,Joint,25-34,80.0,Loan originated
1,365000.0,42,455000.0,88.0,1,Hispanic or Latino,Joint,35-44,98.0,Loan originated
1,395000.0,40,495000.0,102.0,1,White,Female,45-54,80.0,Loan originated
1,195000.0,30%-<36%,395000.0,125.0,1,Asian,Male,25-34,50.0,Loan originated
1,385000.0,20%-<30%,475000.0,491.0,1,White,Male,55-64,80.0,Loan originated
1,355000.0,<20%,895000.0,1131.0,1,White,Male,45-54,38.889,Loan originated
1,855000.0,37,1075000.0,299.0,1,Asian,Joint,25-34,80.0,Loan originated
1,655000.0,48,925000.0,145.0,1,White,Male,35-44,70.27,Application denied
1,495000.0,46,515000.0,127.0,1,White,Male,45-54,97.0,Loan originated
1,475000.0,42,875000.0,213.0,1,Hispanic or Latino,Male,55-64,53.978,Loan originated
1,175000.0,49,935000.0,79.0,1,Hispanic or Latino,Male,>74,18.817,Loan originated
1,515000.0,30%-<36%,625000.0,935.0,1,White,Joint,25-34,82.42,Loan originated
1,415000.0,43,445000.0,96.0,1,Hispanic or Latino,Male,45-54,95.0,Loan originated
1,345000.0,49,615000.0,173.0,1,Black or African American,Joint,35-44,56.68,Loan originated
1,765000.0,42,805000.0,172.0,1,White,Male,45-54,95.0,Loan originated
1,595000.0,44,625000.0,127.0,1,Hispanic or Latino,Joint,25-34,95.0,Loan originated
1,625000.0,20%-<30%,825000.0,288.0,1,White,Male,55-64,75.0,Loan originated
1,725000.0,41,905000.0,171.0,1,Hispanic or Latino,Female,25-34,80.0,Loan originated
1,1045000.0,37,1305000.0,362.0,1,Asian,Male,35-44,80.0,Loan originated
1,255000.0,30%-<36%,1515000.0,133.0,1,Asian,Joint,45-54,16.48,Loan originated
1,605000.0,42,1205000.0,267.0,1,White,Female,55-64,50.0,Loan originated
1,115000.0,43,215000.0,69.0,1,Hispanic or Latino,Male,45-54,54.34,Loan originated
1,675000.0,42,835000.0,240.0,1,White,Male,35-44,80.0,Loan originated
1,225000.0,>60%,355000.0,56.0,1,Hispanic or Latino,Joint,55-64,64.0,Application denied
1,105000.0,40,555000.0,62.0,1,White,Female,25-34,18.919,Loan originated
1,945000.0,47,1175000.0,198.0,1,White,Male,35-44,80.0,Loan originated
1,375000.0,46,505000.0,83.0,1,Hispanic or Latino,Female,35-44,74.0,Loan originated
1,595000.0,47,625000.0,176.0,1,Hispanic or Latino,Joint,35-44,95.0,Loan originated
1,835000.0,50%-60%,1535000.0,289.0,1,Asian,Male,35-44,54.362,Application denied
1,1125000.0,38,1255000.0,346.0,1,White,Male,25-34,90.0,Loan originated
1,855000.0,40,1845000.0,274.0,1,White,Joint,35-44,46.07,Loan originated
1,445000.0,37,795000.0,123.0,1,White,Joint,35-44,55.69,Loan originated
1,905000.0,39,1125000.0,290.0,1,White,Female,35-44,79.947,Loan originated
1,655000.0,45,855000.0,134.0,1,Asian,Joint,45-54,76.471,Loan originated
1,815000.0,48,1015000.0,257.0,1,White,Female,>74,80.0,Loan originated
1,585000.0,48,725000.0,113.0,1,White,Male,25-34,80.0,Loan originated
1,395000.0,45,545000.0,130.0,1,White,Male,45-54,73.519,Loan originated
1,1005000.0,49,1265000.0,190.0,1,Asian,Male,35-44,80.0,Loan originated
1,1005000.0,30%-<36%,1375000.0,513.0,1,Asian,Joint,35-44,72.99,Loan originated
1,185000.0,36,225000.0,76.0,1,Asian,Joint,25-34,80.0,Loan originated
1,405000.0,45,455000.0,92.0,1,Hispanic or Latino,Male,45-54,88.013,Loan originated
1,565000.0,30%-<36%,705000.0,179.0,1,Hispanic or Latino,Male,25-34,83.0,Loan originated
1,525000.0,37,555000.0,214.0,1,White,Male,25-34,95.0,Application denied
1,105000.0,41,305000.0,43.0,1,White,Male,45-54,34.426,Loan originated
1,515000.0,45,605000.0,107.0,1,Hispanic or Latino,Male,35-44,105.0,Loan originated
1,795000.0,41,995000.0,225.0,1,White,Female,25-34,80.0,Loan originated
1,845000.0,47,1345000.0,182.0,1,Asian,Male,35-44,62.687,Loan originated
1,805000.0,47,985000.0,175.0,1,Hispanic or Latino,Male,45-54,81.218,Application denied
1,345000.0,47,355000.0,109.0,1,Hispanic or Latino,Female,35-44,99.0,Loan originated
1,455000.0,30%-<36%,575000.0,153.0,1,White,Joint,25-34,80.0,Loan originated
1,405000.0,<20%,1505000.0,349.0,1,White,Joint,35-44,26.667,Loan originated
1,625000.0,49,735000.0,121.0,1,Hispanic or Latino,Joint,35-44,85.0,Loan originated
1,1105000.0,30%-<36%,1615000.0,325.0,1,Asian,Joint,25-34,67.94,Loan originated
1,375000.0,48,465000.0,205.0,1,Hispanic or Latino,Joint,45-54,80.0,Loan originated
1,625000.0,48,675000.0,193.0,1,Hispanic or Latino,Female,35-44,92.0,Loan originated
1,135000.0,43,155000.0,86.0,1,Hispanic or Latino,Joint,45-54,90.0,Loan originated
1,1125000.0,48,1405000.0,343.0,1,White,Joint,25-34,80.0,Loan originated
1,885000.0,49,935000.0,179.0,1,Hispanic or Latino,Joint,45-54,95.0,Loan originated
1,175000.0,43,315000.0,55.0,1,White,Female,>74,56.0,Loan originated
1,455000.0,30%-<36%,805000.0,283.0,1,Black or African American,Joint,35-44,56.57,Loan originated
1,725000.0,48,1005000.0,176.0,1,White,Joint,55-64,72.5,Loan originated
1,485000.0,20%-<30%,605000.0,207.0,1,Asian,Joint,35-44,80.0,Loan originated
1,395000.0,45,645000.0,100.0,1,Hispanic or Latino,Joint,55-64,61.24,Loan originated
1,425000.0,49,445000.0,101.0,1,White,Male,45-54,95.0,Loan originated
1,465000.0,20%-<30%,585000.0,161.0,1,Hispanic or Latino,Male,35-44,80.0,Loan originated
1,435000.0,30%-<36%,545000.0,141.0,1,Asian,Male,35-44,80.0,Loan originated
1,615000.0,41,825000.0,146.0,1,White,Joint,>74,75.0,Loan originated
1,995000.0,46,1055000.0,258.0,1,Hispanic or Latino,Joint,25-34,95.0,Loan originated
1,455000.0,20%-<30%,915000.0,205.0,1,Hispanic or Latino,Female,35-44,50.0,Loan originated
1,475000.0,42,535000.0,130.0,1,Hispanic or Latino,Male,55-64,89.327,Loan originated
1,225000.0,38,925000.0,117.0,1,White,Joint,65-74,24.324,Loan originated
1,1005000.0,49,1775000.0,366.0,1,Asian,Male,25-34,57.0,Loan originated
1,665000.0,30%-<36%,835000.0,209.0,1,Hispanic or Latino,Joint,35-44,80.0,Loan originated
1,465000.0,42,765000.0,147.0,1,Hispanic or Latino,Joint,45-54,60.53,Loan originated
1,235000.0,<20%,585000.0,180.0,1,White,Joint,65-74,40.805,Loan originated
1,155000.0,37,365000.0,46.0,1,Asian,Male,55-64,41.096,Loan originated
1,305000.0,30%-<36%,385000.0,93.0,1,White,Male,25-34,80.0,Loan originated
1,455000.0,47,505000.0,175.0,1,White,Joint,25-34,90.0,Loan originated
1,1115000.0,46,1495000.0,396.0,1,Asian,Joint,35-44,75.0,Loan originated
1,395000.0,49,435000.0,76.0,1,Hispanic or Latino,Male,45-54,90.0,Loan originated
1,975000.0,42,1085000.0,291.0,1,White,Male,25-34,90.0,Loan originated
1,1005000.0,42,1255000.0,370.0,1,White,Joint,55-64,80.0,Application denied
1,395000.0,49,455000.0,81.0,1,Asian,Joint,45-54,85.595,Loan originated
1,555000.0,41,695000.0,280.0,1,White,Joint,45-54,80.0,Loan originated
1,975000.0,30%-<36%,1215000.0,464.0,1,Asian,Female,35-44,80.0,Loan originated
1,765000.0,49,815000.0,182.0,1,White,Male,25-34,94.049,Loan originated
1,765000.0,38,855000.0,260.0,1,Asian,Joint,45-54,90.0,Loan originated
1,685000.0,39,1035000.0,185.0,1,Asian,Male,45-54,66.019,Loan originated
1,385000.0,42,575000.0,114.0,1,White,Male,25-34,66.957,Loan originated
1,865000.0,30%-<36%,1075000.0,313.0,1,Asian,Joint,25-34,80.0,Loan originated
1,705000.0,45,875000.0,165.0,1,Asian,Joint,35-44,80.0,Loan originated
1,705000.0,40,875000.0,288.0,1,White,Joint,25-34,80.0,Loan originated
1,545000.0,36,645000.0,183.0,1,Asian,Joint,35-44,84.496,Loan originated
1,1005000.0,47,1725000.0,248.0,1,Asian,Joint,35-44,57.971,Loan originated
1,535000.0,36,565000.0,247.0,1,White,Joint,35-44,95.0,Application denied
1,685000.0,50%-60%,1585000.0,267.0,1,Asian,Joint,35-44,43.038,Loan originated
1,1005000.0,30%-<36%,2305000.0,343.0,1,White,Joint,35-44,43.48,Loan originated
1,765000.0,48,1075000.0,212.0,1,White,Male,35-44,72.0,Loan originated
1,1555000.0,49,1955000.0,370.0,1,White,Female,35-44,79.99,Loan originated
1,545000.0,47,825000.0,146.0,1,Asian,Male,35-44,65.361,Loan originated
1,405000.0,20%-<30%,1655000.0,247.0,1,White,Male,35-44,24.242,Loan originated
1,765000.0,30%-<36%,855000.0,293.0,1,Asian,Joint,25-34,89.184,Loan originated
1,105000.0,20%-<30%,505000.0,84.0,1,White,Female,>74,20.0,Loan originated
1,245000.0,36,265000.0,160.0,1,Hispanic or Latino,Joint,25-34,91.698,Loan originated
1,755000.0,37,795000.0,235.0,1,Hispanic or Latino,Male,25-34,95.0,Loan originated
1,595000.0,42,755000.0,130.0,1,White,Male,45-54,79.21,Loan originated
1,675000.0,36,1655000.0,233.0,1,White,Joint,55-64,40.86,Loan originated
1,1145000.0,30%-<36%,1345000.0,338.0,1,Asian,Joint,25-34,85.0,Loan originated
1,275000.0,45,285000.0,74.0,1,Hispanic or Latino,Female,25-34,97.0,Loan originated
1,495000.0,42,615000.0,140.0,1,Hispanic or Latino,Female,45-54,80.0,Loan originated
1,395000.0,36,475000.0,139.0,1,Hispanic or Latino,Male,35-44,102.392,Loan originated
1,155000.0,49,455000.0,34.0,1,White,Joint,>74,33.702,Loan originated
1,505000.0,48,565000.0,106.0,1,Asian,Male,35-44,89.99,Application denied
1,355000.0,47,585000.0,163.0,1,Hispanic or Latino,Male,35-44,60.0,Loan originated
1,485000.0,48,685000.0,218.0,1,Asian,Male,35-44,70.0,Loan originated
1,465000.0,49,545000.0,125.0,1,White,Joint,>74,84.78,Loan originated
1,325000.0,46,365000.0,132.0,1,White,Joint,55-64,89.041,Loan originated
1,735000.0,40,775000.0,235.0,1,Asian,Female,35-44,94.84,Loan originated
1,595000.0,40,855000.0,288.0,1,Asian,Joint,25-34,70.0,Loan originated
1,745000.0,30%-<36%,785000.0,235.0,1,Hispanic or Latino,Joint,35-44,95.0,Loan originated
1,185000.0,38,205000.0,82.0,1,Asian,Male,35-44,93.0,Loan originated
1,785000.0,30%-<36%,975000.0,236.0,1,Asian,Joint,25-34,80.0,Loan originated
1,635000.0,45,685000.0,218.0,1,White,Female,25-34,92.7,Loan originated
1,265000.0,49,295000.0,55.0,1,Hispanic or Latino,Male,35-44,90.0,Loan originated
1,475000.0,48,1085000.0,110.0,1,Hispanic or Latino,Male,25-34,43.318,Loan originated
1,445000.0,46,785000.0,113.0,1,White,Joint,65-74,56.41,Loan originated
1,445000.0,49,995000.0,125.0,1,Asian,Male,45-54,44.55,Loan originated
1,1105000.0,46,1165000.0,292.0,1,White,Joint,25-34,95.0,Loan originated
1,1005000.0,20%-<30%,1255000.0,562.0,1,Asian,Joint,25-34,80.0,Loan originated
1,575000.0,42,775000.0,151.0,1,White,Male,35-44,74.194,Loan originated
1,425000.0,50%-60%,525000.0,114.0,1,Hispanic or Latino,Male,25-34,80.0,Loan originated
1,775000.0,47,1175000.0,242.0,1,White,Joint,55-64,66.0,Loan originated
1,325000.0,41,365000.0,130.0,1,Hispanic or Latino,Female,35-44,95.0,Loan originated
1,1025000.0,30%-<36%,1285000.0,484.0,1,Hispanic or Latino,Male,45-54,80.0,Loan originated
1,325000.0,43,405000.0,77.0,1,White,Female,65-74,80.0,Loan originated
1,555000.0,47,785000.0,134.0,1,Asian,Female,35-44,70.72,Loan originated
1,515000.0,20%-<30%,645000.0,233.0,1,White,Joint,25-34,80.0,Loan originated
1,825000.0,30%-<36%,1105000.0,252.0,1,Asian,Joint,35-44,74.98,Loan originated
1,975000.0,38,1305000.0,228.0,1,Asian,Joint,25-34,74.62,Loan originated
1,755000.0,36,1025000.0,327.0,1,White,Joint,45-54,73.04,Loan originated
1,685000.0,48,855000.0,199.0,1,White,Male,45-54,80.0,Loan originated
1,515000.0,37,645000.0,164.0,1,White,Female,35-44,80.0,Loan originated
1,845000.0,49,885000.0,191.0,1,Hispanic or Latino,Female,25-34,95.0,Loan originated
1,265000.0,44,485000.0,68.0,1,Hispanic or Latino,Female,55-64,53.799,Loan originated
1,325000.0,44,355000.0,72.0,1,White,Male,<25,92.857,Loan originated
1,325000.0,49,355000.0,61.0,1,Hispanic or Latino,Female,35-44,90.0,Loan originated
1,355000.0,<20%,545000.0,197.0,1,Asian,Joint,35-44,65.0,Loan originated
1,335000.0,47,505000.0,70.0,1,Asian,Female,45-54,66.164,Application denied
1,1085000.0,30%-<36%,1455000.0,382.0,1,White,Male,35-44,75.0,Loan originated
1,365000.0,20%-<30%,815000.0,165.0,1,White,Joint,25-34,45.0,Loan originated
1,555000.0,39,695000.0,289.0,1,White,Joint,35-44,80.0,Loan originated
1,105000.0,43,785000.0,79.0,1,White,Joint,55-64,12.81,Loan originated
1,175000.0,40,555000.0,68.0,1,White,Male,65-74,32.0,Loan originated
1,585000.0,42,605000.0,150.0,1,Hispanic or Latino,Male,25-34,97.0,Loan originated
1,485000.0,38,605000.0,141.0,1,White,Joint,25-34,80.0,Loan originated
1,735000.0,45,825000.0,226.0,1,White,Joint,35-44,90.0,Loan originated
1,465000.0,49,575000.0,155.0,1,Hispanic or Latino,Joint,25-34,80.0,Loan originated
1,505000.0,20%-<30%,1405000.0,316.0,1,White,Joint,65-74,35.714,Loan originated
1,485000.0,47,605000.0,140.0,1,Hispanic or Latino,Male,35-44,80.0,Loan originated
1,985000.0,47,1805000.0,267.0,1,White,Joint,25-34,54.778,Loan originated
1,505000.0,39,1405000.0,312.0,1,Asian,Male,35-44,35.714,Loan originated
1,565000.0,42,865000.0,251.0,1,Hispanic or Latino,Male,35-44,65.318,Loan originated
1,705000.0,45,785000.0,166.0,1,Hispanic or Latino,Joint,45-54,90.0,Loan originated
1,515000.0,48,605000.0,223.0,1,White,Male,35-44,85.0,Loan originated
1,635000.0,30%-<36%,795000.0,183.0,1,White,Male,45-54,80.0,Loan originated
1,665000.0,37,825000.0,226.0,1,White,Joint,25-34,80.0,Loan originated
1,495000.0,30%-<36%,525000.0,218.0,1,Asian,Female,45-54,95.0,Loan originated
1,105000.0,>60%,305000.0,71.0,1,Hispanic or Latino,Joint,55-64,35.08,Application denied
1,965000.0,37,1205000.0,364.0,1,White,Male,35-44,80.0,Loan originated
1,405000.0,44,455000.0,169.0,1,Hispanic or Latino,Female,25-34,88.889,Loan originated
1,805000.0,43,855000.0,210.0,1,White,Male,25-34,95.0,Loan originated
1,745000.0,38,785000.0,187.0,1,Hispanic or Latino,Male,25-34,94.687,Loan originated
1,505000.0,30%-<36%,635000.0,369.0,1,Asian,Male,25-34,80.0,Loan originated
1,525000.0,43,655000.0,233.0,1,Asian,Joint,25-34,80.0,Loan originated
1,385000.0,37,485000.0,192.0,1,Asian,Joint,35-44,80.0,Loan originated
1,945000.0,30%-<36%,1175000.0,335.0,1,Asian,Joint,25-34,80.0,Loan originated
1,345000.0,41,605000.0,104.0,1,Asian,Female,55-64,57.42,Loan originated
1,675000.0,39,725000.0,186.0,1,Asian,Male,55-64,93.065,Loan originated
1,455000.0,44,605000.0,120.0,1,White,Female,35-44,75.0,Loan originated
1,875000.0,50%-60%,1095000.0,421.0,1,White,Male,>74,80.0,Loan originated
1,1145000.0,30%-<36%,1915000.0,488.0,1,Asian,Male,35-44,60.03,Loan originated
1,995000.0,30%-<36%,1405000.0,416.0,1,Asian,Joint,25-34,71.429,Loan originated
1,345000.0,47,365000.0,123.0,1,White,Male,25-34,95.0,Loan originated
1,425000.0,48,855000.0,130.0,1,Asian,Male,35-44,50.0,Loan originated
1,525000.0,40,765000.0,136.0,1,White,Joint,35-44,69.474,Loan originated
1,405000.0,36,505000.0,207.0,1,White,Joint,65-74,80.0,Loan originated
1,735000.0,49,925000.0,141.0,1,White,Male,25-34,80.0,Loan originated
1,905000.0,30%-<36%,1125000.0,271.0,1,Asian,Joint,55-64,80.0,Loan originated
1,335000.0,49,545000.0,113.0,1,Black or African American,Joint,35-44,100.0,Loan originated
1,535000.0,45,565000.0,231.0,1,White,Joint,35-44,95.0,Loan originated
1,1055000.0,37,1175000.0,282.0,1,White,Joint,35-44,90.0,Loan originated
1,415000.0,44,435000.0,127.0,1,Asian,Joint,35-44,99.0,Loan originated
1,1005000.0,36,1285000.0,342.0,1,White,Joint,25-34,79.0,Loan originated
1,605000.0,44,635000.0,190.0,1,Asian,Joint,25-34,95.0,Loan originated
1,765000.0,37,805000.0,226.0,1,Asian,Joint,25-34,97.125,Loan originated
1,545000.0,45,675000.0,237.0,1,Asian,Joint,45-54,80.0,Loan originated
1,565000.0,30%-<36%,615000.0,218.0,1,White,Joint,25-34,93.0,Loan originated
1,405000.0,30%-<36%,755000.0,175.0,1,Asian,Female,45-54,54.0,Loan originated
1,265000.0,41,585000.0,82.0,1,Asian,Joint,35-44,44.83,Loan originated
1,505000.0,41,565000.0,214.0,1,White,Joint,55-64,90.0,Loan originated
1,355000.0,41,1125000.0,164.0,1,White,Joint,55-64,31.111,Loan originated
1,465000.0,41,515000.0,104.0,1,Hispanic or Latino,Female,35-44,90.0,Loan originated
1,745000.0,37,835000.0,209.0,1,White,Joint,35-44,90.0,Application denied
1,605000.0,30%-<36%,2305000.0,230.0,1,Asian,Male,25-34,26.087,Loan originated
1,1145000.0,47,1745000.0,309.0,1,Asian,Joint,35-44,66.0,Loan originated
1,1005000.0,48,5675000.0,389.0,1,White,Joint,65-74,17.61,Loan originated
1,435000.0,49,485000.0,103.0,1,Asian,Male,35-44,89.9,Loan originated
1,455000.0,40,695000.0,180.0,1,Asian,Joint,35-44,64.748,Loan originated
1,645000.0,40,805000.0,214.0,1,Asian,Joint,35-44,80.0,Loan originated
1,345000.0,49,435000.0,118.0,1,White,Joint,55-64,100.0,Loan originated
1,805000.0,>60%,1085000.0,101.0,1,Asian,Male,25-34,74.63,Application denied
1,505000.0,45,925000.0,130.0,1,Asian,Male,25-34,54.17,Loan originated
1,485000.0,45,655000.0,138.0,1,Hispanic or Latino,Female,35-44,95.0,Loan originated
1,745000.0,48,925000.0,145.0,1,White,Male,35-44,80.0,Loan originated
1,365000.0,30%-<36%,605000.0,117.0,1,Black or African American,Female,35-44,61.0,Loan originated
1,465000.0,40,555000.0,245.0,1,Hispanic or Latino,Joint,25-34,85.0,Loan originated
1,615000.0,46,725000.0,141.0,1,Hispanic or Latino,Male,55-64,85.0,Loan originated
1,1115000.0,49,1595000.0,248.0,1,Asian,Male,25-34,70.0,Loan originated
1,1055000.0,37,1415000.0,281.0,1,Asian,Joint,25-34,75.0,Loan originated
1,1005000.0,43,1265000.0,231.0,1,Asian,Male,25-34,80.0,Loan originated
1,475000.0,45,625000.0,110.0,1,Hispanic or Latino,Joint,55-64,76.15,Loan originated
1,385000.0,47,395000.0,116.0,1,White,Female,55-64,100.0,Loan originated
1,485000.0,49,615000.0,156.0,1,White,Joint,45-54,85.0,Application denied
1,255000.0,44,955000.0,92.0,1,White,Male,65-74,27.088,Loan originated
1,745000.0,47,1065000.0,159.0,1,Hispanic or Latino,Female,55-64,70.0,Loan originated
1,275000.0,42,675000.0,105.0,1,White,Female,55-64,41.176,Loan originated
1,655000.0,37,1355000.0,295.0,1,White,Joint,25-34,48.15,Loan originated
1,505000.0,46,605000.0,102.0,1,White,Male,25-34,83.333,Loan originated
1,315000.0,30%-<36%,525000.0,128.0,1,White,Male,35-44,60.0,Loan originated
1,675000.0,37,755000.0,326.0,1,Asian,Male,45-54,90.0,Loan originated
1,835000.0,30%-<36%,1395000.0,389.0,1,White,Joint,55-64,59.94,Loan originated
1,555000.0,42,695000.0,329.0,1,Other,Male,25-34,80.0,Loan originated
1,665000.0,43,835000.0,157.0,1,White,Joint,25-34,80.0,Loan originated
1,1105000.0,37,1525000.0,451.0,1,White,Male,35-44,72.131,Loan originated
1,635000.0,30%-<36%,905000.0,212.0,1,Asian,Male,25-34,70.0,Loan originated
1,585000.0,20%-<30%,655000.0,903.0,1,Asian,Female,25-34,90.0,Loan originated
1,455000.0,46,3035000.0,245.0,1,Asian,Joint,35-44,14.812,Loan originated
1,545000.0,30%-<36%,685000.0,194.0,1,White,Joint,25-34,80.0,Loan originated
1,865000.0,20%-<30%,1075000.0,342.0,1,White,Joint,25-34,80.0,Loan originated
1,1145000.0,46,1275000.0,269.0,1,White,Joint,35-44,90.0,Loan originated
1,595000.0,48,925000.0,159.0,1,White,Male,55-64,64.13,Application denied
1,575000.0,48,605000.0,151.0,1,Hispanic or Latino,Joint,35-44,95.0,Loan originated
1,525000.0,47,665000.0,126.0,1,Asian,Joint,45-54,79.073,Loan originated
1,965000.0,44,1205000.0,219.0,1,Asian,Male,45-54,80.0,Loan originated
1,545000.0,30%-<36%,1075000.0,180.0,1,White,Joint,25-34,50.467,Loan originated
1,225000.0,49,235000.0,55.0,1,White,Male,25-34,95.0,Loan originated
1,1045000.0,30%-<36%,1305000.0,359.0,1,Asian,Joint,35-44,80.0,Loan originated
1,275000.0,30%-<36%,465000.0,235.0,1,White,Male,25-34,59.46,Loan originated
1,555000.0,37,1555000.0,245.0,1,Asian,Joint,35-44,36.0,Loan originated
1,395000.0,49,495000.0,113.0,1,White,Joint,45-54,80.0,Loan originated
1,385000.0,36,475000.0,109.0,1,White,Male,45-54,80.0,Loan originated
1,895000.0,50%-60%,1665000.0,225.0,1,Hispanic or Latino,Joint,45-54,53.453,Application denied
1,605000.0,44,755000.0,140.0,1,White,Male,45-54,80.0,Loan originated
1,495000.0,20%-<30%,735000.0,235.0,1,White,Male,35-44,67.123,Loan originated
1,525000.0,41,545000.0,226.0,1,White,Male,35-44,95.0,Loan originated
1,215000.0,49,475000.0,49.0,1,Hispanic or Latino,Female,45-54,47.0,Loan originated
1,595000.0,46,685000.0,277.0,1,Asian,Male,35-44,86.364,Loan originated
1,325000.0,43,335000.0,96.0,1,White,Female,45-54,97.0,Loan originated
1,525000.0,39,585000.0,116.0,1,Asian,Male,35-44,89.99,Loan originated
1,465000.0,44,495000.0,130.0,1,Hispanic or Latino,Male,35-44,95.0,Loan originated
1,375000.0,39,385000.0,113.0,1,Hispanic or Latino,Joint,45-54,97.0,Loan originated
1,455000.0,43,475000.0,126.0,1,Hispanic or Latino,Female,25-34,95.0,Loan originated
1,175000.0,30%-<36%,385000.0,84.0,1,White,Male,>74,47.026,Loan originated
1,575000.0,<20%,725000.0,351.0,1,Asian,Male,25-34,80.0,Loan originated
1,545000.0,30%-<36%,695000.0,228.0,1,White,Joint,35-44,78.417,Loan originated
1,495000.0,<20%,1475000.0,365.0,1,White,Joint,25-34,33.462,Loan originated
1,745000.0,49,1065000.0,297.0,1,Asian,Female,25-34,69.81,Loan originated
1,475000.0,43,825000.0,123.0,1,White,Female,25-34,57.317,Loan originated
1,475000.0,46,775000.0,114.0,1,White,Female,35-44,61.039,Loan originated
1,855000.0,49,895000.0,269.0,1,Asian,Joint,25-34,95.0,Loan originated
1,595000.0,46,745000.0,180.0,1,Asian,Female,35-44,80.0,Loan originated
1,695000.0,30%-<36%,825000.0,330.0,1,Asian,Joint,25-34,85.0,Loan originated
1,1005000.0,42,2395000.0,1152.0,1,White,Joint,25-34,41.736,Loan originated
1,295000.0,48,305000.0,77.0,1,White,Female,25-34,97.0,Loan originated
1,105000.0,45,745000.0,72.0,1,Asian,Male,35-44,13.334,Loan originated
1,425000.0,>60%,565000.0,94.0,1,Asian,Male,35-44,95.0,Loan originated
1,405000.0,50%-60%,515000.0,78.0,1,Hispanic or Latino,Male,65-74,80.0,Loan originated
1,765000.0,47,955000.0,460.0,1,White,Joint,25-34,80.0,Loan originated
1,875000.0,30%-<36%,1095000.0,327.0,1,Asian,Joint,35-44,80.0,Loan originated
1,665000.0,30%-<36%,835000.0,399.0,1,Hispanic or Latino,Joint,45-54,80.0,Loan originated
1,525000.0,42,575000.0,166.0,1,Asian,Male,35-44,89.9,Loan originated
1,555000.0,39,695000.0,332.0,1,White,Joint,35-44,79.71,Loan originated
1,305000.0,43,335000.0,107.0,1,Hispanic or Latino,Joint,35-44,89.645,Loan originated
1,675000.0,>60%,765000.0,62.0,1,White,Joint,55-64,90.0,Application denied
1,615000.0,36,775000.0,181.0,1,Asian,Male,35-44,80.0,Loan originated
1,725000.0,45,805000.0,207.0,1,Hispanic or Latino,Female,35-44,90.0,Application denied
1,505000.0,49,1285000.0,104.0,1,Asian,Female,25-34,39.23,Loan originated
1,35000.0,39,125000.0,50.0,1,Hispanic or Latino,Female,65-74,30.23,Loan originated
1,905000.0,41,1125000.0,327.0,1,White,Female,35-44,80.0,Loan originated
1,505000.0,49,635000.0,109.0,1,White,Female,65-74,80.0,Loan originated
1,915000.0,30%-<36%,1015000.0,288.0,1,Hispanic or Latino,Joint,25-34,90.0,Loan originated
1,485000.0,36,535000.0,167.0,1,Asian,Female,25-34,90.0,Loan originated
1,375000.0,42,385000.0,111.0,1,Asian,Male,35-44,96.11,Loan originated
1,505000.0,49,535000.0,128.0,1,Hispanic or Latino,Joint,25-34,95.0,Loan originated
1,715000.0,46,735000.0,204.0,1,Hispanic or Latino,Male,25-34,96.99,Application denied
1,205000.0,30%-<36%,1445000.0,133.0,1,White,Joint,45-54,13.804,Loan originated
1,275000.0,50%-60%,315000.0,99.0,1,Hispanic or Latino,Joint,55-64,87.0,Application denied
1,575000.0,49,835000.0,121.0,1,White,Joint,45-54,69.0,Loan originated
1,555000.0,40,655000.0,197.0,1,Black or African American,Male,45-54,85.0,Loan originated
1,485000.0,49,765000.0,99.0,1,Asian,Female,35-44,63.268,Loan originated
1,605000.0,42,765000.0,183.0,1,Hispanic or Latino,Female,25-34,80.0,Loan originated
1,405000.0,30%-<36%,505000.0,179.0,1,Asian,Male,45-54,80.0,Loan originated
1,585000.0,37,605000.0,163.0,1,Asian,Female,45-54,97.0,Loan originated
1,925000.0,48,975000.0,499.0,1,Hispanic or Latino,Female,35-44,95.0,Loan originated
1,315000.0,47,565000.0,170.0,1,White,Joint,35-44,55.508,Loan originated
1,495000.0,>60%,525000.0,121.0,1,Hispanic or Latino,Joint,35-44,95.0,Application denied
1,395000.0,49,545000.0,156.0,1,Hispanic or Latino,Male,35-44,72.276,Loan originated
1,805000.0,20%-<30%,905000.0,319.0,1,Hispanic or Latino,Joint,35-44,89.989,Loan originated
1,695000.0,45,775000.0,323.0,1,Hispanic or Latino,Joint,25-34,90.0,Loan originated
1,375000.0,42,395000.0,108.0,1,Hispanic or Latino,Joint,25-34,95.0,Loan originated
1,555000.0,20%-<30%,695000.0,474.0,1,Hispanic or Latino,Male,35-44,80.0,Loan originated
1,995000.0,46,1245000.0,220.0,1,Asian,Male,35-44,80.0,Loan originated
1,765000.0,49,1245000.0,198.0,1,Asian,Male,25-34,61.815,Loan originated
1,185000.0,42,235000.0,84.0,1,Hispanic or Latino,Female,45-54,80.0,Loan originated
1,1005000.0,30%-<36%,3655000.0,559.0,1,White,Male,>74,27.345,Loan originated
1,255000.0,42,315000.0,70.0,1,Hispanic or Latino,Male,35-44,80.0,Loan originated
1,415000.0,43,465000.0,96.0,1,Hispanic or Latino,Joint,35-44,90.0,Loan originated
1,765000.0,<20%,1105000.0,501.0,1,White,Joint,45-54,70.0,Loan originated
1,615000.0,50%-60%,835000.0,241.0,1,Asian,Male,35-44,74.04,Application denied
1,765000.0,30%-<36%,965000.0,258.0,1,White,Joint,35-44,79.43,Loan originated
1,205000.0,49,845000.0,163.0,1,White,Joint,55-64,24.0,Loan originated
1,45000.0,20%-<30%,85000.0,56.0,1,Asian,Male,35-44,50.5,Loan originated
1,125000.0,49,155000.0,81.0,1,White,Joint,>74,76.77,Application denied
1,455000.0,30%-<36%,465000.0,149.0,1,White,Female,25-34,97.0,Loan originated
1,275000.0,49,415000.0,106.0,1,White,Female,55-64,66.019,Loan originated
1,655000.0,49,825000.0,116.0,1,Hispanic or Latino,Joint,35-44,78.79,Loan originated
1,605000.0,49,975000.0,150.0,1,Asian,Male,35-44,62.1538,Loan originated
1,375000.0,30%-<36%,445000.0,108.0,1,White,Joint,35-44,85.0,Loan originated
1,1145000.0,20%-<30%,1425000.0,620.0,1,White,Joint,35-44,80.0,Loan originated
1,415000.0,40,425000.0,110.0,1,Black or African American,Female,25-34,97.0,Loan originated
1,635000.0,46,715000.0,171.0,1,Asian,Male,35-44,89.0,Loan originated
1,425000.0,30%-<36%,535000.0,275.0,1,Asian,Male,25-34,80.0,Loan originated
1,745000.0,49,785000.0,160.0,1,White,Female,35-44,95.0,Loan originated
1,445000.0,42,475000.0,90.0,1,Hispanic or Latino,Female,35-44,95.0,Loan originated
1,465000.0,49,475000.0,133.0,1,Hispanic or Latino,Female,<25,100.395,Loan originated
1,715000.0,20%-<30%,1215000.0,397.0,1,White,Male,>74,58.915,Loan originated
1,435000.0,48,485000.0,130.0,1,Asian,Joint,45-54,89.979,Loan originated
1,325000.0,20%-<30%,475000.0,163.0,1,White,Joint,45-54,68.421,Loan originated
1,535000.0,30%-<36%,885000.0,233.0,1,Asian,Joint,45-54,59.89,Loan originated
1,565000.0,42,815000.0,130.0,1,White,Female,45-54,70.0,Loan originated
1,765000.0,43,955000.0,210.0,1,White,Male,25-34,80.0,Loan originated
1,355000.0,30%-<36%,445000.0,137.0,1,White,Joint,25-34,80.0,Loan originated
1,205000.0,30%-<36%,1975000.0,289.0,1,White,Joint,55-64,11.0,Loan originated
1,775000.0,42,1125000.0,210.0,1,Hispanic or Latino,Male,65-74,69.2,Loan originated
1,325000.0,30%-<36%,435000.0,120.0,1,White,Male,55-64,75.0,Loan originated
1,345000.0,42,585000.0,108.0,1,White,Female,45-54,60.0,Loan originated
1,395000.0,43,655000.0,120.0,1,White,Male,55-64,60.0,Loan originated
1,555000.0,39,655000.0,212.0,1,White,Joint,65-74,85.0,Loan originated
1,365000.0,41,545000.0,94.0,1,Hispanic or Latino,Female,45-54,66.972,Loan originated
1,485000.0,41,515000.0,140.0,1,Hispanic or Latino,Male,45-54,95.0,Loan originated
1,295000.0,20%-<30%,425000.0,130.0,1,White,Joint,65-74,68.24,Loan originated
1,345000.0,41,425000.0,92.0,1,White,Female,25-34,80.0,Loan originated
1,535000.0,45,835000.0,192.0,1,Asian,Female,25-34,65.0,Loan originated
1,335000.0,47,415000.0,83.0,1,White,Female,25-34,79.518,Loan originated
1,725000.0,49,975000.0,151.0,1,White,Female,25-34,74.0,Loan originated
1,445000.0,39,495000.0,207.0,1,Hispanic or Latino,Female,55-64,90.0,Loan originated
1,565000.0,48,665000.0,115.0,1,White,Male,25-34,85.0,Loan originated
1,645000.0,30%-<36%,805000.0,238.0,1,White,Joint,35-44,80.0,Loan originated
1,545000.0,30%-<36%,675000.0,156.0,1,Asian,Joint,35-44,80.0,Loan originated
1,435000.0,48,545000.0,93.0,1,Hispanic or Latino,Joint,45-54,80.0,Loan originated
1,495000.0,20%-<30%,585000.0,203.0,1,White,Joint,25-34,85.0,Loan originated
1,605000.0,49,675000.0,155.0,1,Asian,Joint,35-44,90.0,Loan originated
1,105000.0,39,305000.0,176.0,1,White,Female,65-74,33.95,Loan originated
1,345000.0,47,355000.0,76.0,1,Hispanic or Latino,Male,25-34,97.0,Loan originated
1,575000.0,48,605000.0,116.0,1,Hispanic or Latino,Female,65-74,95.0,Loan originated
1,415000.0,43,425000.0,136.0,1,White,Joint,25-34,99.558,Loan originated
1,865000.0,38,1075000.0,215.0,1,Asian,Male,25-34,80.0,Loan originated
1,405000.0,50%-60%,515000.0,88.0,1,Asian,Male,65-74,78.431,Loan originated
1,1135000.0,41,1425000.0,308.0,1,Asian,Joint,35-44,80.0,Loan originated
1,955000.0,48,1005000.0,240.0,1,White,Female,45-54,95.0,Loan originated
1,375000.0,20%-<30%,1045000.0,163.0,1,White,Joint,65-74,36.0,Loan originated
1,405000.0,30%-<36%,425000.0,171.0,1,Hispanic or Latino,Joint,25-34,94.442,Loan originated
1,765000.0,30%-<36%,865000.0,274.0,1,White,Male,35-44,89.0,Loan originated
1,305000.0,50%-60%,315000.0,83.0,1,White,Male,25-34,96.5,Application denied
1,585000.0,46,625000.0,162.0,1,Hispanic or Latino,Female,45-54,95.0,Loan originated
1,755000.0,45,945000.0,182.0,1,Asian,Male,25-34,80.0,Application denied
1,755000.0,40,1175000.0,161.0,1,White,Female,35-44,64.01,Loan originated
1,675000.0,47,715000.0,180.0,1,Hispanic or Latino,Male,55-64,95.0,Loan originated
1,215000.0,49,265000.0,46.0,1,Hispanic or Latino,Male,55-64,80.0,Loan originated
1,235000.0,30%-<36%,405000.0,76.0,1,White,Joint,65-74,57.221,Loan originated
1,545000.0,40,545000.0,140.0,1,Hispanic or Latino,Joint,45-54,101.75,Loan originated
1,385000.0,43,475000.0,236.0,1,Asian,Male,35-44,80.0,Loan originated
1,75000.0,42,365000.0,47.0,1,White,Female,25-34,102.74,Application denied
1,525000.0,47,795000.0,145.0,1,White,Male,45-54,65.837,Loan originated
1,715000.0,46,895000.0,219.0,1,White,Joint,55-64,80.0,Loan originated
1,745000.0,46,935000.0,210.0,1,Asian,Joint,35-44,80.0,Loan originated
1,1105000.0,44,1505000.0,259.0,1,Asian,Male,25-34,73.333,Loan originated
1,535000.0,30%-<36%,595000.0,293.0,1,White,Joint,55-64,89.983,Loan originated
1,535000.0,20%-<30%,805000.0,243.0,1,White,Joint,55-64,65.944,Loan originated
1,1075000.0,46,1195000.0,239.0,1,White,Joint,35-44,90.0,Loan originated
1,515000.0,36,655000.0,134.0,1,Asian,Male,45-54,79.0,Application denied
1,505000.0,44,595000.0,126.0,1,White,Male,25-34,85.0,Loan originated
1,565000.0,38,625000.0,143.0,1,Black or African American,Male,35-44,90.0,Loan originated
1,605000.0,42,755000.0,192.0,1,White,Joint,25-34,80.0,Loan originated
1,505000.0,<20%,2605000.0,1158.0,1,Hispanic or Latino,Male,55-64,20.0,Loan originated
1,305000.0,48,425000.0,62.0,1,White,Female,45-54,100.0,Loan originated
1,365000.0,30%-<36%,425000.0,132.0,1,Hispanic or Latino,Male,25-34,85.0,Loan originated
1,285000.0,38,385000.0,96.0,1,White,Joint,<25,73.96,Loan originated
1,265000.0,>60%,335000.0,78.0,1,White,Female,45-54,80.0,Application denied
1,755000.0,49,945000.0,163.0,1,Hispanic or Latino,Female,55-64,80.0,Loan originated
1,765000.0,49,835000.0,172.0,1,White,Joint,45-54,91.365,Loan originated
1,685000.0,49,715000.0,161.0,1,Asian,Joint,25-34,95.0,Loan originated
1,295000.0,49,425000.0,74.0,1,Hispanic or Latino,Female,45-54,70.0,Loan originated
1,505000.0,42,555000.0,629.0,1,White,Female,45-54,91.304,Loan originated
1,465000.0,41,585000.0,138.0,1,Asian,Female,35-44,80.0,Loan originated
1,765000.0,43,975000.0,428.0,1,Hispanic or Latino,Joint,55-64,79.0,Loan originated
1,395000.0,47,425000.0,166.0,1,Hispanic or Latino,Female,25-34,95.0,Loan originated
1,1145000.0,38,1215000.0,240.0,1,Hispanic or Latino,Joint,35-44,94.636,Loan originated
1,765000.0,45,975000.0,234.0,1,White,Female,25-34,79.0,Loan originated
1,515000.0,39,855000.0,144.0,1,Asian,Male,35-44,59.719,Loan originated
1,425000.0,49,445000.0,75.0,1,Hispanic or Latino,Female,25-34,97.0,Loan originated
1,215000.0,50%-60%,375000.0,64.0,1,White,Male,>74,57.33,Application denied
1,495000.0,42,985000.0,169.0,1,White,Joint,35-44,50.0,Loan originated
1,645000.0,43,675000.0,177.0,1,Hispanic or Latino,Male,55-64,100.0,Loan originated
1,375000.0,30%-<36%,425000.0,180.0,1,Asian,Male,35-44,90.0,Loan originated
1,665000.0,36,835000.0,185.0,1,White,Joint,35-44,80.0,Loan originated
1,385000.0,46,515000.0,98.0,1,Hispanic or Latino,Joint,35-44,75.0,Loan originated
1,595000.0,30%-<36%,775000.0,244.0,1,Asian,Male,35-44,89.976,Loan originated
1,355000.0,20%-<30%,705000.0,183.0,1,Hispanic or Latino,Male,45-54,49.716,Application denied
1,355000.0,43,395000.0,104.0,1,White,Joint,25-34,90.0,Loan originated
1,265000.0,20%-<30%,765000.0,164.0,1,Asian,Joint,35-44,34.285,Loan originated
1,1125000.0,44,1425000.0,242.0,1,Asian,Male,35-44,78.84,Loan originated
1,755000.0,30%-<36%,2205000.0,266.0,1,Asian,Joint,25-34,34.02,Loan originated
1,435000.0,49,725000.0,134.0,1,White,Joint,35-44,60.0,Loan originated
1,495000.0,44,615000.0,121.0,1,White,Male,25-34,80.0,Loan originated
1,585000.0,41,785000.0,156.0,1,Hispanic or Latino,Joint,45-54,74.651,Loan originated
1,985000.0,49,1315000.0,203.0,1,White,Female,35-44,75.0,Loan originated
1,1085000.0,49,1505000.0,212.0,1,White,Male,35-44,72.0,Loan originated
1,575000.0,41,1155000.0,179.0,1,Asian,Male,25-34,50.0,Loan originated
1,845000.0,20%-<30%,1055000.0,418.0,1,White,Joint,35-44,80.0,Loan originated
1,235000.0,30%-<36%,935000.0,101.0,1,White,Male,65-74,24.731,Loan originated
1,685000.0,43,755000.0,155.0,1,Asian,Female,35-44,90.0,Loan originated
1,405000.0,41,405000.0,112.0,1,White,Male,25-34,100.0,Loan originated
1,715000.0,30%-<36%,755000.0,241.0,1,White,Joint,35-44,95.0,Loan originated
1,605000.0,40,755000.0,248.0,1,White,Male,55-64,80.0,Loan originated
1,525000.0,40,655000.0,160.0,1,Black or African American,Joint,45-54,79.457,Loan originated
1,345000.0,49,475000.0,73.0,1,Asian,Female,25-34,72.253,Loan originated
1,195000.0,39,395000.0,76.0,1,White,Joint,>74,49.875,Loan originated
1,445000.0,49,475000.0,108.0,1,White,Male,25-34,95.0,Loan originated
1,935000.0,20%-<30%,1165000.0,427.0,1,White,Male,25-34,80.0,Loan originated
1,765000.0,40,955000.0,181.0,1,White,Male,25-34,80.0,Loan originated
1,635000.0,49,675000.0,168.0,1,Hispanic or Latino,Joint,25-34,95.0,Loan originated
1,785000.0,49,985000.0,206.0,1,Hispanic or Latino,Male,45-54,80.0,Loan originated
1,1055000.0,44,2285000.0,295.0,1,Asian,Male,35-44,46.053,Loan originated
1,705000.0,47,885000.0,199.0,1,White,Male,25-34,80.0,Loan originated
1,605000.0,43,835000.0,150.0,1,White,Joint,25-34,73.0,Application denied
1,495000.0,48,615000.0,225.0,1,Hispanic or Latino,Male,<25,80.0,Loan originated
1,815000.0,41,1085000.0,190.0,1,White,Joint,55-64,75.0,Loan originated
1,65000.0,<20%,225000.0,64.0,1,White,Male,65-74,28.09,Loan originated
1,625000.0,43,775000.0,236.0,1,White,Joint,45-54,80.0,Loan originated
1,505000.0,20%-<30%,1585000.0,438.0,1,White,Joint,55-64,31.646,Loan originated
1,415000.0,46,565000.0,109.0,1,Asian,Joint,55-64,73.214,Loan originated
1,445000.0,20%-<30%,555000.0,573.0,1,White,Male,35-44,80.0,Loan originated
1,435000.0,43,465000.0,271.0,1,Hispanic or Latino,Joint,35-44,95.0,Loan originated
1,405000.0,44,525000.0,92.0,1,Asian,Female,25-34,76.923,Loan originated
1,705000.0,45,1205000.0,159.0,1,Hispanic or Latino,Female,25-34,58.333,Loan originated
1,455000.0,30%-<36%,485000.0,180.0,1,White,Joint,55-64,95.0,Loan originated
1,485000.0,46,965000.0,121.0,1,Asian,Female,25-34,50.0,Loan originated
1,655000.0,47,675000.0,171.0,1,Hispanic or Latino,Joint,25-34,97.0,Loan originated
1,975000.0,39,1095000.0,292.0,1,Asian,Joint,35-44,89.09,Application denied
1,405000.0,36,505000.0,142.0,1,Asian,Male,25-34,80.0,Loan originated
1,1025000.0,42,1625000.0,378.0,1,White,Joint,55-64,63.077,Loan originated
1,1095000.0,40,1375000.0,301.0,1,White,Male,25-34,79.97,Loan originated
1,775000.0,48,1105000.0,222.0,1,Asian,Female,35-44,70.0,Loan originated
1,655000.0,41,725000.0,185.0,1,Hispanic or Latino,Male,25-34,90.014,Loan originated
1,615000.0,40,1025000.0,193.0,1,Asian,Male,25-34,60.0,Loan originated
1,425000.0,45,525000.0,114.0,1,Asian,Female,45-54,80.0,Loan originated
1,215000.0,46,815000.0,108.0,1,White,Male,25-34,25.984,Loan originated
1,635000.0,39,705000.0,175.0,1,Asian,Male,25-34,90.0,Loan originated
1,925000.0,30%-<36%,1155000.0,294.0,1,Hispanic or Latino,Female,45-54,80.0,Loan originated
1,1135000.0,45,1515000.0,266.0,1,Asian,Male,45-54,75.0,Loan originated
1,505000.0,20%-<30%,625000.0,239.0,1,Asian,Joint,35-44,80.0,Loan originated
1,715000.0,20%-<30%,1525000.0,303.0,1,White,Joint,55-64,47.15,Loan originated
1,345000.0,48,1225000.0,98.0,1,White,Male,65-74,28.211,Loan originated
1,185000.0,49,195000.0,52.0,1,White,Male,<25,100.88,Loan originated
1,1085000.0,30%-<36%,1355000.0,378.0,1,White,Joint,35-44,80.0,Loan originated
1,905000.0,44,1205000.0,298.0,1,White,Joint,55-64,75.0,Loan originated
1,175000.0,41,405000.0,67.0,1,Hispanic or Latino,Male,45-54,44.5,Loan originated
1,355000.0,48,505000.0,92.0,1,Asian,Male,45-54,70.0,Loan originated
1,685000.0,48,725000.0,142.0,1,Hispanic or Latino,Male,25-34,95.0,Loan originated
1,665000.0,47,835000.0,244.0,1,Asian,Joint,65-74,79.997,Loan originated
1,705000.0,30%-<36%,885000.0,208.0,1,Asian,Male,35-44,80.0,Loan originated
1,655000.0,47,1185000.0,206.0,1,Asian,Male,25-34,56.0,Loan originated
1,945000.0,30%-<36%,1185000.0,284.0,1,Asian,Female,25-34,80.0,Loan originated
1,355000.0,30%-<36%,435000.0,146.0,1,Asian,Female,25-34,80.0,Loan originated
1,755000.0,37,835000.0,200.0,1,Hispanic or Latino,Joint,25-34,89.99,Loan originated
1,395000.0,40,495000.0,136.0,1,White,Female,45-54,79.798,Loan originated
1,415000.0,48,435000.0,89.0,1,Hispanic or Latino,Joint,35-44,95.0,Loan originated
1,415000.0,>60%,555000.0,75.0,1,White,Male,55-64,74.81,Application denied
1,955000.0,46,1275000.0,208.0,1,Asian,Male,45-54,74.961,Loan originated
1,305000.0,20%-<30%,625000.0,168.0,1,Asian,Female,25-34,48.516,Loan originated
1,805000.0,46,1605000.0,298.0,1,White,Male,25-34,50.406,Loan originated
1,745000.0,45,835000.0,195.0,1,White,Male,35-44,89.88,Loan originated
1,475000.0,42,505000.0,111.0,1,Hispanic or Latino,Male,45-54,95.0,Loan originated
1,905000.0,20%-<30%,1355000.0,463.0,1,Asian,Female,45-54,66.67,Loan originated
1,505000.0,20%-<30%,1115000.0,196.0,1,White,Male,45-54,44.843,Loan originated
1,605000.0,20%-<30%,755000.0,286.0,1,White,Male,25-34,80.0,Loan originated
1,365000.0,50%-60%,455000.0,70.0,1,White,Female,25-34,79.121,Loan originated
1,245000.0,47,545000.0,71.0,1,White,Female,65-74,44.93,Loan originated
1,295000.0,48,495000.0,84.0,1,Hispanic or Latino,Joint,45-54,60.0,Loan originated
1,225000.0,38,275000.0,105.0,1,Hispanic or Latino,Male,25-34,80.0,Loan originated
1,455000.0,42,765000.0,117.0,1,White,Male,35-44,60.0,Loan originated
1,495000.0,50%-60%,575000.0,91.0,1,Black or African American,Joint,45-54,85.391,Loan originated
1,265000.0,30%-<36%,355000.0,116.0,1,White,Male,55-64,75.0,Loan originated
1,805000.0,42,855000.0,189.0,1,White,Joint,35-44,95.0,Loan originated
1,405000.0,45,715000.0,97.0,1,White,Male,55-64,56.338,Loan originated
1,305000.0,42,395000.0,85.0,1,White,Joint,25-34,101.975,Loan originated
1,545000.0,44,575000.0,136.0,1,Black or African American,Male,35-44,95.0,Loan originated
1,255000.0,48,505000.0,208.0,1,Asian,Joint,25-34,50.0,Loan originated
1,525000.0,37,665000.0,167.0,1,Other,Male,45-54,80.0,Loan originated
1,515000.0,45,1415000.0,135.0,1,White,Male,65-74,36.17,Loan originated
1,475000.0,47,485000.0,109.0,1,Asian,Male,45-54,100.0,Loan originated
1,605000.0,20%-<30%,755000.0,303.0,1,White,Male,35-44,80.0,Loan originated
1,485000.0,>60%,605000.0,49.0,1,White,Female,25-34,101.469,Application denied
1,605000.0,<20%,765000.0,466.0,1,Hispanic or Latino,Male,35-44,80.0,Loan originated
1,585000.0,45,735000.0,156.0,1,White,Joint,<25,80.0,Loan originated
1,725000.0,50%-60%,1205000.0,2528.0,1,White,Joint,65-74,80.0,Application denied
1,545000.0,46,685000.0,848.0,1,Other,Joint,25-34,79.997,Loan originated
1,1005000.0,49,1535000.0,249.0,1,White,Male,<25,65.097,Loan originated
1,405000.0,45,665000.0,94.0,1,White,Male,35-44,60.15,Loan originated
1,855000.0,38,1075000.0,315.0,1,Asian,Joint,25-34,80.0,Loan originated
1,105000.0,20%-<30%,635000.0,68.0,1,White,Male,35-44,15.649,Loan originated
1,805000.0,39,895000.0,215.0,1,White,Joint,25-34,89.682,Loan originated
1,355000.0,39,365000.0,104.0,1,White,Male,<25,97.0,Loan originated
1,305000.0,41,375000.0,122.0,1,White,Female,25-34,80.0,Loan originated
1,885000.0,44,1045000.0,259.0,1,White,Joint,25-34,85.0,Loan originated
1,135000.0,20%-<30%,155000.0,303.0,1,White,Joint,55-64,90.0,Loan originated
1,685000.0,<20%,855000.0,1622.0,1,White,Female,35-44,80.0,Loan originated
1,665000.0,42,825000.0,212.0,1,White,Male,45-54,80.0,Loan originated
1,705000.0,43,1195000.0,141.0,1,White,Joint,65-74,59.0,Loan originated
1,385000.0,20%-<30%,705000.0,181.0,1,White,Joint,35-44,54.435,Loan originated
1,385000.0,45,395000.0,116.0,1,White,Joint,35-44,97.0,Loan originated
1,1005000.0,30%-<36%,1255000.0,315.0,1,White,Joint,25-34,80.0,Loan originated
1,765000.0,49,1155000.0,174.0,1,White,Female,65-74,66.091,Loan originated
1,755000.0,48,945000.0,223.0,1,Hispanic or Latino,Male,35-44,79.47,Loan originated
1,785000.0,48,815000.0,197.0,1,White,Joint,25-34,97.0,Loan originated
1,585000.0,20%-<30%,735000.0,451.0,1,Hispanic or Latino,Male,45-54,80.0,Application denied
1,155000.0,38,275000.0,53.0,1,White,Female,45-54,55.81,Application denied
1,435000.0,30%-<36%,545000.0,236.0,1,White,Joint,35-44,80.0,Loan originated
1,215000.0,20%-<30%,665000.0,272.0,1,Hispanic or Latino,Joint,55-64,31.607,Loan originated
1,635000.0,37,715000.0,267.0,1,White,Male,25-34,90.0,Loan originated
1,365000.0,49,455000.0,139.0,1,Black or African American,Male,>74,80.0,Loan originated
1,475000.0,41,595000.0,547.0,1,Asian,Female,55-64,80.0,Loan originated
1,425000.0,40,875000.0,145.0,1,Asian,Female,25-34,49.0,Loan originated
1,715000.0,37,965000.0,200.0,1,Asian,Joint,25-34,74.147,Loan originated
1,465000.0,20%-<30%,585000.0,171.0,1,Asian,Female,45-54,80.0,Loan originated
1,295000.0,48,395000.0,98.0,1,White,Joint,65-74,75.0,Application denied
1,635000.0,39,785000.0,183.0,1,Asian,Joint,35-44,75.0,Application denied
1,735000.0,49,835000.0,170.0,1,Hispanic or Latino,Joint,25-34,89.0,Loan originated
1,1005000.0,41,1495000.0,279.0,1,Asian,Male,45-54,66.697,Loan originated
1,705000.0,>60%,1005000.0,14.0,1,Asian,Male,35-44,70.0,Application denied
1,165000.0,20%-<30%,325000.0,195.0,1,White,Joint,55-64,50.57,Loan originated
1,485000.0,46,655000.0,196.0,1,White,Male,45-54,75.0,Loan originated
1,945000.0,30%-<36%,1315000.0,334.0,1,Asian,Joint,35-44,72.0,Loan originated
1,765000.0,46,875000.0,210.0,1,White,Male,45-54,87.606,Loan originated
1,435000.0,30%-<36%,835000.0,160.0,1,Asian,Male,25-34,52.1,Loan originated
