loan_purpose,loan_amount,debt_to_income_ratio,property_value,income,occupancy_type,derived_race,derived_sex,applicant_age,loan_to_value_ratio,action_taken
1,1055000.0,46,1405000.0,244.0,1,Asian,Joint,35-44,75.0,Loan originated
1,555000.0,46,695000.0,160.0,1,Hispanic or Latino,Joint,35-44,80.0,Loan originated
1,505000.0,30%-<36%,625000.0,447.0,1,White,Female,25-34,80.0,Loan originated
1,395000.0,30%-<36%,495000.0,140.0,1,White,Male,25-34,80.0,Loan originated
1,625000.0,48,775000.0,255.0,1,White,Joint,45-54,80.0,Loan originated
1,625000.0,44,665000.0,328.0,1,Asian,Joint,35-44,95.0,Loan originated
1,725000.0,43,905000.0,190.0,1,Hispanic or Latino,Female,55-64,80.0,Loan originated
1,485000.0,30%-<36%,1165000.0,174.0,1,White,Joint,35-44,42.0,Loan originated
1,205000.0,44,395000.0,83.0,1,White,Joint,25-34,50.33,Loan originated
1,375000.0,40,395000.0,290.0,1,Hispanic or Latino,Joint,45-54,95.0,Loan originated
1,425000.0,45,535000.0,91.0,1,Asian,Male,35-44,80.0,Loan originated
1,895000.0,44,945000.0,194.0,1,Hispanic or Latino,Joint,45-54,95.0,Loan originated
1,365000.0,38,375000.0,135.0,1,White,Female,35-44,97.0,Loan originated
1,635000.0,30%-<36%,665000.0,179.0,1,White,Male,25-34,95.0,Loan originated
1,385000.0,48,535000.0,80.0,1,Asian,Male,35-44,72.2,Loan originated
1,655000.0,30%-<36%,855000.0,226.0,1,White,Joint,35-44,76.608,Loan originated
1,655000.0,47,1315000.0,656.0,1,White,Male,65-74,50.0,Loan originated
1,335000.0,44,485000.0,106.0,1,Hispanic or Latino,Joint,35-44,70.0,Loan originated
1,585000.0,20%-<30%,605000.0,238.0,1,Hispanic or Latino,Male,25-34,97.0,Loan originated
1,575000.0,30%-<36%,725000.0,261.0,1,White,Joint,>74,80.0,Loan originated
1,475000.0,20%-<30%,595000.0,211.0,1,White,Female,35-44,80.0,Loan originated
1,725000.0,<20%,1035000.0,895.0,1,White,Male,25-34,69.652,Loan originated
1,475000.0,20%-<30%,655000.0,366.0,1,Hispanic or Latino,Male,25-34,72.519,Loan originated
1,375000.0,46,445000.0,118.0,1,White,Female,25-34,105.0,Loan originated
1,825000.0,48,875000.0,265.0,1,White,Joint,25-34,95.0,Loan originated
1,695000.0,30%-<36%,775000.0,222.0,1,Asian,Female,35-44,90.0,Loan originated
1,375000.0,44,465000.0,91.0,1,Hispanic or Latino,Male,25-34,80.0,Loan originated
1,325000.0,44,625000.0,110.0,1,White,Male,45-54,52.0,Loan originated
1,505000.0,46,535000.0,114.0,1,White,Joint,55-64,95.0,Loan originated
1,595000.0,46,745000.0,126.0,1,Asian,Female,25-34,80.0,Loan originated
1,595000.0,47,755000.0,121.0,1,White,Female,35-44,78.808,Loan originated
1,605000.0,49,2525000.0,230.0,1,White,Joint,25-34,23.762,Loan originated
1,415000.0,>60%,465000.0,65.0,1,Asian,Joint,35-44,89.892,Application denied
1,465000.0,30%-<36%,625000.0,156.0,1,Asian,Female,25-34,75.0,Loan originated
1,455000.0,30%-<36%,605000.0,149.0,1,White,Joint,25-34,75.104,Loan originated
1,655000.0,43,695000.0,187.0,1,Asian,Male,35-44,95.0,Loan originated
1,635000.0,48,675000.0,169.0,1,Hispanic or Latino,Female,45-54,95.014,Loan originated
1,445000.0,49,465000.0,88.0,1,Hispanic or Latino,Male,35-44,96.74,Loan originated
1,645000.0,20%-<30%,715000.0,199.0,1,Asian,Joint,35-44,90.0,Loan originated
1,565000.0,20%-<30%,965000.0,216.0,1,Asian,Male,45-54,58.33,Loan originated
1,465000.0,46,485000.0,141.0,1,White,Female,35-44,95.0,Loan originated
1,35000.0,42,125000.0,40.0,1,Hispanic or Latino,Female,35-44,28.0,Loan originated
1,605000.0,<20%,755000.0,648.0,1,White,Female,65-74,80.0,Loan originated
1,145000.0,40,215000.0,43.0,1,Other,Male,25-34,80.0,Loan originated
1,305000.0,20%-<30%,1875000.0,199.0,1,White,Joint,65-74,16.0,Loan originated
1,465000.0,47,485000.0,132.0,1,Black or African American,Joint,55-64,95.0,Loan originated
1,405000.0,45,1465000.0,210.0,1,White,Male,45-54,28.0,Loan originated
1,885000.0,42,985000.0,274.0,1,Asian,Male,25-34,89.99,Loan originated
1,525000.0,44,755000.0,144.0,1,Asian,Female,45-54,69.814,Loan originated
1,705000.0,43,955000.0,280.0,1,Asian,Joint,25-34,75.0,Loan originated
1,245000.0,20%-<30%,745000.0,560.0,1,White,Joint,>74,33.2,Loan originated
1,595000.0,46,745000.0,158.0,1,Asian,Male,25-34,80.0,Loan originated
1,385000.0,30%-<36%,615000.0,113.0,1,White,Joint,25-34,63.61,Loan originated
1,385000.0,20%-<30%,395000.0,154.0,1,Hispanic or Latino,Joint,25-34,97.0,Loan originated
1,305000.0,44,415000.0,85.0,1,White,Female,<25,73.0,Loan originated
1,635000.0,45,655000.0,168.0,1,Hispanic or Latino,Joint,25-34,96.947,Loan originated
1,505000.0,20%-<30%,625000.0,400.0,1,Asian,Male,45-54,80.0,Loan originated
1,545000.0,38,675000.0,148.0,1,White,Female,45-54,80.0,Loan originated
1,965000.0,30%-<36%,1135000.0,299.0,1,Asian,Joint,25-34,85.0,Loan originated
1,775000.0,46,1125000.0,209.0,1,White,Male,35-44,68.889,Loan originated
1,595000.0,39,615000.0,206.0,1,Hispanic or Latino,Joint,25-34,97.0,Loan originated
1,285000.0,20%-<30%,295000.0,113.0,1,Hispanic or Latino,Joint,25-34,100.0,Loan originated
1,895000.0,20%-<30%,1125000.0,587.0,1,White,Male,35-44,80.0,Loan originated
1,1065000.0,38,1425000.0,358.0,1,Hispanic or Latino,Joint,35-44,75.0,Loan originated
1,425000.0,38,755000.0,150.0,1,Asian,Female,25-34,56.0,Loan originated
1,315000.0,37,335000.0,132.0,1,White,Female,55-64,95.0,Loan originated
1,1005000.0,30%-<36%,1255000.0,319.0,1,White,Male,25-34,80.0,Loan originated
1,715000.0,45,895000.0,152.0,1,Asian,Female,<25,80.0,Loan originated
1,735000.0,42,775000.0,264.0,1,Hispanic or Latino,Joint,35-44,95.0,Loan originated
1,315000.0,20%-<30%,395000.0,130.0,1,Hispanic or Latino,Male,45-54,80.0,Loan originated
1,1005000.0,39,1275000.0,251.0,1,Asian,Joint,35-44,78.431,Loan originated
1,455000.0,<20%,755000.0,558.0,1,Asian,Joint,55-64,60.26,Loan originated
1,425000.0,41,905000.0,142.0,1,Asian,Male,45-54,47.0,Loan originated
1,965000.0,50%-60%,1605000.0,170.0,1,Asian,Male,25-34,60.0,Application denied
1,225000.0,47,405000.0,60.0,1,Hispanic or Latino,Male,45-54,56.0,Application denied
1,155000.0,42,625000.0,235.0,1,Hispanic or Latino,Joint,35-44,74.52,Application denied
1,455000.0,20%-<30%,575000.0,229.0,1,Asian,Joint,45-54,80.0,Loan originated
1,595000.0,50%-60%,1295000.0,131.0,1,White,Joint,45-54,46.0,Application denied
1,185000.0,47,195000.0,98.0,1,White,Female,45-54,95.0,Loan originated
1,385000.0,47,485000.0,105.0,1,Black or African American,Male,45-54,100.0,Loan originated
1,935000.0,38,1165000.0,300.0,1,Asian,Joint,35-44,80.0,Application denied
1,275000.0,30%-<36%,445000.0,81.0,1,Hispanic or Latino,Male,25-34,62.7,Loan originated
1,495000.0,48,615000.0,106.0,1,White,Male,25-34,80.0,Loan originated
1,1075000.0,30%-<36%,1345000.0,395.0,1,Asian,Joint,35-44,80.0,Loan originated
1,685000.0,37,855000.0,541.0,1,White,Female,25-34,80.0,Loan originated
1,1145000.0,30%-<36%,1435000.0,408.0,1,Asian,Joint,25-34,80.0,Loan originated
1,405000.0,30%-<36%,865000.0,252.0,1,Hispanic or Latino,Joint,65-74,46.402,Loan originated
1,655000.0,41,1315000.0,175.0,1,White,Joint,35-44,49.81,Loan originated
1,665000.0,30%-<36%,795000.0,191.0,1,White,Male,25-34,83.019,Loan originated
1,325000.0,49,675000.0,77.0,1,Asian,Joint,35-44,48.507,Loan originated
1,525000.0,45,655000.0,127.0,1,White,Male,55-64,80.0,Loan originated
1,105000.0,50%-60%,125000.0,59.0,1,Black or African American,Female,65-74,81.6,Application denied
1,415000.0,43,485000.0,132.0,1,Hispanic or Latino,Joint,35-44,85.0,Loan originated
1,305000.0,30%-<36%,345000.0,191.0,1,Hispanic or Latino,Joint,25-34,89.0,Loan originated
1,705000.0,41,1185000.0,241.0,1,Asian,Male,35-44,59.322,Loan originated
1,445000.0,37,555000.0,114.0,1,White,Male,35-44,80.0,Loan originated
1,465000.0,49,515000.0,183.0,1,Hispanic or Latino,Female,25-34,90.0,Loan originated
1,785000.0,>60%,3305000.0,125.0,1,White,Joint,65-74,23.636,Application denied
1,1015000.0,45,1455000.0,215.0,1,White,Joint,45-54,70.0,Loan originated
1,1005000.0,20%-<30%,3105000.0,646.0,1,White,Joint,55-64,32.26,Loan originated
1,515000.0,47,645000.0,114.0,1,Asian,Female,35-44,100.0,Loan originated
1,635000.0,49,785000.0,200.0,1,Asian,Female,25-34,80.0,Loan originated
1,505000.0,44,555000.0,113.0,1,Black or African American,Female,45-54,90.909,Application denied
1,315000.0,39,335000.0,114.0,1,White,Male,25-34,95.0,Loan originated
1,505000.0,41,2305000.0,317.0,1,White,Joint,35-44,65.217,Loan originated
1,745000.0,44,825000.0,205.0,1,Asian,Joint,25-34,89.98,Loan originated
1,405000.0,44,455000.0,101.0,1,White,Joint,45-54,90.0,Loan originated
1,465000.0,47,595000.0,136.0,1,White,Joint,25-34,78.39,Loan originated
1,315000.0,30%-<36%,585000.0,195.0,1,White,Male,25-34,53.846,Loan originated
1,565000.0,49,1055000.0,121.0,1,White,Male,55-64,53.333,Loan originated
1,505000.0,40,595000.0,202.0,1,Asian,Male,55-64,85.0,Loan originated
1,595000.0,50%-60%,745000.0,142.0,1,Asian,Male,45-54,80.0,Loan originated
1,445000.0,39,555000.0,136.0,1,Hispanic or Latino,Joint,35-44,80.0,Loan originated
1,195000.0,30%-<36%,375000.0,66.0,1,White,Female,25-34,80.0,Loan originated
1,635000.0,46,845000.0,270.0,1,Asian,Female,45-54,74.976,Loan originated
1,565000.0,20%-<30%,705000.0,250.0,1,White,Female,25-34,80.0,Loan originated
1,475000.0,<20%,675000.0,394.0,1,White,Joint,65-74,70.0,Loan originated
1,965000.0,49,1115000.0,217.0,1,White,Joint,25-34,85.951,Loan originated
1,525000.0,20%-<30%,545000.0,214.0,1,Black or African American,Male,<25,95.0,Loan originated
1,465000.0,49,475000.0,147.0,1,Black or African American,Joint,35-44,99.0,Application denied
1,585000.0,30%-<36%,605000.0,209.0,1,White,Joint,25-34,97.0,Loan originated
1,685000.0,43,765000.0,175.0,1,White,Joint,25-34,90.0,Loan originated
1,345000.0,39,435000.0,99.0,1,Hispanic or Latino,Male,25-34,80.0,Loan originated
1,915000.0,49,1145000.0,307.0,1,White,Joint,35-44,80.0,Loan originated
1,665000.0,48,745000.0,254.0,1,Hispanic or Latino,Male,35-44,90.0,Loan originated
1,955000.0,48,1005000.0,226.0,1,White,Female,45-54,98.0,Loan originated
1,465000.0,43,495000.0,140.0,1,Hispanic or Latino,Joint,45-54,95.0,Loan originated
1,505000.0,30%-<36%,715000.0,157.0,1,Asian,Male,35-44,70.629,Loan originated
1,735000.0,38,985000.0,160.0,1,Asian,Joint,45-54,74.98,Loan originated
1,1105000.0,42,1375000.0,234.0,1,White,Female,35-44,80.0,Loan originated
1,575000.0,47,605000.0,137.0,1,Hispanic or Latino,Male,35-44,95.0,Loan originated
1,965000.0,47,1285000.0,266.0,1,Hispanic or Latino,Male,55-64,75.0,Loan originated
1,435000.0,41,495000.0,171.0,1,White,Female,45-54,90.0,Loan originated
1,275000.0,47,275000.0,55.0,1,Hispanic or Latino,Female,25-34,100.0,Loan originated
1,745000.0,49,825000.0,191.0,1,Hispanic or Latino,Male,25-34,89.94,Loan originated
1,585000.0,39,685000.0,192.0,1,Hispanic or Latino,Male,45-54,85.0,Loan originated
1,405000.0,30%-<36%,505000.0,148.0,1,White,Joint,35-44,80.0,Loan originated
1,555000.0,45,585000.0,117.0,1,Hispanic or Latino,Male,45-54,100.0,Loan originated
1,475000.0,48,495000.0,108.0,1,Hispanic or Latino,Female,>74,95.0,Loan originated
1,785000.0,20%-<30%,975000.0,370.0,1,Asian,Male,35-44,80.0,Loan originated
1,855000.0,36,1205000.0,231.0,1,Asian,Male,35-44,70.83,Loan originated
1,365000.0,46,385000.0,144.0,1,Hispanic or Latino,Male,25-34,95.0,Loan originated
1,335000.0,42,355000.0,104.0,1,Hispanic or Latino,Joint,65-74,97.0,Loan originated
1,265000.0,47,325000.0,59.0,1,Hispanic or Latino,Joint,45-54,80.0,Loan originated
1,315000.0,30%-<36%,755000.0,120.0,1,Asian,Female,25-34,42.0,Loan originated
1,555000.0,49,615000.0,146.0,1,Hispanic or Latino,Female,35-44,90.0,Loan originated
1,925000.0,49,1085000.0,218.0,1,Other,Joint,25-34,85.0,Loan originated
1,705000.0,49,785000.0,210.0,1,Asian,Male,25-34,90.0,Loan originated
1,405000.0,36,665000.0,113.0,1,White,Female,35-44,59.71,Loan originated
1,345000.0,49,405000.0,72.0,1,Hispanic or Latino,Joint,55-64,85.0,Loan originated
1,365000.0,44,435000.0,100.0,1,Asian,Male,35-44,83.37,Loan originated
1,415000.0,30%-<36%,465000.0,151.0,1,White,Male,25-34,90.0,Loan originated
1,975000.0,20%-<30%,1305000.0,461.0,1,Asian,Male,55-64,75.0,Loan originated
1,685000.0,40,855000.0,184.0,1,Hispanic or Latino,Male,25-34,80.0,Loan originated
1,955000.0,47,1125000.0,234.0,1,Asian,Male,25-34,85.0,Loan originated
1,175000.0,49,825000.0,59.0,1,Asian,Female,25-34,21.45,Loan originated
1,935000.0,30%-<36%,1165000.0,338.0,1,White,Joint,25-34,79.902,Loan originated
1,965000.0,36,1255000.0,273.0,1,Hispanic or Latino,Male,25-34,77.0,Loan originated
1,525000.0,30%-<36%,655000.0,147.0,1,White,Male,35-44,80.0,Loan originated
1,335000.0,41,415000.0,91.0,1,Asian,Male,45-54,80.0,Loan originated
1,475000.0,38,625000.0,232.0,1,White,Joint,25-34,76.0,Loan originated
1,405000.0,>60%,805000.0,209.0,1,Asian,Male,35-44,50.311,Application denied
1,195000.0,37,255000.0,96.0,1,White,Female,45-54,77.0,Loan originated
1,515000.0,30%-<36%,685000.0,245.0,1,White,Joint,25-34,75.0,Loan originated
1,305000.0,30%-<36%,315000.0,104.0,1,Hispanic or Latino,Joint,25-34,97.0,Loan originated
1,745000.0,41,785000.0,235.0,1,Asian,Joint,35-44,95.0,Loan originated
1,375000.0,30%-<36%,475000.0,172.0,1,White,Joint,>74,80.0,Loan originated
1,495000.0,30%-<36%,615000.0,149.0,1,White,Joint,45-54,80.0,Loan originated
1,555000.0,30%-<36%,745000.0,182.0,1,White,Female,35-44,75.0,Loan originated
1,675000.0,>60%,745000.0,108.0,1,Hispanic or Latino,Joint,25-34,95.0,Application denied
1,375000.0,30%-<36%,865000.0,131.0,1,Asian,Female,35-44,43.023,Loan originated
1,535000.0,46,595000.0,129.0,1,Hispanic or Latino,Male,25-34,90.0,Loan originated
1,595000.0,44,615000.0,143.0,1,Hispanic or Latino,Male,25-34,97.0,Loan originated
1,285000.0,38,335000.0,90.0,1,Hispanic or Latino,Female,25-34,85.0,Loan originated
1,1025000.0,30%-<36%,1285000.0,348.0,1,White,Male,35-44,80.0,Loan originated
1,275000.0,30%-<36%,295000.0,86.0,1,White,Male,25-34,95.0,Loan originated
1,715000.0,20%-<30%,745000.0,307.0,1,White,Joint,45-54,95.0,Application denied
1,1125000.0,49,5175000.0,301.0,1,Asian,Female,55-64,21.739,Loan originated
1,515000.0,48,545000.0,123.0,1,Asian,Female,35-44,95.0,Loan originated
1,1105000.0,<20%,1375000.0,5886.0,1,White,Male,25-34,80.0,Loan originated
1,325000.0,41,435000.0,235.0,1,White,Joint,55-64,75.0,Loan originated
1,195000.0,46,225000.0,103.0,1,White,Joint,55-64,89.91,Application denied
1,515000.0,48,645000.0,174.0,1,Asian,Female,25-34,80.0,Loan originated
1,325000.0,30%-<36%,385000.0,93.0,1,Hispanic or Latino,Female,35-44,85.0,Loan originated
1,1045000.0,41,1315000.0,764.0,1,White,Male,45-54,80.0,Loan originated
1,755000.0,50%-60%,1255000.0,234.0,1,White,Male,25-34,52.0,Application denied
1,595000.0,30%-<36%,1155000.0,210.0,1,White,Joint,35-44,51.304,Loan originated
1,455000.0,45,555000.0,140.0,1,Asian,Joint,45-54,103.455,Loan originated
1,505000.0,42,535000.0,160.0,1,White,Male,35-44,95.0,Loan originated
1,1105000.0,43,2355000.0,334.0,1,White,Joint,25-34,46.81,Loan originated
1,305000.0,36,375000.0,81.0,1,Hispanic or Latino,Male,55-64,80.0,Loan originated
1,765000.0,40,835000.0,355.0,1,White,Joint,55-64,93.0,Loan originated
1,495000.0,46,615000.0,106.0,1,Asian,Joint,55-64,80.0,Loan originated
1,465000.0,48,555000.0,111.0,1,White,Male,25-34,85.0,Loan originated
1,1145000.0,20%-<30%,1235000.0,384.0,1,White,Joint,25-34,93.037,Loan originated
1,755000.0,42,1205000.0,170.0,1,White,Joint,45-54,62.5,Loan originated
1,455000.0,42,565000.0,113.0,1,White,Joint,25-34,80.0,Loan originated
1,995000.0,38,1325000.0,290.0,1,White,Joint,25-34,75.0,Loan originated
1,585000.0,44,625000.0,133.0,1,White,Female,55-64,95.0,Loan originated
1,805000.0,44,845000.0,184.0,1,Asian,Joint,35-44,94.675,Loan originated
1,735000.0,36,765000.0,310.0,1,Black or African American,Male,25-34,97.0,Loan originated
1,715000.0,45,965000.0,248.0,1,Asian,Male,35-44,75.0,Loan originated
1,575000.0,47,765000.0,120.0,1,Asian,Male,35-44,75.0,Loan originated
1,1005000.0,30%-<36%,1435000.0,351.0,1,Asian,Male,35-44,70.0,Loan originated
1,1125000.0,30%-<36%,1605000.0,493.0,1,Asian,Male,35-44,70.0,Loan originated
1,745000.0,47,925000.0,178.0,1,Asian,Male,35-44,80.0,Loan originated
1,15000.0,50%-60%,455000.0,112.0,1,Hispanic or Latino,Male,25-34,100.0,Loan originated
1,335000.0,46,1005000.0,126.0,1,Asian,Female,55-64,33.5,Loan originated
1,815000.0,37,1375000.0,222.0,1,Hispanic or Latino,Joint,35-44,59.124,Loan originated
1,215000.0,20%-<30%,225000.0,101.0,1,Other,Joint,35-44,95.0,Loan originated
1,705000.0,30%-<36%,825000.0,190.0,1,Asian,Male,55-64,85.0,Loan originated
1,755000.0,30%-<36%,855000.0,357.0,1,Asian,Joint,25-34,88.655,Loan originated
1,805000.0,47,1005000.0,199.0,1,Hispanic or Latino,Joint,25-34,80.0,Loan originated
1,715000.0,48,845000.0,140.0,1,Asian,Female,25-34,85.0,Loan originated
1,685000.0,30%-<36%,915000.0,221.0,1,Asian,Joint,25-34,75.0,Loan originated
1,765000.0,30%-<36%,1015000.0,239.0,1,White,Joint,45-54,76.0,Loan originated
1,335000.0,20%-<30%,375000.0,118.0,1,White,Joint,35-44,90.0,Loan originated
1,505000.0,41,625000.0,146.0,1,Asian,Male,35-44,80.0,Loan originated
1,85000.0,30%-<36%,665000.0,86.0,1,Hispanic or Latino,Male,65-74,12.879,Loan originated
1,255000.0,38,295000.0,61.0,1,White,Joint,35-44,87.713,Loan originated
1,365000.0,40,525000.0,81.0,1,White,Female,55-64,68.762,Loan originated
1,485000.0,49,615000.0,163.0,1,Asian,Male,25-34,80.0,Loan originated
1,365000.0,30%-<36%,405000.0,148.0,1,White,Female,45-54,89.877,Loan originated
1,455000.0,48,955000.0,125.0,1,White,Male,35-44,47.644,Loan originated
1,385000.0,39,485000.0,159.0,1,Hispanic or Latino,Joint,35-44,80.0,Loan originated
1,975000.0,30%-<36%,1305000.0,565.0,1,White,Joint,25-34,75.0,Loan originated
1,685000.0,38,865000.0,445.0,1,White,Joint,45-54,80.0,Loan originated
1,585000.0,20%-<30%,655000.0,352.0,1,White,Joint,45-54,90.0,Loan originated
1,335000.0,40,525000.0,202.0,1,Hispanic or Latino,Joint,45-54,64.63,Loan originated
1,155000.0,20%-<30%,915000.0,122.0,1,Hispanic or Latino,Female,55-64,16.393,Loan originated
1,925000.0,>60%,925000.0,88.0,1,Asian,Male,45-54,100.0,Application denied
1,355000.0,50%-60%,905000.0,109.0,1,Asian,Joint,35-44,38.889,Loan originated
1,585000.0,50%-60%,605000.0,124.0,1,Hispanic or Latino,Male,45-54,100.0,Loan originated
1,1145000.0,43,1355000.0,336.0,1,Asian,Joint,35-44,85.0,Loan originated
1,305000.0,45,575000.0,171.0,1,White,Joint,55-64,52.174,Loan originated
1,455000.0,30%-<36%,505000.0,284.0,1,Asian,Male,45-54,89.99,Loan originated
1,645000.0,45,805000.0,138.0,1,White,Joint,25-34,80.0,Loan originated
1,205000.0,36,1055000.0,81.0,1,Asian,Female,65-74,18.957,Loan originated
1,175000.0,50%-60%,185000.0,86.0,1,Hispanic or Latino,Female,25-34,95.0,Application denied
1,765000.0,36,955000.0,303.0,1,White,Female,45-54,80.0,Loan originated
1,315000.0,43,395000.0,101.0,1,Hispanic or Latino,Joint,25-34,80.0,Loan originated
1,735000.0,47,895000.0,171.0,1,Hispanic or Latino,Joint,25-34,82.22,Loan originated
1,615000.0,46,685000.0,171.0,1,Hispanic or Latino,Male,35-44,90.0,Loan originated
1,675000.0,30%-<36%,905000.0,200.0,1,Asian,Male,35-44,75.0,Loan originated
1,655000.0,40,1135000.0,193.0,1,Asian,Female,35-44,57.269,Loan originated
1,685000.0,50%-60%,815000.0,125.0,1,White,Male,35-44,84.91,Loan originated
1,385000.0,49,435000.0,99.0,1,Asian,Female,<25,90.0,Loan originated
1,255000.0,40,395000.0,61.0,1,Asian,Male,25-34,72.0,Loan originated
1,715000.0,49,755000.0,159.0,1,Hispanic or Latino,Joint,35-44,95.0,Loan originated
1,1145000.0,30%-<36%,1595000.0,305.0,1,White,Female,25-34,71.857,Loan originated
1,755000.0,<20%,1895000.0,1075.0,1,White,Male,45-54,39.494,Loan originated
1,1005000.0,30%-<36%,1095000.0,301.0,1,Hispanic or Latino,Joint,25-34,91.561,Loan originated
1,455000.0,39,475000.0,113.0,1,Black or African American,Male,55-64,95.0,Loan originated
1,545000.0,37,795000.0,235.0,1,Asian,Male,25-34,68.553,Loan originated
1,945000.0,30%-<36%,1055000.0,354.0,1,White,Joint,45-54,90.0,Loan originated
1,475000.0,>60%,485000.0,78.0,1,Hispanic or Latino,Joint,25-34,97.0,Application denied
1,805000.0,39,1175000.0,242.0,1,Asian,Joint,25-34,68.889,Loan originated
1,635000.0,48,795000.0,179.0,1,Asian,Joint,25-34,80.0,Loan originated
1,605000.0,20%-<30%,755000.0,539.0,1,White,Male,25-34,80.0,Loan originated
1,355000.0,48,445000.0,86.0,1,Hispanic or Latino,Male,25-34,80.0,Loan originated
1,795000.0,44,1355000.0,175.0,1,White,Joint,35-44,58.741,Loan originated
1,435000.0,48,455000.0,114.0,1,Hispanic or Latino,Female,35-44,95.0,Loan originated
1,995000.0,30%-<36%,1405000.0,416.0,1,Asian,Joint,25-34,71.429,Loan originated
1,135000.0,37,175000.0,126.0,1,Hispanic or Latino,Joint,35-44,80.0,Loan originated
1,755000.0,42,945000.0,221.0,1,White,Male,<25,80.0,Loan originated
1,1005000.0,49,1465000.0,307.0,1,Asian,Joint,35-44,68.904,Loan originated
1,395000.0,42,695000.0,103.0,1,Asian,Male,25-34,56.52,Loan originated
1,565000.0,44,635000.0,119.0,1,Hispanic or Latino,Female,25-34,90.0,Loan originated
1,925000.0,41,1625000.0,243.0,1,White,Joint,35-44,56.79,Loan originated
1,505000.0,40,995000.0,138.0,1,Hispanic or Latino,Joint,65-74,51.0,Loan originated
1,545000.0,47,785000.0,120.0,1,Asian,Male,35-44,70.0,Loan originated
1,605000.0,49,625000.0,171.0,1,Black or African American,Female,55-64,97.0,Loan originated
1,585000.0,49,805000.0,147.0,1,White,Female,25-34,80.0,Loan originated
1,445000.0,20%-<30%,615000.0,380.0,1,White,Female,25-34,73.275,Loan originated
1,475000.0,42,495000.0,122.0,1,Hispanic or Latino,Joint,25-34,94.19,Loan originated
1,435000.0,38,615000.0,120.0,1,Asian,Female,55-64,70.0,Loan originated
1,75000.0,50%-60%,75000.0,52.0,1,White,Male,55-64,95.0,Loan originated
1,1005000.0,40,4805000.0,454.0,1,Asian,Joint,55-64,20.812,Application denied
1,755000.0,48,1105000.0,181.0,1,White,Male,25-34,68.182,Loan originated
1,935000.0,45,1165000.0,263.0,1,Asian,Male,35-44,80.0,Loan originated
1,445000.0,20%-<30%,555000.0,183.0,1,Hispanic or Latino,Male,35-44,80.0,Loan originated
1,555000.0,47,585000.0,160.0,1,Hispanic or Latino,Joint,25-34,94.02,Application denied
1,285000.0,43,305000.0,79.0,1,Hispanic or Latino,Male,35-44,95.0,Loan originated
1,165000.0,<20%,355000.0,113.0,1,White,Male,35-44,46.479,Loan originated
1,345000.0,30%-<36%,355000.0,119.0,1,White,Female,35-44,97.0,Loan originated
1,355000.0,47,415000.0,121.0,1,Asian,Joint,35-44,104.693,Loan originated
1,535000.0,20%-<30%,635000.0,186.0,1,White,Male,35-44,85.0,Loan originated
1,535000.0,30%-<36%,675000.0,303.0,1,White,Male,45-54,80.0,Loan originated
1,655000.0,40,1245000.0,315.0,1,White,Joint,45-54,72.58,Loan originated
1,425000.0,20%-<30%,525000.0,170.0,1,White,Joint,25-34,80.0,Loan originated
1,315000.0,39,335000.0,108.0,1,White,Female,25-34,95.0,Loan originated
1,395000.0,30%-<36%,465000.0,124.0,1,White,Female,25-34,85.0,Loan originated
1,805000.0,47,985000.0,175.0,1,Hispanic or Latino,Male,45-54,81.218,Application denied
1,625000.0,49,835000.0,139.0,1,White,Male,65-74,74.699,Loan originated
1,585000.0,42,835000.0,173.0,1,Asian,Joint,25-34,70.0,Loan originated
1,345000.0,49,385000.0,64.0,1,White,Joint,45-54,90.0,Loan originated
1,375000.0,43,465000.0,85.0,1,Asian,Joint,35-44,80.0,Loan originated
1,955000.0,38,1205000.0,336.0,1,White,Joint,25-34,80.0,Loan originated
1,675000.0,43,745000.0,193.0,1,Hispanic or Latino,Joint,25-34,90.0,Loan originated
1,285000.0,48,375000.0,153.0,1,White,Female,55-64,74.44,Application denied
1,425000.0,20%-<30%,1055000.0,374.0,1,White,Joint,55-64,40.47,Loan originated
1,215000.0,20%-<30%,1065000.0,141.0,1,Asian,Female,25-34,20.19,Loan originated
1,215000.0,30%-<36%,285000.0,93.0,1,Asian,Female,25-34,75.0,Loan originated
1,525000.0,30%-<36%,705000.0,180.0,1,White,Male,35-44,75.0,Loan originated
1,485000.0,20%-<30%,1395000.0,212.0,1,Asian,Male,45-54,34.48,Loan originated
1,665000.0,43,735000.0,195.0,1,Hispanic or Latino,Joint,55-64,89.99,Loan originated
1,825000.0,36,1825000.0,258.0,1,Asian,Joint,25-34,45.4,Loan originated
1,305000.0,44,705000.0,-36.0,1,White,Female,65-74,43.513,Loan originated
1,985000.0,48,1235000.0,246.0,1,White,Joint,25-34,80.0,Loan originated
1,195000.0,48,205000.0,71.0,1,White,Female,45-54,97.0,Loan originated
1,715000.0,30%-<36%,755000.0,245.0,1,White,Joint,25-34,95.0,Loan originated
1,305000.0,30%-<36%,395000.0,102.0,1,White,Female,25-34,76.14,Application denied
1,915000.0,47,1225000.0,234.0,1,White,Male,35-44,75.0,Loan originated
1,355000.0,<20%,1355000.0,351.0,1,Asian,Male,45-54,25.926,Loan originated
1,505000.0,>60%,625000.0,91.0,1,Hispanic or Latino,Male,35-44,80.0,Application denied
1,765000.0,39,875000.0,353.0,1,Asian,Joint,35-44,87.543,Loan originated
1,505000.0,46,525000.0,109.0,1,White,Male,35-44,98.0,Loan originated
1,445000.0,20%-<30%,745000.0,229.0,1,White,Joint,55-64,59.74,Loan originated
1,535000.0,45,595000.0,116.0,1,Asian,Female,25-34,90.0,Loan originated
1,425000.0,49,525000.0,97.0,1,White,Female,25-34,80.0,Loan originated
1,455000.0,30%-<36%,605000.0,127.0,1,White,Joint,<25,75.188,Loan originated
1,555000.0,49,865000.0,118.0,1,Asian,Joint,25-34,65.0,Loan originated
1,565000.0,41,715000.0,152.0,1,Hispanic or Latino,Joint,25-34,80.0,Loan originated
1,605000.0,37,755000.0,195.0,1,White,Joint,35-44,80.0,Loan originated
1,705000.0,47,1865000.0,173.0,1,Asian,Female,35-44,37.635,Loan originated
1,565000.0,42,635000.0,220.0,1,White,Male,25-34,90.0,Loan originated
1,1115000.0,44,1395000.0,310.0,1,White,Male,25-34,88.08,Loan originated
1,535000.0,42,705000.0,149.0,1,Asian,Male,35-44,75.71,Loan originated
1,675000.0,40,755000.0,562.0,1,White,Joint,55-64,89.94,Loan originated
1,765000.0,41,845000.0,230.0,1,White,Joint,35-44,90.0,Loan originated
1,965000.0,42,1205000.0,311.0,1,White,Joint,35-44,80.0,Loan originated
1,645000.0,40,815000.0,230.0,1,Asian,Male,35-44,80.0,Loan originated
1,755000.0,49,1495000.0,157.0,1,Asian,Joint,25-34,51.0,Loan originated
1,185000.0,36,225000.0,205.0,1,White,Joint,45-54,80.0,Loan originated
1,335000.0,20%-<30%,485000.0,143.0,1,Hispanic or Latino,Male,55-64,68.75,Loan originated
1,1005000.0,48,1905000.0,227.0,1,Asian,Male,45-54,52.63,Loan originated
1,975000.0,20%-<30%,1305000.0,601.0,1,Hispanic or Latino,Male,35-44,75.0,Loan originated
1,925000.0,45,1235000.0,475.0,1,Asian,Male,45-54,75.0,Loan originated
1,285000.0,49,595000.0,69.0,1,White,Joint,>74,47.579,Loan originated
1,495000.0,44,525000.0,134.0,1,White,Joint,55-64,95.0,Loan originated
1,225000.0,48,625000.0,57.0,1,Asian,Male,25-34,35.484,Loan originated
1,575000.0,40,935000.0,164.0,1,Asian,Female,25-34,62.83,Loan originated
1,525000.0,43,665000.0,161.0,1,Asian,Female,35-44,80.0,Loan originated
1,805000.0,20%-<30%,845000.0,335.0,1,Black or African American,Male,25-34,95.0,Application denied
1,605000.0,20%-<30%,1005000.0,339.0,1,White,Female,25-34,60.0,Loan originated
1,375000.0,20%-<30%,735000.0,175.0,1,White,Joint,>74,51.37,Loan originated
1,575000.0,41,615000.0,158.0,1,White,Joint,55-64,92.69,Loan originated
1,775000.0,36,975000.0,193.0,1,Asian,Joint,45-54,80.0,Loan originated
1,455000.0,46,605000.0,90.0,1,Hispanic or Latino,Female,35-44,75.0,Loan originated
1,875000.0,38,1575000.0,267.0,1,Asian,Joint,45-54,55.41,Loan originated
1,275000.0,45,305000.0,68.0,1,Hispanic or Latino,Male,35-44,90.0,Application denied
1,755000.0,49,1205000.0,215.0,1,Asian,Female,35-44,62.5,Application denied
1,605000.0,30%-<36%,1105000.0,185.0,1,White,Female,35-44,54.55,Loan originated
1,435000.0,45,835000.0,201.0,1,Hispanic or Latino,Male,25-34,51.807,Loan originated
1,415000.0,49,525000.0,300.0,1,Asian,Joint,25-34,80.0,Loan originated
1,415000.0,48,515000.0,80.0,1,Asian,Male,25-34,80.0,Loan originated
1,755000.0,30%-<36%,835000.0,434.0,1,Other,Male,35-44,89.99,Loan originated
1,425000.0,42,705000.0,97.0,1,White,Female,65-74,59.653,Loan originated
1,605000.0,<20%,805000.0,280.0,1,White,Joint,25-34,75.0,Loan originated
1,705000.0,40,735000.0,325.0,1,Hispanic or Latino,Joint,45-54,95.0,Loan originated
1,355000.0,49,415000.0,80.0,1,White,Female,25-34,85.0,Loan originated
1,515000.0,36,755000.0,197.0,1,White,Male,25-34,71.83,Loan originated
1,545000.0,50%-60%,855000.0,127.0,1,White,Female,45-54,65.0,Loan originated
1,705000.0,30%-<36%,1565000.0,224.0,1,White,Joint,35-44,44.861,Loan originated
1,685000.0,>60%,725000.0,138.0,1,Hispanic or Latino,Female,25-34,95.0,Application denied
1,535000.0,>60%,555000.0,90.0,1,White,Joint,25-34,97.0,Application denied
1,705000.0,39,875000.0,210.0,1,Asian,Female,35-44,80.0,Loan originated
1,605000.0,44,905000.0,220.0,1,Asian,Male,45-54,66.0,Loan originated
1,345000.0,47,385000.0,139.0,1,White,Joint,25-34,90.0,Loan originated
1,915000.0,30%-<36%,2715000.0,210.0,1,Asian,Female,25-34,34.0,Loan originated
1,515000.0,48,635000.0,116.0,1,Asian,Male,45-54,80.0,Loan originated
1,755000.0,47,945000.0,253.0,1,Asian,Male,55-64,79.894,Loan originated
1,325000.0,47,405000.0,88.0,1,White,Male,35-44,80.0,Loan originated
1,105000.0,<20%,665000.0,151.0,1,White,Female,65-74,15.013,Loan originated
1,615000.0,49,885000.0,128.0,1,White,Female,45-54,70.0,Loan originated
1,585000.0,43,625000.0,137.0,1,Hispanic or Latino,Female,45-54,95.0,Loan originated
1,225000.0,37,1025000.0,100.0,1,Asian,Female,25-34,21.951,Loan originated
1,1125000.0,42,1405000.0,489.0,1,Asian,Female,35-44,80.0,Loan originated
1,565000.0,48,585000.0,114.0,1,Hispanic or Latino,Joint,45-54,97.0,Loan originated
1,735000.0,30%-<36%,985000.0,221.0,1,Hispanic or Latino,Joint,35-44,75.0,Loan originated
1,755000.0,46,1105000.0,184.0,1,White,Joint,35-44,68.182,Loan originated
1,245000.0,44,255000.0,55.0,1,Hispanic or Latino,Female,25-34,97.0,Loan originated
1,605000.0,39,635000.0,239.0,1,Hispanic or Latino,Joint,35-44,95.0,Loan originated
1,295000.0,42,395000.0,67.0,1,Asian,Male,35-44,74.937,Loan originated
1,555000.0,48,695000.0,137.0,1,Hispanic or Latino,Female,65-74,80.0,Loan originated
1,495000.0,40,515000.0,149.0,1,White,Male,45-54,98.325,Loan originated
1,485000.0,39,605000.0,130.0,1,White,Male,35-44,80.0,Loan originated
1,885000.0,46,1105000.0,346.0,1,Asian,Joint,25-34,80.0,Loan originated
1,505000.0,38,1285000.0,299.0,1,Asian,Joint,45-54,38.933,Loan originated
1,475000.0,49,495000.0,171.0,1,Hispanic or Latino,Female,55-64,95.0,Loan originated
1,295000.0,30%-<36%,595000.0,167.0,1,Hispanic or Latino,Joint,25-34,49.706,Loan originated
1,475000.0,38,1075000.0,198.0,1,Hispanic or Latino,Joint,35-44,43.925,Loan originated
1,305000.0,40,385000.0,78.0,1,White,Male,25-34,80.0,Loan originated
1,465000.0,40,485000.0,140.0,1,Hispanic or Latino,Female,35-44,95.0,Loan originated
1,1015000.0,43,1275000.0,288.0,1,Asian,Female,45-54,80.0,Loan originated
1,365000.0,43,375000.0,91.0,1,White,Female,25-34,97.0,Loan originated
1,705000.0,37,1125000.0,280.0,1,White,Joint,35-44,62.5,Loan originated
1,575000.0,49,665000.0,130.0,1,White,Joint,35-44,86.36,Loan originated
1,915000.0,46,1145000.0,297.0,1,White,Joint,45-54,80.0,Loan originated
1,1145000.0,48,1235000.0,278.0,1,Hispanic or Latino,Joint,55-64,93.41,Loan originated
1,175000.0,30%-<36%,235000.0,100.0,1,White,Male,55-64,75.67,Loan originated
1,555000.0,20%-<30%,735000.0,283.0,1,Asian,Male,25-34,75.0,Loan originated
1,425000.0,46,435000.0,127.0,1,Asian,Male,25-34,97.0,Application denied
1,405000.0,44,605000.0,100.0,1,Hispanic or Latino,Male,45-54,67.5,Loan originated
1,275000.0,45,295000.0,96.0,1,White,Female,45-54,92.46,Application denied
1,475000.0,20%-<30%,1085000.0,272.0,1,White,Joint,55-64,43.318,Loan originated
1,385000.0,36,655000.0,103.0,1,Hispanic or Latino,Joint,25-34,58.015,Loan originated
1,705000.0,46,875000.0,214.0,1,White,Female,45-54,80.0,Loan originated
1,345000.0,45,365000.0,110.0,1,Asian,Joint,65-74,95.0,Loan originated
1,865000.0,43,865000.0,315.0,1,Asian,Joint,35-44,100.0,Loan originated
1,505000.0,20%-<30%,905000.0,251.0,1,Asian,Joint,45-54,55.249,Loan originated
1,305000.0,47,415000.0,66.0,1,Asian,Female,>74,72.178,Loan originated
1,765000.0,46,845000.0,187.0,1,Hispanic or Latino,Joint,35-44,90.0,Loan originated
1,765000.0,39,955000.0,215.0,1,Asian,Joint,25-34,80.689,Loan originated
1,835000.0,30%-<36%,1285000.0,257.0,1,White,Joint,35-44,64.918,Loan originated
1,495000.0,47,625000.0,107.0,1,White,Male,25-34,70.507,Application denied
1,605000.0,38,1805000.0,223.0,1,White,Joint,>74,34.0,Loan originated
1,665000.0,40,705000.0,267.0,1,White,Male,55-64,95.0,Loan originated
1,505000.0,20%-<30%,805000.0,226.0,1,Asian,Joint,25-34,62.5,Loan originated
1,405000.0,49,465000.0,103.0,1,White,Joint,25-34,89.0,Loan originated
1,615000.0,48,835000.0,168.0,1,Hispanic or Latino,Joint,45-54,73.621,Loan originated
1,425000.0,49,535000.0,84.0,1,White,Joint,35-44,80.0,Loan originated
1,275000.0,46,285000.0,55.0,1,Hispanic or Latino,Male,25-34,97.0,Loan originated
1,1005000.0,<20%,2655000.0,2626.0,1,White,Male,55-64,37.601,Loan originated
1,545000.0,30%-<36%,645000.0,337.0,1,Asian,Male,45-54,85.0,Loan originated
1,25000.0,45,605000.0,191.0,1,Hispanic or Latino,Joint,35-44,3.5,Loan originated
1,605000.0,49,755000.0,182.0,1,Asian,Joint,65-74,80.0,Loan originated
1,115000.0,30%-<36%,135000.0,83.0,1,White,Joint,65-74,80.0,Loan originated
1,735000.0,44,775000.0,193.0,1,Hispanic or Latino,Joint,55-64,95.0,Loan originated
1,345000.0,48,425000.0,258.0,1,White,Joint,25-34,80.0,Loan originated
1,605000.0,20%-<30%,765000.0,412.0,1,White,Joint,25-34,80.0,Loan originated
1,475000.0,42,725000.0,126.0,1,Black or African American,Joint,35-44,65.748,Loan originated
1,325000.0,<20%,435000.0,807.0,1,White,Male,25-34,74.999,Loan originated
1,505000.0,48,985000.0,120.0,1,Asian,Male,25-34,51.02,Loan originated
1,425000.0,49,555000.0,95.0,1,Asian,Male,25-34,80.0,Loan originated
1,435000.0,47,545000.0,93.0,1,Hispanic or Latino,Male,45-54,79.927,Loan originated
1,725000.0,20%-<30%,905000.0,260.0,1,White,Male,45-54,80.0,Loan originated
1,665000.0,49,1515000.0,280.0,1,White,Joint,55-64,43.43,Loan originated
1,75000.0,20%-<30%,185000.0,35.0,1,White,Female,25-34,41.67,Loan originated
1,825000.0,39,1655000.0,217.0,1,Asian,Joint,25-34,80.909,Loan originated
1,245000.0,50%-60%,295000.0,46.0,1,Hispanic or Latino,Male,35-44,85.0,Application denied
1,735000.0,42,925000.0,292.0,1,Asian,Joint,45-54,80.0,Loan originated
1,945000.0,42,1185000.0,257.0,1,White,Joint,45-54,80.0,Loan originated
1,725000.0,41,905000.0,194.0,1,Asian,Male,<25,80.0,Loan originated
1,735000.0,45,785000.0,265.0,1,Asian,Female,35-44,93.669,Loan originated
1,215000.0,20%-<30%,365000.0,152.0,1,White,Male,45-54,58.75,Loan originated
1,1145000.0,30%-<36%,1625000.0,382.0,1,White,Joint,55-64,71.0,Loan originated
1,965000.0,30%-<36%,1205000.0,330.0,1,Asian,Joint,25-34,80.0,Loan originated
1,105000.0,44,215000.0,39.0,1,Asian,Joint,55-64,50.0,Loan originated
1,555000.0,39,785000.0,221.0,1,Asian,Male,25-34,71.222,Loan originated
1,595000.0,41,925000.0,145.0,1,White,Male,35-44,65.0,Loan originated
1,445000.0,>60%,525000.0,59.0,1,White,Joint,65-74,84.76,Application denied
1,965000.0,30%-<36%,1205000.0,297.0,1,Asian,Joint,25-34,80.0,Loan originated
1,1135000.0,49,1265000.0,285.0,1,White,Joint,35-44,90.0,Loan originated
1,905000.0,41,1125000.0,275.0,1,Asian,Female,35-44,80.0,Loan originated
1,455000.0,41,535000.0,143.0,1,Asian,Joint,45-54,85.0,Loan originated
1,575000.0,43,725000.0,191.0,1,Hispanic or Latino,Male,35-44,80.0,Loan originated
1,355000.0,47,475000.0,85.0,1,White,Female,25-34,75.0,Loan originated
1,845000.0,49,1055000.0,186.0,1,Asian,Male,25-34,80.0,Loan originated
1,685000.0,44,915000.0,336.0,1,Asian,Female,35-44,75.0,Loan originated
1,615000.0,40,715000.0,188.0,1,Asian,Male,45-54,85.0,Loan originated
1,435000.0,45,465000.0,84.0,1,Asian,Male,35-44,95.0,Loan originated
1,905000.0,47,1005000.0,220.0,1,Asian,Joint,45-54,90.0,Loan originated
1,445000.0,20%-<30%,525000.0,164.0,1,White,Female,35-44,85.0,Loan originated
1,895000.0,40,1165000.0,206.0,1,Hispanic or Latino,Joint,35-44,76.4,Loan originated
1,535000.0,39,565000.0,163.0,1,White,Male,45-54,95.0,Loan originated
1,345000.0,40,435000.0,78.0,1,White,Male,25-34,80.0,Loan originated
1,295000.0,30%-<36%,325000.0,107.0,1,White,Joint,25-34,90.0,Loan originated
1,285000.0,42,305000.0,88.0,1,Hispanic or Latino,Female,<25,95.0,Loan originated
1,495000.0,43,495000.0,134.0,1,White,Joint,25-34,99.699,Loan originated
1,165000.0,43,495000.0,67.0,1,White,Female,25-34,103.01,Application denied
1,635000.0,42,705000.0,167.0,1,Hispanic or Latino,Female,55-64,90.0,Application denied
1,125000.0,>60%,125000.0,48.0,1,White,Male,<25,95.0,Application denied
1,675000.0,48,745000.0,181.0,1,Asian,Female,35-44,90.0,Loan originated
1,235000.0,20%-<30%,435000.0,140.0,1,White,Female,35-44,53.49,Loan originated
1,665000.0,46,865000.0,152.0,1,Asian,Joint,45-54,95.0,Loan originated
1,895000.0,41,1005000.0,248.0,1,Asian,Joint,35-44,88.911,Loan originated
1,405000.0,48,805000.0,80.0,1,White,Female,35-44,49.689,Loan originated
1,355000.0,44,1255000.0,109.0,1,White,Female,35-44,28.0,Loan originated
1,55000.0,20%-<30%,205000.0,87.0,1,White,Joint,>74,27.18,Loan originated
1,835000.0,30%-<36%,925000.0,294.0,1,Hispanic or Latino,Joint,25-34,90.0,Loan originated
1,65000.0,30%-<36%,95000.0,56.0,1,White,Female,65-74,63.16,Loan originated
1,275000.0,36,345000.0,153.0,1,Hispanic or Latino,Male,25-34,80.0,Loan originated
1,205000.0,<20%,305000.0,120.0,1,White,Male,55-64,66.667,Loan originated
1,325000.0,36,525000.0,125.0,1,Hispanic or Latino,Male,55-64,61.717,Loan originated
1,215000.0,40,1005000.0,302.0,1,White,Joint,35-44,21.0,Loan originated
1,965000.0,42,1025000.0,246.0,1,White,Joint,25-34,95.0,Loan originated
1,345000.0,47,685000.0,108.0,1,White,Joint,65-74,50.0,Loan originated
1,665000.0,30%-<36%,965000.0,202.0,1,Asian,Female,35-44,68.912,Loan originated
1,385000.0,30%-<36%,645000.0,192.0,1,Asian,Joint,35-44,60.0,Loan originated
1,455000.0,40,485000.0,109.0,1,Hispanic or Latino,Male,55-64,95.0,Loan originated
1,1275000.0,30%-<36%,1585000.0,546.0,1,Asian,Joint,35-44,80.0,Loan originated
1,665000.0,38,825000.0,224.0,1,White,Joint,35-44,80.0,Loan originated
1,105000.0,20%-<30%,455000.0,66.0,1,White,Male,>74,22.222,Loan originated
1,395000.0,48,415000.0,98.0,1,Hispanic or Latino,Male,25-34,95.0,Loan originated
1,205000.0,47,1225000.0,134.0,1,White,Joint,55-64,16.38,Loan originated
1,305000.0,30%-<36%,705000.0,100.0,1,Hispanic or Latino,Male,<25,42.857,Application denied
1,525000.0,44,615000.0,214.0,1,Other,Female,<25,85.0,Loan originated
1,515000.0,43,865000.0,211.0,1,Asian,Male,45-54,60.0,Loan originated
1,535000.0,43,555000.0,156.0,1,Asian,Male,25-34,95.0,Loan originated
1,425000.0,41,725000.0,113.0,1,Asian,Female,45-54,60.0,Loan originated
1,355000.0,49,725000.0,90.0,1,Asian,Female,55-64,49.18,Loan originated
1,665000.0,49,735000.0,127.0,1,Asian,Joint,25-34,90.0,Loan originated
1,765000.0,36,825000.0,231.0,1,Asian,Female,35-44,93.43,Loan originated
1,555000.0,20%-<30%,1105000.0,216.0,1,White,Joint,55-64,50.0,Loan originated
1,545000.0,20%-<30%,725000.0,219.0,1,Asian,Male,25-34,75.0,Loan originated
1,475000.0,45,625000.0,118.0,1,White,Female,35-44,76.032,Loan originated
1,765000.0,38,1005000.0,327.0,1,Asian,Joint,35-44,76.65,Loan originated
1,705000.0,41,1635000.0,201.0,1,Asian,Female,55-64,42.94,Loan originated
1,425000.0,44,535000.0,137.0,1,Hispanic or Latino,Female,25-34,80.0,Loan originated
1,985000.0,30%-<36%,1095000.0,494.0,1,White,Joint,45-54,90.0,Loan originated
1,815000.0,42,865000.0,207.0,1,Hispanic or Latino,Joint,25-34,95.0,Loan originated
1,325000.0,44,515000.0,78.0,1,White,Female,25-34,63.733,Loan originated
1,225000.0,39,985000.0,83.0,1,White,Female,25-34,22.84,Loan originated
1,265000.0,30%-<36%,465000.0,106.0,1,White,Female,45-54,56.71,Loan originated
1,495000.0,20%-<30%,525000.0,176.0,1,Asian,Male,45-54,95.0,Loan originated
1,205000.0,41,265000.0,117.0,1,Hispanic or Latino,Male,55-64,76.92,Loan originated
1,465000.0,36,785000.0,217.0,1,Hispanic or Latino,Male,45-54,60.0,Loan originated
1,615000.0,45,655000.0,198.0,1,Black or African American,Male,25-34,95.0,Loan originated
1,655000.0,46,1015000.0,178.0,1,Asian,Male,<25,65.0,Loan originated
1,285000.0,49,425000.0,68.0,1,Hispanic or Latino,Male,25-34,65.882,Loan originated
1,695000.0,48,715000.0,215.0,1,White,Joint,45-54,97.0,Loan originated
1,845000.0,46,1055000.0,200.0,1,White,Female,55-64,79.999,Loan originated
1,1085000.0,42,1365000.0,566.0,1,Asian,Male,45-54,80.0,Loan originated
1,805000.0,44,1055000.0,175.0,1,White,Joint,35-44,76.38,Loan originated
1,895000.0,30%-<36%,1125000.0,281.0,1,Asian,Joint,25-34,80.0,Loan originated
1,505000.0,47,1005000.0,153.0,1,White,Male,25-34,50.0,Loan originated
1,395000.0,47,775000.0,144.0,1,Hispanic or Latino,Male,25-34,51.299,Loan originated
1,535000.0,39,665000.0,155.0,1,Asian,Female,35-44,80.0,Loan originated
1,365000.0,50%-60%,455000.0,82.0,1,White,Male,<25,80.0,Application denied
1,395000.0,49,495000.0,74.0,1,Hispanic or Latino,Male,35-44,79.4,Loan originated
1,665000.0,42,705000.0,252.0,1,Hispanic or Latino,Male,55-64,95.0,Loan originated
1,615000.0,30%-<36%,655000.0,156.0,1,White,Male,35-44,95.0,Loan originated
1,615000.0,46,655000.0,156.0,1,Hispanic or Latino,Male,35-44,95.0,Loan originated
1,585000.0,30%-<36%,615000.0,193.0,1,Asian,Female,35-44,95.0,Loan originated
1,345000.0,20%-<30%,915000.0,161.0,1,White,Female,35-44,38.04,Loan originated
1,675000.0,47,705000.0,163.0,1,White,Joint,25-34,95.0,Loan originated
1,845000.0,38,905000.0,272.0,1,Asian,Joint,35-44,93.339,Loan originated
1,745000.0,41,925000.0,276.0,1,White,Joint,35-44,80.0,Loan originated
1,475000.0,20%-<30%,635000.0,181.0,1,Hispanic or Latino,Male,25-34,75.0,Loan originated
1,685000.0,37,765000.0,500.0,1,Asian,Female,35-44,90.0,Loan originated
1,555000.0,49,695000.0,168.0,1,White,Female,>74,80.0,Loan originated
1,495000.0,46,735000.0,162.0,1,White,Male,65-74,67.571,Loan originated
1,355000.0,49,375000.0,72.0,1,Hispanic or Latino,Joint,55-64,95.0,Loan originated
1,605000.0,42,635000.0,140.0,1,Hispanic or Latino,Male,25-34,95.0,Loan originated
1,605000.0,44,755000.0,140.0,1,White,Male,45-54,80.0,Loan originated
1,605000.0,42,765000.0,128.0,1,Hispanic or Latino,Male,35-44,89.958,Application denied
1,415000.0,20%-<30%,735000.0,170.0,1,Hispanic or Latino,Female,35-44,57.0,Loan originated
1,835000.0,49,1255000.0,186.0,1,Hispanic or Latino,Male,55-64,67.0,Loan originated
1,125000.0,49,455000.0,48.0,1,White,Male,>74,27.0,Loan originated
1,1145000.0,30%-<36%,1425000.0,424.0,1,White,Male,25-34,79.944,Loan originated
1,745000.0,30%-<36%,995000.0,286.0,1,Asian,Female,55-64,75.0,Loan originated
1,505000.0,40,1155000.0,402.0,1,Asian,Female,25-34,43.478,Loan originated
1,985000.0,38,1235000.0,335.0,1,Asian,Joint,35-44,90.0,Loan originated
1,255000.0,43,265000.0,269.0,1,White,Male,35-44,95.0,Loan originated
1,565000.0,36,1125000.0,191.0,1,Asian,Male,25-34,50.0,Loan originated
1,535000.0,49,675000.0,142.0,1,Asian,Female,35-44,100.0,Loan originated
1,705000.0,46,745000.0,267.0,1,Hispanic or Latino,Joint,25-34,95.0,Loan originated
1,1095000.0,20%-<30%,1565000.0,620.0,1,Asian,Joint,35-44,70.0,Loan originated
1,725000.0,40,905000.0,267.0,1,Asian,Male,55-64,80.0,Loan originated
1,1135000.0,30%-<36%,1415000.0,463.0,1,Asian,Joint,25-34,79.999,Loan originated
1,465000.0,37,545000.0,200.0,1,Asian,Male,35-44,85.0,Loan originated
1,635000.0,20%-<30%,665000.0,453.0,1,Asian,Male,45-54,95.0,Loan originated
1,375000.0,38,465000.0,139.0,1,Asian,Joint,55-64,80.0,Loan originated
1,115000.0,48,325000.0,31.0,1,White,Male,65-74,35.494,Loan originated
1,465000.0,49,585000.0,96.0,1,Asian,Male,35-44,99.0,Loan originated
1,455000.0,42,515000.0,122.0,1,Asian,Joint,45-54,88.679,Loan originated
1,1125000.0,47,1405000.0,221.0,1,White,Joint,45-54,80.0,Loan originated
1,545000.0,45,685000.0,121.0,1,Hispanic or Latino,Male,55-64,80.0,Loan originated
1,425000.0,47,535000.0,87.0,1,White,Male,35-44,80.0,Application denied
1,415000.0,49,445000.0,122.0,1,Asian,Joint,55-64,95.0,Loan originated
1,695000.0,45,775000.0,163.0,1,Hispanic or Latino,Joint,45-54,90.0,Loan originated
1,705000.0,49,745000.0,163.0,1,Hispanic or Latino,Joint,45-54,95.0,Loan originated
1,215000.0,43,225000.0,85.0,1,White,Female,25-34,92.996,Loan originated
1,255000.0,42,315000.0,69.0,1,White,Female,35-44,80.0,Loan originated
1,555000.0,49,585000.0,160.0,1,Asian,Joint,55-64,95.0,Loan originated
1,765000.0,48,955000.0,257.0,1,Asian,Joint,35-44,79.897,Loan originated
1,585000.0,42,625000.0,130.0,1,White,Female,35-44,94.08,Loan originated
1,415000.0,49,435000.0,100.0,1,Hispanic or Latino,Female,45-54,95.0,Loan originated
1,535000.0,37,595000.0,170.0,1,White,Joint,25-34,90.0,Loan originated
1,855000.0,44,1145000.0,337.0,1,White,Female,55-64,74.561,Loan originated
1,415000.0,49,555000.0,76.0,1,Hispanic or Latino,Female,25-34,75.055,Loan originated
1,955000.0,43,1205000.0,270.0,1,White,Male,25-34,80.0,Loan originated
1,715000.0,39,895000.0,189.0,1,Asian,Male,45-54,80.0,Loan originated
1,455000.0,46,905000.0,95.0,1,Asian,Joint,<25,50.0,Loan originated
1,505000.0,30%-<36%,635000.0,129.0,1,Hispanic or Latino,Male,35-44,80.0,Loan originated
1,1065000.0,43,1185000.0,279.0,1,Asian,Joint,35-44,89.958,Loan originated
1,1045000.0,40,1305000.0,261.0,1,Hispanic or Latino,Female,<25,80.0,Loan originated
1,105000.0,<20%,2005000.0,435.0,1,White,Joint,65-74,5.0,Application denied
1,565000.0,30%-<36%,705000.0,171.0,1,Hispanic or Latino,Joint,35-44,80.0,Loan originated
1,495000.0,30%-<36%,525000.0,175.0,1,Hispanic or Latino,Joint,35-44,95.0,Loan originated
1,285000.0,40,295000.0,190.0,1,White,Joint,65-74,95.0,Loan originated
1,485000.0,<20%,655000.0,1445.0,1,White,Male,35-44,75.0,Loan originated
1,695000.0,36,805000.0,225.0,1,Black or African American,Female,35-44,86.88,Loan originated
1,435000.0,30%-<36%,485000.0,140.0,1,Asian,Joint,35-44,90.0,Loan originated
1,355000.0,43,365000.0,85.0,1,White,Female,55-64,95.0,Loan originated
1,155000.0,44,495000.0,99.0,1,Hispanic or Latino,Joint,55-64,30.457,Loan originated
1,1095000.0,41,1565000.0,355.0,1,White,Joint,45-54,70.0,Loan originated
1,515000.0,30%-<36%,695000.0,175.0,1,White,Male,45-54,75.0,Loan originated
1,505000.0,30%-<36%,625000.0,180.0,1,Hispanic or Latino,Male,35-44,80.0,Application denied
1,355000.0,48,365000.0,93.0,1,White,Female,45-54,97.0,Loan originated
1,385000.0,20%-<30%,425000.0,250.0,1,White,Joint,55-64,90.0,Loan originated
1,195000.0,47,225000.0,48.0,1,Hispanic or Latino,Male,35-44,84.444,Loan originated
1,765000.0,49,1255000.0,183.0,1,White,Joint,65-74,61.324,Loan originated
1,395000.0,41,445000.0,143.0,1,White,Male,45-54,90.0,Loan originated
1,275000.0,46,395000.0,78.0,1,Hispanic or Latino,Male,35-44,70.0,Loan originated
1,405000.0,49,505000.0,100.0,1,White,Female,25-34,100.0,Loan originated
1,435000.0,44,545000.0,230.0,1,Hispanic or Latino,Joint,25-34,80.0,Loan originated
1,445000.0,42,465000.0,100.0,1,Hispanic or Latino,Female,65-74,95.0,Loan originated
1,545000.0,48,615000.0,160.0,1,Hispanic or Latino,Joint,35-44,90.0,Loan originated
1,365000.0,41,435000.0,86.0,1,Hispanic or Latino,Female,25-34,96.07,Loan originated
1,565000.0,44,715000.0,153.0,1,Hispanic or Latino,Joint,55-64,80.0,Loan originated
1,925000.0,<20%,1155000.0,0.0,1,White,Male,55-64,80.0,Application denied
1,835000.0,44,3715000.0,275.0,1,White,Male,55-64,22.38,Loan originated
1,315000.0,47,575000.0,117.0,1,White,Male,55-64,54.043,Loan originated
1,765000.0,41,805000.0,175.0,1,Hispanic or Latino,Male,35-44,95.0,Loan originated
1,575000.0,42,725000.0,132.0,1,White,Joint,35-44,80.0,Loan originated
1,375000.0,30%-<36%,565000.0,130.0,1,Asian,Female,45-54,66.071,Loan originated
1,505000.0,49,695000.0,106.0,1,Asian,Male,35-44,73.11,Loan originated
1,575000.0,46,715000.0,117.0,1,White,Male,25-34,80.0,Loan originated
1,1085000.0,41,1355000.0,307.0,1,White,Female,55-64,80.0,Loan originated
1,615000.0,20%-<30%,875000.0,244.0,1,Hispanic or Latino,Joint,35-44,70.0,Loan originated
1,1125000.0,30%-<36%,1405000.0,340.0,1,Asian,Joint,25-34,80.0,Loan originated
1,605000.0,44,675000.0,125.0,1,Asian,Male,25-34,90.0,Loan originated
1,255000.0,20%-<30%,265000.0,119.0,1,Hispanic or Latino,Female,35-44,96.23,Application denied
1,705000.0,47,875000.0,191.0,1,Asian,Male,25-34,80.0,Loan originated
1,635000.0,48,705000.0,194.0,1,White,Female,55-64,90.0,Loan originated
1,425000.0,39,455000.0,125.0,1,Hispanic or Latino,Joint,25-34,95.0,Loan originated
1,505000.0,47,535000.0,133.0,1,White,Male,45-54,95.0,Loan originated
1,705000.0,20%-<30%,885000.0,258.0,1,Asian,Joint,35-44,80.0,Loan originated
1,755000.0,<20%,1455000.0,701.0,1,Asian,Joint,25-34,51.57,Loan originated
1,505000.0,20%-<30%,905000.0,296.0,1,White,Male,35-44,55.25,Loan originated
1,755000.0,30%-<36%,885000.0,270.0,1,White,Male,25-34,85.0,Loan originated
1,405000.0,49,695000.0,239.0,1,White,Female,45-54,57.31,Loan originated
1,455000.0,46,1365000.0,14.0,1,Asian,Joint,45-54,32.97,Loan originated
1,785000.0,49,1035000.0,158.0,1,Asian,Joint,25-34,76.0,Loan originated
1,455000.0,49,1205000.0,115.0,1,White,Male,35-44,38.25,Loan originated
1,635000.0,49,795000.0,230.0,1,White,Male,<25,80.0,Loan originated
1,605000.0,36,885000.0,244.0,1,Asian,Female,45-54,68.182,Loan originated
1,15000.0,<20%,355000.0,104.0,1,Black or African American,Female,45-54,102.91,Loan originated
1,465000.0,46,495000.0,198.0,1,Hispanic or Latino,Joint,35-44,95.0,Loan originated
1,555000.0,43,875000.0,126.0,1,Hispanic or Latino,Male,35-44,62.857,Loan originated
1,215000.0,46,225000.0,67.0,1,White,Female,55-64,93.778,Application denied
1,1025000.0,20%-<30%,1365000.0,346.0,1,Asian,Joint,35-44,91.55,Loan originated
1,655000.0,49,1105000.0,224.0,1,Hispanic or Latino,Joint,35-44,59.091,Loan originated
1,625000.0,40,695000.0,207.0,1,White,Male,35-44,89.899,Loan originated
1,475000.0,49,585000.0,110.0,1,Asian,Female,25-34,79.94,Loan originated
1,575000.0,30%-<36%,1255000.0,204.0,1,White,Joint,25-34,45.6,Loan originated
1,365000.0,47,385000.0,82.0,1,White,Female,25-34,98.0,Loan originated
1,445000.0,48,475000.0,132.0,1,Hispanic or Latino,Joint,55-64,95.0,Loan originated
1,425000.0,<20%,725000.0,299.0,1,Hispanic or Latino,Male,55-64,58.621,Loan originated
1,835000.0,42,1455000.0,207.0,1,Asian,Joint,55-64,57.0,Loan originated
1,935000.0,44,1105000.0,202.0,1,White,Female,35-44,85.0,Loan originated
1,675000.0,44,755000.0,341.0,1,White,Joint,25-34,90.0,Loan originated
1,555000.0,30%-<36%,585000.0,398.0,1,Hispanic or Latino,Male,25-34,95.0,Loan originated
1,515000.0,49,745000.0,418.0,1,White,Male,25-34,69.88,Loan originated
1,665000.0,30%-<36%,825000.0,348.0,1,Asian,Male,45-54,80.0,Loan originated
1,435000.0,42,585000.0,181.0,1,Asian,Male,45-54,75.0,Loan originated
1,565000.0,37,715000.0,156.0,1,White,Male,35-44,80.0,Loan originated
1,505000.0,49,525000.0,111.0,1,Hispanic or Latino,Male,35-44,97.0,Loan originated
1,385000.0,36,475000.0,109.0,1,White,Male,45-54,80.0,Loan originated
1,165000.0,20%-<30%,215000.0,70.0,1,White,Male,45-54,77.62,Loan originated
1,215000.0,44,415000.0,57.0,1,White,Joint,>74,51.22,Loan originated
1,295000.0,45,795000.0,160.0,1,Asian,Male,35-44,37.319,Loan originated
1,605000.0,48,805000.0,138.0,1,White,Female,35-44,75.155,Loan originated
1,725000.0,30%-<36%,975000.0,364.0,1,Other,Joint,35-44,85.0,Loan originated
1,955000.0,45,1525000.0,207.0,1,Asian,Joint,35-44,62.295,Loan originated
1,415000.0,48,435000.0,86.0,1,Hispanic or Latino,Female,<25,95.0,Loan originated
1,765000.0,48,1185000.0,160.0,1,Asian,Male,25-34,64.962,Loan originated
1,585000.0,47,1315000.0,126.0,1,White,Female,25-34,45.0,Loan originated
1,425000.0,41,525000.0,137.0,1,Other,Male,35-44,80.0,Loan originated
1,285000.0,46,305000.0,95.0,1,White,Joint,>74,90.91,Application denied
1,715000.0,30%-<36%,645000.0,428.0,1,White,Male,35-44,110.465,Application denied
1,115000.0,37,725000.0,141.0,1,White,Female,25-34,16.0,Loan originated
1,155000.0,46,305000.0,35.0,1,White,Female,25-34,50.0,Loan originated
1,655000.0,37,685000.0,225.0,1,Black or African American,Female,45-54,98.0,Loan originated
1,765000.0,20%-<30%,1395000.0,308.0,1,White,Joint,35-44,56.0,Loan originated
1,485000.0,45,515000.0,118.0,1,White,Male,25-34,95.0,Loan originated
1,1105000.0,44,1385000.0,424.0,1,White,Male,65-74,80.0,Loan originated
1,1145000.0,30%-<36%,2015000.0,535.0,1,White,Joint,35-44,57.06,Application denied
1,355000.0,40,435000.0,132.0,1,White,Male,35-44,80.0,Loan originated
1,75000.0,<20%,375000.0,79.0,1,White,Joint,65-74,20.0,Loan originated
1,425000.0,20%-<30%,625000.0,245.0,1,White,Joint,35-44,67.74,Loan originated
1,425000.0,50%-60%,505000.0,113.0,1,Hispanic or Latino,Joint,35-44,85.0,Application denied
1,555000.0,30%-<36%,625000.0,181.0,1,White,Joint,25-34,90.0,Loan originated
1,415000.0,45,495000.0,108.0,1,White,Male,35-44,85.0,Loan originated
1,545000.0,48,675000.0,108.0,1,White,Female,25-34,80.0,Loan originated
1,765000.0,41,885000.0,201.0,1,Asian,Joint,25-34,86.16,Loan originated
1,755000.0,40,1505000.0,286.0,1,White,Female,65-74,50.0,Loan originated
1,835000.0,43,925000.0,228.0,1,White,Joint,35-44,90.0,Loan originated
1,255000.0,20%-<30%,625000.0,207.0,1,White,Joint,35-44,40.0,Loan originated
1,625000.0,20%-<30%,655000.0,348.0,1,Hispanic or Latino,Male,35-44,95.0,Loan originated
1,385000.0,47,455000.0,116.0,1,Asian,Female,55-64,85.0,Loan originated
1,1275000.0,43,1705000.0,378.0,1,White,Male,45-54,74.7,Loan originated
1,475000.0,44,685000.0,132.0,1,White,Joint,35-44,70.0,Loan originated
1,75000.0,44,395000.0,37.0,1,White,Female,25-34,101.974,Loan originated
1,605000.0,38,665000.0,838.0,1,Asian,Male,<25,90.0,Loan originated
1,475000.0,30%-<36%,505000.0,165.0,1,Hispanic or Latino,Male,25-34,95.0,Loan originated
1,705000.0,20%-<30%,895000.0,312.0,1,Asian,Joint,35-44,78.92,Loan originated
1,705000.0,49,1045000.0,336.0,1,Hispanic or Latino,Male,25-34,67.31,Loan originated
1,575000.0,49,725000.0,227.0,1,Hispanic or Latino,Female,55-64,80.0,Loan originated
1,1145000.0,47,2055000.0,277.0,1,Asian,Male,25-34,56.08,Loan originated
1,595000.0,37,665000.0,208.0,1,White,Male,25-34,90.0,Loan originated
1,845000.0,49,895000.0,242.0,1,Hispanic or Latino,Male,45-54,95.0,Loan originated
1,765000.0,38,985000.0,357.0,1,Black or African American,Male,55-64,78.214,Loan originated
1,905000.0,49,1135000.0,188.0,1,White,Female,35-44,79.63,Loan originated
1,895000.0,38,1245000.0,234.0,1,Asian,Male,55-64,71.978,Loan originated
1,765000.0,43,905000.0,203.0,1,Asian,Male,25-34,84.532,Loan originated
1,675000.0,37,905000.0,279.0,1,White,Male,55-64,75.0,Loan originated
1,405000.0,44,425000.0,112.0,1,Asian,Male,25-34,100.0,Loan originated
1,375000.0,30%-<36%,855000.0,131.0,1,White,Female,35-44,44.12,Loan originated
1,575000.0,45,635000.0,331.0,1,White,Male,25-34,90.0,Loan originated
1,515000.0,44,545000.0,134.0,1,Asian,Female,25-34,95.0,Loan originated
1,575000.0,44,745000.0,143.0,1,Asian,Joint,35-44,77.496,Loan originated
1,915000.0,40,1145000.0,407.0,1,Asian,Joint,25-34,79.95,Loan originated
1,125000.0,39,1545000.0,119.0,1,White,Female,55-64,8.079,Loan originated
1,745000.0,38,995000.0,235.0,1,Asian,Joint,35-44,75.0,Loan originated
1,385000.0,36,425000.0,109.0,1,White,Joint,35-44,92.14,Loan originated
1,605000.0,48,755000.0,139.0,1,White,Joint,25-34,80.0,Loan originated
1,715000.0,43,895000.0,159.0,1,White,Joint,45-54,80.0,Loan originated
1,975000.0,49,1325000.0,195.0,1,Asian,Male,35-44,74.09,Loan originated
1,755000.0,<20%,1625000.0,600.0,1,Asian,Joint,45-54,46.154,Loan originated
1,445000.0,45,455000.0,113.0,1,Hispanic or Latino,Joint,45-54,100.0,Loan originated
1,745000.0,42,785000.0,181.0,1,Black or African American,Joint,35-44,94.99,Application denied
1,335000.0,30%-<36%,375000.0,101.0,1,White,Female,25-34,87.646,Loan originated
1,1115000.0,49,1595000.0,248.0,1,Asian,Male,25-34,70.0,Loan originated
1,565000.0,48,705000.0,117.0,1,Hispanic or Latino,Joint,25-34,80.0,Loan originated
1,755000.0,48,845000.0,223.0,1,White,Female,35-44,90.0,Loan originated
1,715000.0,49,755000.0,142.0,1,Hispanic or Latino,Male,65-74,95.0,Loan originated
1,665000.0,48,835000.0,147.0,1,White,Joint,35-44,80.0,Loan originated
1,255000.0,20%-<30%,325000.0,124.0,1,White,Male,25-34,80.0,Loan originated
1,405000.0,50%-60%,505000.0,84.0,1,Hispanic or Latino,Female,35-44,83.0,Loan originated
1,825000.0,49,1025000.0,213.0,1,Asian,Male,45-54,80.0,Loan originated
1,645000.0,42,715000.0,165.0,1,White,Joint,45-54,90.0,Loan originated
1,295000.0,44,305000.0,88.0,1,Hispanic or Latino,Female,45-54,95.0,Loan originated
1,105000.0,<20%,715000.0,117.0,1,White,Joint,>74,14.085,Loan originated
1,265000.0,45,665000.0,374.0,1,Asian,Joint,65-74,39.394,Loan originated
1,655000.0,38,1095000.0,170.0,1,Hispanic or Latino,Joint,35-44,60.0,Loan originated
1,445000.0,44,765000.0,99.0,1,Asian,Female,35-44,57.52,Application denied
1,135000.0,<20%,265000.0,161.0,1,Hispanic or Latino,Joint,25-34,50.58,Loan originated
1,415000.0,45,555000.0,136.0,1,White,Joint,35-44,75.0,Loan originated
1,675000.0,50%-60%,795000.0,175.0,1,White,Joint,45-54,79.937,Application denied
1,585000.0,36,685000.0,175.0,1,Asian,Joint,45-54,89.695,Loan originated
1,735000.0,20%-<30%,915000.0,238.0,1,Hispanic or Latino,Joint,25-34,80.0,Loan originated
1,405000.0,47,455000.0,100.0,1,Hispanic or Latino,Male,25-34,90.0,Loan originated
1,635000.0,46,845000.0,132.0,1,Hispanic or Latino,Male,55-64,75.0,Loan originated
1,545000.0,45,685000.0,232.0,1,White,Joint,25-34,80.0,Loan originated
1,455000.0,>60%,505000.0,75.0,1,Hispanic or Latino,Male,35-44,90.0,Application denied
1,755000.0,30%-<36%,945000.0,236.0,1,Black or African American,Joint,25-34,79.991,Loan originated
1,465000.0,49,485000.0,120.0,1,White,Joint,45-54,95.0,Loan originated
1,865000.0,42,1155000.0,233.0,1,White,Male,45-54,75.0,Loan originated
1,745000.0,50%-60%,925000.0,113.0,1,Asian,Female,35-44,80.0,Application denied
1,445000.0,41,625000.0,120.0,1,White,Male,25-34,73.968,Loan originated
1,465000.0,45,485000.0,175.0,1,Hispanic or Latino,Joint,45-54,95.0,Loan originated
1,285000.0,38,355000.0,71.0,1,Hispanic or Latino,Joint,35-44,80.0,Loan originated
1,845000.0,45,905000.0,275.0,1,Hispanic or Latino,Joint,<25,94.0,Loan originated
1,555000.0,50%-60%,555000.0,104.0,1,White,Female,35-44,100.0,Application denied
1,555000.0,47,735000.0,144.0,1,White,Female,35-44,75.0,Loan originated
1,465000.0,30%-<36%,675000.0,141.0,1,Hispanic or Latino,Joint,35-44,70.0,Loan originated
1,615000.0,45,815000.0,199.0,1,White,Joint,35-44,75.0,Loan originated
1,245000.0,37,305000.0,111.0,1,White,Joint,25-34,80.0,Loan originated
1,705000.0,47,875000.0,163.0,1,Hispanic or Latino,Male,35-44,80.0,Loan originated
1,505000.0,30%-<36%,535000.0,141.0,1,Hispanic or Latino,Joint,35-44,95.0,Loan originated
1,475000.0,44,655000.0,126.0,1,Asian,Joint,25-34,72.685,Loan originated
1,335000.0,30%-<36%,375000.0,125.0,1,White,Male,45-54,89.9,Loan originated
1,335000.0,20%-<30%,425000.0,111.0,1,Hispanic or Latino,Female,35-44,80.0,Loan originated
1,335000.0,39,375000.0,151.0,1,Other,Joint,35-44,103.2,Loan originated
1,455000.0,45,565000.0,181.0,1,Black or African American,Joint,35-44,80.0,Loan originated
1,495000.0,47,555000.0,122.0,1,Black or African American,Joint,45-54,90.0,Loan originated
1,595000.0,47,665000.0,127.0,1,Asian,Male,35-44,89.99,Loan originated
1,355000.0,43,445000.0,130.0,1,Other,Female,45-54,80.0,Loan originated
1,385000.0,30%-<36%,585000.0,140.0,1,White,Joint,55-64,65.0,Loan originated
1,85000.0,48,115000.0,61.0,1,Hispanic or Latino,Joint,25-34,80.0,Loan originated
1,295000.0,44,315000.0,80.0,1,Hispanic or Latino,Joint,25-34,95.0,Loan originated
1,355000.0,44,455000.0,93.0,1,Asian,Male,25-34,79.99,Loan originated
1,625000.0,44,895000.0,163.0,1,White,Male,25-34,69.93,Loan originated
1,705000.0,46,1205000.0,207.0,1,Asian,Female,35-44,59.0,Loan originated
1,765000.0,43,885000.0,157.0,1,Asian,Male,35-44,86.561,Loan originated
1,635000.0,41,795000.0,266.0,1,White,Male,45-54,80.0,Loan originated
1,1095000.0,30%-<36%,1925000.0,334.0,1,Asian,Male,25-34,56.77,Loan originated
1,765000.0,41,1515000.0,228.0,1,White,Joint,25-34,51.0,Loan originated
1,555000.0,43,615000.0,137.0,1,White,Female,25-34,90.0,Loan originated
1,495000.0,44,615000.0,104.0,1,Hispanic or Latino,Joint,45-54,80.0,Loan originated
1,705000.0,36,885000.0,232.0,1,White,Male,35-44,80.0,Loan originated
1,765000.0,36,1065000.0,240.0,1,Asian,Male,35-44,72.311,Loan originated
1,325000.0,30%-<36%,355000.0,94.0,1,Hispanic or Latino,Male,35-44,90.0,Loan originated
1,395000.0,48,495000.0,125.0,1,Hispanic or Latino,Male,45-54,80.0,Loan originated
1,675000.0,40,1355000.0,214.0,1,White,Female,35-44,50.0,Loan originated
1,555000.0,46,615000.0,158.0,1,Black or African American,Joint,25-34,90.0,Loan originated
1,545000.0,46,685000.0,134.0,1,Black or African American,Female,25-34,80.0,Loan originated
1,275000.0,30%-<36%,285000.0,77.0,1,Hispanic or Latino,Female,35-44,97.0,Loan originated
1,415000.0,44,615000.0,123.0,1,White,Female,>74,67.48,Loan originated
1,1135000.0,30%-<36%,1515000.0,491.0,1,White,Joint,35-44,75.0,Loan originated
1,635000.0,42,685000.0,157.0,1,Hispanic or Latino,Male,25-34,92.65,Loan originated
1,675000.0,37,695000.0,218.0,1,White,Male,25-34,100.0,Loan originated
1,975000.0,44,1025000.0,258.0,1,White,Female,25-34,95.0,Loan originated
1,525000.0,30%-<36%,775000.0,222.0,1,Black or African American,Male,55-64,67.57,Loan originated
1,755000.0,43,795000.0,267.0,1,Hispanic or Latino,Female,25-34,95.0,Loan originated
1,305000.0,46,375000.0,77.0,1,White,Female,45-54,80.0,Loan originated
1,445000.0,44,685000.0,383.0,1,White,Male,25-34,65.0,Loan originated
1,425000.0,43,545000.0,124.0,1,Hispanic or Latino,Female,35-44,79.046,Loan originated
1,575000.0,30%-<36%,775000.0,215.0,1,White,Female,55-64,74.026,Loan originated
1,485000.0,43,615000.0,150.0,1,White,Joint,35-44,80.0,Loan originated
1,705000.0,30%-<36%,875000.0,256.0,1,White,Joint,25-34,80.0,Loan originated
1,355000.0,41,785000.0,258.0,1,White,Joint,35-44,44.841,Loan originated
1,735000.0,38,815000.0,290.0,1,Hispanic or Latino,Joint,45-54,90.0,Loan originated
1,285000.0,50%-60%,865000.0,107.0,1,White,Joint,55-64,32.37,Loan originated
1,305000.0,<20%,475000.0,207.0,1,White,Male,25-34,63.83,Loan originated
1,765000.0,44,1055000.0,241.0,1,Asian,Joint,35-44,73.0,Loan originated
1,615000.0,20%-<30%,765000.0,210.0,1,White,Male,45-54,80.0,Loan originated
1,655000.0,37,685000.0,200.0,1,Hispanic or Latino,Joint,25-34,95.0,Loan originated
1,385000.0,44,455000.0,140.0,1,White,Male,35-44,83.516,Loan originated
1,615000.0,46,655000.0,179.0,1,White,Joint,>74,95.0,Application denied
1,355000.0,48,395000.0,483.0,1,Asian,Joint,45-54,90.0,Application denied
1,475000.0,42,535000.0,120.0,1,Hispanic or Latino,Male,25-34,93.0,Loan originated
1,215000.0,47,275000.0,102.0,1,White,Joint,>74,78.02,Loan originated
1,285000.0,49,345000.0,50.0,1,Hispanic or Latino,Male,35-44,85.0,Loan originated
1,725000.0,20%-<30%,955000.0,238.0,1,White,Male,55-64,76.443,Loan originated
1,415000.0,49,675000.0,120.0,1,Black or African American,Female,35-44,61.708,Loan originated
1,675000.0,40,1135000.0,200.0,1,White,Female,>74,59.947,Loan originated
1,565000.0,45,705000.0,139.0,1,Asian,Female,35-44,80.0,Loan originated
1,235000.0,39,1125000.0,101.0,1,White,Female,55-64,21.0,Loan originated
1,645000.0,49,685000.0,153.0,1,Asian,Male,55-64,95.0,Loan originated
1,435000.0,44,525000.0,123.0,1,Hispanic or Latino,Joint,45-54,103.5,Loan originated
1,285000.0,49,325000.0,59.0,1,White,Female,35-44,87.5,Loan originated
1,485000.0,20%-<30%,875000.0,221.0,1,White,Female,35-44,54.857,Loan originated
1,315000.0,<20%,345000.0,212.0,1,Hispanic or Latino,Male,45-54,90.0,Loan originated
1,355000.0,49,455000.0,70.0,1,Hispanic or Latino,Male,35-44,78.681,Application denied
1,1145000.0,47,1205000.0,301.0,1,Asian,Joint,25-34,95.0,Loan originated
1,335000.0,44,1005000.0,117.0,1,White,Joint,65-74,33.5,Loan originated
1,765000.0,30%-<36%,965000.0,299.0,1,White,Joint,25-34,80.0,Loan originated
1,305000.0,<20%,905000.0,380.0,1,Asian,Male,55-64,34.0,Loan originated
1,315000.0,49,505000.0,65.0,1,White,Female,45-54,62.4,Loan originated
1,385000.0,48,425000.0,83.0,1,White,Joint,35-44,90.0,Loan originated
1,485000.0,48,615000.0,106.0,1,Asian,Joint,55-64,78.68,Loan originated
1,335000.0,20%-<30%,385000.0,153.0,1,White,Male,35-44,88.0,Loan originated
1,635000.0,36,965000.0,176.0,1,Hispanic or Latino,Male,25-34,65.803,Loan originated
1,615000.0,42,675000.0,237.0,1,White,Male,55-64,92.09,Loan originated
1,545000.0,20%-<30%,575000.0,275.0,1,White,Female,35-44,95.0,Loan originated
1,1145000.0,48,1955000.0,272.0,1,White,Male,35-44,58.96,Loan originated
1,595000.0,44,745000.0,140.0,1,Hispanic or Latino,Male,45-54,80.0,Loan originated
1,625000.0,30%-<36%,1045000.0,240.0,1,Asian,Joint,25-34,59.81,Loan originated
1,845000.0,38,1445000.0,2621.0,1,Hispanic or Latino,Male,<25,58.333,Loan originated
1,285000.0,47,365000.0,66.0,1,White,Joint,65-74,80.0,Loan originated
1,675000.0,44,845000.0,212.0,1,Hispanic or Latino,Joint,25-34,80.0,Loan originated
1,515000.0,45,545000.0,127.0,1,Asian,Male,55-64,95.0,Loan originated
1,875000.0,40,1095000.0,277.0,1,Asian,Male,25-34,80.0,Loan originated
1,1145000.0,42,1345000.0,287.0,1,Asian,Joint,25-34,85.489,Loan originated
1,365000.0,43,505000.0,79.0,1,White,Male,35-44,73.6,Loan originated
1,845000.0,20%-<30%,1055000.0,311.0,1,Asian,Joint,25-34,80.0,Loan originated
1,545000.0,45,675000.0,135.0,1,Hispanic or Latino,Joint,35-44,80.0,Loan originated
1,885000.0,44,985000.0,211.0,1,Asian,Joint,35-44,90.0,Loan originated
1,1075000.0,43,1135000.0,367.0,1,White,Joint,25-34,95.0,Loan originated
1,665000.0,>60%,695000.0,196.0,1,White,Joint,45-54,95.0,Application denied
1,545000.0,49,675000.0,207.0,1,Hispanic or Latino,Male,45-54,80.0,Loan originated
1,605000.0,45,655000.0,150.0,1,White,Male,25-34,92.067,Loan originated
1,655000.0,44,675000.0,164.0,1,Black or African American,Female,45-54,97.0,Loan originated
1,1015000.0,30%-<36%,1265000.0,481.0,1,Asian,Joint,25-34,80.0,Loan originated
1,365000.0,37,455000.0,117.0,1,Asian,Male,25-34,79.89,Loan originated
1,195000.0,<20%,205000.0,109.0,1,White,Male,45-54,95.0,Loan originated
1,255000.0,49,655000.0,80.0,1,Hispanic or Latino,Male,35-44,56.0,Loan originated
1,145000.0,39,1005000.0,67.0,1,White,Male,65-74,14.5,Loan originated
1,385000.0,46,485000.0,102.0,1,Asian,Female,25-34,80.0,Loan originated
1,865000.0,41,965000.0,199.0,1,White,Joint,25-34,90.0,Loan originated
1,405000.0,49,435000.0,100.0,1,Hispanic or Latino,Female,25-34,95.0,Loan originated
1,875000.0,45,1025000.0,275.0,1,Hispanic or Latino,Male,25-34,85.0,Loan originated
1,645000.0,20%-<30%,805000.0,286.0,1,White,Female,45-54,80.0,Loan originated
1,1065000.0,30%-<36%,1255000.0,320.0,1,Asian,Joint,25-34,85.0,Loan originated
1,845000.0,30%-<36%,1055000.0,444.0,1,Hispanic or Latino,Male,25-34,80.0,Loan originated
1,725000.0,49,915000.0,190.0,1,Asian,Joint,35-44,80.0,Loan originated
1,465000.0,30%-<36%,705000.0,152.0,1,White,Joint,35-44,65.714,Loan originated
1,705000.0,30%-<36%,785000.0,243.0,1,White,Joint,25-34,90.0,Loan originated
1,475000.0,42,495000.0,105.0,1,Hispanic or Latino,Male,45-54,95.0,Loan originated
1,915000.0,37,1865000.0,275.0,1,White,Joint,45-54,49.171,Loan originated
1,395000.0,37,405000.0,119.0,1,Hispanic or Latino,Male,25-34,100.0,Loan originated
1,985000.0,37,1235000.0,281.0,1,White,Joint,35-44,80.0,Loan originated
1,335000.0,43,415000.0,96.0,1,Hispanic or Latino,Joint,25-34,80.0,Loan originated
1,345000.0,44,845000.0,182.0,1,White,Male,35-44,40.476,Loan originated
1,675000.0,39,965000.0,171.0,1,Asian,Female,45-54,70.0,Loan originated
1,865000.0,44,1085000.0,458.0,1,Asian,Joint,35-44,80.0,Loan originated
1,425000.0,47,465000.0,139.0,1,Hispanic or Latino,Male,25-34,91.864,Loan originated
1,375000.0,47,535000.0,94.0,1,White,Joint,65-74,70.0,Loan originated
1,245000.0,50%-60%,255000.0,92.0,1,Hispanic or Latino,Female,45-54,94.93,Application denied
1,885000.0,41,925000.0,224.0,1,White,Male,25-34,95.0,Loan originated
1,945000.0,20%-<30%,1605000.0,450.0,1,White,Male,55-64,58.938,Loan originated
1,465000.0,47,525000.0,102.0,1,Hispanic or Latino,Female,35-44,90.0,Application denied
1,315000.0,30%-<36%,325000.0,146.0,1,White,Male,55-64,97.0,Loan originated
1,495000.0,37,575000.0,140.0,1,Black or African American,Female,25-34,85.26,Loan originated
1,65000.0,20%-<30%,535000.0,60.0,1,White,Female,65-74,12.06,Loan originated
1,975000.0,45,1375000.0,266.0,1,Asian,Joint,25-34,70.8,Loan originated
1,475000.0,36,495000.0,132.0,1,Hispanic or Latino,Joint,<25,98.0,Loan originated
1,315000.0,37,555000.0,86.0,1,White,Female,45-54,56.36,Loan originated
1,205000.0,45,405000.0,318.0,1,Asian,Joint,65-74,50.86,Loan originated
1,625000.0,49,845000.0,143.0,1,Hispanic or Latino,Female,25-34,73.37,Loan originated
1,605000.0,46,805000.0,135.0,1,Black or African American,Female,45-54,75.0,Loan originated
1,935000.0,41,1245000.0,283.0,1,White,Joint,55-64,75.0,Loan originated
1,405000.0,<20%,795000.0,363.0,1,Asian,Joint,45-54,51.0,Loan originated
1,775000.0,47,825000.0,205.0,1,Asian,Male,35-44,93.939,Loan originated
1,525000.0,50%-60%,585000.0,142.0,1,Hispanic or Latino,Joint,<25,90.0,Application denied
1,385000.0,30%-<36%,405000.0,164.0,1,White,Male,45-54,95.0,Loan originated
1,655000.0,49,855000.0,154.0,1,Asian,Male,35-44,95.0,Loan originated
1,645000.0,43,755000.0,149.0,1,Hispanic or Latino,Joint,35-44,85.0,Loan originated
1,675000.0,49,765000.0,133.0,1,Asian,Male,25-34,87.58,Loan originated
1,905000.0,46,1355000.0,200.0,1,Other,Male,35-44,66.67,Loan originated
1,535000.0,42,635000.0,141.0,1,White,Male,35-44,85.0,Loan originated
1,865000.0,30%-<36%,1075000.0,313.0,1,Asian,Joint,25-34,80.0,Loan originated
1,845000.0,49,1055000.0,170.0,1,Hispanic or Latino,Female,35-44,80.0,Loan originated
1,445000.0,36,525000.0,122.0,1,Asian,Male,35-44,85.0,Loan originated
1,365000.0,45,425000.0,82.0,1,White,Female,>74,85.0,Loan originated
1,905000.0,20%-<30%,1645000.0,336.0,1,Asian,Male,35-44,54.621,Loan originated
1,465000.0,50%-60%,615000.0,149.0,1,Hispanic or Latino,Male,35-44,76.0,Loan originated
1,165000.0,40,365000.0,163.0,1,Asian,Female,55-64,44.44,Loan originated
1,605000.0,48,755000.0,162.0,1,White,Male,<25,80.0,Loan originated
1,635000.0,39,705000.0,582.0,1,Hispanic or Latino,Male,35-44,90.0,Loan originated
1,165000.0,30%-<36%,415000.0,62.0,1,White,Female,35-44,39.024,Loan originated
1,365000.0,39,545000.0,128.0,1,White,Female,45-54,66.66,Loan originated
1,505000.0,<20%,1105000.0,432.0,1,Asian,Male,45-54,45.45,Loan originated
1,565000.0,40,595000.0,157.0,1,Hispanic or Latino,Male,55-64,95.0,Loan originated
1,335000.0,43,355000.0,89.0,1,Asian,Joint,55-64,97.0,Loan originated
1,585000.0,44,725000.0,375.0,1,Hispanic or Latino,Joint,>74,80.0,Loan originated
1,675000.0,49,715000.0,155.0,1,White,Female,55-64,95.0,Loan originated
1,675000.0,49,845000.0,217.0,1,Asian,Male,35-44,80.0,Loan originated
1,1055000.0,20%-<30%,1555000.0,467.0,1,Asian,Joint,25-34,67.77,Loan originated
1,585000.0,47,845000.0,120.0,1,White,Male,25-34,70.0,Loan originated
1,595000.0,50%-60%,795000.0,331.0,1,White,Male,25-34,75.0,Loan originated
1,435000.0,47,625000.0,111.0,1,Hispanic or Latino,Female,45-54,70.0,Loan originated
1,275000.0,>60%,385000.0,73.0,1,Asian,Female,>74,71.21,Application denied
1,455000.0,48,475000.0,101.0,1,Asian,Male,35-44,95.0,Loan originated
1,715000.0,30%-<36%,895000.0,195.0,1,Asian,Male,35-44,80.0,Loan originated
1,585000.0,49,1185000.0,246.0,1,White,Joint,25-34,49.15,Loan originated
1,285000.0,37,295000.0,115.0,1,Hispanic or Latino,Joint,25-34,97.0,Loan originated
1,425000.0,42,445000.0,252.0,1,Hispanic or Latino,Female,55-64,95.0,Loan originated
1,675000.0,49,845000.0,165.0,1,White,Male,>74,80.0,Loan originated
1,995000.0,38,1325000.0,417.0,1,Asian,Joint,25-34,75.0,Loan originated
1,635000.0,38,665000.0,250.0,1,Hispanic or Latino,Joint,35-44,95.0,Loan originated
1,425000.0,47,535000.0,95.0,1,Asian,Male,45-54,100.0,Loan originated
1,665000.0,46,825000.0,173.0,1,White,Joint,65-74,80.0,Loan originated
1,725000.0,46,905000.0,235.0,1,White,Female,35-44,80.0,Loan originated
1,805000.0,36,1005000.0,237.0,1,White,Joint,25-34,80.0,Loan originated
1,1005000.0,41,1805000.0,293.0,1,Asian,Joint,25-34,55.556,Loan originated
1,445000.0,41,525000.0,255.0,1,Black or African American,Female,35-44,85.0,Loan originated
1,485000.0,44,605000.0,217.0,1,Asian,Joint,25-34,80.0,Loan originated
1,575000.0,49,605000.0,118.0,1,Hispanic or Latino,Joint,25-34,95.0,Loan originated
1,765000.0,44,1185000.0,195.0,1,Asian,Male,45-54,64.831,Loan originated
1,385000.0,<20%,475000.0,360.0,1,Asian,Female,45-54,80.0,Loan originated
1,765000.0,43,875000.0,178.0,1,White,Joint,35-44,88.0,Loan originated
1,905000.0,30%-<36%,2205000.0,343.0,1,White,Female,35-44,40.909,Loan originated
1,715000.0,49,895000.0,142.0,1,White,Male,35-44,80.0,Loan originated
1,995000.0,48,1425000.0,196.0,1,White,Male,55-64,70.0,Loan originated
1,185000.0,50%-60%,205000.0,97.0,1,White,Male,35-44,94.63,Application denied
1,475000.0,48,855000.0,114.0,1,Asian,Female,25-34,55.693,Loan originated
1,415000.0,<20%,515000.0,537.0,1,Hispanic or Latino,Male,35-44,80.0,Loan originated
1,375000.0,20%-<30%,445000.0,155.0,1,White,Male,35-44,83.774,Loan originated
1,995000.0,40,1895000.0,258.0,1,White,Male,45-54,52.51,Loan originated
1,505000.0,39,505000.0,121.0,1,Asian,Male,25-34,101.75,Loan originated
1,565000.0,43,705000.0,176.0,1,White,Male,35-44,80.0,Loan originated
1,445000.0,40,695000.0,330.0,1,Hispanic or Latino,Joint,25-34,64.24,Loan originated
1,345000.0,30%-<36%,425000.0,130.0,1,White,Male,65-74,80.0,Loan originated
1,1035000.0,30%-<36%,1285000.0,391.0,1,Asian,Male,35-44,79.989,Loan originated
1,485000.0,38,505000.0,135.0,1,Hispanic or Latino,Female,65-74,97.0,Loan originated
1,395000.0,30%-<36%,695000.0,133.0,1,Asian,Joint,25-34,56.522,Loan originated
1,765000.0,44,955000.0,174.0,1,Hispanic or Latino,Male,45-54,80.0,Loan originated
1,325000.0,30%-<36%,405000.0,110.0,1,Black or African American,Joint,55-64,81.4,Loan originated
1,345000.0,45,435000.0,115.0,1,White,Joint,45-54,80.0,Loan originated
1,425000.0,38,775000.0,192.0,1,Asian,Female,25-34,55.0,Loan originated
1,285000.0,46,295000.0,94.0,1,Hispanic or Latino,Female,25-34,100.0,Loan originated
1,785000.0,49,1315000.0,225.0,1,Black or African American,Joint,35-44,61.0,Loan originated
1,1025000.0,20%-<30%,1725000.0,425.0,1,White,Joint,55-64,59.42,Loan originated
1,875000.0,39,975000.0,252.0,1,White,Joint,35-44,90.0,Loan originated
1,365000.0,30%-<36%,1015000.0,143.0,1,White,Female,55-64,35.538,Loan originated
1,565000.0,44,705000.0,195.0,1,Hispanic or Latino,Female,55-64,80.0,Loan originated
1,505000.0,<20%,725000.0,601.0,1,White,Male,55-64,68.73,Loan originated
1,635000.0,38,795000.0,165.0,1,White,Female,25-34,80.0,Loan originated
1,505000.0,30%-<36%,625000.0,209.0,1,White,Female,55-64,80.0,Loan originated
1,545000.0,49,745000.0,114.0,1,Black or African American,Female,55-64,72.97,Loan originated
1,335000.0,47,355000.0,70.0,1,White,Male,25-34,95.0,Loan originated
1,605000.0,44,675000.0,140.0,1,White,Joint,45-54,90.0,Loan originated
1,535000.0,44,675000.0,150.0,1,White,Joint,25-34,80.0,Loan originated
1,365000.0,30%-<36%,395000.0,119.0,1,Black or African American,Female,55-64,93.154,Loan originated
1,575000.0,30%-<36%,875000.0,184.0,1,White,Joint,35-44,66.05,Loan originated
1,1005000.0,48,2705000.0,225.0,1,White,Male,35-44,37.037,Loan originated
1,845000.0,30%-<36%,1055000.0,452.0,1,Asian,Joint,45-54,80.0,Loan originated
1,1005000.0,30%-<36%,1175000.0,374.0,1,White,Male,25-34,85.831,Loan originated
1,385000.0,30%-<36%,1185000.0,195.0,1,Asian,Joint,45-54,32.203,Loan originated
1,735000.0,20%-<30%,815000.0,405.0,1,Black or African American,Female,55-64,90.0,Loan originated
1,165000.0,43,465000.0,68.0,1,White,Female,55-64,34.83,Loan originated
1,645000.0,49,805000.0,148.0,1,Asian,Male,45-54,80.0,Loan originated
1,425000.0,49,675000.0,110.0,1,White,Female,55-64,63.233,Loan originated
1,345000.0,46,385000.0,73.0,1,Hispanic or Latino,Joint,25-34,90.0,Loan originated
1,585000.0,46,645000.0,165.0,1,Asian,Male,35-44,90.0,Loan originated
1,655000.0,30%-<36%,685000.0,232.0,1,Hispanic or Latino,Male,25-34,95.0,Loan originated
1,765000.0,43,955000.0,210.0,1,White,Male,25-34,80.0,Loan originated
1,525000.0,49,655000.0,111.0,1,Hispanic or Latino,Male,25-34,80.0,Loan originated
1,385000.0,20%-<30%,475000.0,248.0,1,White,Male,25-34,80.0,Loan originated
1,745000.0,44,1295000.0,170.0,1,Asian,Male,25-34,57.394,Loan originated
1,1075000.0,30%-<36%,1345000.0,339.0,1,Asian,Male,45-54,80.0,Loan originated
1,545000.0,46,1295000.0,130.0,1,White,Joint,25-34,43.0,Loan originated
1,405000.0,30%-<36%,605000.0,128.0,1,White,Female,45-54,66.94,Loan originated
1,1075000.0,30%-<36%,1345000.0,346.0,1,Asian,Joint,25-34,80.0,Loan originated
1,455000.0,30%-<36%,1355000.0,151.0,1,White,Joint,45-54,33.33,Loan originated
1,845000.0,<20%,1205000.0,512.0,1,White,Male,45-54,70.0,Loan originated
1,195000.0,44,305000.0,204.0,1,Hispanic or Latino,Male,45-54,63.33,Loan originated
1,525000.0,30%-<36%,665000.0,181.0,1,Asian,Female,25-34,80.0,Loan originated
1,385000.0,45,545000.0,125.0,1,Black or African American,Joint,55-64,70.0,Loan originated
1,655000.0,44,695000.0,191.0,1,White,Joint,35-44,95.0,Loan originated
1,125000.0,37,165000.0,49.0,1,Hispanic or Latino,Female,45-54,75.0,Loan originated
1,175000.0,43,225000.0,80.0,1,White,Male,35-44,79.55,Application denied
1,665000.0,42,825000.0,167.0,1,White,Female,25-34,80.0,Loan originated
1,775000.0,37,975000.0,350.0,1,White,Joint,55-64,80.0,Loan originated
1,345000.0,49,425000.0,102.0,1,Asian,Female,45-54,80.0,Application denied
1,205000.0,46,605000.0,64.0,1,White,Joint,>74,33.0,Loan originated
1,685000.0,49,985000.0,203.0,1,Asian,Joint,35-44,70.0,Loan originated
1,135000.0,30%-<36%,545000.0,84.0,1,Asian,Female,55-64,24.681,Loan originated
1,765000.0,44,1065000.0,181.0,1,White,Joint,35-44,71.98,Loan originated
1,325000.0,46,345000.0,75.0,1,Black or African American,Joint,55-64,95.0,Loan originated
1,385000.0,43,415000.0,136.0,1,Hispanic or Latino,Joint,55-64,93.0,Loan originated
1,765000.0,48,815000.0,188.0,1,White,Male,25-34,94.63,Loan originated
1,1105000.0,30%-<36%,1405000.0,500.0,1,White,Male,35-44,78.572,Loan originated
1,565000.0,38,715000.0,184.0,1,Asian,Joint,35-44,80.0,Loan originated
1,485000.0,20%-<30%,535000.0,186.0,1,White,Male,45-54,90.0,Loan originated
1,745000.0,30%-<36%,935000.0,304.0,1,Asian,Joint,35-44,80.0,Loan originated
1,505000.0,48,995000.0,166.0,1,Asian,Male,35-44,50.15,Loan originated
1,445000.0,37,675000.0,136.0,1,Hispanic or Latino,Male,25-34,65.672,Loan originated
1,395000.0,43,435000.0,74.0,1,Hispanic or Latino,Male,35-44,90.0,Loan originated
1,365000.0,38,385000.0,83.0,1,Asian,Male,25-34,95.0,Loan originated
1,635000.0,49,1225000.0,144.0,1,Asian,Female,45-54,51.639,Loan originated
1,485000.0,<20%,605000.0,228.0,1,White,Joint,<25,80.0,Loan originated
1,655000.0,37,825000.0,204.0,1,Hispanic or Latino,Joint,25-34,80.0,Loan originated
1,295000.0,36,305000.0,113.0,1,White,Male,35-44,95.0,Loan originated
1,365000.0,40,365000.0,105.0,1,Asian,Female,45-54,100.205,Application denied
1,555000.0,43,1005000.0,161.0,1,Asian,Female,55-64,55.329,Loan originated
1,955000.0,38,1305000.0,279.0,1,Asian,Male,35-44,73.08,Loan originated
1,255000.0,41,835000.0,76.0,1,Hispanic or Latino,Female,65-74,29.95,Loan originated
1,495000.0,37,585000.0,137.0,1,White,Female,25-34,84.1,Loan originated
1,505000.0,20%-<30%,635000.0,205.0,1,Hispanic or Latino,Joint,45-54,80.0,Loan originated
1,445000.0,45,455000.0,101.0,1,White,Male,35-44,100.0,Loan originated
1,465000.0,45,495000.0,102.0,1,Hispanic or Latino,Joint,45-54,95.0,Loan originated
1,195000.0,30%-<36%,215000.0,74.0,1,Hispanic or Latino,Male,25-34,94.37,Application denied
1,395000.0,50%-60%,425000.0,118.0,1,White,Female,45-54,93.58,Loan originated
1,885000.0,47,1255000.0,215.0,1,Hispanic or Latino,Male,35-44,70.0,Loan originated
1,715000.0,39,755000.0,197.0,1,Black or African American,Male,35-44,95.0,Loan originated
1,825000.0,44,975000.0,184.0,1,Black or African American,Joint,65-74,85.0,Loan originated
1,475000.0,48,595000.0,92.0,1,Asian,Male,45-54,80.0,Loan originated
1,665000.0,43,745000.0,221.0,1,White,Female,35-44,89.9,Loan originated
1,295000.0,46,365000.0,166.0,1,White,Joint,45-54,80.0,Loan originated
1,525000.0,48,845000.0,437.0,1,Hispanic or Latino,Joint,65-74,61.764,Loan originated
1,1125000.0,41,1505000.0,362.0,1,Asian,Female,55-64,75.0,Loan originated
1,925000.0,38,1155000.0,342.0,1,Asian,Joint,35-44,80.0,Loan originated
1,745000.0,<20%,1485000.0,435.0,1,Asian,Joint,35-44,50.0,Loan originated
1,415000.0,45,805000.0,103.0,1,White,Joint,45-54,51.059,Loan originated
1,1005000.0,20%-<30%,2475000.0,195.0,1,Asian,Male,65-74,40.43,Loan originated
1,455000.0,41,515000.0,134.0,1,Asian,Female,25-34,88.236,Loan originated
1,455000.0,43,685000.0,101.0,1,Hispanic or Latino,Female,65-74,69.23,Loan originated
1,565000.0,43,705000.0,142.0,1,Asian,Female,25-34,80.0,Loan originated
1,335000.0,20%-<30%,615000.0,250.0,1,White,Joint,45-54,55.0,Loan originated
1,655000.0,48,925000.0,143.0,1,White,Joint,35-44,70.811,Loan originated
1,1005000.0,47,1515000.0,237.0,1,Hispanic or Latino,Male,35-44,66.23,Loan originated
1,1125000.0,42,1405000.0,260.0,1,Asian,Male,35-44,80.0,Loan originated
1,665000.0,41,695000.0,203.0,1,Asian,Joint,35-44,100.0,Loan originated
1,705000.0,45,745000.0,154.0,1,Hispanic or Latino,Joint,35-44,95.0,Loan originated
1,665000.0,48,745000.0,178.0,1,Hispanic or Latino,Joint,35-44,90.0,Loan originated
1,475000.0,20%-<30%,525000.0,173.0,1,Asian,Joint,25-34,90.0,Loan originated
1,545000.0,36,565000.0,194.0,1,Asian,Female,35-44,97.0,Loan originated
1,475000.0,44,595000.0,269.0,1,White,Male,55-64,80.0,Loan originated
1,1125000.0,47,1405000.0,451.0,1,White,Female,35-44,80.0,Loan originated
1,975000.0,41,1235000.0,233.0,1,Asian,Female,25-34,79.187,Loan originated
1,605000.0,30%-<36%,875000.0,328.0,1,Asian,Joint,35-44,68.98,Loan originated
1,595000.0,43,745000.0,142.0,1,Asian,Female,<25,80.0,Loan originated
1,405000.0,44,585000.0,89.0,1,Asian,Male,25-34,69.996,Loan originated
1,765000.0,49,885000.0,262.0,1,Asian,Joint,25-34,87.0,Loan originated
1,705000.0,49,745000.0,160.0,1,Asian,Joint,35-44,95.0,Loan originated
1,745000.0,46,935000.0,194.0,1,White,Joint,35-44,80.0,Loan originated
1,645000.0,42,665000.0,140.0,1,Hispanic or Latino,Joint,35-44,97.0,Loan originated
1,365000.0,46,405000.0,86.0,1,Black or African American,Female,35-44,90.0,Application denied
1,335000.0,42,485000.0,207.0,1,White,Male,65-74,68.041,Loan originated
1,615000.0,40,1025000.0,193.0,1,Asian,Male,25-34,60.0,Loan originated
1,965000.0,<20%,1205000.0,0.0,1,White,Female,35-44,80.0,Application denied
1,405000.0,43,505000.0,189.0,1,Asian,Male,55-64,80.0,Loan originated
1,665000.0,50%-60%,715000.0,163.0,1,White,Female,35-44,92.998,Loan originated
1,505000.0,20%-<30%,725000.0,205.0,1,White,Female,35-44,70.0,Loan originated
1,905000.0,20%-<30%,1685000.0,428.0,1,Asian,Female,35-44,53.93,Loan originated
1,425000.0,39,455000.0,111.0,1,Hispanic or Latino,Joint,25-34,95.0,Loan originated
1,545000.0,38,645000.0,354.0,1,Asian,Joint,25-34,85.78,Loan originated
1,1055000.0,30%-<36%,1325000.0,317.0,1,Asian,Joint,25-34,80.0,Loan originated
1,395000.0,30%-<36%,415000.0,112.0,1,White,Male,25-34,95.0,Loan originated
1,335000.0,49,485000.0,81.0,1,White,Female,>74,68.75,Loan originated
1,605000.0,40,755000.0,248.0,1,White,Male,55-64,80.0,Loan originated
1,545000.0,46,615000.0,145.0,1,Hispanic or Latino,Male,35-44,89.99,Loan originated
1,595000.0,44,995000.0,161.0,1,White,Joint,35-44,60.0,Loan originated
1,585000.0,44,655000.0,136.0,1,Asian,Male,35-44,89.99,Loan originated
1,605000.0,50%-60%,645000.0,156.0,1,Black or African American,Female,45-54,95.0,Application denied
1,645000.0,42,865000.0,227.0,1,White,Joint,35-44,75.0,Loan originated
1,1105000.0,50%-60%,2655000.0,364.0,1,White,Joint,35-44,41.509,Loan originated
1,385000.0,38,405000.0,194.0,1,Hispanic or Latino,Male,35-44,95.0,Loan originated
1,485000.0,40,695000.0,140.0,1,White,Male,25-34,70.0,Loan originated
1,345000.0,30%-<36%,705000.0,125.0,1,White,Joint,35-44,48.571,Loan originated
1,655000.0,30%-<36%,755000.0,278.0,1,White,Joint,25-34,86.842,Loan originated
1,525000.0,45,665000.0,170.0,1,Asian,Female,25-34,79.999,Loan originated
1,465000.0,20%-<30%,715000.0,262.0,1,Asian,Male,45-54,65.0,Loan originated
1,865000.0,39,1705000.0,305.0,1,White,Male,35-44,90.0,Loan originated
1,1135000.0,42,1635000.0,273.0,1,Asian,Joint,45-54,69.4,Loan originated
1,485000.0,49,605000.0,138.0,1,Hispanic or Latino,Female,45-54,79.901,Loan originated
1,645000.0,30%-<36%,865000.0,213.0,1,Asian,Joint,25-34,75.0,Loan originated
1,925000.0,44,1165000.0,343.0,1,White,Male,25-34,80.0,Loan originated
1,175000.0,39,275000.0,64.0,1,Hispanic or Latino,Joint,>74,62.545,Loan originated
1,765000.0,48,825000.0,240.0,1,Hispanic or Latino,Joint,45-54,92.915,Loan originated
1,795000.0,30%-<36%,995000.0,237.0,1,White,Male,55-64,80.0,Loan originated
1,1055000.0,43,1245000.0,242.0,1,Asian,Male,35-44,85.0,Loan originated
1,895000.0,48,1045000.0,243.0,1,Asian,Male,25-34,85.0,Loan originated
1,415000.0,30%-<36%,1215000.0,191.0,1,Hispanic or Latino,Female,45-54,34.16,Loan originated
1,475000.0,48,795000.0,125.0,1,White,Female,45-54,59.647,Loan originated
1,825000.0,37,1625000.0,239.0,1,Asian,Male,45-54,50.62,Loan originated
1,575000.0,47,715000.0,133.0,1,Asian,Joint,45-54,79.72,Loan originated
1,105000.0,41,405000.0,43.0,1,White,Female,55-64,25.0,Loan originated
1,625000.0,38,785000.0,195.0,1,White,Joint,35-44,80.0,Loan originated
1,265000.0,49,275000.0,88.0,1,White,Female,25-34,97.0,Loan originated
1,605000.0,37,695000.0,181.0,1,White,Joint,55-64,87.0,Loan originated
1,445000.0,46,465000.0,100.0,1,White,Male,25-34,95.0,Loan originated
1,485000.0,39,515000.0,117.0,1,Hispanic or Latino,Male,35-44,95.0,Loan originated
1,495000.0,30%-<36%,615000.0,163.0,1,Asian,Male,35-44,80.0,Loan originated
1,715000.0,>60%,745000.0,177.0,1,White,Female,<25,97.0,Application denied
1,855000.0,41,1065000.0,320.0,1,Asian,Joint,35-44,80.0,Loan originated
1,635000.0,49,705000.0,132.0,1,Asian,Male,25-34,90.0,Loan originated
1,135000.0,20%-<30%,165000.0,144.0,1,White,Joint,>74,82.76,Loan originated
1,195000.0,38,205000.0,57.0,1,Hispanic or Latino,Female,<25,97.0,Loan originated
1,485000.0,46,515000.0,128.0,1,White,Female,55-64,95.0,Loan originated
1,415000.0,30%-<36%,505000.0,127.0,1,Hispanic or Latino,Joint,35-44,84.0,Loan originated
1,345000.0,41,385000.0,165.0,1,White,Joint,35-44,90.0,Loan originated
1,665000.0,49,725000.0,149.0,1,Hispanic or Latino,Joint,35-44,92.0,Loan originated
1,535000.0,46,595000.0,143.0,1,White,Joint,35-44,90.0,Loan originated
1,605000.0,47,1045000.0,149.0,1,Asian,Joint,25-34,57.692,Loan originated
1,425000.0,46,445000.0,113.0,1,Hispanic or Latino,Joint,25-34,100.0,Loan originated
1,525000.0,39,555000.0,180.0,1,Hispanic or Latino,Male,25-34,95.0,Loan originated
1,365000.0,30%-<36%,665000.0,104.0,1,White,Joint,>74,55.14,Loan originated
1,305000.0,>60%,385000.0,50.0,1,Asian,Joint,45-54,80.0,Application denied
1,665000.0,40,785000.0,172.0,1,Hispanic or Latino,Joint,35-44,84.615,Loan originated
1,555000.0,46,1115000.0,195.0,1,Asian,Male,25-34,50.0,Loan originated
1,705000.0,49,875000.0,228.0,1,Asian,Male,45-54,80.0,Loan originated
1,915000.0,47,1455000.0,190.0,1,White,Female,35-44,62.75,Loan originated
1,535000.0,30%-<36%,595000.0,200.0,1,White,Joint,25-34,90.0,Loan originated
1,475000.0,38,595000.0,143.0,1,Asian,Female,45-54,80.0,Loan originated
1,625000.0,40,785000.0,221.0,1,White,Female,35-44,80.0,Loan originated
1,1005000.0,37,1395000.0,288.0,1,Asian,Male,25-34,71.48,Loan originated
1,195000.0,20%-<30%,255000.0,138.0,1,Hispanic or Latino,Joint,25-34,75.0,Loan originated
1,835000.0,49,985000.0,160.0,1,Asian,Joint,25-34,85.0,Loan originated
1,705000.0,43,765000.0,208.0,1,White,Male,25-34,93.0,Loan originated
1,605000.0,30%-<36%,885000.0,173.0,1,Asian,Male,35-44,67.8,Loan originated
1,1115000.0,37,1385000.0,330.0,1,Asian,Joint,35-44,80.0,Loan originated
1,605000.0,30%-<36%,765000.0,186.0,1,Asian,Joint,25-34,80.0,Loan originated
1,345000.0,49,515000.0,80.0,1,White,Female,65-74,66.019,Loan originated
1,215000.0,38,265000.0,67.0,1,Hispanic or Latino,Male,25-34,80.0,Loan originated
1,965000.0,38,1555000.0,300.0,1,Asian,Joint,35-44,61.936,Loan originated
1,685000.0,47,855000.0,192.0,1,Asian,Male,35-44,80.0,Loan originated
1,435000.0,30%-<36%,455000.0,136.0,1,White,Female,55-64,100.0,Loan originated
1,315000.0,20%-<30%,765000.0,154.0,1,White,Male,65-74,41.406,Loan originated
1,375000.0,47,385000.0,86.0,1,Black or African American,Male,25-34,97.0,Loan originated
1,625000.0,43,875000.0,152.0,1,White,Joint,35-44,71.886,Loan originated
1,325000.0,45,435000.0,79.0,1,Asian,Female,35-44,75.0,Loan originated
1,715000.0,30%-<36%,955000.0,230.0,1,Asian,Joint,25-34,75.0,Loan originated
1,265000.0,37,775000.0,98.0,1,White,Male,25-34,34.241,Loan originated
1,595000.0,38,625000.0,214.0,1,Asian,Joint,<25,95.0,Loan originated
1,575000.0,37,605000.0,227.0,1,White,Joint,45-54,95.0,Loan originated
1,485000.0,50%-60%,515000.0,112.0,1,Hispanic or Latino,Female,35-44,95.0,Application denied
1,715000.0,46,845000.0,156.0,1,Asian,Joint,25-34,85.0,Loan originated
1,355000.0,20%-<30%,445000.0,216.0,1,Other,Female,<25,80.0,Loan originated
1,685000.0,49,855000.0,227.0,1,White,Joint,55-64,80.0,Loan originated
1,755000.0,47,1475000.0,174.0,1,Asian,Male,35-44,51.02,Loan originated
1,1985000.0,48,2205000.0,460.0,1,Black or African American,Joint,45-54,90.0,Application denied
1,405000.0,20%-<30%,475000.0,177.0,1,Hispanic or Latino,Male,25-34,85.0,Loan originated
1,485000.0,49,645000.0,100.0,1,Asian,Male,35-44,75.0,Loan originated
1,825000.0,50%-60%,1715000.0,179.0,1,White,Male,35-44,48.246,Application denied
1,765000.0,20%-<30%,1555000.0,319.0,1,Asian,Male,45-54,50.0,Loan originated
1,455000.0,30%-<36%,565000.0,138.0,1,Asian,Female,45-54,79.991,Loan originated
1,205000.0,41,655000.0,60.0,1,Hispanic or Latino,Male,35-44,31.0,Loan originated
1,445000.0,30%-<36%,505000.0,146.0,1,White,Male,25-34,88.0,Loan originated
1,655000.0,43,945000.0,264.0,1,White,Joint,35-44,68.71,Loan originated
1,445000.0,49,555000.0,86.0,1,Asian,Joint,35-44,80.0,Loan originated
1,605000.0,47,755000.0,128.0,1,Asian,Male,45-54,79.995,Loan originated
1,465000.0,44,615000.0,106.0,1,White,Female,35-44,75.0,Loan originated
1,335000.0,20%-<30%,355000.0,144.0,1,Asian,Joint,45-54,95.0,Loan originated
1,595000.0,44,615000.0,138.0,1,Hispanic or Latino,Male,35-44,97.0,Loan originated
1,605000.0,47,1015000.0,144.0,1,White,Female,25-34,60.0,Loan originated
1,345000.0,48,435000.0,72.0,1,Asian,Female,25-34,80.0,Loan originated
1,435000.0,30%-<36%,485000.0,170.0,1,White,Male,25-34,90.0,Loan originated
1,765000.0,30%-<36%,855000.0,254.0,1,White,Joint,45-54,90.0,Loan originated
1,505000.0,44,805000.0,232.0,1,Asian,Male,>74,63.0,Loan originated
1,495000.0,30%-<36%,135000.0,181.0,1,White,Joint,25-34,95.0,Loan originated
1,415000.0,41,765000.0,153.0,1,Hispanic or Latino,Female,45-54,54.11,Loan originated
1,1005000.0,>60%,1205000.0,57.0,1,White,Female,35-44,83.833,Application denied
1,305000.0,37,825000.0,181.0,1,Hispanic or Latino,Male,35-44,36.32,Loan originated
1,195000.0,20%-<30%,355000.0,112.0,1,Hispanic or Latino,Joint,25-34,56.72,Loan originated
1,205000.0,49,555000.0,55.0,1,White,Female,35-44,36.479,Application denied
1,445000.0,48,635000.0,193.0,1,White,Joint,35-44,90.0,Loan originated
1,525000.0,43,655000.0,119.0,1,Hispanic or Latino,Female,25-34,80.0,Loan originated
1,525000.0,42,955000.0,325.0,1,White,Joint,55-64,55.263,Loan originated
1,225000.0,40,235000.0,60.0,1,Hispanic or Latino,Joint,35-44,100.319,Loan originated
1,125000.0,46,375000.0,44.0,1,White,Male,25-34,32.432,Loan originated
1,655000.0,20%-<30%,935000.0,308.0,1,Asian,Male,45-54,89.99,Loan originated
1,605000.0,49,775000.0,130.0,1,Asian,Male,35-44,77.47,Loan originated
1,515000.0,42,595000.0,132.0,1,White,Joint,65-74,86.017,Loan originated
1,375000.0,>60%,475000.0,74.0,1,Asian,Joint,25-34,80.0,Application denied
1,415000.0,46,515000.0,203.0,1,White,Male,55-64,80.0,Loan originated
1,225000.0,48,575000.0,62.0,1,White,Joint,65-74,39.131,Loan originated
1,505000.0,<20%,1145000.0,390.0,1,Hispanic or Latino,Female,45-54,43.52,Loan originated
1,185000.0,44,455000.0,52.0,1,White,Joint,65-74,40.0,Loan originated
1,335000.0,<20%,485000.0,319.0,1,White,Male,25-34,70.0,Loan originated
1,705000.0,45,885000.0,430.0,1,White,Male,45-54,80.0,Loan originated
1,415000.0,44,515000.0,131.0,1,Hispanic or Latino,Female,25-34,80.0,Application denied
1,765000.0,47,955000.0,181.0,1,Hispanic or Latino,Male,25-34,80.0,Loan originated
1,585000.0,49,735000.0,222.0,1,White,Female,45-54,80.0,Loan originated
1,775000.0,42,915000.0,219.0,1,Asian,Joint,25-34,84.615,Loan originated
1,1145000.0,46,1455000.0,280.0,1,Hispanic or Latino,Joint,35-44,78.855,Loan originated
1,695000.0,20%-<30%,865000.0,245.0,1,White,Female,35-44,80.0,Loan originated
1,555000.0,45,575000.0,181.0,1,White,Joint,25-34,97.0,Loan originated
1,275000.0,41,305000.0,121.0,1,White,Female,45-54,90.0,Loan originated
1,505000.0,47,565000.0,97.0,1,Hispanic or Latino,Joint,25-34,90.0,Loan originated
1,665000.0,46,785000.0,169.0,1,White,Male,35-44,85.0,Loan originated
1,355000.0,47,395000.0,114.0,1,Hispanic or Latino,Male,25-34,90.0,Loan originated
1,345000.0,41,425000.0,91.0,1,Hispanic or Latino,Female,25-34,80.0,Loan originated
1,485000.0,38,515000.0,128.0,1,Hispanic or Latino,Male,45-54,95.0,Loan originated
1,555000.0,43,575000.0,205.0,1,Hispanic or Latino,Joint,25-34,94.997,Loan originated
1,935000.0,42,1165000.0,279.0,1,White,Joint,45-54,80.0,Loan originated
1,395000.0,30%-<36%,465000.0,126.0,1,White,Male,35-44,85.0,Loan originated
1,945000.0,30%-<36%,1785000.0,270.0,1,Asian,Joint,25-34,52.8,Loan originated
1,545000.0,49,695000.0,116.0,1,Asian,Male,35-44,78.0,Loan originated
1,315000.0,45,395000.0,107.0,1,White,Male,45-54,80.0,Loan originated
1,685000.0,49,725000.0,313.0,1,Hispanic or Latino,Joint,65-74,95.0,Loan originated
1,475000.0,41,685000.0,181.0,1,Asian,Male,35-44,70.0,Loan originated
1,235000.0,30%-<36%,775000.0,116.0,1,White,Joint,55-64,30.68,Loan originated
1,555000.0,40,585000.0,153.0,1,White,Female,55-64,95.0,Loan originated
1,355000.0,30%-<36%,1335000.0,137.0,1,Asian,Male,25-34,26.85,Loan originated
1,785000.0,40,1195000.0,310.0,1,Asian,Male,35-44,65.64,Loan originated
1,505000.0,48,1165000.0,150.0,1,White,Joint,55-64,42.865,Loan originated
1,555000.0,<20%,1655000.0,1002.0,1,Hispanic or Latino,Joint,65-74,33.333,Loan originated
1,725000.0,30%-<36%,905000.0,263.0,1,White,Joint,25-34,80.0,Loan originated
1,325000.0,20%-<30%,345000.0,134.0,1,White,Male,45-54,95.0,Loan originated
1,335000.0,37,425000.0,153.0,1,White,Joint,25-34,80.0,Loan originated
1,225000.0,42,235000.0,71.0,1,Hispanic or Latino,Female,45-54,97.0,Loan originated
1,295000.0,37,365000.0,102.0,1,Hispanic or Latino,Joint,45-54,80.0,Loan originated
1,765000.0,39,1055000.0,188.0,1,Asian,Joint,35-44,73.0,Loan originated
1,385000.0,20%-<30%,405000.0,185.0,1,Hispanic or Latino,Male,55-64,99.999,Application denied
1,825000.0,46,1105000.0,239.0,1,White,Female,35-44,75.0,Loan originated
1,375000.0,46,975000.0,120.0,1,Asian,Joint,35-44,38.14,Loan originated
1,215000.0,30%-<36%,435000.0,90.0,1,White,Joint,55-64,48.276,Loan originated
1,505000.0,41,805000.0,140.0,1,White,Joint,25-34,62.733,Loan originated
1,475000.0,<20%,595000.0,474.0,1,White,Male,45-54,80.0,Loan originated
1,505000.0,49,1125000.0,112.0,1,Asian,Female,25-34,44.444,Loan originated
1,255000.0,41,455000.0,95.0,1,Hispanic or Latino,Female,45-54,55.556,Loan originated
1,855000.0,30%-<36%,1305000.0,276.0,1,Asian,Female,55-64,66.0,Loan originated
1,895000.0,20%-<30%,945000.0,437.0,1,White,Joint,35-44,95.0,Loan originated
1,385000.0,50%-60%,395000.0,83.0,1,Asian,Male,35-44,95.238,Application denied
1,405000.0,43,955000.0,199.0,1,Asian,Male,45-54,42.149,Loan originated
1,905000.0,41,1205000.0,210.0,1,Hispanic or Latino,Male,45-54,75.0,Loan originated
1,795000.0,43,1105000.0,266.0,1,White,Joint,35-44,73.0,Loan originated
1,1105000.0,44,1505000.0,271.0,1,Asian,Male,35-44,73.333,Loan originated
1,1015000.0,37,1265000.0,284.0,1,White,Joint,25-34,80.0,Loan originated
1,1115000.0,47,1175000.0,362.0,1,Hispanic or Latino,Male,35-44,95.0,Loan originated
1,715000.0,30%-<36%,895000.0,260.0,1,Asian,Joint,35-44,80.0,Loan originated
1,335000.0,38,715000.0,101.0,1,Asian,Joint,45-54,50.0,Loan originated
1,765000.0,30%-<36%,965000.0,307.0,1,White,Joint,25-34,80.0,Loan originated
1,455000.0,30%-<36%,705000.0,208.0,1,White,Joint,25-34,65.0,Loan originated
1,1105000.0,47,1385000.0,456.0,1,Hispanic or Latino,Joint,35-44,79.71,Loan originated
1,735000.0,20%-<30%,1485000.0,513.0,1,Asian,Joint,35-44,49.324,Loan originated
1,735000.0,48,985000.0,219.0,1,White,Joint,25-34,69.4332,Loan originated
1,55000.0,43,55000.0,44.0,1,White,Female,65-74,95.0,Loan originated
1,425000.0,46,455000.0,139.0,1,White,Joint,35-44,95.0,Loan originated
1,375000.0,36,385000.0,114.0,1,White,Female,35-44,97.0,Loan originated
1,565000.0,>60%,705000.0,89.0,1,White,Female,55-64,80.0,Application denied
1,735000.0,41,815000.0,268.0,1,White,Male,55-64,90.0,Application denied
1,995000.0,38,1245000.0,420.0,1,Asian,Joint,25-34,80.0,Loan originated
1,345000.0,49,455000.0,76.0,1,Hispanic or Latino,Female,35-44,103.736,Loan originated
1,705000.0,45,885000.0,163.0,1,White,Male,25-34,80.0,Loan originated
1,1005000.0,20%-<30%,1905000.0,1056.0,1,White,Male,25-34,52.632,Loan originated
1,395000.0,42,415000.0,143.0,1,White,Female,35-44,97.0,Loan originated
1,745000.0,41,925000.0,208.0,1,Hispanic or Latino,Female,45-54,80.0,Loan originated
1,765000.0,>60%,1055000.0,196.0,1,White,Joint,55-64,72.909,Application denied
1,385000.0,20%-<30%,515000.0,198.0,1,Asian,Female,35-44,75.0,Loan originated
1,375000.0,20%-<30%,475000.0,163.0,1,White,Female,25-34,80.0,Loan originated
1,305000.0,49,655000.0,67.0,1,White,Male,45-54,48.0,Loan originated
1,995000.0,20%-<30%,1245000.0,450.0,1,White,Male,25-34,80.0,Loan originated
1,615000.0,30%-<36%,725000.0,257.0,1,Hispanic or Latino,Joint,35-44,85.0,Loan originated
1,575000.0,50%-60%,605000.0,113.0,1,Hispanic or Latino,Male,35-44,95.0,Loan originated
1,365000.0,42,455000.0,88.0,1,Hispanic or Latino,Joint,35-44,98.0,Loan originated
1,475000.0,49,525000.0,103.0,1,White,Male,25-34,90.0,Loan originated
1,505000.0,45,535000.0,126.0,1,Hispanic or Latino,Male,25-34,95.0,Loan originated
1,455000.0,44,705000.0,156.0,1,White,Joint,65-74,65.0,Application denied
1,865000.0,46,975000.0,210.0,1,Asian,Female,35-44,88.921,Loan originated
1,545000.0,49,725000.0,127.0,1,White,Male,35-44,75.0,Loan originated
1,765000.0,41,885000.0,202.0,1,Hispanic or Latino,Male,25-34,87.05,Loan originated
1,305000.0,42,385000.0,71.0,1,White,Female,25-34,79.408,Loan originated
1,255000.0,48,655000.0,182.0,1,White,Joint,35-44,38.168,Loan originated
1,1045000.0,>60%,1745000.0,192.0,1,White,Joint,>74,59.77,Application denied
1,655000.0,44,815000.0,143.0,1,Asian,Female,25-34,80.0,Loan originated
1,765000.0,45,955000.0,192.0,1,Asian,Male,35-44,80.0,Loan originated
1,445000.0,39,475000.0,148.0,1,Asian,Male,35-44,95.0,Loan originated
1,565000.0,46,715000.0,160.0,1,White,Male,25-34,80.0,Loan originated
1,1015000.0,49,1065000.0,254.0,1,Hispanic or Latino,Joint,35-44,95.0,Loan originated
1,525000.0,43,555000.0,216.0,1,Hispanic or Latino,Male,55-64,95.0,Loan originated
1,355000.0,30%-<36%,435000.0,138.0,1,White,Joint,35-44,83.49,Loan originated
1,415000.0,47,575000.0,185.0,1,White,Joint,45-54,73.225,Loan originated
1,795000.0,43,885000.0,230.0,1,White,Female,35-44,90.0,Loan originated
1,585000.0,46,655000.0,141.0,1,Hispanic or Latino,Male,25-34,90.0,Loan originated
1,685000.0,30%-<36%,855000.0,372.0,1,White,Joint,55-64,80.0,Loan originated
1,765000.0,40,955000.0,314.0,1,Asian,Male,25-34,80.0,Loan originated
1,545000.0,41,565000.0,170.0,1,Asian,Female,25-34,96.491,Loan originated
1,535000.0,41,565000.0,132.0,1,White,Female,35-44,95.0,Loan originated
1,1145000.0,49,1975000.0,235.0,1,Asian,Joint,25-34,57.919,Loan originated
1,875000.0,48,1095000.0,235.0,1,White,Female,25-34,80.0,Loan originated
1,705000.0,48,735000.0,177.0,1,White,Joint,35-44,95.0,Loan originated
1,605000.0,45,885000.0,230.0,1,Asian,Joint,25-34,68.182,Loan originated
1,465000.0,40,575000.0,113.0,1,White,Joint,25-34,80.0,Loan originated
1,395000.0,30%-<36%,455000.0,156.0,1,Hispanic or Latino,Female,35-44,85.0,Loan originated
1,445000.0,30%-<36%,875000.0,136.0,1,Asian,Female,45-54,50.36,Loan originated
1,445000.0,44,565000.0,108.0,1,Hispanic or Latino,Male,35-44,78.483,Loan originated
1,725000.0,39,805000.0,183.0,1,White,Male,25-34,90.0,Loan originated
1,635000.0,30%-<36%,1185000.0,212.0,1,Asian,Male,25-34,56.09,Loan originated
1,245000.0,47,285000.0,58.0,1,White,Male,25-34,85.0,Loan originated
1,605000.0,48,2505000.0,250.0,1,White,Joint,>74,24.0,Loan originated
1,705000.0,>60%,725000.0,114.0,1,Hispanic or Latino,Male,45-54,97.0,Application denied
1,725000.0,48,765000.0,165.0,1,Hispanic or Latino,Joint,45-54,95.0,Loan originated
1,555000.0,30%-<36%,695000.0,177.0,1,Asian,Joint,35-44,80.0,Loan originated
1,795000.0,42,995000.0,203.0,1,Asian,Female,35-44,80.0,Loan originated
1,355000.0,20%-<30%,445000.0,135.0,1,White,Female,35-44,80.0,Loan originated
1,415000.0,44,615000.0,143.0,1,Asian,Male,35-44,67.602,Loan originated
1,305000.0,20%-<30%,1265000.0,170.0,1,White,Joint,65-74,23.715,Loan originated
1,515000.0,43,555000.0,143.0,1,Asian,Joint,25-34,92.58,Loan originated
1,615000.0,42,825000.0,156.0,1,White,Female,>74,75.0,Loan originated
1,765000.0,20%-<30%,915000.0,275.0,1,White,Male,25-34,84.236,Loan originated
1,765000.0,49,955000.0,197.0,1,Asian,Female,45-54,80.0,Loan originated
1,405000.0,30%-<36%,545000.0,148.0,1,Hispanic or Latino,Male,25-34,75.0,Application denied
1,455000.0,39,515000.0,155.0,1,Asian,Female,25-34,87.675,Loan originated
1,725000.0,50%-60%,905000.0,225.0,1,Asian,Joint,25-34,80.0,Application denied
1,265000.0,20%-<30%,355000.0,118.0,1,White,Male,45-54,74.93,Loan originated
1,635000.0,49,705000.0,182.0,1,Hispanic or Latino,Joint,45-54,91.29,Loan originated
1,545000.0,30%-<36%,685000.0,198.0,1,Hispanic or Latino,Joint,25-34,80.0,Loan originated
1,395000.0,46,525000.0,88.0,1,Asian,Male,35-44,95.0,Loan originated
1,465000.0,40,585000.0,104.0,1,Asian,Female,25-34,80.0,Loan originated
1,625000.0,44,865000.0,148.0,1,Asian,Female,25-34,72.093,Loan originated
1,635000.0,45,825000.0,173.0,1,White,Male,55-64,76.829,Loan originated
1,525000.0,41,625000.0,174.0,1,Hispanic or Latino,Joint,25-34,83.871,Loan originated
1,685000.0,20%-<30%,805000.0,310.0,1,White,Joint,25-34,85.0,Loan originated
1,195000.0,43,245000.0,56.0,1,Hispanic or Latino,Female,35-44,80.0,Loan originated
1,735000.0,49,925000.0,175.0,1,White,Male,25-34,80.0,Loan originated
1,355000.0,44,945000.0,110.0,1,White,Joint,25-34,38.042,Loan originated
1,625000.0,47,855000.0,128.0,1,White,Male,45-54,73.0,Loan originated
1,835000.0,30%-<36%,925000.0,397.0,1,Hispanic or Latino,Joint,35-44,90.0,Loan originated
1,405000.0,48,755000.0,126.0,1,White,Female,65-74,53.333,Loan originated
1,175000.0,36,215000.0,65.0,1,Hispanic or Latino,Male,45-54,80.0,Loan originated
1,865000.0,47,975000.0,213.0,1,Asian,Female,35-44,89.0,Loan originated
1,1145000.0,48,1215000.0,336.0,1,Hispanic or Latino,Male,35-44,95.0,Loan originated
1,245000.0,49,265000.0,63.0,1,Hispanic or Latino,Female,<25,95.0,Loan originated
1,215000.0,40,235000.0,59.0,1,Hispanic or Latino,Female,55-64,91.304,Loan originated
1,525000.0,37,555000.0,176.0,1,White,Joint,55-64,95.0,Loan originated
1,805000.0,38,1405000.0,290.0,1,Asian,Female,35-44,57.143,Loan originated
1,885000.0,48,935000.0,203.0,1,Hispanic or Latino,Joint,55-64,95.0,Loan originated
1,645000.0,45,685000.0,149.0,1,White,Male,35-44,95.0,Loan originated
1,465000.0,30%-<36%,615000.0,225.0,1,White,Joint,55-64,75.41,Loan originated
1,385000.0,49,475000.0,71.0,1,Asian,Joint,45-54,80.0,Loan originated
1,305000.0,30%-<36%,525000.0,192.0,1,White,Joint,25-34,58.269,Loan originated
1,715000.0,>60%,735000.0,135.0,1,Black or African American,Male,45-54,97.0,Application denied
1,465000.0,30%-<36%,765000.0,176.0,1,White,Male,25-34,61.0,Loan originated
1,555000.0,30%-<36%,695000.0,318.0,1,Black or African American,Joint,55-64,80.0,Loan originated
1,645000.0,49,805000.0,130.0,1,Hispanic or Latino,Joint,35-44,80.0,Loan originated
1,465000.0,46,505000.0,106.0,1,Asian,Male,25-34,92.07,Loan originated
1,735000.0,49,915000.0,267.0,1,White,Male,25-34,80.0,Loan originated
1,1005000.0,37,1725000.0,305.0,1,White,Joint,>74,57.971,Loan originated
1,745000.0,30%-<36%,875000.0,271.0,1,White,Female,25-34,85.0,Loan originated
1,115000.0,48,265000.0,80.0,1,Hispanic or Latino,Male,35-44,42.0,Loan originated
1,495000.0,44,515000.0,113.0,1,Hispanic or Latino,Male,45-54,95.0,Loan originated
1,515000.0,38,545000.0,198.0,1,Black or African American,Female,45-54,95.0,Loan originated
1,625000.0,47,775000.0,150.0,1,White,Female,55-64,80.0,Loan originated
1,925000.0,30%-<36%,1595000.0,319.0,1,Asian,Joint,35-44,57.862,Loan originated
1,455000.0,30%-<36%,1855000.0,230.0,1,White,Joint,>74,24.22,Loan originated
1,655000.0,49,805000.0,121.0,1,White,Male,25-34,82.0,Loan originated
1,395000.0,38,495000.0,105.0,1,Asian,Joint,35-44,80.0,Loan originated
1,795000.0,39,1605000.0,217.0,1,White,Male,35-44,90.0,Loan originated
1,345000.0,47,585000.0,83.0,1,White,Male,65-74,59.253,Loan originated
1,865000.0,20%-<30%,1155000.0,1275.0,1,Asian,Male,35-44,75.0,Loan originated
1,155000.0,<20%,325000.0,160.0,1,White,Male,35-44,47.433,Loan originated
1,185000.0,41,385000.0,59.0,1,White,Female,>74,48.586,Loan originated
1,615000.0,30%-<36%,675000.0,186.0,1,Hispanic or Latino,Male,25-34,89.99,Loan originated
1,565000.0,46,765000.0,196.0,1,Hispanic or Latino,Joint,55-64,73.684,Loan originated
1,505000.0,30%-<36%,535000.0,198.0,1,Hispanic or Latino,Male,25-34,95.0,Loan originated
1,355000.0,41,885000.0,114.0,1,Asian,Female,45-54,40.0,Loan originated
1,405000.0,42,425000.0,120.0,1,White,Joint,25-34,94.118,Loan originated
1,365000.0,30%-<36%,455000.0,108.0,1,White,Male,25-34,80.0,Loan originated
1,745000.0,39,825000.0,202.0,1,White,Joint,45-54,90.0,Loan originated
1,1125000.0,43,1505000.0,400.0,1,Asian,Female,45-54,88.157,Loan originated
1,665000.0,48,895000.0,146.0,1,Asian,Male,25-34,74.72,Loan originated
1,345000.0,>60%,405000.0,44.0,1,Hispanic or Latino,Female,55-64,85.926,Loan originated
1,215000.0,48,405000.0,49.0,1,White,Female,65-74,53.75,Loan originated
1,715000.0,46,745000.0,263.0,1,Asian,Joint,45-54,95.0,Loan originated
1,1025000.0,46,1085000.0,235.0,1,White,Female,35-44,95.0,Loan originated
1,305000.0,20%-<30%,385000.0,179.0,1,Hispanic or Latino,Male,35-44,80.0,Loan originated
1,675000.0,49,755000.0,176.0,1,Asian,Male,25-34,90.0,Loan originated
1,415000.0,49,565000.0,165.0,1,Asian,Male,55-64,73.451,Loan originated
1,495000.0,30%-<36%,495000.0,169.0,1,White,Male,55-64,100.0,Loan originated
1,735000.0,20%-<30%,1225000.0,403.0,1,Asian,Male,45-54,60.0,Loan originated
1,745000.0,43,1065000.0,170.0,1,Asian,Joint,45-54,70.566,Loan originated
1,525000.0,50%-60%,555000.0,181.0,1,White,Joint,25-34,95.0,Loan originated
1,445000.0,36,485000.0,128.0,1,Asian,Male,35-44,92.062,Loan originated
1,515000.0,37,555000.0,157.0,1,Hispanic or Latino,Male,35-44,92.727,Loan originated
1,725000.0,43,755000.0,171.0,1,Asian,Male,35-44,97.0,Loan originated
1,365000.0,41,565000.0,119.0,1,Asian,Joint,45-54,80.0,Loan originated
1,525000.0,30%-<36%,655000.0,189.0,1,Asian,Male,35-44,79.966,Loan originated
1,545000.0,41,575000.0,194.0,1,White,Joint,45-54,95.0,Loan originated
1,145000.0,39,155000.0,72.0,1,White,Female,55-64,91.09,Loan originated
1,355000.0,47,835000.0,98.0,1,Hispanic or Latino,Female,35-44,42.169,Loan originated
1,445000.0,47,555000.0,92.0,1,Hispanic or Latino,Male,55-64,80.0,Loan originated
1,565000.0,48,705000.0,118.0,1,Hispanic or Latino,Joint,55-64,80.0,Loan originated
1,585000.0,41,625000.0,176.0,1,White,Female,55-64,95.0,Loan originated
1,115000.0,49,265000.0,48.0,1,Hispanic or Latino,Female,45-54,44.528,Loan originated
1,485000.0,<20%,615000.0,0.0,1,Hispanic or Latino,Female,25-34,80.0,Application denied
1,285000.0,37,535000.0,93.0,1,Asian,Male,35-44,54.0,Loan originated
1,515000.0,42,545000.0,160.0,1,White,Male,45-54,95.0,Loan originated
1,455000.0,41,565000.0,236.0,1,Asian,Male,45-54,80.0,Loan originated
1,1055000.0,30%-<36%,1515000.0,274.0,1,Asian,Male,25-34,70.0,Loan originated
1,305000.0,<20%,505000.0,220.0,1,White,Female,45-54,60.0,Loan originated
1,655000.0,40,825000.0,186.0,1,Asian,Male,25-34,80.0,Loan originated
1,775000.0,30%-<36%,1065000.0,301.0,1,Hispanic or Latino,Joint,65-74,72.642,Loan originated
1,785000.0,49,985000.0,210.0,1,Hispanic or Latino,Female,25-34,80.0,Loan originated
1,435000.0,<20%,545000.0,327.0,1,Hispanic or Latino,Female,35-44,80.0,Application denied
1,135000.0,<20%,445000.0,215.0,1,Hispanic or Latino,Joint,55-64,30.958,Loan originated
1,55000.0,41,95000.0,39.0,1,White,Female,45-54,55.1,Loan originated
1,685000.0,43,865000.0,170.0,1,White,Male,35-44,80.0,Loan originated
1,705000.0,30%-<36%,875000.0,248.0,1,White,Joint,65-74,80.0,Loan originated
1,1105000.0,44,2505000.0,402.0,1,Asian,Joint,25-34,43.912,Loan originated
1,315000.0,39,385000.0,76.0,1,Hispanic or Latino,Female,35-44,82.789,Loan originated
1,725000.0,46,745000.0,144.0,1,Hispanic or Latino,Joint,25-34,97.0,Loan originated
1,695000.0,48,775000.0,174.0,1,Asian,Joint,25-34,89.9,Loan originated
1,745000.0,43,825000.0,181.0,1,Asian,Male,35-44,90.0,Loan originated
1,585000.0,43,925000.0,283.0,1,White,Joint,55-64,63.292,Loan originated
1,585000.0,46,735000.0,169.0,1,Hispanic or Latino,Joint,25-34,80.0,Loan originated
1,845000.0,46,1205000.0,229.0,1,Asian,Male,35-44,70.0,Loan originated
1,905000.0,46,975000.0,250.0,1,Black or African American,Joint,25-34,92.5,Loan originated
1,505000.0,<20%,1175000.0,600.0,1,White,Male,35-44,42.553,Loan originated
1,565000.0,46,595000.0,116.0,1,Hispanic or Latino,Male,35-44,95.0,Application denied
1,475000.0,49,555000.0,128.0,1,Hispanic or Latino,Joint,25-34,86.364,Loan originated
1,375000.0,49,425000.0,71.0,1,Asian,Male,35-44,88.138,Loan originated
1,355000.0,42,375000.0,71.0,1,Hispanic or Latino,Female,55-64,95.0,Loan originated
1,705000.0,48,1305000.0,188.0,1,White,Joint,>74,54.23,Application denied
1,495000.0,50%-60%,515000.0,189.0,1,Black or African American,Female,25-34,94.99,Application denied
1,825000.0,49,1025000.0,178.0,1,Asian,Male,35-44,80.0,Loan originated
1,475000.0,42,595000.0,134.0,1,Other,Male,<25,80.0,Loan originated
1,505000.0,40,635000.0,313.0,1,Hispanic or Latino,Joint,55-64,80.0,Loan originated
1,1055000.0,45,1625000.0,903.0,1,White,Joint,45-54,65.0,Loan originated
1,635000.0,49,715000.0,137.0,1,Asian,Male,35-44,89.99,Loan originated
1,545000.0,20%-<30%,625000.0,205.0,1,White,Joint,25-34,86.4,Loan originated
1,1145000.0,40,1345000.0,288.0,1,Asian,Joint,25-34,86.0,Loan originated
1,725000.0,49,1035000.0,302.0,1,Asian,Joint,35-44,84.942,Loan originated
1,1145000.0,20%-<30%,1205000.0,700.0,1,Asian,Male,35-44,95.0,Loan originated
1,415000.0,39,585000.0,110.0,1,White,Joint,35-44,69.898,Loan originated
1,255000.0,20%-<30%,345000.0,140.0,1,Asian,Female,35-44,75.0,Loan originated
1,615000.0,30%-<36%,635000.0,192.0,1,Asian,Joint,25-34,97.0,Loan originated
1,415000.0,50%-60%,485000.0,115.0,1,Hispanic or Latino,Joint,35-44,85.0,Loan originated
1,745000.0,39,935000.0,188.0,1,Asian,Male,45-54,80.0,Loan originated
1,765000.0,44,1695000.0,210.0,1,White,Joint,>74,45.118,Loan originated
1,175000.0,30%-<36%,425000.0,85.0,1,White,Female,55-64,40.4762,Loan originated
1,395000.0,44,565000.0,93.0,1,Asian,Male,35-44,70.0,Loan originated
1,305000.0,30%-<36%,345000.0,112.0,1,Hispanic or Latino,Joint,25-34,90.0,Loan originated
1,595000.0,30%-<36%,745000.0,180.0,1,White,Male,35-44,80.0,Loan originated
1,625000.0,49,695000.0,105.0,1,Asian,Male,35-44,90.0,Loan originated
1,375000.0,46,765000.0,76.0,1,White,Female,55-64,49.342,Loan originated
1,305000.0,44,315000.0,119.0,1,White,Male,65-74,95.0,Loan originated
1,525000.0,50%-60%,655000.0,153.0,1,Black or African American,Female,55-64,80.0,Loan originated
1,825000.0,41,1705000.0,230.0,1,White,Joint,45-54,48.647,Loan originated
1,455000.0,38,465000.0,145.0,1,Hispanic or Latino,Joint,35-44,97.0,Loan originated
1,225000.0,20%-<30%,235000.0,107.0,1,White,Female,>74,95.0,Loan originated
1,125000.0,20%-<30%,225000.0,59.0,1,White,Female,35-44,56.0,Loan originated
1,605000.0,39,755000.0,468.0,1,White,Female,55-64,80.0,Loan originated
1,695000.0,48,875000.0,241.0,1,White,Joint,25-34,80.0,Loan originated
1,535000.0,49,675000.0,109.0,1,Asian,Joint,35-44,80.0,Loan originated
1,925000.0,30%-<36%,975000.0,279.0,1,White,Joint,25-34,95.0,Loan originated
1,465000.0,36,715000.0,236.0,1,Hispanic or Latino,Male,35-44,64.789,Loan originated
1,425000.0,>60%,625000.0,60.0,1,Asian,Joint,35-44,67.845,Application denied
1,425000.0,44,1255000.0,150.0,1,White,Female,55-64,33.87,Loan originated
1,295000.0,38,345000.0,93.0,1,Other,Female,35-44,87.647,Loan originated
1,305000.0,30%-<36%,375000.0,182.0,1,Hispanic or Latino,Joint,35-44,80.0,Loan originated
1,685000.0,44,905000.0,137.0,1,Asian,Male,55-64,75.14,Loan originated
1,215000.0,30%-<36%,225000.0,139.0,1,Hispanic or Latino,Joint,25-34,95.0,Application denied
1,455000.0,30%-<36%,515000.0,160.0,1,Asian,Male,45-54,89.0,Loan originated
1,355000.0,20%-<30%,685000.0,122.0,1,Black or African American,Female,35-44,52.206,Loan originated
1,875000.0,30%-<36%,985000.0,400.0,1,White,Joint,25-34,89.081,Loan originated
1,595000.0,41,955000.0,249.0,1,Asian,Joint,45-54,62.105,Loan originated
1,765000.0,42,1255000.0,368.0,1,White,Male,45-54,90.0,Loan originated
1,1135000.0,47,1425000.0,255.0,1,Asian,Female,35-44,80.0,Loan originated
1,815000.0,49,1085000.0,179.0,1,Asian,Female,25-34,75.0,Loan originated
1,605000.0,48,1325000.0,153.0,1,White,Joint,45-54,46.0,Loan originated
1,915000.0,20%-<30%,1305000.0,1207.0,1,White,Joint,35-44,70.0,Loan originated
1,615000.0,48,845000.0,199.0,1,Asian,Joint,>74,74.0,Loan originated
1,1145000.0,39,1685000.0,526.0,1,Hispanic or Latino,Male,55-64,89.99,Loan originated
1,505000.0,43,1455000.0,136.0,1,Asian,Female,35-44,35.0,Loan originated
1,765000.0,30%-<36%,935000.0,218.0,1,White,Joint,35-44,82.425,Loan originated
1,545000.0,20%-<30%,685000.0,294.0,1,Hispanic or Latino,Male,25-34,80.0,Loan originated
1,635000.0,50%-60%,655000.0,135.0,1,Hispanic or Latino,Joint,<25,97.0,Loan originated
1,685000.0,36,765000.0,199.0,1,Asian,Joint,35-44,88.889,Loan originated
1,945000.0,49,1185000.0,208.0,1,Asian,Female,45-54,80.0,Loan originated
1,645000.0,47,685000.0,171.0,1,Hispanic or Latino,Joint,45-54,95.0,Loan originated
1,195000.0,49,205000.0,69.0,1,Black or African American,Male,25-34,100.4,Loan originated
1,705000.0,49,835000.0,222.0,1,Asian,Female,55-64,85.0,Loan originated
1,355000.0,20%-<30%,575000.0,158.0,1,White,Joint,25-34,61.404,Loan originated
1,455000.0,43,515000.0,122.0,1,White,Male,25-34,90.0,Loan originated
1,515000.0,46,545000.0,219.0,1,White,Male,45-54,95.0,Loan originated
1,735000.0,20%-<30%,925000.0,502.0,1,White,Male,>74,80.0,Loan originated
1,375000.0,20%-<30%,625000.0,127.0,1,White,Joint,55-64,60.0,Loan originated
1,735000.0,42,1135000.0,84.0,1,Asian,Joint,65-74,65.0,Loan originated
1,225000.0,46,625000.0,72.0,1,Asian,Male,55-64,35.2,Loan originated
1,935000.0,30%-<36%,985000.0,309.0,1,Asian,Joint,25-34,95.0,Loan originated
1,975000.0,40,1215000.0,251.0,1,Asian,Male,55-64,80.0,Loan originated
1,365000.0,46,375000.0,190.0,1,White,Joint,45-54,95.0,Application denied
1,575000.0,45,685000.0,152.0,1,Asian,Female,25-34,83.942,Application denied
1,545000.0,48,575000.0,136.0,1,White,Male,55-64,95.0,Loan originated
1,545000.0,39,615000.0,140.0,1,Hispanic or Latino,Joint,35-44,90.0,Loan originated
1,375000.0,50%-60%,625000.0,82.0,1,White,Female,45-54,59.95,Application denied
1,665000.0,<20%,1115000.0,607.0,1,White,Joint,35-44,60.0,Loan originated
1,355000.0,41,625000.0,101.0,1,Asian,Female,45-54,56.8,Loan originated
1,485000.0,44,555000.0,113.0,1,Black or African American,Joint,55-64,91.364,Loan originated
1,735000.0,40,775000.0,260.0,1,White,Joint,45-54,95.0,Loan originated
1,655000.0,20%-<30%,815000.0,540.0,1,White,Female,35-44,80.0,Loan originated
1,465000.0,49,805000.0,100.0,1,White,Female,55-64,58.125,Loan originated
1,715000.0,30%-<36%,735000.0,221.0,1,Hispanic or Latino,Male,<25,97.0,Loan originated
1,205000.0,39,695000.0,101.0,1,Asian,Joint,55-64,28.87,Loan originated
1,625000.0,47,695000.0,175.0,1,White,Male,55-64,89.99,Loan originated
1,765000.0,43,905000.0,175.0,1,White,Joint,35-44,88.0,Loan originated
1,505000.0,47,625000.0,142.0,1,White,Male,35-44,80.0,Loan originated
1,285000.0,20%-<30%,355000.0,124.0,1,White,Female,45-54,80.0,Loan originated
1,305000.0,46,465000.0,74.0,1,Asian,Male,35-44,65.002,Loan originated
1,435000.0,43,485000.0,150.0,1,Hispanic or Latino,Joint,25-34,90.0,Loan originated
1,835000.0,47,1095000.0,198.0,1,White,Joint,35-44,76.913,Loan originated
1,555000.0,47,695000.0,128.0,1,Asian,Male,25-34,80.0,Loan originated
1,125000.0,30%-<36%,165000.0,136.0,1,White,Joint,55-64,77.57,Loan originated
1,965000.0,42,1205000.0,248.0,1,White,Female,25-34,80.0,Loan originated
1,905000.0,30%-<36%,3605000.0,469.0,1,White,Joint,55-64,25.0,Loan originated
1,205000.0,>60%,645000.0,15.0,1,White,Joint,35-44,30.912,Application denied
1,165000.0,43,505000.0,44.0,1,Asian,Joint,35-44,102.6,Loan originated
1,685000.0,30%-<36%,1405000.0,279.0,1,White,Male,25-34,48.929,Loan originated
1,745000.0,38,785000.0,228.0,1,Asian,Joint,45-54,95.0,Loan originated
1,245000.0,49,545000.0,181.0,1,White,Joint,25-34,44.508,Loan originated
1,695000.0,45,735000.0,161.0,1,White,Joint,45-54,95.0,Loan originated
1,385000.0,39,475000.0,94.0,1,White,Male,25-34,80.0,Loan originated
1,635000.0,39,705000.0,175.0,1,Asian,Male,25-34,90.0,Loan originated
1,505000.0,47,615000.0,119.0,1,White,Joint,45-54,85.439,Loan originated
1,765000.0,43,915000.0,272.0,1,White,Male,55-64,83.683,Loan originated
1,515000.0,44,885000.0,148.0,1,Asian,Female,45-54,57.955,Loan originated
1,265000.0,20%-<30%,435000.0,106.0,1,White,Joint,35-44,62.0,Loan originated
1,695000.0,48,815000.0,137.0,1,Asian,Male,55-64,85.0,Application denied
1,695000.0,49,935000.0,181.0,1,White,Male,<25,74.334,Loan originated
1,415000.0,48,445000.0,88.0,1,Hispanic or Latino,Male,25-34,95.0,Loan originated
1,505000.0,48,565000.0,183.0,1,Black or African American,Male,55-64,90.0,Loan originated
1,345000.0,48,425000.0,220.0,1,White,Male,<25,80.0,Loan originated
1,835000.0,30%-<36%,1585000.0,250.0,1,White,Joint,45-54,53.0,Loan originated
1,505000.0,20%-<30%,1145000.0,281.0,1,White,Joint,25-34,43.531,Loan originated
1,1115000.0,41,1395000.0,338.0,1,White,Male,25-34,80.0,Loan originated
1,595000.0,49,855000.0,120.0,1,White,Female,45-54,70.0,Loan originated
1,455000.0,20%-<30%,1405000.0,245.0,1,White,Joint,65-74,32.143,Loan originated
1,945000.0,46,1625000.0,204.0,1,White,Female,65-74,58.02,Loan originated
1,445000.0,>60%,655000.0,49.0,1,Hispanic or Latino,Female,35-44,67.382,Application denied
1,625000.0,44,665000.0,238.0,1,Asian,Female,25-34,94.545,Loan originated
1,965000.0,30%-<36%,1375000.0,1117.0,1,White,Joint,35-44,70.0,Loan originated
1,535000.0,45,595000.0,150.0,1,White,Female,35-44,90.0,Loan originated
1,715000.0,30%-<36%,1025000.0,350.0,1,Asian,Male,45-54,70.0,Loan originated
1,1045000.0,30%-<36%,1315000.0,316.0,1,Asian,Male,25-34,80.0,Loan originated
1,765000.0,39,805000.0,206.0,1,White,Joint,25-34,95.0,Loan originated
1,605000.0,30%-<36%,715000.0,236.0,1,Asian,Joint,45-54,85.0,Loan originated
1,225000.0,47,525000.0,156.0,1,White,Female,25-34,42.308,Loan originated
1,155000.0,20%-<30%,705000.0,123.0,1,Asian,Female,45-54,21.43,Loan originated
1,135000.0,40,515000.0,52.0,1,White,Joint,>74,26.499,Loan originated
1,335000.0,49,395000.0,73.0,1,Hispanic or Latino,Male,65-74,85.0,Loan originated
1,635000.0,45,795000.0,249.0,1,Asian,Male,35-44,80.0,Loan originated
1,1115000.0,40,1485000.0,301.0,1,Asian,Joint,35-44,75.0,Loan originated
1,1075000.0,44,1345000.0,346.0,1,White,Female,35-44,80.0,Loan originated
1,515000.0,30%-<36%,785000.0,141.0,1,White,Joint,55-64,65.0,Loan originated
1,415000.0,40,1095000.0,283.0,1,White,Joint,45-54,38.17,Loan originated
1,1005000.0,36,1705000.0,396.0,1,White,Female,35-44,59.0,Loan originated
1,195000.0,30%-<36%,265000.0,181.0,1,Asian,Joint,55-64,75.0,Loan originated
1,235000.0,49,305000.0,235.0,1,White,Female,35-44,78.405,Loan originated
1,1085000.0,49,1425000.0,235.0,1,White,Joint,55-64,76.14,Loan originated
1,485000.0,20%-<30%,605000.0,300.0,1,White,Joint,25-34,80.0,Loan originated
1,165000.0,38,535000.0,150.0,1,Asian,Female,35-44,30.189,Loan originated
1,655000.0,41,685000.0,185.0,1,Hispanic or Latino,Joint,35-44,95.0,Loan originated
1,575000.0,42,715000.0,177.0,1,White,Joint,25-34,80.0,Loan originated
1,285000.0,20%-<30%,365000.0,244.0,1,Hispanic or Latino,Joint,45-54,80.0,Loan originated
1,455000.0,20%-<30%,935000.0,208.0,1,White,Male,35-44,48.925,Loan originated
1,775000.0,20%-<30%,1175000.0,344.0,1,White,Joint,35-44,65.957,Loan originated
1,265000.0,50%-60%,1595000.0,94.0,1,Asian,Joint,65-74,16.59,Loan originated
1,405000.0,47,705000.0,175.0,1,Asian,Female,35-44,57.356,Loan originated
1,645000.0,46,675000.0,314.0,1,White,Joint,<25,95.0,Loan originated
1,255000.0,>60%,955000.0,106.0,1,White,Female,45-54,26.316,Application denied
1,275000.0,46,345000.0,188.0,1,White,Joint,55-64,80.0,Loan originated
1,615000.0,30%-<36%,655000.0,223.0,1,White,Joint,25-34,95.0,Loan originated
1,665000.0,38,835000.0,178.0,1,Asian,Male,35-44,80.0,Loan originated
1,75000.0,40,655000.0,50.0,1,Hispanic or Latino,Female,65-74,11.503,Loan originated
1,885000.0,45,1105000.0,309.0,1,Hispanic or Latino,Female,45-54,80.0,Loan originated
1,535000.0,20%-<30%,835000.0,240.0,1,White,Male,35-44,64.222,Loan originated
1,925000.0,30%-<36%,1155000.0,323.0,1,Asian,Joint,25-34,80.0,Loan originated
1,275000.0,44,275000.0,71.0,1,Hispanic or Latino,Male,65-74,97.0,Loan originated
1,205000.0,43,345000.0,66.0,1,Asian,Female,35-44,70.149,Loan originated
1,655000.0,20%-<30%,825000.0,300.0,1,Asian,Male,55-64,80.0,Application denied
1,645000.0,20%-<30%,815000.0,259.0,1,Hispanic or Latino,Male,45-54,80.0,Loan originated
1,1025000.0,44,1145000.0,249.0,1,Asian,Male,45-54,93.0,Loan originated
1,665000.0,42,835000.0,187.0,1,Hispanic or Latino,Male,35-44,80.0,Application denied
1,1135000.0,46,1195000.0,276.0,1,Black or African American,Male,45-54,95.0,Loan originated
1,265000.0,47,285000.0,62.0,1,White,Male,25-34,94.0,Loan originated
1,465000.0,40,475000.0,136.0,1,White,Female,35-44,100.0,Loan originated
1,755000.0,30%-<36%,1075000.0,252.0,1,Asian,Joint,35-44,70.0,Loan originated
1,375000.0,42,415000.0,148.0,1,Hispanic or Latino,Joint,35-44,91.985,Loan originated
1,605000.0,30%-<36%,625000.0,204.0,1,Other,Male,25-34,97.0,Loan originated
1,165000.0,37,265000.0,76.0,1,White,Male,45-54,61.538,Loan originated
1,1005000.0,41,1615000.0,260.0,1,Asian,Male,25-34,61.805,Application denied
1,1005000.0,30%-<36%,1805000.0,352.0,1,Asian,Male,35-44,55.903,Loan originated
1,705000.0,20%-<30%,775000.0,364.0,1,Asian,Male,45-54,89.99,Loan originated
1,555000.0,36,615000.0,186.0,1,Hispanic or Latino,Joint,>74,90.0,Loan originated
1,665000.0,44,885000.0,177.0,1,White,Female,35-44,75.0,Loan originated
1,945000.0,<20%,1455000.0,5061.0,1,Asian,Male,35-44,70.0,Loan originated
1,685000.0,30%-<36%,1435000.0,415.0,1,Asian,Joint,55-64,47.552,Loan originated
1,485000.0,48,515000.0,105.0,1,White,Joint,25-34,95.0,Loan originated
1,675000.0,44,715000.0,207.0,1,Asian,Joint,35-44,95.0,Loan originated
1,405000.0,49,645000.0,98.0,1,Hispanic or Latino,Female,25-34,63.371,Loan originated
1,395000.0,36,785000.0,174.0,1,White,Joint,45-54,50.828,Loan originated
1,625000.0,45,645000.0,180.0,1,Asian,Female,45-54,97.0,Application denied
1,265000.0,44,335000.0,91.0,1,Hispanic or Latino,Joint,55-64,80.0,Loan originated
1,315000.0,48,455000.0,108.0,1,White,Female,65-74,70.0,Loan originated
1,275000.0,30%-<36%,395000.0,148.0,1,White,Male,45-54,69.1,Loan originated
1,465000.0,47,525000.0,115.0,1,White,Female,25-34,90.0,Loan originated
1,275000.0,46,285000.0,63.0,1,Hispanic or Latino,Male,25-34,95.0,Loan originated
1,675000.0,45,755000.0,168.0,1,Hispanic or Latino,Male,25-34,90.0,Loan originated
1,565000.0,20%-<30%,595000.0,219.0,1,Black or African American,Male,35-44,95.0,Loan originated
1,605000.0,20%-<30%,865000.0,222.0,1,White,Joint,45-54,70.35,Loan originated
1,545000.0,20%-<30%,685000.0,214.0,1,White,Joint,25-34,80.0,Loan originated
1,585000.0,43,735000.0,148.0,1,White,Joint,35-44,80.0,Loan originated
1,505000.0,49,525000.0,139.0,1,Hispanic or Latino,Male,45-54,95.0,Loan originated
1,625000.0,>60%,765000.0,173.0,1,Asian,Female,35-44,81.569,Application denied
1,1085000.0,30%-<36%,1355000.0,302.0,1,Asian,Male,45-54,80.0,Loan originated
1,255000.0,48,265000.0,60.0,1,White,Male,25-34,97.0,Loan originated
1,745000.0,39,995000.0,265.0,1,White,Joint,25-34,92.588,Loan originated
1,255000.0,43,365000.0,75.0,1,Hispanic or Latino,Joint,45-54,80.0,Loan originated
1,665000.0,38,715000.0,167.0,1,Hispanic or Latino,Male,25-34,93.0,Loan originated
1,335000.0,30%-<36%,415000.0,98.0,1,Hispanic or Latino,Joint,25-34,80.0,Loan originated
1,765000.0,48,955000.0,266.0,1,White,Male,65-74,80.0,Loan originated
1,355000.0,<20%,725000.0,1062.0,1,White,Joint,55-64,48.276,Loan originated
1,815000.0,20%-<30%,1675000.0,415.0,1,White,Joint,55-64,48.494,Loan originated
1,345000.0,43,435000.0,127.0,1,White,Male,25-34,80.0,Loan originated
1,165000.0,43,195000.0,101.0,1,Hispanic or Latino,Joint,25-34,82.31,Loan originated
1,475000.0,46,595000.0,169.0,1,Asian,Female,45-54,80.0,Loan originated
1,1035000.0,42,1345000.0,281.0,1,Asian,Male,35-44,76.96,Loan originated
1,315000.0,49,1145000.0,87.0,1,White,Female,65-74,27.328,Loan originated
1,605000.0,38,755000.0,198.0,1,Asian,Male,25-34,83.0,Loan originated
1,415000.0,30%-<36%,515000.0,143.0,1,Asian,Female,25-34,80.0,Loan originated
1,395000.0,49,495000.0,80.0,1,Hispanic or Latino,Male,35-44,80.0,Loan originated
1,725000.0,47,965000.0,161.0,1,Asian,Joint,25-34,75.0,Loan originated
1,135000.0,50%-60%,155000.0,83.0,1,Asian,Male,55-64,85.0,Loan originated
1,1145000.0,48,1425000.0,350.0,1,Asian,Male,45-54,80.0,Loan originated
1,385000.0,37,555000.0,130.0,1,White,Female,45-54,70.226,Loan originated
1,455000.0,44,605000.0,120.0,1,White,Female,35-44,75.0,Loan originated
1,635000.0,38,655000.0,179.0,1,Hispanic or Latino,Male,35-44,97.0,Loan originated
1,745000.0,37,765000.0,274.0,1,White,Joint,35-44,97.0,Loan originated
1,545000.0,44,565000.0,148.0,1,Hispanic or Latino,Joint,25-34,95.0,Loan originated
1,195000.0,41,485000.0,62.0,1,Hispanic or Latino,Female,45-54,39.3375,Loan originated
1,525000.0,30%-<36%,725000.0,179.0,1,Asian,Male,25-34,72.222,Loan originated
1,265000.0,46,335000.0,99.0,1,Hispanic or Latino,Joint,25-34,80.0,Loan originated
1,605000.0,41,755000.0,236.0,1,Asian,Female,25-34,80.0,Loan originated
1,455000.0,36,705000.0,126.0,1,Asian,Male,55-64,64.286,Loan originated
1,1005000.0,46,1255000.0,273.0,1,White,Female,65-74,80.0,Loan originated
1,485000.0,30%-<36%,615000.0,156.0,1,Asian,Male,35-44,80.0,Loan originated
1,615000.0,30%-<36%,765000.0,241.0,1,Black or African American,Male,35-44,80.0,Loan originated
1,515000.0,44,545000.0,145.0,1,White,Joint,55-64,95.0,Loan originated
1,305000.0,20%-<30%,975000.0,149.0,1,White,Male,45-54,30.769,Loan originated
1,675000.0,37,835000.0,216.0,1,White,Joint,35-44,80.0,Loan originated
1,305000.0,43,755000.0,150.0,1,Asian,Female,35-44,40.0,Loan originated
1,335000.0,20%-<30%,465000.0,154.0,1,White,Male,35-44,72.33,Loan originated
1,555000.0,30%-<36%,695000.0,193.0,1,Hispanic or Latino,Joint,25-34,80.0,Loan originated
1,675000.0,20%-<30%,905000.0,255.0,1,Asian,Joint,25-34,75.0,Loan originated
1,365000.0,45,455000.0,109.0,1,Hispanic or Latino,Joint,45-54,80.0,Loan originated
1,245000.0,20%-<30%,565000.0,105.0,1,White,Male,25-34,42.857,Loan originated
1,105000.0,41,425000.0,64.0,1,Hispanic or Latino,Female,55-64,59.07,Application denied
1,485000.0,45,605000.0,124.0,1,Asian,Joint,25-34,100.0,Loan originated
1,595000.0,39,655000.0,140.0,1,Asian,Male,25-34,89.99,Loan originated
1,375000.0,47,625000.0,121.0,1,White,Male,55-64,60.0,Loan originated
1,635000.0,46,825000.0,133.0,1,White,Male,35-44,77.0,Loan originated
1,565000.0,48,765000.0,142.0,1,Asian,Female,25-34,73.788,Loan originated
1,695000.0,>60%,725000.0,137.0,1,Asian,Female,25-34,97.0,Application denied
1,415000.0,47,465000.0,130.0,1,White,Joint,35-44,88.961,Loan originated
1,505000.0,42,705000.0,132.0,1,Asian,Female,35-44,75.0,Loan originated
1,325000.0,40,405000.0,85.0,1,White,Male,25-34,80.0,Loan originated
1,455000.0,47,465000.0,96.0,1,White,Male,35-44,97.0,Loan originated
1,635000.0,30%-<36%,795000.0,232.0,1,White,Female,45-54,80.0,Loan originated
1,705000.0,>60%,1505000.0,121.0,1,White,Joint,55-64,46.67,Application denied
1,755000.0,30%-<36%,1005000.0,251.0,1,Hispanic or Latino,Male,35-44,75.0,Loan originated
1,635000.0,48,665000.0,187.0,1,Asian,Joint,25-34,95.0,Loan originated
1,525000.0,47,745000.0,155.0,1,White,Female,35-44,70.0,Loan originated
1,805000.0,45,1285000.0,178.0,1,Asian,Joint,45-54,62.5,Loan originated
1,365000.0,36,435000.0,121.0,1,White,Joint,55-64,85.0,Loan originated
1,585000.0,42,705000.0,196.0,1,White,Joint,65-74,85.0,Loan originated
1,755000.0,49,1055000.0,152.0,1,White,Male,55-64,71.564,Loan originated
1,825000.0,40,1035000.0,306.0,1,Asian,Joint,35-44,80.0,Loan originated
1,415000.0,40,555000.0,139.0,1,Asian,Male,55-64,75.0,Loan originated
1,545000.0,41,605000.0,141.0,1,Hispanic or Latino,Female,35-44,90.0,Loan originated
1,455000.0,20%-<30%,525000.0,167.0,1,Asian,Male,25-34,86.538,Loan originated
1,935000.0,48,1105000.0,265.0,1,White,Joint,55-64,85.0,Loan originated
1,325000.0,41,725000.0,112.0,1,Asian,Joint,45-54,44.444,Loan originated
1,695000.0,42,925000.0,461.0,1,White,Male,35-44,75.0,Loan originated
1,1035000.0,20%-<30%,1385000.0,342.0,1,Asian,Joint,35-44,74.638,Loan originated
1,745000.0,47,995000.0,142.0,1,Hispanic or Latino,Male,35-44,75.0,Loan originated
1,765000.0,30%-<36%,1155000.0,220.0,1,Asian,Joint,25-34,66.652,Loan originated
1,365000.0,48,405000.0,180.0,1,Asian,Male,35-44,90.0,Loan originated
1,515000.0,43,685000.0,146.0,1,Hispanic or Latino,Joint,45-54,75.0,Loan originated
1,345000.0,37,425000.0,114.0,1,White,Male,35-44,80.0,Loan originated
1,925000.0,38,1255000.0,244.0,1,White,Male,35-44,74.0,Loan originated
1,515000.0,47,785000.0,417.0,1,White,Joint,35-44,65.1,Loan originated
1,315000.0,>60%,355000.0,31.0,1,Asian,Female,35-44,90.0,Application denied
1,625000.0,49,735000.0,121.0,1,Hispanic or Latino,Joint,35-44,85.0,Loan originated
1,1045000.0,50%-60%,965000.0,247.0,1,White,Joint,25-34,108.854,Application denied
1,355000.0,49,445000.0,84.0,1,Hispanic or Latino,Male,<25,80.0,Loan originated
1,965000.0,42,1205000.0,189.0,1,Asian,Joint,25-34,80.0,Loan originated
1,295000.0,44,395000.0,67.0,1,White,Female,25-34,74.937,Loan originated
1,485000.0,45,1135000.0,220.0,1,Hispanic or Latino,Female,55-64,42.516,Loan originated
1,415000.0,40,935000.0,110.0,1,White,Joint,>74,44.08,Loan originated
1,85000.0,<20%,485000.0,144.0,1,White,Joint,55-64,16.667,Loan originated
1,765000.0,20%-<30%,855000.0,400.0,1,Asian,Male,35-44,89.889,Loan originated
1,695000.0,46,925000.0,303.0,1,Asian,Male,35-44,75.0,Loan originated
1,385000.0,44,415000.0,121.0,1,Hispanic or Latino,Joint,25-34,95.0,Loan originated
1,595000.0,40,635000.0,192.0,1,Hispanic or Latino,Joint,25-34,94.0,Loan originated
1,585000.0,49,645000.0,130.0,1,Hispanic or Latino,Female,25-34,89.986,Loan originated
1,845000.0,36,1055000.0,252.0,1,White,Joint,35-44,80.0,Loan originated
1,645000.0,37,875000.0,304.0,1,White,Joint,35-44,73.794,Loan originated
1,415000.0,40,515000.0,181.0,1,White,Joint,35-44,80.0,Loan originated
1,945000.0,48,1355000.0,405.0,1,Asian,Female,25-34,70.0,Loan originated
1,475000.0,46,595000.0,97.0,1,Hispanic or Latino,Male,25-34,80.0,Loan originated
1,525000.0,47,555000.0,201.0,1,Asian,Male,55-64,95.0,Loan originated
1,325000.0,20%-<30%,675000.0,124.0,1,Hispanic or Latino,Male,35-44,47.761,Loan originated
1,1005000.0,48,1315000.0,194.0,1,White,Joint,25-34,76.43,Loan originated
1,405000.0,45,705000.0,183.0,1,White,Joint,65-74,57.143,Loan originated
1,435000.0,49,445000.0,91.0,1,Hispanic or Latino,Female,35-44,100.0,Loan originated
1,335000.0,39,345000.0,96.0,1,Asian,Female,25-34,95.0,Loan originated
1,425000.0,46,525000.0,84.0,1,Hispanic or Latino,Male,45-54,80.0,Loan originated
1,565000.0,41,805000.0,163.0,1,Asian,Female,35-44,70.0,Loan originated
1,375000.0,30%-<36%,425000.0,109.0,1,Hispanic or Latino,Joint,25-34,89.0,Loan originated
1,435000.0,20%-<30%,1025000.0,374.0,1,White,Female,65-74,41.951,Loan originated
1,405000.0,45,975000.0,120.0,1,Asian,Female,25-34,41.026,Loan originated
1,1145000.0,20%-<30%,1255000.0,411.0,1,Asian,Joint,35-44,92.0,Loan originated
1,105000.0,>60%,225000.0,36.0,1,Hispanic or Latino,Female,55-64,47.0,Application denied
1,405000.0,49,1455000.0,232.0,1,White,Joint,65-74,27.586,Loan originated
1,415000.0,20%-<30%,555000.0,187.0,1,White,Male,25-34,75.0,Loan originated
1,455000.0,47,605000.0,126.0,1,White,Joint,35-44,75.0,Loan originated
1,605000.0,40,675000.0,147.0,1,Hispanic or Latino,Joint,25-34,90.0,Loan originated
1,375000.0,41,535000.0,91.0,1,Asian,Female,35-44,70.893,Loan originated
1,465000.0,30%-<36%,545000.0,170.0,1,White,Male,35-44,85.018,Loan originated
1,105000.0,43,945000.0,67.0,1,White,Female,65-74,10.638,Loan originated
1,595000.0,49,665000.0,186.0,1,White,Joint,35-44,90.0,Loan originated
1,315000.0,44,425000.0,85.0,1,White,Joint,<25,75.0,Loan originated
1,665000.0,50%-60%,825000.0,305.0,1,Asian,Joint,45-54,80.0,Loan originated
1,705000.0,20%-<30%,1305000.0,463.0,1,White,Female,45-54,46.154,Application denied
1,765000.0,30%-<36%,855000.0,239.0,1,White,Male,35-44,90.0,Loan originated
1,305000.0,43,445000.0,223.0,1,White,Joint,45-54,66.741,Loan originated
1,495000.0,49,585000.0,187.0,1,White,Joint,55-64,85.0,Loan originated
1,335000.0,30%-<36%,375000.0,159.0,1,White,Male,25-34,90.0,Loan originated
1,555000.0,30%-<36%,735000.0,157.0,1,Asian,Male,45-54,75.479,Loan originated
1,375000.0,45,645000.0,86.0,1,Black or African American,Female,65-74,57.279,Loan originated
1,525000.0,41,545000.0,177.0,1,White,Male,35-44,97.0,Loan originated
1,675000.0,37,845000.0,181.0,1,Asian,Joint,35-44,80.0,Loan originated
1,815000.0,39,1095000.0,224.0,1,White,Joint,35-44,74.312,Loan originated
1,605000.0,44,675000.0,140.0,1,Asian,Female,25-34,90.0,Loan originated
1,845000.0,30%-<36%,895000.0,270.0,1,White,Joint,25-34,95.0,Loan originated
1,355000.0,49,425000.0,163.0,1,Hispanic or Latino,Male,35-44,85.0,Loan originated
1,755000.0,37,1435000.0,235.0,1,White,Male,45-54,52.236,Loan originated
1,215000.0,39,265000.0,76.0,1,Hispanic or Latino,Female,25-34,80.0,Loan originated
1,1145000.0,45,1735000.0,235.0,1,White,Joint,35-44,66.19,Loan originated
1,805000.0,30%-<36%,1125000.0,499.0,1,White,Joint,55-64,71.112,Loan originated
1,615000.0,44,645000.0,172.0,1,Asian,Female,55-64,95.0,Loan originated
1,475000.0,38,2205000.0,238.0,1,White,Joint,55-64,21.591,Loan originated
1,405000.0,42,455000.0,118.0,1,Hispanic or Latino,Male,45-54,90.0,Loan originated
1,795000.0,41,995000.0,279.0,1,Asian,Joint,25-34,80.0,Loan originated
1,735000.0,49,815000.0,194.0,1,Asian,Joint,25-34,89.99,Loan originated
1,815000.0,40,1095000.0,190.0,1,Asian,Male,25-34,74.99,Loan originated
1,415000.0,42,1165000.0,118.0,1,Hispanic or Latino,Female,25-34,35.34,Loan originated
1,855000.0,41,1005000.0,331.0,1,Asian,Joint,35-44,85.0,Loan originated
1,735000.0,46,955000.0,154.0,1,White,Male,25-34,80.0,Loan originated
1,225000.0,43,555000.0,78.0,1,Hispanic or Latino,Female,55-64,40.909,Loan originated
1,355000.0,45,405000.0,74.0,1,Hispanic or Latino,Female,25-34,86.574,Loan originated
1,1005000.0,20%-<30%,1255000.0,460.0,1,White,Male,65-74,80.0,Loan originated
1,595000.0,30%-<36%,745000.0,172.0,1,White,Male,25-34,80.0,Loan originated
1,255000.0,48,555000.0,72.0,1,White,Male,35-44,45.455,Loan originated
1,955000.0,30%-<36%,1365000.0,310.0,1,Asian,Joint,25-34,70.0,Loan originated
1,445000.0,49,1605000.0,147.0,1,Asian,Joint,55-64,27.499,Loan originated
1,575000.0,30%-<36%,765000.0,189.0,1,Asian,Female,45-54,75.0,Loan originated
1,995000.0,47,1325000.0,237.0,1,Asian,Joint,65-74,75.0,Loan originated
1,465000.0,38,965000.0,113.0,1,White,Joint,25-34,48.187,Loan originated
1,425000.0,30%-<36%,475000.0,241.0,1,White,Joint,25-34,89.47,Loan originated
1,705000.0,39,975000.0,178.0,1,Asian,Male,25-34,71.795,Loan originated
1,645000.0,39,715000.0,185.0,1,White,Joint,35-44,90.0,Loan originated
1,505000.0,20%-<30%,775000.0,236.0,1,Asian,Joint,25-34,65.0,Loan originated
1,895000.0,44,1145000.0,187.0,1,White,Female,35-44,78.07,Loan originated
1,625000.0,43,645000.0,179.0,1,White,Female,25-34,97.0,Loan originated
1,405000.0,40,1555000.0,78.0,1,Hispanic or Latino,Joint,65-74,25.81,Loan originated
1,675000.0,39,875000.0,199.0,1,Hispanic or Latino,Male,55-64,77.486,Loan originated
1,375000.0,39,395000.0,117.0,1,Hispanic or Latino,Joint,55-64,93.797,Loan originated
1,365000.0,20%-<30%,615000.0,135.0,1,White,Male,25-34,59.416,Loan originated
1,765000.0,38,1665000.0,430.0,1,White,Joint,35-44,46.039,Loan originated
1,535000.0,43,685000.0,118.0,1,Hispanic or Latino,Joint,35-44,77.81,Loan originated
1,505000.0,30%-<36%,1505000.0,560.0,1,White,Joint,25-34,33.333,Loan originated
1,1075000.0,20%-<30%,1545000.0,659.0,1,Asian,Joint,35-44,70.0,Loan originated
1,595000.0,45,785000.0,178.0,1,White,Joint,45-54,75.0,Loan originated
1,125000.0,48,925000.0,68.0,1,White,Female,25-34,13.043,Loan originated
1,595000.0,47,845000.0,283.0,1,Asian,Joint,25-34,70.0,Loan originated
1,995000.0,20%-<30%,1105000.0,395.0,1,White,Male,25-34,90.0,Loan originated
1,805000.0,39,845000.0,205.0,1,Hispanic or Latino,Joint,35-44,95.838,Loan originated
1,915000.0,43,1075000.0,228.0,1,White,Male,35-44,85.0,Loan originated
1,405000.0,49,545000.0,82.0,1,White,Female,25-34,75.0,Loan originated
1,325000.0,43,335000.0,77.0,1,White,Female,25-34,97.0,Loan originated
1,365000.0,48,455000.0,74.0,1,Hispanic or Latino,Male,55-64,80.0,Loan originated
1,425000.0,47,535000.0,272.0,1,Hispanic or Latino,Joint,65-74,80.0,Loan originated
1,685000.0,39,855000.0,204.0,1,Asian,Male,55-64,80.0,Loan originated
1,785000.0,44,985000.0,199.0,1,White,Male,45-54,80.0,Loan originated
1,375000.0,49,435000.0,81.0,1,Asian,Female,25-34,86.207,Loan originated
1,285000.0,42,305000.0,154.0,1,Asian,Female,55-64,95.0,Loan originated
1,1075000.0,44,1345000.0,260.0,1,White,Male,45-54,80.0,Loan originated
1,465000.0,20%-<30%,575000.0,197.0,1,Asian,Female,25-34,80.0,Loan originated
1,765000.0,48,965000.0,162.0,1,Asian,Male,55-64,79.79,Loan originated
1,505000.0,47,725000.0,118.0,1,Asian,Joint,25-34,70.0,Loan originated
1,105000.0,30%-<36%,1075000.0,91.0,1,White,Male,55-64,9.31,Loan originated
1,435000.0,37,595000.0,243.0,1,Asian,Male,35-44,75.0,Loan originated
1,945000.0,20%-<30%,1185000.0,350.0,1,Hispanic or Latino,Male,35-44,80.0,Loan originated
1,365000.0,20%-<30%,425000.0,225.0,1,Hispanic or Latino,Male,35-44,85.0,Loan originated
1,585000.0,48,725000.0,113.0,1,White,Male,25-34,80.0,Loan originated
1,755000.0,49,1125000.0,163.0,1,Asian,Joint,45-54,66.84,Loan originated
1,715000.0,49,885000.0,145.0,1,White,Male,25-34,80.0,Loan originated
1,305000.0,43,565000.0,79.0,1,White,Joint,55-64,53.571,Loan originated
1,405000.0,47,445000.0,132.0,1,White,Male,35-44,90.0,Loan originated
1,725000.0,30%-<36%,1455000.0,215.0,1,White,Male,35-44,50.0,Loan originated
1,755000.0,48,1395000.0,176.0,1,Asian,Male,25-34,53.705,Loan originated
1,605000.0,47,755000.0,140.0,1,Asian,Male,25-34,80.0,Loan originated
1,675000.0,37,735000.0,176.0,1,Hispanic or Latino,Female,55-64,91.88,Loan originated
1,475000.0,37,485000.0,131.0,1,Other,Female,25-34,97.0,Loan originated
1,465000.0,49,625000.0,82.0,1,Asian,Joint,25-34,95.0,Loan originated
1,835000.0,48,1195000.0,244.0,1,White,Joint,65-74,70.0,Loan originated
1,305000.0,30%-<36%,655000.0,110.0,1,White,Female,35-44,47.0,Loan originated
1,125000.0,37,155000.0,72.0,1,Hispanic or Latino,Male,25-34,80.0,Application denied
1,505000.0,47,1235000.0,154.0,1,White,Joint,>74,41.0,Loan originated
1,1145000.0,42,1905000.0,395.0,1,White,Female,35-44,60.0,Loan originated
1,585000.0,40,785000.0,190.0,1,Asian,Female,35-44,74.522,Loan originated
1,625000.0,43,825000.0,166.0,1,White,Male,35-44,75.758,Loan originated
1,525000.0,44,625000.0,113.0,1,White,Male,25-34,85.0,Loan originated
1,625000.0,38,785000.0,179.0,1,Hispanic or Latino,Female,45-54,80.0,Loan originated
1,475000.0,49,595000.0,167.0,1,White,Female,35-44,79.966,Loan originated
1,885000.0,30%-<36%,1115000.0,289.0,1,White,Joint,35-44,80.0,Loan originated
1,445000.0,>60%,505000.0,15.0,1,White,Male,45-54,88.0,Application denied
1,745000.0,38,805000.0,220.0,1,Asian,Joint,45-54,91.68,Loan originated
1,1045000.0,48,1415000.0,285.0,1,White,Male,65-74,73.993,Loan originated
1,535000.0,47,715000.0,110.0,1,Asian,Male,25-34,75.0,Loan originated
1,625000.0,45,655000.0,173.0,1,Hispanic or Latino,Joint,25-34,95.0,Loan originated
1,735000.0,20%-<30%,1185000.0,346.0,1,White,Joint,35-44,62.025,Loan originated
1,525000.0,30%-<36%,655000.0,150.0,1,Hispanic or Latino,Joint,25-34,80.0,Loan originated
1,825000.0,49,1105000.0,184.0,1,Asian,Male,25-34,75.0,Loan originated
1,435000.0,37,475000.0,125.0,1,Black or African American,Male,25-34,90.0,Loan originated
1,1005000.0,41,1405000.0,383.0,1,Asian,Joint,25-34,71.43,Loan originated
1,305000.0,37,385000.0,97.0,1,Asian,Female,<25,80.0,Loan originated
1,305000.0,30%-<36%,1315000.0,112.0,1,White,Joint,65-74,22.901,Loan originated
1,545000.0,49,685000.0,114.0,1,Black or African American,Female,55-64,80.0,Loan originated
1,605000.0,20%-<30%,1105000.0,206.0,1,Asian,Male,35-44,55.0,Loan originated
1,605000.0,37,755000.0,228.0,1,White,Joint,35-44,80.0,Loan originated
1,645000.0,49,805000.0,201.0,1,Asian,Male,55-64,80.0,Loan originated
1,1105000.0,46,1375000.0,374.0,1,Asian,Male,45-54,80.0,Loan originated
1,525000.0,42,555000.0,158.0,1,White,Male,55-64,95.0,Loan originated
1,415000.0,45,425000.0,89.0,1,White,Joint,25-34,97.0,Loan originated
1,485000.0,20%-<30%,615000.0,270.0,1,White,Male,25-34,80.0,Loan originated
1,125000.0,20%-<30%,545000.0,106.0,1,White,Joint,65-74,23.148,Loan originated
1,965000.0,47,1205000.0,205.0,1,White,Female,35-44,80.0,Loan originated
1,1145000.0,30%-<36%,1435000.0,350.0,1,Asian,Male,35-44,80.0,Loan originated
1,1005000.0,44,1605000.0,281.0,1,Asian,Joint,35-44,62.5,Loan originated
1,305000.0,30%-<36%,765000.0,127.0,1,Hispanic or Latino,Male,45-54,39.21,Loan originated
1,945000.0,44,1185000.0,188.0,1,Asian,Male,35-44,80.0,Loan originated
1,725000.0,44,905000.0,177.0,1,White,Joint,45-54,80.0,Loan originated
1,795000.0,30%-<36%,1055000.0,222.0,1,White,Male,45-54,75.71,Loan originated
1,705000.0,30%-<36%,805000.0,483.0,1,White,Male,35-44,90.0,Loan originated
1,175000.0,30%-<36%,225000.0,153.0,1,White,Joint,35-44,80.0,Loan originated
1,415000.0,42,445000.0,97.0,1,White,Male,25-34,93.18,Loan originated
1,1055000.0,42,1315000.0,256.0,1,Asian,Male,35-44,80.0,Application denied
1,755000.0,30%-<36%,935000.0,260.0,1,White,Joint,35-44,80.0,Loan originated
1,745000.0,44,1005000.0,279.0,1,Asian,Female,25-34,74.14,Loan originated
1,325000.0,44,625000.0,82.0,1,Asian,Joint,25-34,98.38,Loan originated
1,565000.0,20%-<30%,705000.0,17.0,1,Asian,Joint,35-44,80.0,Loan originated
1,405000.0,46,515000.0,92.0,1,White,Joint,55-64,80.0,Loan originated
1,495000.0,46,485000.0,111.0,1,Hispanic or Latino,Male,35-44,102.0,Application denied
1,345000.0,44,365000.0,75.0,1,Black or African American,Male,45-54,95.0,Loan originated
1,475000.0,50%-60%,485000.0,95.0,1,Black or African American,Joint,35-44,97.0,Loan originated
1,965000.0,20%-<30%,1375000.0,499.0,1,White,Joint,35-44,69.82,Loan originated
1,445000.0,49,505000.0,99.0,1,White,Female,25-34,89.0,Loan originated
1,355000.0,>60%,385000.0,66.0,1,White,Joint,25-34,90.0,Application denied
1,695000.0,47,865000.0,220.0,1,Asian,Male,35-44,80.0,Loan originated
1,925000.0,44,1155000.0,219.0,1,Hispanic or Latino,Joint,25-34,80.0,Loan originated
1,935000.0,30%-<36%,1105000.0,296.0,1,Asian,Joint,25-34,85.0,Loan originated
1,715000.0,44,1525000.0,205.0,1,Asian,Male,65-74,46.71,Loan originated
1,535000.0,46,565000.0,159.0,1,Hispanic or Latino,Male,55-64,95.0,Loan originated
1,725000.0,40,915000.0,188.0,1,Hispanic or Latino,Male,45-54,80.0,Loan originated
1,725000.0,49,765000.0,217.0,1,Asian,Joint,25-34,95.0,Loan originated
1,265000.0,49,275000.0,68.0,1,Hispanic or Latino,Female,35-44,100.0,Loan originated
1,515000.0,39,535000.0,156.0,1,White,Female,35-44,97.0,Loan originated
1,855000.0,30%-<36%,1105000.0,295.0,1,White,Female,45-54,77.273,Loan originated
1,355000.0,<20%,375000.0,191.0,1,White,Female,25-34,95.0,Loan originated
1,675000.0,48,845000.0,137.0,1,Hispanic or Latino,Male,25-34,80.0,Loan originated
1,465000.0,37,585000.0,148.0,1,Black or African American,Female,35-44,80.0,Loan originated
1,425000.0,44,1205000.0,116.0,1,Asian,Male,25-34,35.417,Loan originated
1,655000.0,44,815000.0,147.0,1,Black or African American,Female,55-64,80.0,Loan originated
1,365000.0,30%-<36%,465000.0,120.0,1,White,Joint,35-44,80.0,Loan originated
1,385000.0,48,475000.0,131.0,1,Hispanic or Latino,Male,55-64,80.0,Loan originated
1,905000.0,48,1055000.0,238.0,1,White,Joint,55-64,85.552,Loan originated
1,605000.0,43,1205000.0,145.0,1,White,Female,25-34,50.0,Loan originated
1,585000.0,46,885000.0,178.0,1,White,Joint,55-64,66.14,Loan originated
1,735000.0,46,1225000.0,172.0,1,Asian,Male,25-34,60.0,Loan originated
1,395000.0,41,595000.0,155.0,1,White,Joint,>74,65.109,Loan originated
1,565000.0,<20%,705000.0,210.0,1,White,Female,35-44,80.0,Loan originated
1,275000.0,20%-<30%,975000.0,182.0,1,White,Female,45-54,28.198,Loan originated
1,745000.0,39,935000.0,296.0,1,Hispanic or Latino,Joint,25-34,80.0,Loan originated
1,225000.0,47,435000.0,57.0,1,White,Female,55-64,52.26,Loan originated
1,865000.0,42,1285000.0,197.0,1,White,Male,35-44,67.549,Loan originated
1,705000.0,42,885000.0,358.0,1,White,Joint,65-74,80.0,Loan originated
1,325000.0,43,335000.0,66.0,1,Hispanic or Latino,Female,<25,97.0,Loan originated
1,495000.0,44,665000.0,135.0,1,White,Male,35-44,75.0,Loan originated
1,475000.0,20%-<30%,785000.0,187.0,1,Hispanic or Latino,Joint,35-44,60.51,Loan originated
1,475000.0,45,595000.0,57.0,1,White,Female,>74,80.0,Loan originated
1,225000.0,44,765000.0,393.0,1,Asian,Male,35-44,29.41,Loan originated
1,485000.0,49,565000.0,119.0,1,White,Joint,25-34,85.0,Loan originated
1,565000.0,49,705000.0,131.0,1,White,Female,35-44,80.0,Loan originated
1,1005000.0,30%-<36%,1255000.0,347.0,1,Asian,Female,45-54,80.0,Loan originated
1,355000.0,47,445000.0,78.0,1,White,Female,65-74,80.0,Loan originated
1,725000.0,20%-<30%,1595000.0,375.0,1,Hispanic or Latino,Joint,25-34,45.455,Loan originated
1,395000.0,20%-<30%,715000.0,165.0,1,Asian,Female,35-44,55.0,Loan originated
1,155000.0,46,195000.0,48.0,1,Hispanic or Latino,Male,35-44,80.0,Loan originated
1,335000.0,49,355000.0,66.0,1,Hispanic or Latino,Male,35-44,95.0,Loan originated
1,275000.0,44,325000.0,67.0,1,White,Male,35-44,85.0,Loan originated
1,925000.0,44,1335000.0,232.0,1,Asian,Joint,25-34,68.97,Loan originated
1,435000.0,45,445000.0,106.0,1,Black or African American,Female,35-44,97.0,Loan originated
1,885000.0,49,1285000.0,186.0,1,Asian,Female,25-34,68.75,Loan originated
1,525000.0,40,765000.0,136.0,1,White,Joint,35-44,69.474,Loan originated
1,665000.0,41,785000.0,205.0,1,White,Male,25-34,85.0,Loan originated
1,665000.0,49,1705000.0,157.0,1,White,Male,65-74,38.71,Loan originated
1,265000.0,45,275000.0,66.0,1,Hispanic or Latino,Male,25-34,97.0,Loan originated
1,725000.0,46,905000.0,155.0,1,White,Joint,25-34,80.0,Loan originated
1,65000.0,<20%,235000.0,174.0,1,White,Female,55-64,28.754,Loan originated
1,375000.0,49,595000.0,162.0,1,Asian,Joint,25-34,63.0,Loan originated
1,475000.0,42,595000.0,122.0,1,White,Female,35-44,79.16,Loan originated
1,565000.0,49,815000.0,126.0,1,White,Male,35-44,69.14,Loan originated
1,425000.0,36,565000.0,134.0,1,White,Female,25-34,75.0,Loan originated
1,305000.0,<20%,505000.0,250.0,1,White,Male,45-54,60.396,Loan originated
1,445000.0,42,465000.0,124.0,1,Hispanic or Latino,Male,25-34,97.0,Loan originated
1,1065000.0,46,1255000.0,202.0,1,White,Joint,35-44,85.297,Loan originated
1,545000.0,48,635000.0,134.0,1,White,Male,35-44,85.0,Loan originated
1,435000.0,46,535000.0,87.0,1,Asian,Male,25-34,80.0,Loan originated
1,1015000.0,<20%,2115000.0,1068.0,1,White,Joint,25-34,47.867,Loan originated
1,715000.0,30%-<36%,1225000.0,195.0,1,White,Joint,65-74,58.0,Loan originated
1,905000.0,38,1565000.0,262.0,1,Asian,Joint,35-44,57.4,Loan originated
1,615000.0,42,675000.0,138.0,1,White,Joint,25-34,90.0,Loan originated
1,685000.0,40,1085000.0,216.0,1,Asian,Female,45-54,62.96,Loan originated
1,355000.0,20%-<30%,605000.0,160.0,1,Asian,Joint,55-64,57.851,Loan originated
1,245000.0,45,265000.0,64.0,1,White,Male,35-44,95.0,Application denied
1,385000.0,30%-<36%,515000.0,119.0,1,White,Male,25-34,75.0,Loan originated
1,805000.0,30%-<36%,2005000.0,279.0,1,White,Female,45-54,40.0,Loan originated
1,595000.0,46,815000.0,184.0,1,Asian,Male,45-54,72.546,Loan originated
1,345000.0,43,565000.0,91.0,1,Black or African American,Female,45-54,97.891,Loan originated
1,325000.0,30%-<36%,335000.0,156.0,1,Hispanic or Latino,Joint,25-34,97.47,Application denied
1,475000.0,30%-<36%,675000.0,192.0,1,White,Male,35-44,70.0,Loan originated
1,765000.0,20%-<30%,1075000.0,245.0,1,Other,Male,25-34,72.0,Application denied
1,465000.0,48,775000.0,103.0,1,Asian,Female,35-44,59.611,Loan originated
1,245000.0,30%-<36%,325000.0,96.0,1,White,Male,25-34,75.38,Loan originated
1,755000.0,43,1005000.0,207.0,1,Asian,Joint,45-54,75.0,Loan originated
1,675000.0,44,965000.0,145.0,1,White,Female,35-44,70.0,Loan originated
1,975000.0,39,1585000.0,333.0,1,Asian,Joint,45-54,62.0,Loan originated
1,885000.0,44,1115000.0,216.0,1,Asian,Female,25-34,80.0,Loan originated
1,425000.0,20%-<30%,625000.0,144.0,1,Hispanic or Latino,Joint,35-44,68.0,Application denied
1,425000.0,48,715000.0,91.0,1,Asian,Joint,45-54,60.0,Loan originated
1,355000.0,<20%,755000.0,414.0,1,Asian,Male,35-44,46.67,Application denied
1,965000.0,38,1205000.0,286.0,1,Hispanic or Latino,Joint,25-34,80.0,Loan originated
1,155000.0,20%-<30%,1275000.0,160.0,1,White,Joint,55-64,11.76,Loan originated
1,345000.0,30%-<36%,425000.0,100.0,1,Hispanic or Latino,Male,<25,80.0,Loan originated
1,705000.0,40,785000.0,183.0,1,Hispanic or Latino,Joint,25-34,90.0,Loan originated
1,595000.0,30%-<36%,735000.0,225.0,1,Hispanic or Latino,Male,35-44,80.0,Loan originated
1,795000.0,30%-<36%,1525000.0,268.0,1,White,Joint,25-34,51.974,Loan originated
1,135000.0,>60%,215000.0,172.0,1,Hispanic or Latino,Male,25-34,59.93,Application denied
1,975000.0,41,1225000.0,256.0,1,White,Joint,25-34,80.0,Loan originated
1,715000.0,43,765000.0,208.0,1,White,Joint,25-34,93.464,Loan originated
1,205000.0,49,585000.0,45.0,1,Hispanic or Latino,Joint,35-44,34.274,Loan originated
1,955000.0,39,1195000.0,260.0,1,Asian,Male,25-34,80.0,Loan originated
1,635000.0,30%-<36%,845000.0,240.0,1,Other,Male,45-54,75.0,Loan originated
1,105000.0,48,755000.0,40.0,1,Hispanic or Latino,Joint,>74,13.333,Loan originated
1,245000.0,42,625000.0,80.0,1,Hispanic or Latino,Joint,55-64,39.5,Loan originated
1,665000.0,41,885000.0,181.0,1,White,Joint,35-44,75.0,Loan originated
1,305000.0,<20%,315000.0,216.0,1,White,Male,35-44,97.0,Loan originated
1,955000.0,42,1415000.0,231.0,1,White,Joint,35-44,35.18,Loan originated
1,115000.0,44,365000.0,34.0,1,White,Female,55-64,30.556,Loan originated
1,705000.0,39,805000.0,220.0,1,White,Joint,35-44,87.5,Loan originated
1,235000.0,20%-<30%,635000.0,126.0,1,White,Joint,65-74,36.508,Loan originated
1,505000.0,45,805000.0,139.0,1,Asian,Female,<25,63.0,Loan originated
1,255000.0,30%-<36%,415000.0,74.0,1,Hispanic or Latino,Male,45-54,60.976,Loan originated
1,245000.0,49,255000.0,53.0,1,White,Joint,45-54,97.0,Loan originated
1,645000.0,46,765000.0,151.0,1,Asian,Female,25-34,85.0,Loan originated
1,675000.0,50%-60%,715000.0,212.0,1,Hispanic or Latino,Male,25-34,95.0,Loan originated
1,335000.0,44,415000.0,155.0,1,Asian,Joint,35-44,80.0,Loan originated
1,125000.0,30%-<36%,565000.0,63.0,1,White,Female,65-74,21.429,Loan originated
1,75000.0,20%-<30%,555000.0,99.0,1,White,Joint,55-64,13.636,Loan originated
1,1005000.0,30%-<36%,1255000.0,309.0,1,Asian,Joint,25-34,80.0,Loan originated
