loan_purpose,loan_amount,debt_to_income_ratio,property_value,income,occupancy_type,derived_race,derived_sex,applicant_age,loan_to_value_ratio,action_taken
1,365000.0,47,915000.0,100.0,1,White,Female,55-64,39.891,Loan originated
1,235000.0,30%-<36%,935000.0,101.0,1,White,Male,65-74,24.731,Loan originated
1,535000.0,49,1915000.0,132.0,1,Asian,Male,25-34,28.06,Loan originated
1,325000.0,48,345000.0,68.0,1,Hispanic or Latino,Joint,25-34,95.0,Loan originated
1,765000.0,49,835000.0,150.0,1,Hispanic or Latino,Male,35-44,92.289,Loan originated
1,135000.0,30%-<36%,325000.0,88.0,1,Hispanic or Latino,Joint,65-74,42.46,Loan originated
1,215000.0,49,255000.0,67.0,1,White,Female,35-44,85.0,Loan originated
1,315000.0,42,635000.0,112.0,1,Asian,Male,35-44,48.819,Loan originated
1,115000.0,49,915000.0,56.0,1,White,Female,>74,12.56,Loan originated
1,465000.0,47,505000.0,165.0,1,Black or African American,Male,45-54,93.0,Loan originated
1,595000.0,44,745000.0,150.0,1,White,Male,45-54,80.0,Loan originated
1,585000.0,43,775000.0,157.0,1,White,Joint,45-54,75.0,Loan originated
1,625000.0,48,645000.0,144.0,1,Asian,Male,35-44,97.0,Loan originated
1,335000.0,45,425000.0,101.0,1,White,Joint,35-44,78.81,Loan originated
1,525000.0,30%-<36%,585000.0,299.0,1,Asian,Joint,45-54,90.0,Loan originated
1,485000.0,42,505000.0,138.0,1,Hispanic or Latino,Female,25-34,97.0,Loan originated
1,505000.0,49,625000.0,93.0,1,Black or African American,Male,35-44,80.0,Loan originated
1,785000.0,30%-<36%,1285000.0,315.0,1,Asian,Male,35-44,60.938,Loan originated
1,185000.0,41,545000.0,58.0,1,Hispanic or Latino,Male,55-64,34.259,Loan originated
1,855000.0,20%-<30%,1885000.0,365.0,1,Asian,Joint,35-44,45.03,Loan originated
1,735000.0,49,815000.0,170.0,1,Hispanic or Latino,Female,25-34,90.0,Loan originated
1,405000.0,49,525000.0,87.0,1,White,Joint,25-34,85.0,Loan originated
1,125000.0,<20%,125000.0,188.0,1,White,Female,45-54,96.999,Loan originated
1,605000.0,48,1905000.0,256.0,1,White,Joint,35-44,31.579,Loan originated
1,805000.0,38,1005000.0,343.0,1,Asian,Female,35-44,80.0,Loan originated
1,755000.0,48,795000.0,160.0,1,White,Male,35-44,95.0,Loan originated
1,295000.0,48,495000.0,71.0,1,Hispanic or Latino,Female,55-64,59.274,Loan originated
1,595000.0,44,1795000.0,310.0,1,White,Female,65-74,34.0,Loan originated
1,625000.0,44,745000.0,239.0,1,Hispanic or Latino,Male,45-54,85.0,Loan originated
1,565000.0,37,705000.0,153.0,1,Hispanic or Latino,Male,45-54,80.0,Loan originated
1,305000.0,42,355000.0,87.0,1,White,Joint,<25,87.429,Loan originated
1,405000.0,41,505000.0,101.0,1,Black or African American,Female,25-34,80.0,Loan originated
1,695000.0,49,865000.0,266.0,1,Hispanic or Latino,Joint,25-34,79.792,Loan originated
1,345000.0,20%-<30%,795000.0,169.0,1,Black or African American,Joint,25-34,43.038,Loan originated
1,495000.0,50%-60%,525000.0,152.0,1,Asian,Female,35-44,95.0,Application denied
1,235000.0,20%-<30%,285000.0,9.0,1,White,Joint,<25,79.585,Loan originated
1,765000.0,20%-<30%,1185000.0,270.0,1,White,Female,55-64,65.0,Loan originated
1,365000.0,20%-<30%,665000.0,239.0,1,Hispanic or Latino,Joint,55-64,54.625,Loan originated
1,415000.0,47,435000.0,100.0,1,Asian,Male,25-34,95.0,Loan originated
1,605000.0,20%-<30%,755000.0,214.0,1,Hispanic or Latino,Joint,25-34,80.0,Loan originated
1,215000.0,47,745000.0,98.0,1,Hispanic or Latino,Joint,55-64,30.0,Loan originated
1,865000.0,40,1085000.0,217.0,1,White,Female,35-44,80.0,Loan originated
1,1105000.0,41,1705000.0,294.0,1,Asian,Joint,25-34,64.71,Loan originated
1,475000.0,41,595000.0,206.0,1,Hispanic or Latino,Joint,45-54,80.0,Loan originated
1,525000.0,20%-<30%,1225000.0,295.0,1,Asian,Male,25-34,42.857,Loan originated
1,405000.0,46,425000.0,114.0,1,Asian,Male,35-44,95.0,Loan originated
1,765000.0,20%-<30%,1105000.0,323.0,1,White,Joint,45-54,69.686,Loan originated
1,945000.0,38,1055000.0,246.0,1,White,Joint,35-44,90.0,Loan originated
1,255000.0,47,325000.0,50.0,1,Hispanic or Latino,Female,25-34,80.0,Loan originated
1,265000.0,36,395000.0,81.0,1,White,Female,25-34,65.823,Loan originated
1,495000.0,<20%,1025000.0,145.0,1,Asian,Joint,25-34,49.07,Loan originated
1,365000.0,20%-<30%,435000.0,234.0,1,Hispanic or Latino,Male,35-44,85.0,Loan originated
1,445000.0,30%-<36%,465000.0,163.0,1,White,Female,25-34,95.0,Loan originated
1,305000.0,41,435000.0,196.0,1,White,Female,25-34,70.0,Loan originated
1,1065000.0,>60%,1455000.0,200.0,1,Asian,Female,45-54,73.448,Application denied
1,805000.0,39,1175000.0,242.0,1,Asian,Joint,25-34,68.889,Loan originated
1,225000.0,42,275000.0,146.0,1,Hispanic or Latino,Male,35-44,81.818,Application denied
1,435000.0,48,975000.0,125.0,1,Hispanic or Latino,Joint,45-54,44.92,Loan originated
1,675000.0,43,845000.0,150.0,1,Asian,Joint,45-54,80.0,Loan originated
1,225000.0,<20%,525000.0,206.0,1,Asian,Female,25-34,42.654,Application denied
1,755000.0,37,945000.0,269.0,1,Asian,Joint,25-34,80.0,Loan originated
1,195000.0,48,325000.0,38.0,1,Hispanic or Latino,Male,55-64,61.491,Loan originated
1,1005000.0,30%-<36%,1165000.0,346.0,1,White,Joint,35-44,87.0,Loan originated
1,715000.0,46,755000.0,150.0,1,Asian,Male,35-44,95.0,Loan originated
1,625000.0,44,775000.0,131.0,1,White,Male,<25,80.0,Loan originated
1,595000.0,42,745000.0,342.0,1,White,Male,25-34,80.0,Loan originated
1,175000.0,37,495000.0,82.0,1,White,Male,>74,36.0,Loan originated
1,785000.0,47,1705000.0,228.0,1,White,Female,35-44,45.882,Loan originated
1,485000.0,20%-<30%,655000.0,217.0,1,White,Joint,65-74,75.0,Loan originated
1,745000.0,49,975000.0,139.0,1,Asian,Joint,<25,76.392,Loan originated
1,355000.0,49,705000.0,145.0,1,Hispanic or Latino,Joint,45-54,50.857,Loan originated
1,705000.0,20%-<30%,1595000.0,411.0,1,Asian,Male,35-44,43.805,Loan originated
1,535000.0,42,555000.0,155.0,1,Asian,Male,25-34,100.0,Loan originated
1,545000.0,47,685000.0,112.0,1,Hispanic or Latino,Female,35-44,80.0,Loan originated
1,365000.0,30%-<36%,525000.0,204.0,1,Asian,Male,45-54,70.0,Loan originated
1,625000.0,44,835000.0,251.0,1,White,Joint,55-64,75.0,Loan originated
1,1005000.0,44,1625000.0,245.0,1,White,Joint,25-34,61.538,Loan originated
1,605000.0,46,815000.0,185.0,1,White,Male,45-54,75.0,Loan originated
1,675000.0,45,705000.0,173.0,1,Hispanic or Latino,Joint,25-34,97.0,Loan originated
1,355000.0,49,925000.0,83.0,1,Asian,Female,35-44,39.0,Loan originated
1,245000.0,47,755000.0,79.0,1,White,Male,65-74,31.623,Loan originated
1,935000.0,30%-<36%,1305000.0,336.0,1,Asian,Joint,35-44,71.767,Loan originated
1,435000.0,46,535000.0,92.0,1,Asian,Male,35-44,82.0,Loan originated
1,295000.0,30%-<36%,795000.0,141.0,1,White,Joint,>74,37.107,Loan originated
1,155000.0,30%-<36%,355000.0,102.0,1,Hispanic or Latino,Male,<25,43.0,Loan originated
1,805000.0,<20%,4285000.0,777.0,1,White,Female,55-64,30.34,Loan originated
1,365000.0,47,675000.0,84.0,1,White,Male,25-34,53.333,Loan originated
1,345000.0,49,385000.0,76.0,1,White,Joint,55-64,88.226,Loan originated
1,655000.0,42,755000.0,196.0,1,Asian,Male,35-44,86.0,Loan originated
1,745000.0,38,805000.0,220.0,1,Asian,Joint,45-54,91.68,Loan originated
1,915000.0,41,1295000.0,225.0,1,White,Female,35-44,80.0,Loan originated
1,1105000.0,30%-<36%,1375000.0,342.0,1,Asian,Male,35-44,80.0,Loan originated
1,505000.0,<20%,1705000.0,370.0,1,White,Joint,35-44,29.42,Loan originated
1,25000.0,40,725000.0,156.0,1,Black or African American,Joint,25-34,100.0,Loan originated
1,665000.0,49,825000.0,235.0,1,Asian,Joint,35-44,80.0,Loan originated
1,685000.0,47,725000.0,183.0,1,Hispanic or Latino,Male,25-34,95.0,Loan originated
1,495000.0,38,525000.0,331.0,1,Asian,Joint,>74,95.0,Loan originated
1,485000.0,44,605000.0,189.0,1,Asian,Female,35-44,80.0,Loan originated
1,675000.0,47,705000.0,163.0,1,White,Joint,25-34,95.0,Loan originated
1,295000.0,43,305000.0,77.0,1,Hispanic or Latino,Male,25-34,100.0,Loan originated
1,595000.0,38,615000.0,194.0,1,White,Female,35-44,97.0,Loan originated
1,165000.0,<20%,205000.0,212.0,1,Asian,Male,35-44,80.0,Application denied
1,425000.0,43,545000.0,124.0,1,Hispanic or Latino,Female,35-44,79.046,Loan originated
1,195000.0,20%-<30%,295000.0,95.0,1,White,Male,25-34,67.241,Loan originated
1,305000.0,40,1125000.0,142.0,1,White,Joint,45-54,26.667,Loan originated
1,1105000.0,36,1565000.0,417.0,1,White,Male,45-54,70.288,Loan originated
1,765000.0,30%-<36%,1105000.0,288.0,1,White,Joint,35-44,69.686,Loan originated
1,705000.0,46,1195000.0,190.0,1,Hispanic or Latino,Male,25-34,58.382,Loan originated
1,645000.0,<20%,815000.0,393.0,1,Hispanic or Latino,Male,45-54,80.0,Loan originated
1,455000.0,43,565000.0,122.0,1,White,Male,35-44,80.0,Loan originated
1,545000.0,>60%,575000.0,108.0,1,Other,Male,45-54,95.0,Application denied
1,525000.0,48,585000.0,120.0,1,Hispanic or Latino,Male,25-34,90.0,Loan originated
1,575000.0,45,685000.0,152.0,1,Asian,Female,25-34,83.942,Application denied
1,705000.0,48,835000.0,207.0,1,Asian,Male,25-34,85.0,Loan originated
1,875000.0,43,965000.0,296.0,1,White,Joint,35-44,90.927,Loan originated
1,125000.0,30%-<36%,325000.0,68.0,1,White,Male,55-64,38.0,Loan originated
1,345000.0,30%-<36%,495000.0,159.0,1,Asian,Joint,55-64,70.0,Loan originated
1,585000.0,41,655000.0,206.0,1,Hispanic or Latino,Joint,35-44,90.0,Loan originated
1,165000.0,20%-<30%,665000.0,380.0,1,Asian,Joint,35-44,24.812,Loan originated
1,435000.0,20%-<30%,635000.0,259.0,1,White,Male,35-44,68.504,Loan originated
1,695000.0,41,775000.0,165.0,1,White,Male,25-34,89.935,Loan originated
1,1005000.0,41,5035000.0,535.0,1,Asian,Female,35-44,19.881,Loan originated
1,325000.0,46,515000.0,81.0,1,White,Joint,45-54,63.94,Loan originated
1,505000.0,<20%,675000.0,336.0,1,Asian,Joint,25-34,75.0,Loan originated
1,235000.0,44,635000.0,113.0,1,Asian,Female,35-44,37.028,Loan originated
1,685000.0,46,765000.0,155.0,1,White,Male,35-44,89.989,Loan originated
1,435000.0,40,545000.0,309.0,1,White,Male,45-54,80.0,Loan originated
1,625000.0,<20%,775000.0,1573.0,1,Asian,Male,45-54,80.0,Loan originated
1,485000.0,37,645000.0,159.0,1,White,Male,65-74,75.0,Loan originated
1,895000.0,49,955000.0,207.0,1,Hispanic or Latino,Joint,25-34,93.95,Loan originated
1,125000.0,30%-<36%,565000.0,63.0,1,White,Female,65-74,21.429,Loan originated
1,455000.0,45,505000.0,100.0,1,White,Female,25-34,90.0,Loan originated
1,765000.0,48,805000.0,151.0,1,Hispanic or Latino,Male,25-34,95.0,Loan originated
1,405000.0,40,425000.0,115.0,1,Black or African American,Female,25-34,95.0,Loan originated
1,325000.0,49,345000.0,188.0,1,Black or African American,Joint,25-34,94.94,Loan originated
1,705000.0,44,785000.0,236.0,1,White,Male,45-54,90.0,Loan originated
1,625000.0,20%-<30%,695000.0,313.0,1,Asian,Joint,<25,89.99,Loan originated
1,615000.0,50%-60%,645000.0,174.0,1,White,Joint,25-34,96.5,Application denied
1,455000.0,43,575000.0,98.0,1,White,Male,45-54,80.0,Loan originated
1,155000.0,47,165000.0,83.0,1,Hispanic or Latino,Male,45-54,95.0,Loan originated
1,505000.0,20%-<30%,1305000.0,365.0,1,White,Joint,65-74,39.0,Loan originated
1,965000.0,44,1205000.0,336.0,1,White,Female,35-44,80.0,Loan originated
1,595000.0,30%-<36%,665000.0,195.0,1,Hispanic or Latino,Joint,25-34,89.99,Loan originated
1,255000.0,48,345000.0,88.0,1,Hispanic or Latino,Male,35-44,75.0,Loan originated
1,445000.0,42,455000.0,132.0,1,Hispanic or Latino,Joint,35-44,99.889,Loan originated
1,855000.0,<20%,955000.0,0.0,1,White,Female,45-54,90.0,Application denied
1,195000.0,46,215000.0,46.0,1,Hispanic or Latino,Female,25-34,90.476,Application denied
1,505000.0,39,595000.0,203.0,1,Asian,Joint,25-34,85.0,Loan originated
1,345000.0,43,435000.0,71.0,1,Hispanic or Latino,Female,35-44,79.31,Loan originated
1,665000.0,48,775000.0,170.0,1,Asian,Female,45-54,85.0,Loan originated
1,985000.0,46,1165000.0,293.0,1,Asian,Joint,25-34,85.0,Loan originated
1,625000.0,50%-60%,775000.0,119.0,1,Hispanic or Latino,Male,35-44,80.0,Application denied
1,535000.0,20%-<30%,765000.0,145.0,1,Asian,Male,35-44,69.94,Loan originated
1,425000.0,47,475000.0,130.0,1,Hispanic or Latino,Joint,35-44,89.552,Loan originated
1,605000.0,30%-<36%,755000.0,220.0,1,White,Male,35-44,79.31,Loan originated
1,275000.0,30%-<36%,525000.0,215.0,1,White,Joint,>74,52.381,Loan originated
1,595000.0,20%-<30%,795000.0,240.0,1,White,Male,25-34,75.0,Loan originated
1,655000.0,46,825000.0,145.0,1,White,Joint,55-64,80.0,Loan originated
1,885000.0,41,1105000.0,207.0,1,White,Male,25-34,80.0,Loan originated
1,745000.0,40,785000.0,295.0,1,White,Joint,35-44,95.0,Loan originated
1,455000.0,30%-<36%,795000.0,165.0,1,Asian,Male,25-34,56.885,Loan originated
1,565000.0,49,765000.0,124.0,1,White,Female,25-34,73.684,Loan originated
1,215000.0,49,245000.0,58.0,1,White,Joint,35-44,86.33,Loan originated
1,255000.0,47,395000.0,113.0,1,Black or African American,Male,35-44,80.0,Loan originated
1,715000.0,47,785000.0,228.0,1,Asian,Joint,35-44,89.98,Loan originated
1,555000.0,42,585000.0,133.0,1,Hispanic or Latino,Male,45-54,95.0,Loan originated
1,325000.0,>60%,345000.0,40.0,1,Hispanic or Latino,Joint,35-44,95.0,Application denied
1,345000.0,39,355000.0,133.0,1,White,Joint,25-34,97.0,Loan originated
1,385000.0,42,405000.0,115.0,1,White,Female,25-34,95.0,Loan originated
1,545000.0,30%-<36%,675000.0,166.0,1,White,Joint,35-44,80.0,Loan originated
1,435000.0,20%-<30%,465000.0,189.0,1,Hispanic or Latino,Joint,25-34,95.0,Loan originated
1,225000.0,<20%,235000.0,156.0,1,Asian,Male,25-34,95.0,Loan originated
1,705000.0,30%-<36%,1005000.0,314.0,1,White,Joint,35-44,70.0,Loan originated
1,575000.0,30%-<36%,725000.0,165.0,1,Asian,Male,35-44,80.0,Loan originated
1,415000.0,43,435000.0,147.0,1,Hispanic or Latino,Male,55-64,95.0,Loan originated
1,1105000.0,38,1305000.0,326.0,1,Asian,Male,35-44,85.0,Loan originated
1,275000.0,43,545000.0,80.0,1,White,Female,45-54,49.54,Loan originated
1,505000.0,49,535000.0,148.0,1,White,Male,<25,95.0,Loan originated
1,725000.0,42,715000.0,177.0,1,White,Male,35-44,101.75,Loan originated
1,325000.0,47,435000.0,100.0,1,Hispanic or Latino,Female,25-34,75.0,Loan originated
1,625000.0,30%-<36%,785000.0,187.0,1,White,Male,25-34,80.0,Loan originated
1,765000.0,20%-<30%,965000.0,1019.0,1,White,Female,45-54,80.0,Loan originated
1,65000.0,48,75000.0,37.0,1,White,Male,55-64,95.0,Application denied
1,575000.0,20%-<30%,645000.0,633.0,1,Hispanic or Latino,Male,25-34,90.0,Loan originated
1,725000.0,<20%,855000.0,1323.0,1,Asian,Male,35-44,85.0,Loan originated
1,765000.0,30%-<36%,1255000.0,281.0,1,Asian,Joint,35-44,61.231,Loan originated
1,975000.0,49,1055000.0,215.0,1,White,Joint,35-44,93.05,Loan originated
1,335000.0,30%-<36%,685000.0,96.0,1,White,Female,55-64,48.627,Loan originated
1,435000.0,48,465000.0,221.0,1,Asian,Joint,45-54,95.0,Loan originated
1,465000.0,50%-60%,555000.0,102.0,1,Hispanic or Latino,Male,25-34,85.0,Loan originated
1,365000.0,45,375000.0,110.0,1,Hispanic or Latino,Male,35-44,97.0,Loan originated
1,825000.0,20%-<30%,1625000.0,409.0,1,White,Male,55-64,50.8,Loan originated
1,575000.0,48,725000.0,149.0,1,White,Female,35-44,80.0,Loan originated
1,405000.0,48,505000.0,99.0,1,White,Joint,45-54,100.0,Loan originated
1,705000.0,36,845000.0,304.0,1,Asian,Female,35-44,82.945,Loan originated
1,515000.0,41,545000.0,144.0,1,White,Joint,25-34,95.0,Loan originated
1,445000.0,20%-<30%,495000.0,173.0,1,Hispanic or Latino,Joint,35-44,90.0,Loan originated
1,945000.0,37,1185000.0,671.0,1,White,Joint,55-64,80.0,Loan originated
1,735000.0,20%-<30%,775000.0,325.0,1,Asian,Joint,25-34,95.0,Loan originated
1,655000.0,30%-<36%,1005000.0,337.0,1,Asian,Joint,35-44,65.0,Loan originated
1,125000.0,20%-<30%,155000.0,75.0,1,White,Male,45-54,80.0,Loan originated
1,375000.0,36,545000.0,290.0,1,White,Joint,65-74,70.0,Loan originated
1,665000.0,45,995000.0,331.0,1,Asian,Female,35-44,66.667,Loan originated
1,855000.0,38,1255000.0,285.0,1,White,Joint,45-54,68.0,Loan originated
1,655000.0,49,1005000.0,206.0,1,White,Joint,25-34,65.0,Loan originated
1,765000.0,<20%,805000.0,0.0,1,White,Female,25-34,94.99,Application denied
1,55000.0,42,65000.0,38.0,1,White,Female,65-74,82.49,Loan originated
1,555000.0,38,695000.0,172.0,1,Asian,Joint,25-34,80.0,Loan originated
1,825000.0,37,1265000.0,271.0,1,White,Male,45-54,65.0,Loan originated
1,435000.0,20%-<30%,1515000.0,260.0,1,Asian,Female,25-34,28.477,Application denied
1,355000.0,48,445000.0,84.0,1,White,Male,25-34,80.0,Loan originated
1,245000.0,48,355000.0,102.0,1,Other,Female,35-44,69.5,Loan originated
1,275000.0,30%-<36%,375000.0,77.0,1,Asian,Female,35-44,73.33,Loan originated
1,615000.0,49,655000.0,130.0,1,Hispanic or Latino,Joint,25-34,97.0,Loan originated
1,985000.0,30%-<36%,1225000.0,307.0,1,White,Joint,55-64,80.0,Loan originated
1,895000.0,43,1125000.0,199.0,1,Asian,Joint,25-34,80.0,Loan originated
1,735000.0,30%-<36%,775000.0,196.0,1,White,Joint,25-34,95.0,Loan originated
1,545000.0,30%-<36%,685000.0,174.0,1,White,Joint,25-34,80.0,Loan originated
1,765000.0,48,1275000.0,197.0,1,Asian,Male,25-34,60.0,Loan originated
1,745000.0,45,835000.0,195.0,1,White,Male,35-44,89.88,Loan originated
1,285000.0,37,355000.0,135.0,1,White,Joint,25-34,80.0,Loan originated
1,135000.0,30%-<36%,545000.0,84.0,1,Asian,Female,55-64,24.681,Loan originated
1,575000.0,20%-<30%,755000.0,230.0,1,White,Joint,35-44,75.626,Loan originated
1,805000.0,30%-<36%,1505000.0,283.0,1,Asian,Male,35-44,53.34,Loan originated
1,765000.0,20%-<30%,1195000.0,260.0,1,Hispanic or Latino,Male,25-34,65.0,Loan originated
1,185000.0,20%-<30%,995000.0,213.0,1,White,Joint,35-44,18.182,Loan originated
1,815000.0,20%-<30%,1035000.0,40.0,1,Asian,Female,35-44,80.0,Loan originated
1,305000.0,45,335000.0,88.0,1,White,Male,25-34,91.04,Loan originated
1,635000.0,42,915000.0,162.0,1,Hispanic or Latino,Joint,35-44,97.0,Loan originated
1,955000.0,49,1355000.0,275.0,1,Asian,Male,25-34,71.0,Loan originated
1,315000.0,49,855000.0,102.0,1,White,Male,45-54,36.56,Loan originated
1,465000.0,47,525000.0,115.0,1,White,Female,25-34,90.0,Loan originated
1,335000.0,45,355000.0,428.0,1,White,Male,45-54,95.0,Loan originated
1,595000.0,49,625000.0,130.0,1,Black or African American,Female,65-74,95.0,Loan originated
1,345000.0,46,575000.0,120.0,1,White,Male,25-34,60.0,Loan originated
1,575000.0,30%-<36%,605000.0,244.0,1,White,Joint,45-54,95.0,Loan originated
1,875000.0,30%-<36%,1095000.0,288.0,1,White,Joint,35-44,80.0,Loan originated
1,315000.0,43,395000.0,91.0,1,White,Joint,55-64,80.0,Loan originated
1,565000.0,30%-<36%,1065000.0,753.0,1,White,Male,25-34,52.83,Loan originated
1,585000.0,43,725000.0,144.0,1,Hispanic or Latino,Joint,25-34,80.0,Loan originated
1,325000.0,20%-<30%,415000.0,114.0,1,Hispanic or Latino,Male,25-34,80.0,Loan originated
1,215000.0,49,245000.0,53.0,1,Black or African American,Male,55-64,90.0,Loan originated
1,1005000.0,>60%,1255000.0,174.0,1,White,Male,25-34,80.0,Application denied
1,135000.0,48,455000.0,30.0,1,White,Male,55-64,30.0,Application denied
1,775000.0,30%-<36%,865000.0,643.0,1,White,Male,25-34,90.0,Loan originated
1,655000.0,40,765000.0,174.0,1,Hispanic or Latino,Joint,35-44,85.0,Loan originated
1,685000.0,49,855000.0,151.0,1,Hispanic or Latino,Male,35-44,80.0,Application denied
1,385000.0,20%-<30%,545000.0,151.0,1,White,Female,25-34,70.0,Loan originated
1,955000.0,30%-<36%,1855000.0,285.0,1,Asian,Male,35-44,51.351,Loan originated
1,325000.0,49,565000.0,68.0,1,Asian,Male,55-64,56.738,Loan originated
1,905000.0,47,1135000.0,223.0,1,White,Female,55-64,80.0,Loan originated
1,345000.0,40,365000.0,87.0,1,White,Male,25-34,95.0,Loan originated
1,745000.0,42,785000.0,203.0,1,Hispanic or Latino,Joint,35-44,95.0,Loan originated
1,665000.0,38,835000.0,180.0,1,Hispanic or Latino,Joint,25-34,80.0,Loan originated
1,815000.0,42,915000.0,192.0,1,White,Joint,45-54,89.99,Loan originated
1,515000.0,20%-<30%,735000.0,225.0,1,Hispanic or Latino,Male,25-34,70.0,Loan originated
1,285000.0,38,605000.0,90.0,1,Asian,Male,25-34,46.67,Loan originated
1,545000.0,49,575000.0,142.0,1,White,Male,55-64,95.0,Loan originated
1,385000.0,36,415000.0,107.0,1,Hispanic or Latino,Joint,35-44,95.0,Loan originated
1,185000.0,42,925000.0,157.0,1,White,Joint,35-44,19.459,Loan originated
1,405000.0,49,605000.0,81.0,1,Asian,Male,35-44,66.5,Loan originated
1,445000.0,30%-<36%,945000.0,189.0,1,White,Female,65-74,46.809,Loan originated
1,575000.0,47,725000.0,170.0,1,Asian,Female,35-44,80.0,Loan originated
1,625000.0,30%-<36%,735000.0,391.0,1,Asian,Female,45-54,85.0,Loan originated
1,715000.0,48,955000.0,222.0,1,Asian,Male,65-74,75.0,Loan originated
1,1005000.0,42,1135000.0,292.0,1,White,Male,35-44,89.049,Loan originated
1,605000.0,38,755000.0,203.0,1,White,Joint,55-64,80.0,Loan originated
1,605000.0,38,755000.0,281.0,1,White,Joint,35-44,80.0,Loan originated
1,675000.0,50%-60%,705000.0,128.0,1,Hispanic or Latino,Joint,25-34,97.0,Loan originated
1,185000.0,37,505000.0,83.0,1,White,Joint,45-54,35.991,Loan originated
1,305000.0,49,805000.0,77.0,1,Asian,Male,25-34,37.887,Loan originated
1,395000.0,>60%,435000.0,113.0,1,White,Female,55-64,90.0,Application denied
1,305000.0,41,375000.0,71.0,1,White,Male,25-34,80.0,Loan originated
1,355000.0,42,445000.0,215.0,1,White,Male,55-64,80.0,Loan originated
1,205000.0,30%-<36%,265000.0,66.0,1,White,Joint,65-74,90.094,Loan originated
1,585000.0,45,785000.0,138.0,1,White,Male,55-64,74.359,Loan originated
1,875000.0,30%-<36%,1095000.0,288.0,1,White,Female,25-34,80.0,Loan originated
1,355000.0,47,515000.0,77.0,1,White,Female,35-44,70.0,Loan originated
1,485000.0,46,505000.0,113.0,1,Hispanic or Latino,Joint,35-44,100.0,Loan originated
1,765000.0,20%-<30%,955000.0,320.0,1,Asian,Male,25-34,80.0,Loan originated
1,465000.0,20%-<30%,565000.0,160.0,1,Other,Female,45-54,82.163,Loan originated
1,445000.0,30%-<36%,555000.0,198.0,1,White,Male,25-34,80.0,Loan originated
1,495000.0,46,515000.0,159.0,1,White,Joint,25-34,97.0,Loan originated
1,365000.0,30%-<36%,375000.0,112.0,1,Hispanic or Latino,Joint,25-34,100.0,Loan originated
1,455000.0,43,865000.0,130.0,1,White,Female,25-34,52.601,Loan originated
1,355000.0,>60%,755000.0,59.0,1,Asian,Joint,45-54,46.667,Application denied
1,115000.0,30%-<36%,155000.0,133.0,1,White,Joint,65-74,75.0,Loan originated
1,105000.0,20%-<30%,205000.0,73.0,1,White,Male,55-64,50.0,Loan originated
1,375000.0,45,645000.0,113.0,1,White,Female,45-54,57.62,Loan originated
1,1215000.0,44,1285000.0,291.0,1,Hispanic or Latino,Male,25-34,95.0,Loan originated
1,915000.0,43,1215000.0,228.0,1,Asian,Joint,35-44,75.0,Loan originated
1,575000.0,30%-<36%,715000.0,160.0,1,Asian,Male,35-44,80.0,Loan originated
1,475000.0,30%-<36%,495000.0,159.0,1,Hispanic or Latino,Joint,35-44,95.0,Loan originated
1,565000.0,49,635000.0,209.0,1,Hispanic or Latino,Joint,25-34,90.0,Loan originated
1,1075000.0,45,1155000.0,280.0,1,White,Male,35-44,94.0,Loan originated
1,675000.0,30%-<36%,845000.0,183.0,1,Asian,Joint,35-44,80.0,Application denied
1,385000.0,30%-<36%,415000.0,133.0,1,Hispanic or Latino,Joint,35-44,95.0,Loan originated
1,415000.0,38,555000.0,126.0,1,White,Male,25-34,74.775,Loan originated
1,755000.0,30%-<36%,1205000.0,308.0,1,White,Joint,65-74,62.03,Loan originated
1,455000.0,46,505000.0,105.0,1,Hispanic or Latino,Joint,25-34,94.0,Application denied
1,615000.0,30%-<36%,825000.0,185.0,1,White,Female,55-64,75.0,Loan originated
1,315000.0,39,335000.0,80.0,1,Hispanic or Latino,Joint,45-54,95.0,Loan originated
1,905000.0,48,1005000.0,218.0,1,Hispanic or Latino,Female,35-44,90.0,Loan originated
1,245000.0,43,305000.0,255.0,1,Asian,Joint,45-54,80.0,Loan originated
1,755000.0,<20%,1265000.0,2347.0,1,White,Male,65-74,60.0,Loan originated
1,315000.0,20%-<30%,395000.0,414.0,1,Hispanic or Latino,Male,35-44,80.0,Application denied
1,305000.0,50%-60%,505000.0,93.0,1,Hispanic or Latino,Male,35-44,60.0,Application denied
1,365000.0,41,385000.0,88.0,1,Hispanic or Latino,Joint,35-44,95.0,Loan originated
1,585000.0,43,815000.0,225.0,1,White,Female,45-54,71.166,Loan originated
1,455000.0,49,535000.0,87.0,1,White,Female,35-44,88.0,Loan originated
1,675000.0,45,905000.0,158.0,1,Asian,Male,65-74,75.0,Loan originated
1,535000.0,44,565000.0,186.0,1,Black or African American,Joint,35-44,95.0,Loan originated
1,355000.0,30%-<36%,635000.0,197.0,1,Hispanic or Latino,Joint,<25,87.302,Loan originated
1,885000.0,49,1235000.0,210.0,1,Asian,Female,35-44,71.545,Loan originated
1,645000.0,47,675000.0,150.0,1,Asian,Female,25-34,95.0,Loan originated
1,615000.0,40,865000.0,175.0,1,White,Joint,55-64,71.014,Loan originated
1,735000.0,47,915000.0,218.0,1,White,Joint,45-54,80.0,Loan originated
1,395000.0,42,695000.0,415.0,1,White,Male,55-64,57.051,Loan originated
1,305000.0,39,1305000.0,189.0,1,White,Female,55-64,23.07,Loan originated
1,585000.0,39,695000.0,155.0,1,White,Joint,35-44,85.0,Loan originated
1,495000.0,46,615000.0,111.0,1,Asian,Male,25-34,80.0,Loan originated
1,605000.0,20%-<30%,885000.0,248.0,1,Asian,Joint,25-34,68.362,Loan originated
1,735000.0,48,775000.0,158.0,1,Hispanic or Latino,Female,35-44,95.0,Loan originated
1,345000.0,20%-<30%,355000.0,122.0,1,White,Female,<25,97.0,Loan originated
1,395000.0,37,415000.0,102.0,1,Hispanic or Latino,Joint,35-44,95.0,Loan originated
1,965000.0,43,1135000.0,343.0,1,Hispanic or Latino,Joint,55-64,85.0,Application denied
1,465000.0,50%-60%,625000.0,87.0,1,Asian,Female,25-34,74.675,Application denied
1,1005000.0,39,1085000.0,347.0,1,Asian,Joint,35-44,93.0,Loan originated
1,625000.0,<20%,695000.0,807.0,1,White,Female,35-44,90.0,Loan originated
1,435000.0,30%-<36%,485000.0,147.0,1,Hispanic or Latino,Female,25-34,89.583,Loan originated
1,745000.0,37,1495000.0,240.0,1,White,Male,45-54,50.0,Loan originated
1,605000.0,20%-<30%,955000.0,275.0,1,White,Male,35-44,63.235,Loan originated
1,695000.0,20%-<30%,935000.0,334.0,1,White,Joint,35-44,75.0,Loan originated
1,505000.0,47,855000.0,233.0,1,White,Joint,35-44,58.685,Loan originated
1,475000.0,43,595000.0,136.0,1,Asian,Joint,35-44,80.0,Loan originated
1,935000.0,44,1335000.0,226.0,1,Asian,Male,25-34,70.0,Loan originated
1,725000.0,30%-<36%,1215000.0,238.0,1,White,Joint,55-64,60.129,Loan originated
1,385000.0,44,425000.0,154.0,1,Asian,Female,25-34,90.0,Loan originated
1,535000.0,48,665000.0,143.0,1,White,Female,35-44,80.0,Loan originated
1,435000.0,36,525000.0,207.0,1,Black or African American,Joint,25-34,84.0,Loan originated
1,205000.0,>60%,265000.0,28.0,1,Hispanic or Latino,Female,45-54,76.34,Application denied
1,645000.0,45,675000.0,177.0,1,Asian,Male,35-44,94.999,Loan originated
1,895000.0,44,1115000.0,231.0,1,White,Joint,35-44,80.0,Loan originated
1,315000.0,48,375000.0,66.0,1,White,Male,35-44,85.0,Loan originated
1,255000.0,48,265000.0,57.0,1,Hispanic or Latino,Male,55-64,97.0,Loan originated
1,525000.0,44,655000.0,129.0,1,Asian,Joint,25-34,80.0,Loan originated
1,1085000.0,49,1385000.0,227.0,1,Asian,Female,35-44,78.38,Loan originated
1,425000.0,20%-<30%,525000.0,208.0,1,White,Joint,65-74,80.0,Loan originated
1,585000.0,47,785000.0,149.0,1,Asian,Female,25-34,75.0,Loan originated
1,765000.0,40,955000.0,190.0,1,Asian,Male,25-34,80.0,Loan originated
1,975000.0,50%-60%,1215000.0,410.0,1,Other,Male,45-54,80.0,Loan originated
1,735000.0,30%-<36%,925000.0,241.0,1,Hispanic or Latino,Joint,35-44,80.0,Loan originated
1,745000.0,30%-<36%,925000.0,204.0,1,White,Joint,55-64,80.0,Loan originated
1,765000.0,37,1675000.0,259.0,1,White,Joint,35-44,45.731,Loan originated
1,425000.0,45,445000.0,116.0,1,White,Male,45-54,96.37,Loan originated
1,435000.0,37,545000.0,205.0,1,White,Joint,65-74,80.0,Loan originated
1,895000.0,42,995000.0,235.0,1,Asian,Female,25-34,90.0,Loan originated
1,155000.0,<20%,745000.0,218.0,1,Hispanic or Latino,Male,55-64,20.399,Loan originated
1,575000.0,44,765000.0,175.0,1,Hispanic or Latino,Joint,25-34,75.0,Loan originated
1,515000.0,41,715000.0,232.0,1,White,Female,45-54,72.028,Loan originated
1,205000.0,20%-<30%,485000.0,103.0,1,White,Male,>74,41.667,Loan originated
1,515000.0,37,575000.0,131.0,1,Hispanic or Latino,Male,25-34,90.0,Loan originated
1,305000.0,39,985000.0,95.0,1,Asian,Female,25-34,30.612,Loan originated
1,305000.0,49,315000.0,68.0,1,Black or African American,Female,45-54,100.0,Loan originated
1,975000.0,48,1505000.0,200.0,1,Asian,Male,25-34,65.0,Loan originated
1,505000.0,20%-<30%,755000.0,247.0,1,Asian,Joint,65-74,66.299,Loan originated
1,685000.0,48,875000.0,132.0,1,White,Male,35-44,95.0,Loan originated
1,515000.0,>60%,515000.0,76.0,1,Hispanic or Latino,Joint,35-44,100.339,Application denied
1,455000.0,45,565000.0,181.0,1,Black or African American,Joint,35-44,80.0,Loan originated
1,595000.0,20%-<30%,695000.0,312.0,1,Hispanic or Latino,Male,25-34,85.0,Loan originated
1,365000.0,49,425000.0,78.0,1,Black or African American,Male,65-74,105.0,Loan originated
1,405000.0,30%-<36%,475000.0,164.0,1,White,Joint,35-44,88.669,Loan originated
1,605000.0,36,1005000.0,223.0,1,Asian,Male,45-54,60.0,Loan originated
1,505000.0,49,595000.0,162.0,1,White,Joint,35-44,85.0,Loan originated
1,325000.0,39,345000.0,85.0,1,White,Joint,65-74,97.0,Loan originated
1,765000.0,47,815000.0,180.0,1,Hispanic or Latino,Joint,35-44,95.0,Loan originated
1,475000.0,42,505000.0,142.0,1,Hispanic or Latino,Joint,<25,95.0,Loan originated
1,525000.0,42,655000.0,179.0,1,White,Male,35-44,80.0,Loan originated
1,765000.0,48,1025000.0,412.0,1,Asian,Joint,45-54,75.0,Loan originated
1,585000.0,49,625000.0,225.0,1,Asian,Joint,35-44,95.0,Loan originated
1,195000.0,49,215000.0,90.0,1,Black or African American,Female,35-44,95.0,Loan originated
1,645000.0,43,805000.0,181.0,1,Asian,Male,35-44,80.0,Loan originated
1,525000.0,36,1225000.0,191.0,1,White,Male,25-34,42.857,Loan originated
1,195000.0,20%-<30%,245000.0,91.0,1,Hispanic or Latino,Female,<25,80.0,Loan originated
1,505000.0,47,555000.0,102.0,1,Asian,Male,25-34,89.675,Loan originated
1,765000.0,49,875000.0,262.0,1,Asian,Joint,35-44,87.903,Loan originated
1,625000.0,42,655000.0,137.0,1,Asian,Joint,35-44,95.0,Loan originated
1,285000.0,45,495000.0,75.0,1,Asian,Male,45-54,57.636,Loan originated
1,1125000.0,43,1415000.0,268.0,1,White,Male,45-54,80.0,Loan originated
1,545000.0,30%-<36%,725000.0,213.0,1,Asian,Male,35-44,74.91,Loan originated
1,715000.0,42,895000.0,175.0,1,Asian,Joint,35-44,80.0,Loan originated
1,695000.0,43,775000.0,198.0,1,Hispanic or Latino,Joint,35-44,90.0,Loan originated
1,405000.0,42,645000.0,218.0,1,White,Female,65-74,62.02,Loan originated
1,715000.0,47,955000.0,155.0,1,White,Male,55-64,75.0,Loan originated
1,415000.0,20%-<30%,555000.0,154.0,1,Asian,Joint,35-44,73.609,Loan originated
1,595000.0,49,675000.0,125.0,1,Hispanic or Latino,Joint,35-44,88.077,Loan originated
1,715000.0,45,895000.0,174.0,1,Asian,Joint,25-34,80.0,Loan originated
1,845000.0,20%-<30%,1055000.0,411.0,1,White,Male,25-34,80.0,Loan originated
1,425000.0,30%-<36%,445000.0,133.0,1,Asian,Female,25-34,95.0,Loan originated
1,295000.0,44,315000.0,138.0,1,Black or African American,Joint,35-44,95.0,Loan originated
1,525000.0,44,705000.0,168.0,1,Hispanic or Latino,Male,35-44,75.0,Loan originated
1,645000.0,45,715000.0,173.0,1,Hispanic or Latino,Female,35-44,90.0,Loan originated
1,465000.0,20%-<30%,575000.0,362.0,1,White,Joint,45-54,80.0,Loan originated
1,435000.0,47,535000.0,105.0,1,Hispanic or Latino,Female,25-34,80.0,Loan originated
1,1145000.0,46,1805000.0,276.0,1,Hispanic or Latino,Joint,>74,63.861,Loan originated
1,395000.0,20%-<30%,695000.0,138.0,1,Hispanic or Latino,Male,65-74,56.958,Loan originated
1,355000.0,40,445000.0,88.0,1,White,Female,45-54,80.0,Loan originated
1,135000.0,47,315000.0,50.0,1,Hispanic or Latino,Joint,45-54,41.27,Loan originated
1,355000.0,47,515000.0,78.0,1,White,Male,<25,68.085,Loan originated
1,375000.0,48,465000.0,68.0,1,Hispanic or Latino,Female,25-34,80.0,Loan originated
1,1025000.0,44,1275000.0,517.0,1,White,Joint,25-34,80.0,Loan originated
1,275000.0,30%-<36%,335000.0,108.0,1,Hispanic or Latino,Female,35-44,80.0,Loan originated
1,455000.0,38,565000.0,127.0,1,Asian,Male,65-74,80.0,Loan originated
1,595000.0,30%-<36%,735000.0,197.0,1,Asian,Male,25-34,80.0,Loan originated
1,735000.0,48,815000.0,162.0,1,White,Male,25-34,90.0,Loan originated
1,625000.0,30%-<36%,785000.0,200.0,1,White,Male,35-44,80.0,Loan originated
1,285000.0,20%-<30%,485000.0,183.0,1,Asian,Female,65-74,60.0,Loan originated
1,1005000.0,49,1145000.0,220.0,1,Asian,Joint,35-44,88.0,Loan originated
1,695000.0,41,765000.0,168.0,1,Asian,Male,45-54,90.0,Loan originated
1,695000.0,41,925000.0,169.0,1,White,Male,35-44,75.0,Loan originated
1,235000.0,30%-<36%,285000.0,111.0,1,Hispanic or Latino,Joint,45-54,85.0,Loan originated
1,745000.0,47,785000.0,192.0,1,White,Male,55-64,95.0,Loan originated
1,645000.0,>60%,895000.0,120.0,1,Asian,Female,35-44,71.92,Application denied
1,705000.0,50%-60%,885000.0,126.0,1,White,Joint,45-54,80.0,Loan originated
1,335000.0,43,435000.0,90.0,1,Asian,Female,35-44,79.0,Loan originated
1,945000.0,37,1355000.0,410.0,1,Asian,Joint,45-54,80.0,Loan originated
1,685000.0,36,855000.0,350.0,1,White,Male,45-54,80.0,Loan originated
1,355000.0,44,375000.0,80.0,1,Hispanic or Latino,Male,35-44,95.0,Loan originated
1,935000.0,45,1255000.0,225.0,1,White,Female,25-34,75.0,Loan originated
1,785000.0,50%-60%,985000.0,374.0,1,White,Joint,65-74,80.0,Loan originated
1,405000.0,30%-<36%,445000.0,131.0,1,Asian,Male,25-34,90.0,Loan originated
1,305000.0,30%-<36%,405000.0,97.0,1,Black or African American,Joint,55-64,74.074,Loan originated
1,705000.0,<20%,3255000.0,544.0,1,Asian,Joint,45-54,22.0,Loan originated
1,625000.0,20%-<30%,785000.0,250.0,1,White,Joint,55-64,80.0,Loan originated
1,405000.0,44,425000.0,91.0,1,Hispanic or Latino,Female,45-54,95.0,Loan originated
1,765000.0,43,925000.0,233.0,1,Asian,Joint,25-34,82.703,Loan originated
1,1085000.0,41,1355000.0,353.0,1,White,Joint,35-44,80.0,Loan originated
1,425000.0,43,535000.0,101.0,1,Asian,Male,35-44,80.0,Loan originated
1,1075000.0,43,1135000.0,266.0,1,Asian,Female,35-44,95.0,Loan originated
1,945000.0,20%-<30%,1985000.0,543.0,1,Asian,Joint,35-44,47.475,Loan originated
1,215000.0,20%-<30%,235000.0,101.0,1,White,Female,35-44,93.62,Application denied
1,655000.0,48,775000.0,162.0,1,Asian,Male,25-34,85.0,Loan originated
1,455000.0,45,575000.0,101.0,1,Asian,Male,35-44,80.0,Loan originated
1,965000.0,47,1045000.0,279.0,1,White,Joint,35-44,92.75,Loan originated
1,425000.0,40,525000.0,102.0,1,Hispanic or Latino,Female,35-44,80.0,Loan originated
1,765000.0,40,835000.0,355.0,1,White,Joint,55-64,93.0,Loan originated
1,345000.0,48,395000.0,82.0,1,White,Male,35-44,87.848,Application denied
1,985000.0,37,1165000.0,313.0,1,Asian,Joint,35-44,85.0,Application denied
1,275000.0,<20%,985000.0,400.0,1,White,Joint,45-54,27.919,Loan originated
1,595000.0,49,625000.0,125.0,1,White,Male,45-54,95.0,Loan originated
1,615000.0,45,645000.0,133.0,1,Hispanic or Latino,Joint,25-34,95.0,Loan originated
1,605000.0,40,905000.0,200.0,1,Asian,Male,55-64,66.66,Loan originated
1,645000.0,47,815000.0,144.0,1,Asian,Male,35-44,80.0,Loan originated
1,585000.0,48,615000.0,220.0,1,White,Joint,35-44,95.0,Loan originated
1,365000.0,47,385000.0,185.0,1,Hispanic or Latino,Male,35-44,95.0,Loan originated
1,1075000.0,20%-<30%,1345000.0,487.0,1,Other,Female,25-34,80.0,Loan originated
1,75000.0,41,305000.0,57.0,1,Hispanic or Latino,Female,65-74,22.95,Loan originated
1,795000.0,30%-<36%,995000.0,284.0,1,White,Female,35-44,80.0,Loan originated
1,305000.0,49,655000.0,67.0,1,White,Male,45-54,48.0,Loan originated
1,735000.0,30%-<36%,975000.0,225.0,1,Asian,Joint,45-54,74.87,Loan originated
1,455000.0,20%-<30%,605000.0,230.0,1,Asian,Female,55-64,75.0,Loan originated
1,565000.0,49,715000.0,131.0,1,White,Joint,55-64,80.0,Loan originated
1,655000.0,50%-60%,875000.0,122.0,1,Asian,Female,45-54,75.0,Loan originated
1,375000.0,44,555000.0,116.0,1,Asian,Female,45-54,68.182,Loan originated
1,715000.0,20%-<30%,895000.0,287.0,1,White,Joint,35-44,80.0,Loan originated
1,605000.0,20%-<30%,765000.0,222.0,1,Asian,Joint,35-44,80.0,Loan originated
1,945000.0,44,995000.0,282.0,1,White,Male,35-44,95.0,Loan originated
1,455000.0,41,955000.0,175.0,1,White,Joint,35-44,48.0,Loan originated
1,75000.0,41,585000.0,44.0,1,White,Female,65-74,11.885,Loan originated
1,295000.0,20%-<30%,895000.0,195.0,1,Asian,Female,45-54,32.58,Loan originated
1,625000.0,44,695000.0,168.0,1,Hispanic or Latino,Joint,25-34,89.928,Loan originated
1,745000.0,44,925000.0,210.0,1,Asian,Joint,25-34,80.0,Loan originated
1,545000.0,40,645000.0,134.0,1,White,Female,55-64,85.0,Loan originated
1,735000.0,>60%,905000.0,158.0,1,Hispanic or Latino,Joint,45-54,81.111,Application denied
1,305000.0,<20%,1375000.0,240.0,1,Asian,Female,35-44,21.898,Loan originated
1,555000.0,47,585000.0,128.0,1,Other,Joint,25-34,95.0,Loan originated
1,325000.0,47,415000.0,91.0,1,White,Female,25-34,80.0,Application denied
1,45000.0,20%-<30%,65000.0,63.0,1,White,Male,65-74,71.31,Loan originated
1,185000.0,<20%,205000.0,161.0,1,White,Female,55-64,90.0,Loan originated
1,675000.0,47,715000.0,180.0,1,Hispanic or Latino,Male,55-64,95.0,Loan originated
1,515000.0,20%-<30%,615000.0,252.0,1,White,Joint,35-44,85.0,Loan originated
1,325000.0,44,345000.0,72.0,1,Hispanic or Latino,Female,35-44,95.0,Loan originated
1,435000.0,30%-<36%,865000.0,263.0,1,White,Male,65-74,50.0,Loan originated
1,365000.0,48,385000.0,91.0,1,Hispanic or Latino,Joint,25-34,95.0,Loan originated
1,555000.0,42,585000.0,150.0,1,Hispanic or Latino,Male,35-44,95.0,Loan originated
1,1085000.0,48,1455000.0,211.0,1,White,Male,45-54,75.0,Loan originated
1,955000.0,37,1195000.0,334.0,1,Black or African American,Female,45-54,90.0,Loan originated
1,465000.0,47,485000.0,110.0,1,Hispanic or Latino,Joint,35-44,95.0,Loan originated
1,345000.0,49,525000.0,76.0,1,Black or African American,Male,45-54,96.19,Loan originated
1,505000.0,40,535000.0,145.0,1,Hispanic or Latino,Female,45-54,94.0,Loan originated
1,1075000.0,44,1345000.0,318.0,1,Asian,Joint,35-44,80.0,Loan originated
1,445000.0,37,555000.0,119.0,1,Hispanic or Latino,Joint,45-54,80.0,Loan originated
1,425000.0,44,545000.0,100.0,1,Hispanic or Latino,Joint,45-54,99.26,Loan originated
1,335000.0,40,415000.0,102.0,1,Hispanic or Latino,Male,25-34,80.0,Loan originated
1,1005000.0,<20%,2655000.0,2626.0,1,White,Male,55-64,37.601,Loan originated
1,755000.0,50%-60%,945000.0,240.0,1,White,Joint,65-74,80.0,Loan originated
1,525000.0,<20%,655000.0,350.0,1,White,Joint,55-64,80.0,Loan originated
1,1045000.0,30%-<36%,1305000.0,393.0,1,Asian,Female,35-44,80.0,Loan originated
1,505000.0,<20%,655000.0,156.0,1,Other,Male,25-34,76.923,Application denied
1,765000.0,30%-<36%,1085000.0,387.0,1,Asian,Joint,45-54,71.0,Loan originated
1,665000.0,30%-<36%,735000.0,288.0,1,Hispanic or Latino,Male,25-34,90.0,Loan originated
1,295000.0,36,525000.0,89.0,1,Black or African American,Female,55-64,95.24,Loan originated
1,645000.0,42,805000.0,219.0,1,Asian,Male,45-54,80.0,Loan originated
1,685000.0,30%-<36%,855000.0,277.0,1,Asian,Male,35-44,80.0,Loan originated
1,205000.0,<20%,915000.0,235.0,1,White,Female,55-64,21.928,Loan originated
1,415000.0,38,515000.0,117.0,1,Asian,Joint,35-44,80.0,Loan originated
1,225000.0,36,655000.0,144.0,1,White,Male,55-64,34.615,Loan originated
1,905000.0,38,2305000.0,374.0,1,White,Joint,35-44,39.13,Loan originated
1,365000.0,49,565000.0,116.0,1,Black or African American,Female,35-44,66.0,Loan originated
1,545000.0,37,795000.0,235.0,1,Asian,Male,25-34,68.553,Loan originated
1,695000.0,30%-<36%,735000.0,180.0,1,Hispanic or Latino,Male,25-34,95.0,Loan originated
1,735000.0,30%-<36%,925000.0,253.0,1,Black or African American,Joint,45-54,80.0,Loan originated
1,375000.0,42,435000.0,94.0,1,Hispanic or Latino,Joint,35-44,86.28,Loan originated
1,1145000.0,30%-<36%,1285000.0,520.0,1,Hispanic or Latino,Male,35-44,89.481,Loan originated
1,565000.0,49,705000.0,133.0,1,Asian,Joint,25-34,80.0,Application denied
1,465000.0,30%-<36%,595000.0,140.0,1,White,Female,25-34,80.0,Loan originated
1,1005000.0,42,1805000.0,245.0,1,White,Joint,35-44,55.556,Loan originated
1,305000.0,30%-<36%,2205000.0,264.0,1,White,Joint,45-54,13.64,Loan originated
1,435000.0,30%-<36%,635000.0,236.0,1,White,Joint,25-34,68.504,Loan originated
1,1125000.0,38,1405000.0,453.0,1,Asian,Joint,35-44,80.0,Loan originated
1,565000.0,30%-<36%,765000.0,182.0,1,Hispanic or Latino,Female,55-64,73.753,Loan originated
1,115000.0,44,695000.0,63.0,1,Asian,Joint,55-64,16.55,Loan originated
1,755000.0,42,775000.0,173.0,1,Hispanic or Latino,Male,25-34,97.0,Loan originated
1,435000.0,20%-<30%,475000.0,195.0,1,White,Male,25-34,90.0,Loan originated
1,565000.0,48,705000.0,120.0,1,White,Female,55-64,80.0,Loan originated
1,445000.0,48,455000.0,91.0,1,Hispanic or Latino,Female,35-44,97.0,Loan originated
1,625000.0,30%-<36%,785000.0,259.0,1,White,Male,35-44,80.0,Loan originated
1,535000.0,49,665000.0,123.0,1,Asian,Male,25-34,80.0,Loan originated
1,445000.0,30%-<36%,495000.0,579.0,1,White,Male,35-44,90.0,Loan originated
1,655000.0,49,685000.0,208.0,1,Hispanic or Latino,Male,35-44,100.0,Loan originated
1,295000.0,30%-<36%,785000.0,132.0,1,Asian,Male,45-54,37.179,Loan originated
1,335000.0,38,445000.0,94.0,1,Hispanic or Latino,Joint,45-54,75.0,Loan originated
1,865000.0,44,1085000.0,484.0,1,Asian,Joint,35-44,80.0,Loan originated
1,675000.0,40,755000.0,189.0,1,Asian,Joint,25-34,90.0,Loan originated
1,285000.0,30%-<36%,305000.0,87.0,1,Hispanic or Latino,Male,25-34,95.0,Loan originated
1,465000.0,46,515000.0,112.0,1,Hispanic or Latino,Female,55-64,90.0,Loan originated
1,425000.0,38,665000.0,166.0,1,Hispanic or Latino,Female,45-54,63.323,Loan originated
1,485000.0,41,605000.0,107.0,1,White,Male,25-34,80.0,Loan originated
1,815000.0,50%-60%,915000.0,145.0,1,Hispanic or Latino,Female,35-44,90.0,Loan originated
1,605000.0,<20%,715000.0,485.0,1,Asian,Male,35-44,85.0,Loan originated
1,575000.0,44,715000.0,150.0,1,Asian,Male,25-34,80.0,Loan originated
1,945000.0,49,1635000.0,195.0,1,White,Female,55-64,57.67,Loan originated
1,755000.0,47,1865000.0,188.0,1,White,Joint,45-54,41.0,Loan originated
1,495000.0,40,555000.0,132.0,1,White,Male,35-44,90.0,Loan originated
1,765000.0,47,805000.0,160.0,1,Asian,Male,25-34,95.0,Loan originated
1,1055000.0,45,1755000.0,308.0,1,Asian,Joint,35-44,60.114,Loan originated
1,455000.0,20%-<30%,855000.0,226.0,1,White,Joint,35-44,52.941,Loan originated
1,445000.0,49,465000.0,159.0,1,Asian,Male,25-34,94.9,Loan originated
1,615000.0,20%-<30%,775000.0,260.0,1,White,Male,35-44,80.0,Loan originated
1,725000.0,40,765000.0,204.0,1,White,Joint,55-64,95.0,Loan originated
1,425000.0,46,695000.0,111.0,1,Black or African American,Joint,35-44,60.87,Loan originated
1,555000.0,30%-<36%,625000.0,181.0,1,White,Joint,25-34,90.0,Loan originated
1,205000.0,48,525000.0,62.0,1,White,Female,55-64,38.095,Loan originated
1,375000.0,20%-<30%,625000.0,194.0,1,Black or African American,Male,45-54,59.677,Loan originated
1,425000.0,49,525000.0,89.0,1,Asian,Male,35-44,100.0,Loan originated
1,295000.0,49,315000.0,87.0,1,Hispanic or Latino,Male,25-34,95.0,Loan originated
1,435000.0,30%-<36%,455000.0,148.0,1,Hispanic or Latino,Joint,35-44,95.0,Loan originated
1,955000.0,<20%,1755000.0,589.0,1,White,Joint,25-34,54.286,Loan originated
1,15000.0,39,565000.0,181.0,1,White,Joint,35-44,100.0,Loan originated
1,805000.0,37,2695000.0,276.0,1,White,Male,35-44,30.0,Loan originated
1,775000.0,20%-<30%,815000.0,340.0,1,White,Joint,35-44,95.0,Loan originated
1,905000.0,39,1125000.0,290.0,1,White,Female,35-44,79.947,Loan originated
1,435000.0,49,635000.0,136.0,1,Asian,Male,55-64,68.503,Loan originated
1,855000.0,42,905000.0,201.0,1,White,Joint,25-34,95.0,Loan originated
1,125000.0,41,695000.0,49.0,1,Hispanic or Latino,Joint,>74,17.883,Application denied
1,1005000.0,30%-<36%,1345000.0,317.0,1,Asian,Female,45-54,75.0,Loan originated
1,325000.0,44,365000.0,89.0,1,White,Male,25-34,87.67,Loan originated
1,1085000.0,30%-<36%,1405000.0,396.0,1,Asian,Male,35-44,77.808,Loan originated
1,1085000.0,30%-<36%,1355000.0,350.0,1,Asian,Joint,25-34,80.0,Loan originated
1,575000.0,47,605000.0,159.0,1,White,Male,25-34,95.0,Loan originated
1,585000.0,50%-60%,775000.0,227.0,1,Asian,Joint,25-34,74.579,Loan originated
1,455000.0,<20%,605000.0,310.0,1,White,Male,35-44,75.0,Loan originated
1,395000.0,46,495000.0,117.0,1,White,Female,35-44,80.0,Loan originated
1,1045000.0,38,1305000.0,256.0,1,White,Joint,25-34,80.0,Loan originated
1,475000.0,45,505000.0,116.0,1,Hispanic or Latino,Male,45-54,95.0,Loan originated
1,1135000.0,49,1765000.0,269.0,1,Asian,Joint,35-44,65.0,Loan originated
1,465000.0,42,895000.0,124.0,1,Hispanic or Latino,Female,55-64,53.0,Loan originated
1,205000.0,48,335000.0,105.0,1,White,Joint,65-74,59.88,Loan originated
1,615000.0,46,685000.0,171.0,1,Hispanic or Latino,Male,35-44,90.0,Loan originated
1,765000.0,39,965000.0,212.0,1,White,Male,35-44,80.0,Loan originated
1,185000.0,37,275000.0,61.0,1,White,Female,55-64,67.27,Loan originated
1,195000.0,43,365000.0,71.0,1,Hispanic or Latino,Female,35-44,52.575,Loan originated
1,365000.0,41,455000.0,86.0,1,Asian,Female,55-64,80.0,Application denied
1,345000.0,41,565000.0,99.0,1,Asian,Male,25-34,59.78,Loan originated
1,455000.0,42,655000.0,100.0,1,Hispanic or Latino,Female,25-34,69.23,Loan originated
1,445000.0,30%-<36%,555000.0,139.0,1,Asian,Joint,35-44,80.0,Loan originated
1,405000.0,20%-<30%,515000.0,188.0,1,Asian,Male,25-34,80.0,Loan originated
1,375000.0,46,415000.0,91.0,1,Black or African American,Male,35-44,90.0,Loan originated
1,375000.0,49,1305000.0,95.0,1,Asian,Joint,45-54,29.0,Loan originated
1,875000.0,48,3325000.0,256.0,1,White,Male,55-64,27.0,Loan originated
1,535000.0,46,595000.0,190.0,1,White,Joint,35-44,90.0,Loan originated
1,355000.0,37,395000.0,102.0,1,White,Female,<25,93.0,Loan originated
1,695000.0,49,895000.0,133.0,1,White,Female,55-64,78.0,Loan originated
1,645000.0,48,805000.0,156.0,1,Asian,Joint,65-74,80.0,Loan originated
1,765000.0,40,1355000.0,225.0,1,Asian,Joint,35-44,57.0,Loan originated
1,1125000.0,47,1255000.0,283.0,1,Asian,Joint,55-64,90.0,Loan originated
1,735000.0,42,775000.0,247.0,1,White,Joint,25-34,95.0,Loan originated
1,355000.0,49,2805000.0,152.0,1,Asian,Male,25-34,12.5,Loan originated
1,715000.0,46,845000.0,181.0,1,White,Male,35-44,85.0,Loan originated
1,995000.0,42,1165000.0,260.0,1,Asian,Male,35-44,85.0,Loan originated
1,445000.0,44,465000.0,143.0,1,White,Male,35-44,95.0,Loan originated
1,465000.0,44,585000.0,110.0,1,Hispanic or Latino,Joint,45-54,80.0,Loan originated
1,515000.0,43,705000.0,140.0,1,Asian,Female,35-44,72.34,Loan originated
1,435000.0,40,445000.0,150.0,1,White,Joint,25-34,98.0,Application denied
1,285000.0,36,295000.0,83.0,1,White,Joint,55-64,97.0,Loan originated
1,405000.0,47,455000.0,92.0,1,White,Female,55-64,89.0,Loan originated
1,605000.0,>60%,995000.0,0.0,1,Asian,Male,65-74,60.3,Application denied
1,565000.0,20%-<30%,1855000.0,291.0,1,White,Male,55-64,30.4,Loan originated
1,855000.0,48,955000.0,300.0,1,White,Joint,45-54,90.0,Loan originated
1,385000.0,42,515000.0,124.0,1,Hispanic or Latino,Female,25-34,75.0,Loan originated
1,485000.0,47,515000.0,137.0,1,Hispanic or Latino,Male,25-34,95.0,Loan originated
1,395000.0,47,495000.0,106.0,1,Hispanic or Latino,Male,35-44,80.0,Loan originated
1,345000.0,45,365000.0,106.0,1,White,Male,45-54,95.0,Loan originated
1,255000.0,44,265000.0,63.0,1,Hispanic or Latino,Male,35-44,95.0,Loan originated
1,605000.0,40,765000.0,165.0,1,Asian,Female,25-34,80.0,Loan originated
1,365000.0,46,465000.0,86.0,1,Hispanic or Latino,Female,25-34,100.0,Loan originated
1,215000.0,36,625000.0,111.0,1,Black or African American,Male,55-64,33.6,Loan originated
1,405000.0,20%-<30%,515000.0,189.0,1,Asian,Male,25-34,80.0,Loan originated
1,85000.0,37,115000.0,70.0,1,Hispanic or Latino,Male,35-44,80.0,Loan originated
1,905000.0,45,1215000.0,290.0,1,Asian,Joint,45-54,75.0,Loan originated
1,455000.0,39,505000.0,190.0,1,Asian,Female,35-44,90.0,Loan originated
1,1065000.0,40,1785000.0,23.0,1,Asian,Female,35-44,60.0,Loan originated
1,575000.0,30%-<36%,775000.0,417.0,1,White,Joint,35-44,75.0,Loan originated
1,645000.0,39,1295000.0,194.0,1,Asian,Male,35-44,49.612,Loan originated
1,665000.0,44,945000.0,145.0,1,White,Female,55-64,70.0,Loan originated
1,285000.0,20%-<30%,705000.0,151.0,1,White,Joint,35-44,40.64,Loan originated
1,685000.0,43,765000.0,190.0,1,White,Joint,35-44,89.941,Loan originated
1,1055000.0,47,1175000.0,400.0,1,Hispanic or Latino,Male,35-44,90.0,Loan originated
1,505000.0,46,1015000.0,156.0,1,Asian,Female,45-54,49.99995,Loan originated
1,805000.0,40,1775000.0,210.0,1,White,Female,55-64,45.268,Loan originated
1,785000.0,39,1125000.0,211.0,1,Asian,Female,65-74,70.0,Application denied
1,415000.0,47,435000.0,89.0,1,Hispanic or Latino,Male,35-44,95.0,Loan originated
1,655000.0,48,685000.0,159.0,1,White,Female,35-44,95.0,Loan originated
1,435000.0,30%-<36%,725000.0,234.0,1,White,Male,35-44,60.0,Loan originated
1,315000.0,47,325000.0,107.0,1,Hispanic or Latino,Joint,45-54,100.0,Loan originated
1,565000.0,46,705000.0,165.0,1,White,Male,45-54,80.0,Loan originated
1,525000.0,20%-<30%,655000.0,196.0,1,Asian,Male,25-34,80.0,Loan originated
1,655000.0,41,1265000.0,177.0,1,Asian,Joint,25-34,51.984,Loan originated
1,1065000.0,46,1425000.0,275.0,1,White,Joint,25-34,75.0,Loan originated
1,625000.0,43,775000.0,153.0,1,Asian,Joint,35-44,80.0,Loan originated
1,825000.0,>60%,1105000.0,109.0,1,Asian,Joint,>74,75.0,Loan originated
1,165000.0,44,255000.0,55.0,1,Hispanic or Latino,Joint,45-54,64.706,Loan originated
1,635000.0,44,795000.0,152.0,1,Asian,Female,25-34,80.0,Loan originated
1,505000.0,30%-<36%,565000.0,160.0,1,Hispanic or Latino,Male,25-34,90.0,Loan originated
1,555000.0,49,955000.0,126.0,1,Asian,Male,35-44,57.89,Loan originated
1,505000.0,45,705000.0,134.0,1,Asian,Male,65-74,71.429,Loan originated
1,265000.0,20%-<30%,465000.0,107.0,1,White,Female,55-64,56.522,Loan originated
1,505000.0,46,725000.0,105.0,1,Asian,Male,45-54,70.0,Loan originated
1,555000.0,48,1655000.0,133.0,1,Asian,Male,25-34,33.33,Loan originated
1,975000.0,36,1155000.0,315.0,1,White,Female,25-34,85.0,Loan originated
1,765000.0,30%-<36%,1835000.0,408.0,1,White,Joint,55-64,41.858,Loan originated
1,775000.0,42,1405000.0,257.0,1,Asian,Joint,35-44,54.69,Loan originated
1,335000.0,44,585000.0,184.0,1,Asian,Male,25-34,56.41,Loan originated
1,485000.0,48,605000.0,164.0,1,Hispanic or Latino,Joint,45-54,80.0,Loan originated
1,345000.0,50%-60%,435000.0,0.0,1,Asian,Joint,45-54,80.0,Application denied
1,235000.0,49,335000.0,75.0,1,White,Male,65-74,70.359,Loan originated
1,345000.0,30%-<36%,435000.0,117.0,1,White,Male,45-54,80.0,Loan originated
1,365000.0,20%-<30%,385000.0,173.0,1,Hispanic or Latino,Joint,45-54,95.0,Loan originated
1,385000.0,<20%,425000.0,192.0,1,Hispanic or Latino,Joint,25-34,90.0,Loan originated
1,795000.0,49,1575000.0,180.0,1,White,Female,45-54,50.476,Loan originated
1,1085000.0,38,1835000.0,350.0,1,Asian,Joint,65-74,59.016,Loan originated
1,545000.0,46,725000.0,135.0,1,Asian,Male,35-44,75.0,Loan originated
1,1145000.0,48,1455000.0,299.0,1,White,Male,45-54,79.298,Loan originated
1,385000.0,50%-60%,545000.0,140.0,1,Hispanic or Latino,Male,35-44,70.0,Loan originated
1,655000.0,40,815000.0,189.0,1,White,Female,65-74,80.0,Loan originated
1,615000.0,40,825000.0,302.0,1,White,Joint,55-64,75.0,Loan originated
1,915000.0,39,1315000.0,354.0,1,Asian,Joint,35-44,70.0,Loan originated
1,135000.0,30%-<36%,425000.0,60.0,1,White,Joint,35-44,30.588,Loan originated
1,125000.0,40,325000.0,93.0,1,White,Joint,55-64,40.0,Loan originated
1,535000.0,40,715000.0,268.0,1,Asian,Female,45-54,80.0,Loan originated
1,485000.0,30%-<36%,735000.0,172.0,1,Asian,Male,35-44,66.216,Loan originated
1,495000.0,43,545000.0,133.0,1,White,Joint,35-44,90.0,Loan originated
1,955000.0,30%-<36%,1195000.0,245.0,1,Asian,Male,25-34,79.994,Loan originated
1,275000.0,48,555000.0,68.0,1,Hispanic or Latino,Joint,55-64,50.0,Loan originated
1,635000.0,41,685000.0,146.0,1,Hispanic or Latino,Female,25-34,92.7,Loan originated
1,595000.0,30%-<36%,995000.0,203.0,1,Asian,Joint,25-34,60.0,Loan originated
1,1045000.0,43,1755000.0,237.0,1,Asian,Male,25-34,59.26,Loan originated
1,485000.0,48,645000.0,117.0,1,Asian,Male,35-44,75.0,Loan originated
1,725000.0,50%-60%,975000.0,155.0,1,Asian,Male,25-34,74.742,Loan originated
1,725000.0,50%-60%,775000.0,137.0,1,Black or African American,Male,55-64,96.532,Application denied
1,725000.0,20%-<30%,925000.0,309.0,1,Hispanic or Latino,Female,55-64,78.378,Loan originated
1,325000.0,47,415000.0,74.0,1,White,Female,45-54,80.0,Loan originated
1,515000.0,39,685000.0,196.0,1,Asian,Male,55-64,75.0,Loan originated
1,755000.0,30%-<36%,835000.0,298.0,1,Hispanic or Latino,Male,35-44,90.0,Loan originated
1,335000.0,42,425000.0,89.0,1,White,Male,25-34,80.0,Loan originated
1,365000.0,45,435000.0,96.0,1,Asian,Female,35-44,83.908,Loan originated
1,455000.0,47,905000.0,219.0,1,White,Joint,25-34,50.04,Loan originated
1,305000.0,41,375000.0,68.0,1,Hispanic or Latino,Female,<25,80.0,Loan originated
1,275000.0,36,295000.0,76.0,1,Hispanic or Latino,Female,<25,95.0,Loan originated
1,915000.0,41,1305000.0,215.0,1,Asian,Female,25-34,70.0,Loan originated
1,1115000.0,30%-<36%,1485000.0,549.0,1,Asian,Male,25-34,75.0,Application denied
1,315000.0,47,565000.0,170.0,1,White,Joint,35-44,55.508,Loan originated
1,765000.0,38,815000.0,240.0,1,White,Male,25-34,94.444,Application denied
1,495000.0,41,625000.0,108.0,1,Asian,Joint,35-44,80.0,Loan originated
1,205000.0,<20%,715000.0,265.0,1,Asian,Male,35-44,28.035,Loan originated
1,855000.0,48,1105000.0,176.0,1,Hispanic or Latino,Joint,35-44,78.0,Loan originated
1,305000.0,30%-<36%,955000.0,132.0,1,White,Male,35-44,31.579,Loan originated
1,145000.0,40,555000.0,111.0,1,White,Female,55-64,25.455,Loan originated
1,275000.0,45,335000.0,186.0,1,White,Female,45-54,80.6,Application denied
1,555000.0,48,855000.0,151.0,1,White,Male,25-34,65.0,Loan originated
1,885000.0,30%-<36%,1105000.0,325.0,1,Asian,Joint,25-34,80.0,Loan originated
1,455000.0,40,475000.0,115.0,1,White,Female,25-34,95.0,Loan originated
1,475000.0,39,545000.0,120.0,1,Asian,Female,25-34,86.447,Loan originated
1,505000.0,43,615000.0,163.0,1,Hispanic or Latino,Female,35-44,81.4,Loan originated
1,595000.0,30%-<36%,695000.0,238.0,1,White,Male,25-34,85.0,Loan originated
1,435000.0,48,455000.0,114.0,1,Hispanic or Latino,Female,35-44,95.0,Loan originated
1,405000.0,47,845000.0,221.0,1,White,Joint,45-54,47.338,Loan originated
1,255000.0,36,995000.0,113.0,1,White,Female,25-34,25.253,Loan originated
1,765000.0,30%-<36%,965000.0,284.0,1,Hispanic or Latino,Male,35-44,80.0,Loan originated
1,1105000.0,44,1385000.0,424.0,1,White,Male,65-74,80.0,Loan originated
1,725000.0,30%-<36%,1045000.0,447.0,1,White,Male,55-64,70.0,Loan originated
1,245000.0,38,255000.0,67.0,1,White,Male,55-64,96.88,Loan originated
1,265000.0,43,635000.0,73.0,1,Asian,Male,35-44,41.0,Loan originated
1,765000.0,30%-<36%,1645000.0,340.0,1,Black or African American,Male,35-44,46.6463,Loan originated
1,375000.0,46,395000.0,88.0,1,Hispanic or Latino,Male,25-34,98.0,Loan originated
1,685000.0,39,865000.0,196.0,1,White,Male,45-54,80.0,Loan originated
1,365000.0,42,385000.0,89.0,1,Hispanic or Latino,Male,25-34,95.0,Loan originated
1,885000.0,48,1605000.0,196.0,1,White,Male,55-64,55.125,Loan originated
1,135000.0,39,1125000.0,65.0,1,White,Male,55-64,12.22,Loan originated
1,555000.0,48,695000.0,118.0,1,Asian,Male,45-54,79.971,Loan originated
1,745000.0,37,935000.0,191.0,1,White,Male,25-34,80.0,Loan originated
1,525000.0,49,555000.0,122.0,1,White,Female,25-34,95.0,Loan originated
1,1025000.0,36,1285000.0,257.0,1,Asian,Female,35-44,80.0,Loan originated
1,115000.0,20%-<30%,125000.0,155.0,1,White,Male,35-44,92.0,Application denied
1,485000.0,41,515000.0,145.0,1,White,Male,35-44,95.0,Loan originated
1,475000.0,41,535000.0,138.0,1,Hispanic or Latino,Male,25-34,90.0,Loan originated
1,435000.0,49,485000.0,103.0,1,Asian,Male,35-44,89.9,Loan originated
1,635000.0,49,795000.0,185.0,1,Hispanic or Latino,Male,35-44,80.0,Loan originated
1,495000.0,20%-<30%,625000.0,192.0,1,White,Male,45-54,80.0,Loan originated
1,305000.0,42,385000.0,154.0,1,White,Joint,35-44,80.0,Loan originated
1,585000.0,45,605000.0,165.0,1,Hispanic or Latino,Male,35-44,97.0,Loan originated
1,545000.0,20%-<30%,675000.0,265.0,1,White,Joint,25-34,80.0,Loan originated
1,405000.0,30%-<36%,1525000.0,175.0,1,Other,Male,25-34,26.91,Loan originated
1,605000.0,20%-<30%,805000.0,909.0,1,Asian,Joint,<25,75.0,Loan originated
1,325000.0,30%-<36%,525000.0,208.0,1,White,Male,35-44,61.905,Loan originated
1,625000.0,20%-<30%,1255000.0,280.0,1,White,Joint,45-54,50.0,Loan originated
1,405000.0,42,505000.0,139.0,1,White,Male,25-34,80.0,Loan originated
1,665000.0,41,835000.0,267.0,1,Asian,Joint,45-54,80.0,Loan originated
1,325000.0,20%-<30%,325000.0,105.0,1,Black or African American,Female,65-74,100.0,Loan originated
1,275000.0,43,285000.0,65.0,1,White,Female,35-44,97.0,Loan originated
1,1065000.0,42,1385000.0,245.0,1,Hispanic or Latino,Male,35-44,76.7,Loan originated
1,405000.0,30%-<36%,585000.0,127.0,1,White,Joint,35-44,68.97,Loan originated
1,745000.0,45,925000.0,247.0,1,Asian,Male,55-64,80.0,Loan originated
1,725000.0,42,905000.0,230.0,1,White,Joint,55-64,95.0,Loan originated
1,735000.0,49,1325000.0,145.0,1,White,Female,35-44,56.0,Loan originated
1,505000.0,>60%,2385000.0,102.0,1,White,Male,55-64,65.06,Application denied
1,375000.0,49,425000.0,71.0,1,Asian,Male,35-44,88.138,Loan originated
1,365000.0,47,455000.0,75.0,1,Asian,Joint,45-54,80.0,Loan originated
1,405000.0,<20%,975000.0,298.0,1,White,Joint,25-34,41.026,Loan originated
1,235000.0,39,265000.0,140.0,1,Hispanic or Latino,Male,35-44,90.0,Loan originated
1,635000.0,37,795000.0,177.0,1,White,Male,45-54,80.0,Loan originated
1,295000.0,30%-<36%,475000.0,118.0,1,Asian,Female,35-44,62.243,Loan originated
1,455000.0,46,555000.0,120.0,1,White,Female,35-44,101.132,Loan originated
1,175000.0,30%-<36%,475000.0,121.0,1,White,Joint,65-74,36.22,Loan originated
1,525000.0,36,655000.0,239.0,1,White,Joint,45-54,80.0,Loan originated
1,625000.0,45,785000.0,145.0,1,Asian,Male,35-44,80.0,Loan originated
1,405000.0,48,505000.0,104.0,1,Hispanic or Latino,Male,25-34,79.96,Loan originated
1,365000.0,20%-<30%,525000.0,149.0,1,White,Female,35-44,70.0,Loan originated
1,255000.0,39,575000.0,70.0,1,White,Female,35-44,44.0,Loan originated
1,475000.0,44,965000.0,118.0,1,White,Joint,45-54,48.96,Loan originated
1,455000.0,30%-<36%,535000.0,121.0,1,White,Female,35-44,85.0,Loan originated
1,1025000.0,49,1615000.0,218.0,1,Asian,Joint,45-54,63.48,Loan originated
1,525000.0,42,555000.0,132.0,1,White,Male,25-34,95.0,Loan originated
1,935000.0,37,1635000.0,252.0,1,Asian,Joint,35-44,57.056,Loan originated
1,435000.0,30%-<36%,485000.0,127.0,1,White,Joint,25-34,89.99,Loan originated
1,945000.0,42,1175000.0,324.0,1,Asian,Joint,35-44,80.0,Loan originated
1,665000.0,36,885000.0,182.0,1,Asian,Male,<25,75.0,Loan originated
1,805000.0,38,1015000.0,213.0,1,Asian,Male,35-44,80.0,Loan originated
1,435000.0,30%-<36%,455000.0,116.0,1,Asian,Joint,25-34,95.0,Loan originated
1,355000.0,48,815000.0,81.0,1,White,Male,65-74,42.735,Loan originated
1,905000.0,30%-<36%,2205000.0,343.0,1,White,Female,35-44,40.909,Loan originated
1,335000.0,30%-<36%,825000.0,136.0,1,Hispanic or Latino,Joint,55-64,40.0,Loan originated
1,715000.0,42,715000.0,184.0,1,Asian,Female,25-34,100.0,Loan originated
1,725000.0,40,855000.0,253.0,1,White,Joint,35-44,85.0,Loan originated
1,425000.0,<20%,415000.0,187.0,1,White,Male,45-54,85.0,Loan originated
1,1145000.0,43,1335000.0,300.0,1,Asian,Female,45-54,87.0,Loan originated
1,405000.0,49,435000.0,362.0,1,Hispanic or Latino,Male,55-64,95.0,Loan originated
1,375000.0,38,475000.0,111.0,1,White,Female,45-54,80.0,Loan originated
1,605000.0,40,1055000.0,305.0,1,White,Male,65-74,57.14,Loan originated
1,895000.0,42,1005000.0,221.0,1,White,Joint,25-34,89.99,Loan originated
1,705000.0,30%-<36%,735000.0,276.0,1,Asian,Joint,35-44,96.5,Loan originated
1,525000.0,42,555000.0,151.0,1,Hispanic or Latino,Joint,25-34,95.0,Loan originated
1,1005000.0,42,1255000.0,261.0,1,White,Female,45-54,80.0,Loan originated
1,725000.0,20%-<30%,935000.0,248.0,1,White,Female,45-54,77.01,Loan originated
1,345000.0,43,585000.0,101.0,1,Asian,Male,35-44,60.0,Loan originated
1,475000.0,44,535000.0,189.0,1,White,Joint,25-34,90.0,Loan originated
1,685000.0,<20%,915000.0,512.0,1,Asian,Joint,65-74,75.0,Loan originated
1,915000.0,47,1315000.0,197.0,1,Asian,Male,35-44,69.97,Loan originated
1,505000.0,20%-<30%,775000.0,236.0,1,Asian,Joint,25-34,65.0,Loan originated
1,905000.0,44,1105000.0,210.0,1,Asian,Joint,35-44,82.0,Loan originated
1,465000.0,38,715000.0,150.0,1,White,Joint,45-54,65.455,Loan originated
1,965000.0,37,1205000.0,325.0,1,White,Joint,35-44,80.0,Loan originated
1,605000.0,49,635000.0,173.0,1,White,Joint,45-54,95.0,Loan originated
1,765000.0,30%-<36%,1505000.0,395.0,1,White,Joint,55-64,50.963,Loan originated
1,465000.0,48,495000.0,246.0,1,White,Male,55-64,95.0,Loan originated
1,345000.0,49,635000.0,73.0,1,White,Female,55-64,54.632,Loan originated
1,225000.0,47,285000.0,54.0,1,Black or African American,Female,25-34,100.0,Loan originated
1,725000.0,50%-60%,765000.0,248.0,1,Asian,Female,25-34,95.0,Application denied
1,185000.0,20%-<30%,665000.0,160.0,1,White,Male,35-44,27.736,Loan originated
1,235000.0,30%-<36%,335000.0,76.0,1,Hispanic or Latino,Male,35-44,70.0,Loan originated
1,535000.0,30%-<36%,565000.0,185.0,1,Asian,Female,25-34,94.99,Loan originated
1,615000.0,49,655000.0,146.0,1,Hispanic or Latino,Joint,45-54,95.0,Loan originated
1,935000.0,44,1175000.0,205.0,1,Asian,Joint,35-44,80.0,Loan originated
1,485000.0,39,685000.0,150.0,1,Asian,Female,25-34,70.0,Loan originated
1,325000.0,47,345000.0,106.0,1,Hispanic or Latino,Joint,55-64,95.0,Loan originated
1,555000.0,45,1825000.0,154.0,1,White,Joint,55-64,30.22,Loan originated
1,715000.0,>60%,955000.0,128.0,1,Asian,Male,45-54,75.0,Application denied
1,1145000.0,42,1435000.0,312.0,1,Asian,Male,25-34,79.98,Loan originated
1,525000.0,37,555000.0,150.0,1,White,Female,35-44,95.0,Loan originated
1,275000.0,45,575000.0,6.0,1,Asian,Male,35-44,47.83,Loan originated
1,425000.0,49,525000.0,87.0,1,Hispanic or Latino,Male,45-54,80.0,Application denied
1,655000.0,50%-60%,685000.0,128.0,1,Hispanic or Latino,Male,55-64,98.325,Application denied
1,745000.0,45,805000.0,355.0,1,Hispanic or Latino,Joint,25-34,92.5,Loan originated
1,495000.0,>60%,525000.0,158.0,1,Hispanic or Latino,Female,25-34,95.0,Application denied
1,555000.0,49,585000.0,116.0,1,White,Male,55-64,95.0,Loan originated
1,355000.0,41,785000.0,258.0,1,White,Joint,35-44,44.841,Loan originated
1,665000.0,39,825000.0,200.0,1,White,Joint,35-44,80.0,Loan originated
1,535000.0,44,635000.0,169.0,1,Hispanic or Latino,Joint,35-44,83.893,Loan originated
1,125000.0,46,295000.0,92.0,1,White,Joint,65-74,42.955,Loan originated
1,455000.0,<20%,655000.0,0.0,1,Asian,Joint,65-74,69.485,Loan originated
1,465000.0,<20%,585000.0,558.0,1,Hispanic or Latino,Male,35-44,80.0,Loan originated
1,405000.0,49,1045000.0,100.0,1,White,Joint,35-44,38.94,Loan originated
1,465000.0,50%-60%,585000.0,116.0,1,Hispanic or Latino,Male,35-44,80.0,Loan originated
1,505000.0,48,535000.0,140.0,1,White,Male,35-44,95.0,Loan originated
1,645000.0,49,745000.0,148.0,1,White,Joint,45-54,86.55,Loan originated
1,625000.0,20%-<30%,775000.0,297.0,1,Hispanic or Latino,Male,35-44,80.0,Loan originated
1,315000.0,43,395000.0,97.0,1,White,Joint,25-34,83.0,Loan originated
1,685000.0,46,855000.0,163.0,1,White,Female,45-54,80.0,Loan originated
1,465000.0,46,585000.0,118.0,1,Asian,Female,55-64,80.0,Loan originated
1,535000.0,20%-<30%,675000.0,286.0,1,Hispanic or Latino,Joint,45-54,80.0,Loan originated
1,355000.0,49,365000.0,71.0,1,Hispanic or Latino,Male,55-64,95.0,Loan originated
1,935000.0,50%-60%,1105000.0,398.0,1,White,Female,55-64,85.0,Application denied
1,635000.0,39,845000.0,165.0,1,White,Male,25-34,75.0,Loan originated
1,295000.0,50%-60%,455000.0,95.0,1,White,Female,25-34,64.878,Application denied
1,445000.0,47,525000.0,108.0,1,White,Female,25-34,85.0,Loan originated
1,205000.0,48,435000.0,5.0,1,Asian,Joint,55-64,45.98,Loan originated
1,695000.0,49,775000.0,144.0,1,Asian,Male,25-34,90.0,Loan originated
1,765000.0,20%-<30%,1145000.0,367.0,1,White,Joint,25-34,67.0,Loan originated
1,695000.0,49,865000.0,353.0,1,White,Joint,35-44,80.0,Loan originated
1,255000.0,48,955000.0,102.0,1,White,Female,45-54,26.31,Loan originated
1,605000.0,43,865000.0,136.0,1,White,Joint,45-54,70.0,Loan originated
1,755000.0,47,945000.0,185.0,1,White,Joint,25-34,80.0,Loan originated
1,495000.0,30%-<36%,625000.0,152.0,1,Hispanic or Latino,Joint,25-34,80.0,Loan originated
1,305000.0,46,385000.0,119.0,1,Hispanic or Latino,Joint,25-34,80.0,Loan originated
1,135000.0,50%-60%,205000.0,89.0,1,White,Male,55-64,65.0,Loan originated
1,505000.0,20%-<30%,535000.0,254.0,1,White,Joint,25-34,95.0,Loan originated
1,395000.0,30%-<36%,435000.0,133.0,1,White,Female,55-64,90.0,Loan originated
1,585000.0,40,685000.0,181.0,1,Hispanic or Latino,Male,25-34,85.0,Loan originated
1,665000.0,<20%,825000.0,564.0,1,Asian,Male,65-74,80.0,Loan originated
1,765000.0,46,965000.0,172.0,1,White,Male,35-44,79.79,Loan originated
1,385000.0,44,415000.0,86.0,1,White,Male,<25,92.77,Loan originated
1,525000.0,20%-<30%,545000.0,230.0,1,White,Male,25-34,97.0,Loan originated
1,1055000.0,46,1325000.0,254.0,1,Hispanic or Latino,Male,45-54,80.0,Loan originated
1,685000.0,39,725000.0,224.0,1,White,Joint,25-34,95.0,Loan originated
1,805000.0,42,1455000.0,200.0,1,Asian,Male,25-34,55.172,Loan originated
1,565000.0,20%-<30%,715000.0,306.0,1,Asian,Female,35-44,80.0,Loan originated
1,755000.0,20%-<30%,1405000.0,324.0,1,White,Male,35-44,53.572,Loan originated
1,485000.0,20%-<30%,615000.0,174.0,1,White,Joint,35-44,80.0,Loan originated
1,445000.0,36,475000.0,135.0,1,Hispanic or Latino,Female,35-44,94.915,Loan originated
1,595000.0,47,745000.0,139.0,1,Black or African American,Joint,35-44,80.0,Loan originated
1,765000.0,48,1205000.0,163.0,1,Hispanic or Latino,Female,35-44,64.0,Loan originated
1,695000.0,46,715000.0,199.0,1,Hispanic or Latino,Joint,25-34,97.0,Loan originated
1,805000.0,45,855000.0,173.0,1,Black or African American,Male,25-34,94.941,Loan originated
1,1005000.0,44,1495000.0,255.0,1,White,Female,35-44,66.89,Loan originated
1,735000.0,40,915000.0,221.0,1,Asian,Joint,25-34,80.0,Loan originated
1,695000.0,46,865000.0,160.0,1,Asian,Joint,35-44,97.281,Loan originated
1,845000.0,20%-<30%,1065000.0,423.0,1,White,Male,35-44,80.0,Loan originated
1,85000.0,<20%,95000.0,76.0,1,White,Joint,>74,97.0,Application denied
1,765000.0,47,1275000.0,190.0,1,White,Joint,45-54,60.0,Loan originated
1,715000.0,43,755000.0,218.0,1,Hispanic or Latino,Joint,35-44,95.0,Application denied
1,695000.0,30%-<36%,735000.0,251.0,1,Asian,Joint,35-44,95.0,Loan originated
1,425000.0,43,455000.0,113.0,1,Hispanic or Latino,Joint,25-34,95.0,Loan originated
1,505000.0,39,635000.0,147.0,1,Asian,Male,45-54,80.0,Loan originated
1,1025000.0,43,1525000.0,355.0,1,White,Male,35-44,67.105,Loan originated
1,735000.0,38,825000.0,180.0,1,Asian,Male,45-54,90.0,Loan originated
1,315000.0,>60%,605000.0,52.0,1,White,Joint,35-44,52.5,Application denied
1,365000.0,42,465000.0,82.0,1,Hispanic or Latino,Male,25-34,80.0,Loan originated
1,595000.0,20%-<30%,745000.0,195.0,1,Asian,Female,35-44,80.0,Loan originated
1,615000.0,49,1235000.0,202.0,1,Asian,Female,25-34,49.96,Loan originated
1,755000.0,30%-<36%,855000.0,357.0,1,Asian,Joint,25-34,88.655,Loan originated
1,845000.0,48,1265000.0,230.0,1,Asian,Joint,55-64,67.0,Loan originated
1,345000.0,49,405000.0,64.0,1,Asian,Joint,35-44,85.0,Loan originated
1,315000.0,39,375000.0,99.0,1,Hispanic or Latino,Joint,45-54,88.0,Loan originated
1,405000.0,49,505000.0,73.0,1,Asian,Joint,45-54,80.0,Loan originated
1,745000.0,30%-<36%,925000.0,284.0,1,Hispanic or Latino,Male,35-44,80.0,Loan originated
1,945000.0,39,1295000.0,242.0,1,Asian,Male,45-54,73.07,Loan originated
1,1105000.0,30%-<36%,2205000.0,425.0,1,White,Joint,25-34,50.0,Loan originated
1,225000.0,42,275000.0,56.0,1,Hispanic or Latino,Male,25-34,85.0,Application denied
1,415000.0,40,915000.0,135.0,1,White,Joint,45-54,45.594,Loan originated
1,455000.0,49,725000.0,123.0,1,White,Joint,35-44,62.759,Loan originated
1,915000.0,45,1145000.0,200.0,1,White,Joint,45-54,80.0,Loan originated
1,405000.0,37,505000.0,121.0,1,White,Male,25-34,80.0,Application denied
1,175000.0,43,455000.0,74.0,1,White,Female,45-54,38.462,Loan originated
1,555000.0,45,795000.0,166.0,1,Asian,Female,55-64,70.0,Loan originated
1,1055000.0,46,1115000.0,226.0,1,White,Joint,45-54,95.0,Loan originated
1,855000.0,45,1005000.0,185.0,1,Asian,Male,45-54,85.0,Loan originated
1,575000.0,43,815000.0,224.0,1,Asian,Female,25-34,70.0,Loan originated
1,395000.0,46,535000.0,79.0,1,Asian,Joint,45-54,74.0,Loan originated
1,415000.0,<20%,525000.0,434.0,1,White,Joint,35-44,80.0,Loan originated
1,595000.0,49,745000.0,155.0,1,Asian,Female,55-64,80.0,Loan originated
1,175000.0,30%-<36%,425000.0,168.0,1,Hispanic or Latino,Male,45-54,40.476,Loan originated
1,575000.0,48,705000.0,122.0,1,Asian,Male,25-34,81.714,Loan originated
1,415000.0,40,695000.0,123.0,1,Asian,Joint,25-34,59.216,Loan originated
1,525000.0,47,555000.0,252.0,1,Hispanic or Latino,Male,45-54,95.0,Loan originated
1,225000.0,30%-<36%,285000.0,77.0,1,Hispanic or Latino,Male,45-54,80.0,Loan originated
1,575000.0,30%-<36%,635000.0,184.0,1,Hispanic or Latino,Male,25-34,90.0,Loan originated
1,95000.0,43,115000.0,71.0,1,Hispanic or Latino,Joint,55-64,82.61,Application denied
1,475000.0,42,535000.0,120.0,1,Hispanic or Latino,Male,25-34,93.0,Loan originated
1,95000.0,20%-<30%,125000.0,119.0,1,Hispanic or Latino,Joint,45-54,70.31,Loan originated
1,525000.0,41,555000.0,211.0,1,White,Joint,45-54,95.0,Loan originated
1,175000.0,46,425000.0,49.0,1,White,Male,35-44,42.0,Loan originated
1,665000.0,30%-<36%,765000.0,230.0,1,Asian,Male,35-44,86.98,Loan originated
1,735000.0,37,785000.0,222.0,1,Asian,Joint,25-34,93.648,Loan originated
1,765000.0,43,955000.0,233.0,1,White,Male,25-34,79.928,Loan originated
1,195000.0,46,385000.0,56.0,1,White,Male,35-44,49.74,Loan originated
1,345000.0,46,375000.0,97.0,1,White,Female,55-64,91.892,Loan originated
1,1005000.0,40,3225000.0,293.0,1,White,Joint,35-44,31.056,Loan originated
1,265000.0,30%-<36%,505000.0,120.0,1,White,Female,35-44,51.881,Loan originated
1,155000.0,44,405000.0,63.0,1,White,Female,65-74,38.119,Loan originated
1,825000.0,41,925000.0,225.0,1,White,Joint,25-34,90.0,Loan originated
1,625000.0,49,895000.0,149.0,1,White,Female,35-44,70.0,Loan originated
1,505000.0,48,635000.0,147.0,1,Hispanic or Latino,Joint,45-54,79.99,Loan originated
1,485000.0,30%-<36%,615000.0,233.0,1,Hispanic or Latino,Female,25-34,80.0,Loan originated
1,395000.0,46,485000.0,118.0,1,Asian,Female,45-54,80.0,Loan originated
1,325000.0,47,465000.0,83.0,1,Asian,Female,45-54,70.0,Loan originated
1,365000.0,38,435000.0,116.0,1,White,Male,35-44,85.0,Loan originated
1,165000.0,48,905000.0,76.0,1,White,Female,35-44,71.517,Loan originated
1,845000.0,39,1055000.0,300.0,1,White,Male,55-64,80.0,Loan originated
1,1005000.0,39,1195000.0,276.0,1,White,Male,35-44,84.559,Loan originated
1,335000.0,49,825000.0,87.0,1,White,Female,>74,40.97,Loan originated
1,625000.0,42,785000.0,227.0,1,White,Female,45-54,80.0,Loan originated
1,435000.0,47,935000.0,145.0,1,White,Joint,65-74,46.66,Loan originated
1,625000.0,37,775000.0,260.0,1,Asian,Female,45-54,80.0,Loan originated
1,215000.0,39,265000.0,76.0,1,Hispanic or Latino,Female,25-34,80.0,Loan originated
1,125000.0,39,345000.0,81.0,1,Asian,Male,25-34,35.0,Loan originated
1,665000.0,46,745000.0,195.0,1,Black or African American,Male,25-34,90.0,Loan originated
1,615000.0,43,515000.0,167.0,1,Hispanic or Latino,Male,35-44,95.0,Loan originated
1,625000.0,42,895000.0,166.0,1,White,Joint,25-34,70.225,Loan originated
1,765000.0,30%-<36%,925000.0,306.0,1,Hispanic or Latino,Joint,35-44,82.865,Loan originated
1,75000.0,20%-<30%,95000.0,80.0,1,Hispanic or Latino,Female,65-74,73.68,Application denied
1,485000.0,48,505000.0,113.0,1,Asian,Female,25-34,100.0,Loan originated
1,515000.0,45,695000.0,112.0,1,Asian,Male,25-34,75.0,Loan originated
1,1065000.0,43,1325000.0,287.0,1,Asian,Male,35-44,80.0,Loan originated
1,765000.0,43,805000.0,197.0,1,Hispanic or Latino,Joint,45-54,95.0,Loan originated
1,755000.0,30%-<36%,1665000.0,230.0,1,Asian,Joint,45-54,45.181,Loan originated
1,825000.0,50%-60%,965000.0,160.0,1,Black or African American,Joint,35-44,85.0,Loan originated
1,595000.0,20%-<30%,795000.0,265.0,1,White,Joint,35-44,75.0,Loan originated
1,255000.0,20%-<30%,295000.0,111.0,1,White,Joint,65-74,84.746,Loan originated
1,815000.0,42,855000.0,214.0,1,White,Male,35-44,95.0,Loan originated
1,495000.0,<20%,625000.0,504.0,1,Hispanic or Latino,Female,45-54,80.0,Application denied
1,705000.0,43,745000.0,210.0,1,White,Male,55-64,95.0,Loan originated
1,505000.0,45,625000.0,130.0,1,Hispanic or Latino,Male,35-44,80.0,Loan originated
1,375000.0,20%-<30%,1625000.0,247.0,1,White,Male,25-34,24.0,Loan originated
1,485000.0,45,1135000.0,220.0,1,Hispanic or Latino,Female,55-64,42.516,Loan originated
1,765000.0,47,975000.0,292.0,1,Asian,Joint,25-34,79.0,Loan originated
1,525000.0,20%-<30%,655000.0,379.0,1,Hispanic or Latino,Joint,45-54,80.0,Loan originated
1,625000.0,39,835000.0,192.0,1,Asian,Joint,35-44,75.0,Loan originated
1,455000.0,43,535000.0,132.0,1,White,Female,25-34,85.0,Loan originated
1,345000.0,36,365000.0,103.0,1,White,Male,25-34,95.0,Loan originated
1,425000.0,42,445000.0,287.0,1,Black or African American,Joint,25-34,95.0,Loan originated
1,255000.0,48,285000.0,96.0,1,Hispanic or Latino,Joint,55-64,91.12,Loan originated
1,945000.0,49,1055000.0,207.0,1,White,Joint,35-44,90.0,Loan originated
1,205000.0,48,705000.0,58.0,1,White,Male,25-34,29.0,Loan originated
1,105000.0,20%-<30%,135000.0,139.0,1,Asian,Male,55-64,80.82,Application denied
1,365000.0,43,575000.0,198.0,1,Hispanic or Latino,Joint,35-44,64.211,Loan originated
1,395000.0,47,645000.0,87.0,1,Hispanic or Latino,Female,25-34,61.0,Loan originated
1,605000.0,40,1275000.0,165.0,1,White,Female,25-34,47.164,Loan originated
1,655000.0,30%-<36%,995000.0,218.0,1,White,Joint,35-44,65.795,Loan originated
1,515000.0,49,645000.0,106.0,1,White,Female,35-44,79.845,Loan originated
1,1005000.0,20%-<30%,1385000.0,1669.0,1,White,Male,25-34,72.46,Loan originated
1,625000.0,40,925000.0,198.0,1,White,Joint,25-34,67.742,Loan originated
1,505000.0,43,535000.0,135.0,1,Hispanic or Latino,Female,45-54,98.0,Loan originated
1,785000.0,44,985000.0,185.0,1,White,Male,25-34,80.0,Loan originated
1,585000.0,50%-60%,995000.0,98.0,1,Hispanic or Latino,Male,35-44,58.794,Loan originated
1,725000.0,30%-<36%,965000.0,315.0,1,Hispanic or Latino,Male,45-54,75.0,Loan originated
1,735000.0,20%-<30%,775000.0,344.0,1,Asian,Joint,35-44,95.0,Loan originated
1,545000.0,30%-<36%,685000.0,173.0,1,Asian,Male,35-44,80.0,Loan originated
1,735000.0,20%-<30%,925000.0,253.0,1,White,Joint,35-44,80.0,Loan originated
1,185000.0,>60%,225000.0,29.0,1,Hispanic or Latino,Female,45-54,80.0,Application denied
1,455000.0,39,505000.0,138.0,1,White,Male,35-44,90.0,Loan originated
1,515000.0,47,535000.0,120.0,1,White,Joint,35-44,97.0,Loan originated
1,555000.0,30%-<36%,575000.0,166.0,1,Hispanic or Latino,Male,35-44,100.4,Loan originated
1,665000.0,47,685000.0,184.0,1,White,Joint,25-34,97.0,Loan originated
1,485000.0,49,615000.0,170.0,1,Asian,Male,45-54,80.0,Loan originated
1,515000.0,30%-<36%,645000.0,188.0,1,Asian,Male,25-34,79.892,Loan originated
1,345000.0,20%-<30%,435000.0,164.0,1,Hispanic or Latino,Joint,25-34,80.0,Loan originated
1,235000.0,40,345000.0,76.0,1,Hispanic or Latino,Male,45-54,66.667,Loan originated
1,355000.0,49,525000.0,69.0,1,Asian,Male,45-54,66.794,Loan originated
1,695000.0,49,735000.0,149.0,1,Hispanic or Latino,Male,35-44,95.0,Loan originated
1,675000.0,49,755000.0,145.0,1,Hispanic or Latino,Male,45-54,90.0,Loan originated
1,515000.0,38,575000.0,135.0,1,Black or African American,Female,35-44,89.97,Loan originated
1,345000.0,49,385000.0,59.0,1,Asian,Male,25-34,89.9,Loan originated
1,465000.0,49,615000.0,96.0,1,Black or African American,Joint,35-44,76.39,Loan originated
1,505000.0,30%-<36%,535000.0,148.0,1,Asian,Joint,25-34,95.0,Loan originated
1,635000.0,20%-<30%,955000.0,250.0,1,White,Joint,35-44,66.316,Loan originated
1,465000.0,<20%,555000.0,589.0,1,White,Male,55-64,85.0,Loan originated
1,445000.0,49,505000.0,99.0,1,White,Female,25-34,89.0,Loan originated
1,655000.0,43,735000.0,162.0,1,Asian,Male,25-34,90.0,Loan originated
1,665000.0,48,705000.0,149.0,1,Hispanic or Latino,Joint,35-44,95.0,Loan originated
1,355000.0,20%-<30%,655000.0,247.0,1,Hispanic or Latino,Male,25-34,54.87,Loan originated
1,665000.0,49,825000.0,237.0,1,White,Female,55-64,80.0,Loan originated
1,345000.0,44,445000.0,184.0,1,Asian,Female,35-44,80.0,Loan originated
1,475000.0,30%-<36%,595000.0,183.0,1,Asian,Female,25-34,80.0,Loan originated
1,465000.0,20%-<30%,645000.0,181.0,1,Asian,Joint,35-44,72.605,Loan originated
1,1145000.0,30%-<36%,1325000.0,609.0,1,White,Female,35-44,86.78,Loan originated
1,975000.0,30%-<36%,1395000.0,429.0,1,Asian,Male,65-74,70.0,Loan originated
1,325000.0,20%-<30%,595000.0,145.0,1,Asian,Male,35-44,55.42,Loan originated
1,725000.0,44,905000.0,180.0,1,Asian,Male,>74,80.0,Loan originated
1,395000.0,49,605000.0,91.0,1,Asian,Female,35-44,65.0,Loan originated
1,865000.0,30%-<36%,1155000.0,309.0,1,Hispanic or Latino,Female,45-54,75.0,Loan originated
1,385000.0,43,405000.0,104.0,1,White,Male,25-34,95.0,Loan originated
1,475000.0,30%-<36%,505000.0,168.0,1,Hispanic or Latino,Female,35-44,95.0,Loan originated
1,475000.0,30%-<36%,505000.0,155.0,1,White,Male,45-54,95.0,Loan originated
1,1085000.0,20%-<30%,1455000.0,517.0,1,Asian,Male,35-44,74.983,Loan originated
1,405000.0,20%-<30%,425000.0,228.0,1,Hispanic or Latino,Male,45-54,95.0,Loan originated
1,515000.0,49,575000.0,126.0,1,White,Male,65-74,90.0,Loan originated
1,715000.0,42,805000.0,175.0,1,White,Joint,35-44,89.0,Loan originated
1,805000.0,39,1105000.0,525.0,1,Hispanic or Latino,Joint,55-64,72.727,Loan originated
1,555000.0,30%-<36%,575000.0,217.0,1,Asian,Joint,35-44,96.996,Loan originated
1,1095000.0,42,1595000.0,273.0,1,White,Male,35-44,68.711,Loan originated
1,555000.0,20%-<30%,695000.0,212.0,1,White,Male,35-44,80.0,Loan originated
1,675000.0,<20%,835000.0,563.0,1,Asian,Joint,25-34,80.0,Loan originated
1,275000.0,30%-<36%,365000.0,88.0,1,White,Female,>74,75.0,Loan originated
1,445000.0,20%-<30%,555000.0,264.0,1,Hispanic or Latino,Male,35-44,80.0,Loan originated
1,245000.0,37,1445000.0,101.0,1,Asian,Male,65-74,16.667,Loan originated
1,895000.0,30%-<36%,1115000.0,295.0,1,Asian,Joint,35-44,80.0,Loan originated
1,605000.0,30%-<36%,1105000.0,185.0,1,White,Female,35-44,54.55,Loan originated
1,885000.0,<20%,1105000.0,560.0,1,White,Male,55-64,80.0,Loan originated
1,955000.0,48,1305000.0,285.0,1,White,Joint,25-34,73.077,Loan originated
1,565000.0,46,595000.0,195.0,1,Black or African American,Joint,45-54,95.0,Loan originated
1,755000.0,46,885000.0,205.0,1,White,Female,55-64,85.0,Loan originated
1,505000.0,30%-<36%,595000.0,164.0,1,White,Joint,25-34,85.0,Loan originated
1,545000.0,42,905000.0,174.0,1,Asian,Female,25-34,60.0,Loan originated
1,1005000.0,30%-<36%,1665000.0,352.0,1,Asian,Joint,35-44,60.0,Loan originated
1,485000.0,48,605000.0,148.0,1,Asian,Male,25-34,80.0,Loan originated
1,665000.0,49,835000.0,164.0,1,Hispanic or Latino,Male,45-54,80.0,Loan originated
1,555000.0,41,1195000.0,161.0,1,White,Joint,25-34,46.193,Loan originated
1,525000.0,43,585000.0,193.0,1,Hispanic or Latino,Joint,25-34,90.0,Loan originated
1,475000.0,46,585000.0,102.0,1,Black or African American,Female,45-54,80.0,Loan originated
1,295000.0,20%-<30%,795000.0,177.0,1,Black or African American,Joint,25-34,36.709,Loan originated
1,505000.0,30%-<36%,785000.0,243.0,1,Asian,Joint,45-54,64.11,Loan originated
1,495000.0,47,545000.0,104.0,1,Asian,Male,45-54,91.663,Application denied
1,1025000.0,47,1405000.0,319.0,1,Asian,Joint,25-34,72.9,Loan originated
1,445000.0,30%-<36%,565000.0,131.0,1,White,Male,25-34,80.0,Loan originated
1,585000.0,44,1165000.0,180.0,1,White,Joint,65-74,50.15,Loan originated
1,175000.0,<20%,715000.0,292.0,1,White,Joint,45-54,24.366,Loan originated
1,755000.0,30%-<36%,935000.0,244.0,1,Hispanic or Latino,Female,55-64,80.0,Loan originated
1,335000.0,48,355000.0,92.0,1,White,Male,25-34,98.0,Application denied
1,965000.0,37,1105000.0,441.0,1,White,Joint,35-44,88.0,Loan originated
1,765000.0,49,955000.0,203.0,1,Asian,Joint,25-34,80.0,Loan originated
1,685000.0,36,855000.0,183.0,1,Asian,Male,35-44,80.0,Loan originated
1,845000.0,49,1205000.0,282.0,1,Asian,Male,65-74,70.0,Loan originated
1,375000.0,43,395000.0,106.0,1,Hispanic or Latino,Joint,25-34,95.0,Loan originated
1,415000.0,49,565000.0,165.0,1,Asian,Male,55-64,73.451,Loan originated
1,705000.0,48,765000.0,190.0,1,Asian,Female,35-44,92.49,Loan originated
1,585000.0,30%-<36%,735000.0,174.0,1,Asian,Female,25-34,80.0,Loan originated
1,365000.0,40,935000.0,129.0,1,Hispanic or Latino,Joint,65-74,38.71,Loan originated
1,585000.0,30%-<36%,735000.0,176.0,1,Asian,Joint,45-54,80.0,Loan originated
1,535000.0,45,665000.0,167.0,1,White,Female,65-74,80.0,Loan originated
1,495000.0,48,585000.0,305.0,1,Hispanic or Latino,Joint,<25,85.0,Loan originated
1,285000.0,47,345000.0,75.0,1,Hispanic or Latino,Male,45-54,85.0,Loan originated
1,365000.0,49,445000.0,80.0,1,White,Joint,45-54,102.15,Loan originated
1,1075000.0,20%-<30%,1345000.0,370.0,1,Asian,Male,25-34,80.0,Loan originated
1,765000.0,47,825000.0,172.0,1,Asian,Male,25-34,93.415,Loan originated
1,535000.0,46,705000.0,117.0,1,Asian,Joint,25-34,75.0,Loan originated
1,435000.0,20%-<30%,455000.0,325.0,1,Hispanic or Latino,Male,<25,95.0,Loan originated
1,635000.0,40,795000.0,168.0,1,Hispanic or Latino,Male,45-54,80.0,Loan originated
1,425000.0,36,1205000.0,264.0,1,White,Joint,45-54,35.17,Loan originated
1,525000.0,45,875000.0,150.0,1,White,Joint,45-54,60.0,Loan originated
1,1315000.0,42,1755000.0,288.0,1,Other,Male,35-44,75.0,Application denied
1,475000.0,39,1205000.0,138.0,1,Hispanic or Latino,Female,35-44,39.583,Loan originated
1,585000.0,>60%,655000.0,95.0,1,White,Male,25-34,89.92,Application denied
1,385000.0,38,405000.0,194.0,1,Hispanic or Latino,Male,35-44,95.0,Loan originated
1,325000.0,47,415000.0,72.0,1,White,Female,25-34,80.0,Loan originated
1,1065000.0,37,1335000.0,410.0,1,White,Joint,>74,80.0,Loan originated
1,265000.0,37,595000.0,92.0,1,Asian,Male,65-74,45.0,Loan originated
1,645000.0,38,845000.0,169.0,1,Hispanic or Latino,Male,35-44,76.443,Loan originated
1,845000.0,41,1135000.0,338.0,1,Asian,Joint,25-34,75.0,Loan originated
1,85000.0,50%-60%,85000.0,44.0,1,Hispanic or Latino,Female,65-74,95.0,Application denied
1,605000.0,48,1305000.0,207.0,1,White,Male,45-54,47.06,Loan originated
1,225000.0,49,235000.0,82.0,1,Asian,Female,45-54,97.0,Loan originated
1,525000.0,46,665000.0,143.0,1,White,Female,45-54,80.0,Loan originated
1,475000.0,48,595000.0,270.0,1,White,Male,>74,80.0,Loan originated
1,605000.0,30%-<36%,875000.0,232.0,1,Hispanic or Latino,Female,<25,70.0,Application denied
1,625000.0,30%-<36%,825000.0,328.0,1,Asian,Joint,45-54,75.61,Loan originated
1,565000.0,50%-60%,805000.0,109.0,1,White,Male,35-44,70.0,Application denied
1,925000.0,49,1085000.0,218.0,1,Other,Joint,25-34,85.0,Loan originated
1,505000.0,49,535000.0,177.0,1,Asian,Joint,45-54,95.0,Loan originated
1,385000.0,49,405000.0,96.0,1,Hispanic or Latino,Male,35-44,98.0,Loan originated
1,835000.0,43,1045000.0,191.0,1,White,Joint,25-34,80.0,Loan originated
1,515000.0,39,575000.0,134.0,1,Hispanic or Latino,Male,25-34,90.0,Application denied
1,235000.0,40,295000.0,61.0,1,White,Male,25-34,80.0,Loan originated
1,725000.0,42,805000.0,250.0,1,Hispanic or Latino,Joint,35-44,90.0,Loan originated
1,735000.0,30%-<36%,975000.0,433.0,1,Hispanic or Latino,Female,35-44,75.0,Loan originated
1,365000.0,38,545000.0,98.0,1,White,Female,45-54,67.817,Loan originated
1,395000.0,20%-<30%,605000.0,225.0,1,White,Female,45-54,65.667,Loan originated
1,455000.0,42,755000.0,110.0,1,Asian,Female,55-64,60.0,Loan originated
1,455000.0,<20%,565000.0,256.0,1,Hispanic or Latino,Joint,25-34,80.0,Application denied
1,545000.0,44,575000.0,167.0,1,Hispanic or Latino,Joint,25-34,95.0,Loan originated
1,325000.0,20%-<30%,405000.0,121.0,1,Hispanic or Latino,Joint,45-54,80.0,Loan originated
1,545000.0,47,605000.0,117.0,1,White,Female,45-54,90.0,Loan originated
1,1025000.0,45,1355000.0,211.0,1,White,Female,25-34,80.0,Loan originated
1,335000.0,37,365000.0,90.0,1,White,Female,35-44,92.329,Loan originated
1,625000.0,39,775000.0,328.0,1,Hispanic or Latino,Male,55-64,80.0,Loan originated
1,515000.0,48,685000.0,195.0,1,White,Male,35-44,75.0,Loan originated
1,695000.0,46,725000.0,251.0,1,Black or African American,Male,55-64,97.0,Loan originated
1,925000.0,30%-<36%,1235000.0,370.0,1,White,Joint,25-34,75.0,Loan originated
1,225000.0,30%-<36%,265000.0,105.0,1,Other,Female,35-44,103.774,Loan originated
1,475000.0,48,795000.0,125.0,1,White,Female,45-54,59.647,Loan originated
1,365000.0,43,585000.0,137.0,1,Asian,Joint,35-44,62.292,Loan originated
1,565000.0,41,865000.0,110.0,1,Asian,Joint,65-74,64.74,Loan originated
1,465000.0,30%-<36%,495000.0,159.0,1,White,Male,25-34,94.0,Loan originated
1,645000.0,<20%,1175000.0,406.0,1,Asian,Joint,25-34,55.0,Loan originated
1,685000.0,30%-<36%,855000.0,225.0,1,White,Joint,35-44,80.0,Loan originated
1,425000.0,20%-<30%,475000.0,324.0,1,Black or African American,Male,55-64,90.0,Loan originated
1,705000.0,30%-<36%,745000.0,225.0,1,Hispanic or Latino,Joint,45-54,95.0,Loan originated
1,1045000.0,43,1305000.0,357.0,1,Black or African American,Male,45-54,80.0,Loan originated
1,835000.0,30%-<36%,935000.0,304.0,1,Asian,Male,35-44,89.99,Loan originated
1,595000.0,40,685000.0,280.0,1,Black or African American,Joint,35-44,90.0,Loan originated
1,645000.0,41,845000.0,174.0,1,Asian,Female,<25,95.0,Loan originated
1,285000.0,20%-<30%,325000.0,181.0,1,White,Joint,45-54,88.0,Loan originated
1,485000.0,20%-<30%,675000.0,236.0,1,White,Female,65-74,72.444,Loan originated
1,535000.0,42,605000.0,149.0,1,Hispanic or Latino,Male,35-44,88.99,Loan originated
1,1115000.0,48,2235000.0,288.0,1,Asian,Male,35-44,49.664,Loan originated
1,595000.0,37,745000.0,173.0,1,Asian,Male,35-44,80.0,Loan originated
1,785000.0,46,885000.0,176.0,1,White,Male,25-34,89.0,Loan originated
1,325000.0,46,405000.0,70.0,1,Asian,Joint,35-44,80.0,Application denied
1,755000.0,39,1485000.0,200.0,1,Asian,Male,35-44,50.573,Loan originated
1,345000.0,37,745000.0,109.0,1,White,Joint,65-74,46.621,Loan originated
1,505000.0,30%-<36%,735000.0,143.0,1,Asian,Male,45-54,70.0,Loan originated
1,325000.0,<20%,1025000.0,240.0,1,Asian,Male,35-44,31.581,Loan originated
1,585000.0,40,725000.0,154.0,1,Asian,Male,35-44,80.0,Loan originated
1,605000.0,36,675000.0,170.0,1,Asian,Male,35-44,90.0,Loan originated
1,675000.0,20%-<30%,905000.0,423.0,1,Asian,Joint,25-34,74.444,Loan originated
1,525000.0,30%-<36%,1105000.0,189.0,1,White,Female,45-54,50.0,Loan originated
1,375000.0,43,775000.0,244.0,1,White,Joint,65-74,48.652,Loan originated
1,645000.0,20%-<30%,815000.0,221.0,1,Asian,Male,25-34,80.0,Loan originated
1,625000.0,38,775000.0,277.0,1,White,Joint,45-54,80.0,Loan originated
1,295000.0,45,365000.0,75.0,1,Asian,Male,<25,80.0,Loan originated
1,625000.0,30%-<36%,1205000.0,216.0,1,White,Female,45-54,52.124,Loan originated
1,875000.0,20%-<30%,1455000.0,397.0,1,Hispanic or Latino,Joint,35-44,60.25,Loan originated
1,345000.0,47,435000.0,127.0,1,White,Male,55-64,80.0,Loan originated
1,495000.0,46,575000.0,113.0,1,Black or African American,Male,45-54,87.006,Loan originated
1,505000.0,43,625000.0,157.0,1,White,Female,35-44,80.0,Loan originated
1,865000.0,43,865000.0,315.0,1,Asian,Joint,35-44,100.0,Loan originated
1,235000.0,<20%,385000.0,226.0,1,White,Male,35-44,60.526,Loan originated
1,575000.0,42,825000.0,138.0,1,White,Female,55-64,69.512,Loan originated
1,675000.0,40,845000.0,155.0,1,Asian,Male,25-34,79.94,Loan originated
1,405000.0,36,505000.0,207.0,1,White,Joint,65-74,80.0,Loan originated
1,885000.0,20%-<30%,1105000.0,365.0,1,Asian,Joint,45-54,80.0,Loan originated
1,665000.0,45,1165000.0,156.0,1,White,Male,25-34,58.0,Loan originated
1,725000.0,50%-60%,855000.0,176.0,1,Hispanic or Latino,Female,45-54,84.837,Loan originated
1,1025000.0,37,1285000.0,314.0,1,Asian,Joint,35-44,80.0,Loan originated
1,645000.0,48,675000.0,142.0,1,Hispanic or Latino,Joint,35-44,95.0,Loan originated
1,505000.0,48,775000.0,133.0,1,White,Male,25-34,65.0,Loan originated
1,315000.0,47,335000.0,61.0,1,Asian,Male,45-54,94.0,Loan originated
1,685000.0,30%-<36%,895000.0,250.0,1,White,Joint,25-34,77.0,Loan originated
1,455000.0,45,475000.0,175.0,1,White,Joint,35-44,95.0,Loan originated
1,345000.0,20%-<30%,585000.0,342.0,1,Asian,Joint,25-34,60.0,Loan originated
1,565000.0,37,1035000.0,187.0,1,White,Joint,35-44,54.854,Loan originated
1,485000.0,46,735000.0,133.0,1,Asian,Joint,25-34,65.986,Loan originated
1,1195000.0,39,1485000.0,288.0,1,White,Male,25-34,80.0,Loan originated
1,925000.0,41,1325000.0,218.0,1,Asian,Female,25-34,70.0,Loan originated
1,495000.0,41,515000.0,154.0,1,Hispanic or Latino,Joint,25-34,97.0,Loan originated
1,245000.0,41,255000.0,197.0,1,White,Female,65-74,95.0,Loan originated
1,1065000.0,44,1525000.0,398.0,1,Asian,Male,35-44,70.0,Loan originated
1,425000.0,42,525000.0,135.0,1,Asian,Joint,45-54,80.0,Loan originated
1,765000.0,30%-<36%,965000.0,337.0,1,Black or African American,Joint,35-44,89.991,Loan originated
1,215000.0,48,555000.0,61.0,1,White,Female,35-44,38.182,Loan originated
1,365000.0,40,535000.0,162.0,1,Asian,Male,45-54,66.98,Loan originated
1,1025000.0,20%-<30%,1285000.0,722.0,1,Asian,Male,35-44,80.0,Loan originated
1,185000.0,38,655000.0,134.0,1,Asian,Joint,65-74,27.692,Loan originated
1,505000.0,49,1905000.0,207.0,1,White,Joint,65-74,26.247,Loan originated
1,975000.0,41,1305000.0,241.0,1,White,Joint,45-54,75.0,Loan originated
1,855000.0,43,1005000.0,222.0,1,Asian,Joint,25-34,85.0,Loan originated
1,395000.0,40,495000.0,102.0,1,White,Female,45-54,80.0,Loan originated
1,605000.0,43,965000.0,154.0,1,White,Male,35-44,62.5,Loan originated
1,365000.0,43,965000.0,177.0,1,White,Female,25-34,73.958,Loan originated
1,385000.0,48,515000.0,82.0,1,White,Female,25-34,74.226,Loan originated
1,455000.0,30%-<36%,555000.0,135.0,1,Hispanic or Latino,Joint,35-44,81.98,Loan originated
1,555000.0,36,1655000.0,177.0,1,White,Male,35-44,33.33,Loan originated
1,265000.0,20%-<30%,575000.0,144.0,1,White,Female,65-74,46.539,Loan originated
1,605000.0,20%-<30%,855000.0,272.0,1,White,Male,55-64,70.58,Loan originated
1,625000.0,46,655000.0,260.0,1,Hispanic or Latino,Male,25-34,95.0,Loan originated
1,905000.0,44,1105000.0,210.0,1,White,Male,35-44,93.0,Application denied
1,255000.0,38,245000.0,80.0,1,Hispanic or Latino,Male,25-34,106.21,Application denied
1,425000.0,48,445000.0,182.0,1,Hispanic or Latino,Male,45-54,95.0,Loan originated
1,765000.0,40,955000.0,314.0,1,Asian,Male,25-34,80.0,Loan originated
1,425000.0,44,475000.0,162.0,1,Hispanic or Latino,Joint,25-34,89.37,Loan originated
1,385000.0,42,485000.0,162.0,1,Other,Female,35-44,100.0,Loan originated
1,655000.0,45,775000.0,158.0,1,White,Female,25-34,85.0,Loan originated
1,155000.0,30%-<36%,195000.0,120.0,1,White,Male,55-64,80.0,Loan originated
1,275000.0,42,295000.0,108.0,1,White,Male,35-44,95.0,Loan originated
1,395000.0,30%-<36%,565000.0,121.0,1,Asian,Joint,45-54,70.0,Loan originated
1,575000.0,36,865000.0,196.0,1,White,Female,25-34,67.21,Loan originated
1,255000.0,30%-<36%,855000.0,161.0,1,Hispanic or Latino,Female,45-54,29.825,Loan originated
1,1055000.0,39,1455000.0,515.0,1,Asian,Male,35-44,75.0,Loan originated
1,165000.0,30%-<36%,555000.0,82.0,1,White,Joint,55-64,29.713,Loan originated
1,405000.0,44,685000.0,122.0,1,Hispanic or Latino,Female,25-34,58.824,Loan originated
1,305000.0,30%-<36%,595000.0,104.0,1,Asian,Joint,65-74,50.697,Loan originated
1,805000.0,40,1255000.0,197.0,1,Asian,Male,35-44,63.75,Loan originated
1,915000.0,44,955000.0,170.0,1,Asian,Joint,25-34,89.474,Application denied
1,905000.0,48,2505000.0,237.0,1,Asian,Male,45-54,35.971,Loan originated
1,395000.0,20%-<30%,495000.0,155.0,1,White,Joint,25-34,80.0,Loan originated
1,825000.0,43,865000.0,273.0,1,White,Joint,35-44,95.0,Loan originated
1,625000.0,<20%,655000.0,592.0,1,Hispanic or Latino,Joint,45-54,95.0,Loan originated
1,225000.0,38,235000.0,191.0,1,Hispanic or Latino,Joint,<25,95.0,Loan originated
1,425000.0,40,875000.0,145.0,1,Asian,Female,25-34,49.0,Loan originated
1,355000.0,47,505000.0,90.0,1,White,Male,25-34,70.0,Loan originated
1,265000.0,20%-<30%,625000.0,133.0,1,White,Female,65-74,41.76,Loan originated
1,1105000.0,47,1225000.0,252.0,1,White,Female,35-44,89.999,Loan originated
1,515000.0,42,545000.0,125.0,1,White,Joint,35-44,95.0,Loan originated
1,725000.0,44,845000.0,172.0,1,Asian,Joint,25-34,85.0,Loan originated
1,975000.0,>60%,2855000.0,250.0,1,White,Joint,35-44,34.115,Loan originated
1,145000.0,20%-<30%,185000.0,98.0,1,White,Joint,65-74,77.66,Loan originated
1,1005000.0,47,1405000.0,233.0,1,Asian,Male,35-44,71.43,Loan originated
1,515000.0,38,2065000.0,210.0,1,White,Joint,35-44,24.81,Loan originated
1,1065000.0,30%-<36%,1335000.0,306.0,1,Asian,Joint,35-44,80.0,Loan originated
1,635000.0,37,705000.0,186.0,1,Asian,Male,45-54,89.99,Loan originated
1,705000.0,44,875000.0,173.0,1,Hispanic or Latino,Joint,35-44,80.0,Loan originated
1,605000.0,41,645000.0,198.0,1,White,Male,35-44,95.0,Loan originated
1,525000.0,30%-<36%,705000.0,180.0,1,White,Male,35-44,75.0,Loan originated
1,725000.0,42,855000.0,229.0,1,Hispanic or Latino,Male,35-44,85.0,Loan originated
1,115000.0,49,205000.0,40.0,1,Black or African American,Male,55-64,103.0,Application denied
1,625000.0,44,675000.0,137.0,1,Hispanic or Latino,Joint,35-44,92.0,Loan originated
1,365000.0,30%-<36%,725000.0,156.0,1,White,Joint,65-74,50.694,Loan originated
1,635000.0,30%-<36%,835000.0,219.0,1,White,Male,25-34,76.5,Loan originated
1,335000.0,>60%,355000.0,182.0,1,Asian,Male,35-44,98.8,Application denied
1,745000.0,50%-60%,775000.0,152.0,1,Asian,Male,35-44,80.0,Application denied
1,545000.0,20%-<30%,745000.0,352.0,1,Asian,Male,45-54,72.973,Loan originated
1,485000.0,42,575000.0,138.0,1,Hispanic or Latino,Female,25-34,90.263,Loan originated
1,625000.0,49,785000.0,135.0,1,White,Female,55-64,80.0,Loan originated
1,435000.0,37,465000.0,173.0,1,Asian,Joint,25-34,95.0,Loan originated
1,765000.0,50%-60%,1305000.0,172.0,1,Hispanic or Latino,Joint,35-44,58.965,Application denied
1,765000.0,44,1085000.0,183.0,1,Asian,Female,25-34,70.65,Loan originated
1,515000.0,42,545000.0,135.0,1,Hispanic or Latino,Male,35-44,95.0,Loan originated
1,915000.0,45,1315000.0,273.0,1,Asian,Male,45-54,70.0,Loan originated
1,425000.0,20%-<30%,795000.0,255.0,1,Asian,Joint,25-34,52.83,Loan originated
1,415000.0,49,555000.0,103.0,1,Asian,Female,35-44,75.0,Loan originated
1,415000.0,46,515000.0,100.0,1,White,Female,65-74,80.0,Loan originated
1,965000.0,36,1135000.0,286.0,1,Asian,Joint,25-34,85.0,Loan originated
1,1035000.0,>60%,1295000.0,305.0,1,White,Male,25-34,80.0,Application denied
1,265000.0,20%-<30%,295000.0,161.0,1,Asian,Joint,35-44,90.69,Loan originated
1,455000.0,49,565000.0,123.0,1,White,Male,25-34,80.0,Loan originated
1,735000.0,38,915000.0,308.0,1,Asian,Joint,25-34,79.995,Loan originated
1,365000.0,47,1165000.0,344.0,1,Hispanic or Latino,Female,35-44,31.03,Application denied
1,765000.0,39,875000.0,201.0,1,White,Female,35-44,89.0,Loan originated
1,335000.0,45,415000.0,68.0,1,Hispanic or Latino,Male,45-54,80.0,Loan originated
1,385000.0,43,475000.0,94.0,1,White,Joint,25-34,80.0,Loan originated
1,505000.0,44,535000.0,142.0,1,Hispanic or Latino,Joint,25-34,95.0,Loan originated
1,685000.0,20%-<30%,865000.0,395.0,1,Hispanic or Latino,Joint,35-44,80.0,Loan originated
1,205000.0,49,245000.0,149.0,1,Hispanic or Latino,Joint,25-34,84.9,Loan originated
1,405000.0,20%-<30%,1655000.0,247.0,1,White,Male,35-44,24.242,Loan originated
1,395000.0,47,695000.0,158.0,1,Hispanic or Latino,Female,55-64,56.533,Loan originated
1,475000.0,40,495000.0,125.0,1,Hispanic or Latino,Joint,25-34,98.0,Loan originated
1,665000.0,46,865000.0,131.0,1,Hispanic or Latino,Joint,25-34,77.33,Loan originated
1,595000.0,40,665000.0,142.0,1,White,Male,35-44,90.0,Loan originated
1,395000.0,47,435000.0,83.0,1,Asian,Female,45-54,90.0,Loan originated
1,715000.0,38,755000.0,192.0,1,White,Male,45-54,95.0,Loan originated
1,735000.0,46,925000.0,210.0,1,White,Joint,35-44,80.0,Loan originated
1,625000.0,45,645000.0,152.0,1,Hispanic or Latino,Female,25-34,97.0,Loan originated
1,1005000.0,40,1275000.0,737.0,1,White,Female,65-74,78.431,Loan originated
1,415000.0,42,435000.0,113.0,1,Hispanic or Latino,Joint,25-34,100.0,Loan originated
1,265000.0,20%-<30%,325000.0,140.0,1,Hispanic or Latino,Male,45-54,80.0,Application denied
1,155000.0,47,755000.0,94.0,1,White,Female,55-64,20.0,Loan originated
1,665000.0,49,835000.0,211.0,1,White,Joint,25-34,80.0,Loan originated
1,605000.0,30%-<36%,755000.0,332.0,1,White,Male,55-64,80.0,Loan originated
1,465000.0,48,615000.0,89.0,1,Hispanic or Latino,Female,35-44,75.0,Loan originated
1,655000.0,46,825000.0,261.0,1,Asian,Male,45-54,79.978,Loan originated
1,345000.0,45,1145000.0,132.0,1,White,Female,55-64,30.247,Loan originated
1,485000.0,48,585000.0,99.0,1,Asian,Male,35-44,82.79,Loan originated
1,365000.0,44,495000.0,94.0,1,White,Joint,55-64,73.578,Loan originated
1,675000.0,41,905000.0,175.0,1,White,Joint,25-34,75.0,Loan originated
1,435000.0,20%-<30%,455000.0,185.0,1,White,Male,35-44,97.0,Loan originated
1,355000.0,44,445000.0,77.0,1,Asian,Male,35-44,79.986,Loan originated
1,215000.0,49,475000.0,60.0,1,White,Female,45-54,45.607,Loan originated
1,815000.0,49,1085000.0,158.0,1,Hispanic or Latino,Joint,45-54,75.0,Loan originated
1,965000.0,36,1215000.0,281.0,1,White,Joint,25-34,80.0,Loan originated
1,425000.0,30%-<36%,475000.0,156.0,1,Asian,Male,35-44,89.362,Loan originated
1,645000.0,43,805000.0,184.0,1,Asian,Male,25-34,80.0,Loan originated
1,535000.0,30%-<36%,915000.0,257.0,1,White,Joint,55-64,59.0,Loan originated
1,555000.0,30%-<36%,855000.0,367.0,1,White,Male,65-74,64.86,Loan originated
1,405000.0,20%-<30%,505000.0,179.0,1,White,Joint,25-34,80.0,Loan originated
1,295000.0,46,495000.0,65.0,1,White,Male,>74,59.596,Loan originated
1,235000.0,39,925000.0,106.0,1,White,Female,35-44,71.48,Loan originated
1,285000.0,41,305000.0,72.0,1,White,Female,55-64,95.0,Loan originated
1,245000.0,<20%,255000.0,135.0,1,White,Male,45-54,95.0,Loan originated
1,515000.0,47,635000.0,102.0,1,Asian,Joint,45-54,80.0,Loan originated
1,735000.0,39,815000.0,184.0,1,Hispanic or Latino,Male,25-34,90.0,Loan originated
1,415000.0,30%-<36%,585000.0,134.0,1,White,Female,25-34,70.0,Loan originated
1,405000.0,<20%,2335000.0,372.0,1,Asian,Joint,55-64,17.118,Loan originated
1,655000.0,43,825000.0,178.0,1,Hispanic or Latino,Male,25-34,80.0,Loan originated
1,745000.0,48,995000.0,295.0,1,Asian,Joint,35-44,74.99,Loan originated
1,685000.0,30%-<36%,855000.0,231.0,1,White,Female,35-44,80.0,Loan originated
1,565000.0,20%-<30%,755000.0,513.0,1,Black or African American,Female,>74,75.0,Loan originated
1,225000.0,20%-<30%,585000.0,131.0,1,Asian,Male,25-34,39.0,Loan originated
1,445000.0,30%-<36%,505000.0,146.0,1,White,Male,25-34,88.0,Loan originated
1,705000.0,37,815000.0,262.0,1,White,Joint,25-34,87.0,Loan originated
1,505000.0,44,595000.0,178.0,1,Black or African American,Male,35-44,85.0,Loan originated
1,1135000.0,49,1505000.0,280.0,1,Asian,Female,35-44,75.333,Loan originated
1,135000.0,20%-<30%,735000.0,112.0,1,White,Joint,65-74,17.742,Loan originated
1,685000.0,20%-<30%,855000.0,274.0,1,Hispanic or Latino,Male,45-54,80.0,Loan originated
1,735000.0,40,925000.0,183.0,1,Asian,Joint,35-44,80.0,Loan originated
1,745000.0,46,945000.0,184.0,1,Black or African American,Female,35-44,79.0,Loan originated
1,1085000.0,47,1305000.0,379.0,1,Asian,Joint,45-54,83.792,Loan originated
1,565000.0,46,595000.0,110.0,1,Hispanic or Latino,Male,35-44,95.0,Loan originated
1,405000.0,36,425000.0,121.0,1,Hispanic or Latino,Male,25-34,100.0,Loan originated
1,475000.0,40,585000.0,110.0,1,Hispanic or Latino,Female,25-34,80.0,Loan originated
1,505000.0,43,755000.0,131.0,1,White,Male,35-44,66.667,Loan originated
1,305000.0,30%-<36%,385000.0,104.0,1,White,Joint,25-34,80.0,Loan originated
1,975000.0,30%-<36%,1375000.0,280.0,1,White,Joint,25-34,70.993,Loan originated
1,325000.0,41,365000.0,130.0,1,Hispanic or Latino,Female,35-44,95.0,Loan originated
1,545000.0,37,605000.0,217.0,1,Hispanic or Latino,Male,25-34,90.0,Application denied
1,375000.0,50%-60%,625000.0,82.0,1,White,Female,45-54,59.95,Application denied
1,1025000.0,47,1205000.0,326.0,1,White,Joint,25-34,85.0,Loan originated
1,285000.0,20%-<30%,575000.0,319.0,1,White,Joint,45-54,50.0,Loan originated
1,375000.0,49,395000.0,98.0,1,Hispanic or Latino,Female,45-54,95.0,Loan originated
1,535000.0,42,805000.0,125.0,1,Other,Male,35-44,67.0,Loan originated
1,765000.0,48,885000.0,155.0,1,Asian,Joint,35-44,104.15,Loan originated
1,405000.0,50%-60%,435000.0,116.0,1,Hispanic or Latino,Joint,25-34,95.0,Application denied
1,1055000.0,>60%,1315000.0,178.0,1,Asian,Male,35-44,80.0,Application denied
1,405000.0,38,435000.0,120.0,1,White,Male,55-64,95.0,Loan originated
1,355000.0,37,845000.0,111.0,1,White,Male,55-64,41.667,Loan originated
1,425000.0,40,525000.0,240.0,1,White,Female,25-34,80.0,Loan originated
1,935000.0,20%-<30%,1105000.0,322.0,1,White,Female,25-34,85.0,Loan originated
1,685000.0,30%-<36%,865000.0,167.0,1,White,Male,25-34,79.07,Loan originated
1,705000.0,30%-<36%,1305000.0,244.0,1,Asian,Female,35-44,53.64,Loan originated
1,635000.0,45,795000.0,162.0,1,Asian,Joint,25-34,80.0,Loan originated
1,475000.0,47,595000.0,174.0,1,White,Male,45-54,80.0,Loan originated
1,1005000.0,37,1905000.0,268.0,1,Asian,Male,45-54,52.756,Loan originated
1,515000.0,30%-<36%,575000.0,183.0,1,White,Male,25-34,90.0,Loan originated
1,265000.0,44,335000.0,63.0,1,White,Joint,55-64,83.0,Loan originated
1,725000.0,47,1305000.0,154.0,1,Asian,Female,45-54,55.769,Loan originated
1,675000.0,30%-<36%,1855000.0,327.0,1,Asian,Joint,25-34,37.0,Loan originated
1,825000.0,48,1115000.0,280.0,1,Hispanic or Latino,Male,45-54,73.595,Loan originated
1,485000.0,40,655000.0,283.0,1,White,Female,35-44,75.0,Loan originated
1,455000.0,49,575000.0,109.0,1,Hispanic or Latino,Joint,25-34,80.0,Loan originated
1,205000.0,20%-<30%,805000.0,162.0,1,Hispanic or Latino,Female,45-54,25.0,Loan originated
1,1045000.0,30%-<36%,1305000.0,357.0,1,Asian,Male,25-34,80.0,Loan originated
1,305000.0,40,345000.0,80.0,1,White,Male,35-44,85.739,Application denied
1,385000.0,42,485000.0,119.0,1,White,Female,25-34,80.0,Loan originated
1,155000.0,30%-<36%,1055000.0,85.0,1,Asian,Female,45-54,15.0,Loan originated
1,1005000.0,45,1605000.0,253.0,1,Asian,Male,45-54,62.5,Loan originated
1,465000.0,49,555000.0,99.0,1,Hispanic or Latino,Joint,35-44,85.0,Loan originated
1,525000.0,41,655000.0,130.0,1,White,Female,25-34,80.0,Loan originated
1,315000.0,20%-<30%,425000.0,147.0,1,White,Male,35-44,75.0,Loan originated
1,785000.0,49,825000.0,170.0,1,Hispanic or Latino,Male,45-54,95.0,Loan originated
1,555000.0,43,695000.0,153.0,1,White,Joint,35-44,80.0,Loan originated
1,445000.0,37,495000.0,125.0,1,White,Joint,25-34,90.0,Loan originated
1,315000.0,49,665000.0,72.0,1,White,Joint,25-34,46.94,Loan originated
1,635000.0,30%-<36%,795000.0,208.0,1,Hispanic or Latino,Female,35-44,80.0,Loan originated
1,405000.0,42,765000.0,116.0,1,Asian,Male,25-34,52.632,Loan originated
1,765000.0,48,855000.0,179.0,1,White,Male,35-44,90.0,Loan originated
1,395000.0,42,495000.0,109.0,1,White,Joint,35-44,79.8,Loan originated
1,335000.0,45,355000.0,70.0,1,Asian,Female,25-34,100.0,Loan originated
1,595000.0,41,785000.0,167.0,1,Asian,Joint,25-34,75.669,Loan originated
1,985000.0,47,1225000.0,486.0,1,White,Female,45-54,80.0,Loan originated
1,675000.0,42,975000.0,169.0,1,Asian,Joint,35-44,69.072,Loan originated
1,755000.0,42,945000.0,236.0,1,Asian,Male,25-34,80.0,Loan originated
1,365000.0,44,385000.0,100.0,1,Hispanic or Latino,Joint,25-34,95.0,Loan originated
1,325000.0,20%-<30%,955000.0,171.0,1,White,Joint,25-34,33.681,Loan originated
1,755000.0,44,785000.0,223.0,1,Hispanic or Latino,Female,25-34,97.0,Loan originated
1,855000.0,20%-<30%,1075000.0,304.0,1,Asian,Joint,25-34,80.0,Loan originated
1,305000.0,30%-<36%,1195000.0,335.0,1,White,Joint,45-54,25.126,Loan originated
1,1015000.0,47,1125000.0,219.0,1,Asian,Joint,35-44,89.987,Loan originated
1,655000.0,46,815000.0,150.0,1,Hispanic or Latino,Joint,25-34,80.0,Loan originated
1,365000.0,49,385000.0,76.0,1,Hispanic or Latino,Male,35-44,95.0,Loan originated
1,685000.0,49,725000.0,148.0,1,Asian,Female,35-44,95.0,Loan originated
1,665000.0,49,1325000.0,155.0,1,Asian,Joint,45-54,50.0,Loan originated
1,625000.0,30%-<36%,855000.0,205.0,1,Hispanic or Latino,Joint,45-54,80.0,Loan originated
1,275000.0,41,355000.0,75.0,1,White,Male,25-34,77.279,Loan originated
1,385000.0,42,425000.0,95.0,1,White,Female,<25,90.0,Loan originated
1,515000.0,49,645000.0,177.0,1,Hispanic or Latino,Joint,45-54,80.0,Loan originated
1,675000.0,20%-<30%,755000.0,293.0,1,Hispanic or Latino,Joint,35-44,90.0,Loan originated
1,955000.0,20%-<30%,2405000.0,326.0,1,White,Male,35-44,39.583,Loan originated
1,715000.0,42,845000.0,228.0,1,White,Female,45-54,85.0,Loan originated
1,405000.0,49,455000.0,93.0,1,Hispanic or Latino,Male,55-64,90.0,Loan originated
1,755000.0,48,945000.0,177.0,1,Asian,Male,25-34,80.0,Loan originated
1,575000.0,39,715000.0,143.0,1,White,Male,55-64,80.0,Loan originated
1,625000.0,40,785000.0,222.0,1,White,Joint,25-34,80.0,Loan originated
1,315000.0,48,325000.0,72.0,1,Black or African American,Female,25-34,97.0,Loan originated
1,645000.0,44,1075000.0,180.0,1,Asian,Female,35-44,60.0,Loan originated
1,625000.0,44,895000.0,163.0,1,White,Male,25-34,69.93,Loan originated
1,405000.0,47,455000.0,100.0,1,Asian,Female,25-34,90.0,Loan originated
1,335000.0,49,555000.0,172.0,1,Asian,Male,65-74,60.05,Loan originated
1,735000.0,30%-<36%,815000.0,244.0,1,Asian,Joint,35-44,90.0,Loan originated
1,545000.0,30%-<36%,685000.0,297.0,1,White,Joint,35-44,80.0,Loan originated
1,155000.0,36,865000.0,172.0,1,Asian,Joint,25-34,97.442,Loan originated
1,225000.0,49,425000.0,59.0,1,White,Male,35-44,52.941,Loan originated
1,905000.0,41,1325000.0,272.0,1,White,Joint,65-74,67.925,Loan originated
1,765000.0,30%-<36%,955000.0,233.0,1,White,Joint,25-34,80.0,Loan originated
1,285000.0,42,445000.0,73.0,1,Asian,Female,25-34,90.0,Loan originated
1,375000.0,30%-<36%,595000.0,140.0,1,Asian,Male,25-34,63.0,Loan originated
1,345000.0,44,385000.0,94.0,1,White,Male,25-34,90.0,Loan originated
1,385000.0,42,435000.0,112.0,1,White,Joint,25-34,90.0,Loan originated
1,425000.0,47,565000.0,170.0,1,Hispanic or Latino,Female,<25,75.0,Loan originated
1,1005000.0,42,1255000.0,231.0,1,White,Female,25-34,80.0,Loan originated
1,475000.0,45,505000.0,141.0,1,Hispanic or Latino,Female,55-64,95.0,Loan originated
1,395000.0,48,405000.0,119.0,1,Hispanic or Latino,Joint,25-34,97.0,Loan originated
1,415000.0,47,575000.0,185.0,1,White,Joint,45-54,73.225,Loan originated
1,365000.0,40,505000.0,94.0,1,Asian,Joint,35-44,75.0,Loan originated
1,475000.0,46,875000.0,196.0,1,White,Joint,35-44,54.28,Loan originated
1,545000.0,48,575000.0,134.0,1,White,Male,45-54,98.0,Loan originated
1,455000.0,30%-<36%,505000.0,168.0,1,White,Female,45-54,90.0,Loan originated
1,815000.0,41,1175000.0,538.0,1,White,Male,25-34,70.0,Loan originated
1,775000.0,47,1295000.0,208.0,1,White,Male,25-34,60.0,Loan originated
1,865000.0,44,1075000.0,298.0,1,White,Joint,45-54,80.0,Loan originated
1,405000.0,44,445000.0,109.0,1,Hispanic or Latino,Female,25-34,92.0,Loan originated
1,485000.0,36,605000.0,153.0,1,White,Joint,35-44,80.0,Loan originated
1,375000.0,46,495000.0,159.0,1,White,Female,55-64,75.0,Loan originated
1,895000.0,43,995000.0,231.0,1,White,Male,25-34,90.0,Loan originated
1,925000.0,30%-<36%,1155000.0,486.0,1,Asian,Male,45-54,79.92,Loan originated
1,545000.0,42,605000.0,155.0,1,White,Male,25-34,90.0,Loan originated
1,615000.0,49,725000.0,133.0,1,Hispanic or Latino,Female,35-44,85.0,Loan originated
1,575000.0,41,925000.0,194.0,1,White,Female,35-44,62.162,Loan originated
1,725000.0,39,1225000.0,335.0,1,White,Joint,45-54,59.18,Loan originated
1,325000.0,20%-<30%,675000.0,124.0,1,Hispanic or Latino,Male,35-44,47.761,Loan originated
1,1135000.0,38,1265000.0,304.0,1,Asian,Joint,45-54,89.99,Loan originated
1,395000.0,45,615000.0,102.0,1,White,Female,35-44,64.754,Loan originated
1,525000.0,38,655000.0,271.0,1,White,Joint,55-64,80.0,Loan originated
1,705000.0,49,1005000.0,196.0,1,White,Joint,45-54,69.652,Loan originated
1,615000.0,45,655000.0,125.0,1,Asian,Male,55-64,95.0,Loan originated
1,645000.0,50%-60%,1045000.0,152.0,1,Hispanic or Latino,Joint,35-44,61.39,Loan originated
1,675000.0,40,845000.0,159.0,1,Asian,Male,35-44,80.0,Loan originated
1,285000.0,46,465000.0,101.0,1,Hispanic or Latino,Joint,25-34,60.215,Loan originated
1,375000.0,47,465000.0,126.0,1,Asian,Female,45-54,80.0,Loan originated
1,965000.0,40,1015000.0,324.0,1,Asian,Joint,25-34,95.0,Loan originated
1,415000.0,30%-<36%,555000.0,389.0,1,White,Joint,35-44,75.0,Loan originated
1,455000.0,49,565000.0,266.0,1,Asian,Male,45-54,80.0,Loan originated
1,385000.0,37,555000.0,110.0,1,White,Male,25-34,69.91,Loan originated
1,785000.0,49,845000.0,151.0,1,White,Male,25-34,94.0,Loan originated
1,525000.0,30%-<36%,555000.0,610.0,1,White,Joint,35-44,95.0,Loan originated
1,655000.0,48,675000.0,139.0,1,White,Female,25-34,100.0,Loan originated
1,295000.0,45,435000.0,110.0,1,Hispanic or Latino,Male,25-34,66.667,Application denied
1,405000.0,48,1205000.0,120.0,1,Asian,Female,45-54,33.333,Loan originated
1,685000.0,20%-<30%,865000.0,443.0,1,White,Male,35-44,80.0,Loan originated
1,295000.0,36,305000.0,92.0,1,White,Male,25-34,100.0,Loan originated
1,525000.0,49,655000.0,119.0,1,Hispanic or Latino,Male,35-44,80.0,Loan originated
1,825000.0,30%-<36%,965000.0,232.0,1,White,Joint,35-44,85.0,Loan originated
1,645000.0,42,715000.0,175.0,1,Asian,Joint,35-44,90.0,Loan originated
1,415000.0,40,485000.0,112.0,1,Hispanic or Latino,Male,55-64,85.0,Loan originated
1,155000.0,20%-<30%,915000.0,122.0,1,Hispanic or Latino,Female,55-64,16.393,Loan originated
1,665000.0,50%-60%,745000.0,227.0,1,White,Male,55-64,90.0,Loan originated
1,305000.0,30%-<36%,485000.0,95.0,1,White,Joint,25-34,89.988,Loan originated
1,545000.0,49,575000.0,123.0,1,Asian,Joint,25-34,95.0,Loan originated
1,335000.0,40,355000.0,135.0,1,Hispanic or Latino,Joint,55-64,95.0,Loan originated
1,545000.0,42,665000.0,119.0,1,Hispanic or Latino,Female,25-34,82.051,Loan originated
1,865000.0,<20%,1155000.0,500.0,1,White,Male,35-44,75.0,Loan originated
1,905000.0,30%-<36%,1205000.0,492.0,1,White,Male,45-54,75.0,Loan originated
1,445000.0,40,495000.0,128.0,1,White,Joint,35-44,90.0,Loan originated
1,425000.0,38,535000.0,178.0,1,Hispanic or Latino,Joint,45-54,80.0,Loan originated
1,545000.0,49,575000.0,215.0,1,Asian,Joint,25-34,95.0,Loan originated
1,645000.0,41,835000.0,163.0,1,Hispanic or Latino,Male,45-54,77.11,Application denied
1,755000.0,20%-<30%,1505000.0,23.0,1,Asian,Joint,35-44,50.0,Loan originated
1,765000.0,38,955000.0,177.0,1,Hispanic or Latino,Male,45-54,80.0,Loan originated
1,595000.0,46,625000.0,155.0,1,Hispanic or Latino,Male,25-34,95.0,Loan originated
1,605000.0,39,1035000.0,175.0,1,Asian,Female,35-44,57.785,Loan originated
1,785000.0,39,985000.0,236.0,1,White,Male,45-54,80.0,Loan originated
1,555000.0,48,585000.0,109.0,1,Hispanic or Latino,Joint,25-34,98.0,Loan originated
1,955000.0,49,1115000.0,201.0,1,Asian,Male,35-44,85.0,Loan originated
1,445000.0,30%-<36%,455000.0,159.0,1,Hispanic or Latino,Female,25-34,97.0,Loan originated
1,1005000.0,42,1255000.0,302.0,1,Asian,Joint,35-44,80.0,Loan originated
1,665000.0,20%-<30%,2255000.0,340.0,1,White,Male,45-54,29.55,Loan originated
1,495000.0,39,715000.0,211.0,1,Asian,Joint,25-34,68.531,Loan originated
1,315000.0,49,345000.0,67.0,1,Asian,Male,25-34,94.0,Loan originated
1,405000.0,<20%,1105000.0,452.0,1,White,Joint,45-54,37.0,Loan originated
1,395000.0,30%-<36%,495000.0,159.0,1,White,Male,35-44,80.0,Loan originated
1,525000.0,20%-<30%,1225000.0,250.0,1,White,Male,35-44,42.857,Loan originated
1,465000.0,20%-<30%,1085000.0,237.0,1,Asian,Joint,45-54,43.0,Loan originated
1,705000.0,47,885000.0,199.0,1,White,Male,25-34,80.0,Loan originated
1,695000.0,50%-60%,935000.0,174.0,1,Asian,Male,25-34,75.0,Loan originated
1,285000.0,41,315000.0,106.0,1,White,Male,65-74,90.0,Loan originated
1,475000.0,38,2205000.0,238.0,1,White,Joint,55-64,21.591,Loan originated
1,465000.0,38,475000.0,121.0,1,White,Male,25-34,100.0,Loan originated
1,515000.0,30%-<36%,575000.0,194.0,1,Hispanic or Latino,Male,35-44,90.0,Application denied
1,505000.0,20%-<30%,635000.0,263.0,1,White,Joint,25-34,80.0,Loan originated
1,535000.0,<20%,765000.0,694.0,1,Hispanic or Latino,Male,35-44,70.0,Loan originated
1,625000.0,40,695000.0,174.0,1,Hispanic or Latino,Joint,35-44,90.0,Loan originated
1,555000.0,30%-<36%,805000.0,452.0,1,Asian,Male,45-54,68.75,Loan originated
1,455000.0,30%-<36%,505000.0,149.0,1,Asian,Female,35-44,90.0,Loan originated
1,1115000.0,50%-60%,1395000.0,241.0,1,White,Joint,35-44,80.0,Loan originated
1,565000.0,47,625000.0,109.0,1,Asian,Male,45-54,89.98,Application denied
1,635000.0,44,815000.0,171.0,1,Black or African American,Female,55-64,79.0,Loan originated
1,465000.0,50%-60%,485000.0,97.0,1,Hispanic or Latino,Joint,25-34,97.0,Loan originated
1,345000.0,30%-<36%,435000.0,120.0,1,Black or African American,Male,25-34,80.0,Application denied
1,695000.0,43,715000.0,234.0,1,Hispanic or Latino,Joint,25-34,96.99,Loan originated
1,655000.0,37,815000.0,169.0,1,Hispanic or Latino,Joint,25-34,80.0,Loan originated
1,405000.0,50%-60%,505000.0,77.0,1,White,Female,35-44,80.0,Loan originated
1,415000.0,36,515000.0,156.0,1,Asian,Male,35-44,80.0,Loan originated
1,515000.0,40,645000.0,137.0,1,White,Joint,25-34,80.0,Loan originated
1,795000.0,45,845000.0,194.0,1,Hispanic or Latino,Male,<25,95.0,Loan originated
1,505000.0,30%-<36%,715000.0,166.0,1,Asian,Male,25-34,70.0,Loan originated
1,865000.0,45,915000.0,223.0,1,Hispanic or Latino,Joint,35-44,95.0,Loan originated
1,405000.0,20%-<30%,755000.0,201.0,1,White,Male,35-44,53.33,Loan originated
1,385000.0,37,485000.0,192.0,1,Asian,Joint,35-44,80.0,Loan originated
1,665000.0,40,695000.0,164.0,1,Asian,Joint,35-44,95.0,Loan originated
1,315000.0,48,335000.0,83.0,1,White,Male,35-44,95.0,Loan originated
1,545000.0,<20%,845000.0,342.0,1,White,Joint,45-54,64.489,Loan originated
1,655000.0,48,815000.0,189.0,1,White,Male,65-74,80.0,Loan originated
1,885000.0,49,1105000.0,205.0,1,White,Joint,55-64,80.0,Loan originated
1,615000.0,41,765000.0,163.0,1,Asian,Female,45-54,80.0,Loan originated
1,755000.0,39,955000.0,200.0,1,White,Male,35-44,79.92,Loan originated
1,775000.0,38,1155000.0,320.0,1,Asian,Female,35-44,80.0,Loan originated
1,475000.0,41,875000.0,388.0,1,White,Male,35-44,54.286,Loan originated
1,65000.0,<20%,315000.0,72.0,1,Hispanic or Latino,Male,55-64,19.139,Application denied
1,775000.0,47,825000.0,205.0,1,Asian,Male,35-44,93.939,Loan originated
1,265000.0,40,285000.0,108.0,1,Asian,Female,>74,95.0,Application denied
1,755000.0,43,835000.0,201.0,1,White,Female,45-54,90.0,Loan originated
1,495000.0,43,585000.0,155.0,1,Asian,Female,25-34,90.0,Application denied
1,405000.0,42,635000.0,154.0,1,Black or African American,Male,55-64,64.0,Loan originated
1,545000.0,30%-<36%,645000.0,166.0,1,Asian,Female,35-44,84.76,Loan originated
1,505000.0,47,535000.0,115.0,1,Asian,Male,25-34,95.0,Application denied
1,695000.0,45,775000.0,156.0,1,White,Male,55-64,90.0,Loan originated
1,565000.0,46,745000.0,207.0,1,Asian,Male,35-44,75.0,Loan originated
1,465000.0,47,675000.0,96.0,1,Hispanic or Latino,Female,35-44,68.148,Loan originated
1,935000.0,20%-<30%,1255000.0,333.0,1,White,Joint,25-34,74.96,Loan originated
1,325000.0,38,355000.0,80.0,1,Hispanic or Latino,Male,25-34,90.0,Loan originated
1,955000.0,47,1365000.0,224.0,1,White,Female,45-54,70.0,Loan originated
1,555000.0,47,1045000.0,152.0,1,Asian,Male,45-54,53.32,Loan originated
1,1145000.0,20%-<30%,1645000.0,574.0,1,White,Joint,35-44,70.0,Loan originated
1,495000.0,47,515000.0,133.0,1,Hispanic or Latino,Female,35-44,95.0,Loan originated
1,1005000.0,40,1585000.0,255.0,1,Asian,Male,35-44,63.291,Loan originated
1,425000.0,36,755000.0,144.0,1,Hispanic or Latino,Joint,25-34,56.67,Loan originated
1,1055000.0,40,1405000.0,290.0,1,Asian,Joint,25-34,75.0,Loan originated
1,505000.0,>60%,535000.0,97.0,1,Asian,Joint,25-34,95.0,Application denied
1,685000.0,36,725000.0,179.0,1,Asian,Male,25-34,94.885,Loan originated
1,695000.0,47,1195000.0,168.0,1,White,Female,55-64,58.159,Loan originated
1,235000.0,36,295000.0,59.0,1,Other,Female,55-64,80.0,Loan originated
1,415000.0,48,445000.0,92.0,1,Black or African American,Female,55-64,98.0,Loan originated
1,595000.0,39,625000.0,141.0,1,Asian,Male,35-44,95.0,Loan originated
1,525000.0,42,655000.0,271.0,1,Asian,Male,45-54,80.0,Loan originated
1,345000.0,48,365000.0,91.0,1,Hispanic or Latino,Male,35-44,95.0,Loan originated
1,905000.0,30%-<36%,1505000.0,245.0,1,White,Male,35-44,60.0,Loan originated
1,385000.0,48,415000.0,103.0,1,Hispanic or Latino,Male,25-34,98.0,Loan originated
1,835000.0,49,1045000.0,216.0,1,White,Male,25-34,80.0,Loan originated
1,325000.0,37,825000.0,161.0,1,White,Joint,45-54,39.024,Loan originated
1,335000.0,30%-<36%,425000.0,127.0,1,Asian,Joint,35-44,80.0,Loan originated
1,645000.0,20%-<30%,1295000.0,560.0,1,White,Female,65-74,50.0,Loan originated
1,515000.0,48,865000.0,152.0,1,White,Male,65-74,59.538,Loan originated
1,345000.0,49,445000.0,113.0,1,Hispanic or Latino,Joint,45-54,77.773,Loan originated
1,185000.0,40,425000.0,101.0,1,White,Female,45-54,43.0,Loan originated
1,565000.0,30%-<36%,1565000.0,2530.0,1,Asian,Female,45-54,35.78,Loan originated
1,605000.0,40,865000.0,203.0,1,Asian,Male,25-34,70.0,Application denied
1,315000.0,39,335000.0,114.0,1,White,Male,25-34,95.0,Loan originated
1,645000.0,36,715000.0,382.0,1,White,Male,25-34,90.0,Loan originated
1,725000.0,36,965000.0,294.0,1,White,Joint,45-54,75.0,Loan originated
1,255000.0,48,405000.0,63.0,1,Asian,Male,55-64,61.125,Loan originated
1,765000.0,20%-<30%,1555000.0,280.0,1,White,Joint,45-54,49.296,Loan originated
1,445000.0,42,695000.0,180.0,1,White,Joint,35-44,63.768,Loan originated
1,805000.0,40,1415000.0,337.0,1,White,Joint,65-74,56.74,Loan originated
1,415000.0,30%-<36%,815000.0,240.0,1,Asian,Male,45-54,51.014,Loan originated
1,865000.0,30%-<36%,1155000.0,279.0,1,White,Joint,35-44,75.0,Loan originated
1,575000.0,42,835000.0,12.0,1,Asian,Joint,55-64,68.67,Loan originated
1,195000.0,40,205000.0,55.0,1,Hispanic or Latino,Male,25-34,95.0,Loan originated
1,455000.0,43,655000.0,110.0,1,Asian,Male,25-34,69.231,Loan originated
1,125000.0,30%-<36%,165000.0,57.0,1,Hispanic or Latino,Female,<25,75.0,Loan originated
1,1125000.0,30%-<36%,1685000.0,410.0,1,Asian,Joint,25-34,67.14,Loan originated
1,485000.0,40,505000.0,144.0,1,Hispanic or Latino,Female,25-34,97.0,Loan originated
1,125000.0,37,605000.0,82.0,1,Hispanic or Latino,Male,65-74,20.792,Loan originated
1,725000.0,37,1035000.0,353.0,1,Asian,Male,45-54,70.0,Loan originated
1,365000.0,20%-<30%,455000.0,137.0,1,Hispanic or Latino,Female,45-54,80.0,Loan originated
1,715000.0,30%-<36%,1195000.0,406.0,1,Hispanic or Latino,Joint,45-54,59.829,Loan originated
1,375000.0,39,425000.0,162.0,1,Hispanic or Latino,Joint,45-54,90.0,Application denied
1,295000.0,49,295000.0,71.0,1,Black or African American,Male,25-34,100.0,Loan originated
1,195000.0,48,245000.0,82.0,1,White,Female,55-64,80.0,Loan originated
1,745000.0,50%-60%,925000.0,149.0,1,White,Female,35-44,80.0,Application denied
1,415000.0,20%-<30%,555000.0,220.0,1,White,Joint,25-34,74.87,Loan originated
1,405000.0,38,445000.0,95.0,1,Hispanic or Latino,Male,45-54,89.286,Loan originated
1,565000.0,49,705000.0,112.0,1,White,Male,65-74,80.0,Loan originated
1,385000.0,41,405000.0,105.0,1,White,Joint,25-34,94.88,Loan originated
1,705000.0,36,735000.0,248.0,1,White,Joint,35-44,94.99,Loan originated
1,445000.0,46,465000.0,96.0,1,White,Male,35-44,95.0,Loan originated
1,1115000.0,42,1315000.0,255.0,1,White,Female,45-54,85.0,Loan originated
1,605000.0,30%-<36%,1015000.0,351.0,1,Asian,Female,55-64,60.0,Loan originated
1,645000.0,43,915000.0,138.0,1,White,Male,35-44,70.0,Loan originated
1,415000.0,49,525000.0,90.0,1,White,Joint,55-64,80.0,Loan originated
1,175000.0,46,525000.0,55.0,1,White,Female,35-44,32.983,Loan originated
1,355000.0,45,375000.0,91.0,1,Hispanic or Latino,Female,35-44,95.0,Loan originated
1,1095000.0,42,1155000.0,295.0,1,White,Male,35-44,95.0,Loan originated
1,275000.0,20%-<30%,915000.0,160.0,1,White,Joint,35-44,29.67,Loan originated
1,735000.0,41,795000.0,187.0,1,White,Male,35-44,92.405,Loan originated
1,525000.0,49,1415000.0,120.0,1,White,Joint,25-34,37.066,Loan originated
1,685000.0,30%-<36%,1055000.0,294.0,1,Asian,Female,35-44,65.0,Loan originated
1,415000.0,20%-<30%,455000.0,158.0,1,Hispanic or Latino,Female,25-34,89.99,Loan originated
1,585000.0,20%-<30%,835000.0,246.0,1,Hispanic or Latino,Joint,35-44,69.92,Loan originated
1,565000.0,45,745000.0,191.0,1,Hispanic or Latino,Joint,35-44,75.0,Loan originated
1,1045000.0,40,1235000.0,392.0,1,Asian,Joint,35-44,84.959,Loan originated
1,385000.0,47,455000.0,116.0,1,Asian,Female,55-64,85.0,Loan originated
1,385000.0,49,585000.0,86.0,1,Asian,Male,25-34,65.54,Loan originated
1,485000.0,30%-<36%,605000.0,200.0,1,Asian,Male,45-54,80.0,Loan originated
1,835000.0,30%-<36%,1485000.0,290.0,1,White,Joint,25-34,56.23,Loan originated
1,515000.0,41,545000.0,139.0,1,Hispanic or Latino,Joint,45-54,95.0,Loan originated
1,1035000.0,42,1155000.0,244.0,1,Asian,Joint,35-44,90.0,Loan originated
1,215000.0,44,415000.0,57.0,1,White,Joint,>74,51.22,Loan originated
1,505000.0,30%-<36%,805000.0,166.0,1,White,Female,45-54,62.5,Loan originated
1,655000.0,43,975000.0,183.0,1,Black or African American,Male,>74,66.795,Application denied
1,155000.0,30%-<36%,165000.0,122.0,1,Hispanic or Latino,Joint,35-44,94.0,Loan originated
1,245000.0,49,325000.0,71.0,1,Hispanic or Latino,Joint,45-54,75.0,Loan originated
1,805000.0,42,955000.0,231.0,1,Hispanic or Latino,Joint,35-44,85.0,Loan originated
1,295000.0,50%-60%,375000.0,94.0,1,White,Female,65-74,78.4,Loan originated
1,655000.0,30%-<36%,825000.0,201.0,1,Asian,Male,45-54,79.996,Loan originated
1,355000.0,48,445000.0,86.0,1,Hispanic or Latino,Male,25-34,80.0,Loan originated
1,515000.0,20%-<30%,645000.0,465.0,1,Asian,Joint,35-44,80.0,Loan originated
1,395000.0,44,415000.0,84.0,1,Hispanic or Latino,Joint,35-44,97.0,Loan originated
1,395000.0,30%-<36%,495000.0,148.0,1,White,Female,35-44,80.0,Loan originated
1,545000.0,49,725000.0,109.0,1,Hispanic or Latino,Female,25-34,95.0,Loan originated
1,665000.0,49,705000.0,143.0,1,White,Joint,25-34,95.0,Loan originated
1,635000.0,40,795000.0,227.0,1,White,Male,35-44,80.0,Loan originated
1,905000.0,40,1125000.0,235.0,1,Asian,Joint,35-44,80.0,Loan originated
1,625000.0,41,855000.0,264.0,1,Asian,Joint,25-34,74.0,Loan originated
1,975000.0,36,1955000.0,467.0,1,White,Joint,35-44,50.0,Loan originated
1,635000.0,44,885000.0,237.0,1,Asian,Joint,25-34,72.0,Loan originated
1,455000.0,30%-<36%,605000.0,213.0,1,Hispanic or Latino,Male,35-44,75.0,Loan originated
1,355000.0,36,375000.0,155.0,1,White,Female,45-54,95.0,Loan originated
1,295000.0,30%-<36%,365000.0,86.0,1,Hispanic or Latino,Male,25-34,80.0,Loan originated
1,655000.0,43,1105000.0,155.0,1,White,Female,55-64,59.091,Loan originated
1,505000.0,48,525000.0,123.0,1,Other,Joint,35-44,100.0,Loan originated
1,965000.0,49,1025000.0,195.0,1,White,Joint,35-44,95.0,Loan originated
1,705000.0,30%-<36%,945000.0,284.0,1,White,Joint,35-44,75.0,Loan originated
1,765000.0,30%-<36%,955000.0,365.0,1,Asian,Joint,35-44,80.0,Loan originated
1,725000.0,47,915000.0,228.0,1,White,Male,35-44,80.0,Loan originated
1,595000.0,45,1345000.0,235.0,1,White,Male,35-44,44.0,Loan originated
1,515000.0,44,1255000.0,150.0,1,White,Joint,35-44,41.2,Loan originated
1,445000.0,20%-<30%,565000.0,156.0,1,White,Joint,25-34,80.0,Loan originated
1,365000.0,44,615000.0,113.0,1,Other,Male,35-44,59.35,Loan originated
1,105000.0,42,615000.0,60.0,1,Asian,Male,65-74,16.367,Loan originated
1,375000.0,48,645000.0,109.0,1,Hispanic or Latino,Female,25-34,57.011,Loan originated
1,375000.0,42,475000.0,102.0,1,Hispanic or Latino,Female,45-54,100.0,Loan originated
1,785000.0,38,985000.0,207.0,1,White,Joint,25-34,80.0,Loan originated
1,395000.0,<20%,1075000.0,318.0,1,Asian,Female,45-54,36.195,Loan originated
1,755000.0,44,1725000.0,256.0,1,Asian,Female,45-54,43.42,Loan originated
1,595000.0,46,815000.0,184.0,1,Asian,Male,45-54,72.546,Loan originated
1,465000.0,49,775000.0,115.0,1,White,Joint,55-64,59.355,Application denied
1,285000.0,36,285000.0,83.0,1,White,Joint,<25,100.0,Loan originated
1,625000.0,42,835000.0,254.0,1,Asian,Joint,55-64,75.0,Loan originated
1,505000.0,30%-<36%,745000.0,182.0,1,White,Male,65-74,67.568,Loan originated
1,605000.0,30%-<36%,875000.0,328.0,1,Asian,Joint,35-44,68.98,Loan originated
1,345000.0,47,415000.0,107.0,1,White,Female,45-54,85.0,Loan originated
1,555000.0,47,735000.0,144.0,1,White,Female,35-44,75.0,Loan originated
1,745000.0,30%-<36%,855000.0,227.0,1,Asian,Male,45-54,87.647,Loan originated
1,765000.0,45,1375000.0,170.0,1,Asian,Male,25-34,55.71,Loan originated
1,605000.0,30%-<36%,635000.0,208.0,1,White,Male,35-44,94.488,Loan originated
1,695000.0,40,1595000.0,377.0,1,Asian,Joint,35-44,43.57,Loan originated
1,525000.0,44,655000.0,113.0,1,Hispanic or Latino,Male,25-34,80.0,Loan originated
1,395000.0,48,485000.0,192.0,1,Asian,Female,35-44,80.0,Loan originated
1,375000.0,30%-<36%,845000.0,119.0,1,White,Female,65-74,43.98,Loan originated
1,725000.0,47,815000.0,234.0,1,Hispanic or Latino,Male,<25,89.877,Loan originated
1,1035000.0,43,1185000.0,252.0,1,Asian,Joint,35-44,88.0,Loan originated
1,175000.0,49,465000.0,54.0,1,Asian,Female,45-54,38.043,Loan originated
1,185000.0,48,235000.0,47.0,1,Hispanic or Latino,Male,25-34,80.0,Loan originated
1,455000.0,38,955000.0,261.0,1,White,Joint,55-64,47.368,Loan originated
1,595000.0,44,665000.0,164.0,1,White,Female,55-64,90.0,Loan originated
1,465000.0,46,485000.0,97.0,1,Hispanic or Latino,Female,35-44,95.0,Loan originated
1,1145000.0,45,2655000.0,279.0,1,Asian,Joint,25-34,44.0,Loan originated
1,575000.0,36,825000.0,183.0,1,Asian,Joint,25-34,69.77,Loan originated
1,855000.0,30%-<36%,1155000.0,247.0,1,White,Joint,35-44,73.92,Loan originated
1,995000.0,20%-<30%,1245000.0,334.0,1,Asian,Joint,25-34,80.0,Loan originated
1,685000.0,20%-<30%,975000.0,251.0,1,Asian,Female,35-44,70.0,Loan originated
1,475000.0,43,485000.0,136.0,1,Hispanic or Latino,Joint,45-54,103.186,Loan originated
1,325000.0,44,525000.0,78.0,1,White,Female,35-44,61.759,Loan originated
1,925000.0,49,1155000.0,193.0,1,White,Joint,35-44,80.0,Loan originated
1,275000.0,20%-<30%,875000.0,189.0,1,White,Male,25-34,31.43,Loan originated
1,305000.0,37,575000.0,84.0,1,Asian,Female,25-34,52.71,Loan originated
1,405000.0,40,425000.0,112.0,1,Hispanic or Latino,Male,35-44,95.0,Loan originated
1,465000.0,20%-<30%,665000.0,204.0,1,White,Joint,25-34,69.816,Loan originated
1,765000.0,40,1055000.0,211.0,1,Hispanic or Latino,Joint,45-54,72.779,Loan originated
1,725000.0,41,805000.0,195.0,1,Asian,Female,55-64,90.0,Loan originated
1,565000.0,30%-<36%,705000.0,169.0,1,Asian,Male,35-44,80.0,Loan originated
1,365000.0,48,385000.0,91.0,1,White,Male,35-44,95.0,Loan originated
1,385000.0,30%-<36%,555000.0,181.0,1,Asian,Male,25-34,70.0,Loan originated
1,615000.0,49,855000.0,127.0,1,White,Joint,35-44,72.65,Loan originated
1,465000.0,47,785000.0,310.0,1,White,Female,35-44,60.0,Loan originated
1,715000.0,48,795000.0,231.0,1,White,Joint,25-34,90.0,Loan originated
1,475000.0,42,555000.0,290.0,1,Hispanic or Latino,Joint,45-54,85.0,Loan originated
1,405000.0,48,805000.0,93.0,1,Asian,Joint,55-64,50.0,Loan originated
1,595000.0,36,625000.0,158.0,1,Hispanic or Latino,Male,45-54,95.0,Loan originated
1,545000.0,20%-<30%,675000.0,263.0,1,White,Joint,45-54,80.0,Loan originated
1,495000.0,20%-<30%,615000.0,333.0,1,Hispanic or Latino,Female,45-54,80.0,Loan originated
1,575000.0,38,605000.0,395.0,1,Hispanic or Latino,Joint,25-34,95.0,Loan originated
1,755000.0,49,1155000.0,179.0,1,Hispanic or Latino,Joint,45-54,64.82,Loan originated
1,955000.0,49,1595000.0,223.0,1,Asian,Joint,35-44,59.84,Loan originated
1,705000.0,41,1595000.0,402.0,1,Asian,Joint,35-44,43.887,Application denied
1,515000.0,<20%,645000.0,257.0,1,Hispanic or Latino,Male,55-64,80.0,Loan originated
1,245000.0,43,1225000.0,125.0,1,White,Joint,25-34,20.387,Loan originated
1,225000.0,39,445000.0,68.0,1,White,Female,<25,50.0,Loan originated
1,455000.0,30%-<36%,755000.0,304.0,1,White,Joint,45-54,60.0,Loan originated
1,535000.0,46,565000.0,113.0,1,Black or African American,Female,55-64,95.0,Loan originated
1,285000.0,30%-<36%,485000.0,88.0,1,White,Male,25-34,58.543,Loan originated
1,735000.0,20%-<30%,1055000.0,279.0,1,Hispanic or Latino,Male,35-44,70.0,Loan originated
1,505000.0,39,675000.0,174.0,1,Hispanic or Latino,Joint,35-44,74.986,Loan originated
1,225000.0,39,455000.0,75.0,1,White,Female,35-44,48.889,Loan originated
1,585000.0,39,775000.0,155.0,1,White,Joint,35-44,75.0,Loan originated
1,265000.0,37,335000.0,100.0,1,White,Male,<25,80.0,Loan originated
1,815000.0,39,865000.0,218.0,1,White,Male,35-44,95.0,Loan originated
1,685000.0,49,985000.0,203.0,1,Asian,Joint,35-44,70.0,Loan originated
1,265000.0,48,435000.0,73.0,1,White,Male,25-34,59.497,Loan originated
1,325000.0,40,435000.0,91.0,1,Hispanic or Latino,Female,35-44,95.0,Loan originated
1,155000.0,<20%,1505000.0,199.0,1,White,Joint,35-44,10.0,Loan originated
1,1065000.0,47,1325000.0,355.0,1,White,Male,35-44,80.0,Loan originated
1,545000.0,38,675000.0,170.0,1,Asian,Male,25-34,80.0,Loan originated
1,505000.0,50%-60%,935000.0,96.0,1,Asian,Male,25-34,53.763,Application denied
1,955000.0,20%-<30%,1195000.0,418.0,1,Asian,Joint,35-44,80.0,Loan originated
1,945000.0,44,1455000.0,335.0,1,Asian,Joint,25-34,65.0,Loan originated
1,715000.0,30%-<36%,795000.0,222.0,1,White,Joint,25-34,90.0,Loan originated
1,425000.0,42,475000.0,187.0,1,White,Male,55-64,89.474,Loan originated
1,595000.0,20%-<30%,845000.0,296.0,1,White,Joint,45-54,70.0,Loan originated
1,715000.0,36,1105000.0,223.0,1,White,Joint,25-34,65.0,Loan originated
1,515000.0,49,525000.0,111.0,1,Asian,Joint,25-34,97.0,Loan originated
1,385000.0,49,805000.0,93.0,1,Hispanic or Latino,Male,55-64,47.984,Loan originated
1,705000.0,36,895000.0,228.0,1,White,Male,65-74,78.865,Loan originated
1,1135000.0,40,1415000.0,436.0,1,Asian,Joint,35-44,80.0,Loan originated
1,415000.0,20%-<30%,515000.0,177.0,1,White,Joint,35-44,80.0,Loan originated
1,685000.0,42,765000.0,259.0,1,White,Joint,65-74,90.0,Loan originated
1,705000.0,39,875000.0,202.0,1,Hispanic or Latino,Female,45-54,80.0,Loan originated
1,555000.0,44,655000.0,132.0,1,Asian,Female,25-34,86.0,Loan originated
1,505000.0,41,555000.0,142.0,1,Hispanic or Latino,Joint,35-44,91.818,Loan originated
1,975000.0,30%-<36%,1305000.0,319.0,1,White,Male,45-54,75.0,Loan originated
1,625000.0,40,785000.0,221.0,1,White,Female,35-44,80.0,Loan originated
1,365000.0,42,405000.0,93.0,1,White,Male,25-34,90.0,Loan originated
1,645000.0,41,685000.0,220.0,1,Asian,Joint,35-44,95.0,Loan originated
1,485000.0,49,805000.0,93.0,1,Asian,Male,55-64,59.627,Loan originated
1,1085000.0,38,1885000.0,470.0,1,Asian,Joint,35-44,57.45,Loan originated
1,605000.0,43,1255000.0,175.0,1,White,Male,35-44,48.0,Loan originated
1,405000.0,42,615000.0,108.0,1,Asian,Male,35-44,65.0,Loan originated
1,285000.0,45,385000.0,72.0,1,Hispanic or Latino,Female,25-34,75.0,Loan originated
1,625000.0,47,655000.0,160.0,1,Asian,Male,25-34,95.0,Loan originated
1,195000.0,39,205000.0,106.0,1,Hispanic or Latino,Male,55-64,100.0,Loan originated
1,705000.0,47,755000.0,152.0,1,White,Female,25-34,93.0,Loan originated
1,15000.0,<20%,335000.0,95.0,1,White,Male,35-44,101.5,Application denied
1,345000.0,41,815000.0,88.0,1,Asian,Joint,45-54,41.975,Loan originated
1,785000.0,43,885000.0,172.0,1,Hispanic or Latino,Male,35-44,89.0,Loan originated
1,415000.0,30%-<36%,515000.0,143.0,1,Asian,Female,25-34,80.0,Loan originated
1,185000.0,20%-<30%,255000.0,90.0,1,Hispanic or Latino,Male,35-44,75.0,Loan originated
1,325000.0,47,335000.0,70.0,1,Hispanic or Latino,Male,<25,100.0,Loan originated
1,435000.0,45,625000.0,101.0,1,White,Male,45-54,70.161,Loan originated
1,95000.0,50%-60%,105000.0,75.0,1,Hispanic or Latino,Male,55-64,91.51,Application denied
1,285000.0,39,455000.0,90.0,1,White,Joint,25-34,63.111,Loan originated
1,295000.0,49,395000.0,116.0,1,Hispanic or Latino,Male,65-74,75.0,Loan originated
1,365000.0,48,375000.0,83.0,1,Hispanic or Latino,Joint,25-34,97.0,Loan originated
1,765000.0,47,855000.0,167.0,1,Asian,Joint,35-44,90.0,Loan originated
1,755000.0,42,795000.0,198.0,1,Black or African American,Female,35-44,95.0,Loan originated
1,1005000.0,30%-<36%,1485000.0,507.0,1,White,Male,35-44,67.34,Loan originated
1,635000.0,41,665000.0,166.0,1,Hispanic or Latino,Joint,35-44,96.5,Loan originated
1,995000.0,>60%,2205000.0,97.0,1,White,Joint,65-74,45.0,Application denied
1,365000.0,47,465000.0,76.0,1,White,Female,25-34,80.0,Loan originated
1,755000.0,20%-<30%,1005000.0,324.0,1,White,Male,25-34,75.0,Loan originated
1,395000.0,41,405000.0,116.0,1,White,Joint,25-34,100.0,Loan originated
1,635000.0,49,665000.0,158.0,1,Hispanic or Latino,Female,35-44,95.0,Loan originated
1,825000.0,49,1025000.0,223.0,1,Asian,Female,45-54,80.0,Loan originated
1,835000.0,37,885000.0,252.0,1,White,Joint,35-44,95.0,Loan originated
1,765000.0,44,955000.0,176.0,1,White,Female,35-44,80.0,Loan originated
1,565000.0,39,635000.0,255.0,1,Hispanic or Latino,Male,45-54,90.0,Loan originated
1,735000.0,43,915000.0,213.0,1,Asian,Male,45-54,80.0,Loan originated
1,195000.0,20%-<30%,555000.0,105.0,1,Asian,Female,55-64,35.857,Loan originated
1,125000.0,47,635000.0,111.0,1,Asian,Joint,45-54,97.165,Loan originated
1,305000.0,49,405000.0,63.0,1,Hispanic or Latino,Joint,35-44,75.0,Application denied
1,585000.0,40,785000.0,190.0,1,Asian,Female,35-44,74.522,Loan originated
1,665000.0,42,885000.0,159.0,1,Asian,Male,<25,75.0,Loan originated
1,675000.0,48,905000.0,157.0,1,Hispanic or Latino,Joint,35-44,75.0,Loan originated
1,135000.0,41,135000.0,36.0,1,White,Male,35-44,97.0,Loan originated
1,975000.0,45,1215000.0,292.0,1,White,Joint,45-54,80.0,Loan originated
1,1005000.0,20%-<30%,1355000.0,519.0,1,Asian,Joint,35-44,75.0,Loan originated
1,1005000.0,47,1255000.0,220.0,1,White,Male,25-34,80.0,Loan originated
1,205000.0,47,255000.0,55.0,1,White,Male,35-44,80.0,Application denied
1,725000.0,47,765000.0,156.0,1,Asian,Joint,25-34,95.0,Application denied
1,325000.0,50%-60%,365000.0,79.0,1,Hispanic or Latino,Female,25-34,90.0,Application denied
1,335000.0,49,365000.0,94.0,1,Black or African American,Joint,35-44,94.389,Loan originated
1,915000.0,30%-<36%,1385000.0,290.0,1,Asian,Joint,25-34,66.065,Loan originated
1,355000.0,42,555000.0,111.0,1,Hispanic or Latino,Female,45-54,63.964,Loan originated
1,745000.0,30%-<36%,785000.0,368.0,1,White,Joint,35-44,95.0,Loan originated
1,505000.0,48,535000.0,226.0,1,Asian,Joint,25-34,95.0,Loan originated
1,415000.0,45,625000.0,101.0,1,White,Female,65-74,65.342,Loan originated
1,365000.0,47,475000.0,69.0,1,Hispanic or Latino,Joint,55-64,77.87,Application denied
1,455000.0,44,655000.0,144.0,1,White,Female,35-44,69.316,Loan originated
1,575000.0,36,1025000.0,179.0,1,Asian,Joint,35-44,56.247,Loan originated
1,515000.0,49,645000.0,115.0,1,Black or African American,Joint,45-54,80.0,Loan originated
1,75000.0,<20%,155000.0,94.0,1,White,Male,55-64,50.0,Loan originated
1,415000.0,37,565000.0,137.0,1,Hispanic or Latino,Joint,45-54,73.393,Loan originated
1,695000.0,49,745000.0,156.0,1,White,Male,25-34,93.243,Application denied
1,255000.0,20%-<30%,625000.0,207.0,1,White,Joint,35-44,40.0,Loan originated
1,735000.0,30%-<36%,915000.0,444.0,1,Hispanic or Latino,Female,35-44,80.0,Loan originated
1,205000.0,40,205000.0,152.0,1,White,Joint,45-54,101.75,Loan originated
1,235000.0,41,285000.0,71.0,1,Hispanic or Latino,Male,35-44,85.0,Loan originated
1,635000.0,46,835000.0,139.0,1,White,Male,55-64,76.92,Loan originated
1,445000.0,30%-<36%,555000.0,144.0,1,Hispanic or Latino,Female,45-54,80.0,Loan originated
1,175000.0,45,245000.0,54.0,1,Hispanic or Latino,Male,35-44,71.888,Loan originated
1,265000.0,20%-<30%,515000.0,105.0,1,Asian,Male,25-34,51.46,Loan originated
1,885000.0,47,1205000.0,339.0,1,White,Male,25-34,73.333,Loan originated
1,615000.0,37,765000.0,199.0,1,White,Joint,25-34,80.0,Loan originated
1,405000.0,49,855000.0,99.0,1,Asian,Female,25-34,47.059,Loan originated
1,445000.0,30%-<36%,715000.0,136.0,1,Hispanic or Latino,Male,25-34,62.0,Loan originated
1,725000.0,20%-<30%,805000.0,246.0,1,White,Joint,25-34,90.0,Loan originated
1,475000.0,39,1075000.0,185.0,1,White,Joint,35-44,44.186,Loan originated
1,465000.0,20%-<30%,485000.0,183.0,1,Hispanic or Latino,Joint,35-44,95.0,Loan originated
1,465000.0,30%-<36%,485000.0,153.0,1,White,Joint,45-54,96.0,Loan originated
1,1005000.0,50%-60%,1605000.0,230.0,1,Asian,Joint,35-44,62.5,Application denied
1,1105000.0,50%-60%,1845000.0,224.0,1,Asian,Joint,35-44,59.621,Application denied
1,195000.0,20%-<30%,385000.0,104.0,1,Hispanic or Latino,Male,45-54,49.435,Loan originated
1,285000.0,30%-<36%,645000.0,143.0,1,White,Female,35-44,44.444,Loan originated
1,705000.0,50%-60%,885000.0,141.0,1,Asian,Joint,45-54,80.0,Loan originated
1,1125000.0,50%-60%,1405000.0,420.0,1,White,Male,35-44,80.0,Application denied
1,525000.0,20%-<30%,585000.0,358.0,1,White,Joint,45-54,90.0,Loan originated
1,215000.0,30%-<36%,525000.0,71.0,1,Hispanic or Latino,Female,35-44,40.133,Loan originated
1,245000.0,46,505000.0,102.0,1,Hispanic or Latino,Joint,25-34,47.53,Loan originated
1,255000.0,>60%,505000.0,90.0,1,White,Joint,65-74,50.797,Application denied
1,555000.0,20%-<30%,585000.0,347.0,1,White,Joint,25-34,95.0,Loan originated
1,435000.0,20%-<30%,635000.0,153.0,1,White,Joint,25-34,69.0,Loan originated
1,695000.0,<20%,895000.0,479.0,1,White,Male,35-44,77.75,Loan originated
1,875000.0,47,1285000.0,222.0,1,White,Male,25-34,68.249,Loan originated
1,1135000.0,42,1625000.0,302.0,1,White,Joint,55-64,69.792,Loan originated
1,715000.0,42,755000.0,175.0,1,Hispanic or Latino,Joint,35-44,95.0,Loan originated
1,475000.0,43,595000.0,106.0,1,Asian,Male,<25,80.0,Loan originated
1,225000.0,36,715000.0,76.0,1,Asian,Female,25-34,31.0,Loan originated
1,385000.0,46,545000.0,135.0,1,Asian,Joint,25-34,70.825,Loan originated
1,445000.0,20%-<30%,565000.0,164.0,1,White,Male,35-44,80.0,Loan originated
1,365000.0,42,385000.0,110.0,1,Hispanic or Latino,Female,45-54,99.0,Loan originated
1,745000.0,44,775000.0,210.0,1,White,Joint,25-34,95.0,Loan originated
1,525000.0,47,545000.0,130.0,1,Hispanic or Latino,Female,45-54,97.0,Loan originated
1,275000.0,45,285000.0,85.0,1,Hispanic or Latino,Male,35-44,95.0,Loan originated
1,775000.0,43,975000.0,180.0,1,White,Female,65-74,80.0,Loan originated
1,325000.0,20%-<30%,695000.0,298.0,1,White,Male,25-34,47.0,Loan originated
1,305000.0,20%-<30%,335000.0,130.0,1,Asian,Male,45-54,90.0,Loan originated
1,1145000.0,48,1425000.0,238.0,1,White,Joint,45-54,80.0,Loan originated
1,85000.0,30%-<36%,105000.0,64.0,1,White,Joint,>74,81.2,Loan originated
1,285000.0,45,295000.0,58.0,1,Hispanic or Latino,Male,25-34,95.0,Loan originated
1,1095000.0,39,1365000.0,272.0,1,Asian,Male,35-44,80.0,Loan originated
1,205000.0,>60%,205000.0,68.0,1,Hispanic or Latino,Female,25-34,98.89,Application denied
1,625000.0,49,925000.0,145.0,1,White,Female,25-34,67.65,Loan originated
1,975000.0,49,1325000.0,306.0,1,White,Joint,>74,73.208,Loan originated
1,215000.0,44,275000.0,149.0,1,White,Joint,25-34,78.182,Loan originated
1,585000.0,20%-<30%,785000.0,240.0,1,Hispanic or Latino,Male,55-64,75.0,Loan originated
1,285000.0,47,335000.0,75.0,1,White,Female,35-44,85.0,Loan originated
1,455000.0,43,685000.0,109.0,1,White,Female,35-44,66.18,Loan originated
1,255000.0,<20%,705000.0,300.0,1,White,Female,45-54,36.17,Loan originated
1,595000.0,39,665000.0,185.0,1,Asian,Joint,35-44,92.05,Application denied
1,385000.0,>60%,405000.0,60.0,1,Asian,Male,35-44,95.0,Application denied
1,85000.0,38,585000.0,81.0,1,Hispanic or Latino,Joint,65-74,15.11,Loan originated
1,665000.0,38,705000.0,169.0,1,Hispanic or Latino,Male,<25,95.0,Loan originated
1,655000.0,37,725000.0,265.0,1,White,Joint,35-44,90.0,Loan originated
1,965000.0,46,1205000.0,200.0,1,White,Female,<25,80.0,Loan originated
1,725000.0,46,975000.0,169.0,1,White,Male,45-54,75.0,Loan originated
1,525000.0,46,1025000.0,233.0,1,White,Joint,25-34,51.22,Loan originated
1,525000.0,45,665000.0,306.0,1,Asian,Joint,35-44,80.0,Loan originated
1,415000.0,46,435000.0,166.0,1,Hispanic or Latino,Joint,35-44,94.295,Loan originated
1,605000.0,48,925000.0,144.0,1,Asian,Female,25-34,65.0,Loan originated
1,1155000.0,46,1355000.0,399.0,1,White,Female,65-74,85.0,Application denied
1,765000.0,<20%,1205000.0,164.0,1,Asian,Male,25-34,65.19,Loan originated
1,755000.0,47,1205000.0,163.0,1,Asian,Male,25-34,62.5,Loan originated
1,255000.0,48,345000.0,63.0,1,Other,Male,35-44,75.0,Loan originated
1,505000.0,47,755000.0,109.0,1,White,Male,25-34,67.1,Loan originated
1,505000.0,47,895000.0,120.0,1,White,Male,65-74,56.18,Loan originated
1,725000.0,30%-<36%,905000.0,239.0,1,White,Joint,35-44,80.0,Loan originated
1,605000.0,44,1405000.0,140.0,1,Asian,Female,35-44,42.86,Loan originated
1,625000.0,39,775000.0,336.0,1,White,Joint,45-54,80.0,Loan originated
1,535000.0,47,675000.0,117.0,1,Asian,Male,35-44,80.0,Loan originated
1,825000.0,43,1105000.0,213.0,1,White,Female,55-64,75.0,Loan originated
1,525000.0,20%-<30%,875000.0,275.0,1,White,Joint,55-64,60.0,Loan originated
1,765000.0,20%-<30%,1015000.0,390.0,1,Asian,Male,45-54,85.0,Loan originated
1,305000.0,20%-<30%,605000.0,138.0,1,Hispanic or Latino,Joint,45-54,50.0,Loan originated
1,855000.0,46,1355000.0,251.0,1,White,Joint,45-54,63.1,Loan originated
1,315000.0,20%-<30%,835000.0,132.0,1,White,Female,45-54,38.0,Loan originated
1,445000.0,30%-<36%,565000.0,119.0,1,White,Male,25-34,80.0,Loan originated
1,735000.0,39,765000.0,208.0,1,White,Joint,35-44,98.974,Loan originated
1,285000.0,46,295000.0,97.0,1,White,Female,25-34,95.0,Loan originated
1,565000.0,46,705000.0,132.0,1,Asian,Male,25-34,80.0,Loan originated
1,605000.0,49,795000.0,118.0,1,Asian,Male,25-34,95.0,Loan originated
1,845000.0,30%-<36%,1055000.0,298.0,1,White,Female,25-34,80.0,Loan originated
1,705000.0,49,1005000.0,178.0,1,White,Female,45-54,70.0,Loan originated
1,355000.0,>60%,445000.0,53.0,1,Asian,Female,45-54,80.0,Application denied
1,835000.0,<20%,1035000.0,508.0,1,Asian,Joint,25-34,80.0,Loan originated
1,715000.0,30%-<36%,1025000.0,350.0,1,Asian,Male,45-54,70.0,Loan originated
1,765000.0,>60%,885000.0,181.0,1,Hispanic or Latino,Joint,45-54,86.68,Application denied
1,675000.0,42,755000.0,266.0,1,Asian,Joint,55-64,90.0,Loan originated
1,575000.0,20%-<30%,715000.0,196.0,1,White,Joint,25-34,80.0,Loan originated
1,115000.0,30%-<36%,135000.0,83.0,1,White,Joint,65-74,80.0,Loan originated
1,455000.0,30%-<36%,1575000.0,307.0,1,Asian,Joint,35-44,28.97,Loan originated
1,705000.0,20%-<30%,875000.0,411.0,1,Asian,Joint,25-34,90.0,Loan originated
1,475000.0,46,795000.0,134.0,1,Asian,Female,25-34,60.0,Loan originated
1,295000.0,49,345000.0,98.0,1,White,Male,55-64,87.0,Loan originated
1,1145000.0,39,1665000.0,310.0,1,Asian,Joint,25-34,69.27,Loan originated
1,375000.0,30%-<36%,475000.0,172.0,1,White,Male,25-34,80.0,Loan originated
1,465000.0,49,525000.0,151.0,1,Asian,Joint,35-44,90.0,Loan originated
1,595000.0,43,635000.0,140.0,1,White,Male,35-44,95.0,Loan originated
1,425000.0,39,445000.0,213.0,1,White,Female,25-34,95.0,Loan originated
1,585000.0,40,725000.0,143.0,1,Hispanic or Latino,Joint,35-44,80.0,Loan originated
1,465000.0,49,585000.0,111.0,1,White,Male,25-34,80.0,Loan originated
1,585000.0,49,605000.0,116.0,1,White,Male,25-34,100.0,Loan originated
1,865000.0,43,915000.0,242.0,1,White,Female,35-44,95.0,Loan originated
1,335000.0,44,1105000.0,174.0,1,White,Joint,35-44,30.636,Loan originated
1,595000.0,44,735000.0,139.0,1,White,Joint,35-44,80.0,Loan originated
1,455000.0,43,855000.0,129.0,1,White,Male,25-34,53.404,Loan originated
1,775000.0,40,965000.0,225.0,1,White,Female,45-54,80.0,Loan originated
1,975000.0,44,1215000.0,416.0,1,White,Joint,45-54,80.0,Loan originated
1,755000.0,>60%,795000.0,197.0,1,Asian,Joint,35-44,94.697,Application denied
1,765000.0,20%-<30%,1125000.0,321.0,1,Hispanic or Latino,Joint,35-44,68.0,Loan originated
1,415000.0,20%-<30%,515000.0,137.0,1,Hispanic or Latino,Joint,25-34,80.0,Loan originated
1,355000.0,30%-<36%,375000.0,184.0,1,White,Joint,25-34,95.0,Loan originated
1,445000.0,30%-<36%,645000.0,370.0,1,White,Joint,55-64,67.844,Loan originated
1,95000.0,20%-<30%,745000.0,105.0,1,White,Female,55-64,12.154,Loan originated
1,925000.0,45,1235000.0,356.0,1,Asian,Joint,45-54,75.0,Loan originated
1,895000.0,48,1135000.0,210.0,1,Asian,Male,25-34,79.158,Loan originated
1,785000.0,49,875000.0,172.0,1,Asian,Female,25-34,90.0,Loan originated
1,215000.0,30%-<36%,355000.0,70.0,1,White,Joint,35-44,60.845,Loan originated
1,695000.0,30%-<36%,725000.0,214.0,1,White,Female,25-34,95.0,Loan originated
1,525000.0,40,585000.0,201.0,1,Hispanic or Latino,Male,35-44,89.99,Loan originated
1,435000.0,49,575000.0,91.0,1,White,Joint,65-74,76.316,Loan originated
1,395000.0,36,495000.0,128.0,1,Asian,Joint,35-44,80.0,Loan originated
1,1005000.0,39,1975000.0,330.0,1,Hispanic or Latino,Male,55-64,50.64,Loan originated
1,465000.0,47,475000.0,119.0,1,Asian,Joint,25-34,97.0,Loan originated
1,565000.0,48,895000.0,148.0,1,White,Joint,65-74,63.446,Loan originated
1,635000.0,46,655000.0,143.0,1,Hispanic or Latino,Joint,<25,99.274,Application denied
1,835000.0,20%-<30%,985000.0,310.0,1,Asian,Male,35-44,95.0,Loan originated
1,355000.0,47,395000.0,114.0,1,Hispanic or Latino,Male,25-34,90.0,Loan originated
1,1105000.0,30%-<36%,1385000.0,346.0,1,Asian,Female,35-44,80.0,Loan originated
1,1025000.0,42,1085000.0,251.0,1,White,Male,35-44,95.0,Loan originated
1,635000.0,44,705000.0,145.0,1,White,Male,25-34,89.993,Loan originated
1,305000.0,20%-<30%,965000.0,203.0,1,White,Joint,65-74,31.25,Loan originated
1,575000.0,44,715000.0,148.0,1,Hispanic or Latino,Joint,45-54,80.0,Loan originated
1,395000.0,46,495000.0,91.0,1,Hispanic or Latino,Female,45-54,80.0,Loan originated
1,25000.0,40,665000.0,271.0,1,Asian,Joint,55-64,100.0,Loan originated
1,305000.0,49,365000.0,65.0,1,White,Male,25-34,85.0,Loan originated
1,675000.0,45,825000.0,349.0,1,White,Joint,25-34,81.818,Loan originated
1,555000.0,46,705000.0,134.0,1,Asian,Female,25-34,100.0,Loan originated
1,215000.0,39,385000.0,71.0,1,Hispanic or Latino,Joint,45-54,55.844,Loan originated
1,555000.0,30%-<36%,655000.0,236.0,1,White,Male,25-34,84.848,Loan originated
1,295000.0,36,795000.0,96.0,1,White,Joint,55-64,36.709,Loan originated
1,225000.0,>60%,255000.0,70.0,1,Hispanic or Latino,Male,<25,88.58,Application denied
1,405000.0,50%-60%,505000.0,84.0,1,Hispanic or Latino,Female,35-44,83.0,Loan originated
1,495000.0,48,525000.0,258.0,1,Asian,Joint,35-44,95.0,Loan originated
1,565000.0,43,665000.0,159.0,1,Asian,Male,25-34,85.0,Loan originated
1,435000.0,49,575000.0,241.0,1,Asian,Joint,55-64,75.0,Loan originated
1,385000.0,46,485000.0,120.0,1,White,Female,25-34,80.0,Loan originated
1,765000.0,38,845000.0,249.0,1,Asian,Joint,25-34,90.0,Loan originated
1,465000.0,39,485000.0,127.0,1,Black or African American,Female,25-34,95.0,Loan originated
1,445000.0,46,565000.0,119.0,1,Asian,Male,35-44,80.0,Loan originated
1,465000.0,37,495000.0,203.0,1,White,Joint,35-44,95.0,Loan originated
1,465000.0,<20%,625000.0,261.0,1,Asian,Female,55-64,75.0,Loan originated
1,445000.0,20%-<30%,745000.0,354.0,1,Asian,Female,45-54,60.0,Loan originated
1,635000.0,49,705000.0,274.0,1,Asian,Joint,45-54,90.0,Loan originated
1,325000.0,48,375000.0,68.0,1,White,Male,25-34,86.558,Loan originated
1,705000.0,47,885000.0,254.0,1,Asian,Male,45-54,80.0,Loan originated
1,655000.0,30%-<36%,735000.0,226.0,1,White,Joint,35-44,90.0,Loan originated
1,1025000.0,39,1285000.0,280.0,1,Asian,Male,35-44,80.0,Loan originated
1,585000.0,36,655000.0,398.0,1,White,Joint,<25,90.0,Loan originated
1,925000.0,38,1155000.0,355.0,1,White,Joint,35-44,80.0,Loan originated
1,315000.0,20%-<30%,585000.0,152.0,1,White,Male,55-64,52.991,Loan originated
1,195000.0,49,195000.0,54.0,1,Hispanic or Latino,Male,45-54,97.0,Loan originated
1,445000.0,>60%,525000.0,60.0,1,Hispanic or Latino,Joint,25-34,85.0,Application denied
1,645000.0,40,945000.0,182.0,1,White,Female,45-54,68.25,Loan originated
1,875000.0,40,1095000.0,277.0,1,Asian,Male,25-34,80.0,Loan originated
1,365000.0,30%-<36%,375000.0,140.0,1,Asian,Male,25-34,97.0,Loan originated
1,1085000.0,40,1455000.0,250.0,1,White,Male,25-34,75.0,Loan originated
1,645000.0,37,865000.0,204.0,1,Hispanic or Latino,Joint,35-44,80.0,Loan originated
1,725000.0,46,915000.0,153.0,1,Asian,Male,45-54,80.0,Loan originated
1,655000.0,<20%,955000.0,2978.0,1,White,Male,25-34,68.4211,Application denied
1,945000.0,49,1265000.0,196.0,1,Asian,Male,35-44,75.0,Loan originated
1,655000.0,39,875000.0,190.0,1,White,Male,35-44,75.0,Loan originated
1,645000.0,42,665000.0,140.0,1,Hispanic or Latino,Joint,35-44,97.0,Loan originated
1,235000.0,>60%,295000.0,129.0,1,White,Male,55-64,80.0,Application denied
1,705000.0,46,785000.0,188.0,1,Asian,Male,55-64,89.99,Application denied
1,235000.0,39,265000.0,76.0,1,Hispanic or Latino,Male,35-44,94.808,Loan originated
1,115000.0,44,125000.0,69.0,1,Hispanic or Latino,Female,45-54,95.0,Loan originated
1,1115000.0,30%-<36%,1255000.0,351.0,1,White,Joint,25-34,89.0,Loan originated
1,765000.0,30%-<36%,925000.0,249.0,1,Asian,Female,25-34,82.49,Loan originated
1,905000.0,49,1135000.0,189.0,1,Asian,Male,25-34,80.0,Loan originated
1,465000.0,46,475000.0,118.0,1,White,Male,25-34,97.0,Application denied
1,755000.0,30%-<36%,945000.0,272.0,1,White,Male,45-54,80.0,Loan originated
1,505000.0,42,995000.0,150.0,1,Asian,Female,45-54,51.0,Loan originated
1,445000.0,49,925000.0,96.0,1,Asian,Male,35-44,47.82,Loan originated
1,285000.0,37,295000.0,82.0,1,Hispanic or Latino,Male,25-34,97.0,Loan originated
1,535000.0,49,565000.0,117.0,1,Hispanic or Latino,Male,55-64,95.0,Loan originated
1,405000.0,38,425000.0,151.0,1,White,Male,55-64,95.0,Loan originated
1,275000.0,20%-<30%,575000.0,146.0,1,White,Joint,>74,48.187,Loan originated
1,605000.0,30%-<36%,865000.0,202.0,1,White,Joint,65-74,70.0,Loan originated
1,505000.0,38,635000.0,148.0,1,White,Joint,25-34,80.0,Loan originated
1,545000.0,36,775000.0,325.0,1,Asian,Female,55-64,70.0,Loan originated
1,995000.0,43,1105000.0,231.0,1,Asian,Male,35-44,89.59,Loan originated
1,125000.0,49,485000.0,82.0,1,White,Male,55-64,25.0,Loan originated
1,445000.0,45,555000.0,115.0,1,Hispanic or Latino,Female,25-34,83.0,Loan originated
1,365000.0,42,455000.0,134.0,1,Asian,Female,35-44,80.0,Loan originated
1,1305000.0,44,2405000.0,520.0,1,Asian,Joint,35-44,54.05,Loan originated
1,935000.0,20%-<30%,1555000.0,409.0,1,White,Male,45-54,60.0,Loan originated
1,1145000.0,49,2665000.0,366.0,1,Asian,Joint,25-34,43.214,Application denied
1,545000.0,38,575000.0,271.0,1,White,Joint,55-64,95.0,Loan originated
1,335000.0,43,355000.0,134.0,1,Hispanic or Latino,Joint,45-54,95.0,Loan originated
1,355000.0,47,605000.0,73.0,1,Asian,Male,<25,58.333,Loan originated
1,385000.0,20%-<30%,605000.0,170.0,1,Asian,Male,25-34,63.333,Loan originated
1,345000.0,30%-<36%,435000.0,124.0,1,White,Female,35-44,80.0,Loan originated
1,405000.0,41,735000.0,116.0,1,Hispanic or Latino,Joint,45-54,55.479,Loan originated
1,1425000.0,39,1775000.0,325.0,1,White,Female,45-54,80.0,Loan originated
1,405000.0,50%-60%,455000.0,66.0,1,White,Male,35-44,90.0,Application denied
1,695000.0,40,1005000.0,309.0,1,Asian,Joint,35-44,89.99,Loan originated
1,625000.0,48,895000.0,175.0,1,Hispanic or Latino,Female,45-54,70.0,Loan originated
1,875000.0,49,945000.0,186.0,1,White,Joint,35-44,93.0,Loan originated
1,215000.0,30%-<36%,855000.0,111.0,1,White,Male,65-74,25.176,Loan originated
1,925000.0,30%-<36%,1155000.0,420.0,1,White,Joint,25-34,80.0,Loan originated
1,755000.0,50%-60%,1305000.0,168.0,1,White,Joint,45-54,57.471,Application denied
1,575000.0,30%-<36%,955000.0,205.0,1,White,Male,25-34,60.0,Loan originated
1,305000.0,42,2125000.0,139.0,1,Asian,Male,35-44,15.0,Loan originated
1,95000.0,49,165000.0,55.0,1,White,Female,65-74,56.25,Loan originated
