loan_purpose,loan_amount,debt_to_income_ratio,property_value,income,occupancy_type,derived_race,derived_sex,applicant_age,loan_to_value_ratio,action_taken
1,595000.0,49,635000.0,125.0,1,Hispanic or Latino,Joint,25-34,95.0,Loan originated
1,625000.0,30%-<36%,655000.0,215.0,1,Asian,Male,35-44,95.0,Loan originated
1,665000.0,30%-<36%,835000.0,195.0,1,Asian,Joint,25-34,80.0,Loan originated
1,805000.0,40,1775000.0,210.0,1,White,Female,55-64,45.268,Loan originated
1,705000.0,30%-<36%,885000.0,268.0,1,Asian,Joint,25-34,80.0,Loan originated
1,1005000.0,36,1465000.0,444.0,1,White,Joint,35-44,85.705,Loan originated
1,685000.0,20%-<30%,855000.0,270.0,1,White,Male,25-34,80.0,Loan originated
1,575000.0,43,715000.0,161.0,1,Asian,Male,25-34,79.99,Loan originated
1,235000.0,44,255000.0,57.0,1,Hispanic or Latino,Male,<25,95.0,Loan originated
1,855000.0,50%-60%,905000.0,157.0,1,Hispanic or Latino,Male,45-54,95.0,Loan originated
1,765000.0,48,1105000.0,204.0,1,White,Male,25-34,69.686,Loan originated
1,365000.0,49,385000.0,103.0,1,Hispanic or Latino,Male,55-64,95.0,Loan originated
1,455000.0,45,495000.0,109.0,1,Hispanic or Latino,Male,35-44,91.837,Loan originated
1,1045000.0,30%-<36%,1525000.0,359.0,1,Asian,Male,35-44,68.459,Loan originated
1,275000.0,36,365000.0,94.0,1,Hispanic or Latino,Female,55-64,75.0,Loan originated
1,325000.0,41,435000.0,122.0,1,Asian,Joint,25-34,75.0,Loan originated
1,625000.0,43,825000.0,128.0,1,Hispanic or Latino,Female,35-44,75.0,Loan originated
1,365000.0,48,705000.0,92.0,1,Hispanic or Latino,Joint,45-54,52.57,Loan originated
1,915000.0,41,1075000.0,258.0,1,White,Male,65-74,85.0,Loan originated
1,745000.0,48,785000.0,134.0,1,White,Female,35-44,95.0,Loan originated
1,335000.0,49,465000.0,70.0,1,White,Female,45-54,72.82,Loan originated
1,795000.0,47,995000.0,174.0,1,White,Male,35-44,80.0,Loan originated
1,155000.0,<20%,505000.0,162.0,1,Hispanic or Latino,Female,35-44,30.0,Loan originated
1,905000.0,41,1405000.0,339.0,1,White,Joint,35-44,64.311,Loan originated
1,905000.0,42,1015000.0,259.0,1,Asian,Joint,25-34,90.0,Loan originated
1,1145000.0,43,1765000.0,480.0,1,White,Female,35-44,64.989,Loan originated
1,595000.0,30%-<36%,805000.0,197.0,1,White,Joint,35-44,73.75,Loan originated
1,455000.0,20%-<30%,765000.0,208.0,1,White,Male,>74,58.82,Loan originated
1,345000.0,48,525000.0,96.0,1,White,Male,25-34,64.639,Loan originated
1,705000.0,30%-<36%,1355000.0,220.0,1,White,Joint,25-34,51.852,Loan originated
1,535000.0,48,625000.0,166.0,1,Hispanic or Latino,Male,35-44,84.993,Loan originated
1,245000.0,44,715000.0,69.0,1,White,Female,45-54,33.92,Loan originated
1,485000.0,30%-<36%,715000.0,149.0,1,White,Male,35-44,67.887,Loan originated
1,955000.0,49,1285000.0,208.0,1,Asian,Female,55-64,74.57,Loan originated
1,445000.0,50%-60%,765000.0,79.0,1,Hispanic or Latino,Male,45-54,58.947,Application denied
1,545000.0,42,645000.0,208.0,1,Asian,Male,35-44,85.0,Loan originated
1,525000.0,30%-<36%,655000.0,213.0,1,Hispanic or Latino,Joint,35-44,80.0,Loan originated
1,185000.0,45,345000.0,54.0,1,White,Male,65-74,55.0,Loan originated
1,445000.0,47,525000.0,116.0,1,Hispanic or Latino,Male,25-34,85.0,Loan originated
1,855000.0,30%-<36%,1515000.0,258.0,1,Asian,Male,35-44,56.29,Loan originated
1,395000.0,45,445000.0,84.0,1,Hispanic or Latino,Female,35-44,90.0,Loan originated
1,285000.0,44,295000.0,152.0,1,Hispanic or Latino,Joint,25-34,95.0,Application denied
1,645000.0,41,685000.0,220.0,1,Asian,Joint,35-44,95.0,Loan originated
1,1125000.0,42,1405000.0,492.0,1,Asian,Joint,35-44,80.0,Loan originated
1,965000.0,43,1205000.0,260.0,1,Asian,Male,35-44,80.0,Loan originated
1,675000.0,44,795000.0,172.0,1,Asian,Joint,35-44,85.0,Loan originated
1,85000.0,48,105000.0,51.0,1,Hispanic or Latino,Male,25-34,80.0,Loan originated
1,245000.0,44,745000.0,92.0,1,Asian,Female,45-54,32.44,Application denied
1,705000.0,49,2045000.0,168.0,1,Asian,Male,35-44,34.18,Loan originated
1,275000.0,>60%,315000.0,42.0,1,Asian,Joint,25-34,90.0,Application denied
1,295000.0,43,355000.0,78.0,1,Hispanic or Latino,Joint,25-34,85.0,Application denied
1,375000.0,30%-<36%,775000.0,122.0,1,Asian,Joint,25-34,48.386,Loan originated
1,465000.0,46,585000.0,115.0,1,Hispanic or Latino,Female,45-54,80.0,Loan originated
1,205000.0,42,1175000.0,79.0,1,White,Female,35-44,17.021,Loan originated
1,1035000.0,>60%,1155000.0,385.0,1,White,Male,45-54,90.0,Application denied
1,905000.0,36,1125000.0,263.0,1,Asian,Female,25-34,80.0,Loan originated
1,625000.0,20%-<30%,835000.0,456.0,1,White,Joint,25-34,75.0,Loan originated
1,1005000.0,38,1305000.0,263.0,1,White,Female,45-54,76.92,Loan originated
1,615000.0,47,775000.0,201.0,1,White,Joint,35-44,80.0,Loan originated
1,1125000.0,40,1735000.0,289.0,1,White,Joint,35-44,65.0,Loan originated
1,545000.0,49,735000.0,105.0,1,Asian,Female,25-34,74.11,Loan originated
1,915000.0,44,1015000.0,264.0,1,Hispanic or Latino,Male,35-44,90.0,Loan originated
1,155000.0,44,425000.0,50.0,1,Hispanic or Latino,Male,65-74,37.034,Loan originated
1,585000.0,30%-<36%,655000.0,181.0,1,Asian,Male,35-44,90.0,Loan originated
1,375000.0,38,475000.0,140.0,1,Asian,Female,35-44,80.0,Application denied
1,515000.0,20%-<30%,545000.0,186.0,1,Asian,Male,25-34,95.0,Loan originated
1,355000.0,49,375000.0,114.0,1,Hispanic or Latino,Male,25-34,95.0,Loan originated
1,795000.0,49,855000.0,183.0,1,Asian,Male,35-44,93.529,Loan originated
1,665000.0,49,705000.0,146.0,1,Asian,Joint,45-54,80.0,Loan originated
1,385000.0,48,405000.0,176.0,1,White,Joint,45-54,95.0,Application denied
1,535000.0,49,625000.0,134.0,1,White,Female,45-54,85.0,Loan originated
1,825000.0,>60%,2125000.0,283.0,1,White,Male,25-34,38.915,Application denied
1,225000.0,50%-60%,275000.0,36.0,1,Hispanic or Latino,Female,45-54,80.0,Application denied
1,365000.0,39,415000.0,108.0,1,Asian,Female,45-54,88.095,Loan originated
1,625000.0,44,695000.0,255.0,1,White,Male,35-44,95.0,Loan originated
1,375000.0,38,525000.0,101.0,1,White,Male,35-44,97.0,Loan originated
1,855000.0,49,945000.0,164.0,1,White,Male,45-54,90.0,Loan originated
1,245000.0,30%-<36%,255000.0,79.0,1,White,Female,45-54,97.0,Loan originated
1,405000.0,38,445000.0,207.0,1,Hispanic or Latino,Female,35-44,90.0,Loan originated
1,255000.0,30%-<36%,475000.0,81.0,1,White,Joint,35-44,52.356,Loan originated
1,695000.0,49,805000.0,165.0,1,Hispanic or Latino,Joint,25-34,87.188,Loan originated
1,255000.0,45,455000.0,213.0,1,White,Male,55-64,56.508,Application denied
1,605000.0,30%-<36%,755000.0,185.0,1,Other,Male,35-44,80.0,Loan originated
1,515000.0,36,775000.0,156.0,1,White,Male,25-34,65.81,Loan originated
1,735000.0,20%-<30%,915000.0,308.0,1,Hispanic or Latino,Joint,35-44,80.0,Loan originated
1,375000.0,37,385000.0,149.0,1,Hispanic or Latino,Female,55-64,97.0,Loan originated
1,215000.0,30%-<36%,955000.0,113.0,1,White,Joint,45-54,22.526,Loan originated
1,615000.0,<20%,765000.0,860.0,1,Asian,Male,35-44,80.0,Loan originated
1,255000.0,45,355000.0,67.0,1,White,Female,35-44,71.831,Loan originated
1,335000.0,46,355000.0,92.0,1,White,Female,35-44,95.0,Loan originated
1,345000.0,45,425000.0,127.0,1,Asian,Joint,25-34,80.0,Loan originated
1,125000.0,<20%,165000.0,128.0,1,White,Joint,65-74,77.315,Loan originated
1,315000.0,39,565000.0,130.0,1,Asian,Male,25-34,55.357,Loan originated
1,615000.0,49,645000.0,129.0,1,Hispanic or Latino,Joint,45-54,95.0,Loan originated
1,505000.0,49,595000.0,112.0,1,White,Female,55-64,84.0,Loan originated
1,1055000.0,20%-<30%,1765000.0,390.0,1,White,Male,25-34,60.0,Loan originated
1,435000.0,>60%,685000.0,50.0,1,Hispanic or Latino,Female,45-54,63.24,Application denied
1,825000.0,37,1325000.0,363.0,1,Asian,Joint,35-44,62.12,Loan originated
1,565000.0,39,705000.0,170.0,1,White,Joint,25-34,80.0,Loan originated
1,605000.0,47,1275000.0,545.0,1,Asian,Joint,45-54,47.22,Application denied
1,585000.0,30%-<36%,1655000.0,219.0,1,White,Joint,55-64,35.152,Loan originated
1,715000.0,20%-<30%,795000.0,310.0,1,Black or African American,Female,35-44,90.0,Loan originated
1,865000.0,42,1085000.0,212.0,1,Asian,Male,25-34,80.0,Loan originated
1,375000.0,46,465000.0,109.0,1,Hispanic or Latino,Joint,25-34,80.0,Loan originated
1,625000.0,49,695000.0,128.0,1,White,Male,<25,89.843,Loan originated
1,765000.0,45,1105000.0,439.0,1,White,Female,45-54,69.686,Loan originated
1,415000.0,30%-<36%,435000.0,129.0,1,White,Female,25-34,97.0,Loan originated
1,545000.0,30%-<36%,725000.0,389.0,1,White,Joint,35-44,75.0,Loan originated
1,765000.0,48,875000.0,230.0,1,White,Male,35-44,87.4,Loan originated
1,365000.0,30%-<36%,405000.0,163.0,1,Asian,Male,25-34,90.0,Loan originated
1,565000.0,49,755000.0,111.0,1,Asian,Joint,35-44,95.0,Loan originated
1,485000.0,49,615000.0,170.0,1,Asian,Male,45-54,80.0,Loan originated
1,525000.0,45,695000.0,114.0,1,Asian,Male,35-44,74.96,Loan originated
1,645000.0,20%-<30%,805000.0,245.0,1,Asian,Female,25-34,80.0,Loan originated
1,275000.0,36,455000.0,82.0,1,White,Female,>74,60.0,Application denied
1,235000.0,20%-<30%,1135000.0,170.0,1,White,Female,65-74,20.71,Loan originated
1,135000.0,30%-<36%,405000.0,49.0,1,Hispanic or Latino,Joint,65-74,33.58,Loan originated
1,565000.0,20%-<30%,705000.0,208.0,1,White,Joint,45-54,80.0,Loan originated
1,1005000.0,38,1495000.0,335.0,1,White,Joint,25-34,67.534,Loan originated
1,465000.0,49,585000.0,111.0,1,White,Female,65-74,80.0,Loan originated
1,505000.0,47,545000.0,125.0,1,Asian,Female,35-44,92.6,Loan originated
1,575000.0,44,725000.0,210.0,1,Asian,Male,35-44,79.99,Loan originated
1,765000.0,48,875000.0,228.0,1,White,Joint,65-74,87.045,Loan originated
1,175000.0,44,355000.0,47.0,1,Hispanic or Latino,Male,35-44,47.887,Loan originated
1,345000.0,20%-<30%,435000.0,154.0,1,Asian,Male,<25,80.0,Loan originated
1,505000.0,48,535000.0,226.0,1,Asian,Joint,25-34,95.0,Loan originated
1,385000.0,20%-<30%,645000.0,145.0,1,Asian,Male,55-64,60.0,Loan originated
1,505000.0,20%-<30%,2175000.0,267.0,1,White,Joint,25-34,22.989,Loan originated
1,305000.0,47,965000.0,100.0,1,White,Male,<25,30.992,Loan originated
1,555000.0,44,625000.0,160.0,1,Asian,Male,25-34,90.0,Application denied
1,835000.0,49,875000.0,177.0,1,White,Female,35-44,95.0,Loan originated
1,665000.0,36,835000.0,169.0,1,White,Joint,35-44,80.0,Loan originated
1,675000.0,45,725000.0,210.0,1,White,Male,35-44,93.1,Loan originated
1,975000.0,20%-<30%,1225000.0,445.0,1,Asian,Joint,35-44,80.0,Loan originated
1,295000.0,44,445000.0,68.0,1,White,Male,25-34,66.3,Loan originated
1,275000.0,49,335000.0,68.0,1,Hispanic or Latino,Female,25-34,80.0,Loan originated
1,545000.0,20%-<30%,905000.0,225.0,1,Asian,Male,35-44,60.0,Loan originated
1,605000.0,45,655000.0,150.0,1,White,Male,25-34,92.067,Loan originated
1,315000.0,42,605000.0,275.0,1,White,Joint,35-44,52.516,Loan originated
1,355000.0,30%-<36%,595000.0,127.0,1,Asian,Joint,55-64,60.0,Loan originated
1,455000.0,49,505000.0,92.0,1,Asian,Joint,35-44,90.0,Loan originated
1,335000.0,38,355000.0,142.0,1,Hispanic or Latino,Female,25-34,95.0,Loan originated
1,515000.0,47,575000.0,153.0,1,White,Female,25-34,89.6,Loan originated
1,385000.0,47,405000.0,186.0,1,Hispanic or Latino,Joint,25-34,95.0,Loan originated
1,875000.0,30%-<36%,1755000.0,530.0,1,Asian,Male,35-44,50.0,Loan originated
1,555000.0,46,695000.0,267.0,1,Asian,Female,45-54,80.0,Loan originated
1,1025000.0,20%-<30%,2155000.0,546.0,1,Asian,Joint,45-54,47.442,Loan originated
1,585000.0,45,615000.0,126.0,1,White,Joint,25-34,95.0,Loan originated
1,635000.0,49,795000.0,165.0,1,Asian,Male,25-34,80.0,Loan originated
1,405000.0,46,515000.0,101.0,1,Hispanic or Latino,Joint,>74,80.0,Loan originated
1,945000.0,49,1175000.0,274.0,1,White,Joint,45-54,80.0,Loan originated
1,1145000.0,39,1595000.0,561.0,1,Asian,Male,>74,71.946,Loan originated
1,465000.0,40,935000.0,223.0,1,Asian,Female,25-34,50.0,Loan originated
1,235000.0,50%-60%,285000.0,62.0,1,Hispanic or Latino,Female,45-54,80.0,Application denied
1,645000.0,48,815000.0,170.0,1,White,Female,<25,80.0,Loan originated
1,425000.0,48,535000.0,101.0,1,Asian,Female,25-34,80.0,Loan originated
1,85000.0,49,95000.0,78.0,1,Hispanic or Latino,Female,65-74,90.54,Application denied
1,405000.0,30%-<36%,695000.0,125.0,1,White,Male,35-44,57.202,Loan originated
1,675000.0,39,965000.0,171.0,1,Asian,Female,45-54,70.0,Loan originated
1,405000.0,30%-<36%,705000.0,252.0,1,Asian,Male,55-64,56.738,Loan originated
1,1035000.0,37,1375000.0,287.0,1,White,Male,35-44,75.0,Loan originated
1,345000.0,50%-60%,435000.0,180.0,1,Hispanic or Latino,Male,<25,80.0,Application denied
1,355000.0,44,395000.0,103.0,1,Hispanic or Latino,Male,25-34,90.0,Loan originated
1,395000.0,49,445000.0,90.0,1,Asian,Male,<25,88.362,Loan originated
1,435000.0,43,515000.0,120.0,1,Hispanic or Latino,Joint,35-44,85.0,Loan originated
1,605000.0,47,625000.0,132.0,1,Hispanic or Latino,Joint,25-34,100.0,Loan originated
1,395000.0,39,725000.0,246.0,1,White,Joint,35-44,54.48,Loan originated
1,455000.0,30%-<36%,1855000.0,230.0,1,White,Joint,>74,24.22,Loan originated
1,615000.0,49,765000.0,115.0,1,White,Male,25-34,79.739,Loan originated
1,455000.0,30%-<36%,655000.0,156.0,1,White,Male,25-34,69.231,Loan originated
1,285000.0,46,295000.0,122.0,1,Hispanic or Latino,Joint,45-54,95.0,Application denied
1,705000.0,30%-<36%,825000.0,216.0,1,White,Joint,35-44,103.149,Loan originated
1,545000.0,36,605000.0,125.0,1,Asian,Female,35-44,89.99,Loan originated
1,465000.0,40,485000.0,104.0,1,Hispanic or Latino,Joint,35-44,97.0,Loan originated
1,635000.0,30%-<36%,705000.0,196.0,1,Hispanic or Latino,Male,25-34,90.0,Loan originated
1,345000.0,44,495000.0,90.0,1,White,Male,25-34,70.0,Loan originated
1,265000.0,42,275000.0,85.0,1,Asian,Male,25-34,97.0,Application denied
1,715000.0,49,895000.0,151.0,1,Hispanic or Latino,Joint,35-44,80.0,Loan originated
1,855000.0,39,905000.0,239.0,1,Hispanic or Latino,Joint,35-44,95.0,Loan originated
1,405000.0,46,785000.0,117.0,1,Asian,Male,45-54,50.63,Loan originated
1,405000.0,20%-<30%,685000.0,209.0,1,Asian,Joint,55-64,60.0,Loan originated
1,705000.0,49,1125000.0,168.0,1,White,Female,45-54,71.0,Loan originated
1,505000.0,48,985000.0,120.0,1,Asian,Male,25-34,51.02,Loan originated
1,565000.0,39,635000.0,255.0,1,Hispanic or Latino,Male,45-54,90.0,Loan originated
1,155000.0,42,255000.0,45.0,1,Hispanic or Latino,Female,<25,100.0,Loan originated
1,305000.0,39,375000.0,157.0,1,White,Joint,45-54,80.0,Loan originated
1,665000.0,30%-<36%,835000.0,275.0,1,White,Male,55-64,80.0,Loan originated
1,945000.0,49,1175000.0,210.0,1,Asian,Joint,45-54,79.95,Loan originated
1,765000.0,30%-<36%,1015000.0,248.0,1,Asian,Joint,45-54,74.99,Loan originated
1,565000.0,42,835000.0,157.0,1,Asian,Joint,35-44,67.689,Loan originated
1,675000.0,48,975000.0,195.0,1,Hispanic or Latino,Joint,45-54,69.99,Loan originated
1,325000.0,43,415000.0,77.0,1,Hispanic or Latino,Joint,25-34,80.0,Loan originated
1,595000.0,45,735000.0,121.0,1,Asian,Male,25-34,80.0,Loan originated
1,285000.0,45,295000.0,58.0,1,Hispanic or Latino,Male,25-34,95.0,Loan originated
1,125000.0,20%-<30%,155000.0,67.0,1,Hispanic or Latino,Male,55-64,80.0,Loan originated
1,1015000.0,37,1455000.0,322.0,1,White,Female,55-64,75.0,Loan originated
1,605000.0,44,645000.0,151.0,1,White,Female,25-34,95.0,Loan originated
1,345000.0,43,565000.0,91.0,1,Black or African American,Female,45-54,97.891,Loan originated
1,65000.0,20%-<30%,145000.0,52.0,1,White,Joint,55-64,45.71,Loan originated
1,545000.0,43,605000.0,149.0,1,Asian,Joint,35-44,90.0,Loan originated
1,75000.0,<20%,155000.0,94.0,1,White,Male,55-64,50.0,Loan originated
1,595000.0,49,635000.0,128.0,1,Hispanic or Latino,Joint,65-74,94.77,Loan originated
1,315000.0,46,385000.0,107.0,1,White,Female,25-34,80.0,Loan originated
1,235000.0,48,245000.0,54.0,1,Asian,Female,45-54,97.0,Loan originated
1,385000.0,49,405000.0,96.0,1,Hispanic or Latino,Male,35-44,98.0,Loan originated
1,765000.0,30%-<36%,905000.0,247.0,1,White,Female,45-54,85.0,Loan originated
1,255000.0,45,305000.0,70.0,1,Hispanic or Latino,Male,25-34,89.167,Application denied
1,485000.0,41,505000.0,138.0,1,White,Joint,25-34,97.0,Loan originated
1,405000.0,>60%,655000.0,60.0,1,Asian,Male,25-34,61.538,Application denied
1,885000.0,39,1105000.0,246.0,1,White,Joint,35-44,80.0,Loan originated
1,185000.0,41,485000.0,64.0,1,White,Female,35-44,62.168,Loan originated
1,735000.0,36,975000.0,216.0,1,Asian,Joint,25-34,75.0,Loan originated
1,535000.0,42,595000.0,225.0,1,Asian,Male,35-44,89.99,Loan originated
1,385000.0,37,405000.0,154.0,1,Hispanic or Latino,Joint,35-44,95.0,Loan originated
1,115000.0,37,175000.0,149.0,1,Hispanic or Latino,Joint,45-54,64.7,Loan originated
1,1355000.0,37,1815000.0,378.0,1,White,Male,45-54,75.0,Loan originated
1,475000.0,48,705000.0,103.0,1,Black or African American,Female,45-54,67.083,Loan originated
1,395000.0,40,495000.0,120.0,1,Asian,Male,35-44,80.0,Loan originated
1,365000.0,38,465000.0,120.0,1,Asian,Female,25-34,80.0,Loan originated
1,355000.0,38,485000.0,100.0,1,Hispanic or Latino,Female,55-64,73.196,Loan originated
1,655000.0,49,685000.0,161.0,1,Hispanic or Latino,Male,25-34,95.0,Loan originated
1,605000.0,30%-<36%,755000.0,312.0,1,White,Joint,55-64,80.0,Loan originated
1,615000.0,37,865000.0,168.0,1,Hispanic or Latino,Male,35-44,70.93,Loan originated
1,555000.0,20%-<30%,695000.0,307.0,1,White,Joint,25-34,80.0,Loan originated
1,545000.0,47,575000.0,149.0,1,Asian,Male,25-34,95.0,Loan originated
1,1105000.0,30%-<36%,1955000.0,306.0,1,Asian,Joint,35-44,56.41,Loan originated
1,475000.0,44,595000.0,129.0,1,Asian,Female,25-34,80.0,Loan originated
1,635000.0,48,905000.0,152.0,1,White,Male,65-74,70.0,Loan originated
1,865000.0,20%-<30%,1075000.0,333.0,1,Asian,Joint,25-34,80.0,Loan originated
1,285000.0,40,315000.0,86.0,1,Black or African American,Male,45-54,90.0,Loan originated
1,625000.0,49,735000.0,140.0,1,White,Female,45-54,85.0,Loan originated
1,765000.0,36,975000.0,243.0,1,Asian,Male,35-44,78.969,Loan originated
1,795000.0,30%-<36%,1065000.0,435.0,1,Asian,Male,45-54,75.0,Loan originated
1,545000.0,43,695000.0,113.0,1,Black or African American,Male,25-34,77.64,Loan originated
1,775000.0,30%-<36%,1425000.0,251.0,1,White,Male,55-64,54.225,Loan originated
1,605000.0,49,645000.0,143.0,1,Asian,Male,25-34,95.0,Loan originated
1,505000.0,50%-60%,785000.0,105.0,1,White,Joint,65-74,65.0,Application denied
1,545000.0,20%-<30%,685000.0,294.0,1,Hispanic or Latino,Male,25-34,80.0,Loan originated
1,1005000.0,30%-<36%,2005000.0,365.0,1,White,Male,>74,50.0,Loan originated
1,1005000.0,41,1675000.0,235.0,1,Asian,Male,25-34,59.881,Loan originated
1,685000.0,30%-<36%,865000.0,219.0,1,Asian,Male,55-64,79.95,Loan originated
1,795000.0,44,995000.0,197.0,1,Hispanic or Latino,Female,25-34,80.0,Loan originated
1,585000.0,42,625000.0,233.0,1,White,Joint,25-34,95.0,Loan originated
1,1125000.0,20%-<30%,1245000.0,470.0,1,White,Joint,25-34,89.98,Loan originated
1,685000.0,49,865000.0,140.0,1,Asian,Joint,45-54,80.0,Loan originated
1,365000.0,45,555000.0,85.0,1,Asian,Male,35-44,66.126,Loan originated
1,735000.0,39,925000.0,179.0,1,Hispanic or Latino,Joint,55-64,80.0,Loan originated
1,435000.0,36,675000.0,245.0,1,White,Joint,45-54,64.17,Loan originated
1,415000.0,41,435000.0,125.0,1,White,Male,<25,97.0,Loan originated
1,325000.0,39,535000.0,107.0,1,White,Joint,65-74,59.665,Loan originated
1,615000.0,47,715000.0,169.0,1,Asian,Female,55-64,85.0,Loan originated
1,175000.0,20%-<30%,185000.0,303.0,1,Hispanic or Latino,Male,35-44,95.0,Loan originated
1,705000.0,40,1205000.0,184.0,1,White,Joint,45-54,58.506,Loan originated
1,1135000.0,38,1755000.0,377.0,1,Asian,Joint,35-44,65.0,Loan originated
1,395000.0,20%-<30%,795000.0,220.0,1,Asian,Joint,25-34,49.994,Loan originated
1,845000.0,42,1055000.0,201.0,1,Asian,Joint,45-54,80.0,Loan originated
1,955000.0,42,1195000.0,425.0,1,White,Male,55-64,80.0,Loan originated
1,155000.0,39,305000.0,50.0,1,White,Male,25-34,50.82,Loan originated
1,445000.0,44,565000.0,108.0,1,Hispanic or Latino,Male,35-44,78.483,Loan originated
1,345000.0,45,395000.0,85.0,1,Asian,Female,45-54,87.469,Loan originated
1,1105000.0,41,2155000.0,324.0,1,Asian,Male,35-44,51.044,Loan originated
1,295000.0,48,335000.0,85.0,1,Hispanic or Latino,Male,35-44,90.0,Loan originated
1,255000.0,36,1225000.0,115.0,1,White,Joint,25-34,20.4,Loan originated
1,515000.0,20%-<30%,685000.0,238.0,1,Asian,Male,35-44,75.0,Loan originated
1,465000.0,42,585000.0,128.0,1,Asian,Joint,45-54,80.0,Loan originated
1,245000.0,42,545000.0,69.0,1,Hispanic or Latino,Joint,65-74,45.525,Loan originated
1,255000.0,45,375000.0,73.0,1,White,Joint,25-34,70.0,Loan originated
1,815000.0,48,965000.0,179.0,1,Asian,Male,35-44,85.0,Loan originated
1,385000.0,30%-<36%,415000.0,123.0,1,Hispanic or Latino,Female,25-34,95.0,Loan originated
1,515000.0,42,595000.0,132.0,1,White,Joint,65-74,86.017,Loan originated
1,405000.0,48,505000.0,123.0,1,White,Male,25-34,80.0,Loan originated
1,1015000.0,30%-<36%,1265000.0,290.0,1,White,Female,25-34,80.0,Loan originated
1,355000.0,44,445000.0,122.0,1,White,Joint,25-34,80.0,Loan originated
1,485000.0,37,645000.0,126.0,1,Hispanic or Latino,Female,<25,75.0,Loan originated
1,525000.0,41,585000.0,157.0,1,White,Joint,25-34,89.656,Loan originated
1,435000.0,46,475000.0,88.0,1,White,Female,45-54,93.95,Loan originated
1,715000.0,43,895000.0,208.0,1,Asian,Male,45-54,80.0,Loan originated
1,835000.0,39,1045000.0,236.0,1,Asian,Male,25-34,80.0,Loan originated
1,1065000.0,39,1335000.0,321.0,1,Asian,Joint,35-44,79.99,Loan originated
1,325000.0,48,385000.0,83.0,1,Hispanic or Latino,Male,25-34,105.0,Loan originated
1,375000.0,49,505000.0,70.0,1,Hispanic or Latino,Male,35-44,74.554,Loan originated
1,495000.0,47,525000.0,185.0,1,Hispanic or Latino,Female,45-54,95.0,Loan originated
1,295000.0,<20%,695000.0,676.0,1,White,Male,65-74,42.029,Loan originated
1,1405000.0,30%-<36%,1755000.0,400.0,1,Asian,Female,25-34,80.0,Loan originated
1,725000.0,49,1375000.0,154.0,1,Hispanic or Latino,Female,45-54,53.0,Loan originated
1,695000.0,40,715000.0,160.0,1,Asian,Male,35-44,97.0,Loan originated
1,475000.0,39,595000.0,156.0,1,White,Male,35-44,80.0,Loan originated
1,685000.0,49,785000.0,132.0,1,White,Male,55-64,87.261,Loan originated
1,235000.0,44,465000.0,71.0,1,White,Male,>74,50.0,Loan originated
1,305000.0,46,2055000.0,130.0,1,White,Joint,45-54,14.634,Loan originated
1,105000.0,47,485000.0,44.0,1,Black or African American,Female,65-74,20.478,Loan originated
1,75000.0,43,85000.0,50.0,1,White,Male,65-74,79.2,Loan originated
1,535000.0,46,665000.0,190.0,1,Hispanic or Latino,Male,25-34,80.0,Loan originated
1,465000.0,43,485000.0,130.0,1,White,Joint,35-44,97.0,Loan originated
1,515000.0,41,645000.0,116.0,1,White,Male,45-54,80.0,Loan originated
1,345000.0,47,435000.0,92.0,1,Asian,Joint,35-44,79.5,Loan originated
1,585000.0,30%-<36%,625000.0,216.0,1,Other,Joint,25-34,95.0,Loan originated
1,755000.0,49,1035000.0,227.0,1,White,Female,35-44,73.398,Loan originated
1,585000.0,45,785000.0,172.0,1,White,Male,65-74,75.0,Application denied
1,515000.0,20%-<30%,1195000.0,419.0,1,White,Female,55-64,42.94,Loan originated
1,1145000.0,49,1355000.0,215.0,1,Hispanic or Latino,Male,45-54,85.17,Loan originated
1,415000.0,38,935000.0,122.0,1,White,Joint,55-64,44.385,Loan originated
1,65000.0,20%-<30%,75000.0,72.0,1,White,Male,>74,95.0,Loan originated
1,1005000.0,46,1575000.0,284.0,1,Asian,Male,25-34,63.492,Loan originated
1,805000.0,38,2175000.0,349.0,1,Asian,Joint,25-34,36.866,Loan originated
1,445000.0,42,465000.0,128.0,1,Hispanic or Latino,Male,25-34,97.0,Loan originated
1,305000.0,40,595000.0,95.0,1,Asian,Joint,35-44,51.0,Loan originated
1,345000.0,30%-<36%,385000.0,106.0,1,Black or African American,Female,35-44,89.474,Loan originated
1,705000.0,30%-<36%,785000.0,196.0,1,Asian,Female,45-54,90.0,Loan originated
1,235000.0,48,535000.0,78.0,1,Hispanic or Latino,Female,35-44,44.134,Loan originated
1,625000.0,20%-<30%,695000.0,323.0,1,Asian,Joint,35-44,89.99,Loan originated
1,505000.0,38,565000.0,123.0,1,White,Joint,35-44,89.027,Loan originated
1,345000.0,48,385000.0,84.0,1,Hispanic or Latino,Female,25-34,90.0,Application denied
1,495000.0,45,585000.0,119.0,1,Asian,Female,35-44,85.0,Loan originated
1,655000.0,46,735000.0,159.0,1,Hispanic or Latino,Male,45-54,90.0,Loan originated
1,245000.0,37,575000.0,96.0,1,Hispanic or Latino,Joint,35-44,42.175,Loan originated
1,555000.0,49,815000.0,167.0,1,Hispanic or Latino,Joint,55-64,68.272,Loan originated
1,545000.0,38,1105000.0,212.0,1,Hispanic or Latino,Male,35-44,49.545,Loan originated
1,565000.0,30%-<36%,1025000.0,180.0,1,Asian,Male,35-44,55.0,Loan originated
1,955000.0,48,1585000.0,205.0,1,Asian,Male,25-34,60.0,Loan originated
1,965000.0,30%-<36%,1225000.0,272.0,1,Asian,Joint,35-44,78.496,Loan originated
1,305000.0,<20%,375000.0,1032.0,1,Asian,Female,<25,80.0,Loan originated
1,155000.0,20%-<30%,175000.0,114.0,1,Hispanic or Latino,Male,45-54,90.24,Application denied
1,765000.0,47,1025000.0,162.0,1,Asian,Joint,45-54,77.78,Loan originated
1,565000.0,30%-<36%,715000.0,209.0,1,Asian,Joint,25-34,80.0,Loan originated
1,1065000.0,44,1125000.0,260.0,1,Asian,Male,35-44,95.0,Loan originated
1,555000.0,47,695000.0,100.0,1,White,Joint,25-34,80.0,Loan originated
1,1105000.0,43,1375000.0,397.0,1,White,Male,55-64,80.0,Loan originated
1,285000.0,46,545000.0,84.0,1,White,Male,35-44,52.57,Loan originated
1,495000.0,46,555000.0,196.0,1,Asian,Joint,45-54,89.99,Loan originated
1,895000.0,20%-<30%,1125000.0,284.0,1,White,Joint,45-54,80.0,Loan originated
1,265000.0,47,285000.0,67.0,1,Hispanic or Latino,Joint,35-44,95.0,Loan originated
1,605000.0,30%-<36%,765000.0,285.0,1,Asian,Joint,25-34,80.0,Loan originated
1,815000.0,43,1085000.0,205.0,1,Asian,Joint,45-54,75.0,Loan originated
1,575000.0,49,1005000.0,96.0,1,White,Male,55-64,60.0,Loan originated
1,455000.0,46,465000.0,100.0,1,Asian,Male,25-34,97.0,Loan originated
1,785000.0,30%-<36%,985000.0,291.0,1,White,Joint,25-34,80.0,Loan originated
1,535000.0,39,1035000.0,196.0,1,Asian,Female,45-54,51.456,Loan originated
1,775000.0,20%-<30%,1625000.0,269.0,1,White,Joint,25-34,47.79,Loan originated
1,255000.0,42,325000.0,83.0,1,White,Female,55-64,100.0,Loan originated
1,45000.0,43,75000.0,57.0,1,White,Female,55-64,64.76,Loan originated
1,425000.0,20%-<30%,1345000.0,288.0,1,White,Joint,55-64,31.6,Application denied
1,945000.0,20%-<30%,1185000.0,363.0,1,Asian,Joint,25-34,80.0,Loan originated
1,535000.0,48,565000.0,127.0,1,White,Male,35-44,95.0,Loan originated
1,445000.0,46,555000.0,132.0,1,Asian,Female,35-44,79.84,Loan originated
1,845000.0,44,935000.0,194.0,1,Asian,Male,35-44,90.0,Loan originated
1,275000.0,49,325000.0,62.0,1,Hispanic or Latino,Male,25-34,85.0,Loan originated
1,535000.0,43,565000.0,168.0,1,Asian,Joint,25-34,95.0,Loan originated
1,815000.0,37,1015000.0,293.0,1,White,Female,35-44,80.0,Loan originated
1,665000.0,46,785000.0,144.0,1,White,Female,45-54,85.0,Loan originated
1,465000.0,20%-<30%,795000.0,205.0,1,White,Female,45-54,90.0,Loan originated
1,495000.0,44,605000.0,101.0,1,Other,Female,35-44,95.0,Application denied
1,305000.0,48,775000.0,72.0,1,White,Female,65-74,39.0,Loan originated
1,355000.0,38,475000.0,198.0,1,Hispanic or Latino,Female,55-64,74.094,Loan originated
1,685000.0,47,725000.0,183.0,1,Hispanic or Latino,Male,25-34,95.0,Loan originated
1,645000.0,44,1045000.0,169.0,1,White,Male,45-54,61.87,Loan originated
1,415000.0,30%-<36%,765000.0,139.0,1,White,Male,25-34,53.947,Application denied
1,435000.0,30%-<36%,485000.0,135.0,1,Hispanic or Latino,Female,35-44,89.994,Loan originated
1,655000.0,40,825000.0,190.0,1,Asian,Joint,55-64,80.0,Loan originated
1,335000.0,30%-<36%,355000.0,123.0,1,Hispanic or Latino,Male,55-64,98.33,Loan originated
1,845000.0,20%-<30%,1055000.0,373.0,1,White,Male,55-64,80.0,Loan originated
1,1145000.0,42,1305000.0,302.0,1,Asian,Male,25-34,88.38,Loan originated
1,705000.0,41,1585000.0,231.0,1,White,Joint,55-64,44.248,Loan originated
1,135000.0,20%-<30%,165000.0,144.0,1,White,Joint,>74,82.76,Loan originated
1,415000.0,41,475000.0,118.0,1,White,Male,<25,87.368,Loan originated
1,385000.0,39,425000.0,89.0,1,Hispanic or Latino,Female,25-34,90.0,Loan originated
1,605000.0,30%-<36%,705000.0,256.0,1,Asian,Female,35-44,90.269,Loan originated
1,505000.0,45,635000.0,132.0,1,White,Joint,45-54,80.0,Loan originated
1,705000.0,38,885000.0,187.0,1,White,Joint,25-34,80.0,Loan originated
1,595000.0,44,665000.0,219.0,1,White,Joint,45-54,90.0,Application denied
1,135000.0,20%-<30%,135000.0,181.0,1,Black or African American,Female,65-74,95.0,Loan originated
1,955000.0,45,1705000.0,222.0,1,Asian,Female,35-44,55.88,Loan originated
1,405000.0,43,415000.0,108.0,1,Hispanic or Latino,Female,45-54,97.0,Loan originated
1,655000.0,38,695000.0,185.0,1,White,Joint,25-34,95.0,Loan originated
1,675000.0,40,845000.0,233.0,1,Asian,Female,55-64,80.0,Loan originated
1,525000.0,49,555000.0,128.0,1,Hispanic or Latino,Male,25-34,98.818,Loan originated
1,555000.0,44,735000.0,184.0,1,Hispanic or Latino,Male,55-64,75.0,Loan originated
1,435000.0,30%-<36%,535000.0,147.0,1,White,Male,25-34,83.0,Loan originated
1,225000.0,<20%,385000.0,170.0,1,Hispanic or Latino,Joint,25-34,59.21,Loan originated
1,385000.0,42,485000.0,105.0,1,White,Female,<25,80.0,Loan originated
1,805000.0,<20%,1325000.0,691.0,1,Asian,Joint,55-64,61.54,Loan originated
1,475000.0,43,525000.0,128.0,1,Asian,Female,25-34,90.0,Loan originated
1,715000.0,47,895000.0,152.0,1,Black or African American,Male,35-44,80.0,Loan originated
1,505000.0,42,1235000.0,205.0,1,Asian,Male,25-34,41.0,Loan originated
1,755000.0,49,945000.0,356.0,1,Asian,Male,65-74,80.0,Loan originated
1,915000.0,49,965000.0,248.0,1,White,Joint,55-64,95.0,Loan originated
1,715000.0,44,895000.0,209.0,1,Asian,Joint,25-34,80.0,Loan originated
1,955000.0,46,1005000.0,249.0,1,White,Female,45-54,95.0,Loan originated
1,745000.0,42,785000.0,314.0,1,White,Joint,25-34,95.0,Loan originated
1,385000.0,36,485000.0,126.0,1,Asian,Joint,35-44,80.0,Loan originated
1,445000.0,38,885000.0,122.0,1,White,Joint,35-44,50.0,Loan originated
1,545000.0,49,615000.0,98.0,1,Asian,Joint,45-54,89.99,Loan originated
1,685000.0,44,755000.0,173.0,1,White,Male,45-54,90.0,Loan originated
1,595000.0,44,625000.0,138.0,1,Hispanic or Latino,Male,35-44,94.987,Loan originated
1,945000.0,49,1545000.0,203.0,1,White,Male,35-44,60.999,Loan originated
1,535000.0,44,555000.0,117.0,1,White,Female,35-44,100.0,Loan originated
1,305000.0,49,375000.0,82.0,1,Hispanic or Latino,Male,65-74,80.0,Loan originated
1,405000.0,44,455000.0,178.0,1,White,Female,55-64,90.0,Loan originated
1,585000.0,30%-<36%,695000.0,252.0,1,Hispanic or Latino,Joint,45-54,85.37,Loan originated
1,565000.0,46,645000.0,121.0,1,Hispanic or Latino,Female,25-34,87.0,Loan originated
1,725000.0,<20%,1035000.0,895.0,1,White,Male,25-34,69.652,Loan originated
1,615000.0,30%-<36%,775000.0,325.0,1,White,Joint,45-54,80.0,Loan originated
1,565000.0,46,1365000.0,158.0,1,Asian,Female,25-34,41.39,Loan originated
1,545000.0,37,675000.0,258.0,1,Hispanic or Latino,Male,55-64,80.0,Loan originated
1,345000.0,37,385000.0,104.0,1,Asian,Joint,35-44,90.0,Loan originated
1,255000.0,20%-<30%,365000.0,120.0,1,White,Female,>74,69.863,Loan originated
1,385000.0,30%-<36%,485000.0,151.0,1,Asian,Female,35-44,80.0,Loan originated
1,645000.0,30%-<36%,895000.0,304.0,1,White,Female,45-54,71.91,Loan originated
1,515000.0,49,645000.0,123.0,1,Hispanic or Latino,Female,25-34,80.0,Loan originated
1,695000.0,41,765000.0,212.0,1,White,Joint,35-44,90.0,Loan originated
1,595000.0,36,625000.0,158.0,1,Hispanic or Latino,Male,45-54,95.0,Loan originated
1,685000.0,46,755000.0,195.0,1,Hispanic or Latino,Joint,35-44,89.987,Loan originated
1,445000.0,<20%,555000.0,217.0,1,White,Male,65-74,80.0,Loan originated
1,255000.0,48,395000.0,69.0,1,Hispanic or Latino,Male,35-44,65.0,Loan originated
1,85000.0,30%-<36%,285000.0,68.0,1,Hispanic or Latino,Female,55-64,29.93,Loan originated
1,515000.0,39,535000.0,120.0,1,Hispanic or Latino,Joint,25-34,95.0,Loan originated
1,1005000.0,49,1855000.0,240.0,1,White,Female,>74,54.05,Application denied
1,1405000.0,30%-<36%,2005000.0,425.0,1,White,Female,45-54,70.0,Loan originated
1,545000.0,30%-<36%,675000.0,174.0,1,Asian,Joint,25-34,80.0,Loan originated
1,455000.0,30%-<36%,565000.0,126.0,1,Asian,Male,<25,80.0,Loan originated
1,225000.0,30%-<36%,445000.0,95.0,1,White,Male,35-44,51.002,Loan originated
1,655000.0,30%-<36%,735000.0,235.0,1,Hispanic or Latino,Female,65-74,89.9,Loan originated
1,975000.0,30%-<36%,1295000.0,311.0,1,Asian,Male,25-34,74.95,Loan originated
1,945000.0,40,1055000.0,237.0,1,Hispanic or Latino,Joint,25-34,90.0,Loan originated
1,635000.0,48,845000.0,516.0,1,Asian,Male,55-64,75.0,Loan originated
1,865000.0,20%-<30%,1085000.0,343.0,1,White,Female,25-34,80.0,Loan originated
1,995000.0,46,1245000.0,199.0,1,Asian,Male,25-34,80.0,Loan originated
1,445000.0,20%-<30%,565000.0,220.0,1,Asian,Female,45-54,80.0,Loan originated
1,1105000.0,41,1405000.0,325.0,1,White,Joint,35-44,78.64,Loan originated
1,685000.0,47,855000.0,245.0,1,White,Joint,35-44,80.0,Loan originated
1,405000.0,30%-<36%,905000.0,204.0,1,Asian,Joint,35-44,45.0,Loan originated
1,1065000.0,49,1555000.0,214.0,1,Asian,Joint,35-44,68.84,Loan originated
1,675000.0,44,865000.0,428.0,1,Asian,Male,45-54,80.0,Loan originated
1,615000.0,30%-<36%,765000.0,168.0,1,Hispanic or Latino,Female,25-34,79.47,Loan originated
1,905000.0,30%-<36%,1205000.0,492.0,1,White,Male,45-54,75.0,Loan originated
1,385000.0,48,405000.0,81.0,1,Black or African American,Male,45-54,97.0,Loan originated
1,1005000.0,30%-<36%,3055000.0,456.0,1,Asian,Male,35-44,32.787,Loan originated
1,275000.0,47,305000.0,68.0,1,Asian,Female,35-44,93.0,Loan originated
1,295000.0,20%-<30%,365000.0,117.0,1,White,Female,25-34,80.0,Loan originated
1,555000.0,46,1155000.0,141.0,1,White,Male,35-44,47.826,Loan originated
1,875000.0,20%-<30%,1095000.0,356.0,1,White,Male,35-44,80.0,Loan originated
1,765000.0,39,1185000.0,194.0,1,Asian,Joint,55-64,65.0,Loan originated
1,345000.0,42,385000.0,84.0,1,White,Female,35-44,89.9,Loan originated
1,1005000.0,48,1405000.0,263.0,1,Hispanic or Latino,Male,45-54,71.429,Loan originated
1,505000.0,45,995000.0,120.0,1,White,Joint,35-44,51.01,Loan originated
1,465000.0,48,1565000.0,142.0,1,White,Female,55-64,29.808,Loan originated
1,535000.0,49,555000.0,121.0,1,White,Male,35-44,96.709,Loan originated
1,275000.0,42,435000.0,63.0,1,White,Female,65-74,63.49,Application denied
1,555000.0,37,745000.0,254.0,1,White,Joint,35-44,74.324,Loan originated
1,535000.0,49,665000.0,108.0,1,Asian,Female,25-34,80.0,Loan originated
1,125000.0,48,215000.0,92.0,1,Hispanic or Latino,Female,45-54,58.5,Loan originated
1,765000.0,30%-<36%,1085000.0,230.0,1,Asian,Joint,45-54,70.977,Loan originated
1,425000.0,42,455000.0,94.0,1,White,Male,35-44,94.88,Loan originated
1,465000.0,47,575000.0,168.0,1,Asian,Joint,25-34,80.0,Loan originated
1,465000.0,20%-<30%,515000.0,167.0,1,Hispanic or Latino,Joint,25-34,90.0,Loan originated
1,405000.0,20%-<30%,415000.0,217.0,1,Hispanic or Latino,Male,45-54,97.0,Loan originated
1,535000.0,20%-<30%,595000.0,246.0,1,White,Female,35-44,90.0,Loan originated
1,365000.0,48,405000.0,77.0,1,Asian,Female,45-54,90.0,Loan originated
1,415000.0,47,435000.0,140.0,1,White,Male,25-34,97.0,Loan originated
1,645000.0,41,715000.0,190.0,1,White,Joint,25-34,90.0,Loan originated
1,335000.0,20%-<30%,555000.0,192.0,1,Asian,Joint,25-34,61.0,Loan originated
1,665000.0,46,965000.0,261.0,1,White,Joint,65-74,69.007,Loan originated
1,285000.0,37,325000.0,140.0,1,Asian,Joint,25-34,85.0,Loan originated
1,535000.0,50%-60%,595000.0,153.0,1,Hispanic or Latino,Joint,25-34,90.0,Loan originated
1,95000.0,30%-<36%,225000.0,37.0,1,White,Male,65-74,44.0,Loan originated
1,1145000.0,30%-<36%,1875000.0,333.0,1,Asian,Female,25-34,61.488,Loan originated
1,355000.0,20%-<30%,445000.0,145.0,1,White,Joint,35-44,80.0,Loan originated
1,735000.0,30%-<36%,825000.0,249.0,1,White,Joint,25-34,89.091,Loan originated
1,665000.0,49,885000.0,324.0,1,Asian,Joint,65-74,75.0,Loan originated
1,875000.0,39,1095000.0,310.0,1,Asian,Male,25-34,80.0,Application denied
1,245000.0,47,355000.0,101.0,1,White,Joint,65-74,70.0,Loan originated
1,615000.0,42,625000.0,190.0,1,Hispanic or Latino,Joint,25-34,98.328,Application denied
1,295000.0,36,305000.0,192.0,1,White,Joint,25-34,97.0,Loan originated
1,385000.0,20%-<30%,425000.0,589.0,1,White,Joint,55-64,90.0,Loan originated
1,785000.0,49,1305000.0,153.0,1,Asian,Male,35-44,60.46,Loan originated
1,125000.0,<20%,155000.0,97.0,1,Other,Male,55-64,80.0,Loan originated
1,175000.0,20%-<30%,575000.0,138.0,1,White,Joint,55-64,30.26,Loan originated
1,575000.0,47,865000.0,120.0,1,Asian,Joint,55-64,66.93,Loan originated
1,555000.0,30%-<36%,745000.0,299.0,1,Asian,Joint,45-54,75.0,Loan originated
1,625000.0,47,1425000.0,172.0,1,Asian,Joint,45-54,43.702,Loan originated
1,385000.0,43,405000.0,98.0,1,Hispanic or Latino,Female,25-34,95.0,Loan originated
1,445000.0,43,555000.0,127.0,1,Hispanic or Latino,Joint,25-34,80.0,Loan originated
1,625000.0,47,695000.0,175.0,1,White,Male,55-64,89.99,Loan originated
1,175000.0,37,185000.0,90.0,1,Hispanic or Latino,Male,<25,95.0,Loan originated
1,545000.0,38,575000.0,159.0,1,White,Male,35-44,95.0,Loan originated
1,515000.0,47,645000.0,168.0,1,Asian,Male,35-44,80.0,Loan originated
1,425000.0,30%-<36%,425000.0,140.0,1,Hispanic or Latino,Joint,25-34,99.882,Loan originated
1,445000.0,47,555000.0,102.0,1,Asian,Female,35-44,100.0,Loan originated
1,405000.0,48,505000.0,99.0,1,Asian,Male,35-44,80.0,Loan originated
1,725000.0,37,905000.0,175.0,1,White,Male,25-34,80.0,Loan originated
1,255000.0,44,275000.0,65.0,1,White,Male,55-64,95.0,Loan originated
1,495000.0,38,675000.0,126.0,1,White,Female,45-54,73.185,Loan originated
1,255000.0,20%-<30%,325000.0,99.0,1,White,Male,45-54,80.0,Loan originated
1,355000.0,20%-<30%,1065000.0,196.0,1,Asian,Joint,45-54,32.741,Loan originated
1,885000.0,42,1175000.0,282.0,1,White,Female,55-64,75.0,Loan originated
1,545000.0,47,905000.0,169.0,1,Hispanic or Latino,Joint,35-44,60.0,Loan originated
1,105000.0,20%-<30%,525000.0,71.0,1,White,Joint,55-64,19.214,Loan originated
1,525000.0,30%-<36%,615000.0,223.0,1,Asian,Joint,35-44,85.0,Loan originated
1,515000.0,<20%,1315000.0,417.0,1,White,Male,35-44,38.931,Loan originated
1,465000.0,30%-<36%,545000.0,170.0,1,White,Male,35-44,85.018,Loan originated
1,175000.0,49,765000.0,63.0,1,Asian,Female,25-34,22.222,Application denied
1,125000.0,20%-<30%,525000.0,86.0,1,White,Joint,35-44,22.706,Loan originated
1,595000.0,20%-<30%,855000.0,280.0,1,Asian,Joint,25-34,70.0,Loan originated
1,755000.0,40,1505000.0,286.0,1,White,Female,65-74,50.0,Loan originated
1,865000.0,50%-60%,1155000.0,221.0,1,White,Female,45-54,75.0,Application denied
1,645000.0,44,715000.0,148.0,1,Asian,Male,25-34,90.0,Loan originated
1,255000.0,45,955000.0,81.0,1,Asian,Joint,65-74,27.0,Loan originated
1,1125000.0,20%-<30%,1625000.0,478.0,1,White,Joint,45-54,69.23,Loan originated
1,435000.0,20%-<30%,875000.0,227.0,1,Asian,Female,25-34,50.0,Loan originated
1,395000.0,46,615000.0,98.0,1,Black or African American,Male,35-44,63.934,Loan originated
1,285000.0,30%-<36%,445000.0,257.0,1,White,Joint,55-64,64.189,Loan originated
1,765000.0,30%-<36%,1175000.0,333.0,1,White,Joint,25-34,65.51,Loan originated
1,85000.0,38,585000.0,81.0,1,Hispanic or Latino,Joint,65-74,15.11,Loan originated
1,275000.0,47,545000.0,74.0,1,Hispanic or Latino,Male,25-34,50.0,Loan originated
1,315000.0,48,445000.0,66.0,1,Hispanic or Latino,Male,55-64,70.787,Loan originated
1,365000.0,20%-<30%,455000.0,195.0,1,Hispanic or Latino,Male,35-44,80.0,Loan originated
1,1035000.0,48,1385000.0,312.0,1,Asian,Joint,45-54,75.0,Loan originated
1,615000.0,42,825000.0,148.0,1,White,Joint,35-44,75.0,Loan originated
1,385000.0,49,425000.0,100.0,1,White,Male,25-34,90.0,Loan originated
1,565000.0,40,635000.0,188.0,1,White,Joint,25-34,90.0,Loan originated
1,1145000.0,46,1455000.0,320.0,1,White,Joint,35-44,79.3,Loan originated
1,185000.0,45,545000.0,62.0,1,Asian,Male,45-54,33.889,Loan originated
1,365000.0,20%-<30%,665000.0,205.0,1,Asian,Female,35-44,54.887,Loan originated
1,555000.0,20%-<30%,585000.0,367.0,1,White,Joint,45-54,95.0,Loan originated
1,565000.0,45,705000.0,116.0,1,Asian,Male,25-34,80.0,Loan originated
1,455000.0,48,515000.0,143.0,1,Hispanic or Latino,Female,35-44,90.0,Loan originated
1,335000.0,30%-<36%,415000.0,123.0,1,White,Joint,35-44,80.0,Loan originated
1,235000.0,20%-<30%,435000.0,380.0,1,White,Male,25-34,53.488,Loan originated
1,265000.0,47,275000.0,73.0,1,White,Female,65-74,100.0,Loan originated
1,595000.0,30%-<36%,735000.0,178.0,1,Asian,Joint,25-34,80.0,Loan originated
1,925000.0,49,1085000.0,218.0,1,Other,Joint,25-34,85.0,Loan originated
1,405000.0,50%-60%,405000.0,85.0,1,Hispanic or Latino,Male,<25,100.0,Application denied
1,765000.0,46,985000.0,150.0,1,White,Female,45-54,77.817,Loan originated
1,495000.0,37,595000.0,142.0,1,Hispanic or Latino,Male,25-34,103.193,Loan originated
1,365000.0,36,725000.0,114.0,1,Asian,Male,25-34,50.0,Loan originated
1,255000.0,48,475000.0,222.0,1,White,Joint,>74,53.635,Loan originated
1,475000.0,41,635000.0,223.0,1,White,Female,65-74,75.0,Application denied
1,525000.0,49,695000.0,142.0,1,Asian,Female,25-34,75.0,Loan originated
1,925000.0,46,1155000.0,244.0,1,Asian,Female,35-44,80.0,Loan originated
1,555000.0,30%-<36%,765000.0,179.0,1,White,Joint,35-44,72.656,Loan originated
1,485000.0,39,785000.0,132.0,1,White,Male,55-64,87.12,Loan originated
1,205000.0,37,255000.0,63.0,1,White,Male,25-34,80.0,Loan originated
1,765000.0,47,965000.0,160.0,1,Hispanic or Latino,Female,35-44,80.0,Loan originated
1,595000.0,39,1225000.0,163.0,1,Asian,Female,35-44,48.085,Loan originated
1,1035000.0,37,1535000.0,254.0,1,Asian,Joint,25-34,67.427,Loan originated
1,485000.0,30%-<36%,505000.0,173.0,1,White,Joint,<25,97.0,Loan originated
1,745000.0,49,835000.0,176.0,1,Asian,Joint,25-34,89.99,Application denied
1,385000.0,30%-<36%,475000.0,131.0,1,Asian,Male,<25,80.0,Loan originated
1,545000.0,44,615000.0,201.0,1,Hispanic or Latino,Male,45-54,90.0,Loan originated
1,1125000.0,20%-<30%,1405000.0,463.0,1,White,Male,35-44,80.0,Loan originated
1,785000.0,48,825000.0,260.0,1,White,Male,25-34,94.99,Loan originated
1,575000.0,50%-60%,605000.0,109.0,1,Hispanic or Latino,Joint,45-54,96.667,Loan originated
1,415000.0,48,525000.0,105.0,1,Hispanic or Latino,Male,25-34,79.048,Loan originated
1,505000.0,48,525000.0,152.0,1,White,Female,35-44,95.0,Loan originated
1,465000.0,42,775000.0,129.0,1,Asian,Male,25-34,59.982,Loan originated
1,375000.0,20%-<30%,465000.0,189.0,1,Hispanic or Latino,Male,35-44,80.0,Loan originated
1,485000.0,48,515000.0,147.0,1,Asian,Female,25-34,95.0,Loan originated
1,375000.0,30%-<36%,395000.0,126.0,1,White,Male,55-64,97.0,Loan originated
1,225000.0,37,245000.0,73.0,1,Hispanic or Latino,Male,35-44,95.0,Loan originated
1,365000.0,30%-<36%,375000.0,106.0,1,Hispanic or Latino,Female,25-34,97.0,Loan originated
1,365000.0,20%-<30%,565000.0,156.0,1,Hispanic or Latino,Joint,25-34,65.0,Loan originated
1,535000.0,46,765000.0,130.0,1,White,Joint,45-54,70.0,Loan originated
1,415000.0,40,695000.0,123.0,1,Asian,Joint,25-34,59.216,Loan originated
1,375000.0,46,465000.0,193.0,1,White,Male,45-54,80.0,Loan originated
1,705000.0,20%-<30%,875000.0,420.0,1,White,Male,35-44,80.46,Loan originated
1,645000.0,44,675000.0,219.0,1,Black or African American,Joint,35-44,95.0,Loan originated
1,285000.0,<20%,355000.0,384.0,1,White,Joint,55-64,80.0,Loan originated
1,965000.0,49,1335000.0,176.0,1,White,Female,45-54,72.285,Loan originated
1,745000.0,50%-60%,775000.0,133.0,1,Hispanic or Latino,Joint,55-64,96.5,Loan originated
1,515000.0,39,815000.0,140.0,1,White,Joint,25-34,63.19,Loan originated
1,415000.0,43,435000.0,103.0,1,Hispanic or Latino,Male,25-34,97.0,Loan originated
1,675000.0,43,715000.0,199.0,1,Black or African American,Joint,35-44,95.0,Loan originated
1,755000.0,30%-<36%,1355000.0,248.0,1,White,Female,35-44,55.76,Loan originated
1,425000.0,49,445000.0,259.0,1,Asian,Joint,45-54,95.0,Loan originated
1,385000.0,30%-<36%,405000.0,143.0,1,White,Female,45-54,94.789,Application denied
1,635000.0,46,655000.0,141.0,1,Black or African American,Female,25-34,100.0,Loan originated
1,405000.0,39,645000.0,135.0,1,White,Joint,35-44,62.79,Loan originated
1,595000.0,30%-<36%,745000.0,239.0,1,Asian,Joint,25-34,80.0,Loan originated
1,905000.0,37,1005000.0,273.0,1,White,Joint,25-34,89.99,Loan originated
1,435000.0,37,1195000.0,644.0,1,Black or African American,Female,35-44,100.0,Loan originated
1,575000.0,36,595000.0,189.0,1,White,Joint,25-34,97.0,Loan originated
1,895000.0,49,945000.0,195.0,1,Hispanic or Latino,Joint,45-54,95.0,Application denied
1,465000.0,20%-<30%,665000.0,170.0,1,Hispanic or Latino,Joint,35-44,85.152,Loan originated
1,405000.0,49,675000.0,99.0,1,White,Female,45-54,60.0,Loan originated
1,765000.0,41,825000.0,196.0,1,Asian,Male,35-44,93.0,Loan originated
1,415000.0,<20%,585000.0,325.0,1,Asian,Female,45-54,73.0,Loan originated
1,595000.0,42,625000.0,153.0,1,White,Joint,25-34,95.0,Loan originated
1,365000.0,30%-<36%,455000.0,112.0,1,White,Joint,25-34,80.0,Loan originated
1,155000.0,30%-<36%,435000.0,42.0,1,White,Female,>74,34.247,Loan originated
1,885000.0,43,1035000.0,204.0,1,White,Male,35-44,85.0,Loan originated
1,445000.0,45,565000.0,112.0,1,Hispanic or Latino,Female,45-54,80.0,Loan originated
1,375000.0,49,415000.0,124.0,1,Hispanic or Latino,Joint,65-74,90.0,Loan originated
1,735000.0,39,975000.0,235.0,1,White,Male,25-34,75.0,Loan originated
1,695000.0,20%-<30%,935000.0,238.0,1,White,Female,35-44,75.0,Loan originated
1,485000.0,30%-<36%,605000.0,169.0,1,Asian,Male,25-34,80.0,Loan originated
1,965000.0,30%-<36%,1205000.0,354.0,1,White,Joint,35-44,80.0,Loan originated
1,725000.0,47,905000.0,181.0,1,Hispanic or Latino,Male,35-44,80.0,Loan originated
1,885000.0,36,1105000.0,279.0,1,White,Female,35-44,80.0,Loan originated
1,595000.0,20%-<30%,635000.0,342.0,1,Asian,Female,35-44,95.0,Loan originated
1,685000.0,49,725000.0,165.0,1,Asian,Male,25-34,94.99,Loan originated
1,255000.0,36,415000.0,82.0,1,White,Female,>74,59.89,Loan originated
1,385000.0,46,525000.0,117.0,1,White,Female,25-34,73.077,Loan originated
1,275000.0,45,745000.0,83.0,1,White,Female,25-34,37.162,Loan originated
1,405000.0,<20%,2425000.0,1841.0,1,Asian,Joint,55-64,17.0,Application denied
1,435000.0,36,465000.0,112.0,1,White,Joint,25-34,94.0,Loan originated
1,695000.0,40,735000.0,204.0,1,Asian,Joint,45-54,95.0,Loan originated
1,345000.0,20%-<30%,425000.0,147.0,1,White,Joint,25-34,80.0,Loan originated
1,905000.0,47,1135000.0,241.0,1,Hispanic or Latino,Joint,45-54,80.0,Loan originated
1,545000.0,47,525000.0,159.0,1,Black or African American,Joint,35-44,103.411,Application denied
1,345000.0,36,575000.0,92.0,1,White,Male,25-34,60.0,Loan originated
1,565000.0,30%-<36%,985000.0,185.0,1,White,Joint,45-54,58.0,Loan originated
1,235000.0,<20%,255000.0,184.0,1,White,Female,55-64,95.0,Loan originated
1,485000.0,38,605000.0,158.0,1,Asian,Joint,45-54,80.0,Loan originated
1,155000.0,44,565000.0,74.0,1,White,Female,35-44,77.0,Loan originated
1,785000.0,47,875000.0,189.0,1,Asian,Male,25-34,90.0,Loan originated
1,505000.0,36,905000.0,184.0,1,Asian,Male,35-44,55.556,Loan originated
1,465000.0,37,485000.0,143.0,1,Asian,Female,35-44,95.0,Loan originated
1,415000.0,37,865000.0,155.0,1,Asian,Female,35-44,48.27,Loan originated
1,765000.0,47,1515000.0,189.0,1,Asian,Male,45-54,50.331,Loan originated
1,725000.0,48,905000.0,160.0,1,Asian,Male,35-44,80.0,Loan originated
1,525000.0,41,555000.0,215.0,1,Asian,Joint,35-44,95.0,Loan originated
1,515000.0,42,645000.0,134.0,1,Asian,Joint,45-54,80.0,Loan originated
1,525000.0,49,555000.0,122.0,1,White,Female,25-34,95.0,Loan originated
1,695000.0,48,775000.0,161.0,1,Asian,Joint,25-34,90.0,Loan originated
1,395000.0,45,415000.0,126.0,1,White,Joint,35-44,95.0,Loan originated
1,715000.0,20%-<30%,745000.0,343.0,1,White,Female,25-34,97.0,Loan originated
1,715000.0,20%-<30%,915000.0,305.0,1,Asian,Joint,25-34,78.022,Loan originated
1,475000.0,>60%,925000.0,114.0,1,White,Male,25-34,51.351,Application denied
1,645000.0,49,815000.0,129.0,1,White,Joint,25-34,80.0,Loan originated
1,705000.0,48,745000.0,135.0,1,Black or African American,Female,35-44,95.0,Loan originated
1,555000.0,20%-<30%,1355000.0,257.0,1,Asian,Joint,25-34,40.741,Loan originated
1,445000.0,43,555000.0,197.0,1,Hispanic or Latino,Female,45-54,80.0,Application denied
1,985000.0,42,1515000.0,233.0,1,Asian,Male,45-54,66.0,Loan originated
1,615000.0,30%-<36%,635000.0,276.0,1,Black or African American,Joint,55-64,97.0,Loan originated
1,715000.0,38,895000.0,200.0,1,White,Male,>74,80.0,Loan originated
1,475000.0,49,585000.0,101.0,1,Asian,Male,35-44,80.0,Loan originated
1,345000.0,43,435000.0,80.0,1,Asian,Joint,45-54,79.0,Loan originated
1,815000.0,50%-60%,905000.0,213.0,1,Asian,Joint,55-64,105.0,Application denied
1,735000.0,49,925000.0,180.0,1,Other,Female,45-54,80.0,Loan originated
1,525000.0,48,655000.0,125.0,1,Black or African American,Joint,55-64,80.0,Loan originated
1,515000.0,44,645000.0,176.0,1,Asian,Male,25-34,80.0,Loan originated
1,915000.0,49,965000.0,194.0,1,White,Female,25-34,95.0,Loan originated
1,835000.0,42,1045000.0,230.0,1,Asian,Male,25-34,80.0,Application denied
1,655000.0,47,1155000.0,149.0,1,White,Female,>74,56.522,Loan originated
1,985000.0,49,1165000.0,197.0,1,Asian,Male,35-44,85.0,Loan originated
1,515000.0,42,875000.0,172.0,1,Asian,Joint,45-54,59.54,Application denied
1,425000.0,40,755000.0,109.0,1,Asian,Female,55-64,55.629,Loan originated
1,865000.0,40,1085000.0,191.0,1,Hispanic or Latino,Female,35-44,80.0,Loan originated
1,445000.0,20%-<30%,555000.0,181.0,1,White,Joint,35-44,80.0,Loan originated
1,605000.0,30%-<36%,875000.0,193.0,1,Asian,Male,65-74,68.571,Loan originated
1,105000.0,<20%,395000.0,94.0,1,White,Joint,55-64,25.316,Loan originated
1,355000.0,49,415000.0,75.0,1,Asian,Female,35-44,88.0,Loan originated
1,765000.0,50%-60%,805000.0,143.0,1,Hispanic or Latino,Joint,35-44,95.0,Application denied
1,525000.0,30%-<36%,825000.0,161.0,1,Asian,Joint,35-44,63.636,Loan originated
1,635000.0,49,675000.0,130.0,1,Asian,Male,35-44,95.0,Loan originated
1,935000.0,20%-<30%,1255000.0,340.0,1,Asian,Joint,35-44,75.0,Loan originated
1,475000.0,44,545000.0,123.0,1,Black or African American,Female,65-74,87.89,Loan originated
1,845000.0,20%-<30%,1055000.0,341.0,1,Asian,Joint,25-34,80.0,Loan originated
1,325000.0,40,445000.0,161.0,1,White,Male,55-64,72.727,Loan originated
1,395000.0,50%-60%,625000.0,82.0,1,White,Male,>74,62.903,Loan originated
1,835000.0,41,925000.0,212.0,1,Hispanic or Latino,Male,45-54,89.99,Application denied
1,265000.0,<20%,825000.0,191.0,1,White,Female,45-54,32.2,Loan originated
1,975000.0,30%-<36%,1425000.0,277.0,1,Asian,Male,25-34,68.465,Loan originated
1,625000.0,30%-<36%,785000.0,247.0,1,Asian,Male,25-34,80.0,Loan originated
1,405000.0,47,505000.0,112.0,1,White,Female,35-44,100.0,Loan originated
1,675000.0,49,755000.0,159.0,1,White,Male,45-54,90.0,Loan originated
1,425000.0,30%-<36%,425000.0,124.0,1,White,Joint,25-34,53.299,Loan originated
1,605000.0,49,765000.0,131.0,1,Asian,Joint,45-54,80.0,Loan originated
1,355000.0,38,365000.0,87.0,1,Asian,Male,35-44,97.0,Loan originated
1,805000.0,30%-<36%,845000.0,246.0,1,White,Male,25-34,95.0,Loan originated
1,625000.0,43,785000.0,223.0,1,Black or African American,Female,45-54,79.489,Loan originated
1,585000.0,37,725000.0,154.0,1,Asian,Male,45-54,80.0,Loan originated
1,835000.0,43,1045000.0,244.0,1,Hispanic or Latino,Male,45-54,80.0,Loan originated
1,615000.0,45,655000.0,126.0,1,Hispanic or Latino,Male,<25,95.0,Loan originated
1,555000.0,43,885000.0,191.0,1,White,Joint,25-34,62.5,Loan originated
1,285000.0,38,355000.0,83.0,1,White,Male,25-34,80.0,Loan originated
1,585000.0,49,735000.0,126.0,1,Hispanic or Latino,Male,25-34,80.0,Loan originated
1,465000.0,44,585000.0,139.0,1,Asian,Joint,25-34,79.969,Loan originated
1,515000.0,37,545000.0,155.0,1,White,Male,35-44,95.0,Loan originated
1,45000.0,>60%,125000.0,14.0,1,White,Female,65-74,34.167,Application denied
1,755000.0,30%-<36%,935000.0,240.0,1,White,Female,45-54,80.0,Loan originated
1,195000.0,<20%,1025000.0,404.0,1,White,Male,55-64,19.415,Loan originated
1,935000.0,20%-<30%,1245000.0,560.0,1,Hispanic or Latino,Male,25-34,90.0,Loan originated
1,1005000.0,47,1345000.0,246.0,1,White,Joint,25-34,74.73,Loan originated
1,955000.0,37,1475000.0,266.0,1,Hispanic or Latino,Joint,25-34,64.626,Loan originated
1,265000.0,48,335000.0,54.0,1,White,Male,<25,80.0,Loan originated
1,765000.0,43,855000.0,264.0,1,Hispanic or Latino,Female,25-34,90.0,Loan originated
1,105000.0,30%-<36%,255000.0,233.0,1,White,Male,65-74,40.24,Loan originated
1,395000.0,46,525000.0,85.0,1,White,Male,25-34,75.0,Loan originated
1,655000.0,50%-60%,695000.0,166.0,1,White,Joint,45-54,94.0,Application denied
1,695000.0,47,785000.0,156.0,1,Asian,Joint,25-34,88.3,Loan originated
1,125000.0,<20%,625000.0,168.0,1,White,Male,65-74,19.601,Loan originated
1,1035000.0,20%-<30%,1735000.0,395.0,1,Asian,Joint,45-54,59.692,Loan originated
1,1095000.0,39,1155000.0,354.0,1,White,Male,25-34,95.0,Loan originated
1,705000.0,47,725000.0,193.0,1,Hispanic or Latino,Joint,45-54,97.0,Loan originated
1,405000.0,41,505000.0,94.0,1,White,Female,>74,80.0,Loan originated
1,465000.0,45,495000.0,365.0,1,Hispanic or Latino,Joint,25-34,95.0,Loan originated
1,455000.0,41,535000.0,97.0,1,White,Joint,25-34,85.0,Loan originated
1,615000.0,>60%,865000.0,179.0,1,White,Joint,45-54,71.231,Application denied
1,445000.0,43,465000.0,128.0,1,White,Female,35-44,95.0,Loan originated
1,355000.0,20%-<30%,435000.0,104.0,1,Asian,Male,25-34,80.0,Loan originated
1,175000.0,38,265000.0,67.0,1,Hispanic or Latino,Joint,55-64,104.51,Loan originated
1,695000.0,30%-<36%,865000.0,258.0,1,White,Joint,25-34,80.0,Loan originated
1,445000.0,48,565000.0,167.0,1,White,Female,55-64,80.0,Loan originated
1,925000.0,46,1155000.0,248.0,1,Asian,Male,35-44,80.0,Loan originated
1,675000.0,20%-<30%,715000.0,285.0,1,Hispanic or Latino,Male,35-44,95.0,Loan originated
1,305000.0,39,1375000.0,110.0,1,White,Joint,65-74,21.818,Loan originated
1,505000.0,47,525000.0,118.0,1,White,Male,35-44,95.0,Loan originated
1,635000.0,49,675000.0,216.0,1,Hispanic or Latino,Joint,25-34,95.0,Loan originated
1,755000.0,>60%,795000.0,40.0,1,Hispanic or Latino,Joint,55-64,94.99,Application denied
1,405000.0,30%-<36%,555000.0,127.0,1,White,Female,>74,72.727,Loan originated
1,595000.0,43,745000.0,357.0,1,White,Joint,35-44,80.0,Loan originated
1,435000.0,48,465000.0,85.0,1,White,Male,25-34,95.0,Loan originated
1,255000.0,30%-<36%,345000.0,100.0,1,Hispanic or Latino,Male,45-54,75.0,Loan originated
1,545000.0,45,795000.0,211.0,1,Hispanic or Latino,Joint,25-34,68.474,Loan originated
1,235000.0,40,435000.0,104.0,1,White,Female,45-54,53.488372093024,Loan originated
1,545000.0,43,685000.0,233.0,1,Hispanic or Latino,Male,55-64,80.0,Loan originated
1,385000.0,45,435000.0,98.0,1,White,Male,35-44,90.0,Loan originated
1,1095000.0,37,1295000.0,517.0,1,Black or African American,Joint,35-44,85.0,Loan originated
1,925000.0,30%-<36%,1155000.0,330.0,1,Asian,Joint,35-44,80.0,Loan originated
1,395000.0,20%-<30%,795000.0,231.0,1,White,Joint,55-64,49.057,Loan originated
1,795000.0,30%-<36%,985000.0,235.0,1,Asian,Male,25-34,80.0,Loan originated
1,885000.0,47,1105000.0,232.0,1,White,Joint,35-44,80.0,Loan originated
1,555000.0,47,1065000.0,118.0,1,White,Joint,55-64,51.643,Loan originated
1,765000.0,36,955000.0,183.0,1,White,Joint,25-34,80.0,Loan originated
1,235000.0,37,635000.0,300.0,1,Asian,Joint,25-34,37.008,Loan originated
1,445000.0,42,555000.0,111.0,1,Hispanic or Latino,Male,45-54,80.0,Loan originated
1,555000.0,20%-<30%,2005000.0,297.0,1,Asian,Female,45-54,27.5,Loan originated
1,365000.0,47,515000.0,151.0,1,Hispanic or Latino,Joint,<25,69.9,Loan originated
1,545000.0,30%-<36%,575000.0,233.0,1,White,Joint,45-54,95.0,Loan originated
1,735000.0,50%-60%,975000.0,149.0,1,White,Female,35-44,75.0,Application denied
1,605000.0,50%-60%,1505000.0,255.0,1,Asian,Joint,35-44,40.0,Application denied
1,535000.0,41,665000.0,149.0,1,Asian,Female,25-34,80.0,Loan originated
1,875000.0,20%-<30%,1165000.0,393.0,1,Asian,Joint,25-34,75.0,Loan originated
1,1085000.0,41,1515000.0,404.0,1,White,Joint,45-54,71.854,Loan originated
1,865000.0,49,965000.0,212.0,1,White,Female,35-44,89.9,Loan originated
1,405000.0,47,895000.0,113.0,1,White,Female,>74,45.0,Loan originated
1,805000.0,47,915000.0,202.0,1,Hispanic or Latino,Joint,65-74,89.0,Loan originated
1,355000.0,45,445000.0,122.0,1,White,Female,35-44,80.0,Loan originated
1,695000.0,50%-60%,715000.0,127.0,1,Hispanic or Latino,Joint,25-34,97.0,Loan originated
1,405000.0,30%-<36%,705000.0,186.0,1,White,Female,35-44,57.5,Loan originated
1,65000.0,44,95000.0,61.0,1,Hispanic or Latino,Joint,55-64,68.64,Loan originated
1,425000.0,20%-<30%,575000.0,355.0,1,White,Male,<25,75.0,Loan originated
1,945000.0,48,1175000.0,187.0,1,Asian,Female,25-34,80.0,Loan originated
1,845000.0,45,1205000.0,263.0,1,White,Joint,35-44,70.0,Loan originated
1,645000.0,43,675000.0,149.0,1,Asian,Male,25-34,96.296,Loan originated
1,155000.0,20%-<30%,515000.0,142.0,1,White,Joint,55-64,28.949,Loan originated
1,555000.0,30%-<36%,695000.0,205.0,1,White,Male,35-44,80.0,Loan originated
1,355000.0,49,735000.0,85.0,1,White,Male,45-54,47.6,Loan originated
1,665000.0,49,825000.0,235.0,1,Asian,Joint,35-44,80.0,Loan originated
1,455000.0,43,505000.0,157.0,1,White,Joint,35-44,90.0,Loan originated
1,425000.0,30%-<36%,535000.0,156.0,1,Hispanic or Latino,Female,35-44,80.0,Loan originated
1,485000.0,42,965000.0,125.0,1,Hispanic or Latino,Joint,35-44,50.0,Loan originated
1,765000.0,20%-<30%,855000.0,514.0,1,White,Male,45-54,90.0,Application denied
1,165000.0,48,735000.0,84.0,1,White,Male,55-64,21.769,Loan originated
1,705000.0,46,785000.0,188.0,1,Asian,Male,55-64,89.99,Application denied
1,705000.0,48,1315000.0,166.0,1,White,Joint,35-44,54.0,Loan originated
1,405000.0,40,625000.0,101.0,1,Asian,Male,25-34,63.9,Loan originated
1,705000.0,30%-<36%,2675000.0,449.0,1,White,Male,55-64,26.17,Loan originated
1,255000.0,49,425000.0,62.0,1,White,Male,55-64,58.824,Loan originated
1,385000.0,30%-<36%,415000.0,133.0,1,Hispanic or Latino,Joint,35-44,95.0,Loan originated
1,665000.0,46,705000.0,206.0,1,Asian,Joint,55-64,95.0,Loan originated
1,625000.0,30%-<36%,695000.0,175.0,1,White,Joint,45-54,90.0,Loan originated
1,315000.0,48,365000.0,65.0,1,White,Male,45-54,85.0,Loan originated
1,1445000.0,46,1805000.0,308.0,1,White,Male,35-44,80.0,Loan originated
1,355000.0,48,415000.0,73.0,1,White,Male,45-54,84.337,Loan originated
1,305000.0,45,405000.0,8.0,1,Asian,Male,35-44,75.0,Loan originated
1,255000.0,>60%,1205000.0,197.0,1,Asian,Joint,35-44,20.83,Application denied
1,585000.0,40,655000.0,136.0,1,Asian,Female,35-44,89.985,Loan originated
1,325000.0,38,345000.0,137.0,1,White,Male,35-44,95.0,Loan originated
1,415000.0,>60%,435000.0,7.0,1,Black or African American,Male,35-44,95.0,Loan originated
1,1305000.0,30%-<36%,1635000.0,348.0,1,White,Male,25-34,80.0,Loan originated
1,375000.0,20%-<30%,465000.0,175.0,1,White,Joint,25-34,80.0,Loan originated
1,335000.0,44,355000.0,107.0,1,Hispanic or Latino,Joint,25-34,95.0,Loan originated
1,1125000.0,47,4005000.0,305.0,1,White,Female,55-64,28.0,Loan originated
1,865000.0,46,1155000.0,347.0,1,White,Joint,65-74,75.0,Loan originated
1,455000.0,46,465000.0,144.0,1,Hispanic or Latino,Joint,25-34,97.0,Loan originated
1,675000.0,36,705000.0,155.0,1,Asian,Joint,35-44,98.89,Loan originated
1,335000.0,37,425000.0,153.0,1,White,Joint,25-34,80.0,Loan originated
1,1095000.0,40,1375000.0,292.0,1,Black or African American,Male,35-44,80.0,Loan originated
1,455000.0,48,615000.0,93.0,1,White,Male,<25,75.0,Loan originated
1,475000.0,30%-<36%,535000.0,164.0,1,Hispanic or Latino,Male,<25,90.0,Loan originated
1,485000.0,38,505000.0,138.0,1,White,Female,35-44,96.2,Loan originated
1,685000.0,37,855000.0,541.0,1,White,Female,25-34,80.0,Loan originated
1,1135000.0,49,1205000.0,215.0,1,Asian,Male,25-34,94.33,Loan originated
1,185000.0,40,425000.0,101.0,1,White,Female,45-54,43.0,Loan originated
1,425000.0,49,535000.0,102.0,1,Asian,Joint,25-34,79.414,Loan originated
1,975000.0,20%-<30%,1225000.0,516.0,1,Hispanic or Latino,Female,45-54,80.0,Loan originated
1,625000.0,39,775000.0,336.0,1,White,Joint,45-54,80.0,Loan originated
1,965000.0,39,1205000.0,349.0,1,White,Male,35-44,80.0,Loan originated
1,425000.0,48,525000.0,98.0,1,Hispanic or Latino,Male,25-34,80.0,Loan originated
1,995000.0,42,1045000.0,328.0,1,White,Joint,35-44,95.0,Loan originated
1,1005000.0,20%-<30%,1285000.0,361.0,1,Hispanic or Latino,Joint,35-44,78.61,Loan originated
1,475000.0,36,595000.0,135.0,1,Asian,Male,25-34,80.0,Loan originated
1,395000.0,39,495000.0,185.0,1,Hispanic or Latino,Joint,45-54,80.0,Loan originated
1,375000.0,47,625000.0,121.0,1,White,Male,55-64,60.0,Loan originated
1,415000.0,20%-<30%,495000.0,146.0,1,White,Joint,25-34,85.0,Loan originated
1,465000.0,30%-<36%,575000.0,265.0,1,White,Male,35-44,80.0,Loan originated
1,375000.0,48,395000.0,118.0,1,Hispanic or Latino,Joint,55-64,95.0,Loan originated
1,665000.0,36,915000.0,240.0,1,White,Female,25-34,72.527,Loan originated
1,345000.0,20%-<30%,915000.0,161.0,1,White,Female,35-44,38.04,Loan originated
1,885000.0,20%-<30%,1105000.0,386.0,1,Asian,Joint,25-34,80.0,Loan originated
1,785000.0,39,1055000.0,229.0,1,White,Joint,35-44,75.0,Loan originated
1,765000.0,36,905000.0,228.0,1,White,Joint,25-34,86.0,Loan originated
1,535000.0,48,705000.0,127.0,1,Asian,Joint,45-54,77.0,Loan originated
1,1025000.0,20%-<30%,1365000.0,399.0,1,Asian,Joint,25-34,75.0,Loan originated
1,445000.0,41,535000.0,136.0,1,Hispanic or Latino,Joint,25-34,103.43,Loan originated
1,525000.0,30%-<36%,555000.0,170.0,1,White,Joint,45-54,95.0,Application denied
1,705000.0,46,885000.0,324.0,1,Hispanic or Latino,Female,35-44,80.0,Loan originated
1,605000.0,41,805000.0,135.0,1,Asian,Male,25-34,74.54,Loan originated
1,515000.0,47,545000.0,119.0,1,White,Female,35-44,95.0,Loan originated
1,545000.0,42,645000.0,168.0,1,White,Female,<25,85.0,Loan originated
1,685000.0,30%-<36%,865000.0,245.0,1,White,Joint,25-34,80.0,Loan originated
1,515000.0,49,645000.0,208.0,1,Asian,Joint,35-44,80.0,Loan originated
1,155000.0,20%-<30%,365000.0,60.0,1,Asian,Joint,25-34,94.548,Loan originated
1,295000.0,43,495000.0,151.0,1,Hispanic or Latino,Joint,25-34,59.596,Loan originated
1,705000.0,30%-<36%,875000.0,205.0,1,White,Male,25-34,80.0,Loan originated
1,765000.0,38,865000.0,220.0,1,White,Joint,45-54,89.07,Loan originated
1,385000.0,30%-<36%,785000.0,150.0,1,White,Female,35-44,49.04,Loan originated
1,665000.0,30%-<36%,835000.0,184.0,1,Hispanic or Latino,Male,25-34,80.0,Loan originated
1,855000.0,30%-<36%,1075000.0,297.0,1,Asian,Joint,25-34,80.0,Loan originated
1,665000.0,30%-<36%,885000.0,412.0,1,Asian,Joint,35-44,75.0,Loan originated
1,445000.0,48,565000.0,97.0,1,Asian,Joint,35-44,80.0,Loan originated
1,195000.0,46,815000.0,96.0,1,White,Joint,45-54,23.457,Loan originated
1,765000.0,49,945000.0,271.0,1,Asian,Joint,55-64,80.0,Loan originated
1,655000.0,40,815000.0,157.0,1,Asian,Female,25-34,80.0,Loan originated
1,395000.0,38,465000.0,99.0,1,White,Female,55-64,85.0,Loan originated
1,905000.0,42,1325000.0,246.0,1,White,Female,55-64,68.182,Application denied
1,435000.0,20%-<30%,615000.0,186.0,1,White,Joint,45-54,70.901,Loan originated
1,685000.0,43,765000.0,199.0,1,Asian,Joint,35-44,90.0,Loan originated
1,555000.0,45,585000.0,118.0,1,Black or African American,Male,25-34,95.0,Loan originated
1,335000.0,49,875000.0,79.0,1,White,Female,25-34,38.215,Loan originated
1,965000.0,49,1205000.0,412.0,1,White,Joint,25-34,80.0,Loan originated
1,425000.0,30%-<36%,955000.0,190.0,1,Asian,Joint,25-34,44.8,Loan originated
1,525000.0,46,655000.0,145.0,1,White,Joint,25-34,80.0,Loan originated
1,685000.0,20%-<30%,1375000.0,387.0,1,Asian,Male,55-64,50.0,Loan originated
1,645000.0,50%-60%,865000.0,132.0,1,Asian,Joint,35-44,75.0,Application denied
1,325000.0,20%-<30%,725000.0,386.0,1,Asian,Joint,<25,44.89,Loan originated
1,735000.0,46,775000.0,180.0,1,Hispanic or Latino,Joint,25-34,95.0,Loan originated
1,255000.0,48,275000.0,51.0,1,White,Joint,>74,95.0,Loan originated
1,955000.0,42,1195000.0,225.0,1,Asian,Joint,45-54,80.0,Loan originated
1,725000.0,48,965000.0,211.0,1,Asian,Joint,35-44,75.0,Loan originated
1,705000.0,30%-<36%,885000.0,225.0,1,Asian,Joint,35-44,80.0,Loan originated
1,365000.0,36,455000.0,156.0,1,Hispanic or Latino,Joint,>74,80.0,Loan originated
1,325000.0,42,465000.0,91.0,1,Asian,Joint,45-54,69.852,Loan originated
1,545000.0,48,605000.0,130.0,1,Hispanic or Latino,Female,35-44,90.0,Loan originated
1,485000.0,48,505000.0,124.0,1,Hispanic or Latino,Male,35-44,95.0,Loan originated
1,725000.0,39,1045000.0,481.0,1,White,Joint,35-44,90.0,Loan originated
1,445000.0,44,555000.0,287.0,1,White,Joint,25-34,80.0,Loan originated
1,705000.0,30%-<36%,1285000.0,280.0,1,White,Joint,25-34,54.688,Loan originated
1,685000.0,30%-<36%,725000.0,218.0,1,Asian,Female,25-34,95.0,Loan originated
1,605000.0,>60%,2005000.0,150.0,1,White,Joint,55-64,30.0,Application denied
1,925000.0,42,1155000.0,266.0,1,Hispanic or Latino,Female,35-44,80.0,Application denied
1,175000.0,<20%,675000.0,325.0,1,White,Joint,55-64,25.926,Loan originated
1,585000.0,46,885000.0,178.0,1,White,Joint,55-64,66.14,Loan originated
1,675000.0,45,705000.0,173.0,1,Hispanic or Latino,Joint,25-34,97.0,Loan originated
1,565000.0,30%-<36%,585000.0,196.0,1,Asian,Joint,55-64,97.0,Loan originated
1,275000.0,48,285000.0,63.0,1,White,Male,25-34,97.0,Loan originated
1,335000.0,20%-<30%,425000.0,111.0,1,Hispanic or Latino,Female,35-44,80.0,Loan originated
1,555000.0,46,925000.0,180.0,1,White,Joint,45-54,60.0,Loan originated
1,305000.0,47,365000.0,67.0,1,Hispanic or Latino,Female,25-34,104.0,Loan originated
1,1105000.0,20%-<30%,3705000.0,1034.0,1,Hispanic or Latino,Female,35-44,29.73,Loan originated
1,675000.0,48,745000.0,181.0,1,Asian,Female,35-44,90.0,Loan originated
1,1125000.0,47,1415000.0,273.0,1,Asian,Male,35-44,80.0,Loan originated
1,1145000.0,43,1235000.0,271.0,1,White,Joint,35-44,93.415,Loan originated
1,715000.0,48,795000.0,358.0,1,Hispanic or Latino,Joint,45-54,90.0,Loan originated
1,585000.0,43,1175000.0,150.0,1,Asian,Male,35-44,50.0,Loan originated
1,865000.0,40,1155000.0,205.0,1,White,Joint,35-44,75.0,Loan originated
1,855000.0,44,925000.0,246.0,1,White,Female,45-54,92.134,Loan originated
1,175000.0,46,185000.0,51.0,1,Hispanic or Latino,Female,25-34,100.0,Loan originated
1,685000.0,30%-<36%,895000.0,2518.0,1,White,Joint,<25,76.44,Loan originated
1,205000.0,49,315000.0,497.0,1,White,Male,35-44,64.516,Loan originated
1,175000.0,43,275000.0,44.0,1,White,Male,35-44,63.504,Loan originated
1,1145000.0,30%-<36%,1435000.0,408.0,1,Asian,Joint,35-44,80.0,Loan originated
1,185000.0,49,235000.0,49.0,1,Hispanic or Latino,Joint,45-54,80.0,Loan originated
1,605000.0,49,1435000.0,150.0,1,Hispanic or Latino,Female,55-64,42.238,Loan originated
1,1005000.0,36,1255000.0,294.0,1,White,Male,35-44,79.68,Loan originated
1,855000.0,20%-<30%,1605000.0,425.0,1,Asian,Joint,35-44,63.125,Loan originated
1,445000.0,40,745000.0,123.0,1,Asian,Male,25-34,59.94,Loan originated
1,25000.0,44,575000.0,101.0,1,Hispanic or Latino,Joint,25-34,100.0,Application denied
1,585000.0,37,605000.0,180.0,1,Hispanic or Latino,Joint,25-34,100.0,Loan originated
1,1115000.0,42,1315000.0,255.0,1,White,Female,45-54,85.0,Loan originated
1,835000.0,37,1045000.0,219.0,1,White,Female,35-44,79.999,Loan originated
1,415000.0,40,435000.0,174.0,1,Hispanic or Latino,Joint,25-34,97.0,Loan originated
1,425000.0,20%-<30%,535000.0,148.0,1,Hispanic or Latino,Female,35-44,100.0,Loan originated
1,665000.0,>60%,835000.0,97.0,1,Hispanic or Latino,Male,25-34,80.0,Application denied
1,805000.0,41,895000.0,236.0,1,Asian,Male,25-34,90.0,Loan originated
1,235000.0,20%-<30%,615000.0,125.0,1,White,Female,65-74,37.7,Loan originated
1,335000.0,20%-<30%,355000.0,175.0,1,Hispanic or Latino,Male,55-64,95.0,Loan originated
1,155000.0,30%-<36%,195000.0,110.0,1,Hispanic or Latino,Joint,35-44,80.0,Loan originated
1,765000.0,48,1075000.0,160.0,1,Asian,Male,35-44,71.46,Loan originated
1,515000.0,41,565000.0,135.0,1,White,Male,35-44,90.0,Loan originated
1,705000.0,48,745000.0,146.0,1,Hispanic or Latino,Joint,45-54,95.0,Loan originated
1,635000.0,38,845000.0,195.0,1,White,Female,45-54,75.0,Loan originated
1,1025000.0,40,1625000.0,256.0,1,White,Female,55-64,63.08,Loan originated
1,925000.0,38,1255000.0,244.0,1,White,Male,35-44,74.0,Loan originated
1,545000.0,46,565000.0,137.0,1,Hispanic or Latino,Male,25-34,100.0,Loan originated
1,845000.0,45,895000.0,260.0,1,Hispanic or Latino,Joint,25-34,95.0,Loan originated
1,725000.0,49,765000.0,144.0,1,Hispanic or Latino,Male,35-44,95.0,Loan originated
1,535000.0,45,555000.0,127.0,1,White,Male,25-34,97.0,Loan originated
1,1145000.0,38,1665000.0,280.0,1,White,Joint,35-44,69.267,Loan originated
1,665000.0,43,835000.0,137.0,1,Hispanic or Latino,Female,25-34,80.0,Loan originated
1,755000.0,45,1015000.0,296.0,1,White,Joint,35-44,85.891,Loan originated
1,765000.0,40,1805000.0,250.0,1,White,Female,35-44,42.586,Loan originated
1,465000.0,47,585000.0,102.0,1,Asian,Joint,25-34,80.0,Loan originated
1,975000.0,30%-<36%,1215000.0,341.0,1,Asian,Joint,25-34,80.0,Loan originated
1,965000.0,38,1015000.0,254.0,1,Hispanic or Latino,Male,25-34,95.0,Loan originated
1,765000.0,20%-<30%,3315000.0,509.0,1,Asian,Joint,55-64,23.159,Loan originated
1,575000.0,43,715000.0,159.0,1,Hispanic or Latino,Joint,35-44,80.0,Loan originated
1,425000.0,48,755000.0,95.0,1,Asian,Joint,35-44,56.667,Loan originated
1,725000.0,41,965000.0,200.0,1,White,Joint,35-44,75.0,Loan originated
1,595000.0,41,615000.0,150.0,1,Asian,Joint,35-44,95.412,Loan originated
1,455000.0,39,585000.0,115.0,1,Asian,Male,25-34,77.89,Loan originated
1,595000.0,43,635000.0,140.0,1,White,Male,35-44,95.0,Loan originated
1,675000.0,37,755000.0,229.0,1,White,Joint,35-44,90.0,Loan originated
1,245000.0,20%-<30%,315000.0,152.0,1,White,Male,55-64,75.62,Loan originated
1,385000.0,30%-<36%,885000.0,156.0,1,White,Joint,35-44,43.182,Loan originated
1,945000.0,50%-60%,1115000.0,197.0,1,White,Joint,35-44,85.0,Application denied
1,155000.0,30%-<36%,215000.0,56.0,1,White,Male,65-74,71.429,Loan originated
1,425000.0,45,455000.0,97.0,1,Hispanic or Latino,Joint,25-34,95.0,Loan originated
1,305000.0,37,375000.0,87.0,1,White,Female,65-74,80.0,Loan originated
1,685000.0,38,745000.0,211.0,1,Asian,Male,45-54,91.925,Loan originated
1,595000.0,49,725000.0,127.0,1,Asian,Male,35-44,83.0,Loan originated
1,385000.0,43,455000.0,133.0,1,Hispanic or Latino,Joint,35-44,85.0,Loan originated
1,765000.0,41,3305000.0,280.0,1,White,Male,35-44,32.0,Loan originated
1,645000.0,43,925000.0,143.0,1,White,Male,25-34,70.0,Loan originated
1,765000.0,40,935000.0,193.0,1,Asian,Male,45-54,81.836,Loan originated
1,565000.0,49,635000.0,109.0,1,Asian,Joint,45-54,90.0,Loan originated
1,565000.0,30%-<36%,755000.0,293.0,1,Asian,Male,35-44,75.0,Loan originated
1,535000.0,46,595000.0,131.0,1,Asian,Female,25-34,90.0,Loan originated
1,375000.0,48,425000.0,85.0,1,Asian,Joint,55-64,88.236,Loan originated
1,355000.0,49,445000.0,94.0,1,Hispanic or Latino,Female,65-74,80.0,Loan originated
1,765000.0,49,815000.0,168.0,1,White,Joint,25-34,93.73,Loan originated
1,635000.0,>60%,705000.0,108.0,1,White,Male,55-64,90.0,Application denied
1,255000.0,49,525000.0,102.0,1,Hispanic or Latino,Joint,65-74,48.077,Loan originated
1,1025000.0,49,1285000.0,236.0,1,Asian,Male,35-44,80.0,Loan originated
1,145000.0,49,735000.0,94.0,1,Hispanic or Latino,Female,55-64,19.864,Loan originated
1,205000.0,20%-<30%,935000.0,114.0,1,White,Female,25-34,21.459,Loan originated
1,205000.0,43,945000.0,79.0,1,White,Joint,>74,21.055,Loan originated
1,285000.0,43,625000.0,78.0,1,White,Male,55-64,45.425,Loan originated
1,415000.0,38,445000.0,135.0,1,Hispanic or Latino,Joint,25-34,95.0,Loan originated
1,725000.0,44,905000.0,144.0,1,White,Male,25-34,80.0,Loan originated
1,495000.0,40,615000.0,152.0,1,Asian,Joint,35-44,80.0,Loan originated
1,325000.0,47,415000.0,91.0,1,White,Female,25-34,80.0,Application denied
1,985000.0,30%-<36%,1105000.0,348.0,1,Asian,Joint,25-34,89.91,Loan originated
1,405000.0,49,435000.0,100.0,1,Hispanic or Latino,Female,25-34,95.0,Loan originated
1,735000.0,37,915000.0,186.0,1,White,Male,35-44,80.0,Loan originated
1,215000.0,37,245000.0,87.0,1,White,Female,25-34,86.56,Loan originated
1,545000.0,49,795000.0,108.0,1,Asian,Male,25-34,68.553,Loan originated
1,735000.0,42,975000.0,212.0,1,Asian,Female,45-54,75.0,Loan originated
1,1015000.0,30%-<36%,1555000.0,458.0,1,Asian,Joint,25-34,65.36,Loan originated
1,555000.0,30%-<36%,695000.0,188.0,1,Asian,Joint,25-34,80.0,Loan originated
1,735000.0,37,1045000.0,201.0,1,White,Joint,35-44,70.0,Loan originated
1,505000.0,20%-<30%,905000.0,180.0,1,White,Joint,35-44,55.556,Loan originated
1,765000.0,48,855000.0,161.0,1,Asian,Male,35-44,90.0,Loan originated
1,1115000.0,49,1175000.0,245.0,1,White,Male,45-54,95.0,Loan originated
1,655000.0,42,935000.0,202.0,1,White,Male,35-44,70.0,Loan originated
1,1085000.0,40,1555000.0,290.0,1,Asian,Male,45-54,70.0,Loan originated
1,635000.0,30%-<36%,795000.0,230.0,1,Asian,Male,55-64,80.0,Loan originated
1,745000.0,38,875000.0,503.0,1,White,Joint,55-64,85.0,Loan originated
1,445000.0,30%-<36%,565000.0,134.0,1,Hispanic or Latino,Male,25-34,80.0,Loan originated
1,375000.0,30%-<36%,465000.0,175.0,1,White,Female,25-34,80.0,Loan originated
1,755000.0,44,945000.0,233.0,1,Other,Joint,35-44,80.0,Loan originated
1,515000.0,30%-<36%,1775000.0,438.0,1,Asian,Female,45-54,28.79,Loan originated
1,925000.0,50%-60%,1155000.0,196.0,1,White,Joint,25-34,80.0,Loan originated
1,325000.0,48,345000.0,71.0,1,Asian,Joint,45-54,97.0,Loan originated
1,405000.0,39,625000.0,196.0,1,White,Female,65-74,64.8,Loan originated
1,555000.0,30%-<36%,4205000.0,498.0,1,White,Female,55-64,13.25,Loan originated
1,735000.0,36,935000.0,268.0,1,Hispanic or Latino,Male,35-44,80.0,Loan originated
1,635000.0,44,685000.0,201.0,1,Black or African American,Female,35-44,93.5,Loan originated
1,555000.0,47,695000.0,193.0,1,Asian,Male,25-34,80.0,Loan originated
1,655000.0,44,875000.0,155.0,1,Asian,Joint,35-44,74.94,Loan originated
1,1095000.0,30%-<36%,1225000.0,440.0,1,Asian,Joint,35-44,90.0,Loan originated
1,105000.0,40,425000.0,149.0,1,White,Male,35-44,23.81,Loan originated
1,125000.0,38,575000.0,58.0,1,White,Joint,65-74,21.053,Loan originated
1,25000.0,43,645000.0,179.0,1,White,Joint,35-44,100.0,Loan originated
1,555000.0,46,745000.0,246.0,1,Asian,Joint,35-44,74.94,Loan originated
1,505000.0,40,755000.0,110.0,1,Black or African American,Female,45-54,82.0,Loan originated
1,695000.0,49,865000.0,173.0,1,Hispanic or Latino,Joint,25-34,80.0,Loan originated
1,905000.0,50%-60%,955000.0,239.0,1,White,Male,35-44,95.0,Application denied
1,495000.0,49,615000.0,107.0,1,Black or African American,Female,35-44,80.0,Loan originated
1,685000.0,37,855000.0,314.0,1,Asian,Joint,35-44,80.0,Loan originated
1,455000.0,48,565000.0,120.0,1,White,Male,25-34,80.0,Loan originated
1,475000.0,20%-<30%,595000.0,188.0,1,Hispanic or Latino,Joint,45-54,80.0,Loan originated
1,1005000.0,20%-<30%,1875000.0,410.0,1,Asian,Male,35-44,53.28,Loan originated
1,305000.0,>60%,435000.0,46.0,1,White,Male,35-44,68.49,Application denied
1,755000.0,39,845000.0,219.0,1,White,Joint,45-54,90.0,Loan originated
1,275000.0,30%-<36%,405000.0,100.0,1,White,Joint,35-44,66.667,Application denied
1,515000.0,39,645000.0,247.0,1,Asian,Male,35-44,80.0,Loan originated
1,145000.0,50%-60%,165000.0,60.0,1,White,Joint,>74,90.0,Loan originated
1,1115000.0,44,1395000.0,358.0,1,White,Joint,35-44,79.96,Loan originated
1,665000.0,45,825000.0,152.0,1,Hispanic or Latino,Female,55-64,80.0,Loan originated
1,505000.0,43,535000.0,110.0,1,Black or African American,Male,45-54,94.354,Loan originated
1,765000.0,48,875000.0,190.0,1,White,Male,25-34,87.43,Loan originated
1,545000.0,<20%,845000.0,-25.0,1,Asian,Male,55-64,65.0,Application denied
1,1125000.0,48,1405000.0,234.0,1,White,Male,55-64,80.0,Application denied
1,505000.0,50%-60%,565000.0,114.0,1,Black or African American,Female,25-34,90.0,Application denied
1,465000.0,30%-<36%,485000.0,177.0,1,White,Joint,25-34,98.85,Loan originated
1,315000.0,43,375000.0,164.0,1,Black or African American,Joint,35-44,84.267,Loan originated
1,615000.0,46,655000.0,142.0,1,White,Joint,35-44,95.0,Loan originated
1,1105000.0,40,1255000.0,335.0,1,Asian,Joint,35-44,88.086,Loan originated
1,785000.0,44,985000.0,199.0,1,White,Male,45-54,80.0,Loan originated
1,325000.0,<20%,405000.0,506.0,1,Other,Male,<25,80.0,Loan originated
1,1145000.0,49,1365000.0,278.0,1,White,Joint,45-54,84.546,Loan originated
1,425000.0,20%-<30%,535000.0,157.0,1,Asian,Joint,35-44,80.0,Loan originated
1,415000.0,47,495000.0,106.0,1,White,Joint,35-44,86.0,Loan originated
1,925000.0,48,1155000.0,274.0,1,White,Joint,35-44,80.0,Loan originated
1,1145000.0,48,2125000.0,319.0,1,Asian,Joint,35-44,54.109,Loan originated
1,765000.0,<20%,965000.0,588.0,1,Hispanic or Latino,Female,25-34,80.0,Loan originated
1,525000.0,47,545000.0,121.0,1,White,Female,25-34,97.0,Loan originated
1,705000.0,44,785000.0,185.0,1,Black or African American,Female,35-44,90.0,Loan originated
1,445000.0,41,645000.0,156.0,1,Asian,Male,35-44,68.896,Loan originated
1,625000.0,44,845000.0,464.0,1,Hispanic or Latino,Male,35-44,74.881,Loan originated
1,305000.0,46,315000.0,80.0,1,White,Female,45-54,97.0,Loan originated
1,495000.0,<20%,665000.0,1712.0,1,White,Joint,45-54,75.0,Loan originated
1,725000.0,<20%,1475000.0,531.0,1,Asian,Joint,45-54,48.98,Loan originated
1,145000.0,38,785000.0,95.0,1,White,Joint,45-54,18.095,Loan originated
1,1085000.0,20%-<30%,1205000.0,496.0,1,White,Male,35-44,89.975,Loan originated
1,895000.0,43,1005000.0,233.0,1,Asian,Male,35-44,89.9,Loan originated
1,855000.0,37,1395000.0,311.0,1,Asian,Joint,35-44,60.92,Loan originated
1,565000.0,46,705000.0,153.0,1,Asian,Joint,45-54,80.0,Loan originated
1,355000.0,39,705000.0,95.0,1,Asian,Male,45-54,50.0,Loan originated
1,225000.0,30%-<36%,585000.0,88.0,1,Hispanic or Latino,Female,45-54,37.607,Application denied
1,485000.0,44,545000.0,119.0,1,Asian,Male,35-44,89.99,Loan originated
1,435000.0,>60%,465000.0,122.0,1,Hispanic or Latino,Joint,35-44,95.0,Application denied
1,195000.0,40,775000.0,74.0,1,Hispanic or Latino,Female,55-64,25.129,Loan originated
1,405000.0,30%-<36%,1535000.0,167.0,1,Asian,Male,25-34,27.0,Loan originated
1,445000.0,38,555000.0,138.0,1,White,Joint,25-34,80.0,Loan originated
1,425000.0,20%-<30%,565000.0,269.0,1,Hispanic or Latino,Male,25-34,75.0,Loan originated
1,515000.0,20%-<30%,915000.0,312.0,1,White,Joint,45-54,56.044,Loan originated
1,185000.0,20%-<30%,225000.0,186.0,1,Hispanic or Latino,Joint,35-44,80.0,Loan originated
1,235000.0,40,295000.0,88.0,1,White,Male,25-34,80.0,Loan originated
1,515000.0,49,785000.0,180.0,1,Asian,Male,45-54,65.04,Loan originated
1,785000.0,38,1055000.0,190.0,1,Asian,Male,35-44,75.0,Loan originated
1,685000.0,38,865000.0,235.0,1,White,Joint,35-44,80.0,Loan originated
1,85000.0,30%-<36%,115000.0,52.0,1,White,Male,45-54,70.51,Loan originated
1,335000.0,47,355000.0,117.0,1,Hispanic or Latino,Male,25-34,93.8,Loan originated
1,495000.0,30%-<36%,925000.0,170.0,1,White,Joint,35-44,53.514,Loan originated
1,425000.0,47,525000.0,93.0,1,White,Male,35-44,80.0,Loan originated
1,835000.0,20%-<30%,1155000.0,332.0,1,Asian,Joint,45-54,73.0,Loan originated
1,775000.0,44,815000.0,418.0,1,Asian,Female,25-34,95.0,Loan originated
1,155000.0,39,835000.0,72.0,1,Asian,Joint,55-64,18.067,Loan originated
1,315000.0,30%-<36%,395000.0,201.0,1,White,Joint,65-74,80.0,Loan originated
1,605000.0,43,865000.0,136.0,1,White,Joint,45-54,70.0,Loan originated
1,685000.0,39,855000.0,172.0,1,Asian,Joint,45-54,80.0,Loan originated
1,735000.0,49,925000.0,141.0,1,White,Male,25-34,80.0,Loan originated
1,455000.0,41,855000.0,150.0,1,Asian,Male,25-34,53.434,Loan originated
1,255000.0,49,305000.0,104.0,1,White,Joint,55-64,85.0,Loan originated
1,225000.0,47,745000.0,91.0,1,Asian,Joint,25-34,30.0,Loan originated
1,485000.0,30%-<36%,605000.0,174.0,1,Asian,Joint,25-34,80.0,Loan originated
1,375000.0,20%-<30%,505000.0,291.0,1,White,Female,55-64,75.0,Loan originated
1,625000.0,20%-<30%,835000.0,260.0,1,Asian,Male,35-44,75.0,Loan originated
1,265000.0,41,295000.0,86.0,1,White,Male,35-44,90.0,Loan originated
1,555000.0,40,1065000.0,292.0,1,Hispanic or Latino,Joint,45-54,51.834,Loan originated
1,255000.0,20%-<30%,1305000.0,195.0,1,White,Joint,55-64,20.0,Loan originated
1,625000.0,44,775000.0,228.0,1,Asian,Joint,35-44,80.0,Loan originated
1,205000.0,20%-<30%,405000.0,80.0,1,White,Female,25-34,50.0,Loan originated
1,1015000.0,47,2505000.0,259.0,1,Asian,Joint,55-64,40.42,Loan originated
1,425000.0,42,565000.0,395.0,1,White,Joint,<25,75.0,Loan originated
1,485000.0,30%-<36%,535000.0,140.0,1,Hispanic or Latino,Male,45-54,90.0,Loan originated
1,535000.0,50%-60%,545000.0,152.0,1,Hispanic or Latino,Male,45-54,100.5,Loan originated
1,145000.0,<20%,645000.0,0.0,1,Asian,Male,55-64,22.533,Application denied
1,415000.0,39,555000.0,170.0,1,White,Male,35-44,75.0,Loan originated
1,135000.0,20%-<30%,685000.0,159.0,1,White,Female,45-54,19.118,Loan originated
1,625000.0,38,975000.0,240.0,1,White,Joint,25-34,64.103,Loan originated
1,925000.0,49,1775000.0,195.0,1,Asian,Female,35-44,51.831,Loan originated
1,705000.0,37,1055000.0,216.0,1,White,Female,45-54,66.95,Loan originated
1,495000.0,46,615000.0,129.0,1,White,Male,25-34,80.0,Loan originated
1,355000.0,20%-<30%,705000.0,146.0,1,White,Joint,25-34,50.0,Loan originated
1,455000.0,47,565000.0,103.0,1,White,Male,65-74,80.0,Loan originated
1,645000.0,30%-<36%,665000.0,231.0,1,White,Joint,25-34,97.0,Loan originated
1,875000.0,49,975000.0,216.0,1,Hispanic or Latino,Female,35-44,90.0,Loan originated
1,1045000.0,43,1395000.0,360.0,1,Asian,Joint,35-44,75.0,Loan originated
1,305000.0,37,325000.0,149.0,1,Asian,Joint,35-44,95.0,Loan originated
1,435000.0,44,455000.0,234.0,1,White,Joint,25-34,95.0,Loan originated
1,225000.0,44,235000.0,120.0,1,Hispanic or Latino,Joint,<25,95.0,Application denied
1,425000.0,38,615000.0,130.0,1,White,Female,35-44,70.0,Loan originated
1,695000.0,38,815000.0,205.0,1,White,Joint,35-44,86.0,Loan originated
1,755000.0,38,1265000.0,278.0,1,Asian,Joint,35-44,60.0,Loan originated
1,595000.0,39,615000.0,211.0,1,White,Joint,25-34,97.0,Loan originated
1,365000.0,49,405000.0,67.0,1,White,Male,35-44,90.0,Loan originated
1,545000.0,42,605000.0,123.0,1,White,Joint,25-34,90.0,Loan originated
1,765000.0,41,1005000.0,247.0,1,Asian,Male,25-34,76.7,Loan originated
1,345000.0,45,435000.0,75.0,1,Hispanic or Latino,Female,35-44,80.0,Loan originated
1,115000.0,20%-<30%,225000.0,72.0,1,White,Female,>74,50.0,Loan originated
1,885000.0,40,1105000.0,255.0,1,Asian,Joint,25-34,80.0,Loan originated
1,745000.0,37,945000.0,206.0,1,Asian,Joint,25-34,78.925,Loan originated
1,485000.0,48,605000.0,188.0,1,Hispanic or Latino,Female,35-44,80.0,Loan originated
1,665000.0,42,705000.0,206.0,1,Black or African American,Male,35-44,98.0,Loan originated
1,495000.0,36,615000.0,148.0,1,White,Joint,25-34,80.0,Loan originated
1,885000.0,49,1115000.0,225.0,1,Asian,Male,25-34,80.0,Loan originated
1,735000.0,41,1105000.0,213.0,1,White,Male,25-34,69.96,Loan originated
1,875000.0,49,1505000.0,224.0,1,White,Male,25-34,59.0,Loan originated
1,245000.0,49,295000.0,54.0,1,White,Female,55-64,82.759,Loan originated
1,495000.0,50%-60%,575000.0,91.0,1,Black or African American,Joint,45-54,85.391,Loan originated
1,455000.0,42,575000.0,511.0,1,White,Joint,35-44,80.0,Loan originated
1,435000.0,37,725000.0,141.0,1,White,Male,55-64,60.554,Loan originated
1,455000.0,45,545000.0,95.0,1,Hispanic or Latino,Joint,35-44,85.0,Loan originated
1,455000.0,46,565000.0,142.0,1,Hispanic or Latino,Female,45-54,80.0,Application denied
1,475000.0,49,1055000.0,105.0,1,White,Male,25-34,44.762,Application denied
1,435000.0,30%-<36%,725000.0,234.0,1,White,Male,35-44,60.0,Loan originated
1,585000.0,47,785000.0,145.0,1,Asian,Male,35-44,75.0,Loan originated
1,685000.0,46,735000.0,171.0,1,Asian,Female,25-34,96.061,Loan originated
1,435000.0,48,485000.0,164.0,1,Black or African American,Female,25-34,90.0,Loan originated
1,675000.0,49,775000.0,150.0,1,Black or African American,Female,25-34,87.033,Loan originated
1,745000.0,47,925000.0,162.0,1,Hispanic or Latino,Male,45-54,80.0,Loan originated
1,885000.0,49,1105000.0,173.0,1,White,Male,35-44,80.0,Loan originated
1,1005000.0,48,1255000.0,218.0,1,White,Joint,35-44,80.0,Loan originated
1,955000.0,49,1365000.0,252.0,1,White,Joint,35-44,85.0,Loan originated
1,665000.0,47,785000.0,174.0,1,Other,Joint,35-44,85.0,Loan originated
1,285000.0,49,685000.0,168.0,1,White,Male,35-44,41.691,Loan originated
1,415000.0,43,515000.0,97.0,1,White,Male,25-34,80.0,Loan originated
1,535000.0,30%-<36%,625000.0,256.0,1,Black or African American,Female,25-34,85.46,Loan originated
1,965000.0,47,1395000.0,264.0,1,Asian,Male,55-64,70.0,Loan originated
1,735000.0,50%-60%,935000.0,197.0,1,Hispanic or Latino,Male,45-54,78.075,Loan originated
1,955000.0,50%-60%,985000.0,160.0,1,Hispanic or Latino,Female,45-54,97.0,Application denied
1,505000.0,43,625000.0,174.0,1,White,Joint,25-34,80.645,Loan originated
1,475000.0,20%-<30%,625000.0,236.0,1,Hispanic or Latino,Joint,25-34,75.0,Loan originated
1,405000.0,39,415000.0,124.0,1,Hispanic or Latino,Male,45-54,97.0,Loan originated
1,705000.0,30%-<36%,1305000.0,244.0,1,Asian,Female,35-44,53.64,Loan originated
1,365000.0,46,485000.0,123.0,1,White,Female,45-54,75.0,Loan originated
1,645000.0,>60%,685000.0,103.0,1,Hispanic or Latino,Male,35-44,95.0,Application denied
1,975000.0,36,1155000.0,315.0,1,White,Female,25-34,85.0,Loan originated
1,495000.0,20%-<30%,625000.0,200.0,1,Asian,Female,35-44,80.0,Loan originated
1,805000.0,36,1355000.0,239.0,1,White,Male,35-44,58.845,Loan originated
1,795000.0,20%-<30%,1225000.0,546.0,1,Asian,Male,45-54,65.0,Loan originated
1,385000.0,49,535000.0,78.0,1,Asian,Female,45-54,71.944,Loan originated
1,495000.0,30%-<36%,625000.0,145.0,1,White,Female,35-44,80.0,Loan originated
1,435000.0,50%-60%,445000.0,88.0,1,Hispanic or Latino,Joint,55-64,97.0,Loan originated
1,435000.0,30%-<36%,545000.0,224.0,1,Hispanic or Latino,Female,35-44,80.0,Loan originated
1,325000.0,41,365000.0,73.0,1,Hispanic or Latino,Female,25-34,90.0,Loan originated
1,375000.0,47,475000.0,76.0,1,White,Male,45-54,80.0,Loan originated
1,195000.0,30%-<36%,715000.0,120.0,1,White,Female,65-74,28.028,Loan originated
1,925000.0,47,1155000.0,352.0,1,White,Male,35-44,80.0,Loan originated
1,485000.0,49,605000.0,99.0,1,White,Female,35-44,79.871,Loan originated
1,205000.0,44,255000.0,60.0,1,Hispanic or Latino,Male,25-34,80.0,Loan originated
1,655000.0,44,755000.0,176.0,1,Asian,Joint,25-34,87.525,Loan originated
1,965000.0,40,1205000.0,332.0,1,White,Joint,25-34,80.0,Loan originated
1,295000.0,42,595000.0,128.0,1,Black or African American,Female,55-64,100.676,Loan originated
1,565000.0,49,595000.0,133.0,1,Asian,Female,25-34,95.0,Loan originated
1,855000.0,43,955000.0,194.0,1,Asian,Male,35-44,89.99,Loan originated
1,535000.0,47,625000.0,153.0,1,White,Male,25-34,85.0,Loan originated
1,1135000.0,49,1505000.0,280.0,1,Asian,Female,35-44,75.333,Loan originated
1,665000.0,41,765000.0,150.0,1,Hispanic or Latino,Male,35-44,86.894,Loan originated
1,755000.0,20%-<30%,885000.0,274.0,1,Hispanic or Latino,Joint,35-44,85.227,Loan originated
1,185000.0,43,195000.0,64.0,1,Asian,Male,25-34,95.0,Application denied
1,405000.0,43,1115000.0,153.0,1,White,Joint,>74,36.036,Loan originated
1,355000.0,42,435000.0,91.0,1,White,Male,35-44,81.4,Application denied
1,505000.0,30%-<36%,635000.0,177.0,1,Asian,Male,35-44,80.0,Loan originated
1,585000.0,49,655000.0,113.0,1,Hispanic or Latino,Male,35-44,90.0,Loan originated
1,745000.0,20%-<30%,1045000.0,332.0,1,Asian,Joint,25-34,71.29,Loan originated
1,595000.0,44,635000.0,139.0,1,White,Joint,25-34,92.41,Loan originated
1,225000.0,48,405000.0,47.0,1,White,Male,<25,54.321,Loan originated
1,685000.0,36,855000.0,183.0,1,Asian,Male,35-44,80.0,Loan originated
1,465000.0,44,535000.0,111.0,1,White,Female,55-64,86.79,Loan originated
1,735000.0,47,775000.0,146.0,1,Black or African American,Female,35-44,95.0,Loan originated
1,485000.0,48,885000.0,118.0,1,White,Female,>74,54.546,Loan originated
1,205000.0,49,645000.0,60.0,1,Black or African American,Female,25-34,31.433,Loan originated
1,145000.0,>60%,285000.0,2.0,1,White,Male,65-74,50.699,Application denied
1,475000.0,20%-<30%,615000.0,238.0,1,Other,Joint,35-44,77.454,Loan originated
1,695000.0,30%-<36%,735000.0,246.0,1,Hispanic or Latino,Joint,35-44,95.0,Loan originated
1,325000.0,20%-<30%,405000.0,237.0,1,Hispanic or Latino,Joint,55-64,80.0,Loan originated
1,455000.0,46,1365000.0,14.0,1,Asian,Joint,45-54,32.97,Loan originated
1,415000.0,41,435000.0,104.0,1,Hispanic or Latino,Male,35-44,100.0,Loan originated
1,35000.0,48,215000.0,116.0,1,White,Joint,55-64,14.29,Loan originated
1,565000.0,48,705000.0,143.0,1,Hispanic or Latino,Joint,25-34,80.0,Loan originated
1,1015000.0,44,1375000.0,240.0,1,Asian,Male,25-34,84.0,Loan originated
1,475000.0,44,595000.0,113.0,1,Hispanic or Latino,Male,55-64,80.0,Loan originated
1,505000.0,43,565000.0,130.0,1,White,Male,<25,90.0,Loan originated
1,525000.0,20%-<30%,535000.0,264.0,1,Hispanic or Latino,Male,25-34,97.0,Loan originated
1,345000.0,41,365000.0,97.0,1,Hispanic or Latino,Female,25-34,95.0,Loan originated
1,595000.0,41,745000.0,181.0,1,Asian,Female,35-44,80.0,Application denied
1,615000.0,30%-<36%,775000.0,387.0,1,Asian,Female,25-34,80.0,Loan originated
1,525000.0,<20%,655000.0,2660.0,1,White,Male,35-44,80.0,Loan originated
1,425000.0,49,435000.0,107.0,1,Hispanic or Latino,Female,45-54,99.419,Application denied
1,665000.0,49,825000.0,156.0,1,Other,Male,45-54,80.0,Loan originated
1,75000.0,20%-<30%,415000.0,68.0,1,White,Joint,>74,18.293,Loan originated
1,945000.0,>60%,1185000.0,131.0,1,White,Female,25-34,80.0,Application denied
1,505000.0,42,625000.0,242.0,1,Hispanic or Latino,Female,25-34,80.0,Loan originated
1,765000.0,30%-<36%,895000.0,472.0,1,White,Male,55-64,85.0,Loan originated
1,515000.0,49,575000.0,137.0,1,Hispanic or Latino,Male,25-34,90.0,Application denied
1,635000.0,20%-<30%,925000.0,284.0,1,Asian,Female,55-64,69.02,Loan originated
1,445000.0,41,895000.0,123.0,1,Hispanic or Latino,Female,65-74,49.944,Loan originated
1,475000.0,44,595000.0,131.0,1,White,Joint,25-34,80.0,Loan originated
1,395000.0,38,595000.0,181.0,1,White,Joint,35-44,66.387,Loan originated
1,655000.0,38,715000.0,165.0,1,Hispanic or Latino,Joint,35-44,95.0,Loan originated
1,735000.0,20%-<30%,975000.0,300.0,1,White,Male,25-34,75.0,Loan originated
1,685000.0,49,855000.0,143.0,1,White,Joint,45-54,80.0,Loan originated
1,765000.0,45,815000.0,250.0,1,Black or African American,Male,35-44,94.0,Loan originated
1,495000.0,40,525000.0,148.0,1,Hispanic or Latino,Male,55-64,95.0,Loan originated
1,535000.0,44,615000.0,135.0,1,Hispanic or Latino,Joint,35-44,86.885,Loan originated
1,635000.0,30%-<36%,765000.0,203.0,1,White,Joint,25-34,83.0,Loan originated
1,885000.0,48,1335000.0,232.0,1,White,Joint,35-44,66.29,Loan originated
1,755000.0,41,935000.0,215.0,1,Asian,Joint,35-44,80.0,Loan originated
1,205000.0,20%-<30%,215000.0,70.0,1,Hispanic or Latino,Female,25-34,95.0,Loan originated
1,575000.0,38,595000.0,181.0,1,White,Male,35-44,97.0,Loan originated
1,625000.0,49,785000.0,171.0,1,White,Male,35-44,80.0,Loan originated
1,585000.0,20%-<30%,825000.0,189.0,1,Hispanic or Latino,Male,65-74,70.913,Loan originated
1,475000.0,30%-<36%,535000.0,337.0,1,Asian,Joint,35-44,90.0,Loan originated
1,85000.0,30%-<36%,95000.0,62.0,1,Hispanic or Latino,Male,25-34,82.39,Application denied
1,945000.0,41,1175000.0,364.0,1,White,Male,55-64,80.0,Loan originated
1,1125000.0,20%-<30%,1415000.0,505.0,1,Asian,Joint,25-34,80.0,Loan originated
1,395000.0,47,1115000.0,129.0,1,Asian,Male,55-64,35.0,Loan originated
1,315000.0,30%-<36%,325000.0,146.0,1,Hispanic or Latino,Joint,25-34,95.0,Loan originated
1,325000.0,46,1025000.0,195.0,1,White,Male,35-44,31.7,Loan originated
1,675000.0,44,845000.0,201.0,1,Asian,Joint,25-34,80.0,Loan originated
1,355000.0,20%-<30%,445000.0,118.0,1,Hispanic or Latino,Male,25-34,80.0,Loan originated
1,405000.0,30%-<36%,1035000.0,118.0,1,Asian,Female,65-74,38.76,Loan originated
1,735000.0,46,975000.0,195.0,1,White,Joint,45-54,75.0,Loan originated
1,555000.0,41,705000.0,205.0,1,White,Joint,65-74,80.0,Loan originated
1,345000.0,49,675000.0,72.0,1,White,Female,35-44,51.111,Loan originated
1,305000.0,41,325000.0,192.0,1,Hispanic or Latino,Male,25-34,95.0,Loan originated
1,515000.0,49,555000.0,125.0,1,Hispanic or Latino,Joint,25-34,94.0,Loan originated
1,475000.0,30%-<36%,585000.0,167.0,1,White,Joint,35-44,80.0,Loan originated
1,395000.0,30%-<36%,405000.0,200.0,1,White,Joint,35-44,97.0,Loan originated
1,855000.0,49,905000.0,202.0,1,Asian,Male,35-44,95.0,Loan originated
1,265000.0,41,415000.0,68.0,1,White,Joint,65-74,64.0,Loan originated
1,115000.0,>60%,145000.0,276.0,1,White,Male,45-54,76.87,Application denied
1,755000.0,44,965000.0,194.0,1,Asian,Female,35-44,77.73,Loan originated
1,965000.0,49,1205000.0,191.0,1,Asian,Female,35-44,80.0,Loan originated
1,695000.0,49,865000.0,157.0,1,Black or African American,Female,55-64,80.0,Loan originated
1,425000.0,30%-<36%,1805000.0,217.0,1,White,Joint,55-64,23.333,Loan originated
1,735000.0,43,925000.0,268.0,1,Hispanic or Latino,Joint,45-54,80.0,Loan originated
1,685000.0,20%-<30%,855000.0,274.0,1,Hispanic or Latino,Male,45-54,80.0,Loan originated
1,665000.0,50%-60%,885000.0,210.0,1,Hispanic or Latino,Joint,<25,75.0,Loan originated
1,495000.0,20%-<30%,535000.0,165.0,1,Asian,Male,35-44,95.0,Loan originated
1,765000.0,47,975000.0,186.0,1,Asian,Male,35-44,80.0,Loan originated
1,835000.0,42,1195000.0,186.0,1,Asian,Joint,25-34,70.0,Loan originated
1,465000.0,48,485000.0,135.0,1,White,Female,25-34,95.0,Loan originated
1,705000.0,30%-<36%,1105000.0,252.0,1,White,Male,35-44,62.222,Loan originated
1,715000.0,49,945000.0,153.0,1,White,Male,25-34,74.737,Loan originated
1,935000.0,30%-<36%,1105000.0,333.0,1,White,Joint,45-54,85.0,Loan originated
1,465000.0,47,555000.0,208.0,1,White,Female,35-44,85.0,Application denied
1,675000.0,30%-<36%,1475000.0,273.0,1,White,Joint,45-54,46.0,Loan originated
1,435000.0,48,545000.0,88.0,1,Black or African American,Female,25-34,80.0,Loan originated
1,905000.0,30%-<36%,1125000.0,333.0,1,Asian,Joint,25-34,80.0,Loan originated
1,235000.0,37,685000.0,101.0,1,Asian,Female,35-44,34.28,Loan originated
1,295000.0,38,335000.0,119.0,1,Hispanic or Latino,Male,<25,90.0,Loan originated
1,245000.0,48,325000.0,62.0,1,Hispanic or Latino,Joint,25-34,75.0,Loan originated
1,1085000.0,39,1355000.0,682.0,1,White,Male,25-34,80.0,Loan originated
1,895000.0,38,1115000.0,264.0,1,Asian,Joint,35-44,80.0,Loan originated
1,455000.0,49,505000.0,122.0,1,Hispanic or Latino,Joint,35-44,90.0,Application denied
1,305000.0,50%-60%,1105000.0,75.0,1,Asian,Male,35-44,27.273,Application denied
1,675000.0,41,735000.0,250.0,1,Black or African American,Male,25-34,91.81,Loan originated
1,885000.0,39,935000.0,383.0,1,White,Joint,35-44,95.0,Loan originated
1,595000.0,38,665000.0,202.0,1,White,Joint,<25,89.739,Loan originated
1,665000.0,30%-<36%,885000.0,202.0,1,White,Male,25-34,75.0,Loan originated
1,305000.0,47,325000.0,101.0,1,Hispanic or Latino,Joint,55-64,95.0,Loan originated
1,865000.0,49,1085000.0,170.0,1,Asian,Male,25-34,80.0,Loan originated
1,365000.0,38,455000.0,99.0,1,Hispanic or Latino,Male,35-44,80.0,Loan originated
1,405000.0,41,745000.0,110.0,1,Asian,Joint,65-74,54.055,Loan originated
1,375000.0,49,415000.0,72.0,1,Hispanic or Latino,Male,25-34,92.439,Loan originated
1,955000.0,30%-<36%,1245000.0,336.0,1,Asian,Joint,35-44,76.62,Loan originated
1,605000.0,44,755000.0,156.0,1,White,Joint,65-74,80.0,Loan originated
1,175000.0,39,275000.0,64.0,1,Hispanic or Latino,Joint,>74,62.545,Loan originated
1,665000.0,40,765000.0,188.0,1,Asian,Male,45-54,86.28,Loan originated
1,535000.0,30%-<36%,595000.0,200.0,1,White,Joint,25-34,90.0,Loan originated
1,375000.0,48,395000.0,116.0,1,Hispanic or Latino,Female,<25,98.33,Loan originated
1,265000.0,37,275000.0,152.0,1,White,Joint,<25,97.0,Loan originated
1,955000.0,30%-<36%,1215000.0,273.0,1,Asian,Joint,35-44,78.519,Loan originated
1,495000.0,20%-<30%,615000.0,213.0,1,Asian,Joint,25-34,80.0,Loan originated
1,585000.0,45,885000.0,196.0,1,White,Joint,35-44,70.0,Loan originated
1,875000.0,44,2075000.0,305.0,1,White,Joint,25-34,42.169,Loan originated
1,1105000.0,30%-<36%,3425000.0,466.0,1,White,Joint,35-44,32.13,Loan originated
1,675000.0,49,715000.0,165.0,1,Hispanic or Latino,Male,25-34,95.0,Loan originated
1,715000.0,43,1025000.0,253.0,1,Hispanic or Latino,Female,45-54,80.0,Loan originated
1,465000.0,20%-<30%,585000.0,208.0,1,Hispanic or Latino,Male,25-34,80.0,Loan originated
1,445000.0,48,455000.0,96.0,1,Asian,Male,25-34,97.0,Loan originated
1,305000.0,39,655000.0,162.0,1,White,Joint,35-44,46.154,Loan originated
1,405000.0,38,445000.0,112.0,1,Hispanic or Latino,Joint,45-54,90.0,Loan originated
1,795000.0,42,995000.0,256.0,1,White,Joint,>74,79.9,Loan originated
1,335000.0,30%-<36%,655000.0,114.0,1,Asian,Female,25-34,51.47,Loan originated
1,585000.0,<20%,735000.0,141.0,1,Asian,Male,35-44,79.9,Loan originated
1,385000.0,42,435000.0,102.0,1,White,Joint,45-54,90.0,Loan originated
1,1125000.0,49,5175000.0,301.0,1,Asian,Female,55-64,21.739,Loan originated
1,395000.0,49,625000.0,93.0,1,White,Joint,45-54,88.585,Loan originated
1,1055000.0,43,1755000.0,233.0,1,Asian,Female,25-34,60.0,Loan originated
1,565000.0,37,705000.0,173.0,1,Asian,Male,35-44,80.0,Loan originated
1,425000.0,46,985000.0,127.0,1,Asian,Joint,35-44,94.68,Loan originated
1,455000.0,48,505000.0,98.0,1,Asian,Male,25-34,90.0,Loan originated
1,495000.0,<20%,1065000.0,522.0,1,White,Male,>74,46.13,Application denied
1,685000.0,41,865000.0,264.0,1,Asian,Male,25-34,79.446,Loan originated
1,645000.0,49,665000.0,159.0,1,Hispanic or Latino,Joint,25-34,97.0,Loan originated
1,725000.0,30%-<36%,1225000.0,314.0,1,White,Female,45-54,71.429,Loan originated
1,1005000.0,41,1295000.0,355.0,1,White,Joint,35-44,76.99,Loan originated
1,765000.0,30%-<36%,1405000.0,264.0,1,Hispanic or Latino,Female,55-64,54.56,Loan originated
1,285000.0,44,295000.0,100.0,1,Black or African American,Female,55-64,95.0,Loan originated
1,735000.0,45,775000.0,176.0,1,Hispanic or Latino,Male,45-54,95.0,Loan originated
1,315000.0,20%-<30%,395000.0,130.0,1,Hispanic or Latino,Male,35-44,80.0,Loan originated
1,605000.0,20%-<30%,805000.0,236.0,1,White,Joint,35-44,75.0,Loan originated
1,135000.0,43,155000.0,86.0,1,Hispanic or Latino,Joint,45-54,90.0,Loan originated
1,1025000.0,30%-<36%,1465000.0,366.0,1,Asian,Joint,45-54,69.94,Loan originated
1,825000.0,43,925000.0,186.0,1,Asian,Joint,25-34,90.0,Loan originated
1,705000.0,47,3005000.0,204.0,1,Asian,Male,55-64,23.333,Loan originated
1,345000.0,41,635000.0,91.0,1,Asian,Joint,35-44,55.0,Loan originated
1,605000.0,49,675000.0,174.0,1,Asian,Joint,35-44,90.0,Loan originated
1,1005000.0,49,1685000.0,198.0,1,Asian,Male,35-44,60.0,Loan originated
1,585000.0,36,725000.0,199.0,1,Hispanic or Latino,Joint,55-64,80.0,Loan originated
1,595000.0,44,655000.0,173.0,1,White,Joint,35-44,90.0,Loan originated
1,455000.0,30%-<36%,475000.0,166.0,1,White,Joint,25-34,95.0,Loan originated
1,755000.0,48,1305000.0,160.0,1,White,Male,45-54,57.692,Loan originated
1,185000.0,49,595000.0,52.0,1,Asian,Joint,45-54,30.5042,Loan originated
1,705000.0,30%-<36%,905000.0,489.0,1,White,Joint,65-74,77.78,Loan originated
1,575000.0,43,615000.0,172.0,1,Hispanic or Latino,Joint,25-34,95.0,Loan originated
1,565000.0,47,705000.0,378.0,1,Asian,Male,<25,80.0,Loan originated
1,575000.0,43,725000.0,136.0,1,Asian,Male,25-34,80.0,Loan originated
1,425000.0,30%-<36%,475000.0,135.0,1,White,Female,35-44,90.0,Loan originated
1,175000.0,30%-<36%,645000.0,94.0,1,White,Female,35-44,27.78,Loan originated
1,305000.0,50%-60%,325000.0,193.0,1,White,Female,55-64,95.0,Application denied
1,1105000.0,47,1225000.0,252.0,1,White,Female,35-44,89.999,Loan originated
1,105000.0,>60%,115000.0,36.0,1,Hispanic or Latino,Male,25-34,93.91,Application denied
1,245000.0,20%-<30%,305000.0,192.0,1,Asian,Male,35-44,80.6,Application denied
1,305000.0,37,1155000.0,132.0,1,Asian,Female,25-34,26.087,Loan originated
1,765000.0,46,965000.0,197.0,1,Black or African American,Female,45-54,80.0,Loan originated
1,805000.0,42,1255000.0,207.0,1,Asian,Female,35-44,64.0,Loan originated
1,715000.0,36,895000.0,245.0,1,White,Male,35-44,90.0,Loan originated
1,265000.0,40,365000.0,224.0,1,White,Joint,55-64,73.17,Application denied
1,475000.0,44,675000.0,260.0,1,Hispanic or Latino,Male,65-74,70.0,Loan originated
1,415000.0,41,515000.0,98.0,1,White,Male,25-34,80.0,Loan originated
1,1125000.0,48,1405000.0,264.0,1,Black or African American,Joint,35-44,80.0,Loan originated
1,575000.0,36,605000.0,171.0,1,White,Male,35-44,95.0,Loan originated
1,325000.0,47,665000.0,80.0,1,White,Female,25-34,49.094,Loan originated
1,645000.0,30%-<36%,805000.0,188.0,1,White,Joint,25-34,80.0,Loan originated
1,1005000.0,>60%,5925000.0,260.0,1,White,Joint,35-44,16.875,Application denied
1,415000.0,38,555000.0,144.0,1,White,Female,45-54,75.0,Loan originated
1,1135000.0,41,1435000.0,272.0,1,Asian,Joint,25-34,79.02,Application denied
1,235000.0,49,325000.0,46.0,1,Hispanic or Latino,Female,25-34,72.0,Loan originated
1,485000.0,49,585000.0,91.0,1,Hispanic or Latino,Male,<25,102.948,Loan originated
1,375000.0,41,475000.0,118.0,1,White,Joint,25-34,80.0,Loan originated
1,535000.0,44,565000.0,120.0,1,Hispanic or Latino,Male,35-44,95.0,Loan originated
1,585000.0,37,735000.0,249.0,1,White,Joint,45-54,80.0,Loan originated
1,975000.0,45,1305000.0,237.0,1,Asian,Female,25-34,75.0,Loan originated
1,395000.0,44,685000.0,113.0,1,Asian,Female,25-34,57.66,Loan originated
1,1025000.0,49,1195000.0,210.0,1,White,Joint,35-44,86.0,Loan originated
1,955000.0,30%-<36%,1005000.0,295.0,1,Hispanic or Latino,Joint,25-34,95.0,Loan originated
1,765000.0,47,975000.0,178.0,1,White,Joint,25-34,78.969,Loan originated
1,425000.0,41,1275000.0,120.0,1,Asian,Female,25-34,33.465,Loan originated
1,665000.0,46,835000.0,134.0,1,Asian,Joint,55-64,80.0,Loan originated
1,885000.0,30%-<36%,1985000.0,338.0,1,Asian,Joint,25-34,44.377,Loan originated
1,515000.0,48,955000.0,135.0,1,White,Male,35-44,53.927,Loan originated
1,645000.0,49,1005000.0,133.0,1,White,Female,55-64,64.0,Loan originated
1,325000.0,40,335000.0,97.0,1,Hispanic or Latino,Female,55-64,97.0,Loan originated
1,535000.0,50%-60%,675000.0,137.0,1,Asian,Female,35-44,79.995,Application denied
1,755000.0,30%-<36%,835000.0,303.0,1,White,Male,45-54,90.0,Loan originated
1,415000.0,43,525000.0,126.0,1,Asian,Male,35-44,80.0,Loan originated
1,235000.0,42,245000.0,88.0,1,Hispanic or Latino,Male,35-44,100.4,Loan originated
1,575000.0,>60%,605000.0,49.0,1,White,Joint,45-54,95.0,Application denied
1,655000.0,47,925000.0,131.0,1,White,Joint,35-44,70.97,Loan originated
1,405000.0,<20%,685000.0,0.0,1,White,Joint,25-34,60.0,Application denied
1,965000.0,42,1605000.0,237.0,1,Asian,Joint,25-34,60.0,Loan originated
1,1075000.0,41,1615000.0,290.0,1,Asian,Joint,35-44,66.65,Loan originated
1,195000.0,43,225000.0,107.0,1,Hispanic or Latino,Male,25-34,87.29,Loan originated
1,1055000.0,49,1315000.0,204.0,1,Asian,Joint,35-44,79.99,Loan originated
1,595000.0,30%-<36%,745000.0,198.0,1,Hispanic or Latino,Joint,25-34,80.0,Loan originated
1,745000.0,<20%,925000.0,2739.0,1,Asian,Joint,35-44,80.0,Loan originated
1,415000.0,49,435000.0,212.0,1,Hispanic or Latino,Joint,35-44,95.0,Loan originated
1,825000.0,42,1025000.0,240.0,1,White,Joint,45-54,80.0,Loan originated
1,15000.0,46,525000.0,108.0,1,Hispanic or Latino,Female,25-34,100.0,Loan originated
1,245000.0,43,425000.0,55.0,1,Hispanic or Latino,Female,65-74,57.647,Loan originated
1,745000.0,49,925000.0,146.0,1,Hispanic or Latino,Joint,25-34,80.0,Loan originated
1,465000.0,45,485000.0,122.0,1,White,Male,25-34,95.0,Loan originated
1,125000.0,>60%,125000.0,48.0,1,White,Male,<25,95.0,Application denied
1,535000.0,43,595000.0,152.0,1,White,Joint,>74,89.831,Loan originated
1,615000.0,48,905000.0,148.0,1,Asian,Female,35-44,67.403,Loan originated
1,275000.0,41,345000.0,76.0,1,Black or African American,Joint,55-64,80.0,Loan originated
1,295000.0,20%-<30%,375000.0,134.0,1,White,Male,25-34,80.0,Loan originated
1,675000.0,30%-<36%,755000.0,221.0,1,Asian,Joint,35-44,90.0,Loan originated
1,845000.0,20%-<30%,1055000.0,400.0,1,Asian,Joint,25-34,80.0,Loan originated
1,1085000.0,49,1205000.0,297.0,1,White,Female,25-34,90.0,Loan originated
1,545000.0,44,575000.0,165.0,1,Hispanic or Latino,Male,25-34,95.0,Loan originated
1,655000.0,47,725000.0,167.0,1,White,Joint,65-74,90.0,Loan originated
1,975000.0,41,1215000.0,267.0,1,Asian,Male,35-44,79.65,Loan originated
1,365000.0,45,455000.0,111.0,1,White,Female,45-54,80.0,Loan originated
1,455000.0,30%-<36%,605000.0,335.0,1,White,Male,55-64,75.0,Loan originated
1,475000.0,36,875000.0,214.0,1,Asian,Joint,25-34,54.057,Loan originated
1,325000.0,30%-<36%,335000.0,98.0,1,Hispanic or Latino,Joint,35-44,97.0,Loan originated
1,375000.0,49,525000.0,78.0,1,Asian,Male,65-74,72.0,Loan originated
1,195000.0,30%-<36%,525000.0,80.0,1,White,Joint,65-74,37.285,Loan originated
1,735000.0,50%-60%,775000.0,197.0,1,Hispanic or Latino,Joint,45-54,95.0,Application denied
1,745000.0,38,825000.0,176.0,1,White,Joint,25-34,90.0,Loan originated
1,365000.0,43,385000.0,83.0,1,Hispanic or Latino,Female,35-44,97.0,Loan originated
1,425000.0,48,525000.0,142.0,1,Hispanic or Latino,Male,25-34,80.0,Loan originated
1,605000.0,45,675000.0,137.0,1,Asian,Male,35-44,89.99,Loan originated
1,725000.0,45,765000.0,179.0,1,Asian,Joint,25-34,95.0,Loan originated
1,295000.0,20%-<30%,375000.0,113.0,1,Hispanic or Latino,Male,35-44,80.0,Loan originated
1,745000.0,44,825000.0,205.0,1,Asian,Joint,25-34,89.98,Loan originated
1,525000.0,47,555000.0,252.0,1,Hispanic or Latino,Male,45-54,95.0,Loan originated
1,545000.0,>60%,585000.0,63.0,1,Asian,Joint,35-44,93.161,Application denied
1,335000.0,42,255000.0,160.0,1,Asian,Female,45-54,135.412,Application denied
1,465000.0,49,555000.0,119.0,1,White,Male,45-54,84.545,Loan originated
1,805000.0,48,1075000.0,200.0,1,Asian,Joint,35-44,75.0,Loan originated
1,315000.0,40,625000.0,105.0,1,Other,Female,35-44,97.0,Loan originated
1,815000.0,38,1365000.0,236.0,1,White,Joint,35-44,60.0,Loan originated
1,265000.0,49,755000.0,84.0,1,Asian,Male,25-34,38.208,Loan originated
1,75000.0,20%-<30%,75000.0,85.0,1,White,Joint,55-64,94.97,Loan originated
1,875000.0,47,1385000.0,220.0,1,Asian,Male,45-54,63.466,Loan originated
1,645000.0,48,805000.0,156.0,1,Asian,Joint,65-74,80.0,Loan originated
1,445000.0,20%-<30%,675000.0,271.0,1,White,Joint,55-64,65.672,Loan originated
1,195000.0,39,395000.0,76.0,1,White,Joint,>74,49.875,Loan originated
1,325000.0,20%-<30%,405000.0,175.0,1,Hispanic or Latino,Joint,55-64,80.0,Loan originated
1,825000.0,36,1035000.0,248.0,1,White,Male,45-54,80.0,Loan originated
1,575000.0,48,725000.0,262.0,1,White,Male,45-54,80.0,Loan originated
1,805000.0,20%-<30%,1155000.0,420.0,1,Asian,Male,35-44,70.0,Loan originated
1,365000.0,49,435000.0,70.0,1,Hispanic or Latino,Male,25-34,85.0,Application denied
1,465000.0,44,755000.0,115.0,1,Asian,Female,35-44,61.493,Loan originated
1,975000.0,41,1305000.0,585.0,1,White,Female,35-44,75.0,Loan originated
1,105000.0,30%-<36%,405000.0,81.0,1,White,Female,55-64,27.0,Loan originated
1,765000.0,43,985000.0,267.0,1,White,Male,35-44,77.167,Loan originated
1,605000.0,47,885000.0,153.0,1,Asian,Male,55-64,67.795,Loan originated
1,505000.0,<20%,1195000.0,438.0,1,Asian,Joint,25-34,42.0,Loan originated
1,435000.0,30%-<36%,655000.0,136.0,1,White,Female,35-44,65.554,Loan originated
1,475000.0,41,555000.0,232.0,1,White,Male,55-64,85.766,Loan originated
1,125000.0,20%-<30%,135000.0,241.0,1,White,Joint,45-54,95.0,Loan originated
1,745000.0,45,825000.0,508.0,1,White,Male,35-44,90.0,Loan originated
1,765000.0,48,885000.0,162.0,1,White,Joint,35-44,86.441,Loan originated
1,575000.0,49,605000.0,130.0,1,White,Female,>74,95.0,Loan originated
1,385000.0,36,425000.0,114.0,1,White,Joint,35-44,90.0,Loan originated
1,415000.0,39,455000.0,100.0,1,White,Male,25-34,90.0,Loan originated
1,475000.0,30%-<36%,635000.0,162.0,1,White,Male,>74,74.999,Loan originated
1,535000.0,>60%,565000.0,113.0,1,Hispanic or Latino,Joint,25-34,95.0,Application denied
1,375000.0,43,615000.0,102.0,1,White,Male,25-34,60.0,Loan originated
1,415000.0,45,515000.0,246.0,1,White,Joint,35-44,80.0,Loan originated
1,545000.0,46,565000.0,115.0,1,Asian,Female,<25,96.429,Loan originated
1,475000.0,48,675000.0,171.0,1,White,Female,45-54,70.0,Loan originated
1,475000.0,49,535000.0,122.0,1,White,Female,35-44,90.0,Loan originated
1,235000.0,46,765000.0,188.0,1,Asian,Female,65-74,30.065,Loan originated
1,665000.0,48,885000.0,171.0,1,White,Joint,35-44,75.0,Loan originated
1,675000.0,49,715000.0,132.0,1,Hispanic or Latino,Female,45-54,95.0,Loan originated
1,705000.0,38,745000.0,185.0,1,White,Female,35-44,95.0,Loan originated
1,105000.0,36,585000.0,58.0,1,Asian,Joint,55-64,18.0,Loan originated
1,755000.0,44,1005000.0,171.0,1,Asian,Male,35-44,75.0,Loan originated
1,715000.0,41,895000.0,315.0,1,Asian,Female,45-54,80.0,Loan originated
1,835000.0,48,1585000.0,275.0,1,White,Joint,45-54,52.809,Loan originated
1,435000.0,30%-<36%,465000.0,131.0,1,White,Male,35-44,95.0,Loan originated
1,605000.0,30%-<36%,755000.0,224.0,1,White,Joint,25-34,80.0,Loan originated
1,495000.0,20%-<30%,705000.0,254.0,1,Asian,Joint,25-34,69.929,Loan originated
1,425000.0,45,535000.0,88.0,1,Black or African American,Female,55-64,80.0,Loan originated
1,285000.0,42,335000.0,361.0,1,Asian,Joint,35-44,95.0,Loan originated
1,95000.0,43,115000.0,71.0,1,Hispanic or Latino,Joint,55-64,82.61,Application denied
1,485000.0,20%-<30%,695000.0,245.0,1,Hispanic or Latino,Joint,35-44,70.0,Loan originated
1,365000.0,45,405000.0,81.0,1,Hispanic or Latino,Female,35-44,90.0,Loan originated
1,315000.0,20%-<30%,915000.0,157.0,1,White,Joint,45-54,34.27,Loan originated
1,545000.0,30%-<36%,685000.0,174.0,1,White,Joint,25-34,80.0,Loan originated
1,745000.0,30%-<36%,855000.0,283.0,1,Hispanic or Latino,Joint,45-54,88.141,Loan originated
1,425000.0,30%-<36%,535000.0,128.0,1,Asian,Female,35-44,80.0,Loan originated
1,1005000.0,39,2535000.0,406.0,1,Asian,Female,45-54,39.526,Loan originated
1,185000.0,>60%,185000.0,56.0,1,Hispanic or Latino,Male,25-34,95.0,Application denied
1,455000.0,30%-<36%,545000.0,161.0,1,White,Joint,35-44,85.0,Loan originated
1,195000.0,50%-60%,275000.0,72.0,1,Hispanic or Latino,Male,<25,71.22,Application denied
1,65000.0,44,75000.0,54.0,1,Black or African American,Female,65-74,90.0,Application denied
1,565000.0,36,595000.0,202.0,1,Hispanic or Latino,Joint,25-34,95.0,Loan originated
1,465000.0,47,525000.0,115.0,1,White,Female,25-34,90.0,Loan originated
1,605000.0,44,615000.0,166.0,1,Other,Female,35-44,97.886,Loan originated
1,1135000.0,>60%,1615000.0,46.0,1,Asian,Male,45-54,70.0,Application denied
1,485000.0,47,545000.0,104.0,1,White,Female,25-34,90.0,Loan originated
1,885000.0,46,935000.0,188.0,1,White,Male,25-34,95.0,Loan originated
1,375000.0,30%-<36%,725000.0,288.0,1,Hispanic or Latino,Joint,65-74,52.083,Loan originated
1,175000.0,50%-60%,185000.0,86.0,1,Hispanic or Latino,Female,25-34,95.0,Application denied
1,825000.0,49,1035000.0,195.0,1,Hispanic or Latino,Joint,35-44,80.0,Loan originated
1,315000.0,47,325000.0,71.0,1,Hispanic or Latino,Male,25-34,97.0,Loan originated
1,965000.0,30%-<36%,1075000.0,469.0,1,White,Joint,25-34,90.0,Loan originated
1,335000.0,43,445000.0,73.0,1,Asian,Joint,45-54,95.0,Loan originated
1,565000.0,37,595000.0,324.0,1,White,Joint,55-64,95.0,Loan originated
1,595000.0,44,625000.0,247.0,1,White,Joint,55-64,94.994,Loan originated
1,225000.0,20%-<30%,545000.0,136.0,1,White,Joint,55-64,40.367,Loan originated
1,615000.0,39,655000.0,199.0,1,White,Joint,45-54,95.0,Loan originated
1,395000.0,30%-<36%,625000.0,187.0,1,Black or African American,Joint,45-54,63.486,Loan originated
1,1035000.0,42,1295000.0,277.0,1,Asian,Male,35-44,80.19,Application denied
1,385000.0,39,405000.0,129.0,1,Hispanic or Latino,Joint,25-34,97.0,Loan originated
1,765000.0,41,885000.0,167.0,1,Asian,Male,25-34,86.0,Loan originated
1,465000.0,46,625000.0,141.0,1,Hispanic or Latino,Joint,45-54,95.0,Loan originated
1,495000.0,47,865000.0,127.0,1,Asian,Male,35-44,56.79,Loan originated
1,255000.0,46,325000.0,70.0,1,White,Male,45-54,80.0,Loan originated
1,285000.0,43,845000.0,77.0,1,White,Male,35-44,33.333,Loan originated
1,555000.0,36,585000.0,188.0,1,White,Joint,35-44,95.0,Loan originated
1,665000.0,46,695000.0,235.0,1,Hispanic or Latino,Joint,45-54,95.0,Loan originated
1,195000.0,30%-<36%,345000.0,64.0,1,White,Female,45-54,55.88,Loan originated
1,555000.0,47,735000.0,144.0,1,Asian,Female,25-34,75.0,Loan originated
1,455000.0,48,765000.0,136.0,1,White,Joint,55-64,59.687,Loan originated
1,245000.0,43,1225000.0,125.0,1,White,Joint,25-34,20.387,Loan originated
1,245000.0,30%-<36%,305000.0,162.0,1,Asian,Female,45-54,80.0,Loan originated
1,495000.0,42,695000.0,218.0,1,Asian,Male,45-54,71.231,Loan originated
1,15000.0,50%-60%,405000.0,123.0,1,Hispanic or Latino,Joint,45-54,100.0,Loan originated
1,255000.0,20%-<30%,405000.0,129.0,1,Asian,Female,45-54,63.41,Loan originated
1,435000.0,30%-<36%,465000.0,130.0,1,White,Female,45-54,92.5,Loan originated
1,645000.0,47,685000.0,171.0,1,Hispanic or Latino,Joint,45-54,95.0,Loan originated
1,745000.0,41,785000.0,177.0,1,Hispanic or Latino,Male,25-34,95.0,Loan originated
1,325000.0,43,405000.0,83.0,1,Hispanic or Latino,Female,<25,100.0,Loan originated
1,175000.0,41,385000.0,56.0,1,Hispanic or Latino,Male,35-44,91.351,Loan originated
1,435000.0,30%-<36%,545000.0,319.0,1,White,Joint,45-54,80.0,Loan originated
1,875000.0,37,1245000.0,228.0,1,Asian,Male,35-44,70.0,Loan originated
1,585000.0,39,785000.0,135.0,1,Hispanic or Latino,Male,45-54,73.885,Loan originated
1,765000.0,49,1005000.0,213.0,1,Asian,Joint,35-44,75.96,Loan originated
1,665000.0,43,1015000.0,156.0,1,White,Joint,25-34,65.542,Loan originated
1,755000.0,39,1095000.0,201.0,1,White,Joint,35-44,77.523,Loan originated
1,935000.0,48,985000.0,279.0,1,Hispanic or Latino,Male,45-54,95.0,Loan originated
1,915000.0,47,1225000.0,248.0,1,Asian,Joint,25-34,75.0,Loan originated
1,605000.0,48,745000.0,110.0,1,Hispanic or Latino,Male,45-54,81.081,Loan originated
1,525000.0,38,665000.0,174.0,1,White,Male,25-34,80.0,Loan originated
1,1145000.0,46,1705000.0,303.0,1,White,Joint,55-64,67.637,Loan originated
1,845000.0,42,1055000.0,330.0,1,White,Joint,35-44,80.0,Loan originated
1,175000.0,48,355000.0,164.0,1,White,Joint,35-44,49.435,Loan originated
1,485000.0,44,645000.0,113.0,1,Hispanic or Latino,Male,25-34,75.0,Loan originated
1,855000.0,30%-<36%,1665000.0,587.0,1,White,Male,35-44,51.205,Loan originated
1,635000.0,49,835000.0,122.0,1,White,Joint,55-64,95.0,Loan originated
1,315000.0,44,325000.0,78.0,1,Hispanic or Latino,Joint,45-54,97.0,Loan originated
1,455000.0,41,475000.0,166.0,1,Hispanic or Latino,Female,35-44,95.0,Loan originated
1,395000.0,36,575000.0,143.0,1,White,Joint,35-44,67.789,Loan originated
1,515000.0,20%-<30%,645000.0,465.0,1,Asian,Joint,35-44,80.0,Loan originated
1,465000.0,42,585000.0,125.0,1,White,Male,25-34,80.0,Application denied
1,705000.0,49,745000.0,178.0,1,Hispanic or Latino,Female,45-54,95.0,Loan originated
1,225000.0,41,235000.0,48.0,1,Black or African American,Female,25-34,97.0,Loan originated
1,565000.0,20%-<30%,705000.0,290.0,1,White,Joint,25-34,80.0,Loan originated
1,305000.0,20%-<30%,595000.0,141.0,1,White,Male,55-64,50.463,Loan originated
1,315000.0,48,575000.0,72.0,1,Asian,Female,35-44,55.0,Loan originated
1,755000.0,48,1405000.0,217.0,1,White,Male,45-54,53.571,Loan originated
1,745000.0,20%-<30%,785000.0,316.0,1,Asian,Joint,25-34,95.0,Loan originated
1,125000.0,38,625000.0,98.0,1,White,Male,65-74,20.0,Loan originated
1,415000.0,49,525000.0,76.0,1,Asian,Male,45-54,80.0,Loan originated
1,885000.0,37,1045000.0,251.0,1,White,Female,35-44,85.0,Loan originated
1,385000.0,48,405000.0,93.0,1,Hispanic or Latino,Female,35-44,95.0,Loan originated
1,405000.0,41,425000.0,162.0,1,Asian,Female,45-54,95.0,Loan originated
1,655000.0,49,825000.0,135.0,1,Asian,Joint,35-44,80.0,Loan originated
1,315000.0,41,365000.0,78.0,1,White,Male,25-34,85.0,Loan originated
1,385000.0,41,415000.0,101.0,1,Hispanic or Latino,Female,25-34,93.902,Loan originated
1,665000.0,49,835000.0,211.0,1,White,Joint,25-34,80.0,Loan originated
1,865000.0,43,915000.0,242.0,1,White,Female,35-44,95.0,Loan originated
1,515000.0,45,545000.0,138.0,1,Asian,Joint,35-44,95.0,Loan originated
1,955000.0,49,2055000.0,230.0,1,White,Joint,65-74,46.35,Loan originated
1,925000.0,39,1725000.0,237.0,1,White,Male,65-74,53.623,Loan originated
1,955000.0,45,1015000.0,366.0,1,White,Joint,25-34,95.0,Loan originated
1,585000.0,39,775000.0,160.0,1,Asian,Joint,35-44,75.0,Loan originated
1,235000.0,39,265000.0,140.0,1,Hispanic or Latino,Male,35-44,90.0,Loan originated
1,765000.0,49,1305000.0,200.0,1,White,Joint,35-44,58.965,Loan originated
1,655000.0,45,735000.0,180.0,1,Asian,Male,35-44,90.0,Loan originated
1,485000.0,48,505000.0,143.0,1,Black or African American,Joint,25-34,97.0,Loan originated
1,455000.0,38,565000.0,126.0,1,White,Joint,25-34,80.0,Loan originated
1,625000.0,47,785000.0,129.0,1,Hispanic or Latino,Joint,25-34,80.0,Loan originated
1,465000.0,45,475000.0,124.0,1,Hispanic or Latino,Male,25-34,99.064,Application denied
1,485000.0,20%-<30%,1185000.0,211.0,1,Hispanic or Latino,Female,25-34,40.68,Loan originated
1,455000.0,46,595000.0,130.0,1,Asian,Joint,55-64,76.0,Loan originated
1,345000.0,46,365000.0,96.0,1,Hispanic or Latino,Male,25-34,97.0,Loan originated
1,555000.0,30%-<36%,745000.0,182.0,1,White,Female,35-44,75.0,Loan originated
1,345000.0,39,365000.0,138.0,1,Hispanic or Latino,Female,45-54,95.0,Loan originated
1,225000.0,20%-<30%,275000.0,101.0,1,White,Male,25-34,80.0,Loan originated
1,1005000.0,20%-<30%,2205000.0,441.0,1,White,Joint,25-34,45.455,Loan originated
1,885000.0,47,1105000.0,235.0,1,Hispanic or Latino,Female,25-34,80.0,Loan originated
1,465000.0,30%-<36%,675000.0,131.0,1,Asian,Male,35-44,70.0,Loan originated
1,755000.0,49,885000.0,140.0,1,Hispanic or Latino,Male,25-34,85.0,Loan originated
1,565000.0,48,705000.0,118.0,1,Asian,Joint,25-34,100.0,Loan originated
1,675000.0,49,995000.0,140.0,1,White,Male,25-34,67.337,Loan originated
1,425000.0,40,905000.0,117.0,1,Asian,Female,35-44,47.12,Loan originated
1,845000.0,36,1415000.0,302.0,1,Asian,Joint,45-54,59.68,Loan originated
1,395000.0,43,465000.0,84.0,1,White,Male,<25,105.0,Loan originated
1,955000.0,38,1195000.0,375.0,1,Asian,Joint,65-74,80.0,Application denied
1,915000.0,41,1305000.0,230.0,1,White,Male,25-34,70.0,Application denied
1,735000.0,20%-<30%,815000.0,422.0,1,Asian,Joint,25-34,89.99,Loan originated
1,305000.0,40,435000.0,104.0,1,Black or African American,Female,25-34,100.0,Application denied
1,555000.0,30%-<36%,1355000.0,352.0,1,Asian,Male,35-44,40.0,Loan originated
1,405000.0,39,425000.0,105.0,1,White,Female,25-34,98.0,Loan originated
1,545000.0,37,685000.0,290.0,1,Asian,Male,45-54,80.0,Loan originated
1,415000.0,44,445000.0,178.0,1,Hispanic or Latino,Joint,<25,95.0,Loan originated
1,485000.0,49,695000.0,100.0,1,White,Joint,35-44,69.855,Loan originated
1,405000.0,49,555000.0,80.0,1,White,Male,55-64,72.727,Loan originated
1,425000.0,40,425000.0,130.0,1,White,Female,25-34,100.0,Application denied
1,385000.0,42,395000.0,139.0,1,White,Female,65-74,100.395,Loan originated
1,325000.0,20%-<30%,445000.0,134.0,1,White,Male,25-34,74.5,Loan originated
1,425000.0,30%-<36%,535000.0,332.0,1,Asian,Male,35-44,80.0,Loan originated
1,675000.0,39,975000.0,208.0,1,Asian,Female,25-34,70.0,Loan originated
1,475000.0,45,525000.0,108.0,1,Asian,Joint,45-54,90.0,Loan originated
1,405000.0,20%-<30%,1375000.0,248.0,1,White,Joint,55-64,29.16,Loan originated
1,555000.0,43,695000.0,139.0,1,Hispanic or Latino,Joint,25-34,100.0,Loan originated
1,765000.0,30%-<36%,855000.0,303.0,1,White,Male,35-44,90.0,Loan originated
1,695000.0,41,865000.0,185.0,1,White,Joint,35-44,80.0,Loan originated
1,635000.0,<20%,705000.0,739.0,1,White,Joint,25-34,90.0,Loan originated
1,285000.0,38,385000.0,210.0,1,White,Male,45-54,75.0,Loan originated
1,435000.0,46,535000.0,173.0,1,White,Joint,55-64,80.0,Loan originated
1,345000.0,48,365000.0,72.0,1,Asian,Male,25-34,95.0,Loan originated
1,355000.0,30%-<36%,455000.0,154.0,1,Hispanic or Latino,Female,45-54,77.778,Loan originated
1,485000.0,20%-<30%,1065000.0,269.0,1,White,Joint,25-34,45.85,Loan originated
1,655000.0,46,695000.0,147.0,1,Hispanic or Latino,Joint,35-44,95.0,Loan originated
1,515000.0,>60%,1165000.0,99.0,1,White,Joint,55-64,43.966,Loan originated
1,365000.0,48,405000.0,174.0,1,Hispanic or Latino,Joint,35-44,91.43,Loan originated
1,385000.0,50%-60%,695000.0,81.0,1,White,Male,55-64,55.798,Loan originated
1,745000.0,44,825000.0,202.0,1,White,Male,25-34,90.0,Loan originated
1,365000.0,40,495000.0,86.0,1,Asian,Male,25-34,75.0,Loan originated
1,1005000.0,<20%,1255000.0,693.0,1,White,Female,55-64,80.0,Application denied
1,725000.0,36,905000.0,234.0,1,White,Joint,35-44,80.0,Loan originated
1,465000.0,30%-<36%,575000.0,180.0,1,White,Joint,45-54,80.0,Loan originated
1,155000.0,<20%,695000.0,217.0,1,White,Male,65-74,21.739,Loan originated
1,1075000.0,45,1195000.0,220.0,1,Asian,Joint,45-54,90.0,Loan originated
1,795000.0,47,995000.0,215.0,1,White,Joint,45-54,80.0,Loan originated
1,255000.0,42,295000.0,168.0,1,White,Female,65-74,83.91,Loan originated
1,535000.0,45,625000.0,151.0,1,White,Joint,35-44,85.0,Loan originated
1,365000.0,49,455000.0,82.0,1,White,Female,25-34,80.0,Loan originated
1,285000.0,30%-<36%,305000.0,109.0,1,White,Joint,25-34,92.098,Loan originated
1,835000.0,45,925000.0,234.0,1,White,Female,35-44,90.0,Loan originated
1,405000.0,38,775000.0,142.0,1,White,Joint,45-54,52.0,Loan originated
1,595000.0,47,755000.0,121.0,1,White,Female,35-44,78.808,Loan originated
1,205000.0,39,455000.0,70.0,1,Hispanic or Latino,Male,55-64,45.175,Loan originated
1,1145000.0,<20%,7005000.0,1320.0,1,White,Male,65-74,16.414,Application denied
1,545000.0,49,575000.0,114.0,1,Other,Female,25-34,95.0,Loan originated
1,425000.0,41,525000.0,177.0,1,White,Joint,45-54,80.0,Loan originated
1,375000.0,48,645000.0,109.0,1,Hispanic or Latino,Female,25-34,57.011,Loan originated
1,565000.0,40,665000.0,236.0,1,White,Male,45-54,85.0,Application denied
1,1095000.0,46,1365000.0,264.0,1,White,Male,35-44,80.0,Loan originated
1,1075000.0,45,1345000.0,252.0,1,Asian,Male,25-34,80.0,Loan originated
1,715000.0,47,755000.0,151.0,1,White,Male,45-54,95.0,Loan originated
1,645000.0,38,805000.0,221.0,1,White,Female,35-44,80.0,Loan originated
1,305000.0,30%-<36%,475000.0,104.0,1,White,Joint,55-64,64.361,Loan originated
1,255000.0,>60%,475000.0,56.0,1,Hispanic or Latino,Joint,45-54,53.19,Application denied
1,65000.0,20%-<30%,145000.0,50.0,1,White,Male,65-74,41.379,Application denied
1,665000.0,49,695000.0,202.0,1,Hispanic or Latino,Joint,35-44,95.0,Loan originated
1,545000.0,36,605000.0,174.0,1,Hispanic or Latino,Female,35-44,90.0,Loan originated
1,965000.0,30%-<36%,1205000.0,353.0,1,Other,Male,45-54,80.0,Loan originated
1,805000.0,39,945000.0,205.0,1,Asian,Male,25-34,84.974,Loan originated
1,775000.0,48,1105000.0,222.0,1,Asian,Female,35-44,70.0,Loan originated
1,935000.0,43,1165000.0,228.0,1,White,Joint,25-34,80.0,Loan originated
1,655000.0,48,955000.0,147.0,1,Hispanic or Latino,Joint,45-54,68.421,Loan originated
1,505000.0,39,1415000.0,165.0,1,White,Joint,65-74,35.461,Loan originated
1,495000.0,46,515000.0,159.0,1,White,Joint,25-34,97.0,Loan originated
1,435000.0,49,675000.0,82.0,1,Asian,Joint,25-34,65.0,Loan originated
1,455000.0,37,565000.0,406.0,1,Asian,Joint,65-74,80.0,Loan originated
1,425000.0,38,675000.0,346.0,1,White,Joint,65-74,62.963,Loan originated
1,235000.0,49,285000.0,45.0,1,White,Male,55-64,80.0,Loan originated
1,385000.0,38,785000.0,109.0,1,Asian,Female,35-44,49.045,Application denied
1,725000.0,39,905000.0,202.0,1,White,Female,25-34,80.0,Loan originated
1,255000.0,30%-<36%,265000.0,110.0,1,White,Male,35-44,95.0,Loan originated
1,645000.0,48,675000.0,169.0,1,Hispanic or Latino,Male,25-34,95.0,Loan originated
1,515000.0,47,645000.0,117.0,1,White,Joint,45-54,79.999,Loan originated
1,725000.0,38,905000.0,227.0,1,White,Male,65-74,80.0,Loan originated
1,1045000.0,49,1165000.0,225.0,1,Asian,Joint,35-44,90.0,Loan originated
1,755000.0,49,1655000.0,252.0,1,White,Joint,25-34,45.455,Loan originated
1,475000.0,30%-<36%,635000.0,144.0,1,Hispanic or Latino,Joint,25-34,75.0,Loan originated
1,315000.0,49,355000.0,88.0,1,White,Male,25-34,90.0,Loan originated
1,755000.0,30%-<36%,845000.0,297.0,1,Hispanic or Latino,Male,25-34,90.0,Loan originated
1,1005000.0,20%-<30%,1125000.0,346.0,1,Asian,Joint,25-34,89.9,Application denied
1,255000.0,40,645000.0,87.0,1,White,Joint,65-74,39.07,Loan originated
1,105000.0,42,455000.0,49.0,1,White,Female,25-34,21.882,Loan originated
1,695000.0,37,815000.0,225.0,1,Asian,Joint,25-34,85.0,Loan originated
1,385000.0,47,405000.0,108.0,1,Hispanic or Latino,Female,35-44,95.0,Loan originated
1,155000.0,47,165000.0,83.0,1,Hispanic or Latino,Male,25-34,95.0,Loan originated
1,395000.0,50%-60%,405000.0,97.0,1,White,Joint,45-54,100.0,Application denied
1,725000.0,30%-<36%,765000.0,449.0,1,White,Joint,25-34,95.0,Loan originated
1,535000.0,41,675000.0,174.0,1,White,Joint,25-34,80.0,Loan originated
1,325000.0,20%-<30%,375000.0,127.0,1,White,Joint,25-34,86.486,Loan originated
1,385000.0,42,485000.0,40.0,1,White,Male,25-34,80.0,Loan originated
1,555000.0,49,585000.0,103.0,1,Hispanic or Latino,Male,45-54,95.0,Loan originated
1,835000.0,44,875000.0,224.0,1,White,Female,35-44,95.0,Loan originated
1,345000.0,48,435000.0,106.0,1,Hispanic or Latino,Joint,45-54,80.0,Loan originated
1,1115000.0,48,1715000.0,256.0,1,Asian,Female,25-34,65.0,Loan originated
1,585000.0,43,1015000.0,258.0,1,White,Joint,45-54,58.0,Loan originated
1,535000.0,42,835000.0,179.0,1,Asian,Joint,25-34,64.74,Application denied
1,845000.0,38,1055000.0,239.0,1,Asian,Female,35-44,80.0,Loan originated
1,375000.0,30%-<36%,395000.0,118.0,1,White,Female,35-44,95.0,Loan originated
1,745000.0,37,785000.0,204.0,1,White,Female,35-44,95.0,Loan originated
1,295000.0,49,375000.0,91.0,1,White,Joint,25-34,80.0,Loan originated
1,775000.0,30%-<36%,875000.0,284.0,1,White,Joint,35-44,88.0,Loan originated
1,665000.0,41,705000.0,153.0,1,Hispanic or Latino,Male,25-34,95.0,Loan originated
1,395000.0,42,495000.0,201.0,1,White,Joint,25-34,80.0,Loan originated
1,485000.0,38,505000.0,135.0,1,Hispanic or Latino,Female,65-74,97.0,Loan originated
1,585000.0,41,735000.0,228.0,1,Asian,Female,35-44,79.998,Loan originated
1,345000.0,20%-<30%,385000.0,156.0,1,Asian,Male,25-34,90.0,Loan originated
1,235000.0,49,325000.0,47.0,1,White,Joint,35-44,72.308,Loan originated
1,465000.0,49,515000.0,110.0,1,Hispanic or Latino,Joint,35-44,90.0,Loan originated
1,425000.0,44,535000.0,92.0,1,Hispanic or Latino,Joint,>74,80.0,Loan originated
1,235000.0,47,245000.0,80.0,1,Black or African American,Male,45-54,100.0,Loan originated
1,585000.0,44,835000.0,154.0,1,Asian,Male,35-44,70.0,Loan originated
1,805000.0,44,1005000.0,223.0,1,Asian,Male,35-44,80.0,Loan originated
1,15000.0,39,425000.0,114.0,1,Hispanic or Latino,Joint,25-34,100.0,Loan originated
1,345000.0,46,385000.0,169.0,1,Hispanic or Latino,Joint,25-34,90.0,Loan originated
1,585000.0,49,665000.0,127.0,1,Hispanic or Latino,Male,45-54,88.0,Loan originated
1,95000.0,37,315000.0,29.0,1,Hispanic or Latino,Female,65-74,31.29,Loan originated
1,425000.0,30%-<36%,635000.0,116.0,1,White,Male,35-44,66.248,Loan originated
1,215000.0,44,235000.0,71.0,1,Hispanic or Latino,Joint,25-34,92.328,Loan originated
1,705000.0,30%-<36%,735000.0,250.0,1,White,Male,25-34,95.0,Loan originated
1,945000.0,<20%,1185000.0,698.0,1,Asian,Joint,25-34,80.0,Loan originated
1,405000.0,20%-<30%,505000.0,164.0,1,White,Joint,25-34,80.0,Loan originated
1,745000.0,42,805000.0,171.0,1,White,Joint,25-34,92.5,Loan originated
1,895000.0,41,945000.0,275.0,1,White,Joint,55-64,95.0,Loan originated
1,765000.0,44,1025000.0,282.0,1,White,Joint,35-44,80.0,Loan originated
1,155000.0,44,225000.0,140.0,1,White,Male,55-64,68.18,Loan originated
1,975000.0,50%-60%,1025000.0,158.0,1,White,Male,65-74,80.0,Application denied
1,1115000.0,49,1725000.0,246.0,1,Asian,Female,35-44,65.0,Loan originated
1,705000.0,30%-<36%,875000.0,373.0,1,Asian,Joint,35-44,80.0,Loan originated
1,635000.0,44,655000.0,166.0,1,Hispanic or Latino,Female,55-64,97.0,Loan originated
1,395000.0,30%-<36%,495000.0,153.0,1,Hispanic or Latino,Female,45-54,81.0,Loan originated
1,565000.0,49,815000.0,126.0,1,White,Male,35-44,69.14,Loan originated
1,325000.0,48,775000.0,98.0,1,White,Female,45-54,41.3,Loan originated
1,1125000.0,43,1255000.0,246.0,1,White,Female,35-44,89.96,Loan originated
1,485000.0,49,605000.0,86.0,1,White,Female,55-64,80.0,Loan originated
1,425000.0,49,805000.0,105.0,1,White,Female,65-74,53.0,Loan originated
1,395000.0,50%-60%,425000.0,117.0,1,Asian,Joint,35-44,95.0,Loan originated
1,475000.0,30%-<36%,725000.0,416.0,1,White,Male,25-34,65.52,Loan originated
1,735000.0,30%-<36%,925000.0,187.0,1,White,Joint,25-34,79.89,Loan originated
1,545000.0,45,625000.0,177.0,1,White,Joint,35-44,87.097,Loan originated
1,1145000.0,45,1355000.0,254.0,1,White,Joint,55-64,85.0,Loan originated
1,815000.0,45,905000.0,260.0,1,White,Joint,45-54,90.0,Loan originated
1,505000.0,48,625000.0,127.0,1,White,Joint,25-34,80.0,Loan originated
1,1035000.0,42,1245000.0,283.0,1,Asian,Joint,35-44,86.0,Loan originated
1,995000.0,20%-<30%,1325000.0,400.0,1,Asian,Male,35-44,74.935,Application denied
1,235000.0,49,385000.0,49.0,1,Hispanic or Latino,Female,35-44,62.813,Loan originated
1,455000.0,30%-<36%,655000.0,142.0,1,Hispanic or Latino,Joint,>74,70.0,Loan originated
1,175000.0,<20%,435000.0,149.0,1,White,Joint,55-64,41.372,Loan originated
1,845000.0,30%-<36%,1305000.0,288.0,1,Other,Joint,35-44,64.615,Application denied
1,185000.0,46,175000.0,61.0,1,Hispanic or Latino,Male,35-44,105.882,Application denied
1,675000.0,42,755000.0,206.0,1,Hispanic or Latino,Joint,25-34,89.4,Loan originated
1,495000.0,37,795000.0,134.0,1,Asian,Joint,55-64,62.073,Loan originated
1,525000.0,46,625000.0,105.0,1,Asian,Joint,45-54,85.0,Loan originated
1,595000.0,30%-<36%,665000.0,248.0,1,Asian,Joint,35-44,90.0,Loan originated
1,305000.0,42,555000.0,94.0,1,Asian,Female,35-44,55.0,Loan originated
1,505000.0,45,635000.0,118.0,1,White,Female,55-64,80.0,Loan originated
1,545000.0,48,745000.0,116.0,1,Asian,Female,25-34,73.333,Loan originated
1,805000.0,42,895000.0,320.0,1,White,Joint,45-54,90.0,Application denied
1,535000.0,49,805000.0,162.0,1,Asian,Joint,25-34,66.58,Loan originated
1,605000.0,38,635000.0,152.0,1,Hispanic or Latino,Joint,35-44,95.0,Loan originated
1,595000.0,>60%,625000.0,78.0,1,Hispanic or Latino,Male,25-34,94.43,Loan originated
1,935000.0,48,1165000.0,234.0,1,Hispanic or Latino,Male,35-44,80.0,Loan originated
1,385000.0,47,975000.0,115.0,1,White,Joint,45-54,39.106,Loan originated
1,435000.0,20%-<30%,545000.0,196.0,1,White,Female,45-54,80.0,Loan originated
1,615000.0,30%-<36%,875000.0,180.0,1,Asian,Joint,25-34,70.0,Loan originated
1,235000.0,48,495000.0,75.0,1,Hispanic or Latino,Female,55-64,48.0,Loan originated
1,255000.0,44,435000.0,101.0,1,White,Female,>74,59.302,Loan originated
1,335000.0,<20%,355000.0,375.0,1,White,Female,25-34,95.0,Loan originated
1,715000.0,20%-<30%,895000.0,712.0,1,White,Male,45-54,80.0,Loan originated
1,765000.0,20%-<30%,1615000.0,324.0,1,White,Female,65-74,47.313,Loan originated
1,995000.0,50%-60%,2095000.0,215.0,1,White,Joint,25-34,47.37,Loan originated
1,725000.0,37,815000.0,198.0,1,Asian,Joint,35-44,89.99,Loan originated
1,725000.0,36,925000.0,185.0,1,Asian,Joint,25-34,78.261,Loan originated
1,345000.0,48,425000.0,76.0,1,Hispanic or Latino,Male,65-74,80.0,Loan originated
1,725000.0,46,905000.0,263.0,1,Asian,Joint,45-54,80.0,Loan originated
1,525000.0,37,545000.0,161.0,1,Hispanic or Latino,Joint,25-34,97.0,Loan originated
1,485000.0,47,535000.0,112.0,1,Black or African American,Female,35-44,90.0,Loan originated
1,995000.0,47,1445000.0,383.0,1,White,Joint,25-34,68.901,Loan originated
1,455000.0,20%-<30%,605000.0,330.0,1,Asian,Female,25-34,84.629,Loan originated
1,565000.0,49,1005000.0,114.0,1,Asian,Male,45-54,56.5,Loan originated
1,1085000.0,41,1355000.0,285.0,1,Asian,Joint,25-34,80.0,Loan originated
1,845000.0,30%-<36%,1055000.0,295.0,1,Asian,Joint,25-34,80.0,Application denied
1,485000.0,40,645000.0,124.0,1,Asian,Female,25-34,75.0,Loan originated
1,365000.0,49,455000.0,87.0,1,Asian,Female,35-44,80.0,Loan originated
1,965000.0,49,1205000.0,190.0,1,Asian,Male,25-34,80.0,Loan originated
1,505000.0,49,1395000.0,167.0,1,White,Joint,>74,35.9454,Loan originated
1,365000.0,41,455000.0,116.0,1,White,Male,25-34,80.0,Loan originated
1,345000.0,48,425000.0,66.0,1,Hispanic or Latino,Female,25-34,80.0,Loan originated
1,1145000.0,48,2875000.0,291.0,1,White,Male,65-74,39.994,Loan originated
1,135000.0,41,135000.0,36.0,1,White,Male,35-44,97.0,Loan originated
1,185000.0,41,465000.0,61.0,1,White,Male,55-64,38.925,Loan originated
1,525000.0,49,555000.0,185.0,1,Other,Male,35-44,95.0,Loan originated
1,195000.0,20%-<30%,465000.0,105.0,1,Asian,Female,25-34,41.304,Loan originated
1,1115000.0,39,1175000.0,376.0,1,White,Joint,45-54,95.0,Loan originated
1,275000.0,<20%,555000.0,560.0,1,Hispanic or Latino,Female,65-74,50.0,Loan originated
1,535000.0,47,565000.0,112.0,1,Hispanic or Latino,Male,25-34,95.0,Loan originated
1,565000.0,42,585000.0,172.0,1,White,Joint,25-34,95.0,Loan originated
1,635000.0,20%-<30%,745000.0,268.0,1,Asian,Male,25-34,85.0,Loan originated
1,155000.0,42,625000.0,235.0,1,Hispanic or Latino,Joint,35-44,74.52,Application denied
1,775000.0,44,2535000.0,208.0,1,White,Joint,65-74,30.71,Loan originated
1,225000.0,20%-<30%,275000.0,131.0,1,Hispanic or Latino,Male,35-44,80.0,Loan originated
1,415000.0,47,525000.0,93.0,1,Asian,Female,35-44,80.0,Loan originated
1,445000.0,47,645000.0,110.0,1,Asian,Joint,45-54,68.992,Loan originated
1,645000.0,41,765000.0,170.0,1,White,Joint,35-44,85.0,Loan originated
1,285000.0,47,515000.0,79.0,1,White,Joint,35-44,95.0,Loan originated
1,115000.0,30%-<36%,675000.0,127.0,1,White,Female,45-54,17.113,Loan originated
1,855000.0,49,1185000.0,260.0,1,Hispanic or Latino,Joint,35-44,72.0,Loan originated
1,905000.0,49,985000.0,234.0,1,Hispanic or Latino,Male,35-44,92.0,Loan originated
1,875000.0,30%-<36%,1095000.0,243.0,1,Hispanic or Latino,Male,35-44,80.0,Loan originated
1,525000.0,48,735000.0,109.0,1,White,Male,35-44,72.194,Loan originated
1,965000.0,47,1385000.0,382.0,1,Asian,Male,<25,70.0,Loan originated
1,355000.0,40,755000.0,160.0,1,Asian,Joint,35-44,47.338,Loan originated
1,615000.0,40,775000.0,175.0,1,Asian,Joint,25-34,80.0,Loan originated
1,95000.0,40,425000.0,191.0,1,White,Joint,55-64,22.3,Loan originated
1,545000.0,20%-<30%,615000.0,233.0,1,Asian,Male,35-44,90.0,Loan originated
1,535000.0,20%-<30%,1535000.0,274.0,1,Asian,Joint,35-44,34.98,Loan originated
1,555000.0,46,695000.0,150.0,1,White,Male,25-34,80.0,Loan originated
1,765000.0,20%-<30%,1705000.0,321.0,1,White,Joint,45-54,45.118,Loan originated
1,1145000.0,30%-<36%,1665000.0,673.0,1,White,Joint,25-34,70.0,Loan originated
1,535000.0,36,665000.0,182.0,1,White,Male,25-34,80.0,Loan originated
1,505000.0,46,625000.0,116.0,1,White,Male,45-54,80.0,Loan originated
1,195000.0,40,205000.0,67.0,1,Hispanic or Latino,Male,35-44,97.0,Loan originated
1,435000.0,50%-60%,525000.0,116.0,1,Asian,Joint,35-44,82.0,Application denied
1,555000.0,44,1755000.0,150.0,1,Asian,Male,35-44,31.429,Loan originated
1,705000.0,40,875000.0,306.0,1,Asian,Joint,25-34,80.0,Loan originated
1,315000.0,49,325000.0,72.0,1,White,Joint,35-44,97.0,Loan originated
1,525000.0,38,805000.0,196.0,1,Asian,Male,65-74,64.939,Loan originated
1,695000.0,44,925000.0,225.0,1,Asian,Joint,25-34,75.0,Loan originated
1,955000.0,45,1195000.0,243.0,1,Asian,Joint,>74,79.874,Loan originated
1,605000.0,40,765000.0,182.0,1,White,Joint,35-44,80.0,Loan originated
1,1035000.0,30%-<36%,1485000.0,348.0,1,Asian,Joint,35-44,69.63,Loan originated
1,665000.0,43,735000.0,195.0,1,Hispanic or Latino,Joint,55-64,89.99,Loan originated
1,305000.0,20%-<30%,605000.0,187.0,1,White,Female,65-74,50.331,Loan originated
1,335000.0,37,1205000.0,122.0,1,White,Joint,<25,27.5,Loan originated
1,315000.0,49,475000.0,150.0,1,Asian,Male,35-44,65.264,Loan originated
1,445000.0,30%-<36%,555000.0,127.0,1,Asian,Female,25-34,80.0,Loan originated
1,565000.0,20%-<30%,795000.0,221.0,1,White,Joint,45-54,71.0,Loan originated
1,1045000.0,41,1495000.0,328.0,1,Asian,Joint,45-54,70.0,Loan originated
1,805000.0,<20%,1975000.0,538.0,1,Asian,Joint,35-44,40.61,Loan originated
1,175000.0,20%-<30%,235000.0,90.0,1,White,Female,55-64,75.0,Loan originated
1,485000.0,36,605000.0,117.0,1,Asian,Male,25-34,80.0,Loan originated
1,555000.0,46,565000.0,133.0,1,Asian,Female,35-44,97.0,Loan originated
1,765000.0,38,955000.0,401.0,1,White,Joint,35-44,80.0,Loan originated
1,625000.0,44,775000.0,214.0,1,Asian,Male,35-44,80.0,Loan originated
1,345000.0,40,435000.0,103.0,1,White,Female,45-54,80.0,Loan originated
1,555000.0,37,645000.0,380.0,1,White,Joint,45-54,86.0,Loan originated
1,725000.0,45,925000.0,199.0,1,Hispanic or Latino,Joint,25-34,78.378,Loan originated
1,405000.0,30%-<36%,405000.0,181.0,1,White,Male,25-34,100.0,Loan originated
1,155000.0,20%-<30%,305000.0,71.0,1,White,Female,>74,50.0,Loan originated
1,185000.0,42,485000.0,66.0,1,Asian,Female,45-54,38.0,Loan originated
1,685000.0,49,855000.0,179.0,1,Hispanic or Latino,Male,35-44,80.0,Loan originated
1,805000.0,50%-60%,1005000.0,218.0,1,Asian,Male,45-54,80.0,Loan originated
1,635000.0,45,615000.0,287.0,1,Hispanic or Latino,Female,35-44,104.77,Application denied
1,285000.0,20%-<30%,355000.0,180.0,1,White,Male,25-34,80.0,Loan originated
1,525000.0,40,585000.0,162.0,1,White,Joint,35-44,90.0,Loan originated
1,805000.0,20%-<30%,1155000.0,282.0,1,White,Joint,25-34,70.0,Loan originated
1,655000.0,20%-<30%,775000.0,226.0,1,White,Joint,25-34,84.516,Application denied
1,525000.0,45,545000.0,148.0,1,Hispanic or Latino,Male,25-34,95.0,Loan originated
1,995000.0,43,1325000.0,260.0,1,Asian,Male,45-54,75.0,Loan originated
1,535000.0,49,595000.0,110.0,1,White,Female,35-44,90.0,Loan originated
1,125000.0,20%-<30%,135000.0,83.0,1,Hispanic or Latino,Male,25-34,95.0,Loan originated
1,745000.0,47,935000.0,157.0,1,Asian,Female,25-34,80.0,Loan originated
1,615000.0,40,665000.0,149.0,1,Hispanic or Latino,Male,25-34,93.0,Loan originated
1,405000.0,49,475000.0,84.0,1,Hispanic or Latino,Female,<25,85.73,Loan originated
1,145000.0,20%-<30%,925000.0,142.0,1,Asian,Male,25-34,15.14,Loan originated
1,765000.0,42,885000.0,252.0,1,White,Female,45-54,86.441,Loan originated
1,595000.0,42,635000.0,138.0,1,Asian,Joint,35-44,95.0,Loan originated
1,955000.0,42,1505000.0,225.0,1,Asian,Male,25-34,63.34,Loan originated
1,745000.0,46,935000.0,170.0,1,Asian,Male,25-34,80.0,Loan originated
1,1105000.0,47,1705000.0,385.0,1,Asian,Male,25-34,64.706,Loan originated
1,265000.0,49,295000.0,67.0,1,Hispanic or Latino,Female,25-34,90.0,Loan originated
1,345000.0,45,435000.0,93.0,1,White,Female,45-54,80.0,Loan originated
1,525000.0,42,695000.0,130.0,1,White,Female,25-34,75.0,Loan originated
1,735000.0,49,775000.0,206.0,1,White,Joint,35-44,95.0,Loan originated
1,345000.0,39,1245000.0,135.0,1,White,Joint,25-34,27.885,Loan originated
1,405000.0,20%-<30%,1405000.0,458.0,1,White,Male,65-74,28.571,Loan originated
1,465000.0,49,485000.0,124.0,1,White,Female,35-44,95.0,Loan originated
1,415000.0,30%-<36%,485000.0,156.0,1,Hispanic or Latino,Joint,25-34,85.0,Loan originated
1,205000.0,45,215000.0,159.0,1,Hispanic or Latino,Joint,45-54,95.0,Application denied
1,825000.0,44,975000.0,184.0,1,Black or African American,Joint,65-74,85.0,Loan originated
1,705000.0,50%-60%,825000.0,137.0,1,Black or African American,Female,45-54,85.0,Loan originated
1,235000.0,30%-<36%,285000.0,94.0,1,Hispanic or Latino,Male,35-44,80.0,Loan originated
1,515000.0,37,565000.0,146.0,1,Hispanic or Latino,Male,25-34,90.0,Loan originated
1,305000.0,30%-<36%,675000.0,118.0,1,White,Female,45-54,44.44,Loan originated
1,425000.0,20%-<30%,1135000.0,207.0,1,White,Joint,35-44,37.44,Loan originated
1,275000.0,42,425000.0,65.0,1,White,Female,25-34,64.822,Loan originated
1,235000.0,20%-<30%,245000.0,211.0,1,White,Joint,45-54,95.0,Loan originated
1,325000.0,39,395000.0,85.0,1,Hispanic or Latino,Joint,45-54,101.0,Loan originated
1,485000.0,44,495000.0,158.0,1,White,Female,35-44,97.0,Loan originated
1,55000.0,43,685000.0,252.0,1,Asian,Male,35-44,7.35,Application denied
1,365000.0,46,425000.0,89.0,1,White,Female,25-34,85.0,Loan originated
1,755000.0,45,835000.0,189.0,1,Black or African American,Female,55-64,90.0,Loan originated
1,305000.0,38,395000.0,67.0,1,White,Joint,55-64,76.969,Loan originated
1,375000.0,20%-<30%,505000.0,393.0,1,Asian,Joint,<25,75.0,Loan originated
1,1085000.0,43,1455000.0,475.0,1,White,Male,55-64,75.0,Loan originated
1,535000.0,30%-<36%,685000.0,224.0,1,Hispanic or Latino,Male,25-34,80.0,Loan originated
1,505000.0,39,565000.0,223.0,1,White,Female,35-44,90.0,Loan originated
1,765000.0,36,1025000.0,220.0,1,Asian,Female,45-54,75.0,Loan originated
1,405000.0,43,435000.0,112.0,1,Hispanic or Latino,Female,45-54,95.0,Loan originated
1,545000.0,49,735000.0,209.0,1,Asian,Joint,25-34,73.91,Loan originated
1,395000.0,39,405000.0,145.0,1,White,Male,25-34,97.0,Loan originated
1,655000.0,30%-<36%,825000.0,318.0,1,White,Joint,45-54,80.0,Loan originated
1,135000.0,39,175000.0,248.0,1,White,Joint,35-44,75.96,Loan originated
1,875000.0,47,1035000.0,196.0,1,White,Female,25-34,84.778,Loan originated
1,245000.0,37,305000.0,132.0,1,White,Joint,35-44,80.0,Loan originated
1,605000.0,48,1335000.0,150.0,1,Hispanic or Latino,Female,35-44,45.113,Loan originated
1,535000.0,47,665000.0,128.0,1,White,Male,25-34,80.0,Loan originated
1,735000.0,47,815000.0,150.0,1,Hispanic or Latino,Female,35-44,90.0,Loan originated
1,415000.0,44,525000.0,251.0,1,Asian,Joint,55-64,80.0,Loan originated
1,1085000.0,30%-<36%,1365000.0,355.0,1,Asian,Joint,25-34,80.0,Loan originated
1,95000.0,47,145000.0,24.0,1,White,Male,65-74,62.069,Loan originated
1,405000.0,48,425000.0,83.0,1,Hispanic or Latino,Female,45-54,95.0,Loan originated
1,475000.0,42,595000.0,145.0,1,White,Male,35-44,80.0,Application denied
1,685000.0,40,945000.0,248.0,1,Asian,Joint,25-34,72.576,Loan originated
1,665000.0,49,825000.0,243.0,1,Asian,Male,55-64,80.0,Loan originated
1,875000.0,40,1505000.0,232.0,1,White,Female,35-44,59.0,Loan originated
1,355000.0,20%-<30%,705000.0,136.0,1,White,Male,>74,50.0,Application denied
1,1045000.0,48,1355000.0,295.0,1,Asian,Joint,25-34,77.03,Loan originated
1,595000.0,41,665000.0,160.0,1,White,Male,25-34,90.0,Loan originated
1,1145000.0,49,1365000.0,227.0,1,Asian,Male,25-34,95.0,Loan originated
1,385000.0,47,395000.0,167.0,1,Hispanic or Latino,Joint,<25,97.0,Application denied
1,905000.0,46,1455000.0,231.0,1,White,Joint,35-44,62.414,Loan originated
1,425000.0,>60%,1425000.0,77.0,1,Asian,Joint,45-54,29.825,Loan originated
1,405000.0,49,875000.0,96.0,1,Asian,Male,25-34,47.0,Loan originated
1,325000.0,<20%,725000.0,408.0,1,White,Joint,35-44,44.828,Loan originated
1,675000.0,30%-<36%,715000.0,191.0,1,Asian,Male,35-44,95.0,Loan originated
1,585000.0,46,1385000.0,171.0,1,White,Joint,35-44,42.238,Loan originated
1,535000.0,46,665000.0,83.0,1,Asian,Male,25-34,80.0,Loan originated
1,295000.0,44,325000.0,70.0,1,Hispanic or Latino,Joint,25-34,93.0,Loan originated
1,485000.0,42,495000.0,147.0,1,White,Joint,35-44,97.0,Loan originated
1,455000.0,30%-<36%,825000.0,167.0,1,White,Female,45-54,54.55,Application denied
1,765000.0,49,925000.0,189.0,1,Hispanic or Latino,Female,25-34,82.87,Loan originated
1,805000.0,47,1075000.0,174.0,1,White,Joint,35-44,74.897,Loan originated
1,95000.0,50%-60%,105000.0,89.0,1,Black or African American,Joint,65-74,95.0,Application denied
1,555000.0,30%-<36%,1575000.0,194.0,1,White,Male,45-54,34.921,Loan originated
1,775000.0,44,1055000.0,272.0,1,White,Female,35-44,75.0,Loan originated
1,545000.0,40,565000.0,129.0,1,Hispanic or Latino,Joint,25-34,97.0,Loan originated
1,665000.0,42,705000.0,238.0,1,Hispanic or Latino,Male,35-44,95.0,Loan originated
1,475000.0,37,1205000.0,176.0,1,Asian,Male,25-34,39.583,Loan originated
1,605000.0,49,645000.0,134.0,1,White,Male,45-54,95.0,Loan originated
1,1045000.0,50%-60%,1105000.0,180.0,1,Hispanic or Latino,Joint,45-54,95.0,Application denied
1,415000.0,49,515000.0,90.0,1,Asian,Male,35-44,80.0,Loan originated
1,1005000.0,39,1805000.0,540.0,1,Asian,Joint,35-44,55.969,Loan originated
1,905000.0,30%-<36%,1205000.0,275.0,1,White,Female,35-44,74.689,Loan originated
1,425000.0,43,535000.0,98.0,1,Asian,Male,25-34,79.999,Loan originated
1,585000.0,39,735000.0,153.0,1,Asian,Joint,35-44,80.0,Loan originated
1,785000.0,20%-<30%,1375000.0,351.0,1,White,Joint,35-44,56.818,Loan originated
1,665000.0,30%-<36%,695000.0,324.0,1,Asian,Male,45-54,95.0,Loan originated
1,335000.0,39,385000.0,98.0,1,Hispanic or Latino,Female,45-54,95.0,Loan originated
1,685000.0,48,785000.0,160.0,1,White,Male,25-34,87.26,Loan originated
1,355000.0,30%-<36%,445000.0,186.0,1,Hispanic or Latino,Joint,25-34,80.0,Loan originated
1,505000.0,39,775000.0,140.0,1,Asian,Female,25-34,64.52,Loan originated
1,985000.0,<20%,1405000.0,1797.0,1,Asian,Male,55-64,70.0,Loan originated
1,595000.0,48,795000.0,170.0,1,White,Female,45-54,75.0,Loan originated
1,485000.0,44,545000.0,236.0,1,Asian,Joint,35-44,90.0,Loan originated
1,415000.0,20%-<30%,555000.0,220.0,1,White,Joint,25-34,74.87,Loan originated
1,625000.0,42,645000.0,197.0,1,Black or African American,Female,45-54,97.0,Loan originated
1,615000.0,30%-<36%,645000.0,179.0,1,Hispanic or Latino,Joint,35-44,95.0,Loan originated
1,395000.0,39,495000.0,164.0,1,White,Joint,35-44,80.0,Loan originated
1,815000.0,37,1375000.0,222.0,1,Hispanic or Latino,Joint,35-44,59.124,Loan originated
1,745000.0,48,775000.0,178.0,1,Asian,Joint,25-34,95.0,Loan originated
1,765000.0,44,815000.0,245.0,1,Hispanic or Latino,Joint,25-34,94.049,Loan originated
1,405000.0,>60%,515000.0,113.0,1,Hispanic or Latino,Male,25-34,80.0,Loan originated
1,305000.0,20%-<30%,415000.0,313.0,1,White,Female,65-74,75.0,Loan originated
1,1045000.0,49,1225000.0,249.0,1,Asian,Joint,45-54,85.0,Loan originated
1,885000.0,45,1105000.0,216.0,1,Hispanic or Latino,Female,35-44,80.0,Application denied
1,735000.0,36,915000.0,234.0,1,White,Joint,25-34,80.0,Loan originated
1,945000.0,38,1265000.0,346.0,1,Asian,Joint,55-64,75.0,Loan originated
1,805000.0,20%-<30%,805000.0,325.0,1,Asian,Male,35-44,100.0,Loan originated
1,1055000.0,<20%,1315000.0,498.0,1,White,Joint,35-44,80.0,Application denied
1,475000.0,49,495000.0,108.0,1,Hispanic or Latino,Female,<25,94.989,Loan originated
1,525000.0,46,825000.0,196.0,1,White,Joint,45-54,63.636,Loan originated
1,385000.0,48,505000.0,167.0,1,White,Male,65-74,75.0,Loan originated
1,865000.0,30%-<36%,1165000.0,747.0,1,White,Male,55-64,74.138,Loan originated
1,235000.0,48,295000.0,165.0,1,Hispanic or Latino,Joint,25-34,82.27,Application denied
1,105000.0,30%-<36%,795000.0,62.0,1,Hispanic or Latino,Joint,55-64,12.502,Loan originated
1,665000.0,47,685000.0,184.0,1,White,Joint,25-34,97.0,Loan originated
1,485000.0,30%-<36%,575000.0,384.0,1,Hispanic or Latino,Joint,35-44,85.0,Application denied
1,335000.0,49,525000.0,77.0,1,White,Female,35-44,63.81,Loan originated
1,595000.0,42,995000.0,201.0,1,White,Joint,25-34,60.0,Loan originated
1,215000.0,47,715000.0,63.0,1,Asian,Female,65-74,30.237,Loan originated
1,365000.0,20%-<30%,865000.0,197.0,1,White,Female,25-34,41.86,Loan originated
1,565000.0,49,955000.0,132.0,1,Asian,Male,25-34,58.75,Loan originated
1,315000.0,47,325000.0,64.0,1,Hispanic or Latino,Male,35-44,97.0,Loan originated
1,515000.0,42,535000.0,170.0,1,Asian,Male,25-34,95.0,Loan originated
1,605000.0,41,905000.0,139.0,1,White,Joint,25-34,66.667,Loan originated
1,655000.0,20%-<30%,905000.0,254.0,1,White,Female,35-44,72.222,Loan originated
1,295000.0,42,385000.0,77.0,1,Asian,Male,45-54,77.679,Loan originated
1,345000.0,30%-<36%,375000.0,107.0,1,White,Male,45-54,90.0,Loan originated
1,435000.0,49,485000.0,177.0,1,Asian,Joint,35-44,90.0,Loan originated
1,325000.0,41,465000.0,80.0,1,White,Male,65-74,70.17,Loan originated
1,985000.0,20%-<30%,1235000.0,528.0,1,White,Joint,65-74,80.0,Loan originated
1,715000.0,47,895000.0,222.0,1,White,Male,25-34,80.0,Loan originated
1,525000.0,44,825000.0,208.0,1,White,Female,45-54,63.636,Loan originated
1,765000.0,40,815000.0,190.0,1,Hispanic or Latino,Male,45-54,93.819,Loan originated
1,245000.0,49,265000.0,66.0,1,Asian,Joint,25-34,95.0,Loan originated
1,555000.0,44,605000.0,184.0,1,Asian,Female,35-44,93.16,Loan originated
1,245000.0,30%-<36%,255000.0,118.0,1,White,Joint,55-64,95.0,Loan originated
1,1145000.0,39,1355000.0,309.0,1,Asian,Joint,35-44,84.444,Loan originated
1,545000.0,30%-<36%,605000.0,216.0,1,Asian,Joint,25-34,90.0,Loan originated
1,395000.0,47,545000.0,78.0,1,White,Female,55-64,72.222,Loan originated
1,335000.0,49,565000.0,113.0,1,Asian,Male,45-54,58.93,Loan originated
1,575000.0,41,745000.0,139.0,1,White,Male,25-34,78.0,Loan originated
1,255000.0,44,405000.0,185.0,1,White,Joint,>74,62.963,Loan originated
1,755000.0,37,775000.0,221.0,1,Black or African American,Male,35-44,97.0,Loan originated
1,255000.0,36,565000.0,133.0,1,Hispanic or Latino,Joint,35-44,45.0,Loan originated
1,585000.0,43,625000.0,217.0,1,White,Joint,65-74,95.0,Loan originated
1,275000.0,48,475000.0,67.0,1,White,Female,35-44,57.895,Loan originated
1,705000.0,39,725000.0,184.0,1,Asian,Joint,25-34,97.0,Loan originated
1,745000.0,49,875000.0,343.0,1,Hispanic or Latino,Joint,25-34,84.914,Loan originated
1,675000.0,43,945000.0,185.0,1,Asian,Male,35-44,71.58,Application denied
1,175000.0,30%-<36%,915000.0,83.0,1,Hispanic or Latino,Joint,65-74,19.126,Loan originated
1,685000.0,20%-<30%,855000.0,231.0,1,Asian,Male,35-44,80.0,Loan originated
1,445000.0,46,465000.0,108.0,1,Hispanic or Latino,Male,25-34,95.0,Loan originated
1,675000.0,30%-<36%,845000.0,180.0,1,Asian,Male,25-34,80.0,Loan originated
1,875000.0,47,1345000.0,198.0,1,Asian,Male,55-64,65.0,Loan originated
1,585000.0,50%-60%,615000.0,142.0,1,Hispanic or Latino,Joint,35-44,96.626,Loan originated
1,325000.0,30%-<36%,405000.0,89.0,1,Hispanic or Latino,Joint,25-34,80.0,Loan originated
1,535000.0,42,635000.0,181.0,1,Hispanic or Latino,Male,35-44,85.0,Loan originated
1,185000.0,30%-<36%,215000.0,35.0,1,Hispanic or Latino,Female,<25,101.0,Loan originated
1,505000.0,>60%,635000.0,80.0,1,Asian,Joint,25-34,80.0,Application denied
1,445000.0,36,495000.0,158.0,1,White,Male,25-34,90.0,Loan originated
1,335000.0,45,345000.0,76.0,1,Hispanic or Latino,Male,25-34,100.0,Loan originated
1,1015000.0,30%-<36%,1275000.0,311.0,1,Hispanic or Latino,Joint,35-44,80.0,Loan originated
1,845000.0,30%-<36%,1055000.0,393.0,1,White,Joint,35-44,80.0,Loan originated
1,735000.0,>60%,775000.0,101.0,1,Hispanic or Latino,Joint,35-44,98.226,Application denied
1,215000.0,48,555000.0,68.0,1,White,Male,35-44,38.182,Loan originated
1,385000.0,47,565000.0,84.0,1,Hispanic or Latino,Female,55-64,69.0,Loan originated
1,245000.0,40,285000.0,67.0,1,White,Female,25-34,87.3239,Application denied
1,485000.0,37,535000.0,182.0,1,White,Joint,45-54,90.0,Loan originated
1,355000.0,42,475000.0,110.0,1,Hispanic or Latino,Joint,25-34,95.0,Loan originated
1,515000.0,38,635000.0,125.0,1,Asian,Joint,25-34,80.0,Loan originated
1,585000.0,38,645000.0,194.0,1,Hispanic or Latino,Female,25-34,90.0,Loan originated
1,245000.0,40,645000.0,141.0,1,White,Male,55-64,38.367,Loan originated
1,345000.0,30%-<36%,425000.0,176.0,1,Hispanic or Latino,Male,65-74,80.0,Loan originated
1,375000.0,20%-<30%,735000.0,175.0,1,White,Joint,>74,51.37,Loan originated
1,345000.0,42,355000.0,92.0,1,Hispanic or Latino,Female,35-44,99.2087,Loan originated
1,1065000.0,45,1255000.0,316.0,1,Hispanic or Latino,Joint,35-44,85.0,Loan originated
1,685000.0,47,805000.0,146.0,1,Hispanic or Latino,Male,25-34,86.0,Loan originated
1,605000.0,43,675000.0,157.0,1,Asian,Male,45-54,90.001,Loan originated
1,485000.0,45,495000.0,109.0,1,Black or African American,Female,25-34,97.0,Loan originated
1,515000.0,30%-<36%,545000.0,156.0,1,Asian,Female,35-44,95.0,Loan originated
1,305000.0,48,615000.0,71.0,1,White,Female,>74,49.18,Loan originated
1,555000.0,42,665000.0,141.0,1,Asian,Female,25-34,104.0,Loan originated
