loan_purpose,loan_amount,debt_to_income_ratio,property_value,income,occupancy_type,derived_race,derived_sex,applicant_age,loan_to_value_ratio,action_taken
1,295000.0,30%-<36%,365000.0,89.0,1,Hispanic or Latino,Male,45-54,80.0,Loan originated
1,395000.0,30%-<36%,495000.0,151.0,1,Hispanic or Latino,Male,35-44,80.0,Loan originated
1,585000.0,49,605000.0,116.0,1,White,Male,25-34,100.0,Loan originated
1,425000.0,49,715000.0,275.0,1,White,Female,35-44,58.741,Loan originated
1,395000.0,37,415000.0,104.0,1,Hispanic or Latino,Male,25-34,95.0,Loan originated
1,605000.0,<20%,755000.0,510.0,1,Hispanic or Latino,Male,35-44,80.0,Loan originated
1,715000.0,42,755000.0,210.0,1,Asian,Joint,25-34,95.0,Loan originated
1,905000.0,47,1535000.0,219.0,1,White,Joint,45-54,58.632,Loan originated
1,725000.0,49,815000.0,171.0,1,Asian,Female,35-44,90.0,Loan originated
1,305000.0,20%-<30%,585000.0,258.0,1,Asian,Male,25-34,51.72,Loan originated
1,205000.0,49,425000.0,51.0,1,White,Joint,65-74,46.838,Loan originated
1,705000.0,46,725000.0,225.0,1,Black or African American,Male,25-34,97.0,Loan originated
1,565000.0,30%-<36%,1585000.0,340.0,1,White,Joint,55-64,35.44,Loan originated
1,715000.0,20%-<30%,955000.0,390.0,1,White,Male,25-34,75.0,Loan originated
1,735000.0,38,975000.0,224.0,1,Asian,Male,25-34,75.0,Loan originated
1,795000.0,43,845000.0,194.0,1,White,Joint,25-34,95.0,Loan originated
1,1135000.0,42,1415000.0,290.0,1,Asian,Male,35-44,80.0,Loan originated
1,505000.0,49,535000.0,100.0,1,Hispanic or Latino,Male,35-44,95.0,Loan originated
1,625000.0,44,955000.0,150.0,1,White,Male,25-34,64.99,Loan originated
1,225000.0,20%-<30%,235000.0,82.0,1,White,Joint,<25,100.0,Loan originated
1,445000.0,<20%,595000.0,288.0,1,White,Female,35-44,75.0,Loan originated
1,605000.0,30%-<36%,755000.0,340.0,1,White,Joint,35-44,80.0,Loan originated
1,455000.0,48,805000.0,118.0,1,Hispanic or Latino,Male,25-34,56.875,Loan originated
1,285000.0,45,295000.0,81.0,1,Hispanic or Latino,Male,25-34,97.0,Loan originated
1,235000.0,39,435000.0,146.0,1,Black or African American,Male,45-54,53.488,Loan originated
1,285000.0,42,295000.0,147.0,1,White,Joint,35-44,95.0,Loan originated
1,485000.0,43,645000.0,103.0,1,White,Male,55-64,92.97,Loan originated
1,635000.0,44,655000.0,211.0,1,Asian,Female,25-34,97.0,Loan originated
1,675000.0,41,745000.0,169.0,1,Asian,Male,35-44,90.0,Loan originated
1,465000.0,44,515000.0,160.0,1,White,Joint,45-54,90.26,Loan originated
1,595000.0,49,795000.0,128.0,1,White,Female,45-54,74.684,Loan originated
1,1145000.0,20%-<30%,1675000.0,466.0,1,White,Joint,45-54,68.646,Loan originated
1,355000.0,46,515000.0,202.0,1,Hispanic or Latino,Joint,45-54,70.0,Loan originated
1,765000.0,47,805000.0,178.0,1,Hispanic or Latino,Male,35-44,95.0,Loan originated
1,915000.0,37,1865000.0,275.0,1,White,Joint,45-54,49.171,Loan originated
1,465000.0,<20%,575000.0,947.0,1,White,Male,55-64,80.0,Loan originated
1,1145000.0,49,1525000.0,246.0,1,White,Male,35-44,75.0,Loan originated
1,545000.0,49,565000.0,125.0,1,Asian,Male,25-34,96.0,Loan originated
1,505000.0,30%-<36%,895000.0,158.0,1,Asian,Joint,35-44,55.87,Loan originated
1,195000.0,20%-<30%,695000.0,146.0,1,White,Male,35-44,28.264,Loan originated
1,285000.0,46,805000.0,85.0,1,White,Female,35-44,35.356,Loan originated
1,345000.0,46,425000.0,83.0,1,White,Male,35-44,80.0,Loan originated
1,565000.0,30%-<36%,725000.0,178.0,1,White,Female,35-44,77.241,Loan originated
1,715000.0,<20%,795000.0,1730.0,1,White,Male,45-54,90.0,Application denied
1,505000.0,39,845000.0,148.0,1,White,Joint,35-44,60.0,Loan originated
1,345000.0,30%-<36%,425000.0,176.0,1,Hispanic or Latino,Male,65-74,80.0,Loan originated
1,625000.0,47,785000.0,130.0,1,White,Joint,55-64,80.0,Loan originated
1,495000.0,49,615000.0,108.0,1,White,Joint,25-34,80.0,Loan originated
1,375000.0,49,755000.0,87.0,1,Asian,Joint,35-44,50.0,Loan originated
1,365000.0,40,485000.0,83.0,1,Hispanic or Latino,Female,45-54,94.9,Loan originated
1,1055000.0,49,1765000.0,213.0,1,White,Joint,65-74,60.0,Loan originated
1,465000.0,50%-60%,585000.0,115.0,1,Asian,Joint,45-54,80.0,Application denied
1,735000.0,36,775000.0,220.0,1,White,Joint,25-34,95.0,Loan originated
1,535000.0,37,565000.0,213.0,1,Hispanic or Latino,Male,55-64,95.0,Loan originated
1,625000.0,20%-<30%,785000.0,282.0,1,White,Male,25-34,80.0,Loan originated
1,435000.0,30%-<36%,535000.0,260.0,1,White,Joint,55-64,80.0,Loan originated
1,585000.0,48,615000.0,243.0,1,White,Female,25-34,95.0,Loan originated
1,175000.0,37,305000.0,73.0,1,Hispanic or Latino,Male,55-64,59.938,Loan originated
1,375000.0,40,575000.0,122.0,1,White,Female,35-44,65.217,Loan originated
1,545000.0,41,785000.0,191.0,1,Asian,Female,25-34,69.872,Loan originated
1,725000.0,39,1035000.0,214.0,1,Asian,Female,35-44,69.99,Loan originated
1,795000.0,47,995000.0,164.0,1,White,Joint,25-34,80.0,Loan originated
1,505000.0,41,545000.0,179.0,1,Hispanic or Latino,Joint,25-34,92.721,Loan originated
1,755000.0,48,1505000.0,181.0,1,White,Male,55-64,50.0,Loan originated
1,1025000.0,39,1285000.0,280.0,1,Asian,Male,35-44,80.0,Loan originated
1,775000.0,41,865000.0,656.0,1,Asian,Male,35-44,90.0,Loan originated
1,355000.0,46,445000.0,83.0,1,Hispanic or Latino,Male,45-54,79.545,Loan originated
1,555000.0,48,715000.0,120.0,1,Asian,Male,25-34,97.465,Loan originated
1,615000.0,30%-<36%,655000.0,223.0,1,White,Joint,25-34,95.0,Loan originated
1,855000.0,42,1065000.0,211.0,1,White,Joint,25-34,80.0,Loan originated
1,865000.0,38,1385000.0,220.0,1,Asian,Joint,45-54,62.19,Loan originated
1,795000.0,20%-<30%,995000.0,297.0,1,Asian,Joint,35-44,80.0,Loan originated
1,515000.0,40,715000.0,136.0,1,Asian,Joint,25-34,71.904,Loan originated
1,645000.0,43,715000.0,146.0,1,Hispanic or Latino,Joint,25-34,89.79,Loan originated
1,1125000.0,30%-<36%,1185000.0,386.0,1,Black or African American,Male,25-34,95.0,Loan originated
1,455000.0,30%-<36%,705000.0,140.0,1,Asian,Female,35-44,64.436,Loan originated
1,505000.0,42,525000.0,129.0,1,Other,Male,45-54,97.0,Loan originated
1,1105000.0,45,1385000.0,742.0,1,Asian,Joint,<25,79.84,Loan originated
1,475000.0,30%-<36%,505000.0,155.0,1,White,Joint,25-34,95.0,Loan originated
1,1005000.0,45,1505000.0,240.0,1,White,Female,55-64,67.0,Loan originated
1,655000.0,45,825000.0,134.0,1,White,Joint,35-44,98.293,Loan originated
1,525000.0,50%-60%,545000.0,88.0,1,Hispanic or Latino,Female,25-34,100.0,Loan originated
1,1095000.0,45,1525000.0,248.0,1,Other,Female,35-44,71.5,Loan originated
1,205000.0,44,255000.0,60.0,1,Hispanic or Latino,Male,25-34,80.0,Loan originated
1,905000.0,48,955000.0,210.0,1,White,Female,35-44,95.0,Loan originated
1,505000.0,38,775000.0,167.0,1,White,Joint,45-54,65.0,Loan originated
1,455000.0,41,505000.0,135.0,1,Hispanic or Latino,Joint,35-44,90.0,Loan originated
1,1135000.0,40,1425000.0,279.0,1,White,Joint,45-54,80.0,Loan originated
1,565000.0,30%-<36%,705000.0,199.0,1,Hispanic or Latino,Female,25-34,80.0,Loan originated
1,245000.0,44,475000.0,53.0,1,White,Female,65-74,52.211,Loan originated
1,505000.0,20%-<30%,1405000.0,419.0,1,White,Joint,65-74,35.714,Loan originated
1,665000.0,38,825000.0,164.0,1,White,Joint,65-74,80.0,Loan originated
1,215000.0,39,305000.0,57.0,1,Hispanic or Latino,Female,<25,74.11,Loan originated
1,1075000.0,49,1705000.0,210.0,1,Asian,Male,35-44,63.24,Loan originated
1,955000.0,37,1205000.0,261.0,1,Hispanic or Latino,Male,35-44,79.542,Loan originated
1,515000.0,38,605000.0,150.0,1,Hispanic or Latino,Joint,35-44,85.0,Loan originated
1,435000.0,30%-<36%,805000.0,180.0,1,Asian,Male,45-54,53.7,Loan originated
1,1135000.0,36,1575000.0,424.0,1,Asian,Joint,25-34,71.955,Loan originated
1,455000.0,30%-<36%,3005000.0,660.0,1,Other,Male,55-64,35.69,Application denied
1,415000.0,48,445000.0,117.0,1,Hispanic or Latino,Joint,25-34,95.0,Loan originated
1,1035000.0,44,1375000.0,285.0,1,Asian,Female,45-54,75.0,Loan originated
1,485000.0,40,615000.0,121.0,1,White,Male,25-34,80.0,Loan originated
1,365000.0,20%-<30%,495000.0,235.0,1,White,Female,45-54,75.0,Loan originated
1,275000.0,45,345000.0,141.0,1,Asian,Joint,25-34,80.0,Loan originated
1,355000.0,39,685000.0,131.0,1,Asian,Male,25-34,51.825,Loan originated
1,485000.0,37,645000.0,126.0,1,Hispanic or Latino,Female,<25,75.0,Loan originated
1,485000.0,47,505000.0,199.0,1,Hispanic or Latino,Joint,55-64,95.0,Application denied
1,585000.0,42,645000.0,143.0,1,Other,Male,35-44,90.0,Loan originated
1,765000.0,<20%,2475000.0,2227.0,1,White,Joint,45-54,31.0,Loan originated
1,905000.0,48,1035000.0,195.0,1,Hispanic or Latino,Joint,25-34,88.0,Loan originated
1,1145000.0,41,1445000.0,292.0,1,Asian,Male,25-34,79.282,Loan originated
1,525000.0,41,555000.0,168.0,1,Hispanic or Latino,Joint,35-44,95.0,Application denied
1,915000.0,48,1145000.0,202.0,1,Asian,Male,25-34,80.0,Loan originated
1,765000.0,36,955000.0,303.0,1,White,Female,45-54,80.0,Loan originated
1,785000.0,40,1125000.0,219.0,1,White,Male,55-64,70.0,Loan originated
1,345000.0,45,425000.0,121.0,1,Hispanic or Latino,Joint,35-44,79.99,Loan originated
1,565000.0,30%-<36%,725000.0,226.0,1,Asian,Male,45-54,77.14,Loan originated
1,45000.0,30%-<36%,75000.0,60.0,1,White,Joint,55-64,53.33,Loan originated
1,265000.0,47,335000.0,55.0,1,Hispanic or Latino,Male,25-34,80.0,Loan originated
1,485000.0,42,505000.0,102.0,1,Hispanic or Latino,Joint,25-34,97.0,Loan originated
1,335000.0,48,355000.0,92.0,1,White,Male,25-34,98.0,Application denied
1,75000.0,20%-<30%,85000.0,80.0,1,White,Male,55-64,80.0,Loan originated
1,695000.0,<20%,925000.0,1700.0,1,Hispanic or Latino,Male,45-54,75.0,Loan originated
1,415000.0,38,515000.0,117.0,1,Asian,Joint,35-44,80.0,Loan originated
1,765000.0,30%-<36%,1135000.0,271.0,1,White,Joint,25-34,67.24,Loan originated
1,365000.0,49,455000.0,80.0,1,White,Female,35-44,80.0,Loan originated
1,125000.0,30%-<36%,525000.0,70.0,1,Hispanic or Latino,Female,45-54,22.857,Loan originated
1,585000.0,49,655000.0,170.0,1,White,Joint,25-34,90.0,Loan originated
1,875000.0,30%-<36%,1075000.0,346.0,1,Hispanic or Latino,Joint,35-44,81.6,Application denied
1,45000.0,30%-<36%,75000.0,56.0,1,White,Joint,>74,65.75,Loan originated
1,765000.0,49,1145000.0,259.0,1,Asian,Joint,55-64,67.0,Loan originated
1,735000.0,40,775000.0,221.0,1,Asian,Joint,35-44,94.0,Loan originated
1,405000.0,45,425000.0,87.0,1,Asian,Joint,35-44,98.0,Loan originated
1,415000.0,41,525000.0,99.0,1,White,Male,25-34,80.0,Loan originated
1,725000.0,44,905000.0,200.0,1,White,Joint,45-54,80.0,Loan originated
1,595000.0,49,665000.0,170.0,1,Asian,Female,35-44,89.953,Loan originated
1,295000.0,49,495000.0,64.0,1,White,Male,45-54,60.0,Loan originated
1,295000.0,38,355000.0,72.0,1,Hispanic or Latino,Female,25-34,84.86,Loan originated
1,515000.0,48,585000.0,106.0,1,White,Male,35-44,88.149,Loan originated
1,945000.0,36,1185000.0,360.0,1,Asian,Joint,35-44,80.0,Loan originated
1,1285000.0,42,1605000.0,375.0,1,White,Joint,25-34,80.0,Loan originated
1,1115000.0,30%-<36%,1405000.0,343.0,1,Asian,Joint,35-44,80.0,Loan originated
1,405000.0,<20%,2335000.0,372.0,1,Asian,Joint,55-64,17.118,Loan originated
1,285000.0,47,555000.0,104.0,1,Hispanic or Latino,Female,35-44,50.901,Loan originated
1,395000.0,30%-<36%,495000.0,127.0,1,Hispanic or Latino,Male,55-64,80.0,Loan originated
1,1135000.0,30%-<36%,1735000.0,395.0,1,Asian,Joint,35-44,65.418,Loan originated
1,825000.0,39,945000.0,248.0,1,Asian,Joint,45-54,87.302,Loan originated
1,415000.0,30%-<36%,435000.0,129.0,1,White,Female,25-34,97.0,Loan originated
1,465000.0,48,585000.0,114.0,1,White,Female,25-34,80.0,Loan originated
1,615000.0,30%-<36%,635000.0,223.0,1,Hispanic or Latino,Female,25-34,97.0,Loan originated
1,1305000.0,50%-60%,1835000.0,434.0,1,White,Male,35-44,71.038,Loan originated
1,255000.0,49,1615000.0,118.0,1,Asian,Female,35-44,15.83,Loan originated
1,775000.0,20%-<30%,1465000.0,387.0,1,White,Joint,35-44,52.56,Loan originated
1,745000.0,30%-<36%,785000.0,232.0,1,Hispanic or Latino,Male,45-54,95.0,Loan originated
1,105000.0,<20%,645000.0,0.0,1,White,Male,55-64,15.63,Application denied
1,575000.0,49,615000.0,227.0,1,Hispanic or Latino,Male,25-34,95.0,Loan originated
1,525000.0,49,655000.0,196.0,1,Asian,Male,35-44,80.0,Loan originated
1,515000.0,48,725000.0,116.0,1,White,Female,45-54,71.034,Loan originated
1,725000.0,49,805000.0,227.0,1,White,Joint,65-74,90.0,Loan originated
1,1005000.0,20%-<30%,1255000.0,562.0,1,Asian,Joint,25-34,80.0,Loan originated
1,405000.0,49,435000.0,362.0,1,Hispanic or Latino,Male,55-64,95.0,Loan originated
1,465000.0,49,495000.0,132.0,1,White,Joint,35-44,94.545,Loan originated
1,755000.0,43,1185000.0,167.0,1,White,Male,45-54,63.56,Loan originated
1,195000.0,40,205000.0,51.0,1,Hispanic or Latino,Male,25-34,97.0,Loan originated
1,665000.0,42,835000.0,273.0,1,White,Joint,55-64,80.0,Loan originated
1,465000.0,47,575000.0,101.0,1,Asian,Female,35-44,80.0,Loan originated
1,565000.0,48,705000.0,439.0,1,White,Joint,>74,80.0,Loan originated
1,385000.0,41,405000.0,234.0,1,Hispanic or Latino,Male,55-64,95.0,Loan originated
1,245000.0,41,485000.0,100.0,1,Hispanic or Latino,Male,35-44,50.516,Loan originated
1,305000.0,20%-<30%,375000.0,124.0,1,Hispanic or Latino,Joint,35-44,80.0,Loan originated
1,935000.0,42,1245000.0,285.0,1,White,Joint,35-44,86.21,Loan originated
1,815000.0,43,915000.0,214.0,1,Asian,Joint,45-54,89.28,Loan originated
1,535000.0,48,725000.0,110.0,1,Asian,Female,35-44,95.0,Loan originated
1,1035000.0,30%-<36%,1305000.0,344.0,1,Asian,Joint,25-34,80.0,Loan originated
1,335000.0,30%-<36%,475000.0,123.0,1,White,Female,45-54,70.53,Loan originated
1,385000.0,30%-<36%,485000.0,122.0,1,Asian,Joint,35-44,100.0,Loan originated
1,555000.0,43,645000.0,146.0,1,Black or African American,Male,25-34,84.931,Loan originated
1,565000.0,44,1205000.0,209.0,1,White,Joint,45-54,46.833,Loan originated
1,385000.0,49,485000.0,129.0,1,Hispanic or Latino,Female,<25,80.0,Loan originated
1,285000.0,30%-<36%,295000.0,136.0,1,White,Male,<25,100.0,Loan originated
1,185000.0,20%-<30%,195000.0,120.0,1,White,Female,35-44,94.95,Application denied
1,475000.0,48,495000.0,137.0,1,Hispanic or Latino,Female,35-44,96.0,Application denied
1,505000.0,30%-<36%,555000.0,166.0,1,Hispanic or Latino,Joint,25-34,89.998,Loan originated
1,1025000.0,30%-<36%,1365000.0,368.0,1,Asian,Joint,25-34,75.0,Loan originated
1,395000.0,49,445000.0,80.0,1,White,Joint,25-34,90.0,Loan originated
1,475000.0,30%-<36%,1175000.0,210.0,1,Asian,Female,35-44,40.63,Application denied
1,575000.0,49,685000.0,121.0,1,Asian,Male,25-34,84.55,Loan originated
1,835000.0,40,935000.0,196.0,1,Asian,Male,35-44,89.5,Loan originated
1,945000.0,42,1655000.0,347.0,1,Asian,Joint,55-64,57.27,Loan originated
1,425000.0,38,445000.0,114.0,1,Hispanic or Latino,Male,45-54,95.0,Application denied
1,595000.0,45,665000.0,184.0,1,Asian,Female,25-34,90.0,Loan originated
1,365000.0,20%-<30%,455000.0,135.0,1,White,Joint,45-54,80.0,Loan originated
1,435000.0,>60%,635000.0,175.0,1,Asian,Joint,35-44,68.294,Application denied
1,405000.0,49,505000.0,83.0,1,Hispanic or Latino,Joint,<25,80.0,Loan originated
1,535000.0,42,565000.0,198.0,1,White,Joint,35-44,99.751,Loan originated
1,215000.0,42,605000.0,70.0,1,Asian,Female,55-64,36.0,Loan originated
1,605000.0,47,635000.0,138.0,1,Asian,Male,35-44,95.0,Loan originated
1,545000.0,<20%,675000.0,744.0,1,White,Male,45-54,80.0,Loan originated
1,665000.0,<20%,775000.0,417.0,1,White,Joint,45-54,85.0,Loan originated
1,675000.0,48,905000.0,143.0,1,White,Male,45-54,149.26,Loan originated
1,365000.0,40,405000.0,82.0,1,White,Male,25-34,90.0,Loan originated
1,545000.0,<20%,1095000.0,1019.0,1,Asian,Male,25-34,50.0,Loan originated
1,665000.0,36,825000.0,203.0,1,White,Joint,35-44,80.0,Loan originated
1,425000.0,36,595000.0,156.0,1,Asian,Male,25-34,72.034,Loan originated
1,1065000.0,30%-<36%,1335000.0,302.0,1,Asian,Male,35-44,80.0,Loan originated
1,405000.0,46,1305000.0,136.0,1,White,Joint,55-64,31.035,Loan originated
1,485000.0,43,505000.0,137.0,1,Hispanic or Latino,Male,45-54,97.0,Loan originated
1,595000.0,43,665000.0,204.0,1,Hispanic or Latino,Male,55-64,90.0,Loan originated
1,465000.0,30%-<36%,485000.0,140.0,1,White,Female,<25,95.0,Loan originated
1,595000.0,30%-<36%,615000.0,230.0,1,White,Joint,45-54,97.0,Application denied
1,1105000.0,41,1225000.0,282.0,1,White,Joint,55-64,90.0,Loan originated
1,265000.0,46,715000.0,73.0,1,White,Female,55-64,43.089,Loan originated
1,275000.0,30%-<36%,375000.0,119.0,1,Hispanic or Latino,Joint,35-44,75.0,Loan originated
1,735000.0,45,915000.0,163.0,1,Asian,Joint,45-54,80.0,Loan originated
1,345000.0,44,515000.0,142.0,1,White,Female,35-44,67.073,Loan originated
1,265000.0,40,285000.0,108.0,1,Asian,Female,>74,95.0,Application denied
1,1045000.0,20%-<30%,1305000.0,545.0,1,White,Male,35-44,80.0,Loan originated
1,525000.0,42,715000.0,132.0,1,Asian,Female,<25,80.0,Loan originated
1,715000.0,20%-<30%,755000.0,270.0,1,White,Joint,25-34,95.0,Loan originated
1,755000.0,30%-<36%,1415000.0,605.0,1,White,Joint,35-44,52.966,Loan originated
1,725000.0,39,755000.0,262.0,1,Asian,Joint,35-44,95.0,Loan originated
1,415000.0,42,1355000.0,205.0,1,White,Joint,35-44,30.37,Loan originated
1,315000.0,36,505000.0,86.0,1,White,Male,25-34,62.672,Loan originated
1,625000.0,30%-<36%,1075000.0,286.0,1,Asian,Joint,35-44,58.14,Loan originated
1,395000.0,20%-<30%,565000.0,171.0,1,White,Joint,55-64,70.0,Loan originated
1,225000.0,20%-<30%,715000.0,116.0,1,Hispanic or Latino,Female,65-74,31.359,Loan originated
1,685000.0,20%-<30%,1375000.0,387.0,1,Asian,Male,55-64,50.0,Loan originated
1,755000.0,48,845000.0,179.0,1,White,Joint,35-44,90.0,Loan originated
1,75000.0,43,135000.0,45.0,1,White,Male,65-74,53.846,Loan originated
1,505000.0,48,525000.0,147.0,1,Hispanic or Latino,Male,45-54,97.0,Loan originated
1,505000.0,43,525000.0,119.0,1,Hispanic or Latino,Joint,35-44,97.0,Loan originated
1,725000.0,<20%,905000.0,560.0,1,Hispanic or Latino,Joint,25-34,80.0,Loan originated
1,255000.0,45,375000.0,73.0,1,White,Joint,25-34,70.0,Loan originated
1,255000.0,20%-<30%,285000.0,148.0,1,Asian,Male,35-44,97.0,Loan originated
1,325000.0,43,415000.0,71.0,1,Asian,Male,25-34,80.0,Loan originated
1,505000.0,20%-<30%,635000.0,184.0,1,White,Female,25-34,80.0,Loan originated
1,625000.0,38,775000.0,151.0,1,White,Female,25-34,80.0,Loan originated
1,325000.0,48,405000.0,85.0,1,Hispanic or Latino,Male,25-34,80.0,Loan originated
1,1045000.0,30%-<36%,1305000.0,365.0,1,Asian,Joint,25-34,80.0,Loan originated
1,1095000.0,42,1155000.0,295.0,1,White,Male,35-44,95.0,Loan originated
1,555000.0,47,575000.0,146.0,1,Asian,Joint,35-44,95.0,Loan originated
1,715000.0,46,755000.0,165.0,1,White,Joint,35-44,95.0,Application denied
1,525000.0,48,1325000.0,138.0,1,White,Joint,25-34,39.623,Loan originated
1,685000.0,39,855000.0,172.0,1,Asian,Joint,45-54,80.0,Loan originated
1,565000.0,40,605000.0,135.0,1,Hispanic or Latino,Female,25-34,93.375,Loan originated
1,585000.0,40,615000.0,195.0,1,Hispanic or Latino,Joint,25-34,100.0,Loan originated
1,415000.0,20%-<30%,525000.0,176.0,1,White,Joint,55-64,80.0,Loan originated
1,675000.0,49,845000.0,166.0,1,White,Female,45-54,80.0,Application denied
1,555000.0,46,635000.0,128.0,1,White,Male,35-44,86.929,Loan originated
1,765000.0,36,855000.0,236.0,1,White,Joint,25-34,89.708,Loan originated
1,575000.0,48,1105000.0,349.0,1,Asian,Male,25-34,52.13,Loan originated
1,855000.0,37,1075000.0,293.0,1,White,Joint,25-34,80.0,Loan originated
1,755000.0,46,945000.0,253.0,1,Asian,Joint,25-34,80.0,Loan originated
1,755000.0,50%-60%,1255000.0,234.0,1,White,Male,25-34,52.0,Application denied
1,505000.0,47,535000.0,301.0,1,White,Male,65-74,95.0,Loan originated
1,645000.0,>60%,825000.0,80.0,1,Asian,Joint,25-34,77.879,Application denied
1,355000.0,39,905000.0,104.0,1,White,Female,35-44,38.889,Loan originated
1,455000.0,45,565000.0,181.0,1,Black or African American,Joint,35-44,80.0,Loan originated
1,975000.0,47,1045000.0,256.0,1,White,Male,25-34,93.75,Loan originated
1,825000.0,48,1025000.0,169.0,1,White,Female,35-44,80.0,Application denied
1,625000.0,49,895000.0,141.0,1,Asian,Female,35-44,70.0,Loan originated
1,405000.0,38,1165000.0,130.0,1,Asian,Male,35-44,34.483,Loan originated
1,555000.0,45,695000.0,210.0,1,White,Female,35-44,80.0,Loan originated
1,615000.0,30%-<36%,775000.0,181.0,1,Hispanic or Latino,Joint,35-44,80.0,Loan originated
1,475000.0,42,595000.0,157.0,1,Hispanic or Latino,Joint,45-54,80.0,Loan originated
1,535000.0,<20%,755000.0,285.0,1,Asian,Joint,25-34,71.129,Loan originated
1,695000.0,49,735000.0,166.0,1,Hispanic or Latino,Male,25-34,95.0,Loan originated
1,425000.0,39,465000.0,111.0,1,White,Male,45-54,90.395,Loan originated
1,235000.0,48,245000.0,53.0,1,Hispanic or Latino,Female,<25,100.4,Loan originated
1,155000.0,20%-<30%,225000.0,95.0,1,White,Male,25-34,69.034,Loan originated
1,715000.0,43,795000.0,200.0,1,White,Female,25-34,90.0,Loan originated
1,665000.0,43,825000.0,166.0,1,White,Male,35-44,80.0,Loan originated
1,355000.0,46,2735000.0,191.0,1,White,Joint,45-54,12.79,Loan originated
1,615000.0,30%-<36%,655000.0,221.0,1,Hispanic or Latino,Joint,25-34,93.93,Loan originated
1,765000.0,45,1175000.0,292.0,1,Hispanic or Latino,Male,35-44,89.9,Loan originated
1,1145000.0,42,2095000.0,284.0,1,Asian,Male,25-34,54.84,Loan originated
1,445000.0,20%-<30%,565000.0,151.0,1,White,Male,35-44,80.0,Loan originated
1,525000.0,<20%,655000.0,706.0,1,Asian,Male,55-64,80.0,Application denied
1,225000.0,47,305000.0,54.0,1,Hispanic or Latino,Female,65-74,75.0,Loan originated
1,235000.0,38,295000.0,113.0,1,Hispanic or Latino,Male,45-54,80.0,Loan originated
1,235000.0,30%-<36%,275000.0,34.0,1,Hispanic or Latino,Female,25-34,85.185,Application denied
1,755000.0,46,1005000.0,189.0,1,White,Joint,65-74,75.0,Loan originated
1,1105000.0,44,1505000.0,271.0,1,Asian,Male,35-44,73.333,Loan originated
1,415000.0,43,435000.0,157.0,1,Hispanic or Latino,Male,25-34,100.0,Loan originated
1,545000.0,50%-60%,685000.0,129.0,1,Hispanic or Latino,Joint,35-44,80.0,Loan originated
1,505000.0,20%-<30%,1045000.0,236.0,1,Asian,Joint,35-44,47.847,Loan originated
1,905000.0,44,1805000.0,214.0,1,Asian,Male,45-54,50.0,Loan originated
1,705000.0,37,1295000.0,225.0,1,Asian,Male,35-44,54.054,Loan originated
1,805000.0,43,1405000.0,215.0,1,Other,Male,45-54,57.143,Loan originated
1,1105000.0,43,1495000.0,361.0,1,White,Joint,35-44,74.0,Loan originated
1,465000.0,44,575000.0,104.0,1,White,Male,35-44,80.0,Loan originated
1,325000.0,30%-<36%,595000.0,120.0,1,White,Joint,65-74,53.422,Loan originated
1,385000.0,37,485000.0,126.0,1,White,Joint,35-44,80.0,Loan originated
1,605000.0,30%-<36%,755000.0,224.0,1,Asian,Joint,35-44,80.0,Loan originated
1,475000.0,41,595000.0,143.0,1,Asian,Male,25-34,80.0,Loan originated
1,685000.0,45,855000.0,177.0,1,Asian,Male,35-44,80.0,Loan originated
1,1015000.0,49,1135000.0,295.0,1,Asian,Joint,35-44,90.0,Loan originated
1,455000.0,36,475000.0,137.0,1,White,Male,35-44,97.0,Loan originated
1,205000.0,40,995000.0,108.0,1,Hispanic or Latino,Joint,65-74,20.1,Loan originated
1,215000.0,48,235000.0,81.0,1,White,Male,>74,95.0,Loan originated
1,235000.0,43,535000.0,62.0,1,Black or African American,Male,65-74,98.12,Application denied
1,315000.0,49,1435000.0,89.0,1,Hispanic or Latino,Male,55-64,21.96,Loan originated
1,965000.0,37,1205000.0,272.0,1,White,Joint,25-34,80.0,Loan originated
1,485000.0,30%-<36%,615000.0,475.0,1,White,Joint,25-34,80.0,Loan originated
1,1005000.0,42,1255000.0,347.0,1,White,Joint,55-64,80.0,Application denied
1,475000.0,43,875000.0,287.0,1,Asian,Joint,35-44,55.0,Loan originated
1,505000.0,48,1225000.0,113.0,1,Asian,Male,45-54,41.0,Loan originated
1,785000.0,20%-<30%,975000.0,236.0,1,White,Male,35-44,80.0,Loan originated
1,65000.0,45,265000.0,59.0,1,White,Male,>74,25.651,Application denied
1,535000.0,42,625000.0,144.0,1,White,Female,25-34,85.0,Loan originated
1,1085000.0,30%-<36%,1505000.0,442.0,1,Asian,Male,35-44,93.0,Loan originated
1,255000.0,45,1055000.0,93.0,1,White,Female,65-74,24.0,Loan originated
1,205000.0,20%-<30%,305000.0,169.0,1,White,Female,55-64,67.21,Loan originated
1,765000.0,37,1025000.0,280.0,1,White,Female,45-54,74.562,Loan originated
1,435000.0,30%-<36%,455000.0,221.0,1,White,Female,65-74,95.0,Loan originated
1,785000.0,48,1055000.0,179.0,1,White,Joint,25-34,74.286,Loan originated
1,865000.0,38,1075000.0,374.0,1,Asian,Male,25-34,80.0,Loan originated
1,15000.0,30%-<36%,525000.0,177.0,1,Black or African American,Joint,45-54,100.0,Loan originated
1,845000.0,45,1645000.0,263.0,1,White,Joint,25-34,51.368,Loan originated
1,505000.0,46,625000.0,165.0,1,Asian,Male,25-34,83.0,Loan originated
1,435000.0,44,545000.0,173.0,1,Asian,Male,45-54,80.0,Loan originated
1,1115000.0,30%-<36%,1395000.0,335.0,1,White,Joint,25-34,80.0,Loan originated
1,295000.0,43,385000.0,103.0,1,Asian,Male,35-44,75.0,Loan originated
1,1105000.0,42,1375000.0,346.0,1,White,Joint,35-44,80.0,Loan originated
1,365000.0,43,435000.0,81.0,1,Other,Male,25-34,85.0,Loan originated
1,525000.0,43,925000.0,13.0,1,Asian,Joint,35-44,56.66,Loan originated
1,275000.0,30%-<36%,325000.0,100.0,1,Hispanic or Latino,Joint,65-74,105.0,Loan originated
1,525000.0,48,555000.0,165.0,1,Asian,Male,25-34,95.0,Loan originated
1,465000.0,41,725000.0,183.0,1,White,Joint,>74,64.14,Loan originated
1,565000.0,47,595000.0,166.0,1,Asian,Female,25-34,95.0,Loan originated
1,475000.0,44,595000.0,129.0,1,Asian,Female,25-34,80.0,Loan originated
1,305000.0,42,625000.0,75.0,1,Hispanic or Latino,Male,35-44,48.387,Loan originated
1,925000.0,43,1825000.0,238.0,1,Asian,Male,45-54,50.54,Loan originated
1,385000.0,39,485000.0,121.0,1,Hispanic or Latino,Joint,25-34,80.0,Loan originated
1,685000.0,49,715000.0,169.0,1,Other,Joint,35-44,95.0,Loan originated
1,475000.0,40,525000.0,166.0,1,White,Female,35-44,90.0,Loan originated
1,1085000.0,47,2175000.0,247.0,1,White,Female,45-54,49.885,Loan originated
1,945000.0,43,1195000.0,256.0,1,White,Joint,35-44,78.99,Loan originated
1,745000.0,49,1275000.0,150.0,1,White,Joint,35-44,59.0,Loan originated
1,415000.0,49,445000.0,134.0,1,Hispanic or Latino,Joint,45-54,98.33,Loan originated
1,415000.0,48,435000.0,99.0,1,Hispanic or Latino,Joint,25-34,95.0,Loan originated
1,195000.0,38,205000.0,114.0,1,White,Joint,55-64,95.0,Application denied
1,345000.0,30%-<36%,355000.0,288.0,1,Black or African American,Joint,25-34,95.0,Loan originated
1,555000.0,49,695000.0,238.0,1,Black or African American,Male,25-34,80.0,Loan originated
1,145000.0,20%-<30%,165000.0,121.0,1,Hispanic or Latino,Female,35-44,90.0,Loan originated
1,1085000.0,47,1355000.0,258.0,1,Hispanic or Latino,Female,55-64,80.0,Loan originated
1,355000.0,44,745000.0,276.0,1,White,Joint,45-54,89.99,Loan originated
1,485000.0,47,535000.0,104.0,1,Asian,Male,45-54,90.0,Loan originated
1,335000.0,30%-<36%,825000.0,136.0,1,Hispanic or Latino,Joint,55-64,40.0,Loan originated
1,695000.0,46,985000.0,150.0,1,Asian,Female,55-64,70.0,Loan originated
1,515000.0,<20%,965000.0,270.0,1,Asian,Male,55-64,53.37,Loan originated
1,155000.0,30%-<36%,805000.0,99.0,1,Asian,Male,25-34,18.75,Loan originated
1,865000.0,49,1435000.0,174.0,1,White,Female,35-44,60.0,Loan originated
1,955000.0,46,1405000.0,211.0,1,Asian,Joint,25-34,67.857,Loan originated
1,545000.0,49,685000.0,120.0,1,White,Female,35-44,80.0,Loan originated
1,525000.0,42,705000.0,133.0,1,White,Male,35-44,75.0,Loan originated
1,505000.0,44,2175000.0,162.0,1,Asian,Male,<25,22.99,Loan originated
1,325000.0,46,365000.0,83.0,1,White,Male,25-34,90.0,Loan originated
1,715000.0,39,755000.0,255.0,1,Black or African American,Joint,55-64,95.0,Loan originated
1,895000.0,49,1385000.0,318.0,1,White,Joint,25-34,64.12,Loan originated
1,675000.0,40,745000.0,173.0,1,Asian,Joint,35-44,89.933,Loan originated
1,405000.0,20%-<30%,425000.0,182.0,1,Hispanic or Latino,Joint,25-34,94.18,Loan originated
1,465000.0,20%-<30%,575000.0,197.0,1,Asian,Female,25-34,80.0,Loan originated
1,485000.0,49,665000.0,121.0,1,White,Female,45-54,72.782,Loan originated
1,325000.0,20%-<30%,435000.0,122.0,1,White,Joint,35-44,75.0,Loan originated
1,335000.0,46,585000.0,123.0,1,White,Male,35-44,57.265,Loan originated
1,885000.0,36,1115000.0,270.0,1,White,Joint,35-44,80.0,Loan originated
1,195000.0,38,205000.0,57.0,1,Hispanic or Latino,Female,<25,97.0,Loan originated
1,385000.0,47,455000.0,116.0,1,Asian,Female,55-64,85.0,Loan originated
1,945000.0,37,1265000.0,335.0,1,White,Male,55-64,75.0,Loan originated
1,495000.0,30%-<36%,545000.0,165.0,1,Hispanic or Latino,Male,45-54,90.0,Loan originated
1,295000.0,49,345000.0,60.0,1,Asian,Male,55-64,87.059,Loan originated
1,385000.0,37,425000.0,184.0,1,Hispanic or Latino,Joint,65-74,90.0,Loan originated
1,855000.0,36,1005000.0,289.0,1,White,Joint,35-44,85.0,Loan originated
1,235000.0,30%-<36%,335000.0,85.0,1,White,Male,55-64,70.0,Loan originated
1,485000.0,41,495000.0,117.0,1,Hispanic or Latino,Male,35-44,97.0,Loan originated
1,515000.0,48,645000.0,376.0,1,Asian,Joint,25-34,80.0,Loan originated
1,615000.0,42,655000.0,221.0,1,White,Male,35-44,95.0,Loan originated
1,325000.0,47,745000.0,78.0,1,Asian,Male,45-54,43.26,Loan originated
1,1055000.0,49,1325000.0,290.0,1,White,Joint,35-44,80.0,Loan originated
1,255000.0,42,315000.0,70.0,1,White,Female,55-64,80.0,Loan originated
1,215000.0,30%-<36%,295000.0,95.0,1,Hispanic or Latino,Male,45-54,75.0,Loan originated
1,555000.0,42,655000.0,205.0,1,Asian,Joint,45-54,85.0,Loan originated
1,485000.0,37,615000.0,313.0,1,Hispanic or Latino,Male,45-54,80.0,Loan originated
1,585000.0,<20%,835000.0,199.0,1,Asian,Male,45-54,69.97,Loan originated
1,485000.0,30%-<36%,535000.0,175.0,1,Hispanic or Latino,Female,35-44,90.0,Loan originated
1,75000.0,50%-60%,265000.0,55.0,1,White,Female,55-64,29.1,Loan originated
1,335000.0,30%-<36%,355000.0,95.0,1,Hispanic or Latino,Male,35-44,97.0,Loan originated
1,175000.0,49,475000.0,43.0,1,Hispanic or Latino,Male,25-34,36.842,Loan originated
1,435000.0,49,2065000.0,143.0,1,White,Joint,35-44,21.238,Loan originated
1,925000.0,42,1325000.0,230.0,1,White,Joint,25-34,69.811,Loan originated
1,855000.0,49,1405000.0,265.0,1,White,Joint,35-44,60.714,Loan originated
1,105000.0,20%-<30%,685000.0,76.0,1,White,Female,55-64,14.6,Application denied
1,625000.0,39,785000.0,170.0,1,White,Male,35-44,80.0,Loan originated
1,345000.0,38,435000.0,139.0,1,Black or African American,Male,<25,79.5,Loan originated
1,1145000.0,49,1225000.0,310.0,1,White,Male,45-54,93.755,Loan originated
1,1045000.0,46,1305000.0,219.0,1,Asian,Joint,25-34,80.0,Loan originated
1,525000.0,36,625000.0,149.0,1,White,Male,45-54,85.0,Loan originated
1,685000.0,48,725000.0,162.0,1,Hispanic or Latino,Male,25-34,95.0,Loan originated
1,705000.0,49,785000.0,288.0,1,Hispanic or Latino,Joint,45-54,90.0,Loan originated
1,535000.0,45,735000.0,262.0,1,Asian,Joint,55-64,72.603,Loan originated
1,765000.0,46,1835000.0,190.0,1,White,Joint,25-34,41.771,Loan originated
1,415000.0,43,465000.0,96.0,1,Hispanic or Latino,Joint,35-44,90.0,Loan originated
1,245000.0,49,555000.0,61.0,1,Hispanic or Latino,Female,55-64,45.0,Loan originated
1,755000.0,37,1255000.0,196.0,1,Asian,Female,25-34,60.0,Loan originated
1,335000.0,20%-<30%,535000.0,206.0,1,White,Joint,55-64,62.349,Loan originated
1,435000.0,20%-<30%,545000.0,145.0,1,White,Joint,45-54,80.0,Loan originated
1,165000.0,40,185000.0,70.0,1,Hispanic or Latino,Male,45-54,88.89,Loan originated
1,545000.0,43,605000.0,121.0,1,Hispanic or Latino,Female,25-34,90.0,Loan originated
1,275000.0,30%-<36%,285000.0,115.0,1,White,Male,<25,97.0,Loan originated
1,465000.0,38,485000.0,141.0,1,Hispanic or Latino,Joint,25-34,97.0,Loan originated
1,195000.0,20%-<30%,585000.0,291.0,1,White,Male,45-54,33.621,Loan originated
1,575000.0,47,725000.0,232.0,1,White,Joint,45-54,80.0,Loan originated
1,1025000.0,48,1375000.0,210.0,1,White,Joint,35-44,74.544,Loan originated
1,585000.0,43,695000.0,147.0,1,Hispanic or Latino,Female,35-44,85.0,Loan originated
1,555000.0,37,735000.0,164.0,1,Hispanic or Latino,Joint,35-44,75.0,Loan originated
1,365000.0,30%-<36%,435000.0,131.0,1,Hispanic or Latino,Joint,45-54,85.0,Loan originated
1,385000.0,20%-<30%,435000.0,157.0,1,White,Female,45-54,87.831,Loan originated
1,195000.0,20%-<30%,1055000.0,185.0,1,White,Male,45-54,18.095,Loan originated
1,1125000.0,42,1705000.0,439.0,1,White,Joint,55-64,66.166,Loan originated
1,335000.0,49,1175000.0,123.0,1,Asian,Joint,55-64,28.085,Loan originated
1,605000.0,43,645000.0,152.0,1,White,Joint,35-44,95.0,Loan originated
1,525000.0,42,555000.0,164.0,1,White,Female,35-44,95.0,Loan originated
1,475000.0,45,595000.0,163.0,1,Asian,Female,35-44,80.0,Loan originated
1,235000.0,30%-<36%,295000.0,72.0,1,White,Female,25-34,79.66,Loan originated
1,455000.0,<20%,605000.0,297.0,1,White,Female,65-74,74.38,Application denied
1,645000.0,41,725000.0,175.0,1,Hispanic or Latino,Male,65-74,90.0,Loan originated
1,735000.0,30%-<36%,865000.0,254.0,1,Asian,Joint,35-44,85.0,Loan originated
1,175000.0,48,355000.0,164.0,1,White,Joint,35-44,49.435,Loan originated
1,545000.0,47,1255000.0,172.0,1,White,Female,55-64,43.569,Loan originated
1,535000.0,30%-<36%,715000.0,180.0,1,White,Female,25-34,75.0,Loan originated
1,995000.0,41,1995000.0,290.0,1,White,Female,55-64,49.88,Loan originated
1,1015000.0,49,1125000.0,194.0,1,Asian,Joint,35-44,90.0,Loan originated
1,715000.0,48,1195000.0,169.0,1,White,Male,35-44,60.0,Loan originated
1,155000.0,39,785000.0,143.0,1,Asian,Joint,55-64,99.231,Loan originated
1,435000.0,42,485000.0,111.0,1,Hispanic or Latino,Female,35-44,89.9,Loan originated
1,555000.0,46,675000.0,145.0,1,White,Female,35-44,102.738,Application denied
1,1005000.0,46,1705000.0,226.0,1,Asian,Male,35-44,58.824,Loan originated
1,275000.0,47,285000.0,85.0,1,Black or African American,Female,25-34,97.0,Loan originated
1,685000.0,42,855000.0,211.0,1,Asian,Male,35-44,80.0,Loan originated
1,15000.0,49,625000.0,186.0,1,White,Male,45-54,100.0,Loan originated
1,195000.0,30%-<36%,265000.0,81.0,1,Hispanic or Latino,Male,35-44,75.0,Application denied
1,625000.0,20%-<30%,775000.0,340.0,1,White,Male,35-44,80.0,Loan originated
1,685000.0,42,855000.0,172.0,1,Asian,Male,25-34,80.0,Loan originated
1,755000.0,49,795000.0,179.0,1,Hispanic or Latino,Joint,35-44,95.0,Loan originated
1,155000.0,47,485000.0,46.0,1,Hispanic or Latino,Male,55-64,31.25,Loan originated
1,155000.0,20%-<30%,595000.0,150.0,1,White,Joint,55-64,26.053,Loan originated
1,735000.0,47,775000.0,156.0,1,Black or African American,Male,35-44,98.0,Loan originated
1,405000.0,42,455000.0,131.0,1,Hispanic or Latino,Female,25-34,91.09,Loan originated
1,875000.0,49,1155000.0,175.0,1,White,Joint,35-44,76.3,Loan originated
1,525000.0,48,545000.0,109.0,1,Hispanic or Latino,Female,45-54,95.0,Loan originated
1,415000.0,49,485000.0,88.0,1,Hispanic or Latino,Male,25-34,85.0,Loan originated
1,705000.0,43,945000.0,177.0,1,Black or African American,Female,45-54,74.468,Loan originated
1,1035000.0,30%-<36%,1295000.0,300.0,1,White,Joint,25-34,80.0,Loan originated
1,475000.0,30%-<36%,595000.0,183.0,1,Asian,Female,25-34,80.0,Loan originated
1,715000.0,48,845000.0,140.0,1,Asian,Female,25-34,85.0,Loan originated
1,335000.0,42,415000.0,85.0,1,Hispanic or Latino,Female,35-44,80.0,Loan originated
1,315000.0,39,325000.0,81.0,1,White,Female,25-34,97.0,Loan originated
1,555000.0,49,855000.0,122.0,1,White,Female,45-54,64.706,Loan originated
1,485000.0,43,515000.0,116.0,1,Hispanic or Latino,Joint,35-44,100.825,Loan originated
1,455000.0,20%-<30%,465000.0,157.0,1,Hispanic or Latino,Joint,25-34,100.0,Loan originated
1,475000.0,49,675000.0,104.0,1,White,Male,35-44,70.0,Loan originated
1,465000.0,47,565000.0,121.0,1,White,Male,45-54,90.0,Loan originated
1,385000.0,30%-<36%,605000.0,147.0,1,White,Joint,>74,62.81,Loan originated
1,695000.0,44,875000.0,155.0,1,Hispanic or Latino,Female,35-44,80.0,Loan originated
1,645000.0,30%-<36%,805000.0,250.0,1,Asian,Male,35-44,80.0,Loan originated
1,505000.0,20%-<30%,625000.0,209.0,1,White,Female,35-44,80.0,Loan originated
1,925000.0,42,1025000.0,225.0,1,White,Joint,35-44,90.0,Loan originated
1,495000.0,37,795000.0,134.0,1,Asian,Joint,55-64,62.073,Loan originated
1,705000.0,37,785000.0,216.0,1,White,Joint,25-34,90.0,Loan originated
1,765000.0,38,825000.0,306.0,1,White,Male,25-34,92.916,Loan originated
1,705000.0,47,785000.0,206.0,1,Asian,Joint,35-44,89.99,Loan originated
1,685000.0,30%-<36%,815000.0,267.0,1,Asian,Joint,25-34,85.0,Loan originated
1,645000.0,30%-<36%,805000.0,206.0,1,Asian,Joint,35-44,80.0,Loan originated
1,545000.0,37,795000.0,235.0,1,Asian,Male,25-34,68.553,Loan originated
1,705000.0,37,1105000.0,195.0,1,Asian,Male,25-34,63.829,Loan originated
1,1005000.0,40,1255000.0,318.0,1,White,Male,25-34,79.69,Loan originated
1,995000.0,46,1325000.0,224.0,1,Asian,Male,25-34,75.0,Loan originated
1,515000.0,36,545000.0,165.0,1,Hispanic or Latino,Joint,35-44,94.037,Loan originated
1,505000.0,<20%,945000.0,273.0,1,Asian,Male,35-44,53.191,Loan originated
1,375000.0,45,395000.0,86.0,1,Hispanic or Latino,Male,65-74,95.0,Loan originated
1,445000.0,43,525000.0,147.0,1,White,Female,25-34,84.762,Loan originated
1,795000.0,37,835000.0,179.0,1,Hispanic or Latino,Male,45-54,97.994,Loan originated
1,535000.0,30%-<36%,735000.0,182.0,1,Hispanic or Latino,Male,25-34,72.715,Loan originated
1,965000.0,30%-<36%,1205000.0,373.0,1,Asian,Joint,35-44,79.997,Loan originated
1,425000.0,20%-<30%,605000.0,146.0,1,White,Male,55-64,70.0,Loan originated
1,345000.0,50%-60%,405000.0,80.0,1,Hispanic or Latino,Joint,45-54,87.125,Application denied
1,755000.0,37,1455000.0,357.0,1,White,Male,55-64,51.72,Loan originated
1,1125000.0,36,1255000.0,325.0,1,Asian,Male,25-34,89.9,Loan originated
1,395000.0,42,435000.0,109.0,1,Hispanic or Latino,Female,45-54,90.0,Loan originated
1,485000.0,20%-<30%,965000.0,216.0,1,White,Female,55-64,50.311,Loan originated
1,555000.0,44,695000.0,125.0,1,Hispanic or Latino,Female,35-44,100.0,Loan originated
1,765000.0,40,955000.0,314.0,1,Asian,Male,25-34,80.0,Loan originated
1,515000.0,20%-<30%,1975000.0,255.0,1,White,Joint,25-34,25.87,Loan originated
1,345000.0,41,365000.0,121.0,1,White,Male,45-54,94.99,Loan originated
1,315000.0,30%-<36%,1245000.0,145.0,1,Asian,Joint,35-44,25.0,Loan originated
1,805000.0,30%-<36%,1075000.0,249.0,1,Asian,Joint,25-34,75.0,Loan originated
1,385000.0,42,635000.0,149.0,1,Asian,Female,35-44,60.0,Loan originated
1,775000.0,47,1305000.0,180.0,1,Asian,Female,35-44,59.769,Loan originated
1,655000.0,<20%,1125000.0,405.0,1,Asian,Joint,35-44,57.78,Loan originated
1,395000.0,45,405000.0,88.0,1,Hispanic or Latino,Male,<25,100.0,Loan originated
1,445000.0,39,565000.0,143.0,1,Black or African American,Female,45-54,80.0,Loan originated
1,505000.0,37,635000.0,130.0,1,Asian,Male,25-34,80.0,Loan originated
1,445000.0,43,565000.0,160.0,1,Hispanic or Latino,Joint,25-34,79.994,Loan originated
1,905000.0,30%-<36%,1025000.0,245.0,1,Asian,Male,35-44,89.0,Loan originated
1,535000.0,45,595000.0,171.0,1,Hispanic or Latino,Joint,25-34,90.0,Loan originated
1,725000.0,42,915000.0,177.0,1,Hispanic or Latino,Male,25-34,80.0,Loan originated
1,435000.0,42,485000.0,101.0,1,Hispanic or Latino,Joint,35-44,90.0,Loan originated
1,285000.0,50%-60%,365000.0,65.0,1,Hispanic or Latino,Joint,25-34,80.0,Application denied
1,705000.0,30%-<36%,805000.0,222.0,1,White,Joint,25-34,87.5,Loan originated
1,515000.0,36,545000.0,183.0,1,White,Joint,35-44,95.0,Loan originated
1,765000.0,38,1385000.0,218.0,1,Asian,Joint,25-34,55.07,Loan originated
1,555000.0,47,855000.0,125.0,1,Asian,Joint,35-44,65.0,Loan originated
1,595000.0,47,675000.0,146.0,1,Asian,Joint,35-44,88.148,Loan originated
1,285000.0,20%-<30%,475000.0,175.0,1,Hispanic or Latino,Joint,35-44,60.0,Loan originated
1,695000.0,39,725000.0,248.0,1,Asian,Joint,35-44,95.0,Loan originated
1,615000.0,49,775000.0,170.0,1,Asian,Female,25-34,80.0,Loan originated
1,145000.0,<20%,245000.0,91.0,1,Hispanic or Latino,Male,25-34,59.333,Application denied
1,665000.0,45,825000.0,182.0,1,Asian,Male,25-34,89.989,Application denied
1,1095000.0,20%-<30%,1825000.0,591.0,1,Asian,Joint,25-34,60.0,Loan originated
1,285000.0,49,815000.0,71.0,1,Asian,Joint,65-74,34.525,Loan originated
1,1095000.0,46,1235000.0,255.0,1,White,Male,35-44,89.0,Loan originated
1,405000.0,36,515000.0,132.0,1,Hispanic or Latino,Joint,25-34,80.0,Loan originated
1,405000.0,43,505000.0,126.0,1,Asian,Female,55-64,80.0,Loan originated
1,715000.0,45,955000.0,192.0,1,Asian,Male,55-64,75.0,Loan originated
1,1095000.0,48,1225000.0,280.0,1,White,Joint,35-44,90.0,Loan originated
1,535000.0,38,555000.0,154.0,1,Hispanic or Latino,Joint,35-44,97.0,Loan originated
1,405000.0,30%-<36%,685000.0,161.0,1,White,Joint,25-34,58.39,Loan originated
1,1065000.0,37,1255000.0,288.0,1,White,Joint,25-34,85.0,Loan originated
1,755000.0,45,2835000.0,238.0,1,Asian,Male,25-34,26.455,Loan originated
1,635000.0,36,675000.0,191.0,1,Hispanic or Latino,Male,25-34,95.0,Loan originated
1,445000.0,48,555000.0,124.0,1,White,Joint,35-44,80.0,Loan originated
1,985000.0,30%-<36%,1235000.0,472.0,1,White,Male,35-44,80.0,Loan originated
1,155000.0,30%-<36%,215000.0,120.0,1,Hispanic or Latino,Male,55-64,71.43,Loan originated
1,295000.0,49,365000.0,107.0,1,White,Female,>74,80.0,Loan originated
1,445000.0,30%-<36%,635000.0,180.0,1,Asian,Male,35-44,70.0,Loan originated
1,445000.0,43,525000.0,102.0,1,White,Joint,25-34,85.0,Loan originated
1,225000.0,49,255000.0,57.0,1,Hispanic or Latino,Male,35-44,90.0,Loan originated
1,355000.0,36,425000.0,95.0,1,Hispanic or Latino,Male,35-44,104.45,Loan originated
1,675000.0,45,705000.0,169.0,1,Hispanic or Latino,Joint,25-34,100.0,Loan originated
1,655000.0,44,1145000.0,153.0,1,White,Joint,55-64,57.14,Loan originated
1,485000.0,41,605000.0,118.0,1,Asian,Male,25-34,80.0,Loan originated
1,865000.0,36,1085000.0,291.0,1,Asian,Joint,25-34,80.0,Loan originated
1,135000.0,41,375000.0,79.0,1,White,Male,45-54,35.53,Loan originated
1,405000.0,41,765000.0,108.0,1,White,Female,55-64,53.0,Loan originated
1,345000.0,30%-<36%,515000.0,116.0,1,Asian,Joint,45-54,66.99,Loan originated
1,745000.0,49,875000.0,159.0,1,White,Male,35-44,85.0,Loan originated
1,665000.0,49,705000.0,173.0,1,Other,Joint,25-34,98.0,Loan originated
1,425000.0,37,575000.0,121.0,1,Hispanic or Latino,Joint,25-34,73.913,Application denied
1,735000.0,42,765000.0,202.0,1,Asian,Male,25-34,95.0,Loan originated
1,225000.0,49,325000.0,52.0,1,Hispanic or Latino,Male,35-44,70.0,Loan originated
1,355000.0,44,725000.0,95.0,1,Asian,Joint,55-64,48.61,Loan originated
1,285000.0,49,705000.0,112.0,1,Hispanic or Latino,Joint,45-54,40.0,Loan originated
1,555000.0,50%-60%,2605000.0,89.0,1,White,Male,65-74,21.16,Loan originated
1,665000.0,<20%,825000.0,380.0,1,Hispanic or Latino,Joint,65-74,80.0,Loan originated
1,655000.0,38,745000.0,156.0,1,White,Joint,45-54,88.506,Loan originated
1,755000.0,44,1355000.0,178.0,1,Asian,Female,45-54,56.0,Loan originated
1,1105000.0,<20%,2155000.0,4290.0,1,White,Male,35-44,52.0,Loan originated
1,1145000.0,37,1315000.0,328.0,1,Asian,Joint,25-34,87.71,Loan originated
1,1055000.0,30%-<36%,1485000.0,482.0,1,Asian,Joint,25-34,71.0,Loan originated
1,1085000.0,30%-<36%,1355000.0,350.0,1,Asian,Joint,25-34,80.0,Loan originated
1,205000.0,47,555000.0,57.0,1,White,Joint,55-64,36.364,Loan originated
1,265000.0,20%-<30%,1165000.0,133.0,1,White,Joint,65-74,22.414,Loan originated
1,405000.0,30%-<36%,455000.0,147.0,1,Hispanic or Latino,Male,35-44,90.0,Loan originated
1,435000.0,47,455000.0,134.0,1,White,Male,35-44,95.0,Loan originated
1,555000.0,49,755000.0,119.0,1,Hispanic or Latino,Male,25-34,74.0,Loan originated
1,605000.0,37,755000.0,163.0,1,Asian,Joint,55-64,80.0,Loan originated
1,465000.0,49,575000.0,130.0,1,Asian,Male,35-44,80.0,Loan originated
1,205000.0,20%-<30%,515000.0,107.0,1,White,Joint,45-54,39.806,Loan originated
1,565000.0,49,635000.0,209.0,1,Hispanic or Latino,Joint,25-34,90.0,Loan originated
1,685000.0,47,805000.0,197.0,1,Black or African American,Male,65-74,85.0,Loan originated
1,535000.0,50%-60%,595000.0,118.0,1,White,Male,45-54,89.24,Loan originated
1,215000.0,49,605000.0,66.0,1,Hispanic or Latino,Male,45-54,35.833,Loan originated
1,305000.0,49,435000.0,79.0,1,White,Joint,25-34,71.86,Loan originated
1,215000.0,<20%,235000.0,0.0,1,Asian,Female,<25,91.0,Application denied
1,705000.0,38,885000.0,303.0,1,White,Female,<25,80.0,Loan originated
1,205000.0,<20%,785000.0,185.0,1,White,Female,55-64,25.641,Loan originated
1,125000.0,36,155000.0,48.0,1,Hispanic or Latino,Joint,35-44,80.0,Loan originated
1,665000.0,49,745000.0,130.0,1,Asian,Joint,35-44,90.0,Loan originated
1,435000.0,39,455000.0,334.0,1,Asian,Joint,35-44,95.0,Loan originated
1,865000.0,50%-60%,1245000.0,285.0,1,Asian,Female,45-54,70.0,Loan originated
1,945000.0,49,1175000.0,275.0,1,White,Male,45-54,80.0,Loan originated
1,765000.0,44,825000.0,180.0,1,Hispanic or Latino,Female,35-44,92.727,Loan originated
1,455000.0,20%-<30%,1475000.0,283.0,1,Black or African American,Female,55-64,30.508,Loan originated
1,145000.0,44,375000.0,51.0,1,White,Joint,65-74,37.838,Loan originated
1,315000.0,44,385000.0,67.0,1,Asian,Male,45-54,80.0,Loan originated
1,405000.0,48,435000.0,116.0,1,White,Male,45-54,95.0,Loan originated
1,755000.0,49,1035000.0,227.0,1,White,Female,35-44,73.398,Loan originated
1,105000.0,30%-<36%,395000.0,87.0,1,Hispanic or Latino,Male,45-54,25.64,Loan originated
1,425000.0,20%-<30%,565000.0,173.0,1,White,Male,35-44,75.0,Loan originated
1,855000.0,30%-<36%,1135000.0,432.0,1,White,Joint,45-54,76.0,Loan originated
1,445000.0,40,555000.0,128.0,1,Hispanic or Latino,Male,35-44,80.0,Loan originated
1,425000.0,38,745000.0,129.0,1,Asian,Female,25-34,58.001,Loan originated
1,365000.0,37,455000.0,98.0,1,Asian,Female,35-44,80.0,Loan originated
1,835000.0,44,1055000.0,235.0,1,White,Female,25-34,79.952,Loan originated
1,605000.0,43,675000.0,171.0,1,Hispanic or Latino,Male,35-44,90.0,Loan originated
1,925000.0,47,1155000.0,236.0,1,White,Male,35-44,80.0,Loan originated
1,1025000.0,30%-<36%,1135000.0,481.0,1,Asian,Joint,25-34,89.99,Loan originated
1,545000.0,47,1225000.0,161.0,1,Asian,Female,25-34,44.278,Loan originated
1,395000.0,30%-<36%,535000.0,175.0,1,Hispanic or Latino,Female,55-64,75.0,Loan originated
1,555000.0,38,1045000.0,177.0,1,Hispanic or Latino,Female,45-54,53.558,Loan originated
1,215000.0,44,375000.0,63.0,1,Hispanic or Latino,Female,45-54,58.919,Loan originated
1,375000.0,30%-<36%,475000.0,120.0,1,Asian,Female,25-34,80.0,Loan originated
1,145000.0,45,195000.0,34.0,1,White,Female,<25,80.0,Application denied
1,585000.0,42,625000.0,233.0,1,White,Joint,25-34,95.0,Loan originated
1,155000.0,47,625000.0,95.0,1,White,Female,65-74,24.0,Loan originated
1,685000.0,39,725000.0,183.0,1,White,Joint,35-44,95.0,Loan originated
1,485000.0,41,515000.0,119.0,1,Hispanic or Latino,Male,25-34,95.0,Loan originated
1,705000.0,49,885000.0,204.0,1,Hispanic or Latino,Joint,35-44,80.0,Loan originated
1,675000.0,48,845000.0,242.0,1,Asian,Joint,25-34,80.0,Loan originated
1,435000.0,37,445000.0,147.0,1,Hispanic or Latino,Male,45-54,100.0,Loan originated
1,715000.0,50%-60%,755000.0,196.0,1,Hispanic or Latino,Joint,45-54,95.0,Application denied
1,1145000.0,38,1775000.0,432.0,1,Asian,Female,25-34,64.507,Loan originated
1,425000.0,20%-<30%,565000.0,170.0,1,Asian,Female,35-44,75.0,Loan originated
1,165000.0,20%-<30%,175000.0,90.0,1,Black or African American,Male,25-34,94.0,Application denied
1,705000.0,49,785000.0,187.0,1,Asian,Male,45-54,90.0,Loan originated
1,615000.0,30%-<36%,655000.0,195.0,1,White,Female,25-34,95.0,Loan originated
1,735000.0,>60%,825000.0,132.0,1,White,Female,25-34,89.88,Application denied
1,385000.0,50%-60%,695000.0,81.0,1,White,Male,55-64,55.798,Loan originated
1,425000.0,44,535000.0,87.0,1,Asian,Joint,45-54,80.0,Loan originated
1,435000.0,30%-<36%,535000.0,227.0,1,Asian,Male,45-54,80.0,Loan originated
1,1045000.0,30%-<36%,1305000.0,359.0,1,Asian,Joint,35-44,80.0,Loan originated
1,525000.0,47,555000.0,178.0,1,Asian,Joint,25-34,95.0,Loan originated
1,675000.0,39,955000.0,159.0,1,Asian,Male,35-44,69.96,Loan originated
1,655000.0,49,695000.0,170.0,1,Asian,Joint,35-44,95.0,Loan originated
1,325000.0,42,405000.0,90.0,1,White,Female,55-64,80.0,Loan originated
1,655000.0,30%-<36%,825000.0,324.0,1,Asian,Joint,45-54,80.0,Loan originated
1,255000.0,45,325000.0,68.0,1,White,Female,35-44,80.0,Loan originated
1,425000.0,44,505000.0,100.0,1,Asian,Female,45-54,104.2,Loan originated
1,695000.0,30%-<36%,735000.0,258.0,1,Asian,Male,35-44,95.0,Loan originated
1,105000.0,<20%,675000.0,157.0,1,White,Joint,35-44,14.815,Loan originated
1,445000.0,36,485000.0,128.0,1,Asian,Male,35-44,92.062,Loan originated
1,375000.0,48,475000.0,99.0,1,Black or African American,Female,55-64,79.16,Loan originated
1,605000.0,45,755000.0,124.0,1,Hispanic or Latino,Joint,35-44,80.0,Loan originated
1,315000.0,30%-<36%,465000.0,84.0,1,White,Female,55-64,67.39,Loan originated
1,395000.0,47,695000.0,158.0,1,Hispanic or Latino,Female,55-64,56.533,Loan originated
1,755000.0,43,835000.0,222.0,1,Asian,Joint,35-44,90.0,Loan originated
1,385000.0,46,405000.0,94.0,1,Asian,Joint,35-44,95.0,Loan originated
1,375000.0,20%-<30%,575000.0,152.0,1,Asian,Joint,25-34,64.99,Loan originated
1,1115000.0,38,2225000.0,350.0,1,White,Joint,25-34,50.0,Loan originated
1,455000.0,49,535000.0,109.0,1,White,Male,25-34,85.0,Loan originated
1,305000.0,41,385000.0,75.0,1,Hispanic or Latino,Joint,35-44,80.0,Loan originated
1,765000.0,50%-60%,1415000.0,215.0,1,Asian,Joint,35-44,54.36,Application denied
1,765000.0,45,965000.0,281.0,1,White,Male,35-44,79.435,Loan originated
1,325000.0,49,695000.0,73.0,1,White,Joint,45-54,46.435,Loan originated
1,365000.0,44,385000.0,77.0,1,Black or African American,Female,35-44,97.0,Loan originated
1,205000.0,30%-<36%,445000.0,179.0,1,White,Male,55-64,45.455,Loan originated
1,665000.0,47,705000.0,195.0,1,Hispanic or Latino,Joint,25-34,95.0,Loan originated
1,755000.0,44,795000.0,165.0,1,Black or African American,Male,25-34,95.0,Loan originated
1,715000.0,49,895000.0,224.0,1,White,Joint,35-44,80.0,Loan originated
1,485000.0,20%-<30%,1395000.0,212.0,1,Asian,Male,45-54,34.48,Loan originated
1,645000.0,41,805000.0,149.0,1,Asian,Male,25-34,80.0,Loan originated
1,315000.0,45,325000.0,115.0,1,Black or African American,Joint,35-44,100.0,Application denied
1,345000.0,44,415000.0,81.0,1,Hispanic or Latino,Male,25-34,85.0,Loan originated
1,935000.0,40,1175000.0,236.0,1,White,Joint,25-34,80.0,Loan originated
1,635000.0,30%-<36%,745000.0,210.0,1,White,Joint,35-44,85.0,Loan originated
1,805000.0,39,975000.0,328.0,1,White,Male,25-34,85.0,Loan originated
1,725000.0,>60%,915000.0,18.0,1,White,Joint,25-34,80.0,Application denied
1,675000.0,39,975000.0,129.0,1,White,Joint,65-74,69.23,Loan originated
1,485000.0,42,615000.0,282.0,1,Hispanic or Latino,Joint,35-44,80.0,Loan originated
1,765000.0,30%-<36%,1305000.0,310.0,1,Asian,Female,45-54,58.96,Loan originated
1,365000.0,46,455000.0,74.0,1,Hispanic or Latino,Male,35-44,80.0,Loan originated
1,305000.0,46,315000.0,90.0,1,Hispanic or Latino,Male,25-34,100.0,Loan originated
1,705000.0,39,885000.0,353.0,1,White,Joint,35-44,80.0,Loan originated
1,95000.0,45,385000.0,38.0,1,White,Male,65-74,24.0,Loan originated
1,515000.0,48,685000.0,195.0,1,White,Male,35-44,75.0,Loan originated
1,895000.0,47,1245000.0,190.0,1,Asian,Male,35-44,71.774,Loan originated
1,565000.0,42,615000.0,130.0,1,White,Female,<25,91.869,Loan originated
1,655000.0,38,955000.0,440.0,1,White,Joint,45-54,68.42,Application denied
1,665000.0,41,745000.0,221.0,1,Black or African American,Female,35-44,90.0,Loan originated
1,605000.0,43,755000.0,147.0,1,Asian,Joint,45-54,80.0,Loan originated
1,365000.0,49,405000.0,67.0,1,Asian,Male,45-54,95.0,Loan originated
1,105000.0,49,175000.0,42.0,1,White,Male,45-54,59.0,Loan originated
1,535000.0,30%-<36%,825000.0,138.0,1,Asian,Female,25-34,65.49,Loan originated
1,1085000.0,20%-<30%,1355000.0,1038.0,1,White,Female,25-34,80.0,Loan originated
1,705000.0,49,1565000.0,250.0,1,Asian,Male,35-44,44.872,Loan originated
1,485000.0,36,505000.0,144.0,1,White,Joint,25-34,100.0,Loan originated
1,175000.0,<20%,425000.0,139.0,1,White,Joint,25-34,41.58,Loan originated
1,835000.0,49,1255000.0,186.0,1,Hispanic or Latino,Male,55-64,67.0,Loan originated
1,875000.0,30%-<36%,1455000.0,281.0,1,Asian,Female,35-44,60.345,Loan originated
1,735000.0,41,825000.0,178.0,1,Asian,Joint,35-44,90.0,Loan originated
1,845000.0,30%-<36%,945000.0,242.0,1,Asian,Joint,35-44,90.0,Loan originated
1,535000.0,47,565000.0,175.0,1,Black or African American,Female,45-54,95.0,Loan originated
1,265000.0,40,435000.0,63.0,1,Asian,Female,25-34,60.0,Loan originated
1,345000.0,30%-<36%,425000.0,145.0,1,Hispanic or Latino,Male,35-44,80.0,Loan originated
1,415000.0,49,435000.0,143.0,1,Black or African American,Female,45-54,95.0,Loan originated
1,495000.0,50%-60%,705000.0,152.0,1,Asian,Joint,35-44,70.0,Application denied
1,285000.0,46,855000.0,110.0,1,Hispanic or Latino,Joint,45-54,33.765,Loan originated
1,675000.0,46,755000.0,145.0,1,Asian,Male,25-34,89.99,Loan originated
1,475000.0,41,595000.0,206.0,1,Hispanic or Latino,Joint,45-54,80.0,Loan originated
1,575000.0,49,605000.0,128.0,1,Hispanic or Latino,Joint,45-54,95.0,Loan originated
1,475000.0,41,495000.0,162.0,1,White,Joint,25-34,95.0,Loan originated
1,405000.0,36,855000.0,276.0,1,Asian,Male,35-44,47.059,Loan originated
1,365000.0,41,455000.0,180.0,1,White,Male,65-74,80.0,Loan originated
1,455000.0,46,565000.0,95.0,1,White,Joint,25-34,80.0,Loan originated
1,735000.0,30%-<36%,925000.0,331.0,1,White,Joint,>74,80.0,Loan originated
1,505000.0,48,635000.0,172.0,1,Hispanic or Latino,Joint,45-54,80.0,Loan originated
1,765000.0,20%-<30%,1075000.0,500.0,1,Asian,Male,35-44,71.31,Loan originated
1,465000.0,30%-<36%,585000.0,297.0,1,White,Joint,55-64,80.0,Loan originated
1,395000.0,49,435000.0,91.0,1,Hispanic or Latino,Joint,35-44,92.854,Loan originated
1,405000.0,40,625000.0,101.0,1,Asian,Male,25-34,63.9,Loan originated
1,335000.0,30%-<36%,355000.0,136.0,1,Hispanic or Latino,Female,35-44,95.0,Loan originated
1,505000.0,47,595000.0,118.0,1,White,Male,25-34,84.975,Application denied
1,385000.0,36,705000.0,257.0,1,Asian,Female,55-64,54.92,Loan originated
1,505000.0,46,525000.0,269.0,1,Other,Male,35-44,95.0,Loan originated
1,355000.0,50%-60%,555000.0,65.0,1,Black or African American,Female,55-64,63.636,Application denied
1,515000.0,42,615000.0,129.0,1,Hispanic or Latino,Female,35-44,103.9,Loan originated
1,555000.0,49,695000.0,157.0,1,Asian,Male,35-44,80.0,Loan originated
1,405000.0,<20%,695000.0,224.0,1,Asian,Male,25-34,58.51,Loan originated
1,475000.0,46,595000.0,133.0,1,White,Male,25-34,80.0,Loan originated
1,295000.0,41,305000.0,76.0,1,Hispanic or Latino,Male,35-44,97.0,Loan originated
1,1125000.0,49,1255000.0,378.0,1,White,Joint,45-54,90.0,Loan originated
1,725000.0,41,825000.0,176.0,1,Asian,Female,25-34,88.0,Loan originated
1,315000.0,47,365000.0,111.0,1,Asian,Joint,45-54,85.0,Application denied
1,245000.0,<20%,305000.0,208.0,1,White,Male,55-64,80.0,Loan originated
1,395000.0,40,495000.0,143.0,1,White,Female,45-54,80.0,Loan originated
1,785000.0,48,995000.0,175.0,1,White,Male,<25,80.0,Loan originated
1,225000.0,49,285000.0,44.0,1,Hispanic or Latino,Joint,25-34,79.0,Loan originated
1,985000.0,47,1235000.0,400.0,1,Hispanic or Latino,Joint,<25,80.0,Loan originated
1,815000.0,48,885000.0,214.0,1,Asian,Joint,25-34,93.0,Loan originated
1,865000.0,47,1025000.0,219.0,1,Asian,Joint,25-34,84.509,Loan originated
1,725000.0,45,825000.0,182.0,1,Black or African American,Female,35-44,88.08,Loan originated
1,505000.0,45,635000.0,132.0,1,White,Joint,45-54,80.0,Loan originated
1,405000.0,45,515000.0,90.0,1,Hispanic or Latino,Male,25-34,80.0,Loan originated
1,105000.0,20%-<30%,435000.0,170.0,1,White,Female,65-74,23.002,Loan originated
1,905000.0,47,1805000.0,323.0,1,White,Male,55-64,50.0,Loan originated
1,605000.0,30%-<36%,635000.0,201.0,1,Hispanic or Latino,Female,45-54,95.0,Loan originated
1,245000.0,49,355000.0,81.0,1,Hispanic or Latino,Joint,45-54,70.0,Loan originated
1,675000.0,49,715000.0,200.0,1,Asian,Joint,25-34,95.0,Loan originated
1,445000.0,36,555000.0,117.0,1,White,Female,55-64,80.0,Loan originated
1,35000.0,20%-<30%,125000.0,65.0,1,White,Female,>74,28.0,Loan originated
1,785000.0,30%-<36%,985000.0,225.0,1,Asian,Male,25-34,80.0,Loan originated
1,1005000.0,<20%,1855000.0,1084.0,1,Asian,Joint,25-34,54.443,Loan originated
1,545000.0,39,605000.0,132.0,1,Asian,Male,25-34,90.0,Loan originated
1,135000.0,45,255000.0,41.0,1,White,Female,65-74,53.38,Loan originated
1,425000.0,48,625000.0,105.0,1,Hispanic or Latino,Male,35-44,68.0,Loan originated
1,395000.0,39,475000.0,123.0,1,White,Male,25-34,103.0,Loan originated
1,385000.0,43,475000.0,100.0,1,Hispanic or Latino,Male,35-44,80.0,Application denied
1,475000.0,49,635000.0,145.0,1,White,Male,45-54,75.0,Loan originated
1,565000.0,49,705000.0,117.0,1,Hispanic or Latino,Male,35-44,79.99,Loan originated
1,925000.0,20%-<30%,1425000.0,387.0,1,Asian,Male,25-34,64.561,Loan originated
1,475000.0,50%-60%,485000.0,95.0,1,Black or African American,Joint,35-44,97.0,Loan originated
1,1105000.0,46,1405000.0,275.0,1,White,Male,35-44,80.0,Loan originated
1,925000.0,41,1225000.0,299.0,1,Asian,Male,55-64,75.0,Loan originated
1,645000.0,<20%,805000.0,2829.0,1,White,Male,25-34,80.0,Loan originated
1,305000.0,30%-<36%,405000.0,85.0,1,Hispanic or Latino,Male,25-34,75.0,Loan originated
1,935000.0,39,1165000.0,261.0,1,White,Joint,25-34,80.0,Loan originated
1,465000.0,<20%,585000.0,2158.0,1,White,Joint,45-54,80.0,Loan originated
1,665000.0,40,1305000.0,200.0,1,White,Male,25-34,50.594,Loan originated
1,235000.0,30%-<36%,295000.0,85.0,1,Asian,Male,25-34,80.0,Loan originated
1,355000.0,49,555000.0,143.0,1,White,Joint,25-34,63.636,Loan originated
1,325000.0,46,535000.0,80.0,1,Asian,Male,25-34,60.0,Loan originated
1,705000.0,45,785000.0,165.0,1,White,Female,55-64,89.9,Loan originated
1,505000.0,30%-<36%,635000.0,210.0,1,White,Joint,35-44,80.0,Loan originated
1,1045000.0,30%-<36%,1615000.0,309.0,1,Asian,Male,25-34,65.0,Loan originated
1,665000.0,45,705000.0,139.0,1,Asian,Male,35-44,95.0,Loan originated
1,1115000.0,30%-<36%,1395000.0,315.0,1,Asian,Joint,35-44,80.0,Loan originated
1,295000.0,49,475000.0,125.0,1,Hispanic or Latino,Female,<25,61.702,Loan originated
1,905000.0,39,935000.0,226.0,1,Asian,Joint,25-34,97.0,Application denied
1,615000.0,<20%,685000.0,0.0,1,Asian,Male,55-64,90.0,Application denied
1,225000.0,30%-<36%,1305000.0,106.0,1,White,Joint,65-74,16.923,Loan originated
1,595000.0,45,1335000.0,574.0,1,Asian,Female,35-44,44.112,Loan originated
1,355000.0,46,405000.0,74.0,1,White,Male,25-34,90.0,Loan originated
1,515000.0,48,535000.0,186.0,1,Hispanic or Latino,Joint,25-34,100.0,Loan originated
1,705000.0,48,985000.0,142.0,1,Asian,Male,25-34,72.0,Loan originated
1,355000.0,30%-<36%,675000.0,150.0,1,Asian,Male,35-44,51.852,Loan originated
1,375000.0,37,385000.0,283.0,1,White,Joint,55-64,95.0,Loan originated
1,805000.0,39,1275000.0,242.0,1,Asian,Male,35-44,62.75,Application denied
1,445000.0,48,455000.0,90.0,1,Hispanic or Latino,Joint,45-54,97.0,Loan originated
1,325000.0,44,405000.0,88.0,1,Hispanic or Latino,Male,55-64,80.0,Loan originated
1,535000.0,>60%,765000.0,160.0,1,Asian,Male,25-34,69.86,Loan originated
1,675000.0,45,845000.0,204.0,1,White,Male,45-54,80.0,Loan originated
1,285000.0,49,475000.0,63.0,1,Asian,Female,45-54,60.819,Loan originated
1,255000.0,30%-<36%,835000.0,94.0,1,White,Joint,65-74,29.869,Loan originated
1,935000.0,36,1245000.0,254.0,1,White,Joint,35-44,75.0,Loan originated
1,385000.0,36,485000.0,185.0,1,Other,Female,45-54,80.0,Loan originated
1,515000.0,42,545000.0,160.0,1,White,Male,45-54,95.0,Loan originated
1,875000.0,20%-<30%,975000.0,350.0,1,White,Joint,35-44,90.0,Application denied
1,845000.0,44,1055000.0,231.0,1,White,Joint,65-74,80.0,Loan originated
1,845000.0,45,1055000.0,261.0,1,Hispanic or Latino,Joint,25-34,80.0,Loan originated
1,965000.0,42,1205000.0,315.0,1,White,Male,35-44,80.0,Loan originated
1,375000.0,39,385000.0,99.0,1,Hispanic or Latino,Joint,35-44,172.425,Loan originated
1,555000.0,44,585000.0,165.0,1,Hispanic or Latino,Joint,25-34,95.0,Loan originated
1,425000.0,43,525000.0,104.0,1,White,Female,25-34,80.0,Loan originated
1,595000.0,47,705000.0,149.0,1,White,Joint,45-54,85.0,Loan originated
1,765000.0,30%-<36%,3325000.0,454.0,1,White,Male,55-64,66.466,Loan originated
1,255000.0,43,265000.0,80.0,1,Hispanic or Latino,Male,35-44,95.0,Loan originated
1,685000.0,42,885000.0,269.0,1,White,Male,25-34,80.0,Loan originated
1,465000.0,30%-<36%,575000.0,233.0,1,White,Joint,45-54,80.0,Loan originated
1,505000.0,43,635000.0,133.0,1,White,Female,35-44,79.874,Loan originated
1,805000.0,42,945000.0,207.0,1,White,Male,45-54,84.811,Loan originated
1,285000.0,30%-<36%,415000.0,156.0,1,White,Male,55-64,68.675,Loan originated
1,435000.0,47,455000.0,171.0,1,White,Male,35-44,95.0,Loan originated
1,395000.0,36,855000.0,210.0,1,Asian,Joint,45-54,45.882,Loan originated
1,205000.0,20%-<30%,1925000.0,158.0,1,Asian,Female,35-44,10.373,Loan originated
1,475000.0,30%-<36%,1275000.0,175.0,1,White,Male,25-34,38.0,Loan originated
1,665000.0,44,835000.0,150.0,1,Asian,Male,35-44,80.0,Loan originated
1,605000.0,48,775000.0,136.0,1,Asian,Female,35-44,77.02,Application denied
1,535000.0,41,935000.0,162.0,1,White,Joint,35-44,56.989,Loan originated
1,695000.0,43,1285000.0,227.0,1,Asian,Female,45-54,53.601,Loan originated
1,1105000.0,20%-<30%,1905000.0,426.0,1,White,Joint,55-64,57.895,Loan originated
1,575000.0,<20%,765000.0,487.0,1,White,Male,45-54,75.0,Loan originated
1,495000.0,20%-<30%,945000.0,238.0,1,White,Joint,25-34,52.381,Loan originated
1,725000.0,44,815000.0,242.0,1,Hispanic or Latino,Joint,<25,90.0,Loan originated
1,805000.0,50%-60%,955000.0,509.0,1,Asian,Female,65-74,85.0,Loan originated
1,355000.0,40,705000.0,125.0,1,Black or African American,Joint,65-74,49.767,Loan originated
1,915000.0,41,1145000.0,250.0,1,Asian,Joint,45-54,80.0,Loan originated
1,595000.0,48,735000.0,420.0,1,Asian,Joint,35-44,80.0,Loan originated
1,425000.0,30%-<36%,825000.0,170.0,1,White,Male,35-44,52.0,Loan originated
1,715000.0,20%-<30%,755000.0,241.0,1,Asian,Joint,45-54,95.0,Loan originated
1,1005000.0,44,1825000.0,285.0,1,White,Female,55-64,54.79,Application denied
1,125000.0,42,325000.0,86.0,1,White,Female,55-64,38.706,Loan originated
1,375000.0,20%-<30%,395000.0,214.0,1,Black or African American,Male,45-54,94.987,Loan originated
1,635000.0,20%-<30%,1285000.0,230.0,1,White,Male,35-44,50.0,Loan originated
1,595000.0,30%-<36%,645000.0,199.0,1,Hispanic or Latino,Male,55-64,93.06,Loan originated
1,865000.0,30%-<36%,1015000.0,292.0,1,White,Joint,35-44,85.0,Loan originated
1,405000.0,47,585000.0,106.0,1,Hispanic or Latino,Female,35-44,70.0,Loan originated
1,285000.0,38,555000.0,110.0,1,Hispanic or Latino,Female,65-74,51.0,Loan originated
1,475000.0,46,495000.0,128.0,1,Hispanic or Latino,Joint,35-44,95.0,Loan originated
1,135000.0,43,515000.0,45.0,1,White,Female,35-44,94.829,Loan originated
1,375000.0,49,425000.0,129.0,1,Hispanic or Latino,Joint,35-44,89.9,Loan originated
1,555000.0,49,795000.0,121.0,1,White,Joint,>74,70.12,Loan originated
1,305000.0,46,375000.0,96.0,1,Hispanic or Latino,Joint,35-44,80.0,Loan originated
1,435000.0,41,665000.0,166.0,1,White,Male,45-54,65.909,Loan originated
1,505000.0,20%-<30%,595000.0,341.0,1,White,Male,45-54,85.0,Loan originated
1,315000.0,49,345000.0,62.0,1,Hispanic or Latino,Male,65-74,89.855,Loan originated
1,475000.0,20%-<30%,595000.0,141.0,1,White,Female,45-54,80.0,Loan originated
1,805000.0,46,905000.0,259.0,1,Hispanic or Latino,Joint,25-34,89.183,Loan originated
1,315000.0,30%-<36%,635000.0,90.0,1,White,Female,55-64,50.0,Loan originated
1,285000.0,40,315000.0,86.0,1,Black or African American,Male,45-54,90.0,Loan originated
1,265000.0,48,435000.0,85.0,1,Black or African American,Male,55-64,59.886,Loan originated
1,635000.0,30%-<36%,705000.0,180.0,1,White,Male,45-54,90.0,Loan originated
1,525000.0,39,575000.0,186.0,1,Hispanic or Latino,Female,25-34,91.02,Loan originated
1,895000.0,43,1005000.0,233.0,1,Asian,Male,35-44,89.9,Loan originated
1,115000.0,44,695000.0,63.0,1,Asian,Joint,55-64,16.55,Loan originated
1,1135000.0,47,1195000.0,248.0,1,White,Male,55-64,95.0,Loan originated
1,965000.0,38,1205000.0,252.0,1,Asian,Male,35-44,80.0,Loan originated
1,495000.0,20%-<30%,625000.0,167.0,1,White,Female,55-64,80.0,Loan originated
1,675000.0,47,755000.0,149.0,1,Hispanic or Latino,Male,25-34,90.0,Loan originated
1,245000.0,20%-<30%,335000.0,225.0,1,Hispanic or Latino,Male,55-64,75.0,Application denied
1,455000.0,46,505000.0,98.0,1,Hispanic or Latino,Male,45-54,90.0,Loan originated
1,495000.0,48,695000.0,125.0,1,Asian,Joint,25-34,71.39,Loan originated
1,325000.0,20%-<30%,465000.0,162.0,1,White,Joint,25-34,70.87,Loan originated
1,1085000.0,37,1365000.0,268.0,1,Asian,Male,25-34,80.0,Loan originated
1,345000.0,30%-<36%,225000.0,120.0,1,White,Female,45-54,95.0,Application denied
1,685000.0,50%-60%,975000.0,171.0,1,White,Joint,25-34,70.1,Loan originated
1,435000.0,48,545000.0,93.0,1,Hispanic or Latino,Joint,45-54,80.0,Loan originated
1,535000.0,38,595000.0,137.0,1,Asian,Male,35-44,90.0,Loan originated
1,585000.0,42,735000.0,128.0,1,White,Joint,55-64,80.0,Loan originated
1,225000.0,30%-<36%,285000.0,110.0,1,White,Female,35-44,80.0,Loan originated
1,595000.0,49,615000.0,180.0,1,White,Joint,55-64,97.0,Loan originated
1,965000.0,30%-<36%,1215000.0,319.0,1,Asian,Joint,35-44,80.0,Loan originated
1,485000.0,20%-<30%,695000.0,458.0,1,Hispanic or Latino,Joint,55-64,70.0,Loan originated
1,945000.0,39,1265000.0,242.0,1,White,Joint,25-34,75.743,Loan originated
1,365000.0,48,375000.0,81.0,1,Hispanic or Latino,Joint,25-34,95.0,Loan originated
1,255000.0,20%-<30%,445000.0,111.0,1,White,Male,35-44,57.5,Loan originated
1,765000.0,42,1055000.0,247.0,1,White,Joint,35-44,73.005,Loan originated
1,735000.0,20%-<30%,915000.0,229.0,1,White,Joint,25-34,80.0,Loan originated
1,205000.0,45,1155000.0,435.0,1,Hispanic or Latino,Male,35-44,17.391,Loan originated
1,1285000.0,49,1605000.0,308.0,1,Asian,Female,35-44,80.0,Loan originated
1,645000.0,30%-<36%,805000.0,265.0,1,Asian,Male,45-54,80.0,Loan originated
1,395000.0,48,425000.0,98.0,1,White,Joint,25-34,95.0,Loan originated
1,365000.0,49,405000.0,65.0,1,Hispanic or Latino,Male,45-54,90.0,Loan originated
1,625000.0,36,1045000.0,707.0,1,White,Joint,25-34,60.0,Loan originated
1,535000.0,42,665000.0,144.0,1,Asian,Joint,25-34,80.0,Loan originated
1,635000.0,48,715000.0,164.0,1,Black or African American,Male,45-54,90.0,Loan originated
1,385000.0,43,405000.0,83.0,1,Asian,Male,35-44,95.0,Loan originated
1,455000.0,48,565000.0,175.0,1,White,Joint,25-34,80.0,Loan originated
1,845000.0,49,895000.0,237.0,1,Asian,Female,65-74,95.0,Application denied
1,175000.0,20%-<30%,295000.0,185.0,1,White,Female,55-64,60.0,Loan originated
1,735000.0,<20%,1585000.0,404.0,1,White,Joint,35-44,46.203,Loan originated
1,725000.0,49,915000.0,180.0,1,Asian,Female,35-44,79.61,Loan originated
1,705000.0,48,1005000.0,185.0,1,Asian,Male,35-44,70.0,Loan originated
1,595000.0,>60%,625000.0,71.0,1,Asian,Female,25-34,95.0,Application denied
1,555000.0,42,925000.0,182.0,1,Asian,Male,45-54,60.0,Loan originated
1,1005000.0,20%-<30%,1285000.0,361.0,1,Hispanic or Latino,Joint,35-44,78.61,Loan originated
1,505000.0,40,565000.0,178.0,1,Asian,Joint,35-44,90.0,Loan originated
1,305000.0,30%-<36%,875000.0,102.0,1,Asian,Female,35-44,34.286,Loan originated
1,565000.0,44,755000.0,240.0,1,White,Female,25-34,75.0,Application denied
1,515000.0,41,535000.0,158.0,1,White,Joint,25-34,97.0,Loan originated
1,515000.0,30%-<36%,535000.0,180.0,1,Asian,Male,25-34,97.0,Application denied
1,385000.0,30%-<36%,385000.0,155.0,1,Asian,Male,25-34,97.938,Application denied
1,425000.0,40,535000.0,154.0,1,Hispanic or Latino,Female,35-44,80.0,Loan originated
1,755000.0,40,1055000.0,191.0,1,White,Male,35-44,71.51,Loan originated
1,665000.0,42,705000.0,249.0,1,Black or African American,Male,35-44,98.325,Loan originated
1,725000.0,30%-<36%,1225000.0,314.0,1,White,Female,45-54,71.429,Loan originated
1,355000.0,41,375000.0,88.0,1,White,Joint,25-34,95.0,Loan originated
1,445000.0,43,565000.0,113.0,1,Hispanic or Latino,Joint,35-44,80.0,Loan originated
1,175000.0,20%-<30%,865000.0,190.0,1,Asian,Male,55-64,20.355,Application denied
1,1135000.0,40,1425000.0,325.0,1,Asian,Male,25-34,80.0,Loan originated
1,495000.0,30%-<36%,615000.0,180.0,1,White,Joint,45-54,80.0,Loan originated
1,185000.0,44,235000.0,68.0,1,Asian,Female,55-64,80.0,Loan originated
1,435000.0,49,455000.0,76.0,1,Asian,Female,25-34,94.854,Loan originated
1,475000.0,37,505000.0,234.0,1,Hispanic or Latino,Male,55-64,95.0,Loan originated
1,305000.0,30%-<36%,505000.0,151.0,1,White,Joint,45-54,60.0,Loan originated
1,565000.0,36,825000.0,164.0,1,White,Male,35-44,68.671,Loan originated
1,165000.0,38,295000.0,64.0,1,Hispanic or Latino,Female,25-34,96.95,Loan originated
1,715000.0,48,735000.0,158.0,1,Asian,Female,25-34,96.939,Loan originated
1,275000.0,48,795000.0,71.0,1,White,Male,25-34,34.81,Loan originated
1,355000.0,30%-<36%,625000.0,163.0,1,White,Female,55-64,55.644,Loan originated
1,485000.0,36,645000.0,128.0,1,Hispanic or Latino,Joint,25-34,75.0,Loan originated
1,405000.0,44,455000.0,95.0,1,Hispanic or Latino,Female,25-34,90.0,Loan originated
1,155000.0,30%-<36%,985000.0,173.0,1,Hispanic or Latino,Joint,55-64,15.306,Loan originated
1,305000.0,40,605000.0,155.0,1,White,Male,35-44,50.0,Application denied
1,175000.0,30%-<36%,225000.0,120.0,1,Hispanic or Latino,Joint,25-34,74.29,Application denied
1,555000.0,20%-<30%,735000.0,283.0,1,Asian,Male,25-34,75.0,Loan originated
1,845000.0,47,995000.0,199.0,1,White,Joint,35-44,85.0,Loan originated
1,645000.0,30%-<36%,805000.0,229.0,1,Hispanic or Latino,Male,35-44,80.0,Loan originated
1,1045000.0,30%-<36%,1305000.0,341.0,1,Black or African American,Joint,35-44,80.0,Loan originated
1,555000.0,49,605000.0,118.0,1,Asian,Male,35-44,92.5,Loan originated
1,565000.0,49,605000.0,112.0,1,White,Male,25-34,93.0,Loan originated
1,645000.0,49,725000.0,120.0,1,Hispanic or Latino,Male,25-34,89.5,Loan originated
1,255000.0,30%-<36%,905000.0,118.0,1,Asian,Female,25-34,27.778,Loan originated
1,715000.0,20%-<30%,965000.0,348.0,1,White,Joint,35-44,89.583,Loan originated
1,675000.0,42,705000.0,177.0,1,Asian,Male,35-44,95.0,Loan originated
1,955000.0,42,1195000.0,320.0,1,Asian,Joint,35-44,79.916,Loan originated
1,685000.0,48,855000.0,125.0,1,Asian,Female,35-44,80.0,Loan originated
1,335000.0,20%-<30%,535000.0,163.0,1,Hispanic or Latino,Male,25-34,62.617,Loan originated
1,145000.0,47,295000.0,96.0,1,White,Male,45-54,49.833,Loan originated
1,765000.0,20%-<30%,1375000.0,271.0,1,Asian,Joint,35-44,55.84,Loan originated
1,925000.0,40,1165000.0,295.0,1,White,Joint,35-44,80.0,Loan originated
1,475000.0,30%-<36%,595000.0,169.0,1,White,Joint,25-34,80.0,Loan originated
1,655000.0,44,775000.0,163.0,1,Asian,Male,25-34,84.25,Loan originated
1,375000.0,40,425000.0,116.0,1,White,Female,25-34,93.0,Loan originated
1,1065000.0,43,1265000.0,242.0,1,White,Male,45-54,85.0,Loan originated
1,765000.0,20%-<30%,905000.0,282.0,1,Asian,Joint,25-34,84.488,Loan originated
1,885000.0,41,1915000.0,330.0,1,Asian,Joint,25-34,46.074,Loan originated
1,605000.0,46,755000.0,134.0,1,White,Female,65-74,80.0,Loan originated
1,1085000.0,45,1455000.0,263.0,1,White,Male,35-44,75.0,Loan originated
1,715000.0,49,795000.0,172.0,1,Hispanic or Latino,Male,35-44,90.0,Loan originated
1,725000.0,<20%,905000.0,572.0,1,Hispanic or Latino,Joint,45-54,80.0,Loan originated
1,365000.0,49,435000.0,82.0,1,Hispanic or Latino,Female,25-34,85.0,Loan originated
1,835000.0,45,1185000.0,213.0,1,Asian,Joint,35-44,70.0,Loan originated
1,535000.0,38,675000.0,136.0,1,White,Male,25-34,80.0,Loan originated
1,1135000.0,30%-<36%,1415000.0,404.0,1,White,Joint,35-44,80.0,Loan originated
1,625000.0,44,785000.0,215.0,1,White,Male,25-34,80.0,Loan originated
1,535000.0,42,665000.0,135.0,1,Hispanic or Latino,Male,25-34,80.0,Loan originated
1,685000.0,40,855000.0,255.0,1,White,Joint,35-44,80.0,Loan originated
1,1045000.0,41,1305000.0,323.0,1,Asian,Joint,35-44,80.0,Loan originated
1,765000.0,45,975000.0,172.0,1,White,Joint,55-64,78.621,Loan originated
1,595000.0,<20%,745000.0,829.0,1,White,Male,25-34,80.0,Loan originated
1,845000.0,20%-<30%,1055000.0,290.0,1,White,Male,35-44,80.0,Loan originated
1,455000.0,45,545000.0,107.0,1,Black or African American,Male,45-54,83.333,Loan originated
1,625000.0,42,655000.0,137.0,1,Asian,Joint,35-44,95.0,Loan originated
1,675000.0,30%-<36%,845000.0,202.0,1,Asian,Female,25-34,80.0,Loan originated
1,445000.0,20%-<30%,555000.0,418.0,1,White,Male,<25,80.0,Loan originated
1,805000.0,39,1305000.0,215.0,1,White,Male,65-74,62.0,Loan originated
1,475000.0,45,595000.0,129.0,1,Hispanic or Latino,Male,25-34,80.0,Loan originated
1,1025000.0,20%-<30%,1365000.0,399.0,1,Asian,Joint,25-34,75.0,Loan originated
1,605000.0,36,755000.0,180.0,1,Asian,Joint,45-54,79.995,Loan originated
1,245000.0,20%-<30%,745000.0,180.0,1,Asian,Female,25-34,32.886,Loan originated
1,435000.0,43,585000.0,98.0,1,Asian,Female,45-54,75.0,Loan originated
1,1005000.0,20%-<30%,1505000.0,560.0,1,Asian,Joint,<25,66.86,Loan originated
1,625000.0,42,895000.0,177.0,1,Asian,Joint,35-44,70.0,Loan originated
1,65000.0,<20%,315000.0,72.0,1,Hispanic or Latino,Male,55-64,19.139,Application denied
1,155000.0,47,455000.0,81.0,1,Hispanic or Latino,Female,35-44,34.066,Loan originated
1,485000.0,49,515000.0,135.0,1,White,Male,25-34,95.0,Loan originated
1,365000.0,41,385000.0,85.0,1,White,Joint,25-34,95.0,Loan originated
1,445000.0,41,495000.0,306.0,1,Asian,Male,35-44,90.0,Loan originated
1,755000.0,41,835000.0,273.0,1,White,Male,35-44,90.0,Loan originated
1,975000.0,41,1235000.0,233.0,1,Asian,Female,25-34,79.187,Loan originated
1,1085000.0,49,1605000.0,229.0,1,Asian,Joint,45-54,67.82,Loan originated
1,115000.0,47,365000.0,35.0,1,Asian,Male,35-44,31.389,Loan originated
1,515000.0,49,575000.0,127.0,1,Black or African American,Male,35-44,90.0,Loan originated
1,485000.0,43,655000.0,135.0,1,White,Female,55-64,75.0,Loan originated
1,275000.0,41,675000.0,73.0,1,White,Male,35-44,40.299,Loan originated
1,515000.0,30%-<36%,785000.0,141.0,1,White,Joint,55-64,65.0,Loan originated
1,665000.0,47,695000.0,234.0,1,Hispanic or Latino,Joint,35-44,95.0,Loan originated
1,545000.0,49,585000.0,101.0,1,White,Female,25-34,93.11,Loan originated
1,355000.0,39,955000.0,107.0,1,Asian,Female,45-54,38.36,Loan originated
1,685000.0,30%-<36%,855000.0,242.0,1,Hispanic or Latino,Male,35-44,80.0,Loan originated
1,1005000.0,>60%,1505000.0,156.0,1,White,Joint,35-44,66.67,Application denied
1,365000.0,47,395000.0,84.0,1,Hispanic or Latino,Male,25-34,97.0,Loan originated
1,935000.0,38,1255000.0,788.0,1,Asian,Joint,45-54,75.0,Loan originated
1,675000.0,50%-60%,975000.0,146.0,1,White,Male,35-44,69.31,Loan originated
1,475000.0,<20%,965000.0,287.0,1,White,Joint,55-64,49.453,Loan originated
1,805000.0,49,885000.0,307.0,1,White,Male,25-34,90.0,Loan originated
1,1005000.0,47,2975000.0,444.0,1,White,Joint,55-64,33.67,Loan originated
1,395000.0,30%-<36%,795000.0,187.0,1,White,Joint,25-34,49.999,Loan originated
1,525000.0,43,655000.0,227.0,1,Asian,Male,25-34,80.0,Loan originated
1,685000.0,44,765000.0,195.0,1,Hispanic or Latino,Joint,25-34,89.57,Application denied
1,265000.0,49,275000.0,67.0,1,White,Male,<25,97.0,Loan originated
1,395000.0,46,445000.0,219.0,1,Black or African American,Male,<25,89.455,Loan originated
1,715000.0,30%-<36%,1265000.0,26.0,1,Asian,Joint,25-34,58.68,Loan originated
1,75000.0,48,95000.0,104.0,1,White,Female,55-64,83.79,Application denied
1,955000.0,45,1455000.0,255.0,1,Asian,Male,55-64,66.0,Loan originated
1,725000.0,30%-<36%,905000.0,212.0,1,Asian,Joint,25-34,80.0,Loan originated
1,545000.0,48,575000.0,158.0,1,Hispanic or Latino,Male,65-74,96.5,Loan originated
1,415000.0,45,515000.0,96.0,1,White,Male,55-64,80.0,Application denied
1,435000.0,>60%,455000.0,0.0,1,Asian,Joint,25-34,95.0,Application denied
1,445000.0,37,555000.0,177.0,1,Hispanic or Latino,Female,35-44,80.0,Loan originated
1,205000.0,48,765000.0,82.0,1,Asian,Female,45-54,27.0,Loan originated
1,345000.0,48,365000.0,100.0,1,Hispanic or Latino,Male,35-44,95.0,Loan originated
1,505000.0,48,745000.0,256.0,1,White,Joint,25-34,69.0,Loan originated
1,395000.0,46,665000.0,117.0,1,Asian,Joint,35-44,60.0,Loan originated
1,765000.0,49,955000.0,283.0,1,White,Joint,45-54,80.0,Loan originated
1,345000.0,>60%,705000.0,73.0,1,Asian,Female,>74,48.241,Application denied
1,435000.0,46,455000.0,92.0,1,Other,Male,55-64,97.0,Loan originated
1,315000.0,44,345000.0,64.0,1,Hispanic or Latino,Female,35-44,93.0,Loan originated
1,405000.0,49,425000.0,128.0,1,White,Joint,35-44,95.0,Loan originated
1,415000.0,47,455000.0,137.0,1,White,Female,65-74,90.0,Loan originated
1,605000.0,44,645000.0,172.0,1,Hispanic or Latino,Male,25-34,95.0,Loan originated
1,565000.0,>60%,625000.0,122.0,1,White,Male,25-34,95.0,Application denied
1,575000.0,46,765000.0,327.0,1,Asian,Joint,25-34,80.0,Loan originated
1,645000.0,40,855000.0,155.0,1,White,Joint,35-44,75.0,Loan originated
1,705000.0,40,825000.0,178.0,1,Hispanic or Latino,Male,25-34,85.0,Loan originated
1,555000.0,42,585000.0,123.0,1,White,Female,35-44,95.0,Loan originated
1,665000.0,49,865000.0,130.0,1,Asian,Female,35-44,76.8,Loan originated
1,1105000.0,30%-<36%,2005000.0,340.0,1,White,Male,45-54,55.0,Loan originated
1,515000.0,45,1415000.0,135.0,1,White,Male,65-74,36.17,Loan originated
1,365000.0,48,455000.0,73.0,1,Asian,Male,25-34,79.846,Loan originated
1,585000.0,38,735000.0,183.0,1,Hispanic or Latino,Male,35-44,80.0,Loan originated
1,565000.0,41,715000.0,315.0,1,Hispanic or Latino,Female,65-74,80.0,Loan originated
1,595000.0,40,665000.0,329.0,1,White,Joint,55-64,90.0,Loan originated
1,555000.0,42,695000.0,329.0,1,Other,Male,25-34,80.0,Loan originated
1,1105000.0,39,1705000.0,278.0,1,White,Joint,25-34,64.81,Loan originated
1,275000.0,46,345000.0,62.0,1,Hispanic or Latino,Male,55-64,80.0,Loan originated
1,355000.0,38,655000.0,104.0,1,Hispanic or Latino,Male,45-54,53.846,Loan originated
1,545000.0,46,725000.0,111.0,1,Asian,Joint,25-34,95.556,Loan originated
1,365000.0,49,435000.0,104.0,1,Black or African American,Male,25-34,85.0,Loan originated
1,615000.0,41,645000.0,285.0,1,White,Joint,25-34,94.999,Loan originated
1,455000.0,40,905000.0,170.0,1,White,Female,55-64,50.0,Loan originated
1,785000.0,48,875000.0,182.0,1,White,Joint,65-74,90.0,Loan originated
1,535000.0,49,765000.0,135.0,1,White,Male,25-34,70.0,Loan originated
1,425000.0,47,535000.0,89.0,1,Hispanic or Latino,Joint,45-54,80.0,Loan originated
1,445000.0,30%-<36%,465000.0,133.0,1,Hispanic or Latino,Male,55-64,97.0,Loan originated
1,575000.0,20%-<30%,915000.0,193.0,1,White,Male,35-44,63.0,Loan originated
1,295000.0,30%-<36%,565000.0,122.0,1,Asian,Male,25-34,53.0,Loan originated
1,385000.0,40,805000.0,157.0,1,White,Joint,65-74,47.148,Loan originated
1,365000.0,40,465000.0,120.0,1,Asian,Female,45-54,80.0,Loan originated
1,385000.0,50%-60%,405000.0,122.0,1,Hispanic or Latino,Female,35-44,95.0,Application denied
1,1135000.0,30%-<36%,1515000.0,368.0,1,Asian,Joint,25-34,75.0,Loan originated
1,425000.0,20%-<30%,605000.0,201.0,1,Asian,Joint,35-44,70.0,Loan originated
1,605000.0,44,1205000.0,185.0,1,Asian,Female,25-34,50.0,Loan originated
1,245000.0,48,255000.0,58.0,1,Black or African American,Female,55-64,97.0,Loan originated
1,425000.0,20%-<30%,535000.0,191.0,1,White,Female,35-44,80.0,Loan originated
1,305000.0,30%-<36%,455000.0,111.0,1,White,Male,25-34,66.67,Loan originated
1,395000.0,41,405000.0,116.0,1,White,Joint,25-34,100.0,Loan originated
1,205000.0,37,785000.0,336.0,1,White,Joint,55-64,25.5,Loan originated
1,805000.0,49,1005000.0,181.0,1,White,Joint,25-34,80.0,Loan originated
1,545000.0,44,575000.0,118.0,1,Hispanic or Latino,Male,25-34,95.0,Loan originated
1,555000.0,48,735000.0,128.0,1,Hispanic or Latino,Joint,45-54,75.0,Loan originated
1,655000.0,49,2935000.0,312.0,1,White,Joint,45-54,23.0,Loan originated
1,425000.0,20%-<30%,855000.0,165.0,1,Asian,Female,25-34,50.0,Loan originated
1,555000.0,42,695000.0,238.0,1,White,Joint,25-34,80.0,Loan originated
1,95000.0,48,105000.0,48.0,1,Hispanic or Latino,Female,25-34,95.0,Application denied
1,605000.0,49,1085000.0,117.0,1,White,Joint,55-64,55.556,Loan originated
1,385000.0,45,475000.0,182.0,1,Hispanic or Latino,Male,25-34,80.0,Loan originated
1,505000.0,49,595000.0,242.0,1,Hispanic or Latino,Joint,25-34,85.0,Loan originated
1,495000.0,49,525000.0,94.0,1,Hispanic or Latino,Male,25-34,95.0,Loan originated
1,555000.0,46,2355000.0,220.0,1,Asian,Male,35-44,23.4,Application denied
1,705000.0,45,885000.0,194.0,1,Asian,Female,35-44,79.545,Loan originated
1,505000.0,45,605000.0,131.0,1,Hispanic or Latino,Male,25-34,83.34,Loan originated
1,765000.0,44,835000.0,170.0,1,Hispanic or Latino,Male,35-44,95.0,Loan originated
1,475000.0,30%-<36%,595000.0,167.0,1,Hispanic or Latino,Joint,25-34,80.0,Loan originated
1,295000.0,48,495000.0,205.0,1,Asian,Joint,35-44,59.184,Loan originated
1,635000.0,44,755000.0,136.0,1,White,Female,25-34,84.116,Loan originated
1,995000.0,42,1325000.0,270.0,1,White,Male,25-34,75.0,Loan originated
1,495000.0,30%-<36%,625000.0,205.0,1,White,Female,>74,80.0,Loan originated
1,155000.0,<20%,925000.0,128.0,1,White,Female,45-54,17.0,Loan originated
1,495000.0,46,525000.0,105.0,1,Hispanic or Latino,Male,25-34,95.0,Loan originated
1,425000.0,<20%,455000.0,286.0,1,Asian,Female,25-34,95.0,Loan originated
1,705000.0,30%-<36%,885000.0,230.0,1,Asian,Male,35-44,80.0,Loan originated
1,425000.0,48,445000.0,120.0,1,White,Joint,25-34,98.326,Loan originated
1,785000.0,20%-<30%,1055000.0,1058.0,1,Asian,Joint,65-74,75.0,Loan originated
1,605000.0,49,645000.0,159.0,1,Asian,Joint,45-54,98.0,Loan originated
1,565000.0,42,865000.0,251.0,1,Hispanic or Latino,Male,35-44,65.318,Loan originated
1,455000.0,30%-<36%,565000.0,204.0,1,Hispanic or Latino,Joint,35-44,80.0,Loan originated
1,965000.0,46,1205000.0,198.0,1,White,Joint,35-44,80.0,Loan originated
1,565000.0,20%-<30%,805000.0,300.0,1,Asian,Female,25-34,70.0,Loan originated
1,1145000.0,43,1695000.0,360.0,1,Asian,Joint,45-54,89.99,Loan originated
1,715000.0,43,845000.0,174.0,1,Hispanic or Latino,Joint,45-54,85.0,Loan originated
1,355000.0,30%-<36%,1275000.0,177.0,1,White,Joint,35-44,27.451,Loan originated
1,1095000.0,47,1825000.0,477.0,1,Asian,Male,45-54,60.0,Loan originated
1,605000.0,39,805000.0,246.0,1,Asian,Joint,35-44,75.0,Loan originated
1,605000.0,30%-<36%,755000.0,183.0,1,Hispanic or Latino,Male,35-44,80.0,Loan originated
1,355000.0,47,445000.0,72.0,1,Hispanic or Latino,Female,65-74,80.0,Loan originated
1,405000.0,47,1355000.0,106.0,1,Asian,Female,35-44,29.778,Loan originated
1,345000.0,30%-<36%,495000.0,113.0,1,Hispanic or Latino,Joint,55-64,69.574,Loan originated
1,425000.0,41,455000.0,104.0,1,Hispanic or Latino,Male,25-34,95.0,Loan originated
1,105000.0,47,275000.0,39.0,1,White,Female,35-44,39.346,Loan originated
1,1005000.0,46,1755000.0,220.0,1,Asian,Male,25-34,57.143,Loan originated
1,195000.0,37,625000.0,70.0,1,White,Female,35-44,31.227,Loan originated
1,115000.0,48,155000.0,115.0,1,White,Male,65-74,78.0,Loan originated
1,575000.0,42,605000.0,150.0,1,Hispanic or Latino,Male,25-34,95.0,Loan originated
1,175000.0,49,195000.0,59.0,1,Black or African American,Female,45-54,93.684,Loan originated
1,465000.0,40,485000.0,134.0,1,Hispanic or Latino,Joint,35-44,95.0,Loan originated
1,65000.0,<20%,25000.0,75.0,1,Black or African American,Female,25-34,300.0,Application denied
1,1125000.0,45,1415000.0,256.0,1,White,Joint,25-34,79.79,Loan originated
1,305000.0,46,1255000.0,142.0,1,Asian,Male,<25,24.0,Loan originated
1,705000.0,42,745000.0,190.0,1,Hispanic or Latino,Joint,25-34,95.0,Loan originated
1,935000.0,39,1265000.0,319.0,1,White,Male,35-44,74.0,Loan originated
1,165000.0,30%-<36%,245000.0,163.0,1,Black or African American,Female,35-44,65.0,Loan originated
1,195000.0,38,915000.0,96.0,1,White,Male,45-54,21.311,Loan originated
1,585000.0,40,655000.0,158.0,1,Hispanic or Latino,Male,45-54,89.99,Loan originated
1,565000.0,30%-<36%,865000.0,160.0,1,White,Male,25-34,65.116,Loan originated
1,345000.0,37,955000.0,125.0,1,White,Female,65-74,36.278,Loan originated
1,95000.0,30%-<36%,105000.0,84.0,1,Asian,Female,25-34,95.0,Loan originated
1,415000.0,48,425000.0,97.0,1,Black or African American,Male,45-54,97.0,Loan originated
1,475000.0,46,645000.0,110.0,1,White,Female,25-34,74.0,Loan originated
1,575000.0,47,905000.0,151.0,1,Hispanic or Latino,Joint,55-64,63.889,Loan originated
1,985000.0,20%-<30%,1315000.0,333.0,1,Asian,Male,35-44,74.99,Loan originated
1,495000.0,49,515000.0,122.0,1,Black or African American,Female,25-34,97.0,Loan originated
1,385000.0,>60%,675000.0,95.0,1,White,Female,35-44,57.51,Application denied
1,225000.0,39,235000.0,62.0,1,Asian,Female,35-44,95.0,Loan originated
1,465000.0,45,485000.0,99.0,1,White,Joint,45-54,95.0,Loan originated
1,505000.0,37,675000.0,124.0,1,White,Male,25-34,75.0,Loan originated
1,605000.0,43,755000.0,149.0,1,Asian,Joint,45-54,80.0,Loan originated
1,995000.0,20%-<30%,1655000.0,461.0,1,White,Female,55-64,60.0,Loan originated
1,145000.0,37,445000.0,94.0,1,White,Female,35-44,33.021,Loan originated
1,765000.0,30%-<36%,1675000.0,280.0,1,White,Female,25-34,45.764,Loan originated
1,625000.0,42,665000.0,169.0,1,Hispanic or Latino,Female,45-54,95.0,Loan originated
1,125000.0,39,955000.0,87.0,1,White,Female,55-64,12.64,Loan originated
1,725000.0,20%-<30%,905000.0,257.0,1,White,Joint,35-44,80.0,Loan originated
1,625000.0,49,2055000.0,13.0,1,Asian,Male,35-44,30.24,Loan originated
1,765000.0,39,1205000.0,471.0,1,Hispanic or Latino,Male,45-54,89.99,Loan originated
1,1085000.0,48,2625000.0,247.0,1,Asian,Male,25-34,41.221,Application denied
1,515000.0,>60%,1165000.0,99.0,1,White,Joint,55-64,43.966,Loan originated
1,595000.0,30%-<36%,745000.0,178.0,1,Asian,Male,45-54,80.0,Loan originated
1,685000.0,20%-<30%,685000.0,347.0,1,White,Joint,25-34,100.0,Loan originated
1,865000.0,38,1235000.0,214.0,1,Asian,Male,25-34,70.0,Application denied
1,945000.0,20%-<30%,1185000.0,423.0,1,White,Joint,25-34,80.0,Loan originated
1,525000.0,39,655000.0,157.0,1,White,Male,55-64,80.0,Loan originated
1,965000.0,43,1315000.0,270.0,1,White,Male,45-54,73.384,Loan originated
1,15000.0,50%-60%,505000.0,229.0,1,Hispanic or Latino,Joint,55-64,100.0,Loan originated
1,1385000.0,46,1725000.0,319.0,1,White,Male,35-44,80.0,Loan originated
1,535000.0,46,665000.0,190.0,1,Hispanic or Latino,Male,25-34,80.0,Loan originated
1,385000.0,<20%,435000.0,193.0,1,White,Joint,25-34,89.0,Loan originated
1,285000.0,41,295000.0,78.0,1,Hispanic or Latino,Female,45-54,96.66,Loan originated
1,255000.0,46,275000.0,57.0,1,Hispanic or Latino,Male,<25,95.0,Loan originated
1,705000.0,44,955000.0,157.0,1,Asian,Male,25-34,73.684,Loan originated
1,755000.0,45,935000.0,185.0,1,Asian,Male,25-34,80.0,Loan originated
1,395000.0,30%-<36%,785000.0,149.0,1,White,Joint,35-44,50.318,Loan originated
1,455000.0,20%-<30%,465000.0,215.0,1,White,Joint,55-64,97.0,Loan originated
1,755000.0,43,1505000.0,246.0,1,Asian,Joint,45-54,50.0,Loan originated
1,615000.0,48,655000.0,141.0,1,Hispanic or Latino,Joint,25-34,95.0,Loan originated
1,285000.0,45,825000.0,82.0,1,Asian,Female,25-34,35.0,Loan originated
1,405000.0,47,905000.0,134.0,1,White,Female,25-34,44.994,Loan originated
1,475000.0,49,795000.0,119.0,1,Asian,Female,45-54,60.0,Loan originated
1,355000.0,45,655000.0,130.0,1,Asian,Female,45-54,53.85,Loan originated
1,205000.0,30%-<36%,565000.0,89.0,1,White,Female,45-54,35.149,Loan originated
1,755000.0,20%-<30%,945000.0,355.0,1,Asian,Joint,35-44,80.0,Loan originated
1,765000.0,48,925000.0,222.0,1,Asian,Joint,35-44,82.87,Loan originated
1,375000.0,39,415000.0,91.0,1,White,Male,35-44,90.0,Loan originated
1,575000.0,30%-<36%,645000.0,199.0,1,Asian,Female,35-44,89.99,Loan originated
1,505000.0,48,595000.0,245.0,1,Asian,Joint,35-44,85.0,Loan originated
1,155000.0,45,305000.0,40.0,1,White,Joint,65-74,50.0,Loan originated
1,435000.0,20%-<30%,675000.0,176.0,1,White,Male,25-34,63.704,Loan originated
1,685000.0,45,725000.0,197.0,1,Asian,Male,45-54,95.0,Loan originated
1,295000.0,41,375000.0,105.0,1,White,Joint,35-44,80.0,Loan originated
1,455000.0,49,575000.0,182.0,1,White,Female,45-54,79.189,Loan originated
1,545000.0,30%-<36%,745000.0,274.0,1,White,Joint,35-44,73.181,Loan originated
1,555000.0,41,585000.0,279.0,1,Asian,Male,35-44,95.0,Loan originated
1,585000.0,44,725000.0,144.0,1,Asian,Male,55-64,80.0,Loan originated
1,565000.0,41,585000.0,139.0,1,White,Male,55-64,97.0,Loan originated
1,435000.0,40,515000.0,139.0,1,Hispanic or Latino,Female,55-64,85.0,Loan originated
1,625000.0,20%-<30%,745000.0,231.0,1,White,Male,45-54,83.221,Loan originated
1,415000.0,43,425000.0,131.0,1,White,Joint,25-34,97.0,Loan originated
1,415000.0,43,455000.0,89.0,1,White,Female,35-44,90.0,Loan originated
1,475000.0,50%-60%,505000.0,178.0,1,Hispanic or Latino,Joint,25-34,95.0,Application denied
1,545000.0,49,625000.0,120.0,1,White,Male,25-34,88.0,Loan originated
1,645000.0,49,835000.0,130.0,1,White,Male,35-44,95.0,Loan originated
1,1005000.0,30%-<36%,1265000.0,348.0,1,Asian,Joint,35-44,78.878,Loan originated
1,1025000.0,<20%,1525000.0,1111.0,1,White,Joint,35-44,67.07,Loan originated
1,515000.0,49,645000.0,172.0,1,White,Joint,35-44,80.0,Loan originated
1,265000.0,45,335000.0,55.0,1,Asian,Female,35-44,79.04,Loan originated
1,475000.0,41,495000.0,128.0,1,Hispanic or Latino,Female,25-34,95.0,Loan originated
1,395000.0,38,895000.0,150.0,1,White,Joint,55-64,44.27,Loan originated
1,405000.0,40,415000.0,116.0,1,Hispanic or Latino,Male,25-34,97.0,Loan originated
1,585000.0,39,735000.0,156.0,1,Asian,Male,35-44,80.0,Loan originated
1,495000.0,42,615000.0,235.0,1,White,Joint,55-64,80.0,Loan originated
1,345000.0,<20%,435000.0,1901.0,1,White,Male,25-34,80.0,Loan originated
1,615000.0,47,685000.0,133.0,1,Black or African American,Female,25-34,93.13,Loan originated
1,565000.0,48,765000.0,174.0,1,Hispanic or Latino,Joint,55-64,73.958,Loan originated
1,385000.0,46,575000.0,157.0,1,Hispanic or Latino,Joint,35-44,67.652,Loan originated
1,585000.0,47,735000.0,182.0,1,White,Joint,35-44,80.0,Loan originated
1,185000.0,48,205000.0,62.0,1,White,Male,35-44,90.0,Loan originated
1,495000.0,41,515000.0,188.0,1,White,Joint,35-44,97.0,Loan originated
1,355000.0,48,525000.0,81.0,1,Asian,Female,35-44,68.269,Loan originated
1,825000.0,43,925000.0,266.0,1,Asian,Male,25-34,89.9,Loan originated
1,185000.0,43,675000.0,73.0,1,White,Joint,65-74,27.408,Loan originated
1,1205000.0,49,1555000.0,246.0,1,Asian,Joint,25-34,78.0,Loan originated
1,1005000.0,30%-<36%,1255000.0,313.0,1,Asian,Joint,25-34,80.0,Loan originated
1,775000.0,47,815000.0,230.0,1,Asian,Male,45-54,95.0,Loan originated
1,965000.0,30%-<36%,1205000.0,412.0,1,White,Male,55-64,80.0,Loan originated
1,305000.0,43,695000.0,88.0,1,White,Female,>74,43.885,Loan originated
1,455000.0,<20%,1455000.0,578.0,1,Hispanic or Latino,Male,55-64,31.035,Loan originated
1,465000.0,38,545000.0,117.0,1,Hispanic or Latino,Joint,25-34,85.879,Loan originated
1,615000.0,45,655000.0,198.0,1,Black or African American,Male,25-34,95.0,Loan originated
1,1055000.0,30%-<36%,1735000.0,385.0,1,Asian,Joint,25-34,60.648,Loan originated
1,245000.0,50%-60%,255000.0,47.0,1,Hispanic or Latino,Male,25-34,99.5,Application denied
1,655000.0,42,735000.0,185.0,1,Asian,Male,25-34,89.99,Loan originated
1,365000.0,20%-<30%,375000.0,196.0,1,Asian,Joint,25-34,97.0,Loan originated
1,405000.0,49,455000.0,85.0,1,Asian,Joint,45-54,89.999,Loan originated
1,645000.0,47,1275000.0,147.0,1,White,Joint,35-44,50.787,Application denied
1,765000.0,49,915000.0,236.0,1,Asian,Joint,35-44,83.52,Loan originated
1,755000.0,45,945000.0,187.0,1,Hispanic or Latino,Joint,25-34,79.99,Loan originated
1,975000.0,49,1305000.0,287.0,1,White,Male,25-34,75.0,Loan originated
1,565000.0,20%-<30%,585000.0,257.0,1,Asian,Joint,25-34,95.0,Loan originated
1,825000.0,36,1825000.0,258.0,1,Asian,Joint,25-34,45.4,Loan originated
1,785000.0,45,825000.0,199.0,1,White,Male,35-44,95.0,Loan originated
1,755000.0,37,805000.0,215.0,1,Asian,Male,25-34,95.0,Loan originated
1,205000.0,42,1485000.0,75.0,1,White,Joint,65-74,13.805,Loan originated
1,1045000.0,30%-<36%,1525000.0,359.0,1,Asian,Male,35-44,68.459,Loan originated
1,395000.0,30%-<36%,525000.0,224.0,1,White,Joint,65-74,75.0,Loan originated
1,1105000.0,49,1185000.0,229.0,1,White,Female,25-34,92.827,Loan originated
1,395000.0,49,435000.0,84.0,1,Black or African American,Joint,<25,90.0,Loan originated
1,1005000.0,43,1465000.0,440.0,1,White,Female,35-44,68.55,Loan originated
1,605000.0,42,675000.0,189.0,1,Hispanic or Latino,Joint,25-34,90.0,Loan originated
1,985000.0,20%-<30%,1235000.0,361.0,1,Asian,Joint,25-34,80.0,Loan originated
1,595000.0,49,635000.0,128.0,1,Hispanic or Latino,Joint,65-74,94.77,Loan originated
1,1005000.0,46,1195000.0,309.0,1,Asian,Joint,45-54,84.0,Loan originated
1,185000.0,<20%,725000.0,205.0,1,White,Joint,55-64,25.563,Loan originated
1,475000.0,30%-<36%,635000.0,130.0,1,Hispanic or Latino,Female,45-54,73.69,Loan originated
1,605000.0,49,865000.0,120.0,1,Asian,Male,25-34,70.0,Loan originated
1,785000.0,20%-<30%,975000.0,285.0,1,White,Female,25-34,80.0,Loan originated
1,615000.0,49,825000.0,160.0,1,Asian,Female,35-44,75.0,Loan originated
1,295000.0,20%-<30%,335000.0,256.0,1,White,Joint,25-34,90.0,Loan originated
1,485000.0,40,535000.0,111.0,1,White,Joint,65-74,90.0,Loan originated
1,965000.0,30%-<36%,1285000.0,295.0,1,Asian,Male,<25,74.99996,Loan originated
1,605000.0,48,675000.0,121.0,1,White,Female,25-34,90.299,Loan originated
1,765000.0,43,1095000.0,202.0,1,Asian,Male,25-34,70.459,Application denied
1,565000.0,41,585000.0,152.0,1,Asian,Joint,25-34,97.0,Loan originated
1,355000.0,49,635000.0,72.0,1,Hispanic or Latino,Male,25-34,55.276,Loan originated
1,575000.0,48,925000.0,112.0,1,Hispanic or Latino,Male,55-64,62.065,Loan originated
1,585000.0,38,615000.0,230.0,1,Hispanic or Latino,Joint,25-34,95.0,Loan originated
1,355000.0,42,435000.0,224.0,1,Asian,Male,35-44,80.0,Loan originated
1,715000.0,47,915000.0,152.0,1,White,Female,65-74,78.03,Loan originated
1,635000.0,41,855000.0,265.0,1,White,Joint,45-54,75.0,Loan originated
1,245000.0,20%-<30%,745000.0,560.0,1,White,Joint,>74,33.2,Loan originated
1,365000.0,47,715000.0,98.0,1,White,Female,35-44,51.592,Loan originated
1,735000.0,45,925000.0,165.0,1,Asian,Male,25-34,80.0,Loan originated
1,425000.0,40,825000.0,153.0,1,Asian,Female,35-44,51.53,Loan originated
1,195000.0,>60%,215000.0,64.0,1,Hispanic or Latino,Joint,25-34,90.0,Application denied
1,525000.0,49,555000.0,124.0,1,Hispanic or Latino,Female,45-54,95.0,Loan originated
1,1065000.0,30%-<36%,1255000.0,352.0,1,Asian,Joint,25-34,85.0,Loan originated
1,425000.0,30%-<36%,525000.0,180.0,1,Black or African American,Male,25-34,80.0,Loan originated
1,475000.0,48,495000.0,118.0,1,Black or African American,Joint,35-44,95.0,Loan originated
1,585000.0,49,615000.0,189.0,1,White,Male,45-54,95.0,Loan originated
1,495000.0,49,615000.0,130.0,1,Hispanic or Latino,Joint,25-34,80.0,Loan originated
1,765000.0,30%-<36%,955000.0,292.0,1,Asian,Joint,35-44,80.483,Loan originated
1,335000.0,49,355000.0,70.0,1,White,Female,35-44,95.0,Loan originated
1,235000.0,49,785000.0,81.0,1,White,Female,65-74,29.493,Loan originated
1,575000.0,45,725000.0,115.0,1,White,Joint,35-44,80.0,Loan originated
1,305000.0,43,315000.0,67.0,1,Hispanic or Latino,Male,<25,94.654,Loan originated
1,715000.0,39,895000.0,237.0,1,Asian,Joint,35-44,80.0,Loan originated
1,555000.0,49,625000.0,195.0,1,White,Female,25-34,89.0,Loan originated
1,475000.0,50%-60%,525000.0,91.0,1,Hispanic or Latino,Male,25-34,90.0,Application denied
1,575000.0,39,715000.0,143.0,1,White,Male,55-64,80.0,Loan originated
1,845000.0,30%-<36%,1215000.0,317.0,1,White,Joint,35-44,69.19,Loan originated
1,145000.0,<20%,525000.0,102.0,1,White,Female,35-44,27.09,Loan originated
1,125000.0,30%-<36%,305000.0,87.0,1,Hispanic or Latino,Joint,65-74,39.6,Application denied
1,425000.0,30%-<36%,475000.0,126.0,1,Asian,Female,45-54,90.0,Loan originated
1,855000.0,20%-<30%,1155000.0,330.0,1,Asian,Male,35-44,73.91,Loan originated
1,505000.0,20%-<30%,1155000.0,201.0,1,Asian,Male,45-54,43.48,Loan originated
1,565000.0,41,715000.0,165.0,1,Black or African American,Female,25-34,80.0,Loan originated
1,475000.0,46,495000.0,181.0,1,Asian,Male,35-44,95.0,Loan originated
1,245000.0,49,365000.0,50.0,1,Hispanic or Latino,Male,25-34,66.667,Loan originated
1,685000.0,43,725000.0,185.0,1,Hispanic or Latino,Male,45-54,95.0,Loan originated
1,405000.0,43,515000.0,113.0,1,White,Female,55-64,80.0,Loan originated
1,525000.0,42,575000.0,166.0,1,Asian,Male,35-44,89.9,Loan originated
1,665000.0,49,865000.0,172.0,1,Hispanic or Latino,Male,45-54,76.879,Loan originated
1,345000.0,47,545000.0,264.0,1,Asian,Male,35-44,63.14,Loan originated
1,245000.0,30%-<36%,385000.0,250.0,1,White,Male,35-44,64.42,Loan originated
1,1145000.0,48,2875000.0,291.0,1,White,Male,65-74,39.994,Loan originated
1,465000.0,38,625000.0,295.0,1,Asian,Joint,45-54,75.0,Loan originated
1,565000.0,46,595000.0,109.0,1,White,Female,45-54,95.0,Application denied
1,185000.0,48,235000.0,144.0,1,White,Joint,35-44,80.0,Loan originated
1,55000.0,42,65000.0,38.0,1,White,Female,65-74,82.49,Loan originated
1,155000.0,40,355000.0,58.0,1,Hispanic or Latino,Male,35-44,43.71,Loan originated
1,485000.0,40,545000.0,148.0,1,Hispanic or Latino,Female,45-54,90.0,Loan originated
1,445000.0,49,465000.0,172.0,1,White,Male,25-34,95.0,Loan originated
1,895000.0,20%-<30%,1175000.0,387.0,1,Hispanic or Latino,Male,25-34,76.58,Loan originated
1,185000.0,20%-<30%,205000.0,146.0,1,White,Male,55-64,90.0,Application denied
1,1105000.0,44,1385000.0,424.0,1,White,Male,65-74,80.0,Loan originated
1,85000.0,48,165000.0,21.0,1,White,Female,65-74,52.619,Loan originated
1,375000.0,30%-<36%,655000.0,250.0,1,White,Male,55-64,56.923,Loan originated
1,635000.0,20%-<30%,965000.0,350.0,1,White,Joint,35-44,67.0,Loan originated
1,515000.0,49,615000.0,130.0,1,Asian,Joint,35-44,105.0,Loan originated
1,155000.0,20%-<30%,195000.0,140.0,1,White,Female,35-44,80.0,Loan originated
1,425000.0,30%-<36%,535000.0,140.0,1,White,Joint,35-44,79.849,Loan originated
1,675000.0,50%-60%,685000.0,171.0,1,White,Joint,65-74,99.191,Application denied
1,85000.0,50%-60%,95000.0,67.0,1,Black or African American,Female,35-44,95.0,Application denied
1,905000.0,45,1065000.0,243.0,1,White,Male,25-34,85.0,Loan originated
1,565000.0,43,625000.0,191.0,1,Asian,Female,35-44,90.0,Loan originated
1,445000.0,46,465000.0,123.0,1,White,Male,45-54,95.0,Loan originated
1,925000.0,30%-<36%,1155000.0,420.0,1,White,Joint,25-34,80.0,Loan originated
1,295000.0,30%-<36%,765000.0,290.0,1,White,Joint,25-34,37.91,Loan originated
1,325000.0,43,625000.0,91.0,1,White,Female,25-34,52.0,Loan originated
1,665000.0,36,705000.0,219.0,1,Asian,Joint,25-34,94.966,Loan originated
1,635000.0,50%-60%,985000.0,163.0,1,White,Male,45-54,64.467,Application denied
1,875000.0,36,1125000.0,258.0,1,White,Male,25-34,77.679,Loan originated
1,475000.0,45,725000.0,104.0,1,Hispanic or Latino,Joint,25-34,65.278,Loan originated
1,735000.0,43,775000.0,201.0,1,Asian,Male,>74,94.81,Loan originated
1,335000.0,30%-<36%,355000.0,98.0,1,Hispanic or Latino,Male,25-34,95.0,Loan originated
1,525000.0,49,545000.0,325.0,1,Asian,Female,35-44,95.0,Application denied
1,255000.0,30%-<36%,585000.0,137.0,1,White,Female,45-54,43.1,Loan originated
1,455000.0,39,565000.0,144.0,1,Asian,Male,25-34,100.0,Loan originated
1,355000.0,30%-<36%,485000.0,149.0,1,White,Female,65-74,73.21,Loan originated
1,545000.0,38,675000.0,238.0,1,White,Female,55-64,80.0,Loan originated
1,1005000.0,37,1485000.0,471.0,1,White,Joint,35-44,68.07,Loan originated
1,995000.0,48,1245000.0,253.0,1,Asian,Joint,35-44,80.0,Loan originated
1,425000.0,41,705000.0,131.0,1,Hispanic or Latino,Joint,45-54,60.0,Loan originated
1,395000.0,50%-60%,625000.0,82.0,1,White,Male,>74,62.903,Loan originated
1,535000.0,42,605000.0,149.0,1,Hispanic or Latino,Male,35-44,88.99,Loan originated
1,555000.0,47,635000.0,174.0,1,Asian,Male,35-44,86.692,Loan originated
1,415000.0,40,695000.0,123.0,1,Asian,Joint,25-34,59.216,Loan originated
1,705000.0,38,1005000.0,353.0,1,White,Male,35-44,70.0,Loan originated
1,1085000.0,30%-<36%,1355000.0,418.0,1,Asian,Joint,35-44,80.0,Loan originated
1,595000.0,49,645000.0,183.0,1,Asian,Male,45-54,92.08,Loan originated
1,515000.0,49,605000.0,100.0,1,White,Male,35-44,85.922,Loan originated
1,585000.0,39,645000.0,198.0,1,White,Male,35-44,90.0,Loan originated
1,465000.0,20%-<30%,515000.0,0.0,1,Hispanic or Latino,Male,25-34,90.0,Loan originated
1,595000.0,46,745000.0,141.0,1,White,Joint,35-44,80.0,Loan originated
1,535000.0,>60%,815000.0,120.0,1,Hispanic or Latino,Female,45-54,65.0,Application denied
1,225000.0,48,575000.0,62.0,1,White,Joint,65-74,39.131,Loan originated
1,815000.0,38,1025000.0,275.0,1,Asian,Male,35-44,80.0,Loan originated
1,705000.0,38,825000.0,195.0,1,White,Female,25-34,85.0,Loan originated
1,345000.0,39,365000.0,120.0,1,Hispanic or Latino,Female,55-64,95.0,Loan originated
1,645000.0,39,805000.0,232.0,1,Asian,Joint,25-34,80.0,Loan originated
1,1115000.0,30%-<36%,1405000.0,302.0,1,Asian,Female,25-34,80.0,Loan originated
1,495000.0,49,525000.0,141.0,1,Hispanic or Latino,Joint,45-54,95.0,Loan originated
1,735000.0,30%-<36%,925000.0,232.0,1,Hispanic or Latino,Female,<25,80.0,Loan originated
1,635000.0,30%-<36%,795000.0,232.0,1,White,Female,45-54,80.0,Loan originated
1,765000.0,43,1405000.0,448.0,1,White,Joint,35-44,54.508,Loan originated
1,985000.0,44,1225000.0,235.0,1,White,Female,35-44,79.99,Loan originated
1,105000.0,30%-<36%,115000.0,93.0,1,Hispanic or Latino,Male,45-54,95.0,Application denied
1,865000.0,37,1075000.0,351.0,1,Asian,Joint,35-44,80.0,Loan originated
1,515000.0,30%-<36%,735000.0,628.0,1,White,Male,25-34,70.0,Loan originated
1,325000.0,49,595000.0,67.0,1,Asian,Male,35-44,54.23,Loan originated
1,245000.0,43,265000.0,70.0,1,Hispanic or Latino,Female,25-34,92.31,Loan originated
1,645000.0,45,925000.0,158.0,1,Asian,Female,35-44,70.257,Loan originated
1,695000.0,49,765000.0,163.0,1,Hispanic or Latino,Joint,35-44,90.0,Loan originated
1,725000.0,48,775000.0,145.0,1,Asian,Female,45-54,93.0,Loan originated
1,245000.0,20%-<30%,1115000.0,292.0,1,White,Joint,45-54,21.622,Loan originated
1,515000.0,44,645000.0,178.0,1,Asian,Male,35-44,80.0,Loan originated
1,325000.0,47,415000.0,60.0,1,Hispanic or Latino,Joint,25-34,80.0,Loan originated
1,615000.0,39,765000.0,348.0,1,White,Joint,55-64,79.99,Loan originated
1,305000.0,42,805000.0,147.0,1,White,Joint,45-54,37.5,Loan originated
1,305000.0,30%-<36%,605000.0,115.0,1,Asian,Male,25-34,49.587,Loan originated
1,465000.0,20%-<30%,575000.0,192.0,1,White,Joint,25-34,80.0,Loan originated
1,505000.0,44,565000.0,121.0,1,White,Female,25-34,90.0,Loan originated
1,335000.0,49,515000.0,77.0,1,Hispanic or Latino,Joint,65-74,65.0,Loan originated
1,105000.0,40,505000.0,47.0,1,White,Female,55-64,20.0,Loan originated
1,205000.0,30%-<36%,385000.0,199.0,1,Hispanic or Latino,Male,35-44,53.947,Loan originated
1,645000.0,50%-60%,925000.0,150.0,1,White,Joint,25-34,69.664,Application denied
1,325000.0,45,345000.0,92.0,1,Hispanic or Latino,Joint,<25,95.0,Loan originated
1,295000.0,45,775000.0,73.0,1,Asian,Female,<25,38.137,Loan originated
1,715000.0,20%-<30%,1215000.0,397.0,1,White,Male,>74,58.915,Loan originated
1,335000.0,49,395000.0,96.0,1,Hispanic or Latino,Male,25-34,95.0,Loan originated
1,455000.0,<20%,655000.0,0.0,1,Asian,Joint,65-74,69.485,Loan originated
1,885000.0,46,1105000.0,166.0,1,White,Female,65-74,80.0,Loan originated
1,1145000.0,49,1355000.0,293.0,1,Asian,Joint,25-34,85.0,Loan originated
1,895000.0,49,955000.0,192.0,1,Asian,Male,35-44,93.404,Loan originated
1,435000.0,43,635000.0,145.0,1,White,Female,35-44,68.661,Loan originated
1,375000.0,30%-<36%,395000.0,118.0,1,Hispanic or Latino,Male,35-44,95.0,Loan originated
1,395000.0,41,465000.0,87.0,1,Asian,Female,25-34,85.0,Loan originated
1,395000.0,36,395000.0,101.0,1,Hispanic or Latino,Female,45-54,100.0,Loan originated
1,565000.0,49,595000.0,158.0,1,White,Female,35-44,94.12,Loan originated
1,1095000.0,46,1155000.0,388.0,1,White,Male,35-44,94.96,Loan originated
1,235000.0,30%-<36%,315000.0,133.0,1,Asian,Joint,35-44,76.97,Loan originated
1,425000.0,43,575000.0,142.0,1,White,Joint,25-34,74.87,Loan originated
1,505000.0,43,1505000.0,140.0,1,White,Male,25-34,33.333,Loan originated
1,765000.0,41,915000.0,306.0,1,Asian,Male,35-44,83.208,Loan originated
1,715000.0,43,755000.0,165.0,1,Hispanic or Latino,Joint,25-34,95.0,Loan originated
1,905000.0,36,1205000.0,287.0,1,Asian,Joint,25-34,75.0,Loan originated
1,715000.0,38,1025000.0,205.0,1,Asian,Male,35-44,70.0,Loan originated
1,115000.0,48,125000.0,110.0,1,White,Male,45-54,95.0,Loan originated
1,855000.0,30%-<36%,1055000.0,253.0,1,White,Male,25-34,81.0,Loan originated
1,1135000.0,42,1625000.0,302.0,1,White,Joint,55-64,69.792,Loan originated
1,335000.0,49,355000.0,68.0,1,Hispanic or Latino,Female,35-44,94.0,Loan originated
1,395000.0,43,415000.0,163.0,1,White,Joint,25-34,95.0,Loan originated
1,945000.0,50%-60%,1185000.0,188.0,1,Asian,Joint,35-44,80.0,Application denied
1,605000.0,20%-<30%,675000.0,219.0,1,Black or African American,Joint,35-44,90.0,Loan originated
1,495000.0,40,895000.0,167.0,1,Asian,Joint,35-44,55.05,Loan originated
1,395000.0,42,425000.0,112.0,1,Hispanic or Latino,Male,<25,95.0,Application denied
1,705000.0,20%-<30%,1105000.0,289.0,1,White,Male,55-64,63.64,Loan originated
1,425000.0,39,525000.0,157.0,1,White,Male,35-44,80.0,Loan originated
1,955000.0,20%-<30%,1065000.0,324.0,1,Asian,Joint,35-44,89.95,Loan originated
1,445000.0,42,565000.0,120.0,1,White,Joint,25-34,80.0,Loan originated
1,475000.0,37,525000.0,174.0,1,Hispanic or Latino,Male,35-44,90.0,Loan originated
1,825000.0,40,1175000.0,275.0,1,White,Male,55-64,70.0,Loan originated
1,525000.0,47,555000.0,112.0,1,Asian,Male,35-44,95.0,Loan originated
1,345000.0,40,575000.0,119.0,1,Asian,Female,45-54,60.0,Loan originated
1,765000.0,43,805000.0,256.0,1,White,Joint,35-44,95.0,Loan originated
1,465000.0,36,515000.0,137.0,1,Asian,Male,35-44,90.0,Loan originated
1,495000.0,42,525000.0,136.0,1,Hispanic or Latino,Male,25-34,95.0,Loan originated
1,765000.0,36,965000.0,252.0,1,White,Male,35-44,80.0,Loan originated
1,245000.0,30%-<36%,445000.0,95.0,1,Black or African American,Female,35-44,55.546,Loan originated
1,765000.0,38,865000.0,119.0,1,Asian,Joint,35-44,88.618,Loan originated
1,765000.0,30%-<36%,905000.0,275.0,1,White,Female,25-34,85.0,Loan originated
1,475000.0,50%-60%,675000.0,91.0,1,Asian,Joint,55-64,70.0,Application denied
1,125000.0,43,135000.0,71.0,1,White,Female,35-44,95.0,Loan originated
1,795000.0,48,1065000.0,258.0,1,White,Female,35-44,74.832,Loan originated
1,465000.0,45,585000.0,100.0,1,Hispanic or Latino,Female,25-34,80.0,Loan originated
1,485000.0,47,515000.0,115.0,1,Hispanic or Latino,Female,25-34,95.0,Loan originated
1,725000.0,44,805000.0,415.0,1,Asian,Female,45-54,89.57,Loan originated
1,155000.0,20%-<30%,665000.0,111.0,1,White,Female,55-64,22.727,Loan originated
1,1105000.0,42,1375000.0,234.0,1,White,Female,35-44,80.0,Loan originated
1,605000.0,47,1405000.0,213.0,1,Asian,Male,25-34,43.0,Loan originated
1,395000.0,30%-<36%,595000.0,167.0,1,Asian,Joint,55-64,66.463,Loan originated
1,875000.0,50%-60%,1165000.0,175.0,1,Asian,Joint,25-34,75.0,Application denied
1,475000.0,40,535000.0,130.0,1,White,Joint,25-34,90.0,Loan originated
1,635000.0,44,1125000.0,166.0,1,White,Female,45-54,56.696,Loan originated
1,755000.0,49,835000.0,146.0,1,Black or African American,Female,35-44,90.0,Loan originated
1,185000.0,36,495000.0,68.0,1,White,Female,25-34,37.0,Loan originated
1,645000.0,42,805000.0,183.0,1,Hispanic or Latino,Female,45-54,80.0,Loan originated
1,195000.0,46,335000.0,56.0,1,Asian,Female,65-74,58.823,Loan originated
1,605000.0,47,675000.0,137.0,1,White,Joint,35-44,89.55,Loan originated
1,715000.0,49,895000.0,129.0,1,White,Female,45-54,80.0,Loan originated
1,485000.0,<20%,605000.0,150.0,1,Hispanic or Latino,Female,35-44,80.0,Application denied
1,1015000.0,38,1615000.0,260.0,1,White,Female,25-34,62.848,Loan originated
1,1145000.0,39,1435000.0,279.0,1,White,Joint,45-54,80.0,Loan originated
1,305000.0,20%-<30%,1005000.0,161.0,1,White,Female,35-44,30.244,Loan originated
1,675000.0,30%-<36%,775000.0,199.0,1,Hispanic or Latino,Joint,25-34,87.013,Loan originated
1,765000.0,45,965000.0,214.0,1,White,Female,25-34,79.849,Loan originated
1,305000.0,49,365000.0,59.0,1,White,Female,25-34,85.0,Loan originated
1,415000.0,30%-<36%,935000.0,141.0,1,Asian,Male,25-34,44.09,Loan originated
1,115000.0,45,605000.0,52.0,1,White,Female,45-54,18.333,Loan originated
1,615000.0,20%-<30%,825000.0,225.0,1,White,Joint,35-44,75.0,Loan originated
1,605000.0,37,755000.0,195.0,1,White,Joint,35-44,80.0,Loan originated
1,355000.0,37,705000.0,276.0,1,White,Male,55-64,50.58,Loan originated
1,625000.0,44,1275000.0,152.0,1,White,Joint,25-34,49.02,Loan originated
1,705000.0,49,915000.0,159.0,1,White,Female,35-44,77.0,Loan originated
1,655000.0,46,875000.0,198.0,1,White,Joint,55-64,74.061,Loan originated
1,485000.0,42,535000.0,104.0,1,White,Male,45-54,90.566,Loan originated
1,665000.0,49,825000.0,122.0,1,White,Male,45-54,78.485,Application denied
1,535000.0,20%-<30%,805000.0,301.0,1,White,Male,<25,67.0,Loan originated
1,325000.0,46,435000.0,83.0,1,Hispanic or Latino,Joint,35-44,75.0,Loan originated
1,455000.0,44,575000.0,115.0,1,Hispanic or Latino,Male,35-44,80.0,Loan originated
1,285000.0,49,635000.0,127.0,1,White,Male,65-74,44.733,Loan originated
1,765000.0,39,915000.0,438.0,1,Hispanic or Latino,Joint,35-44,93.465,Loan originated
1,765000.0,39,985000.0,200.0,1,Asian,Male,25-34,77.523,Loan originated
1,995000.0,30%-<36%,1245000.0,285.0,1,Asian,Joint,25-34,80.0,Loan originated
1,465000.0,43,585000.0,109.0,1,Asian,Joint,35-44,78.438,Loan originated
1,845000.0,49,1405000.0,177.0,1,Asian,Female,25-34,60.0,Loan originated
1,585000.0,41,735000.0,167.0,1,White,Joint,25-34,80.0,Loan originated
1,425000.0,30%-<36%,715000.0,121.0,1,White,Joint,35-44,60.0,Loan originated
1,365000.0,49,515000.0,85.0,1,White,Joint,35-44,69.75,Loan originated
1,415000.0,>60%,455000.0,74.0,1,Asian,Male,45-54,90.0,Application denied
1,315000.0,30%-<36%,395000.0,103.0,1,Hispanic or Latino,Female,25-34,80.0,Loan originated
1,465000.0,36,675000.0,322.0,1,Hispanic or Latino,Male,45-54,70.0,Loan originated
1,495000.0,45,555000.0,127.0,1,Hispanic or Latino,Female,45-54,90.0,Loan originated
1,125000.0,46,355000.0,46.0,1,White,Male,65-74,35.714,Loan originated
1,205000.0,20%-<30%,365000.0,81.0,1,Hispanic or Latino,Male,35-44,57.903,Loan originated
1,785000.0,42,1045000.0,299.0,1,White,Male,65-74,75.0,Loan originated
1,255000.0,30%-<36%,1495000.0,166.0,1,White,Female,45-54,16.678,Loan originated
1,725000.0,30%-<36%,905000.0,225.0,1,White,Female,35-44,80.0,Loan originated
1,1075000.0,<20%,1345000.0,911.0,1,White,Male,45-54,80.0,Loan originated
1,455000.0,46,605000.0,196.0,1,White,Joint,55-64,75.0,Loan originated
1,685000.0,49,855000.0,334.0,1,Asian,Joint,45-54,80.0,Loan originated
1,525000.0,46,655000.0,220.0,1,White,Male,45-54,80.0,Loan originated
1,425000.0,47,535000.0,87.0,1,White,Male,35-44,80.0,Application denied
1,625000.0,20%-<30%,775000.0,271.0,1,White,Joint,>74,79.692,Application denied
1,685000.0,20%-<30%,855000.0,1198.0,1,White,Joint,25-34,80.0,Loan originated
1,885000.0,20%-<30%,1105000.0,386.0,1,Asian,Joint,25-34,80.0,Loan originated
1,785000.0,45,1125000.0,300.0,1,White,Male,35-44,70.0,Loan originated
1,915000.0,49,1185000.0,249.0,1,White,Male,45-54,78.0,Loan originated
1,455000.0,<20%,635000.0,242.0,1,Hispanic or Latino,Female,55-64,72.253,Loan originated
1,715000.0,38,795000.0,189.0,1,Hispanic or Latino,Joint,35-44,90.0,Loan originated
1,665000.0,49,725000.0,142.0,1,White,Male,35-44,92.256,Loan originated
1,265000.0,42,275000.0,61.0,1,Asian,Joint,25-34,97.0,Loan originated
1,635000.0,43,825000.0,165.0,1,Hispanic or Latino,Male,35-44,76.549,Loan originated
1,525000.0,42,545000.0,171.0,1,Hispanic or Latino,Male,45-54,95.0,Loan originated
1,1085000.0,36,1355000.0,415.0,1,Asian,Joint,35-44,80.0,Loan originated
1,755000.0,36,1155000.0,204.0,1,Asian,Joint,25-34,66.0,Loan originated
1,405000.0,47,455000.0,100.0,1,Hispanic or Latino,Male,25-34,90.0,Loan originated
1,505000.0,30%-<36%,635000.0,281.0,1,White,Male,35-44,80.0,Loan originated
1,365000.0,20%-<30%,425000.0,147.0,1,White,Female,25-34,85.0,Loan originated
1,635000.0,20%-<30%,845000.0,270.0,1,White,Joint,35-44,75.0,Loan originated
1,985000.0,47,1045000.0,218.0,1,Black or African American,Female,35-44,95.0,Loan originated
1,415000.0,43,445000.0,160.0,1,Hispanic or Latino,Male,35-44,93.864,Loan originated
1,285000.0,37,355000.0,105.0,1,Hispanic or Latino,Joint,35-44,80.0,Loan originated
1,145000.0,49,595000.0,48.0,1,Asian,Joint,65-74,70.518,Loan originated
1,385000.0,47,485000.0,95.0,1,Asian,Male,25-34,79.999,Loan originated
1,285000.0,46,305000.0,83.0,1,Hispanic or Latino,Male,55-64,95.0,Loan originated
1,975000.0,49,1305000.0,312.0,1,Asian,Joint,35-44,75.0,Loan originated
1,425000.0,30%-<36%,535000.0,148.0,1,White,Joint,35-44,80.0,Loan originated
1,465000.0,30%-<36%,575000.0,265.0,1,White,Male,35-44,80.0,Loan originated
1,725000.0,48,805000.0,150.0,1,Asian,Male,35-44,89.988,Loan originated
1,1025000.0,36,3125000.0,445.0,1,White,Male,65-74,32.864,Loan originated
1,315000.0,49,355000.0,79.0,1,White,Female,45-54,90.0,Loan originated
1,825000.0,48,1105000.0,167.0,1,Other,Male,25-34,74.818,Loan originated
1,395000.0,49,495000.0,151.0,1,White,Joint,35-44,80.0,Loan originated
1,425000.0,49,1025000.0,89.0,1,White,Joint,35-44,42.0,Loan originated
1,705000.0,20%-<30%,1175000.0,351.0,1,Asian,Male,25-34,60.0,Loan originated
1,225000.0,45,235000.0,46.0,1,Hispanic or Latino,Male,25-34,95.0,Loan originated
1,385000.0,30%-<36%,485000.0,178.0,1,Hispanic or Latino,Male,45-54,80.0,Loan originated
1,1535000.0,20%-<30%,1805000.0,553.0,1,Asian,Joint,25-34,85.0,Loan originated
1,445000.0,<20%,495000.0,255.0,1,Asian,Female,25-34,90.0,Loan originated
1,505000.0,20%-<30%,625000.0,399.0,1,Hispanic or Latino,Joint,55-64,80.0,Loan originated
1,455000.0,38,1305000.0,247.0,1,White,Male,>74,34.62,Loan originated
1,765000.0,45,805000.0,240.0,1,Hispanic or Latino,Joint,45-54,95.0,Loan originated
1,545000.0,>60%,905000.0,18.0,1,Asian,Joint,35-44,60.0,Application denied
1,255000.0,<20%,515000.0,454.0,1,White,Female,65-74,50.0,Loan originated
1,755000.0,<20%,1205000.0,481.0,1,White,Joint,25-34,62.5,Loan originated
1,535000.0,46,765000.0,168.0,1,Asian,Female,35-44,70.0,Loan originated
1,425000.0,50%-60%,455000.0,79.0,1,Hispanic or Latino,Female,55-64,95.0,Application denied
1,955000.0,20%-<30%,1195000.0,620.0,1,White,Joint,35-44,80.0,Loan originated
1,305000.0,37,495000.0,60.0,1,White,Female,55-64,62.66,Loan originated
1,765000.0,49,1065000.0,397.0,1,White,Joint,55-64,71.87,Loan originated
1,535000.0,49,815000.0,100.0,1,White,Female,25-34,65.751,Loan originated
1,785000.0,37,1055000.0,227.0,1,Asian,Male,25-34,75.0,Loan originated
1,355000.0,<20%,385000.0,179.0,1,Hispanic or Latino,Joint,25-34,93.0,Loan originated
1,525000.0,<20%,885000.0,422.0,1,Asian,Male,55-64,60.0,Loan originated
1,405000.0,36,445000.0,103.0,1,White,Female,25-34,90.0,Loan originated
1,435000.0,36,535000.0,141.0,1,Asian,Female,45-54,80.0,Loan originated
1,765000.0,43,955000.0,200.0,1,Asian,Joint,25-34,80.0,Loan originated
1,325000.0,50%-60%,455000.0,213.0,1,Asian,Male,45-54,70.65,Loan originated
1,525000.0,43,655000.0,223.0,1,White,Female,35-44,80.0,Loan originated
1,305000.0,43,405000.0,87.0,1,White,Joint,55-64,75.0,Loan originated
1,335000.0,48,425000.0,101.0,1,White,Joint,35-44,78.571,Loan originated
1,815000.0,30%-<36%,855000.0,323.0,1,White,Female,35-44,95.0,Loan originated
1,525000.0,40,585000.0,143.0,1,Asian,Male,25-34,90.0,Loan originated
1,635000.0,39,845000.0,246.0,1,Asian,Female,25-34,79.75,Loan originated
1,455000.0,41,535000.0,143.0,1,Asian,Joint,45-54,85.0,Loan originated
1,175000.0,47,425000.0,43.0,1,White,Joint,55-64,42.0,Loan originated
1,1145000.0,20%-<30%,1525000.0,544.0,1,Hispanic or Latino,Male,25-34,75.0,Loan originated
1,605000.0,41,755000.0,160.0,1,Hispanic or Latino,Male,35-44,80.0,Loan originated
1,305000.0,30%-<36%,315000.0,83.0,1,White,Male,25-34,97.0,Loan originated
1,795000.0,20%-<30%,995000.0,317.0,1,Asian,Joint,35-44,80.0,Loan originated
1,395000.0,44,415000.0,84.0,1,Hispanic or Latino,Joint,35-44,97.0,Loan originated
1,295000.0,30%-<36%,535000.0,89.0,1,Asian,Female,55-64,53.71,Loan originated
1,285000.0,20%-<30%,305000.0,118.0,1,Asian,Male,25-34,95.0,Loan originated
1,365000.0,49,555000.0,186.0,1,Asian,Female,25-34,67.0,Loan originated
1,305000.0,46,345000.0,61.0,1,Hispanic or Latino,Male,25-34,90.0,Loan originated
1,345000.0,20%-<30%,435000.0,105.0,1,White,Female,45-54,80.0,Loan originated
1,775000.0,48,815000.0,150.0,1,White,Male,25-34,95.0,Loan originated
1,445000.0,20%-<30%,555000.0,194.0,1,White,Joint,35-44,80.0,Loan originated
1,185000.0,44,455000.0,56.0,1,Asian,Female,45-54,98.0,Loan originated
1,415000.0,43,445000.0,125.0,1,White,Joint,25-34,91.993,Loan originated
1,555000.0,47,585000.0,135.0,1,White,Male,25-34,95.0,Loan originated
1,965000.0,43,1205000.0,367.0,1,White,Joint,45-54,80.0,Loan originated
1,325000.0,42,415000.0,74.0,1,White,Male,25-34,80.0,Loan originated
1,1065000.0,20%-<30%,1335000.0,312.0,1,Asian,Joint,25-34,79.99,Loan originated
1,565000.0,47,595000.0,154.0,1,Hispanic or Latino,Joint,25-34,95.0,Loan originated
1,325000.0,30%-<36%,425000.0,116.0,1,White,Joint,25-34,76.61,Loan originated
1,605000.0,40,635000.0,163.0,1,Asian,Male,45-54,95.0,Loan originated
1,755000.0,30%-<36%,835000.0,266.0,1,White,Joint,25-34,89.82,Loan originated
1,585000.0,>60%,655000.0,171.0,1,Asian,Joint,35-44,90.0,Application denied
1,365000.0,39,385000.0,99.0,1,Asian,Female,35-44,95.0,Loan originated
1,495000.0,50%-60%,655000.0,91.0,1,Asian,Male,45-54,75.12,Application denied
1,755000.0,37,1205000.0,221.0,1,White,Female,25-34,62.5,Loan originated
1,745000.0,49,785000.0,168.0,1,White,Joint,35-44,95.0,Loan originated
1,765000.0,46,975000.0,176.0,1,Asian,Male,55-64,78.621,Loan originated
1,415000.0,36,555000.0,149.0,1,Asian,Male,35-44,75.0,Loan originated
1,155000.0,49,175000.0,129.0,1,Hispanic or Latino,Male,45-54,88.739,Loan originated
1,495000.0,44,805000.0,134.0,1,Asian,Male,25-34,61.347,Loan originated
1,575000.0,30%-<36%,715000.0,185.0,1,White,Joint,25-34,80.0,Loan originated
1,325000.0,42,405000.0,97.0,1,Hispanic or Latino,Female,35-44,80.0,Loan originated
1,205000.0,43,905000.0,62.0,1,White,Joint,55-64,22.22,Loan originated
1,455000.0,45,475000.0,175.0,1,White,Joint,35-44,95.0,Loan originated
1,685000.0,39,855000.0,204.0,1,Asian,Male,55-64,80.0,Loan originated
1,565000.0,44,595000.0,150.0,1,White,Joint,25-34,94.978,Loan originated
1,855000.0,49,895000.0,183.0,1,Asian,Female,35-44,95.0,Loan originated
1,435000.0,48,545000.0,84.0,1,Hispanic or Latino,Female,55-64,80.0,Loan originated
1,395000.0,50%-60%,415000.0,93.0,1,Hispanic or Latino,Female,25-34,96.286,Application denied
1,225000.0,46,375000.0,48.0,1,Hispanic or Latino,Female,25-34,60.0,Loan originated
1,675000.0,44,735000.0,167.0,1,Asian,Joint,25-34,91.156,Loan originated
1,275000.0,20%-<30%,345000.0,124.0,1,Asian,Female,55-64,80.0,Loan originated
1,225000.0,44,245000.0,68.0,1,Hispanic or Latino,Male,25-34,95.0,Loan originated
1,495000.0,49,625000.0,120.0,1,Hispanic or Latino,Male,35-44,80.0,Loan originated
1,765000.0,48,805000.0,175.0,1,Hispanic or Latino,Joint,25-34,95.0,Loan originated
1,195000.0,43,205000.0,58.0,1,Hispanic or Latino,Female,35-44,97.0,Application denied
1,445000.0,42,495000.0,107.0,1,White,Joint,35-44,90.0,Loan originated
1,325000.0,20%-<30%,415000.0,162.0,1,White,Female,65-74,80.0,Loan originated
1,1045000.0,42,1305000.0,307.0,1,Asian,Joint,25-34,80.0,Loan originated
1,595000.0,36,625000.0,181.0,1,Asian,Joint,35-44,95.0,Loan originated
1,255000.0,>60%,285000.0,55.0,1,White,Female,55-64,90.0,Application denied
1,585000.0,42,655000.0,148.0,1,Hispanic or Latino,Female,45-54,90.0,Loan originated
1,185000.0,39,265000.0,81.0,1,Asian,Male,35-44,70.0,Loan originated
1,395000.0,46,415000.0,141.0,1,White,Female,35-44,95.0,Loan originated
1,675000.0,43,795000.0,170.0,1,Asian,Male,25-34,84.884,Loan originated
1,515000.0,47,715000.0,113.0,1,White,Joint,45-54,72.0,Loan originated
1,765000.0,49,975000.0,199.0,1,White,Joint,25-34,78.621,Loan originated
1,715000.0,50%-60%,765000.0,160.0,1,White,Female,25-34,94.212,Loan originated
1,1085000.0,47,1305000.0,379.0,1,Asian,Joint,45-54,83.792,Loan originated
1,305000.0,43,375000.0,80.0,1,White,Female,45-54,80.0,Loan originated
1,555000.0,44,735000.0,206.0,1,Hispanic or Latino,Joint,65-74,74.83,Loan originated
1,425000.0,37,495000.0,134.0,1,Hispanic or Latino,Joint,45-54,85.0,Loan originated
1,345000.0,36,485000.0,126.0,1,White,Female,35-44,72.01,Loan originated
1,765000.0,48,1585000.0,447.0,1,Asian,Joint,35-44,48.481,Loan originated
1,685000.0,48,855000.0,156.0,1,White,Male,35-44,80.0,Loan originated
1,735000.0,<20%,975000.0,1732.0,1,White,Female,45-54,75.0,Loan originated
1,455000.0,49,985000.0,141.0,1,Asian,Joint,55-64,45.639,Loan originated
1,665000.0,47,825000.0,247.0,1,Asian,Joint,35-44,80.0,Loan originated
1,775000.0,46,865000.0,188.0,1,Hispanic or Latino,Joint,35-44,90.0,Loan originated
1,105000.0,20%-<30%,125000.0,63.0,1,Hispanic or Latino,Male,25-34,80.0,Loan originated
1,345000.0,20%-<30%,425000.0,293.0,1,White,Joint,45-54,80.0,Loan originated
1,725000.0,44,805000.0,321.0,1,White,Joint,35-44,90.0,Loan originated
1,455000.0,48,635000.0,93.0,1,Asian,Joint,55-64,70.821,Loan originated
1,765000.0,20%-<30%,985000.0,351.0,1,Asian,Joint,25-34,79.0,Loan originated
1,855000.0,42,905000.0,201.0,1,White,Joint,25-34,95.0,Loan originated
1,375000.0,45,645000.0,132.0,1,Asian,Joint,55-64,58.541,Loan originated
1,785000.0,37,975000.0,307.0,1,Asian,Joint,35-44,80.0,Loan originated
1,445000.0,38,565000.0,134.0,1,White,Joint,>74,80.0,Loan originated
1,365000.0,>60%,455000.0,49.0,1,Hispanic or Latino,Joint,<25,80.0,Application denied
1,625000.0,39,695000.0,174.0,1,Hispanic or Latino,Joint,35-44,90.0,Loan originated
1,635000.0,30%-<36%,675000.0,221.0,1,Hispanic or Latino,Male,35-44,95.0,Loan originated
1,625000.0,>60%,655000.0,99.0,1,White,Female,45-54,95.0,Application denied
1,835000.0,30%-<36%,1035000.0,246.0,1,Asian,Female,35-44,80.0,Loan originated
1,295000.0,20%-<30%,395000.0,129.0,1,Hispanic or Latino,Male,35-44,75.0,Loan originated
1,715000.0,30%-<36%,895000.0,221.0,1,Black or African American,Female,35-44,79.98,Loan originated
1,545000.0,46,605000.0,142.0,1,Asian,Joint,25-34,90.0,Loan originated
1,565000.0,40,635000.0,198.0,1,White,Joint,35-44,90.0,Loan originated
1,445000.0,30%-<36%,505000.0,192.0,1,Hispanic or Latino,Male,25-34,89.9,Loan originated
1,875000.0,20%-<30%,1095000.0,318.0,1,White,Male,35-44,80.0,Loan originated
1,465000.0,44,985000.0,120.0,1,Asian,Male,65-74,47.245,Loan originated
1,495000.0,20%-<30%,685000.0,245.0,1,White,Joint,35-44,71.53,Loan originated
1,255000.0,20%-<30%,755000.0,205.0,1,White,Joint,35-44,32.916,Loan originated
1,235000.0,41,535000.0,188.0,1,White,Female,35-44,43.925,Loan originated
1,415000.0,48,515000.0,80.0,1,Asian,Male,35-44,80.0,Loan originated
1,585000.0,20%-<30%,735000.0,332.0,1,White,Male,25-34,80.0,Loan originated
1,455000.0,48,975000.0,97.0,1,Hispanic or Latino,Male,35-44,47.029,Loan originated
1,605000.0,50%-60%,755000.0,230.0,1,White,Female,35-44,80.0,Application denied
1,765000.0,43,1145000.0,215.0,1,Asian,Male,45-54,66.987,Loan originated
1,675000.0,48,775000.0,168.0,1,Hispanic or Latino,Female,45-54,87.15,Loan originated
1,445000.0,30%-<36%,635000.0,135.0,1,White,Male,35-44,69.995,Loan originated
1,1125000.0,42,1405000.0,269.0,1,Asian,Male,35-44,80.0,Loan originated
1,1005000.0,44,1265000.0,326.0,1,White,Male,35-44,80.0,Loan originated
1,545000.0,42,685000.0,216.0,1,White,Male,65-74,80.0,Loan originated
1,275000.0,43,545000.0,80.0,1,White,Female,45-54,49.54,Loan originated
1,605000.0,40,635000.0,170.0,1,White,Female,35-44,95.0,Loan originated
1,665000.0,45,705000.0,186.0,1,White,Joint,25-34,95.0,Loan originated
1,315000.0,46,515000.0,143.0,1,White,Female,65-74,60.784,Loan originated
1,745000.0,37,875000.0,245.0,1,Hispanic or Latino,Joint,45-54,85.21,Loan originated
1,75000.0,42,115000.0,94.0,1,White,Female,55-64,65.217,Loan originated
1,595000.0,50%-60%,745000.0,182.0,1,Asian,Joint,45-54,80.0,Loan originated
1,625000.0,37,775000.0,161.0,1,White,Female,45-54,80.0,Loan originated
1,765000.0,<20%,1855000.0,789.0,1,White,Joint,55-64,41.405,Loan originated
1,795000.0,20%-<30%,995000.0,403.0,1,White,Joint,25-34,80.0,Loan originated
1,465000.0,42,575000.0,130.0,1,White,Female,25-34,80.0,Application denied
1,225000.0,30%-<36%,255000.0,79.0,1,Hispanic or Latino,Female,25-34,90.0,Loan originated
1,315000.0,49,375000.0,73.0,1,Hispanic or Latino,Joint,65-74,84.115,Loan originated
1,155000.0,20%-<30%,605000.0,117.0,1,Hispanic or Latino,Male,45-54,25.0,Loan originated
1,385000.0,47,475000.0,231.0,1,White,Female,25-34,80.0,Loan originated
1,955000.0,45,1705000.0,222.0,1,Asian,Female,35-44,55.88,Loan originated
1,765000.0,46,875000.0,204.0,1,Hispanic or Latino,Male,45-54,89.0,Loan originated
1,365000.0,48,975000.0,106.0,1,Hispanic or Latino,Joint,25-34,37.113,Loan originated
1,415000.0,41,945000.0,125.0,1,White,Male,25-34,43.61,Loan originated
1,585000.0,47,775000.0,117.0,1,Hispanic or Latino,Male,35-44,75.0,Loan originated
1,505000.0,47,535000.0,98.0,1,Hispanic or Latino,Female,35-44,95.0,Loan originated
1,625000.0,47,885000.0,164.0,1,White,Joint,>74,70.056,Loan originated
1,165000.0,49,235000.0,71.0,1,Hispanic or Latino,Male,45-54,70.0,Loan originated
1,305000.0,47,615000.0,156.0,1,White,Joint,55-64,50.0,Loan originated
1,565000.0,43,595000.0,216.0,1,Hispanic or Latino,Joint,35-44,95.0,Loan originated
1,245000.0,<20%,335000.0,196.0,1,Hispanic or Latino,Joint,55-64,75.0,Loan originated
1,285000.0,49,295000.0,78.0,1,Hispanic or Latino,Male,35-44,95.0,Loan originated
1,105000.0,49,115000.0,33.0,1,Other,Male,55-64,100.0,Loan originated
1,725000.0,40,805000.0,195.0,1,Hispanic or Latino,Male,35-44,90.0,Loan originated
1,735000.0,30%-<36%,755000.0,247.0,1,White,Joint,35-44,97.0,Loan originated
1,545000.0,46,845000.0,171.0,1,White,Male,35-44,64.497,Loan originated
1,985000.0,30%-<36%,1225000.0,299.0,1,White,Joint,25-34,80.0,Loan originated
1,765000.0,49,965000.0,212.0,1,Asian,Male,35-44,80.0,Loan originated
1,845000.0,40,895000.0,243.0,1,Hispanic or Latino,Male,25-34,95.0,Loan originated
1,625000.0,20%-<30%,775000.0,263.0,1,White,Female,35-44,80.0,Loan originated
1,895000.0,41,1025000.0,241.0,1,Hispanic or Latino,Male,35-44,87.72,Loan originated
1,745000.0,50%-60%,915000.0,217.0,1,White,Joint,45-54,91.473,Application denied
1,195000.0,<20%,265000.0,281.0,1,Hispanic or Latino,Male,25-34,75.0,Application denied
1,405000.0,48,435000.0,136.0,1,Asian,Joint,45-54,98.0,Loan originated
1,655000.0,37,825000.0,204.0,1,Hispanic or Latino,Joint,25-34,80.0,Loan originated
1,495000.0,38,655000.0,317.0,1,White,Joint,25-34,75.0,Loan originated
1,765000.0,46,1545000.0,190.0,1,White,Joint,35-44,50.0,Loan originated
1,345000.0,40,365000.0,87.0,1,White,Male,25-34,95.0,Loan originated
1,365000.0,36,415000.0,122.0,1,White,Male,35-44,90.0,Loan originated
1,315000.0,20%-<30%,425000.0,176.0,1,Asian,Joint,55-64,74.11,Loan originated
1,665000.0,30%-<36%,735000.0,239.0,1,White,Male,35-44,90.0,Loan originated
1,275000.0,45,455000.0,67.0,1,Asian,Female,25-34,59.989,Loan originated
1,275000.0,36,375000.0,96.0,1,White,Joint,65-74,73.333,Loan originated
1,135000.0,<20%,245000.0,93.0,1,White,Joint,55-64,56.267,Loan originated
1,705000.0,44,995000.0,162.0,1,Asian,Female,35-44,70.0,Loan originated
1,795000.0,20%-<30%,885000.0,333.0,1,Asian,Female,45-54,90.0,Loan originated
1,765000.0,37,855000.0,197.0,1,Asian,Joint,25-34,90.0,Loan originated
1,915000.0,47,965000.0,197.0,1,White,Joint,55-64,95.0,Loan originated
1,295000.0,41,505000.0,72.0,1,Hispanic or Latino,Joint,65-74,58.812,Loan originated
1,325000.0,20%-<30%,415000.0,116.0,1,Hispanic or Latino,Male,25-34,80.0,Loan originated
1,685000.0,43,915000.0,179.0,1,Asian,Joint,45-54,75.0,Loan originated
1,535000.0,49,555000.0,113.0,1,Hispanic or Latino,Male,35-44,97.273,Loan originated
1,765000.0,49,2255000.0,181.0,1,White,Female,65-74,34.09,Loan originated
1,765000.0,30%-<36%,825000.0,250.0,1,White,Joint,25-34,92.916,Loan originated
1,395000.0,42,495000.0,122.0,1,White,Male,45-54,80.0,Loan originated
1,555000.0,42,745000.0,167.0,1,Hispanic or Latino,Joint,35-44,75.0,Loan originated
1,385000.0,49,475000.0,105.0,1,Hispanic or Latino,Male,45-54,80.0,Loan originated
1,325000.0,41,895000.0,89.0,1,Hispanic or Latino,Male,55-64,36.04,Loan originated
1,215000.0,30%-<36%,265000.0,85.0,1,White,Male,25-34,80.0,Loan originated
1,355000.0,49,585000.0,71.0,1,Hispanic or Latino,Male,25-34,60.0,Loan originated
1,635000.0,49,835000.0,180.0,1,White,Joint,45-54,76.5,Loan originated
1,275000.0,40,335000.0,80.0,1,Hispanic or Latino,Joint,45-54,80.0,Loan originated
1,585000.0,36,785000.0,222.0,1,White,Joint,45-54,74.359,Loan originated
1,355000.0,41,385000.0,165.0,1,White,Male,35-44,90.0,Loan originated
1,1045000.0,38,1305000.0,253.0,1,Asian,Joint,25-34,80.0,Loan originated
1,765000.0,40,835000.0,355.0,1,White,Joint,55-64,93.0,Loan originated
1,765000.0,46,955000.0,168.0,1,White,Male,25-34,83.416,Loan originated
1,945000.0,30%-<36%,1265000.0,301.0,1,White,Male,25-34,75.0,Loan originated
1,445000.0,46,555000.0,125.0,1,Asian,Female,35-44,80.0,Loan originated
1,605000.0,46,645000.0,124.0,1,Asian,Male,25-34,95.0,Loan originated
1,335000.0,20%-<30%,425000.0,211.0,1,White,Male,45-54,95.0,Loan originated
1,265000.0,42,285000.0,96.0,1,White,Female,45-54,95.0,Loan originated
1,765000.0,30%-<36%,955000.0,201.0,1,White,Female,25-34,80.0,Loan originated
1,865000.0,30%-<36%,1265000.0,372.0,1,Asian,Joint,35-44,68.37,Loan originated
1,375000.0,49,2055000.0,263.0,1,Asian,Male,35-44,18.439,Loan originated
1,595000.0,44,885000.0,247.0,1,White,Joint,35-44,67.158,Loan originated
1,455000.0,36,575000.0,134.0,1,Hispanic or Latino,Joint,35-44,80.0,Loan originated
1,625000.0,45,785000.0,152.0,1,Asian,Female,25-34,80.0,Loan originated
1,425000.0,45,455000.0,162.0,1,Hispanic or Latino,Joint,35-44,95.0,Loan originated
1,275000.0,47,295000.0,61.0,1,Hispanic or Latino,Female,35-44,94.068,Loan originated
1,515000.0,20%-<30%,645000.0,228.0,1,Asian,Joint,35-44,80.0,Loan originated
1,785000.0,46,985000.0,276.0,1,Hispanic or Latino,Joint,35-44,80.0,Loan originated
1,75000.0,38,85000.0,68.0,1,White,Male,55-64,90.62,Application denied
1,1125000.0,38,1405000.0,296.0,1,White,Joint,45-54,80.0,Loan originated
1,305000.0,47,605000.0,83.0,1,White,Male,25-34,50.0,Loan originated
1,625000.0,47,785000.0,122.0,1,Hispanic or Latino,Female,35-44,80.0,Loan originated
1,755000.0,47,1025000.0,158.0,1,Asian,Joint,35-44,73.53,Loan originated
1,605000.0,36,755000.0,164.0,1,Hispanic or Latino,Male,25-34,80.0,Loan originated
1,585000.0,46,595000.0,149.0,1,White,Joint,25-34,97.0,Loan originated
1,995000.0,45,1425000.0,226.0,1,White,Female,55-64,70.0,Loan originated
1,475000.0,<20%,675000.0,394.0,1,White,Joint,65-74,70.0,Loan originated
1,205000.0,47,455000.0,235.0,1,Hispanic or Latino,Joint,55-64,44.444,Loan originated
1,1045000.0,42,1305000.0,282.0,1,Asian,Joint,25-34,80.0,Loan originated
1,305000.0,47,385000.0,70.0,1,White,Joint,<25,79.0,Loan originated
1,225000.0,44,275000.0,68.0,1,White,Female,25-34,75.0,Application denied
1,325000.0,39,345000.0,165.0,1,Black or African American,Male,45-54,95.0,Loan originated
1,1055000.0,43,1325000.0,359.0,1,Asian,Male,35-44,80.0,Loan originated
1,725000.0,42,905000.0,219.0,1,White,Female,45-54,80.0,Loan originated
1,1005000.0,<20%,1345000.0,0.0,1,Asian,Male,25-34,75.0,Application denied
1,485000.0,47,615000.0,123.0,1,Hispanic or Latino,Male,45-54,79.001,Loan originated
1,355000.0,30%-<36%,475000.0,117.0,1,White,Female,35-44,74.989,Application denied
1,645000.0,41,665000.0,159.0,1,Hispanic or Latino,Female,25-34,97.0,Loan originated
1,515000.0,39,535000.0,156.0,1,White,Female,35-44,97.0,Loan originated
1,1005000.0,50%-60%,1185000.0,170.0,1,Asian,Female,25-34,85.0,Application denied
1,205000.0,>60%,465000.0,91.0,1,White,Joint,55-64,42.66,Application denied
1,625000.0,44,695000.0,255.0,1,White,Male,35-44,95.0,Loan originated
1,1105000.0,30%-<36%,2005000.0,849.0,1,White,Joint,35-44,55.0,Loan originated
1,765000.0,>60%,805000.0,104.0,1,Hispanic or Latino,Male,45-54,98.125,Loan originated
1,765000.0,42,975000.0,379.0,1,Asian,Male,45-54,78.65,Loan originated
1,555000.0,41,695000.0,140.0,1,Hispanic or Latino,Male,45-54,80.0,Loan originated
1,715000.0,48,895000.0,139.0,1,White,Joint,25-34,80.0,Loan originated
1,505000.0,20%-<30%,955000.0,265.0,1,White,Joint,25-34,52.63,Loan originated
1,305000.0,40,385000.0,74.0,1,White,Male,45-54,80.0,Loan originated
1,365000.0,39,455000.0,215.0,1,Asian,Joint,35-44,80.0,Loan originated
1,975000.0,30%-<36%,1225000.0,313.0,1,White,Joint,45-54,80.0,Loan originated
1,755000.0,20%-<30%,1495000.0,327.0,1,White,Joint,35-44,50.067,Loan originated
1,715000.0,49,755000.0,152.0,1,White,Female,25-34,95.0,Loan originated
1,525000.0,30%-<36%,585000.0,188.0,1,Asian,Joint,25-34,90.0,Loan originated
1,275000.0,49,565000.0,63.0,1,Asian,Male,25-34,50.0,Loan originated
1,325000.0,20%-<30%,335000.0,115.0,1,White,Female,25-34,99.97,Loan originated
1,405000.0,44,425000.0,102.0,1,Asian,Joint,35-44,95.0,Loan originated
1,935000.0,49,1245000.0,310.0,1,White,Male,>74,75.0,Loan originated
1,755000.0,42,795000.0,203.0,1,Black or African American,Male,25-34,95.0,Loan originated
1,635000.0,48,855000.0,145.0,1,White,Male,55-64,75.0,Loan originated
1,965000.0,43,1285000.0,229.0,1,White,Joint,25-34,75.0,Loan originated
1,185000.0,42,235000.0,84.0,1,Hispanic or Latino,Female,45-54,80.0,Loan originated
1,415000.0,48,445000.0,88.0,1,Hispanic or Latino,Male,25-34,95.0,Loan originated
1,485000.0,41,755000.0,477.0,1,Asian,Joint,45-54,64.0,Loan originated
1,465000.0,44,525000.0,123.0,1,Asian,Joint,35-44,89.99,Loan originated
1,765000.0,48,865000.0,371.0,1,Asian,Joint,35-44,88.272,Loan originated
1,895000.0,37,1115000.0,481.0,1,White,Joint,35-44,80.0,Loan originated
1,1005000.0,<20%,1605000.0,1741.0,1,White,Female,65-74,62.5,Loan originated
1,245000.0,<20%,515000.0,186.0,1,White,Joint,55-64,46.602,Loan originated
1,255000.0,36,755000.0,100.0,1,Asian,Male,25-34,33.333,Loan originated
1,825000.0,20%-<30%,1035000.0,415.0,1,Asian,Male,45-54,80.0,Loan originated
1,765000.0,45,985000.0,180.0,1,Hispanic or Latino,Male,45-54,78.163,Loan originated
1,815000.0,38,1025000.0,252.0,1,Asian,Joint,45-54,80.0,Loan originated
1,1055000.0,46,1445000.0,215.0,1,Asian,Female,25-34,72.722,Loan originated
1,425000.0,49,565000.0,89.0,1,Hispanic or Latino,Male,35-44,75.0,Loan originated
1,645000.0,37,815000.0,274.0,1,Asian,Joint,35-44,80.0,Loan originated
1,405000.0,20%-<30%,795000.0,223.0,1,White,Female,65-74,50.63,Loan originated
1,635000.0,20%-<30%,845000.0,300.0,1,White,Male,35-44,75.0,Loan originated
1,705000.0,40,885000.0,163.0,1,White,Male,25-34,80.0,Loan originated
1,105000.0,36,135000.0,43.0,1,Hispanic or Latino,Male,35-44,80.0,Loan originated
1,885000.0,48,1105000.0,283.0,1,White,Male,35-44,80.0,Loan originated
1,405000.0,30%-<36%,505000.0,152.0,1,White,Joint,25-34,80.0,Loan originated
1,645000.0,37,855000.0,327.0,1,Asian,Joint,45-54,74.994,Loan originated
1,545000.0,36,685000.0,166.0,1,Hispanic or Latino,Male,25-34,80.0,Loan originated
1,315000.0,48,575000.0,72.0,1,Asian,Female,35-44,55.0,Loan originated
1,755000.0,37,2485000.0,494.0,1,White,Joint,35-44,31.0,Loan originated
1,935000.0,41,1565000.0,299.0,1,White,Joint,35-44,60.0,Loan originated
1,355000.0,48,415000.0,82.0,1,Hispanic or Latino,Female,25-34,85.0,Loan originated
1,205000.0,41,205000.0,87.0,1,White,Male,35-44,104.5,Application denied
1,505000.0,41,715000.0,110.0,1,Asian,Joint,45-54,72.17,Application denied
1,435000.0,49,655000.0,148.0,1,Hispanic or Latino,Male,45-54,66.923,Loan originated
1,455000.0,30%-<36%,515000.0,160.0,1,Asian,Male,45-54,89.0,Loan originated
1,765000.0,46,925000.0,189.0,1,Asian,Male,25-34,83.313,Loan originated
1,365000.0,46,455000.0,82.0,1,Hispanic or Latino,Female,55-64,100.0,Loan originated
1,885000.0,20%-<30%,2775000.0,708.0,1,Asian,Female,35-44,31.712,Loan originated
1,885000.0,40,1105000.0,262.0,1,White,Male,35-44,80.0,Loan originated
1,575000.0,47,685000.0,152.0,1,Asian,Joint,35-44,85.0,Loan originated
1,595000.0,49,625000.0,140.0,1,Asian,Male,35-44,95.0,Loan originated
1,495000.0,40,625000.0,132.0,1,Asian,Female,25-34,80.0,Loan originated
1,535000.0,30%-<36%,675000.0,120.0,1,Asian,Female,25-34,95.0,Application denied
1,735000.0,30%-<36%,1035000.0,215.0,1,Asian,Female,45-54,71.0,Loan originated
1,995000.0,46,1105000.0,227.0,1,Black or African American,Male,35-44,90.0,Loan originated
1,755000.0,45,775000.0,166.0,1,Asian,Male,35-44,96.465,Loan originated
1,315000.0,20%-<30%,1065000.0,154.0,1,White,Female,25-34,29.245,Loan originated
1,1105000.0,39,1475000.0,314.0,1,Asian,Male,35-44,75.0,Loan originated
1,595000.0,48,655000.0,140.0,1,Asian,Joint,35-44,89.99,Loan originated
1,355000.0,30%-<36%,455000.0,328.0,1,Other,Joint,<25,78.12,Loan originated
1,675000.0,50%-60%,925000.0,108.0,1,White,Male,45-54,73.0,Application denied
1,415000.0,30%-<36%,515000.0,166.0,1,White,Male,25-34,80.0,Loan originated
1,315000.0,49,395000.0,94.0,1,Hispanic or Latino,Joint,35-44,80.0,Loan originated
1,715000.0,36,1105000.0,223.0,1,White,Joint,25-34,65.0,Loan originated
1,765000.0,40,1485000.0,245.0,1,White,Joint,35-44,52.0,Loan originated
1,355000.0,20%-<30%,755000.0,162.0,1,White,Female,55-64,46.667,Loan originated
1,235000.0,45,245000.0,69.0,1,Asian,Male,<25,97.0,Loan originated
1,705000.0,30%-<36%,1205000.0,375.0,1,White,Male,35-44,59.0,Loan originated
1,755000.0,20%-<30%,5505000.0,445.0,1,White,Joint,45-54,13.636,Loan originated
1,515000.0,49,575000.0,114.0,1,White,Joint,25-34,89.44,Loan originated
1,205000.0,20%-<30%,245000.0,91.0,1,Black or African American,Female,65-74,83.333,Loan originated
1,535000.0,50%-60%,745000.0,89.0,1,White,Female,25-34,71.622,Application denied
1,625000.0,45,655000.0,173.0,1,Asian,Male,25-34,95.0,Loan originated
1,645000.0,20%-<30%,1095000.0,364.0,1,White,Male,25-34,60.0,Loan originated
1,565000.0,37,625000.0,212.0,1,Hispanic or Latino,Joint,25-34,90.0,Loan originated
1,785000.0,47,985000.0,164.0,1,Asian,Joint,25-34,80.0,Loan originated
1,405000.0,20%-<30%,1025000.0,211.0,1,White,Joint,25-34,39.216,Loan originated
1,325000.0,43,335000.0,96.0,1,White,Female,45-54,97.0,Loan originated
1,175000.0,20%-<30%,195000.0,94.0,1,Black or African American,Male,55-64,91.197,Loan originated
1,455000.0,48,565000.0,99.0,1,Hispanic or Latino,Joint,45-54,100.0,Loan originated
1,475000.0,48,635000.0,148.0,1,Hispanic or Latino,Male,25-34,75.0,Loan originated
1,325000.0,47,335000.0,94.0,1,Hispanic or Latino,Joint,<25,97.0,Loan originated
1,645000.0,47,815000.0,144.0,1,Asian,Male,35-44,80.0,Loan originated
1,475000.0,>60%,465000.0,50.0,1,White,Male,45-54,101.75,Application denied
1,605000.0,44,705000.0,146.0,1,White,Joint,25-34,85.715,Loan originated
1,755000.0,45,1455000.0,172.0,1,Asian,Joint,35-44,51.724,Application denied
1,975000.0,20%-<30%,1675000.0,602.0,1,Asian,Male,25-34,58.209,Loan originated
1,755000.0,41,935000.0,226.0,1,Asian,Male,35-44,89.96,Loan originated
1,615000.0,30%-<36%,995000.0,240.0,1,White,Joint,55-64,61.31,Loan originated
1,1145000.0,41,1855000.0,624.0,1,Black or African American,Male,35-44,89.135,Loan originated
1,385000.0,39,575000.0,124.0,1,White,Male,35-44,75.0,Loan originated
1,55000.0,30%-<36%,455000.0,46.0,1,White,Male,35-44,40.56,Loan originated
1,645000.0,43,765000.0,139.0,1,Asian,Male,25-34,88.0,Loan originated
1,115000.0,20%-<30%,185000.0,53.0,1,White,Female,45-54,61.531,Loan originated
1,275000.0,47,305000.0,84.0,1,Hispanic or Latino,Joint,35-44,90.0,Loan originated
1,965000.0,42,1855000.0,259.0,1,Asian,Joint,35-44,52.11,Loan originated
1,665000.0,42,705000.0,193.0,1,Hispanic or Latino,Female,25-34,95.0,Loan originated
1,515000.0,41,545000.0,122.0,1,Hispanic or Latino,Male,35-44,95.0,Loan originated
1,425000.0,43,445000.0,168.0,1,Hispanic or Latino,Joint,35-44,95.0,Loan originated
1,635000.0,40,845000.0,376.0,1,Asian,Joint,55-64,75.0,Loan originated
1,765000.0,47,995000.0,186.0,1,White,Joint,55-64,77.16,Loan originated
1,305000.0,48,645000.0,161.0,1,Asian,Joint,55-64,47.0,Application denied
1,175000.0,20%-<30%,585000.0,110.0,1,Asian,Male,25-34,29.88,Loan originated
1,325000.0,47,465000.0,68.0,1,Asian,Female,45-54,68.376,Loan originated
1,425000.0,48,535000.0,101.0,1,Asian,Female,25-34,80.0,Loan originated
1,685000.0,40,1075000.0,391.0,1,White,Joint,25-34,64.159,Loan originated
1,615000.0,45,645000.0,132.0,1,White,Female,>74,95.0,Loan originated
1,265000.0,30%-<36%,445000.0,104.0,1,Asian,Male,35-44,60.0,Loan originated
1,605000.0,43,655000.0,130.0,1,Asian,Female,35-44,93.27,Loan originated
1,515000.0,41,555000.0,206.0,1,White,Female,25-34,92.727,Loan originated
1,315000.0,30%-<36%,795000.0,154.0,1,White,Joint,45-54,40.0,Loan originated
1,505000.0,30%-<36%,1175000.0,292.0,1,Asian,Joint,55-64,42.736,Loan originated
1,475000.0,20%-<30%,715000.0,405.0,1,White,Joint,45-54,66.55,Loan originated
1,645000.0,41,685000.0,220.0,1,Asian,Joint,35-44,95.0,Loan originated
1,715000.0,46,895000.0,219.0,1,White,Joint,55-64,80.0,Loan originated
1,725000.0,50%-60%,715000.0,144.0,1,Hispanic or Latino,Female,25-34,101.75,Application denied
1,385000.0,30%-<36%,405000.0,156.0,1,White,Joint,55-64,95.0,Loan originated
1,435000.0,45,835000.0,201.0,1,Hispanic or Latino,Male,25-34,51.807,Loan originated
1,395000.0,39,415000.0,111.0,1,White,Female,45-54,97.0,Loan originated
1,325000.0,<20%,725000.0,408.0,1,White,Joint,35-44,44.828,Loan originated
1,675000.0,43,705000.0,178.0,1,Hispanic or Latino,Male,25-34,97.0,Loan originated
1,1285000.0,44,1605000.0,511.0,1,Asian,Joint,35-44,80.0,Loan originated
1,485000.0,42,645000.0,125.0,1,White,Female,25-34,75.0,Loan originated
1,535000.0,44,555000.0,150.0,1,White,Male,25-34,97.0,Loan originated
1,665000.0,46,825000.0,141.0,1,Asian,Male,35-44,80.0,Loan originated
1,555000.0,42,855000.0,172.0,1,White,Joint,35-44,64.789,Loan originated
1,305000.0,45,435000.0,87.0,1,White,Female,65-74,70.0,Loan originated
1,825000.0,49,1025000.0,199.0,1,White,Joint,35-44,80.0,Loan originated
1,675000.0,49,845000.0,210.0,1,White,Male,35-44,80.0,Loan originated
1,415000.0,49,915000.0,288.0,1,Hispanic or Latino,Male,55-64,45.355,Loan originated
1,525000.0,20%-<30%,585000.0,400.0,1,Asian,Male,55-64,90.0,Loan originated
1,465000.0,39,485000.0,132.0,1,Hispanic or Latino,Joint,25-34,97.0,Loan originated
1,575000.0,48,615000.0,135.0,1,Hispanic or Latino,Joint,35-44,98.325,Loan originated
1,505000.0,48,635000.0,135.0,1,Asian,Female,25-34,80.0,Loan originated
1,405000.0,48,545000.0,97.0,1,Asian,Joint,35-44,75.0,Loan originated
1,925000.0,44,1125000.0,210.0,1,Asian,Joint,65-74,95.593,Loan originated
1,615000.0,46,855000.0,229.0,1,White,Female,25-34,71.765,Loan originated
1,1075000.0,45,1345000.0,252.0,1,Asian,Male,25-34,80.0,Loan originated
1,295000.0,39,895000.0,101.0,1,Asian,Joint,45-54,32.96,Loan originated
1,385000.0,46,475000.0,83.0,1,White,Male,25-34,80.0,Loan originated
1,705000.0,46,1105000.0,181.0,1,Asian,Male,25-34,63.801,Loan originated
1,485000.0,39,605000.0,117.0,1,Hispanic or Latino,Male,<25,80.0,Loan originated
1,765000.0,30%-<36%,1695000.0,315.0,1,Asian,Joint,25-34,45.145,Loan originated
1,515000.0,42,685000.0,458.0,1,White,Joint,25-34,75.09,Loan originated
1,725000.0,30%-<36%,885000.0,225.0,1,Asian,Joint,45-54,82.374,Loan originated
1,665000.0,48,835000.0,190.0,1,White,Joint,45-54,83.0,Loan originated
1,655000.0,30%-<36%,975000.0,231.0,1,White,Joint,25-34,67.15,Loan originated
1,505000.0,30%-<36%,685000.0,196.0,1,White,Joint,25-34,73.15,Loan originated
1,235000.0,30%-<36%,855000.0,112.0,1,White,Joint,>74,27.114,Loan originated
1,535000.0,44,605000.0,143.0,1,Hispanic or Latino,Joint,35-44,89.667,Loan originated
1,695000.0,49,2505000.0,194.0,1,White,Joint,55-64,28.0,Loan originated
1,535000.0,20%-<30%,665000.0,243.0,1,Asian,Male,35-44,80.0,Loan originated
1,665000.0,49,905000.0,131.0,1,White,Male,25-34,73.33,Loan originated
1,215000.0,20%-<30%,265000.0,131.0,1,White,Female,35-44,80.0,Loan originated
1,555000.0,42,585000.0,126.0,1,White,Female,45-54,95.0,Loan originated
1,685000.0,30%-<36%,855000.0,200.0,1,White,Joint,25-34,80.0,Loan originated
1,675000.0,20%-<30%,905000.0,288.0,1,Hispanic or Latino,Male,35-44,75.0,Loan originated
1,635000.0,44,795000.0,138.0,1,Asian,Female,25-34,80.0,Loan originated
1,905000.0,30%-<36%,955000.0,274.0,1,Hispanic or Latino,Female,25-34,95.0,Loan originated
1,155000.0,30%-<36%,195000.0,66.0,1,Hispanic or Latino,Male,45-54,90.0,Loan originated
1,385000.0,20%-<30%,455000.0,177.0,1,White,Male,65-74,85.0,Loan originated
1,765000.0,43,905000.0,203.0,1,Asian,Male,25-34,84.532,Loan originated
1,205000.0,43,855000.0,117.0,1,Asian,Joint,45-54,23.406,Loan originated
1,425000.0,41,495000.0,114.0,1,Hispanic or Latino,Male,25-34,85.0,Loan originated
1,605000.0,<20%,715000.0,625.0,1,White,Male,35-44,85.0,Loan originated
1,565000.0,44,675000.0,134.0,1,Asian,Male,<25,103.14,Loan originated
1,655000.0,47,1105000.0,177.0,1,White,Joint,35-44,59.364,Loan originated
1,905000.0,47,1585000.0,222.0,1,Asian,Male,25-34,56.747,Loan originated
1,105000.0,43,605000.0,54.0,1,White,Female,<25,16.667,Loan originated
1,475000.0,46,715000.0,109.0,1,Asian,Female,35-44,66.087,Loan originated
1,705000.0,49,835000.0,182.0,1,Hispanic or Latino,Male,45-54,85.0,Loan originated
1,705000.0,42,1475000.0,280.0,1,White,Joint,25-34,47.46,Loan originated
1,765000.0,20%-<30%,765000.0,403.0,1,White,Joint,25-34,100.0,Loan originated
1,515000.0,47,545000.0,123.0,1,White,Female,35-44,95.0,Loan originated
1,615000.0,48,655000.0,146.0,1,Hispanic or Latino,Female,25-34,95.0,Loan originated
1,315000.0,40,395000.0,103.0,1,White,Female,25-34,80.0,Loan originated
1,605000.0,<20%,1005000.0,324.0,1,Hispanic or Latino,Female,45-54,60.0,Loan originated
1,515000.0,20%-<30%,645000.0,194.0,1,Asian,Male,25-34,79.99,Loan originated
1,435000.0,47,465000.0,115.0,1,Hispanic or Latino,Male,35-44,95.0,Loan originated
1,225000.0,45,305000.0,109.0,1,White,Joint,>74,75.65,Loan originated
1,385000.0,20%-<30%,825000.0,354.0,1,Hispanic or Latino,Joint,35-44,46.005,Loan originated
1,965000.0,49,1205000.0,291.0,1,White,Male,45-54,80.0,Application denied
1,435000.0,43,735000.0,137.0,1,White,Joint,65-74,59.309,Loan originated
1,1025000.0,41,1275000.0,237.0,1,Asian,Female,25-34,79.98,Loan originated
1,505000.0,44,635000.0,112.0,1,Asian,Joint,55-64,100.0,Loan originated
1,355000.0,41,445000.0,88.0,1,White,Male,35-44,80.0,Loan originated
1,585000.0,37,655000.0,171.0,1,Asian,Joint,25-34,90.0,Loan originated
1,335000.0,30%-<36%,355000.0,111.0,1,Hispanic or Latino,Joint,35-44,95.0,Loan originated
1,445000.0,30%-<36%,505000.0,189.0,1,White,Female,35-44,90.0,Loan originated
1,405000.0,20%-<30%,1355000.0,601.0,1,White,Male,65-74,29.52,Loan originated
1,565000.0,43,715000.0,153.0,1,White,Joint,25-34,80.0,Loan originated
1,775000.0,45,1065000.0,233.0,1,Other,Male,45-54,73.0,Loan originated
1,1055000.0,36,1405000.0,378.0,1,Asian,Joint,35-44,85.0,Loan originated
1,665000.0,<20%,835000.0,865.0,1,White,Joint,35-44,80.0,Loan originated
1,425000.0,47,815000.0,312.0,1,White,Male,45-54,52.18,Loan originated
1,595000.0,45,745000.0,144.0,1,White,Female,45-54,80.0,Loan originated
1,1005000.0,20%-<30%,1255000.0,449.0,1,White,Joint,25-34,80.0,Loan originated
1,705000.0,36,875000.0,215.0,1,Hispanic or Latino,Joint,25-34,80.0,Loan originated
1,25000.0,36,115000.0,109.0,1,White,Male,25-34,18.8,Loan originated
1,375000.0,39,665000.0,131.0,1,White,Female,55-64,55.526,Loan originated
1,425000.0,46,455000.0,147.0,1,Asian,Male,25-34,95.0,Loan originated
1,585000.0,47,725000.0,257.0,1,Hispanic or Latino,Male,55-64,80.0,Loan originated
1,415000.0,30%-<36%,425000.0,215.0,1,White,Joint,25-34,100.0,Loan originated
1,865000.0,30%-<36%,1085000.0,354.0,1,White,Joint,35-44,80.0,Loan originated
1,575000.0,47,715000.0,154.0,1,White,Male,55-64,80.0,Loan originated
1,455000.0,45,515000.0,214.0,1,White,Male,25-34,90.0,Loan originated
1,625000.0,49,655000.0,137.0,1,White,Male,25-34,95.0,Loan originated
1,455000.0,39,525000.0,126.0,1,White,Joint,<25,86.59,Loan originated
1,505000.0,42,995000.0,150.0,1,Asian,Female,45-54,51.0,Loan originated
1,765000.0,30%-<36%,1345000.0,258.0,1,White,Joint,35-44,57.0,Loan originated
1,585000.0,41,865000.0,168.0,1,White,Female,55-64,68.17,Loan originated
1,255000.0,46,455000.0,83.0,1,White,Male,25-34,55.556,Application denied
1,355000.0,20%-<30%,495000.0,244.0,1,White,Female,25-34,71.283,Loan originated
1,215000.0,37,225000.0,76.0,1,White,Female,45-54,97.0,Loan originated
1,375000.0,30%-<36%,505000.0,133.0,1,White,Joint,45-54,75.0,Loan originated
1,205000.0,39,355000.0,91.0,1,White,Female,55-64,58.0,Loan originated
1,605000.0,41,875000.0,250.0,1,Asian,Joint,65-74,69.29,Loan originated
1,625000.0,49,785000.0,85.0,1,Hispanic or Latino,Male,25-34,99.231,Loan originated
1,1095000.0,46,1365000.0,264.0,1,White,Male,35-44,80.0,Loan originated
1,735000.0,46,775000.0,197.0,1,Hispanic or Latino,Joint,35-44,95.0,Loan originated
1,535000.0,20%-<30%,595000.0,307.0,1,White,Male,45-54,90.0,Loan originated
1,975000.0,47,1855000.0,210.0,1,Asian,Male,25-34,52.43,Loan originated
1,335000.0,30%-<36%,415000.0,86.0,1,Asian,Male,25-34,80.0,Loan originated
1,515000.0,48,705000.0,131.0,1,Asian,Joint,35-44,73.462,Loan originated
1,515000.0,49,885000.0,116.0,1,Asian,Female,35-44,58.52,Loan originated
1,725000.0,45,1005000.0,183.0,1,Asian,Joint,35-44,72.14,Loan originated
1,755000.0,20%-<30%,945000.0,311.0,1,Hispanic or Latino,Male,35-44,80.0,Loan originated
1,425000.0,48,605000.0,118.0,1,White,Joint,>74,70.0,Loan originated
1,605000.0,46,905000.0,415.0,1,White,Male,55-64,66.667,Loan originated
1,495000.0,49,705000.0,96.0,1,White,Female,35-44,70.0,Loan originated
1,875000.0,43,925000.0,275.0,1,White,Female,35-44,95.0,Loan originated
1,205000.0,41,225000.0,105.0,1,Hispanic or Latino,Joint,45-54,87.85,Application denied
1,245000.0,42,745000.0,72.0,1,White,Female,25-34,33.558,Loan originated
1,1145000.0,40,1205000.0,284.0,1,White,Male,25-34,94.99,Loan originated
1,1095000.0,30%-<36%,1365000.0,365.0,1,Asian,Male,25-34,79.85,Loan originated
1,535000.0,49,685000.0,111.0,1,Hispanic or Latino,Male,25-34,77.7,Loan originated
1,325000.0,49,645000.0,165.0,1,Asian,Male,55-64,49.61,Loan originated
1,965000.0,30%-<36%,1215000.0,272.0,1,Asian,Male,35-44,80.0,Loan originated
1,205000.0,44,345000.0,69.0,1,Hispanic or Latino,Joint,<25,59.42,Application denied
1,645000.0,36,805000.0,180.0,1,White,Joint,25-34,80.0,Loan originated
1,245000.0,30%-<36%,895000.0,218.0,1,Asian,Joint,55-64,26.96,Loan originated
1,505000.0,30%-<36%,775000.0,195.0,1,Asian,Male,45-54,64.52,Loan originated
1,165000.0,45,575000.0,719.0,1,White,Joint,55-64,28.023,Loan originated
1,265000.0,36,535000.0,83.0,1,White,Male,25-34,49.25,Loan originated
1,615000.0,47,685000.0,160.0,1,Other,Female,<25,89.99,Loan originated
1,395000.0,42,465000.0,100.0,1,White,Male,25-34,84.783,Loan originated
1,945000.0,37,1355000.0,410.0,1,Asian,Joint,45-54,80.0,Loan originated
1,845000.0,44,945000.0,245.0,1,Asian,Joint,35-44,89.947,Loan originated
1,495000.0,42,595000.0,121.0,1,White,Female,<25,83.258,Loan originated
1,1005000.0,20%-<30%,1525000.0,401.0,1,Asian,Joint,25-34,65.57,Loan originated
1,205000.0,40,205000.0,152.0,1,White,Joint,45-54,101.75,Loan originated
1,675000.0,30%-<36%,845000.0,194.0,1,Asian,Male,25-34,80.0,Loan originated
1,655000.0,49,705000.0,185.0,1,Asian,Joint,45-54,92.9,Loan originated
1,1145000.0,30%-<36%,1355000.0,760.0,1,White,Joint,35-44,84.963,Loan originated
1,355000.0,20%-<30%,445000.0,179.0,1,White,Female,35-44,80.0,Loan originated
1,355000.0,49,475000.0,89.0,1,White,Male,35-44,75.0,Loan originated
1,865000.0,30%-<36%,1085000.0,259.0,1,White,Male,45-54,80.0,Loan originated
1,235000.0,45,245000.0,73.0,1,Asian,Male,25-34,95.0,Loan originated
1,645000.0,45,1325000.0,170.0,1,White,Female,45-54,49.92,Loan originated
1,405000.0,30%-<36%,635000.0,120.0,1,Hispanic or Latino,Joint,55-64,63.19,Loan originated
1,355000.0,39,445000.0,116.0,1,White,Female,55-64,80.0,Loan originated
1,545000.0,44,675000.0,125.0,1,White,Male,25-34,80.0,Loan originated
1,355000.0,48,825000.0,89.0,1,Asian,Male,45-54,42.42,Loan originated
