loan_purpose,loan_amount,debt_to_income_ratio,property_value,income,occupancy_type,derived_race,derived_sex,applicant_age,loan_to_value_ratio,action_taken
1,765000.0,48,805000.0,172.0,1,White,Joint,35-44,95.0,Loan originated
1,575000.0,43,615000.0,143.0,1,Hispanic or Latino,Joint,25-34,94.0,Loan originated
1,375000.0,43,495000.0,105.0,1,Hispanic or Latino,Joint,65-74,74.769,Loan originated
1,605000.0,39,805000.0,179.0,1,White,Joint,25-34,75.0,Loan originated
1,875000.0,41,975000.0,247.0,1,White,Joint,35-44,90.0,Loan originated
1,755000.0,30%-<36%,1625000.0,389.0,1,White,Joint,55-64,46.16,Loan originated
1,965000.0,30%-<36%,1205000.0,265.0,1,White,Male,35-44,80.0,Loan originated
1,1035000.0,36,1095000.0,350.0,1,Black or African American,Male,25-34,95.0,Loan originated
1,275000.0,42,355000.0,86.0,1,Hispanic or Latino,Male,35-44,105.0,Loan originated
1,655000.0,49,1625000.0,190.0,1,Asian,Joint,45-54,41.0,Loan originated
1,425000.0,48,505000.0,143.0,1,Black or African American,Male,65-74,103.832,Loan originated
1,965000.0,39,1205000.0,367.0,1,Asian,Female,45-54,80.0,Loan originated
1,315000.0,49,375000.0,73.0,1,Hispanic or Latino,Joint,65-74,84.115,Loan originated
1,765000.0,42,895000.0,328.0,1,Asian,Joint,25-34,80.0,Application denied
1,985000.0,30%-<36%,1315000.0,282.0,1,Asian,Joint,35-44,75.0,Loan originated
1,65000.0,42,75000.0,67.0,1,White,Male,>74,95.0,Loan originated
1,245000.0,48,475000.0,79.0,1,Hispanic or Latino,Male,45-54,51.579,Loan originated
1,715000.0,43,755000.0,218.0,1,Hispanic or Latino,Joint,35-44,95.0,Application denied
1,885000.0,37,1365000.0,281.0,1,Asian,Joint,35-44,65.0,Loan originated
1,575000.0,49,725000.0,109.0,1,White,Male,25-34,100.0,Loan originated
1,955000.0,38,1195000.0,260.0,1,Asian,Male,35-44,80.0,Loan originated
1,335000.0,48,365000.0,121.0,1,Hispanic or Latino,Joint,45-54,97.0,Loan originated
1,505000.0,30%-<36%,635000.0,255.0,1,White,Joint,45-54,80.0,Loan originated
1,665000.0,46,835000.0,134.0,1,Asian,Joint,55-64,80.0,Loan originated
1,505000.0,30%-<36%,595000.0,164.0,1,White,Joint,25-34,85.0,Loan originated
1,855000.0,46,955000.0,234.0,1,White,Female,45-54,90.0,Loan originated
1,925000.0,48,975000.0,235.0,1,White,Male,<25,95.0,Loan originated
1,415000.0,47,435000.0,119.0,1,White,Male,25-34,95.0,Loan originated
1,285000.0,45,305000.0,79.0,1,Hispanic or Latino,Male,35-44,95.0,Loan originated
1,675000.0,42,905000.0,214.0,1,Asian,Male,45-54,75.0,Loan originated
1,665000.0,47,865000.0,139.0,1,Asian,Female,45-54,95.0,Loan originated
1,425000.0,30%-<36%,535000.0,271.0,1,White,Male,45-54,80.0,Loan originated
1,525000.0,20%-<30%,545000.0,319.0,1,White,Female,65-74,97.0,Loan originated
1,655000.0,45,685000.0,179.0,1,Black or African American,Joint,55-64,95.0,Loan originated
1,765000.0,42,795000.0,179.0,1,White,Joint,35-44,97.0,Loan originated
1,1065000.0,42,1335000.0,378.0,1,Asian,Female,35-44,80.0,Loan originated
1,355000.0,48,945000.0,91.0,1,White,Female,35-44,37.448,Loan originated
1,635000.0,43,675000.0,186.0,1,Hispanic or Latino,Male,25-34,95.0,Loan originated
1,525000.0,49,725000.0,124.0,1,White,Joint,35-44,72.511,Loan originated
1,565000.0,44,725000.0,172.0,1,Asian,Joint,25-34,78.0,Loan originated
1,665000.0,43,835000.0,150.0,1,Asian,Joint,35-44,80.0,Loan originated
1,795000.0,30%-<36%,995000.0,237.0,1,White,Male,55-64,80.0,Loan originated
1,255000.0,30%-<36%,275000.0,102.0,1,White,Male,25-34,95.0,Loan originated
1,705000.0,46,2105000.0,222.0,1,White,Joint,35-44,33.333,Loan originated
1,875000.0,42,1095000.0,297.0,1,Asian,Male,35-44,80.0,Loan originated
1,1015000.0,43,1275000.0,600.0,1,White,Male,25-34,80.0,Loan originated
1,495000.0,37,705000.0,185.0,1,Asian,Male,35-44,70.0,Application denied
1,835000.0,49,1245000.0,175.0,1,White,Joint,35-44,67.5,Loan originated
1,995000.0,44,1325000.0,442.0,1,Asian,Joint,35-44,75.0,Loan originated
1,475000.0,47,1215000.0,150.0,1,Hispanic or Latino,Male,55-64,38.671,Loan originated
1,335000.0,30%-<36%,655000.0,114.0,1,Asian,Female,25-34,51.47,Loan originated
1,915000.0,46,1315000.0,243.0,1,Asian,Female,35-44,69.044,Loan originated
1,835000.0,30%-<36%,1045000.0,283.0,1,Asian,Joint,45-54,80.0,Loan originated
1,725000.0,39,1045000.0,192.0,1,Asian,Male,35-44,69.361,Loan originated
1,305000.0,30%-<36%,435000.0,120.0,1,White,Female,35-44,70.046,Loan originated
1,315000.0,43,335000.0,84.0,1,Hispanic or Latino,Female,35-44,100.0,Loan originated
1,155000.0,49,745000.0,70.0,1,Asian,Joint,65-74,20.27,Loan originated
1,325000.0,46,415000.0,70.0,1,Hispanic or Latino,Male,35-44,100.0,Loan originated
1,745000.0,43,935000.0,195.0,1,White,Female,55-64,80.0,Loan originated
1,495000.0,>60%,525000.0,77.0,1,Hispanic or Latino,Joint,45-54,94.231,Application denied
1,585000.0,45,615000.0,136.0,1,Hispanic or Latino,Male,25-34,99.058,Loan originated
1,505000.0,20%-<30%,905000.0,259.0,1,White,Female,25-34,55.8,Loan originated
1,715000.0,47,795000.0,310.0,1,White,Joint,45-54,90.0,Loan originated
1,1005000.0,49,1255000.0,308.0,1,White,Joint,65-74,80.0,Loan originated
1,355000.0,41,375000.0,79.0,1,White,Male,<25,94.59,Loan originated
1,385000.0,45,475000.0,80.0,1,Hispanic or Latino,Female,45-54,80.0,Loan originated
1,355000.0,48,375000.0,82.0,1,Hispanic or Latino,Female,55-64,95.0,Loan originated
1,435000.0,20%-<30%,465000.0,171.0,1,White,Female,>74,95.0,Loan originated
1,325000.0,49,405000.0,71.0,1,Hispanic or Latino,Joint,35-44,80.0,Loan originated
1,565000.0,47,595000.0,138.0,1,Hispanic or Latino,Joint,25-34,95.0,Loan originated
1,365000.0,48,735000.0,83.0,1,Asian,Male,25-34,49.66,Loan originated
1,305000.0,49,705000.0,86.0,1,White,Joint,65-74,42.857,Loan originated
1,685000.0,20%-<30%,855000.0,554.0,1,Asian,Male,35-44,79.999,Loan originated
1,675000.0,43,915000.0,158.0,1,White,Joint,45-54,73.77,Loan originated
1,655000.0,47,685000.0,121.0,1,Hispanic or Latino,Male,35-44,95.0,Loan originated
1,405000.0,30%-<36%,505000.0,145.0,1,White,Joint,25-34,80.0,Loan originated
1,385000.0,49,405000.0,155.0,1,Hispanic or Latino,Joint,35-44,95.0,Loan originated
1,475000.0,45,595000.0,199.0,1,Hispanic or Latino,Joint,45-54,80.0,Loan originated
1,575000.0,49,605000.0,207.0,1,Hispanic or Latino,Male,45-54,95.0,Loan originated
1,595000.0,30%-<36%,745000.0,155.0,1,White,Male,35-44,80.0,Loan originated
1,505000.0,47,895000.0,240.0,1,Asian,Joint,45-54,56.0,Loan originated
1,435000.0,>60%,475000.0,76.0,1,Hispanic or Latino,Male,35-44,91.58,Application denied
1,505000.0,42,635000.0,126.0,1,White,Male,25-34,80.0,Loan originated
1,425000.0,46,525000.0,84.0,1,Hispanic or Latino,Male,45-54,80.0,Loan originated
1,525000.0,45,575000.0,174.0,1,Hispanic or Latino,Joint,35-44,90.0,Loan originated
1,495000.0,47,715000.0,115.0,1,White,Joint,35-44,70.0,Loan originated
1,735000.0,49,815000.0,208.0,1,Hispanic or Latino,Female,25-34,90.0,Loan originated
1,465000.0,48,585000.0,100.0,1,Asian,Female,55-64,80.0,Loan originated
1,435000.0,39,795000.0,104.0,1,White,Male,35-44,53.751,Loan originated
1,415000.0,36,705000.0,135.0,1,Asian,Female,25-34,60.0,Loan originated
1,725000.0,41,765000.0,230.0,1,Asian,Joint,25-34,95.0,Loan originated
1,805000.0,>60%,1505000.0,181.0,1,Asian,Male,<25,53.34,Application denied
1,1005000.0,43,2715000.0,278.0,1,Asian,Female,25-34,36.83,Loan originated
1,635000.0,20%-<30%,1205000.0,269.0,1,White,Female,45-54,53.0,Loan originated
1,95000.0,30%-<36%,305000.0,57.0,1,White,Female,65-74,32.67,Loan originated
1,675000.0,37,715000.0,168.0,1,White,Male,35-44,95.0,Loan originated
1,625000.0,49,895000.0,110.0,1,White,Joint,65-74,70.0,Loan originated
1,675000.0,40,725000.0,215.0,1,Other,Female,35-44,93.103,Loan originated
1,465000.0,30%-<36%,715000.0,199.0,1,White,Female,35-44,65.0,Application denied
1,935000.0,47,1735000.0,321.0,1,White,Female,>74,53.757,Loan originated
1,395000.0,48,495000.0,82.0,1,Asian,Joint,35-44,80.0,Loan originated
1,495000.0,42,565000.0,136.0,1,White,Female,45-54,86.726,Loan originated
1,685000.0,42,885000.0,269.0,1,White,Male,25-34,80.0,Loan originated
1,445000.0,48,455000.0,90.0,1,Hispanic or Latino,Joint,45-54,97.0,Loan originated
1,835000.0,39,1045000.0,240.0,1,White,Joint,35-44,80.0,Loan originated
1,405000.0,49,505000.0,262.0,1,Hispanic or Latino,Male,25-34,80.0,Loan originated
1,385000.0,49,485000.0,85.0,1,White,Female,35-44,80.0,Loan originated
1,975000.0,38,1215000.0,267.0,1,Asian,Male,25-34,80.0,Loan originated
1,315000.0,46,335000.0,72.0,1,Hispanic or Latino,Female,65-74,95.0,Application denied
1,225000.0,39,235000.0,75.0,1,Hispanic or Latino,Male,35-44,95.0,Loan originated
1,765000.0,39,985000.0,392.0,1,Other,Joint,35-44,77.503,Loan originated
1,345000.0,40,405000.0,77.0,1,Asian,Male,25-34,104.0,Loan originated
1,705000.0,20%-<30%,1055000.0,265.0,1,Asian,Joint,35-44,66.67,Loan originated
1,955000.0,42,1265000.0,391.0,1,White,Female,45-54,75.0,Loan originated
1,735000.0,30%-<36%,1025000.0,227.0,1,Asian,Female,35-44,72.02,Loan originated
1,1005000.0,49,1145000.0,210.0,1,Hispanic or Latino,Male,25-34,87.719,Loan originated
1,695000.0,48,1685000.0,271.0,1,Asian,Female,35-44,41.15,Loan originated
1,365000.0,45,555000.0,85.0,1,Asian,Male,35-44,66.126,Loan originated
1,885000.0,49,1285000.0,186.0,1,Asian,Female,25-34,68.75,Loan originated
1,545000.0,48,575000.0,134.0,1,White,Male,45-54,98.0,Loan originated
1,965000.0,30%-<36%,1215000.0,327.0,1,Asian,Joint,25-34,80.0,Loan originated
1,425000.0,42,455000.0,97.0,1,White,Female,45-54,95.0,Loan originated
1,895000.0,49,1115000.0,225.0,1,Black or African American,Male,45-54,80.0,Loan originated
1,495000.0,44,515000.0,130.0,1,Hispanic or Latino,Joint,25-34,100.0,Loan originated
1,405000.0,50%-60%,425000.0,127.0,1,White,Joint,65-74,95.0,Application denied
1,655000.0,30%-<36%,855000.0,226.0,1,White,Joint,35-44,76.608,Loan originated
1,545000.0,41,1045000.0,252.0,1,Asian,Female,45-54,52.153,Loan originated
1,675000.0,30%-<36%,705000.0,240.0,1,Asian,Joint,45-54,95.0,Loan originated
1,525000.0,45,655000.0,107.0,1,White,Male,<25,80.0,Loan originated
1,155000.0,20%-<30%,725000.0,162.0,1,White,Joint,>74,20.833,Loan originated
1,505000.0,41,725000.0,154.0,1,Asian,Female,25-34,69.92,Loan originated
1,935000.0,37,1455000.0,307.0,1,White,Female,45-54,64.14,Application denied
1,225000.0,<20%,875000.0,175.0,1,White,Joint,45-54,25.714,Loan originated
1,605000.0,47,755000.0,130.0,1,Asian,Joint,25-34,80.0,Loan originated
1,1125000.0,44,1405000.0,249.0,1,White,Female,25-34,80.0,Loan originated
1,815000.0,30%-<36%,1085000.0,374.0,1,Asian,Joint,35-44,75.0,Loan originated
1,745000.0,47,875000.0,233.0,1,White,Female,35-44,85.0,Loan originated
1,275000.0,30%-<36%,345000.0,125.0,1,Hispanic or Latino,Joint,25-34,80.0,Loan originated
1,475000.0,49,535000.0,122.0,1,White,Female,35-44,90.0,Loan originated
1,575000.0,44,615000.0,189.0,1,Hispanic or Latino,Joint,25-34,95.0,Loan originated
1,665000.0,<20%,825000.0,380.0,1,Hispanic or Latino,Joint,65-74,80.0,Loan originated
1,535000.0,20%-<30%,635000.0,493.0,1,White,Male,55-64,85.0,Loan originated
1,515000.0,49,575000.0,114.0,1,White,Joint,25-34,89.44,Loan originated
1,385000.0,48,415000.0,199.0,1,Hispanic or Latino,Male,25-34,95.0,Loan originated
1,415000.0,30%-<36%,505000.0,127.0,1,Hispanic or Latino,Joint,35-44,84.0,Loan originated
1,615000.0,48,765000.0,264.0,1,Asian,Female,35-44,80.0,Loan originated
1,955000.0,49,1285000.0,208.0,1,Asian,Female,55-64,74.57,Loan originated
1,325000.0,39,385000.0,79.0,1,White,Female,65-74,85.0,Loan originated
1,425000.0,36,675000.0,129.0,1,Asian,Female,25-34,63.0,Loan originated
1,615000.0,20%-<30%,825000.0,270.0,1,Asian,Male,65-74,75.0,Loan originated
1,515000.0,37,545000.0,144.0,1,White,Female,35-44,95.0,Loan originated
1,765000.0,30%-<36%,835000.0,363.0,1,Asian,Joint,35-44,91.474,Loan originated
1,305000.0,30%-<36%,1935000.0,624.0,1,Asian,Joint,35-44,82.6,Loan originated
1,615000.0,41,765000.0,265.0,1,Black or African American,Joint,45-54,80.0,Loan originated
1,515000.0,30%-<36%,685000.0,167.0,1,Asian,Male,25-34,75.0,Loan originated
1,425000.0,36,535000.0,124.0,1,Hispanic or Latino,Male,25-34,80.0,Loan originated
1,785000.0,37,1055000.0,270.0,1,White,Female,35-44,75.0,Loan originated
1,295000.0,40,1175000.0,130.0,1,Asian,Joint,45-54,41.702,Loan originated
1,555000.0,47,625000.0,122.0,1,White,Female,55-64,90.0,Loan originated
1,515000.0,49,1025000.0,110.0,1,White,Female,45-54,49.756,Loan originated
1,495000.0,47,525000.0,137.0,1,White,Male,25-34,95.0,Loan originated
1,655000.0,49,985000.0,154.0,1,Hispanic or Latino,Joint,65-74,65.923,Loan originated
1,395000.0,46,405000.0,116.0,1,Hispanic or Latino,Male,25-34,100.0,Loan originated
1,385000.0,20%-<30%,685000.0,182.0,1,White,Joint,25-34,55.882,Loan originated
1,545000.0,30%-<36%,675000.0,289.0,1,White,Joint,55-64,80.0,Loan originated
1,395000.0,43,415000.0,114.0,1,White,Joint,25-34,100.0,Loan originated
1,385000.0,20%-<30%,575000.0,383.0,1,Hispanic or Latino,Joint,35-44,67.0,Loan originated
1,455000.0,<20%,635000.0,304.0,1,White,Joint,25-34,72.063,Loan originated
1,625000.0,43,785000.0,223.0,1,Black or African American,Female,45-54,79.489,Loan originated
1,305000.0,20%-<30%,415000.0,115.0,1,Hispanic or Latino,Male,35-44,75.0,Loan originated
1,125000.0,20%-<30%,605000.0,94.0,1,White,Joint,45-54,20.0,Application denied
1,905000.0,41,1505000.0,330.0,1,White,Male,35-44,60.0,Loan originated
1,615000.0,48,875000.0,122.0,1,Asian,Male,65-74,70.0,Application denied
1,515000.0,49,645000.0,138.0,1,Asian,Male,25-34,100.0,Loan originated
1,575000.0,47,625000.0,137.0,1,Hispanic or Latino,Male,25-34,92.0,Loan originated
1,395000.0,41,555000.0,121.0,1,White,Female,25-34,70.874,Loan originated
1,765000.0,44,955000.0,176.0,1,White,Female,35-44,80.0,Loan originated
1,825000.0,43,1025000.0,194.0,1,White,Male,25-34,80.0,Loan originated
1,325000.0,45,335000.0,82.0,1,Hispanic or Latino,Joint,35-44,100.0,Loan originated
1,185000.0,47,235000.0,64.0,1,Asian,Female,55-64,80.0,Application denied
1,325000.0,20%-<30%,365000.0,163.0,1,White,Joint,35-44,90.0,Loan originated
1,385000.0,39,475000.0,172.0,1,Hispanic or Latino,Female,35-44,80.0,Loan originated
1,605000.0,30%-<36%,755000.0,200.0,1,White,Joint,35-44,80.0,Loan originated
1,1105000.0,46,1375000.0,374.0,1,Asian,Male,45-54,80.0,Loan originated
1,345000.0,49,645000.0,76.0,1,White,Male,55-64,54.0,Loan originated
1,395000.0,30%-<36%,425000.0,177.0,1,Hispanic or Latino,Male,35-44,95.0,Loan originated
1,495000.0,47,555000.0,122.0,1,Black or African American,Joint,45-54,90.0,Loan originated
1,595000.0,50%-60%,615000.0,114.0,1,Other,Female,35-44,97.0,Loan originated
1,755000.0,37,1255000.0,230.0,1,Asian,Male,35-44,60.0,Application denied
1,495000.0,30%-<36%,625000.0,205.0,1,White,Female,>74,80.0,Loan originated
1,425000.0,48,525000.0,92.0,1,Hispanic or Latino,Female,35-44,80.0,Loan originated
1,525000.0,48,655000.0,119.0,1,Asian,Female,45-54,80.0,Application denied
1,435000.0,20%-<30%,545000.0,419.0,1,White,Female,45-54,80.0,Loan originated
1,955000.0,46,1065000.0,230.0,1,Hispanic or Latino,Joint,35-44,90.0,Loan originated
1,1035000.0,43,1785000.0,323.0,1,White,Joint,25-34,58.08,Loan originated
1,1095000.0,49,1375000.0,255.0,1,Hispanic or Latino,Female,35-44,80.0,Loan originated
1,405000.0,49,435000.0,89.0,1,Other,Female,35-44,93.006,Loan originated
1,765000.0,37,955000.0,239.0,1,Asian,Female,25-34,80.0,Loan originated
1,505000.0,48,525000.0,152.0,1,White,Female,35-44,95.0,Loan originated
1,645000.0,30%-<36%,715000.0,231.0,1,White,Joint,25-34,90.0,Loan originated
1,395000.0,20%-<30%,465000.0,148.0,1,White,Female,35-44,85.0,Loan originated
1,305000.0,20%-<30%,405000.0,248.0,1,Hispanic or Latino,Joint,45-54,75.0,Loan originated
1,775000.0,48,965000.0,162.0,1,Asian,Male,35-44,79.989,Loan originated
1,1025000.0,37,1285000.0,299.0,1,Asian,Joint,25-34,80.0,Loan originated
1,395000.0,30%-<36%,495000.0,125.0,1,Asian,Female,>74,80.0,Loan originated
1,385000.0,48,485000.0,117.0,1,Hispanic or Latino,Female,55-64,80.0,Loan originated
1,255000.0,38,655000.0,50.0,1,White,Female,55-64,39.0,Loan originated
1,305000.0,47,915000.0,75.0,1,Asian,Male,25-34,33.0,Loan originated
1,745000.0,44,785000.0,430.0,1,Hispanic or Latino,Male,25-34,95.0,Loan originated
1,365000.0,42,385000.0,100.0,1,Hispanic or Latino,Joint,45-54,95.0,Loan originated
1,535000.0,39,675000.0,254.0,1,Asian,Joint,25-34,80.0,Loan originated
1,465000.0,49,555000.0,113.0,1,Hispanic or Latino,Joint,55-64,85.0,Loan originated
1,565000.0,42,865000.0,177.0,1,Asian,Female,45-54,65.238,Loan originated
1,345000.0,49,385000.0,177.0,1,White,Joint,55-64,90.0,Loan originated
1,235000.0,30%-<36%,685000.0,170.0,1,White,Joint,65-74,34.307,Loan originated
1,595000.0,30%-<36%,755000.0,577.0,1,Hispanic or Latino,Male,45-54,78.93,Loan originated
1,1145000.0,48,1375000.0,245.0,1,Asian,Joint,35-44,83.62,Loan originated
1,675000.0,43,755000.0,152.0,1,White,Joint,55-64,89.446,Loan originated
1,205000.0,42,265000.0,58.0,1,Hispanic or Latino,Joint,35-44,100.0,Loan originated
1,1115000.0,41,1315000.0,297.0,1,Asian,Joint,55-64,85.0,Loan originated
1,565000.0,49,705000.0,178.0,1,White,Male,35-44,80.0,Loan originated
1,805000.0,30%-<36%,1995000.0,250.0,1,Asian,Joint,25-34,40.04,Loan originated
1,485000.0,49,565000.0,114.0,1,Hispanic or Latino,Joint,45-54,85.841,Loan originated
1,345000.0,46,375000.0,78.0,1,Hispanic or Latino,Male,<25,90.0,Loan originated
1,445000.0,43,455000.0,110.0,1,White,Male,25-34,97.0,Loan originated
1,335000.0,47,395000.0,80.0,1,White,Joint,35-44,85.0,Application denied
1,125000.0,20%-<30%,165000.0,95.0,1,White,Male,35-44,76.01,Application denied
1,1145000.0,20%-<30%,1305000.0,596.0,1,Hispanic or Latino,Male,35-44,89.0,Loan originated
1,425000.0,49,525000.0,96.0,1,Asian,Joint,45-54,100.952,Loan originated
1,625000.0,30%-<36%,745000.0,260.0,1,Hispanic or Latino,Male,45-54,85.0,Loan originated
1,395000.0,44,575000.0,95.0,1,Hispanic or Latino,Male,25-34,89.825,Loan originated
1,845000.0,30%-<36%,1055000.0,452.0,1,Asian,Joint,45-54,80.0,Loan originated
1,925000.0,30%-<36%,1235000.0,92.0,1,White,Joint,<25,75.0,Loan originated
1,1105000.0,30%-<36%,1805000.0,553.0,1,White,Joint,25-34,61.111,Loan originated
1,595000.0,48,685000.0,118.0,1,Asian,Joint,55-64,86.418,Loan originated
1,765000.0,49,1015000.0,159.0,1,Asian,Joint,35-44,75.84,Loan originated
1,635000.0,30%-<36%,785000.0,342.0,1,Asian,Male,55-64,80.417,Loan originated
1,485000.0,49,725000.0,99.0,1,White,Female,>74,66.83,Loan originated
1,925000.0,42,1155000.0,267.0,1,Black or African American,Female,45-54,80.0,Loan originated
1,565000.0,30%-<36%,705000.0,200.0,1,White,Female,35-44,80.0,Loan originated
1,405000.0,20%-<30%,805000.0,158.0,1,White,Joint,65-74,50.0,Loan originated
1,205000.0,40,315000.0,62.0,1,White,Male,25-34,63.492,Loan originated
1,985000.0,49,1095000.0,242.0,1,Black or African American,Joint,35-44,90.0,Loan originated
1,335000.0,>60%,355000.0,80.0,1,Hispanic or Latino,Joint,25-34,97.0,Application denied
1,605000.0,48,755000.0,285.0,1,White,Joint,65-74,80.0,Loan originated
1,1005000.0,42,1395000.0,404.0,1,White,Joint,>74,71.993,Loan originated
1,425000.0,<20%,725000.0,299.0,1,Hispanic or Latino,Male,55-64,58.621,Loan originated
1,375000.0,45,855000.0,110.0,1,Asian,Female,55-64,43.43,Loan originated
1,865000.0,45,915000.0,223.0,1,Hispanic or Latino,Joint,35-44,95.0,Loan originated
1,565000.0,20%-<30%,1135000.0,651.0,1,White,Male,65-74,50.0,Loan originated
1,765000.0,36,795000.0,288.0,1,Hispanic or Latino,Joint,35-44,96.421,Loan originated
1,1095000.0,41,1025000.0,305.0,1,White,Joint,35-44,107.451,Application denied
1,455000.0,40,565000.0,115.0,1,White,Female,25-34,80.0,Loan originated
1,365000.0,47,405000.0,75.0,1,Hispanic or Latino,Joint,35-44,90.0,Loan originated
1,545000.0,30%-<36%,785000.0,543.0,1,Asian,Joint,45-54,69.27,Loan originated
1,165000.0,<20%,565000.0,159.0,1,White,Joint,55-64,28.571,Loan originated
1,1125000.0,38,1405000.0,284.0,1,White,Joint,35-44,80.0,Loan originated
1,835000.0,42,1045000.0,227.0,1,White,Male,35-44,80.0,Loan originated
1,225000.0,45,575000.0,93.0,1,White,Joint,65-74,38.26,Application denied
1,275000.0,20%-<30%,345000.0,124.0,1,Asian,Female,55-64,80.0,Loan originated
1,825000.0,47,1265000.0,345.0,1,White,Joint,45-54,65.0,Loan originated
1,395000.0,30%-<36%,495000.0,127.0,1,Hispanic or Latino,Male,55-64,80.0,Loan originated
1,735000.0,47,915000.0,211.0,1,Asian,Joint,55-64,80.0,Loan originated
1,765000.0,49,815000.0,168.0,1,White,Joint,25-34,93.73,Loan originated
1,485000.0,48,575000.0,158.0,1,Hispanic or Latino,Joint,25-34,85.0,Loan originated
1,425000.0,30%-<36%,535000.0,208.0,1,White,Joint,65-74,80.0,Loan originated
1,1075000.0,49,1585000.0,200.0,1,Asian,Male,35-44,68.0,Loan originated
1,1085000.0,43,1355000.0,267.0,1,White,Male,35-44,80.0,Loan originated
1,425000.0,39,535000.0,189.0,1,White,Male,65-74,80.0,Loan originated
1,665000.0,30%-<36%,795000.0,338.0,1,White,Joint,45-54,83.753,Loan originated
1,975000.0,30%-<36%,1305000.0,450.0,1,White,Male,35-44,88.462,Loan originated
1,305000.0,47,965000.0,100.0,1,White,Male,<25,30.992,Loan originated
1,705000.0,49,885000.0,163.0,1,Hispanic or Latino,Male,35-44,80.0,Loan originated
1,615000.0,47,765000.0,187.0,1,Hispanic or Latino,Male,<25,80.0,Loan originated
1,375000.0,45,525000.0,101.0,1,White,Male,25-34,71.429,Loan originated
1,465000.0,42,585000.0,132.0,1,White,Female,45-54,80.0,Loan originated
1,345000.0,44,845000.0,182.0,1,White,Male,35-44,40.476,Loan originated
1,445000.0,49,915000.0,137.0,1,White,Female,65-74,47.934,Loan originated
1,495000.0,39,745000.0,154.0,1,Asian,Male,25-34,67.0,Loan originated
1,1005000.0,49,1955000.0,245.0,1,White,Female,55-64,51.282,Loan originated
1,255000.0,20%-<30%,415000.0,151.0,1,White,Female,>74,61.0,Loan originated
1,375000.0,46,465000.0,109.0,1,Hispanic or Latino,Joint,25-34,80.0,Loan originated
1,425000.0,47,525000.0,133.0,1,White,Joint,35-44,80.0,Loan originated
1,495000.0,37,915000.0,154.0,1,Hispanic or Latino,Joint,55-64,53.552,Loan originated
1,395000.0,30%-<36%,515000.0,224.0,1,Hispanic or Latino,Joint,25-34,76.0,Loan originated
1,865000.0,41,965000.0,199.0,1,White,Joint,25-34,90.0,Loan originated
1,515000.0,45,575000.0,179.0,1,Asian,Joint,25-34,90.0,Loan originated
1,375000.0,38,385000.0,94.0,1,Hispanic or Latino,Male,25-34,100.0,Loan originated
1,375000.0,42,805000.0,130.0,1,White,Joint,45-54,45.849,Loan originated
1,455000.0,39,635000.0,111.0,1,Asian,Female,55-64,71.556,Loan originated
1,715000.0,20%-<30%,755000.0,318.0,1,White,Joint,55-64,95.0,Loan originated
1,465000.0,46,575000.0,118.0,1,Hispanic or Latino,Joint,25-34,80.0,Loan originated
1,425000.0,40,475000.0,106.0,1,White,Male,25-34,90.0,Loan originated
1,205000.0,49,445000.0,64.0,1,White,Joint,55-64,46.0,Loan originated
1,135000.0,20%-<30%,175000.0,68.0,1,White,Female,65-74,80.0,Loan originated
1,595000.0,38,635000.0,178.0,1,Asian,Male,25-34,93.0,Loan originated
1,205000.0,<20%,855000.0,188.0,1,White,Joint,25-34,23.977,Loan originated
1,585000.0,30%-<36%,735000.0,453.0,1,White,Male,25-34,80.0,Loan originated
1,605000.0,44,1595000.0,403.0,1,Hispanic or Latino,Female,55-64,37.736,Loan originated
1,715000.0,42,1795000.0,180.0,1,Asian,Male,25-34,39.67,Loan originated
1,765000.0,30%-<36%,955000.0,260.0,1,White,Female,25-34,80.0,Loan originated
1,725000.0,20%-<30%,965000.0,550.0,1,White,Joint,55-64,75.0,Loan originated
1,305000.0,>60%,2005000.0,289.0,1,White,Joint,>74,15.0,Loan originated
1,615000.0,49,655000.0,126.0,1,White,Male,25-34,95.0,Loan originated
1,545000.0,49,715000.0,133.0,1,White,Female,45-54,77.04,Loan originated
1,225000.0,42,235000.0,71.0,1,Hispanic or Latino,Female,45-54,97.0,Loan originated
1,775000.0,37,815000.0,243.0,1,Asian,Joint,35-44,95.0,Loan originated
1,365000.0,30%-<36%,455000.0,218.0,1,White,Male,<25,80.0,Loan originated
1,745000.0,40,785000.0,235.0,1,Asian,Joint,55-64,94.89,Loan originated
1,745000.0,42,885000.0,241.0,1,Asian,Joint,55-64,85.0,Loan originated
1,755000.0,20%-<30%,795000.0,298.0,1,Asian,Joint,25-34,95.0,Loan originated
1,1045000.0,30%-<36%,1305000.0,359.0,1,Asian,Joint,35-44,80.0,Loan originated
1,285000.0,38,355000.0,71.0,1,Hispanic or Latino,Joint,35-44,80.0,Loan originated
1,455000.0,46,475000.0,109.0,1,White,Joint,25-34,95.0,Loan originated
1,45000.0,43,65000.0,47.0,1,White,Female,65-74,72.26,Application denied
1,615000.0,49,1235000.0,202.0,1,Asian,Female,25-34,49.96,Loan originated
1,415000.0,43,555000.0,129.0,1,Hispanic or Latino,Joint,35-44,75.0,Loan originated
1,445000.0,49,485000.0,86.0,1,Hispanic or Latino,Joint,35-44,91.4,Loan originated
1,525000.0,36,605000.0,145.0,1,White,Male,25-34,86.78,Loan originated
1,995000.0,30%-<36%,1325000.0,330.0,1,Asian,Male,35-44,75.0,Loan originated
1,985000.0,43,1315000.0,260.0,1,White,Male,25-34,75.0,Loan originated
1,555000.0,49,735000.0,107.0,1,Hispanic or Latino,Female,25-34,76.438,Loan originated
1,435000.0,30%-<36%,485000.0,147.0,1,Hispanic or Latino,Female,25-34,89.583,Loan originated
1,1125000.0,30%-<36%,1475000.0,311.0,1,Asian,Male,35-44,75.932,Loan originated
1,875000.0,41,1005000.0,216.0,1,Asian,Male,35-44,87.0,Loan originated
1,925000.0,30%-<36%,1155000.0,308.0,1,Asian,Male,25-34,80.0,Loan originated
1,485000.0,48,515000.0,120.0,1,Other,Joint,25-34,95.0,Loan originated
1,385000.0,46,485000.0,82.0,1,Asian,Female,25-34,80.0,Loan originated
1,725000.0,20%-<30%,975000.0,355.0,1,White,Joint,35-44,74.285,Loan originated
1,295000.0,30%-<36%,555000.0,128.0,1,White,Male,55-64,53.0,Loan originated
1,765000.0,46,955000.0,163.0,1,White,Joint,25-34,80.0,Loan originated
1,425000.0,45,1525000.0,218.0,1,Hispanic or Latino,Female,55-64,27.798,Loan originated
1,715000.0,30%-<36%,735000.0,233.0,1,White,Joint,25-34,97.0,Loan originated
1,685000.0,43,745000.0,189.0,1,White,Male,35-44,91.625,Loan originated
1,705000.0,20%-<30%,1175000.0,351.0,1,Asian,Male,25-34,60.0,Loan originated
1,415000.0,49,555000.0,76.0,1,Hispanic or Latino,Female,25-34,75.055,Loan originated
1,205000.0,40,265000.0,66.0,1,White,Female,45-54,80.0,Loan originated
1,205000.0,43,345000.0,66.0,1,Asian,Female,35-44,70.149,Loan originated
1,365000.0,47,405000.0,85.0,1,Hispanic or Latino,Joint,<25,90.761,Loan originated
1,1115000.0,20%-<30%,1395000.0,467.0,1,White,Male,55-64,80.0,Loan originated
1,925000.0,40,1325000.0,323.0,1,White,Joint,25-34,69.811,Loan originated
1,655000.0,47,815000.0,149.0,1,White,Male,25-34,80.0,Loan originated
1,425000.0,43,725000.0,98.0,1,Black or African American,Female,65-74,58.578,Loan originated
1,375000.0,30%-<36%,725000.0,288.0,1,Hispanic or Latino,Joint,65-74,52.083,Loan originated
1,665000.0,20%-<30%,785000.0,303.0,1,White,Male,25-34,84.615,Loan originated
1,235000.0,37,685000.0,81.0,1,White,Joint,65-74,34.307,Loan originated
1,655000.0,46,915000.0,146.0,1,White,Joint,35-44,71.43,Loan originated
1,105000.0,>60%,535000.0,17.0,1,White,Female,25-34,18.85,Application denied
1,495000.0,38,575000.0,155.0,1,Hispanic or Latino,Joint,25-34,86.661,Loan originated
1,455000.0,39,505000.0,307.0,1,Asian,Male,25-34,90.0,Loan originated
1,235000.0,44,295000.0,72.0,1,Black or African American,Female,55-64,80.0,Loan originated
1,255000.0,42,1155000.0,88.0,1,White,Female,55-64,22.0,Loan originated
1,455000.0,49,655000.0,89.0,1,Asian,Male,25-34,69.23,Loan originated
1,645000.0,30%-<36%,925000.0,203.0,1,White,Female,35-44,70.0,Loan originated
1,555000.0,47,1905000.0,283.0,1,White,Male,25-34,29.0,Loan originated
1,1095000.0,30%-<36%,1365000.0,318.0,1,Asian,Joint,25-34,80.0,Loan originated
1,385000.0,48,935000.0,176.0,1,Asian,Female,35-44,40.86,Loan originated
1,485000.0,37,645000.0,159.0,1,White,Male,65-74,75.0,Loan originated
1,385000.0,44,425000.0,154.0,1,Asian,Female,25-34,90.0,Loan originated
1,775000.0,48,975000.0,249.0,1,Asian,Female,25-34,80.0,Loan originated
1,345000.0,36,575000.0,92.0,1,White,Male,25-34,60.0,Loan originated
1,485000.0,44,475000.0,120.0,1,Asian,Joint,35-44,101.75,Loan originated
1,405000.0,30%-<36%,425000.0,149.0,1,White,Female,45-54,95.0,Loan originated
1,395000.0,20%-<30%,475000.0,145.0,1,White,Female,45-54,85.0,Loan originated
1,195000.0,20%-<30%,745000.0,117.0,1,Asian,Male,55-64,26.356,Loan originated
1,1005000.0,47,1405000.0,200.0,1,Asian,Joint,25-34,72.0,Loan originated
1,525000.0,30%-<36%,615000.0,223.0,1,Asian,Joint,35-44,85.0,Loan originated
1,205000.0,45,755000.0,56.0,1,Black or African American,Female,>74,26.526,Loan originated
1,755000.0,20%-<30%,1705000.0,528.0,1,Asian,Joint,45-54,44.118,Loan originated
1,615000.0,43,765000.0,156.0,1,Asian,Male,35-44,80.0,Loan originated
1,435000.0,50%-60%,445000.0,88.0,1,Hispanic or Latino,Joint,55-64,97.0,Loan originated
1,835000.0,30%-<36%,1045000.0,288.0,1,Asian,Male,35-44,80.0,Loan originated
1,525000.0,39,705000.0,130.0,1,Asian,Female,25-34,75.0,Loan originated
1,245000.0,49,245000.0,56.0,1,Black or African American,Female,65-74,97.0,Loan originated
1,425000.0,30%-<36%,475000.0,135.0,1,White,Female,35-44,90.0,Loan originated
1,785000.0,47,1705000.0,228.0,1,White,Female,35-44,45.882,Loan originated
1,355000.0,41,785000.0,258.0,1,White,Joint,35-44,44.841,Loan originated
1,485000.0,41,605000.0,153.0,1,White,Joint,55-64,80.0,Loan originated
1,1095000.0,39,1365000.0,272.0,1,Asian,Male,35-44,80.0,Loan originated
1,405000.0,42,435000.0,117.0,1,Hispanic or Latino,Male,45-54,95.0,Loan originated
1,355000.0,36,435000.0,130.0,1,White,Female,25-34,80.0,Loan originated
1,355000.0,42,535000.0,83.0,1,White,Male,35-44,65.421,Loan originated
1,205000.0,<20%,635000.0,141.0,1,Asian,Male,25-34,31.3,Loan originated
1,755000.0,46,1085000.0,264.0,1,White,Joint,35-44,70.0,Loan originated
1,315000.0,>60%,335000.0,168.0,1,Hispanic or Latino,Female,25-34,93.11,Application denied
1,365000.0,47,455000.0,216.0,1,Asian,Female,35-44,80.0,Loan originated
1,625000.0,<20%,785000.0,6632.0,1,Asian,Male,35-44,80.0,Loan originated
1,925000.0,41,1165000.0,271.0,1,Asian,Male,35-44,80.0,Loan originated
1,1145000.0,50%-60%,1995000.0,471.0,1,Asian,Joint,25-34,70.0,Loan originated
1,705000.0,20%-<30%,1655000.0,320.0,1,White,Joint,55-64,42.424,Loan originated
1,385000.0,40,555000.0,85.0,1,Asian,Female,35-44,70.0,Loan originated
1,705000.0,42,745000.0,203.0,1,Black or African American,Male,45-54,95.0,Loan originated
1,725000.0,20%-<30%,915000.0,304.0,1,Asian,Joint,25-34,80.0,Loan originated
1,855000.0,30%-<36%,1525000.0,420.0,1,Asian,Joint,45-54,55.701,Loan originated
1,665000.0,43,735000.0,200.0,1,White,Joint,25-34,90.0,Loan originated
1,595000.0,42,625000.0,158.0,1,White,Joint,45-54,95.0,Loan originated
1,515000.0,30%-<36%,535000.0,162.0,1,White,Male,25-34,95.0,Loan originated
1,665000.0,20%-<30%,825000.0,218.0,1,White,Joint,25-34,80.0,Loan originated
1,755000.0,43,1255000.0,166.0,1,Asian,Male,25-34,60.0,Loan originated
1,225000.0,20%-<30%,955000.0,149.0,1,White,Joint,55-64,23.541,Loan originated
1,435000.0,46,465000.0,281.0,1,Asian,Female,25-34,95.0,Loan originated
1,345000.0,20%-<30%,425000.0,159.0,1,Hispanic or Latino,Female,55-64,80.0,Loan originated
1,385000.0,41,485000.0,96.0,1,White,Male,65-74,80.0,Loan originated
1,315000.0,50%-60%,325000.0,97.0,1,White,Female,45-54,102.91,Loan originated
1,315000.0,45,605000.0,91.0,1,White,Female,35-44,52.667,Loan originated
1,305000.0,42,385000.0,78.0,1,Asian,Female,45-54,80.0,Loan originated
1,465000.0,20%-<30%,585000.0,234.0,1,White,Female,55-64,80.0,Loan originated
1,205000.0,<20%,525000.0,275.0,1,White,Male,35-44,39.604,Loan originated
1,745000.0,48,925000.0,249.0,1,White,Joint,25-34,80.0,Loan originated
1,175000.0,43,175000.0,70.0,1,Asian,Male,25-34,97.0,Loan originated
1,575000.0,20%-<30%,625000.0,223.0,1,Hispanic or Latino,Joint,25-34,95.0,Loan originated
1,465000.0,36,575000.0,125.0,1,White,Joint,25-34,80.0,Loan originated
1,565000.0,40,765000.0,163.0,1,Asian,Female,25-34,75.0,Loan originated
1,645000.0,37,815000.0,212.0,1,Asian,Joint,45-54,80.0,Loan originated
1,475000.0,36,495000.0,125.0,1,Hispanic or Latino,Female,35-44,96.5,Loan originated
1,475000.0,45,505000.0,104.0,1,Asian,Joint,25-34,95.0,Loan originated
1,615000.0,<20%,775000.0,594.0,1,Hispanic or Latino,Male,45-54,80.0,Loan originated
1,525000.0,<20%,665000.0,652.0,1,Asian,Male,35-44,80.0,Loan originated
1,455000.0,49,565000.0,123.0,1,White,Male,25-34,80.0,Loan originated
1,485000.0,47,605000.0,211.0,1,Asian,Joint,25-34,80.0,Loan originated
1,665000.0,36,825000.0,202.0,1,Asian,Female,35-44,79.884,Loan originated
1,765000.0,30%-<36%,1105000.0,258.0,1,Asian,Joint,25-34,69.68,Loan originated
1,1005000.0,41,1255000.0,225.0,1,Asian,Female,45-54,79.94,Loan originated
1,555000.0,39,695000.0,332.0,1,White,Joint,35-44,79.71,Loan originated
1,435000.0,20%-<30%,485000.0,195.0,1,White,Joint,<25,90.0,Loan originated
1,425000.0,42,525000.0,112.0,1,Hispanic or Latino,Male,25-34,80.0,Loan originated
1,885000.0,30%-<36%,1105000.0,260.0,1,Asian,Male,25-34,80.0,Loan originated
1,725000.0,30%-<36%,805000.0,395.0,1,White,Joint,25-34,70.0,Application denied
1,275000.0,49,345000.0,97.0,1,Hispanic or Latino,Joint,35-44,80.0,Loan originated
1,535000.0,47,665000.0,128.0,1,White,Male,25-34,80.0,Loan originated
1,375000.0,48,575000.0,77.0,1,White,Joint,35-44,64.35,Loan originated
1,615000.0,30%-<36%,765000.0,340.0,1,Asian,Female,35-44,80.0,Application denied
1,495000.0,20%-<30%,515000.0,186.0,1,Asian,Male,25-34,97.0,Loan originated
1,615000.0,20%-<30%,765000.0,271.0,1,Other,Male,25-34,80.0,Loan originated
1,455000.0,42,465000.0,147.0,1,Hispanic or Latino,Joint,25-34,100.0,Loan originated
1,705000.0,44,755000.0,181.0,1,Asian,Joint,25-34,93.377,Loan originated
1,325000.0,44,355000.0,75.0,1,Hispanic or Latino,Female,35-44,97.0,Loan originated
1,725000.0,43,905000.0,314.0,1,Asian,Joint,65-74,80.0,Loan originated
1,905000.0,40,955000.0,343.0,1,White,Male,25-34,95.0,Loan originated
1,975000.0,41,1305000.0,255.0,1,White,Joint,35-44,75.0,Loan originated
1,345000.0,43,435000.0,88.0,1,Asian,Female,25-34,80.0,Loan originated
1,445000.0,43,455000.0,125.0,1,Hispanic or Latino,Male,25-34,97.0,Loan originated
1,255000.0,30%-<36%,865000.0,99.0,1,Asian,Male,35-44,28.902,Loan originated
1,905000.0,30%-<36%,1175000.0,277.0,1,White,Joint,45-54,77.277,Loan originated
1,605000.0,45,955000.0,154.0,1,White,Joint,35-44,63.158,Loan originated
1,765000.0,44,965000.0,225.0,1,White,Joint,35-44,79.11,Loan originated
1,855000.0,>60%,905000.0,189.0,1,Asian,Male,35-44,95.0,Application denied
1,495000.0,47,635000.0,109.0,1,Asian,Joint,45-54,97.165,Loan originated
1,315000.0,30%-<36%,325000.0,107.0,1,Asian,Female,25-34,97.0,Loan originated
1,595000.0,46,745000.0,146.0,1,Asian,Joint,45-54,80.0,Loan originated
1,675000.0,39,745000.0,181.0,1,Asian,Female,35-44,90.0,Loan originated
1,785000.0,30%-<36%,875000.0,500.0,1,Asian,Joint,45-54,89.99,Loan originated
1,795000.0,37,985000.0,217.0,1,White,Male,25-34,80.0,Loan originated
1,295000.0,46,485000.0,88.0,1,White,Joint,65-74,60.784,Loan originated
1,495000.0,38,555000.0,157.0,1,Hispanic or Latino,Joint,25-34,90.0,Loan originated
1,785000.0,49,1305000.0,176.0,1,White,Female,55-64,60.0,Loan originated
1,985000.0,20%-<30%,1235000.0,485.0,1,White,Joint,25-34,80.0,Loan originated
1,1125000.0,38,1255000.0,309.0,1,White,Joint,25-34,90.0,Loan originated
1,285000.0,43,405000.0,79.0,1,White,Male,25-34,72.0,Loan originated
1,705000.0,30%-<36%,905000.0,489.0,1,White,Joint,65-74,77.78,Loan originated
1,805000.0,49,875000.0,271.0,1,White,Joint,55-64,92.09,Loan originated
1,1135000.0,36,1575000.0,424.0,1,Asian,Joint,25-34,71.955,Loan originated
1,725000.0,42,855000.0,188.0,1,White,Male,25-34,85.0,Loan originated
1,555000.0,49,955000.0,204.0,1,Asian,Male,25-34,58.312,Loan originated
1,425000.0,49,925000.0,136.0,1,Asian,Male,35-44,72.826,Loan originated
1,735000.0,30%-<36%,925000.0,253.0,1,Black or African American,Joint,45-54,80.0,Loan originated
1,145000.0,50%-60%,165000.0,60.0,1,White,Joint,>74,90.0,Loan originated
1,355000.0,36,545000.0,200.0,1,Asian,Male,45-54,65.0,Loan originated
1,985000.0,30%-<36%,1235000.0,280.0,1,White,Male,35-44,80.0,Loan originated
1,555000.0,49,715000.0,130.0,1,Asian,Joint,35-44,77.182,Loan originated
1,825000.0,49,1385000.0,168.0,1,Asian,Joint,25-34,59.783,Loan originated
1,375000.0,40,475000.0,137.0,1,Hispanic or Latino,Joint,25-34,80.0,Loan originated
1,255000.0,20%-<30%,775000.0,215.0,1,Hispanic or Latino,Male,45-54,32.468,Loan originated
1,545000.0,43,675000.0,186.0,1,White,Female,45-54,80.0,Loan originated
1,765000.0,30%-<36%,845000.0,263.0,1,Asian,Male,35-44,92.0,Loan originated
1,555000.0,46,655000.0,133.0,1,White,Female,25-34,85.0,Loan originated
1,165000.0,42,205000.0,48.0,1,White,Female,45-54,80.0,Loan originated
1,525000.0,42,1225000.0,212.0,1,Asian,Joint,25-34,43.043,Loan originated
1,445000.0,49,475000.0,102.0,1,Asian,Male,35-44,95.0,Loan originated
1,525000.0,30%-<36%,545000.0,173.0,1,Asian,Joint,35-44,97.0,Loan originated
1,915000.0,>60%,1145000.0,121.0,1,Asian,Joint,35-44,79.983,Application denied
1,265000.0,43,315000.0,60.0,1,Hispanic or Latino,Male,<25,86.0,Loan originated
1,645000.0,49,665000.0,150.0,1,Asian,Male,<25,97.0,Loan originated
1,595000.0,49,605000.0,166.0,1,Hispanic or Latino,Joint,25-34,99.75,Application denied
1,745000.0,49,1045000.0,290.0,1,White,Male,>74,71.401,Loan originated
1,615000.0,46,635000.0,148.0,1,White,Male,25-34,97.0,Loan originated
1,375000.0,<20%,675000.0,322.0,1,Asian,Male,55-64,56.0,Loan originated
1,505000.0,47,1025000.0,117.0,1,Hispanic or Latino,Joint,25-34,48.78,Loan originated
1,535000.0,30%-<36%,675000.0,207.0,1,White,Male,35-44,80.0,Loan originated
1,465000.0,30%-<36%,655000.0,149.0,1,Asian,Female,25-34,70.0,Loan originated
1,665000.0,46,705000.0,126.0,1,Hispanic or Latino,Joint,<25,95.0,Loan originated
1,575000.0,44,715000.0,130.0,1,White,Male,65-74,80.0,Loan originated
1,495000.0,49,525000.0,130.0,1,White,Male,25-34,95.0,Loan originated
1,755000.0,44,1015000.0,346.0,1,White,Male,35-44,84.16,Loan originated
1,605000.0,30%-<36%,1095000.0,235.0,1,Asian,Male,25-34,54.795,Loan originated
1,545000.0,49,685000.0,102.0,1,White,Female,35-44,80.0,Loan originated
1,985000.0,49,1235000.0,183.0,1,Asian,Male,25-34,80.0,Loan originated
1,545000.0,36,585000.0,236.0,1,Hispanic or Latino,Joint,45-54,94.0,Loan originated
1,435000.0,46,465000.0,108.0,1,Black or African American,Male,25-34,95.0,Loan originated
1,755000.0,20%-<30%,1755000.0,441.0,1,White,Male,55-64,42.86,Loan originated
1,765000.0,30%-<36%,965000.0,248.0,1,White,Male,45-54,80.0,Application denied
1,675000.0,20%-<30%,845000.0,901.0,1,White,Female,25-34,80.0,Loan originated
1,925000.0,44,1335000.0,22.0,1,Asian,Joint,65-74,69.17,Loan originated
1,965000.0,40,1205000.0,256.0,1,White,Joint,25-34,80.0,Loan originated
1,905000.0,41,1305000.0,216.0,1,Asian,Female,45-54,68.834,Loan originated
1,355000.0,30%-<36%,1175000.0,173.0,1,White,Joint,55-64,30.0,Loan originated
1,435000.0,30%-<36%,545000.0,146.0,1,Asian,Female,25-34,80.0,Loan originated
1,375000.0,>60%,475000.0,73.0,1,Hispanic or Latino,Joint,55-64,80.0,Application denied
1,775000.0,49,965000.0,221.0,1,White,Joint,35-44,80.0,Loan originated
1,695000.0,46,815000.0,209.0,1,Asian,Male,45-54,86.0,Application denied
1,645000.0,47,865000.0,152.0,1,White,Female,55-64,75.0,Loan originated
1,525000.0,20%-<30%,615000.0,260.0,1,White,Joint,25-34,85.0,Loan originated
1,425000.0,<20%,705000.0,330.0,1,Asian,Joint,35-44,60.0,Loan originated
1,405000.0,20%-<30%,455000.0,260.0,1,Asian,Female,35-44,89.889,Loan originated
1,765000.0,43,855000.0,237.0,1,Asian,Joint,45-54,89.88,Loan originated
1,425000.0,20%-<30%,765000.0,220.0,1,White,Joint,25-34,55.263,Loan originated
1,695000.0,30%-<36%,775000.0,215.0,1,White,Female,35-44,90.0,Loan originated
1,405000.0,20%-<30%,605000.0,220.0,1,Hispanic or Latino,Joint,35-44,67.093,Loan originated
1,345000.0,30%-<36%,365000.0,157.0,1,Hispanic or Latino,Joint,25-34,95.0,Loan originated
1,1025000.0,36,2525000.0,298.0,1,Asian,Male,25-34,40.348,Loan originated
1,775000.0,47,1105000.0,196.0,1,White,Male,45-54,70.0,Loan originated
1,245000.0,43,275000.0,70.0,1,Hispanic or Latino,Female,45-54,89.11,Loan originated
1,325000.0,40,405000.0,85.0,1,White,Male,25-34,80.0,Loan originated
1,555000.0,20%-<30%,695000.0,244.0,1,White,Joint,45-54,80.0,Loan originated
1,255000.0,37,315000.0,73.0,1,White,Female,35-44,80.0,Loan originated
1,425000.0,20%-<30%,465000.0,158.0,1,Asian,Joint,35-44,90.0,Loan originated
1,925000.0,<20%,1155000.0,674.0,1,Hispanic or Latino,Female,35-44,80.0,Loan originated
1,485000.0,30%-<36%,645000.0,208.0,1,Asian,Female,25-34,75.0,Loan originated
1,1105000.0,30%-<36%,1385000.0,303.0,1,Asian,Male,45-54,80.0,Application denied
1,285000.0,30%-<36%,315000.0,85.0,1,White,Male,<25,90.0,Loan originated
1,425000.0,46,525000.0,185.0,1,Asian,Male,35-44,80.0,Loan originated
1,625000.0,48,785000.0,130.0,1,Asian,Male,55-64,79.5,Loan originated
1,1005000.0,46,1105000.0,490.0,1,Asian,Male,55-64,91.003,Loan originated
1,345000.0,49,525000.0,76.0,1,Black or African American,Male,45-54,96.19,Loan originated
1,225000.0,<20%,285000.0,473.0,1,Hispanic or Latino,Male,55-64,80.0,Loan originated
1,495000.0,20%-<30%,1185000.0,279.0,1,White,Joint,35-44,41.525,Loan originated
1,585000.0,48,655000.0,132.0,1,White,Male,25-34,89.991,Loan originated
1,635000.0,20%-<30%,795000.0,418.0,1,White,Joint,55-64,80.0,Loan originated
1,255000.0,30%-<36%,1185000.0,251.0,1,Asian,Male,45-54,21.126,Loan originated
1,325000.0,47,335000.0,80.0,1,Hispanic or Latino,Female,25-34,95.0,Loan originated
1,305000.0,43,325000.0,105.0,1,White,Female,45-54,95.0,Loan originated
1,875000.0,44,1625000.0,214.0,1,Hispanic or Latino,Male,45-54,53.86,Loan originated
1,605000.0,30%-<36%,645000.0,238.0,1,White,Joint,25-34,95.0,Loan originated
1,305000.0,50%-60%,375000.0,151.0,1,White,Joint,55-64,81.76,Application denied
1,425000.0,20%-<30%,535000.0,148.0,1,Hispanic or Latino,Female,35-44,100.0,Loan originated
1,855000.0,<20%,955000.0,0.0,1,White,Female,45-54,90.0,Application denied
1,785000.0,43,885000.0,172.0,1,Hispanic or Latino,Male,35-44,89.0,Loan originated
1,395000.0,49,755000.0,172.0,1,White,Male,55-64,53.0,Loan originated
1,435000.0,41,545000.0,116.0,1,White,Female,25-34,80.0,Application denied
1,765000.0,30%-<36%,1705000.0,255.0,1,Hispanic or Latino,Female,35-44,45.091,Loan originated
1,725000.0,49,935000.0,141.0,1,Asian,Male,45-54,77.527,Application denied
1,845000.0,30%-<36%,1215000.0,317.0,1,White,Joint,35-44,69.19,Loan originated
1,1065000.0,49,1485000.0,430.0,1,White,Joint,45-54,72.0,Loan originated
1,415000.0,48,525000.0,90.0,1,Asian,Female,35-44,80.0,Loan originated
1,225000.0,49,235000.0,50.0,1,Hispanic or Latino,Male,35-44,95.0,Loan originated
1,475000.0,49,605000.0,98.0,1,Black or African American,Female,65-74,78.334,Loan originated
1,765000.0,44,2465000.0,402.0,1,White,Joint,45-54,45.34,Loan originated
1,655000.0,43,1095000.0,198.0,1,Asian,Joint,25-34,59.633,Loan originated
1,665000.0,42,835000.0,187.0,1,Asian,Joint,<25,80.0,Loan originated
1,715000.0,39,895000.0,176.0,1,Hispanic or Latino,Male,25-34,80.0,Loan originated
1,1045000.0,30%-<36%,1315000.0,316.0,1,White,Joint,35-44,80.0,Loan originated
1,1045000.0,48,1305000.0,298.0,1,White,Joint,55-64,80.0,Loan originated
1,455000.0,30%-<36%,555000.0,140.0,1,Hispanic or Latino,Joint,25-34,86.0,Loan originated
1,425000.0,37,685000.0,152.0,1,White,Male,35-44,63.085,Loan originated
1,285000.0,44,335000.0,71.0,1,Hispanic or Latino,Male,25-34,85.0,Loan originated
1,765000.0,30%-<36%,1485000.0,220.0,1,Asian,Male,25-34,51.351,Loan originated
1,1015000.0,30%-<36%,1455000.0,355.0,1,Asian,Joint,35-44,70.0,Loan originated
1,285000.0,50%-60%,555000.0,61.0,1,White,Female,55-64,52.0,Application denied
1,875000.0,<20%,2775000.0,908.0,1,White,Male,35-44,31.408,Loan originated
1,275000.0,41,365000.0,114.0,1,White,Female,65-74,75.0,Loan originated
1,565000.0,47,595000.0,198.0,1,Hispanic or Latino,Joint,25-34,95.0,Loan originated
1,975000.0,40,1505000.0,234.0,1,White,Female,55-64,65.0,Loan originated
1,725000.0,39,905000.0,230.0,1,Hispanic or Latino,Joint,55-64,80.0,Loan originated
1,375000.0,38,475000.0,145.0,1,White,Male,35-44,80.0,Loan originated
1,765000.0,36,785000.0,260.0,1,Asian,Joint,25-34,97.0,Loan originated
1,355000.0,30%-<36%,375000.0,190.0,1,Hispanic or Latino,Joint,25-34,95.0,Loan originated
1,745000.0,49,805000.0,176.0,1,Hispanic or Latino,Male,25-34,93.0,Loan originated
1,865000.0,20%-<30%,1075000.0,332.0,1,Asian,Female,45-54,80.0,Loan originated
1,755000.0,30%-<36%,1655000.0,358.0,1,Asian,Joint,25-34,45.455,Application denied
1,245000.0,49,545000.0,71.0,1,White,Female,<25,45.387,Loan originated
1,265000.0,44,295000.0,85.0,1,Hispanic or Latino,Female,25-34,90.0,Loan originated
1,595000.0,46,895000.0,179.0,1,White,Joint,35-44,67.0,Loan originated
1,965000.0,20%-<30%,1205000.0,550.0,1,White,Male,35-44,80.0,Loan originated
1,185000.0,36,665000.0,104.0,1,White,Male,55-64,27.925,Loan originated
1,495000.0,42,875000.0,179.0,1,White,Female,55-64,56.387,Loan originated
1,435000.0,48,735000.0,131.0,1,White,Male,55-64,59.18,Loan originated
1,905000.0,>60%,925000.0,129.0,1,Black or African American,Male,35-44,95.0,Application denied
1,1125000.0,30%-<36%,1505000.0,355.0,1,Asian,Joint,25-34,75.0,Loan originated
1,845000.0,40,1125000.0,218.0,1,Asian,Joint,35-44,75.0,Loan originated
1,505000.0,20%-<30%,1095000.0,235.0,1,Asian,Male,45-54,45.845,Loan originated
1,695000.0,49,735000.0,193.0,1,Hispanic or Latino,Joint,25-34,95.0,Loan originated
1,405000.0,36,1065000.0,142.0,1,Asian,Male,25-34,38.019,Loan originated
1,295000.0,42,315000.0,85.0,1,White,Female,45-54,95.0,Loan originated
1,355000.0,41,445000.0,91.0,1,White,Male,25-34,80.0,Loan originated
1,445000.0,45,455000.0,115.0,1,Other,Female,35-44,94.249,Application denied
1,185000.0,46,285000.0,46.0,1,Hispanic or Latino,Female,45-54,100.93,Loan originated
1,245000.0,49,255000.0,62.0,1,Other,Male,35-44,101.94,Loan originated
1,345000.0,38,355000.0,105.0,1,Hispanic or Latino,Female,35-44,97.0,Loan originated
1,535000.0,20%-<30%,995000.0,186.0,1,Asian,Joint,35-44,53.307,Loan originated
1,445000.0,30%-<36%,555000.0,276.0,1,Black or African American,Joint,35-44,79.751,Loan originated
1,555000.0,44,585000.0,119.0,1,Asian,Joint,35-44,95.0,Loan originated
1,415000.0,48,425000.0,97.0,1,Black or African American,Male,45-54,97.0,Loan originated
1,505000.0,43,525000.0,117.0,1,Hispanic or Latino,Male,25-34,94.896,Loan originated
1,1025000.0,30%-<36%,1285000.0,292.0,1,Asian,Joint,25-34,80.0,Loan originated
1,405000.0,45,515000.0,108.0,1,White,Female,45-54,80.0,Loan originated
1,455000.0,37,565000.0,406.0,1,Asian,Joint,65-74,80.0,Loan originated
1,405000.0,46,445000.0,90.0,1,Hispanic or Latino,Female,25-34,90.0,Loan originated
1,465000.0,41,495000.0,104.0,1,Hispanic or Latino,Male,<25,95.0,Loan originated
1,585000.0,41,735000.0,133.0,1,Hispanic or Latino,Male,35-44,80.0,Loan originated
1,675000.0,37,715000.0,186.0,1,White,Joint,55-64,95.0,Loan originated
1,115000.0,44,495000.0,40.0,1,White,Male,25-34,22.111,Loan originated
1,1085000.0,46,1355000.0,280.0,1,White,Joint,35-44,80.0,Loan originated
1,485000.0,30%-<36%,1165000.0,174.0,1,White,Joint,35-44,42.0,Loan originated
1,495000.0,43,625000.0,109.0,1,Asian,Male,25-34,80.0,Loan originated
1,905000.0,50%-60%,1015000.0,291.0,1,Asian,Joint,25-34,89.109,Loan originated
1,275000.0,39,305000.0,83.0,1,Hispanic or Latino,Female,45-54,90.0,Loan originated
1,505000.0,49,1605000.0,256.0,1,White,Joint,35-44,31.179,Loan originated
1,765000.0,30%-<36%,1135000.0,271.0,1,White,Joint,25-34,67.24,Loan originated
1,765000.0,46,805000.0,185.0,1,Asian,Male,35-44,95.0,Loan originated
1,855000.0,41,1375000.0,225.0,1,Asian,Male,35-44,63.0,Loan originated
1,525000.0,49,575000.0,106.0,1,Hispanic or Latino,Female,45-54,90.55,Loan originated
1,995000.0,49,1605000.0,205.0,1,White,Female,25-34,61.94,Loan originated
1,615000.0,37,775000.0,347.0,1,White,Joint,45-54,80.0,Loan originated
1,355000.0,40,595000.0,116.0,1,Asian,Female,45-54,60.169,Loan originated
1,395000.0,49,495000.0,72.0,1,White,Male,35-44,80.0,Loan originated
1,455000.0,20%-<30%,605000.0,217.0,1,Asian,Male,45-54,75.0,Loan originated
1,315000.0,49,325000.0,65.0,1,White,Female,25-34,100.0,Loan originated
1,385000.0,37,405000.0,140.0,1,White,Male,45-54,97.0,Loan originated
1,205000.0,30%-<36%,265000.0,128.0,1,Hispanic or Latino,Female,25-34,75.0,Loan originated
1,435000.0,>60%,535000.0,0.0,1,Black or African American,Male,35-44,81.478,Application denied
1,855000.0,30%-<36%,1135000.0,255.0,1,White,Joint,35-44,75.0,Loan originated
1,315000.0,50%-60%,455000.0,75.0,1,White,Male,25-34,68.571,Application denied
1,725000.0,20%-<30%,905000.0,257.0,1,White,Joint,35-44,80.0,Loan originated
1,435000.0,49,515000.0,87.0,1,Hispanic or Latino,Female,35-44,84.706,Loan originated
1,425000.0,>60%,455000.0,0.0,1,Hispanic or Latino,Female,25-34,95.0,Application denied
1,415000.0,45,515000.0,246.0,1,White,Joint,35-44,80.0,Loan originated
1,185000.0,<20%,465000.0,121.0,1,White,Male,35-44,39.742,Loan originated
1,765000.0,43,815000.0,160.0,1,Asian,Joint,35-44,94.055,Loan originated
1,575000.0,41,725000.0,151.0,1,Asian,Joint,25-34,80.0,Loan originated
1,405000.0,46,955000.0,113.0,1,Asian,Female,25-34,43.0,Loan originated
1,455000.0,50%-60%,555000.0,79.0,1,Hispanic or Latino,Female,25-34,81.982,Application denied
1,485000.0,45,575000.0,151.0,1,Hispanic or Latino,Joint,45-54,105.0,Loan originated
1,605000.0,46,755000.0,138.0,1,White,Female,25-34,80.0,Loan originated
1,765000.0,41,1055000.0,277.0,1,White,Male,25-34,73.005,Loan originated
1,695000.0,40,835000.0,186.0,1,White,Joint,25-34,83.294,Loan originated
1,665000.0,30%-<36%,745000.0,225.0,1,Asian,Male,35-44,89.968,Loan originated
1,905000.0,30%-<36%,2205000.0,343.0,1,White,Female,35-44,40.909,Loan originated
1,315000.0,41,325000.0,88.0,1,Hispanic or Latino,Male,25-34,99.375,Application denied
1,375000.0,40,395000.0,290.0,1,Hispanic or Latino,Joint,45-54,95.0,Loan originated
1,385000.0,49,505000.0,79.0,1,Hispanic or Latino,Male,25-34,78.0,Loan originated
1,335000.0,20%-<30%,675000.0,152.0,1,White,Joint,35-44,50.0,Loan originated
1,195000.0,<20%,215000.0,107.0,1,Hispanic or Latino,Male,45-54,90.48,Loan originated
1,595000.0,39,875000.0,194.0,1,Hispanic or Latino,Joint,35-44,68.0,Loan originated
1,995000.0,43,1105000.0,234.0,1,Asian,Joint,45-54,90.0,Loan originated
1,575000.0,30%-<36%,715000.0,19.0,1,Asian,Male,45-54,80.0,Loan originated
1,775000.0,39,1145000.0,214.0,1,White,Female,55-64,67.363,Loan originated
1,185000.0,39,235000.0,93.0,1,Hispanic or Latino,Female,25-34,80.0,Application denied
1,975000.0,30%-<36%,1305000.0,318.0,1,White,Joint,25-34,75.0,Loan originated
1,735000.0,44,775000.0,163.0,1,White,Male,35-44,95.0,Loan originated
1,255000.0,30%-<36%,905000.0,196.0,1,Asian,Joint,45-54,28.436,Loan originated
1,365000.0,48,405000.0,78.0,1,Asian,Female,25-34,90.0,Loan originated
1,625000.0,30%-<36%,1045000.0,240.0,1,Asian,Joint,25-34,59.81,Loan originated
1,375000.0,38,385000.0,115.0,1,White,Male,35-44,97.0,Loan originated
1,405000.0,39,1405000.0,124.0,1,White,Joint,55-64,28.551,Loan originated
1,435000.0,49,545000.0,84.0,1,Hispanic or Latino,Female,35-44,80.0,Loan originated
1,555000.0,44,695000.0,160.0,1,Asian,Female,25-34,80.0,Loan originated
1,635000.0,30%-<36%,595000.0,208.0,1,White,Male,55-64,107.0,Application denied
1,395000.0,41,405000.0,116.0,1,White,Joint,25-34,100.0,Loan originated
1,605000.0,49,2325000.0,158.0,1,Asian,Joint,25-34,26.194,Loan originated
1,405000.0,41,425000.0,162.0,1,Asian,Female,45-54,95.0,Loan originated
1,265000.0,49,285000.0,62.0,1,Hispanic or Latino,Female,35-44,95.0,Application denied
1,945000.0,30%-<36%,1205000.0,318.0,1,Asian,Joint,25-34,79.0,Loan originated
1,1005000.0,43,1455000.0,310.0,1,White,Joint,65-74,68.966,Application denied
1,305000.0,43,385000.0,83.0,1,Hispanic or Latino,Male,<25,80.0,Loan originated
1,295000.0,41,595000.0,142.0,1,White,Male,25-34,49.58,Loan originated
1,685000.0,45,865000.0,170.0,1,Asian,Joint,25-34,80.0,Loan originated
1,495000.0,45,615000.0,148.0,1,Hispanic or Latino,Male,25-34,80.0,Loan originated
1,645000.0,45,715000.0,148.0,1,Hispanic or Latino,Male,<25,90.0,Loan originated
1,1145000.0,47,1335000.0,371.0,1,Asian,Joint,25-34,85.86,Loan originated
1,805000.0,42,1825000.0,264.0,1,White,Joint,65-74,43.76,Loan originated
1,255000.0,20%-<30%,555000.0,131.0,1,Hispanic or Latino,Female,65-74,46.364,Loan originated
1,415000.0,42,485000.0,95.0,1,White,Joint,25-34,84.948,Loan originated
1,355000.0,39,365000.0,104.0,1,White,Male,<25,97.0,Loan originated
1,195000.0,20%-<30%,385000.0,162.0,1,White,Joint,35-44,51.13,Loan originated
1,1025000.0,49,1275000.0,200.0,1,Asian,Joint,25-34,80.0,Loan originated
1,485000.0,20%-<30%,1655000.0,272.0,1,White,Joint,55-64,29.349,Loan originated
1,1025000.0,20%-<30%,1285000.0,401.0,1,Asian,Joint,25-34,80.0,Loan originated
1,765000.0,30%-<36%,985000.0,339.0,1,White,Male,45-54,78.163,Loan originated
1,455000.0,38,565000.0,127.0,1,Asian,Male,65-74,80.0,Loan originated
1,515000.0,45,545000.0,124.0,1,White,Female,25-34,95.0,Loan originated
1,535000.0,48,835000.0,222.0,1,White,Male,25-34,64.072,Loan originated
1,985000.0,30%-<36%,1405000.0,325.0,1,Asian,Joint,35-44,69.99,Loan originated
1,935000.0,50%-60%,1045000.0,175.0,1,Hispanic or Latino,Male,35-44,90.0,Application denied
1,345000.0,49,685000.0,79.0,1,White,Male,25-34,50.0,Loan originated
1,345000.0,42,355000.0,92.0,1,Hispanic or Latino,Female,35-44,99.2087,Loan originated
1,1125000.0,41,1605000.0,1104.0,1,Hispanic or Latino,Male,45-54,70.0,Loan originated
1,355000.0,44,695000.0,92.0,1,Asian,Male,55-64,50.35971,Loan originated
1,355000.0,49,375000.0,123.0,1,Hispanic or Latino,Joint,45-54,95.0,Loan originated
1,765000.0,30%-<36%,1095000.0,349.0,1,Hispanic or Latino,Male,25-34,89.99,Loan originated
1,115000.0,45,145000.0,91.0,1,Black or African American,Male,35-44,80.0,Loan originated
1,355000.0,<20%,585000.0,204.0,1,White,Male,35-44,60.751,Loan originated
1,725000.0,20%-<30%,905000.0,288.0,1,White,Joint,55-64,80.0,Loan originated
1,765000.0,39,905000.0,716.0,1,White,Male,35-44,85.0,Loan originated
1,305000.0,42,325000.0,84.0,1,Hispanic or Latino,Joint,55-64,95.0,Loan originated
1,395000.0,46,795000.0,90.0,1,White,Female,35-44,50.0,Loan originated
1,495000.0,44,555000.0,136.0,1,Hispanic or Latino,Joint,45-54,89.99,Loan originated
1,205000.0,30%-<36%,925000.0,128.0,1,Hispanic or Latino,Joint,45-54,22.162,Loan originated
1,385000.0,49,1385000.0,95.0,1,Hispanic or Latino,Female,45-54,27.79,Loan originated
1,455000.0,30%-<36%,615000.0,156.0,1,Asian,Female,25-34,75.0,Loan originated
1,545000.0,46,565000.0,121.0,1,Hispanic or Latino,Joint,25-34,100.0,Loan originated
1,385000.0,49,605000.0,100.0,1,Other,Joint,35-44,62.982,Loan originated
1,605000.0,45,1075000.0,489.0,1,White,Female,25-34,56.075,Loan originated
1,795000.0,47,1475000.0,212.0,1,Hispanic or Latino,Female,45-54,53.559,Loan originated
1,765000.0,30%-<36%,955000.0,229.0,1,White,Female,25-34,80.0,Loan originated
1,65000.0,37,65000.0,72.0,1,Hispanic or Latino,Male,25-34,95.0,Loan originated
1,535000.0,41,565000.0,193.0,1,Hispanic or Latino,Joint,45-54,95.0,Loan originated
1,725000.0,30%-<36%,1465000.0,350.0,1,Asian,Female,45-54,49.71,Loan originated
1,755000.0,30%-<36%,865000.0,230.0,1,Asian,Joint,25-34,87.318,Loan originated
1,215000.0,49,465000.0,68.0,1,Hispanic or Latino,Female,65-74,46.69,Loan originated
1,305000.0,30%-<36%,555000.0,120.0,1,Hispanic or Latino,Male,25-34,54.545,Loan originated
1,385000.0,45,1055000.0,168.0,1,Asian,Male,55-64,35.85,Loan originated
1,355000.0,40,365000.0,97.0,1,Hispanic or Latino,Male,35-44,97.0,Loan originated
1,325000.0,48,425000.0,78.0,1,White,Female,45-54,75.765,Loan originated
1,725000.0,<20%,725000.0,460.0,1,Asian,Female,25-34,100.0,Loan originated
1,765000.0,20%-<30%,955000.0,363.0,1,White,Male,35-44,80.0,Loan originated
1,285000.0,49,295000.0,76.0,1,White,Female,>74,95.0,Loan originated
1,595000.0,39,665000.0,185.0,1,Asian,Joint,35-44,92.05,Application denied
1,805000.0,20%-<30%,1915000.0,446.0,1,Asian,Joint,65-74,41.885,Loan originated
1,405000.0,30%-<36%,515000.0,165.0,1,Hispanic or Latino,Joint,25-34,80.0,Loan originated
1,745000.0,42,925000.0,202.0,1,White,Joint,35-44,80.0,Loan originated
1,345000.0,20%-<30%,1635000.0,155.0,1,Asian,Male,35-44,21.176,Application denied
1,485000.0,38,785000.0,139.0,1,White,Male,25-34,61.54,Loan originated
1,595000.0,41,785000.0,164.0,1,Black or African American,Female,35-44,75.0,Loan originated
1,645000.0,48,675000.0,173.0,1,White,Joint,25-34,95.0,Loan originated
1,365000.0,42,455000.0,104.0,1,White,Male,25-34,80.0,Loan originated
1,665000.0,30%-<36%,825000.0,460.0,1,White,Male,25-34,80.0,Loan originated
1,365000.0,44,375000.0,90.0,1,Hispanic or Latino,Male,25-34,100.0,Loan originated
1,395000.0,48,495000.0,125.0,1,Hispanic or Latino,Male,45-54,80.0,Loan originated
1,685000.0,<20%,855000.0,935.0,1,White,Joint,55-64,80.0,Loan originated
1,355000.0,41,445000.0,158.0,1,White,Female,55-64,80.0,Loan originated
1,475000.0,49,545000.0,115.0,1,Hispanic or Latino,Male,35-44,102.988,Loan originated
1,535000.0,42,785000.0,178.0,1,Asian,Joint,25-34,67.949,Loan originated
1,425000.0,49,525000.0,79.0,1,Asian,Male,45-54,80.0,Loan originated
1,375000.0,43,535000.0,85.0,1,White,Joint,25-34,69.811,Loan originated
1,425000.0,45,435000.0,166.0,1,Hispanic or Latino,Joint,25-34,97.0,Loan originated
1,865000.0,40,1045000.0,300.0,1,Black or African American,Female,25-34,82.788,Loan originated
1,765000.0,20%-<30%,855000.0,319.0,1,Black or African American,Joint,45-54,90.0,Loan originated
1,295000.0,45,405000.0,74.0,1,White,Female,45-54,73.105,Loan originated
1,675000.0,50%-60%,795000.0,175.0,1,White,Joint,45-54,79.937,Application denied
1,205000.0,41,575000.0,69.0,1,White,Female,65-74,35.088,Loan originated
1,465000.0,37,585000.0,129.0,1,White,Joint,45-54,80.0,Loan originated
1,515000.0,30%-<36%,735000.0,628.0,1,White,Male,25-34,70.0,Loan originated
1,725000.0,46,1295000.0,150.0,1,White,Female,35-44,55.98,Loan originated
1,505000.0,30%-<36%,1025000.0,172.0,1,Asian,Female,35-44,49.02,Loan originated
1,685000.0,40,1035000.0,194.0,1,Asian,Female,25-34,66.019,Loan originated
1,485000.0,30%-<36%,615000.0,156.0,1,Asian,Male,55-64,80.0,Application denied
1,905000.0,48,2655000.0,239.0,1,Asian,Male,35-44,33.913,Loan originated
1,765000.0,36,1025000.0,220.0,1,Asian,Female,45-54,75.0,Loan originated
1,295000.0,43,305000.0,75.0,1,White,Male,25-34,97.0,Loan originated
1,565000.0,20%-<30%,705000.0,283.0,1,White,Joint,25-34,80.0,Loan originated
1,615000.0,44,815000.0,127.0,1,White,Female,25-34,75.74,Loan originated
1,345000.0,49,535000.0,73.0,1,Hispanic or Latino,Female,<25,65.0,Loan originated
1,775000.0,30%-<36%,965000.0,208.0,1,Hispanic or Latino,Male,25-34,80.0,Loan originated
1,235000.0,30%-<36%,535000.0,113.0,1,Hispanic or Latino,Female,45-54,43.66,Loan originated
1,345000.0,45,365000.0,72.0,1,White,Male,25-34,95.0,Loan originated
1,315000.0,37,865000.0,103.0,1,Asian,Male,25-34,36.2,Loan originated
1,1145000.0,39,1435000.0,279.0,1,White,Joint,45-54,80.0,Loan originated
1,425000.0,47,535000.0,109.0,1,Hispanic or Latino,Male,45-54,80.0,Loan originated
1,535000.0,49,1925000.0,250.0,1,White,Female,65-74,27.792,Loan originated
1,705000.0,49,885000.0,171.0,1,Asian,Male,25-34,80.0,Loan originated
1,265000.0,36,295000.0,71.0,1,White,Joint,25-34,89.655,Loan originated
1,505000.0,30%-<36%,855000.0,193.0,1,White,Male,35-44,59.255,Loan originated
1,725000.0,38,1325000.0,207.0,1,Asian,Male,25-34,54.852,Loan originated
1,485000.0,30%-<36%,625000.0,269.0,1,White,Joint,45-54,78.226,Loan originated
1,325000.0,49,395000.0,142.0,1,Asian,Male,45-54,82.663,Loan originated
1,865000.0,39,1095000.0,204.0,1,Asian,Male,45-54,79.725,Loan originated
1,215000.0,49,255000.0,65.0,1,Hispanic or Latino,Female,45-54,95.0,Loan originated
1,1105000.0,37,2705000.0,535.0,1,White,Joint,35-44,40.741,Loan originated
1,305000.0,38,715000.0,99.0,1,White,Female,45-54,42.18,Loan originated
1,475000.0,<20%,905000.0,344.0,1,Hispanic or Latino,Joint,35-44,52.5,Loan originated
1,945000.0,40,995000.0,334.0,1,Black or African American,Male,35-44,95.0,Loan originated
1,305000.0,20%-<30%,1355000.0,148.0,1,White,Female,65-74,22.222,Loan originated
1,345000.0,48,425000.0,88.0,1,White,Female,45-54,80.0,Loan originated
1,665000.0,49,825000.0,140.0,1,Hispanic or Latino,Joint,25-34,80.0,Loan originated
1,105000.0,46,775000.0,55.0,1,White,Male,>74,14.0,Loan originated
1,395000.0,48,635000.0,120.0,1,Hispanic or Latino,Female,45-54,62.499,Loan originated
1,1115000.0,41,1395000.0,341.0,1,White,Male,55-64,80.0,Loan originated
1,655000.0,49,745000.0,137.0,1,Asian,Male,25-34,88.243,Loan originated
1,745000.0,30%-<36%,925000.0,282.0,1,White,Joint,35-44,80.0,Loan originated
1,665000.0,42,885000.0,263.0,1,Asian,Male,55-64,75.0,Loan originated
1,565000.0,40,715000.0,168.0,1,White,Male,35-44,80.0,Loan originated
1,605000.0,43,865000.0,136.0,1,White,Joint,45-54,70.0,Loan originated
1,745000.0,30%-<36%,935000.0,386.0,1,White,Joint,45-54,80.0,Loan originated
1,545000.0,47,565000.0,182.0,1,Asian,Joint,25-34,95.0,Loan originated
1,805000.0,40,1435000.0,245.0,1,Asian,Joint,35-44,55.75,Loan originated
1,385000.0,43,485000.0,96.0,1,Asian,Female,25-34,80.0,Loan originated
1,255000.0,30%-<36%,905000.0,145.0,1,Asian,Joint,55-64,27.77,Loan originated
1,685000.0,50%-60%,755000.0,145.0,1,Hispanic or Latino,Male,45-54,89.99,Loan originated
1,585000.0,50%-60%,625000.0,224.0,1,Hispanic or Latino,Joint,<25,95.0,Application denied
1,475000.0,49,625000.0,98.0,1,Asian,Male,35-44,76.613,Loan originated
1,285000.0,30%-<36%,485000.0,92.0,1,White,Female,55-64,58.763,Loan originated
1,205000.0,47,585000.0,54.0,1,White,Joint,55-64,34.323,Loan originated
1,185000.0,20%-<30%,485000.0,220.0,1,White,Joint,55-64,38.14,Loan originated
1,725000.0,43,745000.0,174.0,1,Asian,Female,35-44,96.5,Loan originated
1,515000.0,44,545000.0,181.0,1,Hispanic or Latino,Joint,25-34,95.0,Loan originated
1,685000.0,<20%,1285000.0,411.0,1,White,Joint,35-44,53.198,Loan originated
1,305000.0,45,325000.0,82.0,1,White,Male,25-34,95.0,Loan originated
1,1125000.0,44,1495000.0,525.0,1,White,Joint,45-54,75.0,Application denied
1,165000.0,30%-<36%,175000.0,107.0,1,Hispanic or Latino,Joint,25-34,95.0,Application denied
1,955000.0,36,1055000.0,301.0,1,White,Male,25-34,89.99,Loan originated
1,325000.0,48,405000.0,116.0,1,White,Joint,65-74,80.0,Loan originated
1,805000.0,20%-<30%,1065000.0,306.0,1,Asian,Joint,35-44,75.01,Loan originated
1,335000.0,42,415000.0,85.0,1,Hispanic or Latino,Female,35-44,80.0,Loan originated
1,345000.0,36,365000.0,103.0,1,Hispanic or Latino,Male,35-44,95.0,Loan originated
1,285000.0,49,355000.0,78.0,1,Asian,Female,25-34,80.0,Loan originated
1,785000.0,44,975000.0,179.0,1,White,Female,25-34,80.0,Loan originated
1,585000.0,38,615000.0,182.0,1,Asian,Male,35-44,94.96,Loan originated
1,755000.0,30%-<36%,935000.0,193.0,1,Asian,Joint,25-34,80.0,Loan originated
1,595000.0,30%-<36%,665000.0,185.0,1,Asian,Male,35-44,90.0,Loan originated
1,335000.0,41,505000.0,140.0,1,White,Joint,25-34,66.0,Loan originated
1,385000.0,50%-60%,515000.0,98.0,1,Hispanic or Latino,Male,45-54,75.0,Loan originated
1,185000.0,44,195000.0,67.0,1,White,Female,25-34,97.0,Loan originated
1,605000.0,46,765000.0,125.0,1,Hispanic or Latino,Female,25-34,80.0,Loan originated
1,775000.0,20%-<30%,1005000.0,310.0,1,Asian,Male,45-54,77.0,Loan originated
1,495000.0,38,585000.0,140.0,1,Black or African American,Female,55-64,85.0,Loan originated
1,965000.0,20%-<30%,1205000.0,326.0,1,White,Female,25-34,80.0,Loan originated
1,15000.0,38,475000.0,122.0,1,Hispanic or Latino,Joint,25-34,100.0,Loan originated
1,285000.0,30%-<36%,355000.0,98.0,1,Hispanic or Latino,Male,<25,80.0,Loan originated
1,395000.0,48,435000.0,118.0,1,Hispanic or Latino,Male,25-34,90.0,Loan originated
1,765000.0,20%-<30%,865000.0,319.0,1,Black or African American,Female,35-44,88.651,Loan originated
1,755000.0,20%-<30%,1005000.0,309.0,1,Asian,Male,35-44,75.0,Loan originated
1,555000.0,45,755000.0,125.0,1,White,Male,35-44,73.354,Loan originated
1,565000.0,20%-<30%,755000.0,256.0,1,White,Male,55-64,75.0,Loan originated
1,435000.0,<20%,545000.0,287.0,1,Asian,Male,35-44,80.0,Loan originated
1,325000.0,45,345000.0,70.0,1,Hispanic or Latino,Male,25-34,97.0,Loan originated
1,765000.0,47,955000.0,165.0,1,Hispanic or Latino,Joint,35-44,80.0,Loan originated
1,1165000.0,48,1455000.0,238.0,1,Hispanic or Latino,Male,35-44,80.0,Loan originated
1,435000.0,30%-<36%,545000.0,128.0,1,Hispanic or Latino,Male,25-34,80.0,Loan originated
1,255000.0,45,505000.0,64.0,1,White,Male,65-74,50.0,Loan originated
1,605000.0,47,1505000.0,158.0,1,Hispanic or Latino,Male,55-64,40.0,Loan originated
1,765000.0,42,1205000.0,359.0,1,Asian,Male,55-64,63.333,Loan originated
1,765000.0,40,935000.0,193.0,1,Asian,Male,45-54,81.836,Loan originated
1,535000.0,20%-<30%,595000.0,307.0,1,White,Male,45-54,90.0,Loan originated
1,1085000.0,47,1205000.0,231.0,1,Asian,Male,25-34,90.0,Loan originated
1,355000.0,49,395000.0,108.0,1,White,Male,25-34,90.0,Loan originated
1,855000.0,44,1145000.0,206.0,1,Asian,Male,25-34,74.99,Loan originated
1,305000.0,47,375000.0,73.0,1,Hispanic or Latino,Male,<25,80.0,Loan originated
1,395000.0,48,525000.0,90.0,1,Asian,Joint,35-44,95.0,Loan originated
1,575000.0,50%-60%,775000.0,223.0,1,Hispanic or Latino,Joint,65-74,74.194,Application denied
1,595000.0,48,995000.0,183.0,1,Asian,Male,45-54,60.0,Loan originated
1,345000.0,30%-<36%,425000.0,178.0,1,White,Female,35-44,80.0,Loan originated
1,655000.0,44,835000.0,148.0,1,White,Joint,25-34,78.21,Application denied
1,745000.0,20%-<30%,825000.0,369.0,1,Asian,Joint,25-34,90.0,Loan originated
1,865000.0,30%-<36%,1075000.0,313.0,1,Asian,Joint,25-34,80.0,Loan originated
1,305000.0,30%-<36%,525000.0,102.0,1,White,Male,>74,57.14,Loan originated
1,175000.0,20%-<30%,355000.0,122.0,1,Asian,Male,45-54,50.0,Loan originated
1,1035000.0,37,1535000.0,254.0,1,Asian,Joint,25-34,67.427,Loan originated
1,365000.0,40,525000.0,124.0,1,White,Joint,35-44,70.0,Loan originated
1,545000.0,49,605000.0,109.0,1,Black or African American,Female,45-54,90.0,Loan originated
1,485000.0,49,615000.0,270.0,1,White,Female,35-44,80.0,Loan originated
1,605000.0,30%-<36%,1655000.0,297.0,1,Asian,Female,55-64,36.364,Loan originated
1,325000.0,49,345000.0,62.0,1,Hispanic or Latino,Joint,65-74,98.0,Loan originated
1,295000.0,38,625000.0,155.0,1,White,Female,35-44,50.0,Application denied
1,615000.0,30%-<36%,765000.0,175.0,1,White,Male,45-54,80.0,Loan originated
1,445000.0,36,525000.0,137.0,1,Asian,Male,35-44,85.0,Loan originated
1,595000.0,30%-<36%,745000.0,247.0,1,White,Male,55-64,80.0,Loan originated
1,765000.0,41,965000.0,232.0,1,White,Male,35-44,82.518,Loan originated
1,435000.0,<20%,515000.0,319.0,1,Hispanic or Latino,Joint,25-34,85.0,Loan originated
1,715000.0,30%-<36%,795000.0,185.0,1,White,Joint,25-34,90.0,Loan originated
1,505000.0,47,595000.0,118.0,1,White,Male,25-34,84.975,Application denied
1,655000.0,38,875000.0,250.0,1,Asian,Female,35-44,74.8,Loan originated
1,235000.0,48,245000.0,59.0,1,White,Female,35-44,96.8,Loan originated
1,665000.0,45,1165000.0,156.0,1,White,Male,25-34,58.0,Loan originated
1,1145000.0,40,1605000.0,467.0,1,Hispanic or Latino,Joint,35-44,71.864,Loan originated
1,955000.0,39,1345000.0,283.0,1,White,Male,35-44,71.019,Loan originated
1,765000.0,49,845000.0,144.0,1,Asian,Female,45-54,90.0,Loan originated
1,325000.0,39,345000.0,110.0,1,Hispanic or Latino,Joint,55-64,93.0,Loan originated
1,625000.0,40,695000.0,234.0,1,White,Female,45-54,90.0,Loan originated
1,925000.0,44,975000.0,201.0,1,Asian,Joint,55-64,95.0,Loan originated
1,515000.0,45,735000.0,126.0,1,White,Female,>74,70.0,Loan originated
1,945000.0,30%-<36%,1405000.0,333.0,1,White,Joint,25-34,67.14,Loan originated
1,895000.0,30%-<36%,1195000.0,455.0,1,Asian,Male,25-34,75.0,Loan originated
1,355000.0,43,375000.0,95.0,1,Hispanic or Latino,Male,35-44,95.0,Loan originated
1,265000.0,49,1705000.0,139.0,1,Asian,Male,35-44,15.543,Loan originated
1,985000.0,36,1405000.0,338.0,1,Asian,Joint,35-44,70.0,Loan originated
1,685000.0,46,1055000.0,165.0,1,Asian,Male,35-44,65.008,Loan originated
1,405000.0,45,745000.0,89.0,1,White,Female,55-64,54.765,Loan originated
1,1475000.0,47,2005000.0,311.0,1,White,Joint,45-54,74.0,Loan originated
1,1085000.0,41,1365000.0,453.0,1,Asian,Joint,35-44,80.0,Loan originated
1,735000.0,42,1245000.0,430.0,1,White,Joint,>74,58.871,Application denied
1,665000.0,44,915000.0,158.0,1,Hispanic or Latino,Male,25-34,72.598,Loan originated
1,625000.0,49,1255000.0,135.0,1,White,Joint,45-54,50.0,Loan originated
1,535000.0,47,555000.0,113.0,1,Black or African American,Male,65-74,100.0,Loan originated
1,595000.0,48,795000.0,239.0,1,Asian,Joint,45-54,75.0,Loan originated
1,1045000.0,30%-<36%,1305000.0,365.0,1,Asian,Joint,25-34,80.0,Loan originated
1,275000.0,30%-<36%,345000.0,78.0,1,Asian,Female,45-54,79.711,Loan originated
1,1065000.0,49,1165000.0,202.0,1,Asian,Joint,35-44,91.35,Loan originated
1,1085000.0,30%-<36%,1355000.0,325.0,1,White,Joint,25-34,80.0,Loan originated
1,545000.0,20%-<30%,685000.0,227.0,1,Asian,Joint,25-34,80.0,Loan originated
1,465000.0,41,495000.0,129.0,1,Black or African American,Joint,45-54,95.0,Loan originated
1,695000.0,30%-<36%,775000.0,251.0,1,White,Joint,35-44,90.0,Loan originated
1,605000.0,43,665000.0,135.0,1,Asian,Male,35-44,89.99,Loan originated
1,285000.0,42,485000.0,87.0,1,Hispanic or Latino,Joint,35-44,58.68,Loan originated
1,495000.0,46,555000.0,128.0,1,White,Joint,25-34,90.0,Loan originated
1,305000.0,40,605000.0,80.0,1,Asian,Joint,35-44,50.0,Loan originated
1,605000.0,47,755000.0,137.0,1,Asian,Male,35-44,80.0,Loan originated
1,295000.0,30%-<36%,765000.0,290.0,1,White,Joint,25-34,37.91,Loan originated
1,685000.0,47,855000.0,178.0,1,White,Joint,25-34,80.0,Loan originated
1,415000.0,<20%,825000.0,624.0,1,Asian,Male,45-54,50.0,Loan originated
1,205000.0,47,1045000.0,81.0,1,White,Joint,65-74,19.066,Loan originated
1,565000.0,<20%,625000.0,365.0,1,White,Joint,25-34,90.0,Loan originated
1,675000.0,41,1355000.0,251.0,1,White,Joint,65-74,50.0,Loan originated
1,335000.0,44,425000.0,74.0,1,Hispanic or Latino,Joint,35-44,80.0,Loan originated
1,265000.0,<20%,595000.0,202.0,1,White,Joint,35-44,43.7,Loan originated
1,765000.0,46,865000.0,184.0,1,Black or African American,Male,25-34,89.0,Loan originated
1,875000.0,38,1575000.0,267.0,1,Asian,Joint,45-54,55.41,Loan originated
1,585000.0,44,625000.0,179.0,1,Hispanic or Latino,Joint,55-64,95.0,Loan originated
1,605000.0,37,755000.0,174.0,1,White,Male,25-34,80.0,Loan originated
1,305000.0,30%-<36%,355000.0,97.0,1,White,Female,35-44,84.84,Loan originated
1,325000.0,20%-<30%,335000.0,112.0,1,Other,Female,55-64,96.903,Loan originated
1,315000.0,47,385000.0,68.0,1,White,Male,<25,80.0,Loan originated
1,365000.0,41,375000.0,107.0,1,White,Male,55-64,101.94,Loan originated
1,365000.0,49,605000.0,75.0,1,White,Female,55-64,60.333,Loan originated
1,765000.0,<20%,1535000.0,676.0,1,White,Male,65-74,50.101,Loan originated
1,555000.0,41,575000.0,146.0,1,Hispanic or Latino,Joint,35-44,96.924,Loan originated
1,285000.0,47,355000.0,70.0,1,Hispanic or Latino,Female,45-54,80.0,Loan originated
1,125000.0,20%-<30%,395000.0,92.0,1,White,Female,65-74,30.777,Loan originated
1,165000.0,46,185000.0,49.0,1,Hispanic or Latino,Female,25-34,90.0,Loan originated
1,745000.0,42,935000.0,275.0,1,White,Female,45-54,80.0,Loan originated
1,395000.0,36,465000.0,125.0,1,White,Joint,25-34,84.98,Loan originated
1,215000.0,49,735000.0,63.0,1,White,Male,35-44,28.689,Loan originated
1,495000.0,49,755000.0,160.0,1,White,Female,25-34,65.333,Loan originated
1,305000.0,42,375000.0,67.0,1,Black or African American,Joint,45-54,100.933,Loan originated
1,745000.0,41,775000.0,193.0,1,Asian,Joint,25-34,95.0,Loan originated
1,305000.0,44,355000.0,75.0,1,White,Joint,45-54,85.0,Loan originated
1,865000.0,42,1155000.0,315.0,1,Asian,Male,35-44,75.0,Loan originated
1,265000.0,46,335000.0,58.0,1,Asian,Joint,45-54,80.0,Loan originated
1,425000.0,45,625000.0,105.0,1,White,Male,25-34,68.0,Loan originated
1,525000.0,40,585000.0,130.0,1,Black or African American,Joint,45-54,89.0,Loan originated
1,665000.0,20%-<30%,955000.0,269.0,1,Hispanic or Latino,Male,45-54,70.0,Loan originated
1,345000.0,20%-<30%,385000.0,324.0,1,Hispanic or Latino,Female,25-34,89.9,Loan originated
1,1125000.0,30%-<36%,1325000.0,361.0,1,Asian,Male,35-44,85.0,Loan originated
1,855000.0,39,955000.0,242.0,1,Asian,Joint,25-34,90.0,Application denied
1,255000.0,49,405000.0,58.0,1,Hispanic or Latino,Male,25-34,62.5,Loan originated
1,905000.0,50%-60%,1285000.0,305.0,1,Asian,Joint,45-54,71.0,Loan originated
1,615000.0,49,645000.0,127.0,1,White,Joint,45-54,95.0,Loan originated
1,345000.0,42,495000.0,107.0,1,White,Female,35-44,69.94,Application denied
1,725000.0,44,905000.0,184.0,1,Asian,Male,45-54,80.0,Loan originated
1,465000.0,37,585000.0,110.0,1,White,Male,45-54,80.0,Loan originated
1,435000.0,42,465000.0,194.0,1,Hispanic or Latino,Male,<25,95.0,Loan originated
1,1005000.0,45,1255000.0,241.0,1,White,Joint,35-44,80.0,Loan originated
1,615000.0,39,1045000.0,160.0,1,White,Joint,25-34,58.68,Loan originated
1,595000.0,49,635000.0,170.0,1,Hispanic or Latino,Joint,45-54,95.0,Loan originated
1,305000.0,44,405000.0,278.0,1,Other,Male,>74,75.0,Loan originated
1,385000.0,30%-<36%,1185000.0,195.0,1,Asian,Joint,45-54,32.203,Loan originated
1,265000.0,45,275000.0,67.0,1,Hispanic or Latino,Male,25-34,100.0,Loan originated
1,495000.0,20%-<30%,895000.0,202.0,1,Asian,Female,55-64,55.056,Loan originated
1,585000.0,>60%,715000.0,52.0,1,Asian,Male,25-34,80.0,Application denied
1,515000.0,47,645000.0,120.0,1,Asian,Joint,45-54,80.0,Loan originated
1,445000.0,44,445000.0,108.0,1,Hispanic or Latino,Joint,25-34,100.0,Loan originated
1,455000.0,49,475000.0,93.0,1,White,Female,25-34,95.0,Loan originated
1,535000.0,45,565000.0,174.0,1,Hispanic or Latino,Joint,25-34,95.0,Loan originated
1,485000.0,47,605000.0,111.0,1,Hispanic or Latino,Female,25-34,80.0,Application denied
1,845000.0,46,1125000.0,205.0,1,White,Female,45-54,75.0,Loan originated
1,365000.0,44,415000.0,72.0,1,Hispanic or Latino,Male,25-34,87.89,Loan originated
1,695000.0,42,875000.0,178.0,1,White,Female,45-54,80.0,Loan originated
1,415000.0,38,445000.0,135.0,1,Hispanic or Latino,Joint,25-34,95.0,Loan originated
1,425000.0,45,525000.0,84.0,1,Hispanic or Latino,Male,35-44,80.0,Loan originated
1,765000.0,47,835000.0,184.0,1,Asian,Joint,25-34,92.355,Loan originated
1,475000.0,47,595000.0,150.0,1,White,Male,35-44,80.0,Loan originated
1,345000.0,44,355000.0,73.0,1,White,Male,35-44,97.0,Loan originated
1,685000.0,30%-<36%,1055000.0,294.0,1,Asian,Female,35-44,65.0,Loan originated
1,425000.0,20%-<30%,535000.0,136.0,1,Asian,Joint,25-34,80.0,Loan originated
1,345000.0,46,435000.0,75.0,1,White,Male,65-74,80.0,Loan originated
1,315000.0,42,505000.0,80.0,1,White,Female,35-44,61.62,Loan originated
1,535000.0,30%-<36%,985000.0,238.0,1,White,Joint,35-44,54.315,Loan originated
1,765000.0,46,965000.0,189.0,1,White,Joint,25-34,79.167,Loan originated
1,765000.0,30%-<36%,1155000.0,249.0,1,White,Joint,25-34,67.0,Loan originated
1,635000.0,20%-<30%,715000.0,243.0,1,Hispanic or Latino,Joint,25-34,90.0,Loan originated
1,915000.0,43,995000.0,210.0,1,Hispanic or Latino,Male,45-54,93.0,Loan originated
1,455000.0,43,915000.0,123.0,1,Asian,Female,25-34,49.451,Loan originated
1,665000.0,49,705000.0,215.0,1,Hispanic or Latino,Joint,35-44,95.0,Loan originated
1,675000.0,37,895000.0,193.0,1,Asian,Female,35-44,75.36,Loan originated
1,495000.0,48,845000.0,167.0,1,White,Joint,25-34,58.46,Loan originated
1,1045000.0,20%-<30%,1315000.0,442.0,1,White,Male,35-44,80.0,Loan originated
1,585000.0,48,725000.0,259.0,1,Asian,Joint,35-44,80.0,Loan originated
1,405000.0,40,505000.0,118.0,1,White,Joint,25-34,80.0,Loan originated
1,625000.0,44,895000.0,141.0,1,White,Joint,35-44,70.0,Loan originated
1,635000.0,36,845000.0,160.0,1,White,Joint,35-44,74.389,Loan originated
1,935000.0,48,1255000.0,267.0,1,White,Joint,35-44,75.0,Loan originated
1,935000.0,38,1255000.0,788.0,1,Asian,Joint,45-54,75.0,Loan originated
1,1145000.0,49,1345000.0,376.0,1,White,Male,35-44,85.0,Loan originated
1,195000.0,20%-<30%,215000.0,175.0,1,Asian,Male,25-34,90.0,Loan originated
1,295000.0,30%-<36%,375000.0,150.0,1,White,Female,35-44,80.0,Application denied
1,1005000.0,46,3835000.0,250.0,1,Asian,Joint,35-44,26.11,Loan originated
1,325000.0,43,405000.0,131.0,1,White,Male,65-74,80.0,Application denied
1,735000.0,38,935000.0,147.0,1,White,Joint,65-74,79.14,Loan originated
1,765000.0,43,805000.0,167.0,1,White,Female,25-34,95.0,Loan originated
1,705000.0,36,775000.0,216.0,1,Hispanic or Latino,Female,35-44,90.84,Loan originated
1,255000.0,43,795000.0,153.0,1,Asian,Male,45-54,32.0,Loan originated
1,895000.0,45,1125000.0,211.0,1,White,Joint,35-44,80.0,Loan originated
1,755000.0,49,815000.0,138.0,1,Black or African American,Female,45-54,95.8,Loan originated
1,345000.0,39,435000.0,97.0,1,White,Male,25-34,80.0,Loan originated
1,505000.0,45,535000.0,200.0,1,Hispanic or Latino,Joint,35-44,95.0,Loan originated
1,485000.0,46,685000.0,198.0,1,Hispanic or Latino,Joint,45-54,70.93,Loan originated
1,765000.0,38,965000.0,195.0,1,White,Female,35-44,80.0,Loan originated
1,705000.0,48,795000.0,144.0,1,White,Female,35-44,89.0,Loan originated
1,435000.0,50%-60%,465000.0,110.0,1,Hispanic or Latino,Male,25-34,95.0,Application denied
1,845000.0,30%-<36%,1205000.0,318.0,1,Black or African American,Female,35-44,94.896,Loan originated
1,1095000.0,20%-<30%,1825000.0,591.0,1,Asian,Joint,25-34,60.0,Loan originated
1,465000.0,41,515000.0,104.0,1,Hispanic or Latino,Female,35-44,90.0,Loan originated
1,1025000.0,20%-<30%,1465000.0,343.0,1,Asian,Male,25-34,70.0,Loan originated
1,1085000.0,20%-<30%,1905000.0,1133.0,1,Asian,Male,35-44,57.12,Loan originated
1,575000.0,30%-<36%,675000.0,379.0,1,Asian,Joint,35-44,86.0,Loan originated
1,365000.0,41,625000.0,102.0,1,Asian,Female,55-64,58.88,Loan originated
1,505000.0,50%-60%,635000.0,329.0,1,Asian,Male,<25,80.0,Application denied
1,705000.0,48,875000.0,192.0,1,White,Female,35-44,80.0,Loan originated
1,705000.0,48,745000.0,146.0,1,Hispanic or Latino,Joint,45-54,95.0,Loan originated
1,485000.0,49,1005000.0,117.0,1,White,Female,45-54,48.38,Loan originated
1,115000.0,50%-60%,205000.0,82.0,1,White,Female,55-64,53.85,Loan originated
1,645000.0,20%-<30%,685000.0,430.0,1,White,Male,35-44,95.0,Loan originated
1,805000.0,36,1185000.0,302.0,1,Asian,Female,35-44,68.0,Loan originated
1,215000.0,49,245000.0,58.0,1,White,Joint,35-44,86.33,Loan originated
1,725000.0,43,905000.0,165.0,1,Asian,Male,25-34,80.0,Loan originated
1,605000.0,>60%,765000.0,40.0,1,Hispanic or Latino,Male,35-44,80.0,Application denied
1,525000.0,41,615000.0,235.0,1,Hispanic or Latino,Female,45-54,85.0,Loan originated
1,455000.0,30%-<36%,655000.0,140.0,1,Asian,Female,25-34,70.0,Loan originated
1,735000.0,40,915000.0,179.0,1,Hispanic or Latino,Male,55-64,80.0,Loan originated
1,445000.0,49,555000.0,114.0,1,Hispanic or Latino,Male,25-34,80.0,Loan originated
1,545000.0,44,585000.0,154.0,1,Asian,Joint,45-54,93.197,Loan originated
1,475000.0,46,645000.0,110.0,1,White,Female,25-34,74.0,Loan originated
1,435000.0,30%-<36%,535000.0,142.0,1,Hispanic or Latino,Joint,25-34,81.45,Loan originated
1,345000.0,47,465000.0,75.0,1,Asian,Male,35-44,95.0,Loan originated
1,345000.0,47,355000.0,90.0,1,White,Female,45-54,97.0,Loan originated
1,505000.0,47,755000.0,106.0,1,Asian,Joint,55-64,66.667,Loan originated
1,425000.0,30%-<36%,525000.0,180.0,1,Black or African American,Male,25-34,80.0,Loan originated
1,165000.0,45,375000.0,86.0,1,Asian,Joint,45-54,44.0,Loan originated
1,705000.0,20%-<30%,2665000.0,481.0,1,White,Joint,35-44,26.32,Loan originated
1,275000.0,30%-<36%,335000.0,108.0,1,Hispanic or Latino,Female,35-44,80.0,Loan originated
1,355000.0,43,1805000.0,135.0,1,White,Male,55-64,19.44,Loan originated
1,535000.0,40,1035000.0,331.0,1,White,Joint,35-44,51.456,Loan originated
1,1135000.0,39,2215000.0,267.0,1,Hispanic or Latino,Female,45-54,51.25,Loan originated
1,525000.0,46,545000.0,128.0,1,Hispanic or Latino,Female,35-44,98.0,Loan originated
1,305000.0,50%-60%,505000.0,66.0,1,Hispanic or Latino,Male,55-64,60.0,Loan originated
1,255000.0,48,965000.0,75.0,1,Asian,Female,<25,26.0,Loan originated
1,645000.0,40,815000.0,230.0,1,Asian,Male,35-44,80.0,Loan originated
1,685000.0,47,855000.0,192.0,1,Asian,Male,35-44,80.0,Loan originated
1,725000.0,47,805000.0,157.0,1,Asian,Male,25-34,90.0,Loan originated
1,685000.0,20%-<30%,865000.0,249.0,1,Asian,Male,25-34,80.0,Loan originated
1,455000.0,41,475000.0,166.0,1,Hispanic or Latino,Female,35-44,95.0,Loan originated
1,745000.0,48,785000.0,182.0,1,White,Joint,25-34,94.87,Loan originated
1,235000.0,48,725000.0,118.0,1,White,Female,35-44,33.0,Loan originated
1,485000.0,48,515000.0,111.0,1,Hispanic or Latino,Male,25-34,95.0,Loan originated
1,1005000.0,40,1065000.0,275.0,1,Asian,Male,35-44,93.9,Loan originated
1,255000.0,38,285000.0,122.0,1,Hispanic or Latino,Female,45-54,90.54,Loan originated
1,365000.0,49,385000.0,84.0,1,Hispanic or Latino,Male,55-64,95.0,Loan originated
1,445000.0,<20%,575000.0,277.0,1,Hispanic or Latino,Male,25-34,80.0,Loan originated
1,205000.0,49,295000.0,61.0,1,Hispanic or Latino,Male,45-54,70.0,Loan originated
1,275000.0,37,285000.0,36.0,1,Hispanic or Latino,Male,35-44,96.43,Application denied
1,345000.0,49,675000.0,72.0,1,White,Female,35-44,51.111,Loan originated
1,395000.0,49,415000.0,183.0,1,White,Female,55-64,95.0,Loan originated
1,445000.0,37,795000.0,123.0,1,White,Joint,35-44,55.69,Loan originated
1,425000.0,30%-<36%,535000.0,192.0,1,Hispanic or Latino,Joint,25-34,80.0,Loan originated
1,765000.0,47,1025000.0,161.0,1,Hispanic or Latino,Male,45-54,75.0,Loan originated
1,445000.0,48,455000.0,91.0,1,Hispanic or Latino,Female,35-44,97.0,Loan originated
1,275000.0,39,285000.0,81.0,1,White,Female,<25,97.0,Loan originated
1,1085000.0,30%-<36%,1555000.0,325.0,1,Black or African American,Male,45-54,70.0,Loan originated
1,355000.0,20%-<30%,445000.0,193.0,1,Hispanic or Latino,Male,35-44,80.0,Loan originated
1,515000.0,42,645000.0,127.0,1,Hispanic or Latino,Joint,45-54,80.0,Loan originated
1,245000.0,42,245000.0,62.0,1,Black or African American,Female,>74,100.0,Loan originated
1,505000.0,45,625000.0,149.0,1,White,Female,45-54,80.0,Loan originated
1,655000.0,20%-<30%,865000.0,310.0,1,Asian,Male,65-74,75.0,Loan originated
1,135000.0,<20%,595000.0,127.0,1,White,Joint,>74,22.689,Loan originated
1,275000.0,30%-<36%,365000.0,94.0,1,White,Joint,65-74,75.0,Loan originated
1,455000.0,40,475000.0,145.0,1,Hispanic or Latino,Male,35-44,95.0,Loan originated
1,855000.0,41,945000.0,197.0,1,Asian,Male,25-34,89.99,Loan originated
1,205000.0,42,505000.0,63.0,1,White,Male,45-54,40.0,Loan originated
1,625000.0,48,785000.0,200.0,1,Asian,Joint,45-54,80.0,Loan originated
1,205000.0,20%-<30%,275000.0,81.0,1,Hispanic or Latino,Joint,55-64,95.0,Loan originated
1,925000.0,43,1155000.0,243.0,1,Asian,Joint,35-44,80.0,Loan originated
1,365000.0,46,465000.0,107.0,1,Hispanic or Latino,Female,55-64,78.308,Loan originated
1,455000.0,49,505000.0,143.0,1,White,Male,55-64,90.0,Loan originated
1,355000.0,44,375000.0,171.0,1,White,Joint,55-64,95.0,Loan originated
1,565000.0,43,825000.0,143.0,1,White,Male,35-44,69.233,Loan originated
1,765000.0,40,955000.0,336.0,1,White,Joint,35-44,80.0,Loan originated
1,285000.0,37,555000.0,80.0,1,White,Male,25-34,51.02,Loan originated
1,275000.0,20%-<30%,675000.0,144.0,1,White,Male,65-74,40.0,Loan originated
1,605000.0,20%-<30%,925000.0,233.0,1,Asian,Female,25-34,65.0,Loan originated
1,435000.0,30%-<36%,545000.0,187.0,1,Hispanic or Latino,Male,45-54,80.0,Loan originated
1,215000.0,20%-<30%,515000.0,248.0,1,Asian,Joint,25-34,41.748,Loan originated
1,595000.0,44,595000.0,132.0,1,Hispanic or Latino,Male,25-34,100.0,Application denied
1,305000.0,40,425000.0,102.0,1,White,Male,45-54,70.589,Loan originated
1,485000.0,30%-<36%,645000.0,202.0,1,Other,Male,<25,75.0,Loan originated
1,745000.0,<20%,925000.0,2739.0,1,Asian,Joint,35-44,80.0,Loan originated
1,525000.0,37,595000.0,130.0,1,White,Joint,<25,87.995,Loan originated
1,645000.0,48,675000.0,223.0,1,Hispanic or Latino,Male,35-44,95.0,Loan originated
1,275000.0,44,325000.0,67.0,1,White,Male,35-44,85.0,Loan originated
1,415000.0,30%-<36%,425000.0,145.0,1,Black or African American,Joint,25-34,96.5,Loan originated
1,415000.0,44,745000.0,130.0,1,Asian,Female,25-34,55.94,Loan originated
1,465000.0,30%-<36%,525000.0,302.0,1,White,Female,25-34,90.0,Loan originated
1,85000.0,44,95000.0,50.0,1,Hispanic or Latino,Male,<25,96.74,Application denied
1,555000.0,20%-<30%,885000.0,473.0,1,Hispanic or Latino,Male,45-54,63.167,Loan originated
1,475000.0,38,525000.0,153.0,1,Hispanic or Latino,Female,45-54,90.0,Loan originated
1,415000.0,40,695000.0,123.0,1,Asian,Joint,25-34,59.216,Loan originated
1,705000.0,30%-<36%,1655000.0,355.0,1,White,Joint,35-44,42.586,Loan originated
1,205000.0,49,685000.0,77.0,1,White,Female,45-54,29.41,Loan originated
1,245000.0,20%-<30%,465000.0,157.0,1,Hispanic or Latino,Female,45-54,53.478,Loan originated
1,325000.0,48,1255000.0,139.0,1,Asian,Female,25-34,25.66,Loan originated
1,445000.0,>60%,465000.0,92.0,1,Hispanic or Latino,Male,45-54,99.72,Application denied
1,545000.0,40,615000.0,126.0,1,Asian,Female,35-44,89.993,Loan originated
1,765000.0,48,1215000.0,174.0,1,White,Male,35-44,62.993,Loan originated
1,1005000.0,30%-<36%,2085000.0,475.0,1,Asian,Joint,45-54,48.08,Loan originated
1,355000.0,42,415000.0,111.0,1,Hispanic or Latino,Joint,25-34,104.67,Loan originated
1,215000.0,45,255000.0,56.0,1,Hispanic or Latino,Male,25-34,89.902,Loan originated
1,425000.0,37,1045000.0,147.0,1,Asian,Male,25-34,40.883,Loan originated
1,385000.0,49,435000.0,83.0,1,White,Male,25-34,89.54,Loan originated
1,755000.0,20%-<30%,1015000.0,300.0,1,White,Female,55-64,73.71,Loan originated
1,665000.0,42,825000.0,205.0,1,White,Male,45-54,80.0,Loan originated
1,705000.0,20%-<30%,1105000.0,455.0,1,Asian,Joint,45-54,64.0,Loan originated
1,625000.0,42,655000.0,182.0,1,White,Joint,55-64,95.0,Loan originated
1,445000.0,49,575000.0,89.0,1,Asian,Female,<25,76.522,Loan originated
1,595000.0,40,615000.0,148.0,1,White,Joint,25-34,100.0,Loan originated
1,305000.0,50%-60%,475000.0,65.0,1,Hispanic or Latino,Female,35-44,63.83,Application denied
1,755000.0,48,935000.0,250.0,1,Asian,Male,35-44,80.0,Loan originated
1,115000.0,44,225000.0,58.0,1,Black or African American,Female,25-34,50.0,Loan originated
1,765000.0,43,805000.0,330.0,1,White,Male,55-64,95.0,Loan originated
1,405000.0,44,665000.0,120.0,1,White,Joint,55-64,61.5,Loan originated
1,405000.0,36,505000.0,207.0,1,White,Joint,65-74,80.0,Loan originated
1,925000.0,20%-<30%,1235000.0,567.0,1,White,Male,25-34,75.0,Loan originated
1,595000.0,44,635000.0,143.0,1,Hispanic or Latino,Male,35-44,95.0,Loan originated
1,875000.0,45,1095000.0,194.0,1,White,Joint,35-44,80.0,Loan originated
1,605000.0,37,755000.0,228.0,1,White,Joint,35-44,80.0,Loan originated
1,1005000.0,37,1145000.0,332.0,1,White,Joint,35-44,87.72,Loan originated
1,405000.0,30%-<36%,505000.0,110.0,1,White,Female,25-34,80.0,Loan originated
1,535000.0,43,615000.0,151.0,1,White,Joint,55-64,87.705,Loan originated
1,955000.0,20%-<30%,1275000.0,370.0,1,White,Male,25-34,74.803,Loan originated
1,475000.0,<20%,965000.0,287.0,1,White,Joint,55-64,49.453,Loan originated
1,1035000.0,20%-<30%,1155000.0,379.0,1,Asian,Joint,25-34,89.9,Loan originated
1,345000.0,44,445000.0,124.0,1,White,Joint,65-74,76.86,Loan originated
1,1145000.0,42,1855000.0,323.0,1,White,Male,35-44,61.868,Loan originated
1,845000.0,42,1055000.0,203.0,1,White,Female,35-44,80.0,Loan originated
1,265000.0,>60%,265000.0,36.0,1,White,Male,<25,97.0,Application denied
1,205000.0,44,345000.0,69.0,1,Hispanic or Latino,Joint,<25,59.42,Application denied
1,385000.0,40,415000.0,196.0,1,Hispanic or Latino,Male,35-44,95.0,Loan originated
1,855000.0,42,3105000.0,471.0,1,White,Joint,55-64,27.419,Loan originated
1,365000.0,41,385000.0,157.0,1,Asian,Joint,55-64,98.0,Loan originated
1,175000.0,44,575000.0,105.0,1,White,Male,55-64,30.435,Loan originated
1,435000.0,45,545000.0,215.0,1,White,Joint,25-34,80.0,Loan originated
1,595000.0,43,635000.0,243.0,1,Black or African American,Joint,55-64,95.0,Loan originated
1,295000.0,43,315000.0,84.0,1,White,Male,25-34,95.0,Loan originated
1,605000.0,46,715000.0,147.0,1,Hispanic or Latino,Joint,25-34,85.0,Loan originated
1,475000.0,47,635000.0,112.0,1,White,Male,35-44,74.975,Loan originated
1,625000.0,36,895000.0,187.0,1,White,Female,55-64,70.0,Loan originated
1,565000.0,45,875000.0,215.0,1,Asian,Female,35-44,65.0,Loan originated
1,545000.0,38,575000.0,145.0,1,Hispanic or Latino,Joint,35-44,95.0,Loan originated
1,885000.0,20%-<30%,1105000.0,417.0,1,White,Male,25-34,80.0,Loan originated
1,1005000.0,48,1295000.0,276.0,1,White,Male,65-74,77.683,Loan originated
1,905000.0,48,1405000.0,298.0,1,Asian,Male,<25,64.29,Loan originated
1,1145000.0,30%-<36%,1825000.0,620.0,1,White,Male,35-44,89.99,Loan originated
1,425000.0,40,715000.0,211.0,1,White,Joint,>74,60.0,Loan originated
1,25000.0,<20%,665000.0,143.0,1,Hispanic or Latino,Male,25-34,3.0,Loan originated
1,405000.0,49,675000.0,95.0,1,Asian,Male,55-64,59.9,Loan originated
1,465000.0,41,675000.0,116.0,1,Asian,Joint,25-34,70.0,Loan originated
1,405000.0,44,505000.0,82.0,1,Asian,Joint,25-34,80.0,Loan originated
1,675000.0,37,705000.0,179.0,1,White,Joint,25-34,95.0,Loan originated
1,145000.0,>60%,155000.0,44.0,1,Hispanic or Latino,Joint,45-54,94.4,Application denied
1,905000.0,37,1305000.0,263.0,1,White,Joint,45-54,69.231,Loan originated
1,355000.0,38,595000.0,139.0,1,White,Female,55-64,59.966,Loan originated
1,405000.0,45,665000.0,94.0,1,White,Male,35-44,60.15,Loan originated
1,245000.0,20%-<30%,445000.0,172.0,1,Asian,Joint,25-34,55.0,Loan originated
1,445000.0,42,845000.0,137.0,1,Asian,Female,35-44,52.381,Loan originated
1,965000.0,20%-<30%,1385000.0,849.0,1,White,Joint,<25,70.0,Loan originated
1,255000.0,30%-<36%,575000.0,135.0,1,Asian,Joint,55-64,43.48,Loan originated
1,475000.0,47,595000.0,171.0,1,White,Joint,45-54,80.0,Loan originated
1,745000.0,49,785000.0,224.0,1,White,Female,35-44,95.0,Loan originated
1,475000.0,39,595000.0,156.0,1,White,Male,35-44,80.0,Loan originated
1,1075000.0,37,1345000.0,279.0,1,Asian,Joint,45-54,80.0,Loan originated
1,295000.0,36,355000.0,220.0,1,Black or African American,Joint,65-74,85.0,Loan originated
1,605000.0,40,875000.0,169.0,1,White,Joint,35-44,68.966,Loan originated
1,385000.0,30%-<36%,605000.0,147.0,1,White,Joint,>74,62.81,Loan originated
1,305000.0,<20%,1005000.0,217.0,1,White,Joint,65-74,30.0,Loan originated
1,475000.0,30%-<36%,525000.0,318.0,1,White,Joint,25-34,90.0,Loan originated
1,675000.0,36,745000.0,323.0,1,Hispanic or Latino,Male,45-54,89.99,Loan originated
1,715000.0,49,905000.0,164.0,1,Asian,Joint,35-44,79.01,Loan originated
1,725000.0,20%-<30%,955000.0,363.0,1,White,Male,25-34,80.0,Loan originated
1,1065000.0,46,1425000.0,240.0,1,Black or African American,Male,25-34,75.0,Loan originated
1,1015000.0,38,1265000.0,299.0,1,Hispanic or Latino,Joint,25-34,80.0,Loan originated
1,765000.0,42,825000.0,222.0,1,White,Female,25-34,93.37,Loan originated
1,595000.0,44,635000.0,185.0,1,White,Male,45-54,95.0,Loan originated
1,1085000.0,49,1765000.0,234.0,1,White,Female,45-54,61.7,Loan originated
1,165000.0,<20%,1425000.0,253.0,1,Asian,Joint,35-44,11.268,Loan originated
1,765000.0,43,1065000.0,180.0,1,Other,Female,55-64,72.31,Application denied
1,915000.0,40,1145000.0,256.0,1,White,Male,35-44,80.0,Loan originated
1,375000.0,30%-<36%,395000.0,236.0,1,Hispanic or Latino,Joint,35-44,95.0,Loan originated
1,615000.0,48,655000.0,262.0,1,Hispanic or Latino,Joint,35-44,95.0,Loan originated
1,765000.0,20%-<30%,955000.0,630.0,1,Asian,Joint,45-54,80.0,Loan originated
1,565000.0,48,705000.0,133.0,1,White,Joint,25-34,80.0,Loan originated
1,735000.0,41,915000.0,193.0,1,Black or African American,Male,35-44,80.0,Loan originated
1,475000.0,20%-<30%,595000.0,210.0,1,White,Joint,55-64,80.0,Loan originated
1,395000.0,37,505000.0,285.0,1,Hispanic or Latino,Female,55-64,79.0,Loan originated
1,385000.0,45,485000.0,105.0,1,Asian,Male,25-34,80.0,Loan originated
1,175000.0,30%-<36%,385000.0,84.0,1,White,Male,>74,47.026,Loan originated
1,745000.0,44,925000.0,155.0,1,Asian,Male,25-34,80.0,Loan originated
1,115000.0,20%-<30%,265000.0,65.0,1,White,Female,65-74,42.31,Loan originated
1,575000.0,30%-<36%,725000.0,201.0,1,White,Joint,35-44,80.0,Loan originated
1,535000.0,40,675000.0,209.0,1,White,Joint,45-54,79.056,Loan originated
1,435000.0,41,485000.0,100.0,1,Hispanic or Latino,Female,35-44,90.0,Loan originated
1,995000.0,36,1245000.0,300.0,1,White,Male,35-44,80.0,Loan originated
1,545000.0,45,685000.0,135.0,1,Asian,Male,25-34,80.0,Loan originated
1,705000.0,48,795000.0,150.0,1,Asian,Male,35-44,87.829,Loan originated
1,495000.0,<20%,615000.0,330.0,1,White,Female,35-44,80.0,Loan originated
1,335000.0,20%-<30%,485000.0,133.0,1,Hispanic or Latino,Female,45-54,68.763,Loan originated
1,435000.0,30%-<36%,485000.0,127.0,1,White,Joint,25-34,89.99,Loan originated
1,925000.0,30%-<36%,1155000.0,245.0,1,White,Female,45-54,80.0,Loan originated
1,475000.0,43,595000.0,151.0,1,White,Male,35-44,80.0,Loan originated
1,395000.0,44,495000.0,129.0,1,Black or African American,Male,45-54,100.0,Loan originated
1,305000.0,20%-<30%,375000.0,132.0,1,White,Joint,35-44,80.0,Loan originated
1,375000.0,43,385000.0,148.0,1,White,Male,35-44,102.91,Loan originated
1,535000.0,45,695000.0,255.0,1,Hispanic or Latino,Joint,45-54,77.001,Loan originated
1,755000.0,42,1645000.0,485.0,1,White,Joint,45-54,45.71,Loan originated
1,855000.0,48,1425000.0,180.0,1,Asian,Male,55-64,59.65,Loan originated
1,305000.0,47,455000.0,106.0,1,Hispanic or Latino,Joint,25-34,66.667,Loan originated
1,715000.0,20%-<30%,1315000.0,263.0,1,White,Female,45-54,54.373,Loan originated
1,555000.0,49,755000.0,140.0,1,White,Joint,25-34,73.58,Loan originated
1,805000.0,43,1165000.0,177.0,1,White,Joint,45-54,68.67,Loan originated
1,1145000.0,40,1755000.0,306.0,1,White,Joint,35-44,66.0,Loan originated
1,495000.0,44,525000.0,134.0,1,White,Joint,55-64,95.0,Loan originated
1,615000.0,49,655000.0,169.0,1,Black or African American,Female,45-54,95.0,Loan originated
1,825000.0,43,1025000.0,200.0,1,White,Female,35-44,80.0,Loan originated
1,1125000.0,44,1505000.0,425.0,1,Asian,Joint,25-34,75.0,Loan originated
1,515000.0,41,555000.0,206.0,1,White,Female,25-34,92.727,Loan originated
1,305000.0,30%-<36%,1095000.0,146.0,1,White,Joint,>74,28.0,Loan originated
1,325000.0,45,645000.0,77.0,1,Hispanic or Latino,Joint,55-64,50.0,Loan originated
1,695000.0,48,875000.0,243.0,1,White,Joint,35-44,80.0,Loan originated
1,485000.0,37,935000.0,167.0,1,Hispanic or Latino,Female,25-34,51.444,Loan originated
1,565000.0,20%-<30%,845000.0,290.0,1,White,Joint,55-64,66.58,Loan originated
1,475000.0,47,535000.0,104.0,1,Hispanic or Latino,Male,25-34,89.99,Loan originated
1,1225000.0,20%-<30%,2455000.0,473.0,1,White,Joint,45-54,50.0,Loan originated
1,765000.0,30%-<36%,1145000.0,261.0,1,White,Joint,25-34,66.684,Loan originated
1,695000.0,42,825000.0,186.0,1,Asian,Male,25-34,85.0,Loan originated
1,1565000.0,30%-<36%,1955000.0,423.0,1,White,Male,25-34,80.0,Loan originated
1,635000.0,46,655000.0,143.0,1,Hispanic or Latino,Joint,<25,99.274,Application denied
1,485000.0,37,1135000.0,124.0,1,White,Female,45-54,43.084,Loan originated
1,555000.0,48,805000.0,134.0,1,White,Joint,45-54,69.101,Loan originated
1,445000.0,47,565000.0,135.0,1,Hispanic or Latino,Joint,25-34,80.0,Loan originated
1,125000.0,42,125000.0,140.0,1,White,Joint,55-64,95.0,Loan originated
1,305000.0,45,615000.0,90.0,1,Hispanic or Latino,Joint,55-64,50.0,Loan originated
1,355000.0,47,415000.0,121.0,1,Asian,Joint,35-44,104.693,Loan originated
1,445000.0,47,695000.0,141.0,1,Hispanic or Latino,Male,45-54,63.768,Loan originated
1,765000.0,30%-<36%,855000.0,464.0,1,White,Joint,35-44,90.0,Loan originated
1,295000.0,39,695000.0,94.0,1,Asian,Joint,55-64,42.279,Loan originated
1,665000.0,44,875000.0,190.0,1,Asian,Male,25-34,77.0,Loan originated
1,1005000.0,42,2065000.0,259.0,1,White,Joint,55-64,48.497,Loan originated
1,895000.0,20%-<30%,1125000.0,386.0,1,Asian,Male,35-44,80.0,Loan originated
1,525000.0,43,585000.0,150.0,1,Hispanic or Latino,Male,25-34,90.0,Loan originated
1,765000.0,47,845000.0,157.0,1,Hispanic or Latino,Joint,45-54,90.0,Loan originated
1,425000.0,30%-<36%,1075000.0,316.0,1,White,Joint,55-64,39.07,Loan originated
1,525000.0,20%-<30%,645000.0,317.0,1,Asian,Joint,45-54,80.001,Loan originated
1,395000.0,30%-<36%,495000.0,251.0,1,Asian,Joint,35-44,80.0,Loan originated
1,805000.0,42,2585000.0,356.0,1,White,Joint,55-64,30.948,Loan originated
1,895000.0,49,965000.0,244.0,1,Asian,Joint,<25,93.0,Loan originated
1,1065000.0,20%-<30%,1525000.0,697.0,1,Asian,Joint,35-44,70.0,Loan originated
1,655000.0,43,695000.0,244.0,1,Other,Joint,25-34,95.0,Loan originated
1,1145000.0,47,1665000.0,248.0,1,Asian,Joint,35-44,69.265,Loan originated
1,375000.0,20%-<30%,475000.0,161.0,1,White,Joint,55-64,80.0,Loan originated
1,325000.0,30%-<36%,1075000.0,140.0,1,Asian,Male,35-44,30.49,Loan originated
1,505000.0,49,675000.0,182.0,1,White,Female,25-34,75.0,Loan originated
1,825000.0,20%-<30%,1175000.0,357.0,1,Asian,Joint,25-34,70.085,Loan originated
1,355000.0,45,595000.0,113.0,1,White,Female,>74,58.72,Loan originated
1,825000.0,36,1035000.0,243.0,1,Asian,Joint,25-34,79.903,Loan originated
1,1055000.0,44,1505000.0,315.0,1,White,Joint,35-44,70.0,Loan originated
1,165000.0,39,385000.0,58.0,1,Hispanic or Latino,Female,25-34,91.351,Loan originated
1,995000.0,48,1355000.0,200.0,1,Asian,Female,65-74,74.0,Loan originated
1,145000.0,36,155000.0,112.0,1,Hispanic or Latino,Male,25-34,93.33,Application denied
1,695000.0,47,1535000.0,171.0,1,Asian,Female,25-34,45.249,Loan originated
1,535000.0,30%-<36%,665000.0,190.0,1,White,Joint,25-34,80.0,Loan originated
1,755000.0,20%-<30%,1455000.0,371.0,1,White,Male,55-64,51.724,Loan originated
1,565000.0,50%-60%,705000.0,192.0,1,White,Male,35-44,80.0,Loan originated
1,555000.0,42,755000.0,90.0,1,White,Joint,25-34,73.775,Loan originated
1,445000.0,46,765000.0,139.0,1,Hispanic or Latino,Female,45-54,80.0,Loan originated
1,445000.0,49,465000.0,94.0,1,Hispanic or Latino,Male,35-44,95.0,Loan originated
1,1055000.0,30%-<36%,1655000.0,388.0,1,White,Male,55-64,63.444,Loan originated
1,375000.0,40,395000.0,81.0,1,Hispanic or Latino,Joint,65-74,95.0,Loan originated
1,715000.0,36,795000.0,194.0,1,Asian,Male,25-34,90.0,Loan originated
1,495000.0,47,555000.0,112.0,1,Asian,Female,25-34,93.0,Loan originated
1,485000.0,30%-<36%,545000.0,277.0,1,Hispanic or Latino,Male,25-34,88.89,Loan originated
1,745000.0,44,1395000.0,256.0,1,White,Joint,>74,53.47,Loan originated
1,725000.0,40,1045000.0,190.0,1,Asian,Joint,35-44,70.0,Loan originated
1,635000.0,46,675000.0,181.0,1,White,Joint,65-74,95.0,Loan originated
1,545000.0,49,575000.0,228.0,1,Asian,Female,65-74,95.0,Loan originated
1,555000.0,41,705000.0,205.0,1,White,Joint,65-74,80.0,Loan originated
1,425000.0,43,475000.0,125.0,1,Hispanic or Latino,Female,25-34,90.0,Loan originated
1,295000.0,44,495000.0,82.0,1,White,Joint,55-64,59.992,Loan originated
1,175000.0,49,195000.0,85.0,1,Hispanic or Latino,Female,45-54,89.63,Loan originated
1,515000.0,44,685000.0,131.0,1,White,Joint,25-34,75.0,Loan originated
1,465000.0,46,625000.0,99.0,1,Asian,Female,35-44,95.0,Loan originated
1,385000.0,44,455000.0,75.0,1,Hispanic or Latino,Male,25-34,85.0,Loan originated
1,705000.0,38,785000.0,167.0,1,Asian,Male,25-34,90.0,Loan originated
1,375000.0,20%-<30%,555000.0,222.0,1,White,Female,25-34,69.0,Loan originated
1,785000.0,30%-<36%,1485000.0,317.0,1,Asian,Joint,25-34,52.862,Loan originated
1,245000.0,49,275000.0,89.0,1,Hispanic or Latino,Male,45-54,90.0,Loan originated
1,345000.0,46,845000.0,94.0,1,White,Female,65-74,41.152,Loan originated
1,345000.0,20%-<30%,825000.0,293.0,1,Asian,Joint,55-64,42.073,Loan originated
1,525000.0,46,555000.0,154.0,1,Hispanic or Latino,Joint,25-34,95.0,Loan originated
1,595000.0,<20%,745000.0,414.0,1,White,Male,35-44,80.0,Loan originated
1,495000.0,30%-<36%,955000.0,648.0,1,Hispanic or Latino,Female,35-44,70.0,Loan originated
1,445000.0,43,465000.0,106.0,1,Black or African American,Joint,35-44,100.0,Loan originated
1,395000.0,47,415000.0,87.0,1,Hispanic or Latino,Male,55-64,100.0,Loan originated
1,275000.0,49,345000.0,77.0,1,White,Female,25-34,80.0,Loan originated
1,545000.0,41,685000.0,202.0,1,Asian,Female,35-44,80.0,Loan originated
1,1125000.0,20%-<30%,2005000.0,497.0,1,White,Joint,25-34,56.25,Loan originated
1,515000.0,46,595000.0,134.0,1,Hispanic or Latino,Joint,45-54,87.28,Loan originated
1,415000.0,20%-<30%,525000.0,176.0,1,White,Joint,55-64,80.0,Loan originated
1,755000.0,38,885000.0,236.0,1,White,Male,55-64,85.03,Loan originated
1,1145000.0,20%-<30%,1435000.0,562.0,1,White,Joint,35-44,80.0,Loan originated
1,655000.0,46,1305000.0,157.0,1,White,Female,55-64,50.0,Loan originated
1,505000.0,30%-<36%,955000.0,197.0,1,Asian,Joint,25-34,52.6,Loan originated
1,255000.0,37,975000.0,105.0,1,Asian,Male,25-34,26.154,Loan originated
1,945000.0,42,1265000.0,237.0,1,White,Joint,35-44,74.917,Loan originated
1,465000.0,49,875000.0,108.0,1,Asian,Joint,45-54,53.0,Loan originated
1,405000.0,41,435000.0,123.0,1,Hispanic or Latino,Joint,25-34,103.92,Loan originated
1,535000.0,44,805000.0,120.0,1,White,Joint,45-54,66.25,Loan originated
1,905000.0,45,1205000.0,282.0,1,White,Male,35-44,90.0,Loan originated
1,675000.0,37,745000.0,265.0,1,Asian,Joint,35-44,90.0,Loan originated
1,755000.0,20%-<30%,945000.0,290.0,1,Asian,Joint,35-44,80.0,Loan originated
1,395000.0,49,495000.0,94.0,1,Hispanic or Latino,Male,35-44,80.0,Loan originated
1,1105000.0,37,2605000.0,345.0,1,Asian,Joint,35-44,42.31,Loan originated
1,1055000.0,46,1415000.0,259.0,1,Asian,Joint,35-44,75.0,Loan originated
1,715000.0,43,755000.0,233.0,1,Hispanic or Latino,Male,25-34,95.0,Loan originated
1,505000.0,20%-<30%,635000.0,270.0,1,Hispanic or Latino,Female,25-34,80.0,Loan originated
1,445000.0,37,495000.0,125.0,1,White,Joint,25-34,90.0,Loan originated
1,1055000.0,49,1505000.0,297.0,1,White,Joint,35-44,70.0,Loan originated
1,405000.0,44,545000.0,203.0,1,White,Joint,65-74,75.0,Loan originated
1,505000.0,49,745000.0,111.0,1,Hispanic or Latino,Joint,45-54,83.5,Loan originated
1,685000.0,49,765000.0,158.0,1,Hispanic or Latino,Joint,25-34,90.0,Loan originated
1,475000.0,40,555000.0,110.0,1,Asian,Male,45-54,85.0,Loan originated
1,545000.0,44,575000.0,126.0,1,Hispanic or Latino,Male,25-34,94.91,Loan originated
1,385000.0,41,555000.0,138.0,1,Asian,Female,45-54,70.0,Loan originated
1,935000.0,44,985000.0,289.0,1,White,Joint,<25,95.0,Loan originated
1,545000.0,45,575000.0,161.0,1,White,Female,45-54,95.0,Loan originated
1,495000.0,50%-60%,705000.0,152.0,1,Asian,Joint,35-44,70.0,Application denied
1,455000.0,41,545000.0,105.0,1,Asian,Male,25-34,81.97,Loan originated
1,555000.0,48,585000.0,138.0,1,Hispanic or Latino,Female,35-44,95.0,Loan originated
1,115000.0,30%-<36%,125000.0,46.0,1,White,Male,55-64,97.0,Application denied
1,655000.0,39,725000.0,195.0,1,White,Female,25-34,90.0,Loan originated
1,375000.0,37,755000.0,141.0,1,Hispanic or Latino,Male,25-34,50.0,Loan originated
1,305000.0,48,835000.0,89.0,1,Asian,Female,45-54,36.145,Loan originated
1,505000.0,37,555000.0,135.0,1,Asian,Female,35-44,90.0,Loan originated
1,335000.0,47,425000.0,70.0,1,Hispanic or Latino,Male,65-74,80.0,Loan originated
1,335000.0,49,555000.0,73.0,1,Asian,Joint,45-54,59.68,Loan originated
1,605000.0,46,755000.0,156.0,1,White,Male,25-34,80.0,Loan originated
1,925000.0,46,1155000.0,278.0,1,White,Male,45-54,80.0,Loan originated
1,345000.0,50%-60%,405000.0,193.0,1,Hispanic or Latino,Male,55-64,83.75,Application denied
1,275000.0,47,545000.0,74.0,1,Hispanic or Latino,Male,25-34,50.0,Loan originated
1,765000.0,49,825000.0,245.0,1,White,Joint,25-34,92.683,Loan originated
1,315000.0,37,555000.0,86.0,1,White,Female,45-54,56.36,Loan originated
1,1145000.0,49,1675000.0,259.0,1,Asian,Female,35-44,68.358,Loan originated
1,765000.0,20%-<30%,1215000.0,604.0,1,Asian,Joint,35-44,63.195,Loan originated
1,185000.0,47,195000.0,44.0,1,Asian,Female,35-44,97.0,Loan originated
1,545000.0,46,575000.0,135.0,1,Hispanic or Latino,Joint,25-34,95.0,Loan originated
1,425000.0,47,475000.0,130.0,1,Hispanic or Latino,Joint,35-44,89.552,Loan originated
1,235000.0,20%-<30%,555000.0,125.0,1,Asian,Male,45-54,41.81,Loan originated
1,565000.0,43,1065000.0,142.0,1,Asian,Joint,35-44,54.37,Loan originated
1,1125000.0,48,1505000.0,386.0,1,Asian,Joint,25-34,89.97,Loan originated
1,575000.0,43,825000.0,167.0,1,White,Male,35-44,69.99,Loan originated
1,905000.0,46,1125000.0,268.0,1,White,Male,65-74,80.0,Loan originated
1,475000.0,43,845000.0,111.0,1,Asian,Female,45-54,55.952,Loan originated
1,865000.0,44,1085000.0,484.0,1,Asian,Joint,35-44,80.0,Loan originated
1,445000.0,45,635000.0,137.0,1,White,Joint,35-44,69.291,Loan originated
1,255000.0,20%-<30%,855000.0,166.0,1,Asian,Male,35-44,29.412,Loan originated
1,595000.0,48,635000.0,121.0,1,Hispanic or Latino,Joint,25-34,95.0,Loan originated
1,105000.0,30%-<36%,855000.0,77.0,1,White,Female,25-34,11.76,Loan originated
1,205000.0,20%-<30%,895000.0,131.0,1,White,Joint,25-34,22.346,Loan originated
1,665000.0,46,705000.0,150.0,1,Asian,Female,25-34,95.0,Loan originated
1,475000.0,30%-<36%,835000.0,180.0,1,White,Joint,35-44,56.89,Loan originated
1,435000.0,40,695000.0,130.0,1,White,Female,25-34,62.8,Loan originated
1,305000.0,47,375000.0,320.0,1,White,Joint,55-64,80.0,Loan originated
1,255000.0,49,275000.0,95.0,1,Hispanic or Latino,Male,55-64,93.519,Loan originated
1,225000.0,30%-<36%,325000.0,202.0,1,Asian,Joint,35-44,68.75,Loan originated
1,645000.0,47,685000.0,221.0,1,White,Joint,35-44,95.0,Loan originated
1,415000.0,20%-<30%,555000.0,402.0,1,Asian,Joint,35-44,75.0,Loan originated
1,325000.0,44,645000.0,102.0,1,White,Male,45-54,50.0,Loan originated
1,365000.0,48,455000.0,80.0,1,Hispanic or Latino,Female,35-44,80.0,Loan originated
1,465000.0,49,615000.0,94.0,1,Asian,Joint,35-44,95.0,Loan originated
1,685000.0,44,855000.0,167.0,1,White,Joint,<25,80.0,Loan originated
1,565000.0,44,585000.0,144.0,1,Hispanic or Latino,Female,25-34,97.0,Loan originated
1,685000.0,44,915000.0,201.0,1,Asian,Female,35-44,75.0,Loan originated
1,395000.0,44,495000.0,171.0,1,White,Male,55-64,79.798,Loan originated
1,535000.0,36,665000.0,182.0,1,White,Male,25-34,80.0,Loan originated
1,415000.0,49,465000.0,96.0,1,Hispanic or Latino,Female,25-34,88.273,Loan originated
1,765000.0,49,985000.0,254.0,1,Asian,Male,35-44,77.45,Loan originated
1,735000.0,42,925000.0,210.0,1,Asian,Joint,25-34,80.0,Loan originated
1,115000.0,20%-<30%,265000.0,83.0,1,White,Joint,65-74,40.82,Loan originated
1,1025000.0,44,1205000.0,239.0,1,White,Male,45-54,85.0,Loan originated
1,805000.0,39,845000.0,203.0,1,Hispanic or Latino,Joint,35-44,94.941,Loan originated
1,335000.0,47,725000.0,94.0,1,Hispanic or Latino,Joint,35-44,88.63,Application denied
1,815000.0,20%-<30%,1205000.0,293.0,1,Asian,Joint,45-54,67.5,Application denied
1,695000.0,20%-<30%,805000.0,264.0,1,White,Female,35-44,86.34,Loan originated
1,545000.0,45,605000.0,106.0,1,Hispanic or Latino,Male,<25,90.0,Loan originated
1,655000.0,36,695000.0,227.0,1,White,Joint,>74,95.0,Loan originated
1,595000.0,49,635000.0,175.0,1,White,Joint,65-74,95.0,Loan originated
1,235000.0,37,345000.0,83.0,1,White,Joint,35-44,69.99,Loan originated
1,855000.0,49,1775000.0,220.0,1,White,Joint,45-54,47.887,Loan originated
1,545000.0,47,825000.0,146.0,1,Asian,Male,35-44,65.361,Loan originated
1,275000.0,47,305000.0,75.0,1,White,Male,55-64,90.0,Loan originated
1,405000.0,20%-<30%,965000.0,404.0,1,Asian,Joint,35-44,41.451,Loan originated
1,405000.0,30%-<36%,625000.0,290.0,1,Asian,Female,55-64,65.574,Loan originated
1,35000.0,<20%,65000.0,129.0,1,White,Female,55-64,63.71,Loan originated
1,765000.0,20%-<30%,965000.0,308.0,1,White,Joint,45-54,80.0,Loan originated
1,585000.0,<20%,735000.0,491.0,1,White,Joint,55-64,80.0,Loan originated
1,345000.0,45,425000.0,121.0,1,Asian,Male,35-44,80.0,Loan originated
1,705000.0,39,875000.0,358.0,1,White,Male,35-44,80.0,Loan originated
1,735000.0,20%-<30%,825000.0,445.0,1,White,Joint,35-44,89.9,Loan originated
1,655000.0,39,735000.0,350.0,1,White,Female,45-54,90.0,Loan originated
1,385000.0,46,605000.0,122.0,1,Hispanic or Latino,Female,45-54,63.675,Loan originated
1,235000.0,>60%,315000.0,39.0,1,Hispanic or Latino,Male,45-54,75.806,Application denied
1,525000.0,39,655000.0,223.0,1,White,Joint,45-54,80.0,Loan originated
1,755000.0,46,1605000.0,334.0,1,White,Joint,>74,46.88,Loan originated
1,215000.0,43,295000.0,47.0,1,Asian,Male,45-54,75.0,Loan originated
1,595000.0,40,845000.0,624.0,1,Asian,Joint,45-54,70.008,Application denied
1,335000.0,41,395000.0,79.0,1,White,Male,35-44,85.0,Loan originated
1,1005000.0,36,1465000.0,444.0,1,White,Joint,35-44,85.705,Loan originated
1,415000.0,20%-<30%,525000.0,139.0,1,Hispanic or Latino,Joint,35-44,80.0,Loan originated
1,845000.0,48,1055000.0,180.0,1,Asian,Female,35-44,80.0,Loan originated
1,155000.0,45,365000.0,116.0,1,Hispanic or Latino,Joint,55-64,42.466,Loan originated
1,605000.0,20%-<30%,2005000.0,336.0,1,White,Joint,35-44,30.042,Loan originated
1,1085000.0,<20%,1925000.0,2219.0,1,Asian,Male,55-64,56.25,Loan originated
1,305000.0,43,1575000.0,113.0,1,White,Female,65-74,19.048,Loan originated
1,655000.0,20%-<30%,815000.0,540.0,1,White,Female,35-44,80.0,Loan originated
1,625000.0,37,835000.0,392.0,1,Asian,Male,45-54,75.0,Loan originated
1,315000.0,49,385000.0,67.0,1,Hispanic or Latino,Female,45-54,80.0,Loan originated
1,585000.0,37,615000.0,402.0,1,White,Female,<25,95.0,Loan originated
1,925000.0,49,975000.0,288.0,1,Hispanic or Latino,Male,25-34,95.0,Loan originated
1,605000.0,47,755000.0,212.0,1,Asian,Male,35-44,80.0,Loan originated
1,485000.0,49,605000.0,123.0,1,Asian,Joint,25-34,80.0,Loan originated
1,325000.0,44,365000.0,89.0,1,White,Male,25-34,87.67,Loan originated
1,505000.0,43,565000.0,130.0,1,Hispanic or Latino,Joint,25-34,90.0,Loan originated
1,475000.0,44,685000.0,115.0,1,White,Male,25-34,70.0,Loan originated
1,455000.0,50%-60%,1155000.0,182.0,1,White,Joint,65-74,39.14,Loan originated
1,945000.0,39,1265000.0,242.0,1,White,Joint,25-34,75.743,Loan originated
1,485000.0,43,905000.0,212.0,1,White,Joint,25-34,53.04,Loan originated
1,575000.0,>60%,745000.0,72.0,1,Hispanic or Latino,Male,55-64,76.975,Application denied
1,525000.0,47,635000.0,108.0,1,Hispanic or Latino,Female,25-34,102.03,Loan originated
1,395000.0,47,565000.0,82.0,1,Asian,Joint,45-54,70.0,Loan originated
1,395000.0,<20%,495000.0,231.0,1,White,Male,25-34,80.0,Loan originated
1,755000.0,38,805000.0,199.0,1,Other,Male,25-34,93.75,Loan originated
1,415000.0,38,525000.0,128.0,1,Asian,Male,35-44,80.0,Loan originated
1,695000.0,40,875000.0,234.0,1,Hispanic or Latino,Male,35-44,80.0,Loan originated
1,435000.0,46,555000.0,135.0,1,Asian,Male,<25,78.66,Loan originated
1,945000.0,47,1175000.0,661.0,1,White,Male,25-34,80.0,Application denied
1,755000.0,49,795000.0,223.0,1,Hispanic or Latino,Joint,45-54,95.0,Loan originated
1,465000.0,43,585000.0,109.0,1,Asian,Joint,35-44,78.438,Loan originated
1,35000.0,48,215000.0,116.0,1,White,Joint,55-64,14.29,Loan originated
1,435000.0,37,615000.0,136.0,1,White,Female,45-54,70.0,Loan originated
1,415000.0,47,555000.0,83.0,1,Black or African American,Female,>74,75.0,Loan originated
1,345000.0,49,435000.0,85.0,1,White,Male,35-44,80.0,Loan originated
1,755000.0,49,855000.0,185.0,1,Hispanic or Latino,Joint,25-34,88.236,Loan originated
1,685000.0,38,765000.0,192.0,1,Hispanic or Latino,Joint,35-44,90.0,Loan originated
1,465000.0,38,585000.0,126.0,1,White,Female,35-44,80.0,Loan originated
1,705000.0,41,1595000.0,402.0,1,Asian,Joint,35-44,43.887,Application denied
1,555000.0,46,795000.0,249.0,1,Asian,Joint,25-34,70.0,Loan originated
1,805000.0,42,1085000.0,285.0,1,White,Joint,55-64,73.83,Application denied
1,385000.0,50%-60%,385000.0,118.0,1,White,Male,25-34,100.0,Loan originated
1,475000.0,20%-<30%,675000.0,196.0,1,Asian,Female,55-64,70.39,Loan originated
1,775000.0,46,915000.0,150.0,1,White,Joint,45-54,85.0,Application denied
1,425000.0,43,535000.0,114.0,1,White,Male,65-74,80.0,Loan originated
1,935000.0,49,1555000.0,197.0,1,White,Joint,>74,60.0,Loan originated
1,705000.0,36,1005000.0,215.0,1,White,Female,45-54,70.0,Loan originated
1,765000.0,45,965000.0,178.0,1,Asian,Joint,25-34,79.267,Loan originated
1,385000.0,30%-<36%,435000.0,101.0,1,Hispanic or Latino,Joint,25-34,90.0,Loan originated
1,1015000.0,41,1315000.0,267.0,1,Asian,Male,35-44,77.238,Loan originated
1,555000.0,46,1155000.0,141.0,1,White,Male,35-44,47.826,Loan originated
1,295000.0,44,365000.0,89.0,1,White,Female,65-74,80.0,Loan originated
1,365000.0,40,465000.0,88.0,1,Black or African American,Female,65-74,79.0,Application denied
1,515000.0,42,705000.0,140.0,1,Asian,Joint,25-34,74.143,Loan originated
1,805000.0,42,855000.0,191.0,1,Other,Female,35-44,95.0,Loan originated
1,485000.0,47,535000.0,166.0,1,White,Male,25-34,90.0,Loan originated
1,215000.0,<20%,1155000.0,156.0,1,White,Joint,65-74,18.261,Loan originated
1,265000.0,30%-<36%,695000.0,146.0,1,White,Female,35-44,38.129,Loan originated
1,425000.0,46,525000.0,113.0,1,Hispanic or Latino,Male,35-44,80.0,Loan originated
1,685000.0,44,865000.0,176.0,1,White,Joint,25-34,80.0,Loan originated
1,565000.0,39,875000.0,153.0,1,White,Joint,>74,65.0,Loan originated
1,425000.0,45,475000.0,95.0,1,White,Male,25-34,92.84,Loan originated
1,285000.0,49,815000.0,71.0,1,Asian,Joint,65-74,34.525,Loan originated
1,605000.0,30%-<36%,755000.0,340.0,1,White,Joint,35-44,80.0,Loan originated
1,575000.0,20%-<30%,595000.0,340.0,1,White,Male,25-34,97.0,Loan originated
1,1105000.0,38,1225000.0,320.0,1,Asian,Joint,25-34,90.0,Loan originated
1,765000.0,36,1175000.0,229.0,1,Asian,Male,45-54,65.131,Loan originated
1,245000.0,47,455000.0,66.0,1,Asian,Female,25-34,53.215,Loan originated
1,155000.0,43,1455000.0,85.0,1,White,Joint,>74,10.345,Loan originated
1,695000.0,>60%,925000.0,100.0,1,White,Joint,35-44,75.0,Application denied
1,285000.0,42,445000.0,73.0,1,Asian,Female,25-34,90.0,Loan originated
1,1055000.0,39,1315000.0,294.0,1,Asian,Joint,25-34,79.87,Loan originated
1,985000.0,42,1125000.0,205.0,1,Hispanic or Latino,Joint,35-44,87.95,Loan originated
1,525000.0,49,655000.0,273.0,1,Asian,Male,25-34,80.0,Loan originated
1,345000.0,48,395000.0,82.0,1,White,Male,35-44,87.848,Application denied
1,545000.0,49,575000.0,134.0,1,Hispanic or Latino,Male,35-44,93.93,Loan originated
1,405000.0,48,455000.0,98.0,1,Hispanic or Latino,Male,25-34,90.0,Loan originated
1,805000.0,20%-<30%,1105000.0,280.0,1,White,Joint,25-34,72.727,Loan originated
1,685000.0,47,1035000.0,145.0,1,Asian,Male,25-34,66.052,Loan originated
1,895000.0,48,1605000.0,270.0,1,White,Joint,35-44,56.189,Loan originated
1,585000.0,49,645000.0,134.0,1,White,Joint,35-44,90.0,Loan originated
1,835000.0,38,955000.0,219.0,1,Asian,Joint,35-44,87.895,Loan originated
1,525000.0,40,555000.0,145.0,1,Hispanic or Latino,Female,55-64,95.0,Loan originated
1,655000.0,50%-60%,725000.0,186.0,1,Hispanic or Latino,Female,35-44,89.99,Application denied
1,765000.0,48,1045000.0,165.0,1,Asian,Male,45-54,73.158,Loan originated
1,405000.0,42,555000.0,146.0,1,Hispanic or Latino,Male,35-44,72.973,Loan originated
1,285000.0,46,665000.0,134.0,1,White,Female,45-54,43.12,Loan originated
1,725000.0,41,915000.0,15.0,1,Asian,Male,35-44,80.0,Loan originated
1,715000.0,47,755000.0,134.0,1,Hispanic or Latino,Male,55-64,94.338,Loan originated
1,355000.0,48,685000.0,84.0,1,White,Male,55-64,51.095,Loan originated
1,555000.0,48,585000.0,113.0,1,Asian,Female,35-44,94.884,Loan originated
1,375000.0,49,475000.0,152.0,1,Hispanic or Latino,Female,45-54,80.0,Loan originated
1,595000.0,>60%,665000.0,98.0,1,Hispanic or Latino,Joint,35-44,90.0,Application denied
1,725000.0,48,825000.0,277.0,1,Hispanic or Latino,Female,35-44,88.0,Loan originated
1,305000.0,47,435000.0,66.0,1,Hispanic or Latino,Female,45-54,72.023,Loan originated
1,505000.0,41,705000.0,156.0,1,White,Male,35-44,71.429,Loan originated
1,425000.0,30%-<36%,825000.0,336.0,1,White,Joint,35-44,50.909,Loan originated
1,605000.0,47,2035000.0,206.0,1,Asian,Joint,55-64,30.0,Loan originated
1,745000.0,40,775000.0,225.0,1,Asian,Joint,25-34,96.5,Loan originated
1,395000.0,45,415000.0,131.0,1,Hispanic or Latino,Joint,55-64,95.0,Loan originated
1,635000.0,47,785000.0,224.0,1,Asian,Joint,25-34,80.0,Loan originated
1,405000.0,40,1755000.0,223.0,1,White,Male,35-44,22.857,Loan originated
1,205000.0,49,215000.0,105.0,1,White,Female,35-44,95.0,Loan originated
1,495000.0,20%-<30%,615000.0,217.0,1,Asian,Joint,25-34,80.0,Loan originated
1,765000.0,48,2085000.0,435.0,1,Asian,Joint,65-74,37.0,Loan originated
1,505000.0,45,635000.0,133.0,1,Asian,Male,55-64,80.0,Loan originated
1,895000.0,30%-<36%,995000.0,329.0,1,White,Joint,25-34,90.0,Loan originated
1,885000.0,30%-<36%,1105000.0,330.0,1,White,Joint,25-34,80.0,Loan originated
1,515000.0,43,575000.0,116.0,1,Hispanic or Latino,Male,25-34,90.0,Loan originated
1,135000.0,44,135000.0,92.0,1,White,Joint,65-74,94.75,Loan originated
1,505000.0,30%-<36%,635000.0,158.0,1,Asian,Male,35-44,80.0,Loan originated
1,1055000.0,39,1695000.0,286.0,1,Asian,Male,45-54,62.0,Loan originated
1,415000.0,40,555000.0,99.0,1,Hispanic or Latino,Male,25-34,95.0,Loan originated
1,865000.0,30%-<36%,1155000.0,311.0,1,White,Joint,25-34,75.0,Loan originated
1,705000.0,20%-<30%,1705000.0,363.0,1,White,Joint,25-34,42.0,Loan originated
1,425000.0,46,985000.0,127.0,1,Asian,Joint,35-44,94.68,Loan originated
1,405000.0,47,435000.0,91.0,1,Hispanic or Latino,Male,25-34,95.0,Loan originated
1,765000.0,43,815000.0,242.0,1,White,Joint,25-34,93.476,Loan originated
1,855000.0,30%-<36%,1555000.0,286.0,1,White,Joint,35-44,55.0,Loan originated
1,1085000.0,<20%,1455000.0,720.0,1,White,Male,35-44,75.0,Loan originated
1,995000.0,40,1045000.0,316.0,1,White,Male,55-64,95.0,Loan originated
1,485000.0,45,655000.0,138.0,1,Hispanic or Latino,Female,35-44,95.0,Loan originated
1,765000.0,46,855000.0,218.0,1,White,Joint,25-34,90.0,Loan originated
1,425000.0,30%-<36%,565000.0,132.0,1,Hispanic or Latino,Male,45-54,75.0,Loan originated
1,595000.0,20%-<30%,635000.0,343.0,1,White,Female,25-34,95.0,Loan originated
1,555000.0,30%-<36%,695000.0,238.0,1,White,Male,55-64,80.0,Loan originated
1,505000.0,>60%,1085000.0,149.0,1,Asian,Joint,25-34,46.296,Application denied
1,515000.0,43,635000.0,131.0,1,White,Male,35-44,80.0,Loan originated
1,715000.0,46,745000.0,148.0,1,Black or African American,Male,45-54,97.0,Loan originated
1,615000.0,49,945000.0,171.0,1,White,Joint,65-74,65.0,Loan originated
1,345000.0,45,365000.0,83.0,1,White,Female,25-34,95.0,Loan originated
1,125000.0,42,525000.0,45.0,1,White,Female,45-54,24.0,Loan originated
1,325000.0,36,565000.0,298.0,1,Asian,Male,35-44,57.218,Loan originated
1,335000.0,48,535000.0,116.0,1,Hispanic or Latino,Joint,25-34,62.825,Loan originated
1,755000.0,43,795000.0,273.0,1,White,Joint,35-44,95.0,Loan originated
1,315000.0,48,365000.0,106.0,1,Asian,Female,25-34,86.111,Loan originated
1,355000.0,44,365000.0,144.0,1,Hispanic or Latino,Female,45-54,95.0,Loan originated
1,765000.0,38,955000.0,242.0,1,White,Male,25-34,80.0,Loan originated
1,1005000.0,39,1275000.0,251.0,1,Asian,Joint,35-44,78.431,Loan originated
1,705000.0,>60%,1495000.0,80.0,1,White,Male,>74,46.92,Application denied
1,625000.0,20%-<30%,775000.0,280.0,1,White,Joint,55-64,80.0,Loan originated
1,455000.0,41,575000.0,210.0,1,Hispanic or Latino,Male,55-64,80.0,Loan originated
1,485000.0,43,515000.0,150.0,1,White,Male,25-34,95.0,Loan originated
1,165000.0,30%-<36%,205000.0,111.0,1,Hispanic or Latino,Male,35-44,81.71,Application denied
1,485000.0,30%-<36%,605000.0,168.0,1,Asian,Female,25-34,79.989,Loan originated
1,1055000.0,43,1505000.0,397.0,1,White,Male,35-44,69.959,Loan originated
1,685000.0,42,755000.0,165.0,1,Hispanic or Latino,Male,35-44,89.9,Loan originated
1,805000.0,45,1005000.0,256.0,1,White,Male,25-34,80.0,Loan originated
1,405000.0,30%-<36%,515000.0,185.0,1,Hispanic or Latino,Male,25-34,80.0,Loan originated
1,745000.0,44,925000.0,161.0,1,Asian,Joint,45-54,80.0,Loan originated
1,495000.0,44,555000.0,131.0,1,Asian,Male,35-44,89.99,Loan originated
1,1145000.0,30%-<36%,1725000.0,472.0,1,Asian,Joint,25-34,89.896,Loan originated
1,335000.0,44,425000.0,587.0,1,White,Joint,45-54,80.0,Loan originated
1,385000.0,44,405000.0,93.0,1,Hispanic or Latino,Female,35-44,95.0,Loan originated
1,115000.0,36,165000.0,76.0,1,White,Male,55-64,72.27,Loan originated
1,605000.0,42,755000.0,150.0,1,White,Male,35-44,80.0,Loan originated
1,685000.0,39,1035000.0,185.0,1,Asian,Male,45-54,66.019,Loan originated
1,755000.0,30%-<36%,1135000.0,319.0,1,White,Joint,45-54,66.291,Loan originated
1,335000.0,48,1235000.0,133.0,1,White,Joint,65-74,27.23,Loan originated
1,435000.0,37,705000.0,122.0,1,White,Female,35-44,61.429,Loan originated
1,545000.0,38,575000.0,186.0,1,White,Joint,55-64,95.0,Loan originated
1,625000.0,30%-<36%,775000.0,207.0,1,Asian,Joint,25-34,80.0,Loan originated
1,665000.0,38,885000.0,344.0,1,White,Male,35-44,75.0,Loan originated
1,585000.0,47,605000.0,138.0,1,Hispanic or Latino,Joint,35-44,97.0,Loan originated
1,655000.0,43,725000.0,200.0,1,Asian,Male,35-44,90.0,Loan originated
1,615000.0,40,685000.0,200.0,1,White,Male,45-54,90.0,Loan originated
1,475000.0,47,1125000.0,174.0,1,White,Joint,55-64,42.222,Loan originated
1,675000.0,44,1175000.0,155.0,1,White,Joint,45-54,58.0,Loan originated
1,75000.0,42,125000.0,42.0,1,Asian,Female,65-74,61.9,Loan originated
1,595000.0,49,615000.0,128.0,1,Hispanic or Latino,Male,35-44,97.0,Loan originated
1,315000.0,30%-<36%,515000.0,140.0,1,Hispanic or Latino,Female,35-44,61.165,Loan originated
1,475000.0,45,625000.0,205.0,1,Asian,Joint,65-74,75.0,Loan originated
1,405000.0,46,505000.0,94.0,1,Hispanic or Latino,Joint,25-34,80.0,Loan originated
1,565000.0,30%-<36%,585000.0,155.0,1,Hispanic or Latino,Joint,35-44,97.0,Loan originated
1,375000.0,47,655000.0,142.0,1,Asian,Female,25-34,57.252,Loan originated
1,365000.0,20%-<30%,455000.0,135.0,1,White,Joint,45-54,80.0,Loan originated
1,395000.0,45,445000.0,254.0,1,Asian,Female,35-44,89.98,Loan originated
1,455000.0,48,485000.0,148.0,1,Asian,Male,35-44,95.0,Loan originated
1,485000.0,43,645000.0,103.0,1,White,Male,55-64,92.97,Loan originated
1,755000.0,49,945000.0,157.0,1,White,Female,25-34,80.0,Loan originated
1,395000.0,50%-60%,445000.0,91.0,1,White,Female,35-44,89.54,Loan originated
1,415000.0,49,695000.0,93.0,1,White,Joint,35-44,59.96,Loan originated
1,1115000.0,40,1385000.0,290.0,1,Asian,Joint,35-44,80.0,Loan originated
1,535000.0,30%-<36%,675000.0,170.0,1,Asian,Female,25-34,80.0,Loan originated
1,755000.0,40,775000.0,250.0,1,Asian,Male,25-34,97.0,Loan originated
1,925000.0,42,1155000.0,215.0,1,White,Male,25-34,80.0,Loan originated
1,325000.0,49,345000.0,92.0,1,Hispanic or Latino,Female,65-74,95.0,Application denied
1,735000.0,50%-60%,775000.0,182.0,1,Hispanic or Latino,Joint,25-34,94.996,Application denied
1,805000.0,20%-<30%,1615000.0,388.0,1,Asian,Joint,25-34,49.8,Loan originated
1,375000.0,47,415000.0,79.0,1,White,Male,35-44,90.0,Loan originated
1,205000.0,47,1225000.0,134.0,1,White,Joint,55-64,16.38,Loan originated
1,1025000.0,49,1205000.0,208.0,1,Asian,Male,35-44,86.0,Loan originated
1,1045000.0,20%-<30%,1495000.0,559.0,1,White,Male,35-44,70.0,Loan originated
1,635000.0,30%-<36%,715000.0,166.0,1,Hispanic or Latino,Male,35-44,88.3,Loan originated
1,645000.0,30%-<36%,805000.0,213.0,1,White,Joint,<25,80.0,Loan originated
1,475000.0,41,525000.0,148.0,1,Asian,Female,25-34,90.0,Loan originated
1,45000.0,39,125000.0,47.0,1,Asian,Male,25-34,35.38,Application denied
1,945000.0,43,1925000.0,319.0,1,Asian,Male,45-54,49.125,Loan originated
1,475000.0,20%-<30%,665000.0,187.0,1,White,Joint,55-64,71.97,Loan originated
1,165000.0,20%-<30%,185000.0,147.0,1,Asian,Joint,55-64,90.0,Loan originated
1,275000.0,>60%,415000.0,37.0,1,Asian,Female,25-34,66.102,Application denied
1,425000.0,48,525000.0,214.0,1,White,Joint,55-64,80.0,Loan originated
1,435000.0,>60%,1365000.0,67.0,1,White,Male,55-64,32.232,Application denied
1,125000.0,49,155000.0,81.0,1,White,Joint,>74,76.77,Application denied
1,495000.0,30%-<36%,645000.0,293.0,1,White,Joint,25-34,77.493,Loan originated
1,1145000.0,38,1425000.0,402.0,1,Asian,Joint,25-34,80.0,Loan originated
1,625000.0,30%-<36%,955000.0,231.0,1,White,Joint,25-34,64.995,Loan originated
1,585000.0,41,625000.0,233.0,1,White,Joint,55-64,95.0,Loan originated
1,405000.0,30%-<36%,555000.0,140.0,1,White,Joint,25-34,73.423,Loan originated
1,405000.0,30%-<36%,415000.0,165.0,1,Hispanic or Latino,Male,25-34,97.0,Loan originated
1,615000.0,45,735000.0,149.0,1,White,Male,25-34,104.0,Loan originated
1,365000.0,38,405000.0,124.0,1,Asian,Male,<25,90.0,Loan originated
1,675000.0,49,765000.0,205.0,1,Asian,Joint,35-44,89.0,Loan originated
1,305000.0,37,705000.0,121.0,1,White,Joint,65-74,42.777,Loan originated
1,575000.0,42,715000.0,175.0,1,Asian,Male,35-44,80.0,Loan originated
1,535000.0,48,685000.0,133.0,1,Hispanic or Latino,Female,35-44,98.83,Loan originated
1,545000.0,41,615000.0,168.0,1,Asian,Male,35-44,90.0,Loan originated
1,565000.0,42,625000.0,242.0,1,Asian,Male,45-54,95.0,Application denied
1,415000.0,41,525000.0,119.0,1,Asian,Male,25-34,79.874,Loan originated
1,1145000.0,30%-<36%,1595000.0,305.0,1,White,Female,25-34,71.857,Loan originated
1,765000.0,41,855000.0,247.0,1,White,Female,35-44,90.0,Loan originated
1,795000.0,41,885000.0,219.0,1,White,Female,45-54,89.89,Loan originated
1,385000.0,48,395000.0,116.0,1,Hispanic or Latino,Male,25-34,97.0,Loan originated
1,705000.0,41,735000.0,259.0,1,Asian,Joint,25-34,95.0,Loan originated
1,215000.0,44,235000.0,128.0,1,Black or African American,Male,>74,92.58,Application denied
1,405000.0,47,785000.0,110.0,1,White,Joint,65-74,51.282,Loan originated
1,435000.0,38,515000.0,120.0,1,White,Joint,25-34,84.556,Loan originated
1,505000.0,48,635000.0,131.0,1,White,Male,25-34,80.0,Loan originated
1,455000.0,36,615000.0,141.0,1,Black or African American,Male,25-34,75.0,Loan originated
1,535000.0,47,905000.0,152.0,1,Asian,Female,35-44,58.89,Loan originated
1,675000.0,30%-<36%,845000.0,215.0,1,White,Joint,25-34,80.0,Loan originated
1,505000.0,45,1455000.0,153.0,1,White,Joint,>74,34.49,Loan originated
1,555000.0,49,585000.0,159.0,1,White,Joint,25-34,95.0,Loan originated
1,85000.0,20%-<30%,805000.0,48.0,1,Hispanic or Latino,Male,25-34,10.0,Loan originated
1,185000.0,49,195000.0,82.0,1,White,Joint,55-64,95.0,Loan originated
1,325000.0,20%-<30%,675000.0,141.0,1,White,Female,55-64,47.761,Loan originated
1,735000.0,47,785000.0,201.0,1,White,Joint,35-44,94.0,Loan originated
1,255000.0,20%-<30%,405000.0,129.0,1,Asian,Female,45-54,63.41,Loan originated
1,515000.0,41,555000.0,113.0,1,Hispanic or Latino,Female,25-34,92.767,Loan originated
1,545000.0,48,845000.0,110.0,1,Asian,Male,45-54,64.636,Loan originated
1,425000.0,43,525000.0,115.0,1,Hispanic or Latino,Male,35-44,80.0,Loan originated
1,535000.0,47,565000.0,186.0,1,Hispanic or Latino,Joint,25-34,95.0,Loan originated
1,285000.0,49,475000.0,63.0,1,Asian,Female,45-54,60.819,Loan originated
1,925000.0,47,1505000.0,637.0,1,White,Joint,25-34,61.333,Loan originated
1,215000.0,40,275000.0,58.0,1,White,Female,45-54,80.0,Loan originated
1,555000.0,48,795000.0,202.0,1,Black or African American,Joint,35-44,68.836,Loan originated
1,145000.0,20%-<30%,155000.0,88.0,1,Hispanic or Latino,Male,55-64,95.0,Application denied
1,445000.0,39,465000.0,234.0,1,White,Joint,45-54,95.0,Loan originated
1,125000.0,42,145000.0,82.0,1,Hispanic or Latino,Female,55-64,90.0,Loan originated
1,355000.0,39,445000.0,158.0,1,Hispanic or Latino,Joint,35-44,80.0,Loan originated
1,375000.0,39,555000.0,135.0,1,White,Joint,65-74,67.273,Loan originated
1,225000.0,20%-<30%,435000.0,95.0,1,White,Female,55-64,51.0,Loan originated
1,315000.0,40,335000.0,101.0,1,White,Male,>74,95.0,Loan originated
1,805000.0,47,2225000.0,556.0,1,Asian,Joint,55-64,36.036,Loan originated
1,455000.0,41,475000.0,130.0,1,Hispanic or Latino,Female,25-34,95.0,Loan originated
1,405000.0,44,455000.0,90.0,1,Asian,Joint,35-44,90.0,Loan originated
1,765000.0,37,855000.0,197.0,1,Asian,Joint,25-34,90.0,Loan originated
1,325000.0,20%-<30%,495000.0,160.0,1,White,Female,45-54,66.531,Loan originated
1,675000.0,42,845000.0,258.0,1,Asian,Joint,25-34,80.0,Loan originated
1,575000.0,41,615000.0,228.0,1,White,Joint,25-34,95.0,Loan originated
1,285000.0,49,305000.0,72.0,1,Hispanic or Latino,Female,<25,95.0,Loan originated
1,375000.0,36,675000.0,117.0,1,Asian,Male,35-44,56.0,Loan originated
1,605000.0,42,1205000.0,207.0,1,White,Joint,25-34,50.0,Loan originated
1,415000.0,30%-<36%,515000.0,121.0,1,White,Male,35-44,80.0,Loan originated
1,1005000.0,<20%,1805000.0,715.0,1,Asian,Male,35-44,55.556,Loan originated
1,1005000.0,50%-60%,1315000.0,170.0,1,White,Male,35-44,76.34,Loan originated
1,605000.0,50%-60%,865000.0,123.0,1,Hispanic or Latino,Joint,45-54,70.0,Loan originated
1,555000.0,43,1355000.0,171.0,1,White,Female,45-54,41.0,Loan originated
1,755000.0,43,1005000.0,207.0,1,Asian,Joint,45-54,75.0,Loan originated
1,535000.0,20%-<30%,775000.0,300.0,1,White,Joint,45-54,70.0,Loan originated
1,725000.0,30%-<36%,915000.0,339.0,1,Asian,Male,35-44,79.996,Loan originated
1,385000.0,46,565000.0,109.0,1,White,Male,25-34,68.0,Loan originated
1,105000.0,41,295000.0,37.0,1,Hispanic or Latino,Female,25-34,36.61,Loan originated
1,675000.0,49,845000.0,127.0,1,Asian,Female,25-34,80.0,Loan originated
1,645000.0,20%-<30%,865000.0,214.0,1,Asian,Joint,25-34,75.0,Loan originated
1,465000.0,<20%,575000.0,379.0,1,Hispanic or Latino,Male,55-64,80.0,Loan originated
1,1115000.0,20%-<30%,2205000.0,709.0,1,White,Male,35-44,50.455,Loan originated
1,265000.0,37,435000.0,72.0,1,White,Female,25-34,100.669,Loan originated
1,465000.0,20%-<30%,575000.0,362.0,1,White,Joint,45-54,80.0,Loan originated
1,635000.0,50%-60%,795000.0,129.0,1,Asian,Joint,45-54,80.0,Application denied
1,1055000.0,48,1405000.0,209.0,1,Asian,Male,25-34,75.0,Loan originated
1,545000.0,30%-<36%,575000.0,251.0,1,White,Joint,35-44,95.0,Loan originated
1,445000.0,41,555000.0,115.0,1,White,Joint,55-64,80.0,Loan originated
1,595000.0,48,645000.0,109.0,1,White,Male,35-44,91.473,Loan originated
1,625000.0,41,645000.0,252.0,1,White,Joint,25-34,97.0,Loan originated
1,245000.0,30%-<36%,335000.0,203.0,1,Hispanic or Latino,Joint,55-64,71.8,Application denied
1,685000.0,44,855000.0,227.0,1,Asian,Female,35-44,80.0,Loan originated
1,315000.0,30%-<36%,595000.0,141.0,1,Asian,Female,35-44,52.542,Loan originated
1,595000.0,30%-<36%,795000.0,423.0,1,Asian,Male,55-64,75.0,Loan originated
1,755000.0,36,805000.0,219.0,1,Hispanic or Latino,Joint,35-44,94.0,Loan originated
1,645000.0,44,675000.0,206.0,1,Hispanic or Latino,Female,25-34,95.0,Application denied
1,755000.0,49,945000.0,736.0,1,Asian,Male,35-44,80.0,Loan originated
1,1085000.0,49,1455000.0,563.0,1,Asian,Joint,45-54,75.0,Loan originated
1,365000.0,49,515000.0,93.0,1,Hispanic or Latino,Male,25-34,70.0,Loan originated
1,275000.0,49,345000.0,80.0,1,White,Female,45-54,80.0,Loan originated
1,305000.0,40,1025000.0,274.0,1,Asian,Joint,45-54,29.412,Loan originated
1,395000.0,36,395000.0,101.0,1,Hispanic or Latino,Female,45-54,100.0,Loan originated
1,805000.0,20%-<30%,1565000.0,510.0,1,Asian,Joint,45-54,51.41,Loan originated
1,935000.0,37,1065000.0,325.0,1,White,Joint,35-44,87.54,Loan originated
1,945000.0,44,1575000.0,300.0,1,Asian,Female,35-44,60.0,Loan originated
1,185000.0,38,235000.0,115.0,1,White,Joint,55-64,80.0,Loan originated
1,655000.0,49,1105000.0,161.0,1,White,Female,45-54,59.556,Loan originated
1,515000.0,47,645000.0,202.0,1,Hispanic or Latino,Joint,35-44,80.0,Loan originated
1,1105000.0,<20%,1305000.0,472.0,1,White,Male,35-44,85.0,Loan originated
1,425000.0,45,685000.0,110.0,1,White,Male,25-34,62.42,Loan originated
1,685000.0,48,855000.0,138.0,1,Asian,Joint,35-44,80.0,Loan originated
1,295000.0,44,325000.0,82.0,1,Hispanic or Latino,Male,<25,90.0,Application denied
1,735000.0,45,925000.0,260.0,1,Asian,Male,45-54,80.0,Loan originated
1,905000.0,39,1135000.0,387.0,1,White,Joint,25-34,80.0,Loan originated
1,175000.0,44,195000.0,42.0,1,Hispanic or Latino,Male,35-44,96.41,Application denied
1,295000.0,38,375000.0,199.0,1,White,Female,25-34,80.0,Loan originated
1,385000.0,47,515000.0,74.0,1,White,Male,25-34,74.56,Loan originated
1,425000.0,42,525000.0,101.0,1,White,Female,55-64,80.0,Loan originated
1,535000.0,49,575000.0,128.0,1,White,Male,25-34,94.0,Loan originated
1,575000.0,38,645000.0,152.0,1,Asian,Male,35-44,90.0,Loan originated
1,485000.0,37,645000.0,126.0,1,Hispanic or Latino,Female,<25,75.0,Loan originated
1,645000.0,42,725000.0,446.0,1,White,Joint,25-34,90.0,Loan originated
1,485000.0,39,785000.0,132.0,1,White,Male,55-64,87.12,Loan originated
1,305000.0,20%-<30%,835000.0,217.0,1,White,Joint,65-74,35.928,Loan originated
1,525000.0,49,655000.0,112.0,1,Asian,Joint,25-34,100.0,Loan originated
1,585000.0,30%-<36%,685000.0,170.0,1,Asian,Male,25-34,84.99,Loan originated
1,325000.0,20%-<30%,625000.0,155.0,1,Asian,Male,35-44,52.0,Loan originated
1,405000.0,39,2205000.0,264.0,1,White,Male,65-74,19.0,Loan originated
1,595000.0,41,615000.0,150.0,1,Asian,Joint,35-44,95.412,Loan originated
1,465000.0,42,735000.0,141.0,1,Hispanic or Latino,Male,45-54,64.0,Application denied
1,685000.0,30%-<36%,805000.0,233.0,1,Asian,Joint,25-34,86.0,Loan originated
1,745000.0,49,975000.0,231.0,1,White,Joint,>74,75.897,Loan originated
1,675000.0,20%-<30%,975000.0,324.0,1,White,Male,35-44,70.0,Loan originated
1,225000.0,45,625000.0,84.0,1,Asian,Female,65-74,35.484,Loan originated
1,355000.0,>60%,695000.0,74.0,1,Asian,Joint,55-64,51.0,Application denied
1,95000.0,20%-<30%,125000.0,76.0,1,Asian,Male,45-54,79.27,Loan originated
1,525000.0,20%-<30%,715000.0,174.0,1,White,Male,25-34,73.28,Loan originated
1,605000.0,45,755000.0,267.0,1,Asian,Male,45-54,80.0,Loan originated
1,665000.0,44,825000.0,153.0,1,Hispanic or Latino,Female,25-34,80.0,Loan originated
1,465000.0,41,715000.0,103.0,1,Asian,Female,35-44,65.0,Loan originated
1,1005000.0,50%-60%,1005000.0,377.0,1,Black or African American,Male,35-44,100.0,Application denied
1,305000.0,40,655000.0,238.0,1,Asian,Female,<25,47.0,Loan originated
1,465000.0,20%-<30%,585000.0,173.0,1,Hispanic or Latino,Joint,35-44,80.0,Application denied
1,695000.0,30%-<36%,735000.0,342.0,1,White,Joint,35-44,95.0,Loan originated
1,155000.0,46,685000.0,66.0,1,Asian,Female,55-64,21.898,Loan originated
1,455000.0,42,505000.0,151.0,1,Hispanic or Latino,Female,35-44,90.0,Loan originated
1,405000.0,47,475000.0,95.0,1,Asian,Joint,55-64,85.0,Loan originated
1,1145000.0,39,1525000.0,459.0,1,Asian,Joint,35-44,75.0,Loan originated
1,385000.0,30%-<36%,1885000.0,176.0,1,Asian,Joint,35-44,21.0,Loan originated
1,415000.0,41,425000.0,121.0,1,Hispanic or Latino,Male,25-34,97.0,Loan originated
1,1015000.0,40,1125000.0,326.0,1,Asian,Male,25-34,89.982,Loan originated
1,275000.0,20%-<30%,975000.0,144.0,1,White,Joint,35-44,28.205,Loan originated
1,765000.0,30%-<36%,1275000.0,413.0,1,Asian,Joint,35-44,60.0,Loan originated
1,765000.0,30%-<36%,1155000.0,242.0,1,White,Joint,65-74,66.63,Loan originated
1,1005000.0,30%-<36%,1555000.0,382.0,1,Asian,Joint,45-54,65.0,Loan originated
1,375000.0,42,465000.0,141.0,1,Asian,Female,25-34,80.0,Loan originated
1,715000.0,20%-<30%,895000.0,297.0,1,Asian,Female,25-34,80.0,Loan originated
1,1085000.0,37,1365000.0,308.0,1,Asian,Joint,25-34,80.0,Loan originated
1,655000.0,46,1335000.0,225.0,1,Asian,Joint,25-34,49.0,Loan originated
1,505000.0,44,585000.0,110.0,1,Asian,Female,35-44,85.0,Loan originated
1,435000.0,49,585000.0,122.0,1,Asian,Male,<25,75.0,Loan originated
1,725000.0,45,1045000.0,272.0,1,White,Joint,25-34,70.0,Loan originated
1,345000.0,37,435000.0,105.0,1,White,Joint,25-34,80.0,Loan originated
1,695000.0,38,795000.0,180.0,1,Asian,Male,45-54,87.471,Loan originated
1,1105000.0,39,1705000.0,278.0,1,White,Joint,25-34,64.81,Loan originated
1,1005000.0,41,1355000.0,235.0,1,Asian,Male,35-44,73.801,Loan originated
1,595000.0,30%-<36%,765000.0,192.0,1,Hispanic or Latino,Joint,25-34,77.125,Loan originated
1,335000.0,40,1215000.0,111.0,1,White,Female,45-54,27.273,Loan originated
1,595000.0,>60%,605000.0,53.0,1,Black or African American,Female,55-64,99.167,Application denied
1,525000.0,49,655000.0,117.0,1,Asian,Male,35-44,80.0,Loan originated
1,755000.0,45,795000.0,223.0,1,Black or African American,Male,35-44,95.0,Loan originated
1,485000.0,36,605000.0,131.0,1,White,Joint,65-74,80.0,Loan originated
1,665000.0,43,895000.0,166.0,1,White,Female,55-64,75.0,Loan originated
1,315000.0,20%-<30%,325000.0,145.0,1,White,Male,25-34,96.007,Loan originated
1,375000.0,45,625000.0,111.0,1,Hispanic or Latino,Male,25-34,60.134,Loan originated
1,645000.0,30%-<36%,685000.0,284.0,1,Hispanic or Latino,Joint,35-44,95.0,Loan originated
1,695000.0,40,765000.0,194.0,1,Black or African American,Joint,25-34,91.48,Loan originated
1,455000.0,45,605000.0,108.0,1,White,Female,45-54,75.0,Loan originated
1,735000.0,20%-<30%,925000.0,485.0,1,White,Male,35-44,80.0,Loan originated
1,415000.0,46,445000.0,88.0,1,Hispanic or Latino,Female,25-34,95.0,Loan originated
1,945000.0,42,1185000.0,249.0,1,White,Joint,35-44,80.0,Loan originated
1,985000.0,46,1225000.0,395.0,1,White,Joint,45-54,80.0,Loan originated
1,665000.0,20%-<30%,685000.0,315.0,1,White,Male,45-54,97.0,Loan originated
1,525000.0,46,555000.0,123.0,1,Hispanic or Latino,Joint,<25,95.0,Loan originated
1,475000.0,20%-<30%,655000.0,259.0,1,Hispanic or Latino,Joint,25-34,71.58,Loan originated
1,905000.0,48,1295000.0,183.0,1,White,Male,65-74,70.0,Loan originated
1,505000.0,30%-<36%,575000.0,144.0,1,White,Female,55-64,89.0,Loan originated
1,945000.0,38,1175000.0,233.0,1,Asian,Male,35-44,80.0,Loan originated
1,935000.0,44,1165000.0,213.0,1,Asian,Joint,35-44,80.0,Loan originated
1,725000.0,43,765000.0,297.0,1,White,Female,35-44,95.0,Loan originated
1,585000.0,42,685000.0,125.0,1,Asian,Male,25-34,84.99,Loan originated
1,765000.0,30%-<36%,1045000.0,257.0,1,White,Joint,35-44,73.65,Loan originated
1,325000.0,43,335000.0,77.0,1,White,Female,25-34,97.0,Loan originated
1,605000.0,30%-<36%,1145000.0,317.0,1,Asian,Joint,45-54,52.41,Loan originated
1,855000.0,42,1255000.0,233.0,1,Asian,Joint,35-44,68.178,Loan originated
1,945000.0,41,1105000.0,239.0,1,Hispanic or Latino,Male,35-44,85.0,Loan originated
1,1115000.0,46,1175000.0,336.0,1,Hispanic or Latino,Joint,45-54,95.0,Loan originated
1,295000.0,49,365000.0,65.0,1,Hispanic or Latino,Female,55-64,80.0,Loan originated
1,755000.0,43,1055000.0,416.0,1,Asian,Male,45-54,71.42,Loan originated
1,435000.0,30%-<36%,535000.0,168.0,1,White,Joint,35-44,80.0,Loan originated
1,335000.0,46,415000.0,84.0,1,Hispanic or Latino,Joint,25-34,80.0,Loan originated
1,355000.0,46,605000.0,93.0,1,Asian,Male,35-44,58.333,Loan originated
1,155000.0,39,835000.0,72.0,1,Asian,Joint,55-64,18.067,Loan originated
1,515000.0,43,685000.0,133.0,1,White,Male,25-34,75.0,Loan originated
1,1035000.0,30%-<36%,1155000.0,334.0,1,White,Joint,25-34,90.0,Loan originated
1,345000.0,40,425000.0,131.0,1,Hispanic or Latino,Joint,35-44,80.0,Loan originated
1,895000.0,41,995000.0,269.0,1,White,Male,25-34,90.0,Loan originated
1,535000.0,49,595000.0,180.0,1,Asian,Joint,55-64,90.0,Loan originated
1,705000.0,47,895000.0,192.0,1,Asian,Female,25-34,78.652,Loan originated
1,955000.0,40,1205000.0,248.0,1,Asian,Joint,25-34,80.0,Loan originated
1,915000.0,47,1225000.0,183.0,1,White,Male,25-34,75.0,Loan originated
1,365000.0,42,455000.0,266.0,1,White,Male,45-54,80.0,Loan originated
1,295000.0,20%-<30%,595000.0,193.0,1,White,Female,65-74,49.833,Loan originated
1,625000.0,44,785000.0,153.0,1,White,Joint,35-44,80.0,Loan originated
1,765000.0,47,985000.0,397.0,1,Asian,Joint,35-44,77.817,Loan originated
1,265000.0,48,375000.0,66.0,1,White,Female,35-44,97.0,Loan originated
1,715000.0,49,1005000.0,138.0,1,Asian,Joint,55-64,71.145,Loan originated
1,445000.0,49,1055000.0,150.0,1,White,Male,35-44,42.381,Loan originated
1,435000.0,46,455000.0,103.0,1,White,Joint,25-34,95.0,Loan originated
1,1005000.0,20%-<30%,3495000.0,650.0,1,White,Joint,55-64,28.78,Loan originated
1,565000.0,44,755000.0,146.0,1,Asian,Male,35-44,95.014,Loan originated
1,245000.0,30%-<36%,1175000.0,150.0,1,Asian,Female,25-34,21.12,Loan originated
1,225000.0,49,295000.0,52.0,1,Hispanic or Latino,Male,55-64,80.0,Loan originated
1,315000.0,41,325000.0,79.0,1,White,Joint,<25,100.0,Loan originated
1,545000.0,20%-<30%,735000.0,233.0,1,White,Male,25-34,75.0,Loan originated
1,325000.0,30%-<36%,435000.0,120.0,1,White,Male,55-64,75.0,Loan originated
1,345000.0,42,585000.0,108.0,1,White,Female,45-54,60.0,Loan originated
1,315000.0,30%-<36%,495000.0,163.0,1,Asian,Joint,25-34,63.636,Loan originated
1,465000.0,39,485000.0,204.0,1,Hispanic or Latino,Joint,25-34,97.0,Loan originated
1,115000.0,47,365000.0,35.0,1,Asian,Male,35-44,31.389,Loan originated
1,165000.0,50%-60%,165000.0,60.0,1,Hispanic or Latino,Female,25-34,95.0,Application denied
1,725000.0,47,905000.0,176.0,1,Asian,Male,35-44,80.0,Loan originated
1,385000.0,20%-<30%,475000.0,165.0,1,White,Joint,35-44,80.0,Loan originated
1,565000.0,49,635000.0,209.0,1,Hispanic or Latino,Joint,25-34,90.0,Loan originated
1,535000.0,42,565000.0,252.0,1,White,Joint,25-34,95.0,Loan originated
1,955000.0,38,1085000.0,278.0,1,White,Joint,25-34,88.018,Loan originated
1,265000.0,36,515000.0,92.0,1,Hispanic or Latino,Joint,25-34,50.98,Loan originated
1,425000.0,38,455000.0,147.0,1,Hispanic or Latino,Male,35-44,95.0,Loan originated
1,455000.0,42,655000.0,100.0,1,Hispanic or Latino,Female,25-34,69.23,Loan originated
1,645000.0,30%-<36%,805000.0,203.0,1,White,Male,25-34,80.0,Loan originated
1,335000.0,45,355000.0,106.0,1,Hispanic or Latino,Joint,35-44,102.84,Loan originated
1,635000.0,46,655000.0,309.0,1,Asian,Joint,45-54,97.0,Loan originated
1,565000.0,30%-<36%,625000.0,213.0,1,White,Male,35-44,90.0,Loan originated
1,455000.0,43,465000.0,112.0,1,Hispanic or Latino,Female,45-54,97.0,Loan originated
1,355000.0,45,595000.0,97.0,1,White,Female,>74,59.172,Loan originated
1,555000.0,47,585000.0,322.0,1,Hispanic or Latino,Female,55-64,95.0,Loan originated
1,445000.0,>60%,525000.0,59.0,1,White,Joint,65-74,84.76,Application denied
1,485000.0,48,605000.0,107.0,1,Asian,Male,25-34,80.0,Loan originated
1,705000.0,45,885000.0,150.0,1,White,Male,25-34,80.0,Loan originated
1,385000.0,44,645000.0,96.0,1,Black or African American,Male,55-64,60.0,Application denied
1,355000.0,37,445000.0,120.0,1,Asian,Male,45-54,80.0,Loan originated
1,675000.0,48,1255000.0,228.0,1,White,Female,45-54,54.0,Loan originated
1,1145000.0,39,1315000.0,325.0,1,White,Male,35-44,87.439,Loan originated
1,885000.0,45,935000.0,212.0,1,White,Male,35-44,95.0,Loan originated
1,895000.0,48,1055000.0,198.0,1,Asian,Joint,25-34,85.0,Loan originated
1,275000.0,20%-<30%,795000.0,154.0,1,White,Joint,35-44,34.399,Loan originated
1,265000.0,<20%,525000.0,77.0,1,Asian,Female,45-54,49.34,Loan originated
1,905000.0,36,1195000.0,270.0,1,Asian,Female,35-44,76.303,Loan originated
1,765000.0,44,1165000.0,182.0,1,Asian,Female,35-44,65.636,Loan originated
1,885000.0,46,935000.0,188.0,1,White,Male,25-34,95.0,Loan originated
1,535000.0,48,765000.0,121.0,1,White,Female,35-44,70.0,Loan originated
1,765000.0,46,1165000.0,238.0,1,White,Joint,65-74,66.0,Loan originated
1,505000.0,50%-60%,1285000.0,125.0,1,Asian,Male,25-34,38.873,Application denied
1,125000.0,50%-60%,1105000.0,125.0,1,Hispanic or Latino,Male,55-64,11.364,Application denied
1,715000.0,20%-<30%,895000.0,367.0,1,White,Male,65-74,80.0,Loan originated
1,395000.0,50%-60%,415000.0,93.0,1,Hispanic or Latino,Female,25-34,96.286,Application denied
1,405000.0,37,505000.0,115.0,1,Asian,Male,25-34,80.0,Loan originated
1,685000.0,47,855000.0,172.0,1,White,Joint,35-44,80.0,Loan originated
1,425000.0,44,525000.0,239.0,1,Asian,Joint,<25,80.0,Loan originated
1,515000.0,40,645000.0,172.0,1,Asian,Female,55-64,80.0,Loan originated
1,625000.0,20%-<30%,695000.0,221.0,1,Hispanic or Latino,Joint,35-44,89.99,Loan originated
1,685000.0,44,1495000.0,21.0,1,Asian,Male,35-44,45.52,Loan originated
1,445000.0,38,495000.0,219.0,1,Hispanic or Latino,Female,25-34,90.0,Loan originated
1,515000.0,49,545000.0,97.0,1,Asian,Joint,35-44,95.0,Loan originated
1,735000.0,47,775000.0,220.0,1,Black or African American,Female,45-54,94.22,Loan originated
1,485000.0,30%-<36%,515000.0,166.0,1,White,Male,35-44,95.0,Application denied
1,905000.0,45,2045000.0,387.0,1,Asian,Joint,45-54,45.0,Loan originated
1,475000.0,41,525000.0,134.0,1,Hispanic or Latino,Joint,25-34,90.0,Loan originated
1,675000.0,39,955000.0,159.0,1,Asian,Male,35-44,69.96,Loan originated
1,475000.0,30%-<36%,495000.0,153.0,1,White,Joint,35-44,95.0,Loan originated
1,1125000.0,30%-<36%,1415000.0,373.0,1,Asian,Joint,25-34,80.0,Loan originated
1,595000.0,<20%,745000.0,829.0,1,White,Male,25-34,80.0,Loan originated
1,625000.0,42,785000.0,164.0,1,Asian,Male,25-34,80.0,Application denied
1,785000.0,30%-<36%,1125000.0,360.0,1,Asian,Male,35-44,70.0,Loan originated
1,775000.0,49,1105000.0,310.0,1,Asian,Joint,35-44,70.0,Application denied
1,905000.0,44,1105000.0,210.0,1,Asian,Joint,35-44,82.0,Loan originated
1,535000.0,20%-<30%,685000.0,195.0,1,White,Male,35-44,78.77,Loan originated
1,1005000.0,>60%,1845000.0,313.0,1,Asian,Joint,45-54,54.201,Loan originated
1,305000.0,43,315000.0,85.0,1,White,Female,45-54,97.0,Loan originated
1,455000.0,49,555000.0,94.0,1,White,Male,25-34,81.818,Loan originated
1,635000.0,36,795000.0,195.0,1,White,Male,45-54,80.0,Loan originated
1,335000.0,39,355000.0,177.0,1,White,Joint,45-54,95.0,Loan originated
1,525000.0,36,615000.0,218.0,1,White,Female,<25,85.0,Loan originated
1,445000.0,30%-<36%,455000.0,141.0,1,Hispanic or Latino,Joint,25-34,97.0,Loan originated
1,835000.0,30%-<36%,1195000.0,476.0,1,Asian,Joint,25-34,70.0,Loan originated
1,925000.0,44,1125000.0,210.0,1,Asian,Joint,65-74,95.593,Loan originated
1,515000.0,49,615000.0,157.0,1,White,Joint,45-54,85.0,Loan originated
1,225000.0,20%-<30%,575000.0,127.0,1,Asian,Female,35-44,38.26,Loan originated
1,395000.0,20%-<30%,1295000.0,349.0,1,White,Joint,45-54,30.502,Loan originated
1,1145000.0,47,1575000.0,318.0,1,White,Female,55-64,73.0,Loan originated
1,765000.0,46,2655000.0,220.0,1,White,Male,35-44,28.943,Loan originated
1,725000.0,>60%,745000.0,150.0,1,Hispanic or Latino,Male,35-44,97.0,Application denied
1,765000.0,39,1055000.0,183.0,1,Asian,Male,45-54,72.866,Loan originated
1,425000.0,48,535000.0,129.0,1,White,Female,35-44,80.0,Loan originated
1,385000.0,44,485000.0,90.0,1,White,Female,45-54,80.0,Loan originated
1,745000.0,30%-<36%,1105000.0,427.0,1,White,Joint,65-74,67.382,Loan originated
1,585000.0,48,725000.0,205.0,1,Hispanic or Latino,Joint,55-64,80.0,Loan originated
1,605000.0,44,965000.0,137.0,1,Asian,Female,45-54,62.176,Loan originated
1,995000.0,49,1135000.0,198.0,1,White,Joint,25-34,87.577,Loan originated
1,505000.0,47,525000.0,101.0,1,Hispanic or Latino,Joint,35-44,95.0,Loan originated
1,525000.0,45,655000.0,142.0,1,Asian,Female,45-54,80.0,Loan originated
1,1055000.0,47,1175000.0,400.0,1,Hispanic or Latino,Male,35-44,90.0,Loan originated
1,305000.0,47,575000.0,92.0,1,White,Joint,25-34,52.632,Loan originated
1,375000.0,49,575000.0,84.0,1,Black or African American,Female,>74,64.912,Loan originated
1,525000.0,48,545000.0,152.0,1,Asian,Male,45-54,97.0,Loan originated
1,575000.0,36,725000.0,201.0,1,Asian,Joint,25-34,80.0,Loan originated
1,445000.0,49,595000.0,100.0,1,White,Female,55-64,75.0,Loan originated
1,515000.0,42,545000.0,135.0,1,Hispanic or Latino,Male,35-44,95.0,Loan originated
1,905000.0,30%-<36%,1205000.0,439.0,1,White,Female,25-34,75.0,Loan originated
1,405000.0,20%-<30%,505000.0,192.0,1,White,Joint,25-34,80.0,Loan originated
1,785000.0,30%-<36%,975000.0,259.0,1,White,Joint,25-34,80.0,Loan originated
1,425000.0,50%-60%,955000.0,89.0,1,Hispanic or Latino,Male,35-44,44.211,Loan originated
1,435000.0,48,485000.0,164.0,1,Black or African American,Female,25-34,90.0,Loan originated
1,365000.0,49,455000.0,69.0,1,Hispanic or Latino,Female,35-44,80.0,Loan originated
1,345000.0,30%-<36%,385000.0,138.0,1,Hispanic or Latino,Joint,45-54,90.0,Loan originated
1,405000.0,49,455000.0,163.0,1,Hispanic or Latino,Male,55-64,91.0,Loan originated
1,425000.0,30%-<36%,475000.0,156.0,1,Asian,Male,35-44,89.362,Loan originated
1,705000.0,30%-<36%,905000.0,264.0,1,Asian,Female,35-44,77.901,Loan originated
1,905000.0,44,1305000.0,285.0,1,White,Joint,35-44,69.231,Loan originated
1,985000.0,20%-<30%,1285000.0,473.0,1,White,Male,25-34,76.863,Loan originated
1,445000.0,39,545000.0,112.0,1,Hispanic or Latino,Joint,25-34,101.495,Loan originated
1,345000.0,20%-<30%,435000.0,174.0,1,White,Male,35-44,80.0,Loan originated
1,585000.0,41,725000.0,140.0,1,Hispanic or Latino,Joint,35-44,80.0,Loan originated
1,355000.0,45,445000.0,122.0,1,White,Female,35-44,80.0,Loan originated
1,615000.0,42,665000.0,141.0,1,Hispanic or Latino,Male,25-34,93.0,Loan originated
1,615000.0,30%-<36%,765000.0,204.0,1,Asian,Male,25-34,80.0,Loan originated
1,695000.0,49,865000.0,267.0,1,White,Joint,55-64,79.998,Loan originated
1,455000.0,38,565000.0,154.0,1,Hispanic or Latino,Female,35-44,80.0,Application denied
1,465000.0,20%-<30%,575000.0,197.0,1,Asian,Female,25-34,80.0,Loan originated
1,445000.0,50%-60%,505000.0,98.0,1,Asian,Male,35-44,87.128,Loan originated
1,305000.0,30%-<36%,315000.0,104.0,1,Hispanic or Latino,Joint,25-34,97.0,Loan originated
1,205000.0,40,1205000.0,66.0,1,White,Female,65-74,16.667,Application denied
1,735000.0,20%-<30%,935000.0,338.0,1,Asian,Joint,25-34,78.49,Application denied
1,95000.0,49,665000.0,37.0,1,Asian,Male,65-74,13.54,Loan originated
1,355000.0,30%-<36%,805000.0,130.0,1,Asian,Female,25-34,43.75,Loan originated
1,735000.0,48,1635000.0,237.0,1,White,Joint,35-44,44.785,Loan originated
1,345000.0,46,455000.0,74.0,1,White,Male,25-34,75.0,Loan originated
1,505000.0,30%-<36%,525000.0,149.0,1,Hispanic or Latino,Joint,35-44,97.0,Loan originated
1,745000.0,50%-60%,775000.0,132.0,1,Hispanic or Latino,Joint,45-54,97.0,Loan originated
1,475000.0,<20%,685000.0,550.0,1,Hispanic or Latino,Male,35-44,70.0,Loan originated
1,905000.0,41,1065000.0,216.0,1,Asian,Joint,25-34,85.0,Loan originated
1,335000.0,49,985000.0,101.0,1,White,Joint,55-64,34.01,Loan originated
1,515000.0,41,545000.0,279.0,1,White,Joint,25-34,95.0,Loan originated
1,645000.0,47,865000.0,141.0,1,Asian,Joint,55-64,75.0,Loan originated
1,345000.0,50%-60%,365000.0,129.0,1,Hispanic or Latino,Joint,<25,95.0,Application denied
1,885000.0,30%-<36%,935000.0,242.0,1,White,Female,35-44,95.0,Loan originated
1,845000.0,45,975000.0,177.0,1,Hispanic or Latino,Joint,25-34,87.0,Loan originated
1,765000.0,49,1355000.0,652.0,1,White,Male,35-44,56.781,Loan originated
1,545000.0,<20%,845000.0,342.0,1,White,Joint,45-54,64.489,Loan originated
1,705000.0,44,995000.0,145.0,1,White,Male,65-74,70.35,Loan originated
1,575000.0,44,575000.0,119.0,1,Hispanic or Latino,Male,25-34,100.0,Loan originated
1,205000.0,20%-<30%,455000.0,148.0,1,White,Joint,>74,45.319,Loan originated
1,575000.0,40,605000.0,168.0,1,White,Joint,25-34,95.0,Loan originated
1,325000.0,49,675000.0,78.0,1,Hispanic or Latino,Female,55-64,47.407,Loan originated
1,455000.0,30%-<36%,465000.0,150.0,1,Other,Joint,25-34,100.0,Loan originated
1,445000.0,49,1605000.0,147.0,1,Asian,Joint,55-64,27.499,Loan originated
1,1095000.0,40,1375000.0,334.0,1,White,Joint,55-64,80.0,Loan originated
1,565000.0,43,585000.0,151.0,1,Hispanic or Latino,Female,<25,97.0,Loan originated
1,485000.0,30%-<36%,515000.0,162.0,1,Hispanic or Latino,Joint,25-34,95.0,Application denied
1,605000.0,40,695000.0,155.0,1,Hispanic or Latino,Joint,25-34,87.0,Loan originated
1,375000.0,30%-<36%,495000.0,142.0,1,White,Male,25-34,75.0,Loan originated
1,405000.0,37,905000.0,175.0,1,White,Male,>74,44.751,Loan originated
1,515000.0,30%-<36%,645000.0,176.0,1,Asian,Female,25-34,80.0,Loan originated
1,665000.0,45,745000.0,156.0,1,White,Joint,35-44,90.0,Loan originated
1,425000.0,46,455000.0,101.0,1,Hispanic or Latino,Female,35-44,95.0,Loan originated
1,605000.0,44,1205000.0,169.0,1,White,Male,25-34,50.0,Loan originated
1,495000.0,40,705000.0,155.0,1,Asian,Male,35-44,70.0,Loan originated
1,295000.0,42,445000.0,104.0,1,White,Male,25-34,65.169,Loan originated
1,795000.0,43,845000.0,194.0,1,White,Joint,25-34,95.0,Loan originated
1,725000.0,>60%,915000.0,190.0,1,White,Joint,65-74,80.0,Loan originated
1,1045000.0,49,1105000.0,331.0,1,Asian,Joint,25-34,95.0,Loan originated
1,755000.0,43,1915000.0,411.0,1,White,Female,45-54,39.164,Loan originated
1,435000.0,42,485000.0,101.0,1,Hispanic or Latino,Joint,35-44,90.0,Loan originated
1,585000.0,30%-<36%,655000.0,248.0,1,White,Male,25-34,89.99,Loan originated
