loan_purpose,loan_amount,debt_to_income_ratio,property_value,income,occupancy_type,derived_race,derived_sex,applicant_age,loan_to_value_ratio,action_taken
1,755000.0,46,845000.0,229.0,1,White,Joint,35-44,89.86,Loan originated
1,285000.0,44,305000.0,207.0,1,White,Male,45-54,95.0,Loan originated
1,185000.0,20%-<30%,665000.0,160.0,1,White,Male,35-44,27.736,Loan originated
1,875000.0,20%-<30%,1175000.0,359.0,1,Asian,Joint,25-34,74.47,Loan originated
1,725000.0,44,815000.0,163.0,1,White,Male,35-44,90.0,Loan originated
1,315000.0,46,335000.0,91.0,1,Hispanic or Latino,Joint,25-34,95.0,Loan originated
1,125000.0,36,175000.0,163.0,1,Hispanic or Latino,Male,25-34,75.0,Loan originated
1,485000.0,41,735000.0,133.0,1,Asian,Joint,25-34,65.753,Loan originated
1,375000.0,45,535000.0,104.0,1,White,Female,55-64,69.811,Loan originated
1,455000.0,30%-<36%,565000.0,159.0,1,Asian,Male,35-44,80.0,Loan originated
1,755000.0,49,1005000.0,175.0,1,Asian,Joint,45-54,75.0,Loan originated
1,645000.0,39,685000.0,533.0,1,White,Joint,>74,95.0,Loan originated
1,285000.0,49,325000.0,101.0,1,Black or African American,Male,25-34,88.0,Loan originated
1,785000.0,39,875000.0,321.0,1,Asian,Joint,35-44,90.0,Loan originated
1,785000.0,20%-<30%,1965000.0,475.0,1,Asian,Male,45-54,40.0,Loan originated
1,425000.0,42,625000.0,100.0,1,White,Male,45-54,67.74,Loan originated
1,175000.0,30%-<36%,305000.0,84.0,1,White,Male,55-64,57.38,Loan originated
1,365000.0,42,725000.0,150.0,1,Asian,Joint,45-54,49.999,Loan originated
1,185000.0,49,505000.0,60.0,1,Hispanic or Latino,Joint,45-54,40.0,Application denied
1,625000.0,37,835000.0,392.0,1,Asian,Male,45-54,75.0,Loan originated
1,345000.0,20%-<30%,435000.0,194.0,1,White,Female,>74,80.0,Loan originated
1,555000.0,41,695000.0,151.0,1,Asian,Male,35-44,80.0,Loan originated
1,705000.0,38,1175000.0,234.0,1,Asian,Joint,35-44,60.0,Loan originated
1,205000.0,30%-<36%,385000.0,71.0,1,White,Joint,<25,52.72,Loan originated
1,455000.0,44,565000.0,115.0,1,White,Male,25-34,80.0,Loan originated
1,785000.0,41,985000.0,225.0,1,Asian,Joint,25-34,80.0,Application denied
1,585000.0,44,1165000.0,180.0,1,White,Joint,65-74,50.15,Loan originated
1,705000.0,49,735000.0,210.0,1,Black or African American,Joint,45-54,100.0,Loan originated
1,895000.0,49,1195000.0,175.0,1,Asian,Joint,55-64,75.0,Loan originated
1,925000.0,36,1325000.0,318.0,1,Hispanic or Latino,Joint,25-34,70.0,Loan originated
1,705000.0,47,1325000.0,268.0,1,Asian,Female,45-54,53.03,Loan originated
1,75000.0,<20%,1005000.0,300.0,1,White,Male,55-64,7.0,Application denied
1,545000.0,30%-<36%,565000.0,167.0,1,Hispanic or Latino,Joint,25-34,97.0,Loan originated
1,465000.0,45,475000.0,134.0,1,Hispanic or Latino,Male,25-34,100.0,Loan originated
1,465000.0,30%-<36%,595000.0,140.0,1,White,Female,25-34,80.0,Loan originated
1,265000.0,30%-<36%,275000.0,94.0,1,Hispanic or Latino,Male,65-74,95.0,Loan originated
1,635000.0,49,795000.0,230.0,1,White,Male,<25,80.0,Loan originated
1,765000.0,39,855000.0,175.0,1,Hispanic or Latino,Joint,45-54,90.0,Loan originated
1,365000.0,40,385000.0,83.0,1,Asian,Male,25-34,95.0,Loan originated
1,865000.0,42,1085000.0,200.0,1,White,Joint,35-44,80.0,Loan originated
1,425000.0,48,565000.0,129.0,1,Asian,Joint,35-44,75.0,Loan originated
1,845000.0,20%-<30%,1495000.0,467.0,1,White,Joint,35-44,56.52,Loan originated
1,565000.0,20%-<30%,705000.0,17.0,1,Asian,Joint,35-44,80.0,Loan originated
1,765000.0,36,1155000.0,283.0,1,Asian,Male,35-44,66.368,Loan originated
1,325000.0,49,405000.0,68.0,1,White,Male,<25,83.0,Loan originated
1,275000.0,20%-<30%,775000.0,172.0,1,Asian,Female,55-64,35.18,Loan originated
1,315000.0,30%-<36%,365000.0,120.0,1,White,Female,25-34,85.0,Loan originated
1,325000.0,47,335000.0,80.0,1,Hispanic or Latino,Female,25-34,95.0,Loan originated
1,495000.0,48,575000.0,97.0,1,Asian,Male,25-34,86.518,Loan originated
1,485000.0,48,925000.0,119.0,1,White,Male,35-44,52.476,Loan originated
1,565000.0,46,735000.0,134.0,1,White,Male,25-34,77.397,Loan originated
1,995000.0,30%-<36%,1055000.0,321.0,1,White,Joint,25-34,95.0,Loan originated
1,1025000.0,38,1275000.0,304.0,1,Asian,Joint,35-44,80.0,Loan originated
1,715000.0,49,745000.0,187.0,1,Asian,Joint,35-44,95.0,Loan originated
1,615000.0,45,685000.0,303.0,1,White,Female,65-74,90.0,Loan originated
1,495000.0,44,695000.0,119.0,1,White,Male,35-44,71.388,Loan originated
1,505000.0,>60%,665000.0,73.0,1,Asian,Female,25-34,75.94,Application denied
1,815000.0,30%-<36%,1215000.0,258.0,1,Hispanic or Latino,Male,45-54,67.051,Loan originated
1,395000.0,20%-<30%,485000.0,172.0,1,Hispanic or Latino,Male,45-54,80.0,Loan originated
1,755000.0,40,1005000.0,195.0,1,Hispanic or Latino,Male,55-64,75.0,Loan originated
1,995000.0,20%-<30%,1495000.0,470.0,1,White,Joint,25-34,67.0,Loan originated
1,465000.0,41,615000.0,130.0,1,White,Female,25-34,75.0,Loan originated
1,515000.0,20%-<30%,575000.0,231.0,1,Asian,Male,45-54,89.99,Loan originated
1,285000.0,41,305000.0,109.0,1,White,Joint,25-34,93.333,Loan originated
1,395000.0,20%-<30%,495000.0,155.0,1,Asian,Male,35-44,80.0,Loan originated
1,1005000.0,46,1705000.0,226.0,1,Asian,Male,35-44,58.824,Loan originated
1,465000.0,30%-<36%,755000.0,181.0,1,White,Joint,35-44,61.862,Loan originated
1,1145000.0,41,1505000.0,284.0,1,White,Joint,25-34,76.61,Loan originated
1,395000.0,30%-<36%,685000.0,132.0,1,White,Male,35-44,57.664,Loan originated
1,575000.0,36,715000.0,361.0,1,Asian,Male,45-54,80.0,Loan originated
1,695000.0,50%-60%,805000.0,138.0,1,Hispanic or Latino,Male,35-44,86.5,Loan originated
1,825000.0,30%-<36%,1105000.0,300.0,1,Asian,Male,25-34,75.0,Loan originated
1,885000.0,49,1685000.0,184.0,1,Asian,Joint,35-44,52.381,Loan originated
1,125000.0,20%-<30%,155000.0,122.0,1,White,Joint,35-44,80.0,Loan originated
1,1145000.0,41,1615000.0,286.0,1,White,Male,25-34,72.0,Loan originated
1,535000.0,30%-<36%,935000.0,172.0,1,Asian,Male,35-44,58.0,Loan originated
1,585000.0,37,815000.0,196.0,1,White,Female,35-44,71.605,Loan originated
1,365000.0,48,455000.0,86.0,1,Hispanic or Latino,Female,35-44,79.998,Loan originated
1,165000.0,40,185000.0,70.0,1,Hispanic or Latino,Male,45-54,88.89,Loan originated
1,375000.0,48,395000.0,118.0,1,Hispanic or Latino,Joint,55-64,95.0,Loan originated
1,645000.0,49,715000.0,120.0,1,White,Male,25-34,90.0,Loan originated
1,605000.0,37,755000.0,176.0,1,White,Joint,25-34,80.0,Loan originated
1,565000.0,20%-<30%,915000.0,284.0,1,White,Female,55-64,61.538,Loan originated
1,325000.0,40,525000.0,98.0,1,White,Female,25-34,61.538,Loan originated
1,625000.0,39,695000.0,217.0,1,White,Joint,55-64,90.0,Loan originated
1,705000.0,44,2775000.0,240.0,1,Asian,Male,35-44,25.271,Loan originated
1,835000.0,30%-<36%,925000.0,395.0,1,Asian,Joint,35-44,90.0,Loan originated
1,1105000.0,20%-<30%,1805000.0,419.0,1,Asian,Joint,25-34,61.04,Loan originated
1,515000.0,30%-<36%,695000.0,175.0,1,White,Male,45-54,75.0,Loan originated
1,965000.0,49,1215000.0,371.0,1,Asian,Male,25-34,79.917,Loan originated
1,435000.0,47,505000.0,87.0,1,Hispanic or Latino,Male,35-44,86.0,Loan originated
1,525000.0,38,555000.0,201.0,1,Hispanic or Latino,Joint,>74,95.0,Loan originated
1,415000.0,45,525000.0,105.0,1,Asian,Joint,35-44,80.0,Loan originated
1,305000.0,43,405000.0,95.0,1,Hispanic or Latino,Female,25-34,95.0,Loan originated
1,305000.0,20%-<30%,525000.0,147.0,1,White,Male,55-64,57.471,Loan originated
1,105000.0,30%-<36%,565000.0,70.0,1,Hispanic or Latino,Joint,55-64,17.857,Loan originated
1,575000.0,20%-<30%,1175000.0,240.0,1,White,Joint,25-34,48.936,Loan originated
1,315000.0,49,325000.0,90.0,1,White,Male,25-34,100.0,Loan originated
1,615000.0,42,825000.0,148.0,1,White,Joint,35-44,75.0,Loan originated
1,15000.0,<20%,655000.0,191.0,1,White,Joint,35-44,100.0,Loan originated
1,465000.0,44,495000.0,120.0,1,Asian,Male,35-44,95.0,Application denied
1,765000.0,30%-<36%,1035000.0,225.0,1,Asian,Male,35-44,74.03,Loan originated
1,165000.0,30%-<36%,185000.0,123.0,1,White,Joint,65-74,90.92,Loan originated
1,155000.0,49,255000.0,75.0,1,Hispanic or Latino,Joint,35-44,60.0,Loan originated
1,635000.0,43,855000.0,525.0,1,White,Joint,>74,75.0,Loan originated
1,825000.0,20%-<30%,1025000.0,397.0,1,White,Joint,35-44,80.0,Loan originated
1,575000.0,<20%,555000.0,595.0,1,Black or African American,Male,65-74,104.0,Application denied
1,645000.0,48,725000.0,137.0,1,Asian,Joint,25-34,88.913,Loan originated
1,925000.0,42,1155000.0,208.0,1,Asian,Male,25-34,80.0,Loan originated
1,555000.0,44,585000.0,254.0,1,Hispanic or Latino,Joint,35-44,95.0,Loan originated
1,465000.0,49,475000.0,147.0,1,Black or African American,Joint,35-44,99.0,Application denied
1,755000.0,49,1085000.0,173.0,1,Hispanic or Latino,Joint,35-44,70.0,Loan originated
1,455000.0,30%-<36%,485000.0,120.0,1,White,Female,35-44,95.0,Loan originated
1,155000.0,39,395000.0,89.0,1,White,Joint,55-64,38.0,Loan originated
1,1005000.0,40,1355000.0,251.0,1,White,Male,25-34,73.758,Loan originated
1,715000.0,20%-<30%,1215000.0,382.0,1,Asian,Joint,35-44,58.678,Loan originated
1,755000.0,30%-<36%,1005000.0,223.0,1,White,Joint,25-34,75.0,Loan originated
1,605000.0,20%-<30%,755000.0,204.0,1,White,Joint,25-34,80.0,Loan originated
1,695000.0,30%-<36%,745000.0,195.0,1,Asian,Male,35-44,93.946,Loan originated
1,585000.0,37,735000.0,188.0,1,White,Joint,35-44,80.0,Loan originated
1,1055000.0,40,1455000.0,370.0,1,Asian,Male,35-44,72.414,Loan originated
1,825000.0,42,1595000.0,203.0,1,White,Male,25-34,51.29,Loan originated
1,765000.0,49,1265000.0,204.0,1,Asian,Male,25-34,60.318,Loan originated
1,605000.0,46,765000.0,159.0,1,Asian,Male,25-34,80.0,Loan originated
1,1085000.0,30%-<36%,1355000.0,805.0,1,White,Male,25-34,80.0,Loan originated
1,175000.0,45,505000.0,75.0,1,White,Joint,65-74,34.65,Loan originated
1,415000.0,30%-<36%,465000.0,173.0,1,Hispanic or Latino,Joint,25-34,89.154,Loan originated
1,525000.0,48,555000.0,199.0,1,White,Male,35-44,95.0,Loan originated
1,155000.0,41,935000.0,180.0,1,White,Joint,65-74,15.974,Loan originated
1,1005000.0,39,1195000.0,276.0,1,White,Male,35-44,84.559,Loan originated
1,415000.0,20%-<30%,555000.0,107.0,1,Asian,Male,<25,74.91,Loan originated
1,675000.0,48,845000.0,195.0,1,Asian,Male,35-44,80.0,Application denied
1,645000.0,47,805000.0,174.0,1,Hispanic or Latino,Joint,35-44,80.0,Loan originated
1,825000.0,20%-<30%,1635000.0,313.0,1,White,Joint,25-34,50.644,Loan originated
1,415000.0,49,555000.0,76.0,1,Hispanic or Latino,Female,25-34,75.055,Loan originated
1,345000.0,20%-<30%,365000.0,214.0,1,White,Female,45-54,95.0,Loan originated
1,615000.0,47,815000.0,125.0,1,White,Male,35-44,75.0,Loan originated
1,135000.0,20%-<30%,335000.0,65.0,1,White,Male,65-74,39.4,Loan originated
1,335000.0,49,355000.0,66.0,1,Hispanic or Latino,Male,35-44,95.0,Loan originated
1,725000.0,42,905000.0,176.0,1,Hispanic or Latino,Joint,55-64,80.0,Loan originated
1,915000.0,40,1165000.0,269.0,1,White,Joint,45-54,78.449,Loan originated
1,535000.0,42,715000.0,133.0,1,White,Male,35-44,75.0,Loan originated
1,415000.0,38,955000.0,139.0,1,White,Male,>74,44.0,Loan originated
1,495000.0,50%-60%,615000.0,101.0,1,Asian,Joint,25-34,80.0,Application denied
1,755000.0,43,835000.0,174.0,1,Asian,Male,25-34,90.0,Loan originated
1,1355000.0,37,1695000.0,452.0,1,Asian,Female,35-44,80.0,Loan originated
1,1145000.0,48,1375000.0,245.0,1,Asian,Joint,35-44,83.62,Loan originated
1,915000.0,42,1165000.0,229.0,1,Asian,Male,25-34,78.196,Loan originated
1,825000.0,20%-<30%,1035000.0,300.0,1,Asian,Male,25-34,80.0,Loan originated
1,485000.0,49,515000.0,136.0,1,Asian,Joint,35-44,94.358,Loan originated
1,475000.0,36,595000.0,151.0,1,Asian,Male,45-54,100.0,Loan originated
1,895000.0,42,1155000.0,231.0,1,Asian,Joint,25-34,78.09,Loan originated
1,235000.0,30%-<36%,485000.0,138.0,1,White,Joint,65-74,48.0,Loan originated
1,1045000.0,46,1105000.0,264.0,1,White,Female,35-44,95.0,Loan originated
1,395000.0,48,455000.0,89.0,1,Hispanic or Latino,Male,45-54,85.0,Loan originated
1,515000.0,<20%,685000.0,349.0,1,Asian,Male,45-54,75.0,Loan originated
1,585000.0,30%-<36%,785000.0,167.0,1,Asian,Male,45-54,75.0,Loan originated
1,595000.0,<20%,855000.0,987.0,1,Hispanic or Latino,Female,25-34,70.0,Loan originated
1,275000.0,20%-<30%,275000.0,167.0,1,White,Joint,35-44,99.32,Loan originated
1,395000.0,20%-<30%,485000.0,157.0,1,White,Joint,25-34,80.0,Loan originated
1,905000.0,20%-<30%,1125000.0,345.0,1,Asian,Joint,35-44,80.0,Loan originated
1,585000.0,38,775000.0,161.0,1,White,Male,45-54,75.0,Loan originated
1,1005000.0,30%-<36%,2455000.0,498.0,1,White,Joint,35-44,40.816,Loan originated
1,615000.0,49,685000.0,145.0,1,Asian,Joint,45-54,90.0,Loan originated
1,535000.0,39,705000.0,118.0,1,Asian,Male,35-44,74.99,Loan originated
1,785000.0,37,875000.0,579.0,1,White,Male,45-54,90.0,Loan originated
1,745000.0,30%-<36%,995000.0,540.0,1,Other,Male,25-34,75.0,Loan originated
1,295000.0,20%-<30%,415000.0,105.0,1,White,Male,45-54,71.428,Loan originated
1,1055000.0,38,1405000.0,399.0,1,Asian,Joint,25-34,75.0,Loan originated
1,155000.0,40,615000.0,172.0,1,Hispanic or Latino,Joint,65-74,24.59,Loan originated
1,505000.0,48,585000.0,128.0,1,Black or African American,Male,55-64,86.937,Loan originated
1,605000.0,20%-<30%,1005000.0,216.0,1,White,Male,25-34,60.0,Loan originated
1,1085000.0,44,1245000.0,241.0,1,Asian,Male,45-54,87.581,Loan originated
1,235000.0,46,595000.0,85.0,1,White,Male,65-74,40.0,Loan originated
1,485000.0,39,575000.0,147.0,1,White,Female,35-44,85.0,Loan originated
1,305000.0,30%-<36%,655000.0,138.0,1,Asian,Male,35-44,46.154,Loan originated
1,445000.0,20%-<30%,745000.0,551.0,1,Asian,Male,35-44,59.459,Loan originated
1,305000.0,49,315000.0,67.0,1,White,Joint,35-44,97.0,Loan originated
1,315000.0,40,415000.0,76.0,1,White,Male,25-34,76.642,Loan originated
1,395000.0,47,495000.0,109.0,1,Hispanic or Latino,Female,35-44,100.0,Loan originated
1,465000.0,50%-60%,495000.0,196.0,1,Hispanic or Latino,Male,55-64,95.0,Application denied
1,925000.0,47,1175000.0,271.0,1,White,Female,<25,79.0,Loan originated
1,435000.0,30%-<36%,585000.0,201.0,1,Asian,Joint,<25,75.0,Loan originated
1,435000.0,46,445000.0,100.0,1,Black or African American,Joint,25-34,100.0,Loan originated
1,425000.0,49,445000.0,94.0,1,Hispanic or Latino,Female,<25,99.9,Loan originated
1,765000.0,20%-<30%,865000.0,498.0,1,Asian,Joint,35-44,88.0,Loan originated
1,255000.0,47,315000.0,64.0,1,White,Male,65-74,80.0,Loan originated
1,635000.0,38,845000.0,447.0,1,Asian,Male,35-44,75.0,Loan originated
1,215000.0,49,235000.0,57.0,1,White,Female,55-64,90.0,Loan originated
1,565000.0,45,665000.0,238.0,1,Hispanic or Latino,Joint,35-44,84.848,Loan originated
1,765000.0,49,815000.0,193.0,1,White,Female,35-44,94.59,Loan originated
1,405000.0,36,485000.0,117.0,1,Asian,Female,25-34,85.0,Loan originated
1,1085000.0,44,1435000.0,255.0,1,Asian,Joint,25-34,75.524,Loan originated
1,1065000.0,>60%,1125000.0,268.0,1,Hispanic or Latino,Joint,25-34,94.95,Application denied
1,415000.0,40,735000.0,119.0,1,White,Joint,25-34,56.698,Loan originated
1,585000.0,47,625000.0,127.0,1,Hispanic or Latino,Joint,35-44,95.0,Loan originated
1,255000.0,30%-<36%,645000.0,94.0,1,White,Joint,45-54,38.76,Loan originated
1,675000.0,49,755000.0,186.0,1,Hispanic or Latino,Male,35-44,90.0,Loan originated
1,775000.0,40,1235000.0,257.0,1,Asian,Joint,25-34,62.55,Loan originated
1,625000.0,30%-<36%,635000.0,245.0,1,Hispanic or Latino,Female,35-44,97.0,Loan originated
1,235000.0,30%-<36%,315000.0,133.0,1,Asian,Joint,35-44,76.97,Loan originated
1,195000.0,39,295000.0,64.0,1,Hispanic or Latino,Female,55-64,67.241,Loan originated
1,705000.0,38,995000.0,280.0,1,White,Joint,25-34,70.707,Loan originated
1,1145000.0,30%-<36%,1405000.0,416.0,1,Hispanic or Latino,Male,35-44,82.101,Loan originated
1,505000.0,41,635000.0,188.0,1,Asian,Male,25-34,80.0,Loan originated
1,235000.0,41,285000.0,111.0,1,Hispanic or Latino,Female,35-44,85.0,Loan originated
1,425000.0,20%-<30%,545000.0,221.0,1,Hispanic or Latino,Male,55-64,78.0,Loan originated
1,595000.0,44,855000.0,178.0,1,Asian,Female,65-74,70.0,Loan originated
1,975000.0,30%-<36%,1025000.0,346.0,1,White,Joint,35-44,95.0,Loan originated
1,705000.0,20%-<30%,825000.0,354.0,1,White,Joint,35-44,85.0,Loan originated
1,675000.0,48,955000.0,143.0,1,White,Joint,45-54,71.053,Loan originated
1,335000.0,43,355000.0,80.0,1,Hispanic or Latino,Male,35-44,95.0,Loan originated
1,405000.0,20%-<30%,515000.0,257.0,1,Hispanic or Latino,Male,45-54,80.0,Loan originated
1,555000.0,45,695000.0,184.0,1,Asian,Male,35-44,80.0,Loan originated
1,205000.0,40,355000.0,64.0,1,White,Male,45-54,57.143,Loan originated
1,495000.0,20%-<30%,615000.0,415.0,1,White,Male,45-54,80.0,Loan originated
1,655000.0,47,815000.0,261.0,1,Asian,Joint,25-34,80.0,Loan originated
1,245000.0,20%-<30%,365000.0,131.0,1,White,Joint,55-64,65.753,Loan originated
1,205000.0,48,365000.0,50.0,1,Hispanic or Latino,Male,25-34,56.0,Loan originated
1,735000.0,46,775000.0,180.0,1,Hispanic or Latino,Joint,25-34,95.0,Loan originated
1,645000.0,47,805000.0,387.0,1,Asian,Joint,45-54,79.994,Loan originated
1,285000.0,38,295000.0,68.0,1,Hispanic or Latino,Male,45-54,97.0,Loan originated
1,765000.0,30%-<36%,1045000.0,239.0,1,Asian,Male,25-34,74.0,Loan originated
1,285000.0,30%-<36%,375000.0,120.0,1,Hispanic or Latino,Male,55-64,74.75,Loan originated
1,525000.0,44,995000.0,189.0,1,White,Female,55-64,52.05,Loan originated
1,425000.0,44,625000.0,113.0,1,Asian,Joint,25-34,67.74,Loan originated
1,385000.0,30%-<36%,455000.0,128.0,1,Hispanic or Latino,Joint,<25,85.0,Loan originated
1,125000.0,50%-60%,1105000.0,125.0,1,Hispanic or Latino,Male,55-64,11.364,Application denied
1,195000.0,30%-<36%,765000.0,251.0,1,White,Joint,55-64,24.837,Loan originated
1,265000.0,43,325000.0,59.0,1,White,Male,35-44,80.0,Loan originated
1,765000.0,20%-<30%,1225000.0,328.0,1,White,Joint,25-34,62.79,Loan originated
1,1135000.0,48,1515000.0,317.0,1,Asian,Joint,45-54,75.0,Loan originated
1,555000.0,36,615000.0,186.0,1,Hispanic or Latino,Joint,>74,90.0,Loan originated
1,295000.0,39,395000.0,339.0,1,Asian,Joint,45-54,74.874,Loan originated
1,835000.0,44,875000.0,179.0,1,Black or African American,Joint,55-64,95.0,Loan originated
1,385000.0,48,465000.0,98.0,1,Asian,Female,25-34,82.0,Application denied
1,765000.0,43,1485000.0,298.0,1,White,Male,35-44,52.0,Loan originated
1,765000.0,47,955000.0,191.0,1,Asian,Male,25-34,80.0,Loan originated
1,665000.0,47,835000.0,244.0,1,Asian,Joint,65-74,79.997,Loan originated
1,515000.0,41,715000.0,230.0,1,White,Joint,>74,73.0,Loan originated
1,315000.0,30%-<36%,565000.0,132.0,1,White,Female,55-64,55.745,Loan originated
1,635000.0,44,655000.0,166.0,1,Asian,Male,45-54,97.0,Loan originated
1,245000.0,48,495000.0,170.0,1,White,Male,55-64,50.0,Loan originated
1,355000.0,42,435000.0,91.0,1,White,Male,35-44,81.4,Application denied
1,595000.0,47,705000.0,149.0,1,White,Joint,45-54,85.0,Loan originated
1,645000.0,<20%,1145000.0,483.0,1,Hispanic or Latino,Joint,35-44,56.332,Loan originated
1,705000.0,44,955000.0,240.0,1,Asian,Male,35-44,74.0,Loan originated
1,245000.0,45,265000.0,79.0,1,White,Male,25-34,95.0,Loan originated
1,855000.0,41,1065000.0,320.0,1,Asian,Joint,35-44,80.0,Loan originated
1,575000.0,47,585000.0,151.0,1,Hispanic or Latino,Male,35-44,97.0,Loan originated
1,315000.0,46,445000.0,119.0,1,Asian,Joint,45-54,70.0,Loan originated
1,485000.0,47,545000.0,102.0,1,White,Male,25-34,90.0,Loan originated
1,375000.0,30%-<36%,405000.0,166.0,1,White,Female,35-44,96.0,Loan originated
1,415000.0,20%-<30%,525000.0,142.0,1,Black or African American,Male,25-34,80.0,Loan originated
1,255000.0,36,825000.0,83.0,1,Hispanic or Latino,Female,25-34,50.0,Loan originated
1,585000.0,46,655000.0,141.0,1,Hispanic or Latino,Male,25-34,90.0,Loan originated
1,385000.0,44,415000.0,108.0,1,White,Female,25-34,95.0,Loan originated
1,505000.0,48,535000.0,111.0,1,Hispanic or Latino,Joint,45-54,95.0,Loan originated
1,525000.0,42,655000.0,161.0,1,White,Joint,25-34,95.0,Loan originated
1,335000.0,41,475000.0,98.0,1,White,Male,25-34,70.0,Loan originated
1,205000.0,36,1405000.0,126.0,1,White,Male,25-34,14.286,Loan originated
1,415000.0,45,425000.0,89.0,1,White,Joint,25-34,97.0,Loan originated
1,505000.0,39,4505000.0,258.0,1,White,Male,25-34,11.111,Loan originated
1,665000.0,30%-<36%,895000.0,255.0,1,White,Joint,25-34,75.0,Loan originated
1,515000.0,43,575000.0,134.0,1,Asian,Joint,25-34,89.949,Loan originated
1,305000.0,36,455000.0,161.0,1,Hispanic or Latino,Joint,35-44,66.708,Loan originated
1,425000.0,43,535000.0,98.0,1,White,Male,35-44,80.0,Loan originated
1,735000.0,30%-<36%,915000.0,300.0,1,Asian,Female,35-44,79.781,Loan originated
1,495000.0,44,665000.0,117.0,1,White,Female,35-44,75.0,Loan originated
1,555000.0,48,755000.0,133.0,1,Asian,Male,25-34,74.0,Loan originated
1,505000.0,38,575000.0,170.0,1,Asian,Male,25-34,90.13,Loan originated
1,565000.0,<20%,805000.0,512.0,1,Asian,Male,25-34,70.0,Loan originated
1,1005000.0,38,3455000.0,516.0,1,White,Joint,35-44,28.93,Loan originated
1,1105000.0,44,1705000.0,395.0,1,White,Male,25-34,64.706,Loan originated
1,875000.0,47,1805000.0,456.0,1,White,Female,55-64,48.747,Loan originated
1,255000.0,36,1225000.0,115.0,1,White,Joint,25-34,20.4,Loan originated
1,585000.0,46,605000.0,146.0,1,White,Male,35-44,100.0,Loan originated
1,455000.0,20%-<30%,935000.0,212.0,1,White,Joint,55-64,48.387,Loan originated
1,125000.0,<20%,925000.0,170.0,1,Hispanic or Latino,Joint,35-44,13.51,Loan originated
1,475000.0,44,965000.0,118.0,1,White,Joint,45-54,48.96,Loan originated
1,1125000.0,30%-<36%,1405000.0,328.0,1,Asian,Joint,25-34,80.0,Loan originated
1,485000.0,49,645000.0,106.0,1,Asian,Joint,25-34,95.0,Application denied
1,225000.0,20%-<30%,235000.0,90.0,1,White,Male,35-44,95.0,Loan originated
1,635000.0,40,795000.0,169.0,1,Hispanic or Latino,Male,55-64,80.0,Loan originated
1,555000.0,46,695000.0,219.0,1,Asian,Female,35-44,80.0,Loan originated
1,455000.0,30%-<36%,765000.0,165.0,1,Asian,Male,35-44,60.0,Loan originated
1,555000.0,49,695000.0,150.0,1,Asian,Female,35-44,80.0,Loan originated
1,675000.0,49,1495000.0,159.0,1,White,Female,35-44,45.302,Loan originated
1,635000.0,30%-<36%,795000.0,210.0,1,Black or African American,Male,35-44,80.0,Loan originated
1,345000.0,50%-60%,575000.0,83.0,1,White,Male,25-34,59.13,Loan originated
1,265000.0,20%-<30%,495000.0,123.0,1,White,Male,25-34,53.061,Loan originated
1,675000.0,40,1135000.0,200.0,1,White,Female,>74,59.947,Loan originated
1,665000.0,45,835000.0,181.0,1,Black or African American,Female,35-44,80.0,Loan originated
1,355000.0,48,445000.0,99.0,1,Hispanic or Latino,Male,35-44,80.0,Loan originated
1,525000.0,30%-<36%,585000.0,220.0,1,White,Joint,35-44,90.0,Loan originated
1,545000.0,50%-60%,1265000.0,154.0,1,White,Male,55-64,42.857,Loan originated
1,105000.0,30%-<36%,165000.0,81.0,1,Other,Female,>74,62.5,Loan originated
1,765000.0,41,2555000.0,286.0,1,White,Male,55-64,30.06,Loan originated
1,805000.0,30%-<36%,905000.0,253.0,1,Hispanic or Latino,Joint,25-34,89.611,Loan originated
1,425000.0,43,475000.0,118.0,1,Black or African American,Female,35-44,90.0,Loan originated
1,305000.0,20%-<30%,455000.0,100.0,1,White,Joint,>74,65.289,Loan originated
1,425000.0,39,525000.0,279.0,1,White,Female,>74,80.0,Loan originated
1,725000.0,48,805000.0,180.0,1,White,Male,45-54,90.0,Loan originated
1,755000.0,49,945000.0,171.0,1,Asian,Joint,35-44,80.0,Loan originated
1,105000.0,49,175000.0,42.0,1,White,Male,45-54,59.0,Loan originated
1,1005000.0,43,1255000.0,228.0,1,White,Joint,35-44,80.0,Loan originated
1,345000.0,49,435000.0,99.0,1,Hispanic or Latino,Male,25-34,80.0,Loan originated
1,605000.0,30%-<36%,765000.0,193.0,1,White,Joint,35-44,80.0,Loan originated
1,165000.0,<20%,465000.0,465.0,1,White,Joint,45-54,35.0,Loan originated
1,1085000.0,30%-<36%,1365000.0,340.0,1,Asian,Male,25-34,79.3,Loan originated
1,1145000.0,46,1425000.0,270.0,1,White,Male,35-44,80.0,Loan originated
1,535000.0,30%-<36%,705000.0,239.0,1,White,Female,35-44,75.0,Loan originated
1,495000.0,42,635000.0,160.0,1,Hispanic or Latino,Male,45-54,77.826,Loan originated
1,705000.0,37,885000.0,620.0,1,White,Joint,65-74,80.0,Loan originated
1,365000.0,43,375000.0,89.0,1,White,Joint,<25,97.0,Loan originated
1,535000.0,20%-<30%,555000.0,377.0,1,Asian,Joint,45-54,95.0,Loan originated
1,795000.0,50%-60%,995000.0,190.0,1,Asian,Joint,55-64,80.0,Loan originated
1,355000.0,30%-<36%,375000.0,153.0,1,White,Female,25-34,94.93,Loan originated
1,1135000.0,44,1305000.0,230.0,1,White,Joint,35-44,87.538,Loan originated
1,285000.0,36,295000.0,104.0,1,White,Joint,45-54,97.0,Loan originated
1,515000.0,37,605000.0,167.0,1,Other,Joint,35-44,104.672,Loan originated
1,995000.0,38,1245000.0,323.0,1,Asian,Joint,25-34,80.0,Loan originated
1,445000.0,30%-<36%,475000.0,153.0,1,Hispanic or Latino,Joint,25-34,95.0,Loan originated
1,675000.0,46,955000.0,188.0,1,White,Joint,55-64,71.05,Loan originated
1,185000.0,20%-<30%,525000.0,134.0,1,White,Joint,65-74,35.238,Loan originated
1,655000.0,48,825000.0,177.0,1,Asian,Joint,35-44,80.0,Loan originated
1,185000.0,20%-<30%,205000.0,146.0,1,White,Male,55-64,90.0,Application denied
1,295000.0,49,385000.0,60.0,1,Hispanic or Latino,Male,65-74,97.63,Loan originated
1,615000.0,39,685000.0,188.0,1,Asian,Female,35-44,89.99,Loan originated
1,95000.0,30%-<36%,115000.0,192.0,1,White,Joint,65-74,83.0,Loan originated
1,355000.0,44,635000.0,96.0,1,Hispanic or Latino,Female,45-54,56.618,Loan originated
1,235000.0,47,295000.0,79.0,1,White,Male,35-44,80.0,Application denied
1,545000.0,46,565000.0,107.0,1,White,Male,35-44,95.0,Loan originated
1,395000.0,48,435000.0,96.0,1,Hispanic or Latino,Male,55-64,90.0,Loan originated
1,1105000.0,46,2105000.0,449.0,1,White,Male,45-54,52.381,Loan originated
1,685000.0,47,825000.0,185.0,1,Hispanic or Latino,Male,45-54,82.237,Loan originated
1,535000.0,50%-60%,555000.0,111.0,1,Asian,Joint,25-34,97.0,Application denied
1,365000.0,30%-<36%,455000.0,139.0,1,White,Male,25-34,80.0,Loan originated
1,245000.0,48,325000.0,63.0,1,Hispanic or Latino,Female,45-54,75.0,Loan originated
1,615000.0,38,775000.0,208.0,1,Hispanic or Latino,Female,35-44,80.0,Loan originated
1,225000.0,44,255000.0,192.0,1,White,Male,65-74,89.412,Loan originated
1,725000.0,20%-<30%,915000.0,483.0,1,White,Male,35-44,80.0,Loan originated
1,835000.0,43,1085000.0,187.0,1,White,Male,25-34,76.852,Loan originated
1,1025000.0,30%-<36%,1365000.0,396.0,1,Asian,Female,45-54,75.0,Loan originated
1,385000.0,>60%,515000.0,61.0,1,Black or African American,Male,35-44,75.0,Application denied
1,975000.0,30%-<36%,1225000.0,300.0,1,White,Male,55-64,80.0,Loan originated
1,615000.0,30%-<36%,645000.0,222.0,1,Asian,Joint,25-34,95.0,Loan originated
1,645000.0,43,675000.0,240.0,1,Hispanic or Latino,Joint,35-44,95.0,Loan originated
1,375000.0,46,395000.0,75.0,1,White,Male,35-44,95.0,Loan originated
1,1135000.0,30%-<36%,1515000.0,368.0,1,Asian,Joint,25-34,75.0,Loan originated
1,685000.0,48,855000.0,178.0,1,Asian,Female,35-44,80.0,Loan originated
1,465000.0,47,495000.0,150.0,1,Asian,Joint,25-34,95.0,Loan originated
1,345000.0,47,555000.0,127.0,1,White,Male,25-34,62.0,Loan originated
1,345000.0,30%-<36%,535000.0,171.0,1,White,Joint,25-34,64.29,Loan originated
1,355000.0,38,595000.0,109.0,1,White,Joint,>74,60.0,Loan originated
1,585000.0,37,725000.0,149.0,1,Asian,Male,25-34,80.0,Loan originated
1,855000.0,20%-<30%,1075000.0,379.0,1,Asian,Joint,35-44,80.0,Loan originated
1,295000.0,20%-<30%,425000.0,176.0,1,Hispanic or Latino,Male,25-34,70.0,Loan originated
1,275000.0,41,345000.0,76.0,1,Black or African American,Joint,55-64,80.0,Loan originated
1,545000.0,30%-<36%,675000.0,219.0,1,Asian,Female,35-44,80.0,Loan originated
1,765000.0,>60%,1045000.0,200.0,1,Asian,Male,55-64,73.707,Application denied
1,415000.0,47,575000.0,153.0,1,White,Joint,35-44,71.93,Loan originated
1,295000.0,20%-<30%,395000.0,106.0,1,Hispanic or Latino,Female,25-34,74.359,Loan originated
1,735000.0,30%-<36%,1035000.0,215.0,1,Asian,Female,45-54,71.0,Loan originated
1,215000.0,30%-<36%,225000.0,93.0,1,White,Male,35-44,365.657,Loan originated
1,1145000.0,48,1935000.0,569.0,1,Asian,Joint,65-74,59.576,Loan originated
1,885000.0,48,1605000.0,196.0,1,White,Male,55-64,55.125,Loan originated
1,585000.0,49,735000.0,144.0,1,Asian,Male,35-44,80.0,Loan originated
1,585000.0,36,725000.0,199.0,1,Hispanic or Latino,Joint,55-64,80.0,Loan originated
1,345000.0,45,425000.0,158.0,1,White,Joint,55-64,80.0,Application denied
1,1005000.0,42,1255000.0,216.0,1,Asian,Male,35-44,80.0,Loan originated
1,335000.0,36,415000.0,92.0,1,White,Male,45-54,80.0,Loan originated
1,1005000.0,44,1465000.0,350.0,1,Asian,Male,35-44,68.253,Loan originated
1,645000.0,50%-60%,835000.0,261.0,1,White,Female,25-34,76.976,Application denied
1,605000.0,48,645000.0,136.0,1,Hispanic or Latino,Female,25-34,95.0,Loan originated
1,285000.0,49,305000.0,56.0,1,White,Male,25-34,95.0,Loan originated
1,1145000.0,48,1215000.0,343.0,1,Asian,Male,35-44,94.568,Loan originated
1,705000.0,44,755000.0,250.0,1,White,Female,45-54,93.377,Loan originated
1,375000.0,20%-<30%,465000.0,161.0,1,White,Male,35-44,80.0,Loan originated
1,755000.0,49,1005000.0,147.0,1,White,Joint,<25,75.0,Loan originated
1,405000.0,38,445000.0,207.0,1,Hispanic or Latino,Female,35-44,90.0,Loan originated
1,465000.0,49,525000.0,99.0,1,Hispanic or Latino,Female,55-64,89.0,Loan originated
1,655000.0,42,1105000.0,188.0,1,Asian,Male,55-64,60.0,Loan originated
1,755000.0,41,885000.0,239.0,1,White,Female,65-74,85.0,Loan originated
1,225000.0,46,245000.0,67.0,1,Hispanic or Latino,Joint,45-54,90.0,Loan originated
1,425000.0,49,455000.0,141.0,1,White,Female,45-54,95.0,Loan originated
1,205000.0,>60%,305000.0,23.0,1,Hispanic or Latino,Male,55-64,66.67,Application denied
1,945000.0,41,1185000.0,227.0,1,White,Female,55-64,80.0,Loan originated
1,495000.0,42,615000.0,115.0,1,Asian,Female,45-54,80.0,Loan originated
1,845000.0,39,1125000.0,204.0,1,Asian,Joint,45-54,75.0,Loan originated
1,1145000.0,39,1665000.0,310.0,1,Asian,Joint,25-34,69.27,Loan originated
1,305000.0,30%-<36%,335000.0,90.0,1,White,Joint,35-44,100.0,Application denied
1,485000.0,43,515000.0,116.0,1,Hispanic or Latino,Joint,35-44,100.825,Loan originated
1,525000.0,49,555000.0,101.0,1,Hispanic or Latino,Female,25-34,95.0,Loan originated
1,585000.0,43,595000.0,133.0,1,Asian,Female,25-34,97.0,Loan originated
1,465000.0,47,585000.0,102.0,1,Asian,Joint,25-34,80.0,Loan originated
1,545000.0,43,975000.0,165.0,1,Asian,Male,25-34,56.0,Loan originated
1,15000.0,<20%,335000.0,95.0,1,White,Male,35-44,101.5,Application denied
1,805000.0,49,1075000.0,164.0,1,White,Male,45-54,75.0,Loan originated
1,1205000.0,49,1505000.0,239.0,1,Asian,Female,35-44,80.0,Loan originated
1,655000.0,40,825000.0,250.0,1,White,Joint,45-54,80.0,Loan originated
1,435000.0,49,455000.0,111.0,1,Asian,Female,25-34,97.0,Application denied
1,485000.0,30%-<36%,655000.0,207.0,1,White,Male,55-64,75.0,Application denied
1,585000.0,47,645000.0,109.0,1,Asian,Male,45-54,89.99,Loan originated
1,605000.0,30%-<36%,1945000.0,313.0,1,White,Joint,55-64,30.93,Loan originated
1,215000.0,42,505000.0,72.0,1,White,Female,35-44,43.0,Loan originated
1,665000.0,41,825000.0,281.0,1,White,Joint,65-74,80.0,Loan originated
1,705000.0,40,875000.0,288.0,1,White,Joint,25-34,80.0,Loan originated
1,525000.0,30%-<36%,725000.0,183.0,1,White,Male,25-34,72.222,Loan originated
1,325000.0,49,525000.0,87.0,1,White,Joint,55-64,61.905,Loan originated
1,765000.0,50%-60%,875000.0,191.0,1,Asian,Male,25-34,87.6,Application denied
1,925000.0,47,1185000.0,219.0,1,White,Male,25-34,78.059,Loan originated
1,195000.0,20%-<30%,245000.0,145.0,1,Hispanic or Latino,Joint,65-74,80.0,Loan originated
1,765000.0,39,825000.0,221.0,1,Asian,Joint,25-34,92.489,Loan originated
1,165000.0,40,745000.0,77.0,1,White,Female,65-74,21.622,Loan originated
1,545000.0,30%-<36%,685000.0,194.0,1,White,Joint,25-34,80.0,Loan originated
1,515000.0,48,645000.0,158.0,1,Hispanic or Latino,Joint,45-54,80.0,Loan originated
1,265000.0,49,965000.0,106.0,1,Hispanic or Latino,Joint,45-54,27.46,Loan originated
1,755000.0,20%-<30%,1085000.0,339.0,1,White,Joint,35-44,70.0,Loan originated
1,805000.0,20%-<30%,1205000.0,305.0,1,Asian,Joint,35-44,67.0,Loan originated
1,545000.0,30%-<36%,745000.0,156.0,1,Asian,Male,25-34,72.97,Loan originated
1,645000.0,20%-<30%,1285000.0,524.0,1,Asian,Male,45-54,50.0,Loan originated
1,665000.0,49,975000.0,135.0,1,White,Male,45-54,69.0,Loan originated
1,1005000.0,45,1255000.0,267.0,1,White,Joint,35-44,80.0,Loan originated
1,545000.0,30%-<36%,645000.0,224.0,1,Hispanic or Latino,Male,55-64,85.0,Application denied
1,675000.0,30%-<36%,1925000.0,272.0,1,White,Joint,55-64,35.0,Loan originated
1,765000.0,20%-<30%,1445000.0,378.0,1,Asian,Joint,25-34,53.088,Loan originated
1,235000.0,41,245000.0,124.0,1,Asian,Joint,25-34,95.0,Loan originated
1,765000.0,45,1105000.0,439.0,1,White,Female,45-54,69.686,Loan originated
1,685000.0,30%-<36%,855000.0,232.0,1,White,Joint,25-34,80.0,Loan originated
1,1005000.0,42,1255000.0,287.0,1,White,Male,25-34,80.0,Loan originated
1,65000.0,47,2045000.0,38.0,1,White,Male,>74,2.933,Loan originated
1,565000.0,49,645000.0,120.0,1,Hispanic or Latino,Joint,35-44,89.0,Loan originated
1,345000.0,49,445000.0,113.0,1,Hispanic or Latino,Joint,45-54,77.773,Loan originated
1,395000.0,39,415000.0,111.0,1,White,Female,45-54,97.0,Loan originated
1,505000.0,47,655000.0,122.0,1,Asian,Joint,25-34,76.742,Loan originated
1,405000.0,30%-<36%,515000.0,120.0,1,White,Male,25-34,80.0,Loan originated
1,305000.0,45,385000.0,68.0,1,White,Joint,25-34,80.0,Loan originated
1,585000.0,30%-<36%,985000.0,226.0,1,White,Male,25-34,59.184,Loan originated
1,465000.0,42,655000.0,143.0,1,White,Joint,65-74,71.048,Loan originated
1,675000.0,37,835000.0,166.0,1,Asian,Male,35-44,80.0,Loan originated
1,425000.0,47,765000.0,97.0,1,White,Male,35-44,56.0,Loan originated
1,775000.0,41,1295000.0,208.0,1,White,Joint,45-54,60.0,Loan originated
1,405000.0,30%-<36%,555000.0,127.0,1,White,Female,>74,72.727,Loan originated
1,905000.0,30%-<36%,1205000.0,529.0,1,White,Male,45-54,75.0,Loan originated
1,395000.0,44,415000.0,165.0,1,Hispanic or Latino,Male,25-34,94.999,Loan originated
1,935000.0,20%-<30%,1175000.0,530.0,1,Asian,Joint,35-44,80.0,Loan originated
1,375000.0,43,805000.0,126.0,1,Hispanic or Latino,Female,55-64,46.7,Loan originated
1,585000.0,20%-<30%,735000.0,332.0,1,White,Male,25-34,80.0,Loan originated
1,545000.0,45,685000.0,146.0,1,White,Female,25-34,80.0,Loan originated
1,695000.0,47,985000.0,163.0,1,Asian,Female,45-54,69.98,Loan originated
1,585000.0,46,695000.0,139.0,1,Asian,Joint,25-34,85.0,Loan originated
1,145000.0,49,245000.0,243.0,1,White,Joint,>74,60.0,Loan originated
1,275000.0,40,315000.0,76.0,1,White,Male,25-34,90.0,Application denied
1,1035000.0,50%-60%,1855000.0,183.0,1,White,Female,65-74,55.95,Loan originated
1,585000.0,49,745000.0,120.0,1,White,Male,25-34,79.0,Loan originated
1,485000.0,45,515000.0,160.0,1,Hispanic or Latino,Female,25-34,95.0,Loan originated
1,185000.0,>60%,195000.0,118.0,1,White,Joint,35-44,94.74,Application denied
1,155000.0,39,435000.0,64.0,1,White,Female,65-74,35.294,Loan originated
1,885000.0,30%-<36%,1075000.0,269.0,1,Asian,Male,25-34,81.86,Application denied
1,665000.0,44,875000.0,190.0,1,Asian,Male,25-34,77.0,Loan originated
1,675000.0,42,845000.0,176.0,1,Asian,Joint,65-74,80.0,Loan originated
1,595000.0,38,1325000.0,210.0,1,Asian,Female,25-34,45.0,Loan originated
1,205000.0,38,245000.0,66.0,1,White,Male,<25,85.0,Loan originated
1,325000.0,43,345000.0,206.0,1,Asian,Joint,35-44,95.0,Loan originated
1,485000.0,<20%,755000.0,956.0,1,White,Joint,55-64,63.625,Loan originated
1,625000.0,43,785000.0,319.0,1,Asian,Male,25-34,80.0,Loan originated
1,555000.0,48,935000.0,156.0,1,Asian,Joint,25-34,59.508,Loan originated
1,375000.0,<20%,1005000.0,321.0,1,White,Joint,45-54,38.0,Loan originated
1,215000.0,44,235000.0,76.0,1,Hispanic or Latino,Female,25-34,87.87,Loan originated
1,1145000.0,50%-60%,3505000.0,230.0,1,White,Male,35-44,32.829,Loan originated
1,495000.0,50%-60%,615000.0,103.0,1,Hispanic or Latino,Female,55-64,80.0,Loan originated
1,445000.0,20%-<30%,555000.0,241.0,1,White,Male,35-44,80.0,Loan originated
1,335000.0,49,825000.0,87.0,1,White,Female,>74,40.97,Loan originated
1,865000.0,20%-<30%,1105000.0,376.0,1,Hispanic or Latino,Male,45-54,78.352,Loan originated
1,645000.0,40,735000.0,156.0,1,Asian,Joint,25-34,88.59,Loan originated
1,145000.0,20%-<30%,155000.0,89.0,1,White,Female,65-74,90.629,Loan originated
1,465000.0,30%-<36%,675000.0,141.0,1,Hispanic or Latino,Joint,35-44,70.0,Loan originated
1,955000.0,20%-<30%,1335000.0,422.0,1,White,Joint,35-44,71.77,Loan originated
1,475000.0,48,595000.0,143.0,1,White,Male,65-74,80.0,Loan originated
1,475000.0,44,1275000.0,120.0,1,White,Joint,65-74,36.87,Loan originated
1,695000.0,43,735000.0,222.0,1,White,Male,35-44,95.0,Loan originated
1,785000.0,37,985000.0,277.0,1,White,Joint,35-44,80.0,Loan originated
1,995000.0,36,1055000.0,299.0,1,Black or African American,Male,25-34,95.0,Loan originated
1,65000.0,50%-60%,725000.0,48.0,1,Black or African American,Male,65-74,9.444,Loan originated
1,465000.0,44,965000.0,355.0,1,White,Joint,35-44,48.19,Loan originated
1,385000.0,48,425000.0,122.0,1,White,Female,35-44,90.0,Loan originated
1,685000.0,49,725000.0,148.0,1,Asian,Female,35-44,95.0,Loan originated
1,455000.0,46,485000.0,171.0,1,Black or African American,Male,45-54,95.0,Loan originated
1,915000.0,48,1405000.0,231.0,1,White,Female,35-44,65.0,Loan originated
1,155000.0,49,235000.0,41.0,1,Black or African American,Female,65-74,65.0,Loan originated
1,605000.0,49,815000.0,107.0,1,Hispanic or Latino,Male,35-44,73.84,Loan originated
1,265000.0,49,785000.0,148.0,1,Asian,Male,45-54,34.27,Loan originated
1,515000.0,39,555000.0,163.0,1,White,Joint,25-34,93.658,Loan originated
1,465000.0,46,585000.0,290.0,1,Black or African American,Male,>74,80.0,Loan originated
1,865000.0,30%-<36%,1085000.0,277.0,1,Asian,Joint,<25,80.0,Loan originated
1,335000.0,30%-<36%,415000.0,110.0,1,White,Female,65-74,80.0,Loan originated
1,395000.0,30%-<36%,495000.0,116.0,1,White,Female,25-34,80.0,Loan originated
1,415000.0,20%-<30%,515000.0,229.0,1,Asian,Joint,35-44,80.0,Loan originated
1,475000.0,20%-<30%,595000.0,202.0,1,White,Joint,45-54,80.0,Loan originated
1,855000.0,30%-<36%,1075000.0,278.0,1,White,Joint,25-34,80.0,Loan originated
1,525000.0,36,705000.0,150.0,1,Asian,Female,45-54,75.0,Loan originated
1,495000.0,43,755000.0,164.0,1,Asian,Male,35-44,64.99999,Loan originated
1,705000.0,44,745000.0,161.0,1,White,Female,25-34,98.0,Loan originated
1,675000.0,39,705000.0,239.0,1,Asian,Joint,25-34,95.0,Loan originated
1,225000.0,44,685000.0,87.0,1,White,Joint,55-64,32.46,Loan originated
1,485000.0,49,605000.0,105.0,1,Asian,Male,25-34,80.0,Loan originated
1,565000.0,37,705000.0,153.0,1,Hispanic or Latino,Male,45-54,80.0,Loan originated
1,345000.0,44,355000.0,73.0,1,White,Male,35-44,97.0,Loan originated
1,525000.0,39,585000.0,139.0,1,Hispanic or Latino,Female,35-44,90.0,Loan originated
1,715000.0,30%-<36%,795000.0,206.0,1,Asian,Male,25-34,89.989,Loan originated
1,525000.0,45,695000.0,135.0,1,Asian,Joint,55-64,75.0,Loan originated
1,525000.0,37,655000.0,165.0,1,White,Male,45-54,80.0,Loan originated
1,65000.0,<20%,465000.0,121.0,1,Black or African American,Male,25-34,14.712,Loan originated
1,765000.0,42,1275000.0,201.0,1,White,Joint,35-44,60.12,Loan originated
1,545000.0,48,895000.0,129.0,1,White,Female,35-44,61.0,Loan originated
1,505000.0,41,975000.0,158.0,1,White,Joint,35-44,65.134,Loan originated
1,175000.0,48,525000.0,100.0,1,White,Male,35-44,32.692,Loan originated
1,545000.0,49,635000.0,227.0,1,Hispanic or Latino,Male,65-74,85.0,Loan originated
1,675000.0,45,845000.0,204.0,1,White,Male,45-54,80.0,Loan originated
1,595000.0,49,615000.0,150.0,1,Hispanic or Latino,Male,35-44,97.0,Loan originated
1,905000.0,36,1255000.0,442.0,1,Asian,Joint,35-44,72.0,Loan originated
1,765000.0,47,1025000.0,247.0,1,Asian,Female,55-64,75.0,Loan originated
1,585000.0,49,1185000.0,246.0,1,White,Joint,25-34,49.15,Loan originated
1,475000.0,20%-<30%,945000.0,212.0,1,Asian,Male,35-44,50.0,Loan originated
1,595000.0,>60%,605000.0,53.0,1,Black or African American,Female,55-64,99.167,Application denied
1,395000.0,49,495000.0,82.0,1,Hispanic or Latino,Female,35-44,79.0,Loan originated
1,755000.0,36,795000.0,294.0,1,Hispanic or Latino,Joint,45-54,95.0,Loan originated
1,295000.0,20%-<30%,325000.0,143.0,1,Black or African American,Joint,>74,90.0,Loan originated
1,665000.0,39,785000.0,182.0,1,Asian,Male,35-44,85.0,Loan originated
1,425000.0,49,515000.0,104.0,1,Hispanic or Latino,Joint,45-54,101.942,Loan originated
1,735000.0,20%-<30%,825000.0,285.0,1,Asian,Joint,35-44,89.99,Loan originated
1,365000.0,43,855000.0,110.0,1,White,Male,55-64,43.24,Loan originated
1,505000.0,20%-<30%,1175000.0,365.0,1,White,Joint,45-54,43.0,Loan originated
1,275000.0,49,575000.0,63.0,1,Black or African American,Joint,55-64,47.099,Loan originated
1,295000.0,44,315000.0,139.0,1,Hispanic or Latino,Male,35-44,94.0,Application denied
1,405000.0,20%-<30%,875000.0,223.0,1,White,Male,55-64,45.714,Loan originated
1,415000.0,47,435000.0,116.0,1,White,Male,25-34,97.0,Loan originated
1,945000.0,48,1175000.0,221.0,1,Asian,Female,25-34,80.0,Loan originated
1,315000.0,40,405000.0,76.0,1,White,Male,45-54,78.38,Loan originated
1,165000.0,<20%,665000.0,187.0,1,Asian,Joint,45-54,24.81,Loan originated
1,355000.0,45,395000.0,80.0,1,White,Male,25-34,97.797,Loan originated
1,515000.0,39,1185000.0,143.0,1,White,Joint,25-34,43.038,Loan originated
1,1145000.0,43,1525000.0,318.0,1,Asian,Joint,25-34,85.0,Loan originated
1,505000.0,44,625000.0,157.0,1,Hispanic or Latino,Male,35-44,80.0,Loan originated
1,325000.0,49,475000.0,98.0,1,White,Female,65-74,68.467,Loan originated
1,785000.0,38,1055000.0,190.0,1,Asian,Male,35-44,75.0,Loan originated
1,295000.0,47,665000.0,88.0,1,Asian,Joint,65-74,45.0,Loan originated
1,515000.0,46,635000.0,179.0,1,Asian,Male,35-44,80.0,Loan originated
1,185000.0,20%-<30%,175000.0,171.0,1,Black or African American,Joint,45-54,106.05,Loan originated
1,885000.0,30%-<36%,1355000.0,232.0,1,Asian,Male,25-34,65.461,Loan originated
1,765000.0,30%-<36%,965000.0,486.0,1,Asian,Male,35-44,79.844,Loan originated
1,155000.0,20%-<30%,835000.0,114.0,1,Asian,Male,45-54,17.964,Loan originated
1,725000.0,50%-60%,975000.0,155.0,1,Asian,Male,25-34,74.742,Loan originated
1,575000.0,49,1275000.0,140.0,1,White,Male,35-44,45.0,Loan originated
1,945000.0,20%-<30%,1185000.0,387.0,1,Asian,Joint,25-34,80.0,Loan originated
1,845000.0,<20%,1055000.0,728.0,1,White,Male,45-54,80.0,Loan originated
1,365000.0,30%-<36%,385000.0,114.0,1,Hispanic or Latino,Joint,25-34,100.0,Loan originated
1,105000.0,20%-<30%,155000.0,166.0,1,White,Male,35-44,67.9,Loan originated
1,875000.0,44,1085000.0,239.0,1,White,Male,35-44,80.0,Loan originated
1,705000.0,>60%,1435000.0,155.0,1,Asian,Male,55-64,48.66,Application denied
1,685000.0,43,855000.0,149.0,1,Hispanic or Latino,Female,55-64,80.0,Application denied
1,465000.0,30%-<36%,585000.0,140.0,1,Asian,Female,25-34,80.0,Loan originated
1,475000.0,30%-<36%,1175000.0,176.0,1,White,Joint,<25,40.426,Loan originated
1,1145000.0,45,1755000.0,253.0,1,Asian,Joint,35-44,65.657,Loan originated
1,95000.0,>60%,145000.0,77.0,1,Hispanic or Latino,Male,25-34,63.22,Application denied
1,515000.0,44,545000.0,181.0,1,Hispanic or Latino,Joint,25-34,95.0,Loan originated
1,725000.0,30%-<36%,905000.0,243.0,1,White,Joint,<25,80.0,Loan originated
1,195000.0,46,815000.0,96.0,1,White,Joint,45-54,23.457,Loan originated
1,445000.0,30%-<36%,565000.0,134.0,1,Hispanic or Latino,Male,25-34,80.0,Loan originated
1,455000.0,41,1275000.0,175.0,1,Asian,Joint,35-44,35.43,Loan originated
1,385000.0,44,485000.0,135.0,1,Hispanic or Latino,Joint,35-44,80.0,Loan originated
1,125000.0,>60%,1475000.0,57.0,1,White,Male,>74,8.492,Application denied
1,655000.0,47,945000.0,133.0,1,Asian,Joint,25-34,69.255,Loan originated
1,925000.0,50%-60%,975000.0,180.0,1,Hispanic or Latino,Joint,45-54,95.0,Loan originated
1,605000.0,47,1975000.0,202.0,1,Asian,Male,35-44,31.0,Loan originated
1,595000.0,38,855000.0,187.0,1,Asian,Male,<25,70.0,Loan originated
1,205000.0,<20%,975000.0,193.0,1,Asian,Female,55-64,20.429,Loan originated
1,825000.0,43,1325000.0,188.0,1,Asian,Joint,25-34,62.121,Loan originated
1,435000.0,49,455000.0,76.0,1,Asian,Female,25-34,94.854,Loan originated
1,205000.0,30%-<36%,495000.0,72.0,1,White,Joint,>74,41.837,Loan originated
1,705000.0,49,1565000.0,250.0,1,Asian,Male,35-44,44.872,Loan originated
1,465000.0,<20%,575000.0,305.0,1,Asian,Female,35-44,80.0,Loan originated
1,415000.0,20%-<30%,435000.0,230.0,1,Black or African American,Male,35-44,95.0,Loan originated
1,765000.0,49,975000.0,159.0,1,Asian,Female,25-34,78.615,Loan originated
1,525000.0,45,625000.0,334.0,1,White,Female,35-44,85.0,Loan originated
1,315000.0,41,325000.0,88.0,1,Hispanic or Latino,Male,25-34,99.375,Application denied
1,445000.0,44,465000.0,116.0,1,Hispanic or Latino,Female,45-54,95.0,Loan originated
1,565000.0,49,705000.0,242.0,1,White,Joint,25-34,80.0,Loan originated
1,1065000.0,45,1125000.0,234.0,1,Hispanic or Latino,Joint,25-34,95.0,Loan originated
1,405000.0,42,425000.0,102.0,1,Hispanic or Latino,Male,25-34,94.118,Loan originated
1,665000.0,49,2015000.0,206.0,1,White,Joint,65-74,33.043,Loan originated
1,75000.0,37,95000.0,64.0,1,White,Male,65-74,77.78,Loan originated
1,865000.0,42,1265000.0,23.0,1,Asian,Joint,35-44,68.25,Loan originated
1,425000.0,30%-<36%,445000.0,117.0,1,Asian,Female,25-34,95.0,Loan originated
1,455000.0,41,475000.0,130.0,1,Hispanic or Latino,Female,25-34,95.0,Loan originated
1,355000.0,30%-<36%,675000.0,150.0,1,Asian,Male,35-44,51.852,Loan originated
1,695000.0,49,875000.0,128.0,1,Asian,Joint,55-64,80.0,Loan originated
1,1145000.0,20%-<30%,2255000.0,600.0,1,White,Male,35-44,52.0,Loan originated
1,25000.0,43,645000.0,179.0,1,White,Joint,35-44,100.0,Loan originated
1,745000.0,50%-60%,925000.0,113.0,1,Asian,Female,35-44,80.0,Application denied
1,705000.0,20%-<30%,935000.0,313.0,1,White,Male,25-34,75.0,Loan originated
1,765000.0,41,905000.0,216.0,1,Asian,Joint,35-44,84.539,Loan originated
1,665000.0,40,915000.0,174.0,1,Asian,Male,35-44,72.977,Loan originated
1,705000.0,43,1605000.0,179.0,1,White,Joint,25-34,43.75,Loan originated
1,755000.0,46,1205000.0,200.0,1,Hispanic or Latino,Male,35-44,62.5,Loan originated
1,605000.0,37,755000.0,168.0,1,White,Joint,25-34,80.0,Application denied
1,545000.0,30%-<36%,675000.0,171.0,1,Asian,Male,55-64,80.0,Loan originated
1,255000.0,20%-<30%,325000.0,99.0,1,White,Male,45-54,80.0,Loan originated
1,265000.0,43,335000.0,65.0,1,Asian,Joint,45-54,80.0,Loan originated
1,775000.0,39,965000.0,218.0,1,Asian,Male,25-34,80.0,Loan originated
1,705000.0,47,1005000.0,189.0,1,Asian,Female,25-34,70.0,Loan originated
1,1095000.0,50%-60%,1785000.0,362.0,1,Asian,Joint,35-44,61.517,Application denied
1,645000.0,49,805000.0,162.0,1,Hispanic or Latino,Male,35-44,80.0,Loan originated
1,765000.0,45,975000.0,210.0,1,Asian,Male,25-34,80.0,Loan originated
1,365000.0,47,455000.0,77.0,1,White,Male,<25,80.0,Loan originated
1,545000.0,42,595000.0,225.0,1,Asian,Female,35-44,91.667,Loan originated
1,355000.0,49,375000.0,76.0,1,Hispanic or Latino,Male,35-44,95.0,Loan originated
1,285000.0,48,345000.0,58.0,1,Hispanic or Latino,Male,25-34,82.0,Loan originated
1,505000.0,20%-<30%,805000.0,436.0,1,White,Joint,35-44,62.733,Loan originated
1,225000.0,43,245000.0,67.0,1,Hispanic or Latino,Male,55-64,95.0,Loan originated
1,115000.0,36,695000.0,86.0,1,White,Joint,55-64,16.52,Loan originated
1,465000.0,49,805000.0,100.0,1,White,Female,55-64,58.125,Loan originated
1,505000.0,40,595000.0,202.0,1,Asian,Male,55-64,85.0,Loan originated
1,655000.0,46,1255000.0,205.0,1,White,Joint,55-64,52.191,Loan originated
1,315000.0,36,425000.0,178.0,1,Hispanic or Latino,Joint,25-34,75.0,Loan originated
1,405000.0,37,745000.0,150.0,1,White,Joint,65-74,54.189,Application denied
1,565000.0,46,715000.0,125.0,1,Asian,Male,25-34,80.0,Loan originated
1,605000.0,36,635000.0,172.0,1,Hispanic or Latino,Male,35-44,95.0,Loan originated
1,405000.0,49,425000.0,107.0,1,Hispanic or Latino,Joint,25-34,95.0,Loan originated
1,575000.0,49,605000.0,132.0,1,Hispanic or Latino,Male,45-54,95.0,Loan originated
1,625000.0,>60%,825000.0,125.0,1,Asian,Female,35-44,75.0,Application denied
1,325000.0,49,455000.0,142.0,1,Hispanic or Latino,Joint,35-44,70.0,Loan originated
1,785000.0,30%-<36%,1125000.0,225.0,1,Asian,Male,55-64,70.0,Loan originated
1,675000.0,20%-<30%,935000.0,305.0,1,Hispanic or Latino,Joint,35-44,73.0,Loan originated
1,765000.0,46,1255000.0,334.0,1,White,Joint,35-44,61.324,Loan originated
1,1045000.0,20%-<30%,1235000.0,348.0,1,White,Joint,35-44,85.0,Loan originated
1,495000.0,30%-<36%,525000.0,139.0,1,Hispanic or Latino,Female,35-44,95.0,Loan originated
1,225000.0,49,385000.0,82.0,1,Asian,Joint,>74,57.895,Loan originated
1,455000.0,30%-<36%,605000.0,335.0,1,White,Male,55-64,75.0,Loan originated
1,575000.0,44,685000.0,144.0,1,White,Female,35-44,85.0,Loan originated
1,495000.0,49,755000.0,253.0,1,Asian,Male,35-44,65.33,Loan originated
1,455000.0,20%-<30%,575000.0,375.0,1,Hispanic or Latino,Male,45-54,80.0,Loan originated
1,445000.0,42,555000.0,210.0,1,Asian,Joint,35-44,80.0,Loan originated
1,335000.0,48,525000.0,80.0,1,Asian,Male,35-44,64.381,Loan originated
1,375000.0,20%-<30%,535000.0,200.0,1,White,Joint,35-44,69.159,Loan originated
1,515000.0,30%-<36%,565000.0,166.0,1,White,Joint,25-34,90.0,Loan originated
1,885000.0,39,1385000.0,217.0,1,Asian,Male,25-34,63.768,Loan originated
1,275000.0,30%-<36%,305000.0,213.0,1,White,Male,<25,90.0,Loan originated
1,1005000.0,20%-<30%,1335000.0,450.0,1,White,Female,35-44,75.0,Loan originated
1,325000.0,40,415000.0,110.0,1,Hispanic or Latino,Female,45-54,80.0,Loan originated
1,465000.0,20%-<30%,575000.0,362.0,1,White,Joint,45-54,80.0,Loan originated
1,495000.0,43,515000.0,119.0,1,Hispanic or Latino,Joint,25-34,95.0,Loan originated
1,765000.0,36,1115000.0,181.0,1,Asian,Female,25-34,68.75,Loan originated
1,675000.0,47,845000.0,130.0,1,Asian,Male,35-44,80.0,Loan originated
1,1135000.0,43,1555000.0,344.0,1,Black or African American,Male,35-44,72.903,Loan originated
1,1135000.0,30%-<36%,1895000.0,403.0,1,Asian,Male,35-44,60.0,Loan originated
1,255000.0,>60%,505000.0,90.0,1,White,Joint,65-74,50.797,Application denied
1,95000.0,20%-<30%,265000.0,63.0,1,White,Female,65-74,34.615,Loan originated
1,585000.0,40,615000.0,143.0,1,White,Joint,45-54,95.0,Loan originated
1,1095000.0,41,1365000.0,244.0,1,Asian,Joint,45-54,80.0,Loan originated
1,605000.0,47,675000.0,153.0,1,White,Male,25-34,90.0,Loan originated
1,435000.0,44,835000.0,139.0,1,White,Joint,35-44,52.325,Loan originated
1,495000.0,45,555000.0,127.0,1,Hispanic or Latino,Female,45-54,90.0,Loan originated
1,545000.0,44,605000.0,177.0,1,Hispanic or Latino,Joint,45-54,90.0,Loan originated
1,1145000.0,41,1575000.0,315.0,1,Asian,Female,35-44,73.23,Loan originated
1,625000.0,30%-<36%,785000.0,219.0,1,Asian,Male,35-44,80.0,Loan originated
1,335000.0,48,425000.0,73.0,1,White,Joint,35-44,80.0,Loan originated
1,445000.0,20%-<30%,595000.0,248.0,1,White,Joint,25-34,75.0,Loan originated
1,575000.0,37,605000.0,161.0,1,Asian,Joint,25-34,95.0,Loan originated
1,565000.0,46,715000.0,132.0,1,White,Joint,25-34,80.0,Loan originated
1,595000.0,43,805000.0,169.0,1,White,Male,65-74,75.0,Loan originated
1,1005000.0,45,1535000.0,226.0,1,Asian,Female,45-54,65.36,Loan originated
1,495000.0,45,525000.0,109.0,1,Hispanic or Latino,Joint,35-44,95.0,Loan originated
1,225000.0,30%-<36%,235000.0,101.0,1,White,Male,35-44,95.0,Loan originated
1,675000.0,45,845000.0,236.0,1,White,Joint,55-64,80.0,Loan originated
1,295000.0,46,395000.0,80.0,1,White,Male,<25,75.0,Loan originated
1,465000.0,49,585000.0,106.0,1,Hispanic or Latino,Female,55-64,80.0,Loan originated
1,1005000.0,44,2505000.0,344.0,1,White,Female,65-74,40.0,Loan originated
1,1125000.0,38,1405000.0,410.0,1,Asian,Joint,25-34,80.0,Loan originated
1,985000.0,48,1325000.0,434.0,1,Asian,Female,35-44,74.08,Loan originated
1,275000.0,37,375000.0,65.0,1,Asian,Female,45-54,75.0,Loan originated
1,785000.0,48,985000.0,272.0,1,White,Male,55-64,80.0,Loan originated
1,675000.0,40,695000.0,179.0,1,White,Female,45-54,97.0,Loan originated
1,485000.0,41,565000.0,113.0,1,White,Female,35-44,85.0,Loan originated
1,385000.0,44,1135000.0,141.0,1,White,Female,45-54,33.795,Loan originated
1,335000.0,42,355000.0,113.0,1,Hispanic or Latino,Joint,35-44,95.0,Loan originated
1,375000.0,<20%,475000.0,1822.0,1,Hispanic or Latino,Female,45-54,80.0,Loan originated
1,365000.0,40,525000.0,124.0,1,White,Joint,35-44,70.0,Loan originated
1,755000.0,44,935000.0,233.0,1,White,Joint,35-44,80.0,Loan originated
1,275000.0,30%-<36%,305000.0,117.0,1,White,Female,55-64,90.0,Loan originated
1,435000.0,46,735000.0,124.0,1,White,Male,55-64,59.19,Loan originated
1,185000.0,44,195000.0,67.0,1,White,Female,25-34,97.0,Loan originated
1,675000.0,42,755000.0,177.0,1,White,Male,25-34,89.99,Loan originated
1,365000.0,44,385000.0,98.0,1,White,Female,45-54,95.0,Loan originated
1,495000.0,20%-<30%,545000.0,180.0,1,White,Female,35-44,90.0,Loan originated
1,295000.0,46,305000.0,105.0,1,Hispanic or Latino,Male,65-74,100.0,Loan originated
1,235000.0,44,495000.0,107.0,1,White,Female,45-54,47.94,Loan originated
1,735000.0,>60%,765000.0,111.0,1,Other,Female,45-54,95.0,Application denied
1,295000.0,49,375000.0,79.0,1,Hispanic or Latino,Joint,45-54,80.0,Loan originated
1,625000.0,39,835000.0,554.0,1,Asian,Joint,35-44,75.0,Loan originated
1,415000.0,47,465000.0,109.0,1,White,Female,45-54,90.0,Loan originated
1,325000.0,43,405000.0,111.0,1,White,Joint,25-34,80.0,Loan originated
1,765000.0,37,1325000.0,320.0,1,Hispanic or Latino,Joint,45-54,57.83,Loan originated
1,415000.0,47,525000.0,93.0,1,Asian,Female,35-44,80.0,Loan originated
1,315000.0,47,365000.0,88.0,1,Asian,Female,25-34,87.0,Loan originated
1,425000.0,49,525000.0,110.0,1,White,Female,25-34,80.0,Loan originated
1,685000.0,36,715000.0,198.0,1,White,Joint,35-44,96.33,Loan originated
1,355000.0,30%-<36%,855000.0,122.0,1,White,Joint,65-74,41.176,Loan originated
1,355000.0,46,825000.0,125.0,1,White,Female,35-44,42.667,Loan originated
1,1385000.0,46,1725000.0,380.0,1,White,Joint,35-44,80.0,Loan originated
1,605000.0,20%-<30%,755000.0,511.0,1,White,Male,45-54,80.0,Loan originated
1,485000.0,36,745000.0,134.0,1,Asian,Female,35-44,65.405,Loan originated
1,685000.0,45,765000.0,341.0,1,White,Joint,45-54,90.0,Loan originated
1,745000.0,20%-<30%,935000.0,305.0,1,White,Joint,25-34,80.0,Loan originated
1,765000.0,39,1055000.0,183.0,1,Asian,Male,45-54,72.866,Loan originated
1,605000.0,30%-<36%,1005000.0,175.0,1,Asian,Joint,25-34,60.0,Loan originated
1,535000.0,30%-<36%,565000.0,141.0,1,Asian,Female,25-34,95.0,Loan originated
1,415000.0,30%-<36%,525000.0,130.0,1,Hispanic or Latino,Male,25-34,80.0,Loan originated
1,1005000.0,49,1255000.0,308.0,1,White,Joint,65-74,80.0,Loan originated
1,925000.0,44,1075000.0,241.0,1,White,Joint,45-54,87.0,Loan originated
1,575000.0,37,725000.0,188.0,1,Asian,Male,25-34,80.0,Application denied
1,375000.0,30%-<36%,475000.0,185.0,1,White,Male,35-44,80.0,Loan originated
1,745000.0,49,785000.0,147.0,1,Hispanic or Latino,Male,25-34,95.0,Loan originated
1,445000.0,48,595000.0,228.0,1,White,Male,35-44,75.0,Loan originated
1,765000.0,30%-<36%,1035000.0,243.0,1,Hispanic or Latino,Joint,55-64,74.422,Loan originated
1,295000.0,47,395000.0,77.0,1,White,Female,25-34,74.359,Loan originated
1,595000.0,46,625000.0,118.0,1,Hispanic or Latino,Male,35-44,95.0,Loan originated
1,845000.0,46,1055000.0,186.0,1,White,Joint,45-54,80.0,Loan originated
1,975000.0,44,1155000.0,229.0,1,White,Joint,25-34,85.0,Loan originated
1,235000.0,50%-60%,245000.0,68.0,1,Hispanic or Latino,Joint,35-44,97.0,Application denied
1,515000.0,20%-<30%,565000.0,201.0,1,Black or African American,Female,25-34,89.99,Loan originated
1,315000.0,30%-<36%,435000.0,108.0,1,White,Male,<25,72.0,Loan originated
1,665000.0,49,825000.0,177.0,1,Hispanic or Latino,Male,45-54,80.0,Loan originated
1,405000.0,41,425000.0,87.0,1,Hispanic or Latino,Male,25-34,97.0,Loan originated
1,365000.0,47,545000.0,77.0,1,White,Male,25-34,66.055,Loan originated
1,625000.0,47,735000.0,164.0,1,Hispanic or Latino,Male,25-34,85.0,Loan originated
1,485000.0,49,785000.0,105.0,1,White,Female,45-54,61.538,Loan originated
1,465000.0,36,585000.0,138.0,1,Hispanic or Latino,Female,25-34,96.923,Loan originated
1,445000.0,45,695000.0,115.0,1,Black or African American,Male,35-44,63.768,Application denied
1,165000.0,39,175000.0,122.0,1,Hispanic or Latino,Joint,25-34,95.0,Loan originated
1,455000.0,36,1405000.0,155.0,1,White,Female,35-44,32.14,Loan originated
1,395000.0,45,415000.0,126.0,1,White,Joint,35-44,95.0,Loan originated
1,1035000.0,43,1385000.0,288.0,1,Asian,Joint,35-44,75.0,Loan originated
1,765000.0,48,955000.0,256.0,1,Black or African American,Joint,35-44,90.0,Loan originated
1,445000.0,30%-<36%,465000.0,191.0,1,White,Female,35-44,98.94,Loan originated
1,825000.0,39,865000.0,248.0,1,Hispanic or Latino,Joint,45-54,95.0,Loan originated
1,535000.0,38,665000.0,176.0,1,White,Joint,55-64,80.0,Loan originated
1,505000.0,44,625000.0,107.0,1,Hispanic or Latino,Male,45-54,80.0,Loan originated
1,505000.0,30%-<36%,635000.0,366.0,1,White,Male,45-54,80.0,Loan originated
1,165000.0,48,235000.0,43.0,1,Asian,Male,<25,70.0,Loan originated
1,1125000.0,39,1405000.0,357.0,1,Asian,Joint,25-34,80.0,Loan originated
1,225000.0,49,365000.0,91.0,1,Asian,Male,55-64,61.518,Loan originated
1,315000.0,20%-<30%,395000.0,173.0,1,White,Male,35-44,80.0,Loan originated
1,675000.0,37,715000.0,168.0,1,White,Male,35-44,95.0,Loan originated
1,1085000.0,42,1355000.0,259.0,1,White,Male,45-54,80.0,Loan originated
1,705000.0,47,745000.0,163.0,1,White,Female,35-44,95.0,Loan originated
1,505000.0,42,755000.0,146.0,1,Asian,Male,35-44,66.72,Loan originated
1,425000.0,38,775000.0,163.0,1,White,Joint,35-44,55.06,Loan originated
1,465000.0,38,495000.0,178.0,1,White,Male,35-44,93.939,Loan originated
1,695000.0,37,865000.0,182.0,1,Asian,Male,25-34,80.0,Loan originated
1,305000.0,20%-<30%,315000.0,193.0,1,White,Joint,65-74,97.0,Loan originated
1,735000.0,46,925000.0,221.0,1,Hispanic or Latino,Joint,35-44,80.0,Loan originated
1,125000.0,<20%,165000.0,128.0,1,White,Joint,65-74,77.315,Loan originated
1,595000.0,30%-<36%,685000.0,188.0,1,Asian,Joint,25-34,86.299,Loan originated
1,525000.0,20%-<30%,705000.0,278.0,1,White,Joint,25-34,75.0,Loan originated
1,1085000.0,38,1355000.0,1179.0,1,White,Joint,25-34,80.0,Loan originated
1,625000.0,49,775000.0,130.0,1,White,Male,35-44,80.0,Loan originated
1,385000.0,48,425000.0,130.0,1,Hispanic or Latino,Female,65-74,90.0,Application denied
1,205000.0,41,955000.0,139.0,1,White,Male,>74,21.053,Loan originated
1,435000.0,>60%,545000.0,10.0,1,White,Joint,45-54,80.0,Application denied
1,385000.0,49,665000.0,87.0,1,White,Female,55-64,57.763,Loan originated
1,745000.0,49,1405000.0,180.0,1,Asian,Joint,25-34,53.214,Loan originated
1,345000.0,39,465000.0,100.0,1,Hispanic or Latino,Female,25-34,75.0,Loan originated
1,675000.0,38,845000.0,184.0,1,Asian,Male,55-64,80.0,Loan originated
1,425000.0,20%-<30%,1025000.0,184.0,1,Hispanic or Latino,Joint,55-64,41.463,Loan originated
1,245000.0,42,535000.0,61.0,1,Asian,Joint,25-34,45.071,Loan originated
1,535000.0,43,625000.0,195.0,1,White,Joint,45-54,85.0,Loan originated
1,345000.0,47,385000.0,139.0,1,White,Joint,25-34,90.0,Loan originated
1,365000.0,20%-<30%,405000.0,280.0,1,Asian,Female,35-44,89.99,Loan originated
1,355000.0,39,445000.0,118.0,1,White,Male,45-54,100.0,Loan originated
1,1065000.0,45,1515000.0,239.0,1,White,Joint,35-44,70.0,Loan originated
1,975000.0,38,1225000.0,356.0,1,Asian,Male,35-44,80.0,Loan originated
1,425000.0,44,475000.0,162.0,1,Hispanic or Latino,Joint,25-34,89.37,Loan originated
1,425000.0,49,475000.0,105.0,1,White,Female,65-74,90.0,Loan originated
1,565000.0,30%-<36%,645000.0,172.0,1,Hispanic or Latino,Joint,25-34,88.0,Loan originated
1,645000.0,49,805000.0,114.0,1,Hispanic or Latino,Male,25-34,80.0,Loan originated
1,965000.0,20%-<30%,1235000.0,410.0,1,White,Joint,25-34,77.971,Loan originated
1,755000.0,30%-<36%,1295000.0,250.0,1,White,Female,35-44,57.839,Loan originated
1,625000.0,40,1025000.0,238.0,1,White,Joint,35-44,60.976,Loan originated
1,705000.0,41,1855000.0,234.0,1,White,Female,65-74,37.838,Loan originated
1,695000.0,42,895000.0,218.0,1,Asian,Joint,45-54,77.78,Loan originated
1,315000.0,49,645000.0,69.0,1,Asian,Male,35-44,48.137,Loan originated
1,405000.0,48,425000.0,111.0,1,Hispanic or Latino,Joint,35-44,97.3,Loan originated
1,375000.0,20%-<30%,625000.0,179.0,1,White,Female,25-34,59.52,Loan originated
1,585000.0,49,735000.0,146.0,1,Hispanic or Latino,Female,25-34,80.0,Loan originated
1,745000.0,41,785000.0,270.0,1,White,Joint,45-54,95.0,Loan originated
1,255000.0,30%-<36%,445000.0,93.0,1,White,Joint,45-54,56.306,Loan originated
1,565000.0,44,765000.0,201.0,1,White,Female,55-64,73.684,Loan originated
1,185000.0,43,535000.0,71.0,1,White,Joint,45-54,35.076,Loan originated
1,555000.0,46,585000.0,148.0,1,Hispanic or Latino,Male,25-34,95.0,Loan originated
1,565000.0,43,595000.0,126.0,1,Hispanic or Latino,Male,25-34,95.0,Loan originated
1,485000.0,49,625000.0,98.0,1,Asian,Male,35-44,76.8,Loan originated
1,525000.0,49,1255000.0,131.0,1,Asian,Joint,55-64,42.0,Loan originated
1,375000.0,49,1305000.0,95.0,1,Asian,Joint,45-54,29.0,Loan originated
1,475000.0,30%-<36%,595000.0,148.0,1,Asian,Female,25-34,80.0,Loan originated
1,375000.0,45,675000.0,110.0,1,Asian,Female,35-44,55.224,Loan originated
1,245000.0,44,765000.0,74.0,1,White,Joint,65-74,31.89,Loan originated
1,125000.0,30%-<36%,565000.0,63.0,1,White,Female,65-74,21.429,Loan originated
1,85000.0,30%-<36%,285000.0,68.0,1,Hispanic or Latino,Female,55-64,29.93,Loan originated
1,735000.0,45,785000.0,265.0,1,Asian,Female,35-44,93.669,Loan originated
1,525000.0,44,585000.0,123.0,1,White,Joint,25-34,90.0,Loan originated
1,245000.0,36,265000.0,83.0,1,Hispanic or Latino,Female,25-34,95.0,Loan originated
1,735000.0,49,775000.0,139.0,1,Hispanic or Latino,Joint,35-44,95.0,Loan originated
1,505000.0,46,525000.0,146.0,1,White,Joint,35-44,97.0,Loan originated
1,125000.0,47,175000.0,27.0,1,White,Male,35-44,70.0,Loan originated
1,765000.0,46,1105000.0,254.0,1,Asian,Joint,25-34,69.322,Loan originated
1,745000.0,30%-<36%,785000.0,205.0,1,Hispanic or Latino,Joint,35-44,95.0,Loan originated
1,135000.0,>60%,535000.0,0.0,1,White,Male,35-44,24.528,Application denied
1,125000.0,41,175000.0,111.0,1,White,Female,55-64,75.0,Loan originated
1,325000.0,49,345000.0,98.0,1,Hispanic or Latino,Female,35-44,95.0,Loan originated
1,585000.0,48,845000.0,605.0,1,White,Joint,35-44,70.0,Loan originated
1,305000.0,<20%,405000.0,254.0,1,Asian,Male,35-44,75.0,Loan originated
1,675000.0,49,1065000.0,146.0,1,Asian,Female,35-44,63.155,Loan originated
1,485000.0,48,515000.0,125.0,1,Hispanic or Latino,Joint,25-34,95.0,Loan originated
1,165000.0,49,425000.0,50.0,1,White,Female,65-74,37.218,Loan originated
1,245000.0,20%-<30%,635000.0,156.0,1,Asian,Male,35-44,38.197,Loan originated
1,585000.0,38,605000.0,169.0,1,Hispanic or Latino,Joint,35-44,97.0,Loan originated
1,365000.0,37,455000.0,101.0,1,Asian,Female,25-34,80.0,Loan originated
1,905000.0,40,1425000.0,335.0,1,White,Joint,25-34,63.158,Loan originated
1,365000.0,48,455000.0,84.0,1,Hispanic or Latino,Male,55-64,80.0,Application denied
1,765000.0,37,1035000.0,283.0,1,Hispanic or Latino,Joint,35-44,74.063,Loan originated
1,225000.0,44,235000.0,120.0,1,Hispanic or Latino,Joint,<25,95.0,Application denied
1,805000.0,30%-<36%,1005000.0,320.0,1,Asian,Joint,35-44,80.0,Loan originated
1,505000.0,43,855000.0,180.0,1,Asian,Male,55-64,59.207,Loan originated
1,365000.0,42,485000.0,104.0,1,Hispanic or Latino,Female,35-44,75.0,Loan originated
1,625000.0,30%-<36%,735000.0,156.0,1,Asian,Joint,25-34,85.232,Loan originated
1,245000.0,<20%,305000.0,208.0,1,White,Male,55-64,80.0,Loan originated
1,685000.0,45,765000.0,171.0,1,Hispanic or Latino,Female,25-34,89.99,Loan originated
1,975000.0,37,1425000.0,265.0,1,White,Joint,25-34,68.42,Loan originated
1,245000.0,42,645000.0,299.0,1,White,Joint,55-64,37.5,Loan originated
1,935000.0,41,1105000.0,405.0,1,Asian,Joint,45-54,85.0,Loan originated
1,245000.0,42,465000.0,61.0,1,White,Female,65-74,53.261,Loan originated
1,425000.0,30%-<36%,535000.0,271.0,1,White,Male,45-54,80.0,Loan originated
1,665000.0,49,825000.0,235.0,1,Asian,Joint,35-44,80.0,Loan originated
1,435000.0,40,465000.0,162.0,1,Asian,Joint,25-34,100.0,Loan originated
1,1005000.0,50%-60%,1935000.0,239.0,1,White,Female,55-64,51.76,Application denied
1,455000.0,49,615000.0,173.0,1,White,Male,65-74,73.98,Loan originated
1,575000.0,40,1135000.0,169.0,1,Hispanic or Latino,Joint,>74,50.536,Loan originated
1,545000.0,46,575000.0,192.0,1,Hispanic or Latino,Joint,35-44,95.0,Loan originated
1,755000.0,30%-<36%,895000.0,244.0,1,White,Joint,25-34,84.358,Loan originated
1,505000.0,45,755000.0,116.0,1,White,Male,35-44,67.94,Loan originated
1,455000.0,20%-<30%,625000.0,185.0,1,White,Female,35-44,72.0,Loan originated
1,765000.0,40,1355000.0,189.0,1,White,Male,25-34,56.815,Loan originated
1,635000.0,48,845000.0,127.0,1,Asian,Female,35-44,75.0,Loan originated
1,255000.0,45,385000.0,98.0,1,Asian,Male,45-54,65.789,Loan originated
1,765000.0,30%-<36%,1045000.0,257.0,1,White,Joint,35-44,73.65,Loan originated
1,515000.0,40,645000.0,136.0,1,White,Male,45-54,79.99,Loan originated
1,155000.0,37,835000.0,150.0,1,Asian,Male,25-34,95.0,Loan originated
1,985000.0,40,1235000.0,293.0,1,Asian,Female,55-64,80.0,Loan originated
1,745000.0,43,785000.0,188.0,1,Asian,Joint,35-44,95.0,Loan originated
1,245000.0,30%-<36%,425000.0,180.0,1,Asian,Joint,25-34,57.346,Loan originated
1,645000.0,45,725000.0,168.0,1,White,Female,65-74,90.0,Loan originated
1,505000.0,47,565000.0,132.0,1,Asian,Male,25-34,90.0,Loan originated
1,265000.0,20%-<30%,265000.0,97.0,1,Asian,Female,35-44,97.0,Loan originated
1,635000.0,38,665000.0,208.0,1,Hispanic or Latino,Joint,25-34,95.0,Loan originated
1,565000.0,47,595000.0,163.0,1,Hispanic or Latino,Joint,45-54,95.0,Loan originated
1,745000.0,20%-<30%,1065000.0,303.0,1,White,Joint,45-54,70.0,Loan originated
1,575000.0,41,815000.0,139.0,1,White,Joint,35-44,70.552,Loan originated
1,365000.0,30%-<36%,665000.0,164.0,1,Hispanic or Latino,Male,55-64,55.0,Loan originated
1,275000.0,41,285000.0,80.0,1,Hispanic or Latino,Male,25-34,97.0,Loan originated
1,205000.0,48,575000.0,59.0,1,White,Female,65-74,35.0,Loan originated
1,355000.0,>60%,1235000.0,85.0,1,Asian,Joint,55-64,29.0,Application denied
1,415000.0,49,445000.0,153.0,1,Black or African American,Female,55-64,95.0,Loan originated
1,525000.0,<20%,655000.0,564.0,1,White,Male,35-44,80.0,Loan originated
1,675000.0,45,715000.0,151.0,1,Asian,Male,25-34,95.0,Loan originated
1,445000.0,47,565000.0,134.0,1,Black or African American,Joint,25-34,79.64,Loan originated
1,585000.0,45,935000.0,130.0,1,Asian,Female,35-44,62.599,Loan originated
1,295000.0,20%-<30%,455000.0,103.0,1,Black or African American,Joint,45-54,66.0,Loan originated
1,1145000.0,47,1335000.0,371.0,1,Asian,Joint,25-34,85.86,Loan originated
1,265000.0,37,335000.0,87.0,1,White,Male,55-64,80.0,Loan originated
1,405000.0,48,505000.0,95.0,1,Hispanic or Latino,Male,25-34,80.0,Application denied
1,705000.0,38,885000.0,186.0,1,White,Male,25-34,80.0,Loan originated
1,295000.0,47,345000.0,74.0,1,Black or African American,Female,45-54,85.0,Loan originated
1,405000.0,48,505000.0,105.0,1,Black or African American,Female,55-64,80.0,Loan originated
1,515000.0,48,645000.0,117.0,1,Hispanic or Latino,Joint,45-54,80.0,Loan originated
1,335000.0,40,345000.0,86.0,1,Hispanic or Latino,Female,35-44,101.94,Loan originated
1,875000.0,45,1165000.0,307.0,1,Asian,Joint,25-34,75.0,Loan originated
1,345000.0,30%-<36%,665000.0,132.0,1,White,Male,45-54,51.515,Loan originated
1,515000.0,42,645000.0,474.0,1,Asian,Joint,25-34,80.0,Loan originated
1,435000.0,40,545000.0,212.0,1,Asian,Joint,35-44,80.0,Loan originated
1,405000.0,36,855000.0,385.0,1,Asian,Joint,35-44,47.301,Loan originated
1,1105000.0,42,3255000.0,338.0,1,Asian,Joint,35-44,33.85,Loan originated
1,115000.0,30%-<36%,665000.0,73.0,1,Asian,Male,<25,16.667,Loan originated
1,465000.0,42,585000.0,107.0,1,Asian,Male,25-34,80.0,Loan originated
1,565000.0,37,705000.0,161.0,1,Asian,Male,25-34,80.0,Loan originated
1,765000.0,36,965000.0,246.0,1,White,Joint,65-74,79.275,Loan originated
1,745000.0,30%-<36%,855000.0,1278.0,1,Hispanic or Latino,Male,25-34,86.31,Loan originated
1,635000.0,47,795000.0,200.0,1,White,Female,25-34,80.0,Loan originated
1,605000.0,41,725000.0,161.0,1,White,Male,35-44,84.444,Loan originated
1,405000.0,20%-<30%,965000.0,404.0,1,Asian,Joint,35-44,41.451,Loan originated
1,655000.0,30%-<36%,825000.0,324.0,1,Asian,Joint,35-44,80.0,Loan originated
1,395000.0,46,895000.0,92.0,1,White,Joint,55-64,43.82,Loan originated
1,605000.0,45,755000.0,122.0,1,White,Male,45-54,80.0,Application denied
1,1085000.0,36,1355000.0,297.0,1,White,Joint,35-44,80.0,Loan originated
1,435000.0,48,465000.0,117.0,1,Hispanic or Latino,Joint,35-44,95.0,Loan originated
1,545000.0,46,685000.0,180.0,1,White,Joint,25-34,80.0,Loan originated
1,745000.0,49,835000.0,176.0,1,Asian,Joint,25-34,89.99,Application denied
1,735000.0,46,825000.0,186.0,1,White,Male,45-54,90.0,Loan originated
1,635000.0,30%-<36%,795000.0,250.0,1,White,Joint,55-64,80.0,Loan originated
1,805000.0,30%-<36%,1655000.0,260.0,1,Asian,Male,35-44,48.55,Loan originated
1,425000.0,40,525000.0,102.0,1,Hispanic or Latino,Female,35-44,80.0,Loan originated
1,755000.0,45,945000.0,302.0,1,White,Joint,35-44,80.0,Loan originated
1,655000.0,48,695000.0,169.0,1,Asian,Joint,35-44,95.0,Loan originated
1,615000.0,39,685000.0,213.0,1,Asian,Joint,25-34,90.0,Loan originated
1,605000.0,<20%,1005000.0,316.0,1,Asian,Male,35-44,60.0,Loan originated
1,525000.0,42,665000.0,142.0,1,White,Joint,35-44,79.553,Loan originated
1,615000.0,50%-60%,645000.0,175.0,1,White,Joint,45-54,95.0,Application denied
1,355000.0,45,595000.0,97.0,1,White,Female,>74,59.172,Loan originated
1,545000.0,49,735000.0,112.0,1,White,Male,25-34,75.0,Loan originated
1,575000.0,42,725000.0,137.0,1,Asian,Male,25-34,80.0,Loan originated
1,285000.0,49,675000.0,89.0,1,Black or African American,Joint,>74,41.697,Loan originated
1,685000.0,47,865000.0,263.0,1,Asian,Joint,35-44,80.0,Loan originated
1,695000.0,<20%,945000.0,486.0,1,Asian,Male,45-54,73.677,Loan originated
1,725000.0,30%-<36%,815000.0,280.0,1,Black or African American,Male,45-54,90.0,Application denied
1,765000.0,46,855000.0,164.0,1,White,Male,35-44,89.412,Loan originated
1,765000.0,49,1255000.0,219.0,1,White,Joint,25-34,61.324,Loan originated
1,355000.0,44,365000.0,144.0,1,Hispanic or Latino,Female,45-54,95.0,Loan originated
1,485000.0,49,515000.0,112.0,1,Hispanic or Latino,Joint,45-54,95.0,Loan originated
1,375000.0,30%-<36%,565000.0,130.0,1,Asian,Female,45-54,66.071,Loan originated
1,605000.0,37,675000.0,148.0,1,White,Female,45-54,88.89,Loan originated
1,495000.0,49,555000.0,138.0,1,Hispanic or Latino,Male,35-44,90.0,Loan originated
1,225000.0,20%-<30%,575000.0,216.0,1,Hispanic or Latino,Male,55-64,38.596,Loan originated
1,355000.0,36,455000.0,90.0,1,Asian,Female,35-44,77.77,Loan originated
1,525000.0,38,655000.0,134.0,1,Asian,Joint,25-34,80.0,Loan originated
1,525000.0,44,705000.0,134.0,1,White,Male,25-34,74.0,Loan originated
1,455000.0,40,595000.0,175.0,1,Asian,Male,35-44,76.271,Loan originated
1,225000.0,44,585000.0,72.0,1,Hispanic or Latino,Joint,55-64,37.671,Loan originated
1,395000.0,49,485000.0,93.0,1,Hispanic or Latino,Male,25-34,79.96,Loan originated
1,675000.0,38,1025000.0,695.0,1,White,Joint,35-44,65.686,Loan originated
1,655000.0,37,1455000.0,224.0,1,White,Joint,45-54,44.83,Loan originated
1,545000.0,49,695000.0,116.0,1,Asian,Male,35-44,78.0,Loan originated
1,585000.0,48,735000.0,123.0,1,Asian,Joint,35-44,80.0,Loan originated
1,645000.0,49,675000.0,171.0,1,Asian,Joint,25-34,94.848,Loan originated
1,365000.0,44,465000.0,225.0,1,White,Joint,35-44,80.0,Loan originated
1,335000.0,47,355000.0,117.0,1,Hispanic or Latino,Male,25-34,93.8,Loan originated
1,725000.0,45,805000.0,148.0,1,Asian,Male,35-44,89.99,Loan originated
1,615000.0,>60%,865000.0,179.0,1,White,Joint,45-54,71.231,Application denied
1,135000.0,40,155000.0,119.0,1,White,Joint,45-54,85.0,Loan originated
1,295000.0,38,355000.0,72.0,1,Hispanic or Latino,Female,25-34,84.86,Loan originated
1,315000.0,49,385000.0,67.0,1,Hispanic or Latino,Female,45-54,80.0,Loan originated
1,455000.0,49,465000.0,114.0,1,Hispanic or Latino,Male,25-34,97.0,Application denied
1,1095000.0,44,1465000.0,241.0,1,White,Joint,55-64,75.0,Loan originated
1,715000.0,30%-<36%,795000.0,219.0,1,Asian,Female,35-44,90.0,Loan originated
1,785000.0,30%-<36%,985000.0,269.0,1,Asian,Joint,25-34,79.78,Loan originated
1,505000.0,20%-<30%,1505000.0,235.0,1,Asian,Female,55-64,34.0,Loan originated
1,285000.0,37,295000.0,115.0,1,Hispanic or Latino,Joint,25-34,97.0,Loan originated
1,335000.0,40,645000.0,115.0,1,White,Male,45-54,51.938,Loan originated
1,605000.0,20%-<30%,865000.0,222.0,1,White,Joint,45-54,70.35,Loan originated
1,455000.0,42,475000.0,100.0,1,Hispanic or Latino,Male,25-34,100.0,Loan originated
1,805000.0,40,845000.0,228.0,1,White,Female,35-44,95.0,Loan originated
1,435000.0,45,455000.0,92.0,1,Hispanic or Latino,Male,45-54,95.0,Loan originated
1,485000.0,42,545000.0,165.0,1,White,Female,25-34,88.89,Application denied
1,475000.0,30%-<36%,585000.0,212.0,1,White,Joint,45-54,80.0,Loan originated
1,925000.0,47,1435000.0,215.0,1,White,Male,35-44,66.12,Loan originated
1,515000.0,46,535000.0,123.0,1,Hispanic or Latino,Joint,35-44,97.0,Loan originated
1,525000.0,49,775000.0,127.0,1,Asian,Joint,35-44,67.74,Loan originated
1,75000.0,30%-<36%,95000.0,72.0,1,White,Female,35-44,77.78,Loan originated
1,305000.0,<20%,435000.0,211.0,1,White,Male,45-54,68.299,Loan originated
1,505000.0,30%-<36%,625000.0,178.0,1,White,Joint,25-34,80.0,Loan originated
1,505000.0,20%-<30%,815000.0,172.0,1,Asian,Male,25-34,61.35,Loan originated
1,465000.0,43,515000.0,122.0,1,Asian,Male,35-44,89.893,Loan originated
1,525000.0,36,795000.0,164.0,1,Asian,Joint,25-34,65.41,Loan originated
1,575000.0,44,725000.0,113.0,1,White,Joint,35-44,80.0,Loan originated
1,575000.0,47,695000.0,148.0,1,White,Female,35-44,82.54,Loan originated
1,565000.0,49,1025000.0,141.0,1,Asian,Male,45-54,55.077,Loan originated
1,605000.0,20%-<30%,1195000.0,225.0,1,White,Female,45-54,50.125,Loan originated
1,465000.0,48,695000.0,143.0,1,White,Male,>74,67.0,Loan originated
1,455000.0,49,615000.0,115.0,1,Hispanic or Latino,Joint,55-64,73.77,Loan originated
1,375000.0,38,445000.0,117.0,1,White,Female,35-44,85.0,Loan originated
1,605000.0,49,755000.0,128.0,1,White,Male,25-34,80.0,Loan originated
1,405000.0,49,435000.0,109.0,1,Hispanic or Latino,Joint,25-34,95.0,Loan originated
1,725000.0,48,855000.0,298.0,1,Hispanic or Latino,Joint,25-34,85.0,Loan originated
1,85000.0,38,585000.0,81.0,1,Hispanic or Latino,Joint,65-74,15.11,Loan originated
1,345000.0,45,355000.0,124.0,1,Hispanic or Latino,Joint,25-34,100.0,Loan originated
1,245000.0,37,275000.0,75.0,1,White,Male,25-34,90.0,Loan originated
1,545000.0,36,605000.0,200.0,1,Hispanic or Latino,Joint,25-34,90.0,Loan originated
1,605000.0,45,755000.0,149.0,1,Hispanic or Latino,Female,55-64,99.67,Loan originated
1,605000.0,48,765000.0,127.0,1,Asian,Male,25-34,100.0,Loan originated
1,505000.0,36,525000.0,133.0,1,Hispanic or Latino,Male,25-34,97.0,Loan originated
1,635000.0,49,665000.0,172.0,1,Asian,Male,35-44,95.0,Loan originated
1,155000.0,47,535000.0,45.0,1,Hispanic or Latino,Male,>74,29.0,Loan originated
1,795000.0,30%-<36%,1155000.0,281.0,1,White,Female,45-54,68.696,Loan originated
1,645000.0,46,1615000.0,186.0,1,Asian,Female,25-34,40.0,Loan originated
1,555000.0,38,2555000.0,622.0,1,Hispanic or Latino,Joint,35-44,21.569,Loan originated
1,605000.0,30%-<36%,895000.0,210.0,1,Asian,Joint,25-34,66.818,Loan originated
1,465000.0,49,495000.0,105.0,1,Hispanic or Latino,Male,35-44,95.0,Loan originated
1,405000.0,39,785000.0,109.0,1,White,Male,25-34,51.28,Loan originated
1,655000.0,49,725000.0,155.0,1,White,Female,35-44,90.0,Loan originated
1,475000.0,44,595000.0,116.0,1,Hispanic or Latino,Joint,35-44,102.0,Loan originated
1,575000.0,40,615000.0,215.0,1,Hispanic or Latino,Female,35-44,95.0,Loan originated
1,1005000.0,38,1455000.0,250.0,1,Asian,Female,45-54,68.966,Loan originated
1,825000.0,45,1035000.0,388.0,1,White,Joint,45-54,80.0,Loan originated
1,875000.0,41,1125000.0,218.0,1,Asian,Joint,35-44,77.778,Application denied
1,825000.0,40,1035000.0,280.0,1,White,Joint,25-34,80.0,Loan originated
1,765000.0,20%-<30%,1145000.0,367.0,1,White,Joint,25-34,67.0,Loan originated
1,1075000.0,30%-<36%,1345000.0,363.0,1,White,Joint,65-74,80.0,Loan originated
1,265000.0,48,555000.0,75.0,1,White,Joint,65-74,47.187,Loan originated
1,425000.0,30%-<36%,605000.0,255.0,1,White,Male,25-34,70.0,Loan originated
1,535000.0,30%-<36%,735000.0,182.0,1,Asian,Female,35-44,72.8,Loan originated
1,765000.0,44,1415000.0,182.0,1,Asian,Joint,35-44,55.0,Loan originated
1,425000.0,<20%,825000.0,827.0,1,Black or African American,Male,45-54,51.544,Loan originated
1,855000.0,20%-<30%,1075000.0,407.0,1,White,Joint,45-54,80.0,Loan originated
1,505000.0,30%-<36%,675000.0,182.0,1,White,Female,35-44,75.0,Application denied
1,545000.0,36,685000.0,166.0,1,Hispanic or Latino,Male,25-34,80.0,Loan originated
1,1015000.0,20%-<30%,1955000.0,645.0,1,Asian,Joint,25-34,51.77,Loan originated
1,305000.0,30%-<36%,375000.0,120.0,1,Asian,Male,35-44,80.0,Loan originated
1,565000.0,47,595000.0,154.0,1,Hispanic or Latino,Joint,25-34,95.0,Loan originated
1,595000.0,37,665000.0,145.0,1,Black or African American,Male,35-44,90.0,Loan originated
1,765000.0,<20%,995000.0,999.0,1,Asian,Joint,35-44,77.374,Loan originated
1,205000.0,37,555000.0,71.0,1,Asian,Female,55-64,36.403,Loan originated
1,945000.0,48,1175000.0,236.0,1,Hispanic or Latino,Male,45-54,80.0,Loan originated
1,595000.0,44,625000.0,191.0,1,White,Joint,25-34,94.92,Loan originated
1,715000.0,46,845000.0,156.0,1,Asian,Joint,25-34,85.0,Loan originated
1,925000.0,49,1155000.0,204.0,1,Asian,Joint,25-34,80.0,Loan originated
1,455000.0,43,665000.0,312.0,1,Black or African American,Joint,55-64,70.0,Loan originated
1,475000.0,30%-<36%,535000.0,154.0,1,Asian,Joint,45-54,88.75,Loan originated
1,775000.0,37,1115000.0,353.0,1,White,Joint,25-34,70.0,Loan originated
1,365000.0,49,425000.0,86.0,1,Hispanic or Latino,Male,35-44,84.99,Loan originated
1,465000.0,30%-<36%,675000.0,145.0,1,White,Joint,55-64,68.148,Loan originated
1,335000.0,44,425000.0,85.0,1,White,Female,35-44,80.0,Loan originated
1,325000.0,49,405000.0,66.0,1,White,Joint,65-74,80.0,Loan originated
1,1095000.0,48,2085000.0,258.0,1,Asian,Joint,25-34,52.4,Loan originated
1,1005000.0,48,1405000.0,240.0,1,White,Joint,>74,71.62,Loan originated
1,555000.0,38,1335000.0,187.0,1,Asian,Male,45-54,41.199,Loan originated
1,455000.0,41,665000.0,97.0,1,White,Female,45-54,94.96,Loan originated
1,1005000.0,30%-<36%,1955000.0,694.0,1,Asian,Joint,45-54,51.282,Application denied
1,1125000.0,42,1505000.0,30.0,1,Asian,Joint,55-64,75.0,Loan originated
1,585000.0,45,725000.0,134.0,1,White,Male,35-44,80.0,Loan originated
1,555000.0,45,875000.0,123.0,1,White,Male,35-44,63.8,Loan originated
1,665000.0,40,695000.0,171.0,1,Asian,Female,35-44,95.0,Loan originated
1,695000.0,36,1345000.0,217.0,1,White,Female,65-74,51.493,Loan originated
1,375000.0,44,515000.0,83.0,1,Hispanic or Latino,Joint,35-44,72.256,Loan originated
1,555000.0,30%-<36%,625000.0,181.0,1,White,Joint,25-34,90.0,Loan originated
1,705000.0,39,905000.0,248.0,1,Hispanic or Latino,Male,45-54,77.778,Loan originated
1,155000.0,46,335000.0,40.0,1,White,Female,>74,44.776,Loan originated
1,435000.0,40,635000.0,412.0,1,Hispanic or Latino,Joint,55-64,68.5,Loan originated
1,1125000.0,38,1255000.0,317.0,1,White,Female,45-54,89.9,Loan originated
1,475000.0,30%-<36%,815000.0,236.0,1,White,Joint,35-44,58.1,Loan originated
1,15000.0,30%-<36%,345000.0,84.0,1,Hispanic or Latino,Joint,<25,100.0,Loan originated
1,655000.0,30%-<36%,775000.0,229.0,1,Asian,Joint,35-44,85.0,Loan originated
1,495000.0,49,615000.0,109.0,1,White,Joint,65-74,80.0,Loan originated
1,805000.0,42,855000.0,191.0,1,Other,Female,35-44,95.0,Loan originated
1,905000.0,48,1055000.0,238.0,1,White,Joint,55-64,85.552,Loan originated
1,475000.0,41,555000.0,181.0,1,Hispanic or Latino,Joint,45-54,85.425,Loan originated
1,775000.0,45,1295000.0,192.0,1,Asian,Male,25-34,59.99,Loan originated
1,495000.0,44,585000.0,119.0,1,Asian,Male,25-34,85.733,Loan originated
1,615000.0,45,725000.0,175.0,1,Hispanic or Latino,Joint,35-44,85.0,Loan originated
1,365000.0,37,485000.0,108.0,1,Hispanic or Latino,Joint,>74,75.0,Loan originated
1,805000.0,20%-<30%,1105000.0,999.0,1,White,Joint,25-34,74.0,Loan originated
1,365000.0,49,435000.0,91.0,1,White,Female,55-64,88.0,Loan originated
1,485000.0,30%-<36%,605000.0,164.0,1,White,Joint,35-44,80.0,Loan originated
1,615000.0,30%-<36%,655000.0,156.0,1,White,Male,35-44,95.0,Loan originated
1,505000.0,48,625000.0,104.0,1,Asian,Male,35-44,80.0,Loan originated
1,295000.0,44,705000.0,105.0,1,White,Female,65-74,41.369,Loan originated
1,435000.0,46,595000.0,96.0,1,White,Joint,25-34,79.97,Loan originated
1,755000.0,39,1055000.0,233.0,1,Asian,Joint,25-34,71.429,Loan originated
1,805000.0,45,945000.0,240.0,1,Hispanic or Latino,Male,25-34,85.0,Loan originated
1,995000.0,48,1245000.0,253.0,1,Asian,Joint,35-44,80.0,Loan originated
1,555000.0,48,1355000.0,175.0,1,Other,Female,>74,40.845,Loan originated
1,365000.0,48,385000.0,89.0,1,Hispanic or Latino,Male,45-54,95.0,Loan originated
1,785000.0,36,1205000.0,621.0,1,White,Joint,65-74,65.0,Loan originated
1,105000.0,30%-<36%,525000.0,110.0,1,White,Female,45-54,19.121,Loan originated
1,465000.0,46,645000.0,111.0,1,Other,Joint,35-44,71.307,Loan originated
1,715000.0,39,755000.0,277.0,1,White,Joint,35-44,95.0,Loan originated
1,75000.0,20%-<30%,545000.0,264.0,1,White,Joint,55-64,13.889,Loan originated
1,235000.0,38,415000.0,77.0,1,White,Female,35-44,55.156,Loan originated
1,595000.0,20%-<30%,845000.0,395.0,1,Asian,Female,45-54,70.0,Loan originated
1,735000.0,20%-<30%,925000.0,246.0,1,White,Male,25-34,80.0,Loan originated
1,615000.0,30%-<36%,775000.0,267.0,1,White,Joint,45-54,80.0,Loan originated
1,515000.0,47,555000.0,117.0,1,Black or African American,Female,35-44,92.69,Application denied
1,1015000.0,41,1275000.0,292.0,1,Hispanic or Latino,Joint,25-34,80.0,Loan originated
1,305000.0,46,385000.0,75.0,1,Hispanic or Latino,Male,35-44,80.0,Loan originated
1,905000.0,48,1135000.0,201.0,1,White,Joint,35-44,80.0,Loan originated
1,835000.0,45,875000.0,191.0,1,Asian,Joint,25-34,94.989,Loan originated
1,805000.0,44,1215000.0,256.0,1,Asian,Male,45-54,65.84,Loan originated
1,325000.0,49,415000.0,83.0,1,White,Joint,45-54,80.0,Loan originated
1,815000.0,49,925000.0,166.0,1,Asian,Joint,35-44,88.0,Loan originated
1,555000.0,20%-<30%,695000.0,441.0,1,White,Joint,25-34,80.0,Loan originated
1,575000.0,45,1475000.0,146.0,1,Asian,Male,35-44,38.776,Loan originated
1,405000.0,49,505000.0,120.0,1,White,Male,<25,80.0,Loan originated
1,615000.0,20%-<30%,765000.0,364.0,1,Hispanic or Latino,Male,45-54,80.0,Loan originated
1,585000.0,49,605000.0,116.0,1,Asian,Female,25-34,100.0,Loan originated
1,675000.0,42,705000.0,169.0,1,White,Joint,35-44,97.0,Loan originated
1,305000.0,<20%,1025000.0,296.0,1,White,Joint,25-34,29.268,Loan originated
1,565000.0,48,555000.0,132.0,1,White,Joint,35-44,101.75,Loan originated
1,665000.0,41,835000.0,208.0,1,Hispanic or Latino,Female,35-44,80.0,Loan originated
1,355000.0,37,555000.0,114.0,1,Other,Female,65-74,63.64,Loan originated
1,735000.0,37,825000.0,215.0,1,Hispanic or Latino,Joint,25-34,90.0,Loan originated
1,235000.0,30%-<36%,275000.0,34.0,1,Hispanic or Latino,Female,25-34,85.185,Application denied
1,665000.0,42,1115000.0,239.0,1,White,Joint,35-44,59.532,Loan originated
1,645000.0,46,675000.0,130.0,1,White,Male,35-44,95.0,Loan originated
1,295000.0,49,555000.0,86.0,1,Hispanic or Latino,Male,45-54,52.252,Loan originated
1,325000.0,41,1145000.0,139.0,1,White,Joint,65-74,29.0,Loan originated
1,765000.0,30%-<36%,845000.0,230.0,1,White,Male,25-34,90.0,Loan originated
1,745000.0,20%-<30%,1185000.0,392.0,1,White,Male,55-64,62.712,Loan originated
1,105000.0,20%-<30%,445000.0,98.0,1,White,Male,55-64,22.472,Loan originated
1,775000.0,30%-<36%,1535000.0,253.0,1,White,Joint,35-44,50.163,Loan originated
1,395000.0,49,575000.0,89.0,1,Asian,Male,25-34,73.0,Loan originated
1,615000.0,45,805000.0,150.0,1,Asian,Male,35-44,95.0,Loan originated
1,1015000.0,43,985000.0,262.0,1,Asian,Joint,25-34,103.046,Application denied
1,655000.0,49,1315000.0,226.0,1,White,Joint,55-64,50.0,Loan originated
1,635000.0,49,855000.0,143.0,1,Asian,Joint,25-34,75.0,Loan originated
1,215000.0,30%-<36%,225000.0,93.0,1,White,Male,25-34,100.0,Application denied
1,1005000.0,20%-<30%,1505000.0,560.0,1,Asian,Joint,<25,66.86,Loan originated
1,455000.0,30%-<36%,575000.0,143.0,1,White,Joint,45-54,80.0,Loan originated
1,645000.0,30%-<36%,1975000.0,230.0,1,White,Male,45-54,33.0,Loan originated
1,1005000.0,47,1355000.0,223.0,1,Asian,Male,35-44,74.07,Loan originated
1,425000.0,42,465000.0,127.0,1,Hispanic or Latino,Joint,25-34,92.43,Loan originated
1,625000.0,45,655000.0,205.0,1,Hispanic or Latino,Male,45-54,95.0,Loan originated
1,1145000.0,30%-<36%,2635000.0,763.0,1,Asian,Male,45-54,43.641,Loan originated
1,405000.0,38,615000.0,109.0,1,White,Joint,45-54,65.574,Loan originated
1,405000.0,45,425000.0,86.0,1,Hispanic or Latino,Male,25-34,95.0,Loan originated
1,765000.0,41,865000.0,227.0,1,Asian,Joint,35-44,88.44,Loan originated
1,335000.0,50%-60%,725000.0,68.0,1,Asian,Male,45-54,45.833,Application denied
1,765000.0,30%-<36%,965000.0,284.0,1,Hispanic or Latino,Male,35-44,80.0,Loan originated
1,655000.0,30%-<36%,695000.0,189.0,1,Black or African American,Female,45-54,98.0,Loan originated
1,425000.0,47,535000.0,168.0,1,Asian,Female,65-74,80.0,Loan originated
1,435000.0,42,565000.0,104.0,1,Hispanic or Latino,Male,65-74,76.991,Loan originated
1,655000.0,44,825000.0,256.0,1,Asian,Joint,35-44,80.0,Loan originated
1,375000.0,40,675000.0,106.0,1,White,Female,45-54,55.556,Loan originated
1,195000.0,49,215000.0,50.0,1,Hispanic or Latino,Male,65-74,95.0,Loan originated
1,695000.0,43,875000.0,188.0,1,Asian,Female,25-34,80.0,Loan originated
1,155000.0,41,515000.0,71.0,1,White,Male,45-54,29.126,Loan originated
1,1015000.0,38,1265000.0,299.0,1,Hispanic or Latino,Joint,25-34,80.0,Loan originated
1,445000.0,47,475000.0,99.0,1,Hispanic or Latino,Male,45-54,95.0,Loan originated
1,1005000.0,<20%,1525000.0,747.0,1,White,Male,25-34,65.57,Loan originated
1,1135000.0,49,1515000.0,254.0,1,Asian,Male,45-54,75.0,Loan originated
1,355000.0,20%-<30%,755000.0,162.0,1,White,Female,55-64,46.667,Loan originated
1,975000.0,39,1355000.0,234.0,1,Asian,Joint,25-34,72.015,Loan originated
1,665000.0,46,735000.0,195.0,1,Asian,Male,35-44,90.0,Loan originated
1,355000.0,49,675000.0,105.0,1,Hispanic or Latino,Female,45-54,53.437,Loan originated
1,455000.0,20%-<30%,875000.0,250.0,1,Asian,Joint,45-54,52.0,Loan originated
1,665000.0,30%-<36%,825000.0,303.0,1,White,Joint,<25,80.0,Loan originated
1,455000.0,44,475000.0,113.0,1,Hispanic or Latino,Female,45-54,95.0,Application denied
1,145000.0,44,285000.0,54.0,1,White,Female,65-74,50.0,Loan originated
1,475000.0,50%-60%,515000.0,169.0,1,Asian,Male,35-44,93.0,Application denied
1,575000.0,42,725000.0,132.0,1,White,Joint,35-44,80.0,Loan originated
1,395000.0,37,495000.0,191.0,1,White,Male,25-34,79.96,Loan originated
1,525000.0,40,655000.0,145.0,1,White,Male,35-44,80.0,Loan originated
1,785000.0,36,835000.0,248.0,1,Hispanic or Latino,Joint,45-54,97.096,Loan originated
1,325000.0,47,665000.0,80.0,1,White,Female,25-34,49.094,Loan originated
1,645000.0,30%-<36%,805000.0,266.0,1,White,Joint,25-34,80.0,Loan originated
1,475000.0,47,695000.0,113.0,1,White,Joint,55-64,68.3,Loan originated
1,595000.0,37,745000.0,175.0,1,Asian,Female,35-44,80.0,Loan originated
1,705000.0,30%-<36%,745000.0,268.0,1,Hispanic or Latino,Male,35-44,95.0,Loan originated
1,575000.0,30%-<36%,715000.0,160.0,1,Asian,Male,35-44,80.0,Loan originated
1,315000.0,42,395000.0,111.0,1,Black or African American,Joint,25-34,100.0,Loan originated
1,475000.0,49,905000.0,147.0,1,White,Female,65-74,53.0,Loan originated
1,125000.0,30%-<36%,735000.0,58.0,1,Hispanic or Latino,Female,65-74,17.123,Loan originated
1,295000.0,48,315000.0,103.0,1,Hispanic or Latino,Male,25-34,95.0,Loan originated
1,575000.0,43,645000.0,205.0,1,Black or African American,Female,45-54,90.0,Loan originated
1,405000.0,30%-<36%,435000.0,117.0,1,Hispanic or Latino,Female,35-44,92.6,Application denied
1,955000.0,46,1775000.0,236.0,1,Asian,Female,35-44,53.642,Loan originated
1,885000.0,43,1115000.0,187.0,1,Asian,Male,35-44,80.0,Loan originated
1,605000.0,45,825000.0,245.0,1,Asian,Male,35-44,72.728,Loan originated
1,235000.0,43,685000.0,83.0,1,White,Male,35-44,100.0,Loan originated
1,265000.0,20%-<30%,465000.0,141.0,1,White,Female,65-74,56.989,Loan originated
1,355000.0,47,555000.0,176.0,1,White,Female,45-54,63.64,Loan originated
1,705000.0,47,875000.0,163.0,1,Hispanic or Latino,Male,35-44,80.0,Loan originated
1,475000.0,49,505000.0,130.0,1,Hispanic or Latino,Female,25-34,95.0,Loan originated
1,615000.0,41,1025000.0,166.0,1,Asian,Female,35-44,59.922,Loan originated
1,665000.0,44,745000.0,249.0,1,White,Joint,<25,89.986,Loan originated
1,615000.0,39,645000.0,278.0,1,Hispanic or Latino,Male,65-74,95.0,Loan originated
1,935000.0,42,1075000.0,201.0,1,Asian,Male,35-44,87.68,Loan originated
1,675000.0,48,845000.0,165.0,1,White,Joint,25-34,80.0,Loan originated
1,1105000.0,20%-<30%,3705000.0,1034.0,1,Hispanic or Latino,Female,35-44,29.73,Loan originated
1,475000.0,30%-<36%,565000.0,230.0,1,White,Joint,25-34,85.27,Loan originated
1,135000.0,20%-<30%,435000.0,76.0,1,White,Female,35-44,32.0,Loan originated
1,755000.0,44,1255000.0,205.0,1,Asian,Joint,65-74,60.0,Loan originated
1,765000.0,20%-<30%,855000.0,339.0,1,White,Joint,35-44,89.655,Loan originated
1,455000.0,30%-<36%,645000.0,150.0,1,Hispanic or Latino,Joint,25-34,70.0,Loan originated
1,735000.0,46,825000.0,171.0,1,Asian,Female,45-54,89.0,Loan originated
1,545000.0,46,615000.0,147.0,1,Asian,Female,45-54,90.0,Loan originated
1,655000.0,30%-<36%,975000.0,231.0,1,White,Joint,25-34,67.15,Loan originated
1,595000.0,44,665000.0,209.0,1,White,Male,45-54,90.0,Loan originated
1,605000.0,30%-<36%,1055000.0,228.0,1,White,Female,35-44,58.0,Loan originated
1,375000.0,49,395000.0,75.0,1,Hispanic or Latino,Joint,45-54,100.0,Application denied
1,325000.0,45,365000.0,76.0,1,White,Male,<25,90.0,Loan originated
1,715000.0,40,795000.0,329.0,1,Asian,Joint,<25,90.0,Loan originated
1,365000.0,49,815000.0,233.0,1,White,Joint,25-34,45.309,Loan originated
1,455000.0,48,475000.0,101.0,1,Asian,Male,35-44,95.0,Loan originated
1,485000.0,44,505000.0,122.0,1,White,Female,35-44,94.987,Loan originated
1,1065000.0,38,1425000.0,358.0,1,Hispanic or Latino,Joint,35-44,75.0,Loan originated
1,435000.0,46,455000.0,97.0,1,Hispanic or Latino,Joint,45-54,97.0,Loan originated
1,435000.0,47,455000.0,83.0,1,Hispanic or Latino,Male,25-34,95.0,Loan originated
1,425000.0,<20%,2125000.0,310.0,1,White,Joint,55-64,20.0,Loan originated
1,395000.0,30%-<36%,405000.0,150.0,1,White,Male,25-34,97.0,Loan originated
1,515000.0,30%-<36%,785000.0,141.0,1,White,Joint,55-64,65.0,Loan originated
1,395000.0,30%-<36%,495000.0,335.0,1,Hispanic or Latino,Joint,45-54,79.798,Loan originated
1,505000.0,>60%,755000.0,60.0,1,Hispanic or Latino,Male,55-64,66.667,Application denied
1,265000.0,42,335000.0,69.0,1,Hispanic or Latino,Male,35-44,80.0,Loan originated
1,645000.0,30%-<36%,715000.0,249.0,1,White,Joint,25-34,90.0,Loan originated
1,455000.0,30%-<36%,755000.0,304.0,1,White,Joint,45-54,60.0,Loan originated
1,675000.0,41,705000.0,200.0,1,White,Joint,25-34,95.0,Loan originated
1,595000.0,30%-<36%,655000.0,233.0,1,Asian,Male,25-34,89.99,Loan originated
1,185000.0,20%-<30%,535000.0,228.0,1,Asian,Joint,25-34,34.579,Loan originated
1,765000.0,<20%,1025000.0,640.0,1,Asian,Male,45-54,75.0,Loan originated
1,645000.0,30%-<36%,715000.0,188.0,1,Asian,Joint,35-44,90.0,Loan originated
1,415000.0,30%-<36%,435000.0,126.0,1,Hispanic or Latino,Male,25-34,95.0,Loan originated
1,545000.0,42,675000.0,124.0,1,Asian,Joint,35-44,100.0,Loan originated
1,1095000.0,42,1565000.0,278.0,1,White,Male,35-44,70.224,Loan originated
1,1135000.0,45,1515000.0,282.0,1,White,Male,35-44,74.74,Loan originated
1,585000.0,44,625000.0,149.0,1,White,Male,25-34,93.05,Loan originated
1,1145000.0,30%-<36%,1425000.0,310.0,1,White,Male,35-44,79.93,Loan originated
1,525000.0,48,555000.0,169.0,1,White,Male,35-44,94.955,Loan originated
1,555000.0,39,575000.0,149.0,1,Hispanic or Latino,Male,25-34,100.0,Loan originated
1,205000.0,20%-<30%,655000.0,101.0,1,Hispanic or Latino,Joint,65-74,32.154,Loan originated
1,665000.0,47,825000.0,134.0,1,Asian,Joint,35-44,80.0,Loan originated
1,1135000.0,44,1415000.0,333.0,1,Asian,Male,55-64,79.98,Loan originated
1,505000.0,48,635000.0,125.0,1,White,Male,45-54,80.0,Loan originated
1,595000.0,44,625000.0,247.0,1,White,Joint,55-64,94.994,Loan originated
1,385000.0,38,515000.0,164.0,1,Asian,Male,45-54,75.0,Loan originated
1,425000.0,38,625000.0,132.0,1,Asian,Female,25-34,68.0,Loan originated
1,405000.0,41,505000.0,129.0,1,Asian,Joint,55-64,100.0,Loan originated
1,465000.0,38,585000.0,122.0,1,Hispanic or Latino,Male,35-44,80.0,Loan originated
1,705000.0,44,3055000.0,225.0,1,Asian,Female,25-34,22.906,Loan originated
1,965000.0,40,1135000.0,354.0,1,Asian,Joint,25-34,85.0,Loan originated
1,405000.0,20%-<30%,505000.0,174.0,1,White,Female,35-44,80.0,Loan originated
1,995000.0,30%-<36%,1105000.0,338.0,1,Asian,Joint,25-34,89.89,Loan originated
1,445000.0,44,635000.0,129.0,1,Hispanic or Latino,Female,45-54,70.0,Loan originated
1,545000.0,49,1155000.0,124.0,1,White,Joint,65-74,46.957,Loan originated
1,495000.0,48,745000.0,112.0,1,Hispanic or Latino,Male,35-44,67.0,Loan originated
1,375000.0,41,395000.0,105.0,1,White,Male,<25,95.0,Loan originated
1,965000.0,20%-<30%,1205000.0,953.0,1,White,Male,25-34,80.0,Loan originated
1,465000.0,<20%,625000.0,308.0,1,Hispanic or Latino,Joint,35-44,75.0,Loan originated
1,805000.0,38,905000.0,310.0,1,Hispanic or Latino,Male,25-34,89.89,Loan originated
1,445000.0,40,465000.0,167.0,1,White,Male,35-44,95.0,Loan originated
1,445000.0,37,555000.0,119.0,1,Hispanic or Latino,Joint,45-54,80.0,Loan originated
1,305000.0,41,505000.0,82.0,1,Hispanic or Latino,Male,55-64,60.0,Loan originated
1,315000.0,30%-<36%,915000.0,116.0,1,Asian,Male,35-44,34.569,Loan originated
1,755000.0,38,1075000.0,380.0,1,White,Joint,35-44,80.0,Loan originated
1,435000.0,30%-<36%,545000.0,138.0,1,White,Female,25-34,80.0,Loan originated
1,625000.0,20%-<30%,785000.0,253.0,1,Asian,Joint,35-44,80.0,Loan originated
1,295000.0,20%-<30%,795000.0,219.0,1,White,Male,65-74,36.709,Loan originated
1,845000.0,38,1055000.0,239.0,1,White,Male,35-44,79.99,Loan originated
1,245000.0,49,255000.0,60.0,1,Hispanic or Latino,Male,35-44,95.0,Loan originated
1,755000.0,40,825000.0,225.0,1,Black or African American,Joint,25-34,92.0,Application denied
1,605000.0,49,2325000.0,158.0,1,Asian,Joint,25-34,26.194,Loan originated
1,525000.0,36,555000.0,198.0,1,Asian,Joint,25-34,95.0,Loan originated
1,385000.0,44,765000.0,100.0,1,White,Female,65-74,49.673,Loan originated
1,705000.0,36,725000.0,198.0,1,White,Joint,35-44,97.0,Loan originated
1,1025000.0,41,1275000.0,275.0,1,White,Male,25-34,80.0,Loan originated
1,565000.0,38,825000.0,237.0,1,White,Joint,35-44,68.9,Loan originated
1,1045000.0,43,1305000.0,263.0,1,Asian,Joint,35-44,80.0,Loan originated
1,355000.0,49,505000.0,87.0,1,White,Female,25-34,71.0,Loan originated
1,925000.0,43,1185000.0,195.0,1,Hispanic or Latino,Male,45-54,78.0,Loan originated
1,765000.0,47,855000.0,205.0,1,Asian,Male,35-44,89.96,Loan originated
1,225000.0,20%-<30%,475000.0,326.0,1,White,Joint,55-64,46.809,Loan originated
1,515000.0,<20%,1315000.0,417.0,1,White,Male,35-44,38.931,Loan originated
1,805000.0,42,855000.0,225.0,1,White,Male,25-34,95.0,Loan originated
1,415000.0,49,485000.0,75.0,1,Hispanic or Latino,Male,<25,85.0,Loan originated
1,395000.0,49,525000.0,96.0,1,White,Male,25-34,75.0,Loan originated
1,615000.0,45,655000.0,226.0,1,White,Joint,35-44,95.0,Loan originated
1,425000.0,40,475000.0,142.0,1,Hispanic or Latino,Female,25-34,89.9,Loan originated
1,535000.0,40,685000.0,131.0,1,Black or African American,Joint,45-54,77.578,Loan originated
1,615000.0,45,775000.0,180.0,1,White,Joint,35-44,80.0,Loan originated
1,655000.0,30%-<36%,775000.0,248.0,1,Hispanic or Latino,Male,35-44,85.0,Loan originated
1,605000.0,38,1025000.0,221.0,1,Other,Male,45-54,58.537,Loan originated
1,395000.0,38,445000.0,104.0,1,Hispanic or Latino,Male,35-44,89.77,Loan originated
1,365000.0,44,485000.0,88.0,1,Hispanic or Latino,Female,25-34,89.085,Loan originated
1,175000.0,45,725000.0,102.0,1,Asian,Female,55-64,24.138,Loan originated
1,375000.0,45,675000.0,315.0,1,Black or African American,Male,35-44,55.556,Loan originated
1,965000.0,30%-<36%,1205000.0,454.0,1,Asian,Male,25-34,80.0,Loan originated
1,425000.0,49,565000.0,82.0,1,Asian,Male,<25,75.0,Loan originated
1,1035000.0,44,1295000.0,452.0,1,White,Joint,35-44,80.0,Loan originated
1,1145000.0,20%-<30%,1425000.0,470.0,1,White,Joint,25-34,80.689,Loan originated
1,675000.0,38,845000.0,204.0,1,White,Female,35-44,80.0,Loan originated
1,755000.0,41,795000.0,351.0,1,White,Joint,35-44,95.0,Loan originated
1,455000.0,20%-<30%,605000.0,193.0,1,White,Female,25-34,75.0,Loan originated
1,125000.0,37,165000.0,49.0,1,Hispanic or Latino,Female,45-54,75.0,Loan originated
1,255000.0,30%-<36%,1055000.0,125.0,1,White,Male,55-64,23.81,Loan originated
1,145000.0,20%-<30%,535000.0,79.0,1,Asian,Joint,55-64,26.095,Loan originated
1,425000.0,20%-<30%,795000.0,255.0,1,Asian,Joint,25-34,52.83,Loan originated
1,395000.0,43,415000.0,163.0,1,White,Joint,25-34,95.0,Loan originated
1,1055000.0,44,1355000.0,329.0,1,Asian,Joint,25-34,77.77,Loan originated
1,375000.0,39,495000.0,102.0,1,White,Female,55-64,75.0,Application denied
1,415000.0,49,465000.0,119.0,1,White,Female,>74,89.9,Loan originated
1,95000.0,30%-<36%,225000.0,37.0,1,White,Male,65-74,44.0,Loan originated
1,475000.0,36,675000.0,463.0,1,Asian,Male,>74,70.0,Loan originated
1,425000.0,30%-<36%,715000.0,132.0,1,Hispanic or Latino,Joint,45-54,60.0,Loan originated
1,615000.0,43,655000.0,232.0,1,Hispanic or Latino,Male,55-64,95.0,Loan originated
1,565000.0,30%-<36%,975000.0,189.0,1,Asian,Male,45-54,58.0,Loan originated
1,565000.0,49,715000.0,118.0,1,Asian,Male,25-34,100.0,Application denied
1,235000.0,20%-<30%,295000.0,115.0,1,White,Joint,35-44,80.0,Loan originated
1,485000.0,37,605000.0,207.0,1,White,Male,35-44,80.0,Application denied
1,955000.0,47,1335000.0,411.0,1,Black or African American,Joint,35-44,88.154,Loan originated
1,405000.0,46,765000.0,89.0,1,Hispanic or Latino,Joint,55-64,53.0,Loan originated
1,1085000.0,30%-<36%,1555000.0,369.0,1,Asian,Male,35-44,70.0,Loan originated
1,285000.0,37,475000.0,95.0,1,White,Female,65-74,58.95,Loan originated
1,405000.0,38,435000.0,120.0,1,White,Male,55-64,95.0,Loan originated
1,355000.0,20%-<30%,885000.0,231.0,1,White,Male,55-64,39.67,Loan originated
1,625000.0,45,745000.0,217.0,1,Asian,Joint,25-34,84.485,Loan originated
1,645000.0,30%-<36%,805000.0,211.0,1,White,Joint,35-44,80.0,Loan originated
1,955000.0,45,1275000.0,260.0,1,White,Male,45-54,75.0,Loan originated
1,445000.0,30%-<36%,455000.0,132.0,1,White,Joint,55-64,95.0,Application denied
1,1005000.0,45,1255000.0,304.0,1,Hispanic or Latino,Female,35-44,80.0,Loan originated
1,225000.0,<20%,455000.0,1522.0,1,Asian,Female,45-54,49.451,Loan originated
1,505000.0,30%-<36%,955000.0,197.0,1,Asian,Joint,25-34,52.6,Loan originated
1,325000.0,37,405000.0,603.0,1,Hispanic or Latino,Male,25-34,80.0,Loan originated
1,1005000.0,47,2125000.0,290.0,1,Black or African American,Male,45-54,47.16,Loan originated
1,765000.0,37,1875000.0,300.0,1,Asian,Male,35-44,40.88,Loan originated
1,345000.0,40,515000.0,86.0,1,White,Joint,35-44,67.375,Loan originated
1,545000.0,46,605000.0,166.0,1,Hispanic or Latino,Male,25-34,90.0,Loan originated
1,525000.0,49,725000.0,99.0,1,White,Female,55-64,72.0,Loan originated
1,795000.0,30%-<36%,995000.0,298.0,1,Asian,Male,25-34,80.0,Loan originated
1,605000.0,47,755000.0,147.0,1,White,Male,25-34,80.0,Loan originated
1,425000.0,46,1125000.0,115.0,1,Asian,Male,25-34,37.778,Loan originated
1,245000.0,38,385000.0,104.0,1,Hispanic or Latino,Female,25-34,64.0,Loan originated
1,1005000.0,20%-<30%,4055000.0,700.0,1,Asian,Male,55-64,24.674,Loan originated
1,1065000.0,43,1185000.0,266.0,1,White,Male,35-44,89.8,Loan originated
1,1045000.0,47,1095000.0,332.0,1,White,Female,45-54,95.0,Loan originated
1,345000.0,43,435000.0,71.0,1,Hispanic or Latino,Female,35-44,79.31,Loan originated
1,655000.0,46,705000.0,149.0,1,Hispanic or Latino,Male,35-44,93.0,Loan originated
1,405000.0,41,475000.0,95.0,1,White,Male,25-34,85.0,Loan originated
1,205000.0,50%-60%,225000.0,87.0,1,White,Male,25-34,92.64,Application denied
1,765000.0,48,845000.0,206.0,1,White,Joint,25-34,90.0,Loan originated
1,395000.0,49,495000.0,126.0,1,Asian,Joint,45-54,80.0,Loan originated
1,685000.0,39,855000.0,204.0,1,Asian,Male,55-64,80.0,Loan originated
1,525000.0,47,625000.0,129.0,1,Hispanic or Latino,Joint,35-44,85.0,Loan originated
1,365000.0,44,385000.0,110.0,1,White,Male,65-74,95.0,Loan originated
1,605000.0,45,635000.0,137.0,1,Hispanic or Latino,Male,35-44,96.616,Loan originated
1,695000.0,49,715000.0,178.0,1,Asian,Joint,25-34,97.0,Loan originated
1,695000.0,41,925000.0,174.0,1,White,Joint,35-44,75.0,Loan originated
1,475000.0,49,495000.0,101.0,1,Hispanic or Latino,Female,35-44,95.0,Loan originated
1,565000.0,49,715000.0,103.0,1,Hispanic or Latino,Male,25-34,79.58,Loan originated
1,655000.0,49,935000.0,229.0,1,Asian,Male,25-34,70.0,Loan originated
1,545000.0,45,575000.0,174.0,1,Hispanic or Latino,Female,35-44,95.0,Loan originated
1,395000.0,30%-<36%,495000.0,195.0,1,Asian,Male,25-34,80.0,Loan originated
1,885000.0,20%-<30%,1805000.0,385.0,1,White,Female,35-44,48.889,Loan originated
1,365000.0,46,405000.0,97.0,1,Asian,Female,35-44,90.0,Loan originated
1,645000.0,36,805000.0,482.0,1,White,Male,<25,80.0,Loan originated
1,995000.0,38,1655000.0,336.0,1,Asian,Joint,45-54,60.6,Loan originated
1,695000.0,30%-<36%,865000.0,258.0,1,White,Male,25-34,80.0,Loan originated
1,1045000.0,20%-<30%,1595000.0,420.0,1,Asian,Joint,25-34,66.0,Loan originated
1,555000.0,42,585000.0,133.0,1,Hispanic or Latino,Male,45-54,95.0,Loan originated
1,725000.0,47,775000.0,155.0,1,Hispanic or Latino,Male,<25,93.0,Loan originated
1,405000.0,40,425000.0,164.0,1,Hispanic or Latino,Joint,25-34,95.0,Loan originated
1,865000.0,47,915000.0,211.0,1,Asian,Joint,35-44,95.0,Loan originated
1,425000.0,41,525000.0,104.0,1,White,Female,25-34,80.0,Loan originated
1,1005000.0,30%-<36%,2955000.0,639.0,1,Asian,Female,35-44,33.899,Loan originated
1,855000.0,20%-<30%,1885000.0,365.0,1,Asian,Joint,35-44,45.03,Loan originated
1,475000.0,43,635000.0,213.0,1,Asian,Female,35-44,75.0,Loan originated
1,485000.0,36,515000.0,185.0,1,Hispanic or Latino,Joint,25-34,95.0,Loan originated
1,635000.0,47,945000.0,151.0,1,Hispanic or Latino,Male,25-34,67.3,Loan originated
1,705000.0,38,745000.0,206.0,1,White,Joint,25-34,95.0,Loan originated
1,505000.0,48,845000.0,154.0,1,Hispanic or Latino,Female,45-54,59.097,Loan originated
1,645000.0,48,675000.0,159.0,1,Hispanic or Latino,Joint,35-44,95.0,Loan originated
1,385000.0,40,1505000.0,166.0,1,White,Male,55-64,25.405,Loan originated
1,1445000.0,38,1805000.0,415.0,1,Asian,Joint,55-64,80.0,Loan originated
1,475000.0,30%-<36%,975000.0,336.0,1,Asian,Joint,45-54,48.704,Loan originated
1,625000.0,47,695000.0,175.0,1,White,Male,55-64,89.99,Loan originated
1,475000.0,50%-60%,495000.0,92.0,1,Hispanic or Latino,Male,35-44,95.0,Application denied
1,315000.0,49,385000.0,130.0,1,Hispanic or Latino,Joint,55-64,80.0,Loan originated
1,765000.0,30%-<36%,1275000.0,413.0,1,Asian,Joint,35-44,60.0,Loan originated
1,565000.0,49,705000.0,179.0,1,Hispanic or Latino,Joint,35-44,80.0,Loan originated
1,765000.0,49,795000.0,166.0,1,Black or African American,Female,35-44,96.662,Loan originated
1,705000.0,44,1175000.0,165.0,1,White,Joint,65-74,59.473,Loan originated
1,815000.0,44,1085000.0,311.0,1,White,Joint,45-54,75.0,Loan originated
1,235000.0,20%-<30%,295000.0,92.0,1,Hispanic or Latino,Joint,45-54,80.0,Loan originated
1,625000.0,39,775000.0,336.0,1,White,Joint,45-54,80.0,Loan originated
1,765000.0,41,925000.0,181.0,1,White,Female,65-74,82.811,Loan originated
1,155000.0,48,175000.0,122.0,1,Hispanic or Latino,Joint,45-54,90.0,Loan originated
1,335000.0,30%-<36%,375000.0,125.0,1,White,Female,25-34,90.0,Loan originated
1,315000.0,40,395000.0,115.0,1,White,Male,55-64,80.0,Loan originated
1,505000.0,20%-<30%,535000.0,313.0,1,Hispanic or Latino,Male,65-74,95.0,Loan originated
1,805000.0,49,3225000.0,180.0,1,Asian,Joint,65-74,24.845,Loan originated
1,185000.0,30%-<36%,235000.0,100.0,1,Hispanic or Latino,Joint,35-44,79.57,Loan originated
1,735000.0,49,775000.0,225.0,1,Hispanic or Latino,Male,35-44,95.0,Loan originated
1,265000.0,>60%,265000.0,36.0,1,White,Male,<25,97.0,Application denied
1,275000.0,20%-<30%,625000.0,117.0,1,White,Joint,>74,44.356,Loan originated
1,515000.0,20%-<30%,645000.0,265.0,1,White,Female,55-64,80.0,Loan originated
1,495000.0,37,915000.0,154.0,1,Hispanic or Latino,Joint,55-64,53.552,Loan originated
1,465000.0,30%-<36%,575000.0,349.0,1,Hispanic or Latino,Joint,35-44,80.0,Loan originated
1,135000.0,20%-<30%,155000.0,123.0,1,Hispanic or Latino,Male,25-34,91.467,Loan originated
1,405000.0,44,445000.0,106.0,1,Hispanic or Latino,Joint,25-34,90.0,Loan originated
1,355000.0,44,395000.0,96.0,1,White,Male,55-64,89.95,Loan originated
1,815000.0,45,905000.0,287.0,1,Hispanic or Latino,Joint,45-54,90.0,Loan originated
1,405000.0,44,1075000.0,177.0,1,White,Joint,25-34,37.209,Loan originated
1,195000.0,46,335000.0,56.0,1,Asian,Female,65-74,58.823,Loan originated
1,255000.0,46,355000.0,56.0,1,Hispanic or Latino,Female,25-34,72.86,Loan originated
1,305000.0,49,565000.0,121.0,1,Asian,Male,45-54,53.57,Loan originated
1,295000.0,46,355000.0,68.0,1,Hispanic or Latino,Female,25-34,84.029,Loan originated
1,575000.0,38,715000.0,161.0,1,Black or African American,Joint,25-34,80.0,Loan originated
1,645000.0,40,945000.0,182.0,1,White,Female,45-54,68.25,Loan originated
1,585000.0,47,725000.0,110.0,1,Hispanic or Latino,Male,45-54,80.0,Loan originated
1,595000.0,49,725000.0,127.0,1,Asian,Male,35-44,83.0,Loan originated
1,545000.0,49,645000.0,109.0,1,Black or African American,Female,35-44,85.0,Loan originated
1,1005000.0,46,1935000.0,290.0,1,Asian,Female,35-44,51.666,Loan originated
1,235000.0,37,645000.0,12.0,1,Asian,Female,25-34,40.69,Loan originated
1,1015000.0,30%-<36%,1455000.0,329.0,1,Asian,Joint,25-34,70.0,Loan originated
1,195000.0,20%-<30%,815000.0,101.0,1,Asian,Male,25-34,24.81,Loan originated
1,575000.0,<20%,765000.0,315.0,1,White,Male,25-34,75.0,Application denied
1,215000.0,45,445000.0,59.0,1,Asian,Female,55-64,47.727,Loan originated
1,385000.0,49,405000.0,81.0,1,Hispanic or Latino,Male,<25,100.4,Loan originated
1,135000.0,47,175000.0,34.0,1,White,Female,65-74,75.0,Loan originated
1,175000.0,47,185000.0,73.0,1,Hispanic or Latino,Male,35-44,95.0,Loan originated
1,265000.0,47,515000.0,79.0,1,Asian,Female,45-54,50.98,Loan originated
1,315000.0,44,335000.0,70.0,1,White,Female,<25,95.0,Loan originated
1,745000.0,47,935000.0,235.0,1,Asian,Male,25-34,80.0,Loan originated
1,325000.0,49,365000.0,79.0,1,Hispanic or Latino,Female,25-34,90.0,Loan originated
1,885000.0,36,1205000.0,294.0,1,Asian,Male,45-54,74.0,Loan originated
1,955000.0,47,1705000.0,187.0,1,Hispanic or Latino,Joint,35-44,55.999,Loan originated
1,295000.0,39,855000.0,114.0,1,White,Joint,55-64,34.665,Loan originated
1,895000.0,44,1125000.0,321.0,1,Asian,Joint,35-44,80.0,Loan originated
1,955000.0,48,1365000.0,195.0,1,Asian,Joint,25-34,69.853,Loan originated
1,995000.0,45,10505000.0,333.0,1,White,Joint,35-44,95.0,Loan originated
1,785000.0,42,1505000.0,190.0,1,White,Joint,35-44,52.0,Loan originated
1,545000.0,46,685000.0,132.0,1,Hispanic or Latino,Joint,55-64,80.0,Loan originated
1,365000.0,46,405000.0,86.0,1,Black or African American,Female,35-44,90.0,Loan originated
1,765000.0,38,935000.0,200.0,1,White,Male,35-44,81.635,Loan originated
1,435000.0,20%-<30%,975000.0,212.0,1,Asian,Joint,55-64,43.878,Loan originated
1,185000.0,47,235000.0,64.0,1,Asian,Female,55-64,80.0,Application denied
1,1145000.0,41,2505000.0,440.0,1,White,Joint,25-34,45.993,Loan originated
1,635000.0,47,795000.0,144.0,1,Hispanic or Latino,Joint,35-44,80.0,Loan originated
1,545000.0,46,605000.0,142.0,1,Asian,Joint,25-34,90.0,Loan originated
1,175000.0,49,195000.0,75.0,1,White,Joint,35-44,90.0,Loan originated
1,615000.0,49,685000.0,167.0,1,Asian,Female,55-64,89.99,Loan originated
1,605000.0,49,1145000.0,160.0,1,Asian,Male,35-44,52.353,Loan originated
1,315000.0,30%-<36%,355000.0,152.0,1,White,Joint,25-34,90.0,Loan originated
1,485000.0,30%-<36%,615000.0,283.0,1,White,Male,55-64,80.0,Loan originated
1,745000.0,49,865000.0,223.0,1,Hispanic or Latino,Joint,35-44,86.905,Loan originated
1,835000.0,47,1135000.0,209.0,1,Asian,Joint,35-44,73.569,Loan originated
1,395000.0,39,485000.0,135.0,1,White,Female,45-54,82.0,Loan originated
1,745000.0,48,935000.0,156.0,1,Asian,Female,25-34,80.0,Loan originated
1,505000.0,45,625000.0,130.0,1,White,Joint,35-44,80.0,Loan originated
1,265000.0,48,335000.0,100.0,1,Hispanic or Latino,Male,45-54,80.0,Loan originated
1,545000.0,38,575000.0,145.0,1,Hispanic or Latino,Joint,35-44,95.0,Loan originated
1,715000.0,44,795000.0,158.0,1,Asian,Male,35-44,90.0,Loan originated
1,705000.0,41,935000.0,176.0,1,Asian,Male,25-34,75.0,Loan originated
1,415000.0,43,515000.0,94.0,1,Asian,Male,25-34,100.0,Loan originated
1,495000.0,49,625000.0,117.0,1,White,Female,35-44,80.0,Loan originated
1,535000.0,40,565000.0,150.0,1,Asian,Male,35-44,94.643,Loan originated
1,315000.0,42,335000.0,95.0,1,White,Male,35-44,95.0,Loan originated
1,1145000.0,49,1695000.0,300.0,1,Asian,Male,45-54,82.83,Loan originated
1,545000.0,48,605000.0,133.0,1,White,Joint,25-34,90.0,Loan originated
1,675000.0,30%-<36%,715000.0,231.0,1,Other,Male,25-34,95.0,Loan originated
1,735000.0,42,765000.0,202.0,1,Asian,Male,25-34,95.0,Loan originated
1,175000.0,44,1205000.0,73.0,1,Asian,Joint,>74,14.53,Loan originated
1,495000.0,48,755000.0,111.0,1,White,Female,35-44,66.0,Loan originated
1,525000.0,37,665000.0,162.0,1,White,Male,35-44,80.0,Loan originated
1,665000.0,30%-<36%,1055000.0,314.0,1,Asian,Female,45-54,63.24,Loan originated
1,705000.0,30%-<36%,875000.0,285.0,1,White,Male,35-44,90.0,Loan originated
1,415000.0,46,445000.0,88.0,1,White,Joint,35-44,95.0,Loan originated
1,325000.0,47,405000.0,298.0,1,Asian,Joint,25-34,80.0,Loan originated
1,275000.0,39,1045000.0,136.0,1,White,Male,55-64,26.442,Loan originated
1,1135000.0,42,1625000.0,299.0,1,White,Joint,35-44,70.0,Loan originated
1,315000.0,49,365000.0,225.0,1,White,Female,35-44,85.0,Loan originated
1,1125000.0,46,1195000.0,242.0,1,Asian,Joint,35-44,94.0,Loan originated
1,445000.0,40,465000.0,266.0,1,Hispanic or Latino,Joint,25-34,95.0,Loan originated
1,645000.0,40,915000.0,306.0,1,Black or African American,Joint,35-44,70.0,Loan originated
1,655000.0,45,735000.0,180.0,1,Asian,Male,35-44,90.0,Loan originated
1,975000.0,50%-60%,1265000.0,193.0,1,Asian,Female,45-54,77.381,Application denied
1,1055000.0,41,1625000.0,281.0,1,White,Joint,25-34,64.923,Loan originated
1,305000.0,20%-<30%,1395000.0,323.0,1,White,Joint,55-64,21.5,Loan originated
1,705000.0,47,875000.0,273.0,1,Asian,Female,35-44,80.0,Loan originated
1,975000.0,44,1355000.0,222.0,1,Asian,Female,35-44,72.45,Loan originated
1,695000.0,40,735000.0,193.0,1,Hispanic or Latino,Joint,25-34,95.0,Loan originated
1,575000.0,43,635000.0,131.0,1,Hispanic or Latino,Female,35-44,90.0,Loan originated
1,945000.0,36,995000.0,318.0,1,White,Joint,25-34,95.0,Loan originated
1,445000.0,43,595000.0,110.0,1,White,Male,25-34,74.996,Loan originated
1,645000.0,49,955000.0,130.0,1,Asian,Male,25-34,68.0,Loan originated
1,795000.0,49,995000.0,342.0,1,White,Male,45-54,80.0,Loan originated
1,755000.0,44,1005000.0,19.0,1,Asian,Joint,35-44,75.0,Loan originated
1,605000.0,47,755000.0,179.0,1,Asian,Male,35-44,80.0,Loan originated
1,545000.0,40,675000.0,403.0,1,Hispanic or Latino,Joint,55-64,80.0,Loan originated
1,845000.0,50%-60%,1055000.0,218.0,1,Asian,Male,35-44,80.0,Application denied
1,965000.0,20%-<30%,1315000.0,442.0,1,Asian,Joint,35-44,73.29,Loan originated
1,765000.0,36,955000.0,210.0,1,Asian,Male,35-44,80.0,Loan originated
1,625000.0,49,785000.0,248.0,1,White,Joint,45-54,80.0,Loan originated
1,865000.0,37,915000.0,223.0,1,White,Joint,25-34,95.0,Loan originated
1,175000.0,49,275000.0,68.0,1,White,Male,65-74,64.158,Loan originated
1,45000.0,20%-<30%,65000.0,63.0,1,White,Male,65-74,71.31,Loan originated
1,765000.0,48,875000.0,323.0,1,Hispanic or Latino,Male,45-54,87.6,Application denied
1,1125000.0,30%-<36%,1405000.0,324.0,1,White,Joint,>74,80.0,Loan originated
1,745000.0,37,925000.0,277.0,1,Asian,Joint,35-44,80.0,Loan originated
1,735000.0,30%-<36%,745000.0,221.0,1,Hispanic or Latino,Joint,25-34,99.33,Loan originated
1,265000.0,45,325000.0,90.0,1,Asian,Female,35-44,80.0,Loan originated
1,145000.0,49,625000.0,112.0,1,White,Female,65-74,22.877,Loan originated
1,605000.0,40,905000.0,510.0,1,White,Female,55-64,66.667,Loan originated
1,275000.0,50%-60%,815000.0,83.0,1,Black or African American,Joint,55-64,33.6,Loan originated
1,835000.0,43,1045000.0,244.0,1,Hispanic or Latino,Male,45-54,80.0,Loan originated
1,645000.0,42,805000.0,152.0,1,White,Female,35-44,80.0,Loan originated
1,475000.0,48,875000.0,232.0,1,Asian,Female,65-74,54.286,Loan originated
1,665000.0,42,895000.0,208.0,1,White,Female,25-34,85.0,Loan originated
1,655000.0,40,825000.0,186.0,1,Asian,Male,25-34,80.0,Loan originated
1,725000.0,41,915000.0,202.0,1,Asian,Joint,35-44,80.0,Loan originated
1,315000.0,44,335000.0,104.0,1,Hispanic or Latino,Joint,55-64,98.325,Loan originated
1,685000.0,46,1455000.0,155.0,1,Hispanic or Latino,Joint,65-74,47.172,Loan originated
1,815000.0,46,1025000.0,180.0,1,Asian,Female,45-54,80.0,Loan originated
1,345000.0,20%-<30%,365000.0,165.0,1,White,Female,35-44,95.0,Loan originated
1,345000.0,40,365000.0,116.0,1,Hispanic or Latino,Joint,25-34,95.0,Loan originated
1,565000.0,36,595000.0,196.0,1,Hispanic or Latino,Joint,35-44,95.0,Loan originated
1,435000.0,43,485000.0,150.0,1,Hispanic or Latino,Joint,25-34,90.0,Loan originated
1,425000.0,42,475000.0,168.0,1,White,Male,35-44,89.979,Loan originated
1,405000.0,44,425000.0,111.0,1,Hispanic or Latino,Male,25-34,97.0,Loan originated
1,925000.0,30%-<36%,1155000.0,349.0,1,Asian,Joint,35-44,80.0,Loan originated
1,495000.0,43,555000.0,111.0,1,White,Female,45-54,90.0,Loan originated
1,375000.0,50%-60%,375000.0,83.0,1,Asian,Male,35-44,100.67,Application denied
1,925000.0,30%-<36%,1035000.0,264.0,1,White,Female,35-44,90.0,Loan originated
1,395000.0,30%-<36%,585000.0,153.0,1,Hispanic or Latino,Joint,35-44,67.802,Loan originated
1,475000.0,45,545000.0,95.0,1,Asian,Male,25-34,87.0,Loan originated
1,195000.0,40,545000.0,153.0,1,White,Joint,65-74,36.0,Loan originated
1,655000.0,50%-60%,875000.0,122.0,1,Asian,Female,45-54,75.0,Loan originated
1,505000.0,50%-60%,1115000.0,170.0,1,White,Joint,65-74,44.84,Loan originated
1,565000.0,44,575000.0,196.0,1,White,Joint,55-64,100.395,Loan originated
1,885000.0,20%-<30%,1105000.0,413.0,1,White,Male,35-44,80.0,Loan originated
1,435000.0,30%-<36%,535000.0,260.0,1,White,Joint,55-64,80.0,Loan originated
1,565000.0,30%-<36%,725000.0,178.0,1,White,Female,35-44,77.241,Loan originated
1,495000.0,44,615000.0,135.0,1,Asian,Female,25-34,80.0,Loan originated
1,735000.0,48,1055000.0,150.0,1,White,Male,65-74,70.0,Loan originated
1,765000.0,44,815000.0,186.0,1,Hispanic or Latino,Male,25-34,95.0,Loan originated
1,445000.0,49,555000.0,93.0,1,Asian,Joint,35-44,79.999,Loan originated
1,485000.0,50%-60%,605000.0,122.0,1,Black or African American,Female,45-54,80.0,Loan originated
1,665000.0,44,955000.0,490.0,1,White,Joint,25-34,70.0,Loan originated
1,325000.0,37,505000.0,88.0,1,White,Joint,65-74,63.492,Loan originated
1,635000.0,40,655000.0,208.0,1,White,Joint,35-44,97.0,Loan originated
1,565000.0,45,705000.0,135.0,1,Hispanic or Latino,Male,35-44,80.0,Loan originated
1,755000.0,30%-<36%,795000.0,188.0,1,Asian,Joint,25-34,94.99,Loan originated
1,345000.0,39,535000.0,107.0,1,White,Male,55-64,65.0,Loan originated
1,285000.0,48,1495000.0,88.0,1,Asian,Male,45-54,19.0,Loan originated
1,445000.0,<20%,595000.0,1314.0,1,Asian,Joint,35-44,75.0,Loan originated
1,435000.0,37,615000.0,137.0,1,Hispanic or Latino,Joint,35-44,69.952,Loan originated
1,775000.0,41,1295000.0,221.0,1,Asian,Female,35-44,59.689,Loan originated
1,605000.0,36,805000.0,215.0,1,White,Joint,25-34,74.922,Loan originated
1,445000.0,20%-<30%,495000.0,224.0,1,Hispanic or Latino,Female,45-54,90.0,Application denied
1,435000.0,46,555000.0,97.0,1,White,Male,35-44,78.182,Loan originated
1,585000.0,44,735000.0,129.0,1,Hispanic or Latino,Female,35-44,80.0,Loan originated
1,165000.0,47,175000.0,45.0,1,White,Male,<25,103.765,Loan originated
1,685000.0,44,865000.0,194.0,1,Hispanic or Latino,Male,25-34,80.0,Loan originated
1,515000.0,20%-<30%,1015000.0,287.0,1,White,Joint,35-44,50.495,Loan originated
1,355000.0,38,595000.0,96.0,1,Hispanic or Latino,Joint,65-74,60.0,Loan originated
1,545000.0,49,725000.0,125.0,1,Asian,Joint,45-54,75.0,Loan originated
1,455000.0,44,535000.0,213.0,1,Hispanic or Latino,Joint,25-34,85.0,Loan originated
1,965000.0,44,1605000.0,364.0,1,Asian,Joint,45-54,60.0,Loan originated
1,405000.0,48,455000.0,98.0,1,Asian,Joint,55-64,90.0,Loan originated
1,455000.0,46,605000.0,135.0,1,White,Joint,25-34,75.0,Loan originated
1,625000.0,20%-<30%,775000.0,260.0,1,Asian,Female,45-54,80.0,Loan originated
1,705000.0,20%-<30%,2375000.0,358.0,1,White,Joint,25-34,29.474,Loan originated
1,625000.0,30%-<36%,955000.0,231.0,1,White,Joint,25-34,64.995,Loan originated
1,515000.0,40,535000.0,141.0,1,White,Joint,25-34,100.0,Loan originated
1,625000.0,48,1575000.0,145.0,1,White,Joint,25-34,39.365,Loan originated
1,705000.0,42,885000.0,198.0,1,Asian,Male,35-44,80.0,Loan originated
1,825000.0,41,1655000.0,211.0,1,Asian,Female,25-34,50.0,Loan originated
1,335000.0,30%-<36%,355000.0,168.0,1,White,Joint,35-44,95.0,Loan originated
1,935000.0,20%-<30%,1255000.0,540.0,1,White,Male,35-44,75.0,Loan originated
1,1085000.0,30%-<36%,1805000.0,523.0,1,White,Joint,35-44,60.0,Loan originated
1,885000.0,<20%,1395000.0,456.0,1,Asian,Joint,35-44,63.309,Loan originated
1,585000.0,49,725000.0,184.0,1,White,Joint,55-64,80.0,Loan originated
1,345000.0,39,435000.0,93.0,1,Hispanic or Latino,Female,25-34,80.0,Loan originated
1,555000.0,47,585000.0,133.0,1,Hispanic or Latino,Joint,35-44,95.0,Loan originated
1,445000.0,>60%,475000.0,261.0,1,Asian,Male,45-54,95.0,Application denied
1,1145000.0,47,1205000.0,301.0,1,Asian,Joint,25-34,95.0,Loan originated
1,415000.0,20%-<30%,735000.0,170.0,1,Hispanic or Latino,Female,35-44,57.0,Loan originated
1,955000.0,49,1305000.0,204.0,1,Asian,Male,25-34,73.08,Loan originated
1,985000.0,20%-<30%,1095000.0,581.0,1,White,Male,45-54,90.0,Application denied
1,1145000.0,20%-<30%,1435000.0,368.0,1,Asian,Joint,25-34,80.0,Loan originated
1,305000.0,47,605000.0,83.0,1,White,Male,25-34,50.0,Loan originated
1,675000.0,38,845000.0,181.0,1,White,Joint,45-54,80.0,Loan originated
1,705000.0,47,1145000.0,160.0,1,Hispanic or Latino,Male,45-54,61.404,Loan originated
1,515000.0,43,645000.0,219.0,1,Asian,Female,>74,80.0,Loan originated
1,495000.0,37,515000.0,124.0,1,Hispanic or Latino,Female,45-54,97.0,Loan originated
1,765000.0,30%-<36%,975000.0,322.0,1,White,Joint,25-34,78.0,Loan originated
1,945000.0,44,995000.0,261.0,1,Hispanic or Latino,Male,25-34,95.0,Loan originated
1,395000.0,49,1375000.0,103.0,1,White,Female,65-74,28.96,Loan originated
1,735000.0,20%-<30%,925000.0,285.0,1,Asian,Male,55-64,80.0,Loan originated
1,555000.0,30%-<36%,585000.0,199.0,1,White,Joint,45-54,95.0,Loan originated
1,375000.0,20%-<30%,475000.0,223.0,1,White,Joint,45-54,80.0,Loan originated
1,625000.0,44,785000.0,137.0,1,Asian,Male,35-44,80.0,Loan originated
1,805000.0,49,905000.0,161.0,1,Asian,Male,45-54,90.0,Loan originated
1,305000.0,48,375000.0,116.0,1,Hispanic or Latino,Joint,35-44,81.35,Application denied
1,565000.0,30%-<36%,705000.0,154.0,1,Asian,Male,45-54,80.0,Loan originated
1,755000.0,45,945000.0,200.0,1,White,Male,55-64,80.0,Loan originated
1,1005000.0,42,1455000.0,264.0,1,Asian,Female,55-64,69.0,Loan originated
1,1025000.0,30%-<36%,1365000.0,313.0,1,Asian,Male,35-44,75.0,Loan originated
1,735000.0,40,1235000.0,215.0,1,Hispanic or Latino,Joint,55-64,59.757,Loan originated
1,615000.0,48,655000.0,141.0,1,Hispanic or Latino,Joint,25-34,95.0,Loan originated
1,445000.0,37,555000.0,277.0,1,Hispanic or Latino,Male,25-34,80.0,Loan originated
1,225000.0,44,565000.0,60.0,1,White,Joint,25-34,103.0,Loan originated
1,945000.0,41,1405000.0,238.0,1,Asian,Female,25-34,67.15,Loan originated
1,485000.0,48,635000.0,120.0,1,White,Joint,35-44,76.526,Loan originated
1,855000.0,36,1555000.0,297.0,1,Asian,Male,35-44,55.06,Application denied
1,665000.0,48,1105000.0,200.0,1,White,Male,45-54,60.455,Loan originated
1,415000.0,40,465000.0,285.0,1,White,Male,35-44,90.0,Loan originated
1,75000.0,20%-<30%,85000.0,131.0,1,White,Female,55-64,99.09,Loan originated
1,525000.0,38,805000.0,156.0,1,White,Joint,45-54,65.217,Loan originated
1,1005000.0,<20%,2235000.0,801.0,1,Asian,Male,35-44,44.75,Loan originated
1,1145000.0,44,2705000.0,305.0,1,Asian,Female,35-44,43.0,Loan originated
1,325000.0,48,355000.0,82.0,1,Hispanic or Latino,Joint,45-54,90.0,Loan originated
1,765000.0,20%-<30%,855000.0,285.0,1,Asian,Joint,45-54,89.649,Loan originated
1,845000.0,48,895000.0,304.0,1,White,Joint,25-34,95.0,Loan originated
1,685000.0,30%-<36%,865000.0,220.0,1,Asian,Female,45-54,80.0,Loan originated
1,545000.0,42,725000.0,129.0,1,Asian,Male,25-34,95.0,Loan originated
1,505000.0,40,1105000.0,133.0,1,Asian,Male,25-34,46.0,Loan originated
1,585000.0,30%-<36%,725000.0,216.0,1,White,Joint,25-34,80.0,Loan originated
1,305000.0,47,315000.0,65.0,1,Hispanic or Latino,Male,<25,97.0,Loan originated
1,425000.0,49,445000.0,75.0,1,Hispanic or Latino,Female,25-34,97.0,Loan originated
1,965000.0,48,1285000.0,204.0,1,Asian,Joint,35-44,75.0,Loan originated
1,545000.0,48,745000.0,149.0,1,Hispanic or Latino,Male,25-34,73.154,Loan originated
1,315000.0,37,335000.0,125.0,1,White,Male,35-44,95.0,Loan originated
1,875000.0,30%-<36%,915000.0,305.0,1,Asian,Joint,25-34,95.0,Loan originated
1,265000.0,44,325000.0,5188.0,1,White,Male,35-44,80.0,Loan originated
1,535000.0,36,835000.0,176.0,1,Asian,Female,45-54,63.855,Loan originated
1,905000.0,30%-<36%,1125000.0,238.0,1,White,Joint,25-34,80.0,Loan originated
1,755000.0,49,1005000.0,214.0,1,White,Joint,55-64,75.0,Loan originated
1,615000.0,42,665000.0,141.0,1,Hispanic or Latino,Male,25-34,93.0,Loan originated
1,735000.0,37,915000.0,186.0,1,White,Male,35-44,80.0,Loan originated
1,1085000.0,43,1455000.0,475.0,1,White,Male,55-64,75.0,Loan originated
1,115000.0,38,125000.0,73.0,1,Hispanic or Latino,Male,<25,95.0,Application denied
1,745000.0,37,875000.0,245.0,1,Hispanic or Latino,Joint,45-54,85.21,Loan originated
1,365000.0,36,375000.0,112.0,1,Black or African American,Female,25-34,97.0,Loan originated
1,485000.0,30%-<36%,645000.0,202.0,1,Other,Male,<25,75.0,Loan originated
1,295000.0,44,625000.0,139.0,1,White,Joint,25-34,47.774,Loan originated
1,1115000.0,39,1485000.0,303.0,1,Asian,Male,25-34,75.0,Loan originated
1,665000.0,49,705000.0,187.0,1,Black or African American,Female,45-54,95.0,Loan originated
1,375000.0,49,705000.0,86.0,1,Asian,Male,<25,52.871,Loan originated
1,505000.0,49,635000.0,186.0,1,White,Female,65-74,80.0,Loan originated
1,545000.0,45,845000.0,124.0,1,White,Male,55-64,64.5,Loan originated
1,505000.0,>60%,1125000.0,92.0,1,Asian,Male,65-74,44.44,Application denied
1,115000.0,20%-<30%,205000.0,48.0,1,Other,Female,55-64,55.0,Loan originated
1,165000.0,20%-<30%,205000.0,68.0,1,Hispanic or Latino,Male,35-44,80.0,Loan originated
1,765000.0,36,855000.0,201.0,1,White,Male,25-34,90.18,Loan originated
1,565000.0,30%-<36%,605000.0,183.0,1,Black or African American,Female,45-54,94.84,Loan originated
1,525000.0,42,555000.0,144.0,1,Asian,Joint,35-44,95.0,Loan originated
1,395000.0,20%-<30%,445000.0,134.0,1,White,Joint,25-34,90.0,Loan originated
1,235000.0,20%-<30%,585000.0,172.0,1,White,Joint,35-44,39.655,Loan originated
1,405000.0,46,425000.0,101.0,1,White,Female,45-54,95.0,Loan originated
1,525000.0,40,555000.0,121.0,1,Hispanic or Latino,Male,25-34,95.0,Loan originated
1,335000.0,20%-<30%,585000.0,150.0,1,Asian,Female,25-34,56.897,Loan originated
1,305000.0,43,375000.0,80.0,1,White,Female,45-54,80.0,Loan originated
1,745000.0,49,825000.0,171.0,1,Asian,Male,35-44,90.0,Loan originated
1,555000.0,50%-60%,865000.0,226.0,1,Hispanic or Latino,Male,45-54,65.0,Loan originated
1,555000.0,20%-<30%,2005000.0,297.0,1,Asian,Female,45-54,27.5,Loan originated
1,485000.0,30%-<36%,535000.0,185.0,1,White,Female,25-34,90.0,Loan originated
1,505000.0,47,545000.0,216.0,1,Asian,Male,55-64,92.283,Loan originated
1,1045000.0,41,1305000.0,244.0,1,White,Male,35-44,80.0,Loan originated
1,425000.0,48,525000.0,109.0,1,Hispanic or Latino,Female,35-44,80.0,Application denied
1,715000.0,45,785000.0,256.0,1,Hispanic or Latino,Joint,45-54,95.0,Loan originated
1,765000.0,48,845000.0,173.0,1,Asian,Male,45-54,90.0,Loan originated
1,705000.0,>60%,765000.0,59.0,1,White,Joint,45-54,92.11,Application denied
1,625000.0,37,775000.0,260.0,1,Asian,Female,45-54,80.0,Loan originated
1,255000.0,40,725000.0,104.0,1,White,Female,65-74,34.48,Loan originated
1,485000.0,20%-<30%,605000.0,187.0,1,White,Female,35-44,80.0,Loan originated
1,365000.0,41,455000.0,125.0,1,Other,Male,35-44,80.0,Loan originated
1,305000.0,<20%,1375000.0,285.0,1,Asian,Joint,55-64,22.0,Loan originated
1,405000.0,20%-<30%,1505000.0,179.0,1,White,Joint,25-34,27.0,Loan originated
1,1005000.0,37,2605000.0,314.0,1,White,Male,25-34,38.388,Application denied
1,455000.0,43,465000.0,124.0,1,Hispanic or Latino,Male,35-44,97.0,Loan originated
1,745000.0,40,925000.0,464.0,1,Asian,Male,55-64,79.99,Loan originated
1,525000.0,43,555000.0,128.0,1,Hispanic or Latino,Joint,35-44,95.0,Loan originated
1,605000.0,30%-<36%,855000.0,204.0,1,White,Male,35-44,70.588,Loan originated
1,495000.0,46,615000.0,105.0,1,White,Male,25-34,79.919,Loan originated
1,205000.0,30%-<36%,265000.0,79.0,1,White,Female,45-54,77.358,Loan originated
1,395000.0,45,425000.0,93.0,1,Hispanic or Latino,Joint,<25,97.0,Loan originated
1,735000.0,45,1055000.0,175.0,1,Asian,Female,35-44,69.524,Loan originated
1,535000.0,30%-<36%,555000.0,214.0,1,White,Joint,25-34,97.0,Loan originated
1,745000.0,20%-<30%,925000.0,304.0,1,Asian,Male,35-44,80.0,Loan originated
1,285000.0,49,325000.0,59.0,1,White,Female,35-44,87.5,Loan originated
1,765000.0,37,865000.0,309.0,1,Asian,Joint,35-44,89.09,Loan originated
1,515000.0,49,695000.0,104.0,1,Asian,Male,35-44,73.0,Loan originated
1,545000.0,>60%,685000.0,100.0,1,White,Joint,25-34,80.0,Application denied
1,515000.0,30%-<36%,715000.0,173.0,1,White,Joint,25-34,72.145,Loan originated
1,915000.0,50%-60%,1225000.0,148.0,1,Asian,Female,25-34,75.0,Application denied
1,155000.0,40,205000.0,39.0,1,White,Female,55-64,75.0,Loan originated
1,485000.0,30%-<36%,605000.0,130.0,1,White,Male,<25,80.0,Loan originated
1,455000.0,46,1475000.0,156.0,1,White,Male,55-64,30.51,Loan originated
1,255000.0,48,345000.0,63.0,1,Other,Male,35-44,75.0,Loan originated
1,695000.0,30%-<36%,875000.0,210.0,1,Asian,Male,35-44,80.0,Loan originated
1,755000.0,49,1125000.0,174.0,1,Hispanic or Latino,Male,25-34,66.67,Loan originated
1,205000.0,49,225000.0,264.0,1,White,Female,35-44,91.229,Loan originated
1,835000.0,20%-<30%,875000.0,291.0,1,White,Male,25-34,95.0,Loan originated
1,445000.0,50%-60%,475000.0,82.0,1,Other,Male,<25,94.692,Application denied
1,405000.0,46,505000.0,89.0,1,Asian,Joint,35-44,79.99,Loan originated
1,485000.0,43,565000.0,168.0,1,White,Joint,35-44,85.0,Loan originated
1,765000.0,20%-<30%,955000.0,528.0,1,White,Joint,45-54,80.0,Loan originated
1,745000.0,42,935000.0,177.0,1,Hispanic or Latino,Male,45-54,80.0,Loan originated
1,765000.0,30%-<36%,1185000.0,303.0,1,White,Male,45-54,64.91,Loan originated
1,975000.0,40,1205000.0,278.0,1,Asian,Joint,35-44,81.5,Loan originated
1,615000.0,49,645000.0,137.0,1,Hispanic or Latino,Joint,45-54,95.0,Loan originated
1,575000.0,43,605000.0,180.0,1,Asian,Joint,35-44,95.0,Loan originated
1,265000.0,43,325000.0,65.0,1,White,Male,<25,80.0,Loan originated
1,985000.0,38,1235000.0,335.0,1,Asian,Joint,35-44,90.0,Loan originated
1,345000.0,20%-<30%,425000.0,108.0,1,White,Joint,35-44,80.0,Loan originated
1,475000.0,49,795000.0,119.0,1,Asian,Female,45-54,60.0,Loan originated
1,765000.0,48,805000.0,175.0,1,Hispanic or Latino,Joint,25-34,95.0,Loan originated
1,225000.0,20%-<30%,885000.0,207.0,1,White,Joint,65-74,25.424,Loan originated
1,525000.0,46,825000.0,196.0,1,White,Joint,45-54,63.636,Loan originated
1,705000.0,45,745000.0,297.0,1,White,Joint,45-54,95.0,Loan originated
1,395000.0,45,565000.0,114.0,1,Hispanic or Latino,Female,25-34,70.0,Loan originated
1,465000.0,36,725000.0,130.0,1,Asian,Male,45-54,63.889,Loan originated
1,765000.0,48,845000.0,178.0,1,Hispanic or Latino,Joint,25-34,90.0,Loan originated
1,335000.0,42,335000.0,73.0,1,White,Male,35-44,100.0,Application denied
1,505000.0,44,695000.0,128.0,1,White,Joint,>74,72.0,Loan originated
1,655000.0,36,765000.0,170.0,1,White,Male,25-34,84.88,Loan originated
1,815000.0,30%-<36%,1015000.0,267.0,1,White,Female,35-44,80.0,Loan originated
1,455000.0,49,535000.0,94.0,1,Hispanic or Latino,Male,35-44,85.0,Loan originated
1,575000.0,48,645000.0,114.0,1,Black or African American,Female,45-54,89.99,Loan originated
1,495000.0,20%-<30%,795000.0,696.0,1,Asian,Male,>74,62.147,Loan originated
1,435000.0,20%-<30%,485000.0,178.0,1,White,Joint,25-34,90.0,Loan originated
1,385000.0,30%-<36%,455000.0,119.0,1,Hispanic or Latino,Male,65-74,85.0,Loan originated
1,385000.0,44,455000.0,75.0,1,Hispanic or Latino,Male,25-34,85.0,Loan originated
1,205000.0,42,705000.0,66.0,1,White,Joint,25-34,29.379,Loan originated
1,615000.0,44,635000.0,133.0,1,Asian,Joint,25-34,97.0,Loan originated
1,835000.0,30%-<36%,925000.0,294.0,1,Hispanic or Latino,Joint,25-34,90.0,Loan originated
1,855000.0,20%-<30%,1065000.0,445.0,1,White,Joint,35-44,80.0,Loan originated
1,705000.0,45,745000.0,160.0,1,White,Male,25-34,95.0,Loan originated
1,375000.0,30%-<36%,725000.0,358.0,1,White,Joint,45-54,51.724,Loan originated
1,475000.0,38,505000.0,125.0,1,Hispanic or Latino,Male,25-34,95.0,Loan originated
1,925000.0,42,1235000.0,259.0,1,White,Male,25-34,76.667,Loan originated
1,655000.0,45,685000.0,252.0,1,White,Joint,55-64,95.0,Loan originated
1,395000.0,45,495000.0,89.0,1,White,Female,55-64,80.0,Loan originated
1,565000.0,<20%,705000.0,746.0,1,Hispanic or Latino,Female,25-34,80.0,Loan originated
1,505000.0,49,675000.0,106.0,1,Asian,Male,45-54,75.0,Loan originated
1,235000.0,39,375000.0,67.0,1,Hispanic or Latino,Female,<25,62.416,Loan originated
1,545000.0,36,575000.0,169.0,1,White,Male,35-44,95.0,Loan originated
1,285000.0,46,435000.0,64.0,1,White,Male,25-34,65.577,Loan originated
1,925000.0,30%-<36%,1155000.0,329.0,1,Asian,Joint,25-34,80.0,Loan originated
1,655000.0,40,765000.0,174.0,1,Hispanic or Latino,Joint,35-44,85.0,Loan originated
1,885000.0,44,1105000.0,194.0,1,White,Female,35-44,80.0,Loan originated
1,365000.0,50%-60%,425000.0,67.0,1,Asian,Female,25-34,86.824,Application denied
1,225000.0,50%-60%,245000.0,170.0,1,Hispanic or Latino,Joint,55-64,90.0,Loan originated
1,525000.0,49,755000.0,127.0,1,White,Female,>74,70.0,Loan originated
1,685000.0,44,855000.0,226.0,1,White,Joint,25-34,79.918,Loan originated
1,715000.0,48,795000.0,172.0,1,White,Joint,25-34,90.0,Loan originated
1,995000.0,43,1325000.0,226.0,1,Asian,Female,25-34,75.0,Loan originated
1,315000.0,30%-<36%,325000.0,146.0,1,Hispanic or Latino,Joint,25-34,95.0,Loan originated
1,605000.0,46,635000.0,241.0,1,White,Joint,35-44,95.0,Loan originated
1,405000.0,30%-<36%,695000.0,125.0,1,White,Male,35-44,57.202,Loan originated
1,195000.0,42,235000.0,104.0,1,Hispanic or Latino,Female,25-34,85.0,Loan originated
1,725000.0,42,1075000.0,198.0,1,White,Joint,35-44,67.354,Loan originated
1,975000.0,42,1475000.0,340.0,1,Asian,Joint,35-44,66.1,Loan originated
1,665000.0,42,865000.0,225.0,1,White,Joint,35-44,76.744,Loan originated
1,745000.0,48,1085000.0,154.0,1,White,Female,35-44,68.519,Loan originated
1,385000.0,47,405000.0,89.0,1,Hispanic or Latino,Male,35-44,97.0,Loan originated
1,915000.0,49,1145000.0,278.0,1,White,Joint,25-34,80.0,Loan originated
1,85000.0,20%-<30%,685000.0,86.0,1,Hispanic or Latino,Male,65-74,13.037,Loan originated
1,445000.0,50%-60%,505000.0,98.0,1,Asian,Male,35-44,87.128,Loan originated
1,695000.0,47,935000.0,173.0,1,Asian,Male,25-34,75.0,Loan originated
1,775000.0,40,825000.0,174.0,1,White,Male,35-44,94.0,Loan originated
1,545000.0,30%-<36%,615000.0,156.0,1,White,Female,45-54,89.836,Application denied
1,925000.0,49,1025000.0,233.0,1,White,Joint,45-54,90.0,Loan originated
1,255000.0,43,555000.0,73.0,1,White,Joint,55-64,45.946,Loan originated
1,525000.0,38,575000.0,147.0,1,Hispanic or Latino,Joint,<25,90.0,Loan originated
1,655000.0,30%-<36%,935000.0,225.0,1,White,Male,45-54,70.0,Loan originated
1,305000.0,47,385000.0,111.0,1,Hispanic or Latino,Joint,35-44,100.0,Loan originated
1,725000.0,46,1215000.0,270.0,1,Asian,Male,45-54,60.0,Loan originated
1,345000.0,30%-<36%,365000.0,153.0,1,White,Male,25-34,97.0,Loan originated
1,645000.0,30%-<36%,805000.0,198.0,1,White,Joint,25-34,80.0,Loan originated
1,385000.0,36,415000.0,128.0,1,Black or African American,Female,<25,95.0,Loan originated
1,995000.0,40,1245000.0,378.0,1,Asian,Joint,35-44,80.0,Loan originated
1,965000.0,38,1205000.0,468.0,1,White,Male,55-64,80.0,Loan originated
1,275000.0,47,775000.0,110.0,1,Hispanic or Latino,Female,25-34,36.04,Loan originated
1,265000.0,49,265000.0,57.0,1,Black or African American,Female,55-64,97.0,Loan originated
1,355000.0,20%-<30%,415000.0,144.0,1,White,Joint,25-34,85.0,Application denied
1,215000.0,42,605000.0,70.0,1,Asian,Female,55-64,36.0,Loan originated
1,765000.0,47,855000.0,164.0,1,White,Joint,25-34,90.0,Loan originated
1,435000.0,41,545000.0,116.0,1,White,Joint,55-64,80.0,Loan originated
1,365000.0,41,515000.0,100.0,1,White,Male,45-54,70.987,Loan originated
1,245000.0,30%-<36%,465000.0,128.0,1,White,Male,25-34,53.0,Loan originated
1,545000.0,20%-<30%,615000.0,233.0,1,Asian,Male,35-44,90.0,Loan originated
1,705000.0,44,1005000.0,1124.0,1,White,Joint,45-54,70.0,Loan originated
1,615000.0,49,635000.0,148.0,1,Hispanic or Latino,Female,<25,97.0,Application denied
1,545000.0,39,605000.0,132.0,1,Asian,Male,25-34,90.0,Loan originated
1,545000.0,46,685000.0,166.0,1,White,Female,35-44,80.0,Loan originated
1,695000.0,43,935000.0,146.0,1,White,Female,25-34,75.0,Loan originated
1,115000.0,20%-<30%,195000.0,166.0,1,Hispanic or Latino,Joint,35-44,60.71,Loan originated
1,805000.0,47,1005000.0,194.0,1,Asian,Joint,45-54,80.0,Loan originated
1,355000.0,42,705000.0,86.0,1,Black or African American,Male,55-64,80.0,Loan originated
1,1005000.0,48,1295000.0,276.0,1,White,Male,65-74,77.683,Loan originated
1,1025000.0,36,1285000.0,257.0,1,Asian,Female,35-44,80.0,Loan originated
1,435000.0,39,455000.0,118.0,1,Hispanic or Latino,Male,35-44,95.0,Loan originated
1,695000.0,30%-<36%,925000.0,337.0,1,White,Joint,35-44,75.0,Loan originated
1,475000.0,30%-<36%,505000.0,165.0,1,Hispanic or Latino,Male,25-34,95.0,Loan originated
1,135000.0,37,135000.0,104.0,1,White,Joint,25-34,95.0,Loan originated
1,235000.0,49,455000.0,54.0,1,Asian,Joint,45-54,51.934,Loan originated
1,335000.0,45,605000.0,79.0,1,White,Male,45-54,55.0,Loan originated
1,395000.0,40,495000.0,110.0,1,Asian,Female,25-34,80.0,Loan originated
1,735000.0,20%-<30%,1025000.0,313.0,1,White,Joint,35-44,72.0,Loan originated
1,345000.0,30%-<36%,435000.0,146.0,1,White,Male,35-44,80.0,Loan originated
1,525000.0,49,545000.0,325.0,1,Asian,Female,35-44,95.0,Application denied
1,985000.0,48,1225000.0,264.0,1,White,Joint,35-44,80.0,Loan originated
1,625000.0,44,895000.0,141.0,1,White,Joint,35-44,70.0,Loan originated
1,615000.0,38,765000.0,150.0,1,Asian,Female,25-34,80.0,Loan originated
1,435000.0,42,545000.0,182.0,1,Asian,Male,25-34,80.0,Loan originated
1,265000.0,42,275000.0,61.0,1,Asian,Joint,25-34,97.0,Loan originated
1,445000.0,30%-<36%,555000.0,200.0,1,White,Male,35-44,80.0,Loan originated
1,445000.0,43,555000.0,127.0,1,Hispanic or Latino,Joint,25-34,80.0,Loan originated
1,185000.0,30%-<36%,985000.0,104.0,1,White,Female,65-74,18.946,Loan originated
1,565000.0,49,685000.0,199.0,1,Hispanic or Latino,Joint,25-34,82.57,Loan originated
1,905000.0,37,1865000.0,260.0,1,White,Joint,65-74,48.387,Loan originated
1,495000.0,49,525000.0,172.0,1,Hispanic or Latino,Joint,35-44,95.0,Application denied
1,715000.0,>60%,945000.0,89.0,1,Asian,Joint,25-34,76.07,Application denied
1,265000.0,47,415000.0,76.0,1,Black or African American,Female,25-34,92.651,Loan originated
1,495000.0,48,525000.0,190.0,1,Hispanic or Latino,Male,<25,95.0,Loan originated
1,455000.0,30%-<36%,675000.0,206.0,1,White,Joint,65-74,68.0,Loan originated
1,905000.0,40,1215000.0,216.0,1,Asian,Joint,25-34,75.0,Loan originated
1,595000.0,43,705000.0,187.0,1,White,Joint,25-34,85.0,Loan originated
1,415000.0,49,435000.0,95.0,1,Hispanic or Latino,Male,35-44,95.0,Loan originated
1,205000.0,48,265000.0,40.0,1,Hispanic or Latino,Male,<25,81.0,Loan originated
1,1115000.0,42,1395000.0,310.0,1,White,Male,45-54,80.0,Loan originated
1,455000.0,44,575000.0,120.0,1,Hispanic or Latino,Male,25-34,80.0,Loan originated
1,485000.0,44,645000.0,120.0,1,White,Female,25-34,75.0,Loan originated
1,875000.0,47,1345000.0,206.0,1,Asian,Female,35-44,64.572,Loan originated
1,355000.0,49,405000.0,75.0,1,Asian,Male,25-34,90.0,Loan originated
1,765000.0,41,1515000.0,228.0,1,White,Joint,25-34,51.0,Loan originated
1,795000.0,41,995000.0,279.0,1,Asian,Joint,25-34,80.0,Loan originated
1,545000.0,38,675000.0,238.0,1,White,Female,55-64,80.0,Loan originated
1,545000.0,44,685000.0,118.0,1,White,Male,35-44,79.796,Loan originated
1,945000.0,42,1185000.0,381.0,1,White,Female,45-54,80.0,Loan originated
1,105000.0,20%-<30%,845000.0,89.0,1,White,Joint,55-64,11.78,Loan originated
1,435000.0,49,485000.0,96.0,1,Hispanic or Latino,Male,45-54,90.0,Application denied
1,405000.0,45,825000.0,131.0,1,White,Joint,>74,49.0,Loan originated
1,685000.0,30%-<36%,725000.0,285.0,1,Hispanic or Latino,Joint,55-64,95.0,Loan originated
1,405000.0,49,425000.0,65.0,1,Hispanic or Latino,Male,35-44,97.0,Loan originated
1,535000.0,48,565000.0,175.0,1,Asian,Female,45-54,98.0,Loan originated
1,485000.0,44,545000.0,236.0,1,Asian,Joint,35-44,90.0,Loan originated
1,155000.0,43,525000.0,182.0,1,Hispanic or Latino,Female,45-54,28.85,Application denied
1,1015000.0,49,1065000.0,202.0,1,Asian,Joint,55-64,95.0,Loan originated
1,355000.0,>60%,655000.0,66.0,1,White,Joint,65-74,53.435,Application denied
1,305000.0,30%-<36%,815000.0,157.0,1,White,Male,35-44,36.776,Loan originated
1,625000.0,30%-<36%,695000.0,259.0,1,Hispanic or Latino,Joint,25-34,89.99,Loan originated
1,415000.0,20%-<30%,495000.0,146.0,1,White,Joint,25-34,85.0,Loan originated
1,425000.0,49,435000.0,133.0,1,Hispanic or Latino,Male,25-34,100.0,Loan originated
1,595000.0,30%-<36%,745000.0,178.0,1,Asian,Male,45-54,80.0,Loan originated
1,625000.0,45,695000.0,202.0,1,Asian,Male,25-34,90.0,Loan originated
1,125000.0,38,155000.0,64.0,1,White,Male,35-44,80.0,Loan originated
1,855000.0,30%-<36%,1065000.0,289.0,1,Asian,Joint,35-44,80.0,Loan originated
1,515000.0,42,685000.0,130.0,1,White,Joint,45-54,75.182,Loan originated
1,765000.0,41,865000.0,207.0,1,White,Male,35-44,95.0,Loan originated
1,445000.0,44,555000.0,115.0,1,White,Male,25-34,80.0,Loan originated
1,75000.0,49,225000.0,104.0,1,White,Joint,55-64,33.036,Loan originated
1,405000.0,30%-<36%,715000.0,296.0,1,White,Female,55-64,56.0,Loan originated
1,415000.0,30%-<36%,595000.0,197.0,1,White,Female,45-54,70.0,Loan originated
1,895000.0,50%-60%,1115000.0,199.0,1,Asian,Male,25-34,80.0,Loan originated
1,755000.0,47,1475000.0,174.0,1,Asian,Male,35-44,51.02,Loan originated
1,1055000.0,41,1355000.0,257.0,1,Asian,Female,25-34,77.48,Loan originated
1,745000.0,45,935000.0,292.0,1,Asian,Joint,35-44,80.0,Loan originated
1,545000.0,45,735000.0,120.0,1,Asian,Female,35-44,75.0,Loan originated
1,1005000.0,41,2195000.0,524.0,1,White,Joint,35-44,45.475,Loan originated
1,725000.0,49,805000.0,143.0,1,Hispanic or Latino,Joint,35-44,90.0,Loan originated
1,955000.0,42,1195000.0,425.0,1,White,Male,55-64,80.0,Loan originated
1,475000.0,49,675000.0,107.0,1,Hispanic or Latino,Joint,45-54,70.0,Loan originated
1,925000.0,42,1155000.0,343.0,1,Asian,Joint,35-44,80.0,Loan originated
1,575000.0,42,595000.0,126.0,1,Hispanic or Latino,Male,25-34,97.0,Loan originated
1,705000.0,44,995000.0,145.0,1,White,Male,65-74,70.35,Loan originated
1,1075000.0,36,1195000.0,313.0,1,Black or African American,Joint,35-44,90.0,Loan originated
1,215000.0,30%-<36%,225000.0,98.0,1,White,Female,45-54,95.0,Loan originated
1,675000.0,49,835000.0,202.0,1,Asian,Joint,45-54,80.0,Loan originated
1,825000.0,42,1175000.0,191.0,1,White,Female,35-44,70.0,Loan originated
1,405000.0,45,455000.0,106.0,1,Hispanic or Latino,Female,25-34,90.0,Loan originated
1,105000.0,50%-60%,135000.0,88.0,1,Hispanic or Latino,Joint,65-74,81.39,Application denied
1,825000.0,30%-<36%,1105000.0,222.0,1,White,Male,35-44,75.0,Loan originated
1,1025000.0,49,1645000.0,197.0,1,White,Male,35-44,62.31,Loan originated
1,485000.0,41,495000.0,139.0,1,Hispanic or Latino,Male,35-44,100.0,Loan originated
1,525000.0,45,1215000.0,156.0,1,White,Female,35-44,43.39,Loan originated
1,515000.0,20%-<30%,645000.0,194.0,1,Asian,Male,25-34,79.99,Loan originated
1,505000.0,30%-<36%,565000.0,215.0,1,White,Male,25-34,90.0,Loan originated
1,505000.0,37,1655000.0,187.0,1,Asian,Male,25-34,30.303,Loan originated
1,765000.0,46,855000.0,194.0,1,Hispanic or Latino,Male,25-34,90.0,Loan originated
1,455000.0,47,465000.0,80.0,1,Hispanic or Latino,Male,35-44,97.0,Loan originated
1,765000.0,30%-<36%,1495000.0,284.0,1,White,Joint,55-64,51.167,Loan originated
1,735000.0,30%-<36%,775000.0,316.0,1,Asian,Male,55-64,95.0,Loan originated
1,745000.0,46,935000.0,251.0,1,Asian,Female,35-44,80.0,Loan originated
1,565000.0,49,785000.0,133.0,1,White,Male,35-44,72.12,Loan originated
1,1005000.0,30%-<36%,1755000.0,336.0,1,Other,Male,45-54,56.98,Loan originated
1,555000.0,47,735000.0,144.0,1,Asian,Female,25-34,75.0,Loan originated
1,655000.0,42,1005000.0,255.0,1,Hispanic or Latino,Joint,55-64,65.0,Loan originated
1,845000.0,37,945000.0,271.0,1,Hispanic or Latino,Male,45-54,90.0,Loan originated
1,1145000.0,41,1615000.0,390.0,1,Hispanic or Latino,Joint,65-74,71.31,Loan originated
1,685000.0,50%-60%,725000.0,147.0,1,Hispanic or Latino,Male,25-34,95.0,Application denied
1,355000.0,39,615000.0,119.0,1,White,Male,>74,56.658,Loan originated
1,505000.0,49,635000.0,154.0,1,Asian,Joint,25-34,80.0,Loan originated
1,335000.0,49,425000.0,62.0,1,White,Female,25-34,80.0,Loan originated
1,465000.0,39,735000.0,115.0,1,White,Male,35-44,64.0,Loan originated
1,595000.0,36,625000.0,181.0,1,Asian,Joint,35-44,95.0,Loan originated
1,615000.0,44,645000.0,172.0,1,Asian,Female,55-64,95.0,Loan originated
1,755000.0,45,965000.0,170.0,1,White,Joint,35-44,80.0,Loan originated
1,365000.0,39,425000.0,198.0,1,Hispanic or Latino,Joint,35-44,85.0,Loan originated
1,615000.0,20%-<30%,655000.0,373.0,1,White,Male,25-34,95.0,Loan originated
1,515000.0,30%-<36%,575000.0,178.0,1,Hispanic or Latino,Male,45-54,90.0,Loan originated
1,895000.0,37,1115000.0,293.0,1,Asian,Male,25-34,80.0,Loan originated
1,355000.0,44,445000.0,117.0,1,White,Joint,35-44,80.0,Loan originated
1,765000.0,49,1465000.0,210.0,1,White,Joint,65-74,52.466,Loan originated
1,265000.0,30%-<36%,465000.0,154.0,1,Hispanic or Latino,Male,35-44,56.522,Loan originated
1,285000.0,<20%,935000.0,231.0,1,White,Joint,25-34,30.11,Loan originated
1,1055000.0,37,1555000.0,282.0,1,Asian,Male,35-44,67.742,Loan originated
1,885000.0,41,1105000.0,492.0,1,Asian,Female,35-44,80.0,Loan originated
1,1075000.0,45,1195000.0,220.0,1,Asian,Joint,45-54,90.0,Loan originated
1,805000.0,36,4005000.0,407.0,1,White,Joint,55-64,20.0,Loan originated
1,785000.0,30%-<36%,975000.0,254.0,1,White,Male,25-34,80.0,Loan originated
1,375000.0,45,875000.0,142.0,1,White,Female,45-54,42.857,Loan originated
1,185000.0,41,225000.0,90.0,1,White,Male,35-44,85.0,Loan originated
1,565000.0,48,585000.0,121.0,1,Hispanic or Latino,Female,35-44,97.0,Loan originated
1,315000.0,44,325000.0,78.0,1,Hispanic or Latino,Joint,45-54,97.0,Loan originated
1,285000.0,>60%,355000.0,40.0,1,Hispanic or Latino,Male,<25,80.0,Application denied
1,595000.0,37,895000.0,178.0,1,White,Female,45-54,66.366,Loan originated
1,855000.0,20%-<30%,1065000.0,437.0,1,White,Male,35-44,80.0,Loan originated
1,315000.0,38,355000.0,81.0,1,White,Joint,25-34,93.0,Loan originated
1,95000.0,20%-<30%,445000.0,88.0,1,White,Female,65-74,20.455,Loan originated
1,405000.0,45,425000.0,85.0,1,White,Male,25-34,94.118,Loan originated
1,605000.0,47,715000.0,234.0,1,Hispanic or Latino,Male,<25,85.0,Loan originated
1,505000.0,>60%,635000.0,135.0,1,Hispanic or Latino,Joint,25-34,80.0,Application denied
1,695000.0,45,875000.0,230.0,1,Asian,Male,35-44,80.0,Loan originated
1,105000.0,30%-<36%,445000.0,100.0,1,White,Female,65-74,22.727,Loan originated
1,445000.0,30%-<36%,645000.0,283.0,1,Hispanic or Latino,Female,25-34,68.75,Loan originated
1,375000.0,36,655000.0,103.0,1,Hispanic or Latino,Female,35-44,75.0,Loan originated
1,125000.0,<20%,605000.0,108.0,1,Hispanic or Latino,Joint,35-44,100.0,Loan originated
1,495000.0,30%-<36%,535000.0,145.0,1,White,Joint,35-44,92.509,Loan originated
1,455000.0,41,955000.0,175.0,1,White,Joint,35-44,48.0,Loan originated
1,655000.0,50%-60%,815000.0,124.0,1,Asian,Male,25-34,81.23,Application denied
1,765000.0,30%-<36%,955000.0,270.0,1,Asian,Joint,25-34,80.0,Loan originated
1,475000.0,30%-<36%,505000.0,127.0,1,Asian,Joint,35-44,95.0,Loan originated
1,355000.0,30%-<36%,395000.0,213.0,1,Hispanic or Latino,Joint,35-44,90.0,Application denied
1,1095000.0,37,1155000.0,295.0,1,White,Joint,25-34,95.0,Loan originated
1,305000.0,20%-<30%,935000.0,135.0,1,White,Female,65-74,32.086,Loan originated
1,465000.0,43,765000.0,106.0,1,Hispanic or Latino,Female,45-54,61.184,Loan originated
1,475000.0,20%-<30%,635000.0,216.0,1,White,Joint,35-44,90.873,Loan originated
1,235000.0,49,255000.0,129.0,1,White,Male,25-34,95.0,Loan originated
1,365000.0,40,665000.0,250.0,1,White,Joint,65-74,55.157,Loan originated
1,355000.0,47,445000.0,72.0,1,Hispanic or Latino,Female,35-44,80.0,Loan originated
1,395000.0,20%-<30%,525000.0,146.0,1,Asian,Male,25-34,75.0,Loan originated
1,655000.0,44,875000.0,157.0,1,White,Joint,35-44,75.0,Loan originated
1,165000.0,43,205000.0,94.0,1,Asian,Male,55-64,80.0,Loan originated
1,665000.0,49,1735000.0,189.0,1,White,Male,35-44,37.997,Loan originated
1,1445000.0,49,2405000.0,309.0,1,White,Joint,35-44,60.0,Loan originated
1,705000.0,49,785000.0,191.0,1,Asian,Male,25-34,89.8,Loan originated
1,575000.0,<20%,585000.0,236.0,1,Hispanic or Latino,Joint,25-34,5.43,Application denied
1,845000.0,47,1125000.0,218.0,1,White,Male,55-64,75.0,Loan originated
1,55000.0,>60%,75000.0,31.0,1,White,Male,>74,69.38,Application denied
1,215000.0,44,355000.0,55.0,1,White,Joint,65-74,60.0,Loan originated
1,805000.0,30%-<36%,955000.0,447.0,1,Asian,Female,35-44,85.0,Loan originated
1,365000.0,41,965000.0,128.0,1,White,Joint,65-74,37.5,Loan originated
1,275000.0,20%-<30%,1035000.0,146.0,1,White,Male,55-64,36.372,Loan originated
1,165000.0,43,465000.0,68.0,1,White,Female,55-64,34.83,Loan originated
1,475000.0,36,595000.0,135.0,1,Asian,Male,25-34,80.0,Loan originated
1,615000.0,45,645000.0,133.0,1,Hispanic or Latino,Joint,25-34,95.0,Loan originated
1,695000.0,30%-<36%,865000.0,232.0,1,Hispanic or Latino,Male,25-34,80.0,Loan originated
1,545000.0,41,675000.0,464.0,1,Hispanic or Latino,Female,25-34,80.0,Loan originated
1,665000.0,49,895000.0,143.0,1,Hispanic or Latino,Joint,55-64,75.0,Loan originated
1,225000.0,49,305000.0,47.0,1,Asian,Male,25-34,73.333,Loan originated
1,235000.0,20%-<30%,355000.0,186.0,1,White,Joint,65-74,64.99,Application denied
1,575000.0,20%-<30%,1075000.0,504.0,1,White,Joint,55-64,53.49,Loan originated
1,325000.0,42,805000.0,89.0,1,White,Male,25-34,40.0,Loan originated
1,295000.0,49,415000.0,66.0,1,Hispanic or Latino,Female,45-54,69.38,Loan originated
1,835000.0,40,1045000.0,236.0,1,White,Male,35-44,80.0,Loan originated
1,435000.0,46,455000.0,92.0,1,Other,Male,55-64,97.0,Loan originated
1,1085000.0,49,1355000.0,262.0,1,Asian,Joint,25-34,80.0,Loan originated
1,355000.0,40,365000.0,98.0,1,White,Female,25-34,97.0,Loan originated
1,675000.0,30%-<36%,1375000.0,207.0,1,Asian,Joint,35-44,48.905,Loan originated
1,575000.0,49,615000.0,146.0,1,Asian,Male,55-64,95.0,Loan originated
1,845000.0,45,1205000.0,263.0,1,White,Joint,35-44,70.0,Loan originated
1,365000.0,42,375000.0,81.0,1,White,Joint,25-34,97.0,Loan originated
1,405000.0,36,425000.0,112.0,1,Hispanic or Latino,Male,35-44,95.0,Loan originated
1,675000.0,43,845000.0,150.0,1,Asian,Joint,45-54,80.0,Loan originated
1,315000.0,39,395000.0,94.0,1,White,Male,25-34,80.0,Loan originated
1,575000.0,42,735000.0,165.0,1,White,Female,35-44,78.78,Loan originated
1,675000.0,>60%,745000.0,108.0,1,Hispanic or Latino,Joint,25-34,95.0,Application denied
1,365000.0,48,685000.0,105.0,1,Hispanic or Latino,Female,55-64,53.11,Loan originated
1,1055000.0,44,1335000.0,231.0,1,Asian,Female,25-34,79.323,Loan originated
1,395000.0,43,495000.0,137.0,1,White,Male,35-44,80.0,Loan originated
1,985000.0,48,1225000.0,199.0,1,Asian,Male,25-34,80.0,Loan originated
1,645000.0,44,665000.0,150.0,1,Asian,Female,25-34,100.0,Application denied
1,425000.0,48,605000.0,87.0,1,Hispanic or Latino,Joint,55-64,97.0,Loan originated
1,455000.0,40,565000.0,136.0,1,White,Male,25-34,80.0,Loan originated
1,465000.0,30%-<36%,555000.0,228.0,1,Hispanic or Latino,Male,35-44,84.49,Loan originated
1,585000.0,43,735000.0,680.0,1,White,Joint,25-34,80.0,Loan originated
1,905000.0,49,1715000.0,312.0,1,Asian,Joint,35-44,53.0,Loan originated
1,795000.0,41,995000.0,285.0,1,White,Joint,35-44,80.0,Loan originated
1,595000.0,<20%,745000.0,1311.0,1,Hispanic or Latino,Male,35-44,80.0,Loan originated
1,465000.0,46,515000.0,123.0,1,Hispanic or Latino,Male,45-54,90.0,Loan originated
1,525000.0,45,695000.0,114.0,1,Asian,Male,35-44,74.96,Loan originated
1,605000.0,49,765000.0,155.0,1,Hispanic or Latino,Joint,25-34,98.955,Loan originated
1,755000.0,50%-60%,945000.0,133.0,1,Asian,Joint,45-54,79.78,Application denied
1,365000.0,49,385000.0,88.0,1,Hispanic or Latino,Male,55-64,95.0,Loan originated
1,145000.0,20%-<30%,155000.0,150.0,1,Hispanic or Latino,Male,25-34,97.0,Loan originated
1,385000.0,41,455000.0,100.0,1,Hispanic or Latino,Male,25-34,105.0,Loan originated
1,905000.0,30%-<36%,1125000.0,288.0,1,White,Joint,25-34,80.0,Loan originated
1,655000.0,39,735000.0,350.0,1,White,Female,45-54,90.0,Loan originated
1,475000.0,49,525000.0,103.0,1,White,Male,25-34,90.0,Loan originated
1,1105000.0,48,1855000.0,277.0,1,Asian,Joint,45-54,59.459,Loan originated
1,385000.0,30%-<36%,425000.0,123.0,1,White,Male,25-34,90.0,Loan originated
1,365000.0,42,515000.0,124.0,1,Asian,Joint,25-34,71.0,Loan originated
1,245000.0,20%-<30%,345000.0,96.0,1,White,Female,65-74,72.602,Loan originated
1,525000.0,30%-<36%,755000.0,217.0,1,White,Male,35-44,70.0,Loan originated
1,285000.0,49,595000.0,79.0,1,Hispanic or Latino,Female,45-54,47.943,Loan originated
1,335000.0,42,475000.0,265.0,1,White,Joint,35-44,70.0,Loan originated
1,525000.0,43,655000.0,145.0,1,White,Joint,25-34,80.0,Loan originated
1,745000.0,30%-<36%,785000.0,235.0,1,Hispanic or Latino,Joint,35-44,95.0,Loan originated
1,515000.0,45,555000.0,123.0,1,Asian,Joint,25-34,92.754,Loan originated
1,655000.0,30%-<36%,815000.0,193.0,1,Hispanic or Latino,Male,35-44,80.0,Loan originated
