loan_purpose,loan_amount,debt_to_income_ratio,property_value,income,occupancy_type,derived_race,derived_sex,applicant_age,loan_to_value_ratio,action_taken
1,515000.0,30%-<36%,605000.0,157.0,1,White,Male,45-54,85.0,Loan originated
1,695000.0,30%-<36%,885000.0,215.0,1,Hispanic or Latino,Joint,25-34,80.0,Loan originated
1,425000.0,36,545000.0,107.0,1,Asian,Joint,25-34,77.707,Loan originated
1,575000.0,48,605000.0,141.0,1,Hispanic or Latino,Male,25-34,95.0,Loan originated
1,475000.0,49,595000.0,230.0,1,Asian,Joint,25-34,80.0,Loan originated
1,725000.0,40,1215000.0,189.0,1,Asian,Male,55-64,59.94,Loan originated
1,525000.0,37,655000.0,138.0,1,Hispanic or Latino,Female,25-34,80.0,Loan originated
1,485000.0,48,635000.0,100.0,1,White,Female,<25,76.266,Loan originated
1,565000.0,20%-<30%,815000.0,367.0,1,White,Joint,35-44,70.0,Loan originated
1,525000.0,44,695000.0,198.0,1,Asian,Male,45-54,74.88,Loan originated
1,475000.0,38,635000.0,261.0,1,White,Female,35-44,74.921,Loan originated
1,995000.0,49,1055000.0,277.0,1,Asian,Joint,35-44,95.0,Loan originated
1,165000.0,44,305000.0,33.0,1,Hispanic or Latino,Female,25-34,53.0,Loan originated
1,655000.0,44,815000.0,157.0,1,Asian,Male,25-34,80.0,Loan originated
1,345000.0,49,355000.0,165.0,1,Hispanic or Latino,Male,25-34,95.0,Loan originated
1,455000.0,30%-<36%,605000.0,127.0,1,Asian,Joint,25-34,75.109,Loan originated
1,535000.0,47,615000.0,135.0,1,White,Joint,25-34,86.885,Loan originated
1,765000.0,39,865000.0,210.0,1,Asian,Male,35-44,89.06,Loan originated
1,685000.0,44,725000.0,193.0,1,White,Male,35-44,95.0,Loan originated
1,575000.0,38,615000.0,191.0,1,White,Male,55-64,95.0,Loan originated
1,435000.0,47,455000.0,95.0,1,Hispanic or Latino,Female,25-34,95.0,Loan originated
1,805000.0,30%-<36%,845000.0,246.0,1,White,Male,25-34,95.0,Loan originated
1,455000.0,49,565000.0,102.0,1,White,Male,25-34,80.0,Loan originated
1,825000.0,37,915000.0,489.0,1,Hispanic or Latino,Male,45-54,90.0,Loan originated
1,845000.0,49,955000.0,198.0,1,Hispanic or Latino,Female,35-44,89.0,Application denied
1,395000.0,<20%,575000.0,290.0,1,White,Female,45-54,70.0,Loan originated
1,595000.0,20%-<30%,745000.0,336.0,1,White,Male,55-64,80.0,Loan originated
1,955000.0,30%-<36%,1855000.0,285.0,1,Asian,Male,35-44,51.351,Loan originated
1,1145000.0,36,1355000.0,498.0,1,Hispanic or Latino,Male,45-54,85.0,Loan originated
1,875000.0,<20%,1165000.0,592.0,1,Asian,Female,35-44,75.0,Loan originated
1,925000.0,45,985000.0,213.0,1,Hispanic or Latino,Joint,25-34,93.91,Loan originated
1,945000.0,44,1175000.0,202.0,1,White,Joint,35-44,80.0,Loan originated
1,425000.0,48,715000.0,91.0,1,Asian,Joint,45-54,60.0,Loan originated
1,895000.0,47,1055000.0,219.0,1,White,Male,35-44,85.0,Loan originated
1,625000.0,49,785000.0,138.0,1,Hispanic or Latino,Joint,35-44,80.0,Loan originated
1,355000.0,48,375000.0,78.0,1,Asian,Male,35-44,95.0,Loan originated
1,485000.0,37,515000.0,237.0,1,White,Female,35-44,95.0,Loan originated
1,125000.0,30%-<36%,955000.0,75.0,1,White,Female,55-64,13.0,Loan originated
1,625000.0,43,895000.0,200.0,1,White,Female,55-64,69.413,Loan originated
1,365000.0,20%-<30%,385000.0,175.0,1,White,Male,45-54,95.0,Loan originated
1,405000.0,20%-<30%,2505000.0,381.0,1,Asian,Joint,45-54,80.0,Loan originated
1,425000.0,37,685000.0,152.0,1,White,Male,35-44,63.085,Loan originated
1,605000.0,37,805000.0,246.0,1,Asian,Male,25-34,75.0,Loan originated
1,415000.0,48,515000.0,80.0,1,Asian,Male,35-44,80.0,Loan originated
1,235000.0,49,285000.0,45.0,1,White,Male,55-64,80.0,Loan originated
1,475000.0,20%-<30%,945000.0,212.0,1,Asian,Male,35-44,50.0,Loan originated
1,605000.0,30%-<36%,765000.0,283.0,1,White,Joint,25-34,80.0,Loan originated
1,635000.0,48,655000.0,164.0,1,White,Joint,35-44,97.0,Loan originated
1,415000.0,38,535000.0,184.0,1,White,Joint,35-44,77.57,Loan originated
1,375000.0,43,395000.0,103.0,1,Asian,Male,25-34,95.0,Loan originated
1,1085000.0,36,1365000.0,444.0,1,White,Male,25-34,80.0,Loan originated
1,635000.0,49,845000.0,134.0,1,Hispanic or Latino,Male,45-54,75.0,Loan originated
1,1145000.0,41,1425000.0,257.0,1,Asian,Male,35-44,80.0,Loan originated
1,505000.0,47,645000.0,216.0,1,White,Joint,25-34,77.22,Loan originated
1,405000.0,<20%,585000.0,281.0,1,White,Joint,45-54,68.97,Loan originated
1,435000.0,39,685000.0,239.0,1,White,Male,45-54,64.0,Loan originated
1,335000.0,30%-<36%,635000.0,175.0,1,Other,Male,25-34,53.0,Loan originated
1,575000.0,40,725000.0,190.0,1,White,Joint,45-54,80.0,Loan originated
1,1085000.0,38,1355000.0,305.0,1,Asian,Male,35-44,80.0,Loan originated
1,295000.0,48,365000.0,63.0,1,Hispanic or Latino,Female,55-64,80.0,Loan originated
1,405000.0,30%-<36%,535000.0,220.0,1,White,Male,35-44,75.701,Loan originated
1,555000.0,41,1455000.0,155.0,1,White,Male,35-44,37.931,Loan originated
1,645000.0,30%-<36%,805000.0,210.0,1,Asian,Male,25-34,80.0,Loan originated
1,765000.0,30%-<36%,865000.0,270.0,1,Asian,Male,25-34,88.721,Loan originated
1,755000.0,46,935000.0,193.0,1,Asian,Joint,35-44,80.0,Application denied
1,855000.0,30%-<36%,1215000.0,240.0,1,Asian,Female,55-64,70.0,Loan originated
1,365000.0,41,375000.0,123.0,1,Hispanic or Latino,Joint,25-34,101.94,Loan originated
1,15000.0,44,485000.0,138.0,1,Hispanic or Latino,Joint,25-34,100.0,Loan originated
1,695000.0,45,725000.0,162.0,1,Asian,Female,25-34,95.0,Loan originated
1,225000.0,47,225000.0,62.0,1,Hispanic or Latino,Female,45-54,97.0,Loan originated
1,645000.0,30%-<36%,1095000.0,200.0,1,White,Female,25-34,58.716,Loan originated
1,455000.0,41,575000.0,150.0,1,White,Male,<25,80.0,Loan originated
1,545000.0,38,645000.0,354.0,1,Asian,Joint,25-34,85.78,Loan originated
1,465000.0,38,485000.0,151.0,1,Asian,Male,25-34,95.0,Loan originated
1,515000.0,42,575000.0,122.0,1,Hispanic or Latino,Joint,25-34,90.0,Loan originated
1,445000.0,46,645000.0,187.0,1,White,Male,25-34,69.183,Loan originated
1,655000.0,20%-<30%,2105000.0,324.0,1,Asian,Male,45-54,31.191,Loan originated
1,635000.0,47,795000.0,146.0,1,Asian,Joint,35-44,80.0,Loan originated
1,765000.0,30%-<36%,955000.0,201.0,1,White,Female,25-34,80.0,Loan originated
1,975000.0,20%-<30%,1225000.0,516.0,1,Hispanic or Latino,Female,45-54,80.0,Loan originated
1,405000.0,48,505000.0,123.0,1,White,Male,25-34,80.0,Loan originated
1,535000.0,39,865000.0,154.0,1,Asian,Female,55-64,61.0,Loan originated
1,695000.0,49,875000.0,225.0,1,Hispanic or Latino,Joint,25-34,80.0,Loan originated
1,665000.0,44,715000.0,159.0,1,Hispanic or Latino,Joint,55-64,93.66,Loan originated
1,495000.0,30%-<36%,625000.0,172.0,1,White,Joint,25-34,80.0,Loan originated
1,605000.0,30%-<36%,715000.0,224.0,1,Asian,Male,35-44,85.0,Loan originated
1,715000.0,30%-<36%,1015000.0,315.0,1,White,Joint,65-74,70.0,Loan originated
1,455000.0,41,505000.0,115.0,1,White,Male,35-44,90.0,Loan originated
1,515000.0,30%-<36%,685000.0,190.0,1,White,Male,25-34,75.0,Application denied
1,565000.0,40,595000.0,155.0,1,Asian,Female,35-44,94.992,Loan originated
1,455000.0,44,485000.0,141.0,1,Hispanic or Latino,Female,35-44,95.0,Loan originated
1,555000.0,38,1055000.0,203.0,1,Hispanic or Latino,Joint,55-64,52.381,Loan originated
1,55000.0,50%-60%,75000.0,30.0,1,White,Female,65-74,67.05,Application denied
1,1125000.0,30%-<36%,1405000.0,323.0,1,Asian,Joint,35-44,80.0,Loan originated
1,255000.0,30%-<36%,265000.0,98.0,1,Hispanic or Latino,Joint,45-54,412.818,Loan originated
1,765000.0,40,955000.0,203.0,1,White,Male,25-34,79.99,Loan originated
1,735000.0,48,1175000.0,164.0,1,White,Joint,35-44,62.88,Loan originated
1,145000.0,30%-<36%,665000.0,108.0,1,Hispanic or Latino,Female,25-34,22.489,Loan originated
1,705000.0,49,785000.0,131.0,1,White,Male,25-34,89.9,Loan originated
1,135000.0,36,155000.0,101.0,1,Hispanic or Latino,Male,25-34,91.11,Application denied
1,455000.0,37,465000.0,163.0,1,White,Female,25-34,97.0,Loan originated
1,585000.0,42,865000.0,160.0,1,White,Female,55-64,67.442,Loan originated
1,155000.0,20%-<30%,915000.0,122.0,1,Hispanic or Latino,Female,55-64,16.393,Loan originated
1,755000.0,49,845000.0,331.0,1,White,Male,35-44,90.0,Loan originated
1,155000.0,50%-60%,705000.0,44.0,1,Asian,Male,65-74,21.384,Application denied
1,695000.0,48,985000.0,275.0,1,Asian,Female,25-34,69.99,Loan originated
1,945000.0,<20%,1175000.0,592.0,1,White,Male,25-34,80.0,Loan originated
1,595000.0,48,735000.0,139.0,1,White,Male,35-44,80.0,Loan originated
1,1065000.0,45,1335000.0,276.0,1,Asian,Male,35-44,80.0,Loan originated
1,1135000.0,46,1595000.0,288.0,1,Asian,Joint,35-44,71.38,Loan originated
1,1005000.0,43,1255000.0,327.0,1,White,Male,65-74,80.0,Loan originated
1,85000.0,38,535000.0,50.0,1,White,Female,65-74,15.06,Loan originated
1,545000.0,49,775000.0,156.0,1,Asian,Male,25-34,70.0,Loan originated
1,505000.0,30%-<36%,795000.0,212.0,1,Asian,Joint,35-44,62.89,Loan originated
1,415000.0,40,485000.0,101.0,1,White,Joint,45-54,86.0,Loan originated
1,385000.0,47,475000.0,92.0,1,Asian,Male,35-44,80.0,Loan originated
1,315000.0,20%-<30%,1065000.0,154.0,1,White,Female,25-34,29.245,Loan originated
1,475000.0,39,595000.0,157.0,1,Asian,Male,35-44,80.0,Loan originated
1,475000.0,30%-<36%,775000.0,129.0,1,Hispanic or Latino,Female,35-44,61.29,Loan originated
1,495000.0,45,615000.0,121.0,1,Hispanic or Latino,Joint,45-54,80.0,Loan originated
1,455000.0,20%-<30%,475000.0,189.0,1,White,Joint,25-34,95.0,Loan originated
1,345000.0,45,435000.0,90.0,1,Hispanic or Latino,Female,<25,80.0,Loan originated
1,615000.0,46,765000.0,130.0,1,White,Male,25-34,80.0,Loan originated
1,555000.0,20%-<30%,1155000.0,263.0,1,Asian,Joint,25-34,47.83,Loan originated
1,655000.0,46,975000.0,141.0,1,Asian,Female,25-34,66.67,Loan originated
1,1355000.0,48,1695000.0,348.0,1,White,Joint,25-34,80.0,Loan originated
1,585000.0,47,615000.0,152.0,1,Hispanic or Latino,Joint,25-34,95.0,Loan originated
1,855000.0,43,955000.0,199.0,1,Asian,Male,35-44,89.474,Loan originated
1,735000.0,37,815000.0,219.0,1,Hispanic or Latino,Male,25-34,90.0,Loan originated
1,875000.0,40,1095000.0,277.0,1,Asian,Male,25-34,80.0,Loan originated
1,585000.0,30%-<36%,735000.0,193.0,1,Hispanic or Latino,Female,35-44,80.0,Loan originated
1,195000.0,45,425000.0,64.0,1,Black or African American,Female,35-44,102.548,Application denied
1,375000.0,47,625000.0,92.0,1,Hispanic or Latino,Joint,<25,60.0,Loan originated
1,325000.0,43,585000.0,110.0,1,Asian,Female,35-44,55.172,Loan originated
1,155000.0,20%-<30%,895000.0,138.0,1,Asian,Female,25-34,16.76,Loan originated
1,265000.0,48,355000.0,61.0,1,Hispanic or Latino,Male,45-54,75.429,Loan originated
1,395000.0,30%-<36%,495000.0,175.0,1,White,Female,45-54,80.0,Loan originated
1,745000.0,38,885000.0,196.0,1,Asian,Joint,35-44,85.0,Loan originated
1,725000.0,39,1035000.0,214.0,1,Asian,Female,35-44,69.99,Loan originated
1,595000.0,43,735000.0,334.0,1,White,Joint,25-34,80.0,Loan originated
1,365000.0,50%-60%,715000.0,74.0,1,Black or African American,Female,65-74,50.704,Loan originated
1,445000.0,47,525000.0,201.0,1,White,Male,25-34,84.121,Loan originated
1,545000.0,48,775000.0,122.0,1,Asian,Joint,35-44,69.489,Loan originated
1,425000.0,36,435000.0,155.0,1,Hispanic or Latino,Male,25-34,97.0,Loan originated
1,435000.0,49,655000.0,95.0,1,Hispanic or Latino,Joint,35-44,66.769,Loan originated
1,715000.0,46,795000.0,177.0,1,White,Joint,25-34,89.95,Loan originated
1,585000.0,38,655000.0,176.0,1,Hispanic or Latino,Male,35-44,90.0,Loan originated
1,695000.0,44,895000.0,153.0,1,Asian,Male,25-34,95.0,Loan originated
1,345000.0,30%-<36%,745000.0,130.0,1,White,Joint,>74,46.309,Loan originated
1,665000.0,47,705000.0,167.0,1,White,Joint,25-34,95.0,Loan originated
1,485000.0,42,645000.0,125.0,1,White,Female,25-34,75.0,Loan originated
1,675000.0,44,825000.0,713.0,1,Asian,Male,25-34,81.67,Loan originated
1,435000.0,36,585000.0,249.0,1,Hispanic or Latino,Joint,55-64,75.0,Loan originated
1,465000.0,38,585000.0,176.0,1,White,Female,25-34,80.0,Loan originated
1,885000.0,37,1265000.0,427.0,1,Asian,Male,45-54,70.0,Loan originated
1,705000.0,37,1305000.0,294.0,1,White,Joint,35-44,53.85,Loan originated
1,495000.0,40,555000.0,158.0,1,Hispanic or Latino,Male,25-34,90.0,Loan originated
1,345000.0,42,425000.0,112.0,1,Hispanic or Latino,Joint,35-44,80.0,Loan originated
1,305000.0,>60%,385000.0,38.0,1,White,Male,45-54,78.947,Loan originated
1,285000.0,45,485000.0,82.0,1,Hispanic or Latino,Female,35-44,60.0,Loan originated
1,1085000.0,49,1205000.0,297.0,1,White,Female,25-34,90.0,Loan originated
1,795000.0,30%-<36%,835000.0,293.0,1,Asian,Female,35-44,95.0,Loan originated
1,435000.0,45,715000.0,134.0,1,White,Male,65-74,60.915,Loan originated
1,155000.0,37,265000.0,258.0,1,White,Male,35-44,60.0,Loan originated
1,605000.0,37,755000.0,212.0,1,White,Joint,25-34,80.0,Loan originated
1,85000.0,20%-<30%,805000.0,48.0,1,Hispanic or Latino,Male,25-34,10.0,Loan originated
1,545000.0,46,1295000.0,130.0,1,White,Joint,25-34,43.0,Loan originated
1,395000.0,30%-<36%,495000.0,120.0,1,Hispanic or Latino,Male,35-44,80.0,Loan originated
1,235000.0,44,385000.0,61.0,1,White,Joint,25-34,102.095,Loan originated
1,535000.0,49,1085000.0,120.0,1,Asian,Male,25-34,49.75,Loan originated
1,225000.0,37,275000.0,95.0,1,White,Male,35-44,80.0,Loan originated
1,305000.0,44,385000.0,72.0,1,White,Male,25-34,80.0,Loan originated
1,275000.0,46,575000.0,78.0,1,White,Female,35-44,47.826,Loan originated
1,415000.0,20%-<30%,515000.0,177.0,1,White,Joint,35-44,80.0,Loan originated
1,345000.0,43,485000.0,94.0,1,White,Female,>74,70.0,Loan originated
1,385000.0,44,445000.0,139.0,1,Asian,Male,25-34,85.0,Loan originated
1,405000.0,37,515000.0,151.0,1,Hispanic or Latino,Joint,25-34,80.0,Loan originated
1,375000.0,39,395000.0,169.0,1,White,Joint,35-44,95.0,Loan originated
1,505000.0,48,705000.0,135.0,1,Hispanic or Latino,Male,35-44,71.42,Loan originated
1,455000.0,41,655000.0,132.0,1,White,Male,25-34,70.0,Loan originated
1,325000.0,48,405000.0,62.0,1,White,Female,25-34,80.0,Loan originated
1,705000.0,30%-<36%,875000.0,271.0,1,Hispanic or Latino,Joint,55-64,80.0,Loan originated
1,365000.0,48,455000.0,94.0,1,White,Female,>74,80.0,Application denied
1,565000.0,36,705000.0,253.0,1,White,Joint,55-64,80.0,Loan originated
1,785000.0,20%-<30%,985000.0,359.0,1,Asian,Joint,25-34,79.6,Loan originated
1,865000.0,46,1385000.0,311.0,1,Asian,Male,45-54,62.762,Loan originated
1,925000.0,41,1155000.0,223.0,1,Asian,Joint,45-54,80.0,Loan originated
1,715000.0,46,885000.0,138.0,1,White,Male,35-44,80.0,Loan originated
1,325000.0,20%-<30%,405000.0,222.0,1,White,Joint,45-54,80.0,Loan originated
1,765000.0,49,835000.0,192.0,1,Hispanic or Latino,Female,45-54,91.231,Loan originated
1,115000.0,39,485000.0,51.0,1,White,Male,65-74,22.917,Loan originated
1,905000.0,30%-<36%,1825000.0,682.0,1,White,Joint,25-34,49.315,Loan originated
1,105000.0,43,515000.0,34.0,1,Hispanic or Latino,Joint,65-74,19.417,Loan originated
1,845000.0,42,945000.0,195.0,1,Hispanic or Latino,Joint,25-34,89.989,Loan originated
1,675000.0,43,845000.0,190.0,1,Hispanic or Latino,Joint,45-54,80.0,Loan originated
1,565000.0,46,705000.0,139.0,1,Asian,Female,45-54,80.0,Loan originated
1,515000.0,46,865000.0,105.0,1,White,Male,45-54,60.0,Loan originated
1,635000.0,41,685000.0,186.0,1,White,Joint,25-34,92.67,Loan originated
1,415000.0,49,745000.0,81.0,1,Hispanic or Latino,Joint,55-64,55.405,Loan originated
1,565000.0,46,595000.0,116.0,1,Hispanic or Latino,Male,35-44,95.0,Application denied
1,505000.0,49,635000.0,139.0,1,White,Male,55-64,80.0,Loan originated
1,1135000.0,43,1425000.0,284.0,1,Asian,Joint,25-34,80.0,Loan originated
1,425000.0,43,825000.0,105.0,1,White,Female,65-74,51.52,Loan originated
1,745000.0,20%-<30%,925000.0,755.0,1,White,Joint,25-34,80.0,Loan originated
1,555000.0,30%-<36%,695000.0,200.0,1,Hispanic or Latino,Male,25-34,79.971,Loan originated
1,275000.0,<20%,555000.0,560.0,1,Hispanic or Latino,Female,65-74,50.0,Loan originated
1,475000.0,40,605000.0,134.0,1,Hispanic or Latino,Male,45-54,102.0,Loan originated
1,365000.0,37,465000.0,97.0,1,White,Female,>74,78.495,Loan originated
1,475000.0,20%-<30%,955000.0,181.0,1,Asian,Joint,35-44,49.74,Loan originated
1,535000.0,46,565000.0,168.0,1,Asian,Joint,55-64,95.0,Loan originated
1,565000.0,47,595000.0,198.0,1,Hispanic or Latino,Joint,25-34,95.0,Loan originated
1,985000.0,38,1255000.0,260.0,1,White,Male,25-34,78.52,Loan originated
1,1125000.0,20%-<30%,1525000.0,389.0,1,Asian,Joint,35-44,73.77,Loan originated
1,725000.0,47,905000.0,184.0,1,Hispanic or Latino,Male,45-54,80.0,Loan originated
1,745000.0,20%-<30%,985000.0,615.0,1,Asian,Male,45-54,75.0,Loan originated
1,445000.0,48,635000.0,193.0,1,White,Joint,35-44,90.0,Loan originated
1,415000.0,30%-<36%,465000.0,144.0,1,Asian,Male,25-34,89.13,Loan originated
1,1055000.0,47,1325000.0,220.0,1,Asian,Male,25-34,80.0,Loan originated
1,595000.0,37,745000.0,168.0,1,Asian,Male,25-34,80.0,Application denied
1,1145000.0,49,1525000.0,246.0,1,White,Male,35-44,75.0,Loan originated
1,765000.0,20%-<30%,985000.0,305.0,1,White,Joint,35-44,77.625,Loan originated
1,325000.0,42,805000.0,98.0,1,White,Female,>74,40.0,Loan originated
1,375000.0,49,485000.0,98.0,1,Hispanic or Latino,Female,25-34,77.938,Loan originated
1,1125000.0,>60%,1375000.0,149.0,1,Asian,Joint,45-54,81.455,Application denied
1,365000.0,43,405000.0,84.0,1,White,Joint,45-54,90.25,Loan originated
1,905000.0,49,1125000.0,289.0,1,White,Joint,35-44,80.0,Loan originated
1,105000.0,30%-<36%,125000.0,121.0,1,Other,Male,45-54,85.0,Application denied
1,225000.0,49,255000.0,51.0,1,Hispanic or Latino,Male,45-54,95.0,Loan originated
1,395000.0,20%-<30%,525000.0,201.0,1,White,Female,45-54,75.0,Loan originated
1,355000.0,42,445000.0,96.0,1,Asian,Female,55-64,80.0,Loan originated
1,125000.0,30%-<36%,165000.0,57.0,1,Hispanic or Latino,Female,<25,75.0,Loan originated
1,565000.0,38,755000.0,222.0,1,Asian,Female,35-44,75.0,Application denied
1,345000.0,41,465000.0,96.0,1,Hispanic or Latino,Female,35-44,75.0,Loan originated
1,765000.0,45,805000.0,282.0,1,Hispanic or Latino,Male,25-34,94.969,Loan originated
1,475000.0,46,655000.0,167.0,1,Asian,Joint,45-54,71.779,Loan originated
1,595000.0,49,1405000.0,132.0,1,Asian,Male,45-54,43.0,Loan originated
1,485000.0,49,505000.0,104.0,1,Hispanic or Latino,Joint,25-34,100.0,Loan originated
1,565000.0,48,745000.0,390.0,1,White,Joint,<25,75.0,Loan originated
1,685000.0,37,1535000.0,205.0,1,White,Joint,65-74,44.805,Loan originated
1,295000.0,30%-<36%,365000.0,81.0,1,Hispanic or Latino,Male,55-64,80.0,Loan originated
1,375000.0,49,1175000.0,96.0,1,Asian,Male,35-44,31.874,Loan originated
1,645000.0,49,815000.0,138.0,1,Asian,Male,45-54,80.0,Loan originated
1,395000.0,<20%,525000.0,237.0,1,White,Joint,25-34,75.0,Loan originated
1,535000.0,48,625000.0,108.0,1,Asian,Male,25-34,85.0,Loan originated
1,505000.0,30%-<36%,805000.0,160.0,1,Asian,Male,35-44,62.393,Loan originated
1,665000.0,50%-60%,835000.0,128.0,1,Hispanic or Latino,Male,45-54,80.0,Application denied
1,555000.0,30%-<36%,655000.0,199.0,1,Hispanic or Latino,Joint,45-54,85.0,Loan originated
1,365000.0,30%-<36%,385000.0,328.0,1,Hispanic or Latino,Joint,<25,95.0,Loan originated
1,585000.0,47,1315000.0,126.0,1,White,Female,25-34,45.0,Loan originated
1,675000.0,44,715000.0,165.0,1,Asian,Joint,25-34,95.0,Loan originated
1,625000.0,49,715000.0,134.0,1,White,Joint,25-34,88.03,Loan originated
1,215000.0,30%-<36%,415000.0,245.0,1,White,Joint,45-54,52.267,Loan originated
1,525000.0,>60%,575000.0,23.0,1,Asian,Female,35-44,88.696,Application denied
1,705000.0,42,825000.0,163.0,1,White,Joint,25-34,85.366,Loan originated
1,415000.0,49,525000.0,106.0,1,Hispanic or Latino,Male,35-44,80.0,Loan originated
1,555000.0,38,695000.0,155.0,1,White,Male,45-54,80.0,Loan originated
1,655000.0,20%-<30%,775000.0,344.0,1,Hispanic or Latino,Male,35-44,85.0,Loan originated
1,605000.0,40,755000.0,170.0,1,Asian,Male,25-34,80.0,Loan originated
1,335000.0,42,355000.0,79.0,1,White,Male,25-34,95.0,Loan originated
1,445000.0,30%-<36%,465000.0,170.0,1,Hispanic or Latino,Joint,25-34,97.0,Loan originated
1,365000.0,47,405000.0,80.0,1,Hispanic or Latino,Female,25-34,89.0,Loan originated
1,685000.0,49,855000.0,261.0,1,Asian,Male,35-44,80.0,Loan originated
1,765000.0,<20%,955000.0,732.0,1,Hispanic or Latino,Male,35-44,80.0,Loan originated
1,325000.0,43,405000.0,179.0,1,Asian,Female,35-44,80.0,Loan originated
1,395000.0,49,445000.0,103.0,1,White,Female,55-64,88.036,Loan originated
1,415000.0,46,435000.0,120.0,1,Asian,Male,25-34,95.0,Loan originated
1,375000.0,>60%,365000.0,119.0,1,Black or African American,Female,45-54,101.75,Application denied
1,475000.0,49,955000.0,120.0,1,White,Joint,65-74,49.738,Loan originated
1,675000.0,30%-<36%,845000.0,300.0,1,White,Female,35-44,80.0,Loan originated
1,255000.0,44,255000.0,60.0,1,White,Female,25-34,97.0,Loan originated
1,365000.0,45,455000.0,128.0,1,Asian,Joint,35-44,80.0,Loan originated
1,705000.0,40,805000.0,237.0,1,Hispanic or Latino,Joint,25-34,88.004,Loan originated
1,435000.0,41,465000.0,136.0,1,Hispanic or Latino,Male,<25,95.0,Loan originated
1,365000.0,49,415000.0,75.0,1,Hispanic or Latino,Male,25-34,90.0,Loan originated
1,485000.0,38,505000.0,135.0,1,Hispanic or Latino,Female,65-74,97.0,Loan originated
1,765000.0,43,1055000.0,176.0,1,White,Male,35-44,73.0,Loan originated
1,505000.0,36,985000.0,152.0,1,White,Male,35-44,51.02,Loan originated
1,575000.0,49,645000.0,125.0,1,White,Female,55-64,90.0,Loan originated
1,625000.0,41,905000.0,175.0,1,White,Female,35-44,69.444,Loan originated
1,1125000.0,48,1495000.0,225.0,1,Asian,Female,35-44,75.0,Application denied
1,605000.0,38,805000.0,295.0,1,Asian,Male,35-44,75.0,Loan originated
1,725000.0,46,1215000.0,270.0,1,Asian,Male,45-54,60.0,Loan originated
1,435000.0,39,765000.0,124.0,1,White,Joint,65-74,56.58,Loan originated
1,385000.0,20%-<30%,885000.0,170.0,1,Asian,Male,25-34,44.0,Loan originated
1,435000.0,30%-<36%,545000.0,150.0,1,White,Joint,25-34,81.0,Loan originated
1,755000.0,46,1905000.0,173.0,1,Asian,Female,25-34,39.29,Loan originated
1,415000.0,47,435000.0,82.0,1,Hispanic or Latino,Male,25-34,95.0,Loan originated
1,105000.0,38,125000.0,49.0,1,White,Female,65-74,80.0,Loan originated
1,995000.0,30%-<36%,1115000.0,302.0,1,White,Joint,25-34,90.0,Loan originated
1,545000.0,45,835000.0,153.0,1,White,Joint,35-44,65.0,Loan originated
1,705000.0,42,1305000.0,257.0,1,Asian,Male,25-34,53.85,Loan originated
1,475000.0,39,535000.0,138.0,1,White,Joint,45-54,90.85,Loan originated
1,495000.0,43,495000.0,155.0,1,Hispanic or Latino,Male,35-44,100.0,Loan originated
1,745000.0,36,875000.0,210.0,1,White,Female,45-54,85.0,Loan originated
1,515000.0,49,665000.0,138.0,1,Hispanic or Latino,Male,25-34,78.6,Loan originated
1,505000.0,46,555000.0,195.0,1,White,Joint,35-44,90.909,Loan originated
1,505000.0,47,635000.0,118.0,1,White,Male,>74,80.0,Loan originated
1,575000.0,41,605000.0,159.0,1,Asian,Female,25-34,95.04,Loan originated
1,895000.0,42,1115000.0,206.0,1,White,Female,25-34,80.0,Loan originated
1,755000.0,<20%,1505000.0,792.0,1,White,Male,45-54,50.0,Loan originated
1,425000.0,>60%,465000.0,70.0,1,Asian,Female,35-44,90.0,Application denied
1,315000.0,45,635000.0,95.0,1,White,Female,55-64,49.764,Loan originated
1,355000.0,20%-<30%,765000.0,149.0,1,White,Female,55-64,46.053,Loan originated
1,445000.0,36,505000.0,159.0,1,Asian,Joint,45-54,89.8,Loan originated
1,585000.0,30%-<36%,605000.0,215.0,1,White,Male,35-44,97.0,Loan originated
1,405000.0,43,455000.0,91.0,1,White,Female,25-34,90.0,Loan originated
1,1125000.0,30%-<36%,1405000.0,385.0,1,Asian,Joint,25-34,80.0,Loan originated
1,1065000.0,>60%,1335000.0,106.0,1,White,Male,45-54,80.0,Application denied
1,455000.0,20%-<30%,655000.0,210.0,1,White,Male,45-54,70.0,Loan originated
1,195000.0,20%-<30%,215000.0,108.0,1,Asian,Male,35-44,95.0,Application denied
1,675000.0,>60%,755000.0,316.0,1,Hispanic or Latino,Male,55-64,90.0,Application denied
1,615000.0,20%-<30%,765000.0,241.0,1,White,Joint,25-34,80.0,Loan originated
1,185000.0,44,235000.0,68.0,1,Asian,Female,55-64,80.0,Loan originated
1,565000.0,45,705000.0,131.0,1,Black or African American,Male,35-44,80.0,Loan originated
1,755000.0,48,1455000.0,168.0,1,White,Joint,35-44,51.724,Loan originated
1,365000.0,48,615000.0,89.0,1,Hispanic or Latino,Female,35-44,60.0,Loan originated
1,255000.0,49,875000.0,94.0,1,Asian,Joint,55-64,29.0,Loan originated
1,615000.0,30%-<36%,1235000.0,319.0,1,Asian,Female,45-54,50.0,Loan originated
1,415000.0,43,915000.0,117.0,1,Asian,Joint,25-34,46.0,Loan originated
1,555000.0,47,1045000.0,152.0,1,Asian,Male,45-54,53.32,Loan originated
1,1005000.0,43,1125000.0,319.0,1,White,Male,45-54,90.0,Loan originated
1,655000.0,48,695000.0,140.0,1,White,Male,<25,95.0,Loan originated
1,625000.0,42,925000.0,221.0,1,Asian,Female,35-44,67.47,Loan originated
1,195000.0,36,295000.0,60.0,1,White,Female,45-54,66.102,Loan originated
1,685000.0,48,725000.0,161.0,1,Hispanic or Latino,Female,25-34,95.0,Loan originated
1,785000.0,>60%,1005000.0,89.0,1,White,Male,<25,78.416,Application denied
1,765000.0,39,1225000.0,280.0,1,Hispanic or Latino,Male,25-34,62.571,Loan originated
1,325000.0,43,385000.0,75.0,1,White,Female,25-34,85.0,Loan originated
1,405000.0,40,625000.0,101.0,1,Asian,Male,25-34,63.9,Loan originated
1,885000.0,30%-<36%,1105000.0,284.0,1,Asian,Female,35-44,80.0,Loan originated
1,765000.0,42,1395000.0,386.0,1,White,Joint,25-34,55.144,Loan originated
1,445000.0,45,555000.0,129.0,1,Asian,Male,25-34,80.0,Loan originated
1,595000.0,48,795000.0,134.0,1,Asian,Male,25-34,75.0,Loan originated
1,455000.0,<20%,575000.0,236.0,1,White,Male,45-54,79.989,Loan originated
1,665000.0,39,705000.0,190.0,1,Hispanic or Latino,Joint,25-34,95.0,Loan originated
1,1035000.0,42,1295000.0,493.0,1,Other,Female,45-54,80.0,Loan originated
1,575000.0,46,615000.0,157.0,1,Hispanic or Latino,Joint,45-54,95.0,Loan originated
1,435000.0,20%-<30%,465000.0,189.0,1,Hispanic or Latino,Joint,25-34,95.0,Loan originated
1,235000.0,41,535000.0,168.0,1,White,Female,55-64,43.609,Loan originated
1,985000.0,42,1095000.0,232.0,1,Asian,Female,25-34,90.0,Loan originated
1,725000.0,50%-60%,985000.0,185.0,1,Asian,Joint,35-44,73.572,Application denied
1,1105000.0,49,1185000.0,229.0,1,White,Female,25-34,92.827,Loan originated
1,755000.0,49,945000.0,163.0,1,Hispanic or Latino,Female,55-64,80.0,Loan originated
1,1085000.0,40,1915000.0,268.0,1,Asian,Joint,45-54,56.853,Loan originated
1,395000.0,42,495000.0,109.0,1,White,Joint,35-44,79.8,Loan originated
1,695000.0,30%-<36%,775000.0,386.0,1,White,Joint,25-34,90.0,Loan originated
1,375000.0,49,1305000.0,95.0,1,Asian,Joint,45-54,29.0,Loan originated
1,255000.0,49,265000.0,55.0,1,White,Male,<25,95.0,Loan originated
1,765000.0,20%-<30%,1555000.0,390.0,1,Asian,Joint,55-64,49.48,Loan originated
1,365000.0,43,385000.0,85.0,1,Hispanic or Latino,Joint,25-34,95.0,Loan originated
1,455000.0,43,705000.0,301.0,1,Asian,Male,45-54,65.0,Loan originated
1,545000.0,30%-<36%,675000.0,276.0,1,Asian,Joint,25-34,80.0,Loan originated
1,205000.0,20%-<30%,745000.0,106.0,1,White,Female,65-74,26.702,Loan originated
1,555000.0,42,695000.0,127.0,1,Asian,Female,25-34,80.0,Loan originated
1,625000.0,38,775000.0,151.0,1,White,Female,25-34,80.0,Loan originated
1,535000.0,42,665000.0,135.0,1,Hispanic or Latino,Male,25-34,80.0,Loan originated
1,905000.0,46,1205000.0,248.0,1,Asian,Joint,<25,75.0,Loan originated
1,235000.0,20%-<30%,265000.0,351.0,1,White,Male,35-44,90.0,Loan originated
1,715000.0,20%-<30%,955000.0,811.0,1,Black or African American,Joint,35-44,75.0,Application denied
1,355000.0,39,425000.0,98.0,1,White,Female,<25,84.0,Loan originated
1,255000.0,45,1015000.0,97.0,1,White,Joint,35-44,24.631,Loan originated
1,345000.0,44,415000.0,116.0,1,White,Joint,45-54,81.928,Loan originated
1,435000.0,30%-<36%,585000.0,315.0,1,Black or African American,Male,35-44,75.0,Loan originated
1,385000.0,47,475000.0,231.0,1,White,Female,25-34,80.0,Loan originated
1,455000.0,30%-<36%,805000.0,143.0,1,Asian,Male,45-54,57.0,Loan originated
1,695000.0,30%-<36%,875000.0,211.0,1,White,Joint,25-34,80.0,Loan originated
1,1105000.0,46,1455000.0,230.0,1,Asian,Male,35-44,75.862,Loan originated
1,405000.0,41,725000.0,156.0,1,White,Female,55-64,55.172,Loan originated
1,435000.0,36,515000.0,125.0,1,White,Male,25-34,85.0,Loan originated
1,465000.0,30%-<36%,665000.0,206.0,1,White,Joint,55-64,69.697,Loan originated
1,575000.0,>60%,725000.0,124.0,1,Asian,Male,55-64,79.99,Application denied
1,205000.0,49,845000.0,163.0,1,White,Joint,55-64,24.0,Loan originated
1,395000.0,49,585000.0,91.0,1,Asian,Joint,65-74,66.667,Loan originated
1,405000.0,47,485000.0,90.0,1,White,Female,25-34,85.0,Loan originated
1,475000.0,36,875000.0,159.0,1,White,Male,35-44,54.54,Loan originated
1,385000.0,46,405000.0,107.0,1,White,Male,25-34,93.83,Loan originated
1,765000.0,44,955000.0,317.0,1,White,Male,35-44,80.0,Loan originated
1,425000.0,36,715000.0,251.0,1,White,Joint,45-54,60.0,Loan originated
1,1135000.0,20%-<30%,1425000.0,545.0,1,Asian,Male,35-44,80.0,Loan originated
1,125000.0,41,515000.0,57.0,1,White,Joint,55-64,26.0,Loan originated
1,555000.0,44,735000.0,184.0,1,Hispanic or Latino,Male,55-64,75.0,Loan originated
1,675000.0,46,845000.0,432.0,1,White,Joint,65-74,80.0,Loan originated
1,405000.0,47,855000.0,118.0,1,White,Joint,55-64,46.691,Loan originated
1,855000.0,48,1105000.0,176.0,1,Hispanic or Latino,Joint,35-44,78.0,Loan originated
1,735000.0,49,835000.0,170.0,1,Hispanic or Latino,Joint,25-34,89.0,Loan originated
1,405000.0,50%-60%,805000.0,93.0,1,White,Joint,35-44,49.689,Application denied
1,535000.0,20%-<30%,675000.0,295.0,1,Asian,Joint,35-44,80.0,Loan originated
1,495000.0,30%-<36%,595000.0,170.0,1,White,Joint,<25,83.59,Loan originated
1,1145000.0,44,2305000.0,354.0,1,Asian,Joint,25-34,49.992,Loan originated
1,605000.0,44,675000.0,141.0,1,Hispanic or Latino,Joint,45-54,89.0,Loan originated
1,575000.0,41,815000.0,139.0,1,White,Joint,35-44,70.552,Loan originated
1,5000.0,49,275000.0,73.0,1,White,Female,35-44,101.93,Loan originated
1,205000.0,44,225000.0,110.0,1,White,Joint,25-34,90.0,Loan originated
1,465000.0,30%-<36%,575000.0,142.0,1,Hispanic or Latino,Female,35-44,80.0,Loan originated
1,465000.0,44,535000.0,111.0,1,White,Female,55-64,86.79,Loan originated
1,235000.0,48,245000.0,166.0,1,Hispanic or Latino,Female,25-34,95.0,Loan originated
1,255000.0,30%-<36%,265000.0,228.0,1,White,Joint,45-54,95.0,Loan originated
1,765000.0,43,915000.0,197.0,1,White,Female,55-64,83.716,Loan originated
1,495000.0,41,655000.0,123.0,1,White,Female,25-34,75.0,Loan originated
1,785000.0,50%-60%,1715000.0,135.0,1,White,Joint,65-74,45.481,Loan originated
1,425000.0,20%-<30%,685000.0,151.0,1,White,Joint,35-44,61.8,Loan originated
1,365000.0,48,385000.0,89.0,1,Hispanic or Latino,Male,45-54,95.0,Loan originated
1,275000.0,49,365000.0,71.0,1,White,Female,>74,75.0,Loan originated
1,765000.0,37,1325000.0,320.0,1,Hispanic or Latino,Joint,45-54,57.83,Loan originated
1,355000.0,47,375000.0,152.0,1,Hispanic or Latino,Male,35-44,95.0,Loan originated
1,675000.0,42,755000.0,183.0,1,Asian,Joint,35-44,90.0,Loan originated
1,505000.0,20%-<30%,1005000.0,287.0,1,Hispanic or Latino,Joint,55-64,50.0,Loan originated
1,395000.0,30%-<36%,565000.0,121.0,1,Asian,Joint,45-54,70.0,Loan originated
1,315000.0,44,425000.0,73.0,1,Hispanic or Latino,Female,35-44,75.95,Loan originated
1,655000.0,30%-<36%,3105000.0,426.0,1,White,Joint,45-54,30.0,Application denied
1,525000.0,44,585000.0,126.0,1,White,Joint,25-34,90.0,Loan originated
1,175000.0,<20%,195000.0,134.0,1,White,Female,35-44,89.474,Loan originated
1,965000.0,41,1205000.0,244.0,1,White,Male,45-54,80.0,Loan originated
1,555000.0,30%-<36%,655000.0,161.0,1,White,Joint,35-44,85.0,Loan originated
1,925000.0,41,1085000.0,260.0,1,Asian,Male,45-54,85.0,Application denied
1,765000.0,38,1405000.0,229.0,1,White,Joint,25-34,54.76,Loan originated
1,725000.0,43,905000.0,186.0,1,White,Joint,25-34,80.0,Loan originated
1,555000.0,38,585000.0,129.0,1,Hispanic or Latino,Male,25-34,95.0,Loan originated
1,245000.0,50%-60%,715000.0,64.0,1,Hispanic or Latino,Female,35-44,33.57,Loan originated
1,455000.0,48,615000.0,100.0,1,Hispanic or Latino,Male,25-34,75.0,Loan originated
1,405000.0,42,895000.0,100.0,1,Asian,Joint,25-34,44.45,Loan originated
1,945000.0,42,1115000.0,230.0,1,Asian,Joint,25-34,85.0,Loan originated
1,225000.0,46,515000.0,69.0,1,Hispanic or Latino,Male,45-54,43.107,Loan originated
1,535000.0,40,785000.0,135.0,1,Asian,Female,25-34,68.354,Loan originated
1,85000.0,20%-<30%,605000.0,90.0,1,White,Female,55-64,13.333,Loan originated
1,595000.0,20%-<30%,685000.0,322.0,1,White,Female,65-74,86.212,Loan originated
1,385000.0,20%-<30%,475000.0,174.0,1,White,Male,55-64,80.0,Loan originated
1,845000.0,47,1065000.0,295.0,1,Asian,Male,65-74,80.0,Loan originated
1,405000.0,49,745000.0,88.0,1,White,Female,35-44,54.189,Loan originated
1,55000.0,39,115000.0,42.0,1,White,Female,>74,47.38,Loan originated
1,775000.0,42,965000.0,218.0,1,Asian,Joint,35-44,80.0,Loan originated
1,705000.0,47,745000.0,142.0,1,Hispanic or Latino,Joint,25-34,95.0,Loan originated
1,575000.0,41,765000.0,180.0,1,Asian,Female,35-44,75.0,Loan originated
1,475000.0,49,835000.0,103.0,1,Hispanic or Latino,Female,45-54,56.524,Loan originated
1,185000.0,48,385000.0,50.0,1,White,Female,35-44,48.454,Loan originated
1,605000.0,44,685000.0,119.0,1,White,Male,35-44,88.35,Loan originated
1,565000.0,36,595000.0,186.0,1,Hispanic or Latino,Joint,25-34,95.0,Loan originated
1,1015000.0,42,1415000.0,352.0,1,Asian,Female,35-44,72.06,Loan originated
1,145000.0,50%-60%,195000.0,35.0,1,Asian,Female,35-44,71.79,Loan originated
1,405000.0,36,435000.0,205.0,1,White,Joint,35-44,95.0,Loan originated
1,365000.0,49,455000.0,82.0,1,Hispanic or Latino,Joint,25-34,80.0,Loan originated
1,575000.0,49,825000.0,465.0,1,White,Joint,35-44,70.0,Loan originated
1,225000.0,41,235000.0,104.0,1,Hispanic or Latino,Male,55-64,93.94,Loan originated
1,395000.0,<20%,545000.0,294.0,1,White,Joint,25-34,72.478,Loan originated
1,355000.0,20%-<30%,515000.0,135.0,1,White,Male,25-34,70.0,Loan originated
1,1125000.0,37,1605000.0,301.0,1,Asian,Joint,45-54,70.0,Loan originated
1,1085000.0,<20%,1355000.0,988.0,1,White,Female,25-34,80.0,Loan originated
1,765000.0,40,1355000.0,225.0,1,Asian,Joint,35-44,57.0,Loan originated
1,885000.0,44,985000.0,225.0,1,Hispanic or Latino,Male,25-34,90.0,Loan originated
1,485000.0,30%-<36%,835000.0,149.0,1,Asian,Joint,35-44,57.21,Loan originated
1,385000.0,44,475000.0,105.0,1,Hispanic or Latino,Joint,45-54,80.0,Loan originated
1,345000.0,43,415000.0,78.0,1,Hispanic or Latino,Male,25-34,82.927,Loan originated
1,1055000.0,20%-<30%,1325000.0,422.0,1,Asian,Joint,25-34,80.0,Loan originated
1,685000.0,49,865000.0,140.0,1,Asian,Joint,45-54,80.0,Loan originated
1,335000.0,39,375000.0,106.0,1,Hispanic or Latino,Joint,65-74,90.0,Loan originated
1,355000.0,20%-<30%,575000.0,158.0,1,White,Joint,25-34,61.404,Loan originated
1,325000.0,46,1325000.0,126.0,1,White,Joint,55-64,24.528,Loan originated
1,585000.0,45,625000.0,141.0,1,Hispanic or Latino,Female,25-34,95.0,Loan originated
1,505000.0,44,635000.0,127.0,1,Hispanic or Latino,Male,25-34,80.0,Loan originated
1,745000.0,44,825000.0,205.0,1,Asian,Joint,25-34,89.98,Loan originated
1,355000.0,30%-<36%,435000.0,138.0,1,White,Joint,35-44,83.49,Loan originated
1,605000.0,47,855000.0,156.0,1,Asian,Male,35-44,69.849,Loan originated
1,395000.0,43,575000.0,124.0,1,White,Female,35-44,70.0,Loan originated
1,575000.0,>60%,725000.0,36.0,1,Asian,Female,35-44,80.0,Application denied
1,145000.0,50%-60%,155000.0,103.0,1,White,Female,35-44,95.4,Application denied
1,635000.0,48,705000.0,153.0,1,Asian,Female,45-54,89.9,Loan originated
1,1145000.0,20%-<30%,4305000.0,850.0,1,White,Male,45-54,26.733,Loan originated
1,605000.0,30%-<36%,675000.0,182.0,1,Asian,Male,25-34,89.55,Loan originated
1,385000.0,48,405000.0,140.0,1,Other,Female,35-44,95.0,Loan originated
1,945000.0,42,1185000.0,224.0,1,Asian,Joint,35-44,80.0,Loan originated
1,1045000.0,48,1305000.0,282.0,1,Asian,Joint,35-44,80.0,Loan originated
1,245000.0,30%-<36%,385000.0,163.0,1,Hispanic or Latino,Joint,45-54,64.474,Loan originated
1,465000.0,47,585000.0,102.0,1,Asian,Joint,25-34,80.0,Loan originated
1,625000.0,48,1255000.0,148.0,1,White,Joint,25-34,50.0,Loan originated
1,635000.0,48,855000.0,145.0,1,White,Male,55-64,75.0,Loan originated
1,685000.0,45,955000.0,140.0,1,Asian,Joint,25-34,72.0,Loan originated
1,545000.0,49,705000.0,250.0,1,Asian,Male,35-44,77.0,Loan originated
1,705000.0,30%-<36%,795000.0,333.0,1,White,Male,25-34,90.0,Loan originated
1,345000.0,47,845000.0,107.0,1,Asian,Male,45-54,40.899,Loan originated
1,505000.0,43,1015000.0,189.0,1,White,Female,45-54,49.5,Loan originated
1,495000.0,49,555000.0,138.0,1,Hispanic or Latino,Male,35-44,90.0,Loan originated
1,1035000.0,46,1155000.0,372.0,1,White,Joint,45-54,90.0,Application denied
1,765000.0,47,815000.0,397.0,1,Asian,Male,45-54,93.97,Loan originated
1,435000.0,49,465000.0,126.0,1,Hispanic or Latino,Female,25-34,95.0,Loan originated
1,585000.0,45,645000.0,160.0,1,Asian,Joint,25-34,90.0,Loan originated
1,255000.0,39,315000.0,76.0,1,Hispanic or Latino,Male,25-34,80.0,Loan originated
1,335000.0,49,355000.0,85.0,1,White,Female,35-44,94.122,Loan originated
1,255000.0,<20%,695000.0,305.0,1,White,Joint,35-44,36.075,Loan originated
1,265000.0,46,425000.0,141.0,1,White,Joint,35-44,62.071,Loan originated
1,755000.0,45,895000.0,332.0,1,White,Joint,65-74,85.0,Loan originated
1,605000.0,30%-<36%,1055000.0,228.0,1,White,Female,35-44,58.0,Loan originated
1,605000.0,30%-<36%,755000.0,181.0,1,White,Joint,25-34,80.0,Loan originated
1,795000.0,44,845000.0,118.0,1,Hispanic or Latino,Male,45-54,95.0,Loan originated
1,225000.0,30%-<36%,665000.0,153.0,1,Hispanic or Latino,Joint,45-54,34.363,Loan originated
1,995000.0,49,1335000.0,218.0,1,White,Joint,65-74,75.0,Loan originated
1,765000.0,37,1095000.0,250.0,1,Asian,Male,25-34,70.46,Loan originated
1,655000.0,45,1345000.0,150.0,1,White,Female,35-44,49.0,Loan originated
1,665000.0,48,735000.0,157.0,1,White,Male,45-54,90.0,Loan originated
1,745000.0,49,875000.0,166.0,1,Asian,Female,35-44,86.0,Loan originated
1,425000.0,46,555000.0,101.0,1,Asian,Male,35-44,77.0,Loan originated
1,475000.0,20%-<30%,685000.0,194.0,1,Asian,Male,35-44,69.118,Loan originated
1,385000.0,48,475000.0,131.0,1,Hispanic or Latino,Male,55-64,80.0,Loan originated
1,625000.0,47,665000.0,135.0,1,Hispanic or Latino,Male,25-34,95.0,Loan originated
1,835000.0,50%-60%,1505000.0,172.0,1,White,Joint,45-54,55.33,Application denied
1,865000.0,48,1155000.0,335.0,1,White,Joint,55-64,75.0,Loan originated
1,655000.0,<20%,825000.0,1303.0,1,Hispanic or Latino,Male,25-34,80.0,Loan originated
1,65000.0,48,75000.0,34.0,1,Hispanic or Latino,Male,35-44,90.0,Application denied
1,155000.0,40,165000.0,62.0,1,Hispanic or Latino,Joint,35-44,90.0,Application denied
1,1105000.0,30%-<36%,1385000.0,373.0,1,Asian,Joint,35-44,80.0,Loan originated
1,645000.0,>60%,805000.0,230.0,1,Hispanic or Latino,Male,35-44,80.0,Application denied
1,905000.0,37,955000.0,263.0,1,Hispanic or Latino,Joint,35-44,95.0,Loan originated
1,575000.0,42,725000.0,188.0,1,Asian,Male,35-44,80.0,Loan originated
1,215000.0,40,295000.0,122.0,1,White,Male,45-54,75.0,Application denied
1,625000.0,48,775000.0,255.0,1,White,Joint,45-54,80.0,Loan originated
1,735000.0,45,915000.0,257.0,1,White,Joint,65-74,80.0,Loan originated
1,785000.0,41,985000.0,225.0,1,Asian,Joint,25-34,80.0,Application denied
1,215000.0,47,235000.0,51.0,1,White,Male,<25,90.0,Loan originated
1,225000.0,47,1005000.0,67.0,1,White,Female,65-74,22.0,Loan originated
1,365000.0,44,385000.0,97.0,1,Black or African American,Male,25-34,95.0,Loan originated
1,505000.0,46,845000.0,123.0,1,White,Joint,35-44,60.0,Loan originated
1,295000.0,47,445000.0,81.0,1,White,Joint,<25,65.417,Loan originated
1,365000.0,20%-<30%,455000.0,365.0,1,Black or African American,Male,25-34,80.0,Loan originated
1,705000.0,45,885000.0,267.0,1,White,Male,35-44,80.0,Loan originated
1,645000.0,48,805000.0,161.0,1,Hispanic or Latino,Female,25-34,80.0,Loan originated
1,285000.0,49,615000.0,59.0,1,White,Female,65-74,46.016,Loan originated
1,745000.0,41,785000.0,185.0,1,White,Female,25-34,95.0,Loan originated
1,315000.0,39,325000.0,81.0,1,White,Female,25-34,97.0,Loan originated
1,415000.0,48,465000.0,106.0,1,Asian,Female,35-44,89.123,Loan originated
1,495000.0,44,525000.0,161.0,1,Hispanic or Latino,Male,45-54,98.0,Loan originated
1,575000.0,42,715000.0,177.0,1,White,Joint,25-34,80.0,Loan originated
1,575000.0,37,895000.0,194.0,1,White,Female,55-64,63.69,Loan originated
1,385000.0,47,875000.0,197.0,1,White,Joint,35-44,44.0,Loan originated
1,745000.0,43,1095000.0,528.0,1,White,Joint,35-44,69.0,Loan originated
1,335000.0,46,355000.0,228.0,1,Hispanic or Latino,Joint,<25,95.0,Loan originated
1,185000.0,47,385000.0,62.0,1,White,Joint,>74,46.767,Loan originated
1,405000.0,46,735000.0,110.0,1,Asian,Male,65-74,54.168,Loan originated
1,395000.0,46,415000.0,115.0,1,Hispanic or Latino,Joint,55-64,95.0,Loan originated
1,435000.0,49,625000.0,110.0,1,Black or African American,Female,45-54,69.242,Loan originated
1,615000.0,37,765000.0,162.0,1,Asian,Male,25-34,80.0,Loan originated
1,385000.0,47,485000.0,108.0,1,Asian,Female,45-54,80.0,Loan originated
1,715000.0,48,845000.0,140.0,1,Asian,Female,25-34,85.0,Loan originated
1,545000.0,47,605000.0,136.0,1,Asian,Male,25-34,90.0,Loan originated
1,585000.0,43,735000.0,148.0,1,White,Joint,35-44,80.0,Loan originated
1,425000.0,47,565000.0,170.0,1,Hispanic or Latino,Female,<25,75.0,Loan originated
1,235000.0,47,245000.0,61.0,1,Hispanic or Latino,Female,35-44,97.0,Loan originated
1,785000.0,49,875000.0,290.0,1,White,Male,45-54,90.0,Loan originated
1,905000.0,30%-<36%,1455000.0,255.0,1,Asian,Joint,25-34,62.0,Loan originated
1,505000.0,20%-<30%,625000.0,225.0,1,White,Male,55-64,80.0,Loan originated
1,595000.0,48,795000.0,222.0,1,White,Male,25-34,89.465,Loan originated
1,655000.0,30%-<36%,2475000.0,437.0,1,Asian,Female,35-44,80.0,Loan originated
1,755000.0,<20%,1405000.0,661.0,1,White,Joint,55-64,53.571,Loan originated
1,765000.0,41,1065000.0,240.0,1,Asian,Male,35-44,72.316,Loan originated
1,195000.0,30%-<36%,215000.0,73.0,1,Hispanic or Latino,Male,35-44,90.0,Loan originated
1,1005000.0,30%-<36%,2155000.0,575.0,1,Asian,Joint,45-54,46.512,Loan originated
1,585000.0,41,875000.0,244.0,1,Asian,Female,25-34,66.525,Loan originated
1,385000.0,47,485000.0,105.0,1,Black or African American,Male,45-54,100.0,Loan originated
1,695000.0,37,865000.0,357.0,1,Hispanic or Latino,Male,35-44,80.0,Loan originated
1,885000.0,42,1805000.0,344.0,1,White,Joint,35-44,48.889,Loan originated
1,655000.0,49,665000.0,125.0,1,Hispanic or Latino,Joint,25-34,99.555,Loan originated
1,635000.0,36,995000.0,179.0,1,White,Male,35-44,63.0,Loan originated
1,985000.0,40,1155000.0,413.0,1,White,Male,35-44,85.0,Loan originated
1,465000.0,41,545000.0,165.0,1,White,Female,25-34,85.0,Loan originated
1,1005000.0,44,1385000.0,226.0,1,Asian,Female,35-44,72.05,Loan originated
1,375000.0,49,415000.0,103.0,1,Asian,Male,25-34,89.9,Loan originated
1,155000.0,44,195000.0,113.0,1,Hispanic or Latino,Joint,45-54,80.0,Loan originated
1,735000.0,47,775000.0,187.0,1,Hispanic or Latino,Joint,35-44,95.0,Loan originated
1,355000.0,43,365000.0,150.0,1,White,Male,<25,97.0,Application denied
1,475000.0,<20%,595000.0,306.0,1,Asian,Male,35-44,80.0,Loan originated
1,555000.0,30%-<36%,765000.0,179.0,1,White,Joint,35-44,72.657,Loan originated
1,645000.0,30%-<36%,755000.0,219.0,1,White,Joint,35-44,85.0,Loan originated
1,895000.0,39,1675000.0,317.0,1,White,Joint,35-44,53.14,Loan originated
1,1065000.0,41,1335000.0,251.0,1,Asian,Male,35-44,80.0,Loan originated
1,905000.0,20%-<30%,4195000.0,463.0,1,White,Joint,35-44,21.456,Loan originated
1,695000.0,48,925000.0,465.0,1,Asian,Joint,<25,75.0,Loan originated
1,425000.0,41,535000.0,89.0,1,White,Joint,25-34,80.0,Loan originated
1,615000.0,>60%,655000.0,102.0,1,Black or African American,Female,35-44,95.0,Application denied
1,525000.0,49,1155000.0,267.0,1,Asian,Male,55-64,45.65,Application denied
1,865000.0,46,1155000.0,195.0,1,Asian,Male,35-44,75.0,Loan originated
1,435000.0,40,455000.0,112.0,1,Asian,Female,25-34,100.0,Loan originated
1,425000.0,38,905000.0,150.0,1,White,Joint,25-34,47.222,Loan originated
1,505000.0,43,1455000.0,136.0,1,Asian,Female,35-44,35.0,Loan originated
1,745000.0,48,995000.0,310.0,1,White,Female,65-74,75.0,Loan originated
1,415000.0,20%-<30%,775000.0,334.0,1,White,Joint,65-74,53.781,Loan originated
1,1145000.0,41,1635000.0,241.0,1,White,Male,55-64,69.969,Loan originated
1,295000.0,<20%,1165000.0,313.0,1,White,Male,45-54,25.0,Loan originated
1,425000.0,48,465000.0,98.0,1,Hispanic or Latino,Female,65-74,95.0,Loan originated
1,365000.0,20%-<30%,385000.0,162.0,1,Other,Female,35-44,95.0,Loan originated
1,655000.0,41,1075000.0,148.0,1,Asian,Female,45-54,60.748,Loan originated
1,915000.0,41,1075000.0,240.0,1,Asian,Joint,25-34,85.0,Loan originated
1,705000.0,20%-<30%,1405000.0,321.0,1,Asian,Male,35-44,50.0,Loan originated
1,165000.0,49,425000.0,50.0,1,White,Female,65-74,37.218,Loan originated
1,235000.0,48,255000.0,49.0,1,Hispanic or Latino,Male,25-34,98.0,Loan originated
1,925000.0,43,1165000.0,684.0,1,Asian,Male,35-44,80.0,Loan originated
1,385000.0,45,485000.0,101.0,1,White,Joint,<25,80.0,Application denied
1,565000.0,44,625000.0,120.0,1,White,Male,35-44,90.0,Loan originated
1,975000.0,37,1425000.0,265.0,1,White,Joint,25-34,68.42,Loan originated
1,685000.0,30%-<36%,855000.0,207.0,1,Hispanic or Latino,Female,45-54,80.0,Loan originated
1,445000.0,49,1245000.0,141.0,1,White,Female,55-64,35.557,Loan originated
1,605000.0,41,1395000.0,319.0,1,White,Male,65-74,43.165,Loan originated
1,815000.0,20%-<30%,1265000.0,372.0,1,Asian,Male,25-34,65.0,Loan originated
1,315000.0,42,335000.0,127.0,1,White,Joint,35-44,95.0,Loan originated
1,415000.0,30%-<36%,595000.0,142.0,1,Asian,Male,35-44,70.0,Loan originated
1,355000.0,46,545000.0,211.0,1,White,Joint,35-44,65.741,Loan originated
1,535000.0,46,555000.0,118.0,1,Asian,Male,35-44,97.0,Loan originated
1,635000.0,49,675000.0,126.0,1,Asian,Female,35-44,97.5,Loan originated
1,565000.0,44,705000.0,135.0,1,White,Female,35-44,80.0,Loan originated
1,175000.0,44,185000.0,85.0,1,Hispanic or Latino,Joint,45-54,95.0,Loan originated
1,755000.0,38,1455000.0,226.0,1,White,Female,45-54,52.0,Loan originated
1,405000.0,39,435000.0,142.0,1,White,Joint,25-34,95.0,Loan originated
1,525000.0,30%-<36%,655000.0,218.0,1,White,Joint,45-54,80.0,Loan originated
1,495000.0,49,615000.0,129.0,1,White,Male,55-64,80.0,Loan originated
1,935000.0,43,1165000.0,344.0,1,Asian,Joint,65-74,80.0,Loan originated
1,435000.0,46,545000.0,127.0,1,Asian,Female,25-34,80.0,Loan originated
1,505000.0,>60%,635000.0,170.0,1,White,Male,35-44,160.0,Application denied
1,725000.0,20%-<30%,1325000.0,316.0,1,White,Joint,25-34,54.545,Loan originated
1,545000.0,50%-60%,705000.0,113.0,1,White,Male,25-34,77.457,Loan originated
1,305000.0,20%-<30%,805000.0,155.0,1,White,Joint,45-54,37.5,Loan originated
1,655000.0,44,825000.0,256.0,1,Asian,Joint,35-44,80.0,Loan originated
1,375000.0,47,605000.0,188.0,1,White,Female,35-44,61.0,Loan originated
1,695000.0,41,865000.0,185.0,1,White,Joint,35-44,80.0,Loan originated
1,335000.0,49,345000.0,87.0,1,White,Joint,25-34,100.0,Application denied
1,465000.0,48,485000.0,108.0,1,Black or African American,Male,25-34,97.0,Loan originated
1,315000.0,40,515000.0,130.0,1,Hispanic or Latino,Female,55-64,61.92,Loan originated
1,355000.0,40,555000.0,87.0,1,White,Joint,65-74,64.0,Loan originated
1,225000.0,38,375000.0,87.0,1,Asian,Joint,45-54,59.36,Loan originated
1,445000.0,>60%,525000.0,60.0,1,Hispanic or Latino,Joint,25-34,85.0,Application denied
1,1145000.0,42,1625000.0,258.0,1,Asian,Joint,35-44,70.708,Loan originated
1,1145000.0,39,1425000.0,342.0,1,Asian,Joint,25-34,80.0,Loan originated
1,585000.0,43,655000.0,137.0,1,White,Joint,25-34,90.0,Loan originated
1,515000.0,39,645000.0,150.0,1,White,Male,25-34,80.0,Loan originated
1,455000.0,40,565000.0,115.0,1,White,Female,25-34,80.0,Loan originated
1,725000.0,38,805000.0,200.0,1,White,Joint,35-44,90.637,Loan originated
1,655000.0,37,1155000.0,231.0,1,White,Female,55-64,56.522,Loan originated
1,265000.0,36,535000.0,83.0,1,White,Male,25-34,49.25,Loan originated
1,925000.0,42,975000.0,226.0,1,White,Joint,25-34,94.36,Loan originated
1,705000.0,44,745000.0,205.0,1,White,Joint,25-34,95.0,Loan originated
1,445000.0,45,685000.0,109.0,1,White,Female,45-54,65.0,Loan originated
1,265000.0,20%-<30%,355000.0,167.0,1,Hispanic or Latino,Male,45-54,75.0,Application denied
1,405000.0,42,755000.0,105.0,1,Hispanic or Latino,Male,25-34,53.121,Loan originated
1,445000.0,49,465000.0,140.0,1,Hispanic or Latino,Joint,35-44,97.0,Loan originated
1,775000.0,37,1555000.0,214.0,1,Asian,Female,45-54,49.677,Loan originated
1,395000.0,47,425000.0,109.0,1,White,Female,25-34,95.0,Loan originated
1,655000.0,49,705000.0,141.0,1,White,Male,25-34,92.199,Loan originated
1,675000.0,40,755000.0,214.0,1,White,Male,35-44,90.0,Application denied
1,915000.0,40,1515000.0,225.0,1,Asian,Male,45-54,60.265,Loan originated
1,435000.0,49,545000.0,96.0,1,Hispanic or Latino,Joint,25-34,80.0,Loan originated
1,425000.0,49,445000.0,154.0,1,Hispanic or Latino,Joint,25-34,95.0,Loan originated
1,305000.0,41,535000.0,88.0,1,White,Joint,35-44,56.604,Loan originated
1,465000.0,42,775000.0,116.0,1,White,Joint,55-64,59.355,Application denied
1,575000.0,38,615000.0,203.0,1,Black or African American,Female,25-34,98.0,Loan originated
1,505000.0,43,1205000.0,224.0,1,White,Joint,35-44,41.667,Loan originated
1,265000.0,48,335000.0,57.0,1,Hispanic or Latino,Joint,35-44,80.0,Loan originated
1,805000.0,48,2005000.0,183.0,1,White,Female,35-44,40.0,Loan originated
1,765000.0,30%-<36%,1065000.0,287.0,1,White,Male,55-64,72.0,Loan originated
1,1045000.0,49,1535000.0,332.0,1,White,Male,45-54,67.94,Loan originated
1,505000.0,48,1115000.0,161.0,1,White,Joint,45-54,44.8,Loan originated
1,965000.0,>60%,1205000.0,184.0,1,White,Joint,55-64,80.0,Application denied
1,1145000.0,30%-<36%,1845000.0,880.0,1,White,Male,45-54,89.184,Loan originated
1,215000.0,42,605000.0,70.0,1,Asian,Female,55-64,36.0,Loan originated
1,1005000.0,40,1255000.0,29.0,1,Asian,Male,55-64,79.68,Loan originated
1,515000.0,36,575000.0,422.0,1,Asian,Male,25-34,90.0,Loan originated
1,205000.0,41,205000.0,50.0,1,Hispanic or Latino,Female,45-54,97.0,Loan originated
1,575000.0,49,715000.0,129.0,1,White,Male,35-44,80.0,Loan originated
1,505000.0,45,705000.0,114.0,1,Hispanic or Latino,Male,25-34,71.659,Loan originated
1,145000.0,30%-<36%,255000.0,123.0,1,Asian,Joint,55-64,56.52,Loan originated
1,525000.0,50%-60%,585000.0,102.0,1,Hispanic or Latino,Joint,35-44,90.0,Loan originated
1,125000.0,40,235000.0,50.0,1,Hispanic or Latino,Female,55-64,53.19,Loan originated
1,465000.0,20%-<30%,615000.0,230.0,1,White,Joint,25-34,75.0,Loan originated
1,695000.0,41,1305000.0,253.0,1,Asian,Joint,25-34,53.713,Loan originated
1,565000.0,36,675000.0,157.0,1,Hispanic or Latino,Male,25-34,90.0,Loan originated
1,585000.0,42,985000.0,408.0,1,White,Female,25-34,60.0,Loan originated
1,295000.0,20%-<30%,585000.0,132.0,1,Asian,Male,45-54,50.0,Loan originated
1,1055000.0,30%-<36%,1325000.0,361.0,1,White,Joint,35-44,80.0,Loan originated
1,675000.0,30%-<36%,745000.0,280.0,1,Asian,Male,25-34,90.0,Loan originated
1,235000.0,<20%,385000.0,226.0,1,White,Male,35-44,60.526,Loan originated
1,855000.0,46,905000.0,255.0,1,White,Male,25-34,95.0,Loan originated
1,365000.0,50%-60%,425000.0,67.0,1,Asian,Female,25-34,86.824,Application denied
1,325000.0,42,595000.0,93.0,1,White,Female,55-64,54.576,Loan originated
1,325000.0,39,345000.0,110.0,1,Hispanic or Latino,Joint,55-64,93.0,Loan originated
1,525000.0,20%-<30%,825000.0,239.0,1,White,Female,>74,63.415,Loan originated
1,745000.0,38,1165000.0,229.0,1,Asian,Female,25-34,63.949,Loan originated
1,325000.0,20%-<30%,335000.0,115.0,1,White,Female,25-34,99.97,Loan originated
1,1025000.0,30%-<36%,1205000.0,406.0,1,White,Male,45-54,85.0,Application denied
1,605000.0,43,755000.0,212.0,1,Hispanic or Latino,Joint,45-54,80.0,Loan originated
1,455000.0,47,545000.0,103.0,1,Asian,Female,55-64,85.0,Loan originated
1,1005000.0,45,1305000.0,222.0,1,Hispanic or Latino,Joint,35-44,76.63,Loan originated
1,885000.0,37,1105000.0,222.0,1,Asian,Male,25-34,80.0,Loan originated
1,535000.0,44,555000.0,146.0,1,White,Joint,>74,97.0,Loan originated
1,765000.0,36,955000.0,303.0,1,White,Female,45-54,80.0,Loan originated
1,305000.0,40,525000.0,123.0,1,White,Joint,25-34,58.095,Loan originated
1,245000.0,41,315000.0,70.0,1,Hispanic or Latino,Joint,35-44,100.0,Application denied
1,425000.0,41,495000.0,114.0,1,Hispanic or Latino,Male,25-34,85.0,Loan originated
1,365000.0,48,385000.0,73.0,1,White,Female,55-64,93.838,Loan originated
1,795000.0,41,935000.0,189.0,1,Hispanic or Latino,Male,25-34,85.0,Loan originated
1,495000.0,41,615000.0,128.0,1,Asian,Female,35-44,80.0,Loan originated
1,645000.0,49,685000.0,253.0,1,White,Male,<25,95.0,Loan originated
1,675000.0,41,705000.0,202.0,1,Hispanic or Latino,Male,25-34,97.0,Loan originated
1,205000.0,39,405000.0,71.0,1,White,Female,35-44,50.0,Loan originated
1,835000.0,47,935000.0,190.0,1,Hispanic or Latino,Joint,25-34,90.0,Loan originated
1,325000.0,48,465000.0,72.0,1,Hispanic or Latino,Joint,35-44,88.295,Loan originated
1,615000.0,46,645000.0,201.0,1,White,Joint,25-34,95.0,Loan originated
1,305000.0,30%-<36%,955000.0,132.0,1,White,Male,35-44,31.579,Loan originated
1,445000.0,46,465000.0,108.0,1,Hispanic or Latino,Male,25-34,95.0,Loan originated
1,265000.0,30%-<36%,335000.0,244.0,1,Hispanic or Latino,Female,55-64,80.0,Loan originated
1,255000.0,20%-<30%,305000.0,162.0,1,Hispanic or Latino,Joint,65-74,82.93,Loan originated
1,505000.0,40,525000.0,139.0,1,Hispanic or Latino,Male,25-34,97.0,Loan originated
1,1055000.0,37,1175000.0,282.0,1,White,Joint,35-44,90.0,Loan originated
1,305000.0,30%-<36%,465000.0,112.0,1,Asian,Male,25-34,65.0,Loan originated
1,725000.0,30%-<36%,1455000.0,305.0,1,White,Joint,45-54,50.083,Loan originated
1,305000.0,48,865000.0,126.0,1,Asian,Joint,35-44,34.88,Loan originated
1,335000.0,40,415000.0,130.0,1,Hispanic or Latino,Male,45-54,80.0,Loan originated
1,125000.0,30%-<36%,135000.0,97.0,1,White,Female,35-44,92.4,Loan originated
1,575000.0,39,715000.0,167.0,1,Asian,Joint,35-44,79.89,Loan originated
1,605000.0,41,755000.0,151.0,1,White,Male,25-34,80.0,Loan originated
1,885000.0,49,1105000.0,340.0,1,Asian,Male,35-44,80.0,Loan originated
1,505000.0,39,535000.0,116.0,1,Hispanic or Latino,Male,35-44,95.0,Loan originated
1,515000.0,30%-<36%,665000.0,148.0,1,Asian,Joint,25-34,77.4,Loan originated
1,755000.0,30%-<36%,1005000.0,286.0,1,White,Joint,25-34,75.0,Loan originated
1,285000.0,48,375000.0,77.0,1,White,Joint,25-34,75.676,Loan originated
1,525000.0,44,575000.0,168.0,1,White,Joint,25-34,90.0,Loan originated
1,625000.0,44,785000.0,156.0,1,Asian,Male,35-44,80.0,Loan originated
1,525000.0,48,815000.0,102.0,1,White,Joint,25-34,64.34,Loan originated
1,945000.0,38,1055000.0,245.0,1,White,Joint,25-34,90.0,Loan originated
1,635000.0,44,855000.0,214.0,1,White,Joint,25-34,75.0,Loan originated
1,365000.0,48,525000.0,151.0,1,Asian,Female,25-34,70.0,Loan originated
1,555000.0,49,585000.0,157.0,1,Hispanic or Latino,Joint,25-34,95.0,Loan originated
1,435000.0,45,465000.0,232.0,1,Other,Female,65-74,95.0,Loan originated
1,1085000.0,39,1355000.0,682.0,1,White,Male,25-34,80.0,Loan originated
1,255000.0,49,405000.0,58.0,1,Hispanic or Latino,Male,25-34,62.5,Loan originated
1,515000.0,30%-<36%,615000.0,179.0,1,White,Joint,25-34,84.92,Loan originated
1,605000.0,40,755000.0,183.0,1,Asian,Male,35-44,80.0,Loan originated
1,715000.0,39,945000.0,175.0,1,Asian,Male,25-34,75.0,Loan originated
1,325000.0,38,405000.0,124.0,1,White,Male,65-74,80.0,Loan originated
1,435000.0,47,625000.0,168.0,1,Hispanic or Latino,Joint,35-44,70.0,Application denied
1,745000.0,30%-<36%,995000.0,512.0,1,Hispanic or Latino,Joint,45-54,89.915,Loan originated
1,275000.0,44,275000.0,71.0,1,Hispanic or Latino,Male,65-74,97.0,Loan originated
1,665000.0,30%-<36%,835000.0,222.0,1,White,Joint,25-34,80.0,Loan originated
1,765000.0,20%-<30%,1605000.0,950.0,1,White,Joint,65-74,47.909,Loan originated
1,635000.0,48,675000.0,178.0,1,Asian,Male,25-34,95.0,Loan originated
1,845000.0,20%-<30%,1055000.0,290.0,1,White,Male,35-44,80.0,Loan originated
1,475000.0,30%-<36%,605000.0,155.0,1,White,Male,35-44,100.0,Loan originated
1,725000.0,41,1175000.0,190.0,1,White,Joint,25-34,62.0,Loan originated
1,535000.0,30%-<36%,975000.0,202.0,1,White,Male,25-34,54.667,Loan originated
1,995000.0,43,1105000.0,231.0,1,Asian,Male,35-44,89.59,Loan originated
1,1065000.0,30%-<36%,2855000.0,503.0,1,Asian,Joint,35-44,37.261,Loan originated
1,235000.0,49,325000.0,47.0,1,White,Joint,35-44,72.308,Loan originated
1,485000.0,41,755000.0,143.0,1,Asian,Joint,25-34,63.68,Loan originated
1,305000.0,20%-<30%,605000.0,130.0,1,White,Joint,35-44,50.0,Loan originated
1,655000.0,50%-60%,685000.0,157.0,1,White,Female,45-54,94.99,Application denied
1,555000.0,20%-<30%,1655000.0,250.0,1,White,Joint,35-44,33.333,Loan originated
1,585000.0,30%-<36%,785000.0,199.0,1,White,Joint,45-54,75.0,Loan originated
1,715000.0,36,895000.0,220.0,1,White,Joint,35-44,80.0,Loan originated
1,605000.0,38,755000.0,179.0,1,Asian,Joint,35-44,80.0,Loan originated
1,615000.0,30%-<36%,765000.0,180.0,1,Hispanic or Latino,Male,35-44,80.0,Loan originated
1,175000.0,36,235000.0,71.0,1,Hispanic or Latino,Female,55-64,74.69,Loan originated
1,565000.0,49,625000.0,116.0,1,Hispanic or Latino,Joint,55-64,90.0,Loan originated
1,945000.0,39,1355000.0,277.0,1,Asian,Joint,25-34,70.0,Loan originated
1,765000.0,45,865000.0,200.0,1,White,Joint,35-44,92.0,Loan originated
1,485000.0,46,605000.0,106.0,1,Hispanic or Latino,Joint,25-34,80.0,Loan originated
1,85000.0,42,435000.0,79.0,1,Hispanic or Latino,Female,45-54,103.0,Loan originated
1,875000.0,49,1265000.0,168.0,1,Asian,Male,45-54,69.328,Loan originated
1,435000.0,49,565000.0,91.0,1,White,Female,55-64,80.54,Loan originated
1,685000.0,30%-<36%,855000.0,218.0,1,Hispanic or Latino,Male,45-54,80.0,Loan originated
1,755000.0,30%-<36%,2015000.0,340.0,1,White,Joint,55-64,37.313,Loan originated
1,485000.0,49,605000.0,120.0,1,White,Female,25-34,80.0,Loan originated
1,525000.0,47,545000.0,120.0,1,Hispanic or Latino,Male,25-34,95.0,Loan originated
1,305000.0,49,645000.0,82.0,1,Hispanic or Latino,Joint,65-74,47.597,Loan originated
1,525000.0,30%-<36%,1305000.0,263.0,1,Hispanic or Latino,Male,65-74,41.0,Loan originated
1,185000.0,50%-60%,525000.0,78.0,1,Hispanic or Latino,Joint,25-34,35.12,Application denied
1,1125000.0,42,1655000.0,292.0,1,White,Female,65-74,67.93,Loan originated
1,475000.0,<20%,1395000.0,423.0,1,White,Joint,45-54,34.306,Loan originated
1,415000.0,49,525000.0,117.0,1,Hispanic or Latino,Male,25-34,79.23,Loan originated
1,525000.0,44,575000.0,140.0,1,White,Male,35-44,90.0,Loan originated
1,575000.0,50%-60%,605000.0,109.0,1,Hispanic or Latino,Joint,45-54,96.667,Loan originated
1,315000.0,39,415000.0,123.0,1,White,Male,45-54,75.0,Loan originated
1,405000.0,48,545000.0,97.0,1,Asian,Joint,35-44,75.0,Loan originated
1,355000.0,20%-<30%,405000.0,165.0,1,White,Male,25-34,89.98,Application denied
1,785000.0,30%-<36%,985000.0,231.0,1,Asian,Female,25-34,80.0,Loan originated
1,725000.0,20%-<30%,955000.0,238.0,1,White,Male,55-64,76.443,Loan originated
1,355000.0,42,675000.0,106.0,1,Other,Female,55-64,52.0,Loan originated
1,275000.0,30%-<36%,395000.0,75.0,1,White,Male,35-44,68.871,Loan originated
1,545000.0,41,685000.0,157.0,1,Hispanic or Latino,Female,35-44,80.0,Loan originated
1,895000.0,42,1735000.0,243.0,1,Asian,Male,45-54,51.52,Loan originated
1,285000.0,20%-<30%,645000.0,199.0,1,White,Joint,55-64,44.53,Loan originated
1,865000.0,38,1075000.0,449.0,1,Asian,Male,35-44,80.0,Loan originated
1,1075000.0,39,1345000.0,261.0,1,Asian,Joint,25-34,80.0,Loan originated
1,165000.0,41,565000.0,90.0,1,Hispanic or Latino,Joint,55-64,29.7,Loan originated
1,475000.0,37,975000.0,141.0,1,White,Male,35-44,48.875,Loan originated
1,415000.0,36,665000.0,165.0,1,Black or African American,Joint,35-44,62.284,Loan originated
1,525000.0,41,665000.0,137.0,1,Asian,Male,25-34,80.0,Loan originated
1,765000.0,44,995000.0,197.0,1,White,Joint,25-34,77.68,Loan originated
1,545000.0,48,635000.0,100.0,1,Hispanic or Latino,Male,25-34,85.937,Loan originated
1,485000.0,30%-<36%,555000.0,175.0,1,White,Joint,25-34,86.54,Loan originated
1,405000.0,<20%,1305000.0,266.0,1,White,Joint,>74,30.77,Loan originated
1,705000.0,49,1065000.0,139.0,1,White,Joint,55-64,65.608,Loan originated
1,685000.0,30%-<36%,855000.0,219.0,1,White,Male,55-64,80.0,Loan originated
1,475000.0,30%-<36%,525000.0,201.0,1,Hispanic or Latino,Male,35-44,90.0,Loan originated
1,405000.0,20%-<30%,455000.0,324.0,1,Asian,Male,25-34,88.83,Loan originated
1,345000.0,20%-<30%,1345000.0,196.0,1,White,Male,45-54,25.37,Loan originated
1,525000.0,44,655000.0,111.0,1,White,Female,45-54,80.0,Loan originated
1,195000.0,50%-60%,855000.0,76.0,1,White,Male,65-74,23.39,Loan originated
1,515000.0,43,555000.0,176.0,1,Hispanic or Latino,Female,55-64,92.744,Loan originated
1,545000.0,48,685000.0,271.0,1,Hispanic or Latino,Joint,25-34,80.0,Loan originated
1,465000.0,50%-60%,485000.0,97.0,1,Hispanic or Latino,Joint,25-34,97.0,Loan originated
1,635000.0,46,905000.0,175.0,1,Asian,Male,35-44,70.0,Loan originated
1,485000.0,43,785000.0,194.0,1,Asian,Joint,25-34,61.783,Loan originated
1,345000.0,41,645000.0,96.0,1,Asian,Male,25-34,53.91,Loan originated
1,375000.0,20%-<30%,575000.0,149.0,1,White,Female,55-64,64.987,Loan originated
1,415000.0,46,435000.0,102.0,1,Asian,Male,25-34,97.0,Loan originated
1,305000.0,42,325000.0,147.0,1,Hispanic or Latino,Female,25-34,98.325,Loan originated
1,235000.0,47,245000.0,56.0,1,Hispanic or Latino,Male,<25,100.0,Loan originated
1,385000.0,45,485000.0,101.0,1,White,Female,55-64,100.0,Loan originated
1,655000.0,44,1485000.0,255.0,1,Asian,Joint,45-54,43.771,Loan originated
1,635000.0,49,705000.0,130.0,1,White,Female,25-34,90.0,Loan originated
1,545000.0,30%-<36%,575000.0,325.0,1,Hispanic or Latino,Male,35-44,95.0,Loan originated
1,555000.0,48,585000.0,108.0,1,Asian,Male,25-34,95.0,Loan originated
1,605000.0,30%-<36%,645000.0,218.0,1,White,Joint,25-34,95.0,Loan originated
1,815000.0,40,1025000.0,187.0,1,Asian,Male,45-54,80.0,Loan originated
1,735000.0,40,975000.0,211.0,1,Asian,Male,45-54,75.0,Loan originated
1,445000.0,41,555000.0,108.0,1,Asian,Male,25-34,79.888,Loan originated
1,365000.0,37,455000.0,101.0,1,Hispanic or Latino,Male,35-44,80.0,Loan originated
1,705000.0,43,885000.0,180.0,1,Asian,Female,<25,80.0,Loan originated
1,355000.0,50%-60%,435000.0,67.0,1,Hispanic or Latino,Male,25-34,80.183,Application denied
1,305000.0,46,655000.0,134.0,1,Hispanic or Latino,Female,45-54,46.565,Loan originated
1,765000.0,20%-<30%,1505000.0,323.0,1,White,Male,35-44,52.0,Loan originated
1,905000.0,45,955000.0,228.0,1,Hispanic or Latino,Male,35-44,95.0,Application denied
1,665000.0,39,695000.0,288.0,1,Black or African American,Female,35-44,95.0,Loan originated
1,755000.0,43,1505000.0,246.0,1,Asian,Joint,45-54,50.0,Loan originated
1,455000.0,30%-<36%,475000.0,183.0,1,White,Joint,35-44,97.0,Loan originated
1,485000.0,44,515000.0,158.0,1,Hispanic or Latino,Female,25-34,95.0,Loan originated
1,545000.0,44,565000.0,180.0,1,White,Female,35-44,96.991,Loan originated
1,825000.0,49,865000.0,206.0,1,Black or African American,Male,25-34,95.0,Loan originated
1,855000.0,49,905000.0,210.0,1,White,Male,25-34,95.0,Loan originated
1,385000.0,49,425000.0,81.0,1,Asian,Female,25-34,90.0,Loan originated
1,345000.0,43,435000.0,156.0,1,White,Joint,35-44,96.28,Loan originated
1,515000.0,40,645000.0,172.0,1,Asian,Female,55-64,80.0,Loan originated
1,635000.0,30%-<36%,655000.0,230.0,1,Hispanic or Latino,Joint,35-44,97.0,Loan originated
1,635000.0,30%-<36%,795000.0,197.0,1,White,Male,25-34,80.0,Loan originated
1,255000.0,30%-<36%,285000.0,109.0,1,White,Male,25-34,90.0,Loan originated
1,675000.0,46,845000.0,142.0,1,White,Joint,25-34,80.0,Loan originated
1,235000.0,39,575000.0,81.0,1,Asian,Female,25-34,40.816,Loan originated
1,765000.0,44,3005000.0,217.0,1,Asian,Male,25-34,25.509,Loan originated
1,355000.0,45,445000.0,153.0,1,White,Joint,35-44,80.0,Loan originated
1,1085000.0,48,1225000.0,251.0,1,White,Joint,45-54,88.9,Loan originated
1,1025000.0,44,1075000.0,464.0,1,White,Male,55-64,95.0,Loan originated
1,535000.0,43,555000.0,124.0,1,White,Joint,25-34,97.0,Loan originated
1,595000.0,48,745000.0,121.0,1,Asian,Joint,35-44,100.0,Loan originated
1,385000.0,48,395000.0,81.0,1,Hispanic or Latino,Male,45-54,97.0,Loan originated
1,625000.0,47,1425000.0,172.0,1,Asian,Joint,45-54,43.702,Loan originated
1,715000.0,46,795000.0,187.0,1,White,Male,>74,90.0,Loan originated
1,525000.0,45,655000.0,150.0,1,Asian,Female,35-44,80.0,Loan originated
1,285000.0,43,1755000.0,116.0,1,White,Male,65-74,16.4,Loan originated
1,1035000.0,40,1295000.0,253.0,1,Asian,Joint,65-74,80.0,Loan originated
1,1095000.0,41,1375000.0,302.0,1,Asian,Joint,25-34,80.0,Loan originated
1,735000.0,<20%,815000.0,500.0,1,Asian,Female,35-44,90.0,Loan originated
1,555000.0,49,695000.0,124.0,1,White,Male,25-34,80.0,Loan originated
1,695000.0,42,1355000.0,211.0,1,Asian,Female,45-54,51.111,Loan originated
1,715000.0,38,745000.0,242.0,1,Black or African American,Joint,45-54,95.0,Loan originated
1,1005000.0,37,2625000.0,323.0,1,White,Male,45-54,38.095,Loan originated
1,505000.0,47,705000.0,115.0,1,White,Female,25-34,71.429,Loan originated
1,575000.0,20%-<30%,725000.0,224.0,1,Asian,Joint,25-34,80.0,Loan originated
1,405000.0,49,855000.0,105.0,1,Hispanic or Latino,Joint,45-54,47.059,Loan originated
1,385000.0,49,605000.0,84.0,1,Asian,Joint,45-54,63.637,Loan originated
1,355000.0,>60%,505000.0,48.0,1,Hispanic or Latino,Female,55-64,70.0,Application denied
1,715000.0,<20%,945000.0,957.0,1,White,Male,25-34,75.0,Loan originated
1,585000.0,41,625000.0,177.0,1,Hispanic or Latino,Female,35-44,95.0,Loan originated
1,1145000.0,41,1625000.0,329.0,1,Hispanic or Latino,Joint,35-44,70.757,Loan originated
1,385000.0,45,395000.0,95.0,1,Hispanic or Latino,Joint,45-54,97.0,Loan originated
1,535000.0,49,705000.0,120.0,1,Black or African American,Joint,45-54,75.0,Loan originated
1,665000.0,>60%,705000.0,106.0,1,Asian,Joint,35-44,95.0,Application denied
1,305000.0,42,375000.0,94.0,1,Hispanic or Latino,Joint,35-44,80.0,Loan originated
1,385000.0,40,525000.0,130.0,1,White,Male,35-44,73.238,Loan originated
1,645000.0,41,765000.0,170.0,1,White,Joint,35-44,85.0,Loan originated
1,725000.0,48,765000.0,156.0,1,White,Joint,25-34,95.0,Loan originated
1,245000.0,30%-<36%,315000.0,244.0,1,White,Male,35-44,80.0,Loan originated
1,375000.0,38,465000.0,109.0,1,Hispanic or Latino,Male,55-64,80.0,Loan originated
1,615000.0,20%-<30%,825000.0,389.0,1,Hispanic or Latino,Female,25-34,75.0,Loan originated
1,235000.0,49,375000.0,57.0,1,White,Female,>74,62.67,Loan originated
1,705000.0,42,875000.0,198.0,1,Hispanic or Latino,Female,35-44,80.0,Loan originated
1,655000.0,47,945000.0,133.0,1,Asian,Joint,25-34,69.255,Loan originated
1,1045000.0,42,1495000.0,236.0,1,Asian,Male,25-34,70.0,Loan originated
1,1125000.0,30%-<36%,1345000.0,309.0,1,Asian,Joint,25-34,83.64,Loan originated
1,245000.0,36,605000.0,77.0,1,Asian,Joint,55-64,40.0,Loan originated
1,505000.0,46,535000.0,157.0,1,Hispanic or Latino,Female,55-64,98.0,Loan originated
1,1045000.0,39,1395000.0,266.0,1,Asian,Male,25-34,74.96,Loan originated
1,1065000.0,30%-<36%,1325000.0,285.0,1,White,Female,25-34,80.0,Loan originated
1,555000.0,42,1055000.0,132.0,1,Asian,Female,45-54,52.381,Loan originated
1,425000.0,45,455000.0,97.0,1,Hispanic or Latino,Joint,25-34,95.0,Loan originated
1,735000.0,30%-<36%,825000.0,242.0,1,White,Joint,45-54,90.0,Loan originated
1,415000.0,40,515000.0,233.0,1,Hispanic or Latino,Joint,45-54,79.988,Loan originated
1,725000.0,<20%,905000.0,1124.0,1,White,Female,55-64,80.0,Loan originated
1,235000.0,36,295000.0,63.0,1,Hispanic or Latino,Joint,25-34,80.0,Loan originated
1,565000.0,42,865000.0,177.0,1,Asian,Female,45-54,65.238,Loan originated
1,335000.0,46,645000.0,83.0,1,Hispanic or Latino,Female,45-54,50.85,Application denied
1,995000.0,30%-<36%,1055000.0,273.0,1,White,Male,25-34,95.0,Loan originated
1,1005000.0,50%-60%,1325000.0,181.0,1,Asian,Female,25-34,75.758,Loan originated
1,835000.0,41,925000.0,188.0,1,White,Joint,35-44,89.946,Application denied
1,375000.0,45,645000.0,86.0,1,Black or African American,Female,65-74,57.279,Loan originated
1,255000.0,20%-<30%,555000.0,475.0,1,Hispanic or Latino,Female,55-64,46.038,Loan originated
1,495000.0,47,525000.0,137.0,1,White,Male,25-34,95.0,Loan originated
1,545000.0,48,575000.0,137.0,1,Hispanic or Latino,Joint,45-54,95.0,Loan originated
1,505000.0,30%-<36%,705000.0,186.0,1,White,Male,<25,71.429,Loan originated
1,545000.0,44,675000.0,168.0,1,White,Male,45-54,80.0,Loan originated
1,615000.0,47,1145000.0,402.0,1,White,Joint,65-74,53.565,Loan originated
1,455000.0,48,475000.0,85.0,1,White,Female,25-34,100.0,Loan originated
1,1115000.0,46,1175000.0,336.0,1,Hispanic or Latino,Joint,45-54,95.0,Loan originated
1,615000.0,36,645000.0,150.0,1,Hispanic or Latino,Joint,45-54,95.0,Loan originated
1,555000.0,30%-<36%,695000.0,313.0,1,White,Male,45-54,80.0,Loan originated
1,235000.0,38,755000.0,84.0,1,White,Male,55-64,31.04,Loan originated
1,655000.0,20%-<30%,815000.0,317.0,1,White,Joint,55-64,80.0,Application denied
1,765000.0,43,955000.0,200.0,1,Asian,Joint,25-34,80.0,Loan originated
1,535000.0,41,675000.0,174.0,1,White,Joint,25-34,80.0,Loan originated
1,285000.0,47,335000.0,67.0,1,Hispanic or Latino,Female,55-64,85.0,Loan originated
1,695000.0,48,875000.0,238.0,1,White,Joint,65-74,80.0,Loan originated
1,415000.0,30%-<36%,485000.0,151.0,1,White,Male,35-44,84.6,Loan originated
1,355000.0,44,445000.0,93.0,1,Hispanic or Latino,Female,45-54,80.0,Loan originated
1,345000.0,45,505000.0,166.0,1,Asian,Female,35-44,68.0,Loan originated
1,725000.0,39,905000.0,187.0,1,Asian,Male,35-44,80.0,Loan originated
1,935000.0,20%-<30%,1105000.0,318.0,1,Black or African American,Joint,35-44,85.0,Loan originated
1,985000.0,36,1235000.0,294.0,1,White,Male,35-44,80.0,Loan originated
1,405000.0,30%-<36%,455000.0,129.0,1,Hispanic or Latino,Male,35-44,90.0,Loan originated
1,225000.0,45,245000.0,55.0,1,White,Joint,35-44,93.75,Loan originated
1,485000.0,47,515000.0,98.0,1,Hispanic or Latino,Joint,45-54,94.913,Loan originated
1,535000.0,40,785000.0,201.0,1,White,Female,35-44,68.23,Loan originated
1,205000.0,41,305000.0,57.0,1,Hispanic or Latino,Male,25-34,65.574,Loan originated
1,455000.0,41,1195000.0,155.0,1,Asian,Male,25-34,40.72,Loan originated
1,405000.0,46,825000.0,93.0,1,Black or African American,Male,25-34,49.091,Loan originated
1,345000.0,20%-<30%,1045000.0,216.0,1,White,Male,35-44,34.0,Loan originated
1,745000.0,43,935000.0,195.0,1,White,Female,55-64,80.0,Loan originated
1,385000.0,43,405000.0,61.0,1,Hispanic or Latino,Joint,35-44,95.0,Loan originated
1,405000.0,46,455000.0,99.0,1,White,Male,35-44,90.0,Loan originated
1,365000.0,49,805000.0,74.0,1,White,Female,25-34,45.0,Loan originated
1,655000.0,36,695000.0,356.0,1,White,Male,35-44,94.277,Loan originated
1,315000.0,46,695000.0,81.0,1,Hispanic or Latino,Male,55-64,44.909,Loan originated
1,825000.0,30%-<36%,1105000.0,261.0,1,White,Joint,35-44,75.0,Loan originated
1,815000.0,20%-<30%,905000.0,316.0,1,White,Joint,35-44,90.0,Loan originated
1,615000.0,20%-<30%,1505000.0,417.0,1,White,Joint,35-44,41.0,Loan originated
1,845000.0,46,1125000.0,205.0,1,White,Female,45-54,75.0,Loan originated
1,775000.0,30%-<36%,875000.0,284.0,1,White,Joint,35-44,88.0,Loan originated
1,455000.0,>60%,505000.0,0.0,1,Asian,Joint,65-74,90.0,Application denied
1,325000.0,49,675000.0,78.0,1,Hispanic or Latino,Female,55-64,47.407,Loan originated
1,305000.0,50%-60%,475000.0,65.0,1,Hispanic or Latino,Female,35-44,63.83,Application denied
1,485000.0,47,545000.0,278.0,1,Asian,Male,35-44,90.0,Loan originated
1,405000.0,42,635000.0,169.0,1,Asian,Female,35-44,64.023,Loan originated
1,305000.0,44,315000.0,101.0,1,White,Joint,25-34,97.0,Loan originated
1,385000.0,48,515000.0,82.0,1,White,Female,25-34,74.226,Loan originated
1,715000.0,45,785000.0,256.0,1,Hispanic or Latino,Joint,45-54,95.0,Loan originated
1,735000.0,46,825000.0,361.0,1,Hispanic or Latino,Male,35-44,90.0,Loan originated
1,1005000.0,41,1755000.0,466.0,1,White,Joint,35-44,87.0,Loan originated
1,755000.0,46,945000.0,221.0,1,White,Male,45-54,80.0,Loan originated
1,1085000.0,42,1485000.0,318.0,1,Asian,Female,35-44,89.99,Loan originated
1,435000.0,30%-<36%,545000.0,307.0,1,Hispanic or Latino,Joint,25-34,80.0,Loan originated
1,745000.0,42,785000.0,213.0,1,Hispanic or Latino,Male,35-44,95.0,Loan originated
1,205000.0,<20%,1055000.0,183.0,1,White,Joint,25-34,20.0,Loan originated
1,245000.0,37,335000.0,108.0,1,Hispanic or Latino,Male,55-64,75.0,Loan originated
1,675000.0,44,755000.0,341.0,1,White,Female,25-34,90.0,Loan originated
1,955000.0,50%-60%,985000.0,160.0,1,Hispanic or Latino,Female,45-54,97.0,Application denied
1,465000.0,44,485000.0,128.0,1,White,Joint,35-44,95.0,Loan originated
1,715000.0,49,745000.0,151.0,1,Asian,Female,35-44,95.0,Loan originated
1,425000.0,39,605000.0,315.0,1,Asian,Joint,<25,70.0,Application denied
1,695000.0,46,1165000.0,265.0,1,Asian,Joint,35-44,60.0,Loan originated
1,405000.0,<20%,535000.0,280.0,1,White,Male,<25,75.0,Loan originated
1,1095000.0,39,1365000.0,397.0,1,White,Joint,25-34,80.0,Loan originated
1,455000.0,40,895000.0,189.0,1,White,Joint,65-74,50.0,Loan originated
1,485000.0,47,725000.0,104.0,1,Asian,Male,25-34,66.667,Loan originated
1,915000.0,>60%,1145000.0,81.0,1,Asian,Joint,35-44,80.0,Loan originated
1,655000.0,20%-<30%,1195000.0,252.0,1,White,Male,35-44,54.393,Loan originated
1,435000.0,30%-<36%,575000.0,170.0,1,White,Male,55-64,74.783,Loan originated
1,455000.0,39,575000.0,150.0,1,White,Female,35-44,80.0,Loan originated
1,535000.0,48,675000.0,145.0,1,White,Male,25-34,80.0,Loan originated
1,785000.0,39,1055000.0,229.0,1,White,Joint,35-44,75.0,Loan originated
1,545000.0,46,685000.0,163.0,1,White,Joint,35-44,86.26,Loan originated
1,605000.0,20%-<30%,755000.0,304.0,1,Asian,Male,25-34,80.0,Loan originated
1,725000.0,48,805000.0,184.0,1,Asian,Male,35-44,90.0,Loan originated
1,765000.0,<20%,955000.0,650.0,1,Asian,Female,35-44,80.0,Loan originated
1,1055000.0,40,1325000.0,235.0,1,White,Joint,35-44,80.0,Loan originated
1,635000.0,49,675000.0,194.0,1,Hispanic or Latino,Female,35-44,95.0,Loan originated
1,335000.0,45,355000.0,141.0,1,Hispanic or Latino,Joint,25-34,95.0,Loan originated
1,455000.0,39,505000.0,129.0,1,Hispanic or Latino,Joint,35-44,90.0,Loan originated
1,425000.0,43,525000.0,115.0,1,Hispanic or Latino,Male,35-44,80.0,Loan originated
1,515000.0,49,575000.0,102.0,1,White,Male,35-44,89.815,Loan originated
1,355000.0,45,505000.0,71.0,1,Asian,Joint,45-54,70.0,Loan originated
1,275000.0,45,595000.0,92.0,1,Black or African American,Female,35-44,97.66,Loan originated
1,765000.0,45,965000.0,193.0,1,Asian,Joint,35-44,79.849,Loan originated
1,415000.0,49,525000.0,117.0,1,Hispanic or Latino,Male,25-34,80.0,Loan originated
1,255000.0,<20%,645000.0,0.0,1,White,Male,55-64,38.521,Application denied
1,715000.0,20%-<30%,955000.0,292.0,1,Asian,Joint,25-34,75.0,Loan originated
1,235000.0,30%-<36%,235000.0,73.0,1,Hispanic or Latino,Male,45-54,100.0,Loan originated
1,765000.0,48,815000.0,171.0,1,White,Female,45-54,95.0,Loan originated
1,765000.0,43,1165000.0,247.0,1,Asian,Joint,35-44,66.07,Loan originated
1,635000.0,20%-<30%,745000.0,227.0,1,Asian,Male,25-34,85.0,Loan originated
1,345000.0,49,465000.0,80.0,1,Black or African American,Joint,65-74,98.095,Loan originated
1,785000.0,48,975000.0,236.0,1,Hispanic or Latino,Female,35-44,80.0,Loan originated
1,435000.0,49,455000.0,180.0,1,Hispanic or Latino,Joint,35-44,95.0,Loan originated
1,385000.0,40,425000.0,85.0,1,Asian,Male,45-54,90.0,Loan originated
1,325000.0,36,355000.0,100.0,1,White,Male,25-34,90.0,Application denied
1,495000.0,44,745000.0,180.0,1,White,Joint,45-54,66.443,Loan originated
1,685000.0,37,765000.0,204.0,1,Asian,Joint,35-44,90.0,Loan originated
1,465000.0,47,525000.0,133.0,1,Asian,Joint,45-54,90.0,Loan originated
1,1005000.0,42,1455000.0,264.0,1,Asian,Female,55-64,69.0,Loan originated
1,305000.0,44,525000.0,182.0,1,Hispanic or Latino,Male,35-44,57.14,Application denied
1,645000.0,36,805000.0,482.0,1,White,Male,<25,80.0,Loan originated
1,215000.0,41,315000.0,59.0,1,White,Female,<25,68.652,Loan originated
1,395000.0,44,685000.0,113.0,1,Asian,Female,25-34,57.66,Loan originated
1,475000.0,49,565000.0,93.0,1,Hispanic or Latino,Joint,25-34,84.464,Loan originated
1,435000.0,44,545000.0,110.0,1,Hispanic or Latino,Joint,25-34,101.098,Loan originated
1,365000.0,36,665000.0,255.0,1,White,Male,65-74,55.157,Application denied
1,405000.0,38,485000.0,130.0,1,White,Male,35-44,83.59,Loan originated
1,665000.0,38,685000.0,167.0,1,Hispanic or Latino,Male,45-54,97.0,Loan originated
1,545000.0,45,995000.0,207.0,1,Asian,Joint,35-44,79.798,Loan originated
1,405000.0,38,455000.0,123.0,1,Hispanic or Latino,Female,35-44,90.0,Loan originated
1,715000.0,42,895000.0,150.0,1,White,Female,35-44,80.0,Loan originated
1,305000.0,44,355000.0,75.0,1,White,Joint,45-54,85.0,Loan originated
1,915000.0,36,1145000.0,265.0,1,White,Female,35-44,80.0,Loan originated
1,475000.0,41,525000.0,148.0,1,Asian,Female,25-34,90.0,Loan originated
1,525000.0,41,655000.0,136.0,1,White,Female,25-34,80.0,Loan originated
1,315000.0,43,355000.0,83.0,1,Hispanic or Latino,Joint,45-54,90.0,Loan originated
1,545000.0,38,575000.0,159.0,1,White,Male,35-44,95.0,Loan originated
1,1125000.0,49,1495000.0,307.0,1,White,Joint,35-44,74.92,Loan originated
1,935000.0,47,1105000.0,306.0,1,Asian,Male,45-54,84.887,Application denied
1,615000.0,49,885000.0,205.0,1,Asian,Male,25-34,70.0,Loan originated
1,235000.0,49,885000.0,69.0,1,White,Female,55-64,27.0,Loan originated
1,715000.0,45,895000.0,211.0,1,White,Joint,35-44,80.0,Loan originated
1,495000.0,30%-<36%,925000.0,170.0,1,White,Joint,35-44,53.514,Loan originated
1,495000.0,<20%,1425000.0,189.0,1,White,Male,45-54,67.055,Loan originated
1,975000.0,42,1295000.0,240.0,1,Asian,Male,25-34,75.0,Loan originated
1,685000.0,36,865000.0,247.0,1,White,Female,45-54,80.0,Loan originated
1,865000.0,45,965000.0,217.0,1,White,Joint,25-34,90.0,Loan originated
1,885000.0,50%-60%,1265000.0,255.0,1,Asian,Joint,35-44,70.0,Loan originated
1,755000.0,46,885000.0,197.0,1,Asian,Joint,45-54,85.33,Loan originated
1,755000.0,20%-<30%,1005000.0,435.0,1,Asian,Joint,35-44,75.0,Loan originated
1,585000.0,47,735000.0,134.0,1,White,Joint,35-44,80.0,Loan originated
1,1145000.0,45,3205000.0,378.0,1,Asian,Joint,35-44,35.906,Loan originated
1,415000.0,47,465000.0,130.0,1,White,Joint,35-44,88.961,Loan originated
1,705000.0,41,725000.0,178.0,1,White,Joint,25-34,97.0,Loan originated
1,605000.0,48,765000.0,127.0,1,Asian,Male,25-34,100.0,Loan originated
1,985000.0,45,1235000.0,206.0,1,Hispanic or Latino,Male,25-34,80.0,Loan originated
1,775000.0,37,1025000.0,182.0,1,Asian,Male,35-44,75.61,Loan originated
1,715000.0,45,895000.0,179.0,1,Hispanic or Latino,Joint,35-44,80.0,Loan originated
1,125000.0,20%-<30%,125000.0,90.0,1,White,Joint,55-64,95.0,Application denied
1,765000.0,47,915000.0,324.0,1,Hispanic or Latino,Joint,45-54,84.066,Loan originated
1,745000.0,42,935000.0,199.0,1,Hispanic or Latino,Female,25-34,80.0,Loan originated
1,585000.0,41,735000.0,235.0,1,Asian,Male,35-44,80.0,Loan originated
1,955000.0,<20%,1005000.0,663.0,1,White,Male,<25,95.0,Loan originated
1,215000.0,43,305000.0,96.0,1,Asian,Male,55-64,70.0,Loan originated
1,435000.0,36,935000.0,110.0,1,White,Female,25-34,46.805,Loan originated
1,445000.0,37,475000.0,173.0,1,Black or African American,Female,55-64,93.508,Loan originated
1,315000.0,43,325000.0,85.0,1,White,Female,25-34,97.0,Loan originated
1,1115000.0,49,1415000.0,304.0,1,White,Joint,25-34,78.723,Loan originated
1,1005000.0,36,1255000.0,282.0,1,Black or African American,Male,35-44,80.0,Loan originated
1,435000.0,20%-<30%,545000.0,156.0,1,Asian,Male,35-44,100.0,Loan originated
1,405000.0,>60%,435000.0,73.0,1,White,Joint,25-34,95.0,Application denied
1,425000.0,47,525000.0,120.0,1,White,Male,25-34,80.0,Loan originated
1,525000.0,44,555000.0,168.0,1,Hispanic or Latino,Female,35-44,95.0,Loan originated
1,1105000.0,30%-<36%,2105000.0,416.0,1,Asian,Joint,45-54,52.381,Loan originated
1,355000.0,30%-<36%,545000.0,372.0,1,White,Male,55-64,65.42,Loan originated
1,725000.0,42,765000.0,225.0,1,White,Joint,35-44,95.0,Loan originated
1,655000.0,43,685000.0,202.0,1,Hispanic or Latino,Joint,25-34,97.0,Loan originated
1,765000.0,40,955000.0,314.0,1,Asian,Male,25-34,80.0,Loan originated
1,185000.0,48,1195000.0,62.0,1,White,Female,55-64,15.126,Loan originated
1,895000.0,30%-<36%,1115000.0,257.0,1,Hispanic or Latino,Joint,25-34,80.0,Loan originated
1,225000.0,<20%,375000.0,120.0,1,White,Male,55-64,60.0,Loan originated
1,65000.0,30%-<36%,65000.0,137.0,1,White,Joint,35-44,93.07,Application denied
1,395000.0,39,465000.0,131.0,1,White,Female,55-64,85.0,Loan originated
1,565000.0,44,785000.0,172.0,1,Asian,Joint,25-34,71.831,Loan originated
1,535000.0,49,1925000.0,250.0,1,White,Female,65-74,27.792,Loan originated
1,505000.0,37,625000.0,170.0,1,Asian,Female,45-54,79.962,Loan originated
1,725000.0,<20%,1215000.0,509.0,1,White,Joint,35-44,60.0,Loan originated
1,335000.0,41,885000.0,105.0,1,Asian,Female,35-44,37.172,Loan originated
1,1065000.0,49,1555000.0,214.0,1,Asian,Joint,35-44,68.84,Loan originated
1,425000.0,38,535000.0,62.0,1,Hispanic or Latino,Joint,25-34,80.0,Loan originated
1,465000.0,44,575000.0,123.0,1,Asian,Male,25-34,100.0,Application denied
1,465000.0,46,575000.0,118.0,1,Hispanic or Latino,Joint,25-34,80.0,Loan originated
1,175000.0,49,675000.0,53.0,1,White,Male,55-64,25.893,Loan originated
1,645000.0,30%-<36%,805000.0,216.0,1,Asian,Joint,35-44,80.0,Loan originated
1,645000.0,44,815000.0,154.0,1,Hispanic or Latino,Joint,25-34,80.0,Loan originated
1,895000.0,30%-<36%,1525000.0,497.0,1,Asian,Joint,35-44,58.82,Loan originated
1,595000.0,44,595000.0,132.0,1,Hispanic or Latino,Male,25-34,100.0,Application denied
1,465000.0,49,615000.0,88.0,1,Asian,Female,35-44,95.0,Loan originated
1,1085000.0,<20%,2435000.0,813.0,1,Asian,Male,35-44,44.736,Loan originated
1,365000.0,49,495000.0,82.0,1,White,Female,25-34,73.469,Loan originated
1,655000.0,45,825000.0,270.0,1,White,Joint,35-44,80.0,Loan originated
1,535000.0,41,935000.0,162.0,1,White,Joint,35-44,56.989,Loan originated
1,1005000.0,49,1095000.0,256.0,1,White,Joint,35-44,92.317,Loan originated
1,605000.0,30%-<36%,945000.0,193.0,1,Asian,Male,55-64,64.0,Loan originated
1,305000.0,43,315000.0,87.0,1,Asian,Female,35-44,96.77,Loan originated
1,825000.0,40,1755000.0,270.0,1,White,Female,55-64,47.143,Loan originated
1,1035000.0,30%-<36%,1485000.0,306.0,1,Asian,Joint,25-34,70.0,Loan originated
1,655000.0,43,725000.0,150.0,1,Asian,Female,25-34,90.0,Loan originated
1,335000.0,41,375000.0,89.0,1,White,Male,25-34,90.0,Loan originated
1,955000.0,45,1275000.0,260.0,1,White,Male,45-54,75.0,Loan originated
1,695000.0,38,925000.0,229.0,1,White,Male,25-34,75.0,Loan originated
1,595000.0,48,795000.0,258.0,1,White,Male,35-44,75.0,Loan originated
1,445000.0,37,555000.0,114.0,1,White,Male,35-44,80.0,Loan originated
1,125000.0,<20%,165000.0,128.0,1,White,Joint,65-74,77.315,Loan originated
1,575000.0,39,605000.0,158.0,1,Black or African American,Female,45-54,98.33,Loan originated
1,315000.0,44,815000.0,117.0,1,Hispanic or Latino,Female,55-64,38.889,Loan originated
1,365000.0,44,465000.0,225.0,1,White,Joint,35-44,80.0,Loan originated
1,1145000.0,44,1435000.0,284.0,1,Asian,Male,35-44,80.0,Loan originated
1,555000.0,20%-<30%,785000.0,214.0,1,Asian,Joint,35-44,69.89,Loan originated
1,675000.0,45,845000.0,188.0,1,White,Female,25-34,80.0,Loan originated
1,605000.0,30%-<36%,715000.0,236.0,1,Asian,Joint,45-54,85.0,Loan originated
1,1015000.0,40,1075000.0,302.0,1,Asian,Male,35-44,95.0,Loan originated
1,155000.0,46,315000.0,96.0,1,White,Joint,>74,48.388,Loan originated
1,465000.0,20%-<30%,485000.0,1059.0,1,Hispanic or Latino,Male,25-34,95.0,Loan originated
1,635000.0,49,665000.0,118.0,1,Asian,Male,25-34,94.542,Loan originated
1,435000.0,44,465000.0,114.0,1,Black or African American,Female,45-54,95.0,Loan originated
1,525000.0,38,655000.0,182.0,1,Hispanic or Latino,Male,45-54,80.0,Loan originated
1,925000.0,20%-<30%,2285000.0,414.0,1,Asian,Male,45-54,40.25,Loan originated
1,745000.0,49,925000.0,255.0,1,White,Joint,35-44,80.0,Loan originated
1,585000.0,47,645000.0,134.0,1,Hispanic or Latino,Male,25-34,90.0,Loan originated
1,635000.0,<20%,955000.0,332.0,1,White,Joint,45-54,66.516,Loan originated
1,965000.0,30%-<36%,1205000.0,250.0,1,Asian,Male,45-54,80.0,Loan originated
1,825000.0,30%-<36%,1035000.0,255.0,1,Asian,Male,25-34,80.0,Loan originated
1,605000.0,46,1065000.0,134.0,1,Asian,Female,45-54,56.604,Loan originated
1,195000.0,46,205000.0,46.0,1,Hispanic or Latino,Male,35-44,95.0,Application denied
1,385000.0,44,425000.0,118.0,1,White,Male,25-34,90.0,Loan originated
1,585000.0,39,725000.0,158.0,1,Asian,Male,45-54,80.0,Loan originated
1,125000.0,47,525000.0,57.0,1,Hispanic or Latino,Joint,35-44,23.077,Loan originated
1,525000.0,40,555000.0,168.0,1,Asian,Female,45-54,95.0,Loan originated
1,555000.0,49,1255000.0,156.0,1,Asian,Male,35-44,44.0,Loan originated
1,775000.0,39,1015000.0,210.0,1,White,Male,55-64,76.238,Loan originated
1,505000.0,47,855000.0,233.0,1,White,Joint,35-44,58.685,Loan originated
1,245000.0,20%-<30%,445000.0,93.0,1,Hispanic or Latino,Male,25-34,54.545,Loan originated
1,645000.0,30%-<36%,865000.0,311.0,1,White,Female,25-34,75.0,Loan originated
1,345000.0,48,475000.0,84.0,1,Hispanic or Latino,Male,55-64,72.632,Loan originated
1,1035000.0,39,1145000.0,320.0,1,Asian,Joint,35-44,90.0,Loan originated
1,635000.0,40,905000.0,239.0,1,White,Joint,25-34,70.0,Loan originated
1,835000.0,48,875000.0,174.0,1,Hispanic or Latino,Female,25-34,94.97,Loan originated
1,765000.0,30%-<36%,895000.0,241.0,1,White,Male,25-34,86.0,Loan originated
1,225000.0,41,235000.0,56.0,1,Hispanic or Latino,Female,25-34,97.0,Loan originated
1,275000.0,36,475000.0,173.0,1,Asian,Joint,25-34,58.246,Loan originated
1,805000.0,46,1355000.0,172.0,1,Asian,Joint,35-44,59.18,Loan originated
1,855000.0,20%-<30%,2135000.0,383.0,1,Asian,Joint,35-44,39.91,Loan originated
1,505000.0,44,805000.0,232.0,1,Asian,Male,>74,63.0,Loan originated
1,615000.0,42,685000.0,180.0,1,Hispanic or Latino,Male,55-64,90.37,Loan originated
1,505000.0,49,525000.0,121.0,1,Hispanic or Latino,Male,25-34,95.0,Loan originated
1,655000.0,30%-<36%,815000.0,290.0,1,White,Joint,55-64,80.0,Loan originated
1,715000.0,40,895000.0,184.0,1,White,Joint,25-34,80.0,Loan originated
1,715000.0,30%-<36%,755000.0,202.0,1,Asian,Joint,45-54,95.0,Loan originated
1,765000.0,49,1355000.0,652.0,1,White,Male,35-44,56.781,Loan originated
1,185000.0,42,205000.0,54.0,1,Hispanic or Latino,Male,35-44,90.0,Loan originated
1,985000.0,20%-<30%,1405000.0,434.0,1,Hispanic or Latino,Joint,55-64,70.0,Loan originated
1,725000.0,36,915000.0,208.0,1,Asian,Joint,35-44,80.0,Loan originated
1,685000.0,45,765000.0,169.0,1,Asian,Joint,25-34,90.0,Loan originated
1,655000.0,45,765000.0,135.0,1,Asian,Male,25-34,85.0,Loan originated
1,1445000.0,41,1705000.0,340.0,1,White,Joint,25-34,85.0,Loan originated
1,685000.0,36,855000.0,202.0,1,Asian,Male,35-44,80.0,Loan originated
1,535000.0,48,555000.0,185.0,1,Hispanic or Latino,Joint,25-34,97.0,Loan originated
1,355000.0,43,385000.0,88.0,1,Hispanic or Latino,Male,<25,90.0,Loan originated
1,755000.0,37,885000.0,221.0,1,Hispanic or Latino,Male,35-44,85.0,Loan originated
1,435000.0,48,605000.0,98.0,1,Hispanic or Latino,Joint,35-44,72.5,Loan originated
1,695000.0,45,935000.0,332.0,1,Asian,Male,25-34,75.0,Loan originated
1,355000.0,44,475000.0,96.0,1,White,Male,35-44,75.0,Loan originated
1,435000.0,41,515000.0,112.0,1,Hispanic or Latino,Joint,25-34,104.5,Loan originated
1,1105000.0,42,1465000.0,244.0,1,Asian,Male,45-54,75.34,Loan originated
1,795000.0,39,995000.0,204.0,1,White,Joint,35-44,80.0,Loan originated
1,335000.0,30%-<36%,525000.0,125.0,1,White,Male,25-34,64.423,Loan originated
1,455000.0,39,525000.0,126.0,1,White,Joint,<25,86.59,Loan originated
1,205000.0,46,225000.0,85.0,1,Hispanic or Latino,Joint,45-54,90.0,Loan originated
1,655000.0,42,825000.0,187.0,1,White,Male,45-54,80.0,Loan originated
1,935000.0,20%-<30%,1255000.0,540.0,1,White,Male,35-44,75.0,Loan originated
1,375000.0,48,395000.0,71.0,1,Hispanic or Latino,Female,25-34,95.0,Loan originated
1,345000.0,46,785000.0,81.0,1,Hispanic or Latino,Male,35-44,44.665,Loan originated
1,355000.0,45,365000.0,76.0,1,White,Female,25-34,97.0,Loan originated
1,755000.0,39,795000.0,326.0,1,Asian,Joint,35-44,95.0,Loan originated
1,575000.0,45,605000.0,118.0,1,Hispanic or Latino,Joint,35-44,95.0,Loan originated
1,1145000.0,36,1325000.0,319.0,1,White,Joint,45-54,87.0,Loan originated
1,505000.0,<20%,1005000.0,381.0,1,White,Joint,55-64,50.0,Loan originated
1,245000.0,41,315000.0,72.0,1,White,Female,<25,80.0,Loan originated
1,625000.0,20%-<30%,1245000.0,251.0,1,White,Joint,35-44,50.41,Loan originated
1,765000.0,48,925000.0,159.0,1,Hispanic or Latino,Female,35-44,82.865,Loan originated
1,865000.0,30%-<36%,1155000.0,309.0,1,Hispanic or Latino,Female,45-54,75.0,Loan originated
1,385000.0,49,485000.0,63.0,1,Hispanic or Latino,Female,<25,78.585,Loan originated
1,485000.0,37,605000.0,145.0,1,White,Joint,35-44,80.0,Loan originated
1,505000.0,46,865000.0,127.0,1,Asian,Female,55-64,58.525,Loan originated
1,765000.0,20%-<30%,1155000.0,342.0,1,Asian,Male,55-64,66.494,Loan originated
1,885000.0,48,1365000.0,191.0,1,Asian,Male,45-54,65.0,Loan originated
1,885000.0,<20%,1115000.0,1303.0,1,White,Joint,25-34,80.0,Loan originated
1,985000.0,48,1225000.0,199.0,1,Asian,Male,25-34,80.0,Loan originated
1,555000.0,36,695000.0,161.0,1,White,Male,35-44,80.0,Loan originated
1,585000.0,40,725000.0,147.0,1,White,Joint,25-34,80.0,Loan originated
1,1095000.0,43,1725000.0,377.0,1,Asian,Joint,35-44,63.49,Loan originated
1,1105000.0,47,1385000.0,299.0,1,Asian,Joint,25-34,85.56,Loan originated
1,525000.0,<20%,545000.0,856.0,1,White,Joint,35-44,95.0,Loan originated
1,315000.0,44,345000.0,80.0,1,White,Male,25-34,90.0,Loan originated
1,745000.0,50%-60%,795000.0,187.0,1,Hispanic or Latino,Male,25-34,94.129,Application denied
1,525000.0,47,545000.0,178.0,1,Asian,Female,45-54,95.0,Loan originated
1,325000.0,20%-<30%,625000.0,155.0,1,Asian,Male,35-44,52.0,Loan originated
1,515000.0,49,545000.0,97.0,1,Asian,Joint,35-44,95.0,Loan originated
1,525000.0,50%-60%,525000.0,112.0,1,Hispanic or Latino,Male,25-34,101.75,Application denied
1,765000.0,49,1145000.0,243.0,1,White,Male,55-64,66.715,Loan originated
1,475000.0,20%-<30%,495000.0,184.0,1,White,Joint,25-34,95.0,Loan originated
1,305000.0,38,375000.0,139.0,1,Asian,Joint,25-34,80.0,Loan originated
1,655000.0,45,725000.0,177.0,1,Asian,Female,35-44,90.0,Loan originated
1,595000.0,43,895000.0,276.0,1,Black or African American,Female,45-54,66.49,Loan originated
1,415000.0,41,595000.0,122.0,1,White,Joint,65-74,68.908,Loan originated
1,855000.0,30%-<36%,1525000.0,420.0,1,Asian,Joint,45-54,55.701,Loan originated
1,475000.0,20%-<30%,595000.0,191.0,1,White,Joint,25-34,80.0,Loan originated
1,365000.0,20%-<30%,425000.0,147.0,1,White,Female,25-34,85.0,Loan originated
1,505000.0,20%-<30%,655000.0,192.0,1,White,Joint,45-54,76.923,Loan originated
1,345000.0,30%-<36%,745000.0,216.0,1,Asian,Joint,25-34,46.567,Loan originated
1,565000.0,48,595000.0,114.0,1,Hispanic or Latino,Joint,25-34,95.0,Loan originated
1,45000.0,20%-<30%,65000.0,63.0,1,White,Male,65-74,71.31,Loan originated
1,135000.0,20%-<30%,175000.0,64.0,1,Other,Male,25-34,88.235,Loan originated
1,555000.0,48,585000.0,113.0,1,Asian,Female,35-44,94.884,Loan originated
1,135000.0,40,175000.0,115.0,1,White,Joint,25-34,80.0,Application denied
1,235000.0,30%-<36%,255000.0,398.0,1,Black or African American,Joint,55-64,90.0,Loan originated
1,205000.0,<20%,705000.0,171.0,1,White,Male,35-44,29.379,Loan originated
1,985000.0,20%-<30%,1235000.0,361.0,1,Asian,Joint,25-34,80.0,Loan originated
1,995000.0,46,1005000.0,240.0,1,White,Male,55-64,99.0,Application denied
1,385000.0,30%-<36%,635000.0,193.0,1,White,Male,25-34,61.0,Loan originated
1,655000.0,30%-<36%,815000.0,277.0,1,White,Female,55-64,80.0,Loan originated
1,1075000.0,41,1575000.0,308.0,1,Asian,Joint,45-54,68.254,Loan originated
1,755000.0,37,1305000.0,200.0,1,White,Joint,35-44,92.308,Loan originated
1,365000.0,48,385000.0,88.0,1,Hispanic or Latino,Female,25-34,95.0,Loan originated
1,575000.0,30%-<36%,1275000.0,320.0,1,Asian,Male,45-54,44.882,Loan originated
1,245000.0,42,325000.0,74.0,1,Hispanic or Latino,Female,45-54,76.563,Loan originated
1,1005000.0,45,1255000.0,239.0,1,White,Male,45-54,79.942,Loan originated
1,255000.0,49,815000.0,117.0,1,Asian,Joint,65-74,30.864,Loan originated
1,205000.0,45,705000.0,78.0,1,White,Female,55-64,28.673,Loan originated
1,205000.0,30%-<36%,405000.0,81.0,1,White,Joint,25-34,50.0,Loan originated
1,1065000.0,40,1255000.0,245.0,1,White,Male,35-44,85.0,Loan originated
1,635000.0,49,675000.0,167.0,1,Asian,Male,35-44,94.037,Loan originated
1,105000.0,50%-60%,205000.0,80.0,1,Hispanic or Latino,Male,35-44,50.0,Application denied
1,725000.0,36,905000.0,231.0,1,Hispanic or Latino,Male,45-54,80.0,Loan originated
1,495000.0,46,555000.0,196.0,1,Black or African American,Female,45-54,90.0,Loan originated
1,665000.0,30%-<36%,835000.0,235.0,1,White,Female,35-44,80.0,Loan originated
1,565000.0,47,595000.0,156.0,1,Hispanic or Latino,Joint,35-44,94.948,Loan originated
1,25000.0,20%-<30%,35000.0,43.0,1,White,Joint,65-74,78.0,Loan originated
1,755000.0,30%-<36%,1055000.0,2591.0,1,White,Male,45-54,72.0,Loan originated
1,85000.0,49,155000.0,76.0,1,Hispanic or Latino,Male,25-34,51.95,Loan originated
1,505000.0,39,805000.0,154.0,1,Asian,Male,45-54,63.0,Loan originated
1,255000.0,45,265000.0,60.0,1,Asian,Female,45-54,95.0,Loan originated
1,555000.0,37,1725000.0,188.0,1,White,Male,35-44,32.17,Loan originated
1,535000.0,47,935000.0,124.0,1,White,Joint,55-64,57.219,Loan originated
1,455000.0,49,615000.0,173.0,1,White,Male,65-74,73.98,Loan originated
1,645000.0,41,685000.0,145.0,1,Hispanic or Latino,Joint,35-44,95.0,Loan originated
1,585000.0,49,615000.0,135.0,1,Hispanic or Latino,Joint,45-54,95.0,Loan originated
1,465000.0,42,715000.0,146.0,1,White,Male,55-64,65.229,Loan originated
1,385000.0,43,395000.0,153.0,1,Asian,Female,35-44,97.0,Loan originated
1,475000.0,40,595000.0,125.0,1,Asian,Female,25-34,80.0,Loan originated
1,455000.0,45,575000.0,115.0,1,Asian,Female,25-34,80.0,Loan originated
1,875000.0,48,1005000.0,230.0,1,Asian,Joint,35-44,88.0,Loan originated
1,755000.0,46,945000.0,205.0,1,Asian,Male,25-34,80.0,Loan originated
1,1055000.0,20%-<30%,1805000.0,519.0,1,White,Joint,35-44,58.34,Loan originated
1,315000.0,49,515000.0,78.0,1,Hispanic or Latino,Female,35-44,60.0,Application denied
1,1025000.0,30%-<36%,1215000.0,371.0,1,White,Joint,45-54,85.0,Loan originated
1,515000.0,>60%,635000.0,79.0,1,Hispanic or Latino,Male,35-44,81.27,Application denied
1,355000.0,49,425000.0,68.0,1,White,Joint,25-34,88.0,Loan originated
1,325000.0,44,405000.0,216.0,1,White,Male,45-54,80.0,Loan originated
1,435000.0,20%-<30%,685000.0,161.0,1,Asian,Joint,45-54,63.5,Loan originated
1,595000.0,30%-<36%,745000.0,239.0,1,Asian,Joint,25-34,80.0,Loan originated
1,855000.0,49,945000.0,172.0,1,White,Male,35-44,90.0,Loan originated
1,475000.0,43,595000.0,165.0,1,Asian,Female,65-74,79.99,Loan originated
1,695000.0,20%-<30%,925000.0,290.0,1,White,Male,45-54,75.0,Loan originated
1,775000.0,40,1295000.0,253.0,1,Asian,Male,45-54,60.0,Loan originated
1,675000.0,41,835000.0,190.0,1,White,Female,35-44,80.0,Loan originated
1,695000.0,30%-<36%,775000.0,308.0,1,White,Joint,55-64,90.0,Loan originated
1,295000.0,47,335000.0,162.0,1,White,Female,25-34,95.0,Loan originated
1,1005000.0,47,1255000.0,271.0,1,White,Male,45-54,80.0,Loan originated
1,305000.0,38,535000.0,80.0,1,White,Male,35-44,57.736,Loan originated
1,385000.0,39,435000.0,88.0,1,White,Male,35-44,90.0,Loan originated
1,575000.0,47,625000.0,137.0,1,Hispanic or Latino,Male,25-34,92.0,Loan originated
1,455000.0,50%-60%,1405000.0,147.0,1,Asian,Joint,55-64,32.143,Loan originated
1,345000.0,30%-<36%,745000.0,163.0,1,White,Female,65-74,46.581,Loan originated
1,445000.0,45,505000.0,91.0,1,Hispanic or Latino,Male,45-54,87.505,Loan originated
1,1075000.0,41,1195000.0,359.0,1,Black or African American,Female,35-44,90.0,Loan originated
1,575000.0,42,725000.0,146.0,1,White,Joint,25-34,80.0,Loan originated
1,915000.0,38,1215000.0,221.0,1,White,Female,55-64,75.0,Loan originated
1,845000.0,41,945000.0,211.0,1,Black or African American,Female,35-44,90.0,Loan originated
1,715000.0,30%-<36%,2605000.0,722.0,1,White,Joint,55-64,82.724,Loan originated
1,495000.0,47,615000.0,104.0,1,Asian,Male,25-34,80.0,Loan originated
1,175000.0,20%-<30%,875000.0,131.0,1,Asian,Female,25-34,20.0,Loan originated
1,675000.0,43,975000.0,14.0,1,Asian,Joint,35-44,70.0,Loan originated
1,345000.0,50%-60%,705000.0,105.0,1,Asian,Joint,65-74,49.18,Loan originated
1,395000.0,41,455000.0,110.0,1,Hispanic or Latino,Male,45-54,85.0,Loan originated
1,655000.0,44,685000.0,222.0,1,White,Joint,25-34,95.0,Loan originated
1,755000.0,49,1085000.0,154.0,1,Asian,Female,65-74,70.0,Loan originated
1,565000.0,49,715000.0,130.0,1,Hispanic or Latino,Joint,35-44,80.0,Loan originated
1,825000.0,30%-<36%,1125000.0,272.0,1,Asian,Male,25-34,73.298,Loan originated
1,325000.0,45,775000.0,183.0,1,Asian,Female,25-34,41.98,Loan originated
1,755000.0,41,1055000.0,413.0,1,White,Female,35-44,89.899,Loan originated
1,155000.0,49,535000.0,115.0,1,White,Female,55-64,28.037,Loan originated
1,1115000.0,39,1315000.0,315.0,1,White,Joint,25-34,85.0,Loan originated
1,575000.0,20%-<30%,715000.0,236.0,1,White,Male,35-44,80.0,Loan originated
1,295000.0,30%-<36%,305000.0,104.0,1,Asian,Male,35-44,101.94,Loan originated
1,545000.0,45,1225000.0,156.0,1,White,Joint,55-64,44.599,Loan originated
1,545000.0,47,685000.0,231.0,1,White,Joint,25-34,80.0,Loan originated
1,325000.0,30%-<36%,365000.0,158.0,1,White,Female,35-44,90.0,Loan originated
1,275000.0,30%-<36%,345000.0,90.0,1,Asian,Female,25-34,91.64,Application denied
1,685000.0,42,855000.0,174.0,1,White,Male,35-44,80.0,Loan originated
1,945000.0,49,995000.0,197.0,1,Hispanic or Latino,Male,25-34,95.0,Loan originated
1,925000.0,47,1205000.0,198.0,1,White,Female,45-54,76.667,Loan originated
1,465000.0,47,575000.0,102.0,1,White,Male,25-34,80.0,Loan originated
1,255000.0,42,675000.0,69.0,1,Hispanic or Latino,Female,65-74,37.612,Loan originated
1,525000.0,49,655000.0,110.0,1,Black or African American,Male,35-44,80.0,Loan originated
1,565000.0,39,625000.0,164.0,1,Asian,Male,25-34,90.0,Loan originated
1,475000.0,49,975000.0,122.0,1,Black or African American,Joint,45-54,48.979,Loan originated
1,545000.0,49,675000.0,157.0,1,Black or African American,Female,55-64,80.0,Loan originated
1,455000.0,20%-<30%,1015000.0,189.0,1,Asian,Male,25-34,44.882,Loan originated
1,485000.0,47,685000.0,105.0,1,White,Female,35-44,70.796,Loan originated
1,375000.0,30%-<36%,415000.0,150.0,1,Hispanic or Latino,Joint,25-34,90.0,Loan originated
1,615000.0,37,865000.0,168.0,1,Hispanic or Latino,Male,35-44,70.93,Loan originated
1,295000.0,49,305000.0,55.0,1,Black or African American,Female,45-54,100.0,Loan originated
1,295000.0,49,1195000.0,146.0,1,White,Female,55-64,24.572,Loan originated
1,705000.0,30%-<36%,785000.0,200.0,1,Asian,Male,45-54,90.0,Loan originated
1,465000.0,>60%,595000.0,70.0,1,White,Male,25-34,80.0,Application denied
1,725000.0,20%-<30%,965000.0,298.0,1,Asian,Joint,25-34,75.0,Loan originated
1,955000.0,49,1055000.0,180.0,1,White,Male,35-44,91.0,Loan originated
1,805000.0,20%-<30%,1465000.0,355.0,1,Asian,Joint,45-54,54.795,Loan originated
1,525000.0,42,655000.0,139.0,1,Asian,Female,35-44,80.0,Loan originated
1,855000.0,43,905000.0,189.0,1,Hispanic or Latino,Female,45-54,95.0,Loan originated
1,1135000.0,30%-<36%,1415000.0,430.0,1,White,Male,35-44,80.0,Loan originated
1,1145000.0,49,1355000.0,293.0,1,Asian,Joint,25-34,85.0,Loan originated
1,455000.0,40,575000.0,140.0,1,Other,Female,25-34,80.0,Loan originated
1,1085000.0,30%-<36%,1455000.0,308.0,1,White,Joint,25-34,75.0,Loan originated
1,335000.0,47,675000.0,114.0,1,Asian,Female,65-74,50.0,Loan originated
1,705000.0,41,745000.0,308.0,1,Asian,Joint,45-54,95.0,Loan originated
1,535000.0,49,675000.0,142.0,1,Asian,Female,35-44,100.0,Loan originated
1,1095000.0,46,1365000.0,264.0,1,White,Male,35-44,80.0,Loan originated
1,635000.0,49,685000.0,133.0,1,Hispanic or Latino,Female,45-54,92.63,Loan originated
1,755000.0,46,1205000.0,250.0,1,Asian,Male,65-74,62.5,Application denied
1,525000.0,49,555000.0,167.0,1,Hispanic or Latino,Male,<25,95.0,Loan originated
1,415000.0,40,425000.0,110.0,1,Black or African American,Female,25-34,97.0,Loan originated
1,485000.0,30%-<36%,605000.0,230.0,1,White,Female,45-54,80.0,Loan originated
1,655000.0,<20%,875000.0,458.0,1,Hispanic or Latino,Male,25-34,75.0,Loan originated
1,535000.0,44,745000.0,120.0,1,Asian,Male,25-34,71.334,Application denied
1,545000.0,45,605000.0,123.0,1,Asian,Male,55-64,90.0,Loan originated
1,335000.0,42,375000.0,88.0,1,Hispanic or Latino,Joint,35-44,90.0,Loan originated
1,985000.0,30%-<36%,1225000.0,290.0,1,Asian,Male,25-34,80.0,Loan originated
1,515000.0,39,535000.0,150.0,1,Black or African American,Female,35-44,97.0,Loan originated
1,655000.0,38,825000.0,181.0,1,Asian,Joint,55-64,80.0,Loan originated
1,615000.0,49,625000.0,154.0,1,Hispanic or Latino,Joint,35-44,91.986,Application denied
1,675000.0,30%-<36%,835000.0,200.0,1,White,Male,25-34,80.0,Loan originated
1,765000.0,42,1305000.0,301.0,1,White,Joint,25-34,58.92,Loan originated
1,675000.0,49,755000.0,159.0,1,Asian,Male,25-34,89.867,Loan originated
1,765000.0,44,1035000.0,175.0,1,Asian,Joint,45-54,74.138,Loan originated
1,865000.0,49,1455000.0,352.0,1,Asian,Joint,45-54,59.66,Loan originated
1,925000.0,30%-<36%,1025000.0,310.0,1,Asian,Joint,55-64,90.0,Loan originated
1,615000.0,20%-<30%,765000.0,235.0,1,Asian,Joint,45-54,80.0,Loan originated
1,705000.0,30%-<36%,885000.0,254.0,1,White,Female,25-34,80.0,Loan originated
1,715000.0,30%-<36%,1165000.0,267.0,1,White,Female,65-74,62.0,Loan originated
1,1045000.0,40,1095000.0,260.0,1,Asian,Male,35-44,95.0,Loan originated
1,765000.0,47,1225000.0,225.0,1,Asian,Joint,25-34,62.295,Loan originated
1,625000.0,46,775000.0,237.0,1,Asian,Female,35-44,80.0,Loan originated
1,335000.0,30%-<36%,415000.0,86.0,1,Asian,Male,25-34,80.0,Loan originated
1,865000.0,48,1215000.0,193.0,1,White,Male,65-74,71.0,Loan originated
1,485000.0,50%-60%,505000.0,94.0,1,Hispanic or Latino,Male,35-44,97.0,Loan originated
1,915000.0,46,1025000.0,211.0,1,Asian,Female,25-34,90.0,Loan originated
1,635000.0,40,675000.0,145.0,1,Asian,Male,35-44,95.0,Loan originated
1,975000.0,41,1225000.0,215.0,1,Asian,Female,25-34,80.0,Loan originated
1,825000.0,49,1105000.0,183.0,1,Asian,Female,35-44,75.0,Loan originated
1,555000.0,30%-<36%,795000.0,231.0,1,Asian,Male,35-44,70.0,Loan originated
1,405000.0,47,505000.0,87.0,1,Hispanic or Latino,Female,55-64,80.0,Loan originated
1,385000.0,49,425000.0,113.0,1,Hispanic or Latino,Female,25-34,90.0,Loan originated
1,695000.0,44,725000.0,449.0,1,Asian,Male,45-54,95.0,Loan originated
1,715000.0,45,745000.0,151.0,1,Asian,Male,35-44,95.0,Loan originated
1,295000.0,48,325000.0,73.0,1,Hispanic or Latino,Female,25-34,93.0,Loan originated
1,685000.0,<20%,865000.0,3227.0,1,White,Female,25-34,80.0,Loan originated
1,505000.0,20%-<30%,1755000.0,320.0,1,Asian,Male,45-54,28.49,Loan originated
1,505000.0,30%-<36%,675000.0,170.0,1,White,Joint,25-34,74.627,Loan originated
1,275000.0,30%-<36%,625000.0,92.0,1,Asian,Female,55-64,43.55,Loan originated
1,795000.0,41,835000.0,246.0,1,Asian,Joint,35-44,95.0,Loan originated
1,385000.0,44,405000.0,104.0,1,Hispanic or Latino,Female,35-44,95.0,Loan originated
1,635000.0,39,715000.0,261.0,1,White,Female,25-34,90.0,Loan originated
1,1055000.0,<20%,1325000.0,707.0,1,White,Female,25-34,80.0,Loan originated
1,585000.0,49,605000.0,127.0,1,White,Female,25-34,97.0,Loan originated
1,495000.0,42,615000.0,142.0,1,Asian,Male,35-44,80.0,Loan originated
1,935000.0,20%-<30%,1195000.0,356.0,1,White,Joint,25-34,77.824,Loan originated
1,515000.0,39,855000.0,144.0,1,Asian,Male,35-44,59.719,Loan originated
1,625000.0,47,695000.0,175.0,1,White,Male,55-64,89.99,Loan originated
1,655000.0,39,725000.0,195.0,1,White,Female,25-34,90.0,Loan originated
1,525000.0,45,655000.0,120.0,1,Asian,Male,25-34,80.0,Loan originated
1,115000.0,20%-<30%,715000.0,84.0,1,Asian,Male,25-34,15.6,Loan originated
1,685000.0,46,755000.0,195.0,1,Hispanic or Latino,Joint,35-44,89.987,Loan originated
1,105000.0,30%-<36%,395000.0,87.0,1,Hispanic or Latino,Male,45-54,25.64,Loan originated
1,405000.0,49,515000.0,96.0,1,White,Male,25-34,80.0,Loan originated
1,825000.0,30%-<36%,1035000.0,321.0,1,White,Joint,35-44,80.0,Loan originated
1,395000.0,42,495000.0,135.0,1,Hispanic or Latino,Joint,35-44,80.0,Loan originated
1,845000.0,30%-<36%,945000.0,278.0,1,Asian,Joint,25-34,89.99,Loan originated
1,1115000.0,49,1725000.0,246.0,1,Asian,Female,35-44,65.0,Loan originated
1,765000.0,20%-<30%,2105000.0,1032.0,1,White,Male,25-34,36.476,Loan originated
1,355000.0,37,395000.0,88.0,1,White,Male,45-54,90.0,Loan originated
1,605000.0,38,635000.0,150.0,1,White,Female,45-54,95.0,Loan originated
1,535000.0,42,715000.0,150.0,1,Hispanic or Latino,Male,25-34,75.0,Loan originated
1,725000.0,37,785000.0,192.0,1,Asian,Joint,35-44,93.0,Loan originated
1,645000.0,20%-<30%,815000.0,259.0,1,Hispanic or Latino,Male,45-54,80.0,Loan originated
1,355000.0,45,415000.0,69.0,1,Hispanic or Latino,Male,25-34,85.542,Loan originated
1,215000.0,30%-<36%,245000.0,192.0,1,White,Joint,55-64,87.88,Loan originated
1,655000.0,48,925000.0,145.0,1,White,Male,35-44,70.27,Application denied
1,825000.0,43,1025000.0,301.0,1,White,Joint,25-34,80.0,Loan originated
1,205000.0,40,785000.0,74.0,1,Hispanic or Latino,Female,55-64,25.641,Loan originated
1,465000.0,30%-<36%,585000.0,149.0,1,White,Joint,55-64,80.0,Loan originated
1,765000.0,36,835000.0,290.0,1,Hispanic or Latino,Joint,25-34,92.0,Loan originated
1,425000.0,45,445000.0,89.0,1,White,Male,45-54,95.0,Loan originated
1,475000.0,43,485000.0,117.0,1,Hispanic or Latino,Male,55-64,100.0,Loan originated
1,975000.0,30%-<36%,1215000.0,341.0,1,Asian,Joint,25-34,80.0,Loan originated
1,455000.0,30%-<36%,565000.0,236.0,1,Hispanic or Latino,Female,45-54,80.0,Loan originated
1,195000.0,48,335000.0,51.0,1,White,Female,55-64,58.209,Loan originated
1,605000.0,20%-<30%,675000.0,267.0,1,White,Male,45-54,90.0,Loan originated
1,535000.0,36,675000.0,264.0,1,Hispanic or Latino,Joint,35-44,80.0,Loan originated
1,835000.0,30%-<36%,1435000.0,272.0,1,Asian,Female,25-34,58.33,Loan originated
1,1005000.0,49,1255000.0,220.0,1,White,Male,45-54,80.0,Loan originated
1,805000.0,49,895000.0,216.0,1,Hispanic or Latino,Joint,55-64,90.0,Loan originated
1,535000.0,37,665000.0,150.0,1,White,Female,25-34,80.0,Loan originated
1,625000.0,<20%,785000.0,603.0,1,Asian,Female,25-34,80.0,Loan originated
1,525000.0,43,875000.0,128.0,1,Asian,Joint,45-54,60.35,Application denied
1,565000.0,30%-<36%,615000.0,186.0,1,Hispanic or Latino,Joint,25-34,91.75,Loan originated
1,555000.0,39,1075000.0,212.0,1,Asian,Male,45-54,51.163,Loan originated
1,495000.0,42,525000.0,127.0,1,Asian,Joint,45-54,94.99,Loan originated
1,765000.0,39,945000.0,226.0,1,Asian,Female,35-44,81.058,Loan originated
1,415000.0,37,465000.0,201.0,1,White,Female,>74,89.177,Loan originated
1,645000.0,46,995000.0,240.0,1,Asian,Joint,35-44,65.0,Loan originated
1,425000.0,46,825000.0,100.0,1,White,Male,55-64,52.0,Loan originated
1,295000.0,47,335000.0,69.0,1,Hispanic or Latino,Joint,45-54,90.0,Loan originated
1,415000.0,43,525000.0,94.0,1,Hispanic or Latino,Female,<25,80.0,Loan originated
1,345000.0,43,465000.0,101.0,1,White,Joint,35-44,75.0,Loan originated
1,605000.0,39,805000.0,246.0,1,Asian,Joint,35-44,75.0,Loan originated
1,215000.0,45,535000.0,89.0,1,White,Male,>74,39.104,Loan originated
1,805000.0,45,1005000.0,187.0,1,Asian,Joint,35-44,80.0,Loan originated
1,505000.0,39,505000.0,121.0,1,Asian,Male,25-34,101.75,Loan originated
1,925000.0,39,1295000.0,360.0,1,Asian,Joint,35-44,72.0,Loan originated
1,625000.0,20%-<30%,825000.0,288.0,1,White,Male,55-64,75.0,Loan originated
1,375000.0,41,365000.0,96.0,1,Hispanic or Latino,Joint,25-34,101.75,Loan originated
1,765000.0,50%-60%,1105000.0,211.0,1,White,Female,35-44,69.69,Application denied
1,425000.0,49,455000.0,89.0,1,Hispanic or Latino,Male,35-44,95.0,Loan originated
1,1105000.0,30%-<36%,2705000.0,642.0,1,Asian,Joint,35-44,40.741,Loan originated
1,445000.0,38,465000.0,117.0,1,White,Joint,25-34,95.0,Loan originated
1,125000.0,42,215000.0,36.0,1,Hispanic or Latino,Female,55-64,104.0,Loan originated
1,1145000.0,49,1295000.0,343.0,1,White,Joint,<25,89.001,Loan originated
1,985000.0,43,1235000.0,495.0,1,Asian,Male,65-74,80.0,Loan originated
1,605000.0,43,755000.0,147.0,1,Asian,Joint,45-54,80.0,Loan originated
1,205000.0,<20%,755000.0,206.0,1,Asian,Female,45-54,27.345,Loan originated
1,385000.0,36,485000.0,110.0,1,Hispanic or Latino,Male,45-54,80.0,Loan originated
1,865000.0,44,1165000.0,215.0,1,Asian,Male,35-44,74.13,Loan originated
1,265000.0,48,355000.0,88.0,1,Other,Female,35-44,89.0,Loan originated
1,745000.0,40,835000.0,180.0,1,White,Joint,35-44,90.0,Loan originated
1,605000.0,20%-<30%,1245000.0,360.0,1,Asian,Joint,25-34,48.071,Loan originated
1,1125000.0,46,1255000.0,230.0,1,White,Joint,35-44,90.0,Loan originated
1,255000.0,36,885000.0,57.0,1,White,Female,35-44,29.63,Loan originated
1,505000.0,41,535000.0,156.0,1,Asian,Joint,35-44,95.0,Loan originated
1,675000.0,42,755000.0,183.0,1,Asian,Joint,45-54,89.812,Loan originated
1,515000.0,41,525000.0,158.0,1,White,Female,35-44,97.0,Loan originated
1,445000.0,50%-60%,645000.0,136.0,1,Asian,Female,65-74,70.0,Loan originated
1,275000.0,37,455000.0,101.0,1,White,Female,55-64,60.0,Application denied
1,495000.0,45,615000.0,90.0,1,White,Female,25-34,79.993,Loan originated
1,175000.0,39,185000.0,147.0,1,White,Joint,65-74,95.0,Loan originated
1,505000.0,38,925000.0,168.0,1,Asian,Female,35-44,54.728,Loan originated
1,655000.0,40,905000.0,191.0,1,Asian,Female,35-44,73.112,Loan originated
1,255000.0,38,755000.0,65.0,1,Asian,Joint,55-64,33.33,Loan originated
1,805000.0,48,1275000.0,212.0,1,White,Joint,45-54,62.745,Loan originated
1,545000.0,37,725000.0,200.0,1,Asian,Male,45-54,75.0,Loan originated
1,805000.0,47,945000.0,351.0,1,Asian,Joint,35-44,85.0,Loan originated
1,765000.0,49,975000.0,239.0,1,White,Joint,25-34,78.615,Loan originated
1,255000.0,36,315000.0,125.0,1,Black or African American,Female,25-34,80.0,Loan originated
1,295000.0,37,405000.0,80.0,1,White,Female,25-34,72.293,Loan originated
1,885000.0,30%-<36%,2185000.0,280.0,1,Asian,Joint,25-34,40.503,Loan originated
1,315000.0,30%-<36%,335000.0,155.0,1,White,Female,45-54,95.0,Loan originated
1,995000.0,39,1245000.0,269.0,1,White,Joint,35-44,80.0,Loan originated
1,555000.0,30%-<36%,685000.0,167.0,1,White,Joint,25-34,80.0,Loan originated
1,485000.0,42,605000.0,106.0,1,Other,Joint,45-54,80.0,Loan originated
1,535000.0,20%-<30%,635000.0,186.0,1,White,Male,35-44,85.0,Loan originated
1,645000.0,49,815000.0,143.0,1,White,Joint,25-34,80.0,Loan originated
1,295000.0,46,395000.0,72.0,1,White,Female,65-74,75.0,Loan originated
1,595000.0,42,745000.0,134.0,1,Asian,Male,35-44,80.0,Loan originated
1,1055000.0,39,1315000.0,371.0,1,Asian,Male,25-34,80.0,Loan originated
1,585000.0,48,685000.0,221.0,1,Asian,Male,25-34,85.384,Loan originated
1,895000.0,47,995000.0,206.0,1,White,Joint,25-34,91.0,Loan originated
1,205000.0,20%-<30%,425000.0,132.0,1,Asian,Male,45-54,48.0,Loan originated
1,735000.0,47,815000.0,256.0,1,Asian,Male,45-54,90.0,Loan originated
1,725000.0,30%-<36%,1425000.0,245.0,1,White,Joint,35-44,50.877,Loan originated
1,1055000.0,49,2365000.0,310.0,1,Asian,Male,45-54,44.699,Loan originated
1,645000.0,37,805000.0,170.0,1,Asian,Male,35-44,80.0,Loan originated
1,735000.0,47,775000.0,325.0,1,Asian,Joint,45-54,95.0,Loan originated
1,665000.0,36,945000.0,244.0,1,Asian,Female,<25,70.0,Loan originated
1,1005000.0,48,1295000.0,276.0,1,White,Male,65-74,77.683,Loan originated
1,135000.0,20%-<30%,265000.0,83.0,1,Hispanic or Latino,Male,>74,50.943,Loan originated
1,1115000.0,37,1175000.0,449.0,1,Black or African American,Joint,35-44,95.043,Loan originated
1,675000.0,42,925000.0,165.0,1,White,Female,25-34,72.973,Loan originated
1,665000.0,30%-<36%,975000.0,220.0,1,Asian,Male,45-54,67.99,Loan originated
1,325000.0,49,1205000.0,96.0,1,Asian,Female,45-54,39.167,Loan originated
1,405000.0,42,425000.0,96.0,1,Hispanic or Latino,Male,25-34,100.0,Loan originated
1,525000.0,40,655000.0,237.0,1,Asian,Male,55-64,80.0,Loan originated
1,885000.0,48,1105000.0,263.0,1,White,Joint,35-44,80.0,Loan originated
1,305000.0,49,335000.0,88.0,1,Hispanic or Latino,Female,45-54,90.0,Loan originated
1,535000.0,48,675000.0,136.0,1,Asian,Male,25-34,100.0,Loan originated
1,495000.0,40,625000.0,234.0,1,Asian,Male,45-54,80.0,Loan originated
1,475000.0,46,685000.0,86.0,1,White,Joint,25-34,70.0,Loan originated
1,575000.0,41,715000.0,310.0,1,White,Joint,55-64,80.0,Loan originated
1,285000.0,30%-<36%,955000.0,165.0,1,Hispanic or Latino,Joint,25-34,30.0,Loan originated
1,215000.0,39,615000.0,87.0,1,White,Male,35-44,34.426,Loan originated
1,545000.0,41,675000.0,160.0,1,White,Joint,25-34,80.0,Loan originated
1,675000.0,46,745000.0,170.0,1,White,Male,25-34,90.0,Loan originated
1,655000.0,42,815000.0,147.0,1,Asian,Joint,25-34,80.0,Loan originated
1,465000.0,49,485000.0,151.0,1,Hispanic or Latino,Joint,35-44,100.4,Loan originated
1,145000.0,20%-<30%,825000.0,222.0,1,Hispanic or Latino,Female,55-64,17.654,Loan originated
1,265000.0,37,335000.0,72.0,1,White,Female,25-34,80.0,Loan originated
1,705000.0,30%-<36%,1205000.0,227.0,1,White,Male,35-44,58.33,Loan originated
1,595000.0,20%-<30%,745000.0,220.0,1,Asian,Joint,35-44,80.0,Loan originated
1,735000.0,20%-<30%,885000.0,270.0,1,White,Joint,25-34,83.051,Loan originated
1,605000.0,36,765000.0,181.0,1,White,Joint,55-64,80.0,Loan originated
1,755000.0,>60%,1755000.0,104.0,1,White,Female,>74,42.857,Application denied
1,765000.0,46,1175000.0,161.0,1,White,Male,55-64,65.52,Loan originated
1,345000.0,42,425000.0,125.0,1,Hispanic or Latino,Joint,45-54,80.0,Loan originated
1,205000.0,37,725000.0,201.0,1,White,Female,45-54,27.515,Loan originated
1,245000.0,48,255000.0,58.0,1,Black or African American,Female,55-64,97.0,Loan originated
1,905000.0,30%-<36%,985000.0,288.0,1,Asian,Joint,25-34,92.0,Loan originated
1,375000.0,48,415000.0,80.0,1,Hispanic or Latino,Female,<25,89.999,Loan originated
1,425000.0,49,435000.0,96.0,1,Hispanic or Latino,Male,35-44,100.0,Loan originated
1,765000.0,48,845000.0,200.0,1,Asian,Male,35-44,90.0,Loan originated
1,585000.0,37,725000.0,149.0,1,Asian,Male,25-34,80.0,Loan originated
1,105000.0,46,395000.0,65.0,1,Hispanic or Latino,Female,35-44,26.42,Loan originated
1,435000.0,45,725000.0,123.0,1,White,Male,65-74,60.42,Loan originated
1,705000.0,48,895000.0,202.0,1,Hispanic or Latino,Joint,55-64,78.21,Loan originated
1,655000.0,20%-<30%,895000.0,478.0,1,White,Joint,65-74,73.034,Loan originated
1,645000.0,49,725000.0,159.0,1,Asian,Joint,35-44,90.0,Loan originated
1,305000.0,38,765000.0,180.0,1,Asian,Joint,35-44,39.792,Loan originated
1,765000.0,30%-<36%,805000.0,278.0,1,Hispanic or Latino,Male,35-44,95.0,Loan originated
1,525000.0,42,575000.0,158.0,1,White,Joint,25-34,94.304,Loan originated
1,515000.0,39,685000.0,135.0,1,White,Male,>74,75.0,Loan originated
1,825000.0,20%-<30%,1175000.0,319.0,1,Asian,Joint,25-34,70.0,Loan originated
1,275000.0,20%-<30%,345000.0,168.0,1,Hispanic or Latino,Female,25-34,80.0,Loan originated
1,415000.0,20%-<30%,515000.0,130.0,1,Hispanic or Latino,Male,25-34,79.61,Loan originated
1,705000.0,<20%,875000.0,533.0,1,White,Female,45-54,80.0,Loan originated
1,265000.0,41,305000.0,64.0,1,Hispanic or Latino,Female,55-64,86.885,Loan originated
1,595000.0,49,625000.0,137.0,1,Hispanic or Latino,Male,35-44,94.713,Loan originated
1,415000.0,42,505000.0,109.0,1,Hispanic or Latino,Joint,55-64,81.369,Loan originated
1,455000.0,36,505000.0,159.0,1,Hispanic or Latino,Joint,25-34,90.0,Loan originated
1,165000.0,20%-<30%,715000.0,125.0,1,White,Male,45-54,23.08,Loan originated
1,395000.0,20%-<30%,485000.0,247.0,1,White,Male,25-34,80.0,Loan originated
1,475000.0,48,505000.0,129.0,1,White,Joint,35-44,95.0,Loan originated
1,565000.0,30%-<36%,625000.0,206.0,1,Asian,Joint,25-34,90.0,Loan originated
1,1085000.0,30%-<36%,1355000.0,321.0,1,Asian,Joint,25-34,80.0,Loan originated
1,875000.0,48,1105000.0,212.0,1,White,Joint,25-34,79.818,Loan originated
1,205000.0,49,215000.0,105.0,1,White,Female,35-44,95.0,Loan originated
1,1005000.0,43,1535000.0,233.0,1,Asian,Joint,25-34,65.36,Loan originated
1,485000.0,37,615000.0,711.0,1,Hispanic or Latino,Male,45-54,80.0,Loan originated
1,425000.0,44,535000.0,125.0,1,Asian,Male,55-64,80.0,Loan originated
1,875000.0,30%-<36%,1515000.0,282.0,1,Hispanic or Latino,Male,25-34,57.756,Loan originated
1,655000.0,50%-60%,1145000.0,110.0,1,White,Male,35-44,56.571,Application denied
1,1005000.0,36,1465000.0,444.0,1,White,Joint,35-44,85.705,Loan originated
1,335000.0,45,415000.0,75.0,1,Asian,Female,55-64,80.0,Loan originated
1,805000.0,44,855000.0,184.0,1,White,Female,25-34,95.0,Loan originated
1,965000.0,30%-<36%,1215000.0,265.0,1,Asian,Male,25-34,80.0,Loan originated
1,755000.0,39,1375000.0,280.0,1,White,Female,45-54,54.545,Loan originated
1,265000.0,49,335000.0,57.0,1,Hispanic or Latino,Male,25-34,80.0,Loan originated
1,485000.0,48,515000.0,125.0,1,Hispanic or Latino,Joint,25-34,95.0,Loan originated
1,165000.0,44,245000.0,93.0,1,Asian,Joint,55-64,65.58,Loan originated
1,365000.0,20%-<30%,415000.0,135.0,1,Hispanic or Latino,Joint,25-34,93.0,Loan originated
1,665000.0,49,1665000.0,159.0,1,White,Joint,45-54,39.94,Loan originated
1,65000.0,30%-<36%,75000.0,135.0,1,White,Female,65-74,82.56,Loan originated
1,765000.0,46,805000.0,153.0,1,Other,Joint,<25,95.0,Loan originated
1,875000.0,30%-<36%,1455000.0,281.0,1,Asian,Female,35-44,60.345,Loan originated
1,955000.0,30%-<36%,1605000.0,338.0,1,White,Joint,45-54,59.65,Loan originated
1,605000.0,30%-<36%,675000.0,205.0,1,White,Joint,25-34,90.0,Loan originated
1,705000.0,43,785000.0,196.0,1,Hispanic or Latino,Joint,35-44,90.0,Loan originated
1,675000.0,41,845000.0,249.0,1,Hispanic or Latino,Female,65-74,80.0,Loan originated
1,725000.0,45,905000.0,258.0,1,White,Joint,25-34,80.0,Loan originated
1,415000.0,44,435000.0,125.0,1,Hispanic or Latino,Joint,35-44,95.0,Loan originated
1,885000.0,44,1105000.0,242.0,1,Asian,Male,25-34,80.0,Loan originated
1,155000.0,37,165000.0,108.0,1,Asian,Male,45-54,95.0,Loan originated
1,735000.0,40,875000.0,211.0,1,Hispanic or Latino,Female,25-34,85.0,Loan originated
1,675000.0,49,865000.0,240.0,1,Hispanic or Latino,Female,65-74,78.035,Loan originated
1,705000.0,49,875000.0,255.0,1,White,Joint,25-34,80.0,Loan originated
1,665000.0,30%-<36%,745000.0,240.0,1,Asian,Female,25-34,90.0,Loan originated
1,685000.0,49,725000.0,145.0,1,White,Female,25-34,95.0,Loan originated
1,705000.0,37,875000.0,236.0,1,White,Joint,35-44,80.0,Loan originated
1,495000.0,44,515000.0,113.0,1,Hispanic or Latino,Male,45-54,95.0,Loan originated
1,805000.0,39,1655000.0,225.0,1,Asian,Female,45-54,48.485,Loan originated
1,845000.0,42,1055000.0,200.0,1,White,Joint,45-54,80.0,Loan originated
1,305000.0,47,1505000.0,103.0,1,White,Male,45-54,20.0,Loan originated
1,765000.0,43,905000.0,203.0,1,Asian,Male,25-34,84.532,Loan originated
1,465000.0,38,615000.0,182.0,1,Asian,Female,45-54,74.373,Loan originated
1,745000.0,20%-<30%,925000.0,304.0,1,Asian,Male,35-44,80.0,Loan originated
1,595000.0,30%-<36%,745000.0,177.0,1,Asian,Joint,35-44,80.0,Loan originated
1,565000.0,40,705000.0,170.0,1,Hispanic or Latino,Joint,35-44,80.0,Loan originated
1,505000.0,30%-<36%,785000.0,187.0,1,Asian,Joint,25-34,65.0,Loan originated
1,25000.0,38,655000.0,191.0,1,Black or African American,Female,35-44,100.0,Loan originated
1,765000.0,44,965000.0,300.0,1,Asian,Joint,35-44,79.438,Loan originated
1,475000.0,20%-<30%,665000.0,326.0,1,Asian,Male,45-54,71.25,Loan originated
1,325000.0,49,435000.0,64.0,1,Asian,Female,25-34,75.0,Loan originated
1,365000.0,37,665000.0,10.0,1,Asian,Joint,55-64,54.96,Loan originated
1,355000.0,44,445000.0,77.0,1,Asian,Male,35-44,79.986,Loan originated
1,485000.0,20%-<30%,675000.0,299.0,1,White,Joint,25-34,72.373,Loan originated
1,525000.0,47,555000.0,105.0,1,Asian,Male,35-44,95.0,Loan originated
1,705000.0,45,745000.0,237.0,1,White,Joint,25-34,95.0,Loan originated
1,1005000.0,40,1675000.0,565.0,1,White,Joint,45-54,60.0,Loan originated
1,405000.0,45,555000.0,91.0,1,Hispanic or Latino,Joint,25-34,72.727,Loan originated
1,505000.0,37,805000.0,159.0,1,Asian,Male,25-34,61.827,Loan originated
1,625000.0,49,805000.0,182.0,1,Asian,Male,25-34,78.688,Loan originated
1,255000.0,20%-<30%,505000.0,198.0,1,Hispanic or Latino,Female,65-74,50.495,Loan originated
1,465000.0,30%-<36%,575000.0,145.0,1,Asian,Male,35-44,80.0,Application denied
1,475000.0,37,635000.0,287.0,1,White,Male,25-34,75.0,Loan originated
1,475000.0,45,505000.0,286.0,1,Hispanic or Latino,Joint,45-54,95.0,Loan originated
1,765000.0,49,1695000.0,200.0,1,White,Female,35-44,45.224,Loan originated
1,605000.0,<20%,905000.0,375.0,1,White,Male,25-34,66.667,Loan originated
1,845000.0,38,1055000.0,207.0,1,Asian,Joint,35-44,80.0,Loan originated
1,915000.0,44,1715000.0,219.0,1,Asian,Male,25-34,52.969,Loan originated
1,495000.0,20%-<30%,745000.0,184.0,1,Hispanic or Latino,Joint,35-44,66.455,Loan originated
1,345000.0,43,525000.0,140.0,1,Hispanic or Latino,Joint,55-64,64.762,Loan originated
1,495000.0,<20%,1065000.0,522.0,1,White,Male,>74,46.13,Application denied
1,425000.0,42,675000.0,138.0,1,White,Joint,45-54,62.742,Loan originated
1,545000.0,47,575000.0,124.0,1,Hispanic or Latino,Joint,45-54,98.0,Loan originated
1,1145000.0,45,1355000.0,282.0,1,White,Female,65-74,85.0,Loan originated
1,485000.0,43,645000.0,180.0,1,Asian,Female,25-34,74.99992,Loan originated
1,245000.0,30%-<36%,915000.0,92.0,1,White,Male,55-64,26.374,Loan originated
1,705000.0,40,785000.0,288.0,1,White,Joint,45-54,90.0,Loan originated
1,335000.0,40,475000.0,118.0,1,Hispanic or Latino,Male,25-34,70.0,Loan originated
1,585000.0,<20%,835000.0,365.0,1,White,Male,35-44,70.0,Loan originated
1,405000.0,37,505000.0,121.0,1,White,Male,25-34,80.0,Application denied
1,365000.0,44,385000.0,100.0,1,White,Male,35-44,95.0,Loan originated
1,585000.0,42,605000.0,143.0,1,Hispanic or Latino,Joint,25-34,97.0,Loan originated
1,205000.0,47,555000.0,57.0,1,White,Joint,55-64,36.364,Loan originated
1,155000.0,>60%,155000.0,45.0,1,Hispanic or Latino,Female,55-64,101.15,Application denied
1,1115000.0,46,1185000.0,282.0,1,White,Male,35-44,94.0,Loan originated
1,1075000.0,49,1195000.0,207.0,1,White,Joint,35-44,90.0,Loan originated
1,645000.0,37,715000.0,155.0,1,Hispanic or Latino,Male,35-44,89.99,Loan originated
1,1115000.0,38,2225000.0,350.0,1,White,Joint,25-34,50.0,Loan originated
1,945000.0,39,1265000.0,242.0,1,White,Joint,25-34,75.743,Loan originated
1,355000.0,40,425000.0,133.0,1,Hispanic or Latino,Joint,25-34,84.397,Loan originated
1,345000.0,49,435000.0,118.0,1,White,Joint,55-64,100.0,Loan originated
1,675000.0,39,1195000.0,247.0,1,Asian,Joint,35-44,89.958,Loan originated
1,345000.0,30%-<36%,745000.0,145.0,1,Black or African American,Joint,55-64,46.387,Loan originated
1,425000.0,50%-60%,525000.0,172.0,1,Hispanic or Latino,Male,35-44,80.0,Application denied
1,455000.0,48,755000.0,107.0,1,Hispanic or Latino,Female,25-34,60.0,Loan originated
1,205000.0,>60%,455000.0,30.0,1,White,Female,65-74,44.444,Application denied
1,625000.0,37,775000.0,374.0,1,Asian,Joint,35-44,80.0,Loan originated
1,435000.0,46,455000.0,100.0,1,Hispanic or Latino,Joint,<25,97.0,Loan originated
1,435000.0,45,445000.0,106.0,1,Black or African American,Female,35-44,97.0,Loan originated
1,485000.0,<20%,515000.0,253.0,1,White,Female,25-34,95.0,Loan originated
1,935000.0,20%-<30%,1165000.0,427.0,1,White,Male,25-34,80.0,Loan originated
1,565000.0,30%-<36%,705000.0,162.0,1,White,Male,25-34,80.0,Loan originated
1,355000.0,40,555000.0,9.0,1,Asian,Male,55-64,63.64,Loan originated
1,765000.0,48,1265000.0,175.0,1,Hispanic or Latino,Joint,45-54,60.833,Loan originated
1,765000.0,48,1025000.0,168.0,1,White,Male,55-64,74.79,Loan originated
1,1005000.0,30%-<36%,2045000.0,390.0,1,White,Joint,25-34,48.84,Loan originated
1,745000.0,36,945000.0,271.0,1,White,Joint,35-44,78.78,Loan originated
1,395000.0,<20%,1595000.0,373.0,1,White,Female,55-64,24.76,Loan originated
1,745000.0,48,935000.0,159.0,1,Asian,Joint,45-54,80.0,Loan originated
1,405000.0,36,505000.0,207.0,1,White,Joint,65-74,80.0,Loan originated
1,465000.0,43,515000.0,166.0,1,Asian,Male,25-34,90.0,Loan originated
1,515000.0,39,645000.0,142.0,1,Asian,Female,35-44,80.0,Loan originated
1,675000.0,>60%,705000.0,105.0,1,Asian,Male,35-44,95.0,Application denied
1,105000.0,42,245000.0,49.0,1,White,Male,55-64,41.667,Loan originated
1,735000.0,36,915000.0,292.0,1,White,Joint,55-64,80.0,Loan originated
1,405000.0,44,515000.0,110.0,1,Hispanic or Latino,Male,25-34,80.0,Loan originated
1,735000.0,38,775000.0,204.0,1,Hispanic or Latino,Male,<25,95.0,Loan originated
1,535000.0,44,665000.0,163.0,1,White,Joint,>74,80.0,Loan originated
1,545000.0,46,685000.0,165.0,1,Asian,Female,35-44,80.0,Loan originated
1,685000.0,<20%,855000.0,347.0,1,Asian,Joint,35-44,80.0,Loan originated
1,295000.0,49,305000.0,57.0,1,White,Male,<25,96.92,Loan originated
1,365000.0,43,455000.0,147.0,1,White,Joint,65-74,80.0,Loan originated
1,175000.0,46,705000.0,58.0,1,Hispanic or Latino,Joint,55-64,24.113,Loan originated
1,565000.0,20%-<30%,1395000.0,246.0,1,Asian,Joint,35-44,40.36,Loan originated
1,515000.0,48,555000.0,161.0,1,White,Joint,35-44,93.0,Loan originated
1,765000.0,44,965000.0,227.0,1,White,Joint,45-54,80.0,Loan originated
1,805000.0,42,855000.0,189.0,1,White,Joint,35-44,95.0,Loan originated
1,435000.0,41,455000.0,154.0,1,Asian,Male,25-34,95.0,Loan originated
1,825000.0,36,825000.0,496.0,1,Asian,Joint,35-44,100.003,Application denied
1,965000.0,30%-<36%,1215000.0,272.0,1,Asian,Male,35-44,80.0,Loan originated
1,645000.0,49,675000.0,131.0,1,Hispanic or Latino,Joint,35-44,97.0,Loan originated
1,515000.0,44,645000.0,135.0,1,Asian,Male,35-44,100.0,Loan originated
1,565000.0,45,595000.0,168.0,1,Asian,Joint,35-44,95.0,Loan originated
1,385000.0,37,395000.0,135.0,1,Hispanic or Latino,Male,45-54,97.0,Loan originated
1,295000.0,43,665000.0,87.0,1,Asian,Joint,25-34,44.731,Loan originated
1,815000.0,<20%,1015000.0,414.0,1,Black or African American,Male,25-34,80.0,Loan originated
1,685000.0,47,855000.0,149.0,1,White,Joint,<25,80.0,Loan originated
1,855000.0,20%-<30%,1615000.0,655.0,1,Asian,Male,35-44,52.795,Loan originated
1,705000.0,30%-<36%,885000.0,225.0,1,Asian,Joint,35-44,80.0,Loan originated
1,465000.0,36,575000.0,164.0,1,White,Joint,25-34,80.0,Application denied
1,585000.0,50%-60%,615000.0,133.0,1,Black or African American,Female,45-54,95.0,Loan originated
1,595000.0,49,715000.0,116.0,1,Hispanic or Latino,Female,25-34,83.8,Loan originated
1,835000.0,39,1045000.0,250.0,1,Asian,Male,25-34,80.0,Loan originated
1,255000.0,48,385000.0,135.0,1,White,Male,25-34,66.81,Application denied
1,705000.0,49,1005000.0,216.0,1,Asian,Male,45-54,69.652,Loan originated
1,75000.0,43,145000.0,65.0,1,Hispanic or Latino,Female,35-44,50.0,Loan originated
1,285000.0,36,295000.0,104.0,1,White,Joint,45-54,97.0,Loan originated
1,335000.0,30%-<36%,425000.0,127.0,1,Asian,Joint,35-44,80.0,Loan originated
1,625000.0,43,785000.0,141.0,1,White,Joint,25-34,80.0,Loan originated
1,265000.0,45,275000.0,75.0,1,Hispanic or Latino,Male,35-44,96.481,Application denied
1,385000.0,41,475000.0,107.0,1,White,Joint,65-74,80.0,Loan originated
1,605000.0,49,645000.0,151.0,1,Hispanic or Latino,Male,25-34,95.0,Loan originated
1,245000.0,20%-<30%,255000.0,101.0,1,White,Male,55-64,95.0,Loan originated
1,295000.0,20%-<30%,425000.0,130.0,1,White,Joint,65-74,68.24,Loan originated
1,425000.0,47,455000.0,143.0,1,Asian,Joint,25-34,96.333,Application denied
1,1095000.0,38,1375000.0,287.0,1,White,Joint,35-44,80.0,Loan originated
1,405000.0,20%-<30%,925000.0,198.0,1,White,Joint,55-64,43.243,Loan originated
1,455000.0,48,475000.0,134.0,1,Hispanic or Latino,Male,35-44,95.0,Loan originated
1,265000.0,49,535000.0,56.0,1,Black or African American,Female,25-34,50.0,Loan originated
1,155000.0,42,665000.0,54.0,1,White,Female,65-74,22.49,Loan originated
1,425000.0,40,535000.0,134.0,1,Hispanic or Latino,Female,55-64,80.0,Loan originated
1,305000.0,20%-<30%,335000.0,132.0,1,White,Female,55-64,90.0,Loan originated
1,235000.0,49,295000.0,83.0,1,White,Female,65-74,80.0,Loan originated
1,385000.0,20%-<30%,475000.0,149.0,1,White,Joint,25-34,80.0,Loan originated
1,325000.0,>60%,1505000.0,25.0,1,Black or African American,Female,>74,21.667,Application denied
1,725000.0,49,915000.0,180.0,1,Asian,Female,35-44,79.61,Loan originated
1,615000.0,30%-<36%,775000.0,387.0,1,Asian,Female,25-34,80.0,Loan originated
1,325000.0,20%-<30%,405000.0,179.0,1,Hispanic or Latino,Male,35-44,80.0,Application denied
1,745000.0,30%-<36%,1205000.0,228.0,1,Asian,Joint,25-34,61.667,Loan originated
1,685000.0,>60%,705000.0,101.0,1,Hispanic or Latino,Male,35-44,100.0,Loan originated
1,115000.0,30%-<36%,125000.0,155.0,1,White,Male,65-74,95.0,Loan originated
1,525000.0,30%-<36%,555000.0,181.0,1,White,Joint,35-44,95.0,Loan originated
1,445000.0,49,565000.0,95.0,1,White,Female,35-44,80.0,Loan originated
1,255000.0,45,275000.0,101.0,1,White,Male,55-64,90.0,Loan originated
1,495000.0,20%-<30%,685000.0,245.0,1,White,Joint,35-44,71.53,Loan originated
1,135000.0,42,535000.0,46.0,1,White,Joint,55-64,24.528,Loan originated
1,935000.0,41,1245000.0,283.0,1,White,Joint,55-64,75.0,Loan originated
1,305000.0,30%-<36%,365000.0,114.0,1,Hispanic or Latino,Male,25-34,105.0,Loan originated
1,625000.0,50%-60%,675000.0,110.0,1,Black or African American,Female,25-34,91.852,Loan originated
1,355000.0,48,1655000.0,102.0,1,Asian,Joint,25-34,21.212,Loan originated
1,725000.0,48,1225000.0,219.0,1,Asian,Joint,25-34,59.0,Loan originated
1,1005000.0,50%-60%,2105000.0,152.0,1,White,Female,65-74,47.619,Loan originated
1,605000.0,20%-<30%,835000.0,192.0,1,Asian,Male,35-44,72.582,Loan originated
1,605000.0,39,755000.0,158.0,1,Asian,Male,25-34,80.0,Loan originated
1,855000.0,45,1145000.0,206.0,1,White,Joint,35-44,75.0,Loan originated
1,695000.0,49,865000.0,194.0,1,Asian,Joint,25-34,80.0,Loan originated
1,915000.0,48,1225000.0,225.0,1,Hispanic or Latino,Female,25-34,75.0,Loan originated
1,745000.0,36,935000.0,254.0,1,White,Male,45-54,80.0,Loan originated
1,425000.0,48,475000.0,98.0,1,Hispanic or Latino,Male,25-34,90.0,Loan originated
1,425000.0,41,455000.0,104.0,1,Hispanic or Latino,Male,25-34,95.0,Loan originated
1,115000.0,50%-60%,115000.0,74.0,1,Black or African American,Joint,35-44,95.0,Loan originated
1,1125000.0,30%-<36%,1525000.0,352.0,1,Asian,Joint,25-34,73.684,Loan originated
1,1075000.0,30%-<36%,1535000.0,379.0,1,Asian,Joint,35-44,70.0,Loan originated
1,525000.0,49,655000.0,160.0,1,Black or African American,Female,45-54,80.0,Loan originated
1,375000.0,40,465000.0,90.0,1,Hispanic or Latino,Female,25-34,80.0,Loan originated
1,715000.0,49,835000.0,136.0,1,White,Female,35-44,85.0,Loan originated
1,455000.0,50%-60%,475000.0,96.0,1,Hispanic or Latino,Male,45-54,95.0,Application denied
1,385000.0,46,415000.0,100.0,1,Hispanic or Latino,Male,35-44,95.0,Application denied
1,285000.0,40,305000.0,76.0,1,White,Joint,25-34,95.0,Loan originated
1,1005000.0,50%-60%,1255000.0,374.0,1,White,Male,45-54,80.0,Loan originated
1,1085000.0,42,1355000.0,322.0,1,White,Joint,35-44,80.0,Loan originated
1,905000.0,<20%,1135000.0,1166.0,1,Hispanic or Latino,Male,25-34,80.0,Loan originated
1,405000.0,49,455000.0,108.0,1,White,Joint,25-34,90.0,Loan originated
1,445000.0,20%-<30%,565000.0,228.0,1,Asian,Joint,55-64,80.0,Loan originated
1,625000.0,49,775000.0,138.0,1,White,Female,55-64,80.0,Loan originated
1,335000.0,20%-<30%,435000.0,207.0,1,White,Joint,65-74,76.74,Loan originated
1,695000.0,46,895000.0,234.0,1,White,Joint,45-54,77.59,Loan originated
1,985000.0,44,1315000.0,225.0,1,White,Joint,35-44,75.0,Loan originated
1,285000.0,20%-<30%,475000.0,175.0,1,Hispanic or Latino,Joint,35-44,60.0,Loan originated
1,455000.0,39,535000.0,124.0,1,White,Female,55-64,85.0,Loan originated
1,495000.0,45,765000.0,141.0,1,White,Joint,45-54,65.0,Loan originated
1,955000.0,39,1195000.0,259.0,1,White,Male,35-44,80.0,Loan originated
1,665000.0,30%-<36%,705000.0,273.0,1,Hispanic or Latino,Joint,25-34,94.894,Loan originated
1,615000.0,41,775000.0,185.0,1,White,Male,25-34,80.0,Loan originated
1,715000.0,39,785000.0,182.0,1,White,Joint,35-44,92.0,Loan originated
1,235000.0,48,245000.0,50.0,1,Hispanic or Latino,Male,<25,95.0,Loan originated
1,335000.0,37,425000.0,135.0,1,Asian,Female,45-54,80.0,Loan originated
1,455000.0,30%-<36%,855000.0,174.0,1,White,Joint,35-44,52.941,Loan originated
1,495000.0,40,1195000.0,150.0,1,Asian,Male,25-34,41.622,Loan originated
1,205000.0,43,905000.0,79.0,1,Asian,Female,25-34,22.1,Loan originated
1,255000.0,20%-<30%,605000.0,114.0,1,White,Male,45-54,41.667,Application denied
1,265000.0,38,575000.0,98.0,1,Black or African American,Joint,55-64,45.077,Loan originated
1,585000.0,40,685000.0,181.0,1,Hispanic or Latino,Male,25-34,85.0,Loan originated
1,385000.0,30%-<36%,425000.0,192.0,1,White,Joint,25-34,90.0,Loan originated
1,305000.0,<20%,505000.0,287.0,1,Asian,Male,65-74,60.0,Loan originated
1,315000.0,47,345000.0,80.0,1,White,Male,35-44,90.0,Loan originated
1,365000.0,49,395000.0,70.0,1,Hispanic or Latino,Female,25-34,92.31,Loan originated
1,895000.0,30%-<36%,995000.0,306.0,1,White,Joint,35-44,90.0,Loan originated
1,225000.0,37,235000.0,156.0,1,Hispanic or Latino,Joint,35-44,94.74,Loan originated
1,235000.0,40,255000.0,116.0,1,Hispanic or Latino,Male,45-54,95.0,Loan originated
1,595000.0,42,745000.0,224.0,1,White,Male,35-44,80.0,Loan originated
1,645000.0,47,815000.0,156.0,1,White,Male,55-64,80.0,Loan originated
1,635000.0,50%-60%,945000.0,135.0,1,Hispanic or Latino,Joint,55-64,68.0,Loan originated
1,695000.0,<20%,875000.0,8400.0,1,White,Male,35-44,80.0,Loan originated
1,1005000.0,42,1075000.0,287.0,1,White,Male,25-34,94.02,Loan originated
1,935000.0,39,1125000.0,231.0,1,White,Joint,35-44,83.0,Loan originated
1,505000.0,47,525000.0,132.0,1,Other,Female,45-54,97.12,Loan originated
1,305000.0,49,325000.0,78.0,1,White,Female,55-64,99.0,Loan originated
1,1145000.0,43,1295000.0,306.0,1,Asian,Joint,25-34,88.584,Loan originated
1,475000.0,41,585000.0,133.0,1,Hispanic or Latino,Joint,55-64,80.0,Loan originated
1,105000.0,40,605000.0,44.0,1,Hispanic or Latino,Female,65-74,16.529,Loan originated
1,875000.0,42,1105000.0,351.0,1,White,Joint,55-64,79.583,Loan originated
1,675000.0,20%-<30%,845000.0,201.0,1,White,Female,35-44,80.0,Loan originated
1,935000.0,44,1165000.0,198.0,1,Asian,Male,35-44,80.0,Loan originated
1,755000.0,40,945000.0,215.0,1,White,Female,25-34,80.0,Loan originated
1,215000.0,20%-<30%,355000.0,90.0,1,White,Male,35-44,59.384,Loan originated
1,875000.0,48,975000.0,192.0,1,Asian,Male,45-54,90.0,Loan originated
1,745000.0,30%-<36%,785000.0,285.0,1,White,Joint,45-54,95.0,Loan originated
1,555000.0,49,795000.0,143.0,1,White,Joint,>74,70.083,Loan originated
1,345000.0,47,435000.0,102.0,1,White,Joint,65-74,80.0,Loan originated
1,1045000.0,49,1105000.0,228.0,1,White,Joint,25-34,98.0,Loan originated
1,485000.0,39,535000.0,167.0,1,White,Female,35-44,90.0,Loan originated
1,655000.0,43,835000.0,201.0,1,Hispanic or Latino,Joint,45-54,77.844,Loan originated
1,375000.0,20%-<30%,535000.0,156.0,1,Black or African American,Female,55-64,70.0,Loan originated
1,255000.0,30%-<36%,665000.0,124.0,1,Asian,Joint,35-44,38.95,Loan originated
1,905000.0,37,1265000.0,255.0,1,White,Joint,25-34,71.146,Loan originated
1,715000.0,40,745000.0,207.0,1,Black or African American,Joint,35-44,97.0,Loan originated
1,695000.0,42,875000.0,382.0,1,White,Joint,25-34,80.0,Loan originated
1,125000.0,37,605000.0,82.0,1,Hispanic or Latino,Male,65-74,20.792,Loan originated
1,575000.0,40,715000.0,140.0,1,White,Male,25-34,80.0,Loan originated
1,585000.0,20%-<30%,785000.0,282.0,1,Asian,Joint,45-54,75.0,Loan originated
1,645000.0,36,805000.0,246.0,1,Asian,Joint,25-34,80.0,Loan originated
1,185000.0,38,555000.0,83.0,1,White,Female,65-74,32.727,Loan originated
1,585000.0,46,815000.0,135.0,1,Asian,Male,25-34,72.0,Loan originated
1,575000.0,41,765000.0,175.0,1,Hispanic or Latino,Joint,55-64,75.0,Loan originated
1,705000.0,36,1985000.0,225.0,1,White,Male,65-74,35.247,Loan originated
1,415000.0,30%-<36%,695000.0,154.0,1,Black or African American,Female,55-64,60.0,Loan originated
1,915000.0,49,965000.0,248.0,1,White,Joint,55-64,95.0,Loan originated
1,565000.0,49,635000.0,109.0,1,Asian,Joint,45-54,90.0,Loan originated
1,735000.0,38,755000.0,233.0,1,Asian,Joint,45-54,97.0,Loan originated
1,855000.0,37,1255000.0,281.0,1,White,Male,45-54,68.0,Loan originated
1,585000.0,49,735000.0,129.0,1,Hispanic or Latino,Male,25-34,80.0,Loan originated
1,375000.0,41,495000.0,208.0,1,Hispanic or Latino,Male,35-44,75.0,Loan originated
1,645000.0,46,805000.0,155.0,1,Asian,Female,35-44,80.0,Loan originated
1,555000.0,47,585000.0,138.0,1,Hispanic or Latino,Joint,25-34,95.0,Loan originated
1,505000.0,47,565000.0,156.0,1,Hispanic or Latino,Joint,25-34,90.0,Loan originated
1,325000.0,30%-<36%,345000.0,98.0,1,Hispanic or Latino,Male,25-34,100.0,Loan originated
1,295000.0,37,405000.0,78.0,1,Asian,Male,25-34,72.84,Loan originated
1,565000.0,30%-<36%,705000.0,242.0,1,Hispanic or Latino,Male,55-64,80.0,Loan originated
1,525000.0,50%-60%,655000.0,113.0,1,White,Joint,35-44,80.0,Application denied
1,655000.0,47,875000.0,141.0,1,Asian,Male,25-34,75.0,Loan originated
1,155000.0,30%-<36%,605000.0,105.0,1,Asian,Male,65-74,24.635,Loan originated
1,425000.0,30%-<36%,525000.0,208.0,1,White,Joint,45-54,80.0,Application denied
1,625000.0,49,895000.0,149.0,1,White,Female,35-44,70.0,Loan originated
1,305000.0,36,1205000.0,112.0,1,White,Male,65-74,25.0,Loan originated
1,495000.0,30%-<36%,615000.0,230.0,1,Asian,Joint,45-54,80.0,Loan originated
1,585000.0,48,655000.0,132.0,1,White,Male,25-34,89.991,Loan originated
1,665000.0,<20%,665000.0,342.0,1,Asian,Female,25-34,100.0,Loan originated
1,135000.0,20%-<30%,155000.0,303.0,1,White,Joint,55-64,90.0,Loan originated
1,1045000.0,45,1315000.0,259.0,1,Asian,Joint,25-34,80.0,Loan originated
1,685000.0,41,885000.0,290.0,1,White,Joint,35-44,77.401,Loan originated
1,585000.0,38,725000.0,175.0,1,Asian,Male,25-34,80.0,Loan originated
1,185000.0,37,505000.0,83.0,1,White,Joint,45-54,35.991,Loan originated
1,335000.0,49,355000.0,62.0,1,Asian,Male,55-64,95.0,Loan originated
1,505000.0,43,635000.0,140.0,1,Asian,Female,35-44,80.0,Loan originated
1,475000.0,49,905000.0,103.0,1,White,Female,35-44,52.486,Loan originated
1,295000.0,20%-<30%,655000.0,170.0,1,Hispanic or Latino,Male,35-44,44.383,Loan originated
1,765000.0,30%-<36%,965000.0,299.0,1,White,Joint,35-44,79.379,Loan originated
1,325000.0,44,355000.0,72.0,1,White,Male,<25,92.857,Loan originated
1,505000.0,39,535000.0,144.0,1,Hispanic or Latino,Male,25-34,95.0,Loan originated
1,1145000.0,41,1615000.0,390.0,1,Hispanic or Latino,Joint,65-74,71.31,Loan originated
1,1075000.0,36,1455000.0,308.0,1,White,Female,45-54,74.14,Loan originated
1,145000.0,20%-<30%,945000.0,188.0,1,White,Female,55-64,14.894,Loan originated
1,655000.0,36,735000.0,195.0,1,White,Female,45-54,90.0,Loan originated
1,105000.0,20%-<30%,405000.0,117.0,1,Hispanic or Latino,Joint,55-64,25.0,Loan originated
1,575000.0,43,605000.0,220.0,1,Hispanic or Latino,Male,35-44,95.0,Loan originated
1,605000.0,20%-<30%,755000.0,203.0,1,Hispanic or Latino,Male,45-54,80.0,Loan originated
1,1005000.0,37,1335000.0,282.0,1,Asian,Male,25-34,75.0,Loan originated
1,525000.0,20%-<30%,2525000.0,376.0,1,White,Joint,45-54,20.792,Loan originated
1,165000.0,<20%,215000.0,114.0,1,White,Female,25-34,78.0,Application denied
1,595000.0,39,925000.0,247.0,1,White,Joint,35-44,64.674,Loan originated
1,355000.0,48,445000.0,66.0,1,Hispanic or Latino,Male,45-54,80.0,Loan originated
1,685000.0,43,765000.0,190.0,1,White,Joint,35-44,89.941,Loan originated
1,275000.0,43,815000.0,196.0,1,Asian,Male,35-44,34.0,Loan originated
1,595000.0,40,855000.0,288.0,1,Asian,Joint,25-34,70.0,Loan originated
1,475000.0,48,1235000.0,116.0,1,White,Female,35-44,38.47,Loan originated
1,575000.0,49,785000.0,118.0,1,Other,Male,25-34,73.718,Loan originated
1,375000.0,47,465000.0,74.0,1,Asian,Male,35-44,80.0,Loan originated
1,375000.0,30%-<36%,425000.0,110.0,1,White,Female,65-74,90.0,Loan originated
1,475000.0,42,695000.0,115.0,1,White,Joint,55-64,67.811,Loan originated
1,605000.0,49,635000.0,130.0,1,Black or African American,Joint,55-64,95.0,Loan originated
1,565000.0,48,595000.0,175.0,1,Hispanic or Latino,Joint,25-34,95.0,Loan originated
1,725000.0,47,765000.0,151.0,1,White,Female,25-34,95.0,Loan originated
1,235000.0,30%-<36%,775000.0,116.0,1,White,Joint,55-64,30.68,Loan originated
1,515000.0,37,605000.0,167.0,1,Hispanic or Latino,Male,45-54,85.0,Loan originated
1,555000.0,30%-<36%,695000.0,160.0,1,Hispanic or Latino,Male,65-74,80.0,Loan originated
1,395000.0,47,595000.0,91.0,1,Other,Female,35-44,66.102,Loan originated
1,165000.0,48,165000.0,73.0,1,White,Female,45-54,100.0,Loan originated
1,775000.0,20%-<30%,1325000.0,438.0,1,White,Joint,65-74,58.584,Loan originated
1,425000.0,30%-<36%,495000.0,156.0,1,Black or African American,Female,55-64,85.75,Loan originated
1,195000.0,20%-<30%,205000.0,95.0,1,White,Male,35-44,95.0,Loan originated
1,495000.0,37,665000.0,138.0,1,White,Male,35-44,75.0,Loan originated
1,725000.0,30%-<36%,905000.0,239.0,1,White,Joint,35-44,80.0,Loan originated
1,515000.0,<20%,895000.0,525.0,1,Hispanic or Latino,Male,35-44,57.22,Loan originated
1,805000.0,42,1005000.0,344.0,1,White,Joint,35-44,80.0,Loan originated
1,415000.0,43,515000.0,85.0,1,White,Male,<25,80.0,Loan originated
1,665000.0,48,965000.0,215.0,1,Asian,Joint,45-54,69.263,Loan originated
1,505000.0,30%-<36%,565000.0,160.0,1,Hispanic or Latino,Male,25-34,90.0,Loan originated
1,305000.0,20%-<30%,695000.0,112.0,1,Hispanic or Latino,Male,35-44,43.777,Loan originated
1,815000.0,45,1115000.0,180.0,1,Asian,Male,35-44,72.97,Loan originated
1,305000.0,42,315000.0,69.0,1,White,Male,35-44,97.0,Loan originated
1,345000.0,30%-<36%,745000.0,145.0,1,White,Joint,25-34,46.432,Loan originated
1,315000.0,47,355000.0,81.0,1,Hispanic or Latino,Female,55-64,90.0,Loan originated
1,345000.0,30%-<36%,365000.0,153.0,1,White,Male,25-34,97.0,Loan originated
1,305000.0,20%-<30%,385000.0,115.0,1,White,Male,25-34,100.0,Loan originated
1,735000.0,50%-60%,765000.0,187.0,1,Asian,Male,25-34,95.0,Application denied
1,765000.0,39,825000.0,221.0,1,Asian,Joint,25-34,92.489,Loan originated
1,225000.0,37,245000.0,73.0,1,Hispanic or Latino,Male,35-44,95.0,Loan originated
1,615000.0,30%-<36%,645000.0,211.0,1,White,Joint,45-54,95.0,Loan originated
1,555000.0,44,695000.0,249.0,1,Asian,Male,35-44,79.848,Loan originated
1,635000.0,30%-<36%,785000.0,200.0,1,White,Female,35-44,80.0,Loan originated
1,505000.0,47,935000.0,216.0,1,White,Joint,65-74,53.596,Loan originated
1,595000.0,47,785000.0,126.0,1,White,Female,55-64,76.0,Loan originated
1,215000.0,40,235000.0,59.0,1,Hispanic or Latino,Female,55-64,91.304,Loan originated
1,535000.0,50%-60%,625000.0,96.0,1,White,Joint,25-34,85.0,Loan originated
1,375000.0,<20%,975000.0,245.0,1,Asian,Joint,35-44,38.46,Loan originated
1,655000.0,49,1155000.0,140.0,1,Asian,Male,<25,57.0,Loan originated
1,165000.0,20%-<30%,215000.0,59.0,1,White,Male,65-74,80.0,Loan originated
1,325000.0,43,385000.0,80.0,1,Asian,Male,45-54,85.0,Loan originated
1,185000.0,38,225000.0,73.0,1,Asian,Female,45-54,85.0,Loan originated
1,315000.0,37,465000.0,115.0,1,White,Joint,25-34,67.391,Loan originated
1,855000.0,30%-<36%,955000.0,275.0,1,White,Joint,25-34,90.0,Loan originated
1,765000.0,30%-<36%,1105000.0,300.0,1,Asian,Male,45-54,69.636,Loan originated
1,105000.0,20%-<30%,635000.0,80.0,1,White,Male,35-44,15.748,Application denied
1,575000.0,44,725000.0,167.0,1,White,Joint,45-54,80.0,Loan originated
1,475000.0,49,585000.0,130.0,1,White,Joint,35-44,101.692,Loan originated
1,545000.0,46,575000.0,135.0,1,Hispanic or Latino,Joint,25-34,95.0,Loan originated
1,905000.0,20%-<30%,1415000.0,316.0,1,Asian,Joint,25-34,63.604,Loan originated
1,495000.0,39,515000.0,138.0,1,White,Male,55-64,95.0,Loan originated
1,875000.0,49,1355000.0,187.0,1,White,Joint,45-54,64.963,Loan originated
1,525000.0,42,555000.0,151.0,1,Hispanic or Latino,Joint,25-34,95.0,Loan originated
1,685000.0,49,855000.0,334.0,1,Asian,Joint,45-54,80.0,Loan originated
1,615000.0,49,645000.0,193.0,1,White,Female,45-54,95.0,Loan originated
1,405000.0,30%-<36%,855000.0,11.0,1,Asian,Male,25-34,47.06,Loan originated
1,435000.0,49,585000.0,187.0,1,White,Male,35-44,75.0,Loan originated
1,805000.0,48,1075000.0,200.0,1,Asian,Joint,35-44,75.0,Loan originated
1,515000.0,48,825000.0,139.0,1,White,Female,25-34,62.424,Loan originated
1,565000.0,50%-60%,705000.0,192.0,1,White,Male,35-44,80.0,Loan originated
1,1025000.0,44,1285000.0,250.0,1,White,Joint,35-44,80.0,Loan originated
1,755000.0,43,845000.0,236.0,1,Hispanic or Latino,Female,25-34,90.0,Loan originated
1,505000.0,30%-<36%,885000.0,160.0,1,White,Joint,65-74,56.818,Loan originated
1,635000.0,38,725000.0,170.0,1,Asian,Male,35-44,87.505,Loan originated
1,285000.0,44,305000.0,88.0,1,White,Female,<25,95.0,Loan originated
1,365000.0,46,405000.0,84.0,1,Asian,Male,35-44,90.0,Loan originated
1,1055000.0,30%-<36%,1415000.0,274.0,1,White,Male,45-54,74.21,Loan originated
1,965000.0,39,1205000.0,367.0,1,Asian,Female,45-54,80.0,Loan originated
1,325000.0,30%-<36%,415000.0,116.0,1,Hispanic or Latino,Male,25-34,80.0,Loan originated
1,555000.0,39,1215000.0,171.0,1,White,Male,55-64,45.082,Loan originated
1,495000.0,30%-<36%,905000.0,197.0,1,Asian,Female,35-44,55.0,Loan originated
1,625000.0,43,775000.0,161.0,1,White,Male,55-64,80.0,Loan originated
1,495000.0,41,665000.0,127.0,1,Asian,Male,35-44,75.0,Loan originated
1,755000.0,40,1255000.0,257.0,1,White,Joint,35-44,60.0,Loan originated
1,645000.0,36,1175000.0,184.0,1,Hispanic or Latino,Female,55-64,55.128,Loan originated
1,785000.0,41,985000.0,190.0,1,White,Joint,35-44,80.0,Loan originated
1,155000.0,43,205000.0,62.0,1,White,Male,65-74,75.61,Loan originated
1,505000.0,48,1845000.0,138.0,1,Asian,Male,25-34,27.03,Loan originated
1,695000.0,49,925000.0,136.0,1,White,Joint,45-54,75.0,Loan originated
1,565000.0,>60%,585000.0,116.0,1,Hispanic or Latino,Joint,55-64,99.558,Loan originated
1,245000.0,36,305000.0,95.0,1,White,Female,25-34,80.0,Loan originated
1,425000.0,47,495000.0,214.0,1,White,Joint,25-34,85.715,Loan originated
1,865000.0,46,905000.0,313.0,1,White,Female,55-64,95.0,Loan originated
1,745000.0,49,935000.0,203.0,1,Asian,Female,65-74,80.0,Application denied
1,715000.0,36,795000.0,240.0,1,Asian,Male,35-44,89.99,Loan originated
1,485000.0,45,645000.0,117.0,1,Other,Female,25-34,75.0,Loan originated
1,105000.0,20%-<30%,875000.0,433.0,1,White,Male,25-34,11.436,Loan originated
1,435000.0,30%-<36%,535000.0,227.0,1,Asian,Male,45-54,80.0,Loan originated
1,535000.0,49,565000.0,307.0,1,White,Female,55-64,95.0,Loan originated
1,1005000.0,45,1305000.0,281.0,1,Asian,Joint,35-44,76.923,Loan originated
1,255000.0,<20%,1755000.0,296.0,1,White,Male,45-54,14.286,Loan originated
1,245000.0,30%-<36%,645000.0,97.0,1,Asian,Male,25-34,38.0,Loan originated
1,985000.0,44,1645000.0,263.0,1,Asian,Joint,45-54,60.0,Loan originated
1,635000.0,45,795000.0,162.0,1,Asian,Joint,25-34,80.0,Loan originated
1,965000.0,44,1495000.0,309.0,1,Asian,Female,35-44,65.0,Loan originated
1,1125000.0,38,1325000.0,312.0,1,Hispanic or Latino,Female,35-44,85.0,Loan originated
1,305000.0,30%-<36%,455000.0,111.0,1,White,Male,25-34,66.67,Loan originated
1,395000.0,20%-<30%,505000.0,142.0,1,Asian,Female,35-44,78.0,Loan originated
1,415000.0,48,515000.0,95.0,1,White,Female,35-44,80.0,Loan originated
1,205000.0,46,425000.0,49.0,1,White,Female,45-54,48.235,Loan originated
1,625000.0,20%-<30%,1455000.0,414.0,1,White,Joint,25-34,43.1,Loan originated
1,655000.0,48,1145000.0,303.0,1,White,Joint,>74,56.958,Loan originated
1,885000.0,30%-<36%,1105000.0,227.0,1,Asian,Male,35-44,80.0,Loan originated
1,695000.0,40,725000.0,184.0,1,White,Joint,35-44,97.0,Loan originated
1,625000.0,45,695000.0,202.0,1,Asian,Male,25-34,90.0,Loan originated
1,535000.0,42,805000.0,125.0,1,Other,Male,35-44,67.0,Loan originated
1,755000.0,41,795000.0,217.0,1,Hispanic or Latino,Joint,25-34,94.937,Loan originated
1,515000.0,49,645000.0,115.0,1,Asian,Male,25-34,79.955,Loan originated
1,635000.0,37,795000.0,174.0,1,Asian,Female,25-34,80.0,Loan originated
1,105000.0,47,425000.0,81.0,1,Hispanic or Latino,Female,65-74,23.81,Loan originated
1,635000.0,47,1265000.0,159.0,1,Asian,Joint,65-74,50.0,Loan originated
1,285000.0,47,435000.0,243.0,1,Hispanic or Latino,Male,25-34,65.278,Loan originated
1,585000.0,36,735000.0,159.0,1,Hispanic or Latino,Female,45-54,80.0,Loan originated
1,435000.0,36,545000.0,171.0,1,Black or African American,Male,25-34,80.0,Loan originated
1,975000.0,39,1095000.0,275.0,1,Asian,Joint,25-34,89.041,Loan originated
1,365000.0,30%-<36%,455000.0,123.0,1,White,Male,35-44,80.0,Loan originated
1,945000.0,49,1055000.0,262.0,1,Asian,Joint,45-54,90.0,Loan originated
1,825000.0,50%-60%,865000.0,165.0,1,Black or African American,Female,35-44,95.0,Application denied
1,255000.0,46,455000.0,65.0,1,Hispanic or Latino,Male,35-44,56.521,Loan originated
1,595000.0,46,745000.0,164.0,1,Hispanic or Latino,Joint,35-44,80.0,Loan originated
1,1095000.0,38,1575000.0,411.0,1,Asian,Joint,45-54,85.924,Loan originated
1,795000.0,20%-<30%,1065000.0,257.0,1,Asian,Male,35-44,75.0,Loan originated
1,1145000.0,41,1315000.0,308.0,1,White,Joint,35-44,87.771,Loan originated
1,465000.0,40,665000.0,250.0,1,Asian,Male,35-44,69.697,Loan originated
1,985000.0,30%-<36%,1995000.0,386.0,1,Hispanic or Latino,Female,45-54,49.246,Loan originated
1,95000.0,30%-<36%,105000.0,84.0,1,Asian,Female,25-34,95.0,Loan originated
1,655000.0,20%-<30%,755000.0,373.0,1,Hispanic or Latino,Joint,45-54,87.0,Loan originated
1,625000.0,44,645000.0,182.0,1,Hispanic or Latino,Male,45-54,97.078,Application denied
1,615000.0,30%-<36%,635000.0,276.0,1,Black or African American,Joint,55-64,97.0,Loan originated
1,535000.0,44,595000.0,124.0,1,White,Joint,25-34,90.0,Loan originated
1,585000.0,37,725000.0,203.0,1,White,Male,35-44,88.0,Loan originated
1,525000.0,45,575000.0,146.0,1,Black or African American,Joint,25-34,90.0,Loan originated
1,305000.0,49,375000.0,57.0,1,White,Female,45-54,80.0,Loan originated
1,485000.0,49,515000.0,135.0,1,White,Male,25-34,95.0,Loan originated
1,715000.0,37,895000.0,206.0,1,White,Joint,25-34,80.0,Loan originated
1,755000.0,38,835000.0,185.0,1,Asian,Male,35-44,90.0,Loan originated
1,125000.0,30%-<36%,825000.0,70.0,1,White,Joint,65-74,15.198,Loan originated
1,455000.0,30%-<36%,605000.0,132.0,1,Asian,Male,35-44,74.88,Loan originated
1,525000.0,44,665000.0,91.0,1,Hispanic or Latino,Male,25-34,79.55,Loan originated
1,735000.0,49,815000.0,130.0,1,Black or African American,Female,35-44,89.661,Loan originated
1,1005000.0,45,1665000.0,276.0,1,White,Joint,55-64,61.0,Loan originated
1,655000.0,30%-<36%,1075000.0,214.0,1,Asian,Female,25-34,60.337,Loan originated
1,435000.0,43,455000.0,105.0,1,White,Male,45-54,96.943,Loan originated
1,475000.0,47,635000.0,329.0,1,Asian,Male,<25,75.0,Loan originated
1,425000.0,40,525000.0,111.0,1,White,Male,55-64,80.0,Loan originated
1,385000.0,30%-<36%,405000.0,124.0,1,White,Male,25-34,95.0,Loan originated
1,855000.0,49,1325000.0,180.0,1,White,Joint,35-44,65.0,Loan originated
1,595000.0,44,615000.0,150.0,1,Black or African American,Female,45-54,97.0,Loan originated
1,315000.0,45,425000.0,91.0,1,White,Female,25-34,75.0,Loan originated
1,675000.0,20%-<30%,1075000.0,254.0,1,Asian,Joint,35-44,62.955,Loan originated
1,895000.0,30%-<36%,1195000.0,430.0,1,White,Joint,25-34,75.0,Loan originated
