loan_purpose,loan_amount,debt_to_income_ratio,property_value,income,occupancy_type,derived_race,derived_sex,applicant_age,loan_to_value_ratio,action_taken
1,685000.0,49,725000.0,313.0,1,Hispanic or Latino,Joint,65-74,95.0,Loan originated
1,475000.0,48,505000.0,105.0,1,Hispanic or Latino,Female,25-34,95.0,Loan originated
1,895000.0,48,1125000.0,184.0,1,White,Joint,35-44,80.0,Loan originated
1,295000.0,30%-<36%,365000.0,150.0,1,White,Joint,>74,80.0,Loan originated
1,655000.0,36,775000.0,230.0,1,White,Male,25-34,85.0,Loan originated
1,315000.0,43,415000.0,86.0,1,Black or African American,Female,45-54,95.904,Loan originated
1,715000.0,30%-<36%,735000.0,233.0,1,White,Joint,25-34,97.0,Loan originated
1,775000.0,39,805000.0,246.0,1,White,Joint,35-44,97.0,Loan originated
1,465000.0,49,805000.0,108.0,1,White,Male,35-44,57.5,Loan originated
1,305000.0,45,325000.0,140.0,1,Hispanic or Latino,Male,35-44,95.0,Loan originated
1,1135000.0,39,2215000.0,267.0,1,Hispanic or Latino,Female,45-54,51.25,Loan originated
1,455000.0,45,565000.0,103.0,1,Asian,Female,25-34,80.0,Loan originated
1,255000.0,43,995000.0,108.0,1,Asian,Joint,35-44,25.2,Loan originated
1,185000.0,37,205000.0,52.0,1,White,Male,25-34,90.0,Loan originated
1,495000.0,49,615000.0,108.0,1,White,Joint,25-34,80.0,Loan originated
1,755000.0,41,935000.0,311.0,1,Other,Joint,45-54,80.0,Loan originated
1,355000.0,36,445000.0,190.0,1,White,Joint,45-54,80.0,Loan originated
1,865000.0,30%-<36%,1015000.0,292.0,1,White,Joint,35-44,85.0,Loan originated
1,615000.0,41,635000.0,196.0,1,Hispanic or Latino,Joint,25-34,97.0,Loan originated
1,815000.0,46,865000.0,215.0,1,Hispanic or Latino,Joint,25-34,95.0,Loan originated
1,645000.0,38,985000.0,196.0,1,White,Joint,45-54,64.712,Loan originated
1,525000.0,40,625000.0,174.0,1,White,Female,45-54,84.0,Loan originated
1,665000.0,20%-<30%,835000.0,326.0,1,Black or African American,Female,25-34,80.0,Loan originated
1,335000.0,39,445000.0,192.0,1,Asian,Male,35-44,75.0,Loan originated
1,805000.0,30%-<36%,1005000.0,331.0,1,White,Joint,25-34,80.0,Loan originated
1,1125000.0,20%-<30%,1405000.0,463.0,1,White,Male,35-44,80.0,Loan originated
1,405000.0,20%-<30%,1315000.0,454.0,1,White,Joint,55-64,30.34,Loan originated
1,755000.0,49,945000.0,200.0,1,Asian,Joint,45-54,80.0,Loan originated
1,415000.0,49,485000.0,85.0,1,Asian,Male,25-34,84.378,Loan originated
1,375000.0,36,1075000.0,270.0,1,Asian,Male,55-64,35.0,Loan originated
1,975000.0,40,1145000.0,290.0,1,White,Joint,35-44,85.0,Loan originated
1,355000.0,30%-<36%,485000.0,149.0,1,White,Female,65-74,73.21,Loan originated
1,385000.0,48,935000.0,176.0,1,Asian,Female,35-44,40.86,Loan originated
1,945000.0,36,1185000.0,435.0,1,Asian,Male,35-44,80.0,Loan originated
1,475000.0,44,485000.0,123.0,1,Hispanic or Latino,Male,25-34,101.94,Loan originated
1,1035000.0,49,1155000.0,214.0,1,Asian,Joint,35-44,89.99,Loan originated
1,1005000.0,49,1745000.0,220.0,1,Asian,Male,35-44,57.471,Loan originated
1,275000.0,20%-<30%,895000.0,325.0,1,White,Male,65-74,31.24,Loan originated
1,585000.0,30%-<36%,775000.0,361.0,1,White,Joint,55-64,75.325,Loan originated
1,795000.0,43,1105000.0,266.0,1,White,Joint,35-44,73.0,Loan originated
1,615000.0,30%-<36%,635000.0,223.0,1,Hispanic or Latino,Female,25-34,97.0,Loan originated
1,75000.0,20%-<30%,325000.0,215.0,1,White,Joint,65-74,23.29,Loan originated
1,755000.0,42,3195000.0,278.0,1,White,Female,65-74,23.47,Loan originated
1,215000.0,20%-<30%,905000.0,147.0,1,White,Joint,65-74,23.102,Loan originated
1,405000.0,49,455000.0,106.0,1,Asian,Joint,25-34,89.77,Loan originated
1,575000.0,42,685000.0,140.0,1,Hispanic or Latino,Joint,25-34,104.37,Loan originated
1,705000.0,30%-<36%,1555000.0,224.0,1,White,Male,55-64,45.128,Loan originated
1,755000.0,30%-<36%,1235000.0,231.0,1,Asian,Male,45-54,61.38,Loan originated
1,905000.0,49,3155000.0,288.0,1,White,Male,35-44,28.57,Loan originated
1,305000.0,36,995000.0,150.0,1,White,Male,25-34,30.0,Loan originated
1,545000.0,38,675000.0,238.0,1,White,Female,55-64,80.0,Loan originated
1,475000.0,47,705000.0,133.0,1,White,Female,45-54,67.286,Loan originated
1,515000.0,20%-<30%,635000.0,272.0,1,Asian,Joint,35-44,80.0,Loan originated
1,905000.0,30%-<36%,1205000.0,330.0,1,White,Female,55-64,75.0,Loan originated
1,745000.0,48,785000.0,165.0,1,Hispanic or Latino,Male,<25,95.0,Loan originated
1,505000.0,39,635000.0,154.0,1,Hispanic or Latino,Joint,45-54,80.0,Loan originated
1,265000.0,20%-<30%,265000.0,85.0,1,White,Female,35-44,97.0,Loan originated
1,555000.0,30%-<36%,605000.0,144.0,1,Hispanic or Latino,Joint,25-34,91.667,Loan originated
1,335000.0,49,445000.0,65.0,1,Hispanic or Latino,Female,45-54,82.001,Loan originated
1,445000.0,20%-<30%,565000.0,194.0,1,Asian,Male,35-44,80.0,Loan originated
1,485000.0,38,495000.0,130.0,1,White,Male,35-44,97.0,Loan originated
1,375000.0,43,805000.0,126.0,1,Hispanic or Latino,Female,55-64,46.7,Loan originated
1,315000.0,46,345000.0,116.0,1,Black or African American,Female,45-54,90.0,Loan originated
1,615000.0,20%-<30%,765000.0,562.0,1,White,Joint,55-64,80.0,Loan originated
1,685000.0,43,865000.0,159.0,1,White,Male,35-44,79.018,Loan originated
1,1015000.0,44,1265000.0,250.0,1,Hispanic or Latino,Male,45-54,80.0,Loan originated
1,765000.0,46,875000.0,204.0,1,Hispanic or Latino,Male,45-54,89.0,Loan originated
1,515000.0,42,575000.0,193.0,1,White,Joint,35-44,90.0,Loan originated
1,225000.0,20%-<30%,515000.0,135.0,1,White,Joint,45-54,43.138,Loan originated
1,995000.0,38,1455000.0,250.0,1,White,Female,<25,68.552,Loan originated
1,285000.0,47,305000.0,70.0,1,Hispanic or Latino,Male,25-34,95.0,Loan originated
1,345000.0,46,435000.0,72.0,1,Asian,Female,25-34,80.0,Loan originated
1,165000.0,49,365000.0,44.0,1,Hispanic or Latino,Joint,55-64,44.444,Loan originated
1,205000.0,50%-60%,305000.0,40.0,1,Asian,Male,65-74,66.667,Application denied
1,425000.0,<20%,525000.0,-3.0,1,White,Male,55-64,79.81,Application denied
1,475000.0,43,595000.0,113.0,1,White,Joint,35-44,79.832,Loan originated
1,305000.0,41,535000.0,98.0,1,Hispanic or Latino,Male,35-44,57.231,Loan originated
1,285000.0,49,615000.0,59.0,1,White,Female,65-74,46.016,Loan originated
1,115000.0,49,565000.0,64.0,1,White,Female,65-74,19.65,Loan originated
1,485000.0,47,605000.0,156.0,1,Asian,Male,35-44,80.0,Loan originated
1,455000.0,49,655000.0,99.0,1,Asian,Female,35-44,69.053,Loan originated
1,275000.0,47,405000.0,55.0,1,White,Joint,>74,66.176,Loan originated
1,365000.0,>60%,455000.0,72.0,1,Black or African American,Male,55-64,80.0,Application denied
1,685000.0,44,855000.0,226.0,1,White,Joint,25-34,79.918,Loan originated
1,255000.0,50%-60%,335000.0,60.0,1,White,Female,25-34,76.119,Application denied
1,1325000.0,46,1565000.0,374.0,1,White,Male,35-44,85.0,Loan originated
1,1005000.0,47,2105000.0,229.0,1,White,Joint,55-64,48.0,Loan originated
1,1085000.0,45,1815000.0,244.0,1,Asian,Female,35-44,60.0,Loan originated
1,495000.0,48,515000.0,98.0,1,Hispanic or Latino,Male,25-34,97.0,Loan originated
1,1105000.0,30%-<36%,1475000.0,423.0,1,White,Joint,25-34,75.0,Loan originated
1,435000.0,49,545000.0,98.0,1,Hispanic or Latino,Male,<25,80.0,Loan originated
1,695000.0,48,735000.0,182.0,1,White,Female,35-44,95.0,Loan originated
1,985000.0,42,1125000.0,205.0,1,Hispanic or Latino,Joint,35-44,87.95,Loan originated
1,395000.0,45,645000.0,100.0,1,Hispanic or Latino,Joint,55-64,61.24,Loan originated
1,665000.0,48,685000.0,155.0,1,Hispanic or Latino,Male,35-44,97.0,Loan originated
1,605000.0,40,1515000.0,225.0,1,White,Female,55-64,39.552,Loan originated
1,555000.0,46,695000.0,131.0,1,White,Joint,35-44,80.0,Loan originated
1,925000.0,45,1575000.0,241.0,1,Asian,Male,25-34,58.73,Loan originated
1,395000.0,41,595000.0,120.0,1,White,Male,55-64,66.102,Loan originated
1,615000.0,30%-<36%,635000.0,173.0,1,Other,Joint,25-34,97.0,Loan originated
1,505000.0,30%-<36%,635000.0,158.0,1,Asian,Male,35-44,80.0,Loan originated
1,525000.0,47,545000.0,123.0,1,Hispanic or Latino,Male,35-44,99.752,Loan originated
1,1105000.0,30%-<36%,1605000.0,433.0,1,Asian,Joint,65-74,68.75,Loan originated
1,755000.0,49,795000.0,193.0,1,Black or African American,Female,45-54,98.33,Loan originated
1,765000.0,42,1255000.0,173.0,1,White,Male,65-74,61.177,Loan originated
1,365000.0,45,375000.0,86.0,1,Asian,Female,25-34,97.0,Loan originated
1,965000.0,38,1105000.0,260.0,1,White,Female,45-54,90.0,Loan originated
1,295000.0,46,305000.0,74.0,1,White,Joint,<25,95.0,Loan originated
1,705000.0,49,885000.0,249.0,1,White,Male,35-44,80.0,Loan originated
1,755000.0,30%-<36%,2225000.0,269.0,1,White,Male,35-44,33.71,Loan originated
1,585000.0,49,775000.0,119.0,1,Asian,Male,25-34,95.005,Loan originated
1,805000.0,42,1155000.0,291.0,1,White,Joint,35-44,69.87,Loan originated
1,475000.0,41,495000.0,128.0,1,Hispanic or Latino,Female,25-34,95.0,Loan originated
1,545000.0,38,575000.0,135.0,1,Asian,Male,35-44,95.0,Loan originated
1,305000.0,30%-<36%,835000.0,140.0,1,White,Female,55-64,36.145,Loan originated
1,435000.0,49,505000.0,116.0,1,Hispanic or Latino,Joint,25-34,87.03,Application denied
1,185000.0,<20%,215000.0,113.0,1,White,Female,55-64,86.27,Loan originated
1,675000.0,47,905000.0,149.0,1,Asian,Joint,45-54,75.0,Loan originated
1,715000.0,42,735000.0,199.0,1,Hispanic or Latino,Joint,25-34,97.0,Loan originated
1,525000.0,30%-<36%,805000.0,216.0,1,White,Joint,55-64,65.0,Loan originated
1,95000.0,30%-<36%,105000.0,86.0,1,White,Female,45-54,95.0,Loan originated
1,765000.0,39,965000.0,230.0,1,Asian,Male,45-54,80.0,Loan originated
1,335000.0,45,345000.0,83.0,1,White,Joint,55-64,95.0,Loan originated
1,805000.0,20%-<30%,1105000.0,999.0,1,White,Joint,25-34,74.0,Loan originated
1,725000.0,43,905000.0,165.0,1,Asian,Male,25-34,80.0,Loan originated
1,1125000.0,42,1405000.0,324.0,1,Asian,Male,25-34,80.0,Loan originated
1,525000.0,44,615000.0,333.0,1,White,Male,<25,85.294,Loan originated
1,335000.0,40,535000.0,123.0,1,White,Joint,>74,62.264,Loan originated
1,465000.0,40,785000.0,215.0,1,White,Female,45-54,60.0,Loan originated
1,755000.0,50%-60%,835000.0,166.0,1,Asian,Female,45-54,90.0,Application denied
1,245000.0,38,355000.0,112.0,1,Asian,Joint,35-44,71.0,Loan originated
1,405000.0,45,505000.0,107.0,1,White,Female,55-64,80.0,Loan originated
1,145000.0,<20%,165000.0,228.0,1,White,Male,65-74,90.0,Loan originated
1,425000.0,30%-<36%,525000.0,129.0,1,Asian,Male,25-34,80.0,Loan originated
1,745000.0,30%-<36%,935000.0,337.0,1,Asian,Female,25-34,80.0,Loan originated
1,565000.0,49,755000.0,114.0,1,Hispanic or Latino,Male,<25,75.333,Loan originated
1,635000.0,49,755000.0,135.0,1,Hispanic or Latino,Joint,25-34,104.0,Loan originated
1,555000.0,38,695000.0,219.0,1,Hispanic or Latino,Joint,25-34,80.0,Loan originated
1,775000.0,30%-<36%,965000.0,309.0,1,Asian,Joint,35-44,80.0,Loan originated
1,375000.0,20%-<30%,465000.0,180.0,1,Asian,Male,25-34,80.0,Loan originated
1,445000.0,44,595000.0,98.0,1,Hispanic or Latino,Male,35-44,74.79,Loan originated
1,645000.0,30%-<36%,715000.0,188.0,1,Asian,Joint,35-44,90.0,Loan originated
1,925000.0,<20%,1155000.0,605.0,1,White,Joint,65-74,80.0,Loan originated
1,355000.0,41,405000.0,86.0,1,White,Male,25-34,87.5,Loan originated
1,765000.0,30%-<36%,985000.0,375.0,1,White,Male,55-64,78.214,Loan originated
1,525000.0,47,655000.0,109.0,1,Hispanic or Latino,Joint,35-44,100.0,Loan originated
1,505000.0,43,535000.0,185.0,1,White,Joint,35-44,95.0,Loan originated
1,535000.0,47,545000.0,163.0,1,Black or African American,Male,25-34,97.0,Loan originated
1,305000.0,37,455000.0,130.0,1,White,Male,45-54,66.667,Loan originated
1,445000.0,39,525000.0,161.0,1,White,Joint,25-34,85.0,Loan originated
1,325000.0,20%-<30%,355000.0,177.0,1,White,Joint,25-34,92.0,Loan originated
1,235000.0,45,405000.0,8.0,1,Asian,Male,35-44,57.36,Loan originated
1,545000.0,30%-<36%,675000.0,156.0,1,Asian,Joint,35-44,80.0,Loan originated
1,745000.0,30%-<36%,835000.0,245.0,1,Hispanic or Latino,Male,25-34,90.0,Loan originated
1,1055000.0,41,1175000.0,298.0,1,White,Joint,35-44,89.96,Loan originated
1,435000.0,46,465000.0,140.0,1,White,Male,55-64,94.0,Loan originated
1,355000.0,48,365000.0,93.0,1,White,Female,45-54,97.0,Loan originated
1,105000.0,40,135000.0,89.0,1,Hispanic or Latino,Male,35-44,80.0,Loan originated
1,725000.0,45,915000.0,199.0,1,White,Joint,45-54,80.0,Loan originated
1,385000.0,20%-<30%,405000.0,166.0,1,White,Female,35-44,95.0,Loan originated
1,135000.0,48,145000.0,86.0,1,White,Male,65-74,95.0,Loan originated
1,785000.0,49,1025000.0,140.0,1,White,Male,45-54,76.844,Loan originated
1,555000.0,20%-<30%,695000.0,235.0,1,White,Joint,25-34,78.898,Loan originated
1,345000.0,20%-<30%,435000.0,165.0,1,White,Female,35-44,80.0,Loan originated
1,865000.0,20%-<30%,1645000.0,364.0,1,White,Joint,35-44,52.43,Loan originated
1,455000.0,30%-<36%,575000.0,128.0,1,White,Male,25-34,80.0,Loan originated
1,555000.0,20%-<30%,585000.0,218.0,1,Asian,Male,25-34,95.0,Loan originated
1,585000.0,20%-<30%,725000.0,215.0,1,White,Female,35-44,80.0,Loan originated
1,405000.0,20%-<30%,755000.0,195.0,1,Asian,Female,25-34,53.33,Loan originated
1,785000.0,30%-<36%,975000.0,284.0,1,Asian,Male,35-44,80.0,Loan originated
1,405000.0,<20%,1105000.0,334.0,1,White,Joint,35-44,36.364,Loan originated
1,255000.0,38,975000.0,210.0,1,Asian,Male,45-54,25.641,Loan originated
1,515000.0,20%-<30%,735000.0,247.0,1,Asian,Male,45-54,70.0,Loan originated
1,345000.0,43,435000.0,86.0,1,Asian,Joint,35-44,100.0,Loan originated
1,785000.0,20%-<30%,865000.0,359.0,1,Hispanic or Latino,Joint,35-44,90.0,Application denied
1,815000.0,46,1025000.0,169.0,1,White,Male,25-34,80.0,Loan originated
1,255000.0,48,385000.0,135.0,1,White,Male,25-34,66.81,Application denied
1,295000.0,44,315000.0,61.0,1,White,Male,25-34,95.0,Loan originated
1,855000.0,30%-<36%,1675000.0,325.0,1,White,Female,45-54,50.746,Loan originated
1,905000.0,41,1535000.0,234.0,1,Asian,Male,25-34,58.824,Application denied
1,565000.0,38,595000.0,147.0,1,Asian,Joint,35-44,96.5,Loan originated
1,465000.0,50%-60%,555000.0,102.0,1,Hispanic or Latino,Male,25-34,85.0,Loan originated
1,235000.0,41,295000.0,133.0,1,White,Male,45-54,80.0,Loan originated
1,765000.0,20%-<30%,1065000.0,325.0,1,Asian,Female,35-44,72.019,Loan originated
1,225000.0,38,925000.0,114.0,1,White,Joint,55-64,25.0,Loan originated
1,425000.0,49,535000.0,96.0,1,Hispanic or Latino,Female,45-54,80.0,Loan originated
1,1105000.0,20%-<30%,1575000.0,368.0,1,Asian,Joint,25-34,70.0,Loan originated
1,325000.0,30%-<36%,335000.0,167.0,1,White,Female,55-64,95.0,Loan originated
1,85000.0,44,95000.0,50.0,1,Hispanic or Latino,Male,<25,96.74,Application denied
1,765000.0,20%-<30%,955000.0,259.0,1,Asian,Female,45-54,80.0,Loan originated
1,285000.0,20%-<30%,365000.0,120.0,1,Asian,Male,35-44,80.0,Loan originated
1,425000.0,36,1055000.0,126.0,1,Asian,Male,35-44,40.476,Loan originated
1,375000.0,49,855000.0,108.0,1,White,Female,65-74,44.0,Loan originated
1,205000.0,40,1005000.0,370.0,1,White,Male,55-64,20.0,Loan originated
1,425000.0,36,455000.0,143.0,1,Hispanic or Latino,Joint,35-44,95.0,Loan originated
1,615000.0,39,685000.0,185.0,1,Asian,Joint,25-34,90.0,Loan originated
1,575000.0,42,595000.0,148.0,1,Hispanic or Latino,Joint,35-44,97.0,Loan originated
1,1145000.0,44,1275000.0,436.0,1,Asian,Female,45-54,90.0,Loan originated
1,635000.0,50%-60%,985000.0,163.0,1,White,Male,45-54,64.467,Application denied
1,215000.0,43,265000.0,56.0,1,Asian,Female,35-44,80.0,Loan originated
1,805000.0,44,885000.0,274.0,1,White,Female,35-44,92.0,Loan originated
1,1005000.0,49,1255000.0,218.0,1,White,Male,35-44,80.0,Loan originated
1,605000.0,47,755000.0,113.0,1,Hispanic or Latino,Female,25-34,80.0,Loan originated
1,515000.0,30%-<36%,605000.0,158.0,1,White,Joint,25-34,85.0,Loan originated
1,1145000.0,41,1565000.0,274.0,1,Asian,Male,35-44,73.654,Loan originated
1,565000.0,41,705000.0,159.0,1,White,Female,35-44,80.0,Loan originated
1,365000.0,49,455000.0,73.0,1,White,Female,25-34,80.0,Loan originated
1,165000.0,30%-<36%,265000.0,113.0,1,Hispanic or Latino,Male,45-54,65.0,Loan originated
1,465000.0,40,475000.0,122.0,1,White,Joint,25-34,97.0,Loan originated
1,555000.0,40,655000.0,197.0,1,Black or African American,Male,45-54,85.0,Loan originated
1,435000.0,45,455000.0,95.0,1,White,Female,35-44,97.0,Loan originated
1,665000.0,38,875000.0,190.0,1,Asian,Male,25-34,76.897,Loan originated
1,905000.0,42,1395000.0,216.0,1,Asian,Joint,25-34,65.0,Loan originated
1,1015000.0,30%-<36%,1275000.0,311.0,1,Hispanic or Latino,Joint,35-44,80.0,Loan originated
1,525000.0,43,545000.0,165.0,1,White,Joint,25-34,97.0,Loan originated
1,405000.0,38,575000.0,116.0,1,White,Male,35-44,70.087,Loan originated
1,265000.0,>60%,295000.0,52.0,1,Hispanic or Latino,Male,55-64,93.0,Application denied
1,1055000.0,46,1405000.0,243.0,1,Black or African American,Male,65-74,75.0,Loan originated
1,665000.0,46,765000.0,272.0,1,Asian,Male,35-44,87.0,Loan originated
1,905000.0,46,1135000.0,614.0,1,Hispanic or Latino,Male,45-54,80.0,Loan originated
1,485000.0,49,605000.0,99.0,1,White,Female,35-44,79.871,Loan originated
1,305000.0,41,885000.0,102.0,1,Asian,Male,45-54,66.74,Loan originated
1,1005000.0,47,1255000.0,242.0,1,Asian,Joint,25-34,80.0,Loan originated
1,305000.0,44,325000.0,84.0,1,Hispanic or Latino,Joint,35-44,95.0,Loan originated
1,715000.0,45,895000.0,147.0,1,Hispanic or Latino,Male,35-44,80.0,Loan originated
1,605000.0,43,845000.0,168.0,1,Asian,Joint,35-44,71.429,Loan originated
1,275000.0,>60%,285000.0,81.0,1,Hispanic or Latino,Female,25-34,93.76,Application denied
1,1125000.0,30%-<36%,1405000.0,402.0,1,Asian,Joint,25-34,80.0,Loan originated
1,505000.0,48,525000.0,108.0,1,Asian,Male,35-44,95.0,Loan originated
1,225000.0,>60%,285000.0,45.0,1,White,Joint,55-64,80.0,Application denied
1,805000.0,42,1005000.0,215.0,1,White,Male,35-44,80.0,Loan originated
1,595000.0,>60%,615000.0,147.0,1,Black or African American,Joint,25-34,96.49,Application denied
1,735000.0,44,815000.0,300.0,1,White,Joint,35-44,90.0,Loan originated
1,225000.0,30%-<36%,575000.0,102.0,1,Hispanic or Latino,Male,45-54,39.141,Loan originated
1,395000.0,20%-<30%,495000.0,155.0,1,Asian,Male,35-44,80.0,Loan originated
1,405000.0,47,445000.0,89.0,1,Hispanic or Latino,Female,25-34,90.0,Loan originated
1,1025000.0,48,1655000.0,326.0,1,Asian,Joint,25-34,61.818,Loan originated
1,365000.0,42,365000.0,113.0,1,White,Male,55-64,100.0,Loan originated
1,505000.0,20%-<30%,1455000.0,198.0,1,White,Joint,35-44,35.0,Loan originated
1,635000.0,44,755000.0,136.0,1,White,Female,25-34,84.116,Loan originated
1,515000.0,44,645000.0,181.0,1,White,Female,45-54,80.0,Loan originated
1,525000.0,47,935000.0,125.0,1,Hispanic or Latino,Male,65-74,55.914,Loan originated
1,755000.0,46,1085000.0,200.0,1,Asian,Male,25-34,70.0,Loan originated
1,425000.0,47,465000.0,124.0,1,White,Joint,25-34,90.0,Loan originated
1,555000.0,45,625000.0,173.0,1,Asian,Male,45-54,90.0,Loan originated
1,455000.0,20%-<30%,755000.0,241.0,1,White,Joint,55-64,60.0,Loan originated
1,405000.0,43,425000.0,139.0,1,White,Female,25-34,95.0,Loan originated
1,205000.0,50%-60%,315000.0,90.0,1,Hispanic or Latino,Female,25-34,63.61,Application denied
1,695000.0,46,865000.0,150.0,1,Asian,Joint,45-54,97.2612,Loan originated
1,335000.0,46,355000.0,110.0,1,White,Female,35-44,95.0,Loan originated
1,815000.0,20%-<30%,1205000.0,293.0,1,Asian,Joint,45-54,67.5,Application denied
1,565000.0,30%-<36%,715000.0,177.0,1,Asian,Male,35-44,75.0,Application denied
1,425000.0,38,445000.0,114.0,1,Hispanic or Latino,Male,45-54,95.0,Application denied
1,375000.0,50%-60%,455000.0,69.0,1,Hispanic or Latino,Female,35-44,81.758,Application denied
1,365000.0,20%-<30%,555000.0,175.0,1,White,Female,35-44,65.0,Loan originated
1,555000.0,20%-<30%,685000.0,184.0,1,Asian,Joint,25-34,80.0,Loan originated
1,705000.0,40,885000.0,347.0,1,Black or African American,Female,35-44,80.0,Loan originated
1,485000.0,45,605000.0,474.0,1,White,Joint,65-74,80.0,Loan originated
1,1145000.0,49,2135000.0,347.0,1,Asian,Joint,35-44,53.98,Loan originated
1,525000.0,20%-<30%,885000.0,251.0,1,Asian,Joint,25-34,60.0,Loan originated
1,525000.0,46,665000.0,132.0,1,Asian,Female,45-54,80.0,Loan originated
1,885000.0,20%-<30%,1105000.0,365.0,1,Asian,Joint,45-54,80.0,Loan originated
1,645000.0,50%-60%,815000.0,120.0,1,Hispanic or Latino,Male,35-44,80.0,Loan originated
1,685000.0,43,725000.0,210.0,1,Asian,Joint,35-44,95.0,Loan originated
1,565000.0,30%-<36%,665000.0,208.0,1,Hispanic or Latino,Male,35-44,85.0,Loan originated
1,355000.0,45,455000.0,118.0,1,Asian,Female,65-74,78.223,Loan originated
1,885000.0,49,1105000.0,293.0,1,Asian,Joint,25-34,80.0,Loan originated
1,555000.0,49,695000.0,124.0,1,Hispanic or Latino,Male,<25,80.0,Loan originated
1,405000.0,30%-<36%,545000.0,189.0,1,White,Female,55-64,73.39,Loan originated
1,1235000.0,20%-<30%,1655000.0,436.0,1,White,Joint,35-44,75.0,Loan originated
1,955000.0,49,1365000.0,252.0,1,White,Joint,35-44,85.0,Loan originated
1,605000.0,43,1255000.0,251.0,1,Asian,Joint,65-74,48.0,Loan originated
1,585000.0,37,735000.0,174.0,1,Hispanic or Latino,Male,45-54,79.996,Loan originated
1,505000.0,43,535000.0,158.0,1,Hispanic or Latino,Joint,35-44,95.0,Loan originated
1,425000.0,20%-<30%,525000.0,147.0,1,White,Joint,25-34,80.0,Loan originated
1,875000.0,30%-<36%,1755000.0,412.0,1,White,Joint,35-44,50.0,Loan originated
1,285000.0,43,875000.0,95.0,1,White,Female,45-54,32.529,Loan originated
1,405000.0,20%-<30%,505000.0,141.0,1,Asian,Female,55-64,80.0,Loan originated
1,375000.0,20%-<30%,395000.0,167.0,1,White,Male,35-44,97.0,Loan originated
1,505000.0,37,555000.0,135.0,1,Asian,Female,35-44,90.0,Loan originated
1,925000.0,49,1155000.0,191.0,1,Hispanic or Latino,Female,25-34,80.0,Loan originated
1,235000.0,40,465000.0,88.0,1,Asian,Joint,25-34,50.88,Loan originated
1,525000.0,41,555000.0,181.0,1,Hispanic or Latino,Joint,25-34,95.0,Loan originated
1,635000.0,49,805000.0,120.0,1,Hispanic or Latino,Joint,45-54,78.509,Loan originated
1,655000.0,30%-<36%,735000.0,235.0,1,Hispanic or Latino,Female,65-74,89.9,Loan originated
1,335000.0,<20%,415000.0,203.0,1,White,Male,45-54,80.0,Loan originated
1,325000.0,49,695000.0,66.0,1,Hispanic or Latino,Male,35-44,46.726,Loan originated
1,195000.0,30%-<36%,245000.0,132.0,1,White,Joint,25-34,80.0,Loan originated
1,545000.0,49,645000.0,141.0,1,Asian,Joint,55-64,100.0,Loan originated
1,1045000.0,44,1165000.0,269.0,1,White,Male,<25,90.0,Loan originated
1,615000.0,39,655000.0,175.0,1,Hispanic or Latino,Joint,35-44,95.0,Loan originated
1,775000.0,42,815000.0,202.0,1,Hispanic or Latino,Male,55-64,95.0,Loan originated
1,135000.0,20%-<30%,145000.0,62.0,1,White,Joint,35-44,90.0,Loan originated
1,805000.0,20%-<30%,1155000.0,420.0,1,Asian,Male,35-44,70.0,Loan originated
1,485000.0,47,545000.0,104.0,1,White,Female,25-34,90.0,Loan originated
1,835000.0,<20%,1035000.0,508.0,1,Asian,Joint,25-34,80.0,Loan originated
1,265000.0,44,485000.0,132.0,1,White,Joint,65-74,54.6,Loan originated
1,345000.0,46,365000.0,83.0,1,Hispanic or Latino,Male,35-44,95.0,Loan originated
1,275000.0,40,675000.0,120.0,1,White,Female,65-74,40.915,Loan originated
1,545000.0,39,575000.0,140.0,1,Hispanic or Latino,Female,35-44,95.0,Loan originated
1,1005000.0,46,1255000.0,230.0,1,White,Male,35-44,80.0,Loan originated
1,1015000.0,44,1485000.0,267.0,1,Asian,Male,35-44,68.84,Loan originated
1,455000.0,30%-<36%,745000.0,461.0,1,Hispanic or Latino,Joint,55-64,61.486,Loan originated
1,115000.0,49,915000.0,56.0,1,White,Female,>74,12.56,Loan originated
1,795000.0,49,935000.0,150.0,1,Hispanic or Latino,Joint,35-44,85.0,Loan originated
1,1035000.0,43,1225000.0,232.0,1,Asian,Joint,35-44,85.0,Loan originated
1,685000.0,40,855000.0,170.0,1,White,Female,35-44,80.0,Loan originated
1,455000.0,48,565000.0,91.0,1,White,Male,25-34,83.0,Loan originated
1,205000.0,>60%,525000.0,63.0,1,White,Female,55-64,40.0,Application denied
1,405000.0,39,435000.0,142.0,1,White,Joint,25-34,95.0,Loan originated
1,555000.0,30%-<36%,855000.0,367.0,1,White,Male,65-74,64.86,Loan originated
1,605000.0,49,955000.0,119.0,1,White,Female,>74,63.158,Loan originated
1,445000.0,36,585000.0,158.0,1,Hispanic or Latino,Male,35-44,75.0,Loan originated
1,935000.0,37,1175000.0,300.0,1,White,Male,45-54,80.0,Loan originated
1,465000.0,46,485000.0,138.0,1,Hispanic or Latino,Joint,25-34,97.0,Loan originated
1,705000.0,44,785000.0,153.0,1,White,Male,35-44,89.85,Loan originated
1,335000.0,30%-<36%,475000.0,164.0,1,White,Female,55-64,69.841,Loan originated
1,755000.0,38,945000.0,218.0,1,Asian,Female,25-34,80.0,Loan originated
1,975000.0,41,1225000.0,256.0,1,White,Male,35-44,80.0,Application denied
1,85000.0,20%-<30%,435000.0,127.0,1,Hispanic or Latino,Joint,35-44,104.609,Loan originated
1,425000.0,45,535000.0,95.0,1,White,Female,65-74,81.0,Loan originated
1,125000.0,37,625000.0,120.0,1,White,Joint,35-44,19.873,Loan originated
1,275000.0,36,1095000.0,142.0,1,Asian,Male,25-34,24.771,Loan originated
1,765000.0,49,955000.0,188.0,1,Asian,Male,45-54,79.68,Loan originated
1,325000.0,49,565000.0,68.0,1,Asian,Male,55-64,56.738,Loan originated
1,1045000.0,44,1105000.0,536.0,1,Asian,Joint,35-44,95.0,Loan originated
1,375000.0,38,465000.0,156.0,1,Asian,Male,45-54,80.0,Loan originated
1,325000.0,37,405000.0,603.0,1,Hispanic or Latino,Male,25-34,80.0,Loan originated
1,385000.0,37,395000.0,135.0,1,Hispanic or Latino,Male,45-54,97.0,Loan originated
1,735000.0,46,775000.0,154.0,1,Asian,Joint,45-54,95.0,Application denied
1,665000.0,46,755000.0,160.0,1,White,Male,25-34,88.669,Loan originated
1,495000.0,20%-<30%,995000.0,206.0,1,Asian,Male,65-74,49.737,Loan originated
1,805000.0,20%-<30%,1005000.0,323.0,1,White,Joint,25-34,80.0,Loan originated
1,765000.0,50%-60%,1025000.0,160.0,1,Asian,Joint,45-54,80.0,Application denied
1,575000.0,49,1225000.0,117.0,1,Asian,Male,35-44,46.939,Loan originated
1,495000.0,41,625000.0,175.0,1,Asian,Joint,55-64,80.0,Loan originated
1,285000.0,38,925000.0,111.0,1,White,Female,45-54,30.84,Loan originated
1,505000.0,39,905000.0,144.0,1,Hispanic or Latino,Male,45-54,55.573,Loan originated
1,405000.0,49,725000.0,80.0,1,Asian,Male,35-44,54.98,Loan originated
1,355000.0,49,595000.0,87.0,1,White,Female,55-64,60.0,Loan originated
1,955000.0,30%-<36%,1195000.0,300.0,1,Black or African American,Joint,25-34,80.0,Loan originated
1,505000.0,49,535000.0,109.0,1,Hispanic or Latino,Joint,35-44,95.0,Loan originated
1,255000.0,38,1775000.0,141.0,1,Asian,Female,45-54,14.124,Loan originated
1,185000.0,48,205000.0,62.0,1,White,Male,35-44,90.0,Loan originated
1,635000.0,48,1015000.0,154.0,1,White,Joint,55-64,62.871,Loan originated
1,555000.0,42,575000.0,149.0,1,Black or African American,Male,65-74,95.0,Loan originated
1,995000.0,50%-60%,2095000.0,215.0,1,White,Joint,25-34,47.37,Loan originated
1,185000.0,41,295000.0,42.0,1,White,Female,45-54,64.372,Loan originated
1,365000.0,49,395000.0,70.0,1,Hispanic or Latino,Female,25-34,92.31,Loan originated
1,475000.0,37,505000.0,123.0,1,White,Female,45-54,98.0,Loan originated
1,475000.0,30%-<36%,595000.0,167.0,1,Hispanic or Latino,Joint,25-34,80.0,Loan originated
1,875000.0,20%-<30%,1405000.0,450.0,1,White,Joint,25-34,63.0,Loan originated
1,455000.0,48,605000.0,127.0,1,Hispanic or Latino,Joint,25-34,75.0,Loan originated
1,765000.0,20%-<30%,835000.0,382.0,1,White,Joint,35-44,92.133,Loan originated
1,535000.0,<20%,765000.0,311.0,1,White,Joint,35-44,69.737,Loan originated
1,325000.0,>60%,415000.0,166.0,1,White,Joint,35-44,80.0,Loan originated
1,765000.0,41,1165000.0,312.0,1,White,Male,25-34,65.517,Loan originated
1,885000.0,48,1205000.0,440.0,1,Asian,Joint,25-34,80.0,Loan originated
1,225000.0,42,435000.0,73.0,1,Hispanic or Latino,Joint,45-54,51.0,Loan originated
1,725000.0,36,905000.0,322.0,1,Asian,Joint,35-44,80.0,Application denied
1,715000.0,20%-<30%,915000.0,303.0,1,Black or African American,Female,35-44,78.77,Loan originated
1,485000.0,44,515000.0,134.0,1,White,Male,25-34,95.0,Loan originated
1,665000.0,40,695000.0,161.0,1,Hispanic or Latino,Male,25-34,97.0,Loan originated
1,445000.0,46,725000.0,109.0,1,White,Joint,55-64,61.2,Loan originated
1,565000.0,36,635000.0,296.0,1,Asian,Joint,55-64,89.999,Loan originated
1,205000.0,40,385000.0,67.0,1,White,Joint,55-64,53.5,Loan originated
1,665000.0,44,835000.0,175.0,1,Hispanic or Latino,Joint,35-44,80.0,Loan originated
1,175000.0,48,185000.0,119.0,1,White,Female,55-64,95.0,Application denied
1,945000.0,47,1265000.0,204.0,1,Asian,Male,35-44,76.19,Application denied
1,185000.0,20%-<30%,725000.0,153.0,1,White,Joint,35-44,25.794,Loan originated
1,545000.0,49,575000.0,123.0,1,Hispanic or Latino,Joint,35-44,95.0,Loan originated
1,595000.0,41,795000.0,237.0,1,Asian,Male,25-34,75.0,Loan originated
1,1085000.0,48,1355000.0,297.0,1,White,Female,55-64,80.0,Loan originated
1,385000.0,49,435000.0,88.0,1,Hispanic or Latino,Male,35-44,89.301,Loan originated
1,755000.0,<20%,845000.0,665.0,1,White,Male,35-44,89.989,Loan originated
1,335000.0,49,395000.0,93.0,1,Black or African American,Female,55-64,85.0,Loan originated
1,735000.0,48,1055000.0,150.0,1,White,Male,65-74,70.0,Loan originated
1,1005000.0,42,1255000.0,345.0,1,White,Joint,55-64,80.0,Loan originated
1,455000.0,39,505000.0,107.0,1,Asian,Male,25-34,90.891,Loan originated
1,285000.0,49,485000.0,69.0,1,Hispanic or Latino,Female,45-54,58.14,Loan originated
1,705000.0,44,955000.0,240.0,1,Asian,Male,35-44,74.0,Loan originated
1,415000.0,43,525000.0,121.0,1,White,Female,<25,80.0,Loan originated
1,355000.0,39,445000.0,133.0,1,White,Joint,25-34,80.0,Loan originated
1,415000.0,45,435000.0,97.0,1,White,Male,<25,95.0,Loan originated
1,645000.0,44,925000.0,138.0,1,Asian,Joint,25-34,70.0,Loan originated
1,405000.0,38,585000.0,123.0,1,Asian,Joint,25-34,93.02,Application denied
1,335000.0,44,455000.0,144.0,1,White,Joint,55-64,75.0,Loan originated
1,285000.0,37,295000.0,115.0,1,Hispanic or Latino,Joint,25-34,97.0,Loan originated
1,155000.0,50%-60%,235000.0,43.0,1,White,Joint,45-54,66.0,Application denied
1,675000.0,40,845000.0,208.0,1,Asian,Joint,35-44,80.0,Loan originated
1,535000.0,46,695000.0,149.0,1,Hispanic or Latino,Female,25-34,80.02,Loan originated
1,735000.0,20%-<30%,1075000.0,366.0,1,Asian,Joint,25-34,68.41,Loan originated
1,675000.0,40,845000.0,209.0,1,White,Joint,25-34,80.0,Loan originated
1,735000.0,20%-<30%,4435000.0,523.0,1,White,Female,25-34,16.52,Loan originated
1,405000.0,45,415000.0,90.0,1,Hispanic or Latino,Joint,35-44,99.88,Loan originated
1,405000.0,47,455000.0,92.0,1,White,Female,55-64,89.0,Loan originated
1,305000.0,30%-<36%,315000.0,143.0,1,White,Joint,<25,101.94,Loan originated
1,965000.0,<20%,1205000.0,668.0,1,Hispanic or Latino,Joint,55-64,80.0,Loan originated
1,485000.0,43,535000.0,186.0,1,Asian,Female,45-54,90.0,Loan originated
1,745000.0,48,785000.0,209.0,1,Black or African American,Female,55-64,95.0,Loan originated
1,585000.0,47,685000.0,305.0,1,White,Joint,25-34,85.0,Application denied
1,855000.0,42,1065000.0,202.0,1,White,Female,35-44,80.0,Loan originated
1,305000.0,30%-<36%,385000.0,96.0,1,White,Male,45-54,78.947,Loan originated
1,475000.0,49,805000.0,110.0,1,Asian,Female,45-54,59.03,Loan originated
1,585000.0,40,655000.0,158.0,1,Hispanic or Latino,Male,45-54,89.99,Loan originated
1,505000.0,30%-<36%,885000.0,160.0,1,White,Joint,65-74,56.818,Loan originated
1,45000.0,36,85000.0,76.0,1,White,Joint,>74,53.61,Loan originated
1,545000.0,44,645000.0,141.0,1,Asian,Female,45-54,85.0,Loan originated
1,705000.0,49,745000.0,166.0,1,Hispanic or Latino,Male,35-44,95.0,Loan originated
1,955000.0,44,1985000.0,217.0,1,White,Male,45-54,47.98,Loan originated
1,175000.0,47,1155000.0,88.0,1,White,Male,55-64,14.783,Loan originated
1,485000.0,48,645000.0,100.0,1,Asian,Female,35-44,95.0,Loan originated
1,905000.0,30%-<36%,1205000.0,105.0,1,Asian,Joint,65-74,75.0,Loan originated
1,575000.0,30%-<36%,605000.0,384.0,1,Asian,Joint,25-34,95.0,Loan originated
1,435000.0,47,455000.0,83.0,1,Hispanic or Latino,Male,25-34,95.0,Loan originated
1,405000.0,48,505000.0,95.0,1,Hispanic or Latino,Male,25-34,80.0,Application denied
1,215000.0,44,215000.0,81.0,1,Hispanic or Latino,Female,45-54,97.0,Application denied
1,335000.0,49,425000.0,91.0,1,Hispanic or Latino,Male,35-44,80.0,Loan originated
1,295000.0,39,375000.0,109.0,1,White,Male,25-34,80.0,Loan originated
1,355000.0,49,945000.0,83.0,1,White,Female,45-54,37.632,Loan originated
1,1105000.0,46,1955000.0,326.0,1,Asian,Male,35-44,57.0,Loan originated
1,965000.0,42,1205000.0,309.0,1,Asian,Male,35-44,80.0,Loan originated
1,715000.0,43,1025000.0,253.0,1,Hispanic or Latino,Female,45-54,80.0,Loan originated
1,605000.0,38,635000.0,209.0,1,Asian,Joint,45-54,95.0,Loan originated
1,325000.0,49,415000.0,72.0,1,White,Female,35-44,80.0,Loan originated
1,855000.0,30%-<36%,1255000.0,260.0,1,White,Male,55-64,68.0,Loan originated
1,565000.0,37,1035000.0,187.0,1,White,Joint,35-44,54.854,Loan originated
1,465000.0,30%-<36%,525000.0,309.0,1,White,Joint,>74,89.981,Loan originated
1,965000.0,38,1285000.0,472.0,1,Asian,Male,45-54,75.0,Loan originated
1,225000.0,30%-<36%,525000.0,96.0,1,Hispanic or Latino,Male,35-44,43.37,Loan originated
1,595000.0,47,705000.0,276.0,1,White,Female,35-44,85.0,Application denied
1,145000.0,20%-<30%,165000.0,121.0,1,Hispanic or Latino,Female,35-44,90.0,Loan originated
1,605000.0,36,865000.0,186.0,1,Asian,Female,45-54,70.0,Loan originated
1,385000.0,<20%,485000.0,1285.0,1,White,Joint,55-64,80.0,Loan originated
1,385000.0,44,555000.0,86.0,1,White,Male,25-34,88.0,Loan originated
1,425000.0,50%-60%,455000.0,93.0,1,Hispanic or Latino,Joint,35-44,93.0,Application denied
1,365000.0,36,915000.0,142.0,1,White,Female,55-64,39.56,Loan originated
1,805000.0,45,1005000.0,228.0,1,White,Joint,25-34,80.0,Loan originated
1,905000.0,46,2725000.0,298.0,1,White,Joint,35-44,33.088,Application denied
1,225000.0,40,285000.0,64.0,1,Hispanic or Latino,Male,45-54,80.0,Loan originated
1,185000.0,45,225000.0,69.0,1,Hispanic or Latino,Male,55-64,80.0,Loan originated
1,765000.0,30%-<36%,835000.0,233.0,1,Asian,Joint,25-34,92.0,Loan originated
1,955000.0,49,1065000.0,181.0,1,Hispanic or Latino,Female,25-34,89.812,Loan originated
1,1085000.0,39,1285000.0,300.0,1,White,Joint,25-34,85.0,Loan originated
1,515000.0,50%-60%,605000.0,107.0,1,Asian,Male,35-44,85.0,Loan originated
1,705000.0,30%-<36%,1205000.0,375.0,1,White,Male,35-44,59.0,Loan originated
1,525000.0,49,605000.0,134.0,1,Hispanic or Latino,Male,35-44,86.78,Loan originated
1,555000.0,49,695000.0,213.0,1,White,Joint,55-64,80.0,Loan originated
1,615000.0,41,655000.0,178.0,1,Hispanic or Latino,Joint,35-44,100.85,Loan originated
1,585000.0,45,785000.0,147.0,1,Hispanic or Latino,Joint,35-44,75.0,Loan originated
1,285000.0,41,295000.0,76.0,1,Hispanic or Latino,Joint,<25,97.0,Loan originated
1,415000.0,37,525000.0,120.0,1,Asian,Male,35-44,80.0,Loan originated
1,685000.0,30%-<36%,1735000.0,353.0,1,White,Female,55-64,40.0,Loan originated
1,975000.0,45,1085000.0,273.0,1,White,Joint,25-34,90.0,Loan originated
1,675000.0,48,715000.0,143.0,1,Hispanic or Latino,Male,25-34,95.0,Loan originated
1,605000.0,49,855000.0,119.0,1,Hispanic or Latino,Joint,25-34,70.59,Loan originated
1,515000.0,20%-<30%,735000.0,225.0,1,Hispanic or Latino,Male,25-34,70.0,Loan originated
1,545000.0,<20%,675000.0,665.0,1,Asian,Female,45-54,80.0,Loan originated
1,455000.0,38,655000.0,127.0,1,Hispanic or Latino,Male,45-54,70.0,Loan originated
1,705000.0,41,835000.0,185.0,1,Asian,Female,35-44,85.0,Loan originated
1,505000.0,49,635000.0,113.0,1,Asian,Female,55-64,79.74,Loan originated
1,205000.0,49,455000.0,54.0,1,White,Male,55-64,44.444,Loan originated
1,565000.0,40,635000.0,190.0,1,White,Joint,35-44,90.0,Loan originated
1,555000.0,49,575000.0,149.0,1,White,Joint,45-54,97.0,Loan originated
1,765000.0,49,985000.0,234.0,1,White,Male,45-54,78.163,Loan originated
1,885000.0,42,1105000.0,194.0,1,White,Female,55-64,80.0,Loan originated
1,485000.0,49,615000.0,108.0,1,White,Male,25-34,80.0,Loan originated
1,345000.0,44,435000.0,82.0,1,Hispanic or Latino,Male,55-64,80.0,Loan originated
1,95000.0,<20%,1095000.0,261.0,1,Hispanic or Latino,Male,35-44,9.008,Loan originated
1,135000.0,49,695000.0,47.0,1,Hispanic or Latino,Joint,55-64,18.99,Loan originated
1,405000.0,<20%,455000.0,461.0,1,White,Male,35-44,90.0,Loan originated
1,235000.0,41,605000.0,68.0,1,White,Female,45-54,38.322,Loan originated
1,525000.0,49,1125000.0,119.0,1,Asian,Male,35-44,46.67,Loan originated
1,765000.0,49,965000.0,157.0,1,White,Male,25-34,80.0,Loan originated
1,375000.0,49,405000.0,108.0,1,White,Female,>74,95.0,Loan originated
1,415000.0,40,515000.0,100.0,1,Asian,Male,55-64,80.0,Loan originated
1,655000.0,48,925000.0,145.0,1,White,Male,35-44,70.27,Application denied
1,485000.0,43,605000.0,118.0,1,Asian,Male,35-44,80.0,Loan originated
1,385000.0,30%-<36%,475000.0,126.0,1,White,Male,65-74,80.0,Loan originated
1,635000.0,48,685000.0,132.0,1,Asian,Male,35-44,95.0,Loan originated
1,595000.0,48,795000.0,258.0,1,White,Male,35-44,75.0,Loan originated
1,465000.0,49,585000.0,106.0,1,Hispanic or Latino,Female,55-64,80.0,Loan originated
1,305000.0,46,325000.0,75.0,1,Hispanic or Latino,Joint,55-64,95.0,Loan originated
1,355000.0,44,435000.0,107.0,1,White,Joint,25-34,80.0,Loan originated
1,765000.0,30%-<36%,1025000.0,626.0,1,Asian,Male,35-44,75.0,Loan originated
1,1005000.0,38,1255000.0,371.0,1,Asian,Male,45-54,80.0,Loan originated
1,465000.0,44,1125000.0,147.0,1,White,Joint,>74,40.757,Loan originated
1,705000.0,46,885000.0,144.0,1,Asian,Male,35-44,80.0,Loan originated
1,305000.0,37,385000.0,97.0,1,Asian,Female,<25,80.0,Loan originated
1,455000.0,42,515000.0,135.0,1,White,Joint,25-34,90.0,Loan originated
1,975000.0,44,1085000.0,300.0,1,White,Male,45-54,90.0,Loan originated
1,745000.0,30%-<36%,935000.0,241.0,1,White,Male,35-44,80.0,Loan originated
1,935000.0,43,1005000.0,228.0,1,Asian,Male,35-44,93.5,Loan originated
1,405000.0,>60%,485000.0,83.0,1,White,Female,35-44,85.0,Application denied
1,315000.0,20%-<30%,455000.0,244.0,1,White,Male,25-34,70.0,Loan originated
1,1045000.0,44,1105000.0,263.0,1,Hispanic or Latino,Joint,25-34,95.0,Loan originated
1,505000.0,30%-<36%,535000.0,286.0,1,Hispanic or Latino,Joint,25-34,95.0,Loan originated
1,375000.0,20%-<30%,735000.0,175.0,1,White,Joint,>74,51.37,Loan originated
1,905000.0,39,1205000.0,247.0,1,Asian,Male,25-34,75.0,Loan originated
1,735000.0,47,815000.0,185.0,1,Hispanic or Latino,Female,45-54,90.0,Loan originated
1,705000.0,40,875000.0,288.0,1,White,Joint,25-34,80.0,Loan originated
1,665000.0,20%-<30%,875000.0,216.0,1,White,Male,55-64,80.0,Loan originated
1,475000.0,42,595000.0,144.0,1,Asian,Female,45-54,80.0,Loan originated
1,325000.0,47,415000.0,91.0,1,White,Female,25-34,80.0,Application denied
1,325000.0,42,805000.0,98.0,1,White,Female,>74,40.0,Loan originated
1,305000.0,49,375000.0,86.0,1,Hispanic or Latino,Female,25-34,80.0,Loan originated
1,655000.0,46,825000.0,145.0,1,White,Joint,55-64,80.0,Loan originated
1,505000.0,30%-<36%,665000.0,206.0,1,Hispanic or Latino,Joint,55-64,75.0,Loan originated
1,575000.0,30%-<36%,725000.0,170.0,1,White,Male,35-44,80.0,Loan originated
1,485000.0,49,675000.0,104.0,1,Hispanic or Latino,Male,25-34,72.0,Loan originated
1,1145000.0,47,1325000.0,295.0,1,Black or African American,Joint,45-54,86.717,Loan originated
1,625000.0,30%-<36%,775000.0,177.0,1,Asian,Male,35-44,80.0,Loan originated
1,255000.0,43,555000.0,73.0,1,White,Joint,55-64,45.946,Loan originated
1,305000.0,46,375000.0,96.0,1,Hispanic or Latino,Joint,35-44,80.0,Loan originated
1,335000.0,30%-<36%,335000.0,125.0,1,Hispanic or Latino,Joint,35-44,101.351,Application denied
1,535000.0,49,595000.0,113.0,1,White,Male,35-44,93.0,Loan originated
1,485000.0,38,605000.0,141.0,1,White,Joint,25-34,80.0,Loan originated
1,605000.0,41,755000.0,207.0,1,White,Male,55-64,80.0,Application denied
1,605000.0,43,1105000.0,182.0,1,Asian,Joint,35-44,55.0,Loan originated
1,735000.0,45,1055000.0,168.0,1,Asian,Female,45-54,70.0,Loan originated
1,285000.0,20%-<30%,625000.0,144.0,1,Asian,Female,25-34,49.999,Loan originated
1,385000.0,50%-60%,415000.0,79.0,1,Hispanic or Latino,Male,35-44,95.0,Loan originated
1,325000.0,30%-<36%,485000.0,91.0,1,White,Male,25-34,67.355,Loan originated
1,495000.0,42,665000.0,113.0,1,Asian,Female,25-34,75.0,Loan originated
1,525000.0,49,685000.0,106.0,1,Hispanic or Latino,Female,25-34,76.669,Loan originated
1,425000.0,47,525000.0,133.0,1,White,Joint,35-44,80.0,Loan originated
1,535000.0,48,1015000.0,149.0,1,White,Joint,25-34,53.0,Loan originated
1,655000.0,48,825000.0,177.0,1,Asian,Joint,35-44,80.0,Loan originated
1,515000.0,49,645000.0,106.0,1,White,Female,35-44,79.845,Loan originated
1,855000.0,43,2255000.0,228.0,1,White,Male,55-64,37.778,Loan originated
1,705000.0,38,885000.0,205.0,1,White,Joint,35-44,80.0,Loan originated
1,335000.0,47,605000.0,82.0,1,Hispanic or Latino,Female,45-54,55.833,Application denied
1,555000.0,47,585000.0,128.0,1,Other,Joint,25-34,95.0,Loan originated
1,505000.0,47,535000.0,133.0,1,White,Male,45-54,95.0,Loan originated
1,765000.0,46,855000.0,239.0,1,Hispanic or Latino,Joint,35-44,90.0,Loan originated
1,385000.0,48,545000.0,75.0,1,Asian,Joint,35-44,69.597,Loan originated
1,375000.0,43,445000.0,89.0,1,Hispanic or Latino,Joint,25-34,85.0,Loan originated
1,255000.0,49,425000.0,62.0,1,White,Male,55-64,58.824,Loan originated
1,295000.0,41,315000.0,68.0,1,White,Female,<25,93.548,Loan originated
1,765000.0,39,915000.0,189.0,1,White,Male,35-44,85.0,Loan originated
1,1145000.0,49,2945000.0,253.0,1,White,Joint,>74,40.0,Loan originated
1,415000.0,49,515000.0,157.0,1,Asian,Male,25-34,80.0,Loan originated
1,685000.0,38,715000.0,178.0,1,White,Joint,45-54,97.0,Loan originated
1,585000.0,30%-<36%,605000.0,215.0,1,White,Male,35-44,97.0,Loan originated
1,1005000.0,38,1495000.0,416.0,1,Asian,Joint,55-64,66.667,Loan originated
1,305000.0,42,355000.0,224.0,1,Black or African American,Joint,25-34,85.714,Loan originated
1,975000.0,45,1155000.0,212.0,1,White,Male,45-54,85.0,Loan originated
1,425000.0,43,535000.0,114.0,1,White,Male,65-74,80.0,Loan originated
1,495000.0,20%-<30%,615000.0,248.0,1,White,Male,25-34,80.0,Loan originated
1,555000.0,44,585000.0,184.0,1,Hispanic or Latino,Joint,55-64,95.0,Loan originated
1,305000.0,46,985000.0,116.0,1,White,Male,55-64,30.46,Loan originated
1,295000.0,30%-<36%,365000.0,81.0,1,Hispanic or Latino,Male,55-64,80.0,Loan originated
1,535000.0,42,595000.0,150.0,1,Asian,Male,35-44,90.0,Loan originated
1,305000.0,44,315000.0,66.0,1,Hispanic or Latino,Female,35-44,100.0,Loan originated
1,505000.0,40,635000.0,135.0,1,White,Joint,35-44,80.0,Loan originated
1,175000.0,44,875000.0,73.0,1,White,Female,65-74,20.0,Loan originated
1,395000.0,20%-<30%,665000.0,152.0,1,Asian,Joint,25-34,59.0,Loan originated
1,375000.0,48,395000.0,83.0,1,Hispanic or Latino,Female,25-34,98.0,Loan originated
1,705000.0,49,1335000.0,207.0,1,Asian,Male,65-74,52.317,Loan originated
1,125000.0,43,1195000.0,68.0,1,White,Joint,65-74,10.042,Loan originated
1,975000.0,46,1085000.0,205.0,1,Black or African American,Male,35-44,90.0,Loan originated
1,605000.0,46,2195000.0,861.0,1,Black or African American,Joint,>74,27.32,Loan originated
1,295000.0,<20%,395000.0,156.0,1,White,Female,65-74,74.811,Loan originated
1,265000.0,49,325000.0,128.0,1,White,Joint,45-54,80.0,Loan originated
1,355000.0,43,655000.0,93.0,1,Asian,Male,25-34,53.49,Loan originated
1,705000.0,36,785000.0,357.0,1,Black or African American,Joint,25-34,90.0,Loan originated
1,1015000.0,20%-<30%,1685000.0,459.0,1,Asian,Joint,25-34,60.05,Loan originated
1,885000.0,49,1105000.0,214.0,1,Asian,Joint,25-34,80.0,Loan originated
1,615000.0,45,765000.0,128.0,1,Hispanic or Latino,Male,55-64,80.0,Loan originated
1,605000.0,42,675000.0,176.0,1,Asian,Joint,25-34,90.0,Loan originated
1,525000.0,44,625000.0,113.0,1,White,Male,25-34,85.0,Loan originated
1,1015000.0,38,1615000.0,260.0,1,White,Female,25-34,62.848,Loan originated
1,865000.0,46,915000.0,184.0,1,Hispanic or Latino,Male,25-34,98.0,Loan originated
1,745000.0,46,855000.0,185.0,1,Asian,Joint,35-44,86.962,Loan originated
1,715000.0,49,815000.0,204.0,1,Asian,Joint,35-44,88.0,Loan originated
1,1145000.0,49,1695000.0,300.0,1,Asian,Male,45-54,82.83,Loan originated
1,925000.0,20%-<30%,1545000.0,365.0,1,White,Joint,25-34,60.0,Loan originated
1,305000.0,30%-<36%,605000.0,207.0,1,Asian,Male,55-64,50.0,Loan originated
1,415000.0,30%-<36%,595000.0,197.0,1,White,Female,45-54,70.0,Loan originated
1,405000.0,49,505000.0,141.0,1,White,Female,35-44,78.508,Loan originated
1,1145000.0,30%-<36%,1695000.0,1274.0,1,White,Joint,45-54,67.628,Loan originated
1,225000.0,44,285000.0,53.0,1,White,Male,35-44,82.0,Loan originated
1,1005000.0,39,1755000.0,307.0,1,Asian,Joint,25-34,57.15,Loan originated
1,155000.0,47,1715000.0,59.0,1,Asian,Female,35-44,9.07,Loan originated
1,555000.0,39,795000.0,158.0,1,White,Joint,25-34,69.81,Loan originated
1,465000.0,49,485000.0,151.0,1,Hispanic or Latino,Joint,35-44,100.4,Loan originated
1,535000.0,41,635000.0,259.0,1,Hispanic or Latino,Joint,35-44,85.0,Loan originated
1,405000.0,49,435000.0,110.0,1,Asian,Female,<25,94.0,Loan originated
1,685000.0,20%-<30%,1185000.0,252.0,1,White,Joint,25-34,59.0,Loan originated
1,635000.0,42,805000.0,203.0,1,White,Joint,35-44,80.0,Loan originated
1,1125000.0,36,1405000.0,282.0,1,Asian,Joint,45-54,80.0,Loan originated
1,735000.0,<20%,925000.0,740.0,1,Asian,Joint,45-54,80.0,Application denied
1,375000.0,40,465000.0,121.0,1,Other,Female,35-44,80.0,Loan originated
1,195000.0,20%-<30%,245000.0,271.0,1,White,Male,<25,80.0,Loan originated
1,335000.0,42,425000.0,81.0,1,White,Female,<25,80.0,Loan originated
1,565000.0,39,595000.0,144.0,1,White,Male,45-54,95.0,Loan originated
1,365000.0,20%-<30%,525000.0,131.0,1,White,Male,25-34,70.0,Loan originated
1,585000.0,48,795000.0,136.0,1,White,Female,>74,75.0,Loan originated
1,615000.0,50%-60%,645000.0,174.0,1,White,Joint,25-34,96.5,Application denied
1,535000.0,30%-<36%,825000.0,199.0,1,Asian,Male,45-54,65.634,Loan originated
1,1135000.0,30%-<36%,1415000.0,424.0,1,White,Joint,35-44,79.93,Loan originated
1,675000.0,20%-<30%,935000.0,305.0,1,Hispanic or Latino,Joint,35-44,73.0,Loan originated
1,315000.0,49,395000.0,59.0,1,White,Female,55-64,79.49,Loan originated
1,735000.0,48,765000.0,193.0,1,White,Joint,25-34,97.0,Loan originated
1,565000.0,47,755000.0,137.0,1,Hispanic or Latino,Joint,35-44,75.0,Loan originated
1,125000.0,<20%,725000.0,213.0,1,Hispanic or Latino,Joint,35-44,17.24,Loan originated
1,585000.0,49,735000.0,140.0,1,Asian,Male,25-34,80.0,Loan originated
1,285000.0,44,485000.0,70.0,1,White,Female,65-74,58.763,Loan originated
1,175000.0,20%-<30%,525000.0,120.0,1,White,Male,35-44,34.0,Application denied
1,795000.0,42,995000.0,256.0,1,White,Joint,>74,79.9,Loan originated
1,335000.0,41,535000.0,89.0,1,Asian,Female,45-54,62.285,Loan originated
1,765000.0,47,805000.0,173.0,1,Hispanic or Latino,Joint,55-64,97.96,Loan originated
1,555000.0,49,1485000.0,125.0,1,Asian,Male,25-34,38.0,Loan originated
1,425000.0,44,455000.0,130.0,1,Hispanic or Latino,Female,35-44,95.0,Loan originated
1,465000.0,47,795000.0,107.0,1,White,Female,45-54,58.491,Loan originated
1,565000.0,42,665000.0,152.0,1,White,Male,45-54,85.0,Loan originated
1,335000.0,39,825000.0,153.0,1,White,Joint,35-44,40.867,Loan originated
1,715000.0,30%-<36%,835000.0,230.0,1,Other,Joint,25-34,85.0,Loan originated
1,915000.0,49,1575000.0,194.0,1,White,Joint,35-44,57.78,Loan originated
1,1055000.0,44,2105000.0,314.0,1,White,Joint,25-34,50.0,Loan originated
1,315000.0,30%-<36%,325000.0,114.0,1,White,Male,35-44,97.0,Loan originated
1,425000.0,>60%,455000.0,42.0,1,Asian,Joint,25-34,95.0,Application denied
1,105000.0,48,135000.0,87.0,1,Hispanic or Latino,Male,55-64,80.92,Loan originated
1,705000.0,30%-<36%,885000.0,313.0,1,White,Joint,35-44,80.0,Loan originated
1,265000.0,45,275000.0,66.0,1,Hispanic or Latino,Male,25-34,97.0,Loan originated
1,445000.0,49,935000.0,99.0,1,Other,Male,55-64,47.849,Loan originated
1,155000.0,37,165000.0,108.0,1,Asian,Male,45-54,95.0,Loan originated
1,345000.0,43,365000.0,231.0,1,Hispanic or Latino,Joint,35-44,95.0,Loan originated
1,245000.0,40,355000.0,70.0,1,White,Male,65-74,69.718,Loan originated
1,575000.0,37,765000.0,290.0,1,White,Joint,45-54,75.0,Loan originated
1,525000.0,49,665000.0,123.0,1,Asian,Joint,35-44,80.0,Loan originated
1,1035000.0,39,1285000.0,251.0,1,Asian,Male,25-34,80.0,Loan originated
1,1015000.0,>60%,1355000.0,0.0,1,Asian,Male,25-34,75.0,Application denied
1,765000.0,40,885000.0,202.0,1,White,Female,35-44,86.806,Loan originated
1,505000.0,30%-<36%,1085000.0,183.0,1,Asian,Male,25-34,46.176,Loan originated
1,765000.0,49,805000.0,236.0,1,Hispanic or Latino,Male,55-64,95.0,Loan originated
1,515000.0,39,545000.0,199.0,1,Hispanic or Latino,Joint,25-34,95.0,Loan originated
1,645000.0,48,805000.0,154.0,1,Asian,Male,25-34,80.0,Loan originated
1,425000.0,20%-<30%,535000.0,134.0,1,White,Female,25-34,80.0,Loan originated
1,505000.0,40,715000.0,130.0,1,Asian,Joint,35-44,70.0,Loan originated
1,445000.0,47,555000.0,99.0,1,White,Female,25-34,80.0,Loan originated
1,555000.0,<20%,1095000.0,1134.0,1,Hispanic or Latino,Female,<25,50.46,Loan originated
1,415000.0,41,505000.0,156.0,1,White,Joint,55-64,83.0,Loan originated
1,525000.0,40,555000.0,220.0,1,Hispanic or Latino,Joint,45-54,95.0,Loan originated
1,905000.0,41,1305000.0,216.0,1,Asian,Female,45-54,68.834,Loan originated
1,275000.0,36,305000.0,240.0,1,White,Male,35-44,90.0,Loan originated
1,295000.0,<20%,935000.0,276.0,1,Asian,Joint,25-34,31.76,Loan originated
1,855000.0,44,1005000.0,192.0,1,White,Joint,25-34,85.0,Loan originated
1,715000.0,40,785000.0,150.0,1,White,Female,25-34,91.154,Loan originated
1,715000.0,50%-60%,755000.0,196.0,1,Hispanic or Latino,Joint,45-54,95.0,Application denied
1,685000.0,43,725000.0,178.0,1,Hispanic or Latino,Joint,35-44,95.0,Loan originated
1,545000.0,30%-<36%,685000.0,158.0,1,Asian,Male,25-34,80.0,Loan originated
1,755000.0,48,955000.0,149.0,1,Hispanic or Latino,Joint,45-54,95.0,Loan originated
1,525000.0,30%-<36%,655000.0,165.0,1,White,Female,35-44,80.0,Loan originated
1,1045000.0,36,1305000.0,281.0,1,Asian,Joint,25-34,80.0,Loan originated
1,175000.0,36,185000.0,93.0,1,Hispanic or Latino,Male,35-44,95.0,Application denied
1,305000.0,20%-<30%,615000.0,120.0,1,White,Female,25-34,49.74,Loan originated
1,145000.0,43,175000.0,78.0,1,Asian,Male,65-74,80.0,Loan originated
1,545000.0,49,645000.0,142.0,1,White,Male,65-74,84.99,Loan originated
1,395000.0,43,535000.0,102.0,1,White,Male,25-34,75.0,Loan originated
1,415000.0,30%-<36%,525000.0,130.0,1,Hispanic or Latino,Male,25-34,80.0,Loan originated
1,585000.0,45,645000.0,130.0,1,Asian,Female,45-54,90.0,Loan originated
1,725000.0,45,815000.0,202.0,1,White,Joint,25-34,90.0,Loan originated
1,575000.0,44,915000.0,12.0,1,Asian,Female,35-44,64.37,Loan originated
1,85000.0,42,445000.0,73.0,1,Asian,Joint,45-54,20.0,Loan originated
1,525000.0,47,555000.0,152.0,1,Hispanic or Latino,Joint,35-44,95.0,Loan originated
1,715000.0,45,795000.0,257.0,1,White,Joint,25-34,90.0,Loan originated
1,605000.0,44,755000.0,136.0,1,White,Male,35-44,80.0,Loan originated
1,655000.0,30%-<36%,1075000.0,180.0,1,White,Joint,25-34,60.465,Loan originated
1,225000.0,50%-60%,305000.0,62.0,1,Hispanic or Latino,Female,25-34,76.0,Loan originated
1,325000.0,48,405000.0,62.0,1,White,Female,25-34,80.0,Loan originated
1,525000.0,42,715000.0,132.0,1,Asian,Female,<25,80.0,Loan originated
1,205000.0,20%-<30%,1925000.0,158.0,1,Asian,Female,35-44,10.373,Loan originated
1,1005000.0,43,2075000.0,225.0,1,Asian,Joint,35-44,48.193,Loan originated
1,965000.0,41,1205000.0,290.0,1,White,Joint,35-44,80.0,Loan originated
1,535000.0,30%-<36%,555000.0,196.0,1,Asian,Female,45-54,97.0,Loan originated
1,345000.0,45,365000.0,110.0,1,Asian,Joint,65-74,95.0,Loan originated
1,765000.0,43,885000.0,189.0,1,White,Male,65-74,86.769,Loan originated
1,895000.0,43,1125000.0,326.0,1,Asian,Joint,35-44,80.0,Loan originated
1,795000.0,30%-<36%,995000.0,328.0,1,White,Joint,25-34,80.0,Loan originated
1,475000.0,<20%,965000.0,287.0,1,White,Joint,55-64,49.453,Loan originated
1,1085000.0,49,1355000.0,248.0,1,White,Joint,65-74,80.0,Loan originated
1,855000.0,49,955000.0,231.0,1,Hispanic or Latino,Female,55-64,90.0,Loan originated
1,675000.0,48,745000.0,181.0,1,Asian,Female,35-44,90.0,Loan originated
1,945000.0,38,1055000.0,246.0,1,White,Joint,35-44,90.0,Loan originated
1,975000.0,37,1215000.0,650.0,1,White,Joint,45-54,80.0,Loan originated
1,475000.0,20%-<30%,635000.0,194.0,1,Asian,Joint,45-54,74.879,Loan originated
1,275000.0,41,395000.0,74.0,1,Hispanic or Latino,Joint,45-54,69.873,Loan originated
1,535000.0,39,675000.0,152.0,1,Asian,Male,25-34,80.0,Loan originated
1,395000.0,48,535000.0,81.0,1,White,Male,45-54,75.0,Loan originated
1,515000.0,49,965000.0,120.0,1,Asian,Female,45-54,53.125,Loan originated
1,1055000.0,49,1405000.0,231.0,1,Asian,Joint,25-34,75.0,Loan originated
1,755000.0,45,845000.0,160.0,1,Asian,Female,45-54,89.994,Loan originated
1,665000.0,39,825000.0,200.0,1,White,Joint,35-44,80.0,Loan originated
1,345000.0,49,435000.0,77.0,1,White,Male,25-34,83.0,Loan originated
1,715000.0,30%-<36%,1015000.0,315.0,1,White,Joint,65-74,70.0,Loan originated
1,1185000.0,43,1505000.0,290.0,1,White,Female,35-44,78.933,Loan originated
1,585000.0,41,735000.0,235.0,1,Asian,Male,35-44,80.0,Loan originated
1,465000.0,47,495000.0,150.0,1,Asian,Joint,25-34,95.0,Loan originated
1,585000.0,20%-<30%,605000.0,360.0,1,Asian,Male,45-54,97.0,Loan originated
1,565000.0,49,1055000.0,122.0,1,Hispanic or Latino,Female,65-74,53.359,Loan originated
1,485000.0,41,515000.0,191.0,1,White,Female,25-34,95.0,Loan originated
1,455000.0,48,565000.0,109.0,1,White,Joint,55-64,80.0,Loan originated
1,375000.0,45,525000.0,101.0,1,White,Male,25-34,71.429,Loan originated
1,325000.0,38,495000.0,93.0,1,Hispanic or Latino,Joint,45-54,66.0,Loan originated
1,765000.0,49,905000.0,142.0,1,White,Female,35-44,84.812,Loan originated
1,1145000.0,45,1775000.0,344.0,1,Asian,Male,25-34,64.779,Loan originated
1,635000.0,40,845000.0,376.0,1,Asian,Joint,55-64,75.0,Loan originated
1,575000.0,30%-<36%,605000.0,203.0,1,White,Male,35-44,95.0,Loan originated
1,565000.0,45,705000.0,204.0,1,Hispanic or Latino,Joint,>74,80.0,Loan originated
1,725000.0,<20%,905000.0,1041.0,1,Hispanic or Latino,Male,25-34,80.0,Loan originated
1,605000.0,20%-<30%,855000.0,220.0,1,Asian,Male,35-44,70.0,Loan originated
1,255000.0,30%-<36%,525000.0,102.0,1,White,Female,25-34,48.0,Loan originated
1,585000.0,42,655000.0,148.0,1,Hispanic or Latino,Female,45-54,90.0,Loan originated
1,505000.0,<20%,655000.0,156.0,1,Other,Male,25-34,76.923,Application denied
1,355000.0,45,375000.0,84.0,1,Hispanic or Latino,Male,<25,95.0,Loan originated
1,885000.0,48,1105000.0,283.0,1,White,Male,35-44,80.0,Loan originated
1,575000.0,46,825000.0,122.0,1,White,Female,35-44,69.697,Loan originated
1,455000.0,41,545000.0,105.0,1,Asian,Male,25-34,81.97,Loan originated
1,765000.0,30%-<36%,1055000.0,248.0,1,White,Joint,25-34,73.0,Loan originated
1,1035000.0,>60%,1155000.0,168.0,1,Asian,Joint,35-44,90.0,Application denied
1,215000.0,<20%,545000.0,169.0,1,White,Joint,25-34,39.17,Loan originated
1,555000.0,45,585000.0,167.0,1,Black or African American,Female,35-44,95.0,Loan originated
1,205000.0,36,915000.0,103.0,1,White,Joint,65-74,21.92,Loan originated
1,745000.0,42,935000.0,173.0,1,Hispanic or Latino,Male,45-54,80.0,Loan originated
1,685000.0,47,875000.0,176.0,1,White,Male,55-64,80.0,Loan originated
1,765000.0,49,965000.0,182.0,1,White,Male,35-44,79.435,Loan originated
1,765000.0,44,995000.0,336.0,1,White,Female,55-64,77.3,Loan originated
1,525000.0,30%-<36%,655000.0,150.0,1,Asian,Male,25-34,80.0,Loan originated
1,765000.0,49,1125000.0,160.0,1,Hispanic or Latino,Male,55-64,68.13,Loan originated
1,475000.0,20%-<30%,595000.0,378.0,1,White,Male,55-64,79.9,Loan originated
1,375000.0,20%-<30%,405000.0,229.0,1,Asian,Male,25-34,93.75,Loan originated
1,645000.0,48,1145000.0,155.0,1,Asian,Female,25-34,56.332,Loan originated
1,205000.0,44,405000.0,65.0,1,White,Female,55-64,50.98,Loan originated
1,625000.0,49,1015000.0,217.0,1,Asian,Female,35-44,61.0,Loan originated
1,985000.0,49,1135000.0,191.0,1,Hispanic or Latino,Joint,25-34,86.903,Loan originated
1,1015000.0,42,1125000.0,363.0,1,Asian,Joint,35-44,89.99,Loan originated
1,595000.0,42,675000.0,177.0,1,White,Male,35-44,88.148,Loan originated
1,125000.0,20%-<30%,165000.0,133.0,1,White,Male,55-64,73.63,Loan originated
1,755000.0,39,1005000.0,233.0,1,White,Joint,55-64,75.0,Loan originated
1,695000.0,44,945000.0,164.0,1,White,Female,25-34,73.6,Loan originated
1,635000.0,20%-<30%,785000.0,285.0,1,Asian,Female,<25,80.0,Application denied
1,445000.0,20%-<30%,615000.0,380.0,1,White,Female,25-34,73.275,Loan originated
1,455000.0,44,505000.0,100.0,1,Asian,Joint,35-44,90.0,Loan originated
1,375000.0,30%-<36%,535000.0,175.0,1,White,Male,55-64,70.0,Loan originated
1,265000.0,49,335000.0,73.0,1,Black or African American,Female,25-34,80.0,Loan originated
1,925000.0,49,1155000.0,191.0,1,White,Male,35-44,80.0,Loan originated
1,605000.0,30%-<36%,715000.0,236.0,1,Asian,Joint,45-54,85.0,Loan originated
1,575000.0,30%-<36%,715000.0,221.0,1,Asian,Joint,45-54,80.0,Loan originated
1,1005000.0,<20%,2925000.0,922.0,1,Asian,Male,45-54,34.188,Loan originated
1,555000.0,47,785000.0,134.0,1,Asian,Female,35-44,70.72,Loan originated
1,185000.0,48,875000.0,73.0,1,White,Male,55-64,21.143,Loan originated
1,505000.0,40,755000.0,122.0,1,Asian,Female,55-64,66.225,Loan originated
1,215000.0,30%-<36%,425000.0,200.0,1,White,Female,55-64,50.0,Loan originated
1,725000.0,48,805000.0,181.0,1,Hispanic or Latino,Male,45-54,90.0,Loan originated
1,805000.0,45,1255000.0,182.0,1,White,Male,25-34,63.745,Loan originated
1,385000.0,42,485000.0,108.0,1,White,Joint,35-44,79.167,Loan originated
1,485000.0,41,565000.0,108.0,1,Asian,Joint,45-54,85.0,Loan originated
1,675000.0,49,715000.0,146.0,1,Hispanic or Latino,Female,65-74,94.568,Loan originated
1,795000.0,20%-<30%,1555000.0,568.0,1,White,Joint,25-34,77.664,Loan originated
1,525000.0,41,555000.0,157.0,1,White,Female,45-54,95.0,Loan originated
1,155000.0,45,205000.0,97.0,1,White,Female,65-74,75.96,Loan originated
1,525000.0,44,1065000.0,124.0,1,Asian,Female,55-64,50.02,Loan originated
1,725000.0,40,915000.0,200.0,1,Asian,Joint,25-34,80.0,Loan originated
1,505000.0,49,525000.0,105.0,1,Hispanic or Latino,Female,25-34,100.0,Loan originated
1,875000.0,48,925000.0,200.0,1,Asian,Male,25-34,98.0,Loan originated
1,535000.0,48,725000.0,110.0,1,Asian,Female,35-44,95.0,Loan originated
1,335000.0,20%-<30%,435000.0,81.0,1,White,Male,65-74,76.852,Loan originated
1,455000.0,39,525000.0,126.0,1,White,Joint,<25,86.59,Loan originated
1,855000.0,48,1255000.0,232.0,1,White,Joint,35-44,68.0,Loan originated
1,215000.0,46,505000.0,133.0,1,White,Joint,>74,43.0,Loan originated
1,485000.0,45,1135000.0,220.0,1,Hispanic or Latino,Female,55-64,42.516,Loan originated
1,575000.0,49,605000.0,113.0,1,Hispanic or Latino,Joint,35-44,95.0,Application denied
1,285000.0,40,355000.0,76.0,1,Other,Male,45-54,80.0,Loan originated
1,215000.0,48,225000.0,50.0,1,White,Female,35-44,97.0,Loan originated
1,15000.0,30%-<36%,365000.0,164.0,1,White,Joint,35-44,100.0,Loan originated
1,1145000.0,45,1315000.0,469.0,1,White,Joint,25-34,88.0,Loan originated
1,995000.0,49,1535000.0,239.0,1,Asian,Male,35-44,64.967,Loan originated
1,455000.0,44,785000.0,106.0,1,Asian,Male,<25,57.618,Loan originated
1,1005000.0,20%-<30%,1335000.0,553.0,1,Asian,Male,35-44,75.0,Loan originated
1,1145000.0,41,1465000.0,367.0,1,White,Joint,25-34,78.485,Loan originated
1,745000.0,42,935000.0,197.0,1,White,Male,35-44,80.0,Loan originated
1,765000.0,36,1155000.0,283.0,1,Asian,Male,35-44,66.368,Loan originated
1,355000.0,30%-<36%,2225000.0,224.0,1,White,Male,55-64,15.73,Loan originated
1,355000.0,44,545000.0,125.0,1,White,Joint,45-54,65.0,Loan originated
1,365000.0,39,455000.0,99.0,1,Black or African American,Female,35-44,103.0,Loan originated
1,405000.0,42,515000.0,162.0,1,White,Joint,>74,80.0,Loan originated
1,705000.0,47,775000.0,247.0,1,White,Joint,35-44,90.0,Loan originated
1,445000.0,50%-60%,525000.0,165.0,1,Asian,Male,35-44,85.0,Application denied
1,275000.0,20%-<30%,1375000.0,188.0,1,White,Joint,65-74,20.0,Loan originated
1,365000.0,36,465000.0,119.0,1,Asian,Male,35-44,78.448,Loan originated
1,765000.0,44,1325000.0,180.0,1,White,Male,35-44,57.85,Loan originated
1,205000.0,40,995000.0,108.0,1,Hispanic or Latino,Joint,65-74,20.1,Loan originated
1,565000.0,37,705000.0,165.0,1,Asian,Female,35-44,80.0,Loan originated
1,425000.0,46,435000.0,127.0,1,Asian,Male,25-34,97.0,Application denied
1,255000.0,50%-60%,1385000.0,72.0,1,White,Female,65-74,18.0,Loan originated
1,405000.0,44,685000.0,122.0,1,Hispanic or Latino,Female,25-34,58.824,Loan originated
1,495000.0,49,545000.0,304.0,1,Black or African American,Joint,45-54,90.0,Loan originated
1,1085000.0,20%-<30%,1585000.0,506.0,1,Asian,Female,35-44,68.355,Loan originated
1,265000.0,40,615000.0,91.0,1,Hispanic or Latino,Female,25-34,43.09,Loan originated
1,965000.0,46,1765000.0,244.0,1,White,Male,45-54,54.777,Loan originated
1,1005000.0,46,1255000.0,274.0,1,Asian,Male,25-34,79.936,Loan originated
1,765000.0,46,865000.0,212.0,1,Asian,Female,35-44,88.953,Loan originated
1,465000.0,46,585000.0,290.0,1,Black or African American,Male,>74,80.0,Loan originated
1,365000.0,38,545000.0,90.0,1,Asian,Joint,35-44,66.97,Loan originated
1,1005000.0,45,1865000.0,360.0,1,Asian,Joint,35-44,53.496,Loan originated
1,555000.0,45,575000.0,181.0,1,White,Joint,25-34,97.0,Loan originated
1,705000.0,<20%,1305000.0,488.0,1,White,Joint,55-64,53.85,Loan originated
1,1005000.0,<20%,2235000.0,801.0,1,Asian,Male,35-44,44.75,Loan originated
1,205000.0,43,855000.0,117.0,1,Asian,Joint,45-54,23.406,Loan originated
1,635000.0,47,795000.0,343.0,1,Hispanic or Latino,Male,25-34,80.0,Loan originated
1,655000.0,36,695000.0,227.0,1,White,Joint,>74,95.0,Loan originated
1,385000.0,48,405000.0,99.0,1,Asian,Joint,25-34,95.0,Loan originated
1,605000.0,38,635000.0,232.0,1,White,Male,65-74,95.0,Loan originated
1,765000.0,36,895000.0,287.0,1,White,Joint,65-74,86.129,Loan originated
1,325000.0,30%-<36%,415000.0,97.0,1,White,Joint,25-34,80.0,Loan originated
1,155000.0,42,855000.0,119.0,1,Asian,Joint,55-64,17.65,Loan originated
1,465000.0,49,785000.0,100.0,1,Asian,Male,25-34,60.0,Loan originated
1,455000.0,41,475000.0,125.0,1,Hispanic or Latino,Joint,35-44,97.0,Loan originated
1,295000.0,47,825000.0,108.0,1,White,Female,65-74,35.37,Loan originated
1,555000.0,42,1055000.0,132.0,1,Asian,Female,45-54,52.381,Loan originated
1,585000.0,47,655000.0,245.0,1,White,Male,45-54,90.0,Loan originated
1,385000.0,48,475000.0,75.0,1,White,Female,35-44,80.0,Loan originated
1,855000.0,41,895000.0,405.0,1,Hispanic or Latino,Joint,25-34,95.0,Loan originated
1,205000.0,30%-<36%,765000.0,124.0,1,White,Female,55-64,27.5,Loan originated
1,565000.0,30%-<36%,705000.0,163.0,1,Hispanic or Latino,Joint,55-64,80.0,Loan originated
1,395000.0,43,805000.0,101.0,1,Hispanic or Latino,Male,45-54,50.0,Loan originated
1,655000.0,>60%,815000.0,127.0,1,Asian,Male,65-74,79.99,Application denied
1,185000.0,30%-<36%,235000.0,93.0,1,Hispanic or Latino,Male,35-44,80.0,Application denied
1,205000.0,48,385000.0,106.0,1,White,Joint,>74,53.0,Loan originated
1,405000.0,39,625000.0,196.0,1,White,Female,65-74,64.8,Loan originated
1,535000.0,30%-<36%,1735000.0,362.0,1,Asian,Male,25-34,31.0,Loan originated
1,395000.0,41,495000.0,99.0,1,White,Male,25-34,80.0,Loan originated
1,665000.0,48,1255000.0,149.0,1,White,Joint,45-54,53.2,Loan originated
1,475000.0,20%-<30%,595000.0,255.0,1,White,Joint,25-34,80.0,Loan originated
1,405000.0,45,2825000.0,352.0,1,White,Joint,25-34,15.0,Loan originated
1,465000.0,43,595000.0,112.0,1,Hispanic or Latino,Female,45-54,78.151,Loan originated
1,765000.0,<20%,1055000.0,966.0,1,White,Joint,25-34,89.573,Loan originated
1,845000.0,30%-<36%,1215000.0,315.0,1,White,Joint,45-54,70.0,Loan originated
1,245000.0,48,315000.0,55.0,1,White,Female,65-74,80.0,Loan originated
1,675000.0,50%-60%,935000.0,230.0,1,White,Male,45-54,72.0,Loan originated
1,365000.0,41,485000.0,185.0,1,White,Female,25-34,75.0,Loan originated
1,785000.0,39,985000.0,230.0,1,Asian,Joint,25-34,80.0,Loan originated
1,515000.0,30%-<36%,645000.0,195.0,1,White,Male,45-54,80.0,Loan originated
1,1085000.0,20%-<30%,1355000.0,444.0,1,White,Joint,35-44,80.0,Loan originated
1,495000.0,49,695000.0,355.0,1,White,Female,25-34,71.014,Loan originated
1,705000.0,30%-<36%,945000.0,370.0,1,Asian,Male,35-44,75.0,Loan originated
1,695000.0,20%-<30%,825000.0,366.0,1,Hispanic or Latino,Male,45-54,84.394,Loan originated
1,845000.0,42,1165000.0,231.0,1,Asian,Male,25-34,73.0,Loan originated
1,205000.0,38,585000.0,108.0,1,White,Female,35-44,34.188,Loan originated
1,635000.0,20%-<30%,845000.0,295.0,1,Asian,Female,45-54,75.0,Loan originated
1,355000.0,30%-<36%,435000.0,138.0,1,White,Joint,35-44,83.49,Loan originated
1,105000.0,30%-<36%,465000.0,42.0,1,Hispanic or Latino,Joint,>74,21.739,Loan originated
1,735000.0,50%-60%,935000.0,197.0,1,Hispanic or Latino,Male,45-54,78.075,Loan originated
1,285000.0,45,455000.0,91.0,1,Asian,Joint,25-34,72.793,Application denied
1,895000.0,45,885000.0,311.0,1,White,Joint,35-44,101.75,Loan originated
1,755000.0,46,1005000.0,154.0,1,White,Joint,65-74,75.0,Loan originated
1,345000.0,37,425000.0,114.0,1,White,Male,35-44,80.0,Loan originated
1,465000.0,47,575000.0,101.0,1,Asian,Female,35-44,80.0,Loan originated
1,805000.0,30%-<36%,1055000.0,293.0,1,White,Female,45-54,76.443,Loan originated
1,205000.0,<20%,705000.0,264.0,1,White,Joint,45-54,28.399,Loan originated
1,385000.0,37,475000.0,113.0,1,White,Joint,25-34,80.0,Loan originated
1,415000.0,45,465000.0,115.0,1,Asian,Female,35-44,90.0,Application denied
1,645000.0,46,675000.0,314.0,1,White,Joint,<25,95.0,Loan originated
1,1005000.0,41,1305000.0,284.0,1,White,Joint,45-54,76.886,Loan originated
1,505000.0,30%-<36%,715000.0,157.0,1,Asian,Male,35-44,70.629,Loan originated
1,585000.0,50%-60%,725000.0,207.0,1,White,Joint,35-44,80.0,Loan originated
1,935000.0,49,1245000.0,312.0,1,White,Joint,45-54,75.0,Loan originated
1,355000.0,20%-<30%,545000.0,160.0,1,Asian,Joint,25-34,65.0,Loan originated
1,925000.0,30%-<36%,1155000.0,309.0,1,Asian,Female,35-44,80.0,Application denied
1,405000.0,20%-<30%,565000.0,178.0,1,White,Joint,55-64,70.718,Loan originated
1,505000.0,48,625000.0,95.0,1,Asian,Female,25-34,80.0,Loan originated
1,485000.0,38,615000.0,175.0,1,White,Joint,25-34,80.0,Loan originated
1,565000.0,20%-<30%,1065000.0,337.0,1,Asian,Female,35-44,53.271,Loan originated
1,445000.0,41,645000.0,122.0,1,White,Male,<25,68.75,Loan originated
1,635000.0,43,845000.0,158.0,1,Hispanic or Latino,Female,35-44,75.0,Loan originated
1,915000.0,42,1145000.0,216.0,1,Asian,Joint,45-54,80.0,Loan originated
1,365000.0,39,385000.0,108.0,1,Hispanic or Latino,Joint,25-34,100.0,Loan originated
1,525000.0,49,655000.0,122.0,1,Asian,Male,<25,80.0,Loan originated
1,925000.0,36,1235000.0,337.0,1,Black or African American,Male,45-54,75.0,Loan originated
1,925000.0,42,1025000.0,222.0,1,Asian,Joint,35-44,89.99,Loan originated
1,195000.0,30%-<36%,375000.0,66.0,1,White,Female,25-34,80.0,Loan originated
1,695000.0,37,865000.0,357.0,1,Hispanic or Latino,Male,35-44,80.0,Loan originated
1,445000.0,42,475000.0,106.0,1,Hispanic or Latino,Joint,35-44,95.0,Application denied
1,1005000.0,49,1255000.0,218.0,1,Asian,Male,35-44,80.0,Loan originated
1,785000.0,45,1125000.0,300.0,1,White,Male,35-44,70.0,Loan originated
1,125000.0,48,135000.0,73.0,1,Hispanic or Latino,Joint,45-54,90.0,Loan originated
1,365000.0,20%-<30%,475000.0,225.0,1,White,Male,35-44,76.895,Loan originated
1,575000.0,41,715000.0,327.0,1,Asian,Female,65-74,80.0,Loan originated
1,755000.0,45,895000.0,332.0,1,White,Joint,65-74,85.0,Loan originated
1,705000.0,44,875000.0,214.0,1,Hispanic or Latino,Male,35-44,80.0,Loan originated
1,165000.0,41,185000.0,151.0,1,Hispanic or Latino,Joint,45-54,90.0,Loan originated
1,965000.0,30%-<36%,1145000.0,280.0,1,White,Joint,25-34,85.0,Loan originated
1,615000.0,30%-<36%,775000.0,325.0,1,White,Joint,45-54,80.0,Loan originated
1,395000.0,40,485000.0,224.0,1,Hispanic or Latino,Male,35-44,80.0,Loan originated
1,945000.0,42,1185000.0,249.0,1,White,Joint,35-44,80.0,Loan originated
1,85000.0,<20%,105000.0,61.0,1,Hispanic or Latino,Male,55-64,80.0,Loan originated
1,305000.0,20%-<30%,655000.0,221.0,1,Asian,Joint,45-54,46.154,Application denied
1,765000.0,44,1245000.0,175.0,1,Asian,Joint,55-64,61.819,Loan originated
1,1045000.0,36,1395000.0,308.0,1,Asian,Female,45-54,75.0,Loan originated
1,1015000.0,46,1305000.0,219.0,1,White,Female,55-64,78.077,Loan originated
1,325000.0,30%-<36%,405000.0,245.0,1,Asian,Joint,35-44,81.03,Loan originated
1,555000.0,20%-<30%,695000.0,534.0,1,White,Joint,45-54,80.0,Loan originated
1,355000.0,36,555000.0,140.0,1,Asian,Joint,35-44,63.636,Loan originated
1,295000.0,44,315000.0,88.0,1,Hispanic or Latino,Male,25-34,95.0,Loan originated
1,965000.0,20%-<30%,1375000.0,945.0,1,Asian,Male,25-34,69.99,Loan originated
1,385000.0,45,405000.0,83.0,1,Hispanic or Latino,Male,35-44,95.0,Loan originated
1,575000.0,43,595000.0,136.0,1,Hispanic or Latino,Female,35-44,97.0,Loan originated
1,615000.0,39,685000.0,165.0,1,Asian,Male,35-44,90.0,Loan originated
1,495000.0,42,625000.0,127.0,1,Hispanic or Latino,Male,25-34,80.0,Loan originated
1,735000.0,44,775000.0,155.0,1,Hispanic or Latino,Joint,35-44,95.0,Loan originated
1,755000.0,43,1185000.0,167.0,1,White,Male,45-54,63.56,Loan originated
1,375000.0,>60%,475000.0,48.0,1,Black or African American,Male,35-44,78.947,Application denied
1,765000.0,43,975000.0,178.0,1,White,Male,25-34,78.615,Loan originated
1,425000.0,30%-<36%,505000.0,162.0,1,White,Female,35-44,85.0,Loan originated
1,875000.0,20%-<30%,1675000.0,1468.0,1,White,Male,35-44,82.236,Loan originated
1,765000.0,38,805000.0,264.0,1,White,Male,35-44,95.0,Loan originated
1,595000.0,42,625000.0,158.0,1,White,Joint,45-54,95.0,Loan originated
1,335000.0,47,525000.0,101.0,1,White,Female,45-54,65.0,Loan originated
1,695000.0,<20%,925000.0,446.0,1,White,Female,>74,74.919,Loan originated
1,915000.0,45,1395000.0,190.0,1,White,Male,25-34,65.739,Loan originated
1,535000.0,48,565000.0,166.0,1,Hispanic or Latino,Female,35-44,95.0,Loan originated
1,665000.0,39,965000.0,197.0,1,White,Joint,65-74,68.75,Loan originated
1,625000.0,30%-<36%,825000.0,328.0,1,Asian,Joint,45-54,75.61,Loan originated
1,435000.0,48,545000.0,84.0,1,Hispanic or Latino,Female,55-64,80.0,Loan originated
1,295000.0,49,505000.0,72.0,1,Asian,Female,45-54,59.6,Loan originated
1,645000.0,20%-<30%,675000.0,271.0,1,Hispanic or Latino,Joint,45-54,95.0,Loan originated
1,1145000.0,41,1305000.0,340.0,1,Asian,Joint,25-34,87.957,Loan originated
1,685000.0,<20%,915000.0,512.0,1,Asian,Joint,65-74,75.0,Loan originated
1,255000.0,20%-<30%,285000.0,199.0,1,Hispanic or Latino,Joint,55-64,90.0,Application denied
1,15000.0,30%-<36%,345000.0,84.0,1,Hispanic or Latino,Joint,<25,100.0,Loan originated
1,265000.0,37,335000.0,72.0,1,White,Female,25-34,80.0,Loan originated
1,395000.0,30%-<36%,1165000.0,185.0,1,White,Male,65-74,33.906,Loan originated
1,645000.0,47,665000.0,133.0,1,Hispanic or Latino,Female,45-54,97.0,Loan originated
1,975000.0,42,1515000.0,282.0,1,Asian,Joint,35-44,64.56,Loan originated
1,785000.0,>60%,2135000.0,51.0,1,White,Joint,35-44,35.9,Application denied
1,115000.0,49,645000.0,44.0,1,White,Joint,65-74,17.054,Loan originated
1,375000.0,49,575000.0,107.0,1,Hispanic or Latino,Joint,35-44,69.184,Loan originated
1,355000.0,20%-<30%,365000.0,187.0,1,White,Joint,35-44,95.0,Loan originated
1,175000.0,30%-<36%,875000.0,87.0,1,White,Male,45-54,20.0,Loan originated
1,635000.0,39,745000.0,151.0,1,White,Male,25-34,85.0,Loan originated
1,315000.0,50%-60%,405000.0,69.0,1,Hispanic or Latino,Female,35-44,76.039,Application denied
1,635000.0,48,855000.0,145.0,1,White,Male,55-64,75.0,Loan originated
1,845000.0,43,1055000.0,180.0,1,Asian,Male,25-34,80.0,Loan originated
1,255000.0,36,315000.0,125.0,1,Black or African American,Female,25-34,80.0,Loan originated
1,635000.0,20%-<30%,845000.0,300.0,1,White,Male,35-44,75.0,Loan originated
1,315000.0,43,325000.0,69.0,1,Hispanic or Latino,Joint,35-44,97.0,Loan originated
1,625000.0,30%-<36%,1205000.0,216.0,1,White,Female,45-54,52.124,Loan originated
1,225000.0,49,575000.0,59.0,1,White,Female,55-64,40.0,Loan originated
1,155000.0,36,615000.0,68.0,1,White,Male,35-44,24.59,Loan originated
1,515000.0,47,535000.0,188.0,1,White,Joint,55-64,95.0,Loan originated
1,375000.0,47,465000.0,76.0,1,Asian,Male,25-34,100.0,Loan originated
1,1065000.0,45,1515000.0,239.0,1,White,Joint,35-44,70.0,Loan originated
1,395000.0,40,495000.0,136.0,1,Hispanic or Latino,Male,45-54,80.0,Loan originated
1,295000.0,45,445000.0,76.0,1,White,Male,45-54,65.909,Loan originated
1,245000.0,45,335000.0,67.0,1,Hispanic or Latino,Joint,45-54,75.0,Loan originated
1,975000.0,30%-<36%,1305000.0,565.0,1,White,Joint,25-34,75.0,Loan originated
1,805000.0,42,1475000.0,200.0,1,Asian,Male,55-64,54.34,Loan originated
1,655000.0,36,735000.0,195.0,1,White,Female,45-54,90.0,Loan originated
1,465000.0,48,555000.0,99.0,1,White,Joint,35-44,85.0,Loan originated
1,495000.0,45,685000.0,120.0,1,Asian,Male,35-44,73.0,Loan originated
1,495000.0,41,515000.0,122.0,1,Asian,Joint,25-34,100.0,Loan originated
1,565000.0,47,635000.0,123.0,1,Asian,Male,25-34,89.5,Loan originated
1,645000.0,37,815000.0,225.0,1,Hispanic or Latino,Female,35-44,80.0,Loan originated
1,435000.0,36,625000.0,122.0,1,White,Male,25-34,70.0,Loan originated
1,535000.0,>60%,535000.0,55.0,1,White,Male,35-44,100.0,Application denied
1,505000.0,40,635000.0,199.0,1,Asian,Joint,55-64,79.65,Loan originated
1,225000.0,40,625000.0,69.0,1,Black or African American,Female,65-74,36.0,Loan originated
1,185000.0,45,545000.0,62.0,1,Asian,Male,45-54,33.889,Loan originated
1,755000.0,43,2355000.0,460.0,1,White,Female,65-74,31.915,Loan originated
1,535000.0,20%-<30%,895000.0,198.0,1,Hispanic or Latino,Joint,35-44,60.0,Loan originated
1,535000.0,49,565000.0,126.0,1,Hispanic or Latino,Female,45-54,95.0,Loan originated
1,1085000.0,43,1365000.0,412.0,1,Asian,Joint,45-54,80.0,Loan originated
1,375000.0,30%-<36%,385000.0,134.0,1,Hispanic or Latino,Joint,45-54,100.0,Loan originated
1,465000.0,47,615000.0,98.0,1,Hispanic or Latino,Joint,45-54,75.0,Loan originated
1,605000.0,49,725000.0,145.0,1,White,Male,45-54,82.827,Loan originated
1,485000.0,49,605000.0,122.0,1,Hispanic or Latino,Female,25-34,80.0,Loan originated
1,205000.0,30%-<36%,295000.0,64.0,1,Hispanic or Latino,Female,45-54,67.34,Application denied
1,675000.0,30%-<36%,795000.0,350.0,1,White,Joint,25-34,85.0,Loan originated
1,565000.0,38,865000.0,172.0,1,Asian,Male,25-34,66.14,Loan originated
1,765000.0,46,845000.0,246.0,1,Asian,Joint,35-44,90.0,Loan originated
1,595000.0,40,845000.0,192.0,1,White,Joint,45-54,70.0,Loan originated
1,215000.0,40,425000.0,85.0,1,Asian,Female,<25,50.0,Loan originated
1,1065000.0,46,1335000.0,242.0,1,Asian,Joint,35-44,80.0,Loan originated
1,515000.0,38,645000.0,276.0,1,Asian,Female,45-54,80.0,Loan originated
1,505000.0,44,525000.0,162.0,1,White,Joint,35-44,97.0,Loan originated
1,435000.0,40,555000.0,118.0,1,White,Female,55-64,80.0,Loan originated
1,805000.0,50%-60%,1005000.0,218.0,1,Asian,Male,45-54,80.0,Loan originated
1,125000.0,41,175000.0,111.0,1,White,Female,55-64,75.0,Loan originated
1,525000.0,40,595000.0,129.0,1,Hispanic or Latino,Male,25-34,88.235,Loan originated
1,685000.0,20%-<30%,975000.0,242.0,1,Asian,Joint,35-44,70.0,Loan originated
1,885000.0,46,1265000.0,219.0,1,Asian,Male,35-44,69.995,Loan originated
1,845000.0,43,1055000.0,265.0,1,White,Male,55-64,80.0,Loan originated
1,385000.0,49,585000.0,77.0,1,Hispanic or Latino,Male,35-44,65.928,Loan originated
1,625000.0,48,645000.0,144.0,1,Asian,Male,35-44,97.0,Loan originated
1,625000.0,30%-<36%,785000.0,274.0,1,Asian,Joint,35-44,80.0,Loan originated
1,165000.0,39,865000.0,92.0,1,Hispanic or Latino,Male,55-64,20.0,Loan originated
1,335000.0,30%-<36%,365000.0,95.0,1,Hispanic or Latino,Joint,45-54,89.719,Loan originated
1,705000.0,43,765000.0,208.0,1,White,Male,25-34,93.0,Loan originated
1,505000.0,20%-<30%,845000.0,254.0,1,Asian,Joint,25-34,60.0,Loan originated
1,725000.0,47,905000.0,176.0,1,Asian,Female,45-54,80.0,Loan originated
1,775000.0,20%-<30%,975000.0,358.0,1,Asian,Joint,25-34,80.0,Loan originated
1,535000.0,47,675000.0,176.0,1,Hispanic or Latino,Joint,45-54,80.0,Loan originated
1,665000.0,49,805000.0,128.0,1,White,Joint,25-34,82.5,Loan originated
1,305000.0,30%-<36%,375000.0,133.0,1,White,Joint,35-44,80.0,Loan originated
1,295000.0,48,495000.0,71.0,1,Hispanic or Latino,Female,55-64,59.274,Loan originated
1,275000.0,20%-<30%,475000.0,131.0,1,White,Female,45-54,57.627,Loan originated
1,265000.0,30%-<36%,665000.0,81.0,1,White,Female,55-64,39.577,Loan originated
1,265000.0,<20%,865000.0,188.0,1,Asian,Joint,25-34,30.663,Loan originated
1,595000.0,30%-<36%,745000.0,200.0,1,Black or African American,Male,55-64,80.0,Loan originated
1,395000.0,45,485000.0,174.0,1,Asian,Joint,55-64,80.0,Loan originated
1,615000.0,49,1165000.0,131.0,1,White,Female,45-54,53.2,Loan originated
1,365000.0,30%-<36%,385000.0,121.0,1,White,Female,55-64,95.0,Loan originated
1,615000.0,37,965000.0,180.0,1,White,Male,25-34,63.617,Loan originated
1,515000.0,43,685000.0,126.0,1,Asian,Joint,45-54,75.0,Loan originated
1,515000.0,49,545000.0,114.0,1,Hispanic or Latino,Male,45-54,95.0,Loan originated
1,705000.0,45,1585000.0,174.0,1,Asian,Female,55-64,44.08,Loan originated
1,535000.0,47,565000.0,150.0,1,Hispanic or Latino,Joint,35-44,95.0,Loan originated
1,715000.0,30%-<36%,1175000.0,237.0,1,Asian,Joint,35-44,61.244,Loan originated
1,585000.0,49,695000.0,130.0,1,Asian,Female,65-74,85.0,Loan originated
1,1095000.0,38,1575000.0,411.0,1,Asian,Joint,45-54,85.924,Loan originated
1,385000.0,50%-60%,435000.0,70.0,1,White,Female,<25,88.0,Loan originated
1,565000.0,37,715000.0,186.0,1,White,Male,35-44,80.0,Loan originated
1,455000.0,43,1305000.0,195.0,1,White,Male,>74,34.615,Loan originated
1,525000.0,44,585000.0,139.0,1,Black or African American,Female,45-54,90.0,Loan originated
1,635000.0,39,705000.0,167.0,1,Asian,Female,35-44,90.0,Loan originated
1,545000.0,50%-60%,605000.0,99.0,1,Black or African American,Male,35-44,90.0,Application denied
1,215000.0,37,225000.0,410.0,1,Hispanic or Latino,Female,35-44,95.0,Application denied
1,965000.0,44,1225000.0,200.0,1,Asian,Female,25-34,78.37,Loan originated
1,765000.0,45,1155000.0,200.0,1,Asian,Male,45-54,66.126,Loan originated
1,535000.0,30%-<36%,665000.0,193.0,1,Asian,Male,35-44,80.0,Loan originated
1,575000.0,>60%,585000.0,225.0,1,White,Male,55-64,95.0,Application denied
1,545000.0,48,615000.0,467.0,1,Hispanic or Latino,Female,<25,87.858,Loan originated
1,355000.0,39,375000.0,104.0,1,White,Male,65-74,95.0,Loan originated
1,445000.0,45,465000.0,115.0,1,Hispanic or Latino,Joint,25-34,104.577,Application denied
1,435000.0,48,545000.0,95.0,1,Hispanic or Latino,Joint,35-44,100.0,Loan originated
1,735000.0,41,775000.0,239.0,1,Asian,Joint,25-34,95.0,Loan originated
1,495000.0,20%-<30%,795000.0,272.0,1,White,Female,35-44,63.0,Loan originated
1,475000.0,<20%,595000.0,352.0,1,Hispanic or Latino,Male,45-54,80.0,Loan originated
1,765000.0,44,855000.0,176.0,1,White,Male,35-44,89.341,Loan originated
1,495000.0,45,615000.0,207.0,1,White,Joint,45-54,80.0,Loan originated
1,255000.0,43,295000.0,64.0,1,White,Female,35-44,86.325,Loan originated
1,655000.0,41,775000.0,182.0,1,Black or African American,Male,35-44,84.129,Loan originated
1,335000.0,30%-<36%,395000.0,96.0,1,White,Female,55-64,85.0,Loan originated
1,525000.0,38,655000.0,158.0,1,White,Female,35-44,80.0,Application denied
1,245000.0,41,255000.0,69.0,1,Hispanic or Latino,Male,45-54,99.51,Loan originated
1,735000.0,20%-<30%,815000.0,405.0,1,Black or African American,Female,55-64,90.0,Loan originated
1,435000.0,30%-<36%,455000.0,120.0,1,White,Female,45-54,95.0,Loan originated
1,875000.0,30%-<36%,1255000.0,254.0,1,White,Joint,25-34,70.0,Loan originated
1,1105000.0,<20%,1505000.0,1338.0,1,White,Female,35-44,73.333,Loan originated
1,445000.0,48,485000.0,86.0,1,Hispanic or Latino,Male,35-44,91.667,Loan originated
1,355000.0,49,375000.0,85.0,1,White,Male,35-44,97.0,Loan originated
1,285000.0,46,855000.0,110.0,1,Hispanic or Latino,Joint,45-54,33.765,Loan originated
1,765000.0,47,865000.0,207.0,1,Asian,Joint,45-54,90.0,Loan originated
1,445000.0,47,465000.0,186.0,1,White,Joint,55-64,94.892,Loan originated
1,795000.0,30%-<36%,995000.0,240.0,1,Asian,Joint,25-34,80.0,Loan originated
1,265000.0,20%-<30%,1205000.0,180.0,1,Hispanic or Latino,Female,35-44,21.667,Loan originated
1,875000.0,44,1465000.0,230.0,1,Asian,Male,55-64,60.0,Loan originated
1,415000.0,30%-<36%,425000.0,145.0,1,Black or African American,Joint,25-34,96.5,Loan originated
1,755000.0,41,795000.0,187.0,1,Asian,Joint,45-54,95.0,Loan originated
1,845000.0,38,1165000.0,202.0,1,Asian,Joint,35-44,72.53,Loan originated
1,605000.0,46,635000.0,237.0,1,White,Male,35-44,95.0,Loan originated
1,615000.0,42,625000.0,155.0,1,Hispanic or Latino,Male,25-34,97.0,Loan originated
1,515000.0,20%-<30%,1295000.0,221.0,1,Asian,Male,35-44,39.23,Loan originated
1,165000.0,20%-<30%,855000.0,93.0,1,White,Female,35-44,19.13,Loan originated
1,545000.0,49,575000.0,134.0,1,Asian,Male,25-34,95.0,Loan originated
1,525000.0,45,645000.0,124.0,1,Asian,Male,25-34,80.826,Loan originated
1,765000.0,41,855000.0,219.0,1,Asian,Female,35-44,90.182,Loan originated
1,605000.0,46,905000.0,124.0,1,White,Male,25-34,66.667,Loan originated
1,765000.0,30%-<36%,1125000.0,347.0,1,White,Female,25-34,69.0,Loan originated
1,505000.0,38,905000.0,137.0,1,Hispanic or Latino,Female,<25,55.556,Loan originated
1,485000.0,45,515000.0,160.0,1,Hispanic or Latino,Female,25-34,95.0,Loan originated
1,835000.0,30%-<36%,1355000.0,453.0,1,White,Joint,35-44,89.99,Loan originated
1,335000.0,44,425000.0,72.0,1,Asian,Male,25-34,80.0,Loan originated
1,595000.0,41,665000.0,158.0,1,Asian,Joint,25-34,90.0,Loan originated
1,375000.0,30%-<36%,745000.0,270.0,1,Asian,Joint,35-44,49.933,Loan originated
1,565000.0,30%-<36%,1065000.0,753.0,1,White,Male,25-34,52.83,Loan originated
1,425000.0,40,445000.0,227.0,1,White,Male,35-44,95.0,Loan originated
1,115000.0,36,145000.0,84.0,1,Hispanic or Latino,Joint,>74,75.85,Application denied
1,715000.0,47,895000.0,155.0,1,White,Female,45-54,80.0,Loan originated
1,665000.0,50%-60%,695000.0,120.0,1,Hispanic or Latino,Joint,25-34,95.0,Application denied
1,995000.0,30%-<36%,1245000.0,321.0,1,White,Joint,25-34,80.0,Application denied
1,365000.0,20%-<30%,415000.0,135.0,1,Hispanic or Latino,Joint,25-34,93.0,Loan originated
1,105000.0,42,175000.0,28.0,1,White,Female,55-64,54.118,Application denied
1,545000.0,36,685000.0,169.0,1,White,Female,35-44,80.0,Loan originated
1,435000.0,42,815000.0,154.0,1,Asian,Male,45-54,52.76,Loan originated
1,15000.0,48,325000.0,68.0,1,Other,Female,35-44,100.0,Loan originated
1,265000.0,48,315000.0,54.0,1,Hispanic or Latino,Female,45-54,85.0,Loan originated
1,945000.0,20%-<30%,1185000.0,415.0,1,White,Male,25-34,80.0,Loan originated
1,475000.0,39,525000.0,124.0,1,Hispanic or Latino,Male,45-54,90.0,Loan originated
1,915000.0,43,1075000.0,228.0,1,White,Male,35-44,85.0,Loan originated
1,815000.0,45,905000.0,260.0,1,White,Joint,45-54,90.0,Loan originated
1,1065000.0,44,1305000.0,277.0,1,White,Joint,25-34,84.938,Loan originated
1,485000.0,36,545000.0,158.0,1,Asian,Male,35-44,90.0,Loan originated
1,415000.0,>60%,465000.0,65.0,1,Asian,Joint,35-44,89.892,Application denied
1,595000.0,49,1015000.0,212.0,1,White,Joint,65-74,58.42,Loan originated
1,555000.0,43,765000.0,130.0,1,Asian,Male,35-44,72.549,Loan originated
1,355000.0,47,675000.0,95.0,1,White,Joint,65-74,51.852,Loan originated
1,625000.0,48,925000.0,134.0,1,Asian,Male,45-54,68.0,Loan originated
1,505000.0,39,635000.0,135.0,1,White,Female,25-34,80.0,Loan originated
1,355000.0,50%-60%,555000.0,65.0,1,Black or African American,Female,55-64,63.636,Application denied
1,555000.0,37,685000.0,247.0,1,White,Joint,35-44,80.0,Loan originated
1,285000.0,41,295000.0,86.0,1,Hispanic or Latino,Joint,25-34,97.0,Loan originated
1,765000.0,46,2905000.0,265.0,1,White,Female,35-44,40.916,Loan originated
1,385000.0,40,405000.0,115.0,1,White,Male,35-44,95.0,Loan originated
1,485000.0,20%-<30%,615000.0,251.0,1,Asian,Male,35-44,80.0,Loan originated
1,195000.0,46,195000.0,49.0,1,Hispanic or Latino,Female,<25,97.0,Application denied
1,765000.0,48,925000.0,159.0,1,Hispanic or Latino,Female,35-44,82.865,Loan originated
1,265000.0,38,575000.0,98.0,1,Black or African American,Joint,55-64,45.077,Loan originated
1,785000.0,37,1055000.0,26.0,1,Asian,Male,35-44,75.0,Loan originated
1,455000.0,39,1075000.0,160.0,1,White,Joint,>74,42.471,Loan originated
1,895000.0,47,995000.0,216.0,1,White,Joint,35-44,90.0,Loan originated
1,985000.0,42,1535000.0,257.0,1,Asian,Joint,35-44,64.052,Loan originated
1,745000.0,42,825000.0,279.0,1,White,Joint,45-54,90.0,Loan originated
1,475000.0,47,1215000.0,150.0,1,Hispanic or Latino,Male,55-64,38.671,Loan originated
1,455000.0,49,485000.0,86.0,1,Hispanic or Latino,Joint,35-44,98.0,Loan originated
1,725000.0,46,805000.0,175.0,1,Asian,Joint,35-44,90.0,Loan originated
1,545000.0,39,565000.0,135.0,1,Hispanic or Latino,Male,25-34,97.0,Loan originated
1,685000.0,36,985000.0,513.0,1,White,Joint,55-64,69.544,Loan originated
1,95000.0,49,165000.0,55.0,1,White,Female,65-74,56.25,Loan originated
1,355000.0,30%-<36%,365000.0,133.0,1,Hispanic or Latino,Joint,25-34,97.0,Loan originated
1,565000.0,30%-<36%,705000.0,348.0,1,White,Joint,35-44,80.0,Loan originated
1,675000.0,45,705000.0,169.0,1,Hispanic or Latino,Joint,25-34,100.0,Loan originated
1,455000.0,48,635000.0,117.0,1,White,Female,25-34,71.0,Loan originated
1,445000.0,49,625000.0,127.0,1,White,Joint,55-64,71.6,Loan originated
1,495000.0,36,625000.0,126.0,1,Asian,Female,<25,79.995,Loan originated
1,1055000.0,30%-<36%,1475000.0,303.0,1,White,Joint,45-54,71.186,Loan originated
1,305000.0,20%-<30%,505000.0,134.0,1,Asian,Female,55-64,60.0,Loan originated
1,595000.0,41,1195000.0,201.0,1,Asian,Joint,25-34,50.0,Loan originated
1,725000.0,42,765000.0,210.0,1,White,Joint,65-74,95.0,Loan originated
1,1085000.0,49,1445000.0,212.0,1,Asian,Joint,35-44,75.0,Loan originated
1,685000.0,44,725000.0,175.0,1,White,Female,25-34,95.0,Loan originated
1,845000.0,20%-<30%,885000.0,340.0,1,Hispanic or Latino,Joint,45-54,95.0,Loan originated
1,95000.0,39,135000.0,44.0,1,Hispanic or Latino,Female,35-44,75.0,Application denied
1,615000.0,40,715000.0,188.0,1,Asian,Male,45-54,85.0,Loan originated
1,1135000.0,38,1335000.0,338.0,1,Asian,Joint,25-34,85.0,Loan originated
1,305000.0,20%-<30%,705000.0,188.0,1,Asian,Male,25-34,43.262,Loan originated
1,15000.0,50%-60%,455000.0,112.0,1,Hispanic or Latino,Male,25-34,100.0,Loan originated
1,945000.0,30%-<36%,1185000.0,323.0,1,Asian,Joint,45-54,80.0,Loan originated
1,515000.0,30%-<36%,565000.0,193.0,1,Hispanic or Latino,Male,35-44,90.0,Loan originated
1,925000.0,30%-<36%,1165000.0,313.0,1,Asian,Joint,35-44,80.0,Loan originated
1,105000.0,<20%,135000.0,152.0,1,Asian,Female,25-34,79.0,Loan originated
1,315000.0,50%-60%,365000.0,111.0,1,Asian,Joint,45-54,86.34,Loan originated
1,505000.0,49,685000.0,9.0,1,Asian,Female,45-54,72.57,Loan originated
1,95000.0,>60%,145000.0,77.0,1,Hispanic or Latino,Male,25-34,63.22,Application denied
1,805000.0,47,1305000.0,176.0,1,White,Joint,35-44,61.538,Loan originated
1,755000.0,43,1765000.0,18.0,1,Asian,Male,45-54,45.73,Loan originated
1,475000.0,45,495000.0,99.0,1,White,Female,25-34,100.0,Loan originated
1,995000.0,42,1595000.0,285.0,1,Asian,Female,55-64,62.264,Loan originated
1,385000.0,37,405000.0,114.0,1,Hispanic or Latino,Joint,35-44,95.0,Loan originated
1,855000.0,30%-<36%,1015000.0,693.0,1,White,Male,55-64,84.733,Loan originated
1,315000.0,39,335000.0,80.0,1,Hispanic or Latino,Joint,45-54,95.0,Loan originated
1,545000.0,49,805000.0,112.0,1,Hispanic or Latino,Joint,35-44,68.0,Loan originated
1,1145000.0,>60%,1555000.0,292.0,1,Asian,Joint,45-54,70.0,Application denied
1,1045000.0,42,1315000.0,331.0,1,Asian,Male,35-44,80.0,Loan originated
1,415000.0,49,425000.0,90.0,1,Asian,Male,55-64,97.0,Loan originated
1,485000.0,45,605000.0,123.0,1,Black or African American,Male,>74,80.0,Loan originated
1,505000.0,38,535000.0,289.0,1,White,Joint,25-34,95.0,Loan originated
1,535000.0,20%-<30%,675000.0,286.0,1,Hispanic or Latino,Joint,45-54,80.0,Loan originated
1,765000.0,49,1095000.0,249.0,1,Asian,Joint,45-54,70.0,Loan originated
1,545000.0,49,615000.0,130.0,1,Hispanic or Latino,Female,45-54,90.0,Loan originated
1,725000.0,20%-<30%,805000.0,306.0,1,White,Male,25-34,90.0,Loan originated
1,805000.0,42,1305000.0,177.0,1,Asian,Male,25-34,61.538,Loan originated
1,1145000.0,20%-<30%,2825000.0,600.0,1,Asian,Male,45-54,40.702,Loan originated
1,515000.0,<20%,685000.0,349.0,1,Asian,Male,45-54,75.0,Loan originated
1,475000.0,49,755000.0,127.0,1,White,Female,35-44,63.12,Loan originated
1,775000.0,50%-60%,845000.0,156.0,1,White,Joint,65-74,92.0,Application denied
1,175000.0,48,275000.0,174.0,1,Hispanic or Latino,Joint,55-64,63.636,Loan originated
1,715000.0,43,895000.0,159.0,1,White,Joint,45-54,80.0,Loan originated
1,1145000.0,49,1345000.0,376.0,1,White,Male,35-44,85.0,Loan originated
1,525000.0,42,655000.0,143.0,1,Asian,Female,35-44,80.0,Loan originated
1,885000.0,30%-<36%,935000.0,296.0,1,Asian,Joint,25-34,95.0,Loan originated
1,1125000.0,42,1245000.0,343.0,1,Asian,Male,55-64,90.0,Application denied
1,405000.0,49,505000.0,84.0,1,White,Male,25-34,80.0,Loan originated
1,525000.0,<20%,655000.0,2007.0,1,White,Male,35-44,80.0,Application denied
1,605000.0,44,645000.0,194.0,1,Hispanic or Latino,Joint,25-34,95.0,Loan originated
1,885000.0,41,1085000.0,278.0,1,White,Female,35-44,81.567,Loan originated
1,615000.0,30%-<36%,875000.0,185.0,1,Asian,Joint,35-44,70.0,Loan originated
1,645000.0,49,715000.0,120.0,1,White,Male,25-34,90.0,Loan originated
1,545000.0,42,575000.0,187.0,1,Black or African American,Female,35-44,95.0,Loan originated
1,575000.0,30%-<36%,675000.0,379.0,1,Asian,Joint,35-44,86.0,Loan originated
1,575000.0,20%-<30%,715000.0,185.0,1,Asian,Male,35-44,80.0,Loan originated
1,465000.0,38,475000.0,121.0,1,White,Male,25-34,100.0,Loan originated
1,425000.0,49,955000.0,90.0,1,Asian,Male,25-34,44.5,Loan originated
1,765000.0,48,875000.0,230.0,1,White,Male,35-44,87.4,Loan originated
1,865000.0,47,1075000.0,169.0,1,Asian,Female,55-64,80.0,Loan originated
1,485000.0,49,515000.0,190.0,1,Hispanic or Latino,Female,25-34,95.0,Loan originated
1,65000.0,43,85000.0,47.0,1,Hispanic or Latino,Female,35-44,75.0,Loan originated
1,735000.0,43,775000.0,160.0,1,Hispanic or Latino,Joint,45-54,98.0,Loan originated
1,925000.0,38,1155000.0,273.0,1,White,Female,35-44,80.0,Loan originated
1,225000.0,48,345000.0,48.0,1,Hispanic or Latino,Female,45-54,65.0,Loan originated
1,1135000.0,30%-<36%,1515000.0,349.0,1,Asian,Joint,25-34,75.0,Loan originated
1,345000.0,42,355000.0,83.0,1,Hispanic or Latino,Male,<25,97.0,Loan originated
1,765000.0,45,825000.0,185.0,1,White,Male,35-44,92.915,Loan originated
1,405000.0,47,765000.0,93.0,1,White,Female,25-34,52.425,Loan originated
1,435000.0,47,585000.0,142.0,1,Hispanic or Latino,Joint,25-34,74.138,Loan originated
1,1045000.0,>60%,1105000.0,172.0,1,Asian,Joint,35-44,80.0,Application denied
1,375000.0,48,555000.0,140.0,1,Asian,Female,35-44,85.0,Loan originated
1,305000.0,47,335000.0,109.0,1,Hispanic or Latino,Male,65-74,90.0,Loan originated
1,395000.0,47,565000.0,198.0,1,White,Joint,55-64,69.027,Loan originated
1,525000.0,48,555000.0,169.0,1,White,Joint,55-64,95.0,Loan originated
1,385000.0,49,975000.0,87.0,1,Asian,Male,45-54,38.85,Loan originated
1,765000.0,41,1415000.0,220.0,1,Asian,Male,35-44,55.0,Loan originated
1,275000.0,49,285000.0,67.0,1,Black or African American,Male,25-34,99.107,Application denied
1,345000.0,38,515000.0,107.0,1,White,Joint,>74,67.003,Loan originated
1,755000.0,42,1705000.0,213.0,1,White,Male,45-54,44.118,Loan originated
1,295000.0,43,505000.0,74.0,1,Asian,Female,45-54,58.854,Loan originated
1,205000.0,20%-<30%,255000.0,114.0,1,White,Male,65-74,80.0,Loan originated
1,975000.0,30%-<36%,1055000.0,382.0,1,Hispanic or Latino,Joint,35-44,93.0,Loan originated
1,375000.0,30%-<36%,845000.0,119.0,1,White,Female,65-74,43.98,Loan originated
1,815000.0,30%-<36%,905000.0,318.0,1,White,Joint,25-34,90.0,Loan originated
1,215000.0,50%-60%,225000.0,40.0,1,White,Joint,35-44,96.959,Application denied
1,465000.0,49,585000.0,129.0,1,Hispanic or Latino,Joint,25-34,80.0,Loan originated
1,575000.0,30%-<36%,825000.0,226.0,1,Asian,Joint,25-34,70.0,Loan originated
1,455000.0,20%-<30%,655000.0,197.0,1,Asian,Female,35-44,69.466,Loan originated
1,495000.0,49,625000.0,170.0,1,Asian,Joint,25-34,80.0,Loan originated
1,365000.0,49,585000.0,87.0,1,White,Female,35-44,62.906,Loan originated
1,645000.0,30%-<36%,805000.0,190.0,1,Asian,Male,25-34,80.0,Loan originated
1,445000.0,45,455000.0,101.0,1,White,Male,35-44,100.0,Loan originated
1,745000.0,39,825000.0,192.0,1,Black or African American,Female,25-34,90.0,Loan originated
1,615000.0,39,765000.0,150.0,1,Asian,Joint,45-54,80.0,Loan originated
1,865000.0,36,1075000.0,265.0,1,Hispanic or Latino,Male,25-34,80.0,Loan originated
1,755000.0,20%-<30%,945000.0,368.0,1,Asian,Joint,35-44,80.0,Loan originated
1,415000.0,39,565000.0,125.0,1,White,Joint,25-34,73.434,Loan originated
1,525000.0,48,655000.0,131.0,1,White,Male,25-34,80.0,Loan originated
1,705000.0,38,1175000.0,234.0,1,Asian,Joint,35-44,60.0,Loan originated
1,565000.0,49,715000.0,119.0,1,Asian,Male,25-34,78.562,Loan originated
1,435000.0,30%-<36%,735000.0,145.0,1,White,Joint,35-44,60.0,Loan originated
1,335000.0,<20%,355000.0,375.0,1,White,Female,25-34,95.0,Loan originated
1,415000.0,20%-<30%,515000.0,184.0,1,Asian,Male,35-44,80.0,Loan originated
1,645000.0,>60%,995000.0,147.0,1,Asian,Male,25-34,65.068,Application denied
1,455000.0,42,475000.0,126.0,1,Hispanic or Latino,Joint,45-54,97.0,Loan originated
1,865000.0,47,915000.0,211.0,1,Asian,Joint,35-44,95.0,Loan originated
1,565000.0,<20%,665000.0,0.0,1,White,Male,45-54,85.0,Application denied
1,775000.0,30%-<36%,1375000.0,0.0,1,White,Joint,25-34,56.204,Loan originated
1,985000.0,47,2005000.0,202.0,1,White,Male,25-34,49.0,Loan originated
1,205000.0,41,705000.0,90.0,1,White,Male,45-54,29.0,Loan originated
1,915000.0,40,1085000.0,231.0,1,Asian,Male,25-34,85.0,Loan originated
1,545000.0,46,585000.0,183.0,1,Asian,Joint,35-44,93.103,Loan originated
1,805000.0,49,1655000.0,175.0,1,White,Male,35-44,49.0,Loan originated
1,485000.0,39,1015000.0,147.0,1,Asian,Joint,45-54,47.61,Loan originated
1,485000.0,43,615000.0,150.0,1,White,Joint,35-44,80.0,Loan originated
1,305000.0,48,865000.0,126.0,1,Asian,Joint,35-44,34.88,Loan originated
1,275000.0,20%-<30%,345000.0,128.0,1,White,Female,65-74,80.0,Loan originated
1,295000.0,44,425000.0,78.0,1,Hispanic or Latino,Female,25-34,70.0,Loan originated
1,565000.0,40,965000.0,192.0,1,Asian,Female,35-44,58.377,Loan originated
1,445000.0,30%-<36%,505000.0,192.0,1,Hispanic or Latino,Male,25-34,89.9,Loan originated
1,675000.0,49,905000.0,202.0,1,White,Joint,55-64,75.0,Loan originated
1,225000.0,49,385000.0,44.0,1,Hispanic or Latino,Male,>74,60.0,Loan originated
1,335000.0,49,345000.0,122.0,1,Hispanic or Latino,Joint,45-54,97.0,Loan originated
1,835000.0,49,1035000.0,261.0,1,Asian,Male,45-54,80.0,Loan originated
1,815000.0,41,1025000.0,344.0,1,White,Joint,>74,80.0,Loan originated
1,415000.0,42,505000.0,109.0,1,Hispanic or Latino,Joint,55-64,81.369,Loan originated
1,695000.0,49,975000.0,140.0,1,White,Joint,45-54,72.0,Loan originated
1,585000.0,48,615000.0,220.0,1,White,Joint,35-44,95.0,Loan originated
1,775000.0,48,815000.0,150.0,1,White,Male,25-34,95.0,Loan originated
1,605000.0,41,1395000.0,319.0,1,White,Male,65-74,43.165,Loan originated
1,855000.0,42,905000.0,223.0,1,Hispanic or Latino,Joint,35-44,94.444,Loan originated
1,315000.0,37,395000.0,96.0,1,White,Joint,55-64,77.694,Application denied
1,235000.0,36,315000.0,70.0,1,Hispanic or Latino,Joint,45-54,76.0,Loan originated
1,365000.0,49,375000.0,103.0,1,Hispanic or Latino,Joint,35-44,100.0,Loan originated
1,725000.0,43,1205000.0,249.0,1,White,Male,45-54,60.0,Loan originated
1,495000.0,46,555000.0,148.0,1,Black or African American,Female,45-54,90.0,Loan originated
1,595000.0,30%-<36%,665000.0,199.0,1,White,Joint,25-34,90.0,Loan originated
1,765000.0,39,985000.0,200.0,1,Asian,Male,25-34,77.523,Loan originated
1,645000.0,43,925000.0,265.0,1,Asian,Female,65-74,70.0,Loan originated
1,425000.0,40,905000.0,117.0,1,Asian,Female,35-44,47.12,Loan originated
1,405000.0,49,465000.0,100.0,1,White,Joint,55-64,86.022,Loan originated
1,765000.0,40,1095000.0,170.0,1,Asian,Female,35-44,69.706,Loan originated
1,145000.0,<20%,745000.0,200.0,1,White,Joint,55-64,19.505,Loan originated
1,705000.0,40,785000.0,273.0,1,Other,Joint,45-54,90.0,Loan originated
1,235000.0,50%-60%,245000.0,68.0,1,Hispanic or Latino,Joint,35-44,97.0,Application denied
1,715000.0,30%-<36%,1815000.0,256.0,1,White,Joint,35-44,39.394,Loan originated
1,395000.0,30%-<36%,545000.0,120.0,1,Hispanic or Latino,Female,<25,72.415,Loan originated
1,165000.0,47,415000.0,105.0,1,White,Male,45-54,40.0,Loan originated
1,685000.0,44,1495000.0,21.0,1,Asian,Male,35-44,45.52,Loan originated
1,1005000.0,40,2015000.0,283.0,1,Asian,Male,25-34,49.76,Loan originated
1,625000.0,39,785000.0,240.0,1,Asian,Male,45-54,80.0,Loan originated
1,885000.0,46,935000.0,196.0,1,Black or African American,Female,35-44,95.0,Loan originated
1,1105000.0,47,1165000.0,235.0,1,White,Male,<25,95.0,Application denied
1,595000.0,47,705000.0,186.0,1,Hispanic or Latino,Joint,45-54,85.0,Loan originated
1,395000.0,20%-<30%,495000.0,238.0,1,White,Joint,35-44,80.0,Loan originated
1,645000.0,49,755000.0,140.0,1,White,Male,25-34,85.0,Loan originated
1,535000.0,44,545000.0,137.0,1,Asian,Female,25-34,97.0,Loan originated
1,905000.0,43,1125000.0,228.0,1,Hispanic or Latino,Male,25-34,80.0,Loan originated
1,755000.0,38,945000.0,228.0,1,Asian,Female,35-44,80.0,Loan originated
1,275000.0,30%-<36%,345000.0,122.0,1,Hispanic or Latino,Male,<25,80.0,Loan originated
1,325000.0,30%-<36%,345000.0,90.0,1,Asian,Female,55-64,95.0,Loan originated
1,435000.0,20%-<30%,545000.0,192.0,1,Hispanic or Latino,Male,35-44,80.0,Loan originated
1,455000.0,46,565000.0,102.0,1,White,Male,25-34,80.0,Application denied
1,475000.0,49,495000.0,101.0,1,Hispanic or Latino,Female,55-64,97.0,Loan originated
1,1105000.0,44,1305000.0,316.0,1,White,Joint,35-44,85.0,Loan originated
1,535000.0,49,805000.0,162.0,1,Asian,Joint,25-34,66.58,Loan originated
1,265000.0,46,405000.0,60.0,1,White,Male,25-34,64.198,Loan originated
1,555000.0,30%-<36%,695000.0,215.0,1,Asian,Male,35-44,80.0,Loan originated
1,455000.0,39,695000.0,130.0,1,Asian,Male,25-34,65.507,Loan originated
1,685000.0,49,985000.0,191.0,1,White,Male,45-54,69.949,Loan originated
1,425000.0,49,465000.0,106.0,1,Asian,Female,35-44,93.0,Loan originated
1,495000.0,30%-<36%,665000.0,161.0,1,Asian,Male,35-44,75.0,Loan originated
1,655000.0,44,875000.0,166.0,1,White,Male,25-34,75.0,Application denied
1,275000.0,43,825000.0,89.0,1,White,Female,65-74,33.333,Loan originated
1,885000.0,44,975000.0,182.0,1,Hispanic or Latino,Male,35-44,90.0,Loan originated
1,435000.0,48,545000.0,93.0,1,Hispanic or Latino,Joint,45-54,80.0,Loan originated
1,215000.0,20%-<30%,715000.0,112.0,1,White,Female,55-64,31.0,Loan originated
1,425000.0,43,545000.0,146.0,1,Asian,Male,25-34,79.0,Loan originated
1,405000.0,38,505000.0,142.0,1,White,Female,55-64,80.0,Loan originated
1,955000.0,47,1195000.0,226.0,1,Asian,Joint,45-54,80.0,Loan originated
1,545000.0,30%-<36%,575000.0,222.0,1,Hispanic or Latino,Joint,55-64,95.0,Loan originated
1,425000.0,48,665000.0,174.0,1,Asian,Joint,55-64,64.162,Loan originated
1,305000.0,45,385000.0,92.0,1,White,Female,65-74,80.0,Loan originated
1,475000.0,49,505000.0,138.0,1,Hispanic or Latino,Male,25-34,95.0,Loan originated
1,855000.0,49,1065000.0,269.0,1,Asian,Joint,35-44,80.0,Loan originated
1,765000.0,47,955000.0,181.0,1,Hispanic or Latino,Male,25-34,80.0,Loan originated
1,275000.0,47,375000.0,72.0,1,White,Female,>74,73.333,Loan originated
1,415000.0,20%-<30%,565000.0,167.0,1,White,Male,25-34,73.214,Loan originated
1,1015000.0,45,1265000.0,301.0,1,Asian,Male,25-34,80.0,Loan originated
1,545000.0,37,675000.0,197.0,1,Asian,Female,25-34,80.0,Loan originated
1,455000.0,44,575000.0,136.0,1,White,Female,55-64,80.0,Loan originated
1,335000.0,50%-60%,345000.0,67.0,1,Black or African American,Male,>74,100.0,Loan originated
1,265000.0,<20%,765000.0,296.0,1,White,Male,55-64,34.211,Loan originated
1,725000.0,<20%,1035000.0,895.0,1,White,Male,25-34,69.652,Loan originated
1,455000.0,49,515000.0,131.0,1,Other,Joint,35-44,90.0,Loan originated
1,775000.0,30%-<36%,1355000.0,297.0,1,White,Female,45-54,56.743,Loan originated
1,615000.0,20%-<30%,825000.0,389.0,1,Hispanic or Latino,Female,25-34,75.0,Loan originated
1,705000.0,46,1265000.0,246.0,1,Black or African American,Female,45-54,55.556,Loan originated
1,285000.0,46,305000.0,176.0,1,White,Joint,25-34,95.0,Loan originated
1,745000.0,20%-<30%,875000.0,285.0,1,Asian,Female,45-54,85.0,Loan originated
1,185000.0,20%-<30%,345000.0,90.0,1,White,Joint,25-34,52.941,Loan originated
1,445000.0,47,585000.0,86.0,1,Hispanic or Latino,Male,25-34,75.86,Loan originated
1,495000.0,>60%,615000.0,159.0,1,Hispanic or Latino,Joint,25-34,80.0,Application denied
1,1125000.0,20%-<30%,1405000.0,457.0,1,White,Male,25-34,80.0,Loan originated
1,95000.0,44,445000.0,59.0,1,White,Joint,55-64,20.39,Loan originated
1,495000.0,49,615000.0,100.0,1,White,Male,25-34,80.0,Loan originated
1,695000.0,37,875000.0,225.0,1,Asian,Male,45-54,80.0,Loan originated
1,635000.0,42,845000.0,150.0,1,Asian,Female,45-54,74.668,Loan originated
1,405000.0,<20%,1555000.0,466.0,1,White,Male,35-44,25.723,Loan originated
1,1105000.0,42,4105000.0,388.0,1,White,Joint,35-44,26.829,Loan originated
1,465000.0,47,715000.0,110.0,1,Asian,Female,25-34,65.035,Loan originated
1,1045000.0,47,1185000.0,228.0,1,White,Joint,35-44,88.0,Loan originated
1,505000.0,43,595000.0,118.0,1,White,Male,25-34,84.97,Loan originated
1,275000.0,46,305000.0,72.0,1,Hispanic or Latino,Joint,25-34,90.0,Loan originated
1,605000.0,49,715000.0,116.0,1,Hispanic or Latino,Joint,25-34,85.0,Loan originated
1,135000.0,39,145000.0,54.0,1,Asian,Male,<25,566.768,Loan originated
1,685000.0,36,725000.0,227.0,1,Hispanic or Latino,Joint,25-34,95.0,Application denied
1,745000.0,30%-<36%,875000.0,236.0,1,Asian,Joint,25-34,85.0,Loan originated
1,375000.0,49,505000.0,70.0,1,Hispanic or Latino,Male,35-44,74.554,Loan originated
1,885000.0,46,1105000.0,308.0,1,White,Female,35-44,80.0,Loan originated
1,255000.0,49,805000.0,105.0,1,Asian,Male,35-44,31.814,Loan originated
1,725000.0,47,1025000.0,202.0,1,Asian,Joint,35-44,70.0,Loan originated
1,445000.0,30%-<36%,485000.0,217.0,1,White,Joint,25-34,93.125,Loan originated
1,1125000.0,36,1325000.0,344.0,1,Asian,Joint,45-54,85.0,Loan originated
1,285000.0,38,545000.0,114.0,1,White,Female,45-54,52.0,Loan originated
1,955000.0,47,1685000.0,254.0,1,Asian,Joint,35-44,56.548,Loan originated
1,725000.0,47,815000.0,144.0,1,Hispanic or Latino,Male,35-44,90.0,Loan originated
1,405000.0,45,515000.0,108.0,1,White,Female,45-54,80.0,Loan originated
1,275000.0,30%-<36%,375000.0,90.0,1,Hispanic or Latino,Male,55-64,73.11,Loan originated
1,315000.0,47,895000.0,104.0,1,Asian,Joint,35-44,35.55,Loan originated
1,545000.0,45,745000.0,182.0,1,Asian,Joint,45-54,72.97,Loan originated
1,225000.0,41,405000.0,58.0,1,White,Male,25-34,55.569,Loan originated
1,535000.0,38,565000.0,175.0,1,Hispanic or Latino,Joint,25-34,95.0,Loan originated
1,485000.0,38,605000.0,147.0,1,White,Joint,55-64,80.0,Loan originated
1,455000.0,46,495000.0,119.0,1,Hispanic or Latino,Male,25-34,92.106,Loan originated
1,905000.0,20%-<30%,1015000.0,392.0,1,White,Male,25-34,90.0,Loan originated
1,415000.0,46,505000.0,145.0,1,White,Joint,55-64,82.0,Loan originated
1,755000.0,48,835000.0,165.0,1,White,Joint,>74,90.0,Loan originated
1,485000.0,43,505000.0,108.0,1,Asian,Male,35-44,97.0,Loan originated
1,445000.0,30%-<36%,555000.0,139.0,1,Hispanic or Latino,Joint,45-54,100.0,Loan originated
1,395000.0,47,435000.0,83.0,1,Asian,Female,45-54,90.0,Loan originated
1,875000.0,39,925000.0,266.0,1,Asian,Joint,45-54,95.0,Loan originated
1,405000.0,20%-<30%,825000.0,239.0,1,Other,Male,25-34,49.0,Loan originated
1,455000.0,30%-<36%,505000.0,191.0,1,White,Male,35-44,90.0,Loan originated
1,525000.0,48,755000.0,11.0,1,Asian,Female,35-44,70.0,Loan originated
1,405000.0,41,705000.0,126.0,1,Hispanic or Latino,Joint,45-54,57.143,Loan originated
1,305000.0,20%-<30%,415000.0,313.0,1,White,Female,65-74,75.0,Loan originated
1,435000.0,30%-<36%,455000.0,193.0,1,Hispanic or Latino,Joint,<25,97.0,Loan originated
1,895000.0,30%-<36%,1125000.0,283.0,1,Asian,Joint,35-44,80.0,Loan originated
1,315000.0,>60%,535000.0,0.0,1,Hispanic or Latino,Male,35-44,57.581,Application denied
1,505000.0,43,3255000.0,272.0,1,Asian,Joint,55-64,15.385,Loan originated
1,735000.0,20%-<30%,755000.0,285.0,1,Hispanic or Latino,Joint,25-34,97.0,Loan originated
1,295000.0,40,455000.0,107.0,1,White,Joint,45-54,65.0,Loan originated
1,565000.0,30%-<36%,625000.0,190.0,1,Asian,Male,25-34,90.0,Loan originated
1,635000.0,41,705000.0,215.0,1,White,Male,45-54,90.0,Loan originated
1,935000.0,48,985000.0,279.0,1,Hispanic or Latino,Male,45-54,95.0,Loan originated
1,305000.0,47,325000.0,101.0,1,Hispanic or Latino,Joint,55-64,95.0,Loan originated
1,205000.0,50%-60%,1245000.0,121.0,1,Asian,Joint,>74,16.064,Loan originated
1,1095000.0,39,1155000.0,354.0,1,White,Male,25-34,95.0,Loan originated
1,485000.0,46,605000.0,160.0,1,White,Female,45-54,79.475,Loan originated
1,955000.0,42,2055000.0,275.0,1,Asian,Joint,35-44,46.34,Loan originated
1,335000.0,20%-<30%,475000.0,133.0,1,Asian,Male,25-34,69.932,Loan originated
1,405000.0,49,805000.0,87.0,1,Asian,Female,45-54,51.0,Loan originated
1,855000.0,38,945000.0,229.0,1,Asian,Joint,45-54,89.99,Loan originated
1,1055000.0,36,2385000.0,485.0,1,Asian,Male,55-64,43.94,Loan originated
1,285000.0,45,325000.0,75.0,1,White,Female,55-64,86.154,Loan originated
1,1165000.0,50%-60%,1405000.0,238.0,1,Asian,Female,25-34,82.86,Loan originated
1,935000.0,30%-<36%,1495000.0,296.0,1,White,Joint,25-34,62.819,Loan originated
1,455000.0,50%-60%,475000.0,96.0,1,Hispanic or Latino,Male,45-54,95.0,Application denied
1,565000.0,30%-<36%,605000.0,156.0,1,Asian,Joint,35-44,94.0,Loan originated
1,855000.0,42,905000.0,201.0,1,White,Joint,25-34,95.0,Loan originated
1,1085000.0,47,1145000.0,580.0,1,Asian,Joint,35-44,95.0,Loan originated
1,275000.0,49,635000.0,66.0,1,Asian,Male,25-34,42.94,Loan originated
1,315000.0,20%-<30%,395000.0,209.0,1,White,Joint,25-34,80.0,Loan originated
1,555000.0,41,695000.0,153.0,1,Hispanic or Latino,Joint,35-44,80.0,Loan originated
1,395000.0,30%-<36%,425000.0,107.0,1,Hispanic or Latino,Male,25-34,95.0,Loan originated
1,645000.0,49,665000.0,188.0,1,Hispanic or Latino,Female,25-34,97.0,Loan originated
1,625000.0,44,665000.0,176.0,1,White,Joint,45-54,95.0,Loan originated
1,775000.0,44,865000.0,167.0,1,Asian,Joint,55-64,89.9,Loan originated
1,235000.0,48,245000.0,59.0,1,White,Female,35-44,96.8,Loan originated
1,255000.0,44,265000.0,64.0,1,Hispanic or Latino,Female,45-54,97.0,Loan originated
1,605000.0,<20%,1955000.0,459.0,1,Asian,Male,35-44,31.0,Loan originated
1,395000.0,48,435000.0,118.0,1,Hispanic or Latino,Male,25-34,90.0,Loan originated
1,345000.0,30%-<36%,565000.0,115.0,1,Hispanic or Latino,Female,<25,60.71,Loan originated
1,495000.0,42,525000.0,140.0,1,Hispanic or Latino,Male,45-54,95.0,Loan originated
1,755000.0,30%-<36%,795000.0,220.0,1,Asian,Female,35-44,95.0,Loan originated
1,1145000.0,49,1645000.0,266.0,1,White,Joint,25-34,70.0,Loan originated
1,775000.0,37,1035000.0,286.0,1,Asian,Joint,25-34,75.0,Loan originated
1,425000.0,41,535000.0,115.0,1,Asian,Female,35-44,80.0,Loan originated
1,675000.0,48,975000.0,149.0,1,Asian,Male,35-44,69.231,Loan originated
1,225000.0,49,425000.0,59.0,1,White,Male,35-44,52.941,Loan originated
1,385000.0,46,545000.0,82.0,1,Asian,Male,35-44,70.0,Loan originated
1,215000.0,20%-<30%,245000.0,84.0,1,White,Male,35-44,90.0,Loan originated
1,635000.0,30%-<36%,795000.0,197.0,1,White,Male,25-34,80.0,Loan originated
1,835000.0,47,985000.0,182.0,1,White,Male,25-34,85.0,Loan originated
1,505000.0,37,1045000.0,268.0,1,White,Joint,55-64,48.0,Loan originated
1,475000.0,37,485000.0,131.0,1,Other,Female,25-34,97.0,Loan originated
1,235000.0,48,475000.0,66.0,1,White,Joint,65-74,49.0,Loan originated
1,545000.0,30%-<36%,575000.0,273.0,1,White,Joint,45-54,95.0,Loan originated
1,155000.0,30%-<36%,555000.0,76.0,1,Asian,Female,55-64,27.27,Application denied
1,365000.0,49,455000.0,76.0,1,Hispanic or Latino,Male,35-44,80.0,Loan originated
1,715000.0,41,775000.0,141.0,1,Asian,Female,35-44,92.258,Loan originated
1,455000.0,39,475000.0,202.0,1,White,Joint,25-34,95.0,Loan originated
1,235000.0,40,415000.0,83.0,1,Hispanic or Latino,Joint,55-64,57.711,Loan originated
1,285000.0,40,295000.0,88.0,1,Hispanic or Latino,Male,25-34,95.0,Loan originated
1,555000.0,49,705000.0,150.0,1,Hispanic or Latino,Male,35-44,78.723,Loan originated
1,405000.0,45,455000.0,92.0,1,Hispanic or Latino,Male,45-54,88.013,Loan originated
1,1115000.0,44,1245000.0,339.0,1,White,Joint,25-34,89.99,Loan originated
1,25000.0,30%-<36%,655000.0,190.0,1,Asian,Joint,35-44,100.0,Loan originated
1,305000.0,45,325000.0,103.0,1,Hispanic or Latino,Male,25-34,95.0,Loan originated
1,805000.0,43,855000.0,207.0,1,Hispanic or Latino,Joint,35-44,95.0,Loan originated
1,565000.0,30%-<36%,675000.0,189.0,1,Hispanic or Latino,Joint,55-64,83.407,Loan originated
1,605000.0,20%-<30%,1525000.0,272.0,1,Asian,Male,45-54,39.47,Loan originated
1,585000.0,48,605000.0,170.0,1,Asian,Joint,25-34,100.0,Loan originated
1,305000.0,48,955000.0,9.0,1,Asian,Female,55-64,31.58,Loan originated
1,525000.0,49,545000.0,117.0,1,Hispanic or Latino,Joint,25-34,97.0,Loan originated
1,705000.0,38,825000.0,417.0,1,Asian,Female,35-44,85.0,Loan originated
1,415000.0,40,445000.0,92.0,1,White,Male,25-34,92.0,Loan originated
1,265000.0,49,275000.0,46.0,1,White,Male,25-34,96.72,Loan originated
1,765000.0,20%-<30%,905000.0,270.0,1,Black or African American,Joint,65-74,85.0,Loan originated
1,765000.0,41,885000.0,200.0,1,Asian,Joint,35-44,86.952,Loan originated
1,745000.0,40,835000.0,193.0,1,Hispanic or Latino,Male,25-34,90.0,Loan originated
1,585000.0,40,735000.0,148.0,1,White,Joint,25-34,80.0,Loan originated
1,475000.0,49,525000.0,118.0,1,White,Male,45-54,90.0,Loan originated
1,195000.0,38,245000.0,51.0,1,White,Female,<25,78.769,Loan originated
1,705000.0,30%-<36%,875000.0,222.0,1,White,Joint,35-44,80.0,Loan originated
1,135000.0,48,405000.0,45.0,1,Asian,Male,65-74,35.0,Loan originated
1,995000.0,20%-<30%,1245000.0,334.0,1,Asian,Joint,25-34,80.0,Loan originated
1,755000.0,38,945000.0,204.0,1,White,Male,35-44,80.0,Loan originated
1,525000.0,48,545000.0,168.0,1,Hispanic or Latino,Joint,25-34,95.0,Loan originated
1,545000.0,30%-<36%,645000.0,156.0,1,Hispanic or Latino,Joint,45-54,85.0,Loan originated
1,765000.0,49,795000.0,189.0,1,Hispanic or Latino,Female,35-44,96.0,Loan originated
1,515000.0,20%-<30%,735000.0,282.0,1,Asian,Female,35-44,70.0,Loan originated
1,395000.0,20%-<30%,525000.0,193.0,1,White,Joint,25-34,75.0,Loan originated
1,225000.0,41,235000.0,48.0,1,Black or African American,Female,25-34,97.0,Loan originated
1,585000.0,<20%,735000.0,334.0,1,White,Female,65-74,80.0,Loan originated
1,765000.0,49,2255000.0,181.0,1,White,Female,65-74,34.09,Loan originated
1,765000.0,39,945000.0,226.0,1,Asian,Female,35-44,81.058,Loan originated
1,595000.0,49,665000.0,155.0,1,Hispanic or Latino,Male,35-44,89.998,Loan originated
1,765000.0,30%-<36%,855000.0,291.0,1,White,Male,25-34,89.388,Loan originated
1,385000.0,49,1155000.0,92.0,1,White,Male,35-44,33.043,Loan originated
1,545000.0,36,875000.0,150.0,1,Asian,Female,25-34,63.0,Loan originated
1,635000.0,20%-<30%,955000.0,318.0,1,White,Joint,55-64,67.0,Loan originated
1,365000.0,49,385000.0,74.0,1,White,Male,65-74,97.0,Loan originated
1,765000.0,48,815000.0,170.0,1,Asian,Joint,35-44,94.63,Loan originated
1,865000.0,38,1075000.0,374.0,1,Asian,Male,25-34,80.0,Loan originated
1,965000.0,42,1855000.0,259.0,1,Asian,Joint,35-44,52.11,Loan originated
1,705000.0,43,745000.0,161.0,1,Hispanic or Latino,Joint,25-34,95.0,Loan originated
1,455000.0,48,565000.0,188.0,1,White,Joint,55-64,80.0,Loan originated
1,5000.0,20%-<30%,285000.0,148.0,1,Asian,Male,35-44,102.0,Loan originated
1,665000.0,47,835000.0,149.0,1,Hispanic or Latino,Joint,35-44,98.072,Loan originated
1,755000.0,43,1105000.0,200.0,1,Asian,Joint,35-44,68.182,Loan originated
1,325000.0,48,515000.0,88.0,1,Other,Female,25-34,63.725,Loan originated
1,475000.0,39,495000.0,118.0,1,Hispanic or Latino,Male,35-44,97.0,Loan originated
1,465000.0,49,485000.0,124.0,1,Asian,Joint,25-34,95.0,Loan originated
1,515000.0,39,685000.0,135.0,1,Hispanic or Latino,Joint,<25,75.0,Loan originated
1,345000.0,45,1145000.0,132.0,1,White,Female,55-64,30.247,Loan originated
1,485000.0,45,505000.0,114.0,1,Hispanic or Latino,Male,<25,95.0,Loan originated
1,715000.0,40,955000.0,234.0,1,Hispanic or Latino,Joint,35-44,75.0,Loan originated
1,1105000.0,30%-<36%,2005000.0,849.0,1,White,Joint,35-44,55.0,Loan originated
1,295000.0,30%-<36%,315000.0,155.0,1,Asian,Female,25-34,95.0,Loan originated
1,695000.0,30%-<36%,725000.0,221.0,1,Asian,Male,45-54,95.0,Loan originated
1,515000.0,49,705000.0,130.0,1,Hispanic or Latino,Joint,<25,74.0,Loan originated
1,475000.0,49,845000.0,118.0,1,White,Male,35-44,55.69,Loan originated
1,435000.0,>60%,545000.0,10.0,1,White,Joint,45-54,80.0,Application denied
1,605000.0,49,795000.0,118.0,1,Asian,Male,25-34,95.0,Loan originated
1,535000.0,38,595000.0,140.0,1,White,Male,25-34,90.0,Loan originated
1,475000.0,30%-<36%,505000.0,155.0,1,Hispanic or Latino,Joint,45-54,95.0,Loan originated
1,535000.0,50%-60%,685000.0,104.0,1,White,Male,35-44,78.099,Application denied
1,675000.0,41,705000.0,200.0,1,White,Joint,25-34,95.0,Loan originated
1,275000.0,48,345000.0,234.0,1,Asian,Female,25-34,80.0,Loan originated
1,245000.0,20%-<30%,245000.0,198.0,1,White,Male,35-44,97.0,Loan originated
1,745000.0,30%-<36%,875000.0,264.0,1,Hispanic or Latino,Female,45-54,85.0,Loan originated
1,1125000.0,43,1405000.0,352.0,1,White,Joint,65-74,80.0,Loan originated
1,255000.0,30%-<36%,445000.0,104.0,1,White,Female,<25,57.43,Loan originated
1,105000.0,43,135000.0,94.0,1,Hispanic or Latino,Male,55-64,78.54,Loan originated
1,615000.0,39,645000.0,278.0,1,Hispanic or Latino,Male,65-74,95.0,Loan originated
1,145000.0,47,175000.0,73.0,1,Hispanic or Latino,Male,55-64,85.0,Loan originated
1,225000.0,30%-<36%,235000.0,115.0,1,White,Male,25-34,95.0,Loan originated
1,265000.0,47,285000.0,65.0,1,Hispanic or Latino,Joint,<25,95.0,Loan originated
1,925000.0,43,1165000.0,684.0,1,Asian,Male,35-44,80.0,Loan originated
1,325000.0,42,415000.0,84.0,1,White,Female,35-44,80.0,Loan originated
1,405000.0,>60%,735000.0,87.0,1,Hispanic or Latino,Joint,35-44,54.27,Application denied
1,455000.0,41,485000.0,126.0,1,Hispanic or Latino,Male,35-44,95.0,Loan originated
1,1015000.0,44,1355000.0,215.0,1,White,Male,25-34,75.0,Loan originated
1,665000.0,49,695000.0,130.0,1,Hispanic or Latino,Female,25-34,95.0,Loan originated
1,505000.0,49,675000.0,122.0,1,Hispanic or Latino,Joint,25-34,74.516,Loan originated
1,345000.0,40,865000.0,165.0,1,White,Male,25-34,40.0,Loan originated
1,515000.0,41,535000.0,114.0,1,White,Male,25-34,97.0,Loan originated
1,765000.0,20%-<30%,805000.0,282.0,1,White,Male,45-54,95.0,Loan originated
1,715000.0,20%-<30%,1025000.0,317.0,1,White,Male,35-44,85.0,Loan originated
1,745000.0,37,1065000.0,224.0,1,Asian,Joint,35-44,70.0,Loan originated
1,195000.0,42,215000.0,101.0,1,Hispanic or Latino,Male,35-44,91.74,Application denied
1,435000.0,20%-<30%,485000.0,197.0,1,Hispanic or Latino,Male,25-34,90.0,Loan originated
1,645000.0,46,815000.0,188.0,1,Asian,Male,35-44,80.0,Loan originated
1,1045000.0,41,1485000.0,215.0,1,Asian,Male,35-44,70.175,Loan originated
1,945000.0,37,1265000.0,335.0,1,White,Male,55-64,75.0,Loan originated
1,745000.0,49,775000.0,194.0,1,Black or African American,Male,45-54,95.0,Loan originated
1,645000.0,46,815000.0,145.0,1,Asian,Female,45-54,80.0,Loan originated
1,985000.0,41,1225000.0,212.0,1,Asian,Male,35-44,80.0,Loan originated
1,755000.0,44,945000.0,243.0,1,Hispanic or Latino,Joint,25-34,80.0,Loan originated
1,1145000.0,20%-<30%,1525000.0,675.0,1,Asian,Male,45-54,75.0,Loan originated
1,185000.0,30%-<36%,935000.0,87.0,1,White,Joint,55-64,19.25,Loan originated
1,355000.0,39,585000.0,215.0,1,White,Female,55-64,60.0,Loan originated
1,485000.0,49,515000.0,103.0,1,Hispanic or Latino,Joint,35-44,94.854,Loan originated
1,545000.0,50%-60%,725000.0,113.0,1,Hispanic or Latino,Joint,35-44,75.972,Loan originated
1,485000.0,20%-<30%,575000.0,182.0,1,White,Joint,25-34,85.0,Loan originated
1,395000.0,48,495000.0,91.0,1,Asian,Joint,35-44,80.0,Application denied
1,375000.0,47,555000.0,144.0,1,White,Male,35-44,68.182,Loan originated
1,465000.0,45,775000.0,148.0,1,Hispanic or Latino,Joint,55-64,59.355,Loan originated
1,165000.0,45,575000.0,719.0,1,White,Joint,55-64,28.023,Loan originated
1,245000.0,49,545000.0,98.0,1,Asian,Male,35-44,44.95,Loan originated
1,415000.0,30%-<36%,465000.0,122.0,1,Asian,Male,25-34,90.0,Loan originated
1,755000.0,43,835000.0,234.0,1,White,Joint,65-74,90.0,Loan originated
1,755000.0,47,795000.0,183.0,1,Hispanic or Latino,Female,55-64,95.0,Loan originated
1,465000.0,30%-<36%,715000.0,139.0,1,White,Male,25-34,65.105,Loan originated
1,1145000.0,41,1435000.0,335.0,1,Asian,Joint,25-34,80.0,Loan originated
1,385000.0,20%-<30%,705000.0,181.0,1,White,Joint,35-44,54.435,Loan originated
1,1095000.0,38,2185000.0,383.0,1,White,Joint,35-44,50.0,Loan originated
1,495000.0,42,555000.0,113.0,1,Hispanic or Latino,Male,35-44,90.0,Loan originated
1,585000.0,44,655000.0,217.0,1,Asian,Male,35-44,90.0,Loan originated
1,655000.0,30%-<36%,825000.0,236.0,1,Asian,Female,35-44,80.0,Loan originated
1,405000.0,30%-<36%,435000.0,172.0,1,Hispanic or Latino,Female,25-34,95.0,Loan originated
1,755000.0,30%-<36%,785000.0,250.0,1,White,Joint,45-54,97.0,Loan originated
1,605000.0,50%-60%,645000.0,165.0,1,Black or African American,Male,35-44,95.0,Application denied
1,245000.0,20%-<30%,275000.0,105.0,1,White,Female,45-54,90.0,Loan originated
1,155000.0,44,215000.0,50.0,1,White,Male,<25,75.0,Loan originated
1,305000.0,30%-<36%,505000.0,123.0,1,White,Male,45-54,60.0,Loan originated
1,545000.0,30%-<36%,605000.0,166.0,1,Asian,Male,45-54,90.0,Loan originated
1,335000.0,38,415000.0,212.0,1,Hispanic or Latino,Female,25-34,80.0,Loan originated
1,25000.0,44,575000.0,101.0,1,Hispanic or Latino,Joint,25-34,100.0,Application denied
1,445000.0,39,565000.0,143.0,1,Black or African American,Female,45-54,80.0,Loan originated
1,435000.0,44,805000.0,129.0,1,Asian,Female,25-34,53.75,Loan originated
1,335000.0,36,445000.0,94.0,1,Hispanic or Latino,Joint,35-44,75.0,Loan originated
1,765000.0,49,1055000.0,281.0,1,Asian,Joint,35-44,72.453,Loan originated
1,765000.0,30%-<36%,1205000.0,268.0,1,White,Joint,25-34,63.875,Loan originated
1,285000.0,43,415000.0,138.0,1,White,Joint,65-74,67.626,Loan originated
1,605000.0,47,805000.0,165.0,1,Hispanic or Latino,Joint,55-64,75.0,Loan originated
1,665000.0,49,695000.0,150.0,1,Hispanic or Latino,Male,25-34,95.0,Loan originated
1,595000.0,20%-<30%,665000.0,546.0,1,White,Female,35-44,89.9,Loan originated
1,1085000.0,50%-60%,1355000.0,316.0,1,White,Male,45-54,80.0,Loan originated
1,335000.0,42,375000.0,88.0,1,Hispanic or Latino,Joint,35-44,90.0,Loan originated
1,655000.0,49,665000.0,125.0,1,Hispanic or Latino,Joint,25-34,99.555,Loan originated
1,615000.0,49,735000.0,131.0,1,White,Female,35-44,103.0,Loan originated
1,805000.0,>60%,1505000.0,255.0,1,Asian,Joint,35-44,53.33,Application denied
1,1085000.0,36,1365000.0,333.0,1,Asian,Male,25-34,80.0,Loan originated
1,425000.0,>60%,445000.0,97.0,1,White,Female,25-34,95.0,Application denied
1,1145000.0,50%-60%,1645000.0,210.0,1,Asian,Joint,25-34,70.0,Loan originated
1,605000.0,48,765000.0,122.0,1,Hispanic or Latino,Male,35-44,99.7368,Loan originated
1,185000.0,20%-<30%,315000.0,225.0,1,White,Male,55-64,60.0,Loan originated
1,805000.0,39,1075000.0,233.0,1,White,Male,>74,75.0,Application denied
1,895000.0,45,1285000.0,202.0,1,Asian,Joint,<25,70.0,Loan originated
1,55000.0,30%-<36%,845000.0,121.0,1,Black or African American,Joint,>74,6.54,Loan originated
1,545000.0,47,1215000.0,120.0,1,White,Joint,55-64,44.444,Loan originated
1,385000.0,46,545000.0,135.0,1,Asian,Joint,25-34,70.825,Loan originated
1,305000.0,30%-<36%,505000.0,120.0,1,White,Male,55-64,60.0,Application denied
1,555000.0,30%-<36%,695000.0,201.0,1,Hispanic or Latino,Joint,35-44,80.0,Loan originated
1,65000.0,20%-<30%,185000.0,87.0,1,Hispanic or Latino,Joint,45-54,34.066,Loan originated
1,1085000.0,48,1445000.0,271.0,1,Asian,Male,25-34,75.0,Loan originated
1,585000.0,43,1175000.0,150.0,1,Asian,Male,35-44,50.0,Loan originated
1,155000.0,30%-<36%,165000.0,187.0,1,Black or African American,Joint,35-44,95.0,Loan originated
1,845000.0,50%-60%,1055000.0,218.0,1,Asian,Male,35-44,80.0,Application denied
1,405000.0,47,855000.0,118.0,1,White,Joint,55-64,46.691,Loan originated
1,415000.0,20%-<30%,1115000.0,235.0,1,Asian,Female,25-34,36.673,Loan originated
1,405000.0,41,845000.0,117.0,1,White,Female,>74,47.619,Loan originated
1,535000.0,40,625000.0,148.0,1,White,Male,35-44,85.0,Loan originated
1,225000.0,37,235000.0,56.0,1,Other,Male,<25,96.0,Loan originated
1,355000.0,30%-<36%,3505000.0,300.0,1,White,Male,65-74,10.0,Application denied
1,505000.0,42,625000.0,124.0,1,White,Male,35-44,80.0,Loan originated
1,585000.0,46,735000.0,150.0,1,Other,Joint,>74,80.0,Loan originated
1,985000.0,41,1405000.0,299.0,1,Asian,Joint,55-64,69.99979,Loan originated
1,155000.0,46,685000.0,65.0,1,Asian,Female,55-64,21.834,Loan originated
1,485000.0,30%-<36%,505000.0,173.0,1,White,Joint,<25,97.0,Loan originated
1,685000.0,47,855000.0,172.0,1,White,Joint,35-44,80.0,Loan originated
1,365000.0,39,485000.0,111.0,1,White,Male,25-34,75.0,Loan originated
1,385000.0,50%-60%,385000.0,118.0,1,White,Male,25-34,100.0,Loan originated
1,715000.0,44,895000.0,157.0,1,Hispanic or Latino,Female,45-54,81.117,Loan originated
1,705000.0,42,1345000.0,235.0,1,Asian,Female,25-34,51.89,Loan originated
1,685000.0,37,855000.0,249.0,1,Asian,Joint,25-34,80.0,Loan originated
1,705000.0,46,725000.0,225.0,1,Black or African American,Male,25-34,97.0,Loan originated
1,285000.0,41,335000.0,212.0,1,Asian,Male,35-44,85.0,Loan originated
1,745000.0,49,825000.0,325.0,1,Hispanic or Latino,Female,35-44,90.0,Loan originated
1,1125000.0,49,1495000.0,374.0,1,White,Joint,25-34,89.987,Loan originated
1,195000.0,43,225000.0,107.0,1,Hispanic or Latino,Male,25-34,87.29,Loan originated
1,765000.0,45,985000.0,195.0,1,White,Male,25-34,78.219,Loan originated
1,605000.0,39,805000.0,179.0,1,White,Joint,25-34,75.0,Loan originated
1,375000.0,41,875000.0,121.0,1,White,Male,45-54,42.529,Loan originated
1,585000.0,41,615000.0,127.0,1,Hispanic or Latino,Female,45-54,95.0,Loan originated
1,5000.0,49,275000.0,73.0,1,White,Female,35-44,101.93,Loan originated
1,645000.0,41,915000.0,164.0,1,Asian,Female,35-44,71.0,Loan originated
1,1005000.0,47,1825000.0,244.0,1,Asian,Male,45-54,54.791,Loan originated
1,445000.0,36,805000.0,133.0,1,White,Joint,25-34,55.625,Loan originated
1,465000.0,30%-<36%,575000.0,143.0,1,White,Male,25-34,80.0,Loan originated
1,185000.0,39,235000.0,93.0,1,Hispanic or Latino,Female,25-34,80.0,Application denied
1,665000.0,20%-<30%,825000.0,273.0,1,White,Joint,25-34,80.0,Loan originated
1,255000.0,20%-<30%,455000.0,204.0,1,Hispanic or Latino,Male,35-44,57.53,Loan originated
1,215000.0,<20%,715000.0,271.0,1,White,Male,25-34,29.577,Loan originated
1,545000.0,37,675000.0,146.0,1,Asian,Joint,35-44,80.0,Loan originated
1,385000.0,42,435000.0,102.0,1,White,Joint,45-54,90.0,Loan originated
1,365000.0,49,455000.0,81.0,1,Hispanic or Latino,Female,25-34,80.0,Loan originated
1,945000.0,38,1185000.0,375.0,1,Asian,Joint,35-44,80.0,Loan originated
1,305000.0,49,375000.0,82.0,1,Hispanic or Latino,Male,65-74,80.0,Loan originated
1,365000.0,43,665000.0,85.0,1,Other,Male,35-44,54.887,Loan originated
1,305000.0,38,375000.0,93.0,1,White,Female,45-54,80.0,Loan originated
1,765000.0,43,965000.0,197.0,1,Black or African American,Female,45-54,80.0,Application denied
1,355000.0,37,755000.0,93.0,1,White,Female,35-44,46.053,Loan originated
1,1055000.0,30%-<36%,2305000.0,330.0,1,Asian,Joint,25-34,45.652,Loan originated
1,665000.0,49,835000.0,138.0,1,Hispanic or Latino,Male,35-44,80.0,Loan originated
1,545000.0,49,605000.0,104.0,1,Asian,Male,25-34,90.0,Loan originated
1,95000.0,20%-<30%,745000.0,105.0,1,White,Female,55-64,12.154,Loan originated
1,275000.0,30%-<36%,305000.0,91.0,1,White,Female,55-64,90.0,Loan originated
1,455000.0,39,575000.0,123.0,1,White,Male,25-34,80.0,Application denied
1,745000.0,49,935000.0,179.0,1,White,Joint,45-54,80.0,Loan originated
1,465000.0,49,585000.0,111.0,1,White,Male,35-44,80.0,Loan originated
1,825000.0,42,865000.0,222.0,1,Hispanic or Latino,Joint,35-44,95.0,Loan originated
1,435000.0,49,545000.0,90.0,1,Asian,Joint,25-34,80.0,Loan originated
1,605000.0,47,755000.0,110.0,1,Hispanic or Latino,Male,35-44,80.0,Loan originated
1,655000.0,20%-<30%,875000.0,320.0,1,Hispanic or Latino,Female,55-64,75.0,Loan originated
1,645000.0,30%-<36%,1195000.0,199.0,1,White,Joint,35-44,54.167,Loan originated
1,235000.0,44,495000.0,107.0,1,White,Female,45-54,47.94,Loan originated
1,665000.0,43,735000.0,200.0,1,White,Male,55-64,89.973,Loan originated
1,575000.0,48,595000.0,120.0,1,Asian,Male,25-34,97.0,Loan originated
1,515000.0,48,1225000.0,196.0,1,White,Joint,55-64,42.0,Loan originated
1,505000.0,30%-<36%,625000.0,200.0,1,Hispanic or Latino,Male,45-54,80.0,Loan originated
1,1115000.0,44,1415000.0,263.0,1,Asian,Male,35-44,79.08,Loan originated
1,1145000.0,>60%,1685000.0,170.0,1,Asian,Male,35-44,68.393,Application denied
1,415000.0,>60%,765000.0,285.0,1,Hispanic or Latino,Joint,45-54,53.947,Loan originated
1,205000.0,20%-<30%,225000.0,105.0,1,Hispanic or Latino,Male,25-34,90.0,Loan originated
1,945000.0,42,2005000.0,265.0,1,White,Joint,55-64,47.0,Loan originated
1,765000.0,38,855000.0,196.0,1,White,Male,25-34,89.99,Loan originated
1,615000.0,45,765000.0,144.0,1,Asian,Female,35-44,80.0,Loan originated
1,265000.0,43,275000.0,60.0,1,Hispanic or Latino,Male,35-44,97.0,Loan originated
1,495000.0,48,775000.0,104.0,1,Hispanic or Latino,Joint,25-34,64.056,Loan originated
1,765000.0,49,825000.0,186.0,1,Hispanic or Latino,Male,45-54,93.476,Loan originated
1,875000.0,<20%,915000.0,417.0,1,White,Male,35-44,95.0,Loan originated
1,565000.0,48,595000.0,161.0,1,Asian,Male,35-44,95.0,Loan originated
1,745000.0,30%-<36%,785000.0,368.0,1,White,Joint,35-44,95.0,Loan originated
1,765000.0,30%-<36%,1015000.0,242.0,1,White,Joint,25-34,75.0,Loan originated
1,1125000.0,38,1405000.0,453.0,1,Asian,Joint,35-44,80.0,Loan originated
1,665000.0,49,905000.0,135.0,1,Asian,Joint,45-54,74.0,Loan originated
1,165000.0,20%-<30%,175000.0,89.0,1,White,Female,25-34,96.92,Loan originated
1,305000.0,>60%,805000.0,36.0,1,White,Joint,>74,37.5,Application denied
1,455000.0,30%-<36%,575000.0,160.0,1,Asian,Male,35-44,80.0,Loan originated
1,475000.0,42,525000.0,210.0,1,Hispanic or Latino,Joint,55-64,90.0,Loan originated
1,585000.0,49,775000.0,252.0,1,Asian,Female,55-64,75.0,Loan originated
1,255000.0,30%-<36%,605000.0,151.0,1,Hispanic or Latino,Male,65-74,41.67,Application denied
1,385000.0,40,785000.0,113.0,1,White,Joint,65-74,48.718,Loan originated
1,615000.0,30%-<36%,765000.0,178.0,1,White,Joint,25-34,80.0,Loan originated
1,1145000.0,43,1225000.0,260.0,1,White,Joint,25-34,93.85,Loan originated
1,465000.0,40,575000.0,123.0,1,Hispanic or Latino,Male,25-34,79.993,Loan originated
1,255000.0,36,1045000.0,104.0,1,White,Joint,65-74,24.0,Loan originated
1,255000.0,>60%,325000.0,101.0,1,Asian,Female,45-54,80.0,Application denied
1,515000.0,36,645000.0,158.0,1,Asian,Joint,25-34,83.0,Loan originated
1,975000.0,30%-<36%,1395000.0,429.0,1,Asian,Male,65-74,70.0,Loan originated
1,425000.0,40,615000.0,96.0,1,Asian,Female,35-44,70.0,Loan originated
1,435000.0,20%-<30%,485000.0,147.0,1,Hispanic or Latino,Joint,45-54,90.0,Loan originated
1,445000.0,49,465000.0,93.0,1,White,Female,25-34,95.0,Loan originated
1,385000.0,48,785000.0,87.0,1,White,Male,25-34,48.718,Loan originated
1,1105000.0,20%-<30%,1385000.0,775.0,1,White,Male,45-54,80.0,Loan originated
1,115000.0,47,365000.0,35.0,1,Asian,Male,35-44,31.389,Loan originated
1,725000.0,30%-<36%,905000.0,260.0,1,White,Female,45-54,80.0,Loan originated
1,395000.0,37,435000.0,110.0,1,Asian,Female,25-34,89.99,Loan originated
1,745000.0,42,875000.0,177.0,1,Asian,Joint,25-34,85.0,Loan originated
1,785000.0,44,975000.0,179.0,1,White,Female,25-34,80.0,Loan originated
1,795000.0,43,885000.0,230.0,1,White,Female,35-44,90.0,Loan originated
1,295000.0,20%-<30%,315000.0,136.0,1,Hispanic or Latino,Female,35-44,95.0,Loan originated
1,505000.0,<20%,795000.0,470.0,1,Asian,Joint,55-64,63.29,Loan originated
1,555000.0,36,855000.0,196.0,1,White,Female,55-64,65.0,Loan originated
1,765000.0,20%-<30%,1055000.0,297.0,1,Asian,Male,25-34,72.953,Loan originated
1,885000.0,20%-<30%,1235000.0,327.0,1,White,Female,45-54,71.54,Loan originated
1,185000.0,49,495000.0,62.0,1,Asian,Female,>74,37.374,Loan originated
1,685000.0,40,855000.0,254.0,1,Asian,Joint,35-44,80.0,Loan originated
1,835000.0,37,1265000.0,324.0,1,Asian,Male,45-54,90.0,Loan originated
1,775000.0,30%-<36%,1105000.0,332.0,1,White,Joint,35-44,70.0,Loan originated
1,445000.0,38,495000.0,128.0,1,White,Female,35-44,90.0,Loan originated
1,665000.0,20%-<30%,695000.0,275.0,1,White,Joint,35-44,97.0,Loan originated
1,425000.0,20%-<30%,685000.0,151.0,1,White,Joint,35-44,61.8,Loan originated
1,225000.0,>60%,245000.0,105.0,1,White,Female,55-64,95.0,Application denied
1,305000.0,49,385000.0,87.0,1,Hispanic or Latino,Male,45-54,79.0,Loan originated
1,755000.0,30%-<36%,1805000.0,435.0,1,White,Joint,35-44,41.667,Loan originated
1,755000.0,45,1125000.0,174.0,1,Asian,Female,35-44,66.964,Loan originated
1,775000.0,49,1035000.0,150.0,1,Asian,Male,55-64,75.0,Loan originated
1,505000.0,30%-<36%,665000.0,464.0,1,Asian,Male,45-54,75.0,Loan originated
1,515000.0,48,545000.0,105.0,1,Asian,Male,45-54,95.0,Loan originated
1,615000.0,20%-<30%,1115000.0,308.0,1,White,Joint,25-34,55.036,Loan originated
1,515000.0,45,635000.0,108.0,1,Hispanic or Latino,Joint,25-34,80.0,Loan originated
1,375000.0,49,385000.0,74.0,1,White,Female,25-34,100.0,Loan originated
1,1265000.0,40,1575000.0,340.0,1,White,Joint,25-34,80.0,Loan originated
1,765000.0,40,1585000.0,398.0,1,Asian,Joint,35-44,48.39,Loan originated
1,925000.0,41,1025000.0,225.0,1,White,Male,35-44,90.0,Loan originated
1,545000.0,20%-<30%,675000.0,189.0,1,Asian,Male,25-34,80.0,Loan originated
1,505000.0,<20%,1195000.0,438.0,1,Asian,Joint,25-34,42.0,Loan originated
1,645000.0,49,725000.0,167.0,1,Hispanic or Latino,Female,45-54,90.0,Loan originated
1,385000.0,39,405000.0,99.0,1,Hispanic or Latino,Female,25-34,95.0,Loan originated
1,625000.0,48,1255000.0,135.0,1,White,Female,45-54,50.0,Loan originated
1,765000.0,20%-<30%,1105000.0,586.0,1,White,Male,45-54,69.091,Loan originated
1,645000.0,46,675000.0,215.0,1,White,Joint,35-44,94.963,Loan originated
1,185000.0,30%-<36%,205000.0,147.0,1,White,Male,35-44,90.48,Loan originated
1,575000.0,43,715000.0,175.0,1,White,Joint,65-74,80.0,Loan originated
1,515000.0,20%-<30%,815000.0,230.0,1,Asian,Female,35-44,63.19,Loan originated
1,645000.0,20%-<30%,725000.0,247.0,1,White,Joint,45-54,88.889,Loan originated
1,305000.0,49,365000.0,89.0,1,Hispanic or Latino,Male,25-34,90.0,Loan originated
1,275000.0,20%-<30%,675000.0,140.0,1,Asian,Female,25-34,40.741,Loan originated
1,355000.0,47,445000.0,84.0,1,White,Male,25-34,80.0,Loan originated
1,435000.0,20%-<30%,655000.0,213.0,1,White,Male,45-54,66.62,Loan originated
1,955000.0,38,2005000.0,287.0,1,White,Joint,35-44,47.606,Loan originated
1,235000.0,30%-<36%,685000.0,170.0,1,White,Joint,65-74,34.307,Loan originated
1,635000.0,43,845000.0,268.0,1,White,Female,45-54,75.0,Loan originated
1,855000.0,41,1005000.0,201.0,1,Asian,Male,25-34,85.0,Loan originated
1,615000.0,49,775000.0,269.0,1,Asian,Joint,55-64,80.0,Loan originated
1,1135000.0,41,1655000.0,300.0,1,White,Joint,25-34,69.0,Loan originated
1,475000.0,30%-<36%,525000.0,197.0,1,White,Joint,55-64,90.0,Loan originated
1,375000.0,41,495000.0,208.0,1,Hispanic or Latino,Male,35-44,75.0,Loan originated
1,425000.0,30%-<36%,755000.0,126.0,1,White,Male,25-34,56.0,Loan originated
1,165000.0,37,215000.0,138.0,1,Asian,Joint,45-54,80.0,Loan originated
1,555000.0,47,585000.0,121.0,1,White,Male,25-34,95.0,Loan originated
1,795000.0,41,845000.0,195.0,1,White,Male,45-54,95.0,Loan originated
1,445000.0,39,455000.0,111.0,1,Black or African American,Joint,45-54,97.0,Loan originated
1,705000.0,49,895000.0,261.0,1,White,Male,35-44,78.261,Loan originated
1,735000.0,45,935000.0,154.0,1,Asian,Male,35-44,97.0,Loan originated
1,455000.0,41,1055000.0,148.0,1,White,Male,45-54,43.0,Loan originated
1,1005000.0,20%-<30%,3495000.0,650.0,1,White,Joint,55-64,28.78,Loan originated
1,525000.0,48,555000.0,134.0,1,Black or African American,Male,55-64,95.0,Loan originated
1,515000.0,47,535000.0,99.0,1,Asian,Male,25-34,95.0,Loan originated
1,675000.0,49,845000.0,130.0,1,Asian,Joint,35-44,79.976,Loan originated
1,445000.0,20%-<30%,635000.0,184.0,1,Hispanic or Latino,Female,25-34,70.0,Loan originated
1,265000.0,44,425000.0,217.0,1,White,Joint,65-74,62.86,Loan originated
1,755000.0,40,855000.0,244.0,1,White,Male,35-44,88.0,Loan originated
1,305000.0,30%-<36%,525000.0,192.0,1,White,Joint,25-34,58.269,Loan originated
1,715000.0,43,785000.0,209.0,1,White,Male,25-34,90.0,Loan originated
1,165000.0,42,195000.0,58.0,1,White,Male,25-34,85.0,Loan originated
1,235000.0,43,315000.0,66.0,1,Hispanic or Latino,Joint,35-44,75.0,Loan originated
1,765000.0,49,1005000.0,152.0,1,Asian,Female,35-44,75.999,Loan originated
1,805000.0,30%-<36%,1265000.0,257.0,1,Asian,Joint,45-54,63.25,Loan originated
1,715000.0,47,885000.0,127.0,1,White,Male,45-54,80.0,Loan originated
1,655000.0,37,875000.0,238.0,1,White,Joint,45-54,75.0,Loan originated
1,715000.0,42,795000.0,186.0,1,White,Joint,45-54,89.81,Loan originated
1,755000.0,<20%,855000.0,478.0,1,Asian,Male,45-54,95.0,Loan originated
1,75000.0,49,85000.0,38.0,1,Hispanic or Latino,Joint,45-54,87.882,Loan originated
1,925000.0,47,1165000.0,286.0,1,Asian,Female,35-44,80.0,Loan originated
1,305000.0,30%-<36%,585000.0,136.0,1,Asian,Male,35-44,51.282,Loan originated
1,535000.0,39,555000.0,176.0,1,Hispanic or Latino,Joint,25-34,97.0,Loan originated
1,345000.0,20%-<30%,395000.0,136.0,1,Black or African American,Female,55-64,88.228,Loan originated
1,655000.0,45,695000.0,139.0,1,Asian,Joint,25-34,95.0,Loan originated
1,385000.0,50%-60%,695000.0,81.0,1,White,Male,55-64,55.798,Loan originated
1,805000.0,48,845000.0,177.0,1,Hispanic or Latino,Male,35-44,95.0,Loan originated
1,765000.0,20%-<30%,965000.0,308.0,1,White,Joint,45-54,80.0,Loan originated
1,675000.0,48,755000.0,138.0,1,Hispanic or Latino,Joint,35-44,89.93,Loan originated
1,665000.0,43,695000.0,361.0,1,Asian,Male,35-44,95.0,Loan originated
1,365000.0,36,485000.0,146.0,1,White,Joint,25-34,75.0,Loan originated
1,545000.0,44,685000.0,116.0,1,Hispanic or Latino,Female,35-44,80.0,Loan originated
1,435000.0,<20%,485000.0,1256.0,1,Hispanic or Latino,Female,35-44,90.0,Loan originated
1,335000.0,50%-60%,345000.0,112.0,1,Hispanic or Latino,Female,55-64,95.0,Application denied
1,975000.0,20%-<30%,1085000.0,528.0,1,White,Male,35-44,99.9,Loan originated
1,1025000.0,30%-<36%,1145000.0,335.0,1,Asian,Joint,35-44,89.91,Loan originated
1,235000.0,47,295000.0,72.0,1,Hispanic or Latino,Female,<25,80.0,Loan originated
1,645000.0,44,805000.0,140.0,1,Asian,Male,25-34,80.0,Loan originated
1,425000.0,48,825000.0,111.0,1,White,Joint,>74,51.82,Loan originated
1,435000.0,38,485000.0,166.0,1,White,Female,35-44,90.0,Loan originated
1,565000.0,30%-<36%,815000.0,177.0,1,Hispanic or Latino,Female,45-54,70.0,Loan originated
1,105000.0,46,775000.0,55.0,1,White,Male,>74,14.0,Loan originated
1,765000.0,36,805000.0,304.0,1,White,Joint,35-44,95.0,Loan originated
1,315000.0,44,385000.0,79.0,1,Asian,Male,35-44,80.0,Loan originated
1,765000.0,30%-<36%,955000.0,280.0,1,Asian,Joint,45-54,80.607,Loan originated
1,405000.0,20%-<30%,445000.0,146.0,1,White,Joint,25-34,93.0,Loan originated
1,775000.0,20%-<30%,1435000.0,270.0,1,White,Joint,55-64,53.655,Loan originated
1,525000.0,43,555000.0,127.0,1,Hispanic or Latino,Joint,35-44,95.0,Loan originated
1,1035000.0,30%-<36%,1295000.0,403.0,1,White,Male,35-44,80.0,Loan originated
1,405000.0,49,435000.0,85.0,1,Asian,Joint,45-54,95.0,Loan originated
1,365000.0,41,455000.0,157.0,1,White,Male,25-34,80.0,Loan originated
1,755000.0,20%-<30%,1605000.0,487.0,1,Asian,Joint,25-34,47.0,Loan originated
1,695000.0,46,985000.0,150.0,1,Asian,Female,55-64,70.0,Loan originated
1,745000.0,39,985000.0,328.0,1,Asian,Joint,45-54,75.0,Loan originated
1,905000.0,47,1535000.0,219.0,1,White,Joint,45-54,58.632,Loan originated
1,175000.0,36,205000.0,86.0,1,White,Female,65-74,85.88,Application denied
1,285000.0,44,405000.0,75.0,1,White,Female,25-34,70.0,Loan originated
1,565000.0,30%-<36%,595000.0,290.0,1,White,Male,35-44,95.0,Loan originated
1,285000.0,41,335000.0,102.0,1,White,Male,25-34,85.0,Loan originated
1,855000.0,40,1155000.0,184.0,1,Asian,Male,35-44,73.913,Loan originated
1,415000.0,41,465000.0,119.0,1,Black or African American,Male,25-34,89.89,Loan originated
1,375000.0,44,465000.0,131.0,1,Hispanic or Latino,Female,45-54,80.0,Loan originated
1,825000.0,30%-<36%,1265000.0,343.0,1,Asian,Joint,55-64,65.0,Loan originated
1,425000.0,<20%,565000.0,360.0,1,White,Male,55-64,75.0,Loan originated
1,585000.0,37,725000.0,164.0,1,Hispanic or Latino,Female,<25,80.0,Loan originated
1,405000.0,48,505000.0,181.0,1,White,Female,55-64,80.0,Loan originated
1,625000.0,42,655000.0,264.0,1,White,Joint,55-64,95.0,Loan originated
1,705000.0,45,875000.0,165.0,1,Asian,Joint,35-44,80.0,Loan originated
1,725000.0,38,765000.0,210.0,1,Black or African American,Female,45-54,95.0,Loan originated
1,205000.0,49,215000.0,68.0,1,Hispanic or Latino,Male,25-34,97.0,Loan originated
1,735000.0,49,865000.0,175.0,1,White,Joint,25-34,84.793,Loan originated
1,705000.0,38,875000.0,280.0,1,White,Female,35-44,80.0,Loan originated
1,385000.0,45,405000.0,96.0,1,Asian,Female,<25,95.0,Loan originated
1,105000.0,49,855000.0,52.0,1,Asian,Female,55-64,11.76,Loan originated
1,575000.0,42,1015000.0,279.0,1,White,Female,45-54,71.55,Loan originated
1,635000.0,20%-<30%,965000.0,350.0,1,White,Joint,35-44,67.0,Loan originated
1,735000.0,<20%,755000.0,170.0,1,Black or African American,Joint,25-34,100.0,Application denied
1,415000.0,46,515000.0,97.0,1,Asian,Female,25-34,80.0,Loan originated
1,475000.0,45,855000.0,146.0,1,White,Female,>74,56.0,Loan originated
1,475000.0,38,695000.0,121.0,1,Asian,Male,25-34,67.957,Loan originated
1,415000.0,20%-<30%,435000.0,159.0,1,White,Male,25-34,96.0,Loan originated
1,485000.0,36,605000.0,141.0,1,Hispanic or Latino,Male,45-54,80.0,Loan originated
1,1115000.0,38,2225000.0,350.0,1,White,Joint,25-34,50.0,Loan originated
1,625000.0,49,705000.0,124.0,1,White,Male,45-54,89.0,Loan originated
1,525000.0,39,755000.0,133.0,1,Hispanic or Latino,Female,65-74,69.333,Loan originated
1,235000.0,<20%,255000.0,313.0,1,Hispanic or Latino,Male,35-44,95.0,Loan originated
1,645000.0,<20%,855000.0,938.0,1,White,Female,55-64,75.0,Loan originated
1,505000.0,38,565000.0,172.0,1,Asian,Joint,35-44,90.0,Application denied
1,335000.0,44,375000.0,123.0,1,Asian,Female,65-74,90.0,Loan originated
1,605000.0,44,2605000.0,184.0,1,Asian,Joint,35-44,23.08,Loan originated
1,675000.0,20%-<30%,1275000.0,227.0,1,Asian,Male,45-54,53.015,Loan originated
1,435000.0,50%-60%,615000.0,91.0,1,Hispanic or Latino,Female,35-44,70.0,Loan originated
1,585000.0,48,735000.0,120.0,1,White,Female,55-64,100.0,Loan originated
1,745000.0,43,935000.0,195.0,1,White,Female,55-64,80.0,Loan originated
1,805000.0,20%-<30%,1525000.0,431.0,1,White,Female,45-54,52.39,Loan originated
1,245000.0,20%-<30%,485000.0,168.0,1,White,Joint,55-64,50.102,Loan originated
1,425000.0,41,435000.0,129.0,1,Hispanic or Latino,Female,25-34,97.0,Loan originated
1,425000.0,37,675000.0,210.0,1,White,Male,45-54,62.68,Loan originated
1,565000.0,43,805000.0,132.0,1,Asian,Female,<25,70.0,Loan originated
1,375000.0,45,425000.0,90.0,1,Hispanic or Latino,Female,55-64,93.0,Loan originated
1,445000.0,46,555000.0,120.0,1,Hispanic or Latino,Joint,25-34,80.0,Loan originated
1,675000.0,>60%,835000.0,234.0,1,Asian,Male,45-54,80.0,Application denied
1,415000.0,20%-<30%,525000.0,157.0,1,White,Male,45-54,80.0,Loan originated
1,975000.0,42,1475000.0,340.0,1,Asian,Joint,35-44,66.1,Loan originated
1,575000.0,42,725000.0,168.0,1,White,Female,45-54,79.862,Loan originated
1,515000.0,49,705000.0,97.0,1,White,Male,35-44,73.0,Loan originated
1,715000.0,46,745000.0,241.0,1,Hispanic or Latino,Female,55-64,95.0,Loan originated
1,485000.0,49,515000.0,136.0,1,Asian,Joint,35-44,94.358,Loan originated
1,725000.0,49,915000.0,146.0,1,Hispanic or Latino,Female,45-54,80.0,Loan originated
1,545000.0,30%-<36%,675000.0,152.0,1,Asian,Joint,25-34,80.0,Loan originated
1,245000.0,37,835000.0,103.0,1,White,Female,55-64,29.0,Loan originated
1,935000.0,30%-<36%,1105000.0,333.0,1,White,Joint,45-54,85.0,Loan originated
1,745000.0,42,925000.0,177.0,1,Asian,Male,45-54,80.0,Loan originated
1,515000.0,38,645000.0,125.0,1,Hispanic or Latino,Joint,<25,80.0,Loan originated
1,315000.0,48,365000.0,65.0,1,White,Male,45-54,85.0,Loan originated
1,995000.0,50%-60%,1245000.0,169.0,1,White,Male,65-74,80.0,Application denied
1,685000.0,45,815000.0,150.0,1,Asian,Male,<25,85.0,Application denied
1,505000.0,43,525000.0,138.0,1,White,Female,35-44,100.0,Application denied
1,405000.0,49,1005000.0,95.0,1,White,Joint,25-34,80.0,Loan originated
1,545000.0,43,575000.0,150.0,1,Hispanic or Latino,Female,25-34,95.0,Loan originated
1,965000.0,37,1205000.0,364.0,1,White,Male,35-44,80.0,Loan originated
1,515000.0,43,635000.0,212.0,1,White,Joint,35-44,80.0,Loan originated
1,1145000.0,<20%,1755000.0,752.0,1,White,Male,25-34,65.52,Loan originated
1,395000.0,47,495000.0,113.0,1,Hispanic or Latino,Male,45-54,80.0,Application denied
1,455000.0,47,515000.0,120.0,1,White,Joint,25-34,87.476,Loan originated
1,1145000.0,45,2455000.0,370.0,1,Asian,Joint,25-34,46.932,Loan originated
1,965000.0,47,1285000.0,266.0,1,Hispanic or Latino,Male,55-64,75.0,Loan originated
1,605000.0,45,755000.0,267.0,1,Asian,Male,45-54,80.0,Loan originated
1,405000.0,42,445000.0,94.0,1,White,Female,25-34,90.0,Loan originated
1,535000.0,47,575000.0,187.0,1,White,Female,35-44,94.0,Loan originated
1,305000.0,20%-<30%,595000.0,144.0,1,Asian,Female,45-54,50.42,Loan originated
1,455000.0,37,505000.0,118.0,1,Asian,Joint,35-44,90.0,Loan originated
1,485000.0,43,535000.0,150.0,1,White,Female,55-64,89.99,Loan originated
1,605000.0,50%-60%,635000.0,124.0,1,Hispanic or Latino,Joint,35-44,95.0,Loan originated
1,635000.0,30%-<36%,795000.0,224.0,1,White,Female,25-34,80.0,Application denied
1,115000.0,37,305000.0,67.0,1,Asian,Joint,35-44,37.18,Application denied
1,375000.0,20%-<30%,575000.0,240.0,1,Asian,Male,65-74,65.048,Loan originated
1,465000.0,48,465000.0,145.0,1,White,Female,45-54,100.0,Loan originated
1,245000.0,44,435000.0,61.0,1,Hispanic or Latino,Male,45-54,55.814,Loan originated
1,1005000.0,20%-<30%,1265000.0,664.0,1,Hispanic or Latino,Joint,45-54,80.0,Loan originated
1,245000.0,49,385000.0,62.0,1,White,Joint,55-64,64.68,Loan originated
1,505000.0,37,535000.0,143.0,1,Asian,Male,25-34,95.0,Loan originated
1,715000.0,48,895000.0,164.0,1,Hispanic or Latino,Male,45-54,80.0,Loan originated
1,595000.0,45,735000.0,209.0,1,White,Joint,35-44,80.0,Loan originated
1,605000.0,38,1295000.0,173.0,1,Asian,Female,25-34,47.0,Loan originated
1,615000.0,30%-<36%,655000.0,327.0,1,White,Joint,65-74,95.0,Loan originated
1,355000.0,49,585000.0,71.0,1,Hispanic or Latino,Male,25-34,60.0,Loan originated
1,525000.0,20%-<30%,755000.0,652.0,1,Asian,Female,35-44,70.0,Loan originated
1,215000.0,43,635000.0,81.0,1,White,Male,65-74,34.167,Loan originated
1,405000.0,46,535000.0,101.0,1,Hispanic or Latino,Female,25-34,75.0,Loan originated
1,765000.0,20%-<30%,2305000.0,555.0,1,White,Joint,45-54,33.33,Loan originated
1,265000.0,37,295000.0,76.0,1,Asian,Female,25-34,90.0,Application denied
1,765000.0,43,855000.0,185.0,1,White,Male,25-34,89.935,Loan originated
1,855000.0,38,1215000.0,243.0,1,Asian,Male,25-34,70.0,Loan originated
1,485000.0,46,735000.0,133.0,1,Asian,Joint,25-34,65.986,Loan originated
1,665000.0,46,1015000.0,134.0,1,Asian,Female,35-44,65.35,Loan originated
1,435000.0,36,605000.0,129.0,1,White,Female,35-44,71.547,Loan originated
1,365000.0,30%-<36%,465000.0,154.0,1,Asian,Male,25-34,80.0,Loan originated
1,55000.0,30%-<36%,685000.0,47.0,1,White,Female,65-74,7.299,Loan originated
1,655000.0,41,955000.0,329.0,1,Asian,Male,25-34,68.43,Loan originated
1,325000.0,20%-<30%,595000.0,169.0,1,White,Female,35-44,55.0,Loan originated
1,385000.0,49,515000.0,80.0,1,Asian,Male,45-54,95.547,Loan originated
1,885000.0,30%-<36%,935000.0,242.0,1,White,Female,35-44,95.0,Loan originated
1,555000.0,<20%,685000.0,432.0,1,White,Male,<25,80.0,Loan originated
1,1145000.0,41,1675000.0,281.0,1,White,Male,35-44,68.83,Loan originated
1,735000.0,30%-<36%,915000.0,248.0,1,White,Male,35-44,80.0,Loan originated
1,645000.0,40,805000.0,173.0,1,Hispanic or Latino,Male,45-54,80.0,Loan originated
1,435000.0,43,775000.0,108.0,1,Asian,Female,35-44,55.49,Loan originated
1,945000.0,30%-<36%,1115000.0,503.0,1,White,Male,35-44,85.0,Loan originated
1,595000.0,46,855000.0,128.0,1,Asian,Joint,35-44,70.0,Loan originated
1,365000.0,44,405000.0,128.0,1,Asian,Joint,45-54,90.0,Loan originated
1,335000.0,48,645000.0,98.0,1,White,Joint,>74,51.623,Loan originated
1,405000.0,30%-<36%,515000.0,185.0,1,Hispanic or Latino,Male,25-34,80.0,Loan originated
1,745000.0,20%-<30%,1185000.0,392.0,1,White,Male,55-64,62.712,Loan originated
1,565000.0,46,665000.0,118.0,1,Hispanic or Latino,Joint,35-44,85.0,Loan originated
1,215000.0,43,715000.0,68.0,1,White,Female,25-34,30.06,Loan originated
1,455000.0,39,575000.0,212.0,1,White,Joint,25-34,80.0,Loan originated
1,755000.0,20%-<30%,2305000.0,394.0,1,Asian,Female,25-34,32.61,Application denied
1,375000.0,50%-60%,485000.0,77.0,1,Hispanic or Latino,Female,35-44,76.856,Application denied
1,445000.0,42,555000.0,162.0,1,White,Male,35-44,80.0,Loan originated
1,355000.0,38,445000.0,114.0,1,Asian,Male,35-44,80.0,Loan originated
1,305000.0,43,365000.0,98.0,1,White,Female,25-34,85.0,Loan originated
1,395000.0,48,415000.0,94.0,1,Hispanic or Latino,Joint,<25,97.0,Loan originated
1,445000.0,48,505000.0,105.0,1,White,Female,35-44,88.051,Loan originated
1,405000.0,30%-<36%,505000.0,106.0,1,Asian,Joint,35-44,80.0,Loan originated
1,775000.0,49,965000.0,172.0,1,Asian,Joint,25-34,80.0,Loan originated
1,275000.0,45,285000.0,62.0,1,Hispanic or Latino,Male,35-44,97.0,Loan originated
1,985000.0,47,1225000.0,313.0,1,White,Joint,35-44,80.0,Loan originated
1,845000.0,44,1055000.0,185.0,1,Asian,Female,25-34,80.0,Loan originated
1,745000.0,38,875000.0,503.0,1,White,Joint,55-64,85.0,Loan originated
1,385000.0,46,485000.0,93.0,1,White,Male,55-64,80.0,Loan originated
1,535000.0,30%-<36%,1255000.0,237.0,1,Asian,Male,45-54,42.369,Loan originated
1,515000.0,40,545000.0,224.0,1,White,Female,>74,95.0,Loan originated
1,665000.0,30%-<36%,835000.0,363.0,1,Asian,Joint,35-44,80.0,Loan originated
1,715000.0,43,755000.0,154.0,1,White,Female,35-44,94.62,Loan originated
1,825000.0,49,1105000.0,242.0,1,Hispanic or Latino,Joint,35-44,75.0,Loan originated
1,405000.0,42,555000.0,92.0,1,White,Male,35-44,72.973,Loan originated
1,285000.0,44,435000.0,75.0,1,White,Joint,65-74,65.517,Loan originated
1,705000.0,41,1005000.0,175.0,1,Asian,Male,25-34,70.0,Loan originated
1,725000.0,20%-<30%,905000.0,257.0,1,White,Joint,35-44,80.0,Loan originated
1,795000.0,43,845000.0,194.0,1,White,Joint,25-34,95.0,Loan originated
1,645000.0,42,725000.0,169.0,1,Asian,Joint,35-44,90.0,Loan originated
1,1105000.0,50%-60%,1295000.0,237.0,1,White,Joint,35-44,84.984,Application denied
1,405000.0,49,855000.0,99.0,1,Asian,Female,25-34,47.059,Loan originated
1,565000.0,46,625000.0,119.0,1,Hispanic or Latino,Joint,45-54,90.0,Loan originated
1,305000.0,20%-<30%,385000.0,146.0,1,White,Male,25-34,80.0,Loan originated
1,235000.0,37,235000.0,86.0,1,White,Female,35-44,97.0,Loan originated
1,375000.0,47,625000.0,92.0,1,Hispanic or Latino,Joint,<25,60.0,Loan originated
1,395000.0,44,695000.0,224.0,1,Asian,Male,45-54,56.538,Loan originated
1,1085000.0,44,1355000.0,246.0,1,Asian,Joint,35-44,80.0,Loan originated
1,165000.0,50%-60%,195000.0,89.0,1,Hispanic or Latino,Male,45-54,81.51,Application denied
1,525000.0,<20%,625000.0,424.0,1,White,Joint,35-44,83.625,Loan originated
1,265000.0,20%-<30%,615000.0,131.0,1,White,Male,65-74,42.757,Loan originated
1,415000.0,47,435000.0,89.0,1,Hispanic or Latino,Male,35-44,95.0,Loan originated
1,735000.0,37,815000.0,219.0,1,Hispanic or Latino,Male,25-34,90.0,Loan originated
1,695000.0,49,875000.0,140.0,1,Hispanic or Latino,Male,25-34,80.0,Loan originated
1,465000.0,30%-<36%,555000.0,228.0,1,Hispanic or Latino,Male,35-44,84.49,Loan originated
1,515000.0,48,545000.0,180.0,1,Asian,Male,45-54,95.0,Loan originated
1,425000.0,<20%,955000.0,256.0,1,White,Joint,65-74,44.211,Loan originated
1,1095000.0,40,1375000.0,301.0,1,White,Male,25-34,79.97,Loan originated
1,515000.0,30%-<36%,915000.0,214.0,1,Asian,Female,45-54,56.284,Loan originated
1,415000.0,42,715000.0,284.0,1,Asian,Female,25-34,57.865,Loan originated
1,345000.0,40,435000.0,103.0,1,White,Female,45-54,80.0,Loan originated
1,715000.0,48,795000.0,358.0,1,Hispanic or Latino,Joint,45-54,90.0,Loan originated
1,395000.0,44,535000.0,99.0,1,Hispanic or Latino,Joint,35-44,98.89,Loan originated
1,375000.0,46,475000.0,159.0,1,White,Female,55-64,78.99,Loan originated
1,415000.0,30%-<36%,515000.0,121.0,1,White,Male,35-44,80.0,Loan originated
1,555000.0,30%-<36%,745000.0,299.0,1,Asian,Joint,45-54,75.0,Loan originated
1,185000.0,44,275000.0,43.0,1,Hispanic or Latino,Female,>74,66.67,Loan originated
1,1005000.0,40,3785000.0,355.0,1,Asian,Joint,25-34,26.45,Loan originated
1,885000.0,37,1105000.0,577.0,1,Black or African American,Male,55-64,80.0,Loan originated
1,705000.0,47,725000.0,162.0,1,Hispanic or Latino,Joint,55-64,97.0,Loan originated
1,965000.0,30%-<36%,1375000.0,1117.0,1,White,Joint,35-44,70.0,Loan originated
1,125000.0,42,425000.0,43.0,1,White,Female,25-34,30.023,Loan originated
1,505000.0,20%-<30%,1475000.0,413.0,1,White,Joint,55-64,34.09,Application denied
1,925000.0,20%-<30%,1375000.0,410.0,1,White,Joint,25-34,67.273,Loan originated
1,305000.0,39,375000.0,157.0,1,White,Joint,45-54,80.0,Loan originated
1,745000.0,<20%,995000.0,743.0,1,White,Male,55-64,75.0,Loan originated
1,505000.0,48,805000.0,119.0,1,Hispanic or Latino,Female,<25,62.5,Loan originated
1,475000.0,49,1205000.0,238.0,1,Hispanic or Latino,Joint,65-74,39.58,Loan originated
1,415000.0,44,555000.0,100.0,1,Asian,Joint,55-64,75.0,Loan originated
1,235000.0,20%-<30%,515000.0,113.0,1,White,Male,55-64,45.726,Loan originated
1,1125000.0,20%-<30%,1405000.0,499.0,1,Asian,Joint,35-44,80.0,Loan originated
1,445000.0,37,555000.0,127.0,1,White,Female,25-34,80.0,Loan originated
1,485000.0,30%-<36%,705000.0,199.0,1,Black or African American,Female,35-44,70.0,Loan originated
1,665000.0,30%-<36%,705000.0,236.0,1,Black or African American,Joint,55-64,95.0,Loan originated
1,515000.0,43,1025000.0,124.0,1,Asian,Female,35-44,50.0,Loan originated
1,735000.0,46,915000.0,252.0,1,Asian,Male,35-44,80.0,Loan originated
1,345000.0,49,405000.0,83.0,1,Hispanic or Latino,Female,55-64,95.0,Loan originated
1,835000.0,45,1195000.0,214.0,1,Hispanic or Latino,Male,45-54,70.0,Loan originated
1,805000.0,40,955000.0,262.0,1,Hispanic or Latino,Joint,25-34,85.0,Loan originated
1,415000.0,47,435000.0,82.0,1,Hispanic or Latino,Male,25-34,95.0,Loan originated
1,145000.0,41,285000.0,45.0,1,Hispanic or Latino,Female,45-54,50.0,Loan originated
1,955000.0,42,1155000.0,235.0,1,White,Joint,25-34,85.0,Loan originated
