loan_purpose,loan_amount,debt_to_income_ratio,property_value,income,occupancy_type,derived_race,derived_sex,applicant_age,loan_to_value_ratio,action_taken
1,1085000.0,20%-<30%,1355000.0,447.0,1,White,Joint,35-44,80.0,Loan originated
1,365000.0,46,455000.0,162.0,1,Hispanic or Latino,Female,35-44,80.0,Loan originated
1,1005000.0,38,1525000.0,286.0,1,Asian,Joint,25-34,65.64,Loan originated
1,185000.0,46,195000.0,44.0,1,Asian,Female,35-44,95.0,Application denied
1,795000.0,36,985000.0,230.0,1,Asian,Male,35-44,80.0,Loan originated
1,185000.0,30%-<36%,205000.0,147.0,1,White,Male,35-44,90.48,Loan originated
1,325000.0,48,375000.0,71.0,1,Hispanic or Latino,Joint,35-44,86.0,Loan originated
1,235000.0,30%-<36%,255000.0,104.0,1,Hispanic or Latino,Male,45-54,95.0,Loan originated
1,95000.0,<20%,115000.0,148.0,1,White,Female,65-74,81.15,Application denied
1,435000.0,43,775000.0,108.0,1,Asian,Female,35-44,55.49,Loan originated
1,625000.0,37,735000.0,242.0,1,White,Joint,35-44,85.0,Loan originated
1,405000.0,44,675000.0,93.0,1,White,Joint,55-64,60.0,Loan originated
1,505000.0,48,635000.0,125.0,1,White,Male,45-54,80.0,Loan originated
1,255000.0,44,455000.0,80.0,1,White,Female,25-34,56.0,Loan originated
1,895000.0,20%-<30%,1705000.0,374.0,1,White,Joint,45-54,52.38,Loan originated
1,245000.0,36,335000.0,264.0,1,Hispanic or Latino,Joint,55-64,95.0,Loan originated
1,825000.0,<20%,1105000.0,1350.0,1,White,Joint,45-54,75.0,Loan originated
1,95000.0,38,95000.0,103.0,1,White,Female,45-54,93.57,Application denied
1,585000.0,47,645000.0,120.0,1,Asian,Male,25-34,90.0,Loan originated
1,565000.0,37,705000.0,158.0,1,Black or African American,Female,45-54,80.0,Loan originated
1,455000.0,44,525000.0,124.0,1,White,Joint,25-34,86.667,Loan originated
1,495000.0,20%-<30%,1295000.0,330.0,1,White,Joint,45-54,39.0,Loan originated
1,405000.0,30%-<36%,865000.0,191.0,1,White,Joint,65-74,46.38,Loan originated
1,395000.0,<20%,495000.0,224.0,1,White,Joint,25-34,80.0,Loan originated
1,475000.0,45,505000.0,141.0,1,Hispanic or Latino,Female,55-64,95.0,Loan originated
1,605000.0,20%-<30%,755000.0,228.0,1,Asian,Male,45-54,80.0,Loan originated
1,635000.0,>60%,935000.0,163.0,1,Asian,Joint,25-34,67.742,Loan originated
1,905000.0,49,1005000.0,303.0,1,Hispanic or Latino,Joint,45-54,90.0,Loan originated
1,445000.0,45,905000.0,92.0,1,Hispanic or Latino,Female,25-34,49.0,Loan originated
1,865000.0,49,1075000.0,172.0,1,Asian,Female,55-64,80.0,Loan originated
1,625000.0,30%-<36%,825000.0,328.0,1,Asian,Joint,45-54,75.61,Loan originated
1,585000.0,30%-<36%,655000.0,178.0,1,Asian,Female,25-34,89.0,Loan originated
1,305000.0,38,505000.0,102.0,1,White,Female,35-44,60.0,Loan originated
1,885000.0,44,985000.0,225.0,1,Hispanic or Latino,Male,25-34,90.0,Loan originated
1,785000.0,44,975000.0,227.0,1,White,Male,45-54,80.0,Loan originated
1,685000.0,49,855000.0,209.0,1,Hispanic or Latino,Joint,35-44,80.0,Loan originated
1,545000.0,46,685000.0,165.0,1,Asian,Female,35-44,80.0,Loan originated
1,555000.0,45,575000.0,181.0,1,White,Joint,25-34,97.0,Loan originated
1,665000.0,30%-<36%,965000.0,459.0,1,Asian,Joint,45-54,68.75,Loan originated
1,235000.0,42,355000.0,72.0,1,White,Joint,65-74,65.909,Loan originated
1,885000.0,30%-<36%,1375000.0,229.0,1,Asian,Male,25-34,64.29,Loan originated
1,1005000.0,20%-<30%,1635000.0,366.0,1,White,Joint,25-34,61.796,Loan originated
1,485000.0,43,615000.0,183.0,1,White,Male,25-34,80.0,Loan originated
1,925000.0,20%-<30%,1425000.0,387.0,1,Asian,Male,25-34,64.561,Loan originated
1,305000.0,39,375000.0,104.0,1,Hispanic or Latino,Female,55-64,80.0,Loan originated
1,465000.0,48,555000.0,111.0,1,White,Male,25-34,85.0,Loan originated
1,575000.0,44,595000.0,183.0,1,White,Joint,25-34,97.0,Loan originated
1,505000.0,44,585000.0,110.0,1,Asian,Female,35-44,85.0,Loan originated
1,825000.0,30%-<36%,875000.0,316.0,1,Asian,Joint,25-34,95.0,Loan originated
1,535000.0,43,575000.0,139.0,1,White,Male,55-64,94.17,Loan originated
1,365000.0,20%-<30%,605000.0,125.0,1,White,Male,45-54,60.0,Loan originated
1,515000.0,30%-<36%,775000.0,165.0,1,White,Joint,25-34,65.64,Loan originated
1,345000.0,39,355000.0,81.0,1,White,Male,25-34,96.97,Loan originated
1,495000.0,40,515000.0,149.0,1,White,Male,45-54,98.325,Loan originated
1,355000.0,40,415000.0,111.0,1,White,Male,35-44,85.0,Loan originated
1,625000.0,42,785000.0,162.0,1,White,Joint,25-34,80.0,Loan originated
1,475000.0,40,605000.0,146.0,1,Asian,Male,25-34,79.87,Loan originated
1,655000.0,37,1355000.0,211.0,1,White,Female,55-64,48.15,Loan originated
1,325000.0,47,405000.0,90.0,1,White,Male,35-44,80.0,Application denied
1,585000.0,36,735000.0,159.0,1,Hispanic or Latino,Female,45-54,80.0,Loan originated
1,475000.0,38,685000.0,130.0,1,Asian,Male,25-34,70.0,Loan originated
1,715000.0,47,895000.0,222.0,1,White,Male,25-34,80.0,Loan originated
1,455000.0,39,675000.0,124.0,1,White,Male,35-44,67.407,Loan originated
1,545000.0,49,555000.0,108.0,1,White,Male,35-44,97.31,Loan originated
1,405000.0,49,715000.0,95.0,1,White,Male,25-34,80.0,Loan originated
1,255000.0,<20%,1505000.0,360.0,1,White,Male,>74,16.67,Application denied
1,255000.0,47,315000.0,169.0,1,White,Female,45-54,80.0,Loan originated
1,645000.0,30%-<36%,895000.0,304.0,1,White,Female,45-54,71.91,Loan originated
1,575000.0,20%-<30%,1175000.0,240.0,1,White,Joint,25-34,48.936,Loan originated
1,295000.0,48,305000.0,86.0,1,White,Female,25-34,97.0,Loan originated
1,495000.0,47,705000.0,101.0,1,Asian,Joint,45-54,70.0,Loan originated
1,325000.0,30%-<36%,475000.0,125.0,1,White,Male,25-34,68.421,Loan originated
1,395000.0,49,625000.0,93.0,1,White,Joint,45-54,88.585,Loan originated
1,695000.0,38,875000.0,166.0,1,Asian,Joint,35-44,80.0,Loan originated
1,445000.0,50%-60%,475000.0,82.0,1,Other,Male,<25,94.692,Application denied
1,325000.0,36,735000.0,105.0,1,Asian,Male,25-34,89.02,Loan originated
1,355000.0,48,445000.0,92.0,1,White,Female,25-34,80.0,Loan originated
1,245000.0,<20%,445000.0,145.0,1,White,Male,35-44,54.917,Loan originated
1,405000.0,49,1825000.0,123.0,1,White,Joint,45-54,22.356,Loan originated
1,885000.0,48,1105000.0,221.0,1,Asian,Male,45-54,80.0,Loan originated
1,715000.0,>60%,735000.0,48.0,1,Hispanic or Latino,Male,35-44,98.361,Application denied
1,675000.0,30%-<36%,1325000.0,191.0,1,White,Female,35-44,50.943,Loan originated
1,605000.0,49,855000.0,119.0,1,Hispanic or Latino,Joint,25-34,70.59,Loan originated
1,595000.0,41,795000.0,237.0,1,Asian,Male,25-34,75.0,Loan originated
1,365000.0,30%-<36%,615000.0,130.0,1,White,Joint,55-64,59.344,Loan originated
1,475000.0,30%-<36%,595000.0,266.0,1,White,Female,55-64,80.0,Loan originated
1,775000.0,20%-<30%,1475000.0,254.0,1,White,Joint,35-44,52.542,Loan originated
1,585000.0,42,735000.0,179.0,1,Asian,Joint,45-54,80.0,Loan originated
1,745000.0,30%-<36%,925000.0,258.0,1,White,Male,35-44,80.0,Loan originated
1,955000.0,47,1125000.0,234.0,1,Asian,Male,25-34,85.0,Loan originated
1,645000.0,44,865000.0,163.0,1,White,Joint,45-54,75.0,Loan originated
1,445000.0,48,555000.0,104.0,1,Hispanic or Latino,Male,25-34,80.0,Loan originated
1,625000.0,39,835000.0,357.0,1,White,Joint,35-44,75.0,Loan originated
1,555000.0,>60%,585000.0,161.0,1,Asian,Male,45-54,95.0,Application denied
1,845000.0,36,1055000.0,274.0,1,White,Joint,45-54,80.0,Loan originated
1,125000.0,40,325000.0,93.0,1,White,Joint,55-64,40.0,Loan originated
1,135000.0,30%-<36%,265000.0,48.0,1,Hispanic or Latino,Female,25-34,50.0,Loan originated
1,645000.0,45,645000.0,160.0,1,Hispanic or Latino,Joint,25-34,100.76,Application denied
1,995000.0,47,1445000.0,383.0,1,White,Joint,25-34,68.901,Loan originated
1,665000.0,39,885000.0,171.0,1,White,Joint,35-44,75.0,Loan originated
1,105000.0,47,235000.0,100.0,1,Asian,Male,25-34,46.03,Loan originated
1,485000.0,40,655000.0,141.0,1,Asian,Male,35-44,75.0,Loan originated
1,345000.0,39,365000.0,114.0,1,Asian,Female,45-54,95.0,Loan originated
1,665000.0,20%-<30%,695000.0,325.0,1,Asian,Joint,55-64,95.0,Loan originated
1,885000.0,38,1265000.0,249.0,1,Asian,Female,25-34,70.0,Loan originated
1,505000.0,48,635000.0,147.0,1,Hispanic or Latino,Joint,45-54,79.99,Loan originated
1,735000.0,49,985000.0,201.0,1,Asian,Joint,25-34,74.62,Loan originated
1,525000.0,48,655000.0,242.0,1,Hispanic or Latino,Male,35-44,80.0,Loan originated
1,385000.0,48,465000.0,98.0,1,Asian,Female,25-34,82.0,Application denied
1,615000.0,20%-<30%,765000.0,283.0,1,White,Joint,25-34,80.0,Loan originated
1,415000.0,41,425000.0,144.0,1,Hispanic or Latino,Joint,25-34,97.0,Loan originated
1,425000.0,41,455000.0,128.0,1,Asian,Female,35-44,95.0,Loan originated
1,285000.0,49,565000.0,79.0,1,White,Joint,65-74,50.0,Loan originated
1,275000.0,20%-<30%,525000.0,153.0,1,White,Joint,55-64,54.0,Loan originated
1,475000.0,30%-<36%,755000.0,156.0,1,Asian,Male,45-54,62.914,Loan originated
1,265000.0,39,335000.0,138.0,1,White,Male,35-44,80.0,Loan originated
1,505000.0,40,475000.0,116.0,1,Black or African American,Joint,55-64,108.05,Loan originated
1,785000.0,49,2905000.0,196.0,1,Asian,Male,25-34,26.9,Loan originated
1,305000.0,30%-<36%,385000.0,96.0,1,White,Joint,35-44,80.0,Loan originated
1,615000.0,37,685000.0,159.0,1,Asian,Male,45-54,89.99,Loan originated
1,255000.0,>60%,505000.0,90.0,1,White,Joint,65-74,50.797,Application denied
1,755000.0,46,945000.0,170.0,1,White,Joint,25-34,80.0,Loan originated
1,575000.0,30%-<36%,675000.0,172.0,1,Hispanic or Latino,Joint,55-64,85.0,Loan originated
1,645000.0,43,805000.0,184.0,1,Asian,Male,25-34,80.0,Loan originated
1,535000.0,49,665000.0,108.0,1,Asian,Female,25-34,80.0,Loan originated
1,285000.0,47,305000.0,70.0,1,White,Male,35-44,95.0,Loan originated
1,465000.0,49,585000.0,106.0,1,Hispanic or Latino,Female,55-64,80.0,Loan originated
1,765000.0,36,1175000.0,229.0,1,Asian,Male,45-54,65.131,Loan originated
1,595000.0,47,625000.0,232.0,1,Hispanic or Latino,Joint,35-44,95.0,Loan originated
1,565000.0,46,765000.0,196.0,1,Hispanic or Latino,Joint,55-64,73.684,Loan originated
1,735000.0,49,2005000.0,241.0,1,Asian,Joint,25-34,36.769,Loan originated
1,515000.0,30%-<36%,565000.0,192.0,1,White,Female,35-44,90.989,Loan originated
1,875000.0,20%-<30%,975000.0,350.0,1,White,Joint,35-44,90.0,Application denied
1,545000.0,45,575000.0,166.0,1,White,Male,45-54,95.0,Loan originated
1,465000.0,50%-60%,485000.0,97.0,1,Hispanic or Latino,Joint,25-34,97.0,Loan originated
1,1115000.0,30%-<36%,1515000.0,405.0,1,Asian,Male,45-54,73.51,Application denied
1,485000.0,49,525000.0,114.0,1,White,Female,25-34,91.619,Loan originated
1,315000.0,45,395000.0,111.0,1,White,Male,25-34,80.0,Loan originated
1,535000.0,36,575000.0,167.0,1,Asian,Male,35-44,95.0,Loan originated
1,185000.0,47,235000.0,64.0,1,Asian,Female,55-64,80.0,Application denied
1,385000.0,42,475000.0,100.0,1,Asian,Female,35-44,80.0,Application denied
1,865000.0,20%-<30%,1025000.0,378.0,1,White,Joint,35-44,85.0,Loan originated
1,555000.0,49,695000.0,191.0,1,White,Male,35-44,80.0,Loan originated
1,605000.0,43,1105000.0,182.0,1,Asian,Joint,35-44,55.0,Loan originated
1,615000.0,48,655000.0,141.0,1,Hispanic or Latino,Joint,25-34,95.0,Loan originated
1,345000.0,20%-<30%,425000.0,140.0,1,White,Female,25-34,80.0,Loan originated
1,275000.0,20%-<30%,345000.0,111.0,1,Hispanic or Latino,Female,35-44,80.0,Loan originated
1,855000.0,38,945000.0,229.0,1,Asian,Joint,45-54,89.99,Loan originated
1,765000.0,43,925000.0,233.0,1,Asian,Joint,25-34,82.703,Loan originated
1,255000.0,44,555000.0,72.0,1,Hispanic or Latino,Female,35-44,45.455,Loan originated
1,525000.0,36,575000.0,230.0,1,White,Male,65-74,91.228,Loan originated
1,575000.0,43,595000.0,167.0,1,White,Male,35-44,97.0,Loan originated
1,715000.0,42,645000.0,513.0,1,Asian,Male,35-44,111.18,Application denied
1,435000.0,47,445000.0,144.0,1,Hispanic or Latino,Joint,25-34,97.0,Loan originated
1,345000.0,49,355000.0,70.0,1,Hispanic or Latino,Joint,<25,97.0,Loan originated
1,195000.0,47,205000.0,130.0,1,White,Female,55-64,95.0,Loan originated
1,515000.0,48,545000.0,158.0,1,White,Female,55-64,95.0,Loan originated
1,915000.0,43,1075000.0,280.0,1,White,Joint,35-44,85.0,Loan originated
1,675000.0,43,745000.0,193.0,1,Hispanic or Latino,Joint,25-34,90.0,Loan originated
1,395000.0,48,475000.0,116.0,1,Hispanic or Latino,Joint,55-64,104.0,Loan originated
1,475000.0,39,585000.0,146.0,1,Hispanic or Latino,Male,35-44,80.0,Loan originated
1,635000.0,49,705000.0,163.0,1,Asian,Male,35-44,93.0,Loan originated
1,815000.0,47,1085000.0,196.0,1,White,Male,35-44,75.0,Loan originated
1,965000.0,38,1285000.0,472.0,1,Asian,Male,45-54,75.0,Loan originated
1,395000.0,30%-<36%,415000.0,140.0,1,White,Female,45-54,97.0,Loan originated
1,105000.0,38,455000.0,85.0,1,White,Female,>74,22.222,Loan originated
1,325000.0,37,545000.0,91.0,1,Asian,Female,45-54,60.0,Loan originated
1,965000.0,30%-<36%,1205000.0,330.0,1,White,Male,65-74,80.0,Loan originated
1,895000.0,39,1115000.0,255.0,1,Asian,Male,35-44,80.0,Loan originated
1,525000.0,49,685000.0,106.0,1,Hispanic or Latino,Female,25-34,76.669,Loan originated
1,375000.0,30%-<36%,575000.0,436.0,1,White,Joint,55-64,65.458,Loan originated
1,485000.0,41,515000.0,119.0,1,Hispanic or Latino,Male,25-34,95.0,Loan originated
1,455000.0,>60%,505000.0,26.0,1,White,Female,25-34,90.0,Application denied
1,715000.0,43,755000.0,218.0,1,Hispanic or Latino,Joint,35-44,95.0,Application denied
1,545000.0,30%-<36%,685000.0,151.0,1,Asian,Female,35-44,80.0,Loan originated
1,1145000.0,48,1305000.0,240.0,1,Hispanic or Latino,Joint,35-44,88.0,Loan originated
1,755000.0,46,1085000.0,200.0,1,Asian,Male,25-34,70.0,Loan originated
1,375000.0,48,415000.0,79.0,1,White,Male,25-34,90.361,Loan originated
1,255000.0,30%-<36%,645000.0,112.0,1,White,Joint,55-64,38.818,Loan originated
1,765000.0,49,975000.0,239.0,1,White,Joint,25-34,78.615,Loan originated
1,355000.0,<20%,3205000.0,519.0,1,White,Joint,45-54,53.125,Loan originated
1,145000.0,48,185000.0,46.0,1,Hispanic or Latino,Female,55-64,80.0,Loan originated
1,555000.0,30%-<36%,695000.0,205.0,1,White,Male,35-44,80.0,Loan originated
1,385000.0,39,625000.0,164.0,1,White,Male,65-74,61.6,Loan originated
1,15000.0,41,495000.0,109.0,1,White,Female,25-34,100.0,Loan originated
1,685000.0,36,985000.0,513.0,1,White,Joint,55-64,69.544,Loan originated
1,955000.0,48,1275000.0,200.0,1,Asian,Male,45-54,75.0,Application denied
1,525000.0,48,1105000.0,145.0,1,Asian,Joint,35-44,47.19,Loan originated
1,305000.0,39,405000.0,85.0,1,White,Male,25-34,73.189,Loan originated
1,425000.0,45,525000.0,84.0,1,Hispanic or Latino,Male,35-44,80.0,Loan originated
1,575000.0,43,1175000.0,145.0,1,White,Female,45-54,48.936,Loan originated
1,585000.0,<20%,735000.0,559.0,1,White,Joint,65-74,80.0,Loan originated
1,535000.0,43,555000.0,127.0,1,Hispanic or Latino,Male,35-44,100.0,Loan originated
1,315000.0,40,325000.0,80.0,1,White,Male,<25,97.0,Loan originated
1,525000.0,20%-<30%,625000.0,168.0,1,White,Female,35-44,83.76,Loan originated
1,185000.0,30%-<36%,195000.0,75.0,1,Hispanic or Latino,Male,45-54,94.87,Loan originated
1,945000.0,>60%,1575000.0,120.0,1,White,Male,25-34,60.0,Application denied
1,315000.0,41,395000.0,410.0,1,White,Male,25-34,80.0,Loan originated
1,415000.0,49,505000.0,95.0,1,Hispanic or Latino,Male,35-44,103.0,Loan originated
1,1005000.0,48,1505000.0,370.0,1,Asian,Male,35-44,73.474,Loan originated
1,505000.0,48,1305000.0,250.0,1,White,Male,35-44,57.692,Loan originated
1,765000.0,49,975000.0,203.0,1,Asian,Joint,35-44,78.866,Loan originated
1,515000.0,<20%,965000.0,270.0,1,Asian,Male,55-64,53.37,Loan originated
1,475000.0,49,525000.0,79.0,1,Asian,Joint,55-64,90.0,Loan originated
1,145000.0,50%-60%,165000.0,60.0,1,White,Joint,>74,90.0,Loan originated
1,1125000.0,20%-<30%,1415000.0,461.0,1,White,Joint,35-44,80.0,Loan originated
1,455000.0,44,565000.0,133.0,1,White,Male,25-34,80.0,Loan originated
1,545000.0,30%-<36%,675000.0,161.0,1,Asian,Joint,25-34,80.0,Loan originated
1,515000.0,47,535000.0,188.0,1,White,Joint,55-64,95.0,Loan originated
1,765000.0,30%-<36%,1155000.0,242.0,1,White,Joint,65-74,66.63,Loan originated
1,435000.0,45,455000.0,150.0,1,Hispanic or Latino,Female,55-64,97.0,Loan originated
1,535000.0,20%-<30%,665000.0,243.0,1,Asian,Male,35-44,80.0,Loan originated
1,655000.0,20%-<30%,695000.0,600.0,1,White,Male,25-34,95.0,Loan originated
1,515000.0,30%-<36%,635000.0,150.0,1,White,Male,35-44,80.0,Loan originated
1,695000.0,<20%,865000.0,560.0,1,Asian,Male,35-44,79.988,Loan originated
1,905000.0,48,945000.0,294.0,1,Black or African American,Joint,35-44,95.0,Loan originated
1,335000.0,48,415000.0,72.0,1,White,Joint,<25,104.0,Loan originated
1,855000.0,30%-<36%,1075000.0,384.0,1,Asian,Joint,35-44,80.0,Loan originated
1,385000.0,49,735000.0,112.0,1,Hispanic or Latino,Joint,55-64,52.055,Loan originated
1,765000.0,48,1125000.0,282.0,1,White,Female,25-34,68.138,Loan originated
1,605000.0,>60%,2005000.0,150.0,1,White,Joint,55-64,30.0,Application denied
1,735000.0,30%-<36%,775000.0,246.0,1,Asian,Joint,35-44,95.0,Loan originated
1,535000.0,50%-60%,595000.0,153.0,1,Hispanic or Latino,Joint,25-34,90.0,Loan originated
1,1005000.0,20%-<30%,1385000.0,1669.0,1,White,Male,25-34,72.46,Loan originated
1,1135000.0,37,1625000.0,500.0,1,Hispanic or Latino,Male,35-44,89.99,Loan originated
1,115000.0,49,465000.0,47.0,1,White,Male,65-74,25.162,Loan originated
1,1025000.0,41,1205000.0,416.0,1,White,Joint,35-44,85.0,Loan originated
1,335000.0,46,405000.0,100.0,1,Hispanic or Latino,Female,35-44,82.5,Loan originated
1,365000.0,>60%,455000.0,0.0,1,White,Male,55-64,80.0,Application denied
1,225000.0,20%-<30%,1325000.0,194.0,1,White,Joint,45-54,16.981,Loan originated
1,355000.0,49,475000.0,89.0,1,White,Male,35-44,75.0,Loan originated
1,695000.0,41,875000.0,155.0,1,Black or African American,Female,35-44,80.0,Loan originated
1,795000.0,20%-<30%,995000.0,332.0,1,Asian,Joint,25-34,80.0,Loan originated
1,465000.0,42,645000.0,118.0,1,Hispanic or Latino,Joint,<25,71.423,Loan originated
1,415000.0,44,425000.0,90.0,1,Hispanic or Latino,Joint,55-64,100.0,Loan originated
1,275000.0,43,555000.0,48.0,1,Asian,Female,55-64,50.0,Loan originated
1,185000.0,49,205000.0,60.0,1,Hispanic or Latino,Female,25-34,90.0,Loan originated
1,685000.0,48,855000.0,205.0,1,White,Male,35-44,80.0,Loan originated
1,345000.0,45,365000.0,77.0,1,Hispanic or Latino,Joint,55-64,95.0,Loan originated
1,355000.0,49,375000.0,156.0,1,White,Joint,65-74,94.667,Loan originated
1,465000.0,43,495000.0,122.0,1,White,Male,25-34,95.0,Application denied
1,215000.0,30%-<36%,585000.0,113.0,1,White,Female,65-74,36.34,Application denied
1,105000.0,20%-<30%,755000.0,76.0,1,White,Female,65-74,13.333,Loan originated
1,425000.0,42,475000.0,101.0,1,White,Male,25-34,90.0,Loan originated
1,395000.0,45,425000.0,117.0,1,Hispanic or Latino,Joint,55-64,98.33,Loan originated
1,525000.0,44,665000.0,139.0,1,Hispanic or Latino,Female,25-34,100.0,Loan originated
1,495000.0,45,555000.0,283.0,1,Hispanic or Latino,Male,35-44,85.0,Application denied
1,295000.0,43,345000.0,59.0,1,Hispanic or Latino,Female,<25,88.0,Loan originated
1,495000.0,>60%,615000.0,77.0,1,Hispanic or Latino,Male,25-34,80.0,Application denied
1,245000.0,30%-<36%,445000.0,95.0,1,Black or African American,Female,35-44,55.546,Loan originated
1,275000.0,20%-<30%,655000.0,140.0,1,White,Female,55-64,42.308,Loan originated
1,655000.0,43,695000.0,206.0,1,Hispanic or Latino,Joint,25-34,95.0,Loan originated
1,525000.0,47,585000.0,117.0,1,Asian,Joint,35-44,90.0,Loan originated
1,705000.0,42,835000.0,18.0,1,Asian,Female,25-34,85.0,Loan originated
1,425000.0,48,525000.0,103.0,1,White,Joint,35-44,80.0,Loan originated
1,365000.0,>60%,405000.0,55.0,1,White,Male,45-54,90.0,Application denied
1,305000.0,43,895000.0,106.0,1,Asian,Female,35-44,34.0,Loan originated
1,205000.0,44,225000.0,86.0,1,Black or African American,Female,25-34,90.0,Loan originated
1,475000.0,39,505000.0,121.0,1,Hispanic or Latino,Male,25-34,95.0,Loan originated
1,605000.0,44,635000.0,147.0,1,White,Male,25-34,95.0,Loan originated
1,175000.0,47,245000.0,41.0,1,White,Female,65-74,71.429,Loan originated
1,545000.0,<20%,1795000.0,362.0,1,Hispanic or Latino,Female,35-44,30.36,Loan originated
1,895000.0,39,1125000.0,261.0,1,Asian,Joint,25-34,80.0,Loan originated
1,485000.0,45,965000.0,110.0,1,White,Male,35-44,50.0,Loan originated
1,1005000.0,39,1425000.0,247.0,1,Asian,Female,35-44,69.984,Loan originated
1,345000.0,30%-<36%,745000.0,123.0,1,Asian,Joint,55-64,46.595,Loan originated
1,535000.0,49,595000.0,110.0,1,White,Female,35-44,90.0,Loan originated
1,995000.0,48,1055000.0,324.0,1,White,Male,25-34,95.0,Loan originated
1,1145000.0,42,1425000.0,239.0,1,Asian,Joint,35-44,80.0,Loan originated
1,65000.0,<20%,605000.0,94.0,1,Asian,Male,65-74,11.16,Loan originated
1,445000.0,43,525000.0,235.0,1,White,Joint,25-34,84.65,Loan originated
1,545000.0,45,625000.0,193.0,1,Asian,Female,25-34,87.01,Loan originated
1,575000.0,<20%,585000.0,236.0,1,Hispanic or Latino,Joint,25-34,100.0,Application denied
1,765000.0,49,875000.0,262.0,1,Asian,Joint,35-44,87.903,Loan originated
1,745000.0,49,935000.0,317.0,1,White,Joint,25-34,80.0,Loan originated
1,125000.0,42,525000.0,45.0,1,White,Female,45-54,24.0,Loan originated
1,765000.0,39,965000.0,189.0,1,Asian,Female,35-44,79.849,Loan originated
1,515000.0,44,635000.0,133.0,1,Hispanic or Latino,Joint,45-54,102.38,Loan originated
1,415000.0,38,445000.0,140.0,1,Hispanic or Latino,Joint,25-34,95.0,Loan originated
1,765000.0,44,1025000.0,219.0,1,White,Male,25-34,89.517,Loan originated
1,565000.0,30%-<36%,625000.0,183.0,1,Hispanic or Latino,Male,25-34,90.0,Application denied
1,105000.0,42,815000.0,79.0,1,White,Joint,35-44,12.963,Loan originated
1,465000.0,49,525000.0,98.0,1,Hispanic or Latino,Male,25-34,88.593,Loan originated
1,505000.0,<20%,1905000.0,0.0,1,Other,Female,25-34,27.0,Application denied
1,245000.0,37,305000.0,132.0,1,White,Joint,35-44,80.0,Loan originated
1,765000.0,47,1005000.0,157.0,1,White,Male,25-34,76.219,Loan originated
1,965000.0,42,1825000.0,285.0,1,White,Female,55-64,52.77,Loan originated
1,355000.0,50%-60%,905000.0,109.0,1,Asian,Joint,35-44,38.889,Loan originated
1,175000.0,45,175000.0,48.0,1,Hispanic or Latino,Female,<25,98.0,Loan originated
1,475000.0,41,595000.0,111.0,1,White,Male,25-34,80.0,Loan originated
1,365000.0,44,565000.0,106.0,1,Asian,Female,35-44,64.6,Loan originated
1,405000.0,38,775000.0,142.0,1,White,Joint,45-54,52.0,Loan originated
1,1025000.0,20%-<30%,1285000.0,880.0,1,Asian,Joint,35-44,80.0,Application denied
1,405000.0,20%-<30%,515000.0,143.0,1,White,Joint,25-34,80.0,Loan originated
1,1125000.0,42,1465000.0,247.0,1,Asian,Male,25-34,76.32,Loan originated
1,805000.0,38,1005000.0,343.0,1,Asian,Female,35-44,80.0,Loan originated
1,95000.0,20%-<30%,265000.0,107.0,1,Asian,Male,>74,36.617,Loan originated
1,915000.0,44,1075000.0,349.0,1,White,Joint,25-34,85.0,Loan originated
1,975000.0,46,1085000.0,205.0,1,Black or African American,Male,35-44,90.0,Loan originated
1,415000.0,30%-<36%,445000.0,131.0,1,Asian,Female,25-34,95.0,Loan originated
1,425000.0,36,1055000.0,126.0,1,Asian,Male,35-44,40.476,Loan originated
1,555000.0,39,595000.0,146.0,1,Hispanic or Latino,Female,35-44,95.0,Loan originated
1,265000.0,39,325000.0,104.0,1,Hispanic or Latino,Male,45-54,80.0,Loan originated
1,1305000.0,45,1745000.0,320.0,1,Asian,Joint,25-34,75.0,Loan originated
1,405000.0,20%-<30%,1055000.0,190.0,1,White,Female,55-64,38.095,Loan originated
1,1115000.0,20%-<30%,1395000.0,432.0,1,Asian,Joint,35-44,80.0,Loan originated
1,595000.0,46,625000.0,149.0,1,Hispanic or Latino,Male,35-44,95.0,Loan originated
1,435000.0,20%-<30%,615000.0,192.0,1,Asian,Joint,35-44,70.49,Loan originated
1,585000.0,36,995000.0,231.0,1,White,Male,65-74,59.0,Loan originated
1,645000.0,44,805000.0,232.0,1,Asian,Male,45-54,80.0,Loan originated
1,905000.0,42,1505000.0,277.0,1,White,Joint,55-64,60.0,Loan originated
1,315000.0,49,525000.0,184.0,1,Asian,Male,25-34,60.0,Loan originated
1,305000.0,47,315000.0,62.0,1,White,Joint,<25,100.0,Loan originated
1,355000.0,46,475000.0,104.0,1,Asian,Female,45-54,73.684,Loan originated
1,495000.0,46,615000.0,106.0,1,Asian,Joint,55-64,80.0,Loan originated
1,295000.0,45,405000.0,70.0,1,Hispanic or Latino,Female,35-44,99.0,Loan originated
1,75000.0,38,395000.0,111.0,1,Black or African American,Joint,25-34,100.0,Loan originated
1,515000.0,20%-<30%,645000.0,240.0,1,Hispanic or Latino,Joint,55-64,80.0,Loan originated
1,555000.0,30%-<36%,1105000.0,186.0,1,White,Joint,35-44,50.0,Loan originated
1,725000.0,47,1165000.0,162.0,1,White,Male,35-44,62.5,Loan originated
1,635000.0,41,655000.0,162.0,1,White,Joint,35-44,97.0,Loan originated
1,365000.0,20%-<30%,455000.0,175.0,1,Hispanic or Latino,Joint,35-44,80.0,Loan originated
1,475000.0,48,505000.0,171.0,1,Other,Female,>74,95.0,Loan originated
1,715000.0,48,755000.0,194.0,1,Hispanic or Latino,Male,25-34,95.0,Loan originated
1,395000.0,20%-<30%,935000.0,179.0,1,White,Joint,35-44,41.94,Loan originated
1,615000.0,46,795000.0,130.0,1,Asian,Female,25-34,78.0,Loan originated
1,205000.0,39,1355000.0,134.0,1,White,Joint,55-64,15.385,Loan originated
1,735000.0,36,865000.0,208.0,1,White,Male,35-44,85.0,Loan originated
1,335000.0,20%-<30%,355000.0,151.0,1,Hispanic or Latino,Female,25-34,95.0,Loan originated
1,475000.0,39,505000.0,137.0,1,Hispanic or Latino,Joint,25-34,95.0,Loan originated
1,675000.0,20%-<30%,935000.0,305.0,1,Hispanic or Latino,Joint,35-44,73.0,Loan originated
1,915000.0,46,915000.0,399.0,1,Black or African American,Joint,35-44,100.0,Loan originated
1,205000.0,20%-<30%,325000.0,90.0,1,White,Female,55-64,64.0,Loan originated
1,525000.0,44,545000.0,119.0,1,Hispanic or Latino,Joint,45-54,100.0,Loan originated
1,385000.0,48,395000.0,97.0,1,Hispanic or Latino,Male,45-54,97.0,Loan originated
1,505000.0,49,1525000.0,127.0,1,Asian,Female,55-64,32.895,Loan originated
1,585000.0,40,885000.0,168.0,1,White,Joint,35-44,65.91,Loan originated
1,905000.0,30%-<36%,1135000.0,327.0,1,Asian,Joint,25-34,80.0,Loan originated
1,765000.0,48,1425000.0,160.0,1,White,Female,45-54,53.982,Loan originated
1,535000.0,47,675000.0,102.0,1,Asian,Male,35-44,80.0,Loan originated
1,385000.0,48,385000.0,110.0,1,Hispanic or Latino,Joint,45-54,48.125,Loan originated
1,415000.0,30%-<36%,465000.0,154.0,1,White,Joint,25-34,90.0,Loan originated
1,1125000.0,36,1625000.0,304.0,1,White,Joint,25-34,69.191,Loan originated
1,545000.0,44,675000.0,142.0,1,White,Male,35-44,80.0,Loan originated
1,685000.0,45,855000.0,143.0,1,Hispanic or Latino,Joint,55-64,80.0,Loan originated
1,325000.0,39,335000.0,85.0,1,Hispanic or Latino,Male,25-34,97.0,Loan originated
1,1025000.0,41,1075000.0,243.0,1,Black or African American,Male,35-44,95.0,Loan originated
1,905000.0,45,1125000.0,294.0,1,Hispanic or Latino,Joint,35-44,80.0,Loan originated
1,355000.0,41,375000.0,89.0,1,White,Female,35-44,95.0,Loan originated
1,575000.0,46,695000.0,117.0,1,Hispanic or Latino,Joint,55-64,103.365,Loan originated
1,425000.0,45,565000.0,128.0,1,Asian,Male,25-34,74.99987,Loan originated
1,885000.0,49,985000.0,178.0,1,White,Female,25-34,90.0,Loan originated
1,925000.0,48,1905000.0,278.0,1,Asian,Joint,35-44,48.421,Loan originated
1,285000.0,47,355000.0,107.0,1,Hispanic or Latino,Joint,25-34,80.0,Loan originated
1,475000.0,43,505000.0,278.0,1,White,Joint,25-34,95.0,Loan originated
1,355000.0,41,485000.0,92.0,1,White,Male,55-64,72.917,Loan originated
1,305000.0,46,2055000.0,130.0,1,White,Joint,45-54,14.634,Loan originated
1,765000.0,40,1445000.0,389.0,1,White,Male,65-74,52.909,Loan originated
1,415000.0,39,635000.0,109.0,1,White,Joint,65-74,66.03,Loan originated
1,505000.0,30%-<36%,535000.0,188.0,1,White,Male,25-34,95.0,Loan originated
1,355000.0,49,625000.0,101.0,1,White,Joint,65-74,56.0,Loan originated
1,315000.0,46,695000.0,81.0,1,Hispanic or Latino,Male,55-64,44.909,Loan originated
1,445000.0,36,555000.0,125.0,1,Asian,Male,45-54,100.0,Loan originated
1,235000.0,30%-<36%,375000.0,124.0,1,White,Joint,35-44,62.4,Loan originated
1,1065000.0,41,1335000.0,273.0,1,White,Joint,35-44,80.0,Loan originated
1,305000.0,43,485000.0,76.0,1,White,Female,>74,63.542,Loan originated
1,325000.0,20%-<30%,335000.0,115.0,1,White,Female,25-34,99.97,Loan originated
1,65000.0,<20%,905000.0,168.0,1,White,Male,65-74,6.63,Loan originated
1,385000.0,48,465000.0,94.0,1,Hispanic or Latino,Male,35-44,82.0,Loan originated
1,675000.0,44,745000.0,162.0,1,Asian,Male,35-44,90.0,Loan originated
1,765000.0,30%-<36%,1305000.0,225.0,1,Asian,Male,35-44,59.0,Loan originated
1,1005000.0,20%-<30%,1455000.0,459.0,1,White,Female,25-34,70.0,Loan originated
1,295000.0,20%-<30%,495000.0,112.0,1,White,Joint,25-34,59.184,Loan originated
1,1135000.0,39,1425000.0,322.0,1,Asian,Male,45-54,80.0,Loan originated
1,75000.0,20%-<30%,325000.0,215.0,1,White,Joint,65-74,23.29,Loan originated
1,725000.0,20%-<30%,905000.0,284.0,1,White,Joint,45-54,80.0,Loan originated
1,355000.0,39,515000.0,84.0,1,Asian,Male,35-44,70.0,Loan originated
1,405000.0,47,505000.0,121.0,1,Asian,Male,25-34,80.0,Loan originated
1,475000.0,48,535000.0,112.0,1,Asian,Female,25-34,89.623,Loan originated
1,905000.0,45,1325000.0,199.0,1,White,Male,25-34,67.93,Loan originated
1,345000.0,43,405000.0,83.0,1,White,Male,25-34,85.348,Loan originated
1,985000.0,47,1095000.0,216.0,1,Asian,Male,35-44,89.991,Loan originated
1,385000.0,49,485000.0,100.0,1,White,Joint,35-44,80.0,Loan originated
1,325000.0,41,345000.0,84.0,1,Hispanic or Latino,Joint,55-64,95.0,Loan originated
1,545000.0,41,975000.0,18.0,1,Asian,Male,65-74,55.9,Loan originated
1,435000.0,30%-<36%,545000.0,137.0,1,White,Female,55-64,80.0,Loan originated
1,385000.0,20%-<30%,455000.0,177.0,1,White,Male,65-74,85.0,Loan originated
1,355000.0,40,465000.0,235.0,1,Hispanic or Latino,Male,55-64,77.0,Loan originated
1,835000.0,48,1655000.0,185.0,1,Asian,Male,45-54,50.607,Loan originated
1,1015000.0,36,1265000.0,268.0,1,Asian,Joint,25-34,80.0,Loan originated
1,1085000.0,49,1145000.0,250.0,1,Asian,Female,25-34,95.0,Loan originated
1,845000.0,49,885000.0,218.0,1,Asian,Female,35-44,95.0,Loan originated
1,415000.0,48,695000.0,131.0,1,Black or African American,Joint,35-44,58.993,Loan originated
1,625000.0,45,645000.0,155.0,1,White,Female,25-34,97.0,Loan originated
1,635000.0,47,795000.0,173.0,1,Asian,Male,55-64,80.0,Loan originated
1,305000.0,>60%,305000.0,68.0,1,Hispanic or Latino,Male,25-34,101.75,Application denied
1,595000.0,50%-60%,645000.0,129.0,1,Hispanic or Latino,Female,55-64,94.0,Application denied
1,415000.0,47,435000.0,89.0,1,Hispanic or Latino,Male,35-44,95.0,Loan originated
1,605000.0,39,675000.0,162.0,1,Asian,Male,35-44,90.0,Loan originated
1,765000.0,30%-<36%,1045000.0,353.0,1,Asian,Joint,45-54,73.354,Loan originated
1,625000.0,42,665000.0,267.0,1,Black or African American,Joint,35-44,95.0,Loan originated
1,225000.0,49,235000.0,78.0,1,White,Male,<25,95.0,Loan originated
1,245000.0,30%-<36%,305000.0,139.0,1,Asian,Joint,25-34,80.0,Loan originated
1,345000.0,44,345000.0,88.0,1,Hispanic or Latino,Female,45-54,100.0,Loan originated
1,495000.0,<20%,1025000.0,145.0,1,Asian,Joint,25-34,49.07,Loan originated
1,345000.0,45,645000.0,80.0,1,White,Joint,45-54,53.113,Loan originated
1,905000.0,44,945000.0,188.0,1,White,Male,25-34,95.0,Application denied
1,395000.0,45,405000.0,88.0,1,Hispanic or Latino,Male,<25,100.0,Loan originated
1,415000.0,49,485000.0,85.0,1,Asian,Male,25-34,84.378,Loan originated
1,265000.0,46,525000.0,339.0,1,White,Female,55-64,50.0,Loan originated
1,485000.0,44,555000.0,96.0,1,Asian,Male,25-34,87.273,Loan originated
1,205000.0,44,355000.0,97.0,1,Hispanic or Latino,Female,65-74,57.14,Application denied
1,305000.0,39,465000.0,74.0,1,White,Joint,55-64,65.0,Loan originated
1,105000.0,37,715000.0,77.0,1,White,Female,25-34,13.986,Loan originated
1,385000.0,49,515000.0,129.0,1,Hispanic or Latino,Joint,35-44,75.0,Loan originated
1,665000.0,20%-<30%,835000.0,223.0,1,Asian,Joint,25-34,80.0,Loan originated
1,525000.0,30%-<36%,655000.0,249.0,1,Hispanic or Latino,Female,35-44,80.0,Loan originated
1,325000.0,48,605000.0,75.0,1,Hispanic or Latino,Female,35-44,54.17,Loan originated
1,365000.0,50%-60%,405000.0,97.0,1,Asian,Male,35-44,90.0,Application denied
1,895000.0,41,1115000.0,266.0,1,Asian,Joint,25-34,80.0,Loan originated
1,575000.0,49,715000.0,160.0,1,Hispanic or Latino,Joint,25-34,80.0,Loan originated
1,625000.0,48,785000.0,227.0,1,Hispanic or Latino,Joint,55-64,80.0,Loan originated
1,1135000.0,46,1195000.0,256.0,1,White,Joint,25-34,95.0,Loan originated
1,765000.0,48,1115000.0,219.0,1,White,Female,45-54,69.0,Loan originated
1,585000.0,30%-<36%,615000.0,222.0,1,Asian,Joint,25-34,95.0,Loan originated
1,375000.0,44,625000.0,77.0,1,White,Joint,65-74,60.0,Loan originated
1,555000.0,43,695000.0,125.0,1,Asian,Female,25-34,80.0,Loan originated
1,1125000.0,30%-<36%,1405000.0,323.0,1,Asian,Joint,35-44,80.0,Loan originated
1,415000.0,<20%,515000.0,246.0,1,White,Male,35-44,80.0,Loan originated
1,805000.0,39,1015000.0,309.0,1,Hispanic or Latino,Joint,25-34,80.0,Loan originated
1,745000.0,37,935000.0,191.0,1,White,Male,25-34,80.0,Loan originated
1,325000.0,47,345000.0,70.0,1,Hispanic or Latino,Male,<25,95.0,Loan originated
1,635000.0,40,705000.0,163.0,1,Asian,Male,35-44,90.0,Loan originated
1,575000.0,30%-<36%,955000.0,243.0,1,White,Joint,25-34,60.0,Loan originated
1,465000.0,47,665000.0,126.0,1,Asian,Male,55-64,70.0,Loan originated
1,495000.0,43,585000.0,155.0,1,Asian,Female,25-34,90.0,Application denied
1,545000.0,45,675000.0,135.0,1,Hispanic or Latino,Joint,25-34,80.0,Loan originated
1,365000.0,49,385000.0,74.0,1,White,Male,65-74,97.0,Loan originated
1,755000.0,46,1405000.0,270.0,1,White,Joint,45-54,53.57,Loan originated
1,735000.0,48,925000.0,199.0,1,White,Joint,25-34,80.0,Loan originated
1,1115000.0,30%-<36%,1175000.0,341.0,1,White,Joint,35-44,95.0,Loan originated
1,635000.0,37,795000.0,182.0,1,Asian,Female,35-44,80.0,Loan originated
1,355000.0,42,535000.0,84.0,1,Asian,Joint,35-44,65.306,Loan originated
1,465000.0,48,1225000.0,156.0,1,Black or African American,Female,65-74,38.192,Loan originated
1,625000.0,38,695000.0,285.0,1,Asian,Joint,35-44,89.9,Loan originated
1,425000.0,50%-60%,525000.0,114.0,1,Hispanic or Latino,Male,25-34,80.0,Loan originated
1,605000.0,20%-<30%,925000.0,233.0,1,Asian,Female,25-34,65.0,Loan originated
1,105000.0,30%-<36%,135000.0,46.0,1,White,Female,>74,72.99,Loan originated
1,1265000.0,40,1575000.0,340.0,1,White,Joint,25-34,80.0,Loan originated
1,1145000.0,30%-<36%,1455000.0,359.0,1,Asian,Joint,25-34,80.0,Loan originated
1,845000.0,38,1125000.0,190.0,1,White,Male,35-44,75.0,Loan originated
1,245000.0,20%-<30%,265000.0,132.0,1,White,Female,35-44,95.0,Loan originated
1,575000.0,42,925000.0,148.0,1,Asian,Male,25-34,61.62,Loan originated
1,505000.0,41,515000.0,129.0,1,Hispanic or Latino,Female,55-64,97.0,Loan originated
1,1025000.0,48,1375000.0,210.0,1,White,Joint,35-44,74.544,Loan originated
1,545000.0,30%-<36%,685000.0,231.0,1,White,Joint,45-54,80.0,Loan originated
1,1045000.0,37,1305000.0,277.0,1,Asian,Male,35-44,80.0,Loan originated
1,945000.0,44,1185000.0,362.0,1,Asian,Male,35-44,79.949,Loan originated
1,395000.0,30%-<36%,415000.0,112.0,1,Hispanic or Latino,Female,55-64,95.0,Loan originated
1,585000.0,42,625000.0,161.0,1,Asian,Joint,25-34,95.0,Loan originated
1,405000.0,43,1025000.0,115.0,1,White,Male,25-34,39.216,Loan originated
1,805000.0,36,1275000.0,510.0,1,Asian,Male,55-64,64.0,Loan originated
1,205000.0,44,275000.0,227.0,1,White,Male,35-44,75.0,Loan originated
1,405000.0,<20%,515000.0,1176.0,1,White,Male,35-44,80.0,Loan originated
1,445000.0,48,455000.0,101.0,1,Hispanic or Latino,Joint,55-64,97.0,Loan originated
1,545000.0,20%-<30%,605000.0,338.0,1,Black or African American,Female,35-44,90.0,Application denied
1,445000.0,20%-<30%,555000.0,183.0,1,Hispanic or Latino,Male,25-34,80.0,Loan originated
1,505000.0,20%-<30%,1135000.0,231.0,1,White,Male,55-64,43.975,Loan originated
1,345000.0,46,365000.0,84.0,1,Hispanic or Latino,Male,25-34,95.0,Loan originated
1,615000.0,39,825000.0,220.0,1,Hispanic or Latino,Female,45-54,75.0,Loan originated
1,245000.0,30%-<36%,275000.0,122.0,1,White,Male,25-34,90.0,Loan originated
1,475000.0,41,525000.0,117.0,1,Hispanic or Latino,Male,35-44,89.99,Loan originated
1,305000.0,>60%,745000.0,103.0,1,Hispanic or Latino,Male,45-54,40.39,Application denied
1,1105000.0,30%-<36%,1255000.0,307.0,1,White,Joint,25-34,88.0,Loan originated
1,375000.0,30%-<36%,395000.0,158.0,1,White,Joint,55-64,95.0,Loan originated
1,185000.0,49,305000.0,45.0,1,White,Joint,25-34,95.0,Loan originated
1,895000.0,46,1115000.0,279.0,1,White,Joint,>74,80.0,Loan originated
1,325000.0,49,345000.0,63.0,1,White,Female,25-34,95.0,Loan originated
1,295000.0,36,525000.0,89.0,1,Black or African American,Female,55-64,95.24,Loan originated
1,385000.0,20%-<30%,685000.0,182.0,1,White,Joint,25-34,55.882,Loan originated
1,615000.0,40,755000.0,153.0,1,Hispanic or Latino,Male,25-34,82.0,Loan originated
1,1105000.0,20%-<30%,3705000.0,1034.0,1,Hispanic or Latino,Female,35-44,29.73,Loan originated
1,765000.0,42,955000.0,331.0,1,Hispanic or Latino,Female,35-44,80.0,Loan originated
1,495000.0,20%-<30%,995000.0,221.0,1,White,Male,45-54,49.9,Loan originated
1,525000.0,40,655000.0,150.0,1,White,Male,25-34,80.0,Loan originated
1,535000.0,38,565000.0,175.0,1,Hispanic or Latino,Joint,25-34,95.0,Loan originated
1,755000.0,47,1155000.0,186.0,1,Asian,Male,25-34,66.0,Loan originated
1,435000.0,30%-<36%,545000.0,171.0,1,Asian,Female,55-64,80.0,Loan originated
1,705000.0,43,745000.0,176.0,1,Hispanic or Latino,Male,25-34,95.0,Loan originated
1,495000.0,40,555000.0,163.0,1,Asian,Male,35-44,89.91,Loan originated
1,685000.0,20%-<30%,805000.0,322.0,1,White,Joint,25-34,85.0,Loan originated
1,275000.0,30%-<36%,315000.0,180.0,1,White,Joint,55-64,87.38,Loan originated
1,685000.0,45,855000.0,165.0,1,White,Female,45-54,80.0,Loan originated
1,305000.0,39,1455000.0,124.0,1,White,Joint,55-64,20.69,Loan originated
1,1065000.0,40,1975000.0,260.0,1,Asian,Female,25-34,53.81,Loan originated
1,555000.0,45,555000.0,122.0,1,Hispanic or Latino,Female,25-34,101.05,Application denied
1,435000.0,45,455000.0,92.0,1,Hispanic or Latino,Male,45-54,95.0,Loan originated
1,1145000.0,30%-<36%,1565000.0,343.0,1,Asian,Male,35-44,73.59,Loan originated
1,305000.0,20%-<30%,585000.0,139.0,1,White,Female,65-74,51.28,Loan originated
1,465000.0,47,475000.0,92.0,1,Hispanic or Latino,Male,25-34,97.0,Loan originated
1,755000.0,49,985000.0,148.0,1,Asian,Male,25-34,77.0,Loan originated
1,715000.0,45,755000.0,185.0,1,Asian,Female,45-54,95.0,Loan originated
1,755000.0,46,2155000.0,369.0,1,White,Joint,65-74,34.739,Loan originated
1,415000.0,39,435000.0,139.0,1,White,Joint,25-34,95.0,Loan originated
1,455000.0,39,755000.0,117.0,1,White,Male,35-44,60.0,Loan originated
1,15000.0,<20%,335000.0,95.0,1,White,Male,35-44,101.5,Application denied
1,745000.0,39,825000.0,216.0,1,Asian,Male,35-44,90.0,Loan originated
1,1095000.0,20%-<30%,1365000.0,514.0,1,Asian,Male,45-54,80.0,Loan originated
1,525000.0,47,655000.0,122.0,1,Hispanic or Latino,Joint,45-54,80.0,Application denied
1,295000.0,41,495000.0,91.0,1,White,Female,65-74,60.0,Loan originated
1,105000.0,20%-<30%,165000.0,115.0,1,White,Female,55-64,63.63,Loan originated
1,565000.0,49,665000.0,156.0,1,White,Female,25-34,85.0,Loan originated
1,515000.0,43,685000.0,159.0,1,Hispanic or Latino,Male,35-44,75.0,Loan originated
1,525000.0,<20%,975000.0,440.0,1,Black or African American,Female,>74,53.846,Loan originated
1,755000.0,40,1555000.0,245.0,1,White,Joint,35-44,48.387,Loan originated
1,1085000.0,39,1365000.0,300.0,1,White,Male,35-44,79.41,Loan originated
1,475000.0,43,635000.0,213.0,1,Asian,Female,35-44,75.0,Loan originated
1,285000.0,20%-<30%,355000.0,92.0,1,White,Joint,25-34,80.0,Loan originated
1,525000.0,30%-<36%,705000.0,194.0,1,Hispanic or Latino,Male,55-64,75.0,Loan originated
1,625000.0,41,775000.0,155.0,1,Asian,Male,35-44,80.0,Loan originated
1,95000.0,41,105000.0,59.0,1,Hispanic or Latino,Joint,45-54,95.6,Loan originated
1,765000.0,47,845000.0,204.0,1,Black or African American,Female,35-44,91.0,Loan originated
1,465000.0,48,585000.0,271.0,1,White,Joint,45-54,80.0,Loan originated
1,325000.0,50%-60%,345000.0,94.0,1,Hispanic or Latino,Joint,55-64,95.0,Application denied
1,1005000.0,39,1255000.0,444.0,1,White,Joint,25-34,80.5,Loan originated
1,435000.0,39,545000.0,111.0,1,Black or African American,Female,65-74,80.0,Loan originated
1,645000.0,49,865000.0,270.0,1,White,Joint,45-54,75.0,Loan originated
1,555000.0,49,585000.0,160.0,1,White,Male,45-54,95.0,Loan originated
1,275000.0,45,515000.0,65.0,1,Asian,Female,35-44,54.0,Loan originated
1,545000.0,49,575000.0,215.0,1,Asian,Joint,25-34,95.0,Loan originated
1,505000.0,<20%,1145000.0,390.0,1,Hispanic or Latino,Female,45-54,43.52,Loan originated
1,385000.0,41,535000.0,89.0,1,White,Joint,35-44,73.396,Loan originated
1,1185000.0,39,1615000.0,301.0,1,Asian,Joint,45-54,74.0,Loan originated
1,505000.0,50%-60%,675000.0,170.0,1,White,Female,35-44,74.963,Application denied
1,285000.0,20%-<30%,355000.0,239.0,1,White,Male,55-64,80.0,Loan originated
1,205000.0,46,585000.0,71.0,1,White,Female,>74,33.96,Loan originated
1,735000.0,38,775000.0,204.0,1,Hispanic or Latino,Male,<25,95.0,Loan originated
1,1145000.0,49,1725000.0,247.0,1,White,Joint,55-64,67.0,Loan originated
1,535000.0,37,955000.0,170.0,1,Asian,Male,35-44,55.789,Application denied
1,565000.0,47,715000.0,115.0,1,Asian,Male,25-34,80.0,Loan originated
1,565000.0,49,735000.0,100.0,1,Asian,Male,45-54,78.0,Loan originated
1,655000.0,30%-<36%,725000.0,250.0,1,Asian,Male,45-54,90.0,Loan originated
1,335000.0,45,415000.0,79.0,1,White,Female,25-34,80.0,Loan originated
1,595000.0,20%-<30%,815000.0,286.0,1,White,Joint,35-44,72.84,Loan originated
1,565000.0,20%-<30%,705000.0,309.0,1,Other,Male,45-54,80.0,Loan originated
1,835000.0,30%-<36%,1185000.0,254.0,1,Asian,Joint,25-34,70.464,Loan originated
1,675000.0,47,845000.0,233.0,1,Hispanic or Latino,Joint,>74,80.0,Loan originated
1,195000.0,47,245000.0,73.0,1,White,Male,35-44,102.369,Loan originated
1,335000.0,44,655000.0,86.0,1,Hispanic or Latino,Male,35-44,50.769,Loan originated
1,765000.0,30%-<36%,1025000.0,258.0,1,White,Female,45-54,74.562,Application denied
1,775000.0,42,1035000.0,268.0,1,Asian,Male,45-54,75.0,Loan originated
1,255000.0,49,475000.0,56.0,1,Hispanic or Latino,Female,45-54,53.732,Loan originated
1,705000.0,49,1005000.0,153.0,1,Asian,Male,35-44,70.0,Loan originated
1,425000.0,30%-<36%,525000.0,343.0,1,White,Joint,65-74,80.0,Loan originated
1,545000.0,49,685000.0,102.0,1,White,Female,35-44,80.0,Loan originated
1,935000.0,37,1635000.0,252.0,1,Asian,Joint,35-44,57.056,Loan originated
1,1145000.0,47,2655000.0,250.0,1,Asian,Male,25-34,43.019,Loan originated
1,365000.0,30%-<36%,385000.0,137.0,1,White,Female,45-54,95.0,Loan originated
1,305000.0,36,605000.0,150.0,1,White,Joint,55-64,50.0,Loan originated
1,355000.0,30%-<36%,625000.0,101.0,1,White,Female,25-34,56.041,Loan originated
1,845000.0,50%-60%,925000.0,147.0,1,White,Male,25-34,91.451,Application denied
1,265000.0,49,365000.0,60.0,1,Black or African American,Female,55-64,74.444,Loan originated
1,535000.0,50%-60%,565000.0,113.0,1,Asian,Male,25-34,95.0,Application denied
1,195000.0,42,215000.0,101.0,1,Hispanic or Latino,Male,35-44,91.74,Application denied
1,955000.0,30%-<36%,1195000.0,341.0,1,Asian,Male,45-54,80.0,Loan originated
1,375000.0,46,395000.0,119.0,1,White,Joint,35-44,95.0,Loan originated
1,405000.0,48,505000.0,85.0,1,Asian,Female,25-34,80.0,Loan originated
1,555000.0,46,615000.0,111.0,1,Asian,Joint,35-44,90.0,Loan originated
1,395000.0,40,645000.0,101.0,1,Asian,Joint,45-54,60.559,Loan originated
1,535000.0,47,715000.0,144.0,1,Asian,Female,35-44,75.0,Loan originated
1,445000.0,48,465000.0,119.0,1,Hispanic or Latino,Female,25-34,97.0,Loan originated
1,385000.0,44,405000.0,122.0,1,White,Male,45-54,97.0,Loan originated
1,985000.0,44,1225000.0,317.0,1,White,Male,45-54,80.0,Loan originated
1,405000.0,45,445000.0,89.0,1,White,Male,<25,90.0,Loan originated
1,1145000.0,41,1305000.0,319.0,1,Hispanic or Latino,Male,35-44,89.0,Loan originated
1,645000.0,47,685000.0,164.0,1,White,Joint,55-64,95.0,Loan originated
1,485000.0,45,615000.0,142.0,1,White,Male,45-54,80.0,Loan originated
1,965000.0,36,1205000.0,291.0,1,Asian,Joint,25-34,80.0,Loan originated
1,265000.0,30%-<36%,655000.0,111.0,1,White,Male,25-34,40.0,Application denied
1,725000.0,20%-<30%,1025000.0,253.0,1,Asian,Joint,35-44,70.73,Loan originated
1,555000.0,49,695000.0,115.0,1,White,Joint,55-64,80.0,Loan originated
1,825000.0,49,1025000.0,178.0,1,Asian,Male,35-44,80.0,Loan originated
1,285000.0,48,365000.0,73.0,1,Hispanic or Latino,Male,35-44,80.0,Loan originated
1,735000.0,45,925000.0,194.0,1,Asian,Joint,25-34,79.03,Loan originated
1,635000.0,49,675000.0,153.0,1,Hispanic or Latino,Joint,35-44,95.0,Loan originated
1,355000.0,44,455000.0,214.0,1,Hispanic or Latino,Female,<25,78.013,Loan originated
1,475000.0,45,725000.0,104.0,1,Hispanic or Latino,Joint,25-34,65.278,Loan originated
1,575000.0,>60%,605000.0,141.0,1,Hispanic or Latino,Female,35-44,96.394,Application denied
1,255000.0,37,295000.0,76.0,1,White,Female,25-34,86.44,Loan originated
1,325000.0,<20%,435000.0,155.0,1,Asian,Female,35-44,75.0,Loan originated
1,485000.0,39,575000.0,119.0,1,Black or African American,Female,45-54,104.851,Loan originated
1,645000.0,48,815000.0,299.0,1,White,Joint,45-54,80.0,Loan originated
1,455000.0,30%-<36%,985000.0,158.0,1,Asian,Female,35-44,45.69,Loan originated
1,735000.0,47,985000.0,264.0,1,White,Male,25-34,75.0,Loan originated
1,475000.0,43,495000.0,147.0,1,Hispanic or Latino,Joint,25-34,95.0,Loan originated
1,515000.0,20%-<30%,1015000.0,270.0,1,White,Joint,25-34,51.0,Loan originated
1,425000.0,20%-<30%,455000.0,145.0,1,Hispanic or Latino,Male,25-34,95.0,Loan originated
1,995000.0,37,1425000.0,389.0,1,White,Male,55-64,70.0,Loan originated
1,705000.0,44,785000.0,153.0,1,White,Male,35-44,89.85,Loan originated
1,995000.0,44,1355000.0,273.0,1,White,Joint,45-54,90.0,Loan originated
1,645000.0,50%-60%,815000.0,120.0,1,Hispanic or Latino,Male,35-44,80.0,Loan originated
1,575000.0,30%-<36%,615000.0,180.0,1,Hispanic or Latino,Joint,25-34,95.0,Loan originated
1,745000.0,49,3825000.0,273.0,1,White,Joint,65-74,20.0,Loan originated
1,445000.0,46,465000.0,96.0,1,Hispanic or Latino,Joint,25-34,99.5,Loan originated
1,435000.0,<20%,545000.0,327.0,1,Hispanic or Latino,Female,35-44,80.0,Application denied
1,425000.0,49,535000.0,84.0,1,White,Joint,35-44,80.0,Loan originated
1,565000.0,45,1165000.0,184.0,1,White,Female,55-64,48.32,Loan originated
1,265000.0,20%-<30%,655000.0,135.0,1,White,Female,25-34,40.0,Loan originated
1,765000.0,49,1205000.0,341.0,1,Hispanic or Latino,Male,35-44,63.39,Loan originated
1,1085000.0,36,1355000.0,342.0,1,Asian,Joint,25-34,80.0,Loan originated
1,635000.0,49,665000.0,152.0,1,White,Joint,35-44,95.0,Loan originated
1,655000.0,49,825000.0,135.0,1,Hispanic or Latino,Joint,25-34,79.91,Loan originated
1,745000.0,49,825000.0,172.0,1,Hispanic or Latino,Joint,45-54,90.0,Loan originated
1,705000.0,30%-<36%,1005000.0,210.0,1,White,Male,25-34,70.0,Loan originated
1,395000.0,46,895000.0,92.0,1,White,Joint,55-64,43.82,Loan originated
1,785000.0,30%-<36%,1045000.0,300.0,1,Asian,Male,45-54,75.0,Loan originated
1,325000.0,36,455000.0,101.0,1,Hispanic or Latino,Male,35-44,72.222,Loan originated
1,805000.0,36,1325000.0,324.0,1,Asian,Male,45-54,61.0,Loan originated
1,665000.0,38,825000.0,349.0,1,White,Joint,55-64,80.0,Loan originated
1,325000.0,49,475000.0,64.0,1,White,Male,25-34,68.421,Loan originated
1,575000.0,49,735000.0,127.0,1,Hispanic or Latino,Joint,25-34,78.318,Loan originated
1,875000.0,49,1095000.0,173.0,1,White,Joint,45-54,80.0,Loan originated
1,745000.0,46,825000.0,556.0,1,Black or African American,Female,55-64,90.0,Loan originated
1,725000.0,49,1025000.0,459.0,1,Asian,Joint,65-74,70.0,Loan originated
1,595000.0,44,745000.0,140.0,1,Hispanic or Latino,Male,45-54,80.0,Loan originated
1,665000.0,49,705000.0,144.0,1,Asian,Joint,35-44,94.714,Loan originated
1,845000.0,38,1055000.0,207.0,1,Asian,Joint,35-44,80.0,Loan originated
1,265000.0,>60%,265000.0,36.0,1,White,Male,<25,97.0,Application denied
1,515000.0,30%-<36%,645000.0,340.0,1,White,Male,45-54,80.0,Loan originated
1,365000.0,36,465000.0,96.0,1,Hispanic or Latino,Joint,25-34,78.495,Loan originated
1,665000.0,40,835000.0,207.0,1,White,Joint,25-34,80.0,Loan originated
1,615000.0,49,655000.0,126.0,1,White,Male,45-54,95.0,Loan originated
1,565000.0,30%-<36%,1005000.0,165.0,1,White,Male,25-34,56.7,Loan originated
1,725000.0,41,825000.0,932.0,1,White,Male,25-34,87.891,Loan originated
1,685000.0,47,705000.0,141.0,1,White,Male,35-44,100.0,Application denied
1,255000.0,30%-<36%,315000.0,80.0,1,White,Male,65-74,80.0,Loan originated
1,405000.0,49,725000.0,80.0,1,Asian,Male,35-44,54.98,Loan originated
1,345000.0,30%-<36%,355000.0,169.0,1,White,Female,45-54,95.0,Loan originated
1,505000.0,20%-<30%,935000.0,237.0,1,Asian,Female,25-34,54.0,Loan originated
1,375000.0,47,395000.0,120.0,1,Hispanic or Latino,Joint,25-34,95.0,Loan originated
1,275000.0,46,285000.0,75.0,1,White,Female,25-34,97.0,Application denied
1,785000.0,39,825000.0,265.0,1,White,Male,55-64,95.0,Loan originated
1,525000.0,49,655000.0,273.0,1,Asian,Male,25-34,80.0,Loan originated
1,505000.0,39,535000.0,187.0,1,Black or African American,Female,35-44,95.0,Loan originated
1,925000.0,49,1155000.0,209.0,1,White,Joint,25-34,80.0,Loan originated
1,145000.0,30%-<36%,315000.0,56.0,1,White,Female,35-44,46.83,Loan originated
1,765000.0,49,965000.0,167.0,1,White,Female,35-44,79.253,Loan originated
1,485000.0,39,565000.0,121.0,1,White,Male,35-44,85.451,Loan originated
1,875000.0,30%-<36%,1095000.0,271.0,1,White,Joint,35-44,80.0,Loan originated
1,595000.0,30%-<36%,995000.0,203.0,1,Asian,Joint,25-34,60.0,Loan originated
1,605000.0,49,675000.0,181.0,1,White,Female,35-44,90.0,Loan originated
1,95000.0,30%-<36%,845000.0,56.0,1,White,Male,65-74,10.714,Loan originated
1,315000.0,47,535000.0,69.0,1,Hispanic or Latino,Female,35-44,58.092,Loan originated
1,485000.0,43,745000.0,109.0,1,Asian,Male,25-34,65.0,Loan originated
1,265000.0,50%-60%,275000.0,49.0,1,White,Male,25-34,96.91,Application denied
1,425000.0,40,525000.0,142.0,1,White,Male,45-54,80.0,Loan originated
1,645000.0,45,715000.0,156.0,1,Asian,Female,35-44,89.872,Loan originated
1,525000.0,48,555000.0,148.0,1,Hispanic or Latino,Male,25-34,95.0,Loan originated
1,395000.0,<20%,525000.0,237.0,1,White,Joint,25-34,75.0,Loan originated
1,295000.0,49,345000.0,76.0,1,Black or African American,Male,45-54,104.68,Loan originated
1,405000.0,49,555000.0,84.0,1,Asian,Male,25-34,72.727,Application denied
1,395000.0,20%-<30%,535000.0,157.0,1,Other,Female,45-54,74.0,Loan originated
1,435000.0,49,735000.0,131.0,1,Hispanic or Latino,Joint,45-54,60.0,Loan originated
1,725000.0,30%-<36%,905000.0,280.0,1,Asian,Female,25-34,80.0,Loan originated
1,155000.0,20%-<30%,715000.0,108.0,1,Asian,Female,55-64,22.0,Loan originated
1,595000.0,45,745000.0,182.0,1,White,Joint,65-74,97.0,Loan originated
1,175000.0,37,215000.0,78.0,1,White,Joint,55-64,80.982,Loan originated
1,955000.0,20%-<30%,1275000.0,374.0,1,White,Male,55-64,75.0,Loan originated
1,325000.0,39,1025000.0,128.0,1,White,Male,45-54,31.37,Loan originated
1,445000.0,42,555000.0,125.0,1,White,Male,25-34,80.0,Loan originated
1,175000.0,<20%,955000.0,280.0,1,White,Male,45-54,19.0,Loan originated
1,425000.0,49,635000.0,147.0,1,White,Female,25-34,80.0,Loan originated
1,755000.0,42,835000.0,384.0,1,Hispanic or Latino,Joint,25-34,90.0,Loan originated
1,425000.0,49,535000.0,120.0,1,Hispanic or Latino,Female,35-44,100.0,Loan originated
1,285000.0,44,295000.0,89.0,1,White,Female,55-64,95.0,Loan originated
1,345000.0,40,765000.0,98.0,1,White,Joint,65-74,46.0,Application denied
1,365000.0,49,515000.0,85.0,1,White,Joint,35-44,69.75,Loan originated
1,475000.0,37,735000.0,176.0,1,Asian,Joint,35-44,65.0,Loan originated
1,505000.0,36,775000.0,142.0,1,Asian,Female,<25,64.395,Loan originated
1,555000.0,41,685000.0,150.0,1,Hispanic or Latino,Male,35-44,83.0,Loan originated
1,425000.0,49,535000.0,106.0,1,Hispanic or Latino,Male,35-44,80.0,Loan originated
1,805000.0,20%-<30%,1345000.0,335.0,1,Asian,Joint,25-34,59.651,Loan originated
1,495000.0,36,585000.0,152.0,1,Hispanic or Latino,Joint,45-54,84.483,Loan originated
1,585000.0,30%-<36%,615000.0,226.0,1,White,Male,25-34,95.0,Loan originated
1,885000.0,45,1105000.0,328.0,1,White,Joint,25-34,80.0,Loan originated
1,1125000.0,>60%,1405000.0,280.0,1,White,Joint,35-44,80.0,Loan originated
1,535000.0,20%-<30%,665000.0,502.0,1,White,Joint,55-64,80.0,Loan originated
1,975000.0,49,1775000.0,197.0,1,Asian,Male,35-44,54.86,Loan originated
1,865000.0,20%-<30%,1155000.0,336.0,1,Asian,Female,25-34,75.0,Loan originated
1,215000.0,30%-<36%,415000.0,204.0,1,White,Joint,65-74,51.807,Loan originated
1,405000.0,<20%,505000.0,366.0,1,White,Male,65-74,80.0,Loan originated
1,695000.0,20%-<30%,995000.0,327.0,1,Asian,Joint,35-44,70.0,Loan originated
1,245000.0,30%-<36%,305000.0,98.0,1,White,Male,45-54,80.0,Loan originated
1,495000.0,49,615000.0,237.0,1,White,Joint,45-54,80.0,Loan originated
1,585000.0,44,725000.0,125.0,1,White,Female,45-54,80.0,Loan originated
1,655000.0,49,695000.0,153.0,1,White,Joint,45-54,95.0,Loan originated
1,425000.0,20%-<30%,735000.0,211.0,1,White,Male,35-44,56.988,Loan originated
1,675000.0,37,845000.0,237.0,1,Hispanic or Latino,Female,35-44,80.0,Loan originated
1,755000.0,30%-<36%,1295000.0,250.0,1,White,Female,35-44,57.839,Loan originated
1,465000.0,43,485000.0,130.0,1,White,Joint,35-44,97.0,Loan originated
1,755000.0,49,945000.0,207.0,1,Asian,Male,35-44,80.0,Loan originated
1,555000.0,48,575000.0,146.0,1,White,Joint,55-64,97.0,Loan originated
1,795000.0,49,995000.0,181.0,1,Black or African American,Male,45-54,80.0,Loan originated
1,425000.0,42,455000.0,186.0,1,White,Female,25-34,95.0,Loan originated
1,985000.0,40,1415000.0,400.0,1,White,Joint,65-74,69.504,Loan originated
1,485000.0,49,505000.0,100.0,1,Hispanic or Latino,Joint,25-34,95.0,Loan originated
1,405000.0,37,425000.0,121.0,1,White,Male,25-34,100.0,Loan originated
1,405000.0,46,625000.0,83.0,1,White,Joint,55-64,64.0,Loan originated
1,545000.0,39,865000.0,145.0,1,White,Joint,<25,62.543,Loan originated
1,325000.0,49,335000.0,80.0,1,White,Female,35-44,100.0,Loan originated
1,475000.0,48,555000.0,94.0,1,Asian,Female,45-54,90.574,Loan originated
1,675000.0,46,845000.0,184.0,1,Hispanic or Latino,Joint,25-34,90.0,Loan originated
1,495000.0,47,515000.0,113.0,1,Asian,Female,35-44,96.5,Loan originated
1,545000.0,37,675000.0,146.0,1,Asian,Joint,35-44,80.0,Loan originated
1,605000.0,47,1385000.0,142.0,1,Asian,Female,55-64,43.228,Loan originated
1,185000.0,20%-<30%,195000.0,100.0,1,Asian,Female,45-54,95.0,Loan originated
1,125000.0,38,165000.0,38.0,1,White,Female,65-74,78.125,Loan originated
1,405000.0,42,655000.0,91.0,1,Hispanic or Latino,Male,35-44,61.538,Loan originated
1,605000.0,30%-<36%,815000.0,200.0,1,Asian,Male,25-34,75.0,Loan originated
1,585000.0,20%-<30%,835000.0,824.0,1,White,Female,35-44,70.0,Application denied
1,1135000.0,44,2205000.0,250.0,1,White,Joint,45-54,51.591,Loan originated
1,655000.0,20%-<30%,1105000.0,244.0,1,White,Joint,25-34,59.091,Loan originated
1,375000.0,48,385000.0,109.0,1,Hispanic or Latino,Male,25-34,100.0,Loan originated
1,615000.0,30%-<36%,775000.0,387.0,1,Asian,Female,25-34,80.0,Loan originated
1,1045000.0,43,1315000.0,260.0,1,Asian,Joint,45-54,80.0,Loan originated
1,155000.0,>60%,525000.0,35.0,1,White,Female,65-74,28.377,Application denied
1,605000.0,46,785000.0,139.0,1,White,Female,25-34,76.433,Loan originated
1,725000.0,30%-<36%,905000.0,231.0,1,Asian,Male,35-44,80.0,Loan originated
1,755000.0,46,935000.0,193.0,1,Asian,Joint,35-44,80.0,Application denied
1,135000.0,49,155000.0,56.0,1,Hispanic or Latino,Male,45-54,90.0,Loan originated
1,475000.0,<20%,625000.0,285.0,1,Asian,Female,35-44,77.317,Loan originated
1,575000.0,45,835000.0,190.0,1,Asian,Joint,25-34,70.0,Loan originated
1,535000.0,47,645000.0,106.0,1,Hispanic or Latino,Joint,25-34,82.46,Loan originated
1,1145000.0,41,1355000.0,516.0,1,Asian,Joint,35-44,85.0,Loan originated
1,1145000.0,40,1525000.0,343.0,1,Asian,Joint,25-34,75.0,Loan originated
1,665000.0,30%-<36%,865000.0,324.0,1,White,Joint,65-74,76.745,Loan originated
1,565000.0,20%-<30%,705000.0,250.0,1,White,Female,25-34,80.0,Loan originated
1,295000.0,40,365000.0,177.0,1,White,Joint,25-34,80.0,Loan originated
1,195000.0,37,255000.0,68.0,1,White,Male,35-44,80.0,Loan originated
1,585000.0,45,835000.0,149.0,1,Asian,Male,45-54,70.0,Loan originated
1,785000.0,30%-<36%,985000.0,275.0,1,White,Joint,45-54,79.992,Loan originated
1,675000.0,40,755000.0,189.0,1,Asian,Joint,25-34,90.0,Loan originated
1,105000.0,42,615000.0,60.0,1,Asian,Male,65-74,16.367,Loan originated
1,285000.0,49,385000.0,305.0,1,White,Female,35-44,75.0,Loan originated
1,1125000.0,40,1405000.0,278.0,1,Black or African American,Male,25-34,80.0,Loan originated
1,285000.0,40,605000.0,87.0,1,White,Female,45-54,46.281,Loan originated
1,215000.0,47,715000.0,63.0,1,Asian,Female,65-74,30.237,Loan originated
1,895000.0,37,1125000.0,262.0,1,Asian,Joint,35-44,80.0,Loan originated
1,455000.0,43,845000.0,151.0,1,Asian,Male,35-44,53.35,Loan originated
1,255000.0,44,315000.0,61.0,1,Hispanic or Latino,Female,25-34,80.0,Loan originated
1,425000.0,30%-<36%,465000.0,130.0,1,Black or African American,Male,35-44,90.0,Loan originated
1,255000.0,20%-<30%,705000.0,1558.0,1,White,Male,25-34,35.714,Loan originated
1,665000.0,46,705000.0,206.0,1,Asian,Joint,55-64,95.0,Loan originated
1,765000.0,44,835000.0,189.0,1,Hispanic or Latino,Joint,45-54,92.355,Loan originated
1,295000.0,41,315000.0,79.0,1,White,Male,45-54,100.0,Application denied
1,925000.0,30%-<36%,1155000.0,287.0,1,White,Joint,35-44,80.0,Application denied
1,665000.0,46,835000.0,220.0,1,Hispanic or Latino,Joint,35-44,80.0,Loan originated
1,665000.0,40,865000.0,168.0,1,Asian,Male,35-44,77.0,Loan originated
1,755000.0,37,885000.0,221.0,1,Hispanic or Latino,Male,35-44,85.0,Loan originated
1,785000.0,30%-<36%,985000.0,225.0,1,Asian,Male,25-34,80.0,Loan originated
1,335000.0,46,415000.0,122.0,1,Hispanic or Latino,Male,35-44,80.0,Loan originated
1,335000.0,43,395000.0,86.0,1,Hispanic or Latino,Joint,45-54,85.0,Loan originated
1,825000.0,47,875000.0,199.0,1,White,Male,25-34,95.0,Loan originated
1,405000.0,49,475000.0,96.0,1,Black or African American,Female,35-44,89.1,Loan originated
1,425000.0,30%-<36%,525000.0,144.0,1,White,Male,25-34,80.0,Loan originated
1,635000.0,20%-<30%,755000.0,257.0,1,White,Joint,55-64,85.0,Loan originated
1,705000.0,42,1165000.0,180.0,1,Asian,Female,45-54,60.09,Loan originated
1,765000.0,39,1185000.0,195.0,1,White,Joint,25-34,64.781,Loan originated
1,545000.0,41,675000.0,160.0,1,White,Joint,25-34,80.0,Loan originated
1,415000.0,49,515000.0,190.0,1,Asian,Joint,45-54,80.0,Loan originated
1,595000.0,48,615000.0,137.0,1,Hispanic or Latino,Joint,35-44,100.34,Loan originated
1,605000.0,48,855000.0,204.0,1,Asian,Male,35-44,70.589,Loan originated
1,465000.0,36,685000.0,143.0,1,White,Joint,<25,70.0,Loan originated
1,425000.0,41,455000.0,104.0,1,Hispanic or Latino,Male,25-34,95.0,Loan originated
1,805000.0,46,845000.0,272.0,1,White,Joint,55-64,94.91,Loan originated
1,675000.0,49,755000.0,178.0,1,Hispanic or Latino,Female,55-64,89.9,Loan originated
1,1045000.0,20%-<30%,1305000.0,467.0,1,Asian,Joint,35-44,80.0,Loan originated
1,765000.0,30%-<36%,965000.0,307.0,1,White,Joint,25-34,80.0,Loan originated
1,95000.0,30%-<36%,285000.0,41.0,1,Hispanic or Latino,Female,55-64,32.143,Loan originated
1,595000.0,30%-<36%,805000.0,222.0,1,White,Male,25-34,74.375,Loan originated
1,485000.0,37,805000.0,135.0,1,Hispanic or Latino,Female,35-44,60.0,Loan originated
1,565000.0,46,705000.0,139.0,1,Asian,Female,45-54,80.0,Loan originated
1,765000.0,30%-<36%,1305000.0,257.0,1,Asian,Female,65-74,59.0,Loan originated
1,375000.0,41,415000.0,143.0,1,White,Male,55-64,90.0,Loan originated
1,1105000.0,20%-<30%,1705000.0,384.0,1,Asian,Male,35-44,65.0,Loan originated
1,405000.0,49,505000.0,155.0,1,White,Female,25-34,80.0,Application denied
1,305000.0,49,325000.0,61.0,1,White,Female,25-34,95.0,Loan originated
1,565000.0,48,595000.0,163.0,1,Hispanic or Latino,Male,25-34,95.0,Loan originated
1,565000.0,39,705000.0,499.0,1,White,Male,65-74,80.0,Loan originated
1,995000.0,50%-60%,1105000.0,210.0,1,White,Male,55-64,90.0,Application denied
1,575000.0,44,625000.0,222.0,1,Hispanic or Latino,Male,>74,91.44,Application denied
1,665000.0,47,825000.0,162.0,1,Asian,Female,25-34,80.0,Loan originated
1,585000.0,40,615000.0,176.0,1,Hispanic or Latino,Male,25-34,94.999,Loan originated
1,655000.0,20%-<30%,765000.0,440.0,1,White,Joint,35-44,85.0,Loan originated
1,145000.0,41,715000.0,67.0,1,Asian,Male,25-34,20.317,Loan originated
1,355000.0,30%-<36%,865000.0,146.0,1,Other,Male,35-44,40.449,Loan originated
1,645000.0,49,805000.0,125.0,1,White,Joint,25-34,83.0,Loan originated
1,725000.0,39,905000.0,393.0,1,Hispanic or Latino,Male,35-44,80.0,Loan originated
1,305000.0,42,485000.0,73.0,1,Hispanic or Latino,Male,35-44,62.5,Loan originated
1,415000.0,<20%,1255000.0,351.0,1,White,Joint,55-64,32.666,Loan originated
1,405000.0,39,515000.0,142.0,1,Hispanic or Latino,Joint,35-44,100.0,Loan originated
1,635000.0,46,695000.0,137.0,1,Asian,Male,25-34,90.64,Loan originated
1,465000.0,44,495000.0,130.0,1,Hispanic or Latino,Male,35-44,95.0,Loan originated
1,515000.0,36,575000.0,232.0,1,White,Male,>74,90.0,Loan originated
1,195000.0,30%-<36%,215000.0,154.0,1,White,Joint,<25,91.0,Loan originated
1,565000.0,37,715000.0,186.0,1,White,Male,35-44,80.0,Loan originated
1,995000.0,49,1425000.0,339.0,1,White,Female,55-64,70.0,Loan originated
1,825000.0,49,875000.0,158.0,1,White,Male,35-44,93.886,Loan originated
1,665000.0,20%-<30%,885000.0,283.0,1,White,Female,45-54,75.0,Loan originated
1,525000.0,49,585000.0,101.0,1,Hispanic or Latino,Joint,45-54,89.656,Loan originated
1,855000.0,30%-<36%,1075000.0,255.0,1,Asian,Male,25-34,80.0,Loan originated
1,5000.0,20%-<30%,285000.0,148.0,1,Asian,Male,35-44,97.0,Loan originated
1,825000.0,40,1035000.0,446.0,1,Asian,Joint,25-34,80.0,Loan originated
1,535000.0,37,555000.0,142.0,1,Hispanic or Latino,Female,35-44,100.0,Loan originated
1,585000.0,48,725000.0,113.0,1,White,Male,25-34,80.0,Loan originated
1,425000.0,44,625000.0,106.0,1,White,Female,35-44,68.177,Loan originated
1,625000.0,47,695000.0,147.0,1,White,Male,35-44,90.0,Loan originated
1,705000.0,49,1045000.0,336.0,1,Hispanic or Latino,Male,25-34,67.31,Loan originated
1,745000.0,47,925000.0,160.0,1,White,Male,35-44,80.0,Loan originated
1,175000.0,30%-<36%,255000.0,69.0,1,White,Male,45-54,68.627,Loan originated
1,1055000.0,30%-<36%,1485000.0,463.0,1,Asian,Joint,35-44,70.51,Loan originated
1,315000.0,36,385000.0,140.0,1,White,Male,45-54,80.0,Loan originated
1,475000.0,48,725000.0,197.0,1,White,Joint,25-34,65.278,Loan originated
1,725000.0,50%-60%,855000.0,194.0,1,Asian,Joint,25-34,84.991,Application denied
1,515000.0,39,645000.0,127.0,1,Black or African American,Joint,65-74,80.0,Loan originated
1,765000.0,44,1095000.0,212.0,1,Asian,Male,25-34,70.0,Loan originated
1,625000.0,20%-<30%,655000.0,224.0,1,Asian,Male,25-34,95.0,Loan originated
1,905000.0,48,1355000.0,185.0,1,Asian,Female,35-44,67.0,Loan originated
1,475000.0,50%-60%,455000.0,161.0,1,Hispanic or Latino,Male,25-34,105.0,Application denied
1,615000.0,40,815000.0,180.0,1,White,Joint,25-34,75.0,Loan originated
1,725000.0,50%-60%,815000.0,97.0,1,Hispanic or Latino,Male,35-44,89.99,Loan originated
1,415000.0,39,525000.0,138.0,1,Asian,Male,55-64,80.0,Loan originated
1,555000.0,48,605000.0,109.0,1,Hispanic or Latino,Male,35-44,91.667,Loan originated
1,405000.0,44,445000.0,106.0,1,Hispanic or Latino,Joint,25-34,90.0,Loan originated
1,615000.0,42,635000.0,181.0,1,Hispanic or Latino,Joint,35-44,97.0,Loan originated
1,805000.0,<20%,1325000.0,691.0,1,Asian,Joint,55-64,61.54,Loan originated
1,385000.0,47,415000.0,92.0,1,Hispanic or Latino,Male,45-54,93.0,Loan originated
1,965000.0,41,1285000.0,250.0,1,White,Joint,<25,75.0,Loan originated
1,285000.0,48,355000.0,68.0,1,Asian,Female,45-54,80.0,Loan originated
1,405000.0,30%-<36%,505000.0,152.0,1,White,Joint,25-34,80.0,Loan originated
1,695000.0,20%-<30%,875000.0,285.0,1,Asian,Joint,35-44,80.0,Loan originated
1,335000.0,39,335000.0,87.0,1,Hispanic or Latino,Male,65-74,100.0,Loan originated
1,1075000.0,42,1425000.0,279.0,1,Asian,Male,35-44,75.0,Loan originated
1,615000.0,45,775000.0,180.0,1,White,Joint,35-44,80.0,Loan originated
1,665000.0,47,885000.0,140.0,1,Asian,Male,35-44,74.831,Loan originated
1,625000.0,30%-<36%,785000.0,221.0,1,Hispanic or Latino,Joint,25-34,80.0,Loan originated
1,455000.0,38,475000.0,133.0,1,Hispanic or Latino,Female,45-54,95.0,Loan originated
1,1445000.0,38,1805000.0,415.0,1,Asian,Joint,55-64,80.0,Loan originated
1,375000.0,41,675000.0,128.0,1,White,Male,25-34,55.555,Loan originated
1,585000.0,49,655000.0,170.0,1,White,Joint,25-34,90.0,Loan originated
1,765000.0,30%-<36%,1205000.0,237.0,1,Asian,Male,45-54,63.75,Loan originated
1,205000.0,20%-<30%,1565000.0,206.0,1,Asian,Male,25-34,12.759,Loan originated
1,575000.0,48,1025000.0,166.0,1,White,Joint,>74,55.75,Loan originated
1,975000.0,30%-<36%,1155000.0,322.0,1,White,Joint,35-44,85.0,Loan originated
1,195000.0,46,235000.0,49.0,1,Hispanic or Latino,Female,35-44,95.941,Loan originated
1,205000.0,49,225000.0,264.0,1,White,Female,35-44,91.229,Loan originated
1,655000.0,47,745000.0,131.0,1,Asian,Joint,35-44,87.983,Loan originated
1,1275000.0,50%-60%,1555000.0,272.0,1,White,Joint,45-54,85.0,Application denied
1,765000.0,46,955000.0,231.0,1,White,Joint,25-34,80.0,Loan originated
1,915000.0,47,1225000.0,183.0,1,Hispanic or Latino,Female,45-54,75.0,Loan originated
1,355000.0,37,715000.0,99.0,1,White,Female,45-54,48.951,Loan originated
1,385000.0,48,415000.0,96.0,1,Hispanic or Latino,Male,65-74,95.0,Loan originated
1,745000.0,30%-<36%,935000.0,366.0,1,Asian,Joint,25-34,80.0,Loan originated
1,1115000.0,20%-<30%,2205000.0,709.0,1,White,Male,35-44,50.455,Loan originated
1,565000.0,50%-60%,2255000.0,132.0,1,White,Female,45-54,24.649,Application denied
1,565000.0,40,705000.0,152.0,1,Asian,Joint,25-34,80.0,Loan originated
1,245000.0,39,1845000.0,162.0,1,White,Joint,>74,13.508,Loan originated
1,1005000.0,45,1065000.0,275.0,1,White,Male,35-44,95.0,Loan originated
1,465000.0,30%-<36%,625000.0,171.0,1,Asian,Female,45-54,75.0,Loan originated
1,775000.0,<20%,1105000.0,5597.0,1,White,Joint,65-74,70.0,Loan originated
1,265000.0,39,545000.0,81.0,1,Hispanic or Latino,Male,45-54,48.148,Loan originated
1,525000.0,40,665000.0,120.0,1,Asian,Female,35-44,80.0,Loan originated
1,525000.0,>60%,655000.0,91.0,1,Hispanic or Latino,Male,45-54,80.0,Application denied
1,1065000.0,36,1335000.0,375.0,1,Asian,Male,25-34,80.0,Loan originated
1,505000.0,30%-<36%,1025000.0,241.0,1,White,Female,>74,48.7805,Loan originated
1,915000.0,41,1305000.0,404.0,1,Asian,Joint,35-44,70.0,Loan originated
1,345000.0,44,425000.0,94.0,1,Asian,Male,35-44,100.0,Application denied
1,745000.0,50%-60%,935000.0,159.0,1,White,Joint,35-44,79.189,Loan originated
1,765000.0,40,955000.0,181.0,1,Asian,Male,35-44,80.0,Loan originated
1,635000.0,38,905000.0,160.0,1,Hispanic or Latino,Female,<25,70.0,Loan originated
1,585000.0,44,655000.0,217.0,1,Asian,Male,35-44,90.0,Loan originated
1,245000.0,30%-<36%,265000.0,135.0,1,Hispanic or Latino,Male,25-34,95.0,Loan originated
1,205000.0,44,855000.0,68.0,1,Hispanic or Latino,Joint,45-54,23.392,Loan originated
1,1005000.0,49,1255000.0,218.0,1,Asian,Male,35-44,80.0,Loan originated
1,745000.0,<20%,935000.0,475.0,1,White,Joint,35-44,80.0,Loan originated
1,575000.0,39,665000.0,167.0,1,Asian,Joint,35-44,86.525,Loan originated
1,445000.0,30%-<36%,745000.0,216.0,1,Hispanic or Latino,Female,55-64,59.732,Loan originated
1,155000.0,20%-<30%,605000.0,117.0,1,Hispanic or Latino,Male,45-54,25.0,Loan originated
1,705000.0,30%-<36%,875000.0,271.0,1,Hispanic or Latino,Joint,55-64,80.0,Loan originated
1,455000.0,47,605000.0,127.0,1,Hispanic or Latino,Joint,35-44,75.0,Loan originated
1,285000.0,46,475000.0,66.0,1,Hispanic or Latino,Male,55-64,60.63,Loan originated
1,475000.0,38,485000.0,136.0,1,White,Female,45-54,99.558,Loan originated
1,505000.0,37,675000.0,124.0,1,White,Male,25-34,75.0,Loan originated
1,635000.0,37,825000.0,184.0,1,Asian,Joint,25-34,76.68,Loan originated
1,765000.0,43,835000.0,211.0,1,Hispanic or Latino,Joint,45-54,91.796,Loan originated
1,355000.0,42,415000.0,97.0,1,White,Female,25-34,85.0,Application denied
1,665000.0,41,825000.0,269.0,1,White,Male,45-54,80.0,Loan originated
1,475000.0,30%-<36%,535000.0,152.0,1,Hispanic or Latino,Joint,25-34,90.0,Application denied
1,445000.0,47,595000.0,94.0,1,White,Female,65-74,75.0,Loan originated
1,945000.0,<20%,1455000.0,5061.0,1,Asian,Male,35-44,70.0,Loan originated
1,595000.0,39,995000.0,15.0,1,Asian,Female,55-64,60.0,Loan originated
1,625000.0,39,1275000.0,152.0,1,White,Female,65-74,49.02,Loan originated
1,215000.0,44,405000.0,71.0,1,Asian,Male,25-34,67.758,Loan originated
1,495000.0,41,715000.0,221.0,1,White,Joint,65-74,70.0,Loan originated
1,635000.0,40,715000.0,212.0,1,Hispanic or Latino,Male,25-34,90.0,Loan originated
1,495000.0,49,625000.0,98.0,1,Hispanic or Latino,Female,35-44,79.194,Loan originated
1,365000.0,44,435000.0,9.0,1,Hispanic or Latino,Male,45-54,85.0,Loan originated
1,205000.0,>60%,475000.0,0.0,1,White,Male,45-54,42.55,Application denied
1,1105000.0,36,1305000.0,340.0,1,White,Male,35-44,85.0,Loan originated
1,665000.0,48,1045000.0,132.0,1,White,Male,25-34,63.94,Loan originated
1,335000.0,49,515000.0,77.0,1,Hispanic or Latino,Joint,65-74,65.0,Loan originated
1,555000.0,30%-<36%,585000.0,398.0,1,Hispanic or Latino,Male,25-34,95.0,Loan originated
1,265000.0,43,285000.0,65.0,1,Hispanic or Latino,Joint,55-64,95.0,Loan originated
1,585000.0,43,785000.0,145.0,1,White,Male,25-34,74.49,Loan originated
1,705000.0,30%-<36%,875000.0,256.0,1,White,Joint,25-34,80.0,Loan originated
1,335000.0,20%-<30%,905000.0,189.0,1,White,Male,55-64,36.667,Loan originated
1,805000.0,41,855000.0,603.0,1,White,Joint,45-54,95.0,Loan originated
1,475000.0,45,565000.0,122.0,1,Hispanic or Latino,Male,25-34,104.007,Loan originated
1,215000.0,49,285000.0,61.0,1,White,Female,25-34,95.0,Loan originated
1,495000.0,50%-60%,525000.0,269.0,1,Hispanic or Latino,Joint,45-54,95.0,Application denied
1,465000.0,43,575000.0,125.0,1,Hispanic or Latino,Joint,45-54,80.0,Loan originated
1,745000.0,37,935000.0,200.0,1,White,Female,45-54,80.0,Loan originated
1,505000.0,49,925000.0,118.0,1,Asian,Female,45-54,54.083,Loan originated
1,355000.0,40,695000.0,230.0,1,White,Joint,55-64,50.725,Loan originated
1,605000.0,40,805000.0,375.0,1,White,Joint,25-34,75.0,Loan originated
1,1065000.0,30%-<36%,1425000.0,334.0,1,Asian,Joint,35-44,75.0,Loan originated
1,1125000.0,49,1605000.0,227.0,1,Asian,Joint,35-44,70.0,Loan originated
1,1125000.0,<20%,1405000.0,2855.0,1,White,Male,45-54,80.0,Loan originated
1,515000.0,36,645000.0,145.0,1,White,Female,25-34,80.0,Loan originated
1,1095000.0,44,1375000.0,219.0,1,Asian,Joint,35-44,80.0,Loan originated
1,525000.0,30%-<36%,755000.0,217.0,1,White,Male,35-44,70.0,Loan originated
1,305000.0,20%-<30%,305000.0,60.0,1,White,Male,25-34,100.0,Application denied
1,625000.0,30%-<36%,655000.0,283.0,1,Hispanic or Latino,Joint,45-54,95.0,Loan originated
1,415000.0,30%-<36%,515000.0,155.0,1,Hispanic or Latino,Joint,25-34,82.21,Loan originated
1,425000.0,30%-<36%,525000.0,137.0,1,Hispanic or Latino,Male,25-34,80.0,Loan originated
1,1005000.0,44,1635000.0,482.0,1,White,Joint,35-44,61.733,Loan originated
1,805000.0,49,1005000.0,181.0,1,Hispanic or Latino,Joint,55-64,80.0,Loan originated
1,755000.0,42,835000.0,201.0,1,Asian,Female,25-34,89.99,Loan originated
1,535000.0,40,595000.0,179.0,1,Black or African American,Female,25-34,89.83,Loan originated
1,575000.0,30%-<36%,1145000.0,365.0,1,Other,Female,55-64,50.0,Loan originated
1,485000.0,47,515000.0,115.0,1,Hispanic or Latino,Female,25-34,95.0,Loan originated
1,345000.0,49,585000.0,87.0,1,Hispanic or Latino,Male,35-44,60.0,Loan originated
1,465000.0,20%-<30%,615000.0,230.0,1,White,Joint,25-34,75.0,Loan originated
1,465000.0,41,715000.0,103.0,1,Asian,Female,35-44,65.0,Loan originated
1,355000.0,39,655000.0,119.0,1,Black or African American,Joint,>74,54.268,Loan originated
1,615000.0,42,885000.0,194.0,1,White,Joint,25-34,70.0,Loan originated
1,605000.0,48,645000.0,151.0,1,Black or African American,Female,35-44,95.0,Loan originated
1,685000.0,40,865000.0,257.0,1,White,Male,35-44,80.0,Loan originated
1,1145000.0,47,1545000.0,267.0,1,Asian,Joint,25-34,74.61,Loan originated
1,605000.0,49,645000.0,109.0,1,Hispanic or Latino,Male,25-34,94.186,Loan originated
1,535000.0,47,565000.0,153.0,1,Hispanic or Latino,Joint,35-44,96.786,Application denied
1,715000.0,48,835000.0,168.0,1,Hispanic or Latino,Male,45-54,85.0,Loan originated
1,455000.0,30%-<36%,655000.0,144.0,1,White,Male,25-34,69.231,Loan originated
1,545000.0,20%-<30%,685000.0,227.0,1,Asian,Joint,25-34,80.0,Loan originated
1,675000.0,37,895000.0,261.0,1,White,Male,25-34,75.0,Loan originated
1,425000.0,20%-<30%,625000.0,172.0,1,Hispanic or Latino,Joint,25-34,68.0,Loan originated
1,85000.0,37,85000.0,58.0,1,White,Joint,<25,95.0,Application denied
1,205000.0,<20%,855000.0,188.0,1,White,Joint,25-34,23.977,Loan originated
1,765000.0,20%-<30%,955000.0,360.0,1,Asian,Joint,35-44,80.0,Loan originated
1,955000.0,44,1035000.0,360.0,1,White,Male,45-54,91.956,Loan originated
1,315000.0,49,395000.0,61.0,1,Asian,Joint,45-54,100.0,Loan originated
1,365000.0,44,405000.0,89.0,1,Hispanic or Latino,Female,25-34,90.0,Application denied
1,585000.0,38,655000.0,176.0,1,Hispanic or Latino,Male,35-44,90.0,Loan originated
1,635000.0,48,655000.0,118.0,1,Hispanic or Latino,Joint,45-54,99.863,Loan originated
1,725000.0,43,925000.0,304.0,1,Asian,Joint,<25,78.308,Loan originated
1,245000.0,20%-<30%,615000.0,141.0,1,Hispanic or Latino,Male,65-74,40.0,Loan originated
1,285000.0,49,295000.0,56.0,1,Hispanic or Latino,Male,25-34,95.0,Loan originated
1,925000.0,30%-<36%,1235000.0,310.0,1,Asian,Joint,25-34,75.0,Loan originated
1,555000.0,20%-<30%,1655000.0,250.0,1,White,Joint,35-44,33.333,Loan originated
1,735000.0,41,815000.0,224.0,1,White,Joint,25-34,89.919,Loan originated
1,1125000.0,30%-<36%,1405000.0,385.0,1,Asian,Joint,25-34,80.0,Loan originated
1,135000.0,44,145000.0,155.0,1,White,Male,65-74,92.81,Loan originated
1,765000.0,49,855000.0,220.0,1,Hispanic or Latino,Female,65-74,89.99,Loan originated
1,495000.0,40,545000.0,116.0,1,Hispanic or Latino,Joint,45-54,89.908,Loan originated
1,765000.0,42,1605000.0,308.0,1,Asian,Male,35-44,47.909,Loan originated
1,695000.0,48,865000.0,158.0,1,Asian,Female,25-34,80.0,Loan originated
1,105000.0,30%-<36%,655000.0,66.0,1,White,Male,>74,15.385,Loan originated
1,565000.0,48,755000.0,107.0,1,Asian,Male,25-34,95.0,Loan originated
1,705000.0,49,875000.0,157.0,1,Asian,Female,25-34,80.32,Application denied
1,695000.0,49,935000.0,181.0,1,White,Male,<25,74.334,Loan originated
1,305000.0,44,385000.0,69.0,1,White,Male,<25,80.0,Loan originated
1,495000.0,30%-<36%,795000.0,243.0,1,White,Joint,35-44,62.45,Loan originated
1,475000.0,43,1065000.0,193.0,1,Asian,Male,45-54,44.393,Loan originated
1,425000.0,45,465000.0,109.0,1,White,Female,45-54,90.0,Loan originated
1,755000.0,20%-<30%,2305000.0,394.0,1,Asian,Female,25-34,32.61,Application denied
1,435000.0,30%-<36%,545000.0,185.0,1,Hispanic or Latino,Female,65-74,80.0,Loan originated
1,1065000.0,30%-<36%,1325000.0,358.0,1,Asian,Joint,25-34,80.0,Loan originated
1,695000.0,48,865000.0,172.0,1,Hispanic or Latino,Joint,25-34,80.0,Loan originated
1,575000.0,20%-<30%,715000.0,220.0,1,White,Joint,35-44,80.0,Loan originated
1,425000.0,36,755000.0,144.0,1,Hispanic or Latino,Joint,25-34,56.67,Loan originated
1,895000.0,36,1125000.0,293.0,1,Asian,Joint,35-44,80.0,Loan originated
1,435000.0,20%-<30%,625000.0,197.0,1,Asian,Male,<25,70.0,Loan originated
1,805000.0,46,1005000.0,178.0,1,Asian,Joint,45-54,95.0,Loan originated
1,605000.0,<20%,895000.0,350.0,1,White,Male,25-34,67.416,Loan originated
1,725000.0,47,905000.0,246.0,1,White,Joint,25-34,80.0,Loan originated
1,385000.0,30%-<36%,515000.0,125.0,1,White,Female,25-34,75.0,Loan originated
1,965000.0,>60%,1285000.0,136.0,1,Asian,Male,35-44,75.0,Application denied
1,545000.0,42,685000.0,151.0,1,Hispanic or Latino,Joint,35-44,80.0,Loan originated
1,455000.0,47,575000.0,100.0,1,Asian,Female,55-64,79.9,Loan originated
1,145000.0,20%-<30%,185000.0,176.0,1,Asian,Female,35-44,77.77,Loan originated
1,585000.0,38,645000.0,179.0,1,Hispanic or Latino,Male,<25,90.0,Loan originated
1,495000.0,44,995000.0,127.0,1,White,Female,25-34,49.495,Loan originated
1,465000.0,48,495000.0,113.0,1,Hispanic or Latino,Female,55-64,95.0,Loan originated
1,895000.0,41,1105000.0,267.0,1,Asian,Joint,25-34,88.18,Loan originated
1,325000.0,44,465000.0,206.0,1,Black or African American,Female,55-64,70.0,Loan originated
1,925000.0,47,1195000.0,132.0,1,White,Joint,35-44,77.466,Loan originated
1,325000.0,45,405000.0,75.0,1,Hispanic or Latino,Female,55-64,80.0,Loan originated
1,335000.0,47,475000.0,87.0,1,White,Joint,35-44,70.0,Loan originated
1,555000.0,44,625000.0,182.0,1,White,Male,25-34,90.0,Loan originated
1,285000.0,44,325000.0,76.0,1,White,Female,65-74,88.75,Loan originated
1,615000.0,47,655000.0,305.0,1,Hispanic or Latino,Male,25-34,95.0,Loan originated
1,305000.0,43,565000.0,79.0,1,White,Joint,55-64,53.571,Loan originated
1,595000.0,49,745000.0,139.0,1,Hispanic or Latino,Female,65-74,80.0,Loan originated
1,325000.0,49,405000.0,56.0,1,White,Male,35-44,80.0,Loan originated
1,325000.0,30%-<36%,415000.0,112.0,1,White,Female,25-34,79.04,Loan originated
1,585000.0,49,735000.0,108.0,1,Asian,Female,45-54,80.0,Loan originated
1,615000.0,42,655000.0,168.0,1,Asian,Joint,45-54,98.0,Loan originated
1,345000.0,20%-<30%,385000.0,156.0,1,Asian,Male,25-34,90.0,Loan originated
1,385000.0,20%-<30%,635000.0,180.0,1,Asian,Male,55-64,61.659,Loan originated
1,635000.0,30%-<36%,1135000.0,229.0,1,Asian,Male,45-54,56.223,Loan originated
1,355000.0,43,445000.0,74.0,1,Hispanic or Latino,Male,35-44,100.0,Loan originated
1,395000.0,44,495000.0,96.0,1,White,Joint,65-74,80.0,Loan originated
1,415000.0,20%-<30%,965000.0,218.0,1,Hispanic or Latino,Female,45-54,42.488,Loan originated
1,25000.0,46,85000.0,15.0,1,White,Male,45-54,30.0,Loan originated
1,615000.0,49,655000.0,134.0,1,Hispanic or Latino,Joint,45-54,95.0,Loan originated
1,185000.0,45,225000.0,98.0,1,White,Female,35-44,80.0,Loan originated
1,545000.0,38,675000.0,238.0,1,White,Female,55-64,80.0,Loan originated
1,765000.0,<20%,955000.0,592.0,1,Hispanic or Latino,Joint,35-44,80.0,Loan originated
1,995000.0,46,1105000.0,227.0,1,Black or African American,Male,35-44,90.0,Loan originated
1,405000.0,48,625000.0,89.0,1,Asian,Male,25-34,65.0,Loan originated
1,645000.0,39,815000.0,222.0,1,White,Joint,>74,80.0,Loan originated
1,355000.0,42,445000.0,77.0,1,White,Female,25-34,80.0,Loan originated
1,245000.0,47,555000.0,53.0,1,White,Joint,25-34,44.341,Loan originated
1,695000.0,41,925000.0,174.0,1,White,Joint,35-44,75.0,Loan originated
1,415000.0,30%-<36%,795000.0,223.0,1,Hispanic or Latino,Female,35-44,52.579,Loan originated
1,455000.0,36,485000.0,142.0,1,Asian,Female,25-34,95.0,Loan originated
1,705000.0,30%-<36%,935000.0,254.0,1,White,Male,25-34,75.0,Loan originated
1,475000.0,39,595000.0,700.0,1,White,Male,25-34,80.0,Loan originated
1,75000.0,20%-<30%,85000.0,80.0,1,White,Joint,>74,95.0,Loan originated
1,655000.0,43,695000.0,233.0,1,Hispanic or Latino,Male,25-34,95.0,Loan originated
1,765000.0,43,1425000.0,184.0,1,Asian,Joint,35-44,53.722,Loan originated
1,275000.0,48,295000.0,55.0,1,Hispanic or Latino,Female,<25,95.0,Loan originated
1,245000.0,49,305000.0,71.0,1,White,Male,45-54,80.0,Loan originated
1,245000.0,43,255000.0,121.0,1,Hispanic or Latino,Male,45-54,95.0,Loan originated
1,725000.0,41,905000.0,211.0,1,Asian,Joint,25-34,80.62,Loan originated
1,315000.0,44,355000.0,83.0,1,White,Joint,25-34,87.659,Loan originated
1,475000.0,48,595000.0,143.0,1,Hispanic or Latino,Male,45-54,80.0,Loan originated
1,525000.0,44,655000.0,129.0,1,Asian,Joint,25-34,80.0,Loan originated
1,745000.0,44,925000.0,164.0,1,Asian,Joint,55-64,80.0,Loan originated
1,585000.0,49,625000.0,189.0,1,Asian,Male,45-54,95.0,Loan originated
1,285000.0,20%-<30%,355000.0,103.0,1,White,Female,45-54,80.0,Loan originated
1,115000.0,<20%,915000.0,162.0,1,White,Joint,55-64,12.527,Loan originated
1,395000.0,44,415000.0,165.0,1,Hispanic or Latino,Male,25-34,94.999,Loan originated
1,395000.0,42,535000.0,136.0,1,White,Joint,65-74,75.0,Loan originated
1,305000.0,49,505000.0,73.0,1,Hispanic or Latino,Female,35-44,61.7,Loan originated
1,1005000.0,30%-<36%,4015000.0,422.0,1,White,Male,45-54,24.907,Loan originated
1,795000.0,37,835000.0,179.0,1,Hispanic or Latino,Male,45-54,97.994,Loan originated
1,585000.0,43,725000.0,177.0,1,White,Male,25-34,80.0,Loan originated
1,1025000.0,20%-<30%,1275000.0,896.0,1,Hispanic or Latino,Female,35-44,80.0,Loan originated
1,725000.0,30%-<36%,805000.0,230.0,1,White,Female,25-34,90.0,Loan originated
1,1125000.0,38,1325000.0,363.0,1,Asian,Joint,25-34,85.0,Loan originated
1,825000.0,38,1035000.0,363.0,1,White,Male,45-54,80.0,Loan originated
1,475000.0,30%-<36%,585000.0,167.0,1,White,Joint,35-44,80.0,Loan originated
1,365000.0,20%-<30%,385000.0,175.0,1,White,Male,45-54,95.0,Loan originated
1,1075000.0,41,1275000.0,403.0,1,Asian,Joint,35-44,84.304,Loan originated
1,505000.0,20%-<30%,675000.0,19.0,1,Asian,Male,55-64,75.0,Loan originated
1,305000.0,42,655000.0,101.0,1,White,Male,25-34,45.63,Application denied
1,665000.0,43,705000.0,186.0,1,White,Male,35-44,95.0,Loan originated
1,265000.0,46,325000.0,114.0,1,White,Male,65-74,80.0,Loan originated
1,635000.0,49,835000.0,122.0,1,White,Joint,55-64,95.0,Loan originated
1,435000.0,20%-<30%,485000.0,145.0,1,Asian,Joint,35-44,90.0,Loan originated
1,635000.0,39,935000.0,212.0,1,White,Male,25-34,68.085,Loan originated
1,665000.0,30%-<36%,955000.0,217.0,1,White,Female,55-64,70.0,Application denied
1,405000.0,45,795000.0,92.0,1,White,Male,25-34,51.0,Loan originated
1,545000.0,44,685000.0,139.0,1,White,Joint,<25,80.0,Loan originated
1,525000.0,39,855000.0,182.0,1,White,Joint,35-44,61.765,Loan originated
1,565000.0,30%-<36%,705000.0,204.0,1,Asian,Male,45-54,79.99,Loan originated
1,185000.0,48,235000.0,144.0,1,White,Joint,35-44,80.0,Loan originated
1,985000.0,>60%,1845000.0,138.0,1,White,Male,35-44,64.62,Loan originated
1,725000.0,49,815000.0,134.0,1,Hispanic or Latino,Female,35-44,89.0,Loan originated
1,945000.0,30%-<36%,1185000.0,284.0,1,Asian,Female,25-34,80.0,Loan originated
1,545000.0,45,745000.0,119.0,1,Hispanic or Latino,Male,<25,73.154,Loan originated
1,655000.0,38,815000.0,180.0,1,White,Female,25-34,80.0,Loan originated
1,1145000.0,30%-<36%,1605000.0,390.0,1,Asian,Joint,25-34,72.0,Loan originated
1,375000.0,48,425000.0,85.0,1,Asian,Joint,55-64,88.236,Loan originated
1,685000.0,38,855000.0,500.0,1,White,Male,25-34,80.0,Loan originated
1,825000.0,48,1105000.0,181.0,1,Asian,Male,35-44,74.626,Loan originated
1,445000.0,47,555000.0,103.0,1,Asian,Male,25-34,80.0,Loan originated
1,585000.0,20%-<30%,1065000.0,238.0,1,White,Joint,35-44,55.189,Loan originated
1,675000.0,47,715000.0,155.0,1,Asian,Joint,55-64,95.0,Loan originated
1,1015000.0,38,1355000.0,383.0,1,Asian,Joint,55-64,75.0,Loan originated
1,475000.0,43,505000.0,120.0,1,Asian,Male,25-34,95.0,Loan originated
1,755000.0,30%-<36%,1045000.0,250.0,1,White,Joint,45-54,72.596,Loan originated
1,365000.0,20%-<30%,525000.0,157.0,1,Hispanic or Latino,Joint,35-44,68.053,Loan originated
1,805000.0,30%-<36%,905000.0,248.0,1,Asian,Male,35-44,90.0,Loan originated
1,455000.0,30%-<36%,575000.0,124.0,1,Asian,Joint,35-44,80.0,Loan originated
1,395000.0,49,495000.0,81.0,1,White,Female,35-44,80.0,Loan originated
1,335000.0,45,355000.0,83.0,1,Hispanic or Latino,Female,35-44,97.0,Loan originated
1,545000.0,48,675000.0,200.0,1,Black or African American,Female,55-64,80.0,Loan originated
1,755000.0,20%-<30%,795000.0,392.0,1,Asian,Joint,25-34,95.0,Loan originated
1,195000.0,20%-<30%,205000.0,80.0,1,Hispanic or Latino,Male,45-54,95.0,Loan originated
1,345000.0,40,395000.0,97.0,1,Hispanic or Latino,Male,25-34,88.333,Loan originated
1,505000.0,49,995000.0,108.0,1,Black or African American,Female,35-44,50.1,Application denied
1,305000.0,36,355000.0,134.0,1,Black or African American,Male,55-64,90.09,Loan originated
1,475000.0,30%-<36%,595000.0,138.0,1,Hispanic or Latino,Joint,25-34,80.0,Loan originated
1,435000.0,36,545000.0,144.0,1,Hispanic or Latino,Male,45-54,80.0,Loan originated
1,955000.0,>60%,1195000.0,193.0,1,Asian,Male,35-44,80.0,Application denied
1,395000.0,46,645000.0,129.0,1,White,Male,35-44,60.47,Loan originated
1,185000.0,20%-<30%,695000.0,150.0,1,Asian,Joint,65-74,25.72,Loan originated
1,85000.0,30%-<36%,85000.0,67.0,1,Other,Male,25-34,90.0,Application denied
1,495000.0,30%-<36%,535000.0,177.0,1,Asian,Male,35-44,94.0,Loan originated
1,605000.0,20%-<30%,955000.0,275.0,1,White,Male,35-44,63.235,Loan originated
1,505000.0,30%-<36%,1605000.0,216.0,1,White,Joint,25-34,32.0,Loan originated
1,395000.0,44,425000.0,115.0,1,Hispanic or Latino,Female,35-44,95.0,Loan originated
1,495000.0,49,1205000.0,131.0,1,Asian,Female,45-54,42.0,Loan originated
1,315000.0,40,365000.0,79.0,1,White,Joint,<25,87.0,Application denied
1,475000.0,45,855000.0,146.0,1,White,Female,>74,56.0,Loan originated
1,1085000.0,20%-<30%,1355000.0,491.0,1,White,Male,35-44,80.0,Loan originated
1,585000.0,48,725000.0,167.0,1,White,Female,25-34,80.0,Loan originated
1,155000.0,46,195000.0,57.0,1,White,Female,25-34,80.0,Loan originated
1,725000.0,42,905000.0,223.0,1,White,Joint,45-54,80.0,Loan originated
1,765000.0,30%-<36%,855000.0,464.0,1,White,Joint,35-44,90.0,Loan originated
1,375000.0,49,865000.0,94.0,1,Asian,Joint,25-34,42.578,Loan originated
1,705000.0,48,745000.0,134.0,1,Hispanic or Latino,Male,45-54,95.0,Loan originated
1,265000.0,20%-<30%,645000.0,137.0,1,White,Joint,25-34,40.31,Loan originated
1,165000.0,38,185000.0,91.0,1,Hispanic or Latino,Female,45-54,92.0,Loan originated
1,165000.0,46,545000.0,60.0,1,White,Joint,65-74,30.0,Loan originated
1,585000.0,49,645000.0,127.0,1,Asian,Joint,25-34,91.0,Loan originated
1,465000.0,46,815000.0,116.0,1,White,Male,35-44,56.235,Loan originated
1,715000.0,43,1025000.0,185.0,1,Asian,Female,35-44,70.0,Loan originated
1,355000.0,44,515000.0,226.0,1,White,Joint,65-74,67.829,Loan originated
1,435000.0,41,595000.0,109.0,1,Hispanic or Latino,Joint,45-54,73.729,Loan originated
1,665000.0,45,895000.0,138.0,1,Asian,Male,35-44,75.0,Loan originated
1,155000.0,50%-60%,155000.0,89.0,1,Black or African American,Joint,65-74,95.0,Application denied
1,765000.0,37,805000.0,220.0,1,White,Male,35-44,95.0,Loan originated
1,565000.0,49,715000.0,118.0,1,Asian,Joint,25-34,78.873,Loan originated
1,955000.0,46,1305000.0,193.0,1,White,Joint,35-44,73.77,Loan originated
1,375000.0,30%-<36%,475000.0,637.0,1,White,Joint,<25,78.98,Loan originated
1,395000.0,38,515000.0,124.0,1,Hispanic or Latino,Joint,25-34,76.303,Loan originated
1,455000.0,30%-<36%,1235000.0,141.0,1,Asian,Joint,45-54,36.437,Loan originated
1,565000.0,20%-<30%,705000.0,221.0,1,Asian,Male,25-34,79.99,Loan originated
1,65000.0,39,85000.0,70.0,1,White,Female,65-74,81.83,Application denied
1,995000.0,20%-<30%,1665000.0,400.0,1,Asian,Joint,25-34,60.0,Loan originated
1,555000.0,38,745000.0,140.0,1,Asian,Joint,25-34,75.0,Loan originated
1,555000.0,49,955000.0,126.0,1,Asian,Male,35-44,57.89,Loan originated
1,665000.0,39,735000.0,182.0,1,Black or African American,Male,55-64,89.99,Loan originated
1,705000.0,41,1205000.0,239.0,1,White,Female,55-64,58.333,Loan originated
1,75000.0,20%-<30%,575000.0,56.0,1,Hispanic or Latino,Female,65-74,13.158,Loan originated
1,635000.0,40,795000.0,217.0,1,Asian,Joint,45-54,80.0,Loan originated
1,445000.0,43,525000.0,163.0,1,Hispanic or Latino,Male,55-64,85.58,Loan originated
1,485000.0,20%-<30%,615000.0,162.0,1,Asian,Male,25-34,80.0,Loan originated
1,395000.0,49,495000.0,94.0,1,Hispanic or Latino,Male,35-44,80.0,Loan originated
1,125000.0,42,325000.0,86.0,1,White,Female,55-64,38.706,Loan originated
1,655000.0,41,695000.0,221.0,1,White,Joint,25-34,95.0,Loan originated
1,435000.0,30%-<36%,545000.0,319.0,1,White,Joint,45-54,80.0,Loan originated
1,175000.0,42,195000.0,81.0,1,Hispanic or Latino,Joint,45-54,90.0,Loan originated
1,805000.0,30%-<36%,1125000.0,499.0,1,White,Joint,55-64,71.112,Loan originated
1,425000.0,44,455000.0,130.0,1,Hispanic or Latino,Female,35-44,95.0,Loan originated
1,885000.0,48,1105000.0,182.0,1,White,Male,25-34,80.0,Loan originated
1,685000.0,39,725000.0,215.0,1,White,Joint,25-34,95.0,Loan originated
1,265000.0,44,465000.0,64.0,1,White,Joint,35-44,56.989,Loan originated
1,495000.0,42,745000.0,143.0,1,White,Male,25-34,66.45,Loan originated
1,1145000.0,30%-<36%,1455000.0,495.0,1,Asian,Joint,25-34,79.0,Loan originated
1,405000.0,30%-<36%,445000.0,99.0,1,Hispanic or Latino,Male,25-34,90.0,Loan originated
1,465000.0,>60%,545000.0,64.0,1,White,Male,45-54,85.33,Application denied
1,265000.0,36,285000.0,112.0,1,Hispanic or Latino,Joint,55-64,93.0,Loan originated
1,275000.0,42,545000.0,89.0,1,Asian,Female,25-34,71.857,Loan originated
1,375000.0,41,395000.0,158.0,1,Hispanic or Latino,Joint,45-54,95.0,Loan originated
1,305000.0,38,325000.0,98.0,1,Hispanic or Latino,Male,35-44,95.0,Loan originated
1,455000.0,47,1055000.0,121.0,1,White,Female,55-64,42.857,Loan originated
1,1085000.0,39,1365000.0,335.0,1,Asian,Joint,25-34,80.0,Loan originated
1,465000.0,46,625000.0,99.0,1,Asian,Female,35-44,95.0,Loan originated
1,655000.0,48,695000.0,154.0,1,Asian,Joint,45-54,95.0,Loan originated
1,1045000.0,<20%,1605000.0,700.0,1,White,Joint,25-34,65.0,Loan originated
1,475000.0,<20%,675000.0,346.0,1,Asian,Male,35-44,70.428,Loan originated
1,455000.0,48,925000.0,190.0,1,White,Male,65-74,48.65,Application denied
1,605000.0,45,1285000.0,140.0,1,White,Female,25-34,46.875,Loan originated
1,1005000.0,42,1495000.0,254.0,1,Asian,Male,25-34,67.114,Loan originated
1,165000.0,38,295000.0,64.0,1,Hispanic or Latino,Female,25-34,96.95,Loan originated
1,525000.0,43,655000.0,227.0,1,Asian,Male,25-34,80.0,Loan originated
1,705000.0,41,785000.0,202.0,1,Hispanic or Latino,Male,65-74,90.0,Application denied
1,1145000.0,48,2135000.0,255.0,1,Asian,Joint,45-54,53.82,Loan originated
1,475000.0,30%-<36%,555000.0,180.0,1,White,Female,55-64,85.676,Loan originated
1,605000.0,37,645000.0,201.0,1,Hispanic or Latino,Joint,35-44,95.0,Loan originated
1,385000.0,43,485000.0,86.0,1,Hispanic or Latino,Male,55-64,79.523,Loan originated
1,225000.0,<20%,435000.0,156.0,1,White,Female,55-64,50.691,Loan originated
1,415000.0,49,605000.0,88.0,1,Asian,Female,45-54,70.01,Loan originated
1,355000.0,20%-<30%,445000.0,157.0,1,White,Male,55-64,80.0,Loan originated
1,925000.0,50%-60%,975000.0,180.0,1,Hispanic or Latino,Joint,45-54,95.0,Loan originated
1,155000.0,<20%,365000.0,392.0,1,Hispanic or Latino,Female,35-44,41.118,Application denied
1,425000.0,43,525000.0,93.0,1,Asian,Female,25-34,80.0,Loan originated
1,465000.0,30%-<36%,575000.0,139.0,1,Asian,Female,35-44,80.0,Loan originated
1,655000.0,30%-<36%,935000.0,225.0,1,White,Male,45-54,70.0,Loan originated
1,565000.0,41,705000.0,164.0,1,White,Joint,55-64,80.0,Loan originated
1,825000.0,45,1035000.0,388.0,1,White,Joint,45-54,80.0,Loan originated
1,855000.0,50%-60%,1225000.0,246.0,1,Asian,Male,35-44,70.0,Loan originated
1,565000.0,40,1105000.0,165.0,1,White,Male,45-54,50.723,Loan originated
1,425000.0,43,475000.0,125.0,1,Hispanic or Latino,Female,25-34,90.0,Loan originated
1,465000.0,36,575000.0,164.0,1,White,Joint,25-34,80.0,Application denied
1,335000.0,41,355000.0,78.0,1,Hispanic or Latino,Male,25-34,95.0,Loan originated
1,275000.0,37,395000.0,94.0,1,White,Female,55-64,70.775,Loan originated
1,725000.0,20%-<30%,1295000.0,338.0,1,Hispanic or Latino,Joint,35-44,55.985,Loan originated
1,275000.0,20%-<30%,475000.0,188.0,1,Hispanic or Latino,Male,55-64,58.0,Loan originated
1,205000.0,30%-<36%,815000.0,106.0,1,White,Joint,55-64,24.606,Loan originated
1,575000.0,30%-<36%,1275000.0,320.0,1,Asian,Male,45-54,44.882,Loan originated
1,575000.0,48,775000.0,120.0,1,Hispanic or Latino,Male,35-44,73.548,Loan originated
1,655000.0,30%-<36%,825000.0,210.0,1,White,Male,45-54,80.0,Loan originated
1,405000.0,20%-<30%,1055000.0,526.0,1,White,Male,35-44,39.0,Loan originated
1,1045000.0,30%-<36%,1305000.0,405.0,1,White,Joint,45-54,80.0,Loan originated
1,625000.0,44,645000.0,150.0,1,Hispanic or Latino,Female,25-34,97.0,Loan originated
1,755000.0,37,1095000.0,204.0,1,Other,Joint,45-54,68.807,Loan originated
1,915000.0,48,1225000.0,229.0,1,Asian,Joint,25-34,75.0,Loan originated
1,455000.0,<20%,1105000.0,364.0,1,White,Joint,65-74,40.909,Loan originated
1,745000.0,40,1095000.0,249.0,1,Hispanic or Latino,Male,35-44,68.179,Loan originated
1,525000.0,46,655000.0,236.0,1,White,Male,55-64,80.0,Loan originated
1,1005000.0,46,1605000.0,250.0,1,White,Joint,25-34,62.775,Loan originated
1,155000.0,44,405000.0,63.0,1,White,Female,65-74,38.119,Loan originated
1,735000.0,46,815000.0,239.0,1,White,Male,35-44,90.0,Loan originated
1,415000.0,48,535000.0,74.0,1,Asian,Male,25-34,77.024,Loan originated
1,375000.0,37,425000.0,101.0,1,White,Joint,35-44,89.14,Loan originated
1,195000.0,37,205000.0,54.0,1,White,Male,25-34,95.0,Loan originated
1,415000.0,38,1815000.0,182.0,1,Asian,Male,25-34,22.652,Loan originated
1,465000.0,43,935000.0,279.0,1,Asian,Male,45-54,49.843,Loan originated
1,435000.0,20%-<30%,755000.0,240.0,1,Hispanic or Latino,Female,45-54,58.223,Loan originated
1,1005000.0,20%-<30%,1575000.0,928.0,1,White,Joint,55-64,63.492,Loan originated
1,685000.0,30%-<36%,855000.0,215.0,1,White,Male,35-44,80.0,Loan originated
1,635000.0,49,655000.0,161.0,1,Hispanic or Latino,Joint,35-44,96.947,Loan originated
1,935000.0,<20%,1105000.0,1161.0,1,White,Male,55-64,85.0,Loan originated
1,305000.0,43,405000.0,95.0,1,Hispanic or Latino,Female,25-34,95.0,Loan originated
1,1105000.0,49,2855000.0,292.0,1,Asian,Female,45-54,39.0,Loan originated
1,235000.0,50%-60%,295000.0,106.0,1,Hispanic or Latino,Female,55-64,80.0,Application denied
1,125000.0,36,155000.0,48.0,1,Hispanic or Latino,Joint,35-44,80.0,Loan originated
1,475000.0,47,505000.0,109.0,1,Hispanic or Latino,Male,45-54,95.0,Loan originated
1,485000.0,30%-<36%,605000.0,168.0,1,Asian,Female,25-34,79.989,Loan originated
1,635000.0,39,755000.0,248.0,1,Hispanic or Latino,Male,25-34,85.0,Loan originated
1,475000.0,20%-<30%,675000.0,158.0,1,White,Female,25-34,70.0,Loan originated
1,635000.0,42,795000.0,156.0,1,Hispanic or Latino,Male,35-44,80.0,Loan originated
1,155000.0,20%-<30%,165000.0,147.0,1,Hispanic or Latino,Joint,25-34,90.0,Loan originated
1,625000.0,44,655000.0,340.0,1,Black or African American,Joint,45-54,95.0,Loan originated
1,115000.0,20%-<30%,125000.0,79.0,1,White,Joint,55-64,93.93,Application denied
1,655000.0,30%-<36%,875000.0,200.0,1,White,Female,45-54,74.286,Loan originated
1,455000.0,30%-<36%,615000.0,156.0,1,Asian,Female,25-34,75.0,Loan originated
1,445000.0,46,745000.0,335.0,1,White,Female,35-44,60.0,Loan originated
1,315000.0,41,625000.0,105.0,1,Asian,Female,45-54,102.0,Loan originated
1,255000.0,44,305000.0,129.0,1,White,Joint,65-74,85.099,Loan originated
1,865000.0,44,1085000.0,432.0,1,White,Male,65-74,80.0,Loan originated
1,405000.0,45,505000.0,108.0,1,Asian,Male,<25,80.0,Loan originated
1,1085000.0,30%-<36%,1355000.0,377.0,1,White,Joint,25-34,80.0,Loan originated
1,395000.0,20%-<30%,425000.0,221.0,1,Hispanic or Latino,Joint,25-34,95.0,Loan originated
1,355000.0,37,445000.0,93.0,1,White,Female,45-54,80.0,Loan originated
1,855000.0,30%-<36%,1175000.0,426.0,1,Asian,Male,35-44,72.649,Loan originated
1,305000.0,48,385000.0,70.0,1,Hispanic or Latino,Joint,35-44,80.0,Loan originated
1,435000.0,41,515000.0,121.0,1,White,Joint,35-44,84.84,Loan originated
1,665000.0,49,705000.0,161.0,1,White,Female,45-54,95.0,Loan originated
1,535000.0,36,595000.0,500.0,1,White,Male,35-44,90.0,Loan originated
1,795000.0,43,845000.0,176.0,1,White,Female,35-44,95.0,Loan originated
1,425000.0,37,435000.0,118.0,1,Hispanic or Latino,Joint,35-44,97.0,Loan originated
1,515000.0,48,645000.0,222.0,1,White,Female,<25,80.0,Loan originated
1,285000.0,44,785000.0,193.0,1,White,Male,65-74,36.629,Loan originated
1,425000.0,46,985000.0,127.0,1,Asian,Joint,35-44,94.68,Loan originated
1,955000.0,49,1025000.0,209.0,1,White,Male,35-44,93.137,Loan originated
1,655000.0,20%-<30%,2055000.0,376.0,1,White,Female,45-54,32.0,Loan originated
1,1025000.0,44,1275000.0,297.0,1,White,Female,35-44,80.0,Loan originated
1,365000.0,20%-<30%,555000.0,156.0,1,White,Female,65-74,64.865,Loan originated
1,645000.0,38,815000.0,206.0,1,Asian,Female,25-34,80.0,Loan originated
1,745000.0,47,875000.0,204.0,1,White,Male,25-34,85.0,Loan originated
1,515000.0,45,645000.0,207.0,1,Asian,Male,65-74,80.0,Loan originated
1,515000.0,49,705000.0,124.0,1,White,Female,35-44,72.858,Loan originated
1,935000.0,41,1165000.0,381.0,1,White,Joint,35-44,80.0,Loan originated
1,805000.0,46,965000.0,383.0,1,Asian,Male,35-44,83.212,Loan originated
1,285000.0,47,685000.0,78.0,1,White,Female,45-54,43.0,Loan originated
1,505000.0,42,535000.0,132.0,1,White,Joint,25-34,95.0,Loan originated
1,645000.0,>60%,995000.0,147.0,1,Asian,Male,25-34,65.068,Application denied
1,545000.0,30%-<36%,845000.0,186.0,1,Asian,Male,55-64,64.286,Loan originated
1,635000.0,49,705000.0,182.0,1,Hispanic or Latino,Joint,45-54,91.29,Loan originated
1,575000.0,20%-<30%,715000.0,196.0,1,White,Joint,25-34,80.0,Loan originated
1,575000.0,49,835000.0,121.0,1,White,Joint,45-54,69.0,Loan originated
1,385000.0,49,485000.0,90.0,1,Hispanic or Latino,Male,55-64,80.0,Loan originated
1,405000.0,49,1405000.0,132.0,1,White,Male,65-74,28.571,Loan originated
1,525000.0,36,615000.0,218.0,1,White,Female,<25,85.0,Loan originated
1,805000.0,43,3855000.0,330.0,1,White,Male,65-74,20.742,Loan originated
1,425000.0,36,775000.0,122.0,1,Hispanic or Latino,Joint,35-44,54.55,Loan originated
1,305000.0,40,1575000.0,131.0,1,Asian,Female,25-34,19.05,Loan originated
1,625000.0,48,895000.0,175.0,1,Hispanic or Latino,Female,45-54,70.0,Loan originated
1,365000.0,30%-<36%,385000.0,108.0,1,Asian,Male,25-34,93.51,Loan originated
1,275000.0,30%-<36%,305000.0,91.0,1,White,Female,55-64,90.0,Loan originated
1,255000.0,45,455000.0,213.0,1,White,Male,55-64,56.508,Application denied
1,335000.0,49,425000.0,97.0,1,Hispanic or Latino,Male,55-64,80.0,Loan originated
1,305000.0,42,375000.0,94.0,1,Hispanic or Latino,Joint,35-44,80.0,Loan originated
1,625000.0,20%-<30%,835000.0,280.0,1,Asian,Joint,25-34,75.0,Loan originated
1,375000.0,50%-60%,415000.0,68.0,1,Hispanic or Latino,Joint,45-54,90.0,Loan originated
1,705000.0,30%-<36%,785000.0,192.0,1,White,Joint,65-74,90.0,Application denied
1,455000.0,49,775000.0,96.0,1,White,Female,25-34,59.02,Loan originated
1,275000.0,20%-<30%,875000.0,160.0,1,White,Joint,45-54,31.429,Loan originated
1,635000.0,41,795000.0,154.0,1,White,Female,45-54,80.0,Loan originated
1,1005000.0,30%-<36%,1465000.0,533.0,1,Hispanic or Latino,Male,45-54,90.0,Loan originated
1,485000.0,43,505000.0,108.0,1,Asian,Male,35-44,97.0,Loan originated
1,235000.0,38,265000.0,69.0,1,Hispanic or Latino,Joint,25-34,94.717,Application denied
1,915000.0,41,1145000.0,283.0,1,Hispanic or Latino,Male,45-54,80.0,Loan originated
1,405000.0,30%-<36%,805000.0,119.0,1,White,Joint,35-44,50.0,Loan originated
1,735000.0,40,975000.0,225.0,1,Asian,Male,25-34,75.0,Loan originated
1,535000.0,49,675000.0,121.0,1,Hispanic or Latino,Joint,25-34,80.0,Loan originated
1,555000.0,40,1305000.0,160.0,1,Asian,Male,35-44,43.0,Loan originated
1,1055000.0,50%-60%,1805000.0,303.0,1,White,Joint,45-54,58.333,Loan originated
1,185000.0,42,505000.0,57.0,1,White,Male,35-44,36.039,Loan originated
1,415000.0,20%-<30%,865000.0,248.0,1,White,Male,35-44,48.157,Loan originated
1,475000.0,42,535000.0,130.0,1,Hispanic or Latino,Male,55-64,89.327,Loan originated
1,555000.0,49,825000.0,142.0,1,Asian,Joint,65-74,66.667,Loan originated
1,635000.0,45,835000.0,166.0,1,Asian,Joint,65-74,76.048,Loan originated
1,485000.0,48,605000.0,115.0,1,Hispanic or Latino,Female,35-44,80.0,Loan originated
1,525000.0,38,665000.0,194.0,1,Hispanic or Latino,Joint,35-44,80.0,Loan originated
1,1055000.0,41,1315000.0,314.0,1,White,Joint,25-34,80.0,Loan originated
1,355000.0,30%-<36%,445000.0,125.0,1,White,Female,35-44,80.0,Loan originated
1,765000.0,20%-<30%,1035000.0,442.0,1,Asian,Male,35-44,74.422,Loan originated
1,365000.0,30%-<36%,605000.0,117.0,1,Black or African American,Female,35-44,61.0,Loan originated
1,895000.0,47,1055000.0,211.0,1,Asian,Joint,35-44,85.0,Loan originated
1,865000.0,20%-<30%,1155000.0,1275.0,1,Asian,Male,35-44,75.0,Loan originated
1,55000.0,20%-<30%,125000.0,103.0,1,Hispanic or Latino,Joint,55-64,39.75,Loan originated
1,545000.0,40,705000.0,133.0,1,White,Joint,55-64,77.106,Loan originated
1,735000.0,47,915000.0,211.0,1,Asian,Joint,55-64,80.0,Loan originated
1,405000.0,41,455000.0,105.0,1,White,Joint,25-34,88.89,Loan originated
1,575000.0,37,775000.0,222.0,1,Hispanic or Latino,Joint,25-34,74.03,Application denied
1,605000.0,20%-<30%,1135000.0,430.0,1,White,Male,35-44,53.139,Loan originated
1,895000.0,48,1045000.0,243.0,1,Asian,Male,25-34,85.0,Loan originated
1,795000.0,48,1195000.0,228.0,1,Asian,Male,55-64,66.054,Loan originated
1,1055000.0,20%-<30%,3055000.0,452.0,1,Asian,Male,45-54,34.534,Loan originated
1,1005000.0,42,1505000.0,286.0,1,White,Joint,25-34,67.07,Loan originated
1,305000.0,46,475000.0,98.0,1,White,Joint,>74,63.158,Loan originated
1,905000.0,43,1125000.0,228.0,1,Hispanic or Latino,Male,25-34,80.0,Loan originated
1,515000.0,45,545000.0,120.0,1,Hispanic or Latino,Male,35-44,95.0,Loan originated
1,615000.0,47,645000.0,208.0,1,White,Joint,25-34,95.0,Loan originated
1,555000.0,43,765000.0,130.0,1,Asian,Male,35-44,72.549,Loan originated
1,685000.0,49,765000.0,175.0,1,Asian,Male,25-34,89.99,Loan originated
1,795000.0,46,935000.0,177.0,1,Asian,Male,35-44,85.0,Loan originated
1,395000.0,20%-<30%,695000.0,138.0,1,Hispanic or Latino,Male,65-74,56.958,Loan originated
1,705000.0,44,885000.0,243.0,1,Asian,Joint,25-34,79.09,Loan originated
1,495000.0,49,1005000.0,135.0,1,Asian,Male,25-34,49.47,Loan originated
1,765000.0,43,955000.0,210.0,1,White,Male,25-34,80.0,Loan originated
1,305000.0,45,385000.0,92.0,1,White,Female,65-74,80.0,Loan originated
1,1025000.0,47,1285000.0,238.0,1,Asian,Joint,55-64,80.0,Loan originated
1,235000.0,50%-60%,245000.0,68.0,1,Hispanic or Latino,Joint,35-44,97.0,Application denied
1,925000.0,49,1165000.0,198.0,1,White,Female,55-64,80.0,Loan originated
1,475000.0,30%-<36%,595000.0,186.0,1,Asian,Male,25-34,80.0,Loan originated
1,455000.0,45,495000.0,109.0,1,Hispanic or Latino,Male,35-44,91.837,Loan originated
1,235000.0,37,505000.0,117.0,1,Hispanic or Latino,Male,55-64,47.129,Loan originated
1,525000.0,37,655000.0,207.0,1,White,Joint,55-64,80.0,Loan originated
1,405000.0,42,435000.0,138.0,1,Hispanic or Latino,Joint,25-34,95.0,Application denied
1,765000.0,41,825000.0,227.0,1,Hispanic or Latino,Joint,25-34,93.0,Loan originated
1,385000.0,38,675000.0,110.0,1,White,Joint,>74,56.877,Loan originated
1,725000.0,39,805000.0,183.0,1,White,Male,25-34,90.0,Loan originated
1,415000.0,43,525000.0,162.0,1,Asian,Joint,55-64,80.0,Loan originated
1,1075000.0,30%-<36%,1345000.0,301.0,1,Asian,Joint,25-34,79.99,Loan originated
1,405000.0,30%-<36%,525000.0,138.0,1,Black or African American,Female,35-44,77.59,Loan originated
1,715000.0,20%-<30%,795000.0,310.0,1,Black or African American,Female,35-44,90.0,Loan originated
1,925000.0,36,1155000.0,243.0,1,Hispanic or Latino,Male,35-44,80.0,Loan originated
1,865000.0,49,905000.0,167.0,1,Asian,Female,25-34,95.0,Loan originated
1,995000.0,44,1245000.0,217.0,1,White,Joint,35-44,79.974,Loan originated
1,575000.0,46,605000.0,143.0,1,White,Male,25-34,95.0,Loan originated
1,455000.0,49,735000.0,158.0,1,Hispanic or Latino,Male,55-64,61.9,Loan originated
1,915000.0,20%-<30%,965000.0,365.0,1,White,Joint,25-34,95.0,Loan originated
1,725000.0,43,1005000.0,179.0,1,White,Joint,35-44,97.0,Loan originated
1,315000.0,37,395000.0,101.0,1,Hispanic or Latino,Joint,25-34,80.0,Loan originated
1,435000.0,30%-<36%,455000.0,138.0,1,White,Female,25-34,95.0,Loan originated
1,295000.0,<20%,395000.0,202.0,1,White,Male,25-34,74.684,Loan originated
1,385000.0,45,485000.0,85.0,1,Asian,Male,35-44,80.0,Loan originated
1,225000.0,48,625000.0,88.0,1,White,Female,55-64,36.407,Application denied
1,765000.0,47,1485000.0,166.0,1,Asian,Male,25-34,51.794,Loan originated
1,275000.0,49,775000.0,77.0,1,White,Female,>74,36.0,Loan originated
1,905000.0,42,1135000.0,256.0,1,Asian,Joint,35-44,80.0,Loan originated
1,625000.0,43,785000.0,147.0,1,Asian,Female,25-34,80.0,Loan originated
1,405000.0,30%-<36%,765000.0,225.0,1,Asian,Male,35-44,52.63,Loan originated
1,275000.0,47,285000.0,85.0,1,Black or African American,Female,25-34,97.0,Loan originated
1,575000.0,30%-<36%,1115000.0,272.0,1,White,Joint,55-64,51.755,Loan originated
1,1025000.0,49,1195000.0,210.0,1,White,Joint,35-44,86.0,Loan originated
1,505000.0,48,805000.0,119.0,1,Hispanic or Latino,Female,<25,62.5,Loan originated
1,325000.0,43,335000.0,80.0,1,Hispanic or Latino,Joint,25-34,95.0,Loan originated
1,545000.0,30%-<36%,685000.0,178.0,1,White,Joint,45-54,80.0,Loan originated
1,765000.0,30%-<36%,965000.0,209.0,1,White,Female,25-34,79.043,Loan originated
1,165000.0,49,515000.0,64.0,1,Hispanic or Latino,Female,>74,32.157,Loan originated
1,205000.0,20%-<30%,215000.0,98.0,1,Hispanic or Latino,Female,25-34,97.0,Loan originated
1,1075000.0,30%-<36%,1335000.0,347.0,1,Asian,Joint,25-34,80.0,Loan originated
1,735000.0,20%-<30%,925000.0,485.0,1,White,Male,35-44,80.0,Loan originated
1,715000.0,37,955000.0,206.0,1,White,Joint,55-64,75.0,Loan originated
1,505000.0,20%-<30%,625000.0,195.0,1,Asian,Joint,25-34,80.0,Loan originated
1,205000.0,20%-<30%,305000.0,95.0,1,Hispanic or Latino,Female,35-44,66.667,Loan originated
1,285000.0,20%-<30%,355000.0,122.0,1,Asian,Female,25-34,80.0,Loan originated
1,245000.0,30%-<36%,275000.0,97.0,1,White,Male,<25,87.774,Loan originated
1,955000.0,42,1355000.0,271.0,1,Asian,Male,35-44,70.37,Loan originated
1,815000.0,42,845000.0,250.0,1,Asian,Male,35-44,96.56,Application denied
1,235000.0,30%-<36%,425000.0,93.0,1,White,Female,45-54,55.29,Loan originated
1,265000.0,48,325000.0,152.0,1,White,Male,25-34,80.0,Loan originated
1,145000.0,<20%,175000.0,77.0,1,Asian,Male,25-34,80.0,Loan originated
1,395000.0,45,525000.0,95.0,1,White,Female,25-34,75.0,Application denied
1,575000.0,47,605000.0,155.0,1,Asian,Female,25-34,95.0,Loan originated
1,225000.0,30%-<36%,325000.0,202.0,1,Asian,Joint,35-44,68.75,Loan originated
1,345000.0,50%-60%,975000.0,105.0,1,Asian,Female,35-44,35.05,Loan originated
1,655000.0,20%-<30%,1755000.0,424.0,1,Asian,Joint,35-44,37.143,Loan originated
1,715000.0,30%-<36%,895000.0,278.0,1,Asian,Male,35-44,80.0,Loan originated
1,1045000.0,30%-<36%,1095000.0,405.0,1,White,Female,35-44,95.0,Loan originated
1,215000.0,39,365000.0,68.0,1,Hispanic or Latino,Female,55-64,59.458,Loan originated
1,495000.0,49,545000.0,101.0,1,Asian,Male,35-44,90.0,Loan originated
1,495000.0,40,545000.0,171.0,1,Asian,Male,45-54,89.835,Loan originated
1,985000.0,20%-<30%,1485000.0,381.0,1,White,Male,25-34,66.21,Loan originated
1,615000.0,30%-<36%,655000.0,156.0,1,White,Male,35-44,95.0,Loan originated
1,855000.0,47,1225000.0,190.0,1,Asian,Female,35-44,70.0,Loan originated
1,825000.0,30%-<36%,915000.0,295.0,1,White,Female,25-34,89.99,Loan originated
1,655000.0,50%-60%,735000.0,128.0,1,Asian,Female,45-54,75.75,Application denied
1,805000.0,49,1265000.0,160.0,1,White,Male,25-34,63.571,Loan originated
1,635000.0,40,975000.0,222.0,1,Asian,Joint,55-64,65.0,Loan originated
1,295000.0,39,695000.0,94.0,1,Asian,Joint,55-64,42.279,Loan originated
1,405000.0,>60%,635000.0,75.0,1,White,Male,<25,63.492,Application denied
1,675000.0,30%-<36%,715000.0,230.0,1,White,Male,45-54,95.0,Loan originated
1,515000.0,30%-<36%,685000.0,204.0,1,Asian,Joint,35-44,75.0,Loan originated
1,565000.0,30%-<36%,705000.0,200.0,1,White,Female,35-44,80.0,Loan originated
1,125000.0,47,585000.0,59.0,1,Asian,Joint,35-44,20.513,Loan originated
1,985000.0,44,1235000.0,240.0,1,White,Male,35-44,80.0,Loan originated
1,305000.0,20%-<30%,1155000.0,170.0,1,Hispanic or Latino,Male,45-54,26.09,Loan originated
1,475000.0,45,595000.0,134.0,1,White,Joint,25-34,80.0,Loan originated
1,955000.0,45,1015000.0,292.0,1,Black or African American,Joint,35-44,93.6,Loan originated
1,675000.0,20%-<30%,905000.0,255.0,1,Asian,Joint,25-34,75.0,Loan originated
1,655000.0,42,815000.0,176.0,1,Asian,Joint,25-34,80.0,Loan originated
1,625000.0,47,785000.0,204.0,1,Asian,Male,35-44,80.0,Loan originated
1,495000.0,20%-<30%,625000.0,281.0,1,White,Male,<25,79.837,Loan originated
1,375000.0,41,465000.0,144.0,1,Asian,Male,35-44,80.0,Loan originated
1,815000.0,47,875000.0,175.0,1,Other,Male,25-34,93.812,Loan originated
1,665000.0,49,705000.0,143.0,1,Asian,Joint,35-44,95.0,Loan originated
1,445000.0,49,645000.0,145.0,1,White,Joint,25-34,69.207,Loan originated
1,355000.0,40,1685000.0,143.0,1,Asian,Male,25-34,21.0,Loan originated
1,425000.0,48,525000.0,214.0,1,White,Joint,55-64,80.0,Loan originated
1,205000.0,44,535000.0,76.0,1,White,Male,45-54,37.38,Loan originated
1,795000.0,20%-<30%,995000.0,542.0,1,White,Joint,35-44,80.0,Loan originated
1,425000.0,39,515000.0,145.0,1,White,Female,35-44,81.553,Loan originated
1,485000.0,42,655000.0,112.0,1,Hispanic or Latino,Female,35-44,73.85,Loan originated
1,845000.0,40,1055000.0,222.0,1,Hispanic or Latino,Male,55-64,80.0,Loan originated
1,725000.0,30%-<36%,1155000.0,231.0,1,Asian,Female,35-44,63.157,Loan originated
1,95000.0,20%-<30%,95000.0,147.0,1,Hispanic or Latino,Male,65-74,95.0,Loan originated
1,425000.0,20%-<30%,525000.0,161.0,1,White,Female,45-54,80.0,Loan originated
1,335000.0,30%-<36%,1565000.0,163.0,1,Asian,Joint,45-54,21.154,Loan originated
1,375000.0,48,425000.0,84.0,1,Asian,Male,25-34,90.0,Loan originated
1,685000.0,44,805000.0,199.0,1,Hispanic or Latino,Joint,25-34,85.0,Application denied
1,835000.0,47,875000.0,197.0,1,White,Joint,35-44,95.0,Loan originated
1,895000.0,37,1395000.0,269.0,1,Asian,Joint,35-44,64.16,Loan originated
1,675000.0,<20%,1255000.0,365.0,1,Hispanic or Latino,Female,45-54,54.0,Loan originated
1,555000.0,37,765000.0,193.0,1,Asian,Joint,45-54,72.274,Loan originated
1,425000.0,44,425000.0,102.0,1,Black or African American,Male,25-34,100.0,Loan originated
1,485000.0,30%-<36%,605000.0,141.0,1,White,Joint,35-44,80.0,Loan originated
1,715000.0,38,955000.0,338.0,1,Asian,Joint,35-44,75.0,Loan originated
1,745000.0,43,935000.0,338.0,1,Asian,Joint,35-44,80.0,Loan originated
1,595000.0,30%-<36%,795000.0,182.0,1,Hispanic or Latino,Joint,55-64,74.84,Loan originated
1,255000.0,30%-<36%,485000.0,182.0,1,White,Male,25-34,51.303,Loan originated
1,445000.0,30%-<36%,465000.0,172.0,1,Hispanic or Latino,Joint,25-34,95.0,Loan originated
1,725000.0,39,805000.0,185.0,1,Asian,Joint,35-44,89.81,Loan originated
1,375000.0,47,465000.0,76.0,1,Asian,Male,25-34,100.0,Loan originated
1,885000.0,48,1105000.0,170.0,1,Asian,Male,25-34,80.0,Loan originated
1,445000.0,48,525000.0,233.0,1,White,Joint,25-34,85.0,Loan originated
1,735000.0,42,915000.0,170.0,1,Asian,Male,35-44,80.0,Loan originated
1,705000.0,47,725000.0,162.0,1,Hispanic or Latino,Joint,55-64,97.0,Loan originated
1,465000.0,49,495000.0,191.0,1,White,Joint,45-54,95.0,Loan originated
1,345000.0,48,645000.0,83.0,1,Asian,Female,25-34,53.0,Loan originated
1,715000.0,40,755000.0,194.0,1,Asian,Joint,35-44,94.996,Loan originated
1,345000.0,20%-<30%,845000.0,166.0,1,Asian,Female,55-64,40.839,Loan originated
1,1125000.0,20%-<30%,1405000.0,85.0,1,White,Male,55-64,80.0,Loan originated
1,245000.0,20%-<30%,335000.0,225.0,1,Hispanic or Latino,Male,55-64,75.0,Application denied
1,445000.0,49,965000.0,96.0,1,Asian,Male,45-54,45.803,Loan originated
1,605000.0,30%-<36%,905000.0,218.0,1,Black or African American,Joint,35-44,67.22,Loan originated
1,495000.0,20%-<30%,945000.0,238.0,1,White,Joint,25-34,52.381,Loan originated
1,545000.0,20%-<30%,735000.0,272.0,1,Asian,Joint,35-44,75.0,Loan originated
1,415000.0,44,445000.0,98.0,1,Hispanic or Latino,Joint,35-44,95.0,Loan originated
1,375000.0,>60%,475000.0,36.0,1,Asian,Joint,45-54,80.0,Application denied
1,225000.0,37,275000.0,95.0,1,White,Male,35-44,80.0,Loan originated
1,615000.0,36,775000.0,174.0,1,Asian,Female,25-34,80.0,Loan originated
1,165000.0,20%-<30%,1355000.0,281.0,1,White,Female,55-64,11.852,Loan originated
1,335000.0,42,255000.0,160.0,1,Asian,Female,45-54,135.412,Application denied
1,745000.0,30%-<36%,935000.0,201.0,1,White,Male,25-34,80.0,Loan originated
1,925000.0,50%-60%,965000.0,227.0,1,Hispanic or Latino,Joint,25-34,94.427,Application denied
1,525000.0,49,555000.0,167.0,1,Hispanic or Latino,Male,<25,95.0,Loan originated
1,775000.0,44,975000.0,238.0,1,Asian,Joint,25-34,80.0,Loan originated
1,515000.0,41,615000.0,121.0,1,Hispanic or Latino,Joint,25-34,83.0,Loan originated
1,395000.0,30%-<36%,695000.0,164.0,1,Asian,Female,35-44,56.61,Loan originated
1,275000.0,36,725000.0,110.0,1,White,Female,>74,37.931,Loan originated
1,275000.0,45,285000.0,123.0,1,Hispanic or Latino,Male,25-34,98.33,Loan originated
1,605000.0,30%-<36%,635000.0,169.0,1,White,Joint,35-44,95.0,Loan originated
1,755000.0,49,835000.0,183.0,1,White,Male,55-64,94.5,Loan originated
1,915000.0,30%-<36%,2155000.0,320.0,1,Asian,Joint,35-44,42.326,Loan originated
1,605000.0,30%-<36%,1055000.0,201.0,1,Asian,Female,35-44,75.0,Loan originated
1,845000.0,44,1205000.0,418.0,1,Asian,Joint,25-34,70.0,Loan originated
1,285000.0,20%-<30%,355000.0,130.0,1,Hispanic or Latino,Joint,35-44,80.0,Application denied
1,445000.0,40,475000.0,113.0,1,Asian,Male,25-34,95.0,Application denied
1,665000.0,<20%,835000.0,338.0,1,White,Joint,35-44,80.0,Loan originated
1,695000.0,30%-<36%,775000.0,222.0,1,Asian,Female,45-54,90.0,Loan originated
1,305000.0,39,1305000.0,189.0,1,White,Female,55-64,23.07,Loan originated
1,535000.0,45,555000.0,104.0,1,Hispanic or Latino,Male,35-44,97.0,Loan originated
1,385000.0,46,405000.0,85.0,1,Hispanic or Latino,Male,45-54,95.0,Loan originated
1,625000.0,30%-<36%,625000.0,220.0,1,White,Male,55-64,70.0,Loan originated
1,185000.0,<20%,385000.0,163.0,1,White,Joint,25-34,47.368,Loan originated
1,365000.0,20%-<30%,385000.0,252.0,1,Black or African American,Male,45-54,97.0,Loan originated
1,235000.0,39,925000.0,106.0,1,White,Female,35-44,71.48,Loan originated
1,1065000.0,36,1435000.0,353.0,1,White,Joint,35-44,74.476,Loan originated
1,345000.0,38,365000.0,209.0,1,White,Joint,25-34,95.0,Loan originated
1,295000.0,44,305000.0,73.0,1,Hispanic or Latino,Male,35-44,99.0,Loan originated
1,1105000.0,<20%,1385000.0,899.0,1,Hispanic or Latino,Male,55-64,80.0,Loan originated
1,115000.0,20%-<30%,595000.0,199.0,1,White,Female,55-64,20.0,Loan originated
1,285000.0,30%-<36%,725000.0,120.0,1,White,Male,<25,39.31,Loan originated
1,725000.0,39,755000.0,181.0,1,Other,Joint,35-44,99.878,Loan originated
1,315000.0,50%-60%,395000.0,74.0,1,Asian,Male,25-34,80.0,Application denied
1,145000.0,30%-<36%,235000.0,41.0,1,White,Joint,65-74,62.21,Loan originated
1,755000.0,45,1125000.0,174.0,1,Asian,Female,35-44,66.964,Loan originated
1,1125000.0,37,1605000.0,25.0,1,Asian,Female,35-44,71.34,Loan originated
1,1055000.0,40,1955000.0,321.0,1,Asian,Male,55-64,53.85,Loan originated
1,625000.0,30%-<36%,655000.0,215.0,1,Asian,Male,35-44,95.0,Loan originated
1,805000.0,45,1005000.0,187.0,1,Asian,Joint,35-44,80.0,Loan originated
1,535000.0,46,555000.0,173.0,1,Hispanic or Latino,Joint,45-54,99.0,Loan originated
1,435000.0,46,445000.0,126.0,1,Black or African American,Female,55-64,100.0,Loan originated
1,495000.0,>60%,695000.0,69.0,1,White,Joint,45-54,71.22,Application denied
1,605000.0,37,755000.0,186.0,1,Asian,Female,25-34,80.0,Loan originated
1,1005000.0,44,1755000.0,322.0,1,White,Joint,>74,57.37,Loan originated
1,125000.0,41,145000.0,35.0,1,Hispanic or Latino,Joint,35-44,90.0,Loan originated
1,705000.0,20%-<30%,885000.0,229.0,1,Asian,Male,35-44,80.0,Loan originated
1,565000.0,43,705000.0,196.0,1,Other,Male,35-44,80.0,Loan originated
1,445000.0,46,495000.0,112.0,1,Asian,Male,25-34,90.0,Loan originated
1,445000.0,30%-<36%,595000.0,149.0,1,White,Male,55-64,75.0,Loan originated
1,805000.0,47,855000.0,336.0,1,Black or African American,Joint,35-44,95.0,Loan originated
1,515000.0,20%-<30%,645000.0,179.0,1,Asian,Female,25-34,80.0,Loan originated
1,595000.0,42,625000.0,153.0,1,White,Joint,25-34,95.0,Loan originated
1,495000.0,41,725000.0,119.0,1,Hispanic or Latino,Joint,35-44,68.276,Loan originated
1,665000.0,30%-<36%,835000.0,211.0,1,Hispanic or Latino,Male,25-34,80.0,Loan originated
1,385000.0,45,485000.0,215.0,1,White,Male,35-44,80.0,Loan originated
1,355000.0,30%-<36%,405000.0,104.0,1,Hispanic or Latino,Joint,25-34,87.654,Loan originated
1,575000.0,30%-<36%,605000.0,211.0,1,White,Joint,25-34,95.0,Loan originated
1,635000.0,45,1035000.0,160.0,1,White,Male,45-54,61.501,Loan originated
1,315000.0,30%-<36%,795000.0,154.0,1,White,Joint,45-54,40.0,Loan originated
1,775000.0,20%-<30%,915000.0,444.0,1,Hispanic or Latino,Female,35-44,85.0,Loan originated
1,325000.0,30%-<36%,385000.0,101.0,1,Black or African American,Male,25-34,85.421,Loan originated
1,545000.0,49,635000.0,118.0,1,Asian,Joint,25-34,85.0,Loan originated
1,665000.0,30%-<36%,835000.0,228.0,1,Asian,Joint,25-34,80.0,Loan originated
1,295000.0,30%-<36%,545000.0,136.0,1,White,Female,55-64,54.535,Loan originated
1,505000.0,39,515000.0,169.0,1,White,Joint,25-34,97.0,Loan originated
1,395000.0,48,425000.0,155.0,1,White,Joint,25-34,95.0,Loan originated
1,625000.0,20%-<30%,785000.0,237.0,1,White,Female,35-44,80.0,Loan originated
1,1025000.0,30%-<36%,1285000.0,333.0,1,White,Joint,25-34,80.0,Loan originated
1,195000.0,39,295000.0,218.0,1,White,Joint,65-74,65.85,Loan originated
1,815000.0,44,1915000.0,800.0,1,White,Joint,45-54,43.0,Loan originated
1,125000.0,49,445000.0,41.0,1,White,Female,45-54,28.0,Loan originated
1,695000.0,42,875000.0,170.0,1,Asian,Joint,35-44,80.0,Loan originated
1,765000.0,30%-<36%,1225000.0,309.0,1,White,Joint,55-64,62.576,Loan originated
1,725000.0,30%-<36%,1325000.0,308.0,1,Asian,Male,45-54,54.55,Loan originated
1,945000.0,48,1185000.0,256.0,1,Black or African American,Female,35-44,80.0,Loan originated
1,345000.0,30%-<36%,365000.0,166.0,1,Asian,Male,25-34,95.0,Loan originated
1,565000.0,20%-<30%,845000.0,290.0,1,White,Joint,55-64,66.58,Loan originated
1,265000.0,36,385000.0,75.0,1,White,Male,35-44,68.421,Loan originated
1,705000.0,36,885000.0,238.0,1,White,Male,25-34,80.0,Loan originated
1,1005000.0,47,1225000.0,254.0,1,Asian,Male,35-44,81.92,Loan originated
1,585000.0,40,695000.0,168.0,1,White,Male,55-64,85.0,Loan originated
1,525000.0,44,655000.0,113.0,1,Hispanic or Latino,Male,25-34,80.0,Loan originated
1,745000.0,42,825000.0,270.0,1,White,Female,25-34,90.0,Loan originated
1,445000.0,45,585000.0,95.0,1,Asian,Male,25-34,76.726,Loan originated
1,1005000.0,41,5035000.0,535.0,1,Asian,Female,35-44,19.881,Loan originated
1,805000.0,20%-<30%,1155000.0,294.0,1,White,Joint,45-54,69.57,Loan originated
1,545000.0,49,995000.0,138.0,1,Asian,Male,45-54,54.054,Loan originated
1,505000.0,30%-<36%,535000.0,141.0,1,White,Female,25-34,95.0,Loan originated
1,885000.0,43,1155000.0,210.0,1,Asian,Male,35-44,76.522,Loan originated
1,485000.0,48,855000.0,186.0,1,Asian,Male,25-34,56.73,Loan originated
1,305000.0,40,605000.0,155.0,1,White,Male,35-44,50.0,Application denied
1,745000.0,49,785000.0,163.0,1,White,Female,35-44,95.0,Loan originated
1,355000.0,44,375000.0,95.0,1,Hispanic or Latino,Male,35-44,93.33,Application denied
1,855000.0,45,905000.0,215.0,1,Black or African American,Female,35-44,95.0,Loan originated
1,725000.0,47,905000.0,176.0,1,Asian,Male,35-44,80.0,Loan originated
1,355000.0,46,375000.0,123.0,1,White,Male,25-34,95.0,Loan originated
1,595000.0,50%-60%,665000.0,150.0,1,Asian,Female,45-54,90.0,Loan originated
1,375000.0,48,415000.0,115.0,1,White,Female,45-54,90.0,Loan originated
1,725000.0,46,905000.0,240.0,1,Asian,Joint,25-34,80.0,Loan originated
1,755000.0,40,1135000.0,219.0,1,White,Male,35-44,66.08,Loan originated
1,685000.0,40,985000.0,171.0,1,White,Joint,25-34,69.481,Loan originated
1,645000.0,50%-60%,665000.0,116.0,1,Hispanic or Latino,Joint,35-44,97.932,Application denied
1,315000.0,45,335000.0,74.0,1,Hispanic or Latino,Male,55-64,95.0,Loan originated
1,705000.0,20%-<30%,1405000.0,316.0,1,Asian,Joint,25-34,50.0,Loan originated
1,175000.0,39,185000.0,46.0,1,White,Female,<25,98.0,Loan originated
1,335000.0,39,415000.0,135.0,1,White,Female,35-44,80.0,Loan originated
1,755000.0,47,895000.0,177.0,1,Hispanic or Latino,Female,35-44,85.0,Loan originated
1,325000.0,41,605000.0,90.0,1,Other,Female,65-74,52.919,Loan originated
1,135000.0,43,325000.0,42.0,1,White,Male,35-44,102.841,Loan originated
1,305000.0,46,555000.0,63.0,1,Asian,Female,35-44,54.621,Loan originated
1,485000.0,30%-<36%,545000.0,185.0,1,Asian,Male,35-44,90.0,Loan originated
1,805000.0,38,1325000.0,258.0,1,Asian,Joint,45-54,60.606,Loan originated
1,535000.0,20%-<30%,595000.0,246.0,1,White,Female,35-44,90.0,Loan originated
1,345000.0,20%-<30%,425000.0,136.0,1,Asian,Male,35-44,80.0,Loan originated
1,385000.0,44,435000.0,123.0,1,Asian,Female,35-44,90.0,Application denied
1,325000.0,30%-<36%,345000.0,101.0,1,White,Male,25-34,95.0,Loan originated
1,305000.0,42,505000.0,108.0,1,Asian,Female,55-64,60.0,Loan originated
1,375000.0,40,1085000.0,373.0,1,Asian,Male,25-34,35.0,Loan originated
1,575000.0,38,1225000.0,711.0,1,White,Joint,45-54,46.721,Loan originated
1,395000.0,30%-<36%,435000.0,130.0,1,Hispanic or Latino,Joint,45-54,90.0,Loan originated
1,375000.0,30%-<36%,645000.0,156.0,1,Other,Female,45-54,58.205,Loan originated
1,835000.0,20%-<30%,1535000.0,432.0,1,Asian,Joint,45-54,54.397,Loan originated
1,765000.0,43,825000.0,252.0,1,Asian,Joint,45-54,92.797,Loan originated
1,365000.0,40,405000.0,82.0,1,White,Male,25-34,90.0,Loan originated
1,805000.0,30%-<36%,2005000.0,392.0,1,Asian,Female,35-44,40.0,Loan originated
1,655000.0,30%-<36%,685000.0,185.0,1,White,Male,35-44,97.0,Loan originated
1,385000.0,43,425000.0,87.0,1,Hispanic or Latino,Joint,45-54,92.0,Loan originated
1,385000.0,40,405000.0,142.0,1,White,Male,45-54,95.0,Loan originated
1,665000.0,30%-<36%,835000.0,212.0,1,Asian,Joint,45-54,80.0,Loan originated
1,255000.0,46,455000.0,65.0,1,Hispanic or Latino,Male,35-44,56.521,Loan originated
1,745000.0,44,1235000.0,165.0,1,Hispanic or Latino,Female,25-34,59.92,Loan originated
1,565000.0,30%-<36%,705000.0,162.0,1,Asian,Joint,25-34,80.0,Loan originated
1,405000.0,20%-<30%,825000.0,189.0,1,White,Joint,35-44,48.485,Loan originated
1,465000.0,48,585000.0,113.0,1,Other,Male,35-44,80.0,Loan originated
1,415000.0,40,515000.0,121.0,1,Asian,Male,25-34,80.0,Loan originated
1,445000.0,39,645000.0,203.0,1,Hispanic or Latino,Female,45-54,69.0,Loan originated
1,635000.0,47,955000.0,169.0,1,Asian,Joint,>74,66.07,Application denied
1,495000.0,30%-<36%,555000.0,224.0,1,Black or African American,Joint,65-74,90.0,Loan originated
1,205000.0,36,525000.0,79.0,1,White,Female,25-34,38.21,Loan originated
1,265000.0,44,295000.0,61.0,1,White,Female,35-44,90.0,Loan originated
1,945000.0,49,1005000.0,180.0,1,Asian,Male,35-44,94.8,Loan originated
1,325000.0,36,675000.0,81.0,1,White,Male,25-34,48.148,Loan originated
1,805000.0,47,1005000.0,176.0,1,Hispanic or Latino,Female,45-54,80.0,Loan originated
1,1105000.0,38,2125000.0,423.0,1,Asian,Joint,25-34,51.76,Loan originated
1,445000.0,20%-<30%,555000.0,250.0,1,Asian,Male,45-54,80.0,Loan originated
1,395000.0,41,675000.0,155.0,1,Hispanic or Latino,Female,65-74,57.78,Loan originated
1,155000.0,<20%,795000.0,125.0,1,Asian,Joint,45-54,95.0,Loan originated
1,325000.0,46,465000.0,68.0,1,White,Female,45-54,69.631,Loan originated
1,375000.0,47,395000.0,99.0,1,Hispanic or Latino,Joint,35-44,95.0,Loan originated
1,645000.0,20%-<30%,815000.0,263.0,1,White,Female,25-34,80.0,Loan originated
1,765000.0,<20%,965000.0,-278.0,1,White,Male,45-54,80.0,Application denied
1,415000.0,43,615000.0,134.0,1,Other,Joint,35-44,67.48,Loan originated
1,385000.0,46,495000.0,160.0,1,Hispanic or Latino,Male,35-44,79.96,Loan originated
1,715000.0,39,955000.0,191.0,1,White,Male,25-34,75.0,Loan originated
1,755000.0,30%-<36%,1005000.0,206.0,1,White,Male,55-64,75.0,Loan originated
1,465000.0,49,525000.0,89.0,1,Hispanic or Latino,Male,45-54,88.571,Loan originated
1,405000.0,41,555000.0,104.0,1,Asian,Female,45-54,72.727,Application denied
1,175000.0,30%-<36%,185000.0,158.0,1,Hispanic or Latino,Male,<25,95.0,Application denied
1,435000.0,43,435000.0,154.0,1,Asian,Joint,45-54,98.188,Application denied
1,325000.0,20%-<30%,335000.0,122.0,1,Asian,Female,25-34,97.0,Loan originated
1,1005000.0,39,2925000.0,380.0,1,Asian,Joint,45-54,34.22,Loan originated
1,255000.0,43,265000.0,55.0,1,White,Male,35-44,97.0,Loan originated
1,535000.0,20%-<30%,775000.0,300.0,1,White,Joint,45-54,70.0,Loan originated
1,305000.0,30%-<36%,325000.0,164.0,1,Black or African American,Male,55-64,95.0,Loan originated
1,585000.0,30%-<36%,725000.0,166.0,1,Asian,Female,25-34,80.0,Loan originated
1,955000.0,40,2955000.0,315.0,1,Asian,Male,45-54,32.2,Loan originated
1,835000.0,39,1195000.0,226.0,1,Asian,Male,25-34,70.0,Loan originated
1,625000.0,20%-<30%,1625000.0,311.0,1,White,Joint,25-34,38.462,Loan originated
1,385000.0,30%-<36%,575000.0,148.0,1,Asian,Male,25-34,66.667,Loan originated
1,335000.0,48,345000.0,99.0,1,Hispanic or Latino,Joint,45-54,100.0,Loan originated
1,635000.0,46,665000.0,164.0,1,White,Joint,45-54,95.0,Loan originated
1,315000.0,20%-<30%,395000.0,127.0,1,White,Joint,35-44,80.0,Loan originated
1,235000.0,49,585000.0,68.0,1,Asian,Female,35-44,40.0,Loan originated
1,925000.0,30%-<36%,1275000.0,391.0,1,Asian,Male,35-44,72.441,Loan originated
1,455000.0,48,475000.0,180.0,1,Hispanic or Latino,Female,35-44,95.0,Loan originated
1,605000.0,30%-<36%,765000.0,285.0,1,Asian,Joint,25-34,80.0,Loan originated
1,755000.0,41,835000.0,250.0,1,Asian,Joint,35-44,89.94,Loan originated
1,605000.0,20%-<30%,765000.0,231.0,1,Hispanic or Latino,Female,45-54,80.0,Loan originated
1,775000.0,41,1105000.0,262.0,1,Asian,Joint,45-54,70.0,Loan originated
1,465000.0,20%-<30%,475000.0,162.0,1,White,Joint,25-34,96.99,Loan originated
1,715000.0,47,1615000.0,165.0,1,Asian,Joint,35-44,44.11,Loan originated
1,445000.0,40,475000.0,109.0,1,Hispanic or Latino,Male,25-34,94.681,Loan originated
1,1065000.0,30%-<36%,1335000.0,373.0,1,White,Joint,25-34,80.0,Loan originated
1,355000.0,40,435000.0,88.0,1,White,Female,55-64,102.8,Loan originated
1,475000.0,44,515000.0,150.0,1,White,Joint,35-44,94.0,Loan originated
1,615000.0,47,825000.0,160.0,1,Hispanic or Latino,Male,25-34,75.0,Loan originated
1,565000.0,44,595000.0,195.0,1,Hispanic or Latino,Male,35-44,95.0,Application denied
1,225000.0,41,235000.0,95.0,1,White,Joint,25-34,97.0,Loan originated
1,255000.0,48,1145000.0,100.0,1,White,Female,65-74,21.795,Loan originated
1,445000.0,49,565000.0,93.0,1,Hispanic or Latino,Male,35-44,80.0,Loan originated
1,1145000.0,37,1275000.0,341.0,1,Asian,Joint,25-34,91.0,Loan originated
1,655000.0,43,705000.0,154.0,1,Asian,Female,25-34,92.95,Loan originated
1,795000.0,39,1195000.0,225.0,1,White,Female,45-54,66.527,Loan originated
1,905000.0,42,1005000.0,288.0,1,Asian,Female,35-44,90.0,Loan originated
1,505000.0,49,545000.0,121.0,1,Asian,Joint,35-44,91.07,Application denied
1,675000.0,42,755000.0,206.0,1,Hispanic or Latino,Joint,25-34,89.4,Loan originated
1,555000.0,44,715000.0,126.0,1,Asian,Female,45-54,76.449,Loan originated
1,615000.0,39,655000.0,144.0,1,Asian,Male,35-44,95.0,Loan originated
1,295000.0,20%-<30%,455000.0,103.0,1,Black or African American,Joint,45-54,66.0,Loan originated
1,1025000.0,30%-<36%,1315000.0,340.0,1,Asian,Male,25-34,77.863,Loan originated
1,525000.0,36,705000.0,181.0,1,Asian,Joint,35-44,95.0,Application denied
1,505000.0,43,1055000.0,140.0,1,Asian,Joint,45-54,47.61,Loan originated
1,185000.0,49,545000.0,45.0,1,White,Female,65-74,33.333,Loan originated
1,255000.0,40,655000.0,89.0,1,White,Joint,65-74,38.226,Loan originated
1,525000.0,40,635000.0,160.0,1,Hispanic or Latino,Joint,25-34,103.571,Loan originated
1,505000.0,30%-<36%,525000.0,152.0,1,Asian,Male,25-34,94.996,Loan originated
1,615000.0,42,685000.0,199.0,1,White,Female,25-34,90.0,Loan originated
1,415000.0,48,435000.0,92.0,1,White,Male,55-64,96.5,Loan originated
1,585000.0,44,885000.0,281.0,1,Asian,Joint,25-34,65.909,Loan originated
1,405000.0,20%-<30%,805000.0,202.0,1,Asian,Joint,35-44,49.566,Loan originated
1,405000.0,30%-<36%,425000.0,217.0,1,White,Male,35-44,95.0,Application denied
1,925000.0,44,1615000.0,299.0,1,White,Joint,35-44,84.112,Loan originated
1,185000.0,20%-<30%,245000.0,170.0,1,White,Female,55-64,75.0,Loan originated
1,855000.0,47,1405000.0,169.0,1,Asian,Male,25-34,60.71,Loan originated
1,935000.0,39,1225000.0,352.0,1,White,Joint,35-44,80.0,Loan originated
1,755000.0,45,945000.0,296.0,1,White,Joint,35-44,80.0,Loan originated
1,305000.0,30%-<36%,595000.0,319.0,1,Asian,Joint,55-64,52.0,Loan originated
1,415000.0,30%-<36%,715000.0,190.0,1,Asian,Female,35-44,57.75,Loan originated
1,645000.0,49,745000.0,148.0,1,White,Joint,45-54,86.55,Loan originated
1,315000.0,46,375000.0,77.0,1,White,Male,35-44,85.0,Loan originated
1,375000.0,20%-<30%,925000.0,216.0,1,Asian,Female,25-34,40.217,Loan originated
1,885000.0,20%-<30%,985000.0,319.0,1,Asian,Joint,25-34,90.0,Loan originated
1,1085000.0,39,1535000.0,290.0,1,White,Joint,35-44,70.588,Loan originated
1,305000.0,41,725000.0,93.0,1,White,Female,65-74,41.104,Loan originated
1,915000.0,38,1835000.0,339.0,1,White,Male,65-74,50.0,Loan originated
1,475000.0,40,595000.0,319.0,1,Asian,Joint,35-44,80.0,Loan originated
1,1085000.0,30%-<36%,1455000.0,382.0,1,White,Male,35-44,75.0,Loan originated
1,555000.0,47,685000.0,148.0,1,Asian,Joint,45-54,80.0,Loan originated
1,665000.0,30%-<36%,825000.0,460.0,1,White,Male,25-34,80.0,Loan originated
1,515000.0,20%-<30%,1975000.0,255.0,1,White,Joint,25-34,25.87,Loan originated
1,675000.0,41,1355000.0,251.0,1,White,Joint,65-74,50.0,Loan originated
1,835000.0,44,1115000.0,200.0,1,Asian,Female,25-34,74.96,Loan originated
1,605000.0,38,1195000.0,206.0,1,White,Joint,65-74,52.174,Loan originated
1,355000.0,42,1285000.0,151.0,1,White,Male,45-54,27.626,Loan originated
1,605000.0,49,765000.0,117.0,1,Asian,Joint,55-64,80.0,Loan originated
1,355000.0,20%-<30%,545000.0,160.0,1,Asian,Joint,25-34,65.0,Loan originated
1,375000.0,38,535000.0,115.0,1,White,Female,45-54,70.093,Loan originated
1,475000.0,44,595000.0,202.0,1,White,Joint,65-74,80.0,Loan originated
1,455000.0,20%-<30%,535000.0,180.0,1,Black or African American,Male,25-34,85.955,Loan originated
1,565000.0,30%-<36%,705000.0,159.0,1,White,Male,45-54,80.0,Loan originated
1,495000.0,48,525000.0,122.0,1,Asian,Male,25-34,95.0,Loan originated
1,405000.0,30%-<36%,1385000.0,173.0,1,White,Joint,35-44,28.88,Loan originated
1,1125000.0,36,1405000.0,291.0,1,White,Joint,35-44,80.0,Loan originated
1,505000.0,42,725000.0,210.0,1,White,Male,45-54,70.0,Loan originated
1,505000.0,43,795000.0,140.0,1,Asian,Female,35-44,93.3,Loan originated
1,165000.0,>60%,315000.0,40.0,1,White,Female,45-54,53.226,Application denied
1,465000.0,49,615000.0,96.0,1,Black or African American,Joint,35-44,76.39,Loan originated
1,445000.0,44,455000.0,108.0,1,Hispanic or Latino,Female,45-54,101.366,Loan originated
1,685000.0,40,915000.0,174.0,1,White,Male,25-34,75.0,Loan originated
1,615000.0,46,685000.0,161.0,1,Hispanic or Latino,Male,25-34,90.0,Loan originated
1,605000.0,48,645000.0,210.0,1,White,Joint,35-44,95.0,Loan originated
1,1145000.0,43,1995000.0,242.0,1,Asian,Joint,45-54,57.479,Loan originated
1,1095000.0,44,1155000.0,250.0,1,Black or African American,Female,25-34,95.0,Loan originated
1,445000.0,44,555000.0,196.0,1,White,Joint,25-34,80.0,Loan originated
1,295000.0,<20%,395000.0,156.0,1,White,Female,65-74,74.811,Loan originated
1,545000.0,49,575000.0,114.0,1,Other,Female,25-34,95.0,Loan originated
1,105000.0,39,155000.0,57.0,1,White,Male,65-74,65.0,Loan originated
1,475000.0,30%-<36%,535000.0,156.0,1,Asian,Joint,25-34,89.962,Loan originated
1,345000.0,49,425000.0,121.0,1,Asian,Male,25-34,80.0,Loan originated
1,1035000.0,49,1725000.0,239.0,1,Asian,Female,35-44,60.0,Loan originated
1,405000.0,47,475000.0,133.0,1,Asian,Female,25-34,86.556,Loan originated
1,865000.0,48,965000.0,177.0,1,Asian,Joint,45-54,90.0,Loan originated
1,515000.0,30%-<36%,605000.0,159.0,1,White,Male,25-34,85.0,Loan originated
1,535000.0,40,565000.0,169.0,1,Hispanic or Latino,Male,25-34,97.81,Loan originated
1,645000.0,50%-60%,675000.0,134.0,1,Asian,Female,25-34,95.0,Application denied
1,735000.0,45,935000.0,154.0,1,Asian,Male,35-44,97.0,Loan originated
1,555000.0,48,585000.0,136.0,1,Hispanic or Latino,Male,25-34,94.06,Loan originated
1,585000.0,30%-<36%,825000.0,187.0,1,White,Female,65-74,70.732,Loan originated
1,145000.0,41,145000.0,55.0,1,Black or African American,Female,65-74,97.0,Loan originated
1,295000.0,39,425000.0,106.0,1,White,Female,55-64,70.0,Loan originated
1,535000.0,44,675000.0,183.0,1,Asian,Male,35-44,80.0,Loan originated
1,435000.0,48,545000.0,110.0,1,White,Joint,55-64,80.0,Loan originated
1,235000.0,<20%,585000.0,180.0,1,White,Joint,65-74,40.805,Loan originated
1,425000.0,41,435000.0,124.0,1,Hispanic or Latino,Female,25-34,97.0,Application denied
1,445000.0,47,555000.0,110.0,1,Hispanic or Latino,Female,45-54,80.0,Loan originated
1,525000.0,46,825000.0,196.0,1,White,Joint,45-54,63.636,Loan originated
1,355000.0,20%-<30%,425000.0,155.0,1,Asian,Male,45-54,85.0,Loan originated
1,545000.0,44,605000.0,153.0,1,Asian,Female,35-44,90.0,Loan originated
1,245000.0,49,415000.0,70.0,1,Hispanic or Latino,Male,65-74,60.854,Loan originated
1,425000.0,49,435000.0,133.0,1,Hispanic or Latino,Male,25-34,100.0,Loan originated
1,1075000.0,46,1195000.0,298.0,1,Hispanic or Latino,Joint,25-34,89.916,Loan originated
1,395000.0,49,435000.0,78.0,1,Asian,Joint,55-64,90.0,Loan originated
1,505000.0,49,525000.0,106.0,1,White,Female,25-34,97.02,Loan originated
1,1145000.0,48,1505000.0,228.0,1,White,Joint,35-44,76.65,Application denied
1,905000.0,41,1305000.0,216.0,1,Asian,Female,45-54,68.834,Loan originated
1,665000.0,30%-<36%,885000.0,203.0,1,White,Male,45-54,75.0,Loan originated
1,255000.0,42,875000.0,112.0,1,White,Joint,25-34,28.571,Loan originated
1,965000.0,36,1215000.0,300.0,1,Asian,Male,35-44,80.0,Loan originated
1,385000.0,50%-60%,405000.0,92.0,1,Hispanic or Latino,Male,45-54,95.0,Application denied
1,445000.0,49,555000.0,109.0,1,White,Female,35-44,80.0,Loan originated
1,705000.0,49,885000.0,176.0,1,White,Joint,35-44,80.0,Loan originated
1,105000.0,49,375000.0,59.0,1,White,Male,65-74,26.35,Application denied
1,795000.0,30%-<36%,1295000.0,223.0,1,Asian,Male,25-34,61.38,Loan originated
1,525000.0,49,555000.0,134.0,1,Hispanic or Latino,Male,45-54,95.0,Loan originated
1,1145000.0,30%-<36%,1435000.0,389.0,1,Asian,Joint,25-34,80.0,Loan originated
1,1065000.0,<20%,1565000.0,1781.0,1,White,Joint,25-34,68.0,Loan originated
1,715000.0,30%-<36%,895000.0,260.0,1,Asian,Joint,35-44,80.0,Loan originated
1,725000.0,38,905000.0,209.0,1,Hispanic or Latino,Joint,45-54,80.0,Loan originated
1,275000.0,30%-<36%,465000.0,96.0,1,White,Male,35-44,60.0,Loan originated
1,265000.0,39,285000.0,64.0,1,Hispanic or Latino,Joint,35-44,95.0,Loan originated
1,675000.0,40,745000.0,170.0,1,Asian,Male,55-64,90.0,Loan originated
1,975000.0,39,1585000.0,333.0,1,Asian,Joint,45-54,62.0,Loan originated
1,955000.0,49,1365000.0,252.0,1,White,Joint,35-44,85.0,Loan originated
1,835000.0,50%-60%,875000.0,202.0,1,White,Joint,35-44,95.0,Loan originated
1,535000.0,30%-<36%,555000.0,199.0,1,White,Male,25-34,97.0,Loan originated
1,265000.0,20%-<30%,425000.0,132.0,1,White,Female,55-64,62.061,Loan originated
1,345000.0,36,365000.0,166.0,1,White,Joint,25-34,95.0,Loan originated
1,995000.0,30%-<36%,1235000.0,329.0,1,White,Joint,25-34,80.0,Loan originated
1,1025000.0,44,1205000.0,283.0,1,White,Male,25-34,85.0,Loan originated
1,605000.0,20%-<30%,865000.0,222.0,1,White,Joint,45-54,70.35,Loan originated
1,655000.0,30%-<36%,825000.0,216.0,1,White,Male,45-54,79.39,Loan originated
1,535000.0,40,665000.0,627.0,1,Asian,Male,25-34,80.0,Loan originated
1,255000.0,20%-<30%,615000.0,145.0,1,White,Male,55-64,40.984,Loan originated
1,105000.0,48,135000.0,87.0,1,Hispanic or Latino,Male,55-64,80.92,Loan originated
1,665000.0,30%-<36%,735000.0,219.0,1,Hispanic or Latino,Joint,45-54,90.0,Loan originated
1,325000.0,44,405000.0,82.0,1,Hispanic or Latino,Male,35-44,80.0,Loan originated
1,675000.0,50%-60%,715000.0,129.0,1,Asian,Female,35-44,93.61,Application denied
1,455000.0,20%-<30%,465000.0,215.0,1,White,Joint,55-64,97.0,Loan originated
1,165000.0,45,575000.0,61.0,1,Asian,Female,45-54,28.477,Loan originated
1,155000.0,<20%,745000.0,218.0,1,Hispanic or Latino,Male,55-64,20.399,Loan originated
1,165000.0,43,965000.0,76.0,1,Asian,Male,45-54,16.667,Loan originated
1,255000.0,45,305000.0,70.0,1,Hispanic or Latino,Male,25-34,89.167,Application denied
1,285000.0,30%-<36%,645000.0,154.0,1,Asian,Female,25-34,43.20988,Loan originated
1,925000.0,30%-<36%,1155000.0,271.0,1,White,Joint,25-34,80.0,Loan originated
1,1025000.0,30%-<36%,1275000.0,325.0,1,White,Male,25-34,80.0,Loan originated
1,685000.0,43,855000.0,173.0,1,White,Joint,45-54,80.0,Loan originated
1,955000.0,43,1015000.0,316.0,1,Hispanic or Latino,Joint,<25,95.0,Loan originated
1,405000.0,44,445000.0,109.0,1,Hispanic or Latino,Female,25-34,92.0,Loan originated
1,395000.0,30%-<36%,525000.0,224.0,1,White,Joint,65-74,75.0,Loan originated
1,385000.0,49,595000.0,191.0,1,White,Joint,25-34,65.21,Loan originated
1,505000.0,43,525000.0,117.0,1,Hispanic or Latino,Male,25-34,94.896,Loan originated
1,245000.0,43,415000.0,70.0,1,White,Male,25-34,60.0,Loan originated
1,295000.0,46,295000.0,80.0,1,Hispanic or Latino,Female,25-34,101.963,Application denied
1,415000.0,44,515000.0,131.0,1,Hispanic or Latino,Female,25-34,80.0,Application denied
1,425000.0,47,525000.0,133.0,1,Hispanic or Latino,Female,25-34,80.0,Loan originated
1,705000.0,20%-<30%,885000.0,376.0,1,Asian,Joint,25-34,80.0,Loan originated
1,675000.0,48,755000.0,138.0,1,Hispanic or Latino,Joint,35-44,89.93,Loan originated
1,565000.0,38,715000.0,194.0,1,White,Joint,35-44,80.0,Loan originated
1,485000.0,48,585000.0,99.0,1,Asian,Male,35-44,82.79,Loan originated
1,955000.0,45,1195000.0,243.0,1,Asian,Joint,>74,79.874,Loan originated
1,1005000.0,<20%,2925000.0,922.0,1,Asian,Male,45-54,34.188,Loan originated
1,695000.0,49,725000.0,171.0,1,White,Female,55-64,95.0,Loan originated
1,385000.0,41,585000.0,112.0,1,White,Male,65-74,65.986,Loan originated
1,645000.0,42,805000.0,152.0,1,White,Joint,25-34,80.0,Loan originated
1,615000.0,20%-<30%,685000.0,221.0,1,White,Joint,25-34,90.0,Loan originated
1,535000.0,20%-<30%,685000.0,260.0,1,White,Joint,25-34,80.0,Loan originated
1,405000.0,20%-<30%,535000.0,150.0,1,Asian,Female,35-44,75.0,Loan originated
1,255000.0,46,455000.0,83.0,1,White,Male,25-34,55.556,Application denied
1,445000.0,40,555000.0,305.0,1,Asian,Joint,45-54,80.0,Loan originated
1,375000.0,39,555000.0,137.0,1,Hispanic or Latino,Female,35-44,67.207,Loan originated
1,855000.0,30%-<36%,3625000.0,490.0,1,White,Joint,35-44,23.442,Loan originated
1,505000.0,39,605000.0,156.0,1,Asian,Female,35-44,83.441,Loan originated
1,345000.0,30%-<36%,355000.0,119.0,1,White,Female,35-44,97.0,Loan originated
1,725000.0,20%-<30%,955000.0,238.0,1,White,Male,55-64,76.443,Loan originated
1,745000.0,46,785000.0,154.0,1,Hispanic or Latino,Joint,25-34,95.0,Loan originated
1,375000.0,40,385000.0,99.0,1,Asian,Male,55-64,97.96,Application denied
1,405000.0,38,435000.0,120.0,1,White,Male,55-64,95.0,Loan originated
1,415000.0,30%-<36%,445000.0,143.0,1,White,Joint,25-34,95.0,Loan originated
1,525000.0,40,555000.0,145.0,1,Hispanic or Latino,Female,55-64,95.0,Loan originated
1,635000.0,41,675000.0,81.0,1,Hispanic or Latino,Joint,<25,95.0,Application denied
1,85000.0,20%-<30%,115000.0,70.0,1,Black or African American,Male,>74,77.09,Application denied
1,725000.0,30%-<36%,905000.0,247.0,1,White,Male,45-54,80.0,Loan originated
1,765000.0,30%-<36%,1255000.0,227.0,1,Asian,Male,35-44,62.0,Loan originated
1,185000.0,49,275000.0,33.0,1,Hispanic or Latino,Female,<25,66.91,Loan originated
1,595000.0,>60%,595000.0,104.0,1,Asian,Male,35-44,100.0,Application denied
1,495000.0,47,655000.0,154.0,1,Hispanic or Latino,Female,45-54,75.0,Loan originated
1,395000.0,39,705000.0,130.0,1,Asian,Female,35-44,55.946,Loan originated
1,695000.0,49,735000.0,148.0,1,Asian,Female,25-34,95.0,Loan originated
1,405000.0,40,605000.0,105.0,1,White,Female,65-74,68.167,Loan originated
1,415000.0,30%-<36%,595000.0,197.0,1,White,Female,45-54,70.0,Loan originated
1,65000.0,20%-<30%,535000.0,110.0,1,White,Female,55-64,11.32,Loan originated
1,455000.0,20%-<30%,505000.0,220.0,1,Hispanic or Latino,Joint,25-34,90.0,Loan originated
1,505000.0,30%-<36%,1025000.0,234.0,1,White,Joint,45-54,48.753,Loan originated
1,915000.0,44,965000.0,356.0,1,Asian,Joint,35-44,95.0,Loan originated
1,975000.0,49,1225000.0,178.0,1,Asian,Female,25-34,80.0,Loan originated
1,755000.0,43,1185000.0,167.0,1,White,Male,45-54,63.56,Loan originated
1,525000.0,40,585000.0,130.0,1,Hispanic or Latino,Male,45-54,90.0,Loan originated
1,765000.0,43,815000.0,160.0,1,Asian,Joint,35-44,94.055,Loan originated
1,755000.0,<20%,2105000.0,1628.0,1,White,Joint,65-74,35.71,Loan originated
1,615000.0,30%-<36%,765000.0,194.0,1,White,Joint,35-44,80.0,Loan originated
1,605000.0,46,905000.0,124.0,1,White,Male,25-34,66.667,Loan originated
1,725000.0,41,765000.0,290.0,1,Hispanic or Latino,Male,35-44,95.0,Loan originated
1,125000.0,48,925000.0,68.0,1,White,Female,25-34,13.043,Loan originated
1,135000.0,44,145000.0,39.0,1,Hispanic or Latino,Female,55-64,90.0,Loan originated
1,635000.0,47,655000.0,202.0,1,White,Female,55-64,97.0,Loan originated
1,365000.0,49,455000.0,107.0,1,Hispanic or Latino,Joint,45-54,80.0,Application denied
1,305000.0,41,325000.0,185.0,1,Hispanic or Latino,Male,55-64,95.0,Loan originated
1,645000.0,47,865000.0,152.0,1,White,Female,55-64,75.0,Loan originated
1,685000.0,20%-<30%,855000.0,290.0,1,White,Joint,35-44,80.0,Loan originated
1,285000.0,42,355000.0,132.0,1,White,Female,35-44,80.0,Loan originated
1,505000.0,44,755000.0,269.0,1,Hispanic or Latino,Joint,35-44,67.0,Loan originated
1,525000.0,49,655000.0,130.0,1,White,Joint,25-34,80.0,Loan originated
1,765000.0,30%-<36%,1405000.0,270.0,1,Asian,Male,35-44,54.754,Loan originated
1,495000.0,40,625000.0,128.0,1,Hispanic or Latino,Female,35-44,79.969,Loan originated
1,595000.0,46,665000.0,119.0,1,White,Joint,35-44,90.0,Loan originated
1,505000.0,20%-<30%,905000.0,213.0,1,White,Joint,45-54,55.556,Loan originated
1,335000.0,46,345000.0,72.0,1,Hispanic or Latino,Female,25-34,97.0,Loan originated
1,485000.0,39,515000.0,117.0,1,Hispanic or Latino,Male,35-44,95.0,Loan originated
1,745000.0,30%-<36%,935000.0,249.0,1,Asian,Joint,35-44,80.0,Loan originated
1,765000.0,49,815000.0,177.0,1,Asian,Male,35-44,94.63,Loan originated
1,525000.0,39,555000.0,177.0,1,White,Male,25-34,95.0,Loan originated
1,295000.0,45,675000.0,110.0,1,White,Female,45-54,42.963,Loan originated
1,935000.0,<20%,1255000.0,481.0,1,Asian,Male,25-34,75.0,Application denied
1,285000.0,>60%,355000.0,28.0,1,Hispanic or Latino,Male,35-44,80.0,Application denied
1,275000.0,48,375000.0,101.0,1,White,Male,45-54,75.0,Loan originated
1,385000.0,36,415000.0,102.0,1,White,Male,<25,95.0,Loan originated
1,435000.0,49,655000.0,95.0,1,Hispanic or Latino,Joint,35-44,66.769,Loan originated
1,645000.0,49,725000.0,131.0,1,Asian,Joint,35-44,90.0,Loan originated
1,475000.0,40,1175000.0,152.0,1,White,Male,45-54,40.426,Loan originated
1,495000.0,20%-<30%,525000.0,205.0,1,White,Joint,25-34,95.0,Loan originated
1,1125000.0,47,1405000.0,270.0,1,Asian,Female,45-54,80.0,Loan originated
1,485000.0,40,615000.0,136.0,1,Hispanic or Latino,Joint,25-34,80.0,Loan originated
1,865000.0,38,1015000.0,213.0,1,White,Joint,55-64,85.0,Loan originated
1,575000.0,45,615000.0,161.0,1,White,Joint,25-34,95.0,Loan originated
1,435000.0,38,675000.0,126.0,1,Asian,Male,45-54,65.0,Loan originated
1,1085000.0,49,1355000.0,284.0,1,White,Joint,35-44,90.0,Loan originated
1,325000.0,44,335000.0,73.0,1,Hispanic or Latino,Male,45-54,97.0,Loan originated
1,435000.0,48,545000.0,105.0,1,Asian,Joint,35-44,80.0,Loan originated
1,265000.0,36,535000.0,83.0,1,White,Male,25-34,49.25,Loan originated
1,515000.0,30%-<36%,535000.0,148.0,1,White,Joint,25-34,96.047,Loan originated
1,555000.0,43,745000.0,124.0,1,White,Male,35-44,75.0,Loan originated
1,385000.0,46,485000.0,93.0,1,White,Male,55-64,80.0,Loan originated
1,565000.0,41,715000.0,165.0,1,Black or African American,Female,25-34,80.0,Loan originated
1,715000.0,20%-<30%,915000.0,303.0,1,Black or African American,Female,35-44,78.77,Loan originated
1,505000.0,40,685000.0,137.0,1,Asian,Joint,35-44,75.0,Loan originated
1,455000.0,40,905000.0,170.0,1,White,Female,55-64,50.0,Loan originated
1,105000.0,<20%,715000.0,117.0,1,White,Joint,>74,14.085,Loan originated
1,975000.0,30%-<36%,1475000.0,281.0,1,White,Joint,25-34,67.0,Loan originated
1,345000.0,43,435000.0,85.0,1,White,Female,35-44,80.0,Loan originated
1,145000.0,38,285000.0,52.0,1,White,Joint,65-74,51.786,Loan originated
1,415000.0,44,515000.0,93.0,1,Asian,Male,25-34,80.0,Loan originated
1,325000.0,39,365000.0,105.0,1,White,Female,25-34,90.0,Loan originated
1,245000.0,36,265000.0,83.0,1,Hispanic or Latino,Female,25-34,95.0,Loan originated
1,935000.0,46,1165000.0,235.0,1,White,Male,25-34,80.0,Application denied
1,935000.0,37,1455000.0,307.0,1,White,Female,45-54,64.14,Application denied
1,665000.0,39,685000.0,255.0,1,Black or African American,Joint,25-34,97.0,Loan originated
1,125000.0,50%-60%,135000.0,141.0,1,Asian,Female,>74,95.0,Application denied
1,905000.0,39,1135000.0,261.0,1,Asian,Female,35-44,80.0,Loan originated
1,425000.0,49,465000.0,82.0,1,Asian,Male,35-44,92.0,Loan originated
1,295000.0,30%-<36%,495000.0,133.0,1,Hispanic or Latino,Female,55-64,60.0,Loan originated
1,555000.0,37,1335000.0,180.0,1,White,Joint,35-44,41.353,Loan originated
1,515000.0,38,575000.0,173.0,1,White,Joint,25-34,89.57,Loan originated
1,545000.0,49,865000.0,131.0,1,Hispanic or Latino,Female,35-44,63.37,Loan originated
1,165000.0,49,845000.0,30.0,1,White,Female,>74,20.0,Loan originated
1,805000.0,48,935000.0,194.0,1,White,Joint,35-44,85.845,Loan originated
1,305000.0,44,1025000.0,105.0,1,White,Joint,>74,29.268,Loan originated
1,675000.0,39,1195000.0,247.0,1,Asian,Joint,35-44,89.958,Loan originated
1,805000.0,44,1005000.0,185.0,1,Asian,Male,25-34,80.0,Loan originated
1,455000.0,30%-<36%,565000.0,236.0,1,Hispanic or Latino,Female,45-54,80.0,Loan originated
1,715000.0,30%-<36%,895000.0,360.0,1,White,Female,>74,80.0,Loan originated
1,865000.0,43,935000.0,300.0,1,White,Male,25-34,93.0,Loan originated
1,465000.0,37,665000.0,135.0,1,Asian,Male,25-34,70.0,Loan originated
1,65000.0,50%-60%,395000.0,33.0,1,White,Male,65-74,16.071,Loan originated
1,295000.0,48,415000.0,72.0,1,Hispanic or Latino,Male,25-34,97.0,Loan originated
1,345000.0,44,795000.0,96.0,1,Hispanic or Latino,Joint,55-64,43.68,Loan originated
1,855000.0,43,2255000.0,228.0,1,White,Male,55-64,37.778,Loan originated
1,605000.0,38,625000.0,178.0,1,White,Male,25-34,97.0,Loan originated
1,615000.0,47,775000.0,169.0,1,Asian,Female,35-44,80.0,Loan originated
1,265000.0,48,285000.0,78.0,1,Hispanic or Latino,Joint,55-64,95.0,Loan originated
1,1105000.0,30%-<36%,1595000.0,324.0,1,White,Male,35-44,68.999,Loan originated
1,925000.0,45,1155000.0,270.0,1,White,Joint,55-64,80.0,Loan originated
1,215000.0,46,245000.0,52.0,1,Hispanic or Latino,Joint,35-44,90.0,Application denied
1,795000.0,40,995000.0,325.0,1,Asian,Joint,45-54,80.0,Loan originated
1,525000.0,50%-60%,755000.0,201.0,1,Hispanic or Latino,Joint,25-34,80.0,Application denied
1,475000.0,44,495000.0,140.0,1,Asian,Male,35-44,95.0,Loan originated
1,535000.0,38,735000.0,150.0,1,White,Male,35-44,72.789,Loan originated
1,595000.0,20%-<30%,665000.0,243.0,1,Hispanic or Latino,Female,55-64,90.0,Loan originated
1,195000.0,36,475000.0,103.0,1,White,Joint,45-54,40.0,Loan originated
1,655000.0,48,735000.0,168.0,1,White,Male,35-44,90.0,Loan originated
1,375000.0,38,655000.0,92.0,1,White,Joint,35-44,56.923,Loan originated
1,305000.0,44,875000.0,81.0,1,Asian,Joint,45-54,35.29,Loan originated
1,405000.0,40,625000.0,101.0,1,Asian,Male,25-34,63.9,Loan originated
1,565000.0,48,595000.0,112.0,1,Asian,Female,35-44,95.0,Loan originated
1,495000.0,49,515000.0,151.0,1,Hispanic or Latino,Male,45-54,95.0,Loan originated
1,525000.0,47,655000.0,120.0,1,White,Male,25-34,80.0,Loan originated
1,165000.0,49,175000.0,50.0,1,White,Female,35-44,100.0,Loan originated
1,625000.0,20%-<30%,1455000.0,414.0,1,White,Joint,25-34,43.1,Loan originated
1,645000.0,37,895000.0,203.0,1,Asian,Male,45-54,72.212,Loan originated
1,485000.0,20%-<30%,705000.0,215.0,1,Asian,Male,35-44,70.0,Loan originated
1,915000.0,49,1575000.0,194.0,1,White,Joint,35-44,57.78,Loan originated
1,765000.0,>60%,1105000.0,74.0,1,Hispanic or Latino,Female,35-44,69.668,Application denied
1,55000.0,>60%,65000.0,50.0,1,White,Female,>74,77.99,Application denied
1,1095000.0,42,1375000.0,277.0,1,Asian,Joint,25-34,80.0,Loan originated
1,505000.0,42,625000.0,150.0,1,Asian,Male,25-34,80.0,Loan originated
1,125000.0,20%-<30%,275000.0,139.0,1,Asian,Female,45-54,46.23,Loan originated
1,195000.0,41,355000.0,78.0,1,White,Male,35-44,55.432,Loan originated
1,125000.0,43,475000.0,41.0,1,White,Joint,55-64,26.316,Loan originated
1,745000.0,47,775000.0,175.0,1,Hispanic or Latino,Joint,35-44,96.5,Loan originated
1,645000.0,41,755000.0,218.0,1,Asian,Joint,35-44,84.999,Loan originated
1,375000.0,37,1075000.0,186.0,1,Hispanic or Latino,Female,55-64,34.884,Loan originated
1,555000.0,49,715000.0,110.0,1,White,Female,25-34,77.7,Loan originated
1,85000.0,37,175000.0,137.0,1,White,Female,65-74,47.49,Loan originated
1,995000.0,43,1105000.0,271.0,1,Asian,Male,25-34,89.994,Loan originated
1,1095000.0,42,1565000.0,278.0,1,White,Male,35-44,70.224,Loan originated
1,385000.0,39,475000.0,138.0,1,White,Joint,25-34,80.0,Loan originated
1,455000.0,20%-<30%,475000.0,188.0,1,Hispanic or Latino,Joint,25-34,95.0,Loan originated
1,545000.0,40,685000.0,149.0,1,Hispanic or Latino,Female,25-34,80.0,Loan originated
1,645000.0,>60%,725000.0,66.0,1,Asian,Male,35-44,90.0,Application denied
1,255000.0,<20%,505000.0,116.0,1,Asian,Female,>74,50.0,Application denied
1,945000.0,40,1265000.0,238.0,1,Asian,Female,25-34,75.22,Loan originated
1,185000.0,41,225000.0,90.0,1,White,Male,35-44,85.0,Loan originated
1,585000.0,50%-60%,775000.0,161.0,1,White,Joint,25-34,75.0,Application denied
1,515000.0,48,645000.0,121.0,1,Asian,Male,35-44,80.0,Loan originated
1,785000.0,20%-<30%,1055000.0,339.0,1,Asian,Female,45-54,75.0,Loan originated
1,525000.0,30%-<36%,655000.0,155.0,1,White,Male,55-64,80.0,Loan originated
1,685000.0,20%-<30%,935000.0,366.0,1,Asian,Joint,45-54,73.35,Loan originated
1,245000.0,<20%,495000.0,192.0,1,White,Joint,25-34,49.495,Loan originated
1,735000.0,36,925000.0,215.0,1,White,Male,55-64,80.0,Loan originated
1,1005000.0,47,1655000.0,465.0,1,Asian,Male,55-64,60.61,Loan originated
1,665000.0,45,1265000.0,164.0,1,Asian,Male,25-34,62.45,Loan originated
1,435000.0,49,725000.0,95.0,1,White,Female,65-74,60.219,Loan originated
1,15000.0,38,475000.0,122.0,1,Hispanic or Latino,Joint,25-34,100.0,Loan originated
1,415000.0,>60%,525000.0,45.0,1,Asian,Male,35-44,80.0,Application denied
1,315000.0,43,395000.0,86.0,1,Hispanic or Latino,Joint,35-44,80.0,Loan originated
1,385000.0,43,475000.0,105.0,1,Hispanic or Latino,Male,25-34,105.319,Application denied
1,425000.0,20%-<30%,1025000.0,184.0,1,Hispanic or Latino,Joint,55-64,41.463,Loan originated
1,1095000.0,30%-<36%,1375000.0,360.0,1,Asian,Joint,25-34,80.0,Loan originated
1,1025000.0,50%-60%,1255000.0,222.0,1,Hispanic or Latino,Joint,35-44,81.28,Application denied
1,835000.0,42,925000.0,222.0,1,Hispanic or Latino,Female,35-44,90.0,Loan originated
1,355000.0,41,915000.0,207.0,1,White,Male,45-54,38.46,Loan originated
1,405000.0,41,425000.0,113.0,1,White,Male,55-64,97.0,Loan originated
1,1025000.0,39,1285000.0,271.0,1,White,Male,35-44,80.0,Loan originated
1,155000.0,43,165000.0,83.0,1,White,Female,35-44,95.0,Loan originated
1,465000.0,50%-60%,485000.0,112.0,1,Hispanic or Latino,Joint,35-44,95.0,Application denied
1,475000.0,30%-<36%,535000.0,171.0,1,Asian,Joint,25-34,90.0,Loan originated
1,755000.0,45,945000.0,187.0,1,Hispanic or Latino,Joint,25-34,79.99,Loan originated
1,485000.0,41,835000.0,160.0,1,Hispanic or Latino,Female,45-54,57.831,Loan originated
1,555000.0,42,585000.0,189.0,1,White,Male,35-44,95.0,Loan originated
