loan_purpose,loan_amount,debt_to_income_ratio,property_value,income,occupancy_type,derived_race,derived_sex,applicant_age,loan_to_value_ratio,action_taken
1,305000.0,20%-<30%,965000.0,203.0,1,White,Joint,65-74,31.25,Loan originated
1,315000.0,49,345000.0,173.0,1,Hispanic or Latino,Joint,25-34,90.0,Loan originated
1,515000.0,<20%,565000.0,270.0,1,White,Male,35-44,90.0,Loan originated
1,395000.0,45,425000.0,85.0,1,Hispanic or Latino,Female,35-44,92.958,Loan originated
1,705000.0,20%-<30%,1165000.0,319.0,1,White,Joint,45-54,60.345,Loan originated
1,455000.0,49,505000.0,155.0,1,White,Female,25-34,90.0,Loan originated
1,105000.0,48,665000.0,65.0,1,White,Female,55-64,14.928,Loan originated
1,425000.0,50%-60%,535000.0,99.0,1,Hispanic or Latino,Joint,55-64,80.0,Application denied
1,685000.0,44,865000.0,160.0,1,Asian,Male,35-44,80.0,Loan originated
1,615000.0,48,685000.0,150.0,1,Black or African American,Joint,35-44,90.0,Loan originated
1,705000.0,41,735000.0,259.0,1,Asian,Joint,25-34,95.0,Loan originated
1,765000.0,49,955000.0,213.0,1,Asian,Male,35-44,80.0,Loan originated
1,115000.0,50%-60%,135000.0,54.0,1,Hispanic or Latino,Joint,65-74,86.67,Loan originated
1,595000.0,49,715000.0,106.0,1,Hispanic or Latino,Male,35-44,83.336,Loan originated
1,245000.0,30%-<36%,335000.0,203.0,1,Hispanic or Latino,Joint,55-64,71.8,Application denied
1,15000.0,30%-<36%,655000.0,185.0,1,Black or African American,Female,35-44,100.0,Loan originated
1,375000.0,42,445000.0,90.0,1,White,Female,35-44,84.41,Loan originated
1,1005000.0,37,2805000.0,329.0,1,Asian,Joint,25-34,35.714,Loan originated
1,395000.0,20%-<30%,795000.0,205.0,1,Asian,Joint,25-34,49.37,Loan originated
1,455000.0,49,485000.0,96.0,1,Asian,Joint,35-44,93.97,Loan originated
1,955000.0,42,1125000.0,225.0,1,Asian,Male,35-44,84.929,Loan originated
1,765000.0,49,845000.0,153.0,1,White,Female,55-64,91.25,Loan originated
1,515000.0,48,535000.0,155.0,1,Hispanic or Latino,Male,45-54,97.0,Loan originated
1,475000.0,44,505000.0,211.0,1,Other,Joint,35-44,95.0,Loan originated
1,615000.0,30%-<36%,645000.0,208.0,1,Asian,Male,35-44,95.0,Loan originated
1,245000.0,46,255000.0,67.0,1,White,Female,25-34,95.0,Loan originated
1,475000.0,20%-<30%,1185000.0,295.0,1,White,Male,45-54,40.0,Loan originated
1,575000.0,38,885000.0,152.0,1,Asian,Female,25-34,64.972,Loan originated
1,305000.0,48,315000.0,63.0,1,White,Male,25-34,97.0,Loan originated
1,755000.0,42,835000.0,201.0,1,Asian,Female,25-34,89.99,Loan originated
1,765000.0,46,805000.0,253.0,1,White,Joint,45-54,95.0,Loan originated
1,615000.0,42,835000.0,197.0,1,White,Joint,45-54,74.13,Loan originated
1,225000.0,20%-<30%,255000.0,267.0,1,White,Joint,45-54,85.0,Loan originated
1,405000.0,43,685000.0,153.0,1,Hispanic or Latino,Joint,35-44,59.361,Loan originated
1,425000.0,30%-<36%,525000.0,139.0,1,White,Female,25-34,82.115,Loan originated
1,1045000.0,39,1315000.0,287.0,1,Asian,Female,25-34,80.0,Loan originated
1,605000.0,40,1275000.0,188.0,1,White,Female,55-64,47.244,Loan originated
1,855000.0,20%-<30%,1715000.0,404.0,1,Asian,Joint,35-44,50.0,Loan originated
1,475000.0,48,505000.0,99.0,1,Hispanic or Latino,Male,35-44,95.0,Loan originated
1,825000.0,45,1025000.0,234.0,1,White,Female,35-44,80.0,Loan originated
1,365000.0,48,455000.0,70.0,1,White,Joint,25-34,80.0,Loan originated
1,575000.0,49,675000.0,103.0,1,Asian,Female,45-54,85.0,Loan originated
1,585000.0,44,725000.0,144.0,1,Asian,Male,55-64,80.0,Loan originated
1,345000.0,37,365000.0,214.0,1,Asian,Joint,45-54,95.0,Loan originated
1,605000.0,44,755000.0,244.0,1,Asian,Male,35-44,80.0,Loan originated
1,315000.0,50%-60%,355000.0,62.0,1,White,Male,<25,88.571,Application denied
1,405000.0,30%-<36%,515000.0,167.0,1,White,Joint,25-34,78.444,Loan originated
1,335000.0,49,355000.0,73.0,1,Hispanic or Latino,Joint,35-44,98.194,Loan originated
1,215000.0,47,385000.0,49.0,1,White,Male,25-34,55.263,Loan originated
1,705000.0,49,785000.0,288.0,1,Hispanic or Latino,Joint,45-54,90.0,Loan originated
1,185000.0,41,465000.0,61.0,1,White,Male,55-64,38.925,Loan originated
1,585000.0,48,615000.0,134.0,1,Hispanic or Latino,Male,25-34,95.0,Loan originated
1,375000.0,45,1055000.0,131.0,1,White,Joint,45-54,35.238,Application denied
1,645000.0,48,895000.0,149.0,1,Asian,Joint,35-44,71.956,Loan originated
1,845000.0,36,1065000.0,273.0,1,White,Female,35-44,80.0,Loan originated
1,565000.0,20%-<30%,815000.0,367.0,1,White,Joint,35-44,70.0,Loan originated
1,615000.0,49,885000.0,128.0,1,White,Female,45-54,70.0,Loan originated
1,375000.0,30%-<36%,675000.0,201.0,1,White,Female,45-54,55.56,Loan originated
1,765000.0,<20%,1095000.0,554.0,1,White,Male,25-34,70.0,Loan originated
1,945000.0,42,1655000.0,347.0,1,Asian,Joint,55-64,57.27,Loan originated
1,995000.0,36,1105000.0,564.0,1,White,Male,25-34,90.0,Loan originated
1,695000.0,50%-60%,865000.0,152.0,1,White,Male,55-64,80.0,Loan originated
1,535000.0,<20%,765000.0,311.0,1,White,Joint,35-44,69.737,Loan originated
1,465000.0,<20%,555000.0,589.0,1,White,Male,55-64,85.0,Loan originated
1,715000.0,50%-60%,755000.0,208.0,1,Asian,Male,25-34,95.0,Loan originated
1,285000.0,20%-<30%,735000.0,336.0,1,Asian,Joint,55-64,38.494,Loan originated
1,65000.0,20%-<30%,135000.0,81.0,1,Hispanic or Latino,Male,45-54,52.29,Loan originated
1,795000.0,20%-<30%,1445000.0,311.0,1,White,Joint,35-44,54.861,Loan originated
1,495000.0,38,1395000.0,179.0,1,White,Female,45-54,36.0,Loan originated
1,225000.0,40,235000.0,87.0,1,White,Joint,35-44,95.0,Loan originated
1,725000.0,30%-<36%,785000.0,224.0,1,White,Female,35-44,92.36,Loan originated
1,565000.0,49,705000.0,132.0,1,White,Female,35-44,100.0,Loan originated
1,385000.0,20%-<30%,555000.0,257.0,1,White,Joint,25-34,70.0,Loan originated
1,735000.0,42,775000.0,181.0,1,White,Joint,35-44,95.0,Loan originated
1,355000.0,47,745000.0,83.0,1,Asian,Joint,55-64,46.79,Loan originated
1,415000.0,46,595000.0,98.0,1,White,Female,25-34,69.49,Loan originated
1,195000.0,30%-<36%,245000.0,135.0,1,Hispanic or Latino,Male,25-34,80.0,Loan originated
1,765000.0,42,845000.0,184.0,1,White,Female,25-34,91.25,Loan originated
1,405000.0,20%-<30%,805000.0,202.0,1,Asian,Joint,35-44,49.566,Loan originated
1,585000.0,42,615000.0,156.0,1,White,Male,25-34,96.639,Loan originated
1,585000.0,41,875000.0,244.0,1,Asian,Female,25-34,66.525,Loan originated
1,655000.0,38,825000.0,214.0,1,Hispanic or Latino,Joint,25-34,80.0,Loan originated
1,525000.0,44,555000.0,137.0,1,Hispanic or Latino,Joint,25-34,95.0,Loan originated
1,895000.0,39,1885000.0,400.0,1,Asian,Joint,55-64,47.222,Loan originated
1,595000.0,45,1175000.0,157.0,1,White,Male,55-64,51.022,Loan originated
1,245000.0,46,505000.0,102.0,1,Hispanic or Latino,Joint,25-34,47.53,Loan originated
1,365000.0,36,405000.0,100.0,1,White,Female,35-44,90.0,Loan originated
1,565000.0,44,675000.0,173.0,1,Hispanic or Latino,Joint,35-44,84.0,Loan originated
1,435000.0,20%-<30%,475000.0,166.0,1,Asian,Male,45-54,89.979,Loan originated
1,615000.0,46,635000.0,191.0,1,Asian,Joint,35-44,97.0,Loan originated
1,425000.0,20%-<30%,525000.0,318.0,1,White,Joint,25-34,80.0,Loan originated
1,1005000.0,38,1055000.0,337.0,1,White,Male,35-44,95.0,Loan originated
1,765000.0,48,1205000.0,163.0,1,Hispanic or Latino,Female,35-44,64.0,Loan originated
1,415000.0,49,525000.0,84.0,1,White,Male,35-44,78.701,Loan originated
1,395000.0,39,495000.0,171.0,1,Asian,Female,35-44,80.0,Loan originated
1,715000.0,49,895000.0,223.0,1,White,Female,45-54,80.0,Application denied
1,625000.0,46,835000.0,250.0,1,Hispanic or Latino,Female,45-54,75.0,Loan originated
1,345000.0,49,435000.0,83.0,1,White,Male,45-54,80.0,Loan originated
1,355000.0,20%-<30%,455000.0,218.0,1,White,Male,55-64,77.78,Loan originated
1,475000.0,47,535000.0,125.0,1,Asian,Female,25-34,89.0,Loan originated
1,425000.0,44,455000.0,95.0,1,Black or African American,Female,35-44,95.0,Loan originated
1,665000.0,39,695000.0,173.0,1,White,Female,35-44,95.0,Loan originated
1,345000.0,37,425000.0,104.0,1,Hispanic or Latino,Joint,25-34,100.0,Loan originated
1,675000.0,30%-<36%,845000.0,216.0,1,White,Female,25-34,80.0,Loan originated
1,445000.0,49,595000.0,100.0,1,White,Female,55-64,75.0,Loan originated
1,465000.0,30%-<36%,1215000.0,143.0,1,White,Female,45-54,39.0,Loan originated
1,515000.0,48,645000.0,106.0,1,Asian,Female,25-34,80.0,Loan originated
1,585000.0,48,765000.0,185.0,1,Asian,Joint,45-54,76.903,Loan originated
1,575000.0,49,615000.0,222.0,1,Hispanic or Latino,Joint,35-44,95.0,Loan originated
1,575000.0,47,605000.0,245.0,1,White,Joint,45-54,95.0,Loan originated
1,1085000.0,42,1205000.0,237.0,1,Asian,Male,25-34,90.0,Loan originated
1,105000.0,30%-<36%,475000.0,48.0,1,White,Female,55-64,21.277,Loan originated
1,85000.0,49,435000.0,80.0,1,Hispanic or Latino,Male,55-64,104.767,Loan originated
1,775000.0,47,1105000.0,196.0,1,White,Male,45-54,70.0,Loan originated
1,475000.0,30%-<36%,855000.0,173.0,1,White,Joint,25-34,55.294,Loan originated
1,655000.0,47,1185000.0,206.0,1,Asian,Male,25-34,56.0,Loan originated
1,255000.0,30%-<36%,455000.0,77.0,1,Hispanic or Latino,Female,45-54,56.04,Loan originated
1,525000.0,42,665000.0,198.0,1,Asian,Female,25-34,80.0,Loan originated
1,665000.0,49,885000.0,181.0,1,Black or African American,Female,45-54,74.913,Loan originated
1,205000.0,<20%,655000.0,600.0,1,Asian,Male,55-64,30.769,Application denied
1,825000.0,49,1225000.0,276.0,1,Hispanic or Latino,Joint,25-34,67.347,Loan originated
1,595000.0,46,895000.0,179.0,1,White,Joint,35-44,67.0,Loan originated
1,565000.0,20%-<30%,705000.0,270.0,1,Hispanic or Latino,Male,35-44,80.0,Loan originated
1,445000.0,20%-<30%,615000.0,380.0,1,White,Female,25-34,73.275,Loan originated
1,405000.0,40,425000.0,93.0,1,White,Male,35-44,95.0,Loan originated
1,1025000.0,43,1525000.0,355.0,1,White,Male,35-44,67.105,Loan originated
1,905000.0,44,1305000.0,285.0,1,White,Joint,35-44,69.231,Loan originated
1,1125000.0,45,1875000.0,255.0,1,White,Female,35-44,60.0,Loan originated
1,905000.0,37,955000.0,264.0,1,White,Male,45-54,95.0,Loan originated
1,165000.0,45,325000.0,51.0,1,Hispanic or Latino,Female,35-44,50.0,Loan originated
1,605000.0,44,755000.0,150.0,1,White,Female,45-54,80.0,Loan originated
1,295000.0,40,545000.0,86.0,1,White,Female,35-44,53.704,Loan originated
1,765000.0,30%-<36%,1125000.0,231.0,1,Hispanic or Latino,Male,25-34,68.111,Loan originated
1,445000.0,42,525000.0,152.0,1,Asian,Male,25-34,84.869,Loan originated
1,565000.0,30%-<36%,815000.0,288.0,1,White,Joint,55-64,69.325,Loan originated
1,535000.0,38,595000.0,137.0,1,Asian,Male,35-44,90.0,Loan originated
1,305000.0,42,315000.0,77.0,1,Hispanic or Latino,Male,25-34,95.0,Loan originated
1,285000.0,47,575000.0,81.0,1,Asian,Female,25-34,50.0,Loan originated
1,435000.0,30%-<36%,685000.0,200.0,1,Asian,Male,35-44,63.71,Loan originated
1,605000.0,45,765000.0,263.0,1,Hispanic or Latino,Male,55-64,80.0,Loan originated
1,375000.0,47,505000.0,115.0,1,Asian,Female,35-44,74.999,Loan originated
1,485000.0,46,605000.0,128.0,1,White,Male,25-34,80.0,Loan originated
1,405000.0,49,1315000.0,247.0,1,White,Joint,35-44,30.395,Loan originated
1,525000.0,44,755000.0,293.0,1,Hispanic or Latino,Male,25-34,70.0,Loan originated
1,785000.0,46,835000.0,257.0,1,Asian,Male,25-34,95.0,Loan originated
1,595000.0,30%-<36%,615000.0,186.0,1,Asian,Joint,35-44,97.0,Loan originated
1,415000.0,>60%,695000.0,154.0,1,Asian,Male,25-34,59.77,Loan originated
1,725000.0,49,805000.0,207.0,1,White,Male,65-74,90.0,Loan originated
1,585000.0,36,735000.0,163.0,1,Asian,Female,25-34,80.0,Loan originated
1,765000.0,46,975000.0,186.0,1,White,Joint,35-44,78.621,Loan originated
1,475000.0,49,505000.0,113.0,1,Hispanic or Latino,Joint,45-54,95.0,Loan originated
1,925000.0,40,1325000.0,323.0,1,White,Joint,25-34,69.811,Loan originated
1,565000.0,38,705000.0,140.0,1,White,Male,25-34,80.0,Loan originated
1,615000.0,38,825000.0,155.0,1,White,Female,35-44,75.0,Loan originated
1,435000.0,46,545000.0,127.0,1,Asian,Female,25-34,80.0,Loan originated
1,295000.0,48,315000.0,81.0,1,Hispanic or Latino,Female,<25,95.0,Loan originated
1,435000.0,30%-<36%,545000.0,136.0,1,Hispanic or Latino,Female,45-54,80.0,Loan originated
1,275000.0,49,335000.0,68.0,1,Hispanic or Latino,Female,25-34,80.0,Loan originated
1,185000.0,30%-<36%,275000.0,72.0,1,White,Male,25-34,69.0,Loan originated
1,375000.0,46,395000.0,80.0,1,Asian,Female,45-54,95.0,Application denied
1,765000.0,46,1065000.0,167.0,1,White,Joint,35-44,71.81,Loan originated
1,445000.0,37,595000.0,117.0,1,White,Male,25-34,74.96,Loan originated
1,575000.0,49,725000.0,109.0,1,White,Male,25-34,100.0,Loan originated
1,225000.0,46,515000.0,69.0,1,Hispanic or Latino,Male,45-54,43.107,Loan originated
1,325000.0,49,635000.0,109.0,1,White,Male,65-74,51.555,Loan originated
1,485000.0,30%-<36%,705000.0,199.0,1,Black or African American,Female,35-44,70.0,Loan originated
1,685000.0,47,725000.0,164.0,1,Hispanic or Latino,Male,25-34,94.966,Loan originated
1,445000.0,20%-<30%,915000.0,268.0,1,White,Joint,55-64,48.784,Loan originated
1,375000.0,44,635000.0,119.0,1,White,Joint,55-64,61.77,Loan originated
1,665000.0,39,1045000.0,231.0,1,Asian,Joint,35-44,63.74,Loan originated
1,915000.0,45,1145000.0,272.0,1,White,Joint,35-44,80.0,Loan originated
1,695000.0,30%-<36%,775000.0,262.0,1,White,Female,35-44,89.935,Loan originated
1,545000.0,49,675000.0,210.0,1,White,Female,45-54,80.0,Loan originated
1,465000.0,43,935000.0,279.0,1,Asian,Male,45-54,49.843,Loan originated
1,415000.0,30%-<36%,635000.0,113.0,1,Asian,Female,45-54,66.0,Loan originated
1,305000.0,47,405000.0,88.0,1,Hispanic or Latino,Joint,<25,75.49,Loan originated
1,555000.0,43,975000.0,243.0,1,Asian,Male,25-34,56.55,Loan originated
1,305000.0,44,665000.0,97.0,1,White,Female,35-44,45.11,Loan originated
1,805000.0,44,2605000.0,398.0,1,White,Joint,35-44,30.769,Loan originated
1,735000.0,37,775000.0,210.0,1,Asian,Joint,25-34,95.0,Loan originated
1,505000.0,40,585000.0,119.0,1,White,Female,25-34,85.47,Loan originated
1,245000.0,50%-60%,305000.0,69.0,1,Hispanic or Latino,Male,45-54,80.0,Application denied
1,565000.0,30%-<36%,585000.0,155.0,1,Hispanic or Latino,Joint,35-44,97.0,Loan originated
1,495000.0,44,995000.0,127.0,1,White,Female,25-34,49.495,Loan originated
1,275000.0,48,505000.0,180.0,1,White,Joint,65-74,54.241,Loan originated
1,475000.0,38,595000.0,155.0,1,White,Joint,65-74,80.0,Loan originated
1,535000.0,40,565000.0,183.0,1,White,Male,35-44,95.0,Loan originated
1,365000.0,44,455000.0,108.0,1,Hispanic or Latino,Male,45-54,80.0,Loan originated
1,915000.0,>60%,1145000.0,81.0,1,Asian,Joint,35-44,80.0,Loan originated
1,305000.0,42,565000.0,104.0,1,White,Male,35-44,53.982,Loan originated
1,205000.0,20%-<30%,255000.0,90.0,1,White,Joint,55-64,80.0,Loan originated
1,705000.0,43,735000.0,163.0,1,Asian,Male,35-44,95.0,Loan originated
1,595000.0,49,745000.0,131.0,1,White,Male,35-44,79.865,Loan originated
1,925000.0,49,1155000.0,239.0,1,Asian,Joint,35-44,80.0,Loan originated
1,705000.0,45,785000.0,160.0,1,White,Male,45-54,90.0,Loan originated
1,405000.0,40,455000.0,112.0,1,White,Female,25-34,90.0,Loan originated
1,525000.0,>60%,655000.0,84.0,1,Asian,Joint,35-44,80.0,Application denied
1,1005000.0,30%-<36%,1255000.0,343.0,1,Asian,Joint,25-34,80.0,Loan originated
1,125000.0,42,525000.0,45.0,1,White,Female,45-54,24.0,Loan originated
1,335000.0,44,405000.0,74.0,1,Hispanic or Latino,Male,25-34,104.5,Loan originated
1,715000.0,30%-<36%,705000.0,273.0,1,White,Joint,25-34,101.75,Loan originated
1,765000.0,20%-<30%,1605000.0,950.0,1,White,Joint,65-74,47.909,Loan originated
1,525000.0,48,635000.0,110.0,1,Hispanic or Latino,Female,55-64,83.09,Loan originated
1,905000.0,30%-<36%,1605000.0,508.0,1,Asian,Male,45-54,59.77,Application denied
1,385000.0,30%-<36%,455000.0,119.0,1,Hispanic or Latino,Male,65-74,85.0,Loan originated
1,665000.0,43,835000.0,200.0,1,White,Joint,45-54,80.0,Loan originated
1,275000.0,44,625000.0,70.0,1,Other,Female,55-64,44.0,Loan originated
1,455000.0,43,895000.0,128.0,1,White,Joint,55-64,50.562,Loan originated
1,455000.0,47,485000.0,198.0,1,Hispanic or Latino,Male,65-74,95.0,Loan originated
1,335000.0,20%-<30%,785000.0,180.0,1,White,Joint,35-44,43.0,Loan originated
1,365000.0,44,435000.0,100.0,1,White,Joint,25-34,83.908,Loan originated
1,375000.0,44,525000.0,85.0,1,White,Male,<25,71.429,Loan originated
1,765000.0,47,805000.0,178.0,1,Hispanic or Latino,Male,35-44,95.0,Loan originated
1,625000.0,50%-60%,735000.0,138.0,1,Asian,Female,25-34,85.0,Application denied
1,645000.0,48,675000.0,173.0,1,White,Joint,25-34,95.0,Loan originated
1,155000.0,49,485000.0,48.0,1,White,Joint,65-74,30.613,Loan originated
1,885000.0,47,925000.0,313.0,1,White,Female,35-44,95.0,Loan originated
1,285000.0,47,285000.0,79.0,1,Hispanic or Latino,Female,25-34,97.63,Application denied
1,765000.0,48,825000.0,239.0,1,White,Female,35-44,91.973,Loan originated
1,775000.0,20%-<30%,975000.0,421.0,1,Hispanic or Latino,Male,35-44,80.0,Application denied
1,465000.0,39,685000.0,129.0,1,Hispanic or Latino,Male,35-44,76.67,Loan originated
1,665000.0,20%-<30%,695000.0,275.0,1,White,Joint,35-44,97.0,Loan originated
1,485000.0,48,615000.0,106.0,1,Asian,Joint,55-64,78.68,Loan originated
1,815000.0,37,905000.0,292.0,1,White,Male,25-34,90.0,Loan originated
1,595000.0,47,665000.0,12.0,1,Asian,Joint,35-44,89.92,Loan originated
1,235000.0,42,605000.0,195.0,1,Hispanic or Latino,Female,>74,38.182,Loan originated
1,405000.0,49,505000.0,169.0,1,White,Joint,>74,80.0,Loan originated
1,895000.0,48,1115000.0,325.0,1,White,Joint,25-34,80.0,Loan originated
1,495000.0,47,555000.0,114.0,1,White,Joint,35-44,90.0,Loan originated
1,555000.0,30%-<36%,715000.0,165.0,1,Asian,Male,45-54,77.913,Loan originated
1,405000.0,30%-<36%,955000.0,154.0,1,Asian,Female,35-44,42.105,Loan originated
1,605000.0,39,635000.0,428.0,1,Asian,Male,25-34,95.0,Loan originated
1,295000.0,46,315000.0,68.0,1,Hispanic or Latino,Male,25-34,95.0,Application denied
1,715000.0,48,895000.0,161.0,1,Hispanic or Latino,Female,25-34,80.0,Loan originated
1,385000.0,36,475000.0,140.0,1,Asian,Male,45-54,80.0,Loan originated
1,595000.0,40,1325000.0,178.0,1,Asian,Female,25-34,44.528,Loan originated
1,615000.0,30%-<36%,875000.0,264.0,1,Asian,Male,25-34,69.94,Loan originated
1,1025000.0,20%-<30%,1285000.0,722.0,1,Asian,Male,35-44,80.0,Loan originated
1,545000.0,20%-<30%,685000.0,166.0,1,Asian,Female,35-44,80.0,Loan originated
1,305000.0,41,405000.0,82.0,1,Hispanic or Latino,Male,25-34,95.0,Loan originated
1,505000.0,47,935000.0,216.0,1,White,Joint,65-74,53.596,Loan originated
1,195000.0,<20%,945000.0,152.0,1,White,Joint,35-44,21.0,Loan originated
1,175000.0,44,545000.0,63.0,1,White,Female,45-54,32.657,Loan originated
1,755000.0,30%-<36%,845000.0,226.0,1,White,Female,25-34,90.0,Loan originated
1,785000.0,48,1055000.0,179.0,1,White,Joint,25-34,74.286,Loan originated
1,555000.0,49,715000.0,103.0,1,Asian,Male,25-34,76.61,Loan originated
1,865000.0,45,1075000.0,218.0,1,White,Joint,45-54,80.0,Loan originated
1,495000.0,40,615000.0,370.0,1,White,Male,45-54,80.0,Loan originated
1,455000.0,40,705000.0,156.0,1,White,Joint,45-54,65.0,Loan originated
1,715000.0,45,895000.0,163.0,1,Black or African American,Joint,25-34,80.0,Loan originated
1,515000.0,<20%,655000.0,271.0,1,White,Male,25-34,78.57,Loan originated
1,585000.0,50%-60%,735000.0,129.0,1,Hispanic or Latino,Male,25-34,80.0,Application denied
1,495000.0,>60%,655000.0,142.0,1,White,Joint,25-34,74.886,Application denied
1,785000.0,46,975000.0,241.0,1,Hispanic or Latino,Female,35-44,80.0,Loan originated
1,305000.0,46,585000.0,66.0,1,Hispanic or Latino,Male,35-44,52.586,Loan originated
1,455000.0,42,475000.0,134.0,1,White,Female,25-34,95.0,Loan originated
1,605000.0,41,635000.0,168.0,1,White,Joint,35-44,95.0,Loan originated
1,395000.0,46,405000.0,109.0,1,Hispanic or Latino,Female,35-44,97.0,Loan originated
1,665000.0,45,835000.0,157.0,1,Hispanic or Latino,Joint,<25,80.0,Loan originated
1,505000.0,47,565000.0,247.0,1,Hispanic or Latino,Male,25-34,90.0,Loan originated
1,315000.0,46,375000.0,71.0,1,Hispanic or Latino,Male,45-54,85.0,Loan originated
1,555000.0,20%-<30%,695000.0,243.0,1,Asian,Joint,25-34,80.0,Loan originated
1,515000.0,42,575000.0,193.0,1,White,Joint,35-44,90.0,Loan originated
1,795000.0,30%-<36%,995000.0,254.0,1,White,Joint,25-34,80.0,Loan originated
1,675000.0,49,735000.0,170.0,1,Hispanic or Latino,Joint,35-44,93.082,Loan originated
1,355000.0,30%-<36%,855000.0,146.0,1,Black or African American,Male,65-74,42.0,Loan originated
1,915000.0,30%-<36%,1785000.0,315.0,1,Asian,Joint,35-44,50.98,Loan originated
1,495000.0,44,655000.0,162.0,1,White,Joint,35-44,75.0,Loan originated
1,415000.0,49,515000.0,118.0,1,Hispanic or Latino,Male,25-34,80.0,Loan originated
1,455000.0,41,485000.0,108.0,1,Hispanic or Latino,Female,25-34,94.0,Application denied
1,425000.0,48,485000.0,113.0,1,Hispanic or Latino,Joint,25-34,86.598,Loan originated
1,345000.0,45,495000.0,107.0,1,White,Female,35-44,69.94,Loan originated
1,295000.0,30%-<36%,365000.0,130.0,1,Hispanic or Latino,Male,35-44,80.0,Loan originated
1,295000.0,37,645000.0,134.0,1,Asian,Female,>74,46.071,Application denied
1,625000.0,20%-<30%,1245000.0,251.0,1,White,Joint,35-44,50.41,Loan originated
1,255000.0,30%-<36%,925000.0,136.0,1,Hispanic or Latino,Female,35-44,27.028,Loan originated
1,525000.0,49,875000.0,138.0,1,White,Male,>74,60.0,Loan originated
1,805000.0,49,1655000.0,175.0,1,White,Male,35-44,49.0,Loan originated
1,295000.0,40,365000.0,88.0,1,Hispanic or Latino,Male,35-44,80.0,Loan originated
1,415000.0,30%-<36%,695000.0,154.0,1,Black or African American,Female,55-64,60.0,Loan originated
1,765000.0,43,835000.0,166.0,1,White,Male,25-34,92.355,Loan originated
1,355000.0,49,725000.0,90.0,1,Asian,Female,55-64,49.18,Loan originated
1,1115000.0,38,1325000.0,301.0,1,Asian,Joint,25-34,83.774,Loan originated
1,335000.0,50%-60%,395000.0,64.0,1,White,Female,35-44,84.615,Loan originated
1,525000.0,40,585000.0,151.0,1,White,Joint,45-54,90.0,Loan originated
1,445000.0,30%-<36%,455000.0,209.0,1,Black or African American,Female,45-54,97.0,Loan originated
1,1095000.0,40,1285000.0,305.0,1,White,Joint,35-44,85.0,Loan originated
1,455000.0,48,475000.0,131.0,1,Black or African American,Female,25-34,95.0,Loan originated
1,635000.0,44,705000.0,244.0,1,Asian,Joint,25-34,90.522,Loan originated
1,425000.0,20%-<30%,525000.0,161.0,1,White,Female,45-54,80.0,Loan originated
1,665000.0,41,695000.0,152.0,1,Hispanic or Latino,Male,45-54,94.999,Loan originated
1,675000.0,48,845000.0,195.0,1,Asian,Male,35-44,80.0,Application denied
1,925000.0,39,1305000.0,422.0,1,White,Joint,25-34,89.99,Loan originated
1,465000.0,30%-<36%,625000.0,247.0,1,White,Female,35-44,75.0,Loan originated
1,645000.0,49,685000.0,141.0,1,White,Female,45-54,95.0,Loan originated
1,735000.0,47,1155000.0,162.0,1,Asian,Female,<25,63.939,Loan originated
1,605000.0,>60%,1305000.0,120.0,1,White,Female,45-54,46.15,Application denied
1,545000.0,41,925000.0,130.0,1,White,Male,45-54,59.24,Loan originated
1,285000.0,41,365000.0,94.0,1,White,Male,25-34,80.0,Loan originated
1,65000.0,20%-<30%,635000.0,74.0,1,Hispanic or Latino,Joint,45-54,9.375,Loan originated
1,415000.0,>60%,515000.0,112.0,1,Asian,Male,25-34,80.154,Application denied
1,855000.0,49,2435000.0,364.0,1,Asian,Joint,55-64,34.98,Loan originated
1,135000.0,20%-<30%,405000.0,74.0,1,White,Female,65-74,33.75,Loan originated
1,365000.0,45,555000.0,146.0,1,White,Male,35-44,67.0,Loan originated
1,505000.0,41,525000.0,120.0,1,Other,Female,25-34,97.0,Loan originated
1,375000.0,49,485000.0,90.0,1,Black or African American,Female,55-64,78.125,Loan originated
1,705000.0,43,1185000.0,194.0,1,White,Joint,>74,59.323,Loan originated
1,1105000.0,20%-<30%,1575000.0,368.0,1,Asian,Joint,25-34,70.0,Loan originated
1,115000.0,48,295000.0,147.0,1,White,Male,55-64,38.462,Loan originated
1,755000.0,45,945000.0,167.0,1,White,Joint,35-44,80.0,Loan originated
1,305000.0,30%-<36%,555000.0,110.0,1,Asian,Female,25-34,54.152,Loan originated
1,125000.0,49,525000.0,48.0,1,White,Female,55-64,24.58,Loan originated
1,285000.0,49,295000.0,56.0,1,Hispanic or Latino,Male,25-34,95.0,Loan originated
1,555000.0,45,695000.0,145.0,1,Asian,Joint,35-44,79.997,Loan originated
1,425000.0,30%-<36%,465000.0,142.0,1,Asian,Joint,35-44,89.99,Loan originated
1,645000.0,43,695000.0,203.0,1,Hispanic or Latino,Joint,25-34,94.0,Loan originated
1,315000.0,20%-<30%,745000.0,177.0,1,Hispanic or Latino,Joint,45-54,42.31,Loan originated
1,465000.0,20%-<30%,625000.0,195.0,1,White,Joint,25-34,75.0,Loan originated
1,415000.0,50%-60%,525000.0,110.0,1,White,Female,55-64,80.0,Loan originated
1,665000.0,44,675000.0,211.0,1,White,Joint,45-54,98.446,Application denied
1,755000.0,42,945000.0,212.0,1,White,Male,45-54,80.0,Loan originated
1,1085000.0,42,1355000.0,259.0,1,White,Male,45-54,80.0,Loan originated
1,535000.0,46,765000.0,168.0,1,Asian,Female,35-44,70.0,Loan originated
1,735000.0,48,915000.0,158.0,1,Asian,Joint,45-54,80.0,Loan originated
1,755000.0,>60%,865000.0,121.0,1,Black or African American,Joint,35-44,87.283,Loan originated
1,1005000.0,37,1155000.0,282.0,1,Asian,Joint,35-44,87.315,Loan originated
1,475000.0,45,1275000.0,204.0,1,White,Male,45-54,37.255,Loan originated
1,475000.0,48,495000.0,134.0,1,Asian,Joint,35-44,95.0,Loan originated
1,1105000.0,20%-<30%,1295000.0,444.0,1,White,Male,25-34,85.0,Application denied
1,735000.0,50%-60%,1135000.0,173.0,1,Asian,Joint,25-34,65.0,Application denied
1,845000.0,49,1055000.0,388.0,1,Asian,Female,25-34,80.0,Loan originated
1,705000.0,40,785000.0,161.0,1,Hispanic or Latino,Male,25-34,89.999,Loan originated
1,605000.0,30%-<36%,805000.0,192.0,1,White,Joint,35-44,75.0,Loan originated
1,665000.0,48,955000.0,143.0,1,Asian,Male,35-44,70.0,Loan originated
1,745000.0,38,1365000.0,297.0,1,White,Joint,55-64,54.692,Loan originated
1,215000.0,30%-<36%,225000.0,120.0,1,White,Male,25-34,95.0,Loan originated
1,525000.0,44,1295000.0,133.0,1,White,Female,65-74,40.541,Loan originated
1,315000.0,42,865000.0,102.0,1,White,Joint,35-44,35.838,Loan originated
1,465000.0,20%-<30%,575000.0,192.0,1,White,Joint,25-34,80.0,Loan originated
1,615000.0,47,825000.0,135.0,1,White,Female,35-44,75.0,Loan originated
1,295000.0,20%-<30%,365000.0,118.0,1,Asian,Female,35-44,80.0,Application denied
1,765000.0,46,1105000.0,184.0,1,White,Joint,35-44,69.682,Loan originated
1,205000.0,42,305000.0,55.0,1,Hispanic or Latino,Female,35-44,102.0,Loan originated
1,1065000.0,30%-<36%,1335000.0,299.0,1,Asian,Joint,35-44,80.0,Loan originated
1,1065000.0,42,1255000.0,296.0,1,Asian,Joint,55-64,84.96,Loan originated
1,425000.0,36,445000.0,131.0,1,Hispanic or Latino,Joint,25-34,97.0,Loan originated
1,655000.0,44,1355000.0,237.0,1,White,Joint,55-64,48.339,Loan originated
1,805000.0,40,1255000.0,85.0,1,White,Joint,25-34,63.75,Loan originated
1,435000.0,46,655000.0,136.0,1,White,Joint,35-44,66.154,Loan originated
1,325000.0,43,345000.0,94.0,1,Hispanic or Latino,Male,25-34,95.0,Loan originated
1,425000.0,20%-<30%,765000.0,220.0,1,White,Joint,25-34,55.263,Loan originated
1,635000.0,38,655000.0,213.0,1,White,Male,35-44,97.0,Loan originated
1,625000.0,45,785000.0,128.0,1,Asian,Joint,35-44,80.0,Loan originated
1,975000.0,30%-<36%,1265000.0,283.0,1,White,Male,55-64,77.39,Loan originated
1,665000.0,41,925000.0,149.0,1,White,Female,35-44,72.041,Loan originated
1,115000.0,30%-<36%,675000.0,127.0,1,White,Female,45-54,17.113,Loan originated
1,385000.0,20%-<30%,425000.0,189.0,1,White,Joint,35-44,90.0,Loan originated
1,455000.0,47,1825000.0,204.0,1,White,Male,45-54,25.0,Loan originated
1,755000.0,49,1255000.0,152.0,1,Asian,Joint,45-54,60.0,Loan originated
1,355000.0,41,445000.0,91.0,1,White,Male,25-34,80.0,Loan originated
1,865000.0,20%-<30%,1075000.0,333.0,1,Asian,Joint,25-34,80.0,Loan originated
1,345000.0,30%-<36%,545000.0,146.0,1,White,Joint,65-74,64.0,Loan originated
1,695000.0,48,885000.0,176.0,1,White,Joint,35-44,77.97,Loan originated
1,335000.0,47,375000.0,96.0,1,Asian,Male,45-54,90.0,Loan originated
1,695000.0,49,725000.0,153.0,1,White,Joint,45-54,94.99,Loan originated
1,315000.0,36,395000.0,81.0,1,White,Male,35-44,100.0,Loan originated
1,645000.0,44,675000.0,150.0,1,Hispanic or Latino,Male,45-54,95.0,Loan originated
1,355000.0,37,615000.0,121.0,1,White,Female,45-54,56.911,Loan originated
1,415000.0,30%-<36%,575000.0,142.0,1,White,Female,65-74,73.509,Loan originated
1,485000.0,49,605000.0,111.0,1,Asian,Joint,45-54,80.0,Loan originated
1,785000.0,39,1055000.0,250.0,1,Asian,Female,45-54,75.0,Loan originated
1,585000.0,48,625000.0,127.0,1,White,Male,55-64,95.0,Loan originated
1,765000.0,41,905000.0,220.0,1,White,Male,25-34,85.167,Loan originated
1,685000.0,42,765000.0,176.0,1,Asian,Female,45-54,89.99,Loan originated
1,365000.0,36,415000.0,167.0,1,White,Joint,55-64,90.0,Loan originated
1,155000.0,20%-<30%,255000.0,139.0,1,White,Joint,55-64,61.39,Loan originated
1,295000.0,46,305000.0,67.0,1,White,Male,25-34,97.0,Loan originated
1,455000.0,>60%,665000.0,40.0,1,Asian,Male,25-34,68.0,Application denied
1,565000.0,46,625000.0,186.0,1,Asian,Joint,25-34,89.99,Loan originated
1,365000.0,44,385000.0,77.0,1,Black or African American,Female,35-44,97.0,Loan originated
1,685000.0,49,855000.0,238.0,1,Asian,Female,25-34,79.989,Loan originated
1,615000.0,43,655000.0,216.0,1,White,Joint,25-34,95.0,Loan originated
1,345000.0,38,495000.0,115.0,1,White,Female,25-34,70.0,Loan originated
1,125000.0,30%-<36%,735000.0,58.0,1,Hispanic or Latino,Female,65-74,17.123,Loan originated
1,755000.0,20%-<30%,865000.0,245.0,1,Asian,Joint,25-34,87.28,Loan originated
1,495000.0,50%-60%,525000.0,93.0,1,White,Male,25-34,95.0,Application denied
1,315000.0,47,365000.0,75.0,1,Hispanic or Latino,Female,25-34,87.0,Loan originated
1,925000.0,43,1155000.0,273.0,1,White,Female,35-44,80.0,Application denied
1,715000.0,46,755000.0,150.0,1,Asian,Male,35-44,95.0,Loan originated
1,225000.0,46,255000.0,62.0,1,White,Female,55-64,90.0,Loan originated
1,765000.0,46,1835000.0,190.0,1,White,Joint,25-34,41.771,Loan originated
1,715000.0,42,915000.0,178.0,1,White,Male,35-44,79.0,Loan originated
1,685000.0,48,725000.0,161.0,1,Hispanic or Latino,Female,25-34,95.0,Loan originated
1,565000.0,45,715000.0,295.0,1,White,Joint,35-44,80.0,Loan originated
1,485000.0,30%-<36%,705000.0,145.0,1,Black or African American,Female,35-44,69.286,Loan originated
1,445000.0,42,465000.0,113.0,1,Hispanic or Latino,Joint,<25,100.0,Loan originated
1,665000.0,45,785000.0,173.0,1,Black or African American,Male,35-44,85.0,Loan originated
1,725000.0,42,815000.0,180.0,1,White,Female,35-44,90.0,Loan originated
1,615000.0,44,1105000.0,210.0,1,Asian,Joint,25-34,55.2,Loan originated
1,805000.0,30%-<36%,1005000.0,379.0,1,Asian,Male,55-64,80.0,Loan originated
1,455000.0,49,485000.0,86.0,1,Hispanic or Latino,Joint,35-44,98.0,Loan originated
1,665000.0,40,825000.0,357.0,1,Asian,Joint,35-44,80.0,Loan originated
1,485000.0,37,605000.0,139.0,1,Black or African American,Female,55-64,80.0,Loan originated
1,765000.0,46,855000.0,164.0,1,White,Male,35-44,89.412,Loan originated
1,525000.0,30%-<36%,655000.0,133.0,1,Asian,Female,45-54,83.0,Loan originated
1,355000.0,43,395000.0,140.0,1,White,Male,55-64,90.0,Loan originated
1,265000.0,42,335000.0,77.0,1,Hispanic or Latino,Joint,25-34,80.0,Loan originated
1,365000.0,50%-60%,385000.0,78.0,1,Hispanic or Latino,Male,55-64,95.0,Loan originated
1,535000.0,46,665000.0,83.0,1,Asian,Male,25-34,80.0,Loan originated
1,635000.0,30%-<36%,745000.0,211.0,1,Hispanic or Latino,Male,45-54,85.0,Loan originated
1,965000.0,39,1205000.0,538.0,1,Hispanic or Latino,Female,25-34,80.0,Loan originated
1,815000.0,>60%,1025000.0,139.0,1,White,Joint,25-34,80.0,Application denied
1,365000.0,48,385000.0,115.0,1,Hispanic or Latino,Female,45-54,95.0,Loan originated
1,645000.0,30%-<36%,865000.0,188.0,1,Asian,Joint,35-44,75.0,Loan originated
1,1015000.0,44,1355000.0,215.0,1,White,Male,25-34,75.0,Loan originated
1,765000.0,41,805000.0,198.0,1,Asian,Male,25-34,95.0,Loan originated
1,165000.0,36,175000.0,109.0,1,Black or African American,Female,35-44,95.0,Loan originated
1,755000.0,42,1095000.0,215.0,1,Asian,Female,35-44,68.427,Loan originated
1,635000.0,39,1155000.0,181.0,1,White,Joint,25-34,54.984,Loan originated
1,355000.0,38,505000.0,208.0,1,White,Female,65-74,70.0,Loan originated
1,255000.0,<20%,575000.0,200.0,1,White,Female,35-44,43.48,Loan originated
1,495000.0,47,555000.0,225.0,1,Asian,Male,55-64,89.189,Loan originated
1,545000.0,30%-<36%,1065000.0,265.0,1,Asian,Male,35-44,50.69,Loan originated
1,635000.0,40,655000.0,186.0,1,Asian,Female,25-34,99.308,Loan originated
1,455000.0,48,1655000.0,197.0,1,White,Male,65-74,27.273,Loan originated
1,15000.0,30%-<36%,485000.0,126.0,1,Asian,Male,35-44,100.0,Loan originated
1,985000.0,48,1225000.0,239.0,1,White,Joint,45-54,80.0,Loan originated
1,715000.0,41,745000.0,332.0,1,Asian,Joint,45-54,95.0,Loan originated
1,675000.0,47,745000.0,364.0,1,Hispanic or Latino,Joint,45-54,90.0,Loan originated
1,705000.0,36,705000.0,306.0,1,Hispanic or Latino,Male,45-54,99.79,Application denied
1,435000.0,46,515000.0,100.0,1,White,Female,25-34,85.0,Loan originated
1,745000.0,20%-<30%,1245000.0,350.0,1,Asian,Male,25-34,60.0,Loan originated
1,415000.0,20%-<30%,515000.0,130.0,1,Hispanic or Latino,Male,25-34,79.61,Loan originated
1,1045000.0,47,1305000.0,392.0,1,Asian,Joint,45-54,80.0,Loan originated
1,1115000.0,30%-<36%,1855000.0,380.0,1,Asian,Joint,35-44,60.0,Loan originated
1,875000.0,36,1125000.0,258.0,1,White,Male,25-34,77.679,Loan originated
1,565000.0,20%-<30%,595000.0,235.0,1,White,Joint,35-44,95.0,Loan originated
1,205000.0,50%-60%,425000.0,122.0,1,White,Joint,>74,47.059,Application denied
1,505000.0,43,625000.0,157.0,1,White,Female,35-44,80.0,Loan originated
1,395000.0,50%-60%,485000.0,384.0,1,Asian,Joint,<25,80.0,Loan originated
1,575000.0,30%-<36%,715000.0,202.0,1,Hispanic or Latino,Male,45-54,80.0,Loan originated
1,855000.0,44,1135000.0,254.0,1,White,Female,25-34,75.0,Loan originated
1,765000.0,44,1355000.0,337.0,1,White,Joint,45-54,56.667,Loan originated
1,455000.0,37,565000.0,147.0,1,White,Female,45-54,80.0,Loan originated
1,515000.0,41,545000.0,120.0,1,Asian,Female,<25,95.0,Loan originated
1,265000.0,36,285000.0,72.0,1,White,Male,25-34,92.98,Loan originated
1,475000.0,49,585000.0,101.0,1,Asian,Male,35-44,80.0,Loan originated
1,735000.0,49,775000.0,169.0,1,Hispanic or Latino,Joint,45-54,95.0,Loan originated
1,545000.0,44,845000.0,131.0,1,White,Female,65-74,64.5,Loan originated
1,175000.0,20%-<30%,225000.0,244.0,1,Hispanic or Latino,Male,<25,80.0,Loan originated
1,715000.0,49,955000.0,162.0,1,Asian,Joint,25-34,75.0,Loan originated
1,455000.0,43,475000.0,109.0,1,Hispanic or Latino,Male,35-44,95.0,Loan originated
1,1135000.0,36,1575000.0,424.0,1,Asian,Joint,25-34,71.955,Loan originated
1,425000.0,49,525000.0,102.0,1,Hispanic or Latino,Male,25-34,80.0,Application denied
1,15000.0,38,465000.0,102.0,1,Hispanic or Latino,Joint,35-44,100.0,Loan originated
1,765000.0,30%-<36%,955000.0,385.0,1,Hispanic or Latino,Female,45-54,80.0,Loan originated
1,485000.0,20%-<30%,875000.0,207.0,1,Asian,Joint,25-34,55.852,Loan originated
1,1145000.0,43,2055000.0,271.0,1,Asian,Male,35-44,56.089,Loan originated
1,755000.0,46,945000.0,221.0,1,White,Male,45-54,80.0,Loan originated
1,635000.0,42,795000.0,163.0,1,White,Joint,35-44,80.0,Loan originated
1,545000.0,37,675000.0,219.0,1,Hispanic or Latino,Female,25-34,90.0,Application denied
1,385000.0,43,585000.0,190.0,1,Hispanic or Latino,Male,35-44,65.606,Loan originated
1,545000.0,38,615000.0,174.0,1,Asian,Female,35-44,90.0,Loan originated
1,475000.0,49,725000.0,109.0,1,White,Male,25-34,65.382,Loan originated
1,675000.0,50%-60%,935000.0,230.0,1,White,Male,45-54,72.0,Loan originated
1,365000.0,44,485000.0,90.0,1,Asian,Male,25-34,95.0,Loan originated
1,265000.0,42,555000.0,84.0,1,Hispanic or Latino,Male,55-64,48.0,Loan originated
1,735000.0,49,925000.0,141.0,1,White,Male,25-34,80.0,Loan originated
1,635000.0,50%-60%,675000.0,106.0,1,Hispanic or Latino,Joint,25-34,94.519,Loan originated
1,555000.0,49,575000.0,167.0,1,Hispanic or Latino,Joint,55-64,96.5,Loan originated
1,685000.0,38,865000.0,175.0,1,Asian,Female,25-34,80.0,Loan originated
1,545000.0,36,785000.0,219.0,1,Asian,Male,35-44,70.0,Loan originated
1,1085000.0,48,1355000.0,333.0,1,White,Female,35-44,80.0,Loan originated
1,1035000.0,44,1155000.0,287.0,1,White,Joint,35-44,89.91,Loan originated
1,665000.0,44,835000.0,219.0,1,White,Joint,45-54,80.0,Loan originated
1,735000.0,30%-<36%,815000.0,271.0,1,White,Joint,35-44,90.0,Loan originated
1,335000.0,45,445000.0,71.0,1,Hispanic or Latino,Female,45-54,81.923,Application denied
1,455000.0,43,2555000.0,292.0,1,White,Male,65-74,17.65,Loan originated
1,1025000.0,47,1075000.0,274.0,1,White,Joint,35-44,95.0,Loan originated
1,415000.0,30%-<36%,515000.0,153.0,1,Hispanic or Latino,Male,25-34,80.0,Loan originated
1,765000.0,48,975000.0,150.0,1,Black or African American,Joint,45-54,79.0,Loan originated
1,395000.0,46,495000.0,111.0,1,White,Joint,25-34,80.0,Loan originated
1,705000.0,30%-<36%,1005000.0,209.0,1,White,Male,35-44,70.0,Loan originated
1,355000.0,38,755000.0,127.0,1,Asian,Female,35-44,46.67,Loan originated
1,165000.0,36,175000.0,105.0,1,Asian,Female,35-44,94.41,Loan originated
1,365000.0,43,565000.0,103.0,1,Hispanic or Latino,Joint,25-34,64.286,Loan originated
1,365000.0,20%-<30%,455000.0,197.0,1,White,Male,45-54,80.0,Loan originated
1,855000.0,49,905000.0,262.0,1,White,Joint,45-54,95.0,Loan originated
1,255000.0,46,915000.0,69.0,1,Hispanic or Latino,Female,35-44,27.322,Loan originated
1,675000.0,48,745000.0,144.0,1,Hispanic or Latino,Male,25-34,90.0,Loan originated
1,765000.0,36,965000.0,252.0,1,White,Male,35-44,80.0,Loan originated
1,375000.0,20%-<30%,505000.0,226.0,1,Asian,Female,25-34,75.0,Loan originated
1,285000.0,42,305000.0,129.0,1,Other,Male,45-54,95.0,Loan originated
1,995000.0,42,1175000.0,287.0,1,White,Joint,25-34,85.0,Loan originated
1,655000.0,49,1585000.0,172.0,1,Asian,Joint,25-34,41.0,Loan originated
1,405000.0,30%-<36%,455000.0,127.0,1,White,Joint,55-64,90.263,Loan originated
1,495000.0,43,555000.0,114.0,1,Hispanic or Latino,Joint,35-44,89.995,Loan originated
1,405000.0,37,635000.0,171.0,1,White,Joint,45-54,63.091,Loan originated
1,715000.0,38,895000.0,200.0,1,White,Male,25-34,80.0,Loan originated
1,505000.0,30%-<36%,685000.0,174.0,1,Asian,Joint,25-34,72.73,Loan originated
1,255000.0,30%-<36%,445000.0,99.0,1,White,Female,65-74,57.0,Loan originated
1,725000.0,40,915000.0,200.0,1,Asian,Joint,25-34,80.0,Loan originated
1,505000.0,40,1055000.0,131.0,1,Asian,Joint,45-54,47.619,Loan originated
1,945000.0,30%-<36%,1575000.0,271.0,1,Asian,Female,65-74,60.0,Loan originated
1,705000.0,48,855000.0,192.0,1,Hispanic or Latino,Joint,35-44,82.466,Loan originated
1,135000.0,39,145000.0,54.0,1,Asian,Male,<25,566.768,Loan originated
1,605000.0,46,815000.0,301.0,1,White,Female,45-54,75.0,Loan originated
1,535000.0,44,675000.0,159.0,1,Hispanic or Latino,Male,65-74,80.0,Loan originated
1,695000.0,41,795000.0,185.0,1,Hispanic or Latino,Male,35-44,87.484,Loan originated
1,715000.0,43,795000.0,188.0,1,Asian,Joint,25-34,89.77,Loan originated
1,475000.0,43,525000.0,136.0,1,White,Joint,35-44,89.92,Loan originated
1,205000.0,42,255000.0,102.0,1,White,Joint,65-74,80.0,Loan originated
1,765000.0,38,1665000.0,430.0,1,White,Joint,35-44,46.039,Loan originated
1,585000.0,49,805000.0,147.0,1,White,Female,25-34,80.0,Loan originated
1,925000.0,30%-<36%,1155000.0,330.0,1,Asian,Joint,35-44,80.0,Loan originated
1,955000.0,20%-<30%,1875000.0,573.0,1,White,Female,45-54,50.798,Loan originated
1,295000.0,40,375000.0,94.0,1,Asian,Male,55-64,80.0,Loan originated
1,595000.0,43,665000.0,184.0,1,White,Joint,25-34,93.875,Loan originated
1,345000.0,30%-<36%,435000.0,134.0,1,Asian,Female,35-44,80.0,Loan originated
1,495000.0,36,765000.0,144.0,1,Asian,Joint,25-34,65.0,Loan originated
1,375000.0,47,465000.0,126.0,1,Asian,Female,45-54,80.0,Loan originated
1,465000.0,49,585000.0,102.0,1,Asian,Male,25-34,80.0,Loan originated
1,545000.0,36,575000.0,170.0,1,White,Male,35-44,94.74,Application denied
1,455000.0,42,855000.0,113.0,1,White,Female,55-64,53.43,Loan originated
1,475000.0,36,1375000.0,191.0,1,Asian,Joint,25-34,34.55,Loan originated
1,635000.0,38,655000.0,206.0,1,Hispanic or Latino,Joint,35-44,100.0,Loan originated
1,535000.0,39,675000.0,254.0,1,Asian,Joint,25-34,80.0,Loan originated
1,325000.0,47,415000.0,72.0,1,White,Female,25-34,80.0,Loan originated
1,515000.0,>60%,645000.0,61.0,1,Asian,Male,45-54,80.0,Application denied
1,875000.0,46,1095000.0,232.0,1,White,Joint,25-34,80.0,Loan originated
1,615000.0,46,635000.0,136.0,1,White,Male,35-44,97.0,Loan originated
1,345000.0,<20%,995000.0,265.0,1,Asian,Joint,25-34,34.343,Loan originated
1,205000.0,<20%,705000.0,171.0,1,White,Male,35-44,29.379,Loan originated
1,665000.0,30%-<36%,735000.0,219.0,1,Hispanic or Latino,Joint,45-54,90.0,Loan originated
1,725000.0,47,815000.0,144.0,1,Hispanic or Latino,Male,35-44,90.0,Loan originated
1,1035000.0,43,1505000.0,300.0,1,Asian,Male,25-34,68.667,Loan originated
1,1115000.0,49,1355000.0,311.0,1,White,Joint,25-34,82.498,Loan originated
1,95000.0,<20%,125000.0,132.0,1,White,Female,55-64,75.0,Loan originated
1,605000.0,47,755000.0,128.0,1,Asian,Male,45-54,79.995,Loan originated
1,725000.0,45,1415000.0,253.0,1,Asian,Male,45-54,52.0,Loan originated
1,405000.0,44,445000.0,121.0,1,Hispanic or Latino,Male,55-64,90.0,Loan originated
1,465000.0,47,785000.0,310.0,1,White,Female,35-44,60.0,Loan originated
1,1055000.0,40,1325000.0,235.0,1,White,Joint,35-44,80.0,Loan originated
1,265000.0,48,435000.0,73.0,1,White,Male,25-34,59.497,Loan originated
1,1135000.0,36,1425000.0,284.0,1,Asian,Joint,35-44,80.0,Loan originated
1,525000.0,20%-<30%,675000.0,203.0,1,White,Joint,35-44,77.679,Loan originated
1,435000.0,49,655000.0,95.0,1,Hispanic or Latino,Joint,35-44,66.769,Loan originated
1,195000.0,46,245000.0,51.0,1,Hispanic or Latino,Female,55-64,80.0,Loan originated
1,455000.0,49,865000.0,97.0,1,Asian,Male,45-54,52.33,Loan originated
1,475000.0,49,505000.0,99.0,1,Hispanic or Latino,Female,25-34,95.0,Loan originated
1,675000.0,30%-<36%,1855000.0,327.0,1,Asian,Joint,25-34,37.0,Loan originated
1,765000.0,38,965000.0,196.0,1,White,Male,25-34,79.43,Loan originated
1,955000.0,20%-<30%,1455000.0,533.0,1,Hispanic or Latino,Male,45-54,65.565,Loan originated
1,565000.0,40,815000.0,136.0,1,White,Joint,25-34,69.667,Loan originated
1,885000.0,36,1105000.0,232.0,1,Asian,Female,45-54,80.0,Loan originated
1,525000.0,39,585000.0,199.0,1,White,Joint,65-74,89.983,Loan originated
1,1125000.0,42,1325000.0,288.0,1,Asian,Joint,35-44,85.0,Loan originated
1,685000.0,30%-<36%,1135000.0,215.0,1,Asian,Male,35-44,60.0,Loan originated
1,405000.0,20%-<30%,835000.0,223.0,1,Asian,Male,35-44,48.193,Loan originated
1,625000.0,48,775000.0,152.0,1,Hispanic or Latino,Joint,45-54,80.0,Loan originated
1,605000.0,50%-60%,755000.0,230.0,1,White,Female,35-44,80.0,Application denied
1,505000.0,30%-<36%,535000.0,286.0,1,Hispanic or Latino,Joint,25-34,95.0,Loan originated
1,395000.0,46,425000.0,85.0,1,White,Male,25-34,95.0,Loan originated
1,565000.0,30%-<36%,625000.0,190.0,1,Asian,Male,25-34,90.0,Loan originated
1,1085000.0,46,1555000.0,232.0,1,Asian,Joint,55-64,70.0,Loan originated
1,355000.0,37,995000.0,136.0,1,White,Joint,25-34,36.0,Loan originated
1,515000.0,30%-<36%,605000.0,214.0,1,White,Male,25-34,85.0,Loan originated
1,335000.0,42,455000.0,78.0,1,White,Male,35-44,73.33,Loan originated
1,555000.0,49,1485000.0,125.0,1,Asian,Male,25-34,38.0,Loan originated
1,505000.0,30%-<36%,1685000.0,185.0,1,White,Female,55-64,30.0,Loan originated
1,505000.0,39,1315000.0,200.0,1,White,Female,35-44,38.02,Loan originated
1,1005000.0,46,1255000.0,220.0,1,White,Male,35-44,80.0,Loan originated
1,605000.0,43,635000.0,291.0,1,Hispanic or Latino,Joint,45-54,95.0,Loan originated
1,485000.0,49,575000.0,105.0,1,Hispanic or Latino,Male,35-44,85.0,Loan originated
1,475000.0,37,635000.0,237.0,1,White,Joint,25-34,75.0,Loan originated
1,285000.0,47,355000.0,73.0,1,Hispanic or Latino,Male,35-44,80.0,Loan originated
1,485000.0,45,575000.0,114.0,1,White,Female,35-44,85.0,Loan originated
1,405000.0,49,1225000.0,101.0,1,White,Joint,35-44,32.653,Loan originated
1,735000.0,30%-<36%,985000.0,221.0,1,Hispanic or Latino,Joint,35-44,75.0,Loan originated
1,995000.0,45,1245000.0,305.0,1,White,Male,45-54,80.0,Loan originated
1,1145000.0,49,1295000.0,241.0,1,Asian,Joint,25-34,89.13,Loan originated
1,765000.0,41,1555000.0,195.0,1,White,Male,25-34,50.0,Loan originated
1,705000.0,39,885000.0,203.0,1,Asian,Joint,45-54,97.04,Loan originated
1,495000.0,30%-<36%,555000.0,197.0,1,White,Female,35-44,90.0,Loan originated
1,455000.0,39,605000.0,127.0,1,White,Female,35-44,75.0,Loan originated
1,535000.0,45,595000.0,260.0,1,White,Female,35-44,89.999,Application denied
1,555000.0,49,795000.0,143.0,1,White,Joint,>74,70.083,Loan originated
1,475000.0,49,595000.0,97.0,1,Asian,Male,<25,100.0,Loan originated
1,545000.0,46,555000.0,134.0,1,White,Joint,35-44,97.0,Loan originated
1,545000.0,42,575000.0,134.0,1,Hispanic or Latino,Female,45-54,95.0,Loan originated
1,805000.0,38,1155000.0,202.0,1,Asian,Male,35-44,69.06,Loan originated
1,675000.0,30%-<36%,845000.0,180.0,1,Asian,Male,25-34,80.0,Loan originated
1,485000.0,44,625000.0,233.0,1,White,Female,55-64,77.419,Loan originated
1,515000.0,30%-<36%,645000.0,188.0,1,Asian,Male,25-34,79.892,Loan originated
1,425000.0,47,575000.0,177.0,1,Hispanic or Latino,Joint,45-54,75.0,Loan originated
1,605000.0,40,845000.0,168.0,1,Asian,Joint,35-44,72.0,Loan originated
1,905000.0,30%-<36%,1215000.0,300.0,1,White,Joint,35-44,75.0,Loan originated
1,295000.0,37,305000.0,100.0,1,White,Joint,35-44,99.75,Loan originated
1,505000.0,<20%,795000.0,470.0,1,Asian,Joint,55-64,63.29,Loan originated
1,415000.0,20%-<30%,515000.0,151.0,1,White,Joint,55-64,80.0,Loan originated
1,495000.0,30%-<36%,545000.0,151.0,1,Asian,Joint,35-44,90.0,Loan originated
1,315000.0,44,815000.0,117.0,1,Hispanic or Latino,Female,55-64,38.889,Loan originated
1,265000.0,36,325000.0,101.0,1,Hispanic or Latino,Male,35-44,80.0,Loan originated
1,325000.0,43,425000.0,108.0,1,White,Joint,25-34,76.19,Application denied
1,365000.0,44,385000.0,100.0,1,Hispanic or Latino,Joint,25-34,95.0,Loan originated
1,1125000.0,30%-<36%,1415000.0,427.0,1,Asian,Male,35-44,80.0,Loan originated
1,415000.0,20%-<30%,555000.0,141.0,1,White,Joint,25-34,74.545,Loan originated
1,285000.0,42,575000.0,95.0,1,Hispanic or Latino,Female,45-54,99.14,Loan originated
1,755000.0,38,1165000.0,209.0,1,White,Joint,35-44,65.0,Loan originated
1,995000.0,46,1325000.0,213.0,1,Asian,Male,25-34,75.0,Loan originated
1,285000.0,39,295000.0,66.0,1,Hispanic or Latino,Male,35-44,100.0,Loan originated
1,425000.0,>60%,535000.0,90.0,1,Asian,Male,25-34,80.0,Application denied
1,805000.0,38,1085000.0,223.0,1,Asian,Joint,35-44,75.0,Loan originated
1,235000.0,<20%,255000.0,184.0,1,White,Female,55-64,95.0,Loan originated
1,845000.0,47,1065000.0,200.0,1,Asian,Male,25-34,80.0,Loan originated
1,475000.0,39,535000.0,172.0,1,Black or African American,Female,45-54,90.0,Loan originated
1,1125000.0,42,1905000.0,275.0,1,Asian,Joint,45-54,58.89,Loan originated
1,705000.0,42,1325000.0,230.0,1,Asian,Joint,25-34,53.03,Loan originated
1,455000.0,50%-60%,475000.0,81.0,1,Hispanic or Latino,Joint,45-54,100.0,Loan originated
1,515000.0,45,715000.0,112.0,1,White,Male,25-34,72.095,Loan originated
1,775000.0,49,825000.0,236.0,1,Asian,Joint,25-34,95.0,Loan originated
1,525000.0,39,585000.0,148.0,1,White,Male,25-34,90.0,Loan originated
1,455000.0,48,575000.0,119.0,1,Asian,Joint,35-44,100.0,Loan originated
1,605000.0,20%-<30%,755000.0,235.0,1,White,Joint,25-34,80.0,Loan originated
1,445000.0,47,565000.0,115.0,1,Hispanic or Latino,Male,45-54,80.0,Loan originated
1,495000.0,46,585000.0,120.0,1,Hispanic or Latino,Male,25-34,85.0,Loan originated
1,1005000.0,46,1755000.0,236.0,1,Asian,Male,25-34,57.143,Loan originated
1,575000.0,30%-<36%,975000.0,222.0,1,White,Male,25-34,60.0,Loan originated
1,155000.0,20%-<30%,325000.0,101.0,1,Asian,Female,35-44,45.59,Loan originated
1,405000.0,30%-<36%,535000.0,171.0,1,Asian,Male,35-44,75.0,Loan originated
1,205000.0,47,505000.0,59.0,1,White,Male,65-74,41.06,Loan originated
1,525000.0,44,655000.0,134.0,1,Hispanic or Latino,Male,25-34,80.0,Loan originated
1,455000.0,38,955000.0,261.0,1,White,Joint,55-64,47.368,Loan originated
1,445000.0,30%-<36%,645000.0,138.0,1,White,Female,35-44,70.0,Application denied
1,255000.0,<20%,405000.0,240.0,1,White,Female,35-44,62.5,Application denied
1,685000.0,38,715000.0,178.0,1,White,Joint,45-54,97.0,Loan originated
1,455000.0,42,475000.0,131.0,1,Hispanic or Latino,Male,25-34,95.0,Loan originated
1,585000.0,30%-<36%,625000.0,228.0,1,Asian,Male,35-44,95.0,Loan originated
1,495000.0,48,555000.0,239.0,1,Asian,Male,<25,90.0,Loan originated
1,975000.0,30%-<36%,1395000.0,306.0,1,Asian,Joint,35-44,70.0,Loan originated
1,1055000.0,50%-60%,1055000.0,182.0,1,Hispanic or Latino,Joint,35-44,100.0,Loan originated
1,365000.0,20%-<30%,475000.0,154.0,1,Hispanic or Latino,Joint,45-54,80.0,Loan originated
1,405000.0,40,455000.0,120.0,1,Hispanic or Latino,Joint,35-44,90.0,Loan originated
1,285000.0,44,335000.0,71.0,1,Hispanic or Latino,Male,25-34,85.0,Loan originated
1,585000.0,49,735000.0,174.0,1,White,Female,55-64,80.0,Loan originated
1,385000.0,30%-<36%,735000.0,118.0,1,Hispanic or Latino,Male,35-44,52.06,Loan originated
1,485000.0,30%-<36%,505000.0,156.0,1,Hispanic or Latino,Joint,35-44,95.0,Loan originated
1,505000.0,40,735000.0,115.0,1,Hispanic or Latino,Joint,55-64,67.702,Loan originated
1,305000.0,45,555000.0,105.0,1,Hispanic or Latino,Joint,45-54,55.0,Loan originated
1,735000.0,47,775000.0,204.0,1,Asian,Male,45-54,95.0,Loan originated
1,535000.0,30%-<36%,715000.0,180.0,1,White,Female,25-34,75.0,Loan originated
1,635000.0,30%-<36%,745000.0,176.0,1,White,Female,25-34,85.0,Loan originated
1,305000.0,45,455000.0,71.0,1,White,Female,45-54,65.934,Loan originated
1,525000.0,<20%,675000.0,606.0,1,White,Male,45-54,80.0,Loan originated
1,455000.0,49,505000.0,109.0,1,Hispanic or Latino,Female,45-54,90.0,Loan originated
1,745000.0,37,935000.0,191.0,1,White,Male,25-34,80.0,Loan originated
1,525000.0,49,595000.0,412.0,1,Hispanic or Latino,Male,45-54,90.0,Loan originated
1,315000.0,37,395000.0,159.0,1,Hispanic or Latino,Male,<25,80.0,Loan originated
1,775000.0,20%-<30%,825000.0,290.0,1,Black or African American,Joint,25-34,93.96,Loan originated
1,185000.0,43,685000.0,73.0,1,Asian,Male,55-64,26.684,Loan originated
1,585000.0,20%-<30%,645000.0,218.0,1,White,Joint,35-44,95.0,Loan originated
1,545000.0,46,785000.0,180.0,1,Hispanic or Latino,Joint,25-34,70.0,Loan originated
1,855000.0,<20%,1655000.0,733.0,1,White,Joint,55-64,51.516,Loan originated
1,635000.0,42,705000.0,167.0,1,Hispanic or Latino,Female,55-64,90.0,Application denied
1,315000.0,46,595000.0,146.0,1,Hispanic or Latino,Female,45-54,54.0,Loan originated
1,475000.0,42,595000.0,144.0,1,Asian,Female,45-54,80.0,Loan originated
1,375000.0,50%-60%,395000.0,70.0,1,Hispanic or Latino,Joint,35-44,97.0,Application denied
1,395000.0,<20%,525000.0,237.0,1,White,Joint,25-34,75.0,Loan originated
1,175000.0,20%-<30%,215000.0,68.0,1,Hispanic or Latino,Female,25-34,80.0,Loan originated
1,95000.0,44,175000.0,43.0,1,White,Female,65-74,51.43,Loan originated
1,585000.0,42,835000.0,173.0,1,Asian,Joint,25-34,70.0,Loan originated
1,105000.0,42,175000.0,28.0,1,White,Female,55-64,54.118,Application denied
1,285000.0,49,1265000.0,140.0,1,White,Joint,65-74,22.855,Loan originated
1,255000.0,49,265000.0,66.0,1,Hispanic or Latino,Female,25-34,100.0,Loan originated
1,255000.0,50%-60%,305000.0,88.0,1,Hispanic or Latino,Male,35-44,85.0,Loan originated
1,905000.0,48,1155000.0,206.0,1,Asian,Joint,25-34,78.261,Loan originated
1,505000.0,48,625000.0,170.0,1,White,Joint,65-74,80.0,Loan originated
1,435000.0,36,465000.0,171.0,1,Hispanic or Latino,Joint,25-34,95.0,Loan originated
1,1045000.0,42,1305000.0,320.0,1,Asian,Male,<25,80.0,Loan originated
1,755000.0,48,815000.0,168.0,1,Hispanic or Latino,Female,45-54,93.11,Loan originated
1,525000.0,20%-<30%,705000.0,545.0,1,Asian,Female,55-64,75.0,Loan originated
1,815000.0,20%-<30%,1985000.0,461.0,1,White,Joint,55-64,41.06,Loan originated
1,235000.0,49,235000.0,84.0,1,Hispanic or Latino,Female,25-34,100.0,Loan originated
1,335000.0,44,475000.0,94.0,1,Asian,Female,45-54,71.49,Loan originated
1,535000.0,49,565000.0,105.0,1,Hispanic or Latino,Male,35-44,95.0,Loan originated
1,545000.0,50%-60%,605000.0,219.0,1,Asian,Joint,35-44,89.9,Application denied
1,425000.0,30%-<36%,755000.0,126.0,1,White,Male,25-34,56.0,Loan originated
1,505000.0,30%-<36%,635000.0,369.0,1,Asian,Male,25-34,80.0,Loan originated
1,665000.0,38,875000.0,190.0,1,Asian,Male,25-34,76.897,Loan originated
1,575000.0,39,725000.0,151.0,1,White,Female,45-54,96.0,Loan originated
1,695000.0,49,865000.0,176.0,1,Asian,Joint,45-54,80.0,Loan originated
1,525000.0,37,635000.0,141.0,1,Asian,Male,35-44,81.75,Loan originated
1,305000.0,45,1305000.0,114.0,1,White,Male,65-74,24.0,Loan originated
1,225000.0,41,285000.0,70.0,1,White,Male,45-54,80.0,Loan originated
1,695000.0,42,925000.0,461.0,1,White,Male,35-44,75.0,Loan originated
1,825000.0,46,1225000.0,269.0,1,White,Male,45-54,67.35,Loan originated
1,445000.0,49,575000.0,89.0,1,Asian,Female,<25,76.522,Loan originated
1,845000.0,43,1055000.0,180.0,1,Asian,Male,25-34,80.0,Loan originated
1,815000.0,36,1025000.0,248.0,1,Asian,Male,25-34,80.0,Loan originated
1,855000.0,30%-<36%,1255000.0,254.0,1,Asian,Male,25-34,68.0,Loan originated
1,205000.0,49,395000.0,161.0,1,Asian,Joint,35-44,50.891,Loan originated
1,445000.0,41,645000.0,122.0,1,White,Male,<25,68.75,Loan originated
1,305000.0,48,645000.0,161.0,1,Asian,Joint,55-64,47.0,Application denied
1,595000.0,47,695000.0,225.0,1,White,Joint,35-44,85.0,Loan originated
1,635000.0,36,655000.0,182.0,1,White,Joint,25-34,97.0,Loan originated
1,665000.0,45,705000.0,139.0,1,Asian,Male,35-44,95.0,Loan originated
1,695000.0,36,1085000.0,199.0,1,Asian,Male,35-44,63.89,Loan originated
1,295000.0,47,345000.0,55.0,1,Hispanic or Latino,Male,25-34,85.0,Loan originated
1,325000.0,49,415000.0,63.0,1,Hispanic or Latino,Male,35-44,79.02,Loan originated
1,965000.0,40,1205000.0,252.0,1,Asian,Male,25-34,80.0,Loan originated
1,595000.0,49,745000.0,150.0,1,White,Joint,25-34,80.0,Loan originated
1,785000.0,49,1075000.0,153.0,1,Asian,Male,25-34,72.63,Loan originated
1,415000.0,50%-60%,485000.0,115.0,1,Hispanic or Latino,Joint,35-44,85.0,Loan originated
1,465000.0,42,675000.0,144.0,1,Asian,Male,25-34,70.0,Loan originated
1,765000.0,43,2285000.0,239.0,1,Asian,Joint,65-74,33.621,Loan originated
1,345000.0,49,435000.0,80.0,1,White,Female,35-44,80.0,Loan originated
1,805000.0,49,1105000.0,171.0,1,White,Joint,35-44,73.0,Loan originated
1,755000.0,45,1465000.0,171.0,1,Asian,Joint,25-34,51.33,Loan originated
1,845000.0,30%-<36%,1085000.0,479.0,1,Asian,Joint,35-44,78.0,Loan originated
1,565000.0,49,745000.0,214.0,1,Hispanic or Latino,Male,45-54,75.0,Loan originated
1,325000.0,44,795000.0,60.0,1,White,Joint,35-44,40.05,Loan originated
1,205000.0,<20%,215000.0,118.0,1,Hispanic or Latino,Male,45-54,95.0,Loan originated
1,265000.0,30%-<36%,695000.0,146.0,1,White,Female,35-44,38.129,Loan originated
1,1145000.0,39,1805000.0,324.0,1,White,Joint,35-44,63.833,Loan originated
1,385000.0,41,455000.0,114.0,1,Asian,Male,25-34,85.0,Loan originated
1,1145000.0,38,1535000.0,473.0,1,Asian,Joint,35-44,75.0,Loan originated
1,195000.0,30%-<36%,465000.0,68.0,1,White,Female,35-44,41.93,Loan originated
1,185000.0,<20%,585000.0,445.0,1,Asian,Joint,35-44,31.153,Loan originated
1,645000.0,49,925000.0,150.0,1,White,Male,55-64,70.0,Loan originated
1,995000.0,30%-<36%,2105000.0,375.0,1,White,Joint,35-44,47.619,Loan originated
1,1035000.0,39,1225000.0,352.0,1,White,Joint,35-44,85.0,Loan originated
1,765000.0,47,825000.0,179.0,1,Asian,Joint,35-44,94.0,Loan originated
1,845000.0,44,1055000.0,193.0,1,Black or African American,Male,25-34,80.0,Loan originated
1,45000.0,38,45000.0,36.0,1,Hispanic or Latino,Male,25-34,95.0,Application denied
1,685000.0,30%-<36%,855000.0,272.0,1,Asian,Joint,25-34,80.0,Loan originated
1,175000.0,20%-<30%,185000.0,72.0,1,White,Male,25-34,95.0,Loan originated
1,1065000.0,30%-<36%,1415000.0,534.0,1,White,Joint,45-54,75.0,Loan originated
1,335000.0,49,425000.0,78.0,1,Hispanic or Latino,Male,35-44,80.0,Loan originated
1,1055000.0,48,2555000.0,400.0,1,Asian,Male,45-54,41.176,Loan originated
1,545000.0,44,635000.0,191.0,1,Asian,Joint,25-34,85.0,Loan originated
1,495000.0,46,735000.0,147.0,1,Hispanic or Latino,Male,25-34,67.838,Loan originated
1,875000.0,20%-<30%,1165000.0,427.0,1,White,Male,25-34,75.0,Loan originated
1,875000.0,20%-<30%,1165000.0,393.0,1,Asian,Joint,25-34,75.0,Loan originated
1,635000.0,40,975000.0,222.0,1,Asian,Joint,55-64,65.0,Loan originated
1,285000.0,20%-<30%,635000.0,174.0,1,White,Joint,65-74,44.588,Loan originated
1,755000.0,45,875000.0,350.0,1,White,Female,55-64,80.0,Application denied
1,215000.0,50%-60%,975000.0,61.0,1,White,Female,65-74,21.538,Loan originated
1,185000.0,20%-<30%,225000.0,91.0,1,White,Female,65-74,80.0,Loan originated
1,125000.0,20%-<30%,225000.0,59.0,1,White,Female,35-44,56.0,Loan originated
1,1045000.0,>60%,1305000.0,247.0,1,Asian,Joint,35-44,80.0,Application denied
1,105000.0,49,355000.0,84.0,1,White,Joint,65-74,31.0,Loan originated
1,345000.0,47,735000.0,86.0,1,Asian,Joint,55-64,47.0,Loan originated
1,675000.0,48,715000.0,140.0,1,Hispanic or Latino,Female,35-44,95.0,Loan originated
1,655000.0,40,745000.0,269.0,1,White,Joint,25-34,87.866,Loan originated
1,305000.0,50%-60%,375000.0,151.0,1,White,Joint,55-64,81.76,Application denied
1,115000.0,20%-<30%,125000.0,121.0,1,White,Male,45-54,95.0,Loan originated
1,715000.0,50%-60%,755000.0,145.0,1,Hispanic or Latino,Joint,25-34,94.983,Application denied
1,405000.0,36,505000.0,142.0,1,Asian,Male,25-34,80.0,Loan originated
1,875000.0,43,1175000.0,215.0,1,Asian,Male,25-34,75.0,Loan originated
1,755000.0,>60%,795000.0,227.0,1,White,Male,35-44,80.0,Application denied
1,705000.0,20%-<30%,1655000.0,320.0,1,White,Joint,55-64,42.424,Loan originated
1,685000.0,48,725000.0,162.0,1,Asian,Joint,25-34,95.0,Loan originated
1,125000.0,20%-<30%,735000.0,79.0,1,White,Joint,65-74,17.213,Loan originated
1,525000.0,30%-<36%,655000.0,442.0,1,White,Male,55-64,80.0,Loan originated
1,475000.0,48,505000.0,108.0,1,White,Joint,25-34,95.0,Loan originated
1,585000.0,30%-<36%,1655000.0,219.0,1,White,Joint,55-64,35.152,Loan originated
1,755000.0,49,845000.0,331.0,1,White,Male,35-44,90.0,Loan originated
1,705000.0,36,845000.0,304.0,1,Asian,Female,35-44,82.945,Loan originated
1,755000.0,49,2005000.0,175.0,1,White,Male,25-34,38.0,Loan originated
1,305000.0,48,905000.0,120.0,1,Hispanic or Latino,Male,35-44,34.0,Loan originated
1,155000.0,40,445000.0,83.0,1,White,Joint,65-74,34.091,Loan originated
1,1005000.0,30%-<36%,2915000.0,396.0,1,Asian,Joint,35-44,34.37,Loan originated
1,345000.0,48,365000.0,117.0,1,Asian,Joint,35-44,95.0,Loan originated
1,525000.0,47,655000.0,147.0,1,White,Female,35-44,80.0,Loan originated
1,765000.0,48,865000.0,224.0,1,Hispanic or Latino,Male,25-34,88.44,Loan originated
1,715000.0,48,895000.0,152.0,1,Asian,Male,25-34,80.0,Loan originated
1,675000.0,42,845000.0,160.0,1,Asian,Female,35-44,80.0,Loan originated
1,355000.0,37,755000.0,93.0,1,White,Female,35-44,46.053,Loan originated
1,615000.0,>60%,745000.0,195.0,1,Asian,Male,25-34,82.923,Loan originated
1,935000.0,49,1535000.0,247.0,1,Asian,Male,35-44,60.912,Loan originated
1,735000.0,44,915000.0,188.0,1,White,Female,45-54,80.0,Loan originated
1,625000.0,49,815000.0,171.0,1,Asian,Joint,25-34,75.616,Loan originated
1,1055000.0,43,1245000.0,541.0,1,Asian,Joint,45-54,85.0,Loan originated
1,275000.0,30%-<36%,305000.0,120.0,1,Hispanic or Latino,Female,25-34,90.0,Loan originated
1,375000.0,41,1115000.0,114.0,1,White,Joint,65-74,33.065,Loan originated
1,105000.0,30%-<36%,325000.0,57.0,1,White,Female,>74,34.06,Loan originated
1,765000.0,<20%,855000.0,699.0,1,Asian,Male,45-54,90.118,Application denied
1,985000.0,44,1225000.0,317.0,1,White,Male,45-54,80.0,Loan originated
1,585000.0,45,735000.0,156.0,1,White,Joint,<25,80.0,Loan originated
1,705000.0,49,745000.0,136.0,1,Hispanic or Latino,Male,45-54,95.0,Loan originated
1,625000.0,39,775000.0,328.0,1,Hispanic or Latino,Male,55-64,80.0,Loan originated
1,95000.0,44,95000.0,50.0,1,Black or African American,Male,25-34,95.0,Loan originated
1,545000.0,44,565000.0,147.0,1,White,Male,45-54,96.46,Loan originated
1,685000.0,<20%,1285000.0,411.0,1,White,Joint,35-44,53.198,Loan originated
1,405000.0,30%-<36%,545000.0,190.0,1,White,Joint,65-74,72.859,Loan originated
1,225000.0,39,645000.0,64.0,1,Asian,Joint,25-34,35.41,Loan originated
1,245000.0,38,475000.0,81.0,1,White,Female,25-34,51.0,Loan originated
1,605000.0,43,645000.0,152.0,1,White,Joint,35-44,95.0,Loan originated
1,555000.0,30%-<36%,715000.0,293.0,1,Asian,Male,25-34,77.58,Loan originated
1,765000.0,39,945000.0,226.0,1,Asian,Female,35-44,81.058,Loan originated
1,875000.0,30%-<36%,1515000.0,282.0,1,Hispanic or Latino,Male,25-34,57.756,Loan originated
1,685000.0,47,725000.0,168.0,1,Hispanic or Latino,Joint,35-44,95.0,Loan originated
1,995000.0,20%-<30%,1325000.0,376.0,1,White,Joint,45-54,75.0,Loan originated
1,525000.0,46,555000.0,154.0,1,Hispanic or Latino,Joint,25-34,95.0,Loan originated
1,955000.0,48,1705000.0,370.0,1,White,Female,55-64,55.882,Loan originated
1,675000.0,46,965000.0,155.0,1,Asian,Joint,35-44,70.0,Loan originated
1,475000.0,42,725000.0,119.0,1,Asian,Male,55-64,65.313,Loan originated
1,465000.0,48,545000.0,90.0,1,Hispanic or Latino,Joint,45-54,84.546,Loan originated
1,755000.0,20%-<30%,1085000.0,343.0,1,Asian,Joint,55-64,70.0,Loan originated
1,405000.0,47,805000.0,173.0,1,White,Joint,45-54,50.0,Loan originated
1,775000.0,48,825000.0,229.0,1,White,Female,35-44,95.0,Loan originated
1,315000.0,49,475000.0,150.0,1,Asian,Male,35-44,65.264,Loan originated
1,295000.0,43,395000.0,80.0,1,White,Female,25-34,74.684,Loan originated
1,335000.0,46,355000.0,92.0,1,White,Female,35-44,95.0,Loan originated
1,905000.0,39,1205000.0,247.0,1,Asian,Male,25-34,75.0,Loan originated
1,385000.0,44,765000.0,100.0,1,White,Female,65-74,49.673,Loan originated
1,725000.0,49,915000.0,190.0,1,Asian,Joint,35-44,80.0,Loan originated
1,765000.0,41,975000.0,175.0,1,Asian,Male,35-44,78.969,Loan originated
1,555000.0,36,575000.0,177.0,1,White,Joint,25-34,97.0,Loan originated
1,1085000.0,36,1215000.0,414.0,1,White,Male,35-44,90.0,Loan originated
1,675000.0,30%-<36%,745000.0,190.0,1,Asian,Male,25-34,90.0,Loan originated
1,645000.0,47,685000.0,145.0,1,Hispanic or Latino,Male,35-44,95.0,Loan originated
1,805000.0,49,1405000.0,200.0,1,Asian,Joint,45-54,57.6,Loan originated
1,1095000.0,30%-<36%,1925000.0,334.0,1,Asian,Male,25-34,56.77,Loan originated
1,545000.0,43,685000.0,144.0,1,White,Male,25-34,80.0,Loan originated
1,315000.0,40,1055000.0,134.0,1,White,Female,45-54,29.524,Loan originated
1,645000.0,30%-<36%,685000.0,271.0,1,Asian,Joint,45-54,95.0,Loan originated
1,485000.0,41,835000.0,122.0,1,White,Female,55-64,57.949,Loan originated
1,1115000.0,40,1245000.0,309.0,1,White,Male,35-44,89.775,Loan originated
1,895000.0,41,1115000.0,216.0,1,White,Female,35-44,80.0,Loan originated
1,545000.0,40,575000.0,127.0,1,Hispanic or Latino,Male,45-54,95.0,Loan originated
1,615000.0,44,815000.0,127.0,1,White,Female,25-34,75.74,Loan originated
1,615000.0,47,825000.0,160.0,1,Hispanic or Latino,Male,25-34,75.0,Loan originated
1,515000.0,43,555000.0,176.0,1,Hispanic or Latino,Female,55-64,92.744,Loan originated
1,755000.0,48,2555000.0,235.0,1,Asian,Joint,35-44,29.35,Loan originated
1,655000.0,48,675000.0,139.0,1,White,Female,25-34,100.0,Loan originated
1,325000.0,>60%,625000.0,59.0,1,Hispanic or Latino,Male,45-54,52.0,Application denied
1,505000.0,49,1905000.0,207.0,1,White,Joint,65-74,26.247,Loan originated
1,475000.0,42,695000.0,115.0,1,White,Joint,55-64,67.811,Loan originated
1,545000.0,30%-<36%,645000.0,156.0,1,Hispanic or Latino,Joint,45-54,85.0,Loan originated
1,585000.0,43,645000.0,149.0,1,Asian,Male,45-54,90.0,Loan originated
1,755000.0,47,1525000.0,165.0,1,White,Joint,65-74,50.0,Loan originated
1,415000.0,41,785000.0,135.0,1,Asian,Joint,35-44,52.73,Loan originated
1,725000.0,36,965000.0,215.0,1,White,Female,45-54,75.0,Loan originated
1,765000.0,50%-60%,1175000.0,153.0,1,White,Joint,45-54,65.0,Application denied
1,615000.0,47,735000.0,183.0,1,Asian,Joint,35-44,84.0,Loan originated
1,585000.0,40,815000.0,157.0,1,White,Female,55-64,72.222,Loan originated
1,455000.0,44,465000.0,96.0,1,Hispanic or Latino,Joint,25-34,99.69,Loan originated
1,715000.0,42,715000.0,184.0,1,Asian,Female,25-34,100.0,Loan originated
1,615000.0,37,715000.0,274.0,1,Hispanic or Latino,Female,25-34,86.066,Loan originated
1,555000.0,46,695000.0,219.0,1,Asian,Female,35-44,80.0,Loan originated
1,355000.0,30%-<36%,445000.0,167.0,1,Black or African American,Female,35-44,80.0,Loan originated
1,255000.0,44,455000.0,66.0,1,White,Male,35-44,55.56,Loan originated
1,385000.0,30%-<36%,485000.0,107.0,1,White,Male,55-64,80.0,Loan originated
1,705000.0,39,745000.0,279.0,1,Hispanic or Latino,Male,45-54,95.0,Loan originated
1,595000.0,20%-<30%,745000.0,299.0,1,Hispanic or Latino,Male,25-34,80.0,Loan originated
1,445000.0,44,555000.0,144.0,1,Other,Male,25-34,80.0,Loan originated
1,455000.0,39,565000.0,146.0,1,White,Female,>74,80.0,Loan originated
1,845000.0,48,905000.0,181.0,1,Hispanic or Latino,Joint,35-44,94.0,Loan originated
1,1035000.0,30%-<36%,1385000.0,469.0,1,Asian,Male,35-44,75.0,Loan originated
1,885000.0,20%-<30%,1105000.0,407.0,1,Asian,Joint,35-44,85.0,Loan originated
1,305000.0,41,315000.0,105.0,1,White,Joint,35-44,101.94,Application denied
1,725000.0,42,855000.0,209.0,1,Hispanic or Latino,Male,35-44,85.0,Loan originated
1,635000.0,30%-<36%,595000.0,208.0,1,White,Male,55-64,107.0,Application denied
1,675000.0,49,845000.0,144.0,1,White,Female,45-54,80.0,Loan originated
1,305000.0,46,605000.0,76.0,1,White,Female,65-74,51.0,Loan originated
1,995000.0,46,1245000.0,220.0,1,White,Male,35-44,80.0,Loan originated
1,115000.0,43,285000.0,35.0,1,White,Male,55-64,39.716,Loan originated
1,755000.0,30%-<36%,1335000.0,274.0,1,Asian,Female,<25,56.391,Loan originated
1,15000.0,37,415000.0,127.0,1,Hispanic or Latino,Joint,25-34,100.0,Loan originated
1,825000.0,43,1105000.0,200.0,1,Asian,Joint,25-34,75.0,Application denied
1,825000.0,42,1125000.0,173.0,1,Hispanic or Latino,Male,45-54,74.0,Loan originated
1,655000.0,46,815000.0,150.0,1,Hispanic or Latino,Joint,25-34,80.0,Loan originated
1,655000.0,30%-<36%,2475000.0,437.0,1,Asian,Female,35-44,80.0,Loan originated
1,555000.0,49,695000.0,191.0,1,White,Male,35-44,80.0,Loan originated
1,385000.0,50%-60%,1115000.0,79.0,1,Other,Male,55-64,34.685,Application denied
1,475000.0,50%-60%,505000.0,85.0,1,Hispanic or Latino,Female,35-44,95.0,Loan originated
1,155000.0,20%-<30%,655000.0,143.0,1,White,Male,25-34,23.664,Application denied
1,765000.0,>60%,1455000.0,263.0,1,Asian,Joint,45-54,52.61,Application denied
1,685000.0,40,985000.0,171.0,1,White,Joint,25-34,69.481,Loan originated
1,765000.0,48,955000.0,155.0,1,White,Joint,35-44,95.79,Loan originated
1,855000.0,38,1075000.0,360.0,1,Hispanic or Latino,Male,35-44,80.0,Loan originated
1,245000.0,42,275000.0,117.0,1,Hispanic or Latino,Joint,35-44,90.55,Loan originated
1,295000.0,20%-<30%,665000.0,133.0,1,White,Female,45-54,44.57,Loan originated
1,1005000.0,20%-<30%,1255000.0,367.0,1,White,Joint,35-44,80.0,Loan originated
1,1015000.0,>60%,1075000.0,193.0,1,Asian,Male,35-44,95.0,Application denied
1,1145000.0,39,1435000.0,323.0,1,Asian,Joint,35-44,80.0,Loan originated
1,365000.0,20%-<30%,415000.0,219.0,1,White,Joint,>74,90.0,Loan originated
1,485000.0,20%-<30%,725000.0,181.0,1,Asian,Male,25-34,67.0,Loan originated
1,755000.0,30%-<36%,865000.0,230.0,1,Asian,Joint,25-34,87.318,Loan originated
1,965000.0,30%-<36%,1215000.0,339.0,1,Asian,Male,45-54,80.0,Loan originated
1,615000.0,40,685000.0,169.0,1,Black or African American,Male,65-74,90.0,Loan originated
1,555000.0,43,575000.0,187.0,1,Hispanic or Latino,Joint,25-34,97.0,Loan originated
1,465000.0,44,515000.0,124.0,1,Asian,Joint,35-44,90.0,Loan originated
1,565000.0,49,675000.0,120.0,1,Hispanic or Latino,Male,55-64,85.0,Loan originated
1,485000.0,44,605000.0,189.0,1,Asian,Female,35-44,80.0,Loan originated
1,355000.0,48,375000.0,107.0,1,Black or African American,Female,45-54,97.0,Loan originated
1,325000.0,48,515000.0,73.0,1,Hispanic or Latino,Male,45-54,61.539,Loan originated
1,355000.0,46,375000.0,66.0,1,Hispanic or Latino,Female,35-44,95.0,Loan originated
1,455000.0,<20%,855000.0,330.0,1,Asian,Joint,45-54,52.941,Loan originated
1,1145000.0,39,1235000.0,329.0,1,Asian,Joint,35-44,93.48,Loan originated
1,645000.0,47,805000.0,130.0,1,Hispanic or Latino,Male,25-34,80.0,Loan originated
1,295000.0,40,395000.0,115.0,1,Asian,Male,65-74,75.0,Loan originated
1,985000.0,43,1525000.0,348.0,1,White,Male,25-34,65.0,Loan originated
1,485000.0,44,515000.0,123.0,1,White,Male,25-34,95.0,Loan originated
1,425000.0,20%-<30%,725000.0,643.0,1,White,Joint,25-34,58.683,Loan originated
1,615000.0,20%-<30%,765000.0,244.0,1,Asian,Joint,35-44,80.0,Loan originated
1,225000.0,45,455000.0,64.0,1,Black or African American,Female,55-64,49.952,Loan originated
1,445000.0,41,1245000.0,143.0,1,Asian,Female,45-54,35.484,Loan originated
1,385000.0,41,485000.0,101.0,1,White,Female,25-34,80.0,Loan originated
1,365000.0,43,455000.0,86.0,1,Asian,Female,<25,80.0,Loan originated
1,885000.0,46,1105000.0,166.0,1,White,Female,65-74,80.0,Loan originated
1,725000.0,44,905000.0,200.0,1,White,Joint,35-44,80.0,Loan originated
1,705000.0,39,1105000.0,176.0,1,White,Female,35-44,63.638,Loan originated
1,585000.0,37,605000.0,144.0,1,White,Male,25-34,97.0,Loan originated
1,715000.0,40,895000.0,176.0,1,Asian,Male,25-34,80.0,Loan originated
1,285000.0,46,365000.0,61.0,1,White,Female,25-34,79.167,Loan originated
1,655000.0,46,1015000.0,147.0,1,White,Male,35-44,65.0,Loan originated
1,495000.0,20%-<30%,825000.0,240.0,1,White,Male,35-44,60.0,Application denied
1,355000.0,43,515000.0,109.0,1,White,Male,45-54,70.0,Loan originated
1,485000.0,42,655000.0,114.0,1,Hispanic or Latino,Joint,25-34,73.846,Loan originated
1,625000.0,41,755000.0,161.0,1,Hispanic or Latino,Joint,35-44,82.713,Loan originated
1,305000.0,48,335000.0,64.0,1,Hispanic or Latino,Male,45-54,94.0,Loan originated
1,295000.0,49,345000.0,68.0,1,White,Female,25-34,85.0,Loan originated
1,525000.0,46,655000.0,118.0,1,Hispanic or Latino,Female,25-34,80.0,Loan originated
1,765000.0,48,955000.0,177.0,1,White,Joint,55-64,80.0,Loan originated
1,715000.0,41,735000.0,191.0,1,Black or African American,Male,35-44,97.0,Loan originated
1,445000.0,30%-<36%,1345000.0,332.0,1,Asian,Joint,25-34,33.086,Loan originated
1,235000.0,36,465000.0,125.0,1,Hispanic or Latino,Joint,45-54,49.462,Loan originated
1,485000.0,30%-<36%,535000.0,164.0,1,Asian,Female,25-34,89.99,Loan originated
1,555000.0,46,695000.0,130.0,1,Asian,Female,35-44,80.0,Loan originated
1,515000.0,30%-<36%,565000.0,166.0,1,White,Joint,25-34,90.0,Loan originated
1,675000.0,48,755000.0,142.0,1,Asian,Male,35-44,89.948,Loan originated
1,505000.0,46,875000.0,199.0,1,Asian,Female,55-64,57.143,Loan originated
1,585000.0,39,695000.0,155.0,1,White,Joint,35-44,85.0,Loan originated
1,325000.0,47,1255000.0,91.0,1,Asian,Female,25-34,25.979,Loan originated
1,365000.0,46,385000.0,109.0,1,Hispanic or Latino,Female,35-44,95.0,Loan originated
1,885000.0,38,1105000.0,241.0,1,Black or African American,Joint,35-44,80.0,Loan originated
1,935000.0,42,1245000.0,213.0,1,Asian,Male,25-34,75.0,Loan originated
1,375000.0,49,395000.0,85.0,1,Hispanic or Latino,Joint,45-54,95.0,Loan originated
1,845000.0,49,1055000.0,153.0,1,Asian,Male,45-54,80.0,Loan originated
1,595000.0,44,625000.0,129.0,1,White,Male,25-34,94.994,Loan originated
1,695000.0,49,865000.0,151.0,1,Hispanic or Latino,Male,25-34,80.0,Loan originated
1,745000.0,20%-<30%,835000.0,370.0,1,White,Joint,25-34,90.0,Loan originated
1,235000.0,39,335000.0,113.0,1,White,Joint,35-44,70.265,Loan originated
1,575000.0,<20%,985000.0,385.0,1,Hispanic or Latino,Female,25-34,58.38,Loan originated
1,625000.0,38,785000.0,195.0,1,White,Joint,35-44,80.0,Loan originated
1,445000.0,30%-<36%,675000.0,155.0,1,Asian,Male,35-44,65.926,Loan originated
1,905000.0,46,2725000.0,298.0,1,White,Joint,35-44,33.088,Application denied
1,1085000.0,49,1765000.0,234.0,1,White,Female,45-54,61.7,Loan originated
1,225000.0,49,995000.0,76.0,1,Asian,Joint,55-64,22.303,Loan originated
1,445000.0,30%-<36%,505000.0,157.0,1,Asian,Female,35-44,89.98,Loan originated
1,515000.0,20%-<30%,645000.0,206.0,1,White,Male,25-34,80.0,Loan originated
1,1145000.0,37,1545000.0,326.0,1,White,Male,>74,74.11,Loan originated
1,705000.0,49,1005000.0,216.0,1,Asian,Male,45-54,69.652,Loan originated
1,565000.0,49,595000.0,121.0,1,Hispanic or Latino,Male,25-34,95.0,Application denied
1,225000.0,43,405000.0,62.0,1,White,Female,65-74,55.556,Loan originated
1,485000.0,>60%,505000.0,99.0,1,White,Male,55-64,95.752,Application denied
1,805000.0,20%-<30%,905000.0,308.0,1,Asian,Joint,25-34,89.0,Loan originated
1,395000.0,39,495000.0,114.0,1,Hispanic or Latino,Joint,45-54,80.0,Loan originated
1,725000.0,42,765000.0,167.0,1,Asian,Joint,25-34,94.737,Loan originated
1,1145000.0,39,1445000.0,303.0,1,Asian,Joint,35-44,79.792,Loan originated
1,455000.0,42,565000.0,149.0,1,Hispanic or Latino,Joint,55-64,80.0,Loan originated
1,335000.0,30%-<36%,345000.0,120.0,1,Hispanic or Latino,Joint,55-64,95.0,Loan originated
1,735000.0,42,775000.0,193.0,1,Hispanic or Latino,Male,35-44,95.0,Loan originated
1,585000.0,36,615000.0,175.0,1,Black or African American,Female,35-44,95.0,Loan originated
1,1125000.0,20%-<30%,1415000.0,435.0,1,Asian,Joint,25-34,80.0,Loan originated
1,355000.0,39,1405000.0,231.0,1,White,Joint,65-74,25.0,Loan originated
1,745000.0,42,925000.0,241.0,1,Asian,Female,35-44,80.0,Loan originated
1,195000.0,30%-<36%,245000.0,104.0,1,Asian,Joint,25-34,80.0,Loan originated
1,855000.0,44,905000.0,256.0,1,Hispanic or Latino,Male,25-34,95.0,Loan originated
1,465000.0,30%-<36%,585000.0,238.0,1,White,Joint,25-34,80.0,Loan originated
1,675000.0,45,705000.0,173.0,1,Hispanic or Latino,Joint,25-34,97.0,Loan originated
1,285000.0,49,305000.0,88.0,1,Black or African American,Female,45-54,95.0,Loan originated
1,575000.0,45,725000.0,161.0,1,White,Joint,55-64,79.356,Loan originated
1,485000.0,44,535000.0,143.0,1,White,Female,25-34,90.0,Loan originated
1,255000.0,43,325000.0,66.0,1,White,Female,35-44,81.125,Loan originated
1,1025000.0,49,1305000.0,208.0,1,Asian,Male,25-34,80.0,Loan originated
1,1085000.0,46,1355000.0,253.0,1,Asian,Joint,25-34,80.0,Loan originated
1,675000.0,44,715000.0,178.0,1,Hispanic or Latino,Female,35-44,95.0,Loan originated
1,135000.0,43,155000.0,86.0,1,Hispanic or Latino,Joint,45-54,90.0,Loan originated
1,645000.0,37,815000.0,225.0,1,Hispanic or Latino,Female,35-44,80.0,Loan originated
1,1045000.0,30%-<36%,1305000.0,242.0,1,White,Male,35-44,80.0,Loan originated
1,705000.0,49,885000.0,186.0,1,White,Joint,35-44,80.0,Loan originated
1,645000.0,49,725000.0,140.0,1,Asian,Joint,25-34,89.99,Loan originated
1,305000.0,30%-<36%,375000.0,147.0,1,White,Joint,35-44,80.0,Loan originated
1,275000.0,20%-<30%,345000.0,133.0,1,Hispanic or Latino,Female,25-34,80.0,Loan originated
1,625000.0,30%-<36%,785000.0,211.0,1,Asian,Male,25-34,80.0,Loan originated
1,305000.0,46,395000.0,69.0,1,Hispanic or Latino,Male,65-74,78.0,Loan originated
1,455000.0,20%-<30%,745000.0,177.0,1,White,Joint,35-44,61.0,Loan originated
1,575000.0,>60%,745000.0,72.0,1,Hispanic or Latino,Male,55-64,76.975,Application denied
1,455000.0,37,475000.0,118.0,1,Hispanic or Latino,Joint,35-44,97.0,Loan originated
1,305000.0,20%-<30%,705000.0,167.0,1,White,Joint,55-64,42.857,Loan originated
1,625000.0,30%-<36%,735000.0,210.0,1,White,Joint,25-34,85.0,Loan originated
1,265000.0,49,465000.0,54.0,1,Hispanic or Latino,Female,55-64,56.989,Loan originated
1,215000.0,30%-<36%,385000.0,111.0,1,White,Male,55-64,57.24,Loan originated
1,725000.0,49,815000.0,280.0,1,Hispanic or Latino,Joint,25-34,89.988,Loan originated
1,735000.0,42,775000.0,217.0,1,White,Joint,25-34,95.0,Loan originated
1,725000.0,50%-60%,805000.0,185.0,1,White,Female,45-54,90.0,Application denied
1,735000.0,30%-<36%,775000.0,201.0,1,Asian,Male,25-34,95.0,Loan originated
1,535000.0,30%-<36%,825000.0,199.0,1,Asian,Male,45-54,65.634,Loan originated
1,205000.0,42,1175000.0,79.0,1,White,Female,35-44,17.021,Loan originated
1,1095000.0,42,1155000.0,295.0,1,White,Male,35-44,95.0,Loan originated
1,315000.0,44,665000.0,72.0,1,White,Female,25-34,46.97,Loan originated
1,55000.0,47,85000.0,47.0,1,Asian,Male,55-64,65.0,Application denied
1,515000.0,44,705000.0,151.0,1,Asian,Female,35-44,73.476,Loan originated
1,295000.0,47,555000.0,90.0,1,Hispanic or Latino,Male,35-44,53.827,Loan originated
1,295000.0,20%-<30%,355000.0,108.0,1,Asian,Male,55-64,90.0,Loan originated
1,745000.0,39,835000.0,187.0,1,Hispanic or Latino,Joint,35-44,90.0,Loan originated
1,405000.0,42,955000.0,150.0,1,Hispanic or Latino,Female,55-64,42.1,Loan originated
1,255000.0,20%-<30%,505000.0,550.0,1,Asian,Joint,25-34,49.15,Loan originated
1,435000.0,39,445000.0,170.0,1,Hispanic or Latino,Joint,35-44,97.0,Loan originated
1,705000.0,38,1495000.0,230.0,1,White,Joint,25-34,46.98,Loan originated
1,725000.0,41,1125000.0,251.0,1,Asian,Joint,55-64,64.444,Loan originated
1,945000.0,37,1155000.0,241.0,1,White,Male,25-34,95.0,Loan originated
1,405000.0,43,915000.0,99.0,1,Hispanic or Latino,Joint,35-44,43.956,Loan originated
1,305000.0,20%-<30%,595000.0,128.0,1,White,Female,65-74,50.787,Loan originated
1,645000.0,46,805000.0,162.0,1,Hispanic or Latino,Joint,25-34,79.925,Loan originated
1,645000.0,30%-<36%,805000.0,265.0,1,Asian,Male,45-54,80.0,Loan originated
1,595000.0,46,705000.0,165.0,1,White,Male,45-54,85.0,Loan originated
1,435000.0,20%-<30%,545000.0,166.0,1,White,Female,25-34,80.0,Loan originated
1,405000.0,41,455000.0,144.0,1,White,Male,<25,89.035,Loan originated
1,215000.0,30%-<36%,585000.0,139.0,1,White,Joint,55-64,37.0,Loan originated
1,105000.0,44,515000.0,41.0,1,White,Male,65-74,19.61,Loan originated
1,395000.0,46,495000.0,91.0,1,Hispanic or Latino,Female,45-54,80.0,Loan originated
1,525000.0,47,585000.0,188.0,1,White,Female,25-34,89.915,Loan originated
1,425000.0,43,455000.0,131.0,1,Hispanic or Latino,Female,35-44,95.0,Loan originated
1,355000.0,<20%,375000.0,191.0,1,White,Female,25-34,95.0,Loan originated
1,185000.0,36,435000.0,69.0,1,Hispanic or Latino,Female,45-54,42.53,Loan originated
1,655000.0,37,855000.0,265.0,1,White,Female,55-64,76.471,Loan originated
1,625000.0,43,695000.0,154.0,1,Hispanic or Latino,Joint,35-44,93.0,Loan originated
1,725000.0,49,805000.0,139.0,1,White,Joint,35-44,90.0,Loan originated
1,445000.0,20%-<30%,525000.0,165.0,1,Hispanic or Latino,Male,25-34,85.0,Loan originated
1,595000.0,47,625000.0,176.0,1,Hispanic or Latino,Joint,35-44,95.0,Loan originated
1,665000.0,49,735000.0,143.0,1,Asian,Male,35-44,89.932,Loan originated
1,505000.0,<20%,985000.0,365.0,1,Asian,Joint,25-34,50.92,Loan originated
1,605000.0,43,675000.0,159.0,1,Asian,Male,35-44,90.0,Loan originated
1,335000.0,39,375000.0,151.0,1,Other,Joint,35-44,103.2,Loan originated
1,615000.0,48,765000.0,285.0,1,Asian,Joint,35-44,80.0,Loan originated
1,695000.0,48,735000.0,179.0,1,White,Joint,35-44,95.0,Loan originated
1,445000.0,30%-<36%,495000.0,210.0,1,White,Male,55-64,88.176,Loan originated
1,195000.0,30%-<36%,245000.0,99.0,1,White,Male,35-44,79.429,Loan originated
1,815000.0,47,885000.0,193.0,1,White,Joint,25-34,92.09,Loan originated
1,905000.0,42,1325000.0,254.0,1,Asian,Male,35-44,68.06,Loan originated
1,505000.0,39,735000.0,157.0,1,Hispanic or Latino,Joint,55-64,69.0,Loan originated
1,355000.0,46,515000.0,202.0,1,Hispanic or Latino,Joint,45-54,70.0,Loan originated
1,655000.0,49,825000.0,208.0,1,Hispanic or Latino,Female,45-54,80.0,Loan originated
1,335000.0,47,355000.0,71.0,1,Hispanic or Latino,Female,25-34,98.0,Loan originated
1,905000.0,46,1305000.0,187.0,1,White,Male,35-44,69.23,Loan originated
1,525000.0,<20%,655000.0,335.0,1,White,Joint,35-44,80.0,Loan originated
1,285000.0,43,385000.0,84.0,1,White,Joint,45-54,75.0,Loan originated
1,445000.0,47,555000.0,121.0,1,Asian,Male,25-34,80.0,Loan originated
1,445000.0,44,455000.0,115.0,1,Hispanic or Latino,Male,25-34,96.393,Loan originated
1,335000.0,47,685000.0,121.0,1,White,Joint,25-34,48.899,Loan originated
1,575000.0,>60%,725000.0,36.0,1,Asian,Female,35-44,80.0,Application denied
1,515000.0,30%-<36%,605000.0,160.0,1,White,Joint,<25,85.0,Loan originated
1,325000.0,43,535000.0,184.0,1,Asian,Male,35-44,60.74,Loan originated
1,515000.0,30%-<36%,645000.0,340.0,1,White,Male,45-54,80.0,Loan originated
1,575000.0,41,715000.0,310.0,1,White,Joint,55-64,80.0,Loan originated
1,465000.0,20%-<30%,785000.0,269.0,1,White,Female,25-34,60.0,Loan originated
1,785000.0,47,1135000.0,187.0,1,White,Female,55-64,69.027,Loan originated
1,105000.0,49,205000.0,47.0,1,White,Joint,>74,50.0,Loan originated
1,455000.0,<20%,855000.0,380.0,1,White,Joint,35-44,52.996,Loan originated
1,925000.0,45,1155000.0,207.0,1,Asian,Male,25-34,80.0,Loan originated
1,605000.0,38,675000.0,176.0,1,Black or African American,Female,35-44,90.0,Loan originated
1,1215000.0,44,1285000.0,291.0,1,Hispanic or Latino,Male,25-34,95.0,Loan originated
1,635000.0,47,705000.0,190.0,1,White,Male,35-44,90.0,Loan originated
1,285000.0,46,765000.0,119.0,1,White,Joint,>74,36.85,Loan originated
1,825000.0,30%-<36%,1375000.0,396.0,1,White,Joint,35-44,60.0,Loan originated
1,405000.0,30%-<36%,505000.0,122.0,1,White,Male,35-44,80.0,Loan originated
1,755000.0,48,1355000.0,160.0,1,White,Joint,35-44,56.0,Loan originated
1,305000.0,30%-<36%,375000.0,228.0,1,Hispanic or Latino,Joint,25-34,80.0,Loan originated
1,315000.0,49,465000.0,56.0,1,Hispanic or Latino,Female,25-34,68.096,Loan originated
1,595000.0,49,705000.0,123.0,1,Black or African American,Joint,35-44,84.457,Loan originated
1,405000.0,>60%,505000.0,75.0,1,White,Female,>74,79.99,Application denied
1,355000.0,44,695000.0,83.0,1,White,Female,65-74,51.852,Loan originated
1,75000.0,37,95000.0,64.0,1,White,Male,65-74,77.78,Loan originated
1,1115000.0,42,1395000.0,310.0,1,White,Male,45-54,80.0,Loan originated
1,375000.0,38,635000.0,122.0,1,White,Male,55-64,59.06,Application denied
1,785000.0,48,825000.0,148.0,1,Hispanic or Latino,Male,35-44,95.0,Loan originated
1,275000.0,20%-<30%,635000.0,173.0,1,White,Male,45-54,42.52,Loan originated
1,305000.0,30%-<36%,765000.0,150.0,1,White,Male,35-44,39.096,Loan originated
1,475000.0,20%-<30%,595000.0,378.0,1,White,Male,55-64,79.9,Loan originated
1,605000.0,30%-<36%,805000.0,224.0,1,White,Joint,65-74,75.0,Loan originated
1,165000.0,37,395000.0,80.0,1,White,Female,35-44,40.87,Loan originated
1,415000.0,47,435000.0,91.0,1,Hispanic or Latino,Joint,35-44,95.0,Loan originated
1,625000.0,43,975000.0,372.0,1,Asian,Joint,35-44,64.056,Loan originated
1,1135000.0,42,1425000.0,302.0,1,Asian,Joint,25-34,80.0,Loan originated
1,895000.0,30%-<36%,1115000.0,257.0,1,Hispanic or Latino,Joint,25-34,80.0,Loan originated
1,235000.0,39,535000.0,106.0,1,White,Joint,45-54,43.715,Loan originated
1,1085000.0,50%-60%,1205000.0,229.0,1,Hispanic or Latino,Male,35-44,90.0,Loan originated
1,1145000.0,43,1405000.0,356.0,1,White,Joint,35-44,82.13,Loan originated
1,315000.0,45,325000.0,115.0,1,Black or African American,Joint,35-44,100.0,Application denied
1,765000.0,46,2905000.0,265.0,1,White,Female,35-44,40.916,Loan originated
1,925000.0,41,1155000.0,210.0,1,White,Male,35-44,80.0,Loan originated
1,625000.0,45,785000.0,184.0,1,Hispanic or Latino,Male,35-44,80.0,Loan originated
1,405000.0,50%-60%,585000.0,92.0,1,Asian,Female,25-34,70.0,Loan originated
1,565000.0,45,595000.0,125.0,1,Other,Female,25-34,95.0,Loan originated
1,725000.0,49,765000.0,147.0,1,Asian,Male,45-54,95.0,Loan originated
1,285000.0,43,415000.0,138.0,1,White,Joint,65-74,67.626,Loan originated
1,1145000.0,44,1555000.0,293.0,1,White,Joint,35-44,74.129,Loan originated
1,155000.0,48,735000.0,59.0,1,Asian,Female,65-74,20.465,Loan originated
1,675000.0,40,1135000.0,200.0,1,White,Female,>74,59.947,Loan originated
1,385000.0,43,475000.0,100.0,1,Hispanic or Latino,Male,35-44,80.0,Application denied
1,785000.0,46,925000.0,171.0,1,White,Female,35-44,85.0,Loan originated
1,545000.0,49,685000.0,231.0,1,Asian,Joint,25-34,80.0,Loan originated
1,405000.0,44,675000.0,93.0,1,White,Joint,55-64,60.0,Loan originated
1,135000.0,30%-<36%,305000.0,46.0,1,Hispanic or Latino,Male,25-34,43.333,Loan originated
1,395000.0,30%-<36%,495000.0,126.0,1,Hispanic or Latino,Female,25-34,80.0,Loan originated
1,695000.0,39,925000.0,202.0,1,White,Male,45-54,75.0,Loan originated
1,395000.0,40,485000.0,108.0,1,Asian,Male,35-44,79.918,Loan originated
1,635000.0,30%-<36%,865000.0,234.0,1,Asian,Male,35-44,73.241,Loan originated
1,345000.0,20%-<30%,575000.0,158.0,1,Asian,Joint,65-74,60.0,Loan originated
1,745000.0,30%-<36%,985000.0,210.0,1,White,Male,35-44,75.0,Loan originated
1,405000.0,20%-<30%,605000.0,180.0,1,Asian,Male,25-34,66.667,Loan originated
1,755000.0,48,1155000.0,226.0,1,White,Joint,35-44,66.0,Loan originated
1,355000.0,40,375000.0,101.0,1,White,Male,<25,95.0,Loan originated
1,305000.0,43,435000.0,89.0,1,Asian,Female,35-44,70.0,Loan originated
1,145000.0,30%-<36%,585000.0,84.0,1,White,Female,>74,24.138,Loan originated
1,495000.0,44,835000.0,180.0,1,Asian,Male,25-34,60.0,Loan originated
1,655000.0,49,705000.0,185.0,1,Asian,Joint,45-54,92.9,Loan originated
1,395000.0,37,525000.0,246.0,1,White,Joint,55-64,75.0,Loan originated
1,675000.0,36,715000.0,223.0,1,Black or African American,Female,35-44,95.0,Loan originated
1,1035000.0,30%-<36%,1295000.0,403.0,1,White,Male,35-44,80.0,Loan originated
1,635000.0,41,795000.0,266.0,1,White,Male,45-54,80.0,Loan originated
1,445000.0,38,555000.0,177.0,1,White,Female,35-44,80.0,Loan originated
1,995000.0,41,1525000.0,260.0,1,White,Joint,55-64,65.461,Loan originated
1,435000.0,42,545000.0,102.0,1,Asian,Female,25-34,80.0,Loan originated
1,735000.0,47,915000.0,218.0,1,White,Joint,45-54,80.0,Loan originated
1,405000.0,48,515000.0,108.0,1,Hispanic or Latino,Male,35-44,80.0,Loan originated
1,765000.0,41,805000.0,194.0,1,Hispanic or Latino,Joint,25-34,95.0,Loan originated
1,605000.0,40,1255000.0,151.0,1,Asian,Female,<25,48.0,Loan originated
1,765000.0,42,955000.0,180.0,1,Asian,Female,45-54,80.0,Loan originated
1,705000.0,38,745000.0,206.0,1,White,Joint,25-34,95.0,Loan originated
1,885000.0,43,1735000.0,511.0,1,Asian,Joint,65-74,51.01,Loan originated
1,315000.0,44,615000.0,87.0,1,White,Joint,45-54,51.22,Loan originated
1,555000.0,49,2005000.0,141.0,1,White,Joint,45-54,27.531,Loan originated
1,525000.0,41,755000.0,191.0,1,Asian,Joint,25-34,70.0,Loan originated
1,995000.0,45,1325000.0,369.0,1,Hispanic or Latino,Male,25-34,75.0,Loan originated
1,575000.0,44,725000.0,138.0,1,Asian,Male,25-34,80.0,Loan originated
1,515000.0,42,655000.0,144.0,1,Asian,Joint,25-34,78.007,Loan originated
1,735000.0,43,815000.0,178.0,1,Hispanic or Latino,Female,35-44,90.0,Loan originated
1,625000.0,30%-<36%,695000.0,195.0,1,Hispanic or Latino,Joint,25-34,90.0,Loan originated
1,925000.0,30%-<36%,1265000.0,265.0,1,Asian,Male,35-44,73.333,Loan originated
1,345000.0,36,445000.0,103.0,1,White,Male,35-44,77.728,Loan originated
1,395000.0,43,695000.0,107.0,1,Asian,Male,45-54,57.0,Loan originated
1,275000.0,20%-<30%,515000.0,128.0,1,White,Female,45-54,54.02,Loan originated
1,645000.0,37,665000.0,228.0,1,White,Joint,55-64,97.0,Loan originated
1,245000.0,49,465000.0,63.0,1,Hispanic or Latino,Joint,45-54,52.95,Loan originated
1,785000.0,41,985000.0,196.0,1,White,Male,35-44,80.0,Loan originated
1,435000.0,40,545000.0,212.0,1,Asian,Joint,35-44,80.0,Loan originated
1,275000.0,<20%,505000.0,161.0,1,White,Female,35-44,55.0,Loan originated
1,515000.0,45,535000.0,128.0,1,White,Joint,25-34,96.0,Loan originated
1,615000.0,47,715000.0,169.0,1,Asian,Female,55-64,85.0,Loan originated
1,865000.0,49,915000.0,275.0,1,Asian,Joint,25-34,95.0,Loan originated
1,315000.0,42,395000.0,174.0,1,Hispanic or Latino,Female,35-44,80.55,Loan originated
1,745000.0,49,825000.0,252.0,1,Hispanic or Latino,Joint,25-34,89.976,Loan originated
1,745000.0,47,935000.0,160.0,1,Asian,Male,45-54,80.0,Loan originated
1,545000.0,30%-<36%,565000.0,262.0,1,White,Joint,35-44,97.0,Loan originated
1,345000.0,20%-<30%,1045000.0,216.0,1,White,Male,35-44,34.0,Loan originated
1,805000.0,44,1005000.0,291.0,1,White,Joint,35-44,80.0,Loan originated
1,675000.0,49,835000.0,202.0,1,Asian,Joint,45-54,80.0,Loan originated
1,1085000.0,30%-<36%,1355000.0,315.0,1,Asian,Joint,45-54,80.0,Loan originated
1,345000.0,48,435000.0,106.0,1,Hispanic or Latino,Joint,45-54,80.0,Loan originated
1,165000.0,36,215000.0,57.0,1,Hispanic or Latino,Male,45-54,80.0,Loan originated
1,165000.0,30%-<36%,555000.0,82.0,1,White,Joint,55-64,29.713,Loan originated
1,385000.0,39,435000.0,127.0,1,Hispanic or Latino,Male,45-54,89.0,Loan originated
1,415000.0,48,695000.0,131.0,1,Black or African American,Joint,35-44,58.993,Loan originated
1,405000.0,49,1045000.0,100.0,1,White,Joint,35-44,38.94,Loan originated
1,525000.0,39,555000.0,178.0,1,Hispanic or Latino,Joint,25-34,95.0,Loan originated
1,505000.0,46,625000.0,107.0,1,Black or African American,Female,>74,80.0,Loan originated
1,465000.0,43,855000.0,109.0,1,Hispanic or Latino,Female,45-54,54.407,Loan originated
1,245000.0,30%-<36%,695000.0,156.0,1,White,Male,55-64,35.252,Loan originated
1,665000.0,42,825000.0,205.0,1,White,Male,45-54,80.0,Loan originated
1,735000.0,49,755000.0,152.0,1,Hispanic or Latino,Joint,35-44,100.4,Loan originated
1,1145000.0,49,1445000.0,291.0,1,Hispanic or Latino,Female,45-54,79.167,Loan originated
1,715000.0,30%-<36%,1105000.0,215.0,1,Asian,Joint,45-54,65.0,Loan originated
1,965000.0,30%-<36%,1135000.0,316.0,1,Asian,Joint,35-44,85.0,Loan originated
1,745000.0,49,785000.0,245.0,1,Hispanic or Latino,Male,25-34,95.0,Loan originated
1,335000.0,37,535000.0,97.0,1,Hispanic or Latino,Joint,45-54,61.511,Loan originated
1,315000.0,30%-<36%,325000.0,132.0,1,White,Joint,25-34,97.0,Loan originated
1,685000.0,47,855000.0,181.0,1,White,Male,45-54,80.0,Application denied
1,895000.0,41,1115000.0,266.0,1,Asian,Joint,25-34,80.0,Loan originated
1,355000.0,46,895000.0,111.0,1,Asian,Joint,35-44,39.342,Loan originated
1,415000.0,42,435000.0,89.0,1,Hispanic or Latino,Male,45-54,99.91,Loan originated
1,735000.0,47,775000.0,254.0,1,Asian,Joint,35-44,95.0,Loan originated
1,515000.0,<20%,715000.0,293.0,1,White,Joint,25-34,71.84,Loan originated
1,865000.0,40,985000.0,222.0,1,Asian,Joint,25-34,91.0,Loan originated
1,395000.0,47,875000.0,110.0,1,White,Joint,25-34,44.828,Loan originated
1,635000.0,20%-<30%,705000.0,315.0,1,White,Male,35-44,90.0,Loan originated
1,205000.0,41,575000.0,69.0,1,White,Female,65-74,35.088,Loan originated
1,445000.0,47,595000.0,131.0,1,Asian,Male,25-34,75.0,Loan originated
1,565000.0,44,595000.0,168.0,1,Asian,Joint,25-34,95.0,Loan originated
1,335000.0,45,355000.0,76.0,1,Hispanic or Latino,Male,55-64,97.0,Loan originated
1,715000.0,40,795000.0,300.0,1,Asian,Joint,25-34,90.0,Loan originated
1,905000.0,38,1535000.0,230.0,1,Asian,Joint,35-44,58.824,Loan originated
1,815000.0,20%-<30%,1205000.0,293.0,1,Asian,Joint,45-54,67.5,Application denied
1,435000.0,40,515000.0,116.0,1,Asian,Female,25-34,85.0,Loan originated
1,365000.0,41,495000.0,263.0,1,White,Male,25-34,75.0,Loan originated
1,645000.0,41,805000.0,144.0,1,White,Male,25-34,80.0,Loan originated
1,865000.0,38,1385000.0,220.0,1,Asian,Joint,45-54,62.19,Loan originated
1,1045000.0,36,1635000.0,353.0,1,White,Male,55-64,63.88,Loan originated
1,1135000.0,43,1195000.0,295.0,1,White,Joint,35-44,95.0,Loan originated
1,985000.0,47,1235000.0,228.0,1,Asian,Male,35-44,80.0,Loan originated
1,335000.0,30%-<36%,355000.0,271.0,1,White,Male,25-34,94.148,Loan originated
1,355000.0,30%-<36%,1185000.0,135.0,1,White,Joint,>74,29.536,Loan originated
1,865000.0,45,965000.0,217.0,1,White,Joint,25-34,90.0,Loan originated
1,785000.0,37,885000.0,305.0,1,White,Joint,35-44,88.701,Loan originated
1,1005000.0,44,2135000.0,286.0,1,Asian,Male,45-54,46.8,Loan originated
1,515000.0,40,545000.0,121.0,1,White,Joint,>74,95.0,Loan originated
1,595000.0,43,655000.0,167.0,1,Black or African American,Male,25-34,89.99,Loan originated
1,765000.0,46,815000.0,327.0,1,Hispanic or Latino,Male,25-34,94.055,Loan originated
1,465000.0,41,485000.0,109.0,1,Hispanic or Latino,Joint,35-44,97.0,Loan originated
1,1005000.0,40,1255000.0,266.0,1,White,Female,55-64,80.0,Loan originated
1,225000.0,20%-<30%,645000.0,205.0,1,Hispanic or Latino,Male,45-54,34.375,Loan originated
1,555000.0,49,1455000.0,128.0,1,Hispanic or Latino,Male,55-64,38.0,Loan originated
1,205000.0,39,575000.0,82.0,1,White,Female,35-44,36.0,Loan originated
1,605000.0,46,645000.0,135.0,1,Hispanic or Latino,Joint,25-34,93.808,Loan originated
1,835000.0,47,1045000.0,302.0,1,Asian,Joint,35-44,80.0,Loan originated
1,395000.0,44,425000.0,107.0,1,Black or African American,Female,45-54,95.0,Loan originated
1,565000.0,47,935000.0,122.0,1,Hispanic or Latino,Female,65-74,60.323,Loan originated
1,765000.0,30%-<36%,965000.0,307.0,1,White,Joint,25-34,80.0,Loan originated
1,335000.0,42,415000.0,78.0,1,Hispanic or Latino,Male,25-34,100.0,Loan originated
1,755000.0,47,885000.0,186.0,1,Hispanic or Latino,Joint,25-34,85.65,Loan originated
1,215000.0,30%-<36%,425000.0,104.0,1,White,Female,>74,49.42,Loan originated
1,675000.0,>60%,845000.0,143.0,1,Asian,Male,45-54,80.0,Application denied
1,625000.0,30%-<36%,785000.0,242.0,1,Hispanic or Latino,Joint,45-54,80.0,Loan originated
1,565000.0,46,715000.0,121.0,1,Asian,Female,55-64,80.0,Loan originated
1,325000.0,20%-<30%,615000.0,295.0,1,White,Male,45-54,53.0,Loan originated
1,495000.0,49,655000.0,109.0,1,Asian,Male,35-44,75.0,Loan originated
1,415000.0,30%-<36%,465000.0,122.0,1,Asian,Male,25-34,90.0,Loan originated
1,175000.0,36,235000.0,84.0,1,Hispanic or Latino,Male,25-34,76.18,Loan originated
1,545000.0,50%-60%,735000.0,105.0,1,Asian,Male,45-54,75.0,Application denied
1,335000.0,49,435000.0,73.0,1,Asian,Female,35-44,78.505,Loan originated
1,55000.0,>60%,65000.0,50.0,1,White,Female,>74,77.99,Application denied
1,765000.0,<20%,1665000.0,430.0,1,White,Male,25-34,45.783,Loan originated
1,445000.0,43,465000.0,128.0,1,White,Female,35-44,95.0,Loan originated
1,795000.0,49,885000.0,165.0,1,Asian,Male,25-34,90.0,Loan originated
1,425000.0,42,455000.0,94.0,1,White,Male,35-44,94.88,Loan originated
1,645000.0,49,675000.0,174.0,1,White,Joint,55-64,95.0,Loan originated
1,435000.0,49,485000.0,100.0,1,White,Joint,25-34,93.0,Loan originated
1,635000.0,49,665000.0,158.0,1,Hispanic or Latino,Female,35-44,95.0,Loan originated
1,125000.0,42,215000.0,36.0,1,Hispanic or Latino,Female,55-64,104.0,Loan originated
1,975000.0,42,1225000.0,252.0,1,White,Male,25-34,79.92,Loan originated
1,585000.0,49,835000.0,233.0,1,Asian,Joint,45-54,70.0,Loan originated
1,265000.0,49,675000.0,66.0,1,Asian,Female,45-54,38.69,Loan originated
1,495000.0,50%-60%,525000.0,269.0,1,Hispanic or Latino,Joint,45-54,95.0,Application denied
1,955000.0,20%-<30%,1905000.0,336.0,1,White,Joint,35-44,50.0,Loan originated
1,445000.0,46,455000.0,122.0,1,White,Male,25-34,97.0,Loan originated
1,725000.0,44,805000.0,158.0,1,Hispanic or Latino,Male,25-34,90.0,Loan originated
1,385000.0,41,835000.0,267.0,1,White,Male,35-44,45.455,Loan originated
1,385000.0,30%-<36%,455000.0,128.0,1,Hispanic or Latino,Joint,<25,85.0,Loan originated
1,905000.0,>60%,1645000.0,80.0,1,Asian,Joint,65-74,54.61,Application denied
1,335000.0,30%-<36%,365000.0,95.0,1,Hispanic or Latino,Joint,45-54,89.719,Loan originated
1,665000.0,38,715000.0,186.0,1,Asian,Joint,35-44,93.007,Loan originated
1,405000.0,46,505000.0,87.0,1,White,Joint,<25,80.0,Loan originated
1,415000.0,<20%,515000.0,1200.0,1,White,Male,25-34,80.0,Application denied
1,785000.0,30%-<36%,975000.0,231.0,1,White,Joint,25-34,80.0,Loan originated
1,625000.0,44,785000.0,165.0,1,White,Joint,25-34,80.0,Loan originated
1,555000.0,48,1155000.0,128.0,1,Asian,Male,45-54,47.826,Loan originated
1,455000.0,41,515000.0,134.0,1,Asian,Female,25-34,88.236,Loan originated
1,755000.0,49,1085000.0,163.0,1,Asian,Male,35-44,70.0,Loan originated
1,425000.0,40,905000.0,117.0,1,Asian,Female,35-44,47.12,Loan originated
1,675000.0,46,955000.0,188.0,1,White,Joint,55-64,71.05,Loan originated
1,515000.0,48,545000.0,121.0,1,Hispanic or Latino,Joint,35-44,95.0,Loan originated
1,485000.0,46,495000.0,111.0,1,Asian,Female,25-34,100.0,Loan originated
1,1115000.0,49,1175000.0,259.0,1,White,Male,35-44,95.0,Loan originated
1,425000.0,30%-<36%,435000.0,133.0,1,White,Male,25-34,97.0,Loan originated
1,925000.0,40,1255000.0,272.0,1,Hispanic or Latino,Female,55-64,73.8,Loan originated
1,515000.0,30%-<36%,1695000.0,271.0,1,White,Male,35-44,30.547,Loan originated
1,745000.0,30%-<36%,775000.0,264.0,1,Asian,Joint,35-44,97.0,Loan originated
1,505000.0,42,755000.0,135.0,1,Hispanic or Latino,Joint,45-54,66.67,Loan originated
1,405000.0,20%-<30%,755000.0,149.0,1,White,Male,35-44,53.333,Loan originated
1,525000.0,44,975000.0,147.0,1,White,Joint,>74,56.41,Application denied
1,575000.0,30%-<36%,955000.0,205.0,1,White,Male,25-34,60.0,Loan originated
1,1005000.0,30%-<36%,1775000.0,404.0,1,Asian,Joint,25-34,56.253,Loan originated
1,235000.0,20%-<30%,365000.0,120.0,1,White,Female,>74,64.0,Loan originated
1,185000.0,20%-<30%,245000.0,84.0,1,Asian,Male,45-54,75.0,Loan originated
1,735000.0,36,775000.0,378.0,1,White,Joint,35-44,95.0,Loan originated
1,965000.0,42,1205000.0,271.0,1,Asian,Joint,55-64,80.0,Loan originated
1,705000.0,47,885000.0,150.0,1,White,Male,25-34,80.0,Loan originated
1,875000.0,40,1455000.0,212.0,1,Asian,Male,35-44,60.0,Loan originated
1,765000.0,38,925000.0,195.0,1,Asian,Female,35-44,83.321,Loan originated
1,425000.0,45,855000.0,118.0,1,Hispanic or Latino,Female,35-44,102.306,Loan originated
1,445000.0,37,555000.0,120.0,1,White,Female,55-64,80.0,Loan originated
1,585000.0,41,785000.0,207.0,1,White,Male,35-44,75.0,Loan originated
1,775000.0,38,1155000.0,320.0,1,Asian,Female,35-44,80.0,Loan originated
1,765000.0,20%-<30%,965000.0,378.0,1,White,Joint,>74,80.0,Loan originated
1,655000.0,42,925000.0,216.0,1,Asian,Female,25-34,71.0,Loan originated
1,305000.0,44,375000.0,96.0,1,White,Female,55-64,80.0,Loan originated
1,185000.0,20%-<30%,235000.0,75.0,1,Hispanic or Latino,Male,35-44,80.0,Loan originated
1,685000.0,44,805000.0,184.0,1,White,Joint,25-34,85.0,Loan originated
1,275000.0,49,305000.0,57.0,1,Hispanic or Latino,Male,25-34,93.0,Loan originated
1,495000.0,44,745000.0,180.0,1,White,Joint,45-54,66.443,Loan originated
1,765000.0,30%-<36%,805000.0,476.0,1,White,Male,45-54,95.0,Loan originated
1,575000.0,30%-<36%,815000.0,265.0,1,White,Male,65-74,70.0,Loan originated
1,615000.0,48,645000.0,163.0,1,Asian,Female,55-64,95.0,Loan originated
1,305000.0,42,485000.0,73.0,1,Hispanic or Latino,Male,35-44,62.5,Loan originated
1,305000.0,20%-<30%,1105000.0,372.0,1,White,Joint,55-64,27.523,Loan originated
1,755000.0,44,2425000.0,258.0,1,Asian,Joint,25-34,31.0,Loan originated
1,545000.0,40,575000.0,145.0,1,White,Joint,25-34,95.0,Loan originated
1,645000.0,41,865000.0,279.0,1,White,Female,55-64,75.0,Loan originated
1,675000.0,30%-<36%,975000.0,240.0,1,Asian,Male,25-34,69.231,Loan originated
1,605000.0,<20%,945000.0,616.0,1,White,Female,65-74,63.83,Loan originated
1,295000.0,37,445000.0,149.0,1,White,Joint,35-44,66.592,Loan originated
1,355000.0,49,485000.0,92.0,1,White,Male,55-64,73.958,Loan originated
1,345000.0,20%-<30%,435000.0,164.0,1,Hispanic or Latino,Joint,25-34,80.0,Loan originated
1,435000.0,48,625000.0,154.0,1,White,Female,45-54,70.0,Loan originated
1,415000.0,30%-<36%,445000.0,122.0,1,Hispanic or Latino,Joint,25-34,95.0,Application denied
1,1145000.0,38,1215000.0,240.0,1,Hispanic or Latino,Joint,35-44,94.636,Loan originated
1,685000.0,49,855000.0,141.0,1,Hispanic or Latino,Female,45-54,80.0,Loan originated
1,255000.0,48,785000.0,80.0,1,White,Joint,55-64,32.051,Loan originated
1,555000.0,49,605000.0,118.0,1,Asian,Male,35-44,92.5,Loan originated
1,645000.0,40,815000.0,147.0,1,Asian,Male,35-44,78.3,Loan originated
1,455000.0,38,695000.0,137.0,1,Asian,Joint,35-44,65.754,Loan originated
1,925000.0,49,2265000.0,230.0,1,White,Male,35-44,40.98,Loan originated
1,165000.0,30%-<36%,265000.0,113.0,1,Hispanic or Latino,Male,45-54,65.0,Loan originated
1,715000.0,40,955000.0,204.0,1,Hispanic or Latino,Male,25-34,75.0,Loan originated
1,325000.0,39,335000.0,105.0,1,Hispanic or Latino,Female,25-34,100.0,Loan originated
1,425000.0,41,525000.0,104.0,1,White,Female,25-34,80.0,Loan originated
1,1065000.0,48,1125000.0,275.0,1,White,Male,55-64,95.0,Loan originated
1,575000.0,42,645000.0,159.0,1,Asian,Female,25-34,90.0,Loan originated
1,385000.0,<20%,635000.0,278.0,1,White,Female,35-44,60.798,Loan originated
1,945000.0,49,1355000.0,187.0,1,Asian,Male,35-44,70.0,Loan originated
1,415000.0,44,725000.0,118.0,1,Hispanic or Latino,Joint,25-34,57.0,Loan originated
1,205000.0,30%-<36%,595000.0,86.0,1,White,Male,>74,33.636,Loan originated
1,365000.0,47,865000.0,94.0,1,Asian,Female,35-44,42.528,Loan originated
1,505000.0,<20%,1305000.0,299.0,1,Asian,Joint,25-34,39.0,Loan originated
1,305000.0,49,315000.0,69.0,1,Hispanic or Latino,Female,35-44,94.33,Loan originated
1,315000.0,50%-60%,355000.0,68.0,1,Asian,Female,25-34,90.0,Loan originated
1,485000.0,40,545000.0,111.0,1,Asian,Female,35-44,90.0,Loan originated
1,315000.0,49,325000.0,93.0,1,Hispanic or Latino,Female,55-64,100.0,Loan originated
1,565000.0,45,595000.0,245.0,1,Hispanic or Latino,Male,45-54,95.0,Loan originated
1,245000.0,30%-<36%,305000.0,228.0,1,White,Female,35-44,80.0,Loan originated
1,355000.0,20%-<30%,395000.0,111.0,1,Hispanic or Latino,Male,45-54,90.0,Loan originated
1,285000.0,49,1125000.0,85.0,1,Asian,Male,25-34,25.71,Loan originated
1,305000.0,48,475000.0,81.0,1,Black or African American,Female,55-64,64.89,Application denied
1,565000.0,47,635000.0,137.0,1,Hispanic or Latino,Male,25-34,90.0,Loan originated
1,505000.0,48,625000.0,295.0,1,White,Joint,25-34,80.0,Loan originated
1,485000.0,48,545000.0,104.0,1,Hispanic or Latino,Male,55-64,90.0,Loan originated
1,275000.0,20%-<30%,575000.0,251.0,1,Asian,Joint,25-34,47.37,Loan originated
1,415000.0,40,615000.0,134.0,1,White,Joint,65-74,67.362,Loan originated
1,765000.0,30%-<36%,975000.0,260.0,1,Asian,Male,35-44,78.59,Application denied
1,535000.0,47,715000.0,125.0,1,Asian,Joint,55-64,75.0,Loan originated
1,905000.0,41,1465000.0,276.0,1,Hispanic or Latino,Female,35-44,61.3,Loan originated
1,685000.0,39,725000.0,215.0,1,White,Joint,25-34,95.0,Loan originated
1,715000.0,30%-<36%,755000.0,204.0,1,Hispanic or Latino,Joint,25-34,94.5,Loan originated
1,1145000.0,47,1355000.0,288.0,1,Hispanic or Latino,Joint,25-34,84.815,Loan originated
1,775000.0,30%-<36%,1905000.0,301.0,1,White,Joint,65-74,40.526,Loan originated
1,505000.0,48,625000.0,104.0,1,Asian,Male,35-44,80.0,Loan originated
1,505000.0,20%-<30%,585000.0,181.0,1,White,Joint,25-34,85.0,Loan originated
1,465000.0,45,515000.0,100.0,1,White,Female,55-64,90.0,Loan originated
1,365000.0,36,375000.0,117.0,1,Asian,Female,25-34,95.0,Loan originated
1,355000.0,45,375000.0,97.0,1,Hispanic or Latino,Female,45-54,101.94,Loan originated
1,775000.0,49,825000.0,170.0,1,Black or African American,Joint,35-44,95.0,Loan originated
1,365000.0,30%-<36%,455000.0,132.0,1,White,Male,25-34,80.0,Loan originated
1,385000.0,47,645000.0,73.0,1,Hispanic or Latino,Male,45-54,59.38,Loan originated
1,535000.0,49,1755000.0,148.0,1,White,Joint,45-54,30.571,Loan originated
1,685000.0,46,725000.0,169.0,1,Hispanic or Latino,Female,35-44,95.0,Loan originated
1,745000.0,30%-<36%,925000.0,297.0,1,Asian,Female,35-44,80.0,Loan originated
1,565000.0,44,625000.0,163.0,1,Black or African American,Male,35-44,90.0,Loan originated
1,1145000.0,40,1345000.0,288.0,1,Asian,Joint,25-34,86.0,Loan originated
1,1005000.0,>60%,1255000.0,70.0,1,Asian,Joint,25-34,80.0,Application denied
1,765000.0,41,955000.0,239.0,1,Asian,Female,35-44,80.0,Loan originated
1,645000.0,20%-<30%,865000.0,214.0,1,Asian,Joint,25-34,75.0,Loan originated
1,525000.0,30%-<36%,755000.0,162.0,1,Asian,Joint,25-34,70.0,Loan originated
1,275000.0,49,705000.0,78.0,1,Asian,Female,45-54,39.0,Loan originated
1,765000.0,41,855000.0,219.0,1,Asian,Female,35-44,90.182,Loan originated
1,965000.0,30%-<36%,1205000.0,419.0,1,Asian,Joint,25-34,80.0,Loan originated
1,335000.0,<20%,835000.0,277.0,1,White,Joint,35-44,40.19,Loan originated
1,195000.0,30%-<36%,595000.0,86.0,1,Black or African American,Female,55-64,33.0,Loan originated
1,1145000.0,49,1585000.0,266.0,1,Asian,Male,55-64,72.769,Loan originated
1,1015000.0,43,1355000.0,443.0,1,White,Male,35-44,74.968,Loan originated
1,275000.0,46,395000.0,78.0,1,Hispanic or Latino,Male,35-44,70.0,Loan originated
1,125000.0,20%-<30%,255000.0,93.0,1,White,Female,55-64,48.4,Loan originated
1,685000.0,49,855000.0,135.0,1,White,Male,35-44,80.0,Loan originated
1,455000.0,43,655000.0,260.0,1,Asian,Male,35-44,69.517,Loan originated
1,355000.0,38,655000.0,230.0,1,Hispanic or Latino,Joint,45-54,53.846,Loan originated
1,545000.0,47,605000.0,136.0,1,Asian,Male,25-34,90.27,Loan originated
1,485000.0,44,495000.0,137.0,1,Hispanic or Latino,Male,25-34,100.395,Loan originated
1,905000.0,44,1005000.0,235.0,1,White,Joint,35-44,90.0,Loan originated
1,535000.0,48,675000.0,114.0,1,White,Male,25-34,80.0,Loan originated
1,345000.0,37,365000.0,96.0,1,Hispanic or Latino,Female,<25,100.0,Loan originated
1,655000.0,30%-<36%,735000.0,192.0,1,Asian,Male,25-34,89.99,Loan originated
1,515000.0,44,545000.0,140.0,1,Asian,Female,25-34,95.0,Application denied
1,945000.0,20%-<30%,1225000.0,507.0,1,White,Joint,25-34,76.93,Loan originated
1,475000.0,45,505000.0,114.0,1,Hispanic or Latino,Joint,25-34,95.0,Loan originated
1,1055000.0,42,1405000.0,255.0,1,White,Male,35-44,75.0,Loan originated
1,455000.0,48,485000.0,188.0,1,Hispanic or Latino,Joint,65-74,95.0,Loan originated
1,755000.0,20%-<30%,1005000.0,324.0,1,White,Male,25-34,75.0,Loan originated
1,335000.0,49,375000.0,101.0,1,White,Female,65-74,90.0,Loan originated
1,765000.0,36,1155000.0,283.0,1,Asian,Male,35-44,66.368,Loan originated
1,515000.0,49,615000.0,130.0,1,Asian,Joint,35-44,105.0,Loan originated
1,565000.0,44,635000.0,132.0,1,Hispanic or Latino,Joint,25-34,89.05,Loan originated
1,1005000.0,43,1255000.0,347.0,1,White,Joint,55-64,80.0,Application denied
1,655000.0,30%-<36%,725000.0,334.0,1,Hispanic or Latino,Joint,45-54,90.0,Application denied
1,475000.0,20%-<30%,665000.0,187.0,1,White,Joint,55-64,71.97,Loan originated
1,765000.0,48,1425000.0,160.0,1,White,Female,45-54,53.982,Loan originated
1,1055000.0,46,2025000.0,240.0,1,White,Joint,25-34,51.852,Loan originated
1,465000.0,46,525000.0,126.0,1,White,Joint,45-54,90.0,Loan originated
1,715000.0,42,845000.0,228.0,1,White,Female,45-54,85.0,Loan originated
1,325000.0,43,335000.0,66.0,1,Hispanic or Latino,Female,<25,97.0,Loan originated
1,1005000.0,20%-<30%,1265000.0,358.0,1,White,Male,35-44,79.291,Loan originated
1,615000.0,46,925000.0,319.0,1,White,Joint,>74,66.48,Loan originated
1,545000.0,49,575000.0,188.0,1,White,Male,55-64,95.0,Loan originated
1,765000.0,46,1055000.0,244.0,1,Asian,Male,35-44,73.005,Loan originated
1,455000.0,30%-<36%,455000.0,136.0,1,White,Female,55-64,100.233,Application denied
1,105000.0,50%-60%,1255000.0,101.0,1,White,Male,25-34,8.0,Loan originated
1,945000.0,45,1355000.0,388.0,1,White,Joint,55-64,70.0,Loan originated
1,705000.0,45,835000.0,166.0,1,Hispanic or Latino,Joint,35-44,85.0,Loan originated
1,505000.0,41,1205000.0,171.0,1,White,Joint,65-74,42.0,Loan originated
1,1035000.0,30%-<36%,1295000.0,490.0,1,Asian,Joint,45-54,79.845,Loan originated
1,705000.0,43,945000.0,177.0,1,Black or African American,Female,45-54,74.468,Loan originated
1,255000.0,47,355000.0,57.0,1,Hispanic or Latino,Female,45-54,73.0,Loan originated
1,495000.0,39,655000.0,132.0,1,White,Male,35-44,75.0,Application denied
1,1145000.0,40,1625000.0,391.0,1,Asian,Joint,35-44,70.738,Loan originated
1,715000.0,49,905000.0,133.0,1,Hispanic or Latino,Male,45-54,79.0,Loan originated
1,435000.0,30%-<36%,735000.0,145.0,1,White,Joint,35-44,60.0,Loan originated
1,395000.0,<20%,895000.0,0.0,1,White,Female,>74,44.38,Loan originated
1,575000.0,38,605000.0,191.0,1,White,Joint,25-34,95.0,Loan originated
1,585000.0,30%-<36%,755000.0,187.0,1,Asian,Joint,25-34,77.333,Loan originated
1,485000.0,43,745000.0,109.0,1,Asian,Male,25-34,65.0,Loan originated
1,665000.0,48,955000.0,302.0,1,Asian,Joint,25-34,70.0,Loan originated
1,925000.0,44,1205000.0,334.0,1,Asian,Female,35-44,76.35,Loan originated
1,365000.0,45,415000.0,83.0,1,Hispanic or Latino,Female,35-44,90.0,Loan originated
1,735000.0,42,755000.0,205.0,1,White,Joint,25-34,97.0,Loan originated
1,885000.0,45,1105000.0,216.0,1,Hispanic or Latino,Female,35-44,80.0,Application denied
1,355000.0,43,485000.0,89.0,1,Hispanic or Latino,Female,55-64,74.023,Loan originated
1,755000.0,44,935000.0,275.0,1,Hispanic or Latino,Male,35-44,80.749,Loan originated
1,305000.0,47,315000.0,65.0,1,Hispanic or Latino,Male,<25,97.0,Loan originated
1,565000.0,47,705000.0,165.0,1,Asian,Female,25-34,80.0,Loan originated
1,505000.0,38,535000.0,173.0,1,White,Male,45-54,95.0,Loan originated
1,915000.0,36,1225000.0,357.0,1,White,Joint,35-44,75.0,Loan originated
1,555000.0,49,1125000.0,142.0,1,Black or African American,Joint,25-34,48.889,Loan originated
1,145000.0,39,385000.0,147.0,1,Hispanic or Latino,Female,25-34,38.71,Application denied
1,675000.0,43,745000.0,154.0,1,White,Female,35-44,90.0,Loan originated
1,695000.0,46,995000.0,239.0,1,Hispanic or Latino,Female,55-64,70.0,Loan originated
1,1105000.0,49,1385000.0,276.0,1,Asian,Joint,35-44,80.0,Loan originated
1,345000.0,44,435000.0,89.0,1,Asian,Female,25-34,80.0,Loan originated
1,265000.0,47,335000.0,61.0,1,Black or African American,Female,55-64,80.0,Loan originated
1,625000.0,20%-<30%,1185000.0,149.0,1,Asian,Joint,45-54,55.36,Loan originated
1,1125000.0,40,1405000.0,298.0,1,White,Joint,55-64,80.0,Loan originated
1,205000.0,30%-<36%,2655000.0,160.0,1,White,Joint,55-64,7.547,Loan originated
1,535000.0,38,595000.0,165.0,1,White,Joint,25-34,90.0,Loan originated
1,435000.0,44,525000.0,103.0,1,Hispanic or Latino,Joint,55-64,83.13,Loan originated
1,575000.0,46,635000.0,123.0,1,White,Male,35-44,89.92,Loan originated
1,885000.0,42,1805000.0,344.0,1,White,Joint,35-44,48.889,Loan originated
1,795000.0,20%-<30%,995000.0,415.0,1,White,Male,35-44,80.0,Loan originated
1,515000.0,20%-<30%,645000.0,325.0,1,White,Joint,55-64,80.0,Loan originated
1,365000.0,30%-<36%,375000.0,199.0,1,Hispanic or Latino,Female,55-64,97.0,Loan originated
1,1085000.0,44,1285000.0,437.0,1,Asian,Joint,55-64,85.0,Loan originated
1,425000.0,30%-<36%,445000.0,126.0,1,White,Male,25-34,95.0,Loan originated
1,305000.0,49,575000.0,73.0,1,Asian,Male,25-34,53.0,Loan originated
1,765000.0,20%-<30%,955000.0,259.0,1,Asian,Female,45-54,80.0,Loan originated
1,1185000.0,46,1485000.0,297.0,1,Black or African American,Female,55-64,80.0,Loan originated
1,685000.0,37,875000.0,209.0,1,White,Joint,25-34,78.286,Loan originated
1,455000.0,49,1005000.0,185.0,1,Asian,Joint,25-34,44.955,Loan originated
1,485000.0,30%-<36%,605000.0,157.0,1,White,Joint,45-54,80.0,Loan originated
1,255000.0,42,285000.0,82.0,1,Hispanic or Latino,Male,<25,90.0,Loan originated
1,725000.0,20%-<30%,805000.0,289.0,1,Asian,Joint,35-44,90.0,Loan originated
1,345000.0,20%-<30%,715000.0,181.0,1,Asian,Male,25-34,47.698,Loan originated
1,545000.0,48,575000.0,140.0,1,Hispanic or Latino,Female,25-34,95.0,Loan originated
1,875000.0,30%-<36%,1355000.0,429.0,1,White,Joint,25-34,66.0,Loan originated
1,845000.0,36,1055000.0,252.0,1,White,Joint,35-44,80.0,Loan originated
1,515000.0,30%-<36%,665000.0,180.0,1,Asian,Male,45-54,78.409,Application denied
1,775000.0,30%-<36%,965000.0,680.0,1,White,Male,25-34,80.0,Loan originated
1,685000.0,48,725000.0,195.0,1,White,Male,25-34,95.0,Loan originated
1,685000.0,38,1375000.0,469.0,1,Asian,Male,45-54,50.0,Loan originated
1,465000.0,42,585000.0,105.0,1,Asian,Male,25-34,80.0,Loan originated
1,1145000.0,38,1425000.0,402.0,1,Asian,Joint,25-34,80.0,Loan originated
1,535000.0,49,765000.0,110.0,1,Asian,Joint,35-44,69.365,Loan originated
1,335000.0,49,755000.0,73.0,1,White,Male,55-64,43.825,Loan originated
1,975000.0,49,1215000.0,182.0,1,Asian,Female,25-34,80.0,Loan originated
1,725000.0,40,915000.0,208.0,1,Asian,Joint,35-44,80.0,Loan originated
1,475000.0,43,635000.0,118.0,1,Asian,Female,55-64,74.96,Loan originated
1,745000.0,37,935000.0,216.0,1,Asian,Male,25-34,80.0,Loan originated
1,745000.0,30%-<36%,785000.0,219.0,1,White,Joint,35-44,95.0,Loan originated
1,885000.0,47,935000.0,191.0,1,Asian,Male,25-34,94.97,Loan originated
1,345000.0,37,435000.0,117.0,1,White,Male,45-54,80.0,Loan originated
1,275000.0,49,665000.0,64.0,1,White,Male,35-44,41.667,Loan originated
1,435000.0,30%-<36%,875000.0,213.0,1,White,Male,45-54,50.0,Loan originated
1,395000.0,49,495000.0,81.0,1,White,Female,35-44,80.0,Loan originated
1,495000.0,20%-<30%,625000.0,167.0,1,White,Female,55-64,80.0,Loan originated
1,155000.0,30%-<36%,985000.0,173.0,1,Hispanic or Latino,Joint,55-64,15.306,Loan originated
1,385000.0,46,645000.0,109.0,1,Asian,Female,>74,59.222,Loan originated
1,725000.0,<20%,915000.0,771.0,1,Asian,Male,45-54,80.0,Loan originated
1,595000.0,45,745000.0,158.0,1,White,Joint,25-34,80.0,Loan originated
1,335000.0,30%-<36%,395000.0,94.0,1,White,Male,35-44,83.917,Loan originated
1,375000.0,49,475000.0,85.0,1,Asian,Joint,35-44,80.0,Loan originated
1,845000.0,44,1205000.0,214.0,1,Asian,Female,25-34,70.0,Loan originated
1,925000.0,41,965000.0,227.0,1,Asian,Male,25-34,95.0,Loan originated
1,855000.0,39,1065000.0,334.0,1,White,Joint,35-44,80.0,Loan originated
1,1135000.0,20%-<30%,1415000.0,419.0,1,Asian,Joint,25-34,80.0,Loan originated
1,605000.0,36,755000.0,164.0,1,Hispanic or Latino,Male,25-34,80.0,Loan originated
1,725000.0,36,1425000.0,264.0,1,White,Joint,55-64,50.877,Loan originated
1,335000.0,50%-60%,435000.0,78.0,1,Hispanic or Latino,Male,45-54,77.144,Loan originated
1,675000.0,>60%,755000.0,316.0,1,Hispanic or Latino,Male,55-64,90.0,Application denied
1,685000.0,49,765000.0,166.0,1,Asian,Male,25-34,90.0,Loan originated
1,1145000.0,>60%,1685000.0,170.0,1,Asian,Male,35-44,68.393,Application denied
1,625000.0,30%-<36%,685000.0,355.0,1,White,Female,25-34,90.0,Loan originated
1,285000.0,20%-<30%,565000.0,137.0,1,White,Male,25-34,50.658,Loan originated
1,135000.0,47,235000.0,61.0,1,Hispanic or Latino,Female,25-34,56.522,Loan originated
1,185000.0,41,655000.0,100.0,1,White,Female,45-54,28.244,Loan originated
1,705000.0,44,775000.0,208.0,1,Asian,Female,35-44,91.0,Loan originated
1,395000.0,45,415000.0,90.0,1,Hispanic or Latino,Joint,45-54,95.0,Loan originated
1,535000.0,30%-<36%,595000.0,240.0,1,Hispanic or Latino,Male,25-34,89.9,Loan originated
1,435000.0,45,445000.0,116.0,1,Hispanic or Latino,Male,35-44,96.63,Loan originated
1,335000.0,49,875000.0,79.0,1,White,Female,25-34,38.215,Loan originated
1,775000.0,49,975000.0,177.0,1,White,Male,35-44,80.0,Loan originated
1,675000.0,37,1075000.0,225.0,1,Asian,Male,35-44,62.62,Loan originated
1,505000.0,30%-<36%,625000.0,137.0,1,Asian,Male,25-34,80.0,Loan originated
1,655000.0,39,685000.0,204.0,1,Other,Female,25-34,100.0,Loan originated
1,845000.0,39,885000.0,202.0,1,Asian,Male,<25,95.0,Loan originated
1,935000.0,42,2135000.0,297.0,1,Asian,Joint,45-54,43.688,Loan originated
1,885000.0,38,1105000.0,219.0,1,White,Joint,35-44,80.0,Application denied
1,315000.0,48,615000.0,73.0,1,White,Male,45-54,51.639,Loan originated
1,495000.0,49,525000.0,121.0,1,Hispanic or Latino,Joint,25-34,95.0,Loan originated
1,545000.0,<20%,845000.0,1724.0,1,White,Female,35-44,64.305,Loan originated
1,1115000.0,30%-<36%,1395000.0,314.0,1,Asian,Joint,25-34,80.0,Loan originated
1,105000.0,42,1705000.0,325.0,1,Asian,Joint,35-44,6.0,Loan originated
1,375000.0,30%-<36%,925000.0,129.0,1,Asian,Male,25-34,40.541,Loan originated
1,155000.0,46,305000.0,35.0,1,White,Female,25-34,50.0,Loan originated
1,365000.0,42,405000.0,99.0,1,Hispanic or Latino,Female,45-54,90.0,Loan originated
1,355000.0,47,445000.0,85.0,1,Hispanic or Latino,Female,25-34,80.0,Loan originated
1,365000.0,46,585000.0,96.0,1,Hispanic or Latino,Joint,45-54,62.0,Application denied
1,515000.0,44,995000.0,139.0,1,Asian,Male,35-44,52.0,Loan originated
1,445000.0,20%-<30%,555000.0,219.0,1,Asian,Male,25-34,80.0,Application denied
1,675000.0,42,755000.0,205.0,1,White,Male,35-44,90.0,Loan originated
1,575000.0,39,605000.0,158.0,1,Black or African American,Female,45-54,98.33,Loan originated
1,395000.0,49,495000.0,82.0,1,Hispanic or Latino,Female,35-44,79.0,Loan originated
1,415000.0,30%-<36%,465000.0,132.0,1,Hispanic or Latino,Female,25-34,90.0,Loan originated
1,555000.0,45,1075000.0,267.0,1,White,Male,55-64,51.402,Loan originated
1,1005000.0,48,1255000.0,257.0,1,Asian,Male,25-34,80.0,Loan originated
1,535000.0,49,555000.0,121.0,1,White,Male,35-44,96.709,Loan originated
1,415000.0,46,445000.0,100.0,1,White,Male,25-34,95.0,Loan originated
1,485000.0,42,605000.0,134.0,1,Asian,Joint,35-44,80.0,Loan originated
1,405000.0,20%-<30%,1015000.0,388.0,1,White,Joint,55-64,39.604,Loan originated
1,475000.0,39,635000.0,146.0,1,Asian,Female,25-34,75.0,Loan originated
1,665000.0,49,955000.0,192.0,1,Asian,Female,25-34,70.0,Loan originated
1,1015000.0,49,1265000.0,284.0,1,Asian,Joint,35-44,80.0,Loan originated
1,545000.0,30%-<36%,615000.0,165.0,1,Asian,Female,25-34,90.0,Loan originated
1,375000.0,30%-<36%,415000.0,118.0,1,Asian,Joint,45-54,89.499,Loan originated
1,955000.0,20%-<30%,1275000.0,321.0,1,Asian,Joint,35-44,75.0,Application denied
1,1065000.0,30%-<36%,1325000.0,285.0,1,White,Female,25-34,80.0,Loan originated
1,505000.0,39,535000.0,204.0,1,Asian,Male,45-54,95.0,Loan originated
1,585000.0,44,655000.0,136.0,1,Asian,Male,35-44,89.99,Loan originated
1,235000.0,40,575000.0,86.0,1,Asian,Female,65-74,41.31,Loan originated
1,755000.0,>60%,2855000.0,45.0,1,White,Joint,65-74,26.316,Application denied
1,285000.0,47,355000.0,107.0,1,Hispanic or Latino,Joint,25-34,80.0,Loan originated
1,765000.0,40,825000.0,315.0,1,Hispanic or Latino,Joint,45-54,93.33,Loan originated
1,435000.0,44,575000.0,189.0,1,Other,Female,35-44,75.0,Loan originated
1,995000.0,42,1655000.0,292.0,1,Asian,Male,35-44,60.0,Loan originated
1,275000.0,41,345000.0,76.0,1,Black or African American,Joint,55-64,80.0,Loan originated
1,525000.0,47,655000.0,122.0,1,White,Male,35-44,80.0,Loan originated
1,765000.0,30%-<36%,985000.0,375.0,1,White,Male,55-64,78.214,Loan originated
1,435000.0,43,455000.0,122.0,1,White,Joint,25-34,95.0,Loan originated
1,705000.0,49,855000.0,154.0,1,White,Female,35-44,100.0,Loan originated
1,815000.0,45,905000.0,260.0,1,White,Joint,45-54,90.0,Loan originated
1,755000.0,>60%,1135000.0,83.0,1,White,Female,65-74,66.02,Application denied
1,635000.0,40,705000.0,170.0,1,White,Male,25-34,90.0,Loan originated
1,615000.0,49,885000.0,168.0,1,White,Male,55-64,68.841,Loan originated
1,645000.0,40,715000.0,159.0,1,White,Male,65-74,90.0,Loan originated
1,405000.0,47,465000.0,151.0,1,Asian,Joint,45-54,89.0,Loan originated
1,665000.0,48,895000.0,247.0,1,White,Joint,65-74,75.0,Loan originated
1,675000.0,47,715000.0,161.0,1,Asian,Joint,35-44,95.0,Loan originated
1,565000.0,30%-<36%,765000.0,165.0,1,Asian,Male,35-44,73.684,Loan originated
1,765000.0,48,825000.0,201.0,1,Asian,Joint,45-54,93.276,Loan originated
1,925000.0,48,1205000.0,201.0,1,White,Joint,35-44,76.667,Application denied
1,245000.0,20%-<30%,245000.0,198.0,1,White,Male,35-44,97.0,Loan originated
1,435000.0,<20%,485000.0,1256.0,1,Hispanic or Latino,Female,35-44,90.0,Loan originated
1,975000.0,30%-<36%,1575000.0,331.0,1,Asian,Male,35-44,62.0,Loan originated
1,425000.0,30%-<36%,535000.0,203.0,1,Hispanic or Latino,Joint,35-44,80.0,Loan originated
1,765000.0,46,865000.0,371.0,1,Hispanic or Latino,Joint,35-44,90.0,Loan originated
1,205000.0,48,345000.0,124.0,1,White,Male,>74,57.971,Loan originated
1,465000.0,37,585000.0,122.0,1,White,Male,35-44,80.0,Loan originated
1,445000.0,46,555000.0,100.0,1,Black or African American,Male,35-44,80.0,Loan originated
1,635000.0,<20%,905000.0,1808.0,1,Hispanic or Latino,Female,65-74,70.0,Loan originated
1,415000.0,44,465000.0,111.0,1,Asian,Male,25-34,90.0,Loan originated
1,445000.0,41,555000.0,187.0,1,White,Male,<25,80.0,Loan originated
1,455000.0,47,465000.0,80.0,1,Hispanic or Latino,Male,35-44,97.0,Loan originated
1,765000.0,40,1175000.0,200.0,1,Asian,Male,35-44,65.14,Loan originated
1,415000.0,49,515000.0,97.0,1,Hispanic or Latino,Female,25-34,100.0,Loan originated
1,285000.0,44,305000.0,88.0,1,White,Female,<25,95.0,Loan originated
1,425000.0,40,445000.0,99.0,1,Asian,Female,25-34,95.0,Loan originated
1,155000.0,49,505000.0,43.0,1,White,Female,65-74,30.4,Application denied
1,405000.0,45,515000.0,90.0,1,Hispanic or Latino,Male,25-34,80.0,Loan originated
1,305000.0,47,375000.0,320.0,1,White,Joint,55-64,80.0,Loan originated
1,665000.0,44,705000.0,180.0,1,Black or African American,Female,25-34,95.0,Loan originated
1,635000.0,47,1265000.0,159.0,1,Asian,Joint,65-74,50.0,Loan originated
1,215000.0,49,305000.0,61.0,1,Hispanic or Latino,Female,65-74,72.085,Loan originated
1,575000.0,37,675000.0,165.0,1,White,Joint,25-34,85.29,Loan originated
1,385000.0,45,405000.0,83.0,1,Hispanic or Latino,Male,35-44,95.0,Loan originated
1,335000.0,49,675000.0,138.0,1,Hispanic or Latino,Joint,65-74,50.0,Loan originated
1,185000.0,37,535000.0,65.0,1,Asian,Joint,65-74,34.802,Loan originated
1,995000.0,<20%,1425000.0,0.0,1,White,Joint,65-74,70.0,Loan originated
1,565000.0,41,705000.0,150.0,1,Asian,Joint,45-54,80.0,Loan originated
1,595000.0,>60%,615000.0,152.0,1,White,Male,25-34,97.0,Loan originated
1,605000.0,46,755000.0,223.0,1,Asian,Male,35-44,80.0,Loan originated
1,335000.0,48,355000.0,92.0,1,White,Male,25-34,98.0,Application denied
1,425000.0,49,475000.0,81.0,1,Hispanic or Latino,Joint,45-54,90.0,Loan originated
1,275000.0,45,345000.0,106.0,1,Hispanic or Latino,Joint,25-34,80.0,Loan originated
1,765000.0,47,1485000.0,166.0,1,Asian,Male,25-34,51.794,Loan originated
1,195000.0,37,265000.0,70.0,1,White,Female,>74,79.167,Loan originated
1,765000.0,50%-60%,1165000.0,162.0,1,Asian,Male,35-44,65.692,Application denied
1,715000.0,48,895000.0,164.0,1,Hispanic or Latino,Male,45-54,80.0,Loan originated
1,475000.0,30%-<36%,565000.0,230.0,1,White,Joint,25-34,85.27,Loan originated
1,725000.0,42,765000.0,225.0,1,White,Joint,35-44,95.0,Loan originated
1,405000.0,30%-<36%,425000.0,141.0,1,Other,Joint,25-34,95.24,Loan originated
1,205000.0,40,315000.0,187.0,1,White,Male,55-64,66.28,Application denied
1,925000.0,30%-<36%,1235000.0,92.0,1,White,Joint,<25,75.0,Loan originated
1,725000.0,39,905000.0,198.0,1,White,Joint,<25,80.0,Loan originated
1,465000.0,44,965000.0,355.0,1,White,Joint,35-44,48.19,Loan originated
1,1135000.0,42,1425000.0,281.0,1,Asian,Male,35-44,80.0,Loan originated
1,225000.0,45,1225000.0,78.0,1,Black or African American,Female,35-44,18.367,Loan originated
1,515000.0,41,545000.0,279.0,1,White,Joint,25-34,95.0,Loan originated
1,375000.0,48,545000.0,81.0,1,Asian,Male,25-34,69.444,Loan originated
1,695000.0,42,775000.0,447.0,1,Asian,Female,65-74,90.0,Loan originated
1,725000.0,41,765000.0,206.0,1,Hispanic or Latino,Female,45-54,95.0,Loan originated
1,765000.0,50%-60%,835000.0,151.0,1,White,Joint,>74,91.365,Application denied
1,415000.0,39,635000.0,109.0,1,White,Joint,65-74,66.03,Loan originated
1,505000.0,40,725000.0,135.0,1,Asian,Female,55-64,69.169,Loan originated
1,875000.0,40,1255000.0,338.0,1,Asian,Joint,45-54,70.0,Loan originated
1,125000.0,50%-60%,735000.0,46.0,1,White,Female,55-64,16.6,Application denied
1,275000.0,41,545000.0,94.0,1,White,Male,65-74,55.556,Application denied
1,205000.0,49,585000.0,45.0,1,Hispanic or Latino,Joint,35-44,34.274,Loan originated
1,285000.0,48,335000.0,61.0,1,White,Female,65-74,85.0,Loan originated
1,575000.0,46,765000.0,327.0,1,Asian,Joint,25-34,80.0,Loan originated
1,895000.0,43,1125000.0,637.0,1,White,Male,45-54,80.0,Loan originated
1,305000.0,46,375000.0,77.0,1,White,Female,45-54,80.0,Loan originated
1,1105000.0,20%-<30%,3305000.0,524.0,1,White,Joint,35-44,33.333,Loan originated
1,465000.0,43,575000.0,109.0,1,White,Female,55-64,80.0,Loan originated
1,345000.0,30%-<36%,595000.0,132.0,1,White,Male,45-54,57.841,Loan originated
1,165000.0,>60%,165000.0,54.0,1,Hispanic or Latino,Female,25-34,101.28,Application denied
1,415000.0,38,555000.0,105.0,1,Asian,Male,25-34,75.0,Loan originated
1,355000.0,20%-<30%,405000.0,210.0,1,White,Female,55-64,87.73,Loan originated
1,565000.0,40,815000.0,159.0,1,Asian,Joint,35-44,69.34,Loan originated
1,535000.0,30%-<36%,595000.0,166.0,1,Hispanic or Latino,Male,25-34,90.0,Loan originated
1,305000.0,50%-60%,405000.0,90.0,1,Hispanic or Latino,Joint,65-74,99.44,Loan originated
1,425000.0,42,505000.0,107.0,1,White,Male,65-74,85.0,Loan originated
1,425000.0,40,535000.0,134.0,1,Hispanic or Latino,Female,55-64,80.0,Loan originated
1,705000.0,37,755000.0,201.0,1,Hispanic or Latino,Joint,35-44,93.33,Loan originated
1,715000.0,30%-<36%,1025000.0,408.0,1,Hispanic or Latino,Female,45-54,70.0,Loan originated
1,825000.0,<20%,975000.0,570.0,1,White,Female,25-34,85.0,Loan originated
1,895000.0,48,1285000.0,214.0,1,White,Joint,55-64,70.0,Loan originated
1,575000.0,40,845000.0,143.0,1,Asian,Male,25-34,68.45,Loan originated
1,355000.0,20%-<30%,695000.0,174.0,1,White,Joint,25-34,50.07,Loan originated
1,545000.0,30%-<36%,1205000.0,175.0,1,White,Female,35-44,45.0,Loan originated
1,485000.0,44,685000.0,114.0,1,Asian,Joint,35-44,70.59,Loan originated
1,445000.0,<20%,595000.0,365.0,1,White,Male,45-54,75.0,Loan originated
1,995000.0,36,1245000.0,260.0,1,Asian,Joint,35-44,80.0,Loan originated
1,1105000.0,44,1705000.0,395.0,1,White,Male,25-34,64.706,Loan originated
1,1145000.0,44,1475000.0,271.0,1,Asian,Male,>74,78.079,Loan originated
1,455000.0,39,505000.0,107.0,1,Asian,Male,25-34,90.891,Loan originated
1,515000.0,47,645000.0,116.0,1,White,Male,25-34,80.0,Loan originated
1,255000.0,41,275000.0,100.0,1,Hispanic or Latino,Male,45-54,95.0,Loan originated
1,735000.0,47,865000.0,280.0,1,Hispanic or Latino,Joint,45-54,85.0,Loan originated
1,235000.0,48,255000.0,75.0,1,Hispanic or Latino,Joint,25-34,94.0,Loan originated
1,405000.0,49,645000.0,98.0,1,Hispanic or Latino,Female,25-34,63.371,Loan originated
1,25000.0,<20%,585000.0,153.0,1,Hispanic or Latino,Female,45-54,100.0,Loan originated
1,405000.0,44,525000.0,104.0,1,Asian,Male,<25,76.93,Loan originated
1,315000.0,38,395000.0,80.0,1,White,Male,25-34,80.0,Loan originated
1,975000.0,30%-<36%,1225000.0,328.0,1,Asian,Joint,25-34,80.0,Loan originated
1,745000.0,39,825000.0,220.0,1,Asian,Joint,25-34,90.0,Loan originated
1,1055000.0,48,1405000.0,209.0,1,Asian,Male,25-34,75.0,Loan originated
1,425000.0,47,525000.0,85.0,1,Asian,Male,35-44,80.0,Loan originated
1,255000.0,<20%,995000.0,240.0,1,White,Male,55-64,25.253,Loan originated
1,265000.0,49,475000.0,54.0,1,White,Female,65-74,55.319,Loan originated
1,325000.0,30%-<36%,725000.0,181.0,1,White,Joint,25-34,44.444,Loan originated
1,645000.0,38,975000.0,15.0,1,Asian,Joint,35-44,65.64,Loan originated
1,975000.0,44,1215000.0,416.0,1,White,Joint,45-54,80.0,Loan originated
1,1035000.0,46,1295000.0,242.0,1,Asian,Male,45-54,80.0,Loan originated
1,515000.0,30%-<36%,545000.0,134.0,1,Asian,Female,25-34,95.0,Loan originated
1,165000.0,50%-60%,175000.0,54.0,1,Hispanic or Latino,Male,35-44,95.0,Application denied
1,1085000.0,49,1205000.0,297.0,1,White,Female,25-34,90.0,Loan originated
1,765000.0,49,815000.0,193.0,1,White,Female,35-44,94.59,Loan originated
1,435000.0,49,635000.0,136.0,1,Asian,Male,55-64,68.503,Loan originated
1,845000.0,42,1055000.0,203.0,1,White,Female,35-44,80.0,Loan originated
1,645000.0,45,805000.0,172.0,1,Asian,Male,45-54,80.0,Loan originated
1,555000.0,47,585000.0,126.0,1,White,Female,35-44,95.0,Loan originated
1,555000.0,40,685000.0,162.0,1,Asian,Female,55-64,80.0,Loan originated
1,465000.0,49,485000.0,121.0,1,White,Joint,55-64,95.0,Loan originated
1,355000.0,20%-<30%,445000.0,135.0,1,Asian,Male,25-34,80.0,Loan originated
1,515000.0,38,685000.0,250.0,1,White,Male,25-34,75.0,Loan originated
1,715000.0,47,895000.0,222.0,1,White,Male,25-34,80.0,Loan originated
1,315000.0,30%-<36%,395000.0,362.0,1,White,Joint,25-34,80.0,Loan originated
1,1055000.0,42,1315000.0,494.0,1,Asian,Male,35-44,80.0,Loan originated
1,365000.0,49,385000.0,74.0,1,Hispanic or Latino,Female,<25,95.0,Loan originated
1,865000.0,30%-<36%,965000.0,272.0,1,White,Joint,25-34,90.0,Loan originated
1,975000.0,38,1215000.0,267.0,1,Asian,Male,25-34,80.0,Loan originated
1,265000.0,20%-<30%,465000.0,157.0,1,Black or African American,Female,55-64,56.9,Loan originated
1,175000.0,42,415000.0,51.0,1,White,Female,45-54,103.854,Loan originated
1,495000.0,30%-<36%,545000.0,163.0,1,White,Joint,25-34,90.59,Loan originated
1,525000.0,49,615000.0,142.0,1,Hispanic or Latino,Joint,55-64,85.246,Loan originated
1,555000.0,44,615000.0,160.0,1,White,Female,45-54,90.0,Loan originated
1,655000.0,49,685000.0,138.0,1,Asian,Joint,<25,94.891,Loan originated
1,455000.0,48,485000.0,76.0,1,Asian,Male,55-64,93.706,Loan originated
1,355000.0,30%-<36%,705000.0,116.0,1,Asian,Female,45-54,49.452,Loan originated
1,765000.0,30%-<36%,1485000.0,220.0,1,Asian,Male,25-34,51.351,Loan originated
1,465000.0,49,515000.0,103.0,1,Hispanic or Latino,Female,25-34,89.981,Loan originated
1,545000.0,40,905000.0,210.0,1,Hispanic or Latino,Joint,55-64,59.545,Loan originated
1,325000.0,43,585000.0,110.0,1,Asian,Female,35-44,55.172,Loan originated
1,355000.0,30%-<36%,795000.0,174.0,1,Asian,Male,25-34,45.0,Loan originated
1,465000.0,48,625000.0,110.0,1,White,Female,35-44,75.0,Loan originated
1,305000.0,<20%,315000.0,199.0,1,Asian,Male,35-44,97.0,Loan originated
1,615000.0,49,765000.0,115.0,1,White,Male,25-34,79.739,Loan originated
1,635000.0,30%-<36%,785000.0,384.0,1,White,Joint,25-34,80.0,Loan originated
1,495000.0,40,625000.0,128.0,1,Hispanic or Latino,Female,35-44,79.969,Loan originated
1,915000.0,48,965000.0,117.0,1,Hispanic or Latino,Male,35-44,95.0,Loan originated
1,565000.0,48,865000.0,119.0,1,Hispanic or Latino,Joint,45-54,73.857,Loan originated
1,555000.0,41,1455000.0,155.0,1,White,Male,35-44,37.931,Loan originated
1,605000.0,46,765000.0,125.0,1,Hispanic or Latino,Female,25-34,80.0,Loan originated
1,825000.0,20%-<30%,1345000.0,482.0,1,White,Joint,45-54,61.453,Loan originated
1,665000.0,>60%,605000.0,52.0,1,White,Male,35-44,110.84,Application denied
1,385000.0,42,405000.0,98.0,1,Hispanic or Latino,Joint,25-34,95.0,Loan originated
1,1145000.0,41,1565000.0,274.0,1,Asian,Male,35-44,73.654,Loan originated
1,275000.0,30%-<36%,475000.0,85.0,1,White,Joint,35-44,58.421,Loan originated
1,435000.0,42,465000.0,194.0,1,Hispanic or Latino,Male,<25,95.0,Loan originated
1,345000.0,49,435000.0,85.0,1,White,Male,35-44,80.0,Loan originated
1,435000.0,50%-60%,465000.0,110.0,1,Hispanic or Latino,Male,25-34,95.0,Application denied
1,655000.0,45,855000.0,134.0,1,Asian,Joint,45-54,76.471,Loan originated
1,405000.0,20%-<30%,435000.0,196.0,1,White,Joint,45-54,94.19,Loan originated
1,655000.0,30%-<36%,815000.0,204.0,1,Hispanic or Latino,Male,25-34,80.0,Loan originated
1,525000.0,<20%,665000.0,160.0,1,Hispanic or Latino,Female,45-54,80.0,Loan originated
1,695000.0,49,875000.0,134.0,1,Asian,Male,35-44,79.66,Loan originated
1,345000.0,30%-<36%,595000.0,104.0,1,Asian,Female,35-44,57.699,Loan originated
1,295000.0,30%-<36%,305000.0,104.0,1,White,Male,25-34,100.0,Loan originated
1,995000.0,20%-<30%,1245000.0,456.0,1,Asian,Joint,35-44,80.0,Loan originated
1,835000.0,48,875000.0,166.0,1,White,Joint,65-74,95.0,Loan originated
1,345000.0,38,425000.0,100.0,1,Hispanic or Latino,Male,<25,80.0,Loan originated
1,705000.0,30%-<36%,875000.0,373.0,1,Asian,Joint,35-44,80.0,Loan originated
1,295000.0,47,315000.0,117.0,1,Other,Male,35-44,94.839,Loan originated
1,525000.0,46,655000.0,127.0,1,White,Male,25-34,80.0,Loan originated
1,695000.0,45,875000.0,327.0,1,Hispanic or Latino,Male,<25,80.0,Loan originated
1,1015000.0,30%-<36%,1815000.0,378.0,1,Asian,Joint,25-34,55.801,Loan originated
1,765000.0,42,1305000.0,224.0,1,Hispanic or Latino,Female,55-64,58.965,Loan originated
1,525000.0,48,755000.0,137.0,1,White,Male,35-44,70.0,Loan originated
1,395000.0,40,495000.0,116.0,1,Hispanic or Latino,Female,25-34,80.0,Loan originated
1,755000.0,38,945000.0,215.0,1,Asian,Female,35-44,80.0,Loan originated
1,835000.0,49,885000.0,155.0,1,Asian,Male,35-44,94.818,Loan originated
1,625000.0,47,695000.0,177.0,1,Hispanic or Latino,Joint,35-44,90.0,Loan originated
1,765000.0,<20%,1285000.0,1783.0,1,White,Joint,25-34,59.47,Loan originated
1,475000.0,48,695000.0,106.0,1,Asian,Male,25-34,68.0,Loan originated
1,435000.0,44,545000.0,262.0,1,White,Joint,65-74,80.0,Loan originated
1,625000.0,<20%,785000.0,6632.0,1,Asian,Male,35-44,80.0,Loan originated
1,1085000.0,42,1565000.0,363.0,1,Asian,Joint,45-54,89.87,Loan originated
1,425000.0,49,455000.0,91.0,1,Hispanic or Latino,Female,25-34,95.0,Loan originated
1,515000.0,40,615000.0,139.0,1,Hispanic or Latino,Joint,35-44,83.74,Loan originated
1,625000.0,47,1035000.0,372.0,1,Asian,Joint,55-64,60.0,Loan originated
1,625000.0,44,665000.0,169.0,1,Hispanic or Latino,Female,45-54,95.0,Loan originated
1,925000.0,<20%,1205000.0,516.0,1,White,Male,25-34,77.0,Loan originated
1,165000.0,20%-<30%,175000.0,90.0,1,Black or African American,Male,25-34,94.0,Application denied
1,305000.0,30%-<36%,375000.0,133.0,1,White,Joint,35-44,80.0,Loan originated
1,755000.0,20%-<30%,1045000.0,528.0,1,White,Joint,65-74,73.0,Loan originated
1,555000.0,38,615000.0,194.0,1,White,Female,55-64,90.0,Loan originated
1,705000.0,41,785000.0,250.0,1,Hispanic or Latino,Joint,25-34,90.0,Loan originated
1,695000.0,39,1115000.0,167.0,1,White,Male,25-34,61.883,Loan originated
1,95000.0,20%-<30%,265000.0,63.0,1,White,Female,65-74,34.615,Loan originated
1,225000.0,38,285000.0,70.0,1,Black or African American,Female,65-74,80.0,Loan originated
1,995000.0,40,1225000.0,359.0,1,White,Female,35-44,89.99,Application denied
1,345000.0,41,435000.0,95.0,1,Asian,Male,25-34,80.0,Loan originated
1,765000.0,49,1125000.0,160.0,1,Hispanic or Latino,Male,55-64,68.13,Loan originated
1,465000.0,46,505000.0,106.0,1,Asian,Male,25-34,92.07,Loan originated
1,455000.0,20%-<30%,955000.0,260.0,1,Hispanic or Latino,Male,55-64,47.644,Loan originated
1,465000.0,30%-<36%,555000.0,144.0,1,White,Female,35-44,85.0,Loan originated
1,685000.0,20%-<30%,855000.0,425.0,1,White,Male,45-54,80.0,Loan originated
1,325000.0,20%-<30%,725000.0,145.0,1,White,Female,55-64,44.444,Loan originated
1,525000.0,48,585000.0,192.0,1,White,Joint,55-64,90.0,Loan originated
1,275000.0,47,725000.0,90.0,1,White,Female,35-44,37.087,Loan originated
1,425000.0,48,535000.0,114.0,1,White,Joint,25-34,80.0,Loan originated
1,865000.0,48,1215000.0,193.0,1,White,Male,65-74,71.0,Loan originated
1,635000.0,47,905000.0,128.0,1,Hispanic or Latino,Female,45-54,70.0,Loan originated
1,495000.0,41,655000.0,138.0,1,White,Joint,25-34,75.0,Loan originated
1,895000.0,20%-<30%,1385000.0,480.0,1,Asian,Joint,25-34,65.0,Loan originated
1,515000.0,46,715000.0,117.0,1,White,Male,35-44,72.028,Loan originated
1,605000.0,39,1905000.0,354.0,1,Asian,Joint,35-44,65.79,Loan originated
1,565000.0,20%-<30%,705000.0,199.0,1,White,Joint,25-34,80.0,Loan originated
1,395000.0,30%-<36%,515000.0,130.0,1,White,Female,35-44,76.471,Loan originated
1,1145000.0,36,1275000.0,327.0,1,Black or African American,Female,35-44,89.99,Loan originated
1,305000.0,49,385000.0,65.0,1,White,Female,45-54,80.0,Loan originated
1,745000.0,30%-<36%,775000.0,285.0,1,Hispanic or Latino,Joint,<25,95.0,Loan originated
1,265000.0,49,515000.0,62.0,1,Hispanic or Latino,Male,55-64,50.98,Loan originated
1,645000.0,36,715000.0,173.0,1,Hispanic or Latino,Female,35-44,90.0,Loan originated
1,55000.0,<20%,315000.0,73.0,1,White,Female,45-54,16.129,Loan originated
1,475000.0,50%-60%,675000.0,91.0,1,Asian,Joint,55-64,70.0,Application denied
1,1005000.0,36,1505000.0,462.0,1,Black or African American,Joint,>74,66.667,Loan originated
1,625000.0,39,785000.0,383.0,1,White,Joint,35-44,80.0,Loan originated
1,365000.0,45,455000.0,125.0,1,Hispanic or Latino,Male,35-44,80.0,Application denied
1,905000.0,46,1445000.0,325.0,1,Asian,Joint,35-44,62.5,Loan originated
1,495000.0,30%-<36%,525000.0,204.0,1,White,Joint,35-44,95.0,Loan originated
1,805000.0,48,845000.0,177.0,1,Hispanic or Latino,Male,25-34,95.0,Loan originated
1,375000.0,43,385000.0,114.0,1,Hispanic or Latino,Joint,35-44,95.0,Loan originated
1,495000.0,47,865000.0,127.0,1,Asian,Male,35-44,56.79,Loan originated
1,415000.0,20%-<30%,865000.0,248.0,1,White,Male,35-44,48.157,Loan originated
1,255000.0,20%-<30%,265000.0,119.0,1,Hispanic or Latino,Female,35-44,96.23,Application denied
1,505000.0,46,555000.0,195.0,1,White,Joint,35-44,90.909,Loan originated
1,225000.0,20%-<30%,325000.0,184.0,1,White,Joint,35-44,70.0,Loan originated
1,575000.0,30%-<36%,775000.0,140.0,1,Asian,Female,25-34,75.0,Loan originated
1,705000.0,20%-<30%,2105000.0,314.0,1,Asian,Female,35-44,33.333,Loan originated
1,665000.0,20%-<30%,955000.0,415.0,1,Asian,Joint,55-64,70.0,Loan originated
1,655000.0,20%-<30%,735000.0,244.0,1,Asian,Joint,25-34,90.0,Loan originated
1,515000.0,49,745000.0,418.0,1,White,Male,25-34,69.88,Loan originated
1,435000.0,45,965000.0,125.0,1,White,Female,35-44,45.625,Loan originated
1,495000.0,39,695000.0,121.0,1,Asian,Male,25-34,71.01,Loan originated
1,505000.0,39,4505000.0,258.0,1,White,Male,25-34,11.111,Loan originated
1,455000.0,45,555000.0,140.0,1,Asian,Joint,45-54,103.455,Loan originated
1,465000.0,47,705000.0,95.0,1,Hispanic or Latino,Joint,25-34,66.429,Loan originated
1,535000.0,30%-<36%,965000.0,213.0,1,White,Female,45-54,55.0,Loan originated
1,405000.0,30%-<36%,715000.0,128.0,1,White,Joint,35-44,57.3,Loan originated
1,645000.0,49,675000.0,143.0,1,White,Male,35-44,95.0,Loan originated
1,385000.0,30%-<36%,555000.0,135.0,1,White,Male,65-74,69.87,Loan originated
1,425000.0,48,585000.0,124.0,1,Black or African American,Joint,35-44,73.349,Loan originated
1,465000.0,44,655000.0,107.0,1,Hispanic or Latino,Joint,35-44,70.99,Loan originated
1,685000.0,39,855000.0,260.0,1,Asian,Male,25-34,80.0,Loan originated
1,355000.0,44,645000.0,92.0,1,White,Male,25-34,54.26,Loan originated
1,485000.0,47,505000.0,144.0,1,Black or African American,Female,45-54,95.0,Loan originated
1,385000.0,20%-<30%,405000.0,190.0,1,White,Male,45-54,95.0,Loan originated
1,595000.0,20%-<30%,1695000.0,333.0,1,White,Joint,35-44,35.28,Loan originated
1,885000.0,20%-<30%,1035000.0,310.0,1,Black or African American,Female,25-34,85.0,Loan originated
1,725000.0,40,855000.0,177.0,1,Asian,Joint,25-34,85.0,Loan originated
1,705000.0,41,745000.0,217.0,1,Asian,Joint,35-44,95.0,Loan originated
1,455000.0,50%-60%,805000.0,89.0,1,Hispanic or Latino,Male,35-44,56.25,Application denied
1,685000.0,40,855000.0,195.0,1,White,Joint,35-44,80.0,Loan originated
1,525000.0,41,755000.0,160.0,1,White,Joint,55-64,70.0,Loan originated
1,515000.0,20%-<30%,645000.0,323.0,1,Asian,Male,35-44,80.0,Loan originated
1,675000.0,38,905000.0,172.0,1,Asian,Joint,25-34,75.0,Loan originated
1,545000.0,46,965000.0,121.0,1,White,Female,45-54,56.25,Loan originated
1,545000.0,30%-<36%,565000.0,167.0,1,Hispanic or Latino,Joint,25-34,97.0,Loan originated
1,445000.0,48,475000.0,132.0,1,White,Joint,35-44,95.0,Loan originated
1,255000.0,46,1895000.0,100.0,1,White,Female,25-34,13.193,Loan originated
1,665000.0,36,705000.0,185.0,1,White,Female,45-54,95.0,Application denied
1,275000.0,20%-<30%,475000.0,188.0,1,Hispanic or Latino,Male,55-64,58.0,Loan originated
1,715000.0,30%-<36%,885000.0,235.0,1,White,Joint,25-34,80.0,Loan originated
1,1145000.0,50%-60%,3505000.0,230.0,1,White,Male,35-44,32.829,Loan originated
1,235000.0,36,435000.0,73.0,1,White,Male,25-34,54.65,Loan originated
1,645000.0,44,805000.0,201.0,1,Asian,Joint,35-44,80.0,Loan originated
1,475000.0,20%-<30%,685000.0,194.0,1,Asian,Male,35-44,69.118,Loan originated
1,335000.0,30%-<36%,375000.0,101.0,1,White,Female,25-34,87.646,Loan originated
1,475000.0,49,705000.0,115.0,1,White,Joint,45-54,67.143,Loan originated
1,685000.0,20%-<30%,855000.0,283.0,1,Hispanic or Latino,Male,25-34,80.0,Loan originated
1,325000.0,47,1275000.0,111.0,1,Hispanic or Latino,Joint,45-54,25.59,Loan originated
1,935000.0,49,1555000.0,214.0,1,White,Joint,65-74,60.129,Loan originated
1,365000.0,36,385000.0,99.0,1,Hispanic or Latino,Joint,25-34,97.0,Loan originated
1,1045000.0,40,1305000.0,254.0,1,White,Female,35-44,80.0,Loan originated
1,715000.0,42,895000.0,169.0,1,White,Joint,35-44,80.0,Loan originated
1,305000.0,49,405000.0,63.0,1,Hispanic or Latino,Joint,35-44,75.0,Application denied
1,985000.0,36,1045000.0,426.0,1,Asian,Male,35-44,95.0,Loan originated
1,525000.0,47,755000.0,144.0,1,White,Male,55-64,70.0,Loan originated
1,945000.0,20%-<30%,1185000.0,504.0,1,White,Joint,55-64,80.0,Loan originated
1,345000.0,45,425000.0,96.0,1,White,Female,35-44,80.0,Loan originated
1,725000.0,42,1175000.0,238.0,1,White,Male,25-34,61.7,Loan originated
1,435000.0,30%-<36%,835000.0,183.0,1,White,Joint,55-64,51.807,Loan originated
1,375000.0,46,475000.0,160.0,1,White,Male,55-64,79.0,Loan originated
1,435000.0,42,735000.0,191.0,1,White,Female,25-34,59.184,Loan originated
1,595000.0,44,745000.0,140.0,1,Hispanic or Latino,Male,45-54,80.0,Loan originated
1,505000.0,30%-<36%,595000.0,177.0,1,White,Female,35-44,85.0,Loan originated
1,1095000.0,49,1355000.0,218.0,1,White,Male,35-44,81.0,Loan originated
1,815000.0,43,1415000.0,194.0,1,Asian,Male,25-34,57.24,Loan originated
1,225000.0,38,235000.0,82.0,1,Hispanic or Latino,Joint,25-34,97.0,Loan originated
1,335000.0,45,355000.0,69.0,1,Hispanic or Latino,Female,55-64,97.0,Loan originated
1,395000.0,39,485000.0,168.0,1,White,Joint,65-74,80.0,Loan originated
1,365000.0,47,405000.0,124.0,1,Asian,Female,25-34,90.0,Loan originated
1,135000.0,>60%,1705000.0,34.0,1,White,Joint,>74,7.97,Application denied
1,325000.0,49,625000.0,83.0,1,White,Female,>74,51.61,Loan originated
1,355000.0,39,405000.0,150.0,1,White,Male,35-44,87.605,Loan originated
1,155000.0,20%-<30%,555000.0,145.0,1,White,Male,35-44,27.273,Loan originated
1,285000.0,37,295000.0,77.0,1,Asian,Female,25-34,97.0,Loan originated
1,255000.0,<20%,655000.0,173.0,1,Hispanic or Latino,Male,25-34,38.931,Loan originated
1,465000.0,40,575000.0,125.0,1,Asian,Male,45-54,80.0,Loan originated
1,755000.0,41,885000.0,265.0,1,White,Male,45-54,85.0,Loan originated
1,605000.0,45,805000.0,135.0,1,White,Joint,25-34,75.0,Loan originated
1,555000.0,42,655000.0,164.0,1,White,Male,35-44,84.99,Loan originated
1,835000.0,30%-<36%,1085000.0,267.0,1,Asian,Female,35-44,76.639,Loan originated
1,1055000.0,20%-<30%,1805000.0,519.0,1,White,Joint,35-44,58.34,Loan originated
1,155000.0,40,1075000.0,97.0,1,White,Joint,65-74,14.0,Loan originated
1,1025000.0,20%-<30%,1275000.0,569.0,1,White,Male,35-44,80.0,Loan originated
1,625000.0,48,785000.0,130.0,1,Asian,Male,55-64,79.5,Loan originated
1,135000.0,48,145000.0,86.0,1,White,Male,65-74,95.0,Loan originated
1,1035000.0,30%-<36%,1305000.0,362.0,1,Asian,Joint,25-34,79.385,Loan originated
1,115000.0,20%-<30%,205000.0,48.0,1,Other,Female,55-64,55.0,Loan originated
1,1125000.0,30%-<36%,1415000.0,428.0,1,Asian,Joint,25-34,80.0,Loan originated
1,325000.0,20%-<30%,335000.0,125.0,1,Hispanic or Latino,Joint,55-64,100.0,Loan originated
1,545000.0,30%-<36%,685000.0,176.0,1,White,Male,25-34,80.0,Loan originated
1,365000.0,45,555000.0,85.0,1,Asian,Male,35-44,66.126,Loan originated
1,525000.0,43,585000.0,150.0,1,Hispanic or Latino,Male,25-34,90.0,Loan originated
1,695000.0,44,865000.0,173.0,1,Hispanic or Latino,Joint,35-44,80.0,Loan originated
1,655000.0,48,775000.0,176.0,1,Hispanic or Latino,Female,25-34,85.0,Loan originated
1,475000.0,48,495000.0,137.0,1,Hispanic or Latino,Female,35-44,96.0,Application denied
1,555000.0,50%-60%,605000.0,145.0,1,Asian,Joint,25-34,91.66,Application denied
1,435000.0,38,465000.0,183.0,1,Black or African American,Joint,25-34,95.0,Loan originated
1,755000.0,42,835000.0,384.0,1,Hispanic or Latino,Joint,25-34,90.0,Loan originated
1,275000.0,50%-60%,295000.0,88.0,1,Hispanic or Latino,Joint,55-64,95.0,Loan originated
1,455000.0,30%-<36%,525000.0,126.0,1,White,Joint,25-34,85.714,Loan originated
1,535000.0,40,675000.0,120.0,1,Asian,Female,25-34,95.0,Application denied
1,765000.0,40,1055000.0,211.0,1,Hispanic or Latino,Joint,45-54,72.779,Loan originated
1,385000.0,20%-<30%,475000.0,172.0,1,Asian,Female,45-54,80.0,Application denied
1,455000.0,30%-<36%,505000.0,147.0,1,White,Female,25-34,90.0,Loan originated
1,1105000.0,30%-<36%,1785000.0,345.0,1,Asian,Joint,25-34,61.798,Loan originated
1,525000.0,41,655000.0,136.0,1,Asian,Male,25-34,80.0,Loan originated
1,365000.0,20%-<30%,605000.0,125.0,1,White,Male,45-54,60.0,Loan originated
1,785000.0,40,875000.0,227.0,1,Black or African American,Joint,25-34,93.0,Application denied
1,655000.0,44,685000.0,142.0,1,Hispanic or Latino,Male,35-44,95.0,Loan originated
1,1045000.0,48,1105000.0,240.0,1,Other,Male,25-34,95.0,Loan originated
1,295000.0,44,305000.0,97.0,1,White,Male,<25,97.0,Loan originated
1,1005000.0,41,1335000.0,328.0,1,Asian,Joint,35-44,74.906,Loan originated
1,1135000.0,20%-<30%,1425000.0,545.0,1,Asian,Male,35-44,80.0,Loan originated
1,1055000.0,30%-<36%,1245000.0,352.0,1,Asian,Joint,25-34,85.0,Loan originated
1,725000.0,41,905000.0,194.0,1,Asian,Male,<25,80.0,Loan originated
1,765000.0,39,955000.0,196.0,1,Asian,Joint,35-44,80.0,Loan originated
1,735000.0,46,985000.0,196.0,1,Asian,Joint,35-44,75.0,Loan originated
1,885000.0,40,1105000.0,231.0,1,Asian,Male,35-44,80.0,Loan originated
1,505000.0,49,965000.0,114.0,1,White,Female,55-64,51.6,Loan originated
1,765000.0,42,805000.0,223.0,1,Hispanic or Latino,Male,25-34,95.0,Loan originated
1,605000.0,38,835000.0,150.0,1,White,Joint,35-44,71.856,Loan originated
1,375000.0,30%-<36%,465000.0,134.0,1,Hispanic or Latino,Joint,25-34,80.0,Loan originated
1,545000.0,41,575000.0,164.0,1,Hispanic or Latino,Joint,<25,94.99,Loan originated
1,665000.0,48,1175000.0,146.0,1,White,Male,55-64,56.17,Loan originated
1,385000.0,20%-<30%,435000.0,145.0,1,White,Joint,25-34,90.0,Loan originated
1,655000.0,46,1025000.0,206.0,1,Hispanic or Latino,Male,55-64,63.415,Loan originated
1,435000.0,<20%,515000.0,319.0,1,Hispanic or Latino,Joint,25-34,85.0,Loan originated
1,845000.0,46,905000.0,175.0,1,Hispanic or Latino,Joint,25-34,93.37,Loan originated
1,905000.0,47,1185000.0,201.0,1,White,Joint,35-44,75.837,Loan originated
1,495000.0,36,745000.0,142.0,1,Asian,Male,25-34,66.22,Loan originated
1,225000.0,40,355000.0,76.0,1,White,Male,45-54,65.0,Loan originated
1,105000.0,43,945000.0,67.0,1,White,Female,65-74,10.638,Loan originated
1,645000.0,36,715000.0,229.0,1,Other,Female,25-34,90.0,Loan originated
1,545000.0,43,675000.0,186.0,1,White,Female,45-54,80.0,Loan originated
1,295000.0,42,545000.0,290.0,1,Asian,Male,25-34,53.704,Loan originated
1,265000.0,43,335000.0,61.0,1,White,Male,25-34,78.788,Loan originated
1,275000.0,30%-<36%,295000.0,103.0,1,White,Male,<25,95.0,Loan originated
1,265000.0,20%-<30%,335000.0,134.0,1,White,Joint,55-64,80.0,Loan originated
1,75000.0,37,105000.0,43.0,1,White,Female,55-64,72.31,Loan originated
1,565000.0,37,755000.0,162.0,1,Asian,Male,35-44,75.0,Loan originated
1,385000.0,30%-<36%,555000.0,115.0,1,Asian,Female,45-54,70.0,Loan originated
1,715000.0,50%-60%,755000.0,196.0,1,Hispanic or Latino,Joint,45-54,95.0,Application denied
1,315000.0,45,635000.0,81.0,1,Asian,Joint,45-54,83.333,Loan originated
1,605000.0,40,645000.0,188.0,1,Hispanic or Latino,Joint,25-34,95.0,Loan originated
1,765000.0,37,1875000.0,300.0,1,Asian,Male,35-44,40.88,Loan originated
1,525000.0,45,585000.0,110.0,1,Asian,Male,25-34,90.0,Loan originated
1,755000.0,30%-<36%,795000.0,426.0,1,White,Male,45-54,95.0,Loan originated
1,715000.0,41,795000.0,169.0,1,Hispanic or Latino,Joint,25-34,90.0,Loan originated
1,475000.0,41,795000.0,113.0,1,Asian,Male,<25,60.0,Loan originated
1,425000.0,20%-<30%,465000.0,199.0,1,Asian,Joint,55-64,89.99,Loan originated
1,715000.0,47,745000.0,195.0,1,Other,Male,25-34,96.081,Application denied
1,365000.0,30%-<36%,385000.0,115.0,1,Hispanic or Latino,Male,35-44,95.0,Loan originated
1,155000.0,<20%,265000.0,214.0,1,Hispanic or Latino,Male,35-44,57.692,Application denied
1,255000.0,42,325000.0,101.0,1,Hispanic or Latino,Joint,45-54,80.0,Loan originated
1,475000.0,48,495000.0,124.0,1,Asian,Male,25-34,96.0,Loan originated
1,235000.0,50%-60%,295000.0,56.0,1,Hispanic or Latino,Joint,35-44,80.0,Loan originated
1,485000.0,42,495000.0,147.0,1,White,Joint,35-44,97.0,Loan originated
1,345000.0,41,635000.0,91.0,1,Asian,Joint,35-44,55.0,Loan originated
1,245000.0,39,795000.0,91.0,1,White,Female,45-54,30.66,Loan originated
1,715000.0,44,755000.0,176.0,1,Asian,Female,35-44,95.0,Loan originated
1,675000.0,20%-<30%,745000.0,248.0,1,White,Joint,45-54,90.0,Loan originated
1,175000.0,47,235000.0,46.0,1,Other,Female,25-34,78.0,Loan originated
1,325000.0,<20%,975000.0,237.0,1,Asian,Joint,35-44,33.33,Loan originated
1,815000.0,30%-<36%,1085000.0,374.0,1,Asian,Joint,35-44,75.0,Loan originated
1,755000.0,49,1405000.0,163.0,1,Asian,Joint,45-54,53.572,Loan originated
1,725000.0,20%-<30%,905000.0,284.0,1,White,Joint,45-54,80.0,Loan originated
1,275000.0,<20%,285000.0,168.0,1,White,Joint,25-34,95.0,Loan originated
1,335000.0,38,345000.0,146.0,1,White,Female,35-44,95.0,Loan originated
1,275000.0,30%-<36%,875000.0,152.0,1,White,Joint,>74,31.127,Loan originated
1,455000.0,50%-60%,505000.0,73.0,1,Hispanic or Latino,Male,45-54,90.4,Loan originated
1,315000.0,42,585000.0,102.0,1,Hispanic or Latino,Joint,45-54,53.15,Loan originated
1,135000.0,48,455000.0,30.0,1,White,Male,55-64,30.0,Application denied
1,345000.0,41,545000.0,96.0,1,White,Male,25-34,63.3,Loan originated
1,455000.0,49,485000.0,85.0,1,Black or African American,Female,25-34,94.0,Loan originated
1,895000.0,39,1125000.0,225.0,1,White,Joint,35-44,80.0,Loan originated
1,645000.0,36,2165000.0,234.0,1,White,Joint,35-44,29.63,Loan originated
1,495000.0,46,535000.0,102.0,1,Hispanic or Latino,Male,25-34,91.589,Loan originated
1,365000.0,44,385000.0,98.0,1,Asian,Female,35-44,95.0,Loan originated
1,395000.0,20%-<30%,625000.0,143.0,1,White,Male,35-44,64.0,Loan originated
1,765000.0,47,935000.0,177.0,1,Asian,Joint,35-44,82.425,Loan originated
1,515000.0,48,645000.0,122.0,1,White,Joint,35-44,100.0,Loan originated
1,785000.0,49,865000.0,224.0,1,Asian,Joint,35-44,89.99,Loan originated
1,675000.0,30%-<36%,795000.0,268.0,1,Hispanic or Latino,Male,45-54,85.0,Loan originated
1,655000.0,47,1005000.0,169.0,1,Asian,Female,35-44,65.0,Loan originated
1,405000.0,20%-<30%,785000.0,290.0,1,Asian,Female,55-64,50.96,Loan originated
1,495000.0,46,655000.0,107.0,1,Hispanic or Latino,Joint,25-34,75.0,Loan originated
1,435000.0,20%-<30%,545000.0,156.0,1,Asian,Male,35-44,100.0,Loan originated
1,375000.0,37,505000.0,109.0,1,White,Male,25-34,75.0,Loan originated
1,565000.0,40,705000.0,225.0,1,Hispanic or Latino,Female,25-34,80.0,Loan originated
1,585000.0,20%-<30%,625000.0,227.0,1,White,Male,35-44,95.0,Loan originated
1,205000.0,20%-<30%,245000.0,91.0,1,Black or African American,Female,65-74,83.333,Loan originated
1,1145000.0,48,1455000.0,261.0,1,White,Male,45-54,79.24,Loan originated
1,475000.0,49,505000.0,96.0,1,Hispanic or Latino,Joint,25-34,95.0,Loan originated
1,1075000.0,44,1355000.0,240.0,1,White,Male,25-34,80.0,Loan originated
1,715000.0,20%-<30%,895000.0,288.0,1,Hispanic or Latino,Male,45-54,80.0,Loan originated
1,425000.0,38,435000.0,165.0,1,White,Female,25-34,97.0,Loan originated
1,375000.0,45,415000.0,420.0,1,White,Joint,25-34,89.88,Loan originated
1,385000.0,30%-<36%,515000.0,291.0,1,White,Female,45-54,75.0,Loan originated
1,865000.0,30%-<36%,905000.0,367.0,1,Asian,Joint,25-34,95.0,Loan originated
1,415000.0,41,685000.0,192.0,1,White,Joint,<25,60.0,Loan originated
1,575000.0,20%-<30%,925000.0,513.0,1,Asian,Male,45-54,61.662,Loan originated
1,505000.0,40,625000.0,135.0,1,White,Joint,25-34,80.0,Loan originated
1,445000.0,39,545000.0,115.0,1,White,Female,45-54,81.48,Application denied
1,405000.0,30%-<36%,465000.0,147.0,1,White,Joint,25-34,86.957,Loan originated
1,735000.0,45,775000.0,345.0,1,White,Joint,25-34,95.0,Loan originated
1,525000.0,36,625000.0,149.0,1,White,Male,45-54,85.0,Loan originated
1,725000.0,40,965000.0,183.0,1,Asian,Female,35-44,75.0,Loan originated
1,615000.0,49,645000.0,129.0,1,Hispanic or Latino,Joint,45-54,95.0,Loan originated
