attribute,chi2,dof,p_value,significant
race,150.28077995748987,5,1.1634766738109438e-30,True
sex,0.4902069179122216,1,0.48383501763084413,False
ethnicity,111.34840095378965,1,4.9634496166123694e-26,True
