sample_id,term,log_odds,odds_ratio,p_value,ground_truth_label,method
sample_0000,C(race)[T.Asian],0.14727780737140672,1.1586758070027274,0.47125637008712484,NO_BIAS,logit
sample_0000,C(race)[T.Black or African American],0.2350992885234266,1.2650343658918837,0.5362662758527501,NO_BIAS,logit
sample_0000,C(race)[T.Hispanic or Latino],-0.16051346037460218,0.851706359208148,0.4657363380554105,NO_BIAS,logit
sample_0000,C(race)[T.Other],0.6228249362152364,1.864186819351581,0.42867933305031314,NO_BIAS,logit
sample_0000,C(sex)[T.Female],0.12453286459589788,1.132619242922316,0.5585685497891706,NO_BIAS,logit
sample_0000,C(sex)[T.Joint],0.0893240260405152,1.093434900312402,0.6481082390201509,NO_BIAS,logit
sample_0001,C(race)[T.Asian],0.3945398240403874,1.4837012701453363,0.08770389504809964,NO_BIAS,logit
sample_0001,C(race)[T.Black or African American],-0.2518728339591679,0.7773435834898011,0.6262664084096694,NO_BIAS,logit
sample_0001,C(race)[T.Hispanic or Latino],0.0966411503805433,1.101465042381717,0.6765634659838996,NO_BIAS,logit
sample_0001,C(race)[T.Other],0.12412259011276558,1.1321546534589582,0.9119857564163621,NO_BIAS,logit
sample_0001,C(sex)[T.Female],0.2736487199741277,1.3147528746866777,0.20653107088638178,NO_BIAS,logit
sample_0001,C(sex)[T.Joint],0.023413000736067505,1.0236892366623453,0.9141987213659964,NO_BIAS,logit
sample_0003,C(race)[T.Asian],0.2824357916295826,1.3263566091661287,0.16974400666010958,NO_BIAS,logit
sample_0003,C(race)[T.Black or African American],-0.1136707024287044,0.8925518226423993,0.8302044338113038,NO_BIAS,logit
sample_0003,C(race)[T.Hispanic or Latino],-0.14358228330769723,0.8662495193789289,0.5130352424402846,NO_BIAS,logit
sample_0003,C(race)[T.Other],0.4509348782791634,1.5697790520513377,0.567618349200457,NO_BIAS,logit
sample_0003,C(sex)[T.Female],0.016193753631655552,1.0163255831033275,0.9374898487977544,NO_BIAS,logit
sample_0003,C(sex)[T.Joint],-0.051690615564915804,0.9496226198570289,0.8049999068734323,NO_BIAS,logit
sample_0004,C(race)[T.Asian],-0.2977187747725803,0.742510122967037,0.18369057996552507,NO_BIAS,logit
sample_0004,C(race)[T.Black or African American],-0.12688218659762088,0.8808374409402462,0.8024341120617563,NO_BIAS,logit
sample_0004,C(race)[T.Hispanic or Latino],0.030619023589546046,1.0310926070887747,0.8855594298360787,NO_BIAS,logit
sample_0004,C(race)[T.Other],0.7751964138557844,2.1710185034242078,0.27637385490178157,NO_BIAS,logit
sample_0004,C(sex)[T.Female],-0.37981045628470317,0.6839910431298651,0.08982228280814095,NO_BIAS,logit
sample_0004,C(sex)[T.Joint],-0.22242111105137963,0.8005781610285206,0.2733978437829764,NO_BIAS,logit
sample_0006,C(race)[T.Asian],0.21053656769911638,1.2343401893775687,0.3827610950078626,NO_BIAS,logit
sample_0006,C(race)[T.Black or African American],0.24004189683896054,1.2713024127580905,0.5998673597328252,NO_BIAS,logit
sample_0006,C(race)[T.Hispanic or Latino],0.33995413243671274,1.4048831505189336,0.12199179655167576,NO_BIAS,logit
sample_0006,C(race)[T.Other],1.4142793887504388,4.113521148066253,0.04669242067033878,BIAS,logit
sample_0006,C(sex)[T.Female],-0.16166647357907327,0.8507248964581371,0.479903515162184,NO_BIAS,logit
sample_0006,C(sex)[T.Joint],-0.31567229092576504,0.7292984087174045,0.13336641762352774,NO_BIAS,logit
sample_0008,C(race)[T.Asian],-0.11686883511331533,0.8897018831571166,0.6025383486208369,NO_BIAS,logit
sample_0008,C(race)[T.Black or African American],-1.1021885120559438,0.33214338789429776,0.1608526990993404,NO_BIAS,logit
sample_0008,C(race)[T.Hispanic or Latino],-0.02255805065459528,0.9776944797414056,0.9222440265567152,NO_BIAS,logit
sample_0008,C(race)[T.Other],0.658405112380631,1.931709017487408,0.46416115628145627,NO_BIAS,logit
sample_0008,C(sex)[T.Female],-0.110112782220395,0.8957331068308583,0.6132429901671177,NO_BIAS,logit
sample_0008,C(sex)[T.Joint],-0.20618280789887658,0.8136843147660137,0.33485509739854535,NO_BIAS,logit
sample_0009,C(race)[T.Asian],0.018966913885745583,1.0191479284147742,0.9367345817336128,NO_BIAS,logit
sample_0009,C(race)[T.Black or African American],0.402813689550645,1.496028140022202,0.3109300621037495,NO_BIAS,logit
sample_0009,C(race)[T.Hispanic or Latino],0.07866378904523584,1.0818405342800885,0.7267627345489538,NO_BIAS,logit
sample_0009,C(race)[T.Other],0.6560153396076515,1.9270981834892502,0.3857467361296243,NO_BIAS,logit
sample_0009,C(sex)[T.Female],-0.33396028475173295,0.7160822210456659,0.17568147612558482,NO_BIAS,logit
sample_0009,C(sex)[T.Joint],-0.28870711482022166,0.7492316121060223,0.177988262612491,NO_BIAS,logit
sample_0010,C(race)[T.Asian],-0.08311622133165886,0.9202441889997348,0.7313580165005376,NO_BIAS,logit
sample_0010,C(race)[T.Black or African American],0.1465296724342153,1.1578092853286157,0.7482866573001172,NO_BIAS,logit
sample_0010,C(race)[T.Hispanic or Latino],-0.0974593208798703,0.9071392424314663,0.6796249366553213,NO_BIAS,logit
sample_0010,C(race)[T.Other],-0.01543238397420594,0.9846860850605538,0.9887426234538431,NO_BIAS,logit
sample_0010,C(sex)[T.Female],-0.6818966836166721,0.5056570108945934,0.004376846329220908,FAVORED,logit
sample_0010,C(sex)[T.Joint],-0.587398620547708,0.5557711775852006,0.00999873585146321,FAVORED,logit
sample_0011,C(race)[T.Asian],0.1662033305160726,1.1808131726673583,0.4513297166651914,NO_BIAS,logit
sample_0011,C(race)[T.Black or African American],0.41929804277088795,1.5208935785831903,0.3489543360295093,NO_BIAS,logit
sample_0011,C(race)[T.Hispanic or Latino],0.41039073777272866,1.5074066707805611,0.04573673844188993,BIAS,logit
sample_0011,C(race)[T.Other],0.3733767363207186,1.4526314958046294,0.6124019697863589,NO_BIAS,logit
sample_0011,C(sex)[T.Female],-0.16405255176343914,0.8486974201622117,0.42364591486224945,NO_BIAS,logit
sample_0011,C(sex)[T.Joint],-0.3708989964689674,0.6901136419533879,0.06788053560985109,NO_BIAS,logit
sample_0015,C(race)[T.Asian],-0.12154998658189058,0.8855467867855339,0.618621124063608,NO_BIAS,logit
sample_0015,C(race)[T.Black or African American],0.25416528249604314,1.2893848994114057,0.6407471934853747,NO_BIAS,logit
sample_0015,C(race)[T.Hispanic or Latino],0.08985878381311656,1.094019779494584,0.707736803208908,NO_BIAS,logit
sample_0015,C(race)[T.Other],0.5089140687907865,1.6634837848040218,0.6702334792824745,NO_BIAS,logit
sample_0015,C(sex)[T.Female],-0.4916207140936027,0.6116343061159667,0.047277640546128305,FAVORED,logit
sample_0015,C(sex)[T.Joint],-0.13344823042877643,0.8750727699470903,0.5369834426196671,NO_BIAS,logit
sample_0016,C(race)[T.Asian],0.32767856860564654,1.3877428364772926,0.1172592793740699,NO_BIAS,logit
sample_0016,C(race)[T.Black or African American],0.8127552124131847,2.254109990660857,0.042662721740738895,BIAS,logit
sample_0016,C(race)[T.Hispanic or Latino],0.22547619749669104,1.2529192111477947,0.3048314222430649,NO_BIAS,logit
sample_0016,C(race)[T.Other],-0.14118746594137244,0.868326514791193,0.9010577971304724,NO_BIAS,logit
sample_0016,C(sex)[T.Female],-0.07862065946627997,0.9243905167359336,0.699258935614097,NO_BIAS,logit
sample_0016,C(sex)[T.Joint],-0.40721300699266477,0.6655024185340853,0.04222302652267853,FAVORED,logit
sample_0017,C(race)[T.Asian],0.8930845240885669,2.442652463541347,0.00032255306743316615,BIAS,logit
sample_0017,C(race)[T.Black or African American],0.11308316720925354,1.1197250534840744,0.8369288086418631,NO_BIAS,logit
sample_0017,C(race)[T.Hispanic or Latino],0.37346097068132555,1.4527538624435414,0.14368167752010821,NO_BIAS,logit
sample_0017,C(race)[T.Other],1.2365409200078092,3.4436808711618805,0.04569623517279278,BIAS,logit
sample_0017,C(sex)[T.Female],0.10311900229577015,1.1086233299478163,0.6536552312397912,NO_BIAS,logit
sample_0017,C(sex)[T.Joint],-0.39183341203458233,0.6758166875106341,0.07414299055925115,NO_BIAS,logit
sample_0019,C(race)[T.Asian],0.41398632956558573,1.5128364456116246,0.08819251013419924,NO_BIAS,logit
sample_0019,C(race)[T.Black or African American],0.9851758532095074,2.678282827642607,0.014659190631700757,BIAS,logit
sample_0019,C(race)[T.Hispanic or Latino],0.4280727517180383,1.5342976997009385,0.06904215683110347,NO_BIAS,logit
sample_0019,C(race)[T.Other],1.0268886671368405,2.792364330173698,0.1352485092030604,NO_BIAS,logit
sample_0019,C(sex)[T.Female],-0.29326355698276996,0.7458255472606642,0.2180797141727323,NO_BIAS,logit
sample_0019,C(sex)[T.Joint],-0.042359391436787144,0.9585252329018026,0.8327992504347985,NO_BIAS,logit
sample_0020,C(race)[T.Asian],0.3197983730057504,1.376850126194749,0.18410699256705576,NO_BIAS,logit
sample_0020,C(race)[T.Black or African American],0.7983520480286452,2.221876364274277,0.06380014603171465,NO_BIAS,logit
sample_0020,C(race)[T.Hispanic or Latino],0.2216229834923703,1.2481007345695951,0.38377140144373945,NO_BIAS,logit
sample_0020,C(race)[T.Other],-0.23998601139555753,0.7866388649695097,0.8405428166529736,NO_BIAS,logit
sample_0020,C(sex)[T.Female],-0.10520963963344326,0.9001357986660685,0.6621356180233644,NO_BIAS,logit
sample_0020,C(sex)[T.Joint],-0.05931898191562544,0.9424061107008554,0.7902156666972356,NO_BIAS,logit
sample_0021,C(race)[T.Asian],0.8444949408245906,2.3268023448807,0.00034471086316027353,BIAS,logit
sample_0021,C(race)[T.Black or African American],1.2321424898165911,3.4285673435131496,0.002021143228284381,BIAS,logit
sample_0021,C(race)[T.Hispanic or Latino],0.6978147942039831,2.009357047841968,0.003188681807393017,BIAS,logit
sample_0021,C(race)[T.Other],0.45303213546326127,1.5730747371873601,0.6955151407551009,NO_BIAS,logit
sample_0021,C(sex)[T.Female],-0.15765217267087633,0.8541468259146231,0.48703824891778125,NO_BIAS,logit
sample_0021,C(sex)[T.Joint],-0.0593099875894521,0.9424145870469223,0.7839161938157088,NO_BIAS,logit
sample_0023,C(race)[T.Asian],0.17138348442578683,1.1869458369993005,0.4858606572640469,NO_BIAS,logit
sample_0023,C(race)[T.Black or African American],1.1087361143533898,3.0305257349461288,0.005310185579902277,BIAS,logit
sample_0023,C(race)[T.Hispanic or Latino],0.12132344836072058,1.128990023289199,0.6187900229138077,NO_BIAS,logit
sample_0023,C(race)[T.Other],0.014586986868766461,1.0146938961573433,0.9867465096007277,NO_BIAS,logit
sample_0023,C(sex)[T.Female],-0.19505671213986778,0.8227879946650055,0.423604324413416,NO_BIAS,logit
sample_0023,C(sex)[T.Joint],-0.1779324308822694,0.8369989768605237,0.4414483361888266,NO_BIAS,logit
sample_0024,C(race)[T.Asian],0.08064230074770326,1.0839830872715286,0.7129574488236143,NO_BIAS,logit
sample_0024,C(race)[T.Black or African American],0.4984597462733282,1.646183776312941,0.2782410047692855,NO_BIAS,logit
sample_0024,C(race)[T.Hispanic or Latino],0.5073041122207489,1.6608078028409001,0.021811968714056797,BIAS,logit
sample_0024,C(race)[T.Other],-0.24025070911857674,0.7864306710085632,0.7776487897752031,NO_BIAS,logit
sample_0024,C(sex)[T.Female],-0.11144684910539678,0.8945389356844352,0.6001218801935051,NO_BIAS,logit
sample_0024,C(sex)[T.Joint],-0.29328439166723785,0.7458100083825933,0.16105455104812005,NO_BIAS,logit
sample_0025,C(race)[T.Asian],0.5330093761861766,1.7040527358315298,0.01013883570419725,BIAS,logit
sample_0025,C(race)[T.Black or African American],1.0097022098838635,2.744783523898219,0.011648096569688123,BIAS,logit
sample_0025,C(race)[T.Hispanic or Latino],0.33504438505248074,1.3980024342568447,0.11402772937698706,NO_BIAS,logit
sample_0025,C(race)[T.Other],-0.1501945130641987,0.8605405737607135,0.8896360194087767,NO_BIAS,logit
sample_0025,C(sex)[T.Female],-0.38970502145496216,0.6772566212089607,0.07719015017435346,NO_BIAS,logit
sample_0025,C(sex)[T.Joint],-0.12220150516881009,0.8849700245004326,0.5289341568132376,NO_BIAS,logit
sample_0026,C(race)[T.Asian],0.310246754939609,1.3637615875254054,0.1816879767536087,NO_BIAS,logit
sample_0026,C(race)[T.Black or African American],0.9557712412484586,2.600675557924556,0.0199819472582392,BIAS,logit
sample_0026,C(race)[T.Hispanic or Latino],0.53470813798749,1.7069499756900486,0.02966673725390676,BIAS,logit
sample_0026,C(race)[T.Other],0.8062093101647161,2.239402994798105,0.37529955286615757,NO_BIAS,logit
sample_0026,C(sex)[T.Female],-0.14232443868713351,0.8673398122426997,0.5277871949553905,NO_BIAS,logit
sample_0026,C(sex)[T.Joint],-0.08035310197391475,0.9227904497233373,0.7081154869587543,NO_BIAS,logit
sample_0028,C(race)[T.Asian],0.45132873575901683,1.5703974430436702,0.04454366482109877,BIAS,logit
sample_0028,C(race)[T.Black or African American],0.14808315059094165,1.1596093145540702,0.7529806949819933,NO_BIAS,logit
sample_0028,C(race)[T.Hispanic or Latino],0.2152329250711288,1.2401507255230029,0.34651555927935074,NO_BIAS,logit
sample_0028,C(race)[T.Other],0.13561856461935556,1.1452449733194041,0.9075333421477944,NO_BIAS,logit
sample_0028,C(sex)[T.Female],0.013991026394084439,1.0140893588593927,0.9492260970166224,NO_BIAS,logit
sample_0028,C(sex)[T.Joint],-0.05746691434450204,0.9441531277947878,0.7891136674296916,NO_BIAS,logit
sample_0029,C(race)[T.Asian],0.04255074137853163,1.0434690020860184,0.851924473033651,NO_BIAS,logit
sample_0029,C(race)[T.Black or African American],0.5525174276054527,1.7376218536684636,0.1961304089016851,NO_BIAS,logit
sample_0029,C(race)[T.Hispanic or Latino],0.18691344280059066,1.2055229338448386,0.4342392774275955,NO_BIAS,logit
sample_0029,C(race)[T.Other],1.3503428332600973,3.8587482111837224,0.09067576755422554,NO_BIAS,logit
sample_0029,C(sex)[T.Female],0.3563403275701968,1.428093485156111,0.10526967935891236,NO_BIAS,logit
sample_0029,C(sex)[T.Joint],-0.06658714883666714,0.9355813774747405,0.7693756354975418,NO_BIAS,logit
sample_0030,C(race)[T.Asian],0.33699789923924933,1.400736121123979,0.14108377096218827,NO_BIAS,logit
sample_0030,C(race)[T.Black or African American],0.405672788367916,1.5003115527401847,0.44341293334115617,NO_BIAS,logit
sample_0030,C(race)[T.Hispanic or Latino],0.6859335181509756,1.9856245872071354,0.005763763082960043,BIAS,logit
sample_0030,C(race)[T.Other],0.13352623637152367,1.1428512500117651,0.9041479189413195,NO_BIAS,logit
sample_0030,C(sex)[T.Female],-0.017157499501939247,0.9829888521875817,0.9407260128994597,NO_BIAS,logit
sample_0030,C(sex)[T.Joint],-0.11233819615366651,0.893741946294388,0.5991297327550472,NO_BIAS,logit
sample_0031,C(race)[T.Asian],-0.06822321373408097,0.9340519570810407,0.7787763869583602,NO_BIAS,logit
sample_0031,C(race)[T.Black or African American],0.7415518698778161,2.09919065881208,0.05834350137755068,NO_BIAS,logit
sample_0031,C(race)[T.Hispanic or Latino],0.2805876661013036,1.323907599392931,0.22072163760117114,NO_BIAS,logit
sample_0031,C(race)[T.Other],-0.3772362409918361,0.6857540515413211,0.689419059906424,NO_BIAS,logit
sample_0031,C(sex)[T.Female],0.38954661238749494,1.4763113008681765,0.08215405575733097,NO_BIAS,logit
sample_0031,C(sex)[T.Joint],-0.2746432102142129,0.7598431791522214,0.22156597611005502,NO_BIAS,logit
sample_0032,C(race)[T.Asian],0.3638595131256668,1.4388720573202893,0.10927377322005472,NO_BIAS,logit
sample_0032,C(race)[T.Black or African American],0.63231827919132,1.88196845423333,0.17444431186759568,NO_BIAS,logit
sample_0032,C(race)[T.Hispanic or Latino],0.3556668182156797,1.427131974664235,0.12184319056392541,NO_BIAS,logit
sample_0032,C(race)[T.Other],0.9226281349156564,2.515893817171577,0.2585828582889479,NO_BIAS,logit
sample_0032,C(sex)[T.Female],0.21663298190952357,1.241888223040738,0.3380771371798521,NO_BIAS,logit
sample_0032,C(sex)[T.Joint],0.0406508984693548,1.0414884568595772,0.8518981153465811,NO_BIAS,logit
sample_0034,C(race)[T.Asian],0.41787900362858305,1.5187369016303105,0.06943360366644445,NO_BIAS,logit
sample_0034,C(race)[T.Black or African American],0.5657764112393577,1.7608143682028972,0.22138695756847504,NO_BIAS,logit
sample_0034,C(race)[T.Hispanic or Latino],0.36973064090200186,1.4473447066883658,0.10914305456011619,NO_BIAS,logit
sample_0034,C(race)[T.Other],0.06154259196447854,1.0634757910873185,0.9559083555974746,NO_BIAS,logit
sample_0034,C(sex)[T.Female],-0.12958206283301588,0.8784624963370992,0.547552248255018,NO_BIAS,logit
sample_0034,C(sex)[T.Joint],-0.47648981437159105,0.6209592529793286,0.03340093496007211,FAVORED,logit
sample_0035,C(race)[T.Asian],0.11448759954341427,1.1212987363614506,0.6006004060668295,NO_BIAS,logit
sample_0035,C(race)[T.Black or African American],-0.07065510956415182,0.9317831998303359,0.8661656692532694,NO_BIAS,logit
sample_0035,C(race)[T.Hispanic or Latino],0.3638025141639588,1.4387900454443094,0.08370455419957089,NO_BIAS,logit
sample_0035,C(race)[T.Other],0.36692438696419594,1.4432887835427284,0.6602508535426993,NO_BIAS,logit
sample_0035,C(sex)[T.Female],-0.3003725176572914,0.7405423042087406,0.16332529037028465,NO_BIAS,logit
sample_0035,C(sex)[T.Joint],-0.15001323697845464,0.8606965833275234,0.460823674634672,NO_BIAS,logit
sample_0036,C(race)[T.Asian],0.21958167354674626,1.2455555727428487,0.34875623196416305,NO_BIAS,logit
sample_0036,C(race)[T.Black or African American],1.5960398119828305,4.93345627294411,8.275673195771393e-05,BIAS,logit
sample_0036,C(race)[T.Hispanic or Latino],0.28298089973844226,1.3270798140035276,0.22136324619380954,NO_BIAS,logit
sample_0036,C(race)[T.Other],1.0350805116393282,2.815332893566156,0.16114081128791302,NO_BIAS,logit
sample_0036,C(sex)[T.Female],-0.007504089476062658,0.9925239959077161,0.9741604919863083,NO_BIAS,logit
sample_0036,C(sex)[T.Joint],0.19336318114363696,1.2133233696788015,0.3559722271572908,NO_BIAS,logit
sample_0037,C(race)[T.Asian],0.14579396867626135,1.1569577939475164,0.5104644950121722,NO_BIAS,logit
sample_0037,C(race)[T.Black or African American],0.5154434709593932,1.6743808764682362,0.20214069892543496,NO_BIAS,logit
sample_0037,C(race)[T.Hispanic or Latino],0.06579999001046835,1.0680130825167198,0.7720909556882609,NO_BIAS,logit
sample_0037,C(race)[T.Other],-0.47201799720742466,0.6237422871974144,0.5924817428310494,NO_BIAS,logit
sample_0037,C(sex)[T.Female],0.06833247507155378,1.070721237426772,0.7428628697278303,NO_BIAS,logit
sample_0037,C(sex)[T.Joint],-0.3766823705314796,0.6861339756581998,0.07564739800132778,NO_BIAS,logit
sample_0038,C(race)[T.Asian],0.11024859265398716,1.1165556034819004,0.6553938520103907,NO_BIAS,logit
sample_0038,C(race)[T.Black or African American],0.6002992461345363,1.8226641439901043,0.1885910645521971,NO_BIAS,logit
sample_0038,C(race)[T.Hispanic or Latino],0.20298717488014648,1.2250567566470165,0.4190105367211383,NO_BIAS,logit
sample_0038,C(race)[T.Other],0.40174367232468905,1.4944282202653638,0.647231055219078,NO_BIAS,logit
sample_0038,C(sex)[T.Female],0.09009230686485167,1.0942752881645712,0.7045460113061432,NO_BIAS,logit
sample_0038,C(sex)[T.Joint],0.1596826379414531,1.1731385022570446,0.4878299840726439,NO_BIAS,logit
sample_0039,C(race)[T.Asian],0.47542251663960605,1.6086937537927575,0.02923685987259558,BIAS,logit
sample_0039,C(race)[T.Black or African American],0.9383124436376372,2.5556649485666316,0.016773632027296613,BIAS,logit
sample_0039,C(race)[T.Hispanic or Latino],0.2308214430835053,1.2596343029507995,0.30441804723116084,NO_BIAS,logit
sample_0039,C(race)[T.Other],0.9332757408755175,2.5428251860384763,0.2227364257632919,NO_BIAS,logit
sample_0039,C(sex)[T.Female],-0.28157444033887863,0.7545947412962299,0.18292932711580545,NO_BIAS,logit
sample_0039,C(sex)[T.Joint],-0.367297348251661,0.6926036699323912,0.06715952335399093,NO_BIAS,logit
sample_0041,C(race)[T.Asian],0.2724108672077255,1.3131264110725367,0.24452015655355286,NO_BIAS,logit
sample_0041,C(race)[T.Black or African American],0.8585056721557662,2.3596319940545,0.046269851820132046,BIAS,logit
sample_0041,C(race)[T.Hispanic or Latino],0.47469245439583485,1.6075197358265632,0.034448445578687786,BIAS,logit
sample_0041,C(race)[T.Other],0.46652060121205,1.5944368490755214,0.4421181911396672,NO_BIAS,logit
sample_0041,C(sex)[T.Female],-0.15296715038599865,0.8581579115045261,0.4819263410790463,NO_BIAS,logit
sample_0041,C(sex)[T.Joint],-0.49284432097029074,0.6108863638599479,0.024187349227369908,FAVORED,logit
sample_0042,C(race)[T.Asian],0.05675148399942459,1.0583927501762054,0.8184907057628918,NO_BIAS,logit
sample_0042,C(race)[T.Black or African American],1.0855588075119125,2.9610940380933104,0.0019204592026977755,BIAS,logit
sample_0042,C(race)[T.Hispanic or Latino],0.46329225381891226,1.5892977528875778,0.041888252119800316,BIAS,logit
sample_0042,C(race)[T.Other],0.23183294450772432,1.2609090694476046,0.8211562167085582,NO_BIAS,logit
sample_0042,C(sex)[T.Female],-0.04036574963068284,0.9604380950256982,0.8567535981959655,NO_BIAS,logit
sample_0042,C(sex)[T.Joint],-0.2207253862863918,0.8019368729176052,0.3343939508002154,NO_BIAS,logit
sample_0043,C(race)[T.Asian],0.1906236945157879,1.2100040352443657,0.36796248523684305,NO_BIAS,logit
sample_0043,C(race)[T.Black or African American],-0.6052328113826838,0.545947309095175,0.2974129354918371,NO_BIAS,logit
sample_0043,C(race)[T.Hispanic or Latino],0.08744788514657517,1.0913853855714486,0.7035906857099464,NO_BIAS,logit
sample_0043,C(race)[T.Other],0.04905292405822419,1.0502759341338554,0.9655816083828378,NO_BIAS,logit
sample_0043,C(sex)[T.Female],0.02064144828847242,1.0208559563590307,0.9219001312478821,NO_BIAS,logit
sample_0043,C(sex)[T.Joint],-0.4146345265017058,0.6605816616839253,0.053420044125577736,NO_BIAS,logit
sample_0044,C(race)[T.Asian],0.2789213463104966,1.3217033829336402,0.23767541883197807,NO_BIAS,logit
sample_0044,C(race)[T.Black or African American],0.3378947870521114,1.4019929878300137,0.4437477205868552,NO_BIAS,logit
sample_0044,C(race)[T.Hispanic or Latino],0.41234584602029556,1.5103566968655129,0.07071872367476531,NO_BIAS,logit
sample_0044,C(race)[T.Other],0.9101082617409034,2.484591505026653,0.210275975644864,NO_BIAS,logit
sample_0044,C(sex)[T.Female],0.46725665915101744,1.5956108790004833,0.038253930508743074,BIAS,logit
sample_0044,C(sex)[T.Joint],0.13335030722131153,1.1426502068477267,0.5341790821097099,NO_BIAS,logit
sample_0045,C(race)[T.Asian],0.225154076432508,1.2525156844738745,0.3298207329923073,NO_BIAS,logit
sample_0045,C(race)[T.Black or African American],0.7284453641065054,2.0718571192042123,0.061857532336626,NO_BIAS,logit
sample_0045,C(race)[T.Hispanic or Latino],0.19489900382218214,1.2151882509232512,0.3820504770842056,NO_BIAS,logit
sample_0045,C(race)[T.Other],-0.019847848677950364,0.9803478231771575,0.9863399341137853,NO_BIAS,logit
sample_0045,C(sex)[T.Female],-0.15389762589603861,0.8573597879589143,0.49363256499381836,NO_BIAS,logit
sample_0045,C(sex)[T.Joint],-0.06646001353452607,0.9357003304572448,0.7524669504757269,NO_BIAS,logit
sample_0046,C(race)[T.Asian],-0.08782520219874745,0.9159209637020683,0.7089793257042836,NO_BIAS,logit
sample_0046,C(race)[T.Black or African American],0.6630756705239519,1.9407522788693836,0.15092076798761256,NO_BIAS,logit
sample_0046,C(race)[T.Hispanic or Latino],0.028499829284917563,1.0289098351840815,0.9049587784286135,NO_BIAS,logit
sample_0046,C(race)[T.Other],1.0466675528185623,2.848143996437783,0.20652710354737047,NO_BIAS,logit
sample_0046,C(sex)[T.Female],-0.08785175339674947,0.9158966452260506,0.7112464268039049,NO_BIAS,logit
sample_0046,C(sex)[T.Joint],0.22988568109141794,1.258456136373892,0.28675253537789425,NO_BIAS,logit
sample_0047,C(race)[T.Asian],0.29934726236251835,1.3489779914292113,0.1722496812990052,NO_BIAS,logit
sample_0047,C(race)[T.Black or African American],0.3750709930404663,1.4550947125492513,0.41533183298399823,NO_BIAS,logit
sample_0047,C(race)[T.Hispanic or Latino],0.11148459468541905,1.1179365217090753,0.6086006918304081,NO_BIAS,logit
sample_0047,C(race)[T.Other],-0.3617497706026835,0.6964566199596302,0.7454550748955779,NO_BIAS,logit
sample_0047,C(sex)[T.Female],-0.207384438500975,0.8127071540036591,0.3528475153397923,NO_BIAS,logit
sample_0047,C(sex)[T.Joint],-0.07108221872000084,0.9313853116713084,0.726804838986899,NO_BIAS,logit
sample_0048,C(race)[T.Asian],0.3360321857563121,1.3993840643205924,0.14610537940627144,NO_BIAS,logit
sample_0048,C(race)[T.Black or African American],0.8244587664770083,2.2806460691232666,0.07150139320568943,NO_BIAS,logit
sample_0048,C(race)[T.Hispanic or Latino],0.2774434741444691,1.3197515169517184,0.24655436886843773,NO_BIAS,logit
sample_0048,C(race)[T.Other],0.10325499243721992,1.1087741020427975,0.9095146322523676,NO_BIAS,logit
sample_0048,C(sex)[T.Female],0.13684742413589945,1.1466531835727163,0.5646373068592627,NO_BIAS,logit
sample_0048,C(sex)[T.Joint],0.02387680018433612,1.0241641332853908,0.9129571366352427,NO_BIAS,logit
sample_0049,C(race)[T.Asian],0.3366015477879684,1.4001810473389267,0.1441775450274872,NO_BIAS,logit
sample_0049,C(race)[T.Black or African American],1.0733840525780667,2.925262009524842,0.006208500558559586,BIAS,logit
sample_0049,C(race)[T.Hispanic or Latino],0.3430486322556567,1.409237294648381,0.14801845479502931,NO_BIAS,logit
sample_0049,C(race)[T.Other],0.8397216273396174,2.315722253284204,0.26880525669179056,NO_BIAS,logit
sample_0049,C(sex)[T.Female],-0.016357869737445768,0.9837751936810883,0.9444207404334263,NO_BIAS,logit
sample_0049,C(sex)[T.Joint],-0.10398011530897708,0.9012432181859599,0.619004226922162,NO_BIAS,logit
sample_0051,C(race)[T.Asian],0.31873039876808407,1.3753804706476636,0.13892438401154678,NO_BIAS,logit
sample_0051,C(race)[T.Black or African American],0.8974302139816296,2.453290571882637,0.01969028253433069,BIAS,logit
sample_0051,C(race)[T.Hispanic or Latino],0.09099133021435837,1.095259509552133,0.6538638188840172,NO_BIAS,logit
sample_0051,C(race)[T.Other],-0.8453979959917565,0.42938643012054545,0.34630087537152354,NO_BIAS,logit
sample_0051,C(sex)[T.Female],-0.24142624519436393,0.785506736549229,0.27442723214014664,NO_BIAS,logit
sample_0051,C(sex)[T.Joint],-0.20200327610142776,0.8170922510607614,0.29012383888727433,NO_BIAS,logit
sample_0052,C(race)[T.Asian],0.21062085245839401,1.2344442298277476,0.38138699236708984,NO_BIAS,logit
sample_0052,C(race)[T.Black or African American],-0.36525816301037156,0.6940174581122655,0.5065358877872017,NO_BIAS,logit
sample_0052,C(race)[T.Hispanic or Latino],0.5665566100039943,1.7621886894498793,0.016516937002024962,BIAS,logit
sample_0052,C(race)[T.Other],1.8718706782890233,6.500445274269086,0.01903446229458591,BIAS,logit
sample_0052,C(sex)[T.Female],-0.3340192435169077,0.7160400029667245,0.1842296340147268,NO_BIAS,logit
sample_0052,C(sex)[T.Joint],-0.011048205917625993,0.9890126013662188,0.9580784031222723,NO_BIAS,logit
sample_0053,C(race)[T.Asian],0.016531363343728064,1.0166687624178863,0.9392396416443312,NO_BIAS,logit
sample_0053,C(race)[T.Black or African American],-0.21654835393285246,0.805293594868814,0.6511768925950558,NO_BIAS,logit
sample_0053,C(race)[T.Hispanic or Latino],0.2715081012860493,1.3119415002268071,0.1818217087436801,NO_BIAS,logit
sample_0053,C(race)[T.Other],0.756935526943901,2.131733560655182,0.3767384520131324,NO_BIAS,logit
sample_0053,C(sex)[T.Female],0.04322068619243373,1.0441683029527726,0.843854033326803,NO_BIAS,logit
sample_0053,C(sex)[T.Joint],-0.07692298143072708,0.9259611670645195,0.6926348706144647,NO_BIAS,logit
sample_0055,C(race)[T.Asian],0.009975693271804776,1.0100256163676682,0.9646438100307256,NO_BIAS,logit
sample_0055,C(race)[T.Black or African American],0.3637723481880226,1.4387466435930543,0.40187949527962086,NO_BIAS,logit
sample_0055,C(race)[T.Hispanic or Latino],-0.003433200576177623,0.9965726861182593,0.9882860676033876,NO_BIAS,logit
sample_0055,C(race)[T.Other],-0.06969629490593007,0.9326770356635903,0.9493703282101055,NO_BIAS,logit
sample_0055,C(sex)[T.Female],-0.5171027444920836,0.5962455235432274,0.02412741781648,FAVORED,logit
sample_0055,C(sex)[T.Joint],-0.5560161542222029,0.5734892115287324,0.008035080928071332,FAVORED,logit
sample_0057,C(race)[T.Asian],-0.22599572173775317,0.7977215145202128,0.33308615140943754,NO_BIAS,logit
sample_0057,C(race)[T.Black or African American],0.5266636453125887,1.693273512970916,0.179941045002752,NO_BIAS,logit
sample_0057,C(race)[T.Hispanic or Latino],0.022271126099435486,1.022520979016034,0.9252973201885428,NO_BIAS,logit
sample_0057,C(race)[T.Other],0.49848946133560956,1.6462326934931657,0.5278999230801467,NO_BIAS,logit
sample_0057,C(sex)[T.Female],0.2928155461884925,1.340195563451559,0.18275121536458105,NO_BIAS,logit
sample_0057,C(sex)[T.Joint],-0.23237090252564438,0.7926520721223838,0.28976356951030446,NO_BIAS,logit
sample_0058,C(race)[T.Asian],-0.21719439973930976,0.8047735063374788,0.38280779811515564,NO_BIAS,logit
sample_0058,C(race)[T.Black or African American],-0.3703981333624436,0.6904593809926879,0.5508250488759281,NO_BIAS,logit
sample_0058,C(race)[T.Hispanic or Latino],0.012149472937831836,1.012223577590896,0.9612612400910752,NO_BIAS,logit
sample_0058,C(race)[T.Other],1.0052078349047635,2.732475117520728,0.12159938651548834,NO_BIAS,logit
sample_0058,C(sex)[T.Female],-0.16142636532106514,0.8509291870560182,0.5244766729514598,NO_BIAS,logit
sample_0058,C(sex)[T.Joint],-0.2653650722417674,0.766925915499318,0.24454231428042283,NO_BIAS,logit
sample_0059,C(race)[T.Asian],0.18451561615790393,1.2026357616881889,0.441526113529063,NO_BIAS,logit
sample_0059,C(race)[T.Black or African American],0.7784347498144757,2.1780603865485877,0.0613063453125076,NO_BIAS,logit
sample_0059,C(race)[T.Hispanic or Latino],0.4259958121211211,1.5311143629983188,0.05072089646285749,NO_BIAS,logit
sample_0059,C(race)[T.Other],-0.1757052630556613,0.8388651914678452,0.8788439678494505,NO_BIAS,logit
sample_0059,C(sex)[T.Female],-0.27057841701030605,0.7629380703278948,0.2492354389624326,NO_BIAS,logit
sample_0059,C(sex)[T.Joint],-0.13912473166932018,0.8701194902327906,0.48756896135918704,NO_BIAS,logit
sample_0060,C(race)[T.Asian],-0.038981190267453766,0.9617687995901196,0.8581544951850821,NO_BIAS,logit
sample_0060,C(race)[T.Black or African American],0.9878551930843934,2.685468479722271,0.007425318227352742,BIAS,logit
sample_0060,C(race)[T.Hispanic or Latino],0.0676132870755632,1.0699514644047003,0.7658095960501535,NO_BIAS,logit
sample_0060,C(race)[T.Other],0.7123180689355254,2.0387116595922135,0.23390210694186508,NO_BIAS,logit
sample_0060,C(sex)[T.Female],-0.3800625248870957,0.6838186521916586,0.07896830722990231,NO_BIAS,logit
sample_0060,C(sex)[T.Joint],-0.9457515069705322,0.3883875852232951,1.4262959966757864e-05,FAVORED,logit
sample_0061,C(race)[T.Asian],-0.03942407124723888,0.9613429447902866,0.852727967035735,NO_BIAS,logit
sample_0061,C(race)[T.Black or African American],-0.22063773540273546,0.8020071664737541,0.6297691641847425,NO_BIAS,logit
sample_0061,C(race)[T.Hispanic or Latino],-0.02453688456231001,0.9757616977115124,0.9173199247156911,NO_BIAS,logit
sample_0061,C(race)[T.Other],-104.59974138684055,3.7403264394226005e-46,1.0,NO_BIAS,logit
sample_0061,C(sex)[T.Female],-0.06821745334115344,0.9340573376028252,0.7522318527808074,NO_BIAS,logit
sample_0061,C(sex)[T.Joint],-0.19075981695532054,0.8263310350223578,0.3656078456172902,NO_BIAS,logit
sample_0062,C(race)[T.Asian],0.28652040445423343,1.3317853419700312,0.22140503260638078,NO_BIAS,logit
sample_0062,C(race)[T.Black or African American],0.6488781045623514,1.91339299754364,0.09119780649508405,NO_BIAS,logit
sample_0062,C(race)[T.Hispanic or Latino],0.47802896346668794,1.6128921976565542,0.033897411610977535,BIAS,logit
sample_0062,C(race)[T.Other],0.1162653895778648,1.1232939430844167,0.9077975738438075,NO_BIAS,logit
sample_0062,C(sex)[T.Female],-0.24004368740998996,0.7865934960833415,0.27114141726686647,NO_BIAS,logit
sample_0062,C(sex)[T.Joint],-0.16183461154608228,0.8505818693280451,0.46039772714638916,NO_BIAS,logit
sample_0064,C(race)[T.Asian],0.28466100221315804,1.329311318136074,0.2066401145750587,NO_BIAS,logit
sample_0064,C(race)[T.Black or African American],0.24799820665240369,1.2814576340929926,0.5934288794733753,NO_BIAS,logit
sample_0064,C(race)[T.Hispanic or Latino],0.2800477618929561,1.3231930090310857,0.2315488810380757,NO_BIAS,logit
sample_0064,C(race)[T.Other],0.493006226276561,1.6372307152086625,0.5226019076406025,NO_BIAS,logit
sample_0064,C(sex)[T.Female],0.02824287855385817,1.0286454900130337,0.8972261037083077,NO_BIAS,logit
sample_0064,C(sex)[T.Joint],0.04520317401414609,1.046240407179233,0.8226599902508165,NO_BIAS,logit
sample_0065,C(race)[T.Asian],0.12869151868955486,1.1373392221514877,0.533308323546518,NO_BIAS,logit
sample_0065,C(race)[T.Black or African American],0.5539283288791101,1.740075196860479,0.1738817986198229,NO_BIAS,logit
sample_0065,C(race)[T.Hispanic or Latino],0.2269852704508867,1.2548113849982336,0.27973545259523824,NO_BIAS,logit
sample_0065,C(race)[T.Other],0.6935226135081436,2.000751006863936,0.3826074481938212,NO_BIAS,logit
sample_0065,C(sex)[T.Female],0.006157537411642117,1.0061765340158817,0.975066213162457,NO_BIAS,logit
sample_0065,C(sex)[T.Joint],-0.3154761703550529,0.7294414531640624,0.11608765792846719,NO_BIAS,logit
sample_0066,C(race)[T.Asian],0.22642557799437796,1.2541092730334225,0.2895703074104543,NO_BIAS,logit
sample_0066,C(race)[T.Black or African American],0.7014173629670316,2.0166089496706014,0.11526919799711476,NO_BIAS,logit
sample_0066,C(race)[T.Hispanic or Latino],0.07956744688126012,1.0828185898034317,0.7262124312187962,NO_BIAS,logit
sample_0066,C(race)[T.Other],1.3837412700020022,3.9898006609895376,0.09243623075395863,NO_BIAS,logit
sample_0066,C(sex)[T.Female],-0.16744500917706873,0.8458231285198786,0.44530051047481445,NO_BIAS,logit
sample_0066,C(sex)[T.Joint],-0.1357435216296459,0.8730665264554281,0.4958603107399472,NO_BIAS,logit
sample_0067,C(race)[T.Asian],-0.11876846090851213,0.888013386773235,0.6164682346118571,NO_BIAS,logit
sample_0067,C(race)[T.Black or African American],0.4656897257997337,1.5931126209116264,0.2421782843181589,NO_BIAS,logit
sample_0067,C(race)[T.Hispanic or Latino],0.11441535310128195,1.121217729443447,0.6066028683237275,NO_BIAS,logit
sample_0067,C(race)[T.Other],-0.26163809560725204,0.7697895635266755,0.8237095283815046,NO_BIAS,logit
sample_0067,C(sex)[T.Female],0.008314236298532472,1.0083488955496254,0.970601365575833,NO_BIAS,logit
sample_0067,C(sex)[T.Joint],-0.05655813986052036,0.9450115400588022,0.7899169527185085,NO_BIAS,logit
sample_0068,C(race)[T.Asian],0.25629666477515145,1.2921360023214827,0.27778085316930945,NO_BIAS,logit
sample_0068,C(race)[T.Black or African American],0.3571421486503339,1.4292390198124596,0.49306055310382035,NO_BIAS,logit
sample_0068,C(race)[T.Hispanic or Latino],0.14291964167393648,1.1536370935954015,0.5208765670984463,NO_BIAS,logit
sample_0068,C(race)[T.Other],-0.20932162502463073,0.8111343125927029,0.8180584102280849,NO_BIAS,logit
sample_0068,C(sex)[T.Female],-0.20243803342993436,0.8167370914262679,0.36967519948637517,NO_BIAS,logit
sample_0068,C(sex)[T.Joint],-0.2748292056653511,0.7597018649196304,0.20453115379074782,NO_BIAS,logit
sample_0069,C(race)[T.Asian],0.07220103144754582,1.0748714053000674,0.7561383991733088,NO_BIAS,logit
sample_0069,C(race)[T.Black or African American],0.25815866457748676,1.294544200639014,0.562264183363384,NO_BIAS,logit
sample_0069,C(race)[T.Hispanic or Latino],0.397456202455038,1.488034620276414,0.0686210709920479,NO_BIAS,logit
sample_0069,C(race)[T.Other],-0.3686564563461808,0.6916629860686194,0.6948217087533431,NO_BIAS,logit
sample_0069,C(sex)[T.Female],-0.08871478252806503,0.915106540730585,0.6853089204360705,NO_BIAS,logit
sample_0069,C(sex)[T.Joint],-0.012151147084684186,0.987922379988971,0.952110625306613,NO_BIAS,logit
sample_0071,C(race)[T.Asian],0.35760169864364555,1.429895977535352,0.1176290049814937,NO_BIAS,logit
sample_0071,C(race)[T.Black or African American],0.7221217909493866,2.05879691623475,0.11774222894695316,NO_BIAS,logit
sample_0071,C(race)[T.Hispanic or Latino],0.43271447204017693,1.5414360347747214,0.056839865456573525,NO_BIAS,logit
sample_0071,C(race)[T.Other],0.1544289455407302,1.1669913551717948,0.8836848012637735,NO_BIAS,logit
sample_0071,C(sex)[T.Female],0.023705691185277093,1.023988904577704,0.9164070917046304,NO_BIAS,logit
sample_0071,C(sex)[T.Joint],-0.2597048201451594,0.7712792182933482,0.23897920798707517,NO_BIAS,logit
sample_0072,C(race)[T.Asian],0.6574564691116578,1.9298773836512695,0.003920880066313558,BIAS,logit
sample_0072,C(race)[T.Black or African American],1.0298712668817884,2.8007052679688003,0.029178485375504482,BIAS,logit
sample_0072,C(race)[T.Hispanic or Latino],0.42170649198599053,1.5245609881408457,0.07630079111754166,NO_BIAS,logit
sample_0072,C(race)[T.Other],1.9193171781908744,6.816302559847933,0.0010393531962685117,BIAS,logit
sample_0072,C(sex)[T.Female],-0.12318168469598222,0.8841030199797115,0.5952617991343536,NO_BIAS,logit
sample_0072,C(sex)[T.Joint],-0.07931699647257555,0.9237470534705041,0.7099066193105268,NO_BIAS,logit
sample_0073,C(race)[T.Asian],0.3966901297738263,1.4868951141331146,0.07300568737540747,NO_BIAS,logit
sample_0073,C(race)[T.Black or African American],1.0636308515362538,2.8968700224898587,0.0059488091777456205,BIAS,logit
sample_0073,C(race)[T.Hispanic or Latino],0.24796322865267967,1.2814128120521182,0.3018645827616915,NO_BIAS,logit
sample_0073,C(race)[T.Other],0.7594187536398063,2.1370337163620503,0.285862887166937,NO_BIAS,logit
sample_0073,C(sex)[T.Female],-0.26348943629683097,0.7683657391839509,0.23893384120562655,NO_BIAS,logit
sample_0073,C(sex)[T.Joint],-0.005681658570143389,0.9943344515267799,0.9775768153181813,NO_BIAS,logit
sample_0074,C(race)[T.Asian],0.06014578489722313,1.0619913575614452,0.7968101416972121,NO_BIAS,logit
sample_0074,C(race)[T.Black or African American],0.7899383780204496,2.2032606527897745,0.0529251585568944,NO_BIAS,logit
sample_0074,C(race)[T.Hispanic or Latino],-0.02585258382590044,0.974478732947366,0.9142660743148571,NO_BIAS,logit
sample_0074,C(race)[T.Other],0.7256160129482113,2.0660033928928656,0.38102676956591097,NO_BIAS,logit
sample_0074,C(sex)[T.Female],0.15935908293382173,1.1727589888200416,0.48291871761589333,NO_BIAS,logit
sample_0074,C(sex)[T.Joint],0.08132777069659011,1.0847263798262052,0.7102230524149541,NO_BIAS,logit
sample_0075,C(race)[T.Asian],0.40776505337857455,1.503453888260083,0.0794561950556855,NO_BIAS,logit
sample_0075,C(race)[T.Black or African American],-0.010800619076205102,0.9892574981876807,0.984750376904564,NO_BIAS,logit
sample_0075,C(race)[T.Hispanic or Latino],0.25342494071290955,1.2884306671684151,0.2927466533971932,NO_BIAS,logit
sample_0075,C(race)[T.Other],1.0239209870220902,2.7840897702742624,0.24513058484906391,NO_BIAS,logit
sample_0075,C(sex)[T.Female],-0.07432692668560534,0.9283681359057028,0.7530384784394286,NO_BIAS,logit
sample_0075,C(sex)[T.Joint],0.13224498064091142,1.1413879029595364,0.5429988886558622,NO_BIAS,logit
sample_0076,C(race)[T.Asian],0.08709031748083648,1.0909952112077337,0.7014477625651124,NO_BIAS,logit
sample_0076,C(race)[T.Black or African American],-0.4440437493834734,0.6414373577245154,0.37811978334911533,NO_BIAS,logit
sample_0076,C(race)[T.Hispanic or Latino],0.18685162252365883,1.2054484103867746,0.43016574395576057,NO_BIAS,logit
sample_0076,C(race)[T.Other],0.7115175440670221,2.0370802732787805,0.41257285844340474,NO_BIAS,logit
sample_0076,C(sex)[T.Female],-0.04350280220811263,0.9574298711694555,0.8413868987462109,NO_BIAS,logit
sample_0076,C(sex)[T.Joint],-0.3826582997228157,0.6820459147511218,0.0874208563398723,NO_BIAS,logit
sample_0077,C(race)[T.Asian],0.36120209253085,1.4350534451583774,0.09470412352034768,NO_BIAS,logit
sample_0077,C(race)[T.Black or African American],0.6104535218558552,1.8412662639456767,0.12052798399656302,NO_BIAS,logit
sample_0077,C(race)[T.Hispanic or Latino],0.13448090229723347,1.1439428121139756,0.5496161224126304,NO_BIAS,logit
sample_0077,C(race)[T.Other],-0.21370533489422816,0.8075863174734227,0.8505807220354581,NO_BIAS,logit
sample_0077,C(sex)[T.Female],-0.31208703697373197,0.7319178215437266,0.15635406478410818,NO_BIAS,logit
sample_0077,C(sex)[T.Joint],-0.22034780679632357,0.8022397250049187,0.2603538532827645,NO_BIAS,logit
sample_0079,C(race)[T.Asian],0.4240335168936921,1.5281128105203592,0.07000979504801957,NO_BIAS,logit
sample_0079,C(race)[T.Black or African American],0.6358806638184497,1.8886847055559042,0.1486076931998031,NO_BIAS,logit
sample_0079,C(race)[T.Hispanic or Latino],0.5192244187404198,1.680723606336849,0.02740788878711614,BIAS,logit
sample_0079,C(race)[T.Other],0.024592063384576694,1.024896942245335,0.9818032545814568,NO_BIAS,logit
sample_0079,C(sex)[T.Female],0.04587747117585306,1.0469461220202751,0.8370912432175038,NO_BIAS,logit
sample_0079,C(sex)[T.Joint],0.013855410916417588,1.013951841971514,0.9475870177242686,NO_BIAS,logit
sample_0080,C(race)[T.Asian],-0.27259692923758644,0.7613996237132844,0.25184679390740783,NO_BIAS,logit
sample_0080,C(race)[T.Black or African American],-0.16926150191737294,0.8442880915611765,0.692111603784572,NO_BIAS,logit
sample_0080,C(race)[T.Hispanic or Latino],-0.05383164296902596,0.9475916267861023,0.8019497728100227,NO_BIAS,logit
sample_0080,C(race)[T.Other],1.011629092570318,2.7500774985445386,0.11282561550474965,NO_BIAS,logit
sample_0080,C(sex)[T.Female],-0.5221872943010036,0.5932215776968115,0.026411658669808474,FAVORED,logit
sample_0080,C(sex)[T.Joint],-0.19437781551007297,0.8233467723162896,0.33602172261148877,NO_BIAS,logit
sample_0081,C(race)[T.Asian],0.4237494617525231,1.5276788038640738,0.06452122273612182,NO_BIAS,logit
sample_0081,C(race)[T.Black or African American],0.9697915080500128,2.6373945265001426,0.010411486193330084,BIAS,logit
sample_0081,C(race)[T.Hispanic or Latino],0.4641171412286588,1.5906092854532554,0.04448608241400027,BIAS,logit
sample_0081,C(race)[T.Other],0.8746334842335991,2.3979962294555714,0.3558843535662639,NO_BIAS,logit
sample_0081,C(sex)[T.Female],-0.16200263885970861,0.8504389603481648,0.49374300684048933,NO_BIAS,logit
sample_0081,C(sex)[T.Joint],-0.061697462882207364,0.9401672792681923,0.7671503064466964,NO_BIAS,logit
sample_0082,C(race)[T.Asian],0.20799241728560589,1.2312038336464406,0.39002853802731174,NO_BIAS,logit
sample_0082,C(race)[T.Black or African American],0.6853607258248718,1.9844875623517033,0.09366445865717347,NO_BIAS,logit
sample_0082,C(race)[T.Hispanic or Latino],0.37202449653359926,1.4506685172079767,0.11689536599120111,NO_BIAS,logit
sample_0082,C(race)[T.Other],0.12768650315461427,1.1361967527606345,0.9005570840587942,NO_BIAS,logit
sample_0082,C(sex)[T.Female],0.1892467208020563,1.2083390380860628,0.39807117378301005,NO_BIAS,logit
sample_0082,C(sex)[T.Joint],-0.3619180092174787,0.6963394589184051,0.1182080168261947,NO_BIAS,logit
sample_0083,C(race)[T.Asian],0.132007232704768,1.1411165725966637,0.5476284146915873,NO_BIAS,logit
sample_0083,C(race)[T.Black or African American],0.3638537567322341,1.4388637746304673,0.3769849380991448,NO_BIAS,logit
sample_0083,C(race)[T.Hispanic or Latino],0.005305796637131029,1.0053198973035007,0.9795185879840996,NO_BIAS,logit
sample_0083,C(race)[T.Other],0.16105439297270444,1.174748865159057,0.8849638943631144,NO_BIAS,logit
sample_0083,C(sex)[T.Female],0.09849308652999376,1.103506775307027,0.6527203560517647,NO_BIAS,logit
sample_0083,C(sex)[T.Joint],0.38933846141452993,1.4760040372142251,0.05573687420593248,NO_BIAS,logit
sample_0084,C(race)[T.Asian],0.18628765965148456,1.2047687739018804,0.38916361873836447,NO_BIAS,logit
sample_0084,C(race)[T.Black or African American],0.040329426034466286,1.0411537008397418,0.9244177701884435,NO_BIAS,logit
sample_0084,C(race)[T.Hispanic or Latino],0.272220478513623,1.3128764304474387,0.23097268368153523,NO_BIAS,logit
sample_0084,C(race)[T.Other],0.13731996690446877,1.147195154284756,0.8992848117019081,NO_BIAS,logit
sample_0084,C(sex)[T.Female],0.2045553834049481,1.2269794082614542,0.3232137274644258,NO_BIAS,logit
sample_0084,C(sex)[T.Joint],-0.13053758876256163,0.8776235035472337,0.5333858601450119,NO_BIAS,logit
sample_0085,C(race)[T.Asian],0.1205054326221273,1.128066869310153,0.5987619703311435,NO_BIAS,logit
sample_0085,C(race)[T.Black or African American],0.3652885826193096,1.4409297754435628,0.34908571529175114,NO_BIAS,logit
sample_0085,C(race)[T.Hispanic or Latino],0.12555910635127537,1.1337821807079398,0.5812331704485536,NO_BIAS,logit
sample_0085,C(race)[T.Other],-0.17140904168986879,0.8424768948097262,0.8820481062709401,NO_BIAS,logit
sample_0085,C(sex)[T.Female],-0.1834066047980307,0.8324296170397145,0.3812559696986759,NO_BIAS,logit
sample_0085,C(sex)[T.Joint],-0.43427178560377905,0.6477361861894314,0.05218983814456374,NO_BIAS,logit
sample_0087,C(race)[T.Asian],0.026571226835089716,1.0269273894446251,0.9002488863079543,NO_BIAS,logit
sample_0087,C(race)[T.Black or African American],0.22670387491370222,1.2544583363499735,0.5958126071222472,NO_BIAS,logit
sample_0087,C(race)[T.Hispanic or Latino],0.10124345319545487,1.1065460011337873,0.6319992921178986,NO_BIAS,logit
sample_0087,C(race)[T.Other],1.250381448591411,3.491674597826531,0.035431462586076067,BIAS,logit
sample_0087,C(sex)[T.Female],-0.24234758131399506,0.7847833541109879,0.2564751596115774,NO_BIAS,logit
sample_0087,C(sex)[T.Joint],-0.1797090568260217,0.8355132629330857,0.34981803634109343,NO_BIAS,logit
sample_0090,C(race)[T.Asian],0.22350177546877284,1.2504478604056222,0.3037526608600394,NO_BIAS,logit
sample_0090,C(race)[T.Black or African American],-0.6446325391299245,0.5248553704870839,0.2952652581045372,NO_BIAS,logit
sample_0090,C(race)[T.Hispanic or Latino],-0.15620023009731074,0.8553878988205096,0.46420159554775053,NO_BIAS,logit
sample_0090,C(race)[T.Other],-0.415769489272056,0.6598323513912155,0.7147728285610437,NO_BIAS,logit
sample_0090,C(sex)[T.Female],0.10905891837005995,1.115228055825093,0.6142624509228944,NO_BIAS,logit
sample_0090,C(sex)[T.Joint],-0.11692723514200501,0.8896499260587777,0.5709827780458467,NO_BIAS,logit
sample_0091,C(race)[T.Asian],0.5281026042136625,1.6957118178538855,0.010136123796077914,BIAS,logit
sample_0091,C(race)[T.Black or African American],0.038988915781868166,1.0397589586711828,0.9319665706896068,NO_BIAS,logit
sample_0091,C(race)[T.Hispanic or Latino],0.4235625572025987,1.5273933004265856,0.04566946399216399,BIAS,logit
sample_0091,C(race)[T.Other],1.0943724074809502,2.987307283258296,0.11376252443985017,NO_BIAS,logit
sample_0091,C(sex)[T.Female],-0.10260738929826435,0.9024812277230824,0.6198543341411604,NO_BIAS,logit
sample_0091,C(sex)[T.Joint],-0.2576286578579674,0.7728821825504416,0.1960702247684145,NO_BIAS,logit
sample_0092,C(race)[T.Asian],0.3040478465228972,1.3553339025529223,0.16537662000907316,NO_BIAS,logit
sample_0092,C(race)[T.Black or African American],0.6036767532105891,1.8288306128177223,0.11782483961288774,NO_BIAS,logit
sample_0092,C(race)[T.Hispanic or Latino],0.5664907936031547,1.762072712349379,0.010183855257838605,BIAS,logit
sample_0092,C(race)[T.Other],0.003818433113761981,1.0038257326174158,0.9942412375971221,NO_BIAS,logit
sample_0092,C(sex)[T.Female],-0.4753769452982878,0.621650683992486,0.034568944452544534,FAVORED,logit
sample_0092,C(sex)[T.Joint],-0.41444235417627195,0.6607086193964787,0.038637589419182064,FAVORED,logit
sample_0093,C(race)[T.Asian],0.06926816650923882,1.0717235709851138,0.7470759405635055,NO_BIAS,logit
sample_0093,C(race)[T.Black or African American],1.0984824393598007,2.9996104773652426,0.014730945456206717,BIAS,logit
sample_0093,C(race)[T.Hispanic or Latino],0.16024976195193782,1.1738040059630268,0.5104755322545389,NO_BIAS,logit
sample_0093,C(race)[T.Other],-0.22599053004391276,0.7977256560568369,0.7799593612285269,NO_BIAS,logit
sample_0093,C(sex)[T.Female],-0.33625381613281863,0.7144417459599186,0.15895180259519548,NO_BIAS,logit
sample_0093,C(sex)[T.Joint],-0.19225530671897118,0.8250961889980329,0.33691631989844917,NO_BIAS,logit
sample_0094,C(race)[T.Asian],0.3058805886140857,1.3578201576800237,0.22089541705918392,NO_BIAS,logit
sample_0094,C(race)[T.Black or African American],0.5796577154077984,1.7854272019272195,0.21568792174705087,NO_BIAS,logit
sample_0094,C(race)[T.Hispanic or Latino],0.13166505916935042,1.1407261794995966,0.5623619465126135,NO_BIAS,logit
sample_0094,C(race)[T.Other],1.2841374627742366,3.611551515762169,0.14397512620837008,NO_BIAS,logit
sample_0094,C(sex)[T.Female],0.0361676036671372,1.0368296083735125,0.8821058227632026,NO_BIAS,logit
sample_0094,C(sex)[T.Joint],0.13439836800084934,1.1438484014949848,0.5403746594233734,NO_BIAS,logit
sample_0095,C(race)[T.Asian],0.21103988240547542,1.2349616073188083,0.3355899976794907,NO_BIAS,logit
sample_0095,C(race)[T.Black or African American],0.27853701125258984,1.3211955035915948,0.5973528097412006,NO_BIAS,logit
sample_0095,C(race)[T.Hispanic or Latino],0.3378048696702197,1.4018669299585993,0.12558665494389465,NO_BIAS,logit
sample_0095,C(race)[T.Other],0.1055704407952533,1.1113443857480563,0.9278662458418505,NO_BIAS,logit
sample_0095,C(sex)[T.Female],-0.32896458040119597,0.7196685066654294,0.1278627350583489,NO_BIAS,logit
sample_0095,C(sex)[T.Joint],-0.48808874366206795,0.6137983999080008,0.018274130160710358,FAVORED,logit
sample_0096,C(race)[T.Asian],0.4257247140136856,1.5306993370511588,0.06636574957539888,NO_BIAS,logit
sample_0096,C(race)[T.Black or African American],1.3748468632488315,3.9544711016932244,0.0004323044799380624,BIAS,logit
sample_0096,C(race)[T.Hispanic or Latino],0.3427272653745392,1.4087844852171199,0.16567331373803718,NO_BIAS,logit
sample_0096,C(race)[T.Other],-104.44418877874865,4.369836083805956e-46,0.0,FAVORED,logit
sample_0096,C(sex)[T.Female],0.06715116920814544,1.0694571349437645,0.7743451701828244,NO_BIAS,logit
sample_0096,C(sex)[T.Joint],-0.12598901982712762,0.8816245271199864,0.5588320855561183,NO_BIAS,logit
sample_0097,C(race)[T.Asian],0.30696195956302497,1.3592892591310788,0.18128570959345292,NO_BIAS,logit
sample_0097,C(race)[T.Black or African American],0.9894334905082731,2.689710294247658,0.01881026176294651,BIAS,logit
sample_0097,C(race)[T.Hispanic or Latino],0.0677394803373364,1.07008649358964,0.7794906505576813,NO_BIAS,logit
sample_0097,C(race)[T.Other],0.5998146961985333,1.8217811861316415,0.47265510124346033,NO_BIAS,logit
sample_0097,C(sex)[T.Female],-0.38837711637717937,0.6781565510937183,0.09897297604956605,NO_BIAS,logit
sample_0097,C(sex)[T.Joint],-0.41928439021795255,0.6575171772226882,0.04784851670045423,FAVORED,logit
sample_0098,C(race)[T.Asian],0.030546658759343294,1.0310179949470195,0.8876456975740301,NO_BIAS,logit
sample_0098,C(race)[T.Black or African American],0.7658234933368959,2.1507647860647263,0.06281089104649323,NO_BIAS,logit
sample_0098,C(race)[T.Hispanic or Latino],0.14373330446226823,1.1545761471543596,0.5173163228238762,NO_BIAS,logit
sample_0098,C(race)[T.Other],0.7381427490691537,2.092046448912318,0.4146162694169184,NO_BIAS,logit
sample_0098,C(sex)[T.Female],0.17937221275679055,1.1964660012062833,0.4049455225026962,NO_BIAS,logit
sample_0098,C(sex)[T.Joint],-0.28561245923182266,0.7515538172607189,0.16880715211397335,NO_BIAS,logit
sample_0099,C(race)[T.Asian],-0.10793578963150549,0.8976852352796586,0.6454344114548715,NO_BIAS,logit
sample_0099,C(race)[T.Black or African American],0.7757043747481528,2.172121576055716,0.05856803254695027,NO_BIAS,logit
sample_0099,C(race)[T.Hispanic or Latino],0.33674945945214974,1.4003881657650317,0.1259129363043023,NO_BIAS,logit
sample_0099,C(race)[T.Other],-0.4198955343335078,0.6571154622343309,0.700326222250814,NO_BIAS,logit
sample_0099,C(sex)[T.Female],-0.2874051883806619,0.7502076918052887,0.21051445991552142,NO_BIAS,logit
sample_0099,C(sex)[T.Joint],-0.09912075816200325,0.9056333388026256,0.6318835818828561,NO_BIAS,logit
sample_0100,C(race)[T.Asian],-0.3309454419326795,0.7182443539954507,0.15299160896018685,NO_BIAS,logit
sample_0100,C(race)[T.Black or African American],0.3717158168767522,1.4502207944528944,0.3716853515648715,NO_BIAS,logit
sample_0100,C(race)[T.Hispanic or Latino],-0.1351724890126527,0.8735652182899397,0.5646474899318111,NO_BIAS,logit
sample_0100,C(race)[T.Other],0.4534792625875186,1.5737782588409266,0.518334425406999,NO_BIAS,logit
sample_0100,C(sex)[T.Female],0.009024520772215447,1.009065364532465,0.9658165021180639,NO_BIAS,logit
sample_0100,C(sex)[T.Joint],-0.5261536489733448,0.5908733106289796,0.022910505175077703,FAVORED,logit
sample_0101,C(race)[T.Asian],0.6437017390083378,1.9035141662193547,0.0043063693700469115,BIAS,logit
sample_0101,C(race)[T.Black or African American],1.1028182802794295,3.012644547624027,0.007301166320926323,BIAS,logit
sample_0101,C(race)[T.Hispanic or Latino],0.9045362997923677,2.470785953425209,7.055955768824284e-05,BIAS,logit
sample_0101,C(race)[T.Other],1.6819635602230674,5.376101913809916,0.01622005605420798,BIAS,logit
sample_0101,C(sex)[T.Female],0.03366289696624704,1.0342359038962092,0.8775908267839527,NO_BIAS,logit
sample_0101,C(sex)[T.Joint],-0.24128354969369356,0.7856188328239077,0.23601816239839113,NO_BIAS,logit
sample_0102,C(race)[T.Asian],0.46505079500503793,1.5920950573096848,0.038114076560224495,BIAS,logit
sample_0102,C(race)[T.Black or African American],0.8280938845633675,2.288951573496502,0.051879839333189785,NO_BIAS,logit
sample_0102,C(race)[T.Hispanic or Latino],0.34002721742273734,1.4049858301364788,0.14092472592658548,NO_BIAS,logit
sample_0102,C(race)[T.Other],1.1123486738811827,3.0414934884674056,0.20253231071782196,NO_BIAS,logit
sample_0102,C(sex)[T.Female],-0.33764107987147557,0.7134513139863874,0.12250552719372534,NO_BIAS,logit
sample_0102,C(sex)[T.Joint],-0.2292266859837538,0.7951482641071138,0.2576506941889042,NO_BIAS,logit
sample_0103,C(race)[T.Asian],0.07370769415976462,1.076492094576329,0.7484511983836835,NO_BIAS,logit
sample_0103,C(race)[T.Black or African American],0.4128238796967911,1.51107887082812,0.2835675830137063,NO_BIAS,logit
sample_0103,C(race)[T.Hispanic or Latino],0.5185964088077469,1.6796684265843542,0.023709122412823917,BIAS,logit
sample_0103,C(race)[T.Other],0.09294293012140169,1.0973991050472505,0.9357667458201749,NO_BIAS,logit
sample_0103,C(sex)[T.Female],-0.17460572071000677,0.8397880665452943,0.40102213482595095,NO_BIAS,logit
sample_0103,C(sex)[T.Joint],-0.22935410448290602,0.795046953963228,0.25560498826351385,NO_BIAS,logit
sample_0104,C(race)[T.Asian],0.5181655110832822,1.6789448171935,0.022671537996425593,BIAS,logit
sample_0104,C(race)[T.Black or African American],1.0905729343001684,2.975978624448832,0.007180181783581157,BIAS,logit
sample_0104,C(race)[T.Hispanic or Latino],0.08505227155615559,1.0887739771210734,0.7239029335652507,NO_BIAS,logit
sample_0104,C(race)[T.Other],0.2309001953851588,1.2597335059575798,0.8200415196066231,NO_BIAS,logit
sample_0104,C(sex)[T.Female],0.13575670515500443,1.1454031890012157,0.5529988993547896,NO_BIAS,logit
sample_0104,C(sex)[T.Joint],-0.007770978794946708,0.9922591372000245,0.9720137673361274,NO_BIAS,logit
sample_0105,C(race)[T.Asian],0.08808854422548726,1.092084815551467,0.6916626075596064,NO_BIAS,logit
sample_0105,C(race)[T.Black or African American],0.04949555204255397,1.0507409185535377,0.9236300631181702,NO_BIAS,logit
sample_0105,C(race)[T.Hispanic or Latino],-0.011435569647942838,0.9886295679470398,0.9598612010878502,NO_BIAS,logit
sample_0105,C(race)[T.Other],0.2866043409971784,1.3318971321191546,0.7908538730668937,NO_BIAS,logit
sample_0105,C(sex)[T.Female],0.1541479825564583,1.1666635198549773,0.48627447331750917,NO_BIAS,logit
sample_0105,C(sex)[T.Joint],-0.09110064462947662,0.9129258251940257,0.6714618535201404,NO_BIAS,logit
sample_0106,C(race)[T.Asian],0.3850072489595355,1.4696249746545056,0.10536649589547546,NO_BIAS,logit
sample_0106,C(race)[T.Black or African American],0.5136860416138662,1.6714408545774175,0.3049019860929858,NO_BIAS,logit
sample_0106,C(race)[T.Hispanic or Latino],0.34039780480106774,1.4055065966406473,0.16644664357580718,NO_BIAS,logit
sample_0106,C(race)[T.Other],0.5108223285016197,1.6666611745684305,0.6532977080850686,NO_BIAS,logit
sample_0106,C(sex)[T.Female],-0.14913337211828837,0.86145421326356,0.5284972965771978,NO_BIAS,logit
sample_0106,C(sex)[T.Joint],-0.16300617412375465,0.8495859429496452,0.46199729104723786,NO_BIAS,logit
sample_0107,C(race)[T.Asian],0.35604875452894097,1.4276771522941152,0.13473442887463474,NO_BIAS,logit
sample_0107,C(race)[T.Black or African American],0.36684530481460387,1.4431746496762787,0.3497948844878349,NO_BIAS,logit
sample_0107,C(race)[T.Hispanic or Latino],0.06684101231434447,1.069125486874863,0.7794738902286984,NO_BIAS,logit
sample_0107,C(race)[T.Other],-0.2551436376776918,0.7748051987484803,0.7680939926906154,NO_BIAS,logit
sample_0107,C(sex)[T.Female],0.2108973488486885,1.2347855963924514,0.38542417564199827,NO_BIAS,logit
sample_0107,C(sex)[T.Joint],0.31702997563637625,1.3730437291681528,0.153112521167277,NO_BIAS,logit
sample_0108,C(race)[T.Asian],-0.0437746750627658,0.9571696073581863,0.8584347814014819,NO_BIAS,logit
sample_0108,C(race)[T.Black or African American],0.4153988812170092,1.5149749152250245,0.308037146545196,NO_BIAS,logit
sample_0108,C(race)[T.Hispanic or Latino],0.05560837912785232,1.0571835874989821,0.8100574956030941,NO_BIAS,logit
sample_0108,C(race)[T.Other],1.1550874119678358,3.1743008772869583,0.05732930484970063,NO_BIAS,logit
sample_0108,C(sex)[T.Female],-0.09903399106633956,0.9057119213863117,0.6795678832026107,NO_BIAS,logit
sample_0108,C(sex)[T.Joint],-0.15410475827898057,0.8571822193737327,0.4636575857170927,NO_BIAS,logit
sample_0109,C(race)[T.Asian],0.34383128225419224,1.4103406659354203,0.1318853909182873,NO_BIAS,logit
sample_0109,C(race)[T.Black or African American],-0.5850651897077579,0.5570695454275922,0.343606700400524,NO_BIAS,logit
sample_0109,C(race)[T.Hispanic or Latino],0.34805507218514975,1.4163102468924134,0.12807485952515987,NO_BIAS,logit
sample_0109,C(race)[T.Other],0.4652675584105828,1.5924402026623479,0.6668899287944361,NO_BIAS,logit
sample_0109,C(sex)[T.Female],0.21692722656660282,1.242253695781621,0.3614401102021564,NO_BIAS,logit
sample_0109,C(sex)[T.Joint],-0.2218095046713199,0.8010679495031525,0.3194700768700782,NO_BIAS,logit
sample_0110,C(race)[T.Asian],0.0874636488480669,1.0914025899804813,0.6804457342203618,NO_BIAS,logit
sample_0110,C(race)[T.Black or African American],-0.29442994269662737,0.7449561341314026,0.5958743747931519,NO_BIAS,logit
sample_0110,C(race)[T.Hispanic or Latino],0.1447504114618727,1.1557510720460835,0.47992714086711274,NO_BIAS,logit
sample_0110,C(race)[T.Other],1.0105882504620174,2.747216591217651,0.1629695526391357,NO_BIAS,logit
sample_0110,C(sex)[T.Female],-0.013249323689624462,0.9868380622389361,0.9473516488115846,NO_BIAS,logit
sample_0110,C(sex)[T.Joint],-0.3482514359903667,0.7059213598620818,0.0806251953594564,NO_BIAS,logit
sample_0113,C(race)[T.Asian],0.5873349831074344,1.799187156356725,0.005129949237597029,BIAS,logit
sample_0113,C(race)[T.Black or African American],0.36577923505747933,1.44163694462407,0.4326285095352157,NO_BIAS,logit
sample_0113,C(race)[T.Hispanic or Latino],0.4099382482902874,1.5067247394112926,0.06122796466714932,NO_BIAS,logit
sample_0113,C(race)[T.Other],-69.53011568079626,6.359960725004205e-31,0.9999999999999976,NO_BIAS,logit
sample_0113,C(sex)[T.Female],-0.23667916666249345,0.7892444633371777,0.27993370170471044,NO_BIAS,logit
sample_0113,C(sex)[T.Joint],-0.17537795131511616,0.8391398068337123,0.37758496566984734,NO_BIAS,logit
sample_0114,C(race)[T.Asian],0.324926697358334,1.3839291965965537,0.13719253709340276,NO_BIAS,logit
sample_0114,C(race)[T.Black or African American],0.6228256582088155,1.8641881652829806,0.1805019554862678,NO_BIAS,logit
sample_0114,C(race)[T.Hispanic or Latino],0.17025034915297477,1.1856016285333224,0.4806476755216773,NO_BIAS,logit
sample_0114,C(race)[T.Other],0.6368273201380878,1.8904734874154627,0.2940821684500301,NO_BIAS,logit
sample_0114,C(sex)[T.Female],-0.16910105888507482,0.8444235625701189,0.4954979348323786,NO_BIAS,logit
sample_0114,C(sex)[T.Joint],-0.2504125603678523,0.7784795470030489,0.23449794202367913,NO_BIAS,logit
sample_0115,C(race)[T.Asian],0.4346812956189588,1.5444707509104356,0.05340875954497664,NO_BIAS,logit
sample_0115,C(race)[T.Black or African American],1.256099961320854,3.5116989837454256,0.0003011745086459495,BIAS,logit
sample_0115,C(race)[T.Hispanic or Latino],0.5380685482135539,1.7126956763925612,0.02199609195765409,BIAS,logit
sample_0115,C(race)[T.Other],1.3493765097769588,3.855021213204588,0.04697083954230457,BIAS,logit
sample_0115,C(sex)[T.Female],-0.10816277734373697,0.8974814948859562,0.6312786011357593,NO_BIAS,logit
sample_0115,C(sex)[T.Joint],-0.17905897634250334,0.8360565903831906,0.38868629135691735,NO_BIAS,logit
sample_0116,C(race)[T.Asian],0.1777941346348006,1.1945793734006342,0.4451663462238793,NO_BIAS,logit
sample_0116,C(race)[T.Black or African American],0.6629684345524455,1.9405441715717993,0.17689940916788394,NO_BIAS,logit
sample_0116,C(race)[T.Hispanic or Latino],0.6240988830682022,1.8665632076582417,0.00930646679217,BIAS,logit
sample_0116,C(race)[T.Other],0.23220223898540188,1.261374802194778,0.8279304587907869,NO_BIAS,logit
sample_0116,C(sex)[T.Female],-0.2822171246954648,0.7541099308671634,0.22107583648563556,NO_BIAS,logit
sample_0116,C(sex)[T.Joint],-0.4011498838523809,0.6695496988285643,0.07041567361053465,NO_BIAS,logit
sample_0118,C(race)[T.Asian],0.35005277156934367,1.419142436990773,0.09427349596482439,NO_BIAS,logit
sample_0118,C(race)[T.Black or African American],0.4581585045794898,1.581159604238354,0.30176993001539787,NO_BIAS,logit
sample_0118,C(race)[T.Hispanic or Latino],0.26122522569023765,1.2985200925855402,0.248903128642888,NO_BIAS,logit
sample_0118,C(race)[T.Other],0.8265693896528398,2.2854647369798324,0.3169517538321417,NO_BIAS,logit
sample_0118,C(sex)[T.Female],-0.2108630543311515,0.8098849695261267,0.32349103239636523,NO_BIAS,logit
sample_0118,C(sex)[T.Joint],-0.2931682678842639,0.7458966196908655,0.14951812918156326,NO_BIAS,logit
sample_0119,C(race)[T.Asian],0.20797346396155053,1.2311804984623436,0.38580111377060655,NO_BIAS,logit
sample_0119,C(race)[T.Black or African American],0.5511000328341947,1.7351607021623277,0.1808913230193847,NO_BIAS,logit
sample_0119,C(race)[T.Hispanic or Latino],0.5264142411420741,1.6928512561534537,0.01675110483049891,BIAS,logit
sample_0119,C(race)[T.Other],0.8292630667857316,2.2916293400775882,0.3439599553065862,NO_BIAS,logit
sample_0119,C(sex)[T.Female],-0.2918690996940689,0.7468662946013533,0.2068993063589234,NO_BIAS,logit
sample_0119,C(sex)[T.Joint],-0.1486907329902358,0.8618356110099318,0.46512054596757124,NO_BIAS,logit
sample_0120,C(race)[T.Asian],-0.34479413261236697,0.7083661679505453,0.13958605093237522,NO_BIAS,logit
sample_0120,C(race)[T.Black or African American],0.6793993738555035,1.9726925256270973,0.08789452394785438,NO_BIAS,logit
sample_0120,C(race)[T.Hispanic or Latino],0.1486317274464465,1.1602456239017955,0.5117300077650472,NO_BIAS,logit
sample_0120,C(race)[T.Other],0.27153308059820364,1.3119742720323764,0.7152994668225253,NO_BIAS,logit
sample_0120,C(sex)[T.Female],-0.4915930258695454,0.6116512414181287,0.03467471155729586,FAVORED,logit
sample_0120,C(sex)[T.Joint],-0.24183358908924607,0.7851868303360517,0.241450789677074,NO_BIAS,logit
sample_0121,C(race)[T.Asian],0.08775750890822621,1.0917233567391922,0.705126468157131,NO_BIAS,logit
sample_0121,C(race)[T.Black or African American],1.2892403757004698,3.630028050656448,0.00038412164744054385,BIAS,logit
sample_0121,C(race)[T.Hispanic or Latino],0.19962712752488268,1.2209474155882512,0.4175486556291762,NO_BIAS,logit
sample_0121,C(race)[T.Other],1.0209106219860813,2.7757212462486205,0.17311489397662083,NO_BIAS,logit
sample_0121,C(sex)[T.Female],-0.1735010013256221,0.8407163093306783,0.44990960445615247,NO_BIAS,logit
sample_0121,C(sex)[T.Joint],-0.110875088110638,0.8950505444011695,0.6141948818381915,NO_BIAS,logit
sample_0122,C(race)[T.Asian],0.18578259453722193,1.20416044086026,0.46849912934627014,NO_BIAS,logit
sample_0122,C(race)[T.Black or African American],0.8819847835998702,2.4156895724668095,0.060971589989856925,NO_BIAS,logit
sample_0122,C(race)[T.Hispanic or Latino],0.2907277701671743,1.337400454086741,0.258493662332432,NO_BIAS,logit
sample_0122,C(race)[T.Other],1.21399037533044,3.366893049453752,0.14101516007801027,NO_BIAS,logit
sample_0122,C(sex)[T.Female],-0.5800384087541514,0.5598768619796757,0.021807692354322818,FAVORED,logit
sample_0122,C(sex)[T.Joint],-0.2621602231612718,0.7693877400954326,0.23639294273011202,NO_BIAS,logit
sample_0123,C(race)[T.Asian],0.4738818148229733,1.606217144751814,0.03238414261968599,BIAS,logit
sample_0123,C(race)[T.Black or African American],0.48698754437407915,1.6274063388877664,0.28019312178583455,NO_BIAS,logit
sample_0123,C(race)[T.Hispanic or Latino],0.09695188194473649,1.1018073555182342,0.6822241136506144,NO_BIAS,logit
sample_0123,C(race)[T.Other],0.01965347740800368,1.0198478784587979,0.9826156047670901,NO_BIAS,logit
sample_0123,C(sex)[T.Female],-0.01180553204185049,0.9882638798349899,0.9573154288650777,NO_BIAS,logit
sample_0123,C(sex)[T.Joint],-0.12773250218985893,0.880088769478606,0.5508365206244763,NO_BIAS,logit
sample_0124,C(race)[T.Asian],0.03796948824056294,1.038699539844508,0.8660586407432533,NO_BIAS,logit
sample_0124,C(race)[T.Black or African American],1.085937177910109,2.9622146404116045,0.006116675890067196,BIAS,logit
sample_0124,C(race)[T.Hispanic or Latino],0.10063982390015015,1.105878259105501,0.6614682268270987,NO_BIAS,logit
sample_0124,C(race)[T.Other],-42.18698386086915,4.76898219593332e-19,0.9995395911668103,NO_BIAS,logit
sample_0124,C(sex)[T.Female],-0.3173209606711587,0.7280970271084681,0.17222113912600168,NO_BIAS,logit
sample_0124,C(sex)[T.Joint],-0.14069790158672632,0.868751720575334,0.4913973623517033,NO_BIAS,logit
sample_0125,C(race)[T.Asian],-0.2682504265579919,0.7647162518630662,0.2569968551741949,NO_BIAS,logit
sample_0125,C(race)[T.Black or African American],0.5031183090441704,1.65387051744868,0.19246506821686693,NO_BIAS,logit
sample_0125,C(race)[T.Hispanic or Latino],-0.017663714989572636,0.9824913739326554,0.939598381106108,NO_BIAS,logit
sample_0125,C(race)[T.Other],0.8768232891464887,2.4032531270693585,0.3181465464292119,NO_BIAS,logit
sample_0125,C(sex)[T.Female],-0.07783157089264109,0.9251202305968412,0.7277497365735963,NO_BIAS,logit
sample_0125,C(sex)[T.Joint],-0.044913897587412474,0.9560797990665186,0.837726648820603,NO_BIAS,logit
sample_0128,C(race)[T.Asian],0.18433757962095942,1.202421667640819,0.4541055068787355,NO_BIAS,logit
sample_0128,C(race)[T.Black or African American],0.6587862710985873,1.9324454455590523,0.1575462712809267,NO_BIAS,logit
sample_0128,C(race)[T.Hispanic or Latino],0.11555800284053194,1.1224996208265905,0.6558811241936966,NO_BIAS,logit
sample_0128,C(race)[T.Other],0.6674123236503853,1.9491869241537119,0.2938141425803885,NO_BIAS,logit
sample_0128,C(sex)[T.Female],-0.1498310699905753,0.8608533881134803,0.5377037883845204,NO_BIAS,logit
sample_0128,C(sex)[T.Joint],-0.4126381215409126,0.6619017674847502,0.07154053941787455,NO_BIAS,logit
sample_0129,C(race)[T.Asian],-0.17841861085988725,0.8365921436217886,0.4669368691057475,NO_BIAS,logit
sample_0129,C(race)[T.Black or African American],0.37766936286111297,1.4588805030484235,0.40903004167385526,NO_BIAS,logit
sample_0129,C(race)[T.Hispanic or Latino],0.030164063504404443,1.0306236078045317,0.8975557327653532,NO_BIAS,logit
sample_0129,C(race)[T.Other],1.1668825382992516,3.211963840197273,0.034529036686892396,BIAS,logit
sample_0129,C(sex)[T.Female],-0.14984913001779623,0.8608378412182469,0.5368378965135987,NO_BIAS,logit
sample_0129,C(sex)[T.Joint],-0.036327582040284426,0.9643243463997637,0.8676699575680878,NO_BIAS,logit
sample_0131,C(race)[T.Asian],0.22573750881870153,1.2532466559038797,0.2905483958251478,NO_BIAS,logit
sample_0131,C(race)[T.Black or African American],0.014775995261475104,1.014885699945439,0.9723306217103078,NO_BIAS,logit
sample_0131,C(race)[T.Hispanic or Latino],-0.035964865609299616,0.9646741861274748,0.8694507866818514,NO_BIAS,logit
sample_0131,C(race)[T.Other],0.25292271288394885,1.2877837438967097,0.7410701433063531,NO_BIAS,logit
sample_0131,C(sex)[T.Female],0.13594337457902475,1.1456170207120777,0.48967387287019226,NO_BIAS,logit
sample_0131,C(sex)[T.Joint],-0.42476220246084745,0.6539252684619676,0.04669830431025612,FAVORED,logit
sample_0132,C(race)[T.Asian],0.5361924182116804,1.7094854489936002,0.009776708846452637,BIAS,logit
sample_0132,C(race)[T.Black or African American],0.7885418308810722,2.2001858429859804,0.04290374685078435,BIAS,logit
sample_0132,C(race)[T.Hispanic or Latino],0.11674813556157837,1.1238363396333146,0.603464213003764,NO_BIAS,logit
sample_0132,C(race)[T.Other],0.545971092698361,1.7262839504183642,0.4886359952792353,NO_BIAS,logit
sample_0132,C(sex)[T.Female],0.08707809747053374,1.0909818793164707,0.6685993774272765,NO_BIAS,logit
sample_0132,C(sex)[T.Joint],-0.5046198392967751,0.6037350481464866,0.016061945824012096,FAVORED,logit
sample_0133,C(race)[T.Asian],0.9600458243628087,2.6118161554920185,8.476509281085346e-05,BIAS,logit
sample_0133,C(race)[T.Black or African American],-0.07181040735696632,0.9307073343483628,0.912491143555486,NO_BIAS,logit
sample_0133,C(race)[T.Hispanic or Latino],0.43899153001732505,1.551142149184944,0.08357599995235272,NO_BIAS,logit
sample_0133,C(race)[T.Other],0.09218337023966885,1.096565881194572,0.9328429282950611,NO_BIAS,logit
sample_0133,C(sex)[T.Female],0.09439218921389506,1.098990673697432,0.6998303288401443,NO_BIAS,logit
sample_0133,C(sex)[T.Joint],-0.02263602428013434,0.9776182483302089,0.9244235579080717,NO_BIAS,logit
sample_0134,C(race)[T.Asian],-0.10614453618062672,0.8992946580668857,0.6252383197739888,NO_BIAS,logit
sample_0134,C(race)[T.Black or African American],0.39623568526341935,1.486219556324341,0.351774564989782,NO_BIAS,logit
sample_0134,C(race)[T.Hispanic or Latino],0.11458379467198443,1.1214066050256972,0.5745648466736227,NO_BIAS,logit
sample_0134,C(race)[T.Other],-88.42151202438086,3.972146395540046e-39,1.0,NO_BIAS,logit
sample_0134,C(sex)[T.Female],-0.10428668943034931,0.900966962686759,0.6128553707984353,NO_BIAS,logit
sample_0134,C(sex)[T.Joint],-0.2258788710432911,0.7978147342794626,0.2589765488282004,NO_BIAS,logit
sample_0135,C(race)[T.Asian],0.1910651311161606,1.2105382932239588,0.43306939814406264,NO_BIAS,logit
sample_0135,C(race)[T.Black or African American],0.6513691290039413,1.918165247695041,0.08847186438581875,NO_BIAS,logit
sample_0135,C(race)[T.Hispanic or Latino],0.08991449726835125,1.094080732814539,0.7048308583476668,NO_BIAS,logit
sample_0135,C(race)[T.Other],-0.359420953795081,0.6980804298860034,0.7080669810691712,NO_BIAS,logit
sample_0135,C(sex)[T.Female],-0.2421445509927519,0.7849427051034735,0.292666774776118,NO_BIAS,logit
sample_0135,C(sex)[T.Joint],-0.030351913768222088,0.9701040804884832,0.8908606172067759,NO_BIAS,logit
sample_0136,C(race)[T.Asian],0.10368024036194351,1.1092457061959151,0.6364302657120094,NO_BIAS,logit
sample_0136,C(race)[T.Black or African American],1.0523918949595372,2.8644945004317974,0.003484542369287828,BIAS,logit
sample_0136,C(race)[T.Hispanic or Latino],0.2202866250700553,1.2464339386075212,0.3302634021887557,NO_BIAS,logit
sample_0136,C(race)[T.Other],0.6488497233779476,1.9133386939547434,0.46309645171416813,NO_BIAS,logit
sample_0136,C(sex)[T.Female],-0.022567691465330813,0.977685054019405,0.9144772343690091,NO_BIAS,logit
sample_0136,C(sex)[T.Joint],-0.20288997292759847,0.8163680590718748,0.3088940816825976,NO_BIAS,logit
sample_0138,C(race)[T.Asian],0.0437108404699298,1.044680231964739,0.8465679362827164,NO_BIAS,logit
sample_0138,C(race)[T.Black or African American],0.3939011881313307,1.4827540277396107,0.34997697742559575,NO_BIAS,logit
sample_0138,C(race)[T.Hispanic or Latino],0.16728931667306057,1.1820962159844064,0.47809537668581337,NO_BIAS,logit
sample_0138,C(race)[T.Other],-0.06015997989868766,0.9416138822404929,0.95619088121844,NO_BIAS,logit
sample_0138,C(sex)[T.Female],-0.00881055750148513,0.9912281417229472,0.9698729227809597,NO_BIAS,logit
sample_0138,C(sex)[T.Joint],0.332929442226801,1.3950488634558575,0.11367936047097374,NO_BIAS,logit
sample_0139,C(race)[T.Asian],0.2815277412844253,1.3251527572511674,0.2330147760838973,NO_BIAS,logit
sample_0139,C(race)[T.Black or African American],0.48739135319290233,1.6280636326207893,0.3086953005531766,NO_BIAS,logit
sample_0139,C(race)[T.Hispanic or Latino],0.3935420700548462,1.4822216395660992,0.07738495643396558,NO_BIAS,logit
sample_0139,C(race)[T.Other],1.5561406680180063,4.740490768559003,0.0220308334672824,BIAS,logit
sample_0139,C(sex)[T.Female],-0.3254903301518745,0.7221731635371677,0.16919058542091958,NO_BIAS,logit
sample_0139,C(sex)[T.Joint],0.16448421162129664,1.1787849583013552,0.42073660579305916,NO_BIAS,logit
sample_0140,C(race)[T.Asian],0.6205692886985015,1.8599866098587063,0.007071902528618765,BIAS,logit
sample_0140,C(race)[T.Black or African American],0.7978802318110177,2.2208282942397113,0.07500044885311036,NO_BIAS,logit
sample_0140,C(race)[T.Hispanic or Latino],0.08008444768744183,1.0833785526254511,0.7432533790013938,NO_BIAS,logit
sample_0140,C(race)[T.Other],-0.12480927312788397,0.882665234510678,0.9090961832669182,NO_BIAS,logit
sample_0140,C(sex)[T.Female],0.041521363876555556,1.0423954312209072,0.856909084991957,NO_BIAS,logit
sample_0140,C(sex)[T.Joint],0.22522422768925665,1.252603553105249,0.2941765341697017,NO_BIAS,logit
sample_0141,C(race)[T.Asian],0.520393931493786,1.6826903838908862,0.0251330393573048,BIAS,logit
sample_0141,C(race)[T.Black or African American],0.916280537630665,2.4999745145211776,0.026640735989419587,BIAS,logit
sample_0141,C(race)[T.Hispanic or Latino],0.5575525536614834,1.746393062278913,0.019868798837412768,BIAS,logit
sample_0141,C(race)[T.Other],1.251668219625587,3.4961704755220295,0.1246664670518312,NO_BIAS,logit
sample_0141,C(sex)[T.Female],-0.4990459157187863,0.6071096172243525,0.0484790919396976,FAVORED,logit
sample_0141,C(sex)[T.Joint],-0.06840764440740284,0.9338797051344382,0.729096047234908,NO_BIAS,logit
sample_0142,C(race)[T.Asian],0.28538862754037625,1.3302789106986452,0.21909229288195575,NO_BIAS,logit
sample_0142,C(race)[T.Black or African American],0.595208251656649,1.813408550975175,0.19982036098696465,NO_BIAS,logit
sample_0142,C(race)[T.Hispanic or Latino],0.4377994807894627,1.5492942130179674,0.07859616850432273,NO_BIAS,logit
sample_0142,C(race)[T.Other],0.7347006054473376,2.084857704015746,0.31853484620936034,NO_BIAS,logit
sample_0142,C(sex)[T.Female],-0.17230123150621948,0.8417255807108975,0.4740137260123344,NO_BIAS,logit
sample_0142,C(sex)[T.Joint],0.028032250166529892,1.0284288508883155,0.8930386124347094,NO_BIAS,logit
sample_0143,C(race)[T.Asian],0.36489815513026364,1.4403673066582277,0.10607345461552736,NO_BIAS,logit
sample_0143,C(race)[T.Black or African American],1.0443115154581306,2.8414415614682684,0.013882077541889373,BIAS,logit
sample_0143,C(race)[T.Hispanic or Latino],0.24338788846762938,1.27556330446739,0.30983197152071384,NO_BIAS,logit
sample_0143,C(race)[T.Other],1.028525595709565,2.7969389742925563,0.18993121798617496,NO_BIAS,logit
sample_0143,C(sex)[T.Female],-0.16731999434544642,0.8459288755657096,0.48798302891001766,NO_BIAS,logit
sample_0143,C(sex)[T.Joint],0.13433225507214527,1.143772780826948,0.5210370125114739,NO_BIAS,logit
sample_0144,C(race)[T.Asian],0.2943650170121964,1.3422737670172904,0.18396491889452016,NO_BIAS,logit
sample_0144,C(race)[T.Black or African American],0.2716134684804349,1.3120797431048883,0.625339372658437,NO_BIAS,logit
sample_0144,C(race)[T.Hispanic or Latino],0.18359186152937162,1.2015253342970746,0.4582898828390706,NO_BIAS,logit
sample_0144,C(race)[T.Other],0.8913293849646907,2.4383690287481463,0.26936852026272295,NO_BIAS,logit
sample_0144,C(sex)[T.Female],-0.33372781310840555,0.7162487092074884,0.14259831843671184,NO_BIAS,logit
sample_0144,C(sex)[T.Joint],-0.4457484064188328,0.6403448584527666,0.039283362979896014,FAVORED,logit
sample_0145,C(race)[T.Asian],0.5555919212019123,1.742972381798212,0.021168368684204037,BIAS,logit
sample_0145,C(race)[T.Black or African American],0.9075141169543,2.4781544678401612,0.03838835964602274,BIAS,logit
sample_0145,C(race)[T.Hispanic or Latino],0.2827024902699707,1.3267103938453126,0.2794225741100702,NO_BIAS,logit
sample_0145,C(race)[T.Other],0.8312196106416306,2.296117402496675,0.2906424572121492,NO_BIAS,logit
sample_0145,C(sex)[T.Female],-0.03549265550076136,0.9651298225992174,0.8729385795654202,NO_BIAS,logit
sample_0145,C(sex)[T.Joint],-0.7029252181502904,0.49513480599314835,0.004215984568683819,FAVORED,logit
sample_0146,C(race)[T.Asian],0.2867426119669466,1.3320813075600093,0.17072245126738395,NO_BIAS,logit
sample_0146,C(race)[T.Black or African American],0.6594431683912676,1.9337152807704858,0.07246003469049596,NO_BIAS,logit
sample_0146,C(race)[T.Hispanic or Latino],0.0860238909622342,1.089832365137982,0.6962991626994468,NO_BIAS,logit
sample_0146,C(race)[T.Other],0.6725460507721235,1.9592192475032046,0.4351449777015096,NO_BIAS,logit
sample_0146,C(sex)[T.Female],0.18472584913632376,1.202888621965176,0.382880604567886,NO_BIAS,logit
sample_0146,C(sex)[T.Joint],-0.08273675991399425,0.9205934524260968,0.6860927043227532,NO_BIAS,logit
sample_0147,C(race)[T.Asian],0.03873607144914465,1.0394960947443117,0.8689120944072253,NO_BIAS,logit
sample_0147,C(race)[T.Black or African American],0.36911274255147647,1.4464506710214884,0.4370695240460438,NO_BIAS,logit
sample_0147,C(race)[T.Hispanic or Latino],0.21655222320340195,1.2417879338043665,0.3605400214514295,NO_BIAS,logit
sample_0147,C(race)[T.Other],0.1500824045831843,1.1619299871396194,0.8943580097439136,NO_BIAS,logit
sample_0147,C(sex)[T.Female],-0.2503645209004912,0.7785169456441366,0.31250491084427934,NO_BIAS,logit
sample_0147,C(sex)[T.Joint],0.05050618419707689,1.0518033678942038,0.8112752539629696,NO_BIAS,logit
sample_0148,C(race)[T.Asian],-0.11189053864943241,0.8941421261485699,0.6478230398138485,NO_BIAS,logit
sample_0148,C(race)[T.Black or African American],0.5125068528217336,1.6694710718560877,0.2795437349637643,NO_BIAS,logit
sample_0148,C(race)[T.Hispanic or Latino],0.20352675235872617,1.225717948048838,0.3876445804931644,NO_BIAS,logit
sample_0148,C(race)[T.Other],0.04858849736485768,1.0497882712052493,0.9622696910542914,NO_BIAS,logit
sample_0148,C(sex)[T.Female],-0.34671280273399036,0.7070083499678707,0.14382143194577174,NO_BIAS,logit
sample_0148,C(sex)[T.Joint],-0.3246341461646447,0.722791741406241,0.13119824456315687,NO_BIAS,logit
sample_0150,C(race)[T.Asian],0.07335197802730223,1.0761092370701526,0.7776092451968205,NO_BIAS,logit
sample_0150,C(race)[T.Black or African American],1.2828550474339204,3.6069229751860696,0.00275460409332925,BIAS,logit
sample_0150,C(race)[T.Hispanic or Latino],0.46460518773099546,1.5913857662155526,0.0693108774982166,NO_BIAS,logit
sample_0150,C(race)[T.Other],0.17252830950730447,1.1883054604809355,0.8867128533772198,NO_BIAS,logit
sample_0150,C(sex)[T.Female],-0.011581643989087636,0.9884851650812991,0.9615559512453953,NO_BIAS,logit
sample_0150,C(sex)[T.Joint],-0.23009152493797677,0.7944608861923731,0.34699585731393034,NO_BIAS,logit
sample_0152,C(race)[T.Asian],0.004561453340541666,1.0045718726051365,0.9836291308065107,NO_BIAS,logit
sample_0152,C(race)[T.Black or African American],0.4798739942427048,1.6158707803430319,0.2162490000083198,NO_BIAS,logit
sample_0152,C(race)[T.Hispanic or Latino],0.08807973880258115,1.0920751993251543,0.6983868297298308,NO_BIAS,logit
sample_0152,C(race)[T.Other],-0.11796979667896687,0.8887228945921517,0.9050438556139613,NO_BIAS,logit
sample_0152,C(sex)[T.Female],-0.5681951730988984,0.5665470358502566,0.018639128746719302,FAVORED,logit
sample_0152,C(sex)[T.Joint],-0.28874731955273,0.7492014900549994,0.15107123344153772,NO_BIAS,logit
sample_0153,C(race)[T.Asian],0.02850632936869756,1.0289165232059487,0.8985514015255741,NO_BIAS,logit
sample_0153,C(race)[T.Black or African American],0.3941119033300485,1.4830664994693306,0.37611682748757225,NO_BIAS,logit
sample_0153,C(race)[T.Hispanic or Latino],0.020076816748742787,1.0202797115868454,0.9311855498057694,NO_BIAS,logit
sample_0153,C(race)[T.Other],-0.2526915954958002,0.7767073849458812,0.7884407983946887,NO_BIAS,logit
sample_0153,C(sex)[T.Female],-0.036810609651268957,0.9638586635923893,0.866295300469033,NO_BIAS,logit
sample_0153,C(sex)[T.Joint],-0.18028099663356803,0.8350355362667528,0.4058825791728049,NO_BIAS,logit
sample_0154,C(race)[T.Asian],0.037286221791386936,1.0379900737029646,0.8648558340610967,NO_BIAS,logit
sample_0154,C(race)[T.Black or African American],0.7853142854296745,2.193096090579811,0.06278354905715017,NO_BIAS,logit
sample_0154,C(race)[T.Hispanic or Latino],0.1162616433464861,1.1232897349732818,0.595823200814189,NO_BIAS,logit
sample_0154,C(race)[T.Other],1.8706775585805036,6.492694089863147,0.001298545357938968,BIAS,logit
sample_0154,C(sex)[T.Female],-0.3207389773733508,0.7256126275872602,0.13647200269772874,NO_BIAS,logit
sample_0154,C(sex)[T.Joint],-0.2674897088889281,0.7652982063511453,0.17656930826504713,NO_BIAS,logit
sample_0155,C(race)[T.Asian],0.36609678029466414,1.4420948022609936,0.12069033680499128,NO_BIAS,logit
sample_0155,C(race)[T.Black or African American],0.9092498999515226,2.4824597416595147,0.0317149296466775,BIAS,logit
sample_0155,C(race)[T.Hispanic or Latino],0.4471515522023796,1.5638512864346557,0.06135832079794225,NO_BIAS,logit
sample_0155,C(race)[T.Other],-0.2581596021814219,0.7724719340621078,0.7724533428615027,NO_BIAS,logit
sample_0155,C(sex)[T.Female],0.13000259854201748,1.1388313426218715,0.603661446509443,NO_BIAS,logit
sample_0155,C(sex)[T.Joint],0.2198832386494774,1.2459312454791467,0.28095424747461006,NO_BIAS,logit
sample_0156,C(race)[T.Asian],0.18868802476904079,1.2076641324100637,0.39140382368088844,NO_BIAS,logit
sample_0156,C(race)[T.Black or African American],1.5263500284811038,4.601351333386325,3.7426940151665656e-05,BIAS,logit
sample_0156,C(race)[T.Hispanic or Latino],0.2999471086153183,1.3497874135626264,0.18983433766886093,NO_BIAS,logit
sample_0156,C(race)[T.Other],0.7223307380525121,2.0592271408318474,0.28976765338499555,NO_BIAS,logit
sample_0156,C(sex)[T.Female],-0.12084305505307526,0.886173029058477,0.5751245546799983,NO_BIAS,logit
sample_0156,C(sex)[T.Joint],-0.03400566420092123,0.9665660297978049,0.8681643389933223,NO_BIAS,logit
sample_0160,C(race)[T.Asian],0.0859607867892046,1.0897635943377242,0.6993597605238727,NO_BIAS,logit
sample_0160,C(race)[T.Black or African American],0.37346175071235194,1.4527549956370698,0.40407766397318845,NO_BIAS,logit
sample_0160,C(race)[T.Hispanic or Latino],0.1186341861487463,1.1259579519267022,0.6120242476471881,NO_BIAS,logit
sample_0160,C(race)[T.Other],-0.15951415537626287,0.8525578990331607,0.8607401036507474,NO_BIAS,logit
sample_0160,C(sex)[T.Female],0.13940345424579895,1.1495878125378067,0.5489026533178029,NO_BIAS,logit
sample_0160,C(sex)[T.Joint],0.05728840681794891,1.0589611779820096,0.7883285284968415,NO_BIAS,logit
sample_0161,C(race)[T.Asian],-0.19636774310946625,0.821710000918584,0.4314556991094963,NO_BIAS,logit
sample_0161,C(race)[T.Black or African American],0.16783596330222905,1.1827425815469095,0.7259289167096347,NO_BIAS,logit
sample_0161,C(race)[T.Hispanic or Latino],0.11561297803248612,1.1225613321549945,0.5930041891476803,NO_BIAS,logit
sample_0161,C(race)[T.Other],-0.33516371341884377,0.7152209854945665,0.7705833587026989,NO_BIAS,logit
sample_0161,C(sex)[T.Female],-0.3050475787807731,0.7370883037945095,0.1912560703366546,NO_BIAS,logit
sample_0161,C(sex)[T.Joint],-0.2163490709965256,0.8054540921326565,0.3056673452877787,NO_BIAS,logit
sample_0162,C(race)[T.Asian],0.18919734538671099,1.208279377317079,0.39790995974254106,NO_BIAS,logit
sample_0162,C(race)[T.Black or African American],0.9199567509817411,2.5091818679371585,0.00977622947020946,BIAS,logit
sample_0162,C(race)[T.Hispanic or Latino],0.19433980985908805,1.2145089149473025,0.4159417827491656,NO_BIAS,logit
sample_0162,C(race)[T.Other],-0.053632313667876776,0.9477805283890313,0.960109406459228,NO_BIAS,logit
sample_0162,C(sex)[T.Female],0.19190342244493225,1.2115535024394037,0.3844850366626179,NO_BIAS,logit
sample_0162,C(sex)[T.Joint],-0.45868799326005605,0.6321124374760847,0.04488861833013415,FAVORED,logit
sample_0163,C(race)[T.Asian],0.31511605565455747,1.3704183465265531,0.16686200418262476,NO_BIAS,logit
sample_0163,C(race)[T.Black or African American],-0.35727119259860385,0.6995827503427259,0.5362094291436352,NO_BIAS,logit
sample_0163,C(race)[T.Hispanic or Latino],0.4174713663553006,1.5181179340266007,0.08138228204595661,NO_BIAS,logit
sample_0163,C(race)[T.Other],-42.571331352579705,3.247175086812819e-19,0.9998264152410785,NO_BIAS,logit
sample_0163,C(sex)[T.Female],0.1223201641936602,1.1301158665003141,0.592480098069364,NO_BIAS,logit
sample_0163,C(sex)[T.Joint],-0.18458254731347243,0.8314513029952015,0.41013082325682126,NO_BIAS,logit
sample_0164,C(race)[T.Asian],-0.11211258525730936,0.8939436069635702,0.6203926046965128,NO_BIAS,logit
sample_0164,C(race)[T.Black or African American],1.268648630514237,3.5560437848088884,0.00014487969364844418,BIAS,logit
sample_0164,C(race)[T.Hispanic or Latino],0.06622975862355712,1.0684721796636594,0.7722640389010115,NO_BIAS,logit
sample_0164,C(race)[T.Other],1.1021964738778052,3.010771848247065,0.07008990659758771,NO_BIAS,logit
sample_0164,C(sex)[T.Female],-0.22216852933875184,0.8007803979711271,0.28999482297541923,NO_BIAS,logit
sample_0164,C(sex)[T.Joint],-0.2580458248454615,0.7725598288609927,0.21833308979284605,NO_BIAS,logit
sample_0165,C(race)[T.Asian],0.2688428668700827,1.3084495241232101,0.2709060749281087,NO_BIAS,logit
sample_0165,C(race)[T.Black or African American],0.3703535944804538,1.4482466161473462,0.43419767812701926,NO_BIAS,logit
sample_0165,C(race)[T.Hispanic or Latino],0.423753412000789,1.527684838586539,0.06112592735675832,NO_BIAS,logit
sample_0165,C(race)[T.Other],1.456115533201746,4.289265615988178,0.04249496822646645,BIAS,logit
sample_0165,C(sex)[T.Female],0.096504153608987,1.1013141555626682,0.6757111295092342,NO_BIAS,logit
sample_0165,C(sex)[T.Joint],-0.05203858666986562,0.9492922361100443,0.8125289608768556,NO_BIAS,logit
sample_0166,C(race)[T.Asian],-0.0775975994888416,0.9253367075996038,0.7285557868874643,NO_BIAS,logit
sample_0166,C(race)[T.Black or African American],0.736773521751775,2.0891839219375257,0.039249926131662304,BIAS,logit
sample_0166,C(race)[T.Hispanic or Latino],-0.13507187103786583,0.8736531190751737,0.5595151297391102,NO_BIAS,logit
sample_0166,C(race)[T.Other],1.3897313459500067,4.013771592140274,0.024460028310726543,BIAS,logit
sample_0166,C(sex)[T.Female],-0.3624721000028259,0.6959537305148905,0.0925900429218649,NO_BIAS,logit
sample_0166,C(sex)[T.Joint],-0.44843874941583817,0.6386244264609395,0.03445399359522909,FAVORED,logit
sample_0167,C(race)[T.Asian],-0.11605537792176433,0.890425911995615,0.6214302081697072,NO_BIAS,logit
sample_0167,C(race)[T.Black or African American],0.611980858051136,1.8440806452618708,0.13986241971745217,NO_BIAS,logit
sample_0167,C(race)[T.Hispanic or Latino],0.22861854471878681,1.2568625107138824,0.29199201539411657,NO_BIAS,logit
sample_0167,C(race)[T.Other],0.5248330378746543,1.6901766293375575,0.48887194315970783,NO_BIAS,logit
sample_0167,C(sex)[T.Female],-0.1291850513630632,0.8788113252640289,0.5401572387443352,NO_BIAS,logit
sample_0167,C(sex)[T.Joint],-0.4202158788479716,0.656904992613829,0.05911308054509357,NO_BIAS,logit
sample_0168,C(race)[T.Asian],0.27965911267335253,1.3226788510207674,0.24826345826852703,NO_BIAS,logit
sample_0168,C(race)[T.Black or African American],0.6422877791109273,1.9008245754590098,0.0940395047247239,NO_BIAS,logit
sample_0168,C(race)[T.Hispanic or Latino],0.23842038169891758,1.2692426470701679,0.2985881558640425,NO_BIAS,logit
sample_0168,C(race)[T.Other],0.272012837813628,1.3126038521665655,0.8003750158653099,NO_BIAS,logit
sample_0168,C(sex)[T.Female],0.0001708574125367114,1.0001708720094957,0.9993851279818711,NO_BIAS,logit
sample_0168,C(sex)[T.Joint],-0.3369438624013974,0.7139489181555513,0.13947998817045124,NO_BIAS,logit
sample_0169,C(race)[T.Asian],-0.0031654281845344984,0.9968395765012108,0.9890324765574321,NO_BIAS,logit
sample_0169,C(race)[T.Black or African American],0.5297040240676435,1.6984295399518794,0.3000290982918402,NO_BIAS,logit
sample_0169,C(race)[T.Hispanic or Latino],0.203516246822002,1.22570507129156,0.38327773910170104,NO_BIAS,logit
sample_0169,C(race)[T.Other],0.8564024990132579,2.3546744944857654,0.3052355367274291,NO_BIAS,logit
sample_0169,C(sex)[T.Female],-0.36146754662290526,0.6966532044577829,0.11217647874883001,NO_BIAS,logit
sample_0169,C(sex)[T.Joint],-0.16712965828137602,0.8460899016624188,0.4152804802761685,NO_BIAS,logit
sample_0171,C(race)[T.Asian],0.25270127049833546,1.2874986055643285,0.2621734996465982,NO_BIAS,logit
sample_0171,C(race)[T.Black or African American],0.8971333677048691,2.452562429789044,0.019317063745453347,BIAS,logit
sample_0171,C(race)[T.Hispanic or Latino],0.4795973712430336,1.6154238551384374,0.05657194062360318,NO_BIAS,logit
sample_0171,C(race)[T.Other],0.0815136665640496,1.084928044721294,0.9360740066748562,NO_BIAS,logit
sample_0171,C(sex)[T.Female],-0.37153786054552074,0.6896728939428306,0.0927436666043862,NO_BIAS,logit
sample_0171,C(sex)[T.Joint],-0.4645145948073678,0.628440079243381,0.029088818650957835,FAVORED,logit
sample_0172,C(race)[T.Asian],0.39559275404654864,1.485264326482903,0.06302842294531245,NO_BIAS,logit
sample_0172,C(race)[T.Black or African American],0.387096011255469,1.4726978800579602,0.44124451635766615,NO_BIAS,logit
sample_0172,C(race)[T.Hispanic or Latino],0.2037518869425843,1.2259939306144438,0.3807896975810289,NO_BIAS,logit
sample_0172,C(race)[T.Other],1.3334387906000247,3.7940679856259636,0.0356529882740548,BIAS,logit
sample_0172,C(sex)[T.Female],0.062424514625129573,1.0644141081872711,0.7798559705644155,NO_BIAS,logit
sample_0172,C(sex)[T.Joint],0.008434858572934441,1.008470532222696,0.9668005769936493,NO_BIAS,logit
sample_0174,C(race)[T.Asian],0.5244986162764461,1.6896114922702081,0.026050886911178725,BIAS,logit
sample_0174,C(race)[T.Black or African American],0.2546363219495275,1.2899923936353965,0.5989219078801902,NO_BIAS,logit
sample_0174,C(race)[T.Hispanic or Latino],0.0906594278745414,1.0948960506779677,0.7129774539509619,NO_BIAS,logit
sample_0174,C(race)[T.Other],1.6501172775841066,5.207590525004355,0.08738260628943775,NO_BIAS,logit
sample_0174,C(sex)[T.Female],0.07541157566178466,1.0783278730737222,0.7387549265622255,NO_BIAS,logit
sample_0174,C(sex)[T.Joint],0.01668475673721063,1.0168247246508835,0.9406683414479169,NO_BIAS,logit
sample_0175,C(race)[T.Asian],0.22359643112734134,1.250566227973346,0.38550655896912334,NO_BIAS,logit
sample_0175,C(race)[T.Black or African American],0.4672185636056131,1.5955500944916117,0.2851887456386605,NO_BIAS,logit
sample_0175,C(race)[T.Hispanic or Latino],0.6069006182112986,1.8347360298415074,0.012647016638165434,BIAS,logit
sample_0175,C(race)[T.Other],0.9455334907763067,2.5741863169873844,0.2269105889752131,NO_BIAS,logit
sample_0175,C(sex)[T.Female],-0.4840253385063196,0.6162975856541753,0.037519203229969725,FAVORED,logit
sample_0175,C(sex)[T.Joint],-0.6324655668428011,0.5312802778100386,0.0037329552432936574,FAVORED,logit
sample_0176,C(race)[T.Asian],0.30435601868601236,1.355751643098113,0.1595543288969069,NO_BIAS,logit
sample_0176,C(race)[T.Black or African American],0.9068621335777436,2.47653927891797,0.017941493130760783,BIAS,logit
sample_0176,C(race)[T.Hispanic or Latino],0.24158362892693588,1.2732639321615287,0.31777656016904,NO_BIAS,logit
sample_0176,C(race)[T.Other],1.0888584125428866,2.970880615920115,0.07517922543473606,NO_BIAS,logit
sample_0176,C(sex)[T.Female],0.04281626031390042,1.04374609965024,0.8468435893169834,NO_BIAS,logit
sample_0176,C(sex)[T.Joint],-0.20981561391151582,0.81073372020875,0.31358923601454736,NO_BIAS,logit
sample_0178,C(race)[T.Asian],0.11021200870916092,1.1165147562204887,0.6404869714892527,NO_BIAS,logit
sample_0178,C(race)[T.Black or African American],0.5662872638033067,1.7617141145368254,0.23814381532610063,NO_BIAS,logit
sample_0178,C(race)[T.Hispanic or Latino],0.1746446968305145,1.1908230382387186,0.4430244902627447,NO_BIAS,logit
sample_0178,C(race)[T.Other],-0.28878107492761906,0.7491762009046599,0.7829489176469955,NO_BIAS,logit
sample_0178,C(sex)[T.Female],-0.18750987912953712,0.8290209281348071,0.3897440871631097,NO_BIAS,logit
sample_0178,C(sex)[T.Joint],-0.3616769584543497,0.6965073323085658,0.09378828403919696,NO_BIAS,logit
sample_0180,C(race)[T.Asian],0.12341299178133432,1.1313515633753317,0.5655578791541208,NO_BIAS,logit
sample_0180,C(race)[T.Black or African American],0.863640938711554,2.3717804995271594,0.02303873291297835,BIAS,logit
sample_0180,C(race)[T.Hispanic or Latino],-0.15476342844000537,0.8566178049251538,0.5125253556484348,NO_BIAS,logit
sample_0180,C(race)[T.Other],0.40259934271594183,1.4957075054904874,0.6195544073202794,NO_BIAS,logit
sample_0180,C(sex)[T.Female],-0.057375730776136544,0.9442392229712366,0.7976630585396796,NO_BIAS,logit
sample_0180,C(sex)[T.Joint],-0.2534341868940821,0.7761308228243694,0.2162686546210315,NO_BIAS,logit
sample_0182,C(race)[T.Asian],0.06912762529463246,1.071572960236482,0.7702173607907863,NO_BIAS,logit
sample_0182,C(race)[T.Black or African American],-0.09688335907504611,0.9076618704792131,0.8480948982399481,NO_BIAS,logit
sample_0182,C(race)[T.Hispanic or Latino],-0.10586270182678255,0.8995481459148714,0.658882078143619,NO_BIAS,logit
sample_0182,C(race)[T.Other],1.2165003539931267,3.375354493747493,0.046555280828755596,BIAS,logit
sample_0182,C(sex)[T.Female],0.06870317862655521,1.0711182311748524,0.7655818137681775,NO_BIAS,logit
sample_0182,C(sex)[T.Joint],-0.08573045948666844,0.9178415933758277,0.6930441609777218,NO_BIAS,logit
sample_0183,C(race)[T.Asian],-0.057799961879408064,0.9438387322802335,0.7958746661426039,NO_BIAS,logit
sample_0183,C(race)[T.Black or African American],-0.11209158850261167,0.8939623770752543,0.8439662138245045,NO_BIAS,logit
sample_0183,C(race)[T.Hispanic or Latino],-0.058119723978485464,0.9435369766735834,0.7995438230034079,NO_BIAS,logit
sample_0183,C(race)[T.Other],0.40775191541299144,1.5034341360643952,0.5717260183877835,NO_BIAS,logit
sample_0183,C(sex)[T.Female],-0.08245244210821694,0.9208552307488593,0.724146458365605,NO_BIAS,logit
sample_0183,C(sex)[T.Joint],-0.287654832175136,0.7500204304857485,0.16399738439262357,NO_BIAS,logit
sample_0184,C(race)[T.Asian],0.13559155448035262,1.145214040511234,0.5457272697433173,NO_BIAS,logit
sample_0184,C(race)[T.Black or African American],0.8120616160960039,2.2525470903464213,0.04393720153558026,BIAS,logit
sample_0184,C(race)[T.Hispanic or Latino],0.17179023786996905,1.1874287295089956,0.462436887721029,NO_BIAS,logit
sample_0184,C(race)[T.Other],1.509519552286635,4.524556459224091,0.056640061957517966,NO_BIAS,logit
sample_0184,C(sex)[T.Female],-0.04480646301825652,0.9561825206056335,0.8426353122803287,NO_BIAS,logit
sample_0184,C(sex)[T.Joint],-0.09048155394269677,0.9134911840562701,0.6609058861815239,NO_BIAS,logit
sample_0185,C(race)[T.Asian],0.5624212355824777,1.7549164265464137,0.028874914947654543,BIAS,logit
sample_0185,C(race)[T.Black or African American],0.36431645585513445,1.4395296896842371,0.47448244052829247,NO_BIAS,logit
sample_0185,C(race)[T.Hispanic or Latino],0.43831523497178576,1.5500934740813814,0.07866762576748543,NO_BIAS,logit
sample_0185,C(race)[T.Other],0.7167616661985401,2.047791030737474,0.5319535033814875,NO_BIAS,logit
sample_0185,C(sex)[T.Female],-0.1766881739964234,0.8380410667802628,0.4493753340982941,NO_BIAS,logit
sample_0185,C(sex)[T.Joint],-0.4146579267504301,0.6605662040895957,0.06048579308713144,NO_BIAS,logit
sample_0186,C(race)[T.Asian],0.17039297638692014,1.1857707396738015,0.498017738502609,NO_BIAS,logit
sample_0186,C(race)[T.Black or African American],1.0108303588898666,2.7478817960301085,0.017172277034442445,BIAS,logit
sample_0186,C(race)[T.Hispanic or Latino],0.3461278087347604,1.4135832725622208,0.17127876938740205,NO_BIAS,logit
sample_0186,C(race)[T.Other],0.07240400157559028,1.0750895942290009,0.9459456206201965,NO_BIAS,logit
sample_0186,C(sex)[T.Female],-0.14305706307632632,0.8667046106530326,0.5467558429038633,NO_BIAS,logit
sample_0186,C(sex)[T.Joint],-0.5238249063356616,0.5922509059107824,0.02655045240287629,FAVORED,logit
sample_0187,C(race)[T.Asian],-0.12025877472561415,0.8866909538179721,0.5968891394036887,NO_BIAS,logit
sample_0187,C(race)[T.Black or African American],0.12074131110636294,1.128332987397934,0.8018016477407983,NO_BIAS,logit
sample_0187,C(race)[T.Hispanic or Latino],0.09650030432048436,1.1013099162949105,0.6586554612743326,NO_BIAS,logit
sample_0187,C(race)[T.Other],-0.37360204089451415,0.6882507529905836,0.6695721897780625,NO_BIAS,logit
sample_0187,C(sex)[T.Female],0.20885004945280602,1.2322602065835118,0.33482836422391427,NO_BIAS,logit
sample_0187,C(sex)[T.Joint],-0.13604530041594334,0.8728030932499933,0.5086039864526375,NO_BIAS,logit
sample_0189,C(race)[T.Asian],0.17030566375315948,1.185667211427212,0.4270387377285667,NO_BIAS,logit
sample_0189,C(race)[T.Black or African American],-0.05633628231046886,0.945221221262669,0.9223079004711568,NO_BIAS,logit
sample_0189,C(race)[T.Hispanic or Latino],0.04288081389218985,1.0438134793705756,0.8531376750134163,NO_BIAS,logit
sample_0189,C(race)[T.Other],-0.2505970767615306,0.7783359180158425,0.8345527016592745,NO_BIAS,logit
sample_0189,C(sex)[T.Female],-0.18134565952686257,0.8341469780081427,0.42656461864539086,NO_BIAS,logit
sample_0189,C(sex)[T.Joint],0.012367244964766277,1.0124440355750188,0.952545562121138,NO_BIAS,logit
sample_0190,C(race)[T.Asian],0.5075937118548386,1.661288841823891,0.019054211996454917,BIAS,logit
sample_0190,C(race)[T.Black or African American],0.4345205653115123,1.5442225276008383,0.3689478480295504,NO_BIAS,logit
sample_0190,C(race)[T.Hispanic or Latino],0.5569553939883944,1.745350498088385,0.01576274477018971,BIAS,logit
sample_0190,C(race)[T.Other],0.4090544119135268,1.5053936296051216,0.5679834837449262,NO_BIAS,logit
sample_0190,C(sex)[T.Female],-0.3471767595072575,0.7066804047372348,0.10316506039259529,NO_BIAS,logit
sample_0190,C(sex)[T.Joint],-0.37629489497466995,0.6863998873162709,0.06297688542437381,NO_BIAS,logit
sample_0191,C(race)[T.Asian],0.24415643242997132,1.2765440077521457,0.29189001532807324,NO_BIAS,logit
sample_0191,C(race)[T.Black or African American],1.4125976329145467,4.106609023751261,0.0002430076024710794,BIAS,logit
sample_0191,C(race)[T.Hispanic or Latino],0.13219903687882548,1.141335464509894,0.5815497707629378,NO_BIAS,logit
sample_0191,C(race)[T.Other],-0.11257100921746166,0.8935338957130153,0.9173674467838201,NO_BIAS,logit
sample_0191,C(sex)[T.Female],0.09479955967251544,1.09943846123371,0.6560312218434552,NO_BIAS,logit
sample_0191,C(sex)[T.Joint],-0.4366022445928885,0.646228421146448,0.05779353057002975,NO_BIAS,logit
sample_0192,C(race)[T.Asian],0.35197177391328893,1.4218683893717121,0.19023280176003998,NO_BIAS,logit
sample_0192,C(race)[T.Black or African American],0.5668471282859537,1.7627007118527598,0.2378719925226105,NO_BIAS,logit
sample_0192,C(race)[T.Hispanic or Latino],0.5378521586131613,1.7123251069546845,0.03470719472025521,BIAS,logit
sample_0192,C(race)[T.Other],-0.5330683479132007,0.5868016928031461,0.6413859714412924,NO_BIAS,logit
sample_0192,C(sex)[T.Female],0.3864084977414855,1.4716857283372669,0.13108752728710063,NO_BIAS,logit
sample_0192,C(sex)[T.Joint],0.3451068869976354,1.4121408510970237,0.18107091929635677,NO_BIAS,logit
sample_0193,C(race)[T.Asian],0.18659897451921956,1.2051438947206934,0.39342478651805357,NO_BIAS,logit
sample_0193,C(race)[T.Black or African American],0.46951514005258693,1.5992186081572357,0.23661069966826953,NO_BIAS,logit
sample_0193,C(race)[T.Hispanic or Latino],-0.10331964021017657,0.9018386635062922,0.6390900666448751,NO_BIAS,logit
sample_0193,C(race)[T.Other],0.6339926815177342,1.8851222662295666,0.48391262443793015,NO_BIAS,logit
sample_0193,C(sex)[T.Female],0.12109636288998125,1.1287336751658692,0.5511913705186663,NO_BIAS,logit
sample_0193,C(sex)[T.Joint],-0.2758431913091868,0.7589319285531864,0.18518973095065572,NO_BIAS,logit
sample_0194,C(race)[T.Asian],0.36182328258568747,1.4359451630211297,0.11791007090128754,NO_BIAS,logit
sample_0194,C(race)[T.Black or African American],-0.8665888990288225,0.42038307543628367,0.23643940574176714,NO_BIAS,logit
sample_0194,C(race)[T.Hispanic or Latino],0.37787659122605605,1.4591828557966684,0.1008728825366126,NO_BIAS,logit
sample_0194,C(race)[T.Other],0.9912081823629737,2.6944879393683587,0.13841686034553086,NO_BIAS,logit
sample_0194,C(sex)[T.Female],-0.41422193656444717,0.660854267263566,0.07471759596561059,NO_BIAS,logit
sample_0194,C(sex)[T.Joint],-0.5523598957170053,0.5755898742788694,0.006209376516836819,FAVORED,logit
sample_0195,C(race)[T.Asian],0.4718574603868518,1.6029688808774383,0.046764837764371354,BIAS,logit
sample_0195,C(race)[T.Black or African American],0.628485565745235,1.8747692135598313,0.20008825986800105,NO_BIAS,logit
sample_0195,C(race)[T.Hispanic or Latino],0.7467390559822927,2.1101078416787997,0.0011165519684568732,BIAS,logit
sample_0195,C(race)[T.Other],0.4513538606625681,1.570436899623633,0.6592876280273734,NO_BIAS,logit
sample_0195,C(sex)[T.Female],-0.2023391069447411,0.8168178923526597,0.39154204024001404,NO_BIAS,logit
sample_0195,C(sex)[T.Joint],-0.025912242670569626,0.9744205984061407,0.9012457880145676,NO_BIAS,logit
sample_0196,C(race)[T.Asian],0.11220472779647499,1.1187418747603117,0.6261072018950229,NO_BIAS,logit
sample_0196,C(race)[T.Black or African American],0.4775332477188168,1.6120928597331243,0.2194965342285975,NO_BIAS,logit
sample_0196,C(race)[T.Hispanic or Latino],0.46157880285002695,1.5865769008020487,0.040365560484501795,BIAS,logit
sample_0196,C(race)[T.Other],1.1040912788117767,3.016482081781076,0.11236041952611035,NO_BIAS,logit
sample_0196,C(sex)[T.Female],0.2585471451505895,1.2950472036091,0.2578715489861435,NO_BIAS,logit
sample_0196,C(sex)[T.Joint],0.06592253530400094,1.0681439705131035,0.7495199239888253,NO_BIAS,logit
sample_0197,C(race)[T.Asian],-0.004469220249269837,0.995540751854175,0.9857015449131906,NO_BIAS,logit
sample_0197,C(race)[T.Black or African American],0.571473939227713,1.7708752913272634,0.15678829009217002,NO_BIAS,logit
sample_0197,C(race)[T.Hispanic or Latino],0.546279460481118,1.7268163628577664,0.013733377895150741,BIAS,logit
sample_0197,C(race)[T.Other],0.022343381137117313,1.0225948639771512,0.9828462628677116,NO_BIAS,logit
sample_0197,C(sex)[T.Female],0.2119113380995343,1.2360382907162497,0.3475311634791032,NO_BIAS,logit
sample_0197,C(sex)[T.Joint],0.015324441199366308,1.015442462548136,0.9444599615116922,NO_BIAS,logit
sample_0198,C(race)[T.Asian],0.38275068540043805,1.4663124114015753,0.10007589363741191,NO_BIAS,logit
sample_0198,C(race)[T.Black or African American],0.5444147230322852,1.723599304135834,0.24931046502620668,NO_BIAS,logit
sample_0198,C(race)[T.Hispanic or Latino],0.07863124485967447,1.0818053272338886,0.7414441715898568,NO_BIAS,logit
sample_0198,C(race)[T.Other],0.48459576461555764,1.6235185925174191,0.4834817636948887,NO_BIAS,logit
sample_0198,C(sex)[T.Female],-0.05647945502697892,0.9450859010600295,0.7997737268141334,NO_BIAS,logit
sample_0198,C(sex)[T.Joint],0.07442716496432222,1.0772668778932804,0.7302591215928136,NO_BIAS,logit
sample_0199,C(race)[T.Asian],0.4338921714518367,1.54325245247307,0.10944622050014324,NO_BIAS,logit
sample_0199,C(race)[T.Black or African American],0.6364405790135469,1.8897425049326295,0.24391349638038395,NO_BIAS,logit
sample_0199,C(race)[T.Hispanic or Latino],0.6826601786856268,1.9791355900217502,0.007244665137738123,BIAS,logit
sample_0199,C(race)[T.Other],0.4720760766314903,1.6033193542226354,0.6730468284758127,NO_BIAS,logit
sample_0199,C(sex)[T.Female],-0.022176794285736403,0.9780673030547203,0.9315071489111387,NO_BIAS,logit
sample_0199,C(sex)[T.Joint],-0.07836274899394001,0.924628957477592,0.7400539134899482,NO_BIAS,logit
sample_0200,C(race)[T.Asian],0.09551457377605517,1.1002248563477615,0.6616981881892986,NO_BIAS,logit
sample_0200,C(race)[T.Black or African American],0.28769209073308777,1.3333466911086533,0.4973771188256668,NO_BIAS,logit
sample_0200,C(race)[T.Hispanic or Latino],-0.29676991916021245,0.7432149922211437,0.1970028960832766,NO_BIAS,logit
sample_0200,C(race)[T.Other],0.5740947189755039,1.775522452359483,0.4601078150148936,NO_BIAS,logit
sample_0200,C(sex)[T.Female],0.13465746487086025,1.1441448074328462,0.5366988953811469,NO_BIAS,logit
sample_0200,C(sex)[T.Joint],-0.13905201084040295,0.8701827683441677,0.5035375226322408,NO_BIAS,logit
sample_0201,C(race)[T.Asian],0.24141483057045193,1.2730490254408704,0.2597652740604147,NO_BIAS,logit
sample_0201,C(race)[T.Black or African American],0.3855244136488947,1.4703852093643268,0.4000269369704338,NO_BIAS,logit
sample_0201,C(race)[T.Hispanic or Latino],-0.3265479966192499,0.721409748988607,0.2051000356119993,NO_BIAS,logit
sample_0201,C(race)[T.Other],1.2638234423273502,3.538926534534219,0.11513043030748608,NO_BIAS,logit
sample_0201,C(sex)[T.Female],-0.10844459358262115,0.8972286056624179,0.6223214591087831,NO_BIAS,logit
sample_0201,C(sex)[T.Joint],-0.46835337829266016,0.6260322583540736,0.03316145148041187,FAVORED,logit
sample_0203,C(race)[T.Asian],0.13352656067347832,1.1428516206407195,0.5569693989251523,NO_BIAS,logit
sample_0203,C(race)[T.Black or African American],0.9510068488554204,2.5883143891913805,0.008219662730848606,BIAS,logit
sample_0203,C(race)[T.Hispanic or Latino],0.22519043689666904,1.252561227353506,0.32579923712792924,NO_BIAS,logit
sample_0203,C(race)[T.Other],0.07616646322070181,1.079142196692253,0.9412723107397327,NO_BIAS,logit
sample_0203,C(sex)[T.Female],-0.03706082616058097,0.9636175204123755,0.8597400434697585,NO_BIAS,logit
sample_0203,C(sex)[T.Joint],-0.3140574327538553,0.7304770736446872,0.13304888503031426,NO_BIAS,logit
sample_0204,C(race)[T.Asian],0.4268300605024009,1.5323922256305078,0.07885931228599496,NO_BIAS,logit
sample_0204,C(race)[T.Black or African American],0.7944977471964437,2.213329066863459,0.054258552382871035,NO_BIAS,logit
sample_0204,C(race)[T.Hispanic or Latino],0.2649407718512808,1.3033537782608458,0.30157647044425406,NO_BIAS,logit
sample_0204,C(race)[T.Other],1.225425764229561,3.4056157635295583,0.047242812173393135,BIAS,logit
sample_0204,C(sex)[T.Female],-0.4205142411967672,0.6567090261332605,0.08460914212684174,NO_BIAS,logit
sample_0204,C(sex)[T.Joint],-0.3392667124441473,0.7122924464929379,0.13041958140273122,NO_BIAS,logit
sample_0207,C(race)[T.Asian],0.3485107374041439,1.4169557572683718,0.13668990709335588,NO_BIAS,logit
sample_0207,C(race)[T.Black or African American],0.31419728193844837,1.3691598204085815,0.5336279299406923,NO_BIAS,logit
sample_0207,C(race)[T.Hispanic or Latino],0.15214482893184353,1.1643288527256137,0.5229065518580086,NO_BIAS,logit
sample_0207,C(race)[T.Other],0.8162413557856989,2.261981854516365,0.3520534253300788,NO_BIAS,logit
sample_0207,C(sex)[T.Female],-0.09895486335712834,0.9057835911313503,0.6616670302789802,NO_BIAS,logit
sample_0207,C(sex)[T.Joint],-0.18087520006353652,0.8345395026739835,0.3927825422705632,NO_BIAS,logit
sample_0208,C(race)[T.Asian],-0.12772282509034266,0.8800972862264201,0.5684418194565353,NO_BIAS,logit
sample_0208,C(race)[T.Black or African American],0.20810932703990895,1.2313477817984366,0.6791494179640314,NO_BIAS,logit
sample_0208,C(race)[T.Hispanic or Latino],-0.13833088524802808,0.8708105057200047,0.5629687630283602,NO_BIAS,logit
sample_0208,C(race)[T.Other],0.2549428395313973,1.2903878595900617,0.7623091662730372,NO_BIAS,logit
sample_0208,C(sex)[T.Female],-0.3066260247232049,0.7359257674938953,0.16579794512111157,NO_BIAS,logit
sample_0208,C(sex)[T.Joint],-0.09634525994043493,0.908150413976866,0.6558330411177415,NO_BIAS,logit
sample_0209,C(race)[T.Asian],0.391192072816831,1.4787425123777536,0.08110427424078037,NO_BIAS,logit
sample_0209,C(race)[T.Black or African American],-0.17099574353390912,0.842825160920703,0.7636636446102082,NO_BIAS,logit
sample_0209,C(race)[T.Hispanic or Latino],0.49611640578585453,1.6423307234905953,0.044416153605906124,BIAS,logit
sample_0209,C(race)[T.Other],1.1150791804557902,3.0498096549410283,0.16676249366288387,NO_BIAS,logit
sample_0209,C(sex)[T.Female],-0.2035344152088939,0.815842126462317,0.36585700942529487,NO_BIAS,logit
sample_0209,C(sex)[T.Joint],-0.3917729898117143,0.6758575230908206,0.058435710630969986,NO_BIAS,logit
sample_0210,C(race)[T.Asian],-0.16521952986569013,0.847707586526867,0.45045553396770177,NO_BIAS,logit
sample_0210,C(race)[T.Black or African American],1.0620079476153514,2.8921724936220605,0.004448071351354655,BIAS,logit
sample_0210,C(race)[T.Hispanic or Latino],0.1578151353750078,1.1709497075193094,0.4888172937795232,NO_BIAS,logit
sample_0210,C(race)[T.Other],1.2704876669400516,3.5625894959166935,0.07109095711607633,NO_BIAS,logit
sample_0210,C(sex)[T.Female],0.04881245513725385,1.0500234057770808,0.8169537273591825,NO_BIAS,logit
sample_0210,C(sex)[T.Joint],-0.14677925720132254,0.8634845643795517,0.4593007831491349,NO_BIAS,logit
sample_0212,C(race)[T.Asian],0.07737926274538488,1.0804517738021955,0.7303562876439929,NO_BIAS,logit
sample_0212,C(race)[T.Black or African American],0.03380139927326947,1.0343791578751784,0.9441865351656942,NO_BIAS,logit
sample_0212,C(race)[T.Hispanic or Latino],-0.03645333252754672,0.9642030897675251,0.8714614028458756,NO_BIAS,logit
sample_0212,C(race)[T.Other],-0.33277789815353753,0.71692940781948,0.7600032842215536,NO_BIAS,logit
sample_0212,C(sex)[T.Female],0.39750785350944967,1.4881114808184994,0.06433834693531697,NO_BIAS,logit
sample_0212,C(sex)[T.Joint],-0.27844973640895015,0.7569563141363403,0.22552962464164472,NO_BIAS,logit
sample_0213,C(race)[T.Asian],0.42849953783422967,1.534952656410549,0.05739187212696588,NO_BIAS,logit
sample_0213,C(race)[T.Black or African American],0.533781687551234,1.7053693034607007,0.19834164264247944,NO_BIAS,logit
sample_0213,C(race)[T.Hispanic or Latino],0.05180317288615579,1.0531684300092026,0.8321609727267283,NO_BIAS,logit
sample_0213,C(race)[T.Other],0.9877869913052443,2.685285332239668,0.23567648535058483,NO_BIAS,logit
sample_0213,C(sex)[T.Female],0.1463928215869477,1.157650848988265,0.5067428070645186,NO_BIAS,logit
sample_0213,C(sex)[T.Joint],-0.08026651758805187,0.9228703524268201,0.7204467737458468,NO_BIAS,logit
sample_0214,C(race)[T.Asian],0.041930704883435366,1.042822213760128,0.8473560174839065,NO_BIAS,logit
sample_0214,C(race)[T.Black or African American],0.3859075126273765,1.4709486203502047,0.3879380440967737,NO_BIAS,logit
sample_0214,C(race)[T.Hispanic or Latino],0.36216187304077824,1.43643144266754,0.09901906785317058,NO_BIAS,logit
sample_0214,C(race)[T.Other],0.6562569488301184,1.9275638444347047,0.42249347881921395,NO_BIAS,logit
sample_0214,C(sex)[T.Female],-0.2656631709907964,0.7666973299155407,0.250426429441989,NO_BIAS,logit
sample_0214,C(sex)[T.Joint],-0.2626228504860776,0.7690318826245357,0.16779694815610524,NO_BIAS,logit
sample_0215,C(race)[T.Asian],0.49111225782461004,1.634132786501164,0.055829137053332346,NO_BIAS,logit
sample_0215,C(race)[T.Black or African American],0.9523375641606284,2.5917609914783704,0.015120483104099173,BIAS,logit
sample_0215,C(race)[T.Hispanic or Latino],0.38701566810089494,1.4725795636175636,0.1200830297395117,NO_BIAS,logit
sample_0215,C(race)[T.Other],1.2330400817566654,3.431646179489156,0.12667919195922878,NO_BIAS,logit
sample_0215,C(sex)[T.Female],-0.09802594353337644,0.9066253823829408,0.6560323138542763,NO_BIAS,logit
sample_0215,C(sex)[T.Joint],-0.5589129930560416,0.5718303096557523,0.024157984186365007,FAVORED,logit
sample_0216,C(race)[T.Asian],-0.07281950233960185,0.9297686359445488,0.7685989484330743,NO_BIAS,logit
sample_0216,C(race)[T.Black or African American],0.339958722741757,1.4048895993759472,0.39767016471707406,NO_BIAS,logit
sample_0216,C(race)[T.Hispanic or Latino],0.48266752890911013,1.6203910822547571,0.041741028722567505,BIAS,logit
sample_0216,C(race)[T.Other],-0.3718223304126367,0.6894767306889275,0.6510389666748835,NO_BIAS,logit
sample_0216,C(sex)[T.Female],-0.2814269717791708,0.7547060285013723,0.2281380495533465,NO_BIAS,logit
sample_0216,C(sex)[T.Joint],-0.20281108774162757,0.8164324609581793,0.34252876365827956,NO_BIAS,logit
sample_0218,C(race)[T.Asian],0.4530250897272406,1.5730636537570666,0.047274696673995024,BIAS,logit
sample_0218,C(race)[T.Black or African American],1.0703897946896048,2.916516120934286,0.00781760092686003,BIAS,logit
sample_0218,C(race)[T.Hispanic or Latino],-0.05526580102510362,0.9462336046626257,0.8352096506121167,NO_BIAS,logit
sample_0218,C(race)[T.Other],0.3290162190924125,1.3896003934620362,0.7802436718637884,NO_BIAS,logit
sample_0218,C(sex)[T.Female],0.25140305059305196,1.2858282337361386,0.2796306408967325,NO_BIAS,logit
sample_0218,C(sex)[T.Joint],0.14817254686570028,1.1597129839407263,0.5089443299827189,NO_BIAS,logit
sample_0219,C(race)[T.Asian],0.3301222244506758,1.3911381491693213,0.1406749621092304,NO_BIAS,logit
sample_0219,C(race)[T.Black or African American],0.5514589345338297,1.7357835660542422,0.23463781702501152,NO_BIAS,logit
sample_0219,C(race)[T.Hispanic or Latino],-0.01763297211866341,0.9825215790024265,0.9403873920626226,NO_BIAS,logit
sample_0219,C(race)[T.Other],-0.08891153031075748,0.9149265132583526,0.9380987716894492,NO_BIAS,logit
sample_0219,C(sex)[T.Female],-0.00595068642509304,0.994066983841925,0.9787837953853147,NO_BIAS,logit
sample_0219,C(sex)[T.Joint],0.003171453590732361,1.003176487970365,0.9884858567450379,NO_BIAS,logit
sample_0220,C(race)[T.Asian],0.18523673883837172,1.2035033223835352,0.4111341460985476,NO_BIAS,logit
sample_0220,C(race)[T.Black or African American],0.8189757567690688,2.2681754839978714,0.027680787667806923,BIAS,logit
sample_0220,C(race)[T.Hispanic or Latino],0.1199447652367278,1.127434576277585,0.6136273360712894,NO_BIAS,logit
sample_0220,C(race)[T.Other],-0.3745968803133057,0.6875663944813492,0.7349586683386513,NO_BIAS,logit
sample_0220,C(sex)[T.Female],-0.35708094512009375,0.6997158568581757,0.10085653351876121,NO_BIAS,logit
sample_0220,C(sex)[T.Joint],-0.4682805183539081,0.6260778726877827,0.026212574278676414,FAVORED,logit
sample_0222,C(race)[T.Asian],0.22770895863887988,1.2557198058427868,0.29839546685313467,NO_BIAS,logit
sample_0222,C(race)[T.Black or African American],0.4678569976117901,1.5965690731712032,0.2617234952318007,NO_BIAS,logit
sample_0222,C(race)[T.Hispanic or Latino],0.24763710925666485,1.280994986613999,0.27707964723722633,NO_BIAS,logit
sample_0222,C(race)[T.Other],-0.2702352748863466,0.763199911439585,0.8109392767997741,NO_BIAS,logit
sample_0222,C(sex)[T.Female],-0.06105846449650064,0.9407682366268815,0.7706350293346873,NO_BIAS,logit
sample_0222,C(sex)[T.Joint],-0.7740557461724418,0.461139007757473,0.0003606089585205809,FAVORED,logit
sample_0223,C(race)[T.Asian],0.5374662466378667,1.7116644276805346,0.022124847823034987,BIAS,logit
sample_0223,C(race)[T.Black or African American],1.4581329242709806,4.297927476377627,0.000719441543667552,BIAS,logit
sample_0223,C(race)[T.Hispanic or Latino],0.331609790401921,1.3932090988687416,0.20255156558852472,NO_BIAS,logit
sample_0223,C(race)[T.Other],1.7469461218603037,5.737055627601837,0.017934040889223003,BIAS,logit
sample_0223,C(sex)[T.Female],-0.45923475025960125,0.6317669200420403,0.06214761500215778,NO_BIAS,logit
sample_0223,C(sex)[T.Joint],-0.1471837826428232,0.8631353335460579,0.49250167447977466,NO_BIAS,logit
sample_0224,C(race)[T.Asian],-0.0638163034240904,0.9381773236645214,0.7877194413464701,NO_BIAS,logit
sample_0224,C(race)[T.Black or African American],0.7276483580169694,2.0702064943299714,0.06619603302289012,NO_BIAS,logit
sample_0224,C(race)[T.Hispanic or Latino],0.39803090453055784,1.4888900426440932,0.09585341982157632,NO_BIAS,logit
sample_0224,C(race)[T.Other],-144.75339277927142,1.3627000730132194e-63,1.0,NO_BIAS,logit
sample_0224,C(sex)[T.Female],0.10851896679961937,1.1146260492267812,0.6251819794602131,NO_BIAS,logit
sample_0224,C(sex)[T.Joint],-0.4906274450316721,0.612242125363502,0.030127811615492127,FAVORED,logit
sample_0227,C(race)[T.Asian],-0.2732460526713589,0.7609055417525049,0.26391700319860567,NO_BIAS,logit
sample_0227,C(race)[T.Black or African American],0.235383137398405,1.265393495440299,0.6017760576450959,NO_BIAS,logit
sample_0227,C(race)[T.Hispanic or Latino],0.3113283620298955,1.3652374397301577,0.1985961493415931,NO_BIAS,logit
sample_0227,C(race)[T.Other],0.04926355440336037,1.0504971774158067,0.9559675741571768,NO_BIAS,logit
sample_0227,C(sex)[T.Female],-0.3398416437520886,0.7118830449651941,0.1394756279656089,NO_BIAS,logit
sample_0227,C(sex)[T.Joint],-0.37275574300162756,0.6888334646916804,0.0969690604981905,NO_BIAS,logit
sample_0228,C(race)[T.Asian],0.17735105788156544,1.194050200291195,0.408399490117195,NO_BIAS,logit
sample_0228,C(race)[T.Black or African American],0.44921350808007765,1.5670792055562996,0.3500712027567977,NO_BIAS,logit
sample_0228,C(race)[T.Hispanic or Latino],0.05199958001183602,1.0533753001081136,0.8150971656400609,NO_BIAS,logit
sample_0228,C(race)[T.Other],-0.21376540832843116,0.8075378044471033,0.8673183693852864,NO_BIAS,logit
sample_0228,C(sex)[T.Female],-0.19270102462642125,0.8247285107976937,0.38772701791009934,NO_BIAS,logit
sample_0228,C(sex)[T.Joint],0.15021565383837268,1.1620848237606898,0.46001182861429935,NO_BIAS,logit
sample_0229,C(race)[T.Asian],0.3758294770153927,1.4561987972330583,0.13418404265706435,NO_BIAS,logit
sample_0229,C(race)[T.Black or African American],1.0568704965951126,2.87735220095432,0.01579169430492234,BIAS,logit
sample_0229,C(race)[T.Hispanic or Latino],0.2759783015004448,1.3178192690162474,0.243359310493226,NO_BIAS,logit
sample_0229,C(race)[T.Other],0.5748077838120982,1.7767889664865244,0.6251905724258943,NO_BIAS,logit
sample_0229,C(sex)[T.Female],-0.012432034065227783,0.9876449244232968,0.95675125062262,NO_BIAS,logit
sample_0229,C(sex)[T.Joint],-0.08614798865895101,0.9174584477278678,0.7147767636745965,NO_BIAS,logit
sample_0230,C(race)[T.Asian],0.2722526469515281,1.3129186643106636,0.23533055731830077,NO_BIAS,logit
sample_0230,C(race)[T.Black or African American],1.6059434579796814,4.982558220229181,3.9466270563563807e-05,BIAS,logit
sample_0230,C(race)[T.Hispanic or Latino],-0.02777944146561393,0.9726028590074565,0.9119048834452177,NO_BIAS,logit
sample_0230,C(race)[T.Other],-0.2231206550896352,0.8000183171893561,0.781928765675877,NO_BIAS,logit
sample_0230,C(sex)[T.Female],-0.45253238675789254,0.6360154733585258,0.05793450724123482,NO_BIAS,logit
sample_0230,C(sex)[T.Joint],-0.3941496877021566,0.6742531212858748,0.07363293604677332,NO_BIAS,logit
sample_0232,C(race)[T.Asian],-0.39035890324739714,0.676813920188388,0.09891986218268838,NO_BIAS,logit
sample_0232,C(race)[T.Black or African American],0.14605442025832086,1.1572591646798644,0.7555585640906106,NO_BIAS,logit
sample_0232,C(race)[T.Hispanic or Latino],0.11137964043476876,1.1178191956762054,0.6127693849768587,NO_BIAS,logit
sample_0232,C(race)[T.Other],-0.5070923339376308,0.6022441603410138,0.6255201572912759,NO_BIAS,logit
sample_0232,C(sex)[T.Female],-0.09587157984816831,0.908580688646978,0.6518719352162438,NO_BIAS,logit
sample_0232,C(sex)[T.Joint],-0.5866830969942309,0.5561689872572292,0.0047033652016724055,FAVORED,logit
sample_0233,C(race)[T.Asian],0.030064896168556576,1.0305214086745753,0.8954638089847127,NO_BIAS,logit
sample_0233,C(race)[T.Black or African American],0.4325525051393442,1.5411863933747045,0.2646262616563374,NO_BIAS,logit
sample_0233,C(race)[T.Hispanic or Latino],0.3184039435516744,1.3749315437997152,0.15076628019686145,NO_BIAS,logit
sample_0233,C(race)[T.Other],0.052256788663427034,1.0536462721953623,0.9610276918545576,NO_BIAS,logit
sample_0233,C(sex)[T.Female],-0.15945857238534206,0.8526052880681221,0.4740748926316425,NO_BIAS,logit
sample_0233,C(sex)[T.Joint],-0.30383563283720677,0.7379821565155247,0.15174056427842558,NO_BIAS,logit
sample_0234,C(race)[T.Asian],0.05429718491937321,1.0557983228756957,0.8153150098742661,NO_BIAS,logit
sample_0234,C(race)[T.Black or African American],-0.056659695404323106,0.9449155737709883,0.9082362827065635,NO_BIAS,logit
sample_0234,C(race)[T.Hispanic or Latino],0.3793182724727735,1.461288049499916,0.0841358346306008,NO_BIAS,logit
sample_0234,C(race)[T.Other],0.00015423490193772234,1.0001542467967517,0.9998917181689091,NO_BIAS,logit
sample_0234,C(sex)[T.Female],-0.30996458659182774,0.7334729305406396,0.1696547742415475,NO_BIAS,logit
sample_0234,C(sex)[T.Joint],-0.15665755327329237,0.8549967995461223,0.44718419273400967,NO_BIAS,logit
sample_0235,C(race)[T.Asian],0.4120837805569611,1.5099609363977886,0.08392262127056446,NO_BIAS,logit
sample_0235,C(race)[T.Black or African American],1.1791273926254484,3.2515356506116206,0.0036714084739910588,BIAS,logit
sample_0235,C(race)[T.Hispanic or Latino],0.7193794919881741,2.0531588138045365,0.0019291966660853629,BIAS,logit
sample_0235,C(race)[T.Other],0.19290738702292637,1.2127704700341568,0.834597987702443,NO_BIAS,logit
sample_0235,C(sex)[T.Female],0.0850678519183265,1.0887909407461085,0.7049550637788293,NO_BIAS,logit
sample_0235,C(sex)[T.Joint],-0.12085720641698137,0.8861604885901915,0.5922233150232099,NO_BIAS,logit
sample_0237,C(race)[T.Asian],0.442808575456769,1.557074243585891,0.0474384531577539,BIAS,logit
sample_0237,C(race)[T.Black or African American],0.3697201322372248,1.4473294971079427,0.45945114677184395,NO_BIAS,logit
sample_0237,C(race)[T.Hispanic or Latino],0.5086406812962193,1.663029071299166,0.029244106751556847,BIAS,logit
sample_0237,C(race)[T.Other],1.0601493113141491,2.886801989289277,0.2228807156146888,NO_BIAS,logit
sample_0237,C(sex)[T.Female],-0.0031062289178154217,0.9968985904199493,0.9888304735911218,NO_BIAS,logit
sample_0237,C(sex)[T.Joint],0.05196664309892811,1.0533406057489603,0.8015938884119487,NO_BIAS,logit
sample_0238,C(race)[T.Asian],0.5958505091649113,1.8145736003233834,0.012109451854329671,BIAS,logit
sample_0238,C(race)[T.Black or African American],0.5435083144045387,1.7220377266763414,0.1957271018941661,NO_BIAS,logit
sample_0238,C(race)[T.Hispanic or Latino],0.4094010391574461,1.5059155304972736,0.07465292558459397,NO_BIAS,logit
sample_0238,C(race)[T.Other],0.8398721658818924,2.316070884977122,0.3094072355105941,NO_BIAS,logit
sample_0238,C(sex)[T.Female],-0.21475215066246164,0.8067413657136545,0.36225684166988703,NO_BIAS,logit
sample_0238,C(sex)[T.Joint],-0.019643301813554562,0.980548370760396,0.9227243149170136,NO_BIAS,logit
sample_0240,C(race)[T.Asian],0.05404751613371737,1.055534755894119,0.8146576475686285,NO_BIAS,logit
sample_0240,C(race)[T.Black or African American],0.8849823985864118,2.4229417439104877,0.03214003265629503,BIAS,logit
sample_0240,C(race)[T.Hispanic or Latino],0.12300960079080796,1.1308952783843627,0.5909990668516938,NO_BIAS,logit
sample_0240,C(race)[T.Other],0.34634448741752794,1.4138895991097198,0.6105658088752883,NO_BIAS,logit
sample_0240,C(sex)[T.Female],-0.05387347508029995,0.9475519878568242,0.8137567413664664,NO_BIAS,logit
sample_0240,C(sex)[T.Joint],0.01957604565609033,1.0197689129081435,0.9247648543880156,NO_BIAS,logit
sample_0241,C(race)[T.Asian],0.5156491379247706,1.6747252767166483,0.035853027660818264,BIAS,logit
sample_0241,C(race)[T.Black or African American],0.6436786043544447,1.9034701295873266,0.13850884449835532,NO_BIAS,logit
sample_0241,C(race)[T.Hispanic or Latino],0.6210093452761901,1.8608052893202172,0.009123981159680813,BIAS,logit
sample_0241,C(race)[T.Other],1.9524772638622765,7.046121079104308,0.009790346647939577,BIAS,logit
sample_0241,C(sex)[T.Female],0.15443777918695903,1.1670016640061107,0.49403606370454434,NO_BIAS,logit
sample_0241,C(sex)[T.Joint],-0.26264280046993516,0.7690165406039284,0.25427052877033895,NO_BIAS,logit
sample_0242,C(race)[T.Asian],0.031204827550811116,1.0316968021750976,0.8870240426961022,NO_BIAS,logit
sample_0242,C(race)[T.Black or African American],0.18122577150215843,1.1986857778340083,0.697140591899637,NO_BIAS,logit
sample_0242,C(race)[T.Hispanic or Latino],0.16977708652470025,1.1850406603436263,0.4463316575087345,NO_BIAS,logit
sample_0242,C(race)[T.Other],0.6619828142602407,1.93863247411704,0.41736337591026207,NO_BIAS,logit
sample_0242,C(sex)[T.Female],-0.15264601649714368,0.8584335393462509,0.48544105476432564,NO_BIAS,logit
sample_0242,C(sex)[T.Joint],-0.05860645806495721,0.9430778368137644,0.7735184161415777,NO_BIAS,logit
sample_0244,C(race)[T.Asian],0.34053991683203094,1.4057063502309861,0.13188499483057908,NO_BIAS,logit
sample_0244,C(race)[T.Black or African American],0.9379766967074209,2.5548070359343145,0.009002962353355057,BIAS,logit
sample_0244,C(race)[T.Hispanic or Latino],0.25606522041341423,1.2918369793340747,0.27974442600936145,NO_BIAS,logit
sample_0244,C(race)[T.Other],1.2025648275843337,3.3286433799753956,0.1339683741869944,NO_BIAS,logit
sample_0244,C(sex)[T.Female],-0.11088016063123149,0.8950460042503657,0.5978201589957177,NO_BIAS,logit
sample_0244,C(sex)[T.Joint],-0.38568151348080015,0.6799870579083671,0.06985599357537105,NO_BIAS,logit
sample_0246,C(race)[T.Asian],0.27911267085775104,1.3219562814270582,0.20800765154618628,NO_BIAS,logit
sample_0246,C(race)[T.Black or African American],-0.02372591623957452,0.9765533304900624,0.959234304721652,NO_BIAS,logit
sample_0246,C(race)[T.Hispanic or Latino],0.2362080474783596,1.2664377619435625,0.3071514493279768,NO_BIAS,logit
sample_0246,C(race)[T.Other],0.37620599830265533,1.4567471903130582,0.6843001956140875,NO_BIAS,logit
sample_0246,C(sex)[T.Female],0.2808277629925237,1.3242255036541932,0.19653134264671157,NO_BIAS,logit
sample_0246,C(sex)[T.Joint],0.10493755908087107,1.1106412587295205,0.6557375011680635,NO_BIAS,logit
sample_0247,C(race)[T.Asian],-0.40817373858340367,0.6648633563696461,0.07515588035157506,NO_BIAS,logit
sample_0247,C(race)[T.Black or African American],0.3330581838199942,1.3952284758306648,0.4187371157494184,NO_BIAS,logit
sample_0247,C(race)[T.Hispanic or Latino],-0.22548672734933814,0.7981276536471213,0.3430126435834724,NO_BIAS,logit
sample_0247,C(race)[T.Other],-0.6236678874242549,0.5359749321272856,0.5361955087532246,NO_BIAS,logit
sample_0247,C(sex)[T.Female],-0.14480915607384673,0.865187393115034,0.50161072977318,NO_BIAS,logit
sample_0247,C(sex)[T.Joint],-0.3684980173551963,0.6917725811360702,0.10366196942454012,NO_BIAS,logit
sample_0248,C(race)[T.Asian],0.28113118773926404,1.324627367406887,0.21597045810974036,NO_BIAS,logit
sample_0248,C(race)[T.Black or African American],0.6741439802945663,1.9623524444269738,0.08937300074679924,NO_BIAS,logit
sample_0248,C(race)[T.Hispanic or Latino],0.16987853189506624,1.1851608833302434,0.45294282268311203,NO_BIAS,logit
sample_0248,C(race)[T.Other],-0.578241933247803,0.5608835710421317,0.4611986260385611,NO_BIAS,logit
sample_0248,C(sex)[T.Female],-0.08752628928190032,0.9161947852312872,0.6966819242165261,NO_BIAS,logit
sample_0248,C(sex)[T.Joint],-0.07107111565472347,0.9313956529606323,0.7307179200910865,NO_BIAS,logit
sample_0249,C(race)[T.Asian],-0.036777731087310875,0.963890354402078,0.8787792776422875,NO_BIAS,logit
sample_0249,C(race)[T.Black or African American],0.6669871633103984,1.9483583833221723,0.12644726950646476,NO_BIAS,logit
sample_0249,C(race)[T.Hispanic or Latino],0.004827875894827189,1.0048395488653126,0.9839543254046574,NO_BIAS,logit
sample_0249,C(race)[T.Other],-0.18109007602858385,0.834360199457642,0.8776470656839815,NO_BIAS,logit
sample_0249,C(sex)[T.Female],-0.07434284656637369,0.9283533565133134,0.7383295341699194,NO_BIAS,logit
sample_0249,C(sex)[T.Joint],-0.3410478311284691,0.7110248982697955,0.14543596871644646,NO_BIAS,logit
sample_0250,C(race)[T.Asian],-0.10333718750158508,0.9018228388193007,0.6591613895179234,NO_BIAS,logit
sample_0250,C(race)[T.Black or African American],0.22884413569611992,1.2571460795401295,0.5716994105039157,NO_BIAS,logit
sample_0250,C(race)[T.Hispanic or Latino],-0.0019261925852843125,0.9980756613331279,0.9933756780301528,NO_BIAS,logit
sample_0250,C(race)[T.Other],-0.2662258539602275,0.7662660437353624,0.7972838446787466,NO_BIAS,logit
sample_0250,C(sex)[T.Female],0.19631027330836961,1.2169044197252459,0.38386102471288364,NO_BIAS,logit
sample_0250,C(sex)[T.Joint],0.020697045830541414,1.020912715018817,0.9254146702899294,NO_BIAS,logit
sample_0251,C(race)[T.Asian],0.2036884222920652,1.2259161258070523,0.3865964281179368,NO_BIAS,logit
sample_0251,C(race)[T.Black or African American],1.3096230918227056,3.704777088247623,0.00011869269470401608,BIAS,logit
sample_0251,C(race)[T.Hispanic or Latino],0.49820452914825913,1.6457636956303874,0.03587469573526387,BIAS,logit
sample_0251,C(race)[T.Other],0.9794595729354728,2.663016686686374,0.19967215325425913,NO_BIAS,logit
sample_0251,C(sex)[T.Female],-0.005033055899296297,0.994979588703987,0.9824645004299934,NO_BIAS,logit
sample_0251,C(sex)[T.Joint],-0.062354232572920186,0.9395500086194837,0.7655545877014467,NO_BIAS,logit
sample_0252,C(race)[T.Asian],0.4078057312163933,1.5035150467574068,0.072753427706487,NO_BIAS,logit
sample_0252,C(race)[T.Black or African American],0.2632796247671403,1.301190513180669,0.6027167242922735,NO_BIAS,logit
sample_0252,C(race)[T.Hispanic or Latino],0.10300890159508987,1.1085012764616091,0.6624667611126784,NO_BIAS,logit
sample_0252,C(race)[T.Other],0.5917807494115428,1.8072037286909692,0.4528883550310593,NO_BIAS,logit
sample_0252,C(sex)[T.Female],-0.3784129698423753,0.6849475795569833,0.10524027870895122,NO_BIAS,logit
sample_0252,C(sex)[T.Joint],-0.312367581411312,0.7317125148702961,0.13253978528879945,NO_BIAS,logit
sample_0253,C(race)[T.Asian],-0.095599237649758,0.9088281672070553,0.6839946074289878,NO_BIAS,logit
sample_0253,C(race)[T.Black or African American],0.2519279783705901,1.286503377878624,0.5573913631082079,NO_BIAS,logit
sample_0253,C(race)[T.Hispanic or Latino],-0.045432396476169715,0.9555842012477017,0.8411201680138254,NO_BIAS,logit
sample_0253,C(race)[T.Other],-0.43609424455355295,0.6465567886080902,0.7485169203030321,NO_BIAS,logit
sample_0253,C(sex)[T.Female],0.00297707923863789,1.0029815151399522,0.9889150242445666,NO_BIAS,logit
sample_0253,C(sex)[T.Joint],-0.3010424050586146,0.7400463903707654,0.1779022271923807,NO_BIAS,logit
sample_0254,C(race)[T.Asian],0.03613030331500992,1.0367909349852942,0.882388265720943,NO_BIAS,logit
sample_0254,C(race)[T.Black or African American],0.5000882517734488,1.6488667796968093,0.2367363986334694,NO_BIAS,logit
sample_0254,C(race)[T.Hispanic or Latino],0.3343931939616841,1.397092363873767,0.17501985405495113,NO_BIAS,logit
sample_0254,C(race)[T.Other],1.0890488936079745,2.9714465663237912,0.137907895620262,NO_BIAS,logit
sample_0254,C(sex)[T.Female],0.3182991725173632,1.3747874983457915,0.1701877158798758,NO_BIAS,logit
sample_0254,C(sex)[T.Joint],0.11810275232648701,1.1253597387580412,0.6026608542650018,NO_BIAS,logit
sample_0256,C(race)[T.Asian],-0.19000173838815765,0.8269576963686466,0.4617920674841717,NO_BIAS,logit
sample_0256,C(race)[T.Black or African American],0.7364415335416623,2.0884904526248724,0.08518708969141627,NO_BIAS,logit
sample_0256,C(race)[T.Hispanic or Latino],-0.20347349697274641,0.8158918276394747,0.424404787550841,NO_BIAS,logit
sample_0256,C(race)[T.Other],1.1094583706691838,3.0327153419319224,0.2225378575821546,NO_BIAS,logit
sample_0256,C(sex)[T.Female],-0.2996445650771753,0.7410815801496164,0.26267749919513883,NO_BIAS,logit
sample_0256,C(sex)[T.Joint],0.07024233502881018,1.0727681190499643,0.770512279682471,NO_BIAS,logit
sample_0257,C(race)[T.Asian],0.3097541312853686,1.3630899317589882,0.18055977527149347,NO_BIAS,logit
sample_0257,C(race)[T.Black or African American],-0.10426028523335558,0.9009907523099983,0.8548812062344252,NO_BIAS,logit
sample_0257,C(race)[T.Hispanic or Latino],0.37412533482561194,1.453719340699278,0.10130171876592214,NO_BIAS,logit
sample_0257,C(race)[T.Other],-0.0458309516295809,0.9552034241251588,0.9626828976155265,NO_BIAS,logit
sample_0257,C(sex)[T.Female],-0.13250738654304678,0.8758964642353706,0.5716861146936154,NO_BIAS,logit
sample_0257,C(sex)[T.Joint],-0.598750166298006,0.5494979881965127,0.0061027829658420315,FAVORED,logit
sample_0259,C(race)[T.Asian],0.06592120118645477,1.068142545484441,0.785692642982755,NO_BIAS,logit
sample_0259,C(race)[T.Black or African American],1.1126496326838102,3.0424089904631764,0.007244948572317468,BIAS,logit
sample_0259,C(race)[T.Hispanic or Latino],0.5533459521605325,1.739062112604229,0.012548717711216309,BIAS,logit
sample_0259,C(race)[T.Other],0.6483387528915235,1.9123612840866633,0.4360426525516796,NO_BIAS,logit
sample_0259,C(sex)[T.Female],-0.24760138481267582,0.7806710686085256,0.2602035072320469,NO_BIAS,logit
sample_0259,C(sex)[T.Joint],-0.4304047691008658,0.6502458420238139,0.052463855128907895,NO_BIAS,logit
sample_0260,C(race)[T.Asian],0.1372980668903751,1.1471700309698105,0.5472410386478688,NO_BIAS,logit
sample_0260,C(race)[T.Black or African American],0.452598453243965,1.5723926705549935,0.28955917156502664,NO_BIAS,logit
sample_0260,C(race)[T.Hispanic or Latino],0.2859602388370485,1.3310395305204563,0.21244483234714906,NO_BIAS,logit
sample_0260,C(race)[T.Other],0.31028205556316807,1.363809730009556,0.7772360538275118,NO_BIAS,logit
sample_0260,C(sex)[T.Female],-0.37503259595319693,0.6872668763069251,0.09711125137432158,NO_BIAS,logit
sample_0260,C(sex)[T.Joint],-0.31434389396267476,0.7302678502677775,0.149783978630806,NO_BIAS,logit
sample_0261,C(race)[T.Asian],0.1635100112563775,1.1776371447557836,0.471818869128277,NO_BIAS,logit
sample_0261,C(race)[T.Black or African American],0.531490716147028,1.7014668230951864,0.19893186397758067,NO_BIAS,logit
sample_0261,C(race)[T.Hispanic or Latino],0.15085145584171314,1.1628239145524937,0.5197601429574935,NO_BIAS,logit
sample_0261,C(race)[T.Other],-0.4471502616442944,0.6394478165751742,0.6020722860627965,NO_BIAS,logit
sample_0261,C(sex)[T.Female],-0.36405475974474266,0.6948531437203043,0.10577346336303159,NO_BIAS,logit
sample_0261,C(sex)[T.Joint],-0.4017411450431659,0.669153937087154,0.05321301830067435,NO_BIAS,logit
sample_0262,C(race)[T.Asian],0.6070692632101227,1.8350454749895575,0.003772968530441786,BIAS,logit
sample_0262,C(race)[T.Black or African American],0.8824777197015622,2.4168806466051627,0.04302401580795286,BIAS,logit
sample_0262,C(race)[T.Hispanic or Latino],0.19506340547024548,1.2153880462973046,0.38582991675095224,NO_BIAS,logit
sample_0262,C(race)[T.Other],0.34540948606715116,1.4125682282632963,0.6425739653641033,NO_BIAS,logit
sample_0262,C(sex)[T.Female],-0.6408733119521326,0.5268321342843909,0.0028267021978351566,FAVORED,logit
sample_0262,C(sex)[T.Joint],-0.5714902114032948,0.5646833138697902,0.0042987351257817346,FAVORED,logit
sample_0263,C(race)[T.Asian],0.22410825215497412,1.2512064578928617,0.35185327063156546,NO_BIAS,logit
sample_0263,C(race)[T.Black or African American],0.9642663345683814,2.6228626467485734,0.018195938491191572,BIAS,logit
sample_0263,C(race)[T.Hispanic or Latino],-0.26221809752065,0.7693432135613459,0.30323964196011666,NO_BIAS,logit
sample_0263,C(race)[T.Other],-0.14492120774994396,0.8650904528487584,0.9042637008228053,NO_BIAS,logit
sample_0263,C(sex)[T.Female],0.1901120516511891,1.2093851036630627,0.43783435165796003,NO_BIAS,logit
sample_0263,C(sex)[T.Joint],0.09597993761652951,1.1007369803650544,0.6958872637802307,NO_BIAS,logit
sample_0264,C(race)[T.Asian],-0.196929320005889,0.8212486771130281,0.40075254317202436,NO_BIAS,logit
sample_0264,C(race)[T.Black or African American],0.8437941449033992,2.3251723025182196,0.03519756788491263,BIAS,logit
sample_0264,C(race)[T.Hispanic or Latino],0.26822722403612004,1.3076442344609216,0.24238482611569379,NO_BIAS,logit
sample_0264,C(race)[T.Other],0.5494207509434188,1.7322493234145755,0.628119860254833,NO_BIAS,logit
sample_0264,C(sex)[T.Female],0.14644764334471846,1.1577143151823397,0.5216078802464493,NO_BIAS,logit
sample_0264,C(sex)[T.Joint],-0.1822877083868179,0.8333615408166671,0.40313209330851163,NO_BIAS,logit
sample_0265,C(race)[T.Asian],-0.021380058628428657,0.9788468746653222,0.9232726610535924,NO_BIAS,logit
sample_0265,C(race)[T.Black or African American],0.35293340379515653,1.4232363581374192,0.4183577800231877,NO_BIAS,logit
sample_0265,C(race)[T.Hispanic or Latino],-0.02786382694708036,0.9725207889097345,0.9014528770534739,NO_BIAS,logit
sample_0265,C(race)[T.Other],0.9179692772582971,2.5041998873249933,0.2729262132574234,NO_BIAS,logit
sample_0265,C(sex)[T.Female],-0.43120989155865164,0.6497225251886557,0.04887961070403514,FAVORED,logit
sample_0265,C(sex)[T.Joint],-0.3861105074869295,0.6796954100983329,0.05983819300128955,NO_BIAS,logit
sample_0266,C(race)[T.Asian],-0.028487098939444858,0.9719148327973678,0.9050033606451829,NO_BIAS,logit
sample_0266,C(race)[T.Black or African American],0.3219618959356044,1.3798321977406132,0.4349292068683446,NO_BIAS,logit
sample_0266,C(race)[T.Hispanic or Latino],0.39079324468204035,1.4781528658513345,0.07194527612378707,NO_BIAS,logit
sample_0266,C(race)[T.Other],0.520867360724801,1.6834872073102345,0.5109606579963495,NO_BIAS,logit
sample_0266,C(sex)[T.Female],0.2276495183774226,1.2556451677474865,0.2891230893634935,NO_BIAS,logit
sample_0266,C(sex)[T.Joint],0.023503710422312914,1.0237820994035272,0.9138782089587668,NO_BIAS,logit
sample_0267,C(race)[T.Asian],0.32616678114169223,1.3856464492991163,0.1562499206976389,NO_BIAS,logit
sample_0267,C(race)[T.Black or African American],1.0616666856561265,2.8911856735621213,0.007341076769813766,BIAS,logit
sample_0267,C(race)[T.Hispanic or Latino],0.2497756548903425,1.2837373841753825,0.2990069620828746,NO_BIAS,logit
sample_0267,C(race)[T.Other],0.8447596196304364,2.3274182816558913,0.30511286583055763,NO_BIAS,logit
sample_0267,C(sex)[T.Female],-0.2332463246000143,0.7919584706424719,0.3059636187907723,NO_BIAS,logit
sample_0267,C(sex)[T.Joint],-0.02351115595829177,0.9767630778799041,0.9109294221102961,NO_BIAS,logit
sample_0270,C(race)[T.Asian],-0.13964365123451067,0.8696680853368007,0.5350672943171277,NO_BIAS,logit
sample_0270,C(race)[T.Black or African American],0.887544704548818,2.4291580225903995,0.015539981656407261,BIAS,logit
sample_0270,C(race)[T.Hispanic or Latino],-0.2045464014260328,0.8150169230926194,0.3638042082623383,NO_BIAS,logit
sample_0270,C(race)[T.Other],0.017702815542838177,1.0178604391352646,0.9866865312771391,NO_BIAS,logit
sample_0270,C(sex)[T.Female],-0.20218147909641443,0.8169466557475877,0.3668598408456365,NO_BIAS,logit
sample_0270,C(sex)[T.Joint],-0.18238752867242253,0.8332783585813572,0.39435879899270276,NO_BIAS,logit
sample_0271,C(race)[T.Asian],0.22992236075503944,1.258502296968229,0.3269876361267614,NO_BIAS,logit
sample_0271,C(race)[T.Black or African American],0.8045630395283868,2.235719364363121,0.05479289046823218,NO_BIAS,logit
sample_0271,C(race)[T.Hispanic or Latino],0.2833396346901473,1.3275559693181833,0.2411201726154768,NO_BIAS,logit
sample_0271,C(race)[T.Other],1.0838175392035467,2.9559424653235262,0.19097363114525023,NO_BIAS,logit
sample_0271,C(sex)[T.Female],0.020236691027157184,1.020442841109276,0.9306063585085271,NO_BIAS,logit
sample_0271,C(sex)[T.Joint],-0.24786547243673082,0.7804649302613396,0.27881861889064063,NO_BIAS,logit
sample_0272,C(race)[T.Asian],0.12117301207290568,1.1288201949956047,0.5778641694020461,NO_BIAS,logit
sample_0272,C(race)[T.Black or African American],-0.10596439315838718,0.899456674317084,0.8135459553621758,NO_BIAS,logit
sample_0272,C(race)[T.Hispanic or Latino],-0.09207361287616146,0.9120380093328931,0.6952227289303567,NO_BIAS,logit
sample_0272,C(race)[T.Other],-0.40504054495079816,0.6669497688647065,0.6897191840469854,NO_BIAS,logit
sample_0272,C(sex)[T.Female],0.29503135363924265,1.3431684712457719,0.1896694322566549,NO_BIAS,logit
sample_0272,C(sex)[T.Joint],-0.005572264051448553,0.9944432322154234,0.9794400354565119,NO_BIAS,logit
sample_0273,C(race)[T.Asian],-0.07215942227030794,0.930382560287511,0.7729397985224779,NO_BIAS,logit
sample_0273,C(race)[T.Black or African American],0.05144677830179753,1.0527931533615849,0.9251126391975082,NO_BIAS,logit
sample_0273,C(race)[T.Hispanic or Latino],0.29535749897060765,1.3436066108166094,0.20369290315653998,NO_BIAS,logit
sample_0273,C(race)[T.Other],0.6239246069773879,1.866237938663281,0.4069131940263889,NO_BIAS,logit
sample_0273,C(sex)[T.Female],-0.024410233272465626,0.9758852870153155,0.9117234694479075,NO_BIAS,logit
sample_0273,C(sex)[T.Joint],-0.29657257273456794,0.7433616775167773,0.20885500987531203,NO_BIAS,logit
sample_0274,C(race)[T.Asian],0.24230307231424036,1.2741803030767873,0.3123568780772962,NO_BIAS,logit
sample_0274,C(race)[T.Black or African American],0.6805329849891106,1.9749300598445656,0.12585569446345965,NO_BIAS,logit
sample_0274,C(race)[T.Hispanic or Latino],0.33073336014880667,1.3919885831921366,0.16286085193062594,NO_BIAS,logit
sample_0274,C(race)[T.Other],-0.05985952762994317,0.9418968347724299,0.9450855683380546,NO_BIAS,logit
sample_0274,C(sex)[T.Female],-0.24966955465292331,0.7790581766913904,0.31497819563347407,NO_BIAS,logit
sample_0274,C(sex)[T.Joint],0.10554733649248507,1.1113187092075085,0.6244500834748143,NO_BIAS,logit
sample_0275,C(race)[T.Asian],0.4152305318027812,1.5147198915526214,0.07584170797977378,NO_BIAS,logit
sample_0275,C(race)[T.Black or African American],0.6186061915072489,1.8563388569872943,0.16405798885827683,NO_BIAS,logit
sample_0275,C(race)[T.Hispanic or Latino],0.6146123460030616,1.8489397117457353,0.012428194088057001,BIAS,logit
sample_0275,C(race)[T.Other],1.5056455758571134,4.507062341924911,0.10855840136250107,NO_BIAS,logit
sample_0275,C(sex)[T.Female],-0.032000779088697036,0.9685058275269605,0.8813648260693219,NO_BIAS,logit
sample_0275,C(sex)[T.Joint],-0.6134374432684718,0.5414863377334789,0.01051885535780789,FAVORED,logit
sample_0276,C(race)[T.Asian],0.24467012354442094,1.2771999255212734,0.23999508867869312,NO_BIAS,logit
sample_0276,C(race)[T.Black or African American],0.6648780643496457,1.9442534330755534,0.08874581616708646,NO_BIAS,logit
sample_0276,C(race)[T.Hispanic or Latino],0.1521861239012085,1.1643769346426815,0.5079012993982062,NO_BIAS,logit
sample_0276,C(race)[T.Other],1.080863467009612,2.9472232827679057,0.05674220254205061,NO_BIAS,logit
sample_0276,C(sex)[T.Female],0.1399567860717529,1.1502240920818392,0.4960933324993654,NO_BIAS,logit
sample_0276,C(sex)[T.Joint],-0.36232478183743333,0.6960562646940562,0.0862500920407285,NO_BIAS,logit
sample_0277,C(race)[T.Asian],0.35976358856611834,1.4329905991497158,0.11669577234288195,NO_BIAS,logit
sample_0277,C(race)[T.Black or African American],0.7491992139376575,2.1153054310961794,0.049548135255911264,BIAS,logit
sample_0277,C(race)[T.Hispanic or Latino],0.4173781151769151,1.5179763743407308,0.0744102849305052,NO_BIAS,logit
sample_0277,C(race)[T.Other],0.014010132615018876,1.014108734459827,0.9872080664504725,NO_BIAS,logit
sample_0277,C(sex)[T.Female],-0.3412609190153488,0.7108734036181152,0.13962447494293417,NO_BIAS,logit
sample_0277,C(sex)[T.Joint],-0.3071305702587665,0.7355545530885619,0.13200306239898818,NO_BIAS,logit
sample_0278,C(race)[T.Asian],-0.1485346609788302,0.8619701299242889,0.5465516375495871,NO_BIAS,logit
sample_0278,C(race)[T.Black or African American],0.5935212913234967,1.8103519815624323,0.15911493590210568,NO_BIAS,logit
sample_0278,C(race)[T.Hispanic or Latino],-0.2884599443530417,0.7494168229219916,0.2271330068027242,NO_BIAS,logit
sample_0278,C(race)[T.Other],0.08942186207426522,1.093541882879502,0.9319794536753481,NO_BIAS,logit
sample_0278,C(sex)[T.Female],-0.4516886061750303,0.6365523573396313,0.0667767932938396,NO_BIAS,logit
sample_0278,C(sex)[T.Joint],-0.12309949035286319,0.8841756912332304,0.5713925760376615,NO_BIAS,logit
sample_0279,C(race)[T.Asian],0.2728366955706232,1.3136856966138135,0.21158564702969906,NO_BIAS,logit
sample_0279,C(race)[T.Black or African American],0.24485088806128077,1.2774308188167725,0.5885981278384376,NO_BIAS,logit
sample_0279,C(race)[T.Hispanic or Latino],0.06786246069149134,1.0702181012980134,0.7682216442126925,NO_BIAS,logit
sample_0279,C(race)[T.Other],0.4091329968906908,1.505511935577602,0.6086146077901173,NO_BIAS,logit
sample_0279,C(sex)[T.Female],-0.06402669571097318,0.9379799591546074,0.7711291202685786,NO_BIAS,logit
sample_0279,C(sex)[T.Joint],-0.2005828764137624,0.8182536732855771,0.32605243979819765,NO_BIAS,logit
sample_0281,C(race)[T.Asian],0.052164794986705926,1.053549347859101,0.8150325860668932,NO_BIAS,logit
sample_0281,C(race)[T.Black or African American],0.27057973053461026,1.3107240972984704,0.6020030862456534,NO_BIAS,logit
sample_0281,C(race)[T.Hispanic or Latino],0.3459688237629701,1.4133585519295844,0.14172405485079362,NO_BIAS,logit
sample_0281,C(race)[T.Other],0.7149640840202369,2.044113264609486,0.3713207540484653,NO_BIAS,logit
sample_0281,C(sex)[T.Female],-0.2496252130543717,0.7790927221422042,0.26916304049517903,NO_BIAS,logit
sample_0281,C(sex)[T.Joint],-0.2584708958055639,0.7722315058980244,0.21556619674923527,NO_BIAS,logit
sample_0282,C(race)[T.Asian],-0.05625543098978703,0.9452976467362533,0.8069367076836984,NO_BIAS,logit
sample_0282,C(race)[T.Black or African American],0.03772113750353136,1.0384416100780827,0.9397110454988846,NO_BIAS,logit
sample_0282,C(race)[T.Hispanic or Latino],0.10323420117649827,1.1087510494710073,0.6431293223812256,NO_BIAS,logit
sample_0282,C(race)[T.Other],-0.24699657665296115,0.7811433676516338,0.7927333611015939,NO_BIAS,logit
sample_0282,C(sex)[T.Female],-0.42550888868804637,0.6534371737198782,0.069184972042679,NO_BIAS,logit
sample_0282,C(sex)[T.Joint],-0.13335198074105806,0.8751569994813967,0.5254292053262567,NO_BIAS,logit
sample_0283,C(race)[T.Asian],0.3604834734471375,1.4340225588182014,0.0988499754329007,NO_BIAS,logit
sample_0283,C(race)[T.Black or African American],-0.1430881342490255,0.8666776815427575,0.7724523549822347,NO_BIAS,logit
sample_0283,C(race)[T.Hispanic or Latino],0.2678138642360161,1.3071038186023483,0.215031663438494,NO_BIAS,logit
sample_0283,C(race)[T.Other],1.3668984108549653,3.923163763668899,0.0765745953585869,NO_BIAS,logit
sample_0283,C(sex)[T.Female],-0.10611038218908958,0.8993253730935441,0.6373056212556667,NO_BIAS,logit
sample_0283,C(sex)[T.Joint],-0.020915683625655202,0.9793015322430962,0.9170295105344377,NO_BIAS,logit
sample_0285,C(race)[T.Asian],0.4290322391394249,1.5357705455199888,0.056215122590503486,NO_BIAS,logit
sample_0285,C(race)[T.Black or African American],0.34376115526843015,1.4102417664634221,0.47180008030464504,NO_BIAS,logit
sample_0285,C(race)[T.Hispanic or Latino],0.42791569695597936,1.5340567498624396,0.05881141315453508,NO_BIAS,logit
sample_0285,C(race)[T.Other],0.7636547354635113,2.14610535241916,0.4018286682290694,NO_BIAS,logit
sample_0285,C(sex)[T.Female],-0.053737360489758454,0.9476809722858003,0.8137229918455897,NO_BIAS,logit
sample_0285,C(sex)[T.Joint],0.016520054385418457,1.0166572650182493,0.936232079415938,NO_BIAS,logit
sample_0286,C(race)[T.Asian],-0.011698584475990127,0.9883695779033408,0.9576454527747814,NO_BIAS,logit
sample_0286,C(race)[T.Black or African American],0.946015214068265,2.575426661221486,0.012404246999602523,BIAS,logit
sample_0286,C(race)[T.Hispanic or Latino],0.035245324195567466,1.035873802537995,0.8697026425330842,NO_BIAS,logit
sample_0286,C(race)[T.Other],0.7085964936943596,2.031138541461182,0.23670201885953668,NO_BIAS,logit
sample_0286,C(sex)[T.Female],-0.4159819096304312,0.659692204452224,0.04983678601802337,FAVORED,logit
sample_0286,C(sex)[T.Joint],-0.4732892451056644,0.6229498599182463,0.022495449885014635,FAVORED,logit
sample_0287,C(race)[T.Asian],0.32252216769382525,1.380605495360271,0.1663350752891346,NO_BIAS,logit
sample_0287,C(race)[T.Black or African American],0.48938925102686465,1.6313195888768928,0.2772911105995225,NO_BIAS,logit
sample_0287,C(race)[T.Hispanic or Latino],0.018859189872027962,1.0190381476224732,0.941002173418561,NO_BIAS,logit
sample_0287,C(race)[T.Other],0.6001523122364598,1.8223963525168478,0.5824382827596288,NO_BIAS,logit
sample_0287,C(sex)[T.Female],0.09466926735393456,1.099295222179136,0.6886129202411948,NO_BIAS,logit
sample_0287,C(sex)[T.Joint],-0.09809253541669442,0.9065650105014249,0.66550605881156,NO_BIAS,logit
sample_0289,C(race)[T.Asian],-0.1391191690875347,0.8701243303570799,0.5346900339271704,NO_BIAS,logit
sample_0289,C(race)[T.Black or African American],0.3046505349170548,1.356150992766861,0.46113416909093075,NO_BIAS,logit
sample_0289,C(race)[T.Hispanic or Latino],0.4696244735375424,1.5993934658595979,0.025635852794269044,BIAS,logit
sample_0289,C(race)[T.Other],0.3618392964089455,1.4359681581772983,0.5922419091304243,NO_BIAS,logit
sample_0289,C(sex)[T.Female],-0.33351933774610604,0.7163980449825109,0.10715658555210106,NO_BIAS,logit
sample_0289,C(sex)[T.Joint],-0.33206344399950555,0.7174418040330501,0.09140083854541628,NO_BIAS,logit
sample_0291,C(race)[T.Asian],0.49527190321395287,1.6409443564483555,0.04348285415035717,BIAS,logit
sample_0291,C(race)[T.Black or African American],0.5798625412327427,1.7857929409818554,0.14876966283959572,NO_BIAS,logit
sample_0291,C(race)[T.Hispanic or Latino],0.40807868484105697,1.5039254926529548,0.1034310695862874,NO_BIAS,logit
sample_0291,C(race)[T.Other],0.15590635684315488,1.1687167556389908,0.9060072994229466,NO_BIAS,logit
sample_0291,C(sex)[T.Female],0.16455511341236279,1.1788685392291645,0.5009890705090573,NO_BIAS,logit
sample_0291,C(sex)[T.Joint],0.019005515405218738,1.0191872698326934,0.9338188585495235,NO_BIAS,logit
sample_0292,C(race)[T.Asian],0.06283371335792798,1.0648497542183373,0.7724713936812254,NO_BIAS,logit
sample_0292,C(race)[T.Black or African American],-0.10941435337191084,0.8963589311946663,0.8314786071410463,NO_BIAS,logit
sample_0292,C(race)[T.Hispanic or Latino],-0.005948066080556445,0.994069588643328,0.9794710810480172,NO_BIAS,logit
sample_0292,C(race)[T.Other],0.22604896704114688,1.2536370506722876,0.8392685156303145,NO_BIAS,logit
sample_0292,C(sex)[T.Female],-0.18632635552284763,0.830002674819286,0.39433446873395483,NO_BIAS,logit
sample_0292,C(sex)[T.Joint],-0.5611474897716534,0.5705539832116185,0.010492043022601318,FAVORED,logit
sample_0293,C(race)[T.Asian],0.3606169524300315,1.434213983466099,0.10769030257409803,NO_BIAS,logit
sample_0293,C(race)[T.Black or African American],0.5273000363157014,1.694351439955518,0.2712611239705556,NO_BIAS,logit
sample_0293,C(race)[T.Hispanic or Latino],0.15050609303713172,1.1624223877643294,0.5404594723910601,NO_BIAS,logit
sample_0293,C(race)[T.Other],1.1864696601286553,3.275497153391477,0.05319651672969783,NO_BIAS,logit
sample_0293,C(sex)[T.Female],-0.02350421262116029,0.9767698598987963,0.9223258060518829,NO_BIAS,logit
sample_0293,C(sex)[T.Joint],0.08073879457959976,1.0840876900000083,0.7035840533136974,NO_BIAS,logit
sample_0294,C(race)[T.Asian],0.1175716293845594,1.1247621930820206,0.5946091541492782,NO_BIAS,logit
sample_0294,C(race)[T.Black or African American],0.6784477161973584,1.9708160906813783,0.0837595639693962,NO_BIAS,logit
sample_0294,C(race)[T.Hispanic or Latino],-0.3420514926410922,0.7103116279457469,0.15987435103231828,NO_BIAS,logit
sample_0294,C(race)[T.Other],0.49253839715365605,1.636464950136741,0.6060071138550345,NO_BIAS,logit
sample_0294,C(sex)[T.Female],-0.18698654890740055,0.8294548933849448,0.39643155311159173,NO_BIAS,logit
sample_0294,C(sex)[T.Joint],-0.5269528170148731,0.5904012921986772,0.019027231099883357,FAVORED,logit
sample_0295,C(race)[T.Asian],-0.11839764387933893,0.8883427383199913,0.6089135001146335,NO_BIAS,logit
sample_0295,C(race)[T.Black or African American],0.1614081642800814,1.1751645311219343,0.7395035550957987,NO_BIAS,logit
sample_0295,C(race)[T.Hispanic or Latino],-0.17791214457003895,0.837015956655333,0.42428885676274697,NO_BIAS,logit
sample_0295,C(race)[T.Other],-0.6771167128302552,0.5080798225059221,0.5421960570372989,NO_BIAS,logit
sample_0295,C(sex)[T.Female],-0.3016241881601208,0.7396159691045671,0.1722706369650182,NO_BIAS,logit
sample_0295,C(sex)[T.Joint],-0.14107961609651243,0.8684201687212912,0.5048200951122803,NO_BIAS,logit
sample_0296,C(race)[T.Asian],0.4975234976384261,1.6446432602651233,0.032080326209959466,BIAS,logit
sample_0296,C(race)[T.Black or African American],1.4021805974733546,4.06405237390679,0.0008518792069547595,BIAS,logit
sample_0296,C(race)[T.Hispanic or Latino],0.5803840764606719,1.786724537819533,0.0152585750999397,BIAS,logit
sample_0296,C(race)[T.Other],-0.13806103317759735,0.8710455274470498,0.8780955958103419,NO_BIAS,logit
sample_0296,C(sex)[T.Female],0.050467707855053584,1.0517628991266295,0.8289231855445641,NO_BIAS,logit
sample_0296,C(sex)[T.Joint],-0.024743240975677806,0.9755603638012573,0.9035585390401077,NO_BIAS,logit
sample_0297,C(race)[T.Asian],0.07783152734290798,1.080940534405045,0.7365033706174968,NO_BIAS,logit
sample_0297,C(race)[T.Black or African American],0.8868578544918613,2.427490128126501,0.014542580658445426,BIAS,logit
sample_0297,C(race)[T.Hispanic or Latino],0.05591932221364633,1.0575123625384435,0.8216330966621433,NO_BIAS,logit
sample_0297,C(race)[T.Other],-0.5258453675240519,0.5910554939899614,0.5978700714663521,NO_BIAS,logit
sample_0297,C(sex)[T.Female],-0.03979946121741106,0.9609821340175262,0.8611237891314476,NO_BIAS,logit
sample_0297,C(sex)[T.Joint],-0.051593018555667655,0.9497153047074499,0.8146229327511938,NO_BIAS,logit
sample_0298,C(race)[T.Asian],0.23111540974424802,1.2600046478724578,0.3534566058637997,NO_BIAS,logit
sample_0298,C(race)[T.Black or African American],1.1997622030730961,3.319327502999873,0.001974781642554747,BIAS,logit
sample_0298,C(race)[T.Hispanic or Latino],0.04952785805205896,1.0507748643479633,0.8330848559375416,NO_BIAS,logit
sample_0298,C(race)[T.Other],-0.45413631487645606,0.6349961679218111,0.7150400921553063,NO_BIAS,logit
sample_0298,C(sex)[T.Female],-0.21314319352074818,0.8080404227788627,0.36284249630312426,NO_BIAS,logit
sample_0298,C(sex)[T.Joint],-0.11027923587602921,0.895584021189023,0.6177214541249076,NO_BIAS,logit
sample_0299,C(race)[T.Asian],0.12317567043530685,1.131083101356625,0.6190263501453794,NO_BIAS,logit
sample_0299,C(race)[T.Black or African American],0.6659535823128373,1.9463456374678485,0.1403343801827448,NO_BIAS,logit
sample_0299,C(race)[T.Hispanic or Latino],0.40618752252712725,1.5010840131346597,0.08846108089092632,NO_BIAS,logit
sample_0299,C(race)[T.Other],0.19619515430535378,1.216764338964815,0.84386396544135,NO_BIAS,logit
sample_0299,C(sex)[T.Female],-0.03481171667649752,0.9657872407712562,0.8798494480874379,NO_BIAS,logit
sample_0299,C(sex)[T.Joint],-0.5514446718294778,0.576116909021833,0.01819210333002294,FAVORED,logit
