loan_purpose,loan_amount,debt_to_income_ratio,property_value,income,occupancy_type,derived_ethnicity,derived_race,derived_sex,applicant_age,loan_to_value_ratio,action_taken
1,595000.0,20%-<30%,635000.0,343.0,1,Not Hispanic or Latino,White,Female,25-34,95.0,Loan originated
1,435000.0,38,625000.0,176.0,1,Not Hispanic or Latino,Asian,Female,35-44,70.0,Loan originated
1,315000.0,45,395000.0,111.0,1,Not Hispanic or Latino,White,Male,25-34,80.0,Loan originated
1,595000.0,42,745000.0,195.0,1,Hispanic or Latino,White,Male,55-64,80.0,Loan originated
1,535000.0,40,675000.0,120.0,1,Not Hispanic or Latino,Asian,Female,25-34,95.0,Application denied
1,105000.0,47,675000.0,44.0,1,Not Hispanic or Latino,Asian,Female,55-64,14.794,Loan originated
1,685000.0,44,725000.0,166.0,1,Not Hispanic or Latino,White,Female,25-34,95.0,Loan originated
1,405000.0,30%-<36%,475000.0,130.0,1,Hispanic or Latino,White,Male,25-34,85.0,Application denied
1,455000.0,20%-<30%,575000.0,298.0,1,Hispanic or Latino,White,Male,35-44,80.0,Loan originated
1,255000.0,41,285000.0,67.0,1,Not Hispanic or Latino,White,Male,25-34,90.0,Loan originated
1,335000.0,41,395000.0,79.0,1,Not Hispanic or Latino,White,Male,35-44,85.0,Loan originated
1,305000.0,39,555000.0,99.0,1,Hispanic or Latino,White,Female,25-34,54.545,Loan originated
1,335000.0,45,355000.0,131.0,1,Hispanic or Latino,White,Female,45-54,100.0,Loan originated
1,305000.0,50%-60%,325000.0,193.0,1,Not Hispanic or Latino,White,Female,55-64,95.0,Application denied
1,995000.0,48,1175000.0,240.0,1,Not Hispanic or Latino,2 or more minority races,Female,45-54,85.0,Loan originated
1,535000.0,47,565000.0,138.0,1,Hispanic or Latino,White,Male,25-34,95.0,Loan originated
1,805000.0,39,3505000.0,272.0,1,Not Hispanic or Latino,Asian,Female,25-34,22.857,Loan originated
1,545000.0,49,605000.0,102.0,1,Not Hispanic or Latino,Asian,Male,25-34,90.0,Loan originated
1,245000.0,39,795000.0,91.0,1,Not Hispanic or Latino,White,Female,45-54,30.66,Loan originated
1,115000.0,49,3005000.0,75.0,1,Not Hispanic or Latino,Asian,Male,55-64,3.833,Loan originated
1,565000.0,48,705000.0,128.0,1,Not Hispanic or Latino,White,Female,35-44,80.0,Loan originated
1,375000.0,49,385000.0,110.0,1,Hispanic or Latino,White,Male,25-34,96.977,Loan originated
1,275000.0,43,295000.0,143.0,1,Not Hispanic or Latino,White,Male,45-54,95.0,Loan originated
1,525000.0,49,655000.0,110.0,1,Hispanic or Latino,White,Male,35-44,80.0,Loan originated
1,555000.0,36,685000.0,169.0,1,Not Hispanic or Latino,White,Female,55-64,80.0,Loan originated
1,325000.0,42,405000.0,97.0,1,Hispanic or Latino,American Indian or Alaska Native,Female,35-44,80.0,Loan originated
1,335000.0,20%-<30%,435000.0,81.0,1,Not Hispanic or Latino,White,Male,65-74,76.852,Loan originated
1,305000.0,20%-<30%,455000.0,132.0,1,Not Hispanic or Latino,White,Female,45-54,67.333,Loan originated
1,495000.0,>60%,615000.0,77.0,1,Hispanic or Latino,White,Male,25-34,80.0,Application denied
1,675000.0,47,845000.0,162.0,1,Not Hispanic or Latino,White,Female,25-34,80.0,Loan originated
1,545000.0,45,565000.0,137.0,1,Hispanic or Latino,White,Female,25-34,97.0,Loan originated
1,1125000.0,49,1405000.0,224.0,1,Not Hispanic or Latino,Asian,Male,35-44,80.0,Loan originated
1,1085000.0,39,1555000.0,265.0,1,Not Hispanic or Latino,Asian,Male,35-44,70.0,Loan originated
1,935000.0,30%-<36%,1205000.0,261.0,1,Not Hispanic or Latino,White,Male,25-34,77.917,Loan originated
1,485000.0,49,535000.0,104.0,1,Hispanic or Latino,White,Male,25-34,90.0,Loan originated
1,345000.0,38,435000.0,139.0,1,Not Hispanic or Latino,Black or African American,Male,<25,79.5,Loan originated
1,505000.0,30%-<36%,715000.0,149.0,1,Not Hispanic or Latino,Asian,Female,45-54,70.486,Loan originated
1,985000.0,48,1225000.0,201.0,1,Not Hispanic or Latino,White,Male,45-54,80.0,Loan originated
1,285000.0,30%-<36%,555000.0,114.0,1,Not Hispanic or Latino,White,Female,55-64,52.0,Loan originated
1,655000.0,<20%,825000.0,1081.0,1,Not Hispanic or Latino,White,Male,35-44,80.0,Loan originated
1,385000.0,>60%,405000.0,31.0,1,Hispanic or Latino,White,Male,35-44,97.0,Application denied
1,585000.0,30%-<36%,745000.0,321.0,1,Not Hispanic or Latino,American Indian or Alaska Native,Female,65-74,78.0,Loan originated
1,735000.0,46,755000.0,178.0,1,Hispanic or Latino,White,Female,<25,96.5,Loan originated
1,375000.0,38,1295000.0,156.0,1,Not Hispanic or Latino,White,Female,65-74,29.07,Loan originated
1,495000.0,41,655000.0,132.0,1,Not Hispanic or Latino,White,Male,35-44,75.0,Loan originated
1,455000.0,41,755000.0,129.0,1,Not Hispanic or Latino,White,Female,25-34,59.974,Loan originated
1,385000.0,40,635000.0,96.0,1,Hispanic or Latino,White,Female,55-64,60.483,Loan originated
1,435000.0,43,585000.0,109.0,1,Not Hispanic or Latino,White,Female,45-54,75.0,Loan originated
1,955000.0,48,1705000.0,370.0,1,Not Hispanic or Latino,White,Female,55-64,55.882,Loan originated
1,765000.0,49,1505000.0,296.0,1,Not Hispanic or Latino,Asian,Male,45-54,51.067,Loan originated
1,515000.0,45,1625000.0,191.0,1,Not Hispanic or Latino,White,Male,55-64,31.54,Loan originated
1,595000.0,37,745000.0,175.0,1,Not Hispanic or Latino,Asian,Female,35-44,80.0,Loan originated
1,185000.0,36,275000.0,96.0,1,Not Hispanic or Latino,White,Male,55-64,66.36,Loan originated
1,715000.0,30%-<36%,955000.0,428.0,1,Not Hispanic or Latino,White,Female,55-64,74.15,Application denied
1,215000.0,30%-<36%,385000.0,66.0,1,Hispanic or Latino,White,Male,35-44,94.241,Loan originated
1,285000.0,49,405000.0,77.0,1,Not Hispanic or Latino,White,Male,65-74,71.25,Loan originated
1,665000.0,42,705000.0,252.0,1,Hispanic or Latino,White,Male,55-64,95.0,Loan originated
1,165000.0,41,235000.0,47.0,1,Hispanic or Latino,White,Male,35-44,70.0,Loan originated
1,495000.0,44,555000.0,114.0,1,Not Hispanic or Latino,White,Female,35-44,90.0,Loan originated
1,435000.0,48,615000.0,121.0,1,Not Hispanic or Latino,Asian,Female,45-54,70.0,Application denied
1,765000.0,30%-<36%,2155000.0,221.0,1,Not Hispanic or Latino,Asian,Female,45-54,36.0,Loan originated
1,345000.0,30%-<36%,435000.0,124.0,1,Not Hispanic or Latino,White,Female,35-44,80.0,Loan originated
1,655000.0,48,825000.0,362.0,1,Not Hispanic or Latino,White,Male,35-44,80.0,Loan originated
1,1005000.0,30%-<36%,1135000.0,393.0,1,Not Hispanic or Latino,White,Male,35-44,88.496,Loan originated
1,395000.0,49,545000.0,89.0,1,Hispanic or Latino,Black or African American,Male,35-44,100.46,Loan originated
1,335000.0,46,405000.0,100.0,1,Hispanic or Latino,White,Female,35-44,82.5,Loan originated
1,715000.0,30%-<36%,1015000.0,405.0,1,Not Hispanic or Latino,Asian,Female,35-44,71.0,Loan originated
1,315000.0,50%-60%,325000.0,97.0,1,Not Hispanic or Latino,White,Female,45-54,102.91,Loan originated
1,305000.0,40,385000.0,84.0,1,Hispanic or Latino,White,Male,25-34,100.0,Loan originated
1,505000.0,30%-<36%,1165000.0,460.0,1,Not Hispanic or Latino,Asian,Male,45-54,42.97,Loan originated
1,325000.0,40,345000.0,80.0,1,Hispanic or Latino,White,Male,55-64,95.0,Loan originated
1,275000.0,30%-<36%,775000.0,92.0,1,Not Hispanic or Latino,White,Female,65-74,35.569,Loan originated
1,685000.0,46,855000.0,216.0,1,Not Hispanic or Latino,White,Male,35-44,80.0,Loan originated
1,545000.0,49,675000.0,210.0,1,Not Hispanic or Latino,White,Female,45-54,80.0,Loan originated
1,525000.0,47,585000.0,188.0,1,Not Hispanic or Latino,White,Female,25-34,89.915,Loan originated
1,815000.0,45,865000.0,180.0,1,Not Hispanic or Latino,White,Male,25-34,95.0,Loan originated
1,465000.0,49,555000.0,102.0,1,Not Hispanic or Latino,White,Female,35-44,85.09,Loan originated
1,995000.0,44,1105000.0,300.0,1,Not Hispanic or Latino,White,Male,25-34,90.0,Loan originated
1,585000.0,41,865000.0,168.0,1,Not Hispanic or Latino,White,Female,55-64,68.17,Loan originated
1,545000.0,41,675000.0,464.0,1,Hispanic or Latino,White,Female,25-34,80.0,Loan originated
1,235000.0,48,255000.0,47.0,1,Not Hispanic or Latino,White,Male,55-64,95.0,Loan originated
1,265000.0,49,645000.0,79.0,1,Hispanic or Latino,White,Female,45-54,41.294,Loan originated
1,895000.0,45,1125000.0,194.0,1,Not Hispanic or Latino,White,Male,35-44,79.721,Loan originated
1,165000.0,44,175000.0,67.0,1,Hispanic or Latino,White,Female,35-44,95.0,Loan originated
1,685000.0,<20%,855000.0,457.0,1,Not Hispanic or Latino,White,Male,25-34,80.0,Loan originated
1,565000.0,30%-<36%,705000.0,180.0,1,Not Hispanic or Latino,Asian,Male,35-44,79.99977,Loan originated
1,435000.0,36,545000.0,171.0,1,Not Hispanic or Latino,Black or African American,Male,25-34,80.0,Loan originated
1,495000.0,48,585000.0,115.0,1,Not Hispanic or Latino,Asian,Female,35-44,85.0,Loan originated
1,515000.0,44,575000.0,122.0,1,Not Hispanic or Latino,White,Male,25-34,90.0,Loan originated
1,455000.0,30%-<36%,495000.0,133.0,1,Not Hispanic or Latino,Asian,Male,35-44,92.799,Loan originated
1,505000.0,43,795000.0,132.0,1,Not Hispanic or Latino,White,Male,35-44,63.29,Loan originated
1,455000.0,30%-<36%,955000.0,220.0,1,Not Hispanic or Latino,White,Male,55-64,48.0,Loan originated
1,505000.0,41,1495000.0,280.0,1,Not Hispanic or Latino,White,Male,45-54,34.0,Loan originated
1,765000.0,37,805000.0,220.0,1,Not Hispanic or Latino,White,Male,35-44,95.0,Loan originated
1,215000.0,47,805000.0,61.0,1,Not Hispanic or Latino,White,Female,55-64,27.14,Loan originated
1,485000.0,47,605000.0,155.0,1,Hispanic or Latino,American Indian or Alaska Native,Female,35-44,80.0,Loan originated
1,415000.0,20%-<30%,525000.0,208.0,1,Not Hispanic or Latino,White,Male,35-44,80.0,Loan originated
1,405000.0,48,425000.0,83.0,1,Not Hispanic or Latino,White,Male,35-44,95.0,Loan originated
1,685000.0,41,855000.0,173.0,1,Not Hispanic or Latino,Asian,Female,25-34,80.0,Loan originated
1,495000.0,39,615000.0,146.0,1,Not Hispanic or Latino,Asian,Male,25-34,80.0,Loan originated
1,465000.0,20%-<30%,695000.0,153.0,1,Not Hispanic or Latino,White,Male,35-44,66.811,Loan originated
1,525000.0,<20%,655000.0,253.0,1,Not Hispanic or Latino,Asian,Male,25-34,80.0,Loan originated
1,385000.0,20%-<30%,475000.0,172.0,1,Not Hispanic or Latino,Asian,Female,45-54,80.0,Application denied
1,765000.0,46,2905000.0,265.0,1,Not Hispanic or Latino,White,Female,35-44,40.916,Loan originated
1,395000.0,43,485000.0,103.0,1,Not Hispanic or Latino,White,Female,55-64,80.0,Loan originated
1,215000.0,30%-<36%,375000.0,78.0,1,Not Hispanic or Latino,Asian,Male,45-54,58.0,Loan originated
1,725000.0,>60%,815000.0,117.0,1,Not Hispanic or Latino,White,Female,25-34,89.0,Application denied
1,945000.0,40,1255000.0,297.0,1,Not Hispanic or Latino,White,Female,35-44,75.0,Loan originated
1,225000.0,30%-<36%,445000.0,95.0,1,Not Hispanic or Latino,White,Male,35-44,51.002,Loan originated
1,405000.0,46,555000.0,124.0,1,Not Hispanic or Latino,Asian,Female,45-54,72.73,Loan originated
1,695000.0,42,875000.0,195.0,1,Hispanic or Latino,White,Male,45-54,80.0,Loan originated
1,395000.0,30%-<36%,535000.0,175.0,1,Hispanic or Latino,White,Female,55-64,75.0,Loan originated
1,485000.0,41,545000.0,118.0,1,Not Hispanic or Latino,White,Female,25-34,90.0,Loan originated
1,635000.0,20%-<30%,705000.0,1048.0,1,Hispanic or Latino,White,Female,55-64,90.0,Loan originated
1,335000.0,42,485000.0,89.0,1,Hispanic or Latino,White,Male,35-44,69.072,Loan originated
1,525000.0,43,815000.0,132.0,1,Not Hispanic or Latino,Asian,Male,<25,65.0,Loan originated
1,685000.0,30%-<36%,855000.0,189.0,1,Not Hispanic or Latino,White,Male,35-44,80.0,Loan originated
1,735000.0,45,775000.0,151.0,1,Hispanic or Latino,White,Male,25-34,95.0,Loan originated
1,765000.0,43,955000.0,233.0,1,Not Hispanic or Latino,White,Male,25-34,79.928,Loan originated
1,1035000.0,43,1595000.0,277.0,1,Not Hispanic or Latino,Asian,Female,25-34,65.0,Loan originated
1,105000.0,41,485000.0,55.0,1,Not Hispanic or Latino,White,Male,45-54,22.407,Loan originated
1,475000.0,45,1275000.0,204.0,1,Not Hispanic or Latino,White,Male,45-54,37.255,Loan originated
1,415000.0,41,515000.0,100.0,1,Not Hispanic or Latino,White,Male,25-34,80.0,Loan originated
1,565000.0,48,705000.0,118.0,1,Hispanic or Latino,Asian,Female,25-34,80.0,Loan originated
1,365000.0,30%-<36%,465000.0,154.0,1,Not Hispanic or Latino,Asian,Male,25-34,80.0,Loan originated
1,205000.0,49,495000.0,111.0,1,Not Hispanic or Latino,White,Male,25-34,41.884,Loan originated
1,365000.0,49,415000.0,69.0,1,Hispanic or Latino,White,Female,35-44,87.805,Loan originated
1,625000.0,49,695000.0,118.0,1,Not Hispanic or Latino,White,Male,25-34,90.0,Loan originated
1,475000.0,20%-<30%,635000.0,201.0,1,Not Hispanic or Latino,White,Female,55-64,75.0,Loan originated
1,745000.0,50%-60%,775000.0,151.0,1,Hispanic or Latino,White,Male,35-44,97.0,Loan originated
1,295000.0,45,735000.0,98.0,1,Not Hispanic or Latino,White,Male,35-44,40.065,Loan originated
1,565000.0,36,595000.0,147.0,1,Not Hispanic or Latino,White,Male,25-34,95.0,Loan originated
1,285000.0,20%-<30%,355000.0,111.0,1,Not Hispanic or Latino,American Indian or Alaska Native,Male,55-64,80.0,Loan originated
1,575000.0,43,765000.0,155.0,1,Not Hispanic or Latino,Asian,Female,35-44,75.0,Loan originated
1,655000.0,30%-<36%,845000.0,183.0,1,Not Hispanic or Latino,Asian,Male,45-54,77.49,Loan originated
1,535000.0,37,825000.0,174.0,1,Not Hispanic or Latino,Asian,Female,35-44,64.634,Loan originated
1,765000.0,47,1025000.0,247.0,1,Not Hispanic or Latino,Asian,Female,55-64,75.0,Loan originated
1,245000.0,20%-<30%,745000.0,180.0,1,Not Hispanic or Latino,Asian,Female,25-34,32.886,Loan originated
1,465000.0,41,665000.0,109.0,1,Not Hispanic or Latino,Asian,Male,45-54,70.0,Loan originated
1,1005000.0,30%-<36%,3055000.0,456.0,1,Not Hispanic or Latino,Asian,Male,35-44,32.787,Loan originated
1,405000.0,36,1065000.0,142.0,1,Not Hispanic or Latino,Asian,Male,25-34,38.019,Loan originated
1,615000.0,44,655000.0,262.0,1,Hispanic or Latino,White,Female,25-34,95.0,Loan originated
1,195000.0,44,245000.0,146.0,1,Not Hispanic or Latino,White,Male,55-64,79.68,Loan originated
1,365000.0,36,815000.0,107.0,1,Not Hispanic or Latino,White,Male,35-44,44.444,Loan originated
1,505000.0,20%-<30%,635000.0,225.0,1,Not Hispanic or Latino,White,Male,25-34,80.0,Loan originated
1,285000.0,40,305000.0,92.0,1,Not Hispanic or Latino,White,Male,35-44,95.0,Loan originated
1,415000.0,49,435000.0,95.0,1,Hispanic or Latino,White,Male,35-44,95.0,Loan originated
1,495000.0,39,625000.0,129.0,1,Not Hispanic or Latino,Asian,Female,25-34,80.0,Loan originated
1,675000.0,46,1205000.0,174.0,1,Not Hispanic or Latino,White,Male,65-74,56.25,Loan originated
1,195000.0,44,205000.0,55.0,1,Hispanic or Latino,White,Male,<25,100.0,Loan originated
1,1105000.0,48,1545000.0,266.0,1,Not Hispanic or Latino,White,Male,35-44,72.0,Loan originated
1,765000.0,40,1005000.0,221.0,1,Hispanic or Latino,White,Male,25-34,76.655,Loan originated
1,375000.0,40,1525000.0,118.0,1,Not Hispanic or Latino,Asian,Female,45-54,24.868,Loan originated
1,395000.0,49,1265000.0,126.0,1,Not Hispanic or Latino,White,Female,65-74,30.9,Loan originated
1,505000.0,43,755000.0,131.0,1,Not Hispanic or Latino,White,Male,35-44,66.667,Loan originated
1,725000.0,47,965000.0,156.0,1,Not Hispanic or Latino,Asian,Male,35-44,74.611,Loan originated
1,805000.0,40,945000.0,421.0,1,Hispanic or Latino,White,Male,55-64,85.0,Loan originated
1,265000.0,30%-<36%,325000.0,127.0,1,Not Hispanic or Latino,White,Female,35-44,80.0,Loan originated
1,235000.0,46,245000.0,63.0,1,Hispanic or Latino,White,Male,55-64,95.0,Loan originated
1,465000.0,44,755000.0,115.0,1,Not Hispanic or Latino,Asian,Female,35-44,61.493,Loan originated
1,705000.0,41,1855000.0,234.0,1,Not Hispanic or Latino,White,Female,65-74,37.838,Loan originated
1,105000.0,30%-<36%,555000.0,69.0,1,Hispanic or Latino,White,Male,65-74,19.0,Loan originated
1,835000.0,36,875000.0,278.0,1,Hispanic or Latino,White,Male,25-34,95.0,Loan originated
1,635000.0,41,665000.0,168.0,1,Hispanic or Latino,White,Male,35-44,95.0,Loan originated
1,765000.0,30%-<36%,1065000.0,204.0,1,Hispanic or Latino,Asian,Male,45-54,71.403,Loan originated
1,865000.0,47,1085000.0,200.0,1,Not Hispanic or Latino,White,Female,35-44,80.0,Loan originated
1,385000.0,49,595000.0,84.0,1,Not Hispanic or Latino,Asian,Male,35-44,63.866,Loan originated
1,585000.0,43,615000.0,129.0,1,Not Hispanic or Latino,Asian,Male,35-44,95.0,Loan originated
1,515000.0,43,545000.0,145.0,1,Not Hispanic or Latino,White,Female,35-44,95.0,Loan originated
1,485000.0,49,605000.0,99.0,1,Not Hispanic or Latino,White,Female,35-44,79.871,Loan originated
1,655000.0,44,705000.0,162.0,1,Hispanic or Latino,American Indian or Alaska Native,Male,65-74,92.933,Loan originated
1,555000.0,49,695000.0,194.0,1,Not Hispanic or Latino,White,Male,65-74,80.0,Loan originated
1,525000.0,46,575000.0,103.0,1,Not Hispanic or Latino,Asian,Female,25-34,90.0,Loan originated
1,525000.0,49,655000.0,138.0,1,Not Hispanic or Latino,White,Female,35-44,80.0,Loan originated
1,305000.0,41,325000.0,84.0,1,Not Hispanic or Latino,White,Male,35-44,95.0,Loan originated
1,815000.0,45,935000.0,188.0,1,Not Hispanic or Latino,White,Male,35-44,87.097,Loan originated
1,355000.0,40,375000.0,101.0,1,Hispanic or Latino,White,Male,45-54,95.0,Loan originated
1,925000.0,30%-<36%,1585000.0,455.0,1,Not Hispanic or Latino,Asian,Female,35-44,58.228,Loan originated
1,125000.0,46,355000.0,46.0,1,Not Hispanic or Latino,White,Male,65-74,35.714,Loan originated
1,635000.0,20%-<30%,975000.0,363.0,1,Not Hispanic or Latino,Asian,Male,55-64,65.0,Loan originated
1,455000.0,40,565000.0,198.0,1,Not Hispanic or Latino,Asian,Male,35-44,80.0,Loan originated
1,475000.0,49,595000.0,97.0,1,Not Hispanic or Latino,Asian,Male,<25,100.0,Loan originated
1,725000.0,40,755000.0,189.0,1,Not Hispanic or Latino,Asian,Female,25-34,100.0,Loan originated
1,665000.0,30%-<36%,1115000.0,251.0,1,Not Hispanic or Latino,Asian,Male,35-44,59.536,Loan originated
1,805000.0,38,1005000.0,223.0,1,Not Hispanic or Latino,Asian,Male,55-64,80.0,Loan originated
1,625000.0,43,785000.0,223.0,1,Not Hispanic or Latino,Black or African American,Female,45-54,79.489,Loan originated
1,545000.0,49,685000.0,220.0,1,Not Hispanic or Latino,Black or African American,Female,65-74,80.0,Loan originated
1,205000.0,44,725000.0,134.0,1,Not Hispanic or Latino,White,Male,65-74,27.401,Loan originated
1,335000.0,49,525000.0,63.0,1,Not Hispanic or Latino,Asian,Male,35-44,64.12,Loan originated
1,925000.0,41,1325000.0,218.0,1,Not Hispanic or Latino,Asian,Female,25-34,70.0,Loan originated
1,445000.0,49,635000.0,112.0,1,Not Hispanic or Latino,White,Female,55-64,70.0,Loan originated
1,365000.0,42,455000.0,73.0,1,Not Hispanic or Latino,White,Female,25-34,80.0,Loan originated
1,1015000.0,44,1315000.0,211.0,1,Not Hispanic or Latino,Asian,Male,25-34,76.99,Loan originated
1,315000.0,48,445000.0,66.0,1,Hispanic or Latino,White,Male,55-64,70.787,Loan originated
1,725000.0,46,815000.0,138.0,1,Not Hispanic or Latino,White,Female,35-44,89.877,Loan originated
1,335000.0,40,345000.0,86.0,1,Hispanic or Latino,White,Female,35-44,101.94,Loan originated
1,355000.0,42,415000.0,97.0,1,Not Hispanic or Latino,White,Female,25-34,85.0,Application denied
1,1025000.0,49,1375000.0,222.0,1,Not Hispanic or Latino,White,Male,45-54,94.489,Loan originated
1,405000.0,43,515000.0,212.0,1,Hispanic or Latino,White,Female,45-54,80.0,Loan originated
1,1145000.0,37,1935000.0,637.0,1,Not Hispanic or Latino,Asian,Male,35-44,59.282,Loan originated
1,715000.0,42,755000.0,235.0,1,Not Hispanic or Latino,White,Female,45-54,95.0,Loan originated
1,675000.0,39,745000.0,181.0,1,Not Hispanic or Latino,Asian,Female,35-44,90.0,Loan originated
1,345000.0,39,425000.0,138.0,1,Not Hispanic or Latino,White,Male,55-64,80.0,Loan originated
1,795000.0,46,885000.0,188.0,1,Not Hispanic or Latino,White,Female,55-64,90.0,Loan originated
1,565000.0,42,755000.0,130.0,1,Not Hispanic or Latino,White,Male,25-34,75.0,Loan originated
1,115000.0,36,485000.0,86.0,1,Not Hispanic or Latino,White,Male,45-54,23.68,Loan originated
1,225000.0,39,245000.0,72.0,1,Hispanic or Latino,White,Male,35-44,95.0,Loan originated
1,1025000.0,36,1375000.0,308.0,1,Not Hispanic or Latino,White,Male,45-54,74.46,Loan originated
1,675000.0,30%-<36%,1375000.0,273.0,1,Not Hispanic or Latino,Asian,Male,45-54,49.091,Loan originated
1,405000.0,40,515000.0,99.0,1,Not Hispanic or Latino,Asian,Female,25-34,78.431,Loan originated
1,465000.0,44,555000.0,119.0,1,Not Hispanic or Latino,White,Female,<25,84.55,Loan originated
1,955000.0,50%-60%,1255000.0,216.0,1,Hispanic or Latino,White,Male,35-44,76.0,Loan originated
1,735000.0,49,1055000.0,142.0,1,Not Hispanic or Latino,Asian,Female,25-34,70.0,Loan originated
1,505000.0,43,675000.0,130.0,1,Not Hispanic or Latino,White,Male,25-34,75.0,Loan originated
1,525000.0,30%-<36%,655000.0,143.0,1,Not Hispanic or Latino,White,Female,45-54,80.0,Loan originated
1,765000.0,47,1235000.0,193.0,1,Not Hispanic or Latino,White,Male,>74,62.32,Loan originated
1,675000.0,30%-<36%,845000.0,198.0,1,Not Hispanic or Latino,Asian,Male,25-34,80.0,Application denied
1,785000.0,44,855000.0,203.0,1,Not Hispanic or Latino,Asian,Female,45-54,91.765,Loan originated
1,445000.0,39,475000.0,148.0,1,Not Hispanic or Latino,Asian,Male,35-44,95.0,Loan originated
1,725000.0,42,1795000.0,332.0,1,Not Hispanic or Latino,Asian,Male,45-54,40.5,Loan originated
1,695000.0,49,815000.0,155.0,1,Not Hispanic or Latino,Asian,Male,35-44,84.91,Loan originated
1,765000.0,46,965000.0,147.0,1,Hispanic or Latino,White,Male,25-34,79.849,Loan originated
1,655000.0,49,725000.0,136.0,1,Not Hispanic or Latino,Asian,Male,55-64,90.0,Loan originated
1,675000.0,45,905000.0,180.0,1,Not Hispanic or Latino,White,Male,55-64,74.999,Loan originated
1,435000.0,45,585000.0,103.0,1,Not Hispanic or Latino,Asian,Male,35-44,75.0,Loan originated
1,575000.0,30%-<36%,725000.0,215.0,1,Not Hispanic or Latino,White,Female,65-74,80.0,Loan originated
1,755000.0,36,775000.0,360.0,1,Not Hispanic or Latino,White,Male,35-44,97.0,Loan originated
1,435000.0,43,445000.0,102.0,1,Hispanic or Latino,White,Male,25-34,99.886,Loan originated
1,305000.0,20%-<30%,505000.0,105.0,1,Not Hispanic or Latino,Asian,Male,25-34,60.0,Loan originated
1,735000.0,38,815000.0,190.0,1,Hispanic or Latino,White,Male,55-64,90.0,Loan originated
1,75000.0,30%-<36%,105000.0,70.0,1,Not Hispanic or Latino,White,Female,55-64,75.0,Loan originated
1,215000.0,39,265000.0,76.0,1,Hispanic or Latino,White,Female,25-34,80.0,Loan originated
1,595000.0,20%-<30%,785000.0,285.0,1,Not Hispanic or Latino,Asian,Female,<25,75.0,Loan originated
1,335000.0,48,445000.0,79.0,1,Not Hispanic or Latino,White,Female,35-44,75.0,Loan originated
1,255000.0,49,265000.0,58.0,1,Hispanic or Latino,White,Female,25-34,97.0,Loan originated
1,405000.0,49,545000.0,91.0,1,Not Hispanic or Latino,Asian,Male,25-34,95.0,Loan originated
1,705000.0,38,1005000.0,353.0,1,Not Hispanic or Latino,White,Male,35-44,70.0,Loan originated
1,775000.0,20%-<30%,855000.0,376.0,1,Not Hispanic or Latino,White,Male,25-34,89.87,Loan originated
1,135000.0,20%-<30%,405000.0,74.0,1,Not Hispanic or Latino,White,Female,65-74,33.75,Loan originated
1,295000.0,30%-<36%,325000.0,113.0,1,Not Hispanic or Latino,White,Male,55-64,90.0,Loan originated
1,1105000.0,44,1385000.0,242.0,1,Not Hispanic or Latino,Asian,Male,35-44,80.0,Loan originated
1,325000.0,50%-60%,335000.0,148.0,1,Not Hispanic or Latino,White,Female,35-44,95.0,Application denied
1,585000.0,47,955000.0,127.0,1,Not Hispanic or Latino,White,Male,25-34,60.733,Loan originated
1,775000.0,39,865000.0,365.0,1,Not Hispanic or Latino,Asian,Male,35-44,89.99,Loan originated
1,575000.0,50%-60%,605000.0,130.0,1,Not Hispanic or Latino,White,Male,45-54,97.0,Application denied
1,465000.0,20%-<30%,575000.0,174.0,1,Hispanic or Latino,White,Male,35-44,80.0,Loan originated
1,975000.0,49,1325000.0,195.0,1,Not Hispanic or Latino,Asian,Male,35-44,74.09,Loan originated
1,645000.0,41,715000.0,216.0,1,Not Hispanic or Latino,Black or African American,Female,55-64,90.0,Loan originated
1,1215000.0,30%-<36%,1865000.0,358.0,1,Not Hispanic or Latino,Asian,Male,25-34,65.11,Loan originated
1,655000.0,40,775000.0,215.0,1,Hispanic or Latino,White,Male,35-44,85.0,Loan originated
1,365000.0,47,465000.0,107.0,1,Not Hispanic or Latino,Asian,Female,35-44,80.0,Loan originated
1,255000.0,<20%,785000.0,265.0,1,Not Hispanic or Latino,Asian,Female,35-44,32.8,Loan originated
1,605000.0,20%-<30%,1155000.0,219.0,1,Not Hispanic or Latino,Asian,Male,25-34,52.174,Loan originated
1,505000.0,39,805000.0,154.0,1,Not Hispanic or Latino,Asian,Male,45-54,63.0,Loan originated
1,455000.0,41,485000.0,126.0,1,Hispanic or Latino,White,Male,35-44,95.0,Loan originated
1,645000.0,49,805000.0,155.0,1,Not Hispanic or Latino,Asian,Female,35-44,80.0,Loan originated
1,525000.0,30%-<36%,945000.0,173.0,1,Not Hispanic or Latino,Asian,Female,35-44,56.52,Loan originated
1,235000.0,38,295000.0,71.0,1,Not Hispanic or Latino,White,Male,35-44,80.0,Loan originated
1,365000.0,43,665000.0,85.0,1,Not Hispanic or Latino,Native Hawaiian or Other Pacific Islander,Male,35-44,54.887,Loan originated
1,985000.0,30%-<36%,1235000.0,280.0,1,Not Hispanic or Latino,White,Male,35-44,80.0,Loan originated
1,115000.0,49,265000.0,48.0,1,Hispanic or Latino,White,Female,45-54,44.528,Loan originated
1,745000.0,44,1295000.0,170.0,1,Not Hispanic or Latino,Asian,Male,25-34,57.394,Loan originated
1,665000.0,40,955000.0,213.0,1,Not Hispanic or Latino,White,Female,35-44,70.0,Loan originated
1,425000.0,30%-<36%,525000.0,133.0,1,Hispanic or Latino,White,Male,35-44,80.0,Loan originated
1,535000.0,44,555000.0,129.0,1,Hispanic or Latino,White,Male,25-34,95.781,Loan originated
1,595000.0,30%-<36%,705000.0,158.0,1,Not Hispanic or Latino,Asian,Male,35-44,85.0,Loan originated
1,175000.0,44,545000.0,63.0,1,Not Hispanic or Latino,White,Female,45-54,32.657,Loan originated
1,275000.0,45,285000.0,65.0,1,Not Hispanic or Latino,Black or African American,Male,35-44,100.0,Loan originated
1,755000.0,50%-60%,1675000.0,166.0,1,Not Hispanic or Latino,Asian,Male,25-34,44.91,Loan originated
1,535000.0,47,665000.0,156.0,1,Not Hispanic or Latino,Asian,Male,65-74,80.0,Loan originated
1,685000.0,47,725000.0,183.0,1,Hispanic or Latino,White,Male,25-34,95.0,Loan originated
1,375000.0,20%-<30%,475000.0,95.0,1,Not Hispanic or Latino,White,Female,25-34,80.0,Loan originated
1,1025000.0,43,1275000.0,370.0,1,Not Hispanic or Latino,Black or African American,Female,35-44,80.0,Loan originated
1,135000.0,48,405000.0,45.0,1,Not Hispanic or Latino,Asian,Male,65-74,35.0,Loan originated
1,695000.0,46,815000.0,209.0,1,Not Hispanic or Latino,Asian,Male,45-54,86.0,Application denied
1,1115000.0,37,1855000.0,514.0,1,Not Hispanic or Latino,Asian,Male,45-54,60.0,Loan originated
1,635000.0,20%-<30%,885000.0,300.0,1,Hispanic or Latino,White,Female,45-54,71.751,Loan originated
1,425000.0,30%-<36%,475000.0,135.0,1,Not Hispanic or Latino,White,Female,35-44,90.0,Loan originated
1,215000.0,30%-<36%,385000.0,70.0,1,Not Hispanic or Latino,Asian,Male,35-44,55.21956,Loan originated
1,235000.0,48,245000.0,65.0,1,Hispanic or Latino,White,Female,35-44,95.0,Loan originated
1,175000.0,43,375000.0,56.0,1,Hispanic or Latino,White,Male,35-44,46.667,Loan originated
1,1045000.0,46,1105000.0,234.0,1,Not Hispanic or Latino,White,Female,45-54,95.0,Application denied
1,365000.0,44,385000.0,110.0,1,Not Hispanic or Latino,White,Male,65-74,95.0,Loan originated
1,755000.0,45,945000.0,157.0,1,Not Hispanic or Latino,Asian,Male,25-34,80.0,Loan originated
1,65000.0,30%-<36%,95000.0,56.0,1,Not Hispanic or Latino,White,Female,65-74,63.16,Loan originated
1,385000.0,30%-<36%,785000.0,139.0,1,Not Hispanic or Latino,White,Male,45-54,49.0,Loan originated
1,375000.0,43,465000.0,157.0,1,Not Hispanic or Latino,White,Male,65-74,80.0,Loan originated
1,925000.0,41,1155000.0,558.0,1,Not Hispanic or Latino,White,Male,35-44,80.0,Loan originated
1,325000.0,50%-60%,365000.0,82.0,1,Hispanic or Latino,White,Female,25-34,90.278,Loan originated
1,225000.0,43,325000.0,64.0,1,Not Hispanic or Latino,Asian,Male,55-64,70.0,Loan originated
1,335000.0,<20%,485000.0,319.0,1,Not Hispanic or Latino,White,Male,25-34,70.0,Loan originated
1,415000.0,49,525000.0,84.0,1,Not Hispanic or Latino,White,Male,35-44,78.701,Loan originated
1,555000.0,49,695000.0,136.0,1,Not Hispanic or Latino,Asian,Male,25-34,80.0,Loan originated
1,405000.0,36,1455000.0,138.0,1,Not Hispanic or Latino,White,Female,65-74,27.586,Loan originated
1,225000.0,39,415000.0,65.0,1,Not Hispanic or Latino,White,Female,35-44,53.659,Loan originated
1,785000.0,43,1055000.0,268.0,1,Not Hispanic or Latino,Asian,Female,45-54,74.99995,Loan originated
1,1145000.0,46,1505000.0,293.0,1,Not Hispanic or Latino,Asian,Female,45-54,77.0,Loan originated
1,825000.0,42,1075000.0,251.0,1,Not Hispanic or Latino,White,Male,35-44,77.0,Loan originated
1,535000.0,20%-<30%,715000.0,207.0,1,Not Hispanic or Latino,Asian,Female,35-44,75.0,Loan originated
1,315000.0,40,625000.0,105.0,1,Not Hispanic or Latino,2 or more minority races,Female,35-44,97.0,Loan originated
1,375000.0,30%-<36%,475000.0,120.0,1,Not Hispanic or Latino,Asian,Female,25-34,80.0,Loan originated
1,65000.0,42,865000.0,45.0,1,Hispanic or Latino,White,Male,45-54,7.5,Application denied
1,465000.0,20%-<30%,675000.0,178.0,1,Not Hispanic or Latino,White,Male,45-54,68.37,Loan originated
1,145000.0,30%-<36%,485000.0,81.0,1,Not Hispanic or Latino,White,Female,35-44,30.117,Loan originated
1,825000.0,49,925000.0,211.0,1,Not Hispanic or Latino,White,Female,35-44,89.13,Loan originated
1,435000.0,45,545000.0,113.0,1,Not Hispanic or Latino,White,Male,25-34,80.0,Loan originated
1,535000.0,42,805000.0,125.0,1,Not Hispanic or Latino,2 or more minority races,Male,35-44,67.0,Loan originated
1,235000.0,40,245000.0,68.0,1,Not Hispanic or Latino,White,Female,25-34,95.0,Loan originated
1,485000.0,41,665000.0,150.0,1,Not Hispanic or Latino,White,Male,35-44,73.0,Loan originated
1,295000.0,45,415000.0,93.0,1,Not Hispanic or Latino,White,Female,55-64,70.0,Loan originated
1,1105000.0,42,2215000.0,322.0,1,Not Hispanic or Latino,White,Male,45-54,50.0,Loan originated
1,475000.0,46,505000.0,104.0,1,Not Hispanic or Latino,Black or African American,Female,35-44,95.0,Loan originated
1,575000.0,49,635000.0,125.0,1,Not Hispanic or Latino,White,Female,25-34,89.984,Loan originated
1,705000.0,46,1375000.0,173.0,1,Not Hispanic or Latino,2 or more minority races,Female,65-74,50.91,Loan originated
1,955000.0,30%-<36%,1195000.0,571.0,1,Not Hispanic or Latino,White,Male,35-44,80.0,Loan originated
1,655000.0,42,745000.0,250.0,1,Not Hispanic or Latino,White,Male,45-54,88.0,Loan originated
1,515000.0,49,645000.0,115.0,1,Not Hispanic or Latino,Asian,Male,25-34,79.955,Loan originated
1,375000.0,43,795000.0,142.0,1,Not Hispanic or Latino,White,Female,65-74,47.031,Loan originated
1,375000.0,44,495000.0,83.0,1,Hispanic or Latino,White,Male,25-34,91.31,Loan originated
1,725000.0,47,815000.0,175.0,1,Not Hispanic or Latino,Asian,Male,35-44,90.0,Loan originated
1,555000.0,49,575000.0,127.0,1,Hispanic or Latino,White,Female,25-34,97.0,Loan originated
1,1055000.0,40,1555000.0,238.0,1,Not Hispanic or Latino,White,Male,25-34,67.742,Loan originated
1,305000.0,41,325000.0,84.0,1,Hispanic or Latino,White,Male,25-34,97.0,Loan originated
1,445000.0,49,465000.0,97.0,1,Not Hispanic or Latino,White,Female,<25,97.0,Loan originated
1,175000.0,49,335000.0,37.0,1,Not Hispanic or Latino,Asian,Male,65-74,52.0,Loan originated
1,505000.0,46,855000.0,254.0,1,Not Hispanic or Latino,White,Female,65-74,58.824,Loan originated
1,235000.0,49,425000.0,56.0,1,Hispanic or Latino,White,Male,45-54,55.0,Loan originated
1,715000.0,30%-<36%,955000.0,200.0,1,Not Hispanic or Latino,Asian,Male,35-44,75.0,Loan originated
1,765000.0,44,805000.0,185.0,1,Not Hispanic or Latino,Asian,Male,35-44,95.0,Loan originated
1,465000.0,48,495000.0,113.0,1,Hispanic or Latino,White,Female,55-64,95.0,Loan originated
1,1105000.0,49,2855000.0,292.0,1,Not Hispanic or Latino,Asian,Female,45-54,39.0,Loan originated
1,325000.0,39,385000.0,79.0,1,Not Hispanic or Latino,White,Female,65-74,85.0,Loan originated
1,315000.0,36,525000.0,136.0,1,Not Hispanic or Latino,Asian,Female,25-34,60.094,Loan originated
1,235000.0,30%-<36%,425000.0,146.0,1,Not Hispanic or Latino,White,Male,65-74,55.86,Loan originated
1,295000.0,49,375000.0,77.0,1,Not Hispanic or Latino,White,Female,35-44,80.0,Loan originated
1,595000.0,>60%,625000.0,78.0,1,Hispanic or Latino,White,Male,25-34,94.43,Loan originated
1,175000.0,20%-<30%,355000.0,97.0,1,Not Hispanic or Latino,Asian,Female,65-74,48.571,Loan originated
1,435000.0,49,445000.0,91.0,1,Hispanic or Latino,American Indian or Alaska Native,Female,35-44,100.0,Loan originated
1,635000.0,30%-<36%,795000.0,211.0,1,Not Hispanic or Latino,Asian,Male,25-34,80.0,Loan originated
1,425000.0,30%-<36%,535000.0,186.0,1,Not Hispanic or Latino,White,Female,45-54,80.0,Loan originated
1,295000.0,48,605000.0,83.0,1,Not Hispanic or Latino,White,Female,35-44,49.421,Loan originated
1,705000.0,42,945000.0,214.0,1,Not Hispanic or Latino,White,Male,45-54,74.973,Loan originated
1,295000.0,<20%,505000.0,288.0,1,Not Hispanic or Latino,Asian,Male,25-34,59.119,Loan originated
1,535000.0,43,635000.0,125.0,1,Not Hispanic or Latino,White,Male,35-44,84.252,Loan originated
1,765000.0,43,805000.0,260.0,1,Hispanic or Latino,White,Female,45-54,95.0,Loan originated
1,565000.0,45,705000.0,155.0,1,Not Hispanic or Latino,Asian,Female,45-54,80.0,Loan originated
1,515000.0,39,825000.0,123.0,1,Hispanic or Latino,White,Male,35-44,55.0,Application denied
1,655000.0,47,815000.0,245.0,1,Hispanic or Latino,White,Male,35-44,80.0,Loan originated
1,1025000.0,44,1285000.0,228.0,1,Not Hispanic or Latino,Asian,Male,35-44,80.0,Application denied
1,665000.0,40,695000.0,161.0,1,Hispanic or Latino,White,Male,25-34,97.0,Loan originated
1,295000.0,50%-60%,375000.0,94.0,1,Not Hispanic or Latino,White,Female,65-74,78.4,Loan originated
1,395000.0,36,955000.0,179.0,1,Not Hispanic or Latino,Asian,Female,65-74,41.053,Loan originated
1,605000.0,20%-<30%,755000.0,304.0,1,Not Hispanic or Latino,Asian,Male,25-34,80.0,Loan originated
1,105000.0,41,345000.0,42.0,1,Not Hispanic or Latino,White,Female,65-74,30.0,Loan originated
1,315000.0,20%-<30%,665000.0,207.0,1,Not Hispanic or Latino,Asian,Male,<25,46.97,Loan originated
1,515000.0,38,575000.0,173.0,1,Hispanic or Latino,White,Male,45-54,90.309,Loan originated
1,375000.0,30%-<36%,925000.0,129.0,1,Not Hispanic or Latino,Asian,Male,25-34,40.541,Loan originated
1,425000.0,49,465000.0,125.0,1,Not Hispanic or Latino,White,Male,25-34,90.0,Loan originated
1,265000.0,43,535000.0,80.0,1,Not Hispanic or Latino,White,Female,45-54,49.53,Loan originated
1,595000.0,42,665000.0,244.0,1,Not Hispanic or Latino,White,Male,35-44,90.0,Loan originated
1,655000.0,38,765000.0,807.0,1,Hispanic or Latino,White,Female,45-54,85.0,Loan originated
1,665000.0,49,705000.0,129.0,1,Hispanic or Latino,White,Female,25-34,95.0,Loan originated
1,985000.0,49,1095000.0,190.0,1,Hispanic or Latino,White,Female,45-54,89.991,Loan originated
1,695000.0,49,875000.0,162.0,1,Not Hispanic or Latino,White,Male,45-54,80.0,Loan originated
1,725000.0,40,1345000.0,227.0,1,Not Hispanic or Latino,White,Female,25-34,53.73,Loan originated
1,655000.0,30%-<36%,985000.0,215.0,1,Not Hispanic or Latino,Asian,Male,35-44,66.33,Loan originated
1,205000.0,30%-<36%,255000.0,64.0,1,Not Hispanic or Latino,White,Male,25-34,83.0,Loan originated
1,495000.0,50%-60%,525000.0,106.0,1,Not Hispanic or Latino,Black or African American,Male,35-44,95.0,Loan originated
1,845000.0,40,1085000.0,225.0,1,Not Hispanic or Latino,White,Female,25-34,78.0,Loan originated
1,295000.0,46,375000.0,67.0,1,Not Hispanic or Latino,Asian,Male,25-34,80.0,Loan originated
1,845000.0,47,1055000.0,260.0,1,Not Hispanic or Latino,Asian,Male,35-44,80.0,Loan originated
1,755000.0,45,1125000.0,174.0,1,Not Hispanic or Latino,Asian,Female,35-44,66.964,Loan originated
1,515000.0,47,535000.0,53.0,1,Hispanic or Latino,White,Male,25-34,95.0,Loan originated
1,435000.0,30%-<36%,745000.0,150.0,1,Not Hispanic or Latino,Asian,Male,45-54,57.983,Loan originated
1,235000.0,44,495000.0,107.0,1,Not Hispanic or Latino,White,Female,45-54,47.94,Loan originated
1,735000.0,39,915000.0,221.0,1,Hispanic or Latino,White,Male,45-54,80.0,Loan originated
1,205000.0,43,1255000.0,78.0,1,Not Hispanic or Latino,Asian,Female,25-34,16.0,Loan originated
1,875000.0,44,1465000.0,230.0,1,Not Hispanic or Latino,Asian,Male,55-64,60.0,Loan originated
1,555000.0,37,685000.0,255.0,1,Not Hispanic or Latino,White,Female,45-54,80.0,Loan originated
1,345000.0,30%-<36%,405000.0,131.0,1,Hispanic or Latino,White,Male,55-64,85.0,Loan originated
1,645000.0,44,1175000.0,158.0,1,Not Hispanic or Latino,White,Female,35-44,54.283,Loan originated
1,235000.0,30%-<36%,725000.0,145.0,1,Not Hispanic or Latino,White,Female,35-44,31.799,Loan originated
1,425000.0,>60%,445000.0,97.0,1,Not Hispanic or Latino,White,Female,25-34,95.0,Application denied
1,515000.0,30%-<36%,645000.0,144.0,1,Not Hispanic or Latino,White,Male,25-34,80.0,Loan originated
1,705000.0,41,1635000.0,201.0,1,Not Hispanic or Latino,Asian,Female,55-64,42.94,Loan originated
1,525000.0,20%-<30%,625000.0,168.0,1,Not Hispanic or Latino,White,Female,35-44,83.76,Loan originated
1,165000.0,49,595000.0,54.0,1,Hispanic or Latino,White,Female,35-44,27.035,Loan originated
1,355000.0,49,755000.0,77.0,1,Not Hispanic or Latino,Asian,Male,65-74,46.667,Loan originated
1,115000.0,30%-<36%,645000.0,69.0,1,Not Hispanic or Latino,White,Male,65-74,17.188,Loan originated
1,665000.0,42,835000.0,202.0,1,Not Hispanic or Latino,Asian,Female,35-44,80.0,Loan originated
1,425000.0,46,535000.0,111.0,1,Not Hispanic or Latino,Asian,Female,25-34,80.0,Loan originated
1,325000.0,36,405000.0,98.0,1,Not Hispanic or Latino,White,Male,45-54,80.0,Loan originated
1,1035000.0,36,1095000.0,350.0,1,Not Hispanic or Latino,Black or African American,Male,25-34,95.0,Loan originated
1,275000.0,49,285000.0,59.0,1,Hispanic or Latino,White,Male,25-34,97.0,Loan originated
1,145000.0,41,715000.0,67.0,1,Not Hispanic or Latino,Asian,Male,25-34,20.317,Loan originated
1,545000.0,44,615000.0,201.0,1,Hispanic or Latino,White,Male,45-54,90.0,Loan originated
1,915000.0,<20%,1145000.0,709.0,1,Not Hispanic or Latino,Asian,Male,25-34,80.0,Loan originated
1,355000.0,39,755000.0,105.0,1,Not Hispanic or Latino,Asian,Male,25-34,46.667,Loan originated
1,765000.0,49,905000.0,178.0,1,Not Hispanic or Latino,Asian,Female,25-34,85.172,Loan originated
1,755000.0,37,1195000.0,210.0,1,Not Hispanic or Latino,White,Male,25-34,62.762,Loan originated
1,805000.0,49,1045000.0,270.0,1,Hispanic or Latino,White,Male,55-64,77.269,Loan originated
1,765000.0,45,1035000.0,161.0,1,Not Hispanic or Latino,Asian,Male,35-44,75.0,Loan originated
1,685000.0,49,855000.0,135.0,1,Not Hispanic or Latino,White,Male,35-44,80.0,Loan originated
1,555000.0,37,695000.0,136.0,1,Not Hispanic or Latino,White,Male,35-44,80.0,Loan originated
1,635000.0,41,795000.0,147.0,1,Not Hispanic or Latino,Asian,Male,25-34,80.0,Loan originated
1,445000.0,30%-<36%,505000.0,192.0,1,Hispanic or Latino,White,Male,25-34,89.9,Loan originated
1,165000.0,47,375000.0,52.0,1,Not Hispanic or Latino,White,Male,45-54,43.272,Loan originated
1,365000.0,46,425000.0,89.0,1,Not Hispanic or Latino,White,Female,25-34,85.0,Loan originated
1,345000.0,42,425000.0,145.0,1,Not Hispanic or Latino,White,Male,55-64,80.0,Loan originated
1,365000.0,48,405000.0,82.0,1,Hispanic or Latino,White,Female,25-34,90.0,Loan originated
1,295000.0,41,505000.0,95.0,1,Not Hispanic or Latino,Asian,Female,45-54,60.0,Loan originated
1,145000.0,37,615000.0,71.0,1,Not Hispanic or Latino,Asian,Male,45-54,23.577,Loan originated
1,465000.0,30%-<36%,885000.0,165.0,1,Not Hispanic or Latino,White,Male,25-34,52.187,Loan originated
1,425000.0,43,825000.0,105.0,1,Not Hispanic or Latino,White,Female,65-74,51.52,Loan originated
1,825000.0,41,1035000.0,357.0,1,Not Hispanic or Latino,Asian,Male,35-44,80.0,Loan originated
1,215000.0,44,305000.0,48.0,1,Not Hispanic or Latino,White,Male,25-34,70.0,Loan originated
1,765000.0,36,1355000.0,277.0,1,Not Hispanic or Latino,White,Female,45-54,56.815,Loan originated
1,655000.0,48,735000.0,145.0,1,Not Hispanic or Latino,Asian,Female,25-34,89.538,Loan originated
1,75000.0,20%-<30%,95000.0,59.0,1,Hispanic or Latino,White,Male,65-74,77.36,Application denied
1,765000.0,42,925000.0,246.0,1,Not Hispanic or Latino,White,Male,35-44,83.33,Loan originated
1,435000.0,42,465000.0,194.0,1,Hispanic or Latino,White,Male,<25,95.0,Loan originated
1,475000.0,37,495000.0,174.0,1,Not Hispanic or Latino,White,Male,35-44,95.0,Loan originated
1,745000.0,43,875000.0,233.0,1,Hispanic or Latino,White,Male,45-54,85.0,Loan originated
1,805000.0,42,1475000.0,200.0,1,Not Hispanic or Latino,Asian,Male,55-64,54.34,Loan originated
1,675000.0,49,755000.0,145.0,1,Hispanic or Latino,White,Male,45-54,90.0,Loan originated
1,665000.0,49,695000.0,130.0,1,Hispanic or Latino,White,Female,25-34,95.0,Loan originated
1,115000.0,30%-<36%,125000.0,48.0,1,Not Hispanic or Latino,White,Female,<25,90.0,Loan originated
1,465000.0,47,485000.0,132.0,1,Not Hispanic or Latino,Asian,Female,35-44,95.0,Loan originated
1,685000.0,38,855000.0,427.0,1,Not Hispanic or Latino,White,Male,55-64,80.0,Loan originated
1,365000.0,36,405000.0,108.0,1,Not Hispanic or Latino,White,Male,25-34,90.0,Loan originated
1,145000.0,38,225000.0,66.0,1,Not Hispanic or Latino,White,Female,35-44,65.86,Loan originated
1,395000.0,30%-<36%,515000.0,130.0,1,Not Hispanic or Latino,White,Female,35-44,76.471,Loan originated
1,355000.0,50%-60%,365000.0,120.0,1,Hispanic or Latino,Native Hawaiian or Other Pacific Islander,Female,25-34,95.9,Application denied
1,1015000.0,37,1405000.0,322.0,1,Not Hispanic or Latino,White,Female,45-54,72.696,Loan originated
1,525000.0,49,615000.0,100.0,1,Hispanic or Latino,White,Male,35-44,85.0,Loan originated
1,415000.0,49,455000.0,87.0,1,Not Hispanic or Latino,Asian,Female,25-34,93.0,Loan originated
1,705000.0,45,885000.0,267.0,1,Not Hispanic or Latino,White,Male,35-44,80.0,Loan originated
1,305000.0,20%-<30%,305000.0,80.0,1,Not Hispanic or Latino,Black or African American,Female,25-34,100.0,Application denied
1,755000.0,30%-<36%,1005000.0,200.0,1,Not Hispanic or Latino,White,Female,25-34,75.0,Loan originated
1,515000.0,49,605000.0,115.0,1,Not Hispanic or Latino,Asian,Female,35-44,85.0,Loan originated
1,485000.0,<20%,635000.0,0.0,1,Not Hispanic or Latino,White,Female,>74,80.0,Loan originated
1,1035000.0,47,1155000.0,210.0,1,Not Hispanic or Latino,White,Female,35-44,90.0,Loan originated
1,395000.0,39,435000.0,130.0,1,Hispanic or Latino,White,Male,25-34,90.0,Application denied
1,675000.0,46,905000.0,180.0,1,Not Hispanic or Latino,Asian,Female,35-44,75.0,Application denied
1,175000.0,<20%,195000.0,134.0,1,Not Hispanic or Latino,White,Female,35-44,89.474,Loan originated
1,625000.0,20%-<30%,785000.0,259.0,1,Not Hispanic or Latino,Asian,Male,35-44,80.0,Loan originated
1,405000.0,47,455000.0,114.0,1,Not Hispanic or Latino,White,Male,35-44,90.0,Loan originated
1,685000.0,30%-<36%,975000.0,417.0,1,Not Hispanic or Latino,White,Male,55-64,70.0,Loan originated
1,205000.0,47,265000.0,131.0,1,Hispanic or Latino,White,Female,25-34,80.0,Loan originated
1,445000.0,37,505000.0,142.0,1,Not Hispanic or Latino,Asian,Female,45-54,89.99,Loan originated
1,765000.0,46,975000.0,176.0,1,Not Hispanic or Latino,Asian,Male,55-64,78.621,Loan originated
1,615000.0,41,685000.0,148.0,1,Hispanic or Latino,White,Female,35-44,89.9,Loan originated
1,405000.0,20%-<30%,1375000.0,286.0,1,Not Hispanic or Latino,Asian,Male,55-64,29.091,Loan originated
1,1145000.0,49,1535000.0,236.0,1,Not Hispanic or Latino,Asian,Male,35-44,74.51,Loan originated
1,575000.0,42,875000.0,163.0,1,Not Hispanic or Latino,Asian,Male,65-74,65.517,Loan originated
1,115000.0,40,155000.0,119.0,1,Not Hispanic or Latino,White,Female,>74,75.0,Application denied
1,985000.0,42,1095000.0,289.0,1,Not Hispanic or Latino,Black or African American,Female,65-74,90.0,Loan originated
1,765000.0,44,835000.0,170.0,1,Hispanic or Latino,White,Male,35-44,95.0,Loan originated
1,835000.0,43,885000.0,225.0,1,Not Hispanic or Latino,Asian,Female,35-44,94.323,Loan originated
1,1005000.0,45,1405000.0,235.0,1,Not Hispanic or Latino,Asian,Male,25-34,72.0,Loan originated
1,495000.0,30%-<36%,615000.0,152.0,1,Not Hispanic or Latino,Asian,Male,25-34,80.0,Loan originated
1,795000.0,<20%,995000.0,665.0,1,Not Hispanic or Latino,White,Male,45-54,80.0,Loan originated
1,615000.0,44,815000.0,151.0,1,Hispanic or Latino,White,Male,35-44,75.0,Loan originated
1,195000.0,20%-<30%,245000.0,89.0,1,Hispanic or Latino,White,Male,35-44,80.0,Loan originated
1,455000.0,30%-<36%,1805000.0,221.0,1,Not Hispanic or Latino,Asian,Female,45-54,25.0,Loan originated
1,505000.0,39,635000.0,282.0,1,Not Hispanic or Latino,Asian,Male,35-44,80.0,Loan originated
1,375000.0,30%-<36%,475000.0,156.0,1,Not Hispanic or Latino,White,Male,35-44,80.0,Loan originated
1,365000.0,49,655000.0,89.0,1,Not Hispanic or Latino,Black or African American,Male,>74,55.0,Loan originated
1,455000.0,49,565000.0,131.0,1,Not Hispanic or Latino,White,Male,>74,80.0,Loan originated
1,505000.0,41,705000.0,156.0,1,Not Hispanic or Latino,White,Male,35-44,71.429,Loan originated
1,445000.0,48,565000.0,167.0,1,Not Hispanic or Latino,White,Female,55-64,80.0,Loan originated
1,435000.0,30%-<36%,455000.0,120.0,1,Not Hispanic or Latino,White,Female,45-54,95.0,Loan originated
1,405000.0,47,485000.0,100.0,1,Not Hispanic or Latino,Asian,Female,35-44,83.505,Loan originated
1,305000.0,30%-<36%,385000.0,196.0,1,Not Hispanic or Latino,White,Male,55-64,80.0,Loan originated
1,55000.0,43,75000.0,100.0,1,Hispanic or Latino,White,Male,45-54,75.0,Loan originated
1,765000.0,42,865000.0,203.0,1,Not Hispanic or Latino,White,Male,25-34,88.72,Loan originated
1,825000.0,47,875000.0,479.0,1,Not Hispanic or Latino,White,Male,25-34,95.0,Loan originated
1,405000.0,>60%,505000.0,28.0,1,Not Hispanic or Latino,White,Female,35-44,81.397,Application denied
1,135000.0,49,145000.0,44.0,1,Hispanic or Latino,White,Female,25-34,90.0,Loan originated
1,1105000.0,44,1505000.0,259.0,1,Not Hispanic or Latino,Asian,Male,25-34,73.333,Loan originated
1,145000.0,50%-60%,165000.0,73.0,1,Hispanic or Latino,White,Female,45-54,90.0,Loan originated
1,465000.0,46,505000.0,106.0,1,Not Hispanic or Latino,Asian,Male,25-34,92.07,Loan originated
1,415000.0,30%-<36%,435000.0,129.0,1,Not Hispanic or Latino,White,Female,25-34,97.0,Loan originated
1,615000.0,47,775000.0,147.0,1,Not Hispanic or Latino,White,Female,45-54,99.48,Loan originated
1,325000.0,44,335000.0,93.0,1,Hispanic or Latino,White,Male,25-34,100.88,Loan originated
1,455000.0,20%-<30%,955000.0,204.0,1,Not Hispanic or Latino,White,Female,35-44,47.368,Loan originated
1,365000.0,43,615000.0,193.0,1,Not Hispanic or Latino,White,Female,45-54,60.0,Loan originated
1,1125000.0,41,1405000.0,282.0,1,Not Hispanic or Latino,Asian,Male,35-44,80.0,Loan originated
1,955000.0,39,1195000.0,348.0,1,Not Hispanic or Latino,Asian,Male,25-34,80.0,Loan originated
1,645000.0,30%-<36%,805000.0,391.0,1,Not Hispanic or Latino,White,Male,55-64,80.0,Loan originated
1,365000.0,47,375000.0,81.0,1,Not Hispanic or Latino,Asian,Female,25-34,97.0,Loan originated
1,505000.0,30%-<36%,895000.0,175.0,1,Hispanic or Latino,White,Male,45-54,56.0,Application denied
1,605000.0,30%-<36%,765000.0,167.0,1,Not Hispanic or Latino,White,Male,35-44,80.0,Loan originated
1,935000.0,36,1255000.0,240.0,1,Not Hispanic or Latino,White,Male,35-44,75.0,Loan originated
1,1135000.0,39,1425000.0,363.0,1,Not Hispanic or Latino,White,Male,55-64,80.0,Loan originated
1,355000.0,41,475000.0,86.0,1,Hispanic or Latino,White,Female,25-34,75.0,Loan originated
1,525000.0,49,655000.0,111.0,1,Hispanic or Latino,White,Male,25-34,80.0,Loan originated
1,395000.0,47,525000.0,258.0,1,Not Hispanic or Latino,Asian,Male,35-44,75.0,Loan originated
1,505000.0,42,675000.0,176.0,1,Not Hispanic or Latino,Asian,Female,35-44,75.0,Loan originated
1,265000.0,30%-<36%,435000.0,160.0,1,Not Hispanic or Latino,White,Male,65-74,61.28,Loan originated
1,685000.0,45,815000.0,150.0,1,Not Hispanic or Latino,Asian,Male,<25,85.0,Application denied
1,855000.0,43,1145000.0,208.0,1,Not Hispanic or Latino,White,Female,35-44,75.0,Loan originated
1,365000.0,38,385000.0,96.0,1,Hispanic or Latino,White,Male,35-44,100.0,Loan originated
1,735000.0,45,775000.0,167.0,1,Not Hispanic or Latino,White,Male,45-54,95.0,Loan originated
1,735000.0,20%-<30%,985000.0,280.0,1,Not Hispanic or Latino,Asian,Male,25-34,75.0,Loan originated
1,1105000.0,20%-<30%,2335000.0,509.0,1,Not Hispanic or Latino,Asian,Male,35-44,47.049,Loan originated
1,445000.0,20%-<30%,555000.0,175.0,1,Not Hispanic or Latino,White,Male,25-34,80.0,Loan originated
1,315000.0,20%-<30%,615000.0,135.0,1,Not Hispanic or Latino,Asian,Female,25-34,51.22,Loan originated
1,675000.0,40,755000.0,169.0,1,Hispanic or Latino,White,Female,35-44,90.0,Loan originated
1,725000.0,>60%,915000.0,180.0,1,Hispanic or Latino,White,Male,65-74,80.0,Loan originated
1,115000.0,20%-<30%,135000.0,55.0,1,Not Hispanic or Latino,White,Male,35-44,80.0,Loan originated
1,565000.0,47,705000.0,165.0,1,Not Hispanic or Latino,Asian,Female,25-34,80.0,Loan originated
1,535000.0,46,565000.0,190.0,1,Not Hispanic or Latino,Asian,Male,55-64,95.0,Loan originated
1,265000.0,49,335000.0,60.0,1,Not Hispanic or Latino,White,Female,45-54,85.985,Loan originated
1,405000.0,30%-<36%,475000.0,118.0,1,Not Hispanic or Latino,White,Male,25-34,85.11,Application denied
1,365000.0,38,535000.0,245.0,1,Not Hispanic or Latino,White,Female,>74,67.381,Loan originated
1,365000.0,49,545000.0,77.0,1,Hispanic or Latino,White,Female,25-34,66.667,Loan originated
1,625000.0,30%-<36%,775000.0,260.0,1,Not Hispanic or Latino,White,Male,35-44,80.0,Loan originated
1,355000.0,41,445000.0,111.0,1,Not Hispanic or Latino,White,Female,35-44,80.0,Loan originated
1,275000.0,46,295000.0,95.0,1,Not Hispanic or Latino,White,Female,45-54,90.65,Application denied
1,505000.0,48,1505000.0,152.0,1,Hispanic or Latino,White,Male,65-74,33.333,Loan originated
1,735000.0,49,1325000.0,145.0,1,Not Hispanic or Latino,White,Female,35-44,56.0,Loan originated
1,325000.0,36,525000.0,166.0,1,Not Hispanic or Latino,Asian,Female,35-44,71.964,Loan originated
1,1055000.0,49,1175000.0,225.0,1,Not Hispanic or Latino,White,Female,35-44,89.362,Loan originated
1,1075000.0,44,1345000.0,233.0,1,Not Hispanic or Latino,Asian,Male,35-44,80.0,Loan originated
1,705000.0,44,785000.0,236.0,1,Not Hispanic or Latino,White,Male,45-54,90.0,Loan originated
1,715000.0,30%-<36%,785000.0,211.0,1,Not Hispanic or Latino,White,Female,25-34,90.0,Loan originated
1,475000.0,30%-<36%,715000.0,165.0,1,Not Hispanic or Latino,White,Female,35-44,67.229,Loan originated
1,485000.0,45,515000.0,150.0,1,Hispanic or Latino,White,Male,35-44,95.0,Loan originated
1,395000.0,44,425000.0,145.0,1,Not Hispanic or Latino,White,Male,25-34,95.0,Loan originated
1,555000.0,46,575000.0,125.0,1,Hispanic or Latino,White,Male,35-44,97.0,Loan originated
1,545000.0,49,685000.0,114.0,1,Not Hispanic or Latino,Black or African American,Female,55-64,80.0,Loan originated
1,585000.0,46,735000.0,129.0,1,Not Hispanic or Latino,Asian,Male,25-34,80.0,Loan originated
1,435000.0,30%-<36%,575000.0,170.0,1,Not Hispanic or Latino,White,Male,55-64,74.783,Loan originated
1,295000.0,48,315000.0,81.0,1,Hispanic or Latino,White,Female,<25,95.0,Loan originated
1,655000.0,42,825000.0,222.0,1,Not Hispanic or Latino,Asian,Male,35-44,80.0,Loan originated
1,535000.0,47,555000.0,114.0,1,Hispanic or Latino,White,Male,45-54,95.0,Application denied
1,195000.0,39,245000.0,67.0,1,Not Hispanic or Latino,White,Female,45-54,91.821,Loan originated
1,195000.0,30%-<36%,205000.0,67.0,1,Not Hispanic or Latino,American Indian or Alaska Native,Female,<25,97.0,Loan originated
1,975000.0,49,1305000.0,287.0,1,Not Hispanic or Latino,White,Male,25-34,75.0,Loan originated
1,725000.0,30%-<36%,1465000.0,350.0,1,Not Hispanic or Latino,Asian,Female,45-54,49.71,Loan originated
1,845000.0,42,1165000.0,231.0,1,Not Hispanic or Latino,Asian,Male,25-34,73.0,Loan originated
1,375000.0,45,555000.0,106.0,1,Not Hispanic or Latino,Asian,Female,35-44,68.182,Loan originated
1,595000.0,50%-60%,625000.0,125.0,1,Not Hispanic or Latino,White,Female,35-44,96.0,Application denied
1,165000.0,30%-<36%,475000.0,56.0,1,Hispanic or Latino,White,Male,55-64,36.0,Loan originated
1,675000.0,41,755000.0,148.0,1,Not Hispanic or Latino,Asian,Male,25-34,89.93,Loan originated
1,225000.0,48,485000.0,65.0,1,Not Hispanic or Latino,Asian,Female,35-44,45.95,Loan originated
1,335000.0,49,355000.0,72.0,1,Not Hispanic or Latino,Asian,Male,35-44,97.0,Loan originated
1,455000.0,42,515000.0,105.0,1,Hispanic or Latino,White,Male,35-44,90.0,Loan originated
1,555000.0,37,1415000.0,270.0,1,Hispanic or Latino,Asian,Female,55-64,38.814,Loan originated
1,325000.0,47,345000.0,116.0,1,Not Hispanic or Latino,American Indian or Alaska Native,Female,45-54,95.0,Loan originated
1,395000.0,42,555000.0,96.0,1,Hispanic or Latino,White,Male,45-54,100.901,Loan originated
1,955000.0,30%-<36%,1285000.0,463.0,1,Not Hispanic or Latino,White,Male,45-54,74.219,Loan originated
1,475000.0,49,625000.0,111.0,1,Not Hispanic or Latino,White,Male,35-44,75.806,Loan originated
1,345000.0,20%-<30%,865000.0,242.0,1,Not Hispanic or Latino,Asian,Male,35-44,40.161,Loan originated
1,485000.0,49,515000.0,196.0,1,Hispanic or Latino,Black or African American,Male,25-34,95.0,Loan originated
1,945000.0,43,1175000.0,214.0,1,Not Hispanic or Latino,Asian,Male,25-34,80.0,Loan originated
1,335000.0,48,475000.0,125.0,1,Not Hispanic or Latino,Asian,Male,45-54,70.0,Loan originated
1,475000.0,48,595000.0,110.0,1,Not Hispanic or Latino,White,Female,25-34,80.0,Loan originated
1,545000.0,47,725000.0,266.0,1,Not Hispanic or Latino,White,Female,35-44,75.0,Loan originated
1,375000.0,40,565000.0,120.0,1,Hispanic or Latino,White,Female,45-54,67.11,Loan originated
1,705000.0,<20%,1055000.0,816.0,1,Not Hispanic or Latino,Asian,Male,35-44,66.667,Loan originated
1,1145000.0,36,1545000.0,498.0,1,Hispanic or Latino,White,Male,55-64,74.664,Loan originated
1,485000.0,38,905000.0,180.0,1,Not Hispanic or Latino,White,Male,55-64,53.75,Loan originated
1,555000.0,47,575000.0,111.0,1,Not Hispanic or Latino,Asian,Male,45-54,95.0,Loan originated
1,825000.0,41,1195000.0,205.0,1,Not Hispanic or Latino,Asian,Male,25-34,68.75,Loan originated
1,955000.0,40,1265000.0,342.0,1,Hispanic or Latino,White,Male,45-54,75.0,Loan originated
1,315000.0,42,325000.0,72.0,1,Not Hispanic or Latino,Asian,Male,25-34,95.0,Loan originated
1,385000.0,37,425000.0,96.0,1,Not Hispanic or Latino,White,Male,25-34,90.0,Loan originated
1,545000.0,40,575000.0,304.0,1,Not Hispanic or Latino,White,Male,25-34,95.0,Loan originated
1,305000.0,30%-<36%,655000.0,110.0,1,Not Hispanic or Latino,White,Female,35-44,47.0,Loan originated
1,575000.0,38,775000.0,317.0,1,Not Hispanic or Latino,White,Female,65-74,74.003,Loan originated
1,295000.0,30%-<36%,305000.0,260.0,1,Not Hispanic or Latino,Asian,Male,45-54,95.0,Loan originated
1,275000.0,20%-<30%,525000.0,152.0,1,Not Hispanic or Latino,White,Female,65-74,52.381,Application denied
1,575000.0,48,605000.0,116.0,1,Hispanic or Latino,White,Female,65-74,95.0,Loan originated
1,765000.0,30%-<36%,925000.0,213.0,1,Not Hispanic or Latino,Asian,Female,35-44,83.32,Loan originated
1,655000.0,44,825000.0,145.0,1,Not Hispanic or Latino,Asian,Male,25-34,80.0,Loan originated
1,265000.0,37,425000.0,101.0,1,Not Hispanic or Latino,Asian,Female,25-34,62.617,Loan originated
1,265000.0,46,285000.0,134.0,1,Not Hispanic or Latino,Asian,Female,25-34,90.0,Loan originated
1,1105000.0,39,1405000.0,301.0,1,Not Hispanic or Latino,White,Male,35-44,80.0,Loan originated
1,675000.0,30%-<36%,1325000.0,191.0,1,Not Hispanic or Latino,White,Female,35-44,50.943,Loan originated
1,925000.0,46,1035000.0,291.0,1,Hispanic or Latino,White,Male,25-34,90.0,Loan originated
1,405000.0,20%-<30%,445000.0,142.0,1,Hispanic or Latino,White,Male,55-64,90.0,Loan originated
1,765000.0,42,845000.0,173.0,1,Not Hispanic or Latino,Asian,Male,25-34,90.0,Loan originated
1,285000.0,49,305000.0,67.0,1,Hispanic or Latino,White,Female,45-54,94.098,Loan originated
1,605000.0,47,1105000.0,132.0,1,Not Hispanic or Latino,Asian,Female,25-34,55.0,Loan originated
1,655000.0,48,875000.0,207.0,1,Not Hispanic or Latino,Asian,Female,>74,75.0,Loan originated
1,475000.0,49,655000.0,108.0,1,Hispanic or Latino,White,Male,55-64,72.0,Loan originated
1,845000.0,46,1055000.0,200.0,1,Not Hispanic or Latino,White,Female,55-64,79.999,Loan originated
1,245000.0,49,265000.0,63.0,1,Hispanic or Latino,White,Female,<25,95.0,Loan originated
1,765000.0,20%-<30%,1265000.0,300.0,1,Not Hispanic or Latino,White,Female,35-44,60.837,Loan originated
1,325000.0,45,1575000.0,117.0,1,Not Hispanic or Latino,Asian,Female,55-64,20.63,Loan originated
1,665000.0,45,1105000.0,170.0,1,Not Hispanic or Latino,Asian,Female,45-54,60.0,Loan originated
1,645000.0,49,805000.0,114.0,1,Hispanic or Latino,White,Male,25-34,80.0,Loan originated
1,825000.0,39,1105000.0,428.0,1,Not Hispanic or Latino,Asian,Male,55-64,75.0,Loan originated
1,1145000.0,49,1445000.0,291.0,1,Hispanic or Latino,American Indian or Alaska Native,Female,45-54,79.167,Loan originated
1,475000.0,39,505000.0,132.0,1,Hispanic or Latino,White,Male,25-34,97.0,Loan originated
1,575000.0,43,605000.0,220.0,1,Hispanic or Latino,White,Male,35-44,95.0,Loan originated
1,795000.0,47,885000.0,182.0,1,Not Hispanic or Latino,White,Male,35-44,90.0,Loan originated
1,1115000.0,41,1175000.0,305.0,1,Not Hispanic or Latino,Asian,Male,35-44,95.0,Loan originated
1,875000.0,40,1095000.0,277.0,1,Not Hispanic or Latino,Asian,Male,25-34,80.0,Loan originated
1,465000.0,38,1065000.0,144.0,1,Not Hispanic or Latino,White,Female,65-74,43.396,Loan originated
1,675000.0,42,715000.0,160.0,1,Hispanic or Latino,White,Female,25-34,95.0,Loan originated
1,725000.0,38,1175000.0,200.0,1,Not Hispanic or Latino,Asian,Male,25-34,62.0,Loan originated
1,365000.0,49,425000.0,86.0,1,Hispanic or Latino,White,Male,35-44,84.99,Application denied
1,435000.0,46,465000.0,115.0,1,Hispanic or Latino,White,Male,25-34,95.0,Loan originated
1,255000.0,30%-<36%,265000.0,110.0,1,Not Hispanic or Latino,White,Male,35-44,95.0,Loan originated
1,255000.0,46,505000.0,71.0,1,Not Hispanic or Latino,Asian,Male,55-64,50.0,Loan originated
1,795000.0,>60%,1795000.0,166.0,1,Not Hispanic or Latino,White,Female,55-64,44.26,Application denied
1,865000.0,47,1155000.0,222.0,1,Not Hispanic or Latino,Asian,Male,35-44,75.0,Loan originated
1,505000.0,37,565000.0,141.0,1,Not Hispanic or Latino,Asian,Female,35-44,90.0,Loan originated
1,1125000.0,30%-<36%,1405000.0,510.0,1,Not Hispanic or Latino,Asian,Female,35-44,80.0,Loan originated
1,495000.0,36,615000.0,263.0,1,Not Hispanic or Latino,White,Female,25-34,80.0,Loan originated
1,215000.0,49,225000.0,62.0,1,Not Hispanic or Latino,White,Male,55-64,97.0,Loan originated
1,725000.0,46,765000.0,194.0,1,Not Hispanic or Latino,White,Male,65-74,95.0,Loan originated
1,795000.0,37,995000.0,204.0,1,Hispanic or Latino,White,Male,55-64,80.0,Loan originated
1,665000.0,30%-<36%,685000.0,211.0,1,Not Hispanic or Latino,Black or African American,Male,55-64,99.177,Loan originated
1,505000.0,48,525000.0,152.0,1,Not Hispanic or Latino,White,Female,35-44,95.0,Loan originated
1,365000.0,48,455000.0,85.0,1,Not Hispanic or Latino,White,Male,45-54,80.0,Loan originated
1,725000.0,37,805000.0,449.0,1,Not Hispanic or Latino,Asian,Female,45-54,90.0,Loan originated
1,335000.0,41,485000.0,103.0,1,Not Hispanic or Latino,Asian,Female,35-44,69.792,Loan originated
1,165000.0,<20%,815000.0,234.0,1,Not Hispanic or Latino,Asian,Male,45-54,19.632,Loan originated
1,525000.0,38,1625000.0,303.0,1,Not Hispanic or Latino,White,Male,55-64,32.308,Loan originated
1,675000.0,49,845000.0,165.0,1,Not Hispanic or Latino,White,Male,>74,80.0,Loan originated
1,1005000.0,30%-<36%,1255000.0,311.0,1,Not Hispanic or Latino,White,Female,45-54,80.0,Loan originated
1,275000.0,48,305000.0,99.0,1,Not Hispanic or Latino,White,Female,45-54,90.0,Loan originated
1,85000.0,50%-60%,465000.0,38.0,1,Not Hispanic or Latino,Asian,Female,65-74,17.204,Loan originated
1,485000.0,20%-<30%,615000.0,286.0,1,Not Hispanic or Latino,White,Male,25-34,80.0,Loan originated
1,555000.0,20%-<30%,695000.0,212.0,1,Not Hispanic or Latino,White,Male,35-44,80.0,Loan originated
1,315000.0,30%-<36%,325000.0,107.0,1,Not Hispanic or Latino,Asian,Female,25-34,97.0,Loan originated
1,645000.0,48,685000.0,153.0,1,Hispanic or Latino,White,Male,25-34,95.0,Loan originated
1,935000.0,40,1165000.0,601.0,1,Not Hispanic or Latino,Asian,Male,35-44,80.0,Loan originated
1,735000.0,49,925000.0,173.0,1,Hispanic or Latino,White,Female,35-44,80.0,Loan originated
1,275000.0,45,675000.0,159.0,1,Not Hispanic or Latino,White,Female,55-64,40.741,Loan originated
1,855000.0,44,1065000.0,205.0,1,Not Hispanic or Latino,White,Female,25-34,80.0,Loan originated
1,435000.0,44,535000.0,138.0,1,Not Hispanic or Latino,White,Male,45-54,81.31,Loan originated
1,285000.0,30%-<36%,725000.0,120.0,1,Not Hispanic or Latino,White,Male,<25,39.31,Loan originated
1,765000.0,30%-<36%,1025000.0,258.0,1,Not Hispanic or Latino,White,Female,45-54,74.562,Application denied
1,615000.0,46,655000.0,158.0,1,Hispanic or Latino,White,Male,45-54,98.0,Loan originated
1,335000.0,46,345000.0,72.0,1,Hispanic or Latino,White,Female,25-34,97.0,Loan originated
1,435000.0,42,735000.0,191.0,1,Not Hispanic or Latino,White,Female,25-34,59.184,Loan originated
1,715000.0,47,845000.0,182.0,1,Not Hispanic or Latino,Asian,Male,45-54,85.0,Loan originated
1,355000.0,48,415000.0,73.0,1,Not Hispanic or Latino,White,Male,45-54,84.337,Loan originated
1,1145000.0,49,1525000.0,311.0,1,Not Hispanic or Latino,Asian,Male,45-54,75.25,Loan originated
1,85000.0,42,115000.0,42.0,1,Hispanic or Latino,White,Female,25-34,71.368,Loan originated
1,245000.0,30%-<36%,255000.0,79.0,1,Not Hispanic or Latino,White,Female,45-54,97.0,Loan originated
1,555000.0,46,745000.0,122.0,1,Not Hispanic or Latino,White,Female,45-54,75.0,Loan originated
1,205000.0,46,695000.0,57.0,1,Not Hispanic or Latino,Asian,Female,45-54,28.986,Loan originated
1,115000.0,43,285000.0,35.0,1,Not Hispanic or Latino,White,Male,55-64,39.716,Loan originated
1,695000.0,<20%,935000.0,774.0,1,Hispanic or Latino,White,Male,55-64,75.0,Loan originated
1,535000.0,49,665000.0,108.0,1,Not Hispanic or Latino,Asian,Female,25-34,80.0,Loan originated
1,805000.0,49,895000.0,185.0,1,Not Hispanic or Latino,Asian,Male,35-44,90.0,Loan originated
1,445000.0,30%-<36%,555000.0,127.0,1,Not Hispanic or Latino,Asian,Female,25-34,80.0,Loan originated
1,235000.0,<20%,255000.0,184.0,1,Not Hispanic or Latino,White,Female,55-64,95.0,Loan originated
1,605000.0,43,635000.0,159.0,1,Not Hispanic or Latino,Asian,Male,25-34,95.0,Loan originated
1,745000.0,45,775000.0,231.0,1,Not Hispanic or Latino,Black or African American,Male,55-64,95.0,Loan originated
1,235000.0,49,255000.0,98.0,1,Not Hispanic or Latino,White,Male,25-34,95.0,Loan originated
1,555000.0,43,645000.0,138.0,1,Not Hispanic or Latino,White,Male,45-54,86.71,Loan originated
1,515000.0,42,545000.0,114.0,1,Not Hispanic or Latino,Asian,Male,35-44,95.0,Loan originated
1,445000.0,20%-<30%,565000.0,194.0,1,Not Hispanic or Latino,Asian,Male,35-44,80.0,Loan originated
1,615000.0,30%-<36%,725000.0,222.0,1,Not Hispanic or Latino,Black or African American,Female,35-44,85.0,Loan originated
1,575000.0,37,825000.0,158.0,1,Not Hispanic or Latino,Asian,Male,25-34,69.71,Loan originated
1,325000.0,49,335000.0,84.0,1,Not Hispanic or Latino,White,Female,25-34,95.0,Loan originated
1,505000.0,36,845000.0,170.0,1,Not Hispanic or Latino,Asian,Female,35-44,60.0,Loan originated
1,395000.0,46,665000.0,280.0,1,Not Hispanic or Latino,Asian,Male,35-44,60.0,Loan originated
1,555000.0,39,585000.0,164.0,1,Not Hispanic or Latino,White,Male,35-44,95.0,Loan originated
1,325000.0,36,505000.0,132.0,1,Not Hispanic or Latino,White,Male,35-44,65.3,Application denied
1,135000.0,50%-60%,205000.0,52.0,1,Hispanic or Latino,White,Male,<25,67.98,Application denied
1,345000.0,>60%,425000.0,50.0,1,Not Hispanic or Latino,White,Male,45-54,80.0,Application denied
1,475000.0,37,595000.0,201.0,1,Not Hispanic or Latino,White,Female,<25,80.0,Loan originated
1,535000.0,42,595000.0,225.0,1,Not Hispanic or Latino,Asian,Male,35-44,89.99,Loan originated
1,505000.0,38,905000.0,137.0,1,Hispanic or Latino,White,Female,<25,55.556,Loan originated
1,635000.0,45,705000.0,172.0,1,Hispanic or Latino,White,Female,25-34,90.0,Loan originated
1,575000.0,43,595000.0,136.0,1,Hispanic or Latino,White,Female,35-44,97.0,Loan originated
1,525000.0,49,585000.0,129.0,1,Not Hispanic or Latino,Asian,Female,25-34,90.0,Application denied
1,215000.0,39,615000.0,87.0,1,Not Hispanic or Latino,White,Male,35-44,34.426,Loan originated
1,205000.0,48,345000.0,124.0,1,Not Hispanic or Latino,White,Male,>74,57.971,Loan originated
1,765000.0,40,1035000.0,172.0,1,Not Hispanic or Latino,Asian,Male,35-44,74.0,Loan originated
1,1115000.0,47,1395000.0,252.0,1,Not Hispanic or Latino,Asian,Male,45-54,80.0,Loan originated
1,465000.0,38,675000.0,147.0,1,Not Hispanic or Latino,Asian,Female,45-54,70.0,Loan originated
1,635000.0,41,755000.0,283.0,1,Hispanic or Latino,White,Male,35-44,85.0,Loan originated
1,455000.0,48,515000.0,180.0,1,Not Hispanic or Latino,White,Male,25-34,88.281,Loan originated
1,1135000.0,49,1445000.0,262.0,1,Not Hispanic or Latino,White,Male,35-44,79.0,Loan originated
1,495000.0,37,625000.0,140.0,1,Not Hispanic or Latino,White,Male,35-44,80.0,Loan originated
1,155000.0,45,515000.0,52.0,1,Not Hispanic or Latino,White,Male,55-64,29.297,Application denied
1,905000.0,50%-60%,955000.0,239.0,1,Not Hispanic or Latino,White,Male,35-44,95.0,Application denied
1,95000.0,37,315000.0,29.0,1,Hispanic or Latino,White,Female,65-74,31.29,Loan originated
1,565000.0,46,705000.0,165.0,1,Not Hispanic or Latino,White,Male,45-54,80.0,Loan originated
1,635000.0,36,795000.0,175.0,1,Not Hispanic or Latino,Asian,Male,35-44,80.0,Loan originated
1,365000.0,30%-<36%,655000.0,151.0,1,Not Hispanic or Latino,White,Male,45-54,56.0,Loan originated
1,385000.0,49,395000.0,106.0,1,Hispanic or Latino,White,Female,55-64,97.0,Loan originated
1,735000.0,45,935000.0,154.0,1,Not Hispanic or Latino,Asian,Male,35-44,97.0,Loan originated
1,635000.0,38,845000.0,447.0,1,Not Hispanic or Latino,Asian,Male,35-44,75.0,Loan originated
1,675000.0,47,765000.0,164.0,1,Hispanic or Latino,White,Male,45-54,89.0,Loan originated
1,195000.0,20%-<30%,225000.0,95.0,1,Not Hispanic or Latino,White,Male,25-34,90.0,Loan originated
1,605000.0,30%-<36%,765000.0,182.0,1,Hispanic or Latino,White,Male,45-54,80.0,Loan originated
1,375000.0,44,475000.0,95.0,1,Not Hispanic or Latino,Asian,Female,45-54,80.0,Loan originated
1,745000.0,36,1275000.0,205.0,1,Not Hispanic or Latino,White,Female,35-44,59.0,Loan originated
1,425000.0,46,625000.0,90.0,1,Not Hispanic or Latino,2 or more minority races,Female,45-54,68.0,Loan originated
1,555000.0,30%-<36%,695000.0,550.0,1,Hispanic or Latino,White,Male,55-64,80.0,Loan originated
1,695000.0,48,865000.0,158.0,1,Not Hispanic or Latino,Asian,Female,25-34,80.0,Loan originated
1,405000.0,49,1005000.0,89.0,1,Not Hispanic or Latino,White,Male,35-44,40.0,Loan originated
1,365000.0,46,395000.0,88.0,1,Not Hispanic or Latino,Black or African American,Male,35-44,98.214,Loan originated
1,765000.0,47,955000.0,181.0,1,Hispanic or Latino,White,Female,45-54,80.0,Loan originated
1,255000.0,49,455000.0,54.0,1,Not Hispanic or Latino,White,Female,35-44,56.36,Loan originated
1,135000.0,30%-<36%,545000.0,84.0,1,Not Hispanic or Latino,Asian,Female,55-64,24.681,Loan originated
1,975000.0,49,1775000.0,197.0,1,Not Hispanic or Latino,Asian,Male,35-44,54.86,Loan originated
1,305000.0,30%-<36%,345000.0,101.0,1,Not Hispanic or Latino,White,Male,45-54,90.0,Loan originated
1,475000.0,49,495000.0,92.0,1,Hispanic or Latino,White,Male,35-44,95.0,Loan originated
1,415000.0,42,515000.0,138.0,1,Not Hispanic or Latino,White,Male,45-54,80.0,Loan originated
1,255000.0,44,455000.0,80.0,1,Not Hispanic or Latino,White,Female,25-34,56.0,Loan originated
1,605000.0,45,1565000.0,190.0,1,Not Hispanic or Latino,Asian,Female,55-64,38.417,Loan originated
1,965000.0,49,2795000.0,235.0,1,Not Hispanic or Latino,Asian,Male,25-34,34.489,Loan originated
1,895000.0,47,1245000.0,190.0,1,Not Hispanic or Latino,Asian,Male,35-44,71.774,Loan originated
1,195000.0,30%-<36%,325000.0,86.0,1,Not Hispanic or Latino,White,Female,35-44,61.538,Loan originated
1,435000.0,49,545000.0,127.0,1,Not Hispanic or Latino,White,Male,25-34,80.0,Loan originated
1,875000.0,41,975000.0,212.0,1,Not Hispanic or Latino,White,Male,25-34,89.99,Loan originated
1,205000.0,42,845000.0,115.0,1,Not Hispanic or Latino,Asian,Female,65-74,23.81,Loan originated
1,405000.0,46,425000.0,114.0,1,Not Hispanic or Latino,Asian,Male,35-44,95.0,Loan originated
1,225000.0,49,275000.0,110.0,1,Not Hispanic or Latino,White,Female,<25,80.0,Loan originated
1,565000.0,45,1165000.0,184.0,1,Not Hispanic or Latino,White,Female,55-64,48.32,Loan originated
1,775000.0,46,865000.0,343.0,1,Not Hispanic or Latino,Asian,Female,25-34,90.0,Loan originated
1,965000.0,39,1215000.0,370.0,1,Not Hispanic or Latino,White,Female,35-44,80.0,Loan originated
1,185000.0,45,195000.0,54.0,1,Not Hispanic or Latino,White,Male,25-34,95.0,Loan originated
1,565000.0,49,625000.0,104.0,1,Not Hispanic or Latino,Black or African American,Male,45-54,90.0,Loan originated
1,165000.0,20%-<30%,215000.0,59.0,1,Not Hispanic or Latino,White,Male,65-74,80.0,Loan originated
1,1185000.0,38,1715000.0,337.0,1,Not Hispanic or Latino,White,Male,35-44,69.35,Loan originated
1,515000.0,43,705000.0,125.0,1,Not Hispanic or Latino,Asian,Female,35-44,72.857,Loan originated
1,405000.0,20%-<30%,585000.0,157.0,1,Not Hispanic or Latino,White,Female,25-34,69.513,Loan originated
1,155000.0,37,455000.0,100.0,1,Not Hispanic or Latino,White,Female,55-64,33.5,Loan originated
1,315000.0,46,595000.0,146.0,1,Hispanic or Latino,White,Female,45-54,54.0,Loan originated
1,515000.0,39,645000.0,150.0,1,Not Hispanic or Latino,White,Male,25-34,80.0,Loan originated
1,995000.0,43,1325000.0,226.0,1,Not Hispanic or Latino,Asian,Female,25-34,75.0,Loan originated
1,435000.0,30%-<36%,545000.0,171.0,1,Not Hispanic or Latino,Asian,Female,55-64,80.0,Loan originated
1,765000.0,30%-<36%,1145000.0,270.0,1,Not Hispanic or Latino,White,Male,35-44,68.09,Loan originated
1,245000.0,49,365000.0,50.0,1,Hispanic or Latino,White,Male,25-34,66.667,Loan originated
1,685000.0,45,725000.0,197.0,1,Not Hispanic or Latino,Asian,Male,45-54,95.0,Loan originated
1,685000.0,30%-<36%,855000.0,215.0,1,Not Hispanic or Latino,White,Male,35-44,80.0,Loan originated
1,445000.0,42,495000.0,149.0,1,Hispanic or Latino,White,Male,35-44,90.0,Loan originated
1,425000.0,43,1025000.0,122.0,1,Not Hispanic or Latino,Asian,Female,25-34,41.46,Loan originated
1,215000.0,37,435000.0,57.0,1,Not Hispanic or Latino,White,Female,55-64,48.504,Loan originated
1,355000.0,36,535000.0,110.0,1,Not Hispanic or Latino,Asian,Female,25-34,66.355,Application denied
1,765000.0,47,905000.0,178.0,1,Hispanic or Latino,White,Male,45-54,85.0,Loan originated
1,655000.0,48,925000.0,145.0,1,Not Hispanic or Latino,White,Male,35-44,70.27,Application denied
1,335000.0,40,355000.0,87.0,1,Hispanic or Latino,White,Female,25-34,95.0,Loan originated
1,985000.0,44,1175000.0,222.0,1,Not Hispanic or Latino,Asian,Female,25-34,84.085,Loan originated
1,55000.0,37,65000.0,40.0,1,Hispanic or Latino,2 or more minority races,Male,55-64,76.37,Loan originated
1,525000.0,36,1225000.0,191.0,1,Not Hispanic or Latino,White,Male,25-34,42.857,Loan originated
1,885000.0,40,935000.0,235.0,1,Not Hispanic or Latino,White,Male,35-44,95.0,Loan originated
1,385000.0,47,395000.0,98.0,1,Hispanic or Latino,White,Male,25-34,99.25,Loan originated
1,665000.0,42,885000.0,159.0,1,Not Hispanic or Latino,Asian,Male,<25,75.0,Loan originated
1,535000.0,20%-<30%,765000.0,145.0,1,Not Hispanic or Latino,Asian,Male,35-44,69.94,Loan originated
1,305000.0,20%-<30%,375000.0,315.0,1,Not Hispanic or Latino,Asian,Male,55-64,80.0,Loan originated
1,525000.0,44,645000.0,134.0,1,Not Hispanic or Latino,Black or African American,Male,25-34,102.0,Loan originated
1,635000.0,36,795000.0,195.0,1,Not Hispanic or Latino,White,Male,45-54,80.0,Loan originated
1,445000.0,49,645000.0,86.0,1,Hispanic or Latino,White,Male,<25,68.992,Loan originated
1,485000.0,50%-60%,565000.0,93.0,1,Not Hispanic or Latino,Asian,Male,35-44,109.292,Application denied
1,675000.0,20%-<30%,1275000.0,227.0,1,Not Hispanic or Latino,Asian,Male,45-54,53.015,Loan originated
1,765000.0,49,855000.0,150.0,1,Not Hispanic or Latino,White,Male,25-34,90.0,Loan originated
1,655000.0,20%-<30%,835000.0,329.0,1,Not Hispanic or Latino,Asian,Male,25-34,78.76,Loan originated
1,145000.0,50%-60%,145000.0,64.0,1,Not Hispanic or Latino,White,Female,25-34,97.25,Application denied
1,185000.0,>60%,305000.0,40.0,1,Not Hispanic or Latino,White,Female,>74,60.261,Application denied
1,715000.0,44,805000.0,206.0,1,Not Hispanic or Latino,Asian,Male,25-34,89.9,Loan originated
1,665000.0,30%-<36%,835000.0,184.0,1,Hispanic or Latino,White,Male,25-34,80.0,Loan originated
1,135000.0,30%-<36%,165000.0,83.0,1,Not Hispanic or Latino,White,Female,25-34,100.0,Loan originated
1,995000.0,41,1515000.0,257.0,1,Not Hispanic or Latino,Asian,Female,25-34,66.225,Loan originated
1,495000.0,39,705000.0,180.0,1,Not Hispanic or Latino,Asian,Male,25-34,70.0,Loan originated
1,275000.0,20%-<30%,565000.0,113.0,1,Not Hispanic or Latino,White,Male,35-44,49.114,Loan originated
1,805000.0,39,1005000.0,225.0,1,Not Hispanic or Latino,Asian,Female,55-64,80.0,Loan originated
1,195000.0,37,265000.0,70.0,1,Not Hispanic or Latino,White,Female,>74,79.167,Loan originated
1,275000.0,30%-<36%,285000.0,106.0,1,Not Hispanic or Latino,White,Female,25-34,97.0,Loan originated
1,765000.0,38,965000.0,234.0,1,Not Hispanic or Latino,White,Male,55-64,79.378,Loan originated
1,265000.0,20%-<30%,945000.0,162.0,1,Not Hispanic or Latino,Asian,Male,35-44,28.06,Loan originated
1,495000.0,42,525000.0,155.0,1,Not Hispanic or Latino,White,Female,25-34,95.0,Loan originated
1,715000.0,30%-<36%,895000.0,257.0,1,Not Hispanic or Latino,White,Male,55-64,80.0,Loan originated
1,195000.0,49,215000.0,98.0,1,Hispanic or Latino,White,Female,25-34,86.808,Loan originated
1,345000.0,40,455000.0,92.0,1,Hispanic or Latino,White,Male,45-54,74.836,Application denied
1,1145000.0,36,1275000.0,327.0,1,Not Hispanic or Latino,Black or African American,Female,35-44,89.99,Loan originated
1,1005000.0,48,1685000.0,215.0,1,Not Hispanic or Latino,White,Female,55-64,59.44,Loan originated
1,965000.0,49,1375000.0,280.0,1,Not Hispanic or Latino,White,Male,45-54,70.0,Loan originated
1,525000.0,44,995000.0,189.0,1,Not Hispanic or Latino,White,Female,55-64,52.05,Loan originated
1,665000.0,42,705000.0,168.0,1,Hispanic or Latino,White,Male,25-34,95.0,Loan originated
1,385000.0,30%-<36%,645000.0,142.0,1,Not Hispanic or Latino,Asian,Male,25-34,60.0,Loan originated
1,295000.0,49,885000.0,68.0,1,Not Hispanic or Latino,White,Female,25-34,32.768,Loan originated
1,485000.0,49,1035000.0,215.0,1,Not Hispanic or Latino,Asian,Male,25-34,46.685,Loan originated
1,905000.0,42,1515000.0,209.0,1,Not Hispanic or Latino,Asian,Male,45-54,60.0,Loan originated
1,525000.0,48,655000.0,115.0,1,Not Hispanic or Latino,Asian,Male,25-34,80.0,Loan originated
1,815000.0,37,1015000.0,293.0,1,Not Hispanic or Latino,White,Female,35-44,80.0,Loan originated
1,445000.0,41,555000.0,111.0,1,Not Hispanic or Latino,White,Male,35-44,80.0,Loan originated
1,805000.0,<20%,1105000.0,0.0,1,Not Hispanic or Latino,White,Male,65-74,79.92,Loan originated
1,155000.0,20%-<30%,305000.0,71.0,1,Not Hispanic or Latino,White,Female,>74,50.0,Loan originated
1,575000.0,45,765000.0,116.0,1,Not Hispanic or Latino,White,Male,45-54,75.0,Loan originated
1,335000.0,42,355000.0,79.0,1,Not Hispanic or Latino,White,Male,25-34,95.0,Loan originated
1,945000.0,39,1185000.0,300.0,1,Not Hispanic or Latino,White,Male,35-44,80.0,Loan originated
1,295000.0,49,495000.0,75.0,1,Not Hispanic or Latino,Asian,Male,25-34,93.0,Application denied
1,615000.0,30%-<36%,645000.0,210.0,1,Hispanic or Latino,Asian,Male,45-54,95.0,Loan originated
1,675000.0,46,745000.0,227.0,1,Not Hispanic or Latino,White,Female,35-44,90.0,Loan originated
1,675000.0,37,845000.0,176.0,1,Not Hispanic or Latino,White,Male,35-44,80.0,Loan originated
1,615000.0,47,705000.0,141.0,1,Hispanic or Latino,White,Male,25-34,87.86,Loan originated
1,315000.0,44,415000.0,77.0,1,Not Hispanic or Latino,Black or African American,Female,45-54,77.439,Loan originated
1,765000.0,49,1025000.0,152.0,1,Not Hispanic or Latino,Asian,Male,35-44,74.509,Loan originated
1,415000.0,48,515000.0,96.0,1,Not Hispanic or Latino,White,Female,55-64,80.0,Loan originated
1,1055000.0,47,1165000.0,235.0,1,Not Hispanic or Latino,White,Female,35-44,90.0,Loan originated
1,585000.0,20%-<30%,735000.0,306.0,1,Hispanic or Latino,White,Male,45-54,80.0,Loan originated
1,425000.0,20%-<30%,525000.0,181.0,1,Hispanic or Latino,American Indian or Alaska Native,Male,55-64,80.0,Loan originated
1,375000.0,49,475000.0,152.0,1,Hispanic or Latino,White,Female,45-54,80.0,Loan originated
1,305000.0,46,385000.0,86.0,1,Hispanic or Latino,2 or more minority races,Female,55-64,80.0,Application denied
1,715000.0,30%-<36%,835000.0,237.0,1,Hispanic or Latino,White,Male,45-54,85.0,Loan originated
1,1005000.0,46,1935000.0,290.0,1,Not Hispanic or Latino,Asian,Female,35-44,51.666,Loan originated
1,265000.0,<20%,485000.0,311.0,1,Hispanic or Latino,White,Female,45-54,55.0,Loan originated
1,425000.0,48,475000.0,194.0,1,Not Hispanic or Latino,White,Male,25-34,90.0,Loan originated
1,425000.0,<20%,455000.0,286.0,1,Not Hispanic or Latino,Asian,Female,25-34,95.0,Loan originated
1,425000.0,49,445000.0,100.0,1,Hispanic or Latino,White,Female,<25,95.0,Loan originated
1,585000.0,20%-<30%,735000.0,223.0,1,Not Hispanic or Latino,White,Female,35-44,80.0,Loan originated
1,585000.0,38,655000.0,176.0,1,Hispanic or Latino,White,Male,35-44,90.0,Loan originated
1,865000.0,41,1075000.0,246.0,1,Not Hispanic or Latino,Asian,Male,35-44,80.0,Loan originated
1,415000.0,48,515000.0,82.0,1,Not Hispanic or Latino,White,Female,35-44,96.505,Loan originated
1,535000.0,48,685000.0,133.0,1,Hispanic or Latino,White,Female,35-44,98.83,Loan originated
1,435000.0,37,545000.0,177.0,1,Not Hispanic or Latino,White,Male,35-44,80.0,Loan originated
1,585000.0,49,725000.0,138.0,1,Not Hispanic or Latino,White,Female,>74,80.0,Loan originated
1,665000.0,43,985000.0,169.0,1,Not Hispanic or Latino,White,Male,35-44,67.857,Loan originated
1,765000.0,40,825000.0,227.0,1,Not Hispanic or Latino,Asian,Male,45-54,93.0,Loan originated
1,825000.0,43,1025000.0,206.0,1,Hispanic or Latino,White,Female,35-44,80.0,Loan originated
1,655000.0,40,895000.0,324.0,1,Not Hispanic or Latino,White,Male,25-34,73.0,Loan originated
1,205000.0,49,255000.0,38.0,1,Hispanic or Latino,White,Male,45-54,80.0,Loan originated
1,255000.0,50%-60%,435000.0,69.0,1,Not Hispanic or Latino,Native Hawaiian or Other Pacific Islander,Female,65-74,60.0,Loan originated
1,335000.0,20%-<30%,445000.0,143.0,1,Not Hispanic or Latino,Asian,Male,25-34,75.0,Loan originated
1,485000.0,42,655000.0,112.0,1,Hispanic or Latino,White,Female,35-44,73.85,Loan originated
1,625000.0,30%-<36%,1655000.0,220.0,1,Not Hispanic or Latino,White,Male,35-44,37.764,Loan originated
1,315000.0,>60%,535000.0,0.0,1,Hispanic or Latino,White,Male,35-44,57.581,Application denied
1,1125000.0,40,1405000.0,436.0,1,Not Hispanic or Latino,Asian,Male,35-44,80.0,Loan originated
1,435000.0,>60%,485000.0,38.0,1,Not Hispanic or Latino,Black or African American,Female,25-34,90.0,Application denied
1,515000.0,45,545000.0,127.0,1,Not Hispanic or Latino,Asian,Male,55-64,95.0,Loan originated
1,645000.0,48,845000.0,273.0,1,Not Hispanic or Latino,White,Male,65-74,76.724,Loan originated
1,305000.0,44,1535000.0,99.0,1,Not Hispanic or Latino,Asian,Male,55-64,19.506,Loan originated
1,925000.0,47,1275000.0,184.0,1,Not Hispanic or Latino,White,Male,45-54,72.27,Loan originated
1,235000.0,49,255000.0,44.0,1,Hispanic or Latino,White,Male,35-44,98.0,Loan originated
1,705000.0,49,765000.0,146.0,1,Not Hispanic or Latino,White,Male,35-44,92.0,Loan originated
1,1095000.0,49,1375000.0,255.0,1,Hispanic or Latino,White,Female,35-44,80.0,Loan originated
1,425000.0,42,455000.0,186.0,1,Not Hispanic or Latino,White,Female,25-34,95.0,Loan originated
1,805000.0,43,1005000.0,204.0,1,Not Hispanic or Latino,Asian,Male,25-34,80.0,Loan originated
1,245000.0,44,545000.0,112.0,1,Not Hispanic or Latino,White,Female,35-44,45.37,Application denied
1,765000.0,49,865000.0,188.0,1,Hispanic or Latino,White,Female,25-34,88.953,Loan originated
1,515000.0,49,535000.0,108.0,1,Hispanic or Latino,White,Female,25-34,96.0,Loan originated
1,745000.0,37,935000.0,200.0,1,Not Hispanic or Latino,White,Female,45-54,80.0,Loan originated
1,535000.0,44,735000.0,141.0,1,Hispanic or Latino,Asian,Female,25-34,72.211,Loan originated
1,285000.0,48,345000.0,58.0,1,Hispanic or Latino,White,Male,25-34,82.0,Loan originated
1,785000.0,50%-60%,1125000.0,155.0,1,Not Hispanic or Latino,Asian,Female,65-74,70.0,Application denied
1,525000.0,48,555000.0,134.0,1,Not Hispanic or Latino,Black or African American,Male,55-64,95.0,Loan originated
1,1075000.0,20%-<30%,1535000.0,433.0,1,Not Hispanic or Latino,Asian,Female,45-54,70.0,Loan originated
1,125000.0,<20%,775000.0,181.0,1,Not Hispanic or Latino,White,Male,55-64,17.0,Loan originated
1,305000.0,49,385000.0,65.0,1,Not Hispanic or Latino,White,Female,45-54,80.0,Loan originated
1,985000.0,<20%,1405000.0,1797.0,1,Not Hispanic or Latino,Asian,Male,55-64,70.0,Loan originated
1,285000.0,43,405000.0,79.0,1,Not Hispanic or Latino,White,Male,25-34,72.0,Loan originated
1,515000.0,48,685000.0,195.0,1,Not Hispanic or Latino,White,Male,35-44,75.0,Loan originated
1,605000.0,20%-<30%,755000.0,269.0,1,Hispanic or Latino,White,Male,45-54,80.0,Loan originated
1,675000.0,45,705000.0,183.0,1,Hispanic or Latino,White,Male,25-34,94.999,Loan originated
1,485000.0,44,505000.0,122.0,1,Not Hispanic or Latino,White,Female,35-44,94.987,Loan originated
1,455000.0,44,485000.0,98.0,1,Hispanic or Latino,White,Female,25-34,94.021,Loan originated
1,425000.0,48,525000.0,366.0,1,Hispanic or Latino,White,Female,45-54,80.0,Loan originated
1,535000.0,49,1915000.0,132.0,1,Not Hispanic or Latino,Asian,Male,25-34,28.06,Loan originated
1,435000.0,47,535000.0,89.0,1,Not Hispanic or Latino,White,Male,25-34,80.0,Loan originated
1,835000.0,20%-<30%,1535000.0,300.0,1,Not Hispanic or Latino,Asian,Male,55-64,54.248,Loan originated
1,285000.0,43,335000.0,80.0,1,Not Hispanic or Latino,Black or African American,Male,55-64,105.0,Loan originated
1,645000.0,50%-60%,835000.0,261.0,1,Not Hispanic or Latino,White,Female,25-34,76.976,Application denied
1,675000.0,46,755000.0,145.0,1,Not Hispanic or Latino,Asian,Male,25-34,89.99,Loan originated
1,465000.0,30%-<36%,625000.0,143.0,1,Not Hispanic or Latino,Asian,Male,25-34,75.0,Loan originated
1,275000.0,49,665000.0,68.0,1,Hispanic or Latino,White,Male,55-64,42.0,Loan originated
1,485000.0,46,545000.0,139.0,1,Not Hispanic or Latino,White,Female,35-44,90.0,Loan originated
1,755000.0,41,935000.0,179.0,1,Not Hispanic or Latino,Asian,Male,25-34,80.0,Loan originated
1,765000.0,30%-<36%,905000.0,295.0,1,Not Hispanic or Latino,Asian,Female,35-44,84.943,Loan originated
1,1125000.0,42,1405000.0,265.0,1,Not Hispanic or Latino,Asian,Male,25-34,80.0,Loan originated
1,795000.0,46,935000.0,183.0,1,Not Hispanic or Latino,White,Male,35-44,85.0,Loan originated
1,655000.0,43,685000.0,188.0,1,Not Hispanic or Latino,White,Male,45-54,94.99,Loan originated
1,455000.0,20%-<30%,585000.0,422.0,1,Not Hispanic or Latino,White,Male,35-44,80.0,Loan originated
1,1055000.0,42,1315000.0,232.0,1,Not Hispanic or Latino,Asian,Male,45-54,80.0,Loan originated
1,705000.0,<20%,875000.0,790.0,1,Not Hispanic or Latino,Asian,Male,25-34,80.0,Loan originated
1,255000.0,49,265000.0,55.0,1,Not Hispanic or Latino,White,Male,<25,95.0,Loan originated
1,485000.0,45,515000.0,162.0,1,Not Hispanic or Latino,White,Male,25-34,95.0,Loan originated
1,765000.0,42,1305000.0,224.0,1,Hispanic or Latino,White,Female,55-64,58.965,Loan originated
1,755000.0,38,945000.0,249.0,1,Not Hispanic or Latino,Asian,Female,25-34,80.0,Loan originated
1,835000.0,38,1115000.0,368.0,1,Not Hispanic or Latino,White,Male,<25,75.0,Loan originated
1,905000.0,30%-<36%,1575000.0,307.0,1,Not Hispanic or Latino,Asian,Female,25-34,57.143,Loan originated
1,415000.0,44,445000.0,102.0,1,Not Hispanic or Latino,Asian,Female,25-34,95.0,Loan originated
1,565000.0,46,675000.0,129.0,1,Hispanic or Latino,American Indian or Alaska Native,Male,25-34,83.704,Loan originated
1,485000.0,20%-<30%,515000.0,183.0,1,Hispanic or Latino,White,Male,25-34,95.0,Application denied
1,475000.0,48,525000.0,107.0,1,Hispanic or Latino,White,Male,25-34,90.0,Loan originated
1,25000.0,36,115000.0,109.0,1,Not Hispanic or Latino,White,Male,25-34,18.8,Loan originated
1,705000.0,30%-<36%,795000.0,333.0,1,Not Hispanic or Latino,White,Male,25-34,90.0,Loan originated
1,365000.0,36,465000.0,110.0,1,Hispanic or Latino,White,Male,35-44,80.0,Loan originated
1,425000.0,20%-<30%,525000.0,308.0,1,Not Hispanic or Latino,White,Female,35-44,80.0,Loan originated
1,865000.0,36,1075000.0,291.0,1,Not Hispanic or Latino,White,Male,65-74,80.0,Application denied
1,385000.0,30%-<36%,605000.0,165.0,1,Not Hispanic or Latino,White,Male,45-54,63.33,Loan originated
1,385000.0,20%-<30%,405000.0,166.0,1,Not Hispanic or Latino,White,Female,35-44,95.0,Loan originated
1,305000.0,39,315000.0,82.0,1,Not Hispanic or Latino,White,Male,25-34,100.0,Loan originated
1,1135000.0,30%-<36%,1415000.0,1080.0,1,Hispanic or Latino,White,Male,45-54,80.0,Loan originated
1,205000.0,20%-<30%,385000.0,171.0,1,Not Hispanic or Latino,White,Female,25-34,52.632,Loan originated
1,715000.0,45,835000.0,235.0,1,Not Hispanic or Latino,White,Female,35-44,85.0,Loan originated
1,555000.0,44,595000.0,122.0,1,Hispanic or Latino,White,Male,35-44,92.0,Loan originated
1,485000.0,37,805000.0,135.0,1,Hispanic or Latino,White,Female,35-44,60.0,Loan originated
1,415000.0,44,455000.0,94.0,1,Not Hispanic or Latino,White,Female,35-44,91.667,Loan originated
1,745000.0,<20%,765000.0,258.0,1,Not Hispanic or Latino,Black or African American,Male,45-54,97.0,Loan originated
1,185000.0,<20%,415000.0,118.0,1,Not Hispanic or Latino,Asian,Female,25-34,44.712,Loan originated
1,765000.0,20%-<30%,1105000.0,316.0,1,Not Hispanic or Latino,White,Male,45-54,70.0,Loan originated
1,325000.0,30%-<36%,345000.0,101.0,1,Not Hispanic or Latino,White,Male,25-34,95.0,Loan originated
1,485000.0,50%-60%,605000.0,222.0,1,Not Hispanic or Latino,Asian,Male,45-54,80.0,Loan originated
1,935000.0,20%-<30%,1165000.0,427.0,1,Not Hispanic or Latino,White,Male,25-34,80.0,Loan originated
1,555000.0,49,805000.0,120.0,1,Hispanic or Latino,White,Female,35-44,68.75,Loan originated
1,975000.0,30%-<36%,1215000.0,285.0,1,Not Hispanic or Latino,White,Male,35-44,80.0,Loan originated
1,1025000.0,49,1365000.0,210.0,1,Not Hispanic or Latino,Asian,Male,35-44,78.0,Loan originated
1,585000.0,44,725000.0,272.0,1,Not Hispanic or Latino,Asian,Male,35-44,80.0,Loan originated
1,315000.0,45,455000.0,129.0,1,Not Hispanic or Latino,Asian,Female,45-54,69.99985,Loan originated
1,485000.0,<20%,605000.0,628.0,1,Hispanic or Latino,White,Male,45-54,80.0,Loan originated
1,385000.0,>60%,415000.0,43.0,1,Hispanic or Latino,White,Male,35-44,93.293,Application denied
1,595000.0,48,795000.0,258.0,1,Not Hispanic or Latino,White,Male,35-44,75.0,Loan originated
1,335000.0,47,425000.0,85.0,1,Not Hispanic or Latino,White,Female,25-34,80.0,Loan originated
1,155000.0,45,325000.0,227.0,1,Not Hispanic or Latino,White,Male,35-44,46.154,Loan originated
1,275000.0,20%-<30%,655000.0,140.0,1,Not Hispanic or Latino,White,Female,55-64,42.308,Loan originated
1,935000.0,49,1735000.0,206.0,1,Not Hispanic or Latino,White,Female,>74,54.046,Loan originated
1,505000.0,46,685000.0,175.0,1,Not Hispanic or Latino,White,Male,25-34,75.0,Loan originated
1,175000.0,42,185000.0,89.0,1,Not Hispanic or Latino,White,Female,55-64,95.0,Loan originated
1,305000.0,30%-<36%,845000.0,138.0,1,Not Hispanic or Latino,Asian,Male,25-34,35.5,Loan originated
1,345000.0,20%-<30%,435000.0,150.0,1,Not Hispanic or Latino,White,Male,45-54,80.0,Loan originated
1,295000.0,43,445000.0,84.0,1,Not Hispanic or Latino,White,Male,<25,65.909,Loan originated
1,335000.0,49,345000.0,62.0,1,Not Hispanic or Latino,White,Male,<25,97.0,Loan originated
1,765000.0,41,955000.0,168.0,1,Not Hispanic or Latino,Asian,Female,25-34,80.0,Loan originated
1,475000.0,44,925000.0,214.0,1,Not Hispanic or Latino,White,Male,35-44,52.0,Loan originated
1,425000.0,45,655000.0,98.0,1,Hispanic or Latino,White,Female,65-74,64.615,Loan originated
1,295000.0,49,435000.0,60.0,1,Hispanic or Latino,White,Male,25-34,68.437,Loan originated
1,255000.0,44,325000.0,86.0,1,Not Hispanic or Latino,Asian,Male,45-54,80.0,Loan originated
1,475000.0,<20%,595000.0,302.0,1,Not Hispanic or Latino,Asian,Male,25-34,80.0,Application denied
1,385000.0,44,415000.0,145.0,1,Not Hispanic or Latino,Black or African American,Female,45-54,95.0,Loan originated
1,395000.0,44,565000.0,95.0,1,Not Hispanic or Latino,White,Female,45-54,70.0,Application denied
1,295000.0,47,445000.0,139.0,1,Hispanic or Latino,White,Male,45-54,66.666,Loan originated
1,555000.0,40,865000.0,180.0,1,Not Hispanic or Latino,Asian,Male,<25,65.0,Loan originated
1,375000.0,20%-<30%,1905000.0,408.0,1,Not Hispanic or Latino,White,Male,65-74,19.74,Loan originated
1,335000.0,45,425000.0,74.0,1,Not Hispanic or Latino,White,Male,25-34,80.0,Loan originated
1,175000.0,49,225000.0,82.0,1,Not Hispanic or Latino,White,Male,45-54,75.556,Loan originated
1,685000.0,30%-<36%,855000.0,249.0,1,Hispanic or Latino,White,Male,25-34,80.0,Loan originated
1,475000.0,49,535000.0,170.0,1,Not Hispanic or Latino,Asian,Female,35-44,102.685,Loan originated
1,565000.0,42,705000.0,170.0,1,Not Hispanic or Latino,White,Female,25-34,80.0,Loan originated
1,525000.0,47,575000.0,124.0,1,Hispanic or Latino,Asian,Male,35-44,89.999,Loan originated
1,605000.0,20%-<30%,755000.0,216.0,1,Not Hispanic or Latino,Asian,Male,25-34,80.0,Loan originated
1,725000.0,44,765000.0,249.0,1,Not Hispanic or Latino,White,Male,35-44,95.0,Application denied
1,425000.0,40,535000.0,119.0,1,Not Hispanic or Latino,White,Male,55-64,80.0,Loan originated
1,515000.0,20%-<30%,695000.0,193.0,1,Not Hispanic or Latino,White,Female,35-44,75.0,Loan originated
1,525000.0,45,555000.0,109.0,1,Not Hispanic or Latino,Black or African American,Female,45-54,95.0,Loan originated
1,815000.0,49,1895000.0,190.0,1,Not Hispanic or Latino,Asian,Male,45-54,43.122,Loan originated
1,305000.0,36,1035000.0,124.0,1,Not Hispanic or Latino,White,Male,65-74,29.126,Loan originated
1,635000.0,42,795000.0,176.0,1,Not Hispanic or Latino,Asian,Male,45-54,80.0,Loan originated
1,895000.0,44,1285000.0,196.0,1,Not Hispanic or Latino,White,Female,35-44,70.0,Loan originated
1,575000.0,37,725000.0,167.0,1,Not Hispanic or Latino,Asian,Male,35-44,80.0,Loan originated
1,365000.0,45,455000.0,100.0,1,Not Hispanic or Latino,White,Male,25-34,80.889,Loan originated
1,425000.0,39,525000.0,168.0,1,Not Hispanic or Latino,Asian,Female,35-44,80.0,Loan originated
1,535000.0,45,565000.0,121.0,1,Hispanic or Latino,White,Male,45-54,95.0,Loan originated
1,515000.0,47,1485000.0,202.0,1,Not Hispanic or Latino,White,Male,65-74,34.459,Loan originated
1,885000.0,42,1115000.0,224.0,1,Not Hispanic or Latino,Asian,Male,25-34,80.0,Loan originated
1,155000.0,44,215000.0,50.0,1,Not Hispanic or Latino,White,Male,<25,75.0,Loan originated
1,955000.0,38,1305000.0,279.0,1,Not Hispanic or Latino,Asian,Male,35-44,73.08,Loan originated
1,695000.0,47,735000.0,148.0,1,Not Hispanic or Latino,White,Female,35-44,95.0,Loan originated
1,525000.0,46,655000.0,113.0,1,Not Hispanic or Latino,White,Female,25-34,80.0,Loan originated
1,405000.0,47,435000.0,91.0,1,Hispanic or Latino,White,Male,25-34,95.0,Loan originated
1,605000.0,30%-<36%,755000.0,219.0,1,Not Hispanic or Latino,White,Male,35-44,80.0,Loan originated
1,605000.0,46,645000.0,124.0,1,Not Hispanic or Latino,Asian,Male,25-34,95.0,Loan originated
1,735000.0,46,975000.0,180.0,1,Not Hispanic or Latino,Asian,Male,35-44,100.0,Loan originated
1,545000.0,47,615000.0,129.0,1,Hispanic or Latino,White,Female,25-34,90.0,Loan originated
1,665000.0,49,695000.0,147.0,1,Not Hispanic or Latino,Asian,Male,25-34,96.5,Loan originated
1,445000.0,50%-60%,695000.0,105.0,1,Not Hispanic or Latino,White,Female,45-54,80.0,Loan originated
1,1055000.0,49,1405000.0,196.0,1,Hispanic or Latino,White,Male,25-34,75.0,Loan originated
1,995000.0,48,1425000.0,233.0,1,Not Hispanic or Latino,Asian,Male,35-44,70.0,Loan originated
1,205000.0,30%-<36%,405000.0,90.0,1,Not Hispanic or Latino,Asian,Male,45-54,50.0,Application denied
1,495000.0,44,515000.0,113.0,1,Hispanic or Latino,White,Male,45-54,95.0,Loan originated
1,445000.0,42,555000.0,130.0,1,Not Hispanic or Latino,Asian,Female,25-34,80.0,Application denied
1,705000.0,30%-<36%,735000.0,261.0,1,Not Hispanic or Latino,Black or African American,Male,25-34,97.0,Loan originated
1,375000.0,30%-<36%,865000.0,131.0,1,Not Hispanic or Latino,Asian,Female,35-44,43.023,Loan originated
1,485000.0,40,655000.0,141.0,1,Not Hispanic or Latino,Asian,Male,35-44,75.0,Loan originated
1,465000.0,30%-<36%,515000.0,152.0,1,Not Hispanic or Latino,Asian,Female,35-44,89.99,Loan originated
1,635000.0,30%-<36%,675000.0,246.0,1,Hispanic or Latino,White,Male,45-54,95.0,Loan originated
1,145000.0,20%-<30%,185000.0,64.0,1,Hispanic or Latino,White,Female,45-54,80.0,Loan originated
1,1025000.0,45,1355000.0,211.0,1,Not Hispanic or Latino,White,Female,25-34,80.0,Loan originated
1,135000.0,43,415000.0,39.0,1,Hispanic or Latino,White,Female,65-74,32.039,Loan originated
1,715000.0,47,805000.0,169.0,1,Not Hispanic or Latino,Asian,Male,45-54,89.99,Loan originated
1,165000.0,40,365000.0,163.0,1,Not Hispanic or Latino,Asian,Female,55-64,44.44,Loan originated
1,365000.0,20%-<30%,405000.0,131.0,1,Not Hispanic or Latino,Asian,Male,35-44,90.0,Loan originated
1,295000.0,41,305000.0,131.0,1,Not Hispanic or Latino,White,Female,45-54,95.0,Loan originated
1,565000.0,47,595000.0,251.0,1,Hispanic or Latino,White,Male,25-34,94.887,Loan originated
1,475000.0,49,505000.0,100.0,1,Hispanic or Latino,Asian,Male,25-34,93.775,Loan originated
1,345000.0,30%-<36%,365000.0,334.0,1,Not Hispanic or Latino,White,Male,<25,95.0,Loan originated
1,165000.0,48,215000.0,52.0,1,Not Hispanic or Latino,White,Male,35-44,80.0,Loan originated
1,235000.0,40,345000.0,76.0,1,Hispanic or Latino,White,Male,45-54,66.667,Loan originated
1,105000.0,20%-<30%,615000.0,70.0,1,Not Hispanic or Latino,White,Male,65-74,17.0,Loan originated
1,815000.0,36,1475000.0,235.0,1,Not Hispanic or Latino,White,Male,45-54,55.475,Loan originated
1,1025000.0,>60%,1285000.0,232.0,1,Not Hispanic or Latino,White,Female,55-64,80.0,Application denied
1,235000.0,44,385000.0,56.0,1,Hispanic or Latino,White,Male,45-54,61.039,Loan originated
1,905000.0,46,1075000.0,196.0,1,Hispanic or Latino,White,Female,25-34,85.0,Loan originated
1,535000.0,46,595000.0,131.0,1,Not Hispanic or Latino,Asian,Female,25-34,90.0,Loan originated
1,275000.0,50%-60%,385000.0,52.0,1,Not Hispanic or Latino,White,Male,35-44,70.78,Loan originated
1,865000.0,30%-<36%,1075000.0,221.0,1,Hispanic or Latino,White,Male,35-44,80.0,Loan originated
1,765000.0,48,1275000.0,197.0,1,Not Hispanic or Latino,Asian,Male,25-34,60.0,Loan originated
1,745000.0,30%-<36%,885000.0,254.0,1,Not Hispanic or Latino,Asian,Male,45-54,85.0,Loan originated
1,385000.0,49,535000.0,78.0,1,Not Hispanic or Latino,Asian,Female,45-54,71.944,Loan originated
1,1025000.0,38,1275000.0,302.0,1,Not Hispanic or Latino,Asian,Male,45-54,80.0,Loan originated
1,555000.0,20%-<30%,825000.0,217.0,1,Not Hispanic or Latino,White,Male,35-44,66.81,Loan originated
1,415000.0,43,515000.0,106.0,1,Hispanic or Latino,White,Male,55-64,80.0,Loan originated
1,365000.0,43,385000.0,93.0,1,Hispanic or Latino,White,Female,35-44,95.0,Loan originated
1,425000.0,48,455000.0,116.0,1,Not Hispanic or Latino,Black or African American,Male,35-44,95.0,Loan originated
1,455000.0,20%-<30%,625000.0,212.0,1,Not Hispanic or Latino,Asian,Male,45-54,72.0,Loan originated
1,645000.0,41,665000.0,159.0,1,Hispanic or Latino,White,Female,25-34,97.0,Loan originated
1,395000.0,45,495000.0,101.0,1,Not Hispanic or Latino,White,Male,35-44,80.0,Loan originated
1,385000.0,<20%,395000.0,214.0,1,Hispanic or Latino,White,Male,<25,97.0,Loan originated
1,305000.0,43,355000.0,69.0,1,Not Hispanic or Latino,White,Male,25-34,85.0,Loan originated
1,525000.0,43,1005000.0,129.0,1,Not Hispanic or Latino,White,Male,45-54,52.0,Loan originated
1,555000.0,20%-<30%,2975000.0,319.0,1,Not Hispanic or Latino,White,Female,65-74,18.48,Loan originated
1,295000.0,38,495000.0,316.0,1,Hispanic or Latino,White,Female,55-64,60.0,Loan originated
1,275000.0,46,475000.0,66.0,1,Not Hispanic or Latino,White,Female,65-74,57.895,Loan originated
1,565000.0,30%-<36%,705000.0,340.0,1,Not Hispanic or Latino,White,Male,45-54,80.0,Loan originated
1,765000.0,44,805000.0,264.0,1,Hispanic or Latino,White,Female,45-54,95.0,Loan originated
1,85000.0,50%-60%,85000.0,86.0,1,Hispanic or Latino,American Indian or Alaska Native,Male,<25,92.2,Application denied
1,725000.0,37,905000.0,417.0,1,Not Hispanic or Latino,White,Male,55-64,80.0,Loan originated
1,585000.0,42,985000.0,408.0,1,Not Hispanic or Latino,White,Female,25-34,60.0,Loan originated
1,495000.0,30%-<36%,555000.0,182.0,1,Hispanic or Latino,White,Female,35-44,90.0,Loan originated
1,685000.0,47,725000.0,207.0,1,Not Hispanic or Latino,White,Male,35-44,95.0,Loan originated
1,265000.0,20%-<30%,355000.0,167.0,1,Hispanic or Latino,White,Male,45-54,75.0,Application denied
1,605000.0,46,1305000.0,143.0,1,Not Hispanic or Latino,White,Female,25-34,46.769,Loan originated
1,1065000.0,30%-<36%,1775000.0,901.0,1,Not Hispanic or Latino,Asian,Male,35-44,60.0,Loan originated
1,905000.0,38,1755000.0,271.0,1,Not Hispanic or Latino,White,Male,35-44,51.429,Loan originated
1,455000.0,20%-<30%,625000.0,185.0,1,Not Hispanic or Latino,White,Female,35-44,72.0,Loan originated
1,765000.0,49,795000.0,189.0,1,Hispanic or Latino,White,Female,35-44,96.0,Loan originated
1,675000.0,49,845000.0,210.0,1,Not Hispanic or Latino,White,Male,35-44,80.0,Loan originated
1,305000.0,20%-<30%,315000.0,119.0,1,Not Hispanic or Latino,White,Male,45-54,97.0,Loan originated
1,655000.0,40,1205000.0,158.0,1,Not Hispanic or Latino,Asian,Male,25-34,54.167,Loan originated
1,545000.0,42,645000.0,208.0,1,Not Hispanic or Latino,Asian,Male,35-44,85.0,Loan originated
1,135000.0,38,245000.0,42.0,1,Hispanic or Latino,White,Female,25-34,95.0,Loan originated
1,735000.0,20%-<30%,825000.0,323.0,1,Not Hispanic or Latino,White,Male,25-34,89.0,Loan originated
1,475000.0,20%-<30%,675000.0,376.0,1,Not Hispanic or Latino,White,Female,45-54,69.63,Loan originated
1,325000.0,39,345000.0,165.0,1,Not Hispanic or Latino,Black or African American,Male,45-54,95.0,Loan originated
1,255000.0,30%-<36%,585000.0,121.0,1,Not Hispanic or Latino,White,Female,55-64,42.78,Loan originated
1,395000.0,49,985000.0,87.0,1,Not Hispanic or Latino,White,Female,25-34,40.406,Loan originated
1,1005000.0,42,1255000.0,216.0,1,Not Hispanic or Latino,Asian,Male,35-44,80.0,Loan originated
1,565000.0,30%-<36%,785000.0,371.0,1,Hispanic or Latino,Asian,Male,35-44,71.292,Loan originated
1,395000.0,44,575000.0,95.0,1,Hispanic or Latino,White,Male,25-34,89.825,Loan originated
1,435000.0,44,845000.0,136.0,1,Not Hispanic or Latino,White,Female,45-54,52.1,Loan originated
1,565000.0,43,1105000.0,160.0,1,Hispanic or Latino,White,Male,25-34,51.0,Loan originated
1,785000.0,39,825000.0,265.0,1,Not Hispanic or Latino,White,Male,55-64,95.0,Loan originated
1,1065000.0,36,1255000.0,330.0,1,Hispanic or Latino,White,Male,35-44,85.0,Loan originated
1,535000.0,49,675000.0,108.0,1,Not Hispanic or Latino,Black or African American,Female,35-44,80.0,Loan originated
1,835000.0,20%-<30%,1365000.0,357.0,1,Not Hispanic or Latino,Asian,Male,45-54,80.0,Loan originated
1,315000.0,>60%,395000.0,112.0,1,Not Hispanic or Latino,Asian,Female,25-34,80.0,Application denied
1,725000.0,49,755000.0,169.0,1,Not Hispanic or Latino,White,Female,55-64,95.0,Loan originated
1,605000.0,30%-<36%,815000.0,177.0,1,Not Hispanic or Latino,White,Male,45-54,74.938,Loan originated
1,265000.0,30%-<36%,345000.0,116.0,1,Not Hispanic or Latino,White,Male,35-44,75.0,Loan originated
1,845000.0,41,1555000.0,201.0,1,Not Hispanic or Latino,Asian,Male,35-44,54.839,Loan originated
1,115000.0,30%-<36%,325000.0,51.0,1,Hispanic or Latino,American Indian or Alaska Native,Male,35-44,34.27,Loan originated
1,345000.0,20%-<30%,425000.0,143.0,1,Not Hispanic or Latino,Asian,Female,25-34,80.0,Loan originated
1,1445000.0,42,2305000.0,381.0,1,Not Hispanic or Latino,Asian,Male,45-54,62.826,Loan originated
1,555000.0,37,685000.0,164.0,1,Not Hispanic or Latino,White,Male,35-44,80.0,Loan originated
1,405000.0,30%-<36%,435000.0,172.0,1,Hispanic or Latino,White,Female,25-34,95.0,Loan originated
1,625000.0,45,785000.0,155.0,1,Not Hispanic or Latino,Asian,Female,25-34,80.0,Loan originated
1,195000.0,20%-<30%,205000.0,125.0,1,Not Hispanic or Latino,White,Male,45-54,95.0,Loan originated
1,485000.0,48,515000.0,117.0,1,Hispanic or Latino,White,Female,35-44,97.255,Loan originated
1,225000.0,41,445000.0,78.0,1,Hispanic or Latino,White,Male,55-64,50.787,Loan originated
1,745000.0,47,825000.0,153.0,1,Hispanic or Latino,White,Male,35-44,90.0,Loan originated
1,405000.0,46,445000.0,154.0,1,Not Hispanic or Latino,Black or African American,Female,25-34,90.0,Loan originated
1,385000.0,46,405000.0,85.0,1,Hispanic or Latino,White,Male,45-54,95.0,Loan originated
1,315000.0,45,615000.0,70.0,1,Not Hispanic or Latino,Asian,Male,55-64,50.82,Loan originated
1,765000.0,47,855000.0,183.0,1,Not Hispanic or Latino,White,Male,35-44,90.0,Loan originated
1,765000.0,47,965000.0,173.0,1,Not Hispanic or Latino,Asian,Female,35-44,79.158,Loan originated
1,735000.0,38,915000.0,202.0,1,Not Hispanic or Latino,White,Male,45-54,80.0,Loan originated
1,725000.0,44,905000.0,144.0,1,Not Hispanic or Latino,White,Male,25-34,80.0,Loan originated
1,765000.0,20%-<30%,855000.0,433.0,1,Not Hispanic or Latino,White,Female,25-34,90.0,Loan originated
1,605000.0,44,755000.0,189.0,1,Not Hispanic or Latino,White,Female,55-64,80.0,Loan originated
1,995000.0,36,1245000.0,270.0,1,Not Hispanic or Latino,Asian,Male,25-34,79.95,Loan originated
1,685000.0,47,715000.0,171.0,1,Not Hispanic or Latino,Asian,Female,35-44,100.0,Loan originated
1,655000.0,36,735000.0,164.0,1,Not Hispanic or Latino,White,Male,35-44,89.792,Loan originated
1,545000.0,43,995000.0,130.0,1,Not Hispanic or Latino,Asian,Male,25-34,54.54,Loan originated
1,855000.0,41,1005000.0,201.0,1,Not Hispanic or Latino,Asian,Male,25-34,85.0,Loan originated
1,125000.0,41,305000.0,70.0,1,Not Hispanic or Latino,White,Female,>74,40.33,Application denied
1,245000.0,>60%,345000.0,24.0,1,Not Hispanic or Latino,Asian,Female,65-74,95.0,Application denied
1,605000.0,47,1505000.0,183.0,1,Not Hispanic or Latino,White,Male,35-44,40.0,Loan originated
1,635000.0,49,795000.0,213.0,1,Not Hispanic or Latino,White,Male,25-34,80.0,Loan originated
1,705000.0,46,905000.0,293.0,1,Not Hispanic or Latino,White,Male,35-44,78.0,Loan originated
1,685000.0,39,855000.0,204.0,1,Not Hispanic or Latino,Asian,Male,55-64,80.0,Loan originated
1,835000.0,20%-<30%,1045000.0,388.0,1,Hispanic or Latino,White,Female,35-44,80.0,Loan originated
1,525000.0,49,655000.0,141.0,1,Not Hispanic or Latino,White,Male,25-34,80.0,Loan originated
1,575000.0,49,725000.0,132.0,1,Not Hispanic or Latino,White,Male,>74,79.0,Loan originated
1,545000.0,39,685000.0,167.0,1,Not Hispanic or Latino,Asian,Male,25-34,80.0,Loan originated
1,325000.0,49,355000.0,55.0,1,Not Hispanic or Latino,Asian,Male,35-44,90.0,Loan originated
1,465000.0,30%-<36%,815000.0,170.0,1,Not Hispanic or Latino,White,Female,25-34,57.113,Loan originated
1,175000.0,38,505000.0,70.0,1,Hispanic or Latino,White,Male,45-54,33.531,Loan originated
1,435000.0,20%-<30%,615000.0,273.0,1,Not Hispanic or Latino,Asian,Female,35-44,70.0,Loan originated
1,675000.0,39,745000.0,209.0,1,Hispanic or Latino,White,Male,35-44,89.98,Loan originated
1,375000.0,47,475000.0,96.0,1,Not Hispanic or Latino,Asian,Male,35-44,80.0,Loan originated
1,515000.0,40,815000.0,395.0,1,Not Hispanic or Latino,White,Female,55-64,63.01,Loan originated
1,445000.0,>60%,595000.0,44.0,1,Not Hispanic or Latino,Asian,Female,55-64,66.199,Application denied
1,555000.0,43,655000.0,160.0,1,Not Hispanic or Latino,Asian,Male,45-54,84.733,Loan originated
1,255000.0,<20%,705000.0,300.0,1,Not Hispanic or Latino,White,Female,45-54,36.17,Loan originated
1,545000.0,42,575000.0,158.0,1,Hispanic or Latino,American Indian or Alaska Native,Male,55-64,95.0,Loan originated
1,155000.0,20%-<30%,1195000.0,93.0,1,Not Hispanic or Latino,Asian,Male,25-34,13.0,Loan originated
1,655000.0,30%-<36%,875000.0,196.0,1,Not Hispanic or Latino,White,Female,45-54,75.0,Loan originated
1,325000.0,39,1255000.0,153.0,1,Not Hispanic or Latino,White,Female,65-74,25.498,Loan originated
1,395000.0,41,435000.0,98.0,1,Not Hispanic or Latino,Asian,Male,25-34,89.885,Loan originated
1,765000.0,46,825000.0,205.0,1,Not Hispanic or Latino,Asian,Male,45-54,92.121,Loan originated
1,605000.0,36,755000.0,164.0,1,Hispanic or Latino,American Indian or Alaska Native,Male,25-34,80.0,Loan originated
1,955000.0,41,1405000.0,247.0,1,Not Hispanic or Latino,Asian,Male,25-34,67.86,Loan originated
1,545000.0,43,785000.0,124.0,1,Not Hispanic or Latino,White,Male,25-34,70.0,Loan originated
1,635000.0,39,795000.0,224.0,1,Not Hispanic or Latino,White,Female,55-64,80.0,Loan originated
1,725000.0,<20%,855000.0,0.0,1,Hispanic or Latino,White,Male,45-54,85.0,Application denied
1,375000.0,49,395000.0,98.0,1,Not Hispanic or Latino,White,Male,25-34,97.0,Loan originated
1,735000.0,30%-<36%,915000.0,400.0,1,Not Hispanic or Latino,White,Male,35-44,80.0,Loan originated
1,345000.0,44,395000.0,70.0,1,Hispanic or Latino,White,Female,35-44,87.179,Loan originated
1,185000.0,39,265000.0,81.0,1,Not Hispanic or Latino,Asian,Male,35-44,70.0,Loan originated
1,515000.0,48,545000.0,136.0,1,Not Hispanic or Latino,White,Female,45-54,95.0,Loan originated
1,335000.0,30%-<36%,655000.0,114.0,1,Not Hispanic or Latino,Asian,Female,25-34,51.47,Loan originated
1,695000.0,49,1255000.0,260.0,1,Not Hispanic or Latino,White,Male,25-34,55.2,Loan originated
1,465000.0,49,655000.0,104.0,1,Not Hispanic or Latino,Black or African American,Female,55-64,70.0,Loan originated
1,295000.0,48,605000.0,88.0,1,Hispanic or Latino,Asian,Female,35-44,48.249,Loan originated
1,395000.0,<20%,415000.0,0.0,1,Hispanic or Latino,White,Male,45-54,95.0,Application denied
1,655000.0,49,685000.0,199.0,1,Not Hispanic or Latino,White,Male,25-34,95.0,Loan originated
1,445000.0,49,1425000.0,116.0,1,Not Hispanic or Latino,White,Female,55-64,30.877,Loan originated
1,365000.0,48,765000.0,87.0,1,Not Hispanic or Latino,White,Female,45-54,47.712,Loan originated
1,405000.0,45,515000.0,90.0,1,Hispanic or Latino,White,Male,25-34,80.0,Loan originated
1,755000.0,37,1205000.0,221.0,1,Not Hispanic or Latino,White,Female,25-34,62.5,Loan originated
1,65000.0,20%-<30%,85000.0,90.0,1,Hispanic or Latino,American Indian or Alaska Native,Female,65-74,75.0,Loan originated
1,525000.0,48,1355000.0,203.0,1,Not Hispanic or Latino,Asian,Female,45-54,38.52,Loan originated
1,355000.0,46,505000.0,79.0,1,Not Hispanic or Latino,White,Female,25-34,70.714,Loan originated
1,525000.0,40,585000.0,130.0,1,Hispanic or Latino,White,Male,45-54,90.0,Loan originated
1,665000.0,44,835000.0,296.0,1,Not Hispanic or Latino,White,Male,35-44,80.0,Loan originated
1,425000.0,36,445000.0,117.0,1,Hispanic or Latino,White,Male,35-44,95.0,Loan originated
1,455000.0,39,505000.0,307.0,1,Not Hispanic or Latino,Asian,Male,25-34,90.0,Loan originated
1,445000.0,45,495000.0,162.0,1,Not Hispanic or Latino,White,Female,35-44,90.0,Loan originated
1,535000.0,44,675000.0,122.0,1,Not Hispanic or Latino,Asian,Female,35-44,80.0,Loan originated
1,485000.0,49,695000.0,130.0,1,Not Hispanic or Latino,Asian,Male,25-34,70.0,Loan originated
1,415000.0,<20%,615000.0,245.0,1,Hispanic or Latino,White,Female,25-34,67.213,Loan originated
1,905000.0,30%-<36%,1205000.0,275.0,1,Not Hispanic or Latino,White,Female,35-44,74.689,Loan originated
1,425000.0,30%-<36%,525000.0,176.0,1,Not Hispanic or Latino,Asian,Female,35-44,80.0,Loan originated
1,205000.0,36,425000.0,74.0,1,Not Hispanic or Latino,Asian,Female,>74,47.06,Loan originated
1,465000.0,44,575000.0,123.0,1,Not Hispanic or Latino,Asian,Male,25-34,100.0,Application denied
1,545000.0,20%-<30%,685000.0,312.0,1,Not Hispanic or Latino,White,Male,25-34,80.0,Loan originated
1,925000.0,46,1155000.0,248.0,1,Not Hispanic or Latino,Asian,Male,35-44,80.0,Loan originated
1,405000.0,49,505000.0,110.0,1,Not Hispanic or Latino,White,Female,35-44,80.0,Loan originated
1,685000.0,46,865000.0,200.0,1,Hispanic or Latino,White,Male,45-54,80.0,Loan originated
1,1095000.0,36,1565000.0,284.0,1,Not Hispanic or Latino,Asian,Male,25-34,69.872,Loan originated
1,395000.0,30%-<36%,695000.0,138.0,1,Not Hispanic or Latino,White,Female,65-74,56.809,Loan originated
1,675000.0,47,715000.0,193.0,1,Not Hispanic or Latino,Black or African American,Male,25-34,95.0,Loan originated
1,295000.0,39,305000.0,74.0,1,Hispanic or Latino,White,Female,<25,97.0,Loan originated
1,525000.0,45,585000.0,110.0,1,Not Hispanic or Latino,Asian,Male,25-34,90.0,Loan originated
1,475000.0,50%-60%,1165000.0,91.0,1,Hispanic or Latino,Asian,Female,35-44,40.773,Application denied
1,365000.0,46,455000.0,82.0,1,Hispanic or Latino,White,Female,55-64,100.0,Loan originated
1,235000.0,47,255000.0,121.0,1,Not Hispanic or Latino,White,Female,55-64,95.0,Application denied
1,395000.0,47,535000.0,108.0,1,Hispanic or Latino,White,Female,35-44,75.0,Loan originated
1,435000.0,49,735000.0,132.0,1,Not Hispanic or Latino,White,Female,35-44,59.589,Application denied
1,505000.0,36,655000.0,136.0,1,Hispanic or Latino,White,Male,35-44,75.99,Loan originated
1,575000.0,49,715000.0,112.0,1,Hispanic or Latino,Asian,Male,35-44,80.0,Loan originated
1,505000.0,30%-<36%,715000.0,157.0,1,Not Hispanic or Latino,Asian,Male,35-44,70.629,Loan originated
1,305000.0,43,1015000.0,210.0,1,Not Hispanic or Latino,Asian,Male,55-64,29.56,Loan originated
1,625000.0,48,785000.0,175.0,1,Not Hispanic or Latino,Asian,Male,25-34,80.0,Loan originated
1,335000.0,49,1245000.0,122.0,1,Not Hispanic or Latino,White,Female,45-54,27.0,Loan originated
1,565000.0,30%-<36%,625000.0,225.0,1,Not Hispanic or Latino,Asian,Male,25-34,90.0,Loan originated
1,395000.0,49,695000.0,85.0,1,Not Hispanic or Latino,Asian,Female,25-34,56.142,Loan originated
1,505000.0,46,625000.0,116.0,1,Not Hispanic or Latino,White,Male,45-54,80.0,Loan originated
1,375000.0,48,445000.0,96.0,1,Hispanic or Latino,White,Female,55-64,84.999,Loan originated
1,1065000.0,45,1125000.0,286.0,1,Hispanic or Latino,White,Female,55-64,95.0,Loan originated
1,505000.0,42,835000.0,155.0,1,Not Hispanic or Latino,Asian,Male,25-34,61.077,Loan originated
1,1005000.0,30%-<36%,1175000.0,374.0,1,Not Hispanic or Latino,White,Male,25-34,85.831,Loan originated
1,525000.0,43,655000.0,129.0,1,Not Hispanic or Latino,Asian,Male,35-44,80.0,Loan originated
1,605000.0,41,725000.0,161.0,1,Not Hispanic or Latino,White,Male,35-44,84.444,Loan originated
1,555000.0,20%-<30%,585000.0,420.0,1,Not Hispanic or Latino,Black or African American,Female,55-64,96.0,Application denied
1,335000.0,45,345000.0,75.0,1,Not Hispanic or Latino,White,Male,45-54,95.0,Loan originated
1,275000.0,49,465000.0,59.0,1,Not Hispanic or Latino,White,Female,45-54,58.44,Loan originated
1,615000.0,37,655000.0,187.0,1,Not Hispanic or Latino,Black or African American,Female,55-64,95.0,Loan originated
1,465000.0,30%-<36%,495000.0,144.0,1,Not Hispanic or Latino,White,Female,55-64,95.0,Loan originated
1,485000.0,40,775000.0,289.0,1,Not Hispanic or Latino,Asian,Male,25-34,62.99,Loan originated
1,325000.0,41,375000.0,70.0,1,Hispanic or Latino,White,Male,45-54,86.486,Loan originated
1,955000.0,42,2455000.0,343.0,1,Not Hispanic or Latino,White,Male,55-64,38.776,Loan originated
1,1105000.0,20%-<30%,1625000.0,514.0,1,Not Hispanic or Latino,Asian,Female,45-54,67.485,Loan originated
1,895000.0,40,1005000.0,258.0,1,Not Hispanic or Latino,White,Female,35-44,89.0,Loan originated
1,195000.0,47,215000.0,77.0,1,Not Hispanic or Latino,Black or African American,Female,35-44,99.75,Loan originated
1,735000.0,42,1685000.0,200.0,1,Not Hispanic or Latino,White,Male,25-34,43.452,Loan originated
1,685000.0,43,855000.0,181.0,1,Not Hispanic or Latino,White,Male,45-54,80.0,Loan originated
1,485000.0,30%-<36%,985000.0,154.0,1,Not Hispanic or Latino,Asian,Male,25-34,49.031,Loan originated
1,705000.0,42,875000.0,198.0,1,Hispanic or Latino,White,Female,35-44,80.0,Loan originated
1,95000.0,44,125000.0,50.0,1,Not Hispanic or Latino,White,Female,35-44,73.48,Application denied
1,735000.0,40,1235000.0,384.0,1,Not Hispanic or Latino,White,Male,45-54,59.35,Loan originated
1,895000.0,46,1125000.0,255.0,1,Not Hispanic or Latino,White,Female,55-64,80.0,Loan originated
1,495000.0,44,585000.0,171.0,1,Not Hispanic or Latino,White,Male,25-34,85.0,Loan originated
1,675000.0,48,845000.0,146.0,1,Not Hispanic or Latino,Asian,Female,25-34,79.527,Loan originated
1,265000.0,30%-<36%,355000.0,116.0,1,Not Hispanic or Latino,White,Male,55-64,75.0,Loan originated
1,495000.0,36,555000.0,247.0,1,Hispanic or Latino,White,Male,25-34,89.946,Loan originated
1,705000.0,46,3885000.0,341.0,1,Not Hispanic or Latino,Asian,Female,45-54,18.042,Loan originated
1,385000.0,39,625000.0,164.0,1,Not Hispanic or Latino,White,Male,65-74,61.6,Loan originated
1,435000.0,41,545000.0,116.0,1,Not Hispanic or Latino,White,Female,25-34,80.0,Application denied
1,605000.0,49,645000.0,151.0,1,Hispanic or Latino,American Indian or Alaska Native,Male,25-34,95.0,Loan originated
1,345000.0,46,365000.0,75.0,1,Hispanic or Latino,Asian,Male,35-44,95.0,Loan originated
1,365000.0,47,465000.0,85.0,1,Hispanic or Latino,White,Female,25-34,78.355,Loan originated
1,385000.0,47,685000.0,101.0,1,Not Hispanic or Latino,White,Female,45-54,56.03,Application denied
1,525000.0,30%-<36%,695000.0,141.0,1,Not Hispanic or Latino,White,Female,25-34,75.0,Loan originated
1,175000.0,50%-60%,435000.0,54.0,1,Not Hispanic or Latino,White,Female,>74,40.75,Loan originated
1,425000.0,42,635000.0,105.0,1,Not Hispanic or Latino,White,Female,25-34,67.0,Loan originated
1,475000.0,30%-<36%,595000.0,186.0,1,Not Hispanic or Latino,Asian,Male,25-34,80.0,Loan originated
1,265000.0,47,325000.0,86.0,1,Not Hispanic or Latino,White,Female,65-74,80.0,Loan originated
1,265000.0,36,325000.0,101.0,1,Hispanic or Latino,American Indian or Alaska Native,Male,35-44,80.0,Loan originated
1,635000.0,20%-<30%,745000.0,227.0,1,Not Hispanic or Latino,Asian,Male,25-34,85.0,Loan originated
1,625000.0,47,785000.0,171.0,1,Not Hispanic or Latino,Asian,Female,35-44,80.0,Loan originated
1,355000.0,42,475000.0,139.0,1,Not Hispanic or Latino,White,Female,25-34,75.0,Loan originated
1,765000.0,20%-<30%,1035000.0,442.0,1,Not Hispanic or Latino,Asian,Male,35-44,74.422,Loan originated
1,645000.0,48,755000.0,280.0,1,Not Hispanic or Latino,White,Female,35-44,85.0,Loan originated
1,425000.0,49,1265000.0,207.0,1,Not Hispanic or Latino,White,Female,>74,33.65,Loan originated
1,935000.0,47,1105000.0,277.0,1,Not Hispanic or Latino,White,Male,35-44,85.0,Loan originated
1,485000.0,49,655000.0,122.0,1,Hispanic or Latino,White,Male,55-64,75.0,Loan originated
1,765000.0,36,2355000.0,352.0,1,Not Hispanic or Latino,White,Male,65-74,32.6,Loan originated
1,555000.0,45,585000.0,118.0,1,Not Hispanic or Latino,Black or African American,Male,25-34,95.0,Loan originated
1,765000.0,47,965000.0,160.0,1,Hispanic or Latino,White,Female,35-44,80.0,Loan originated
1,455000.0,50%-60%,475000.0,96.0,1,Hispanic or Latino,White,Male,45-54,95.0,Application denied
1,1075000.0,49,1195000.0,229.0,1,Not Hispanic or Latino,Asian,Male,25-34,90.0,Application denied
1,615000.0,49,805000.0,119.0,1,Not Hispanic or Latino,Asian,Male,35-44,95.0,Loan originated
1,375000.0,48,505000.0,76.0,1,Not Hispanic or Latino,White,Female,>74,74.016,Loan originated
1,315000.0,30%-<36%,325000.0,97.0,1,Not Hispanic or Latino,Asian,Female,<25,94.22,Loan originated
1,445000.0,37,465000.0,110.0,1,Hispanic or Latino,White,Male,35-44,95.0,Loan originated
1,725000.0,48,905000.0,196.0,1,Not Hispanic or Latino,White,Male,35-44,80.0,Loan originated
1,755000.0,49,1405000.0,206.0,1,Not Hispanic or Latino,White,Male,35-44,53.571,Loan originated
1,605000.0,39,1105000.0,166.0,1,Not Hispanic or Latino,Asian,Female,45-54,54.545,Loan originated
1,865000.0,47,1025000.0,172.0,1,Not Hispanic or Latino,Asian,Male,25-34,99.706,Loan originated
1,355000.0,41,445000.0,85.0,1,Not Hispanic or Latino,White,Male,25-34,80.0,Loan originated
1,425000.0,49,545000.0,118.0,1,Hispanic or Latino,White,Male,35-44,78.108,Loan originated
1,55000.0,42,505000.0,40.0,1,Not Hispanic or Latino,White,Female,>74,20.0,Loan originated
1,345000.0,30%-<36%,385000.0,128.0,1,Not Hispanic or Latino,Asian,Male,25-34,90.0,Loan originated
1,345000.0,46,1045000.0,111.0,1,Not Hispanic or Latino,Black or African American,Male,45-54,33.205,Loan originated
1,425000.0,46,475000.0,110.0,1,Hispanic or Latino,American Indian or Alaska Native,Female,45-54,89.809,Loan originated
1,425000.0,49,525000.0,110.0,1,Not Hispanic or Latino,White,Female,25-34,80.0,Loan originated
1,355000.0,48,435000.0,85.0,1,Not Hispanic or Latino,Asian,Female,45-54,80.0,Loan originated
1,155000.0,20%-<30%,575000.0,119.0,1,Not Hispanic or Latino,Asian,Male,45-54,27.824,Loan originated
1,325000.0,49,475000.0,78.0,1,Not Hispanic or Latino,White,Female,55-64,67.79,Loan originated
1,285000.0,30%-<36%,575000.0,170.0,1,Not Hispanic or Latino,Asian,Male,45-54,50.0,Loan originated
1,425000.0,36,495000.0,130.0,1,Not Hispanic or Latino,White,Female,55-64,86.735,Loan originated
1,205000.0,49,905000.0,56.0,1,Not Hispanic or Latino,White,Female,>74,22.778,Loan originated
1,1045000.0,20%-<30%,1395000.0,371.0,1,Not Hispanic or Latino,Asian,Male,35-44,75.0,Loan originated
1,445000.0,<20%,595000.0,529.0,1,Hispanic or Latino,White,Male,45-54,75.0,Loan originated
1,355000.0,50%-60%,425000.0,108.0,1,Not Hispanic or Latino,White,Female,45-54,82.98,Application denied
1,315000.0,49,355000.0,88.0,1,Not Hispanic or Latino,White,Male,25-34,90.0,Application denied
1,1005000.0,44,1305000.0,205.0,1,Not Hispanic or Latino,Asian,Male,35-44,76.63,Loan originated
1,505000.0,48,775000.0,133.0,1,Not Hispanic or Latino,White,Male,25-34,65.0,Loan originated
1,795000.0,43,995000.0,180.0,1,Not Hispanic or Latino,White,Male,45-54,80.0,Loan originated
1,195000.0,40,375000.0,61.0,1,Not Hispanic or Latino,Asian,Female,45-54,92.933,Loan originated
1,535000.0,49,565000.0,134.0,1,Hispanic or Latino,White,Male,25-34,95.0,Loan originated
1,475000.0,46,595000.0,97.0,1,Hispanic or Latino,White,Male,25-34,80.0,Loan originated
1,395000.0,49,665000.0,98.0,1,Not Hispanic or Latino,Black or African American,Female,55-64,60.0,Loan originated
1,725000.0,45,905000.0,242.0,1,Hispanic or Latino,Asian,Male,25-34,80.0,Loan originated
1,755000.0,20%-<30%,1795000.0,280.0,1,Not Hispanic or Latino,White,Male,45-54,41.899,Loan originated
1,525000.0,30%-<36%,555000.0,626.0,1,Not Hispanic or Latino,Asian,Male,25-34,95.0,Loan originated
1,735000.0,40,875000.0,211.0,1,Hispanic or Latino,Black or African American,Female,25-34,85.0,Loan originated
1,375000.0,48,465000.0,75.0,1,Not Hispanic or Latino,Asian,Female,25-34,80.0,Loan originated
1,985000.0,43,1315000.0,260.0,1,Not Hispanic or Latino,White,Male,25-34,75.0,Loan originated
1,345000.0,20%-<30%,435000.0,204.0,1,Not Hispanic or Latino,Asian,Male,35-44,80.0,Loan originated
1,345000.0,46,435000.0,77.0,1,Not Hispanic or Latino,Black or African American,Female,35-44,80.0,Loan originated
1,925000.0,20%-<30%,1855000.0,314.0,1,Not Hispanic or Latino,Asian,Male,35-44,50.0,Loan originated
1,705000.0,43,885000.0,201.0,1,Not Hispanic or Latino,Asian,Male,45-54,80.0,Loan originated
1,855000.0,46,905000.0,255.0,1,Not Hispanic or Latino,White,Male,25-34,95.0,Loan originated
1,465000.0,49,625000.0,102.0,1,Not Hispanic or Latino,White,Female,65-74,75.0,Loan originated
1,165000.0,49,205000.0,39.0,1,Hispanic or Latino,White,Male,45-54,80.0,Loan originated
1,495000.0,45,615000.0,124.0,1,Not Hispanic or Latino,White,Male,25-34,80.0,Loan originated
1,215000.0,45,405000.0,58.0,1,Hispanic or Latino,White,Female,35-44,52.736,Loan originated
1,395000.0,49,495000.0,71.0,1,Hispanic or Latino,White,Female,25-34,80.0,Loan originated
1,325000.0,20%-<30%,595000.0,169.0,1,Not Hispanic or Latino,White,Female,35-44,55.0,Loan originated
1,725000.0,38,845000.0,250.0,1,Not Hispanic or Latino,White,Female,25-34,86.548,Loan originated
1,695000.0,49,735000.0,238.0,1,Not Hispanic or Latino,Black or African American,Female,55-64,95.0,Loan originated
1,485000.0,20%-<30%,785000.0,329.0,1,Not Hispanic or Latino,White,Male,55-64,61.881,Loan originated
1,355000.0,47,445000.0,83.0,1,Not Hispanic or Latino,White,Male,35-44,79.999,Loan originated
1,935000.0,49,985000.0,241.0,1,Hispanic or Latino,White,Male,35-44,95.0,Loan originated
1,985000.0,47,1045000.0,218.0,1,Not Hispanic or Latino,Black or African American,Female,35-44,95.0,Loan originated
1,275000.0,43,825000.0,89.0,1,Not Hispanic or Latino,White,Female,65-74,33.333,Loan originated
1,415000.0,49,825000.0,123.0,1,Not Hispanic or Latino,Asian,Male,25-34,50.261,Loan originated
1,805000.0,40,1655000.0,292.0,1,Not Hispanic or Latino,Asian,Male,35-44,48.485,Loan originated
1,565000.0,<20%,705000.0,386.0,1,Not Hispanic or Latino,White,Male,55-64,80.0,Loan originated
1,565000.0,49,665000.0,149.0,1,Not Hispanic or Latino,White,Female,45-54,85.0,Loan originated
1,1085000.0,44,1355000.0,320.0,1,Not Hispanic or Latino,Asian,Male,35-44,80.0,Loan originated
1,705000.0,44,745000.0,280.0,1,Not Hispanic or Latino,Asian,Male,35-44,95.0,Loan originated
1,435000.0,49,465000.0,82.0,1,Not Hispanic or Latino,White,Male,<25,93.118,Loan originated
1,395000.0,36,745000.0,133.0,1,Not Hispanic or Latino,White,Male,45-54,53.333,Loan originated
1,445000.0,49,555000.0,349.0,1,Not Hispanic or Latino,White,Male,65-74,80.0,Loan originated
1,395000.0,42,695000.0,103.0,1,Not Hispanic or Latino,Asian,Male,25-34,56.52,Loan originated
1,845000.0,44,1055000.0,185.0,1,Not Hispanic or Latino,Asian,Female,25-34,80.0,Loan originated
1,685000.0,20%-<30%,855000.0,291.0,1,Hispanic or Latino,White,Male,25-34,80.0,Loan originated
1,495000.0,39,705000.0,186.0,1,Not Hispanic or Latino,Asian,Male,35-44,70.0,Loan originated
1,825000.0,39,1065000.0,199.0,1,Not Hispanic or Latino,Asian,Male,35-44,70.503,Application denied
1,305000.0,20%-<30%,1005000.0,161.0,1,Not Hispanic or Latino,White,Female,35-44,30.244,Loan originated
1,905000.0,39,1005000.0,365.0,1,Not Hispanic or Latino,White,Male,25-34,90.0,Loan originated
1,205000.0,42,685000.0,62.0,1,Not Hispanic or Latino,Asian,Female,45-54,29.22,Loan originated
1,505000.0,49,575000.0,124.0,1,Not Hispanic or Latino,White,Male,45-54,87.0,Loan originated
1,395000.0,42,495000.0,90.0,1,Not Hispanic or Latino,Asian,Female,25-34,80.0,Loan originated
1,765000.0,47,4025000.0,336.0,1,Not Hispanic or Latino,Black or African American,Male,35-44,19.03,Loan originated
1,355000.0,46,375000.0,114.0,1,Hispanic or Latino,White,Male,<25,97.0,Loan originated
1,615000.0,40,685000.0,169.0,1,Not Hispanic or Latino,Black or African American,Male,65-74,90.0,Loan originated
1,145000.0,50%-60%,155000.0,92.0,1,Hispanic or Latino,White,Male,35-44,95.0,Application denied
1,445000.0,42,645000.0,108.0,1,Not Hispanic or Latino,Asian,Male,35-44,68.799,Loan originated
1,525000.0,>60%,725000.0,117.0,1,Not Hispanic or Latino,White,Male,25-34,72.414,Application denied
1,645000.0,49,685000.0,269.0,1,Not Hispanic or Latino,Asian,Male,35-44,95.0,Application denied
1,455000.0,47,535000.0,120.0,1,Not Hispanic or Latino,Asian,Female,35-44,84.76,Application denied
1,605000.0,50%-60%,1085000.0,111.0,1,Not Hispanic or Latino,White,Male,35-44,55.88,Loan originated
1,605000.0,36,635000.0,151.0,1,Hispanic or Latino,White,Male,35-44,95.0,Loan originated
1,615000.0,39,825000.0,220.0,1,Hispanic or Latino,Black or African American,Female,45-54,75.0,Loan originated
1,605000.0,30%-<36%,725000.0,184.0,1,Not Hispanic or Latino,White,Male,25-34,83.448,Loan originated
1,1125000.0,40,1405000.0,397.0,1,Not Hispanic or Latino,White,Female,55-64,80.0,Loan originated
1,575000.0,44,725000.0,180.0,1,Not Hispanic or Latino,Asian,Female,45-54,80.0,Loan originated
1,575000.0,<20%,1155000.0,1251.0,1,Not Hispanic or Latino,White,Male,35-44,50.0,Loan originated
1,765000.0,44,805000.0,223.0,1,Hispanic or Latino,White,Male,45-54,95.0,Loan originated
1,625000.0,49,775000.0,141.0,1,Not Hispanic or Latino,White,Female,>74,80.0,Loan originated
1,855000.0,39,1415000.0,459.0,1,Not Hispanic or Latino,Asian,Male,25-34,60.17,Loan originated
1,535000.0,42,565000.0,157.0,1,Hispanic or Latino,White,Male,35-44,98.0,Loan originated
1,435000.0,20%-<30%,875000.0,216.0,1,Not Hispanic or Latino,Asian,Male,45-54,50.0,Loan originated
1,855000.0,48,1065000.0,157.0,1,Hispanic or Latino,White,Male,45-54,80.0,Loan originated
1,685000.0,49,855000.0,134.0,1,Not Hispanic or Latino,White,Female,65-74,80.0,Loan originated
1,1015000.0,44,1355000.0,200.0,1,Not Hispanic or Latino,Asian,Female,65-74,75.0,Loan originated
1,765000.0,30%-<36%,1065000.0,225.0,1,Not Hispanic or Latino,Asian,Male,25-34,71.96,Loan originated
1,105000.0,20%-<30%,585000.0,65.0,1,Not Hispanic or Latino,White,Female,65-74,17.09,Loan originated
1,755000.0,49,1085000.0,154.0,1,Not Hispanic or Latino,Asian,Female,65-74,70.0,Loan originated
1,325000.0,39,465000.0,85.0,1,Hispanic or Latino,White,Female,55-64,70.0,Application denied
1,505000.0,39,635000.0,147.0,1,Not Hispanic or Latino,Asian,Male,45-54,80.0,Loan originated
1,385000.0,41,425000.0,115.0,1,Hispanic or Latino,White,Male,45-54,90.0,Loan originated
1,735000.0,30%-<36%,815000.0,238.0,1,Not Hispanic or Latino,Asian,Male,35-44,90.0,Loan originated
1,845000.0,30%-<36%,1055000.0,1109.0,1,Not Hispanic or Latino,Asian,Male,25-34,80.0,Loan originated
1,755000.0,44,1085000.0,245.0,1,Not Hispanic or Latino,Asian,Female,45-54,70.0,Loan originated
1,825000.0,30%-<36%,1495000.0,414.0,1,Not Hispanic or Latino,White,Female,35-44,56.0,Loan originated
1,605000.0,46,755000.0,126.0,1,Not Hispanic or Latino,White,Female,35-44,80.0,Loan originated
1,625000.0,20%-<30%,1045000.0,278.0,1,Not Hispanic or Latino,White,Female,45-54,60.0,Loan originated
1,145000.0,39,375000.0,60.0,1,Hispanic or Latino,White,Male,35-44,100.264,Loan originated
1,765000.0,45,955000.0,170.0,1,Not Hispanic or Latino,Asian,Male,25-34,80.0,Loan originated
1,395000.0,46,655000.0,149.0,1,Not Hispanic or Latino,White,Female,55-64,60.145,Loan originated
1,335000.0,45,345000.0,76.0,1,Hispanic or Latino,White,Male,<25,97.0,Loan originated
1,705000.0,47,805000.0,198.0,1,Not Hispanic or Latino,Asian,Male,25-34,87.608,Loan originated
1,205000.0,30%-<36%,825000.0,104.0,1,Not Hispanic or Latino,Asian,Female,45-54,24.242,Loan originated
1,135000.0,42,335000.0,74.0,1,Not Hispanic or Latino,White,Female,55-64,41.0,Loan originated
1,535000.0,48,565000.0,141.0,1,Not Hispanic or Latino,Asian,Male,65-74,94.985,Loan originated
1,295000.0,41,395000.0,102.0,1,Not Hispanic or Latino,White,Female,55-64,74.994,Loan originated
1,765000.0,42,1455000.0,193.0,1,Not Hispanic or Latino,White,Male,35-44,52.897,Loan originated
1,375000.0,42,475000.0,187.0,1,Not Hispanic or Latino,White,Male,35-44,80.0,Loan originated
1,835000.0,47,1125000.0,280.0,1,Not Hispanic or Latino,White,Female,55-64,74.222,Loan originated
1,305000.0,46,525000.0,118.0,1,Not Hispanic or Latino,Black or African American,Female,45-54,59.071,Loan originated
1,285000.0,45,365000.0,96.0,1,Not Hispanic or Latino,White,Female,35-44,80.0,Loan originated
1,705000.0,39,835000.0,186.0,1,Not Hispanic or Latino,White,Female,45-54,85.0,Loan originated
1,105000.0,>60%,385000.0,38.0,1,Hispanic or Latino,White,Male,65-74,27.632,Application denied
1,435000.0,42,485000.0,183.0,1,Not Hispanic or Latino,White,Male,25-34,90.0,Loan originated
1,405000.0,46,665000.0,133.0,1,Not Hispanic or Latino,White,Female,55-64,61.0,Loan originated
1,495000.0,38,765000.0,145.0,1,Not Hispanic or Latino,Asian,Male,25-34,65.0,Loan originated
1,255000.0,49,705000.0,87.0,1,Hispanic or Latino,White,Male,45-54,35.714,Loan originated
1,1005000.0,47,1825000.0,244.0,1,Not Hispanic or Latino,Asian,Male,45-54,54.791,Loan originated
1,145000.0,49,215000.0,41.0,1,Hispanic or Latino,White,Female,45-54,67.44,Loan originated
1,705000.0,30%-<36%,725000.0,265.0,1,Not Hispanic or Latino,White,Male,45-54,97.0,Loan originated
1,525000.0,44,1065000.0,124.0,1,Not Hispanic or Latino,Asian,Female,55-64,50.02,Loan originated
1,365000.0,48,435000.0,75.0,1,Not Hispanic or Latino,Asian,Female,35-44,83.0,Loan originated
1,985000.0,50%-60%,1275000.0,171.0,1,Not Hispanic or Latino,Asian,Female,25-34,77.255,Loan originated
1,395000.0,20%-<30%,495000.0,165.0,1,Not Hispanic or Latino,White,Female,45-54,80.0,Loan originated
1,305000.0,46,585000.0,66.0,1,Hispanic or Latino,White,Male,35-44,52.586,Loan originated
1,235000.0,49,255000.0,67.0,1,Not Hispanic or Latino,White,Female,35-44,95.0,Loan originated
1,205000.0,30%-<36%,755000.0,93.0,1,Not Hispanic or Latino,White,Female,>74,26.49,Loan originated
1,725000.0,47,905000.0,149.0,1,Not Hispanic or Latino,Asian,Male,35-44,80.0,Loan originated
1,465000.0,36,585000.0,138.0,1,Hispanic or Latino,White,Female,25-34,96.923,Loan originated
1,365000.0,45,455000.0,125.0,1,Hispanic or Latino,White,Male,35-44,80.0,Application denied
1,415000.0,44,465000.0,136.0,1,Not Hispanic or Latino,White,Male,25-34,89.13,Loan originated
1,1115000.0,42,1315000.0,255.0,1,Not Hispanic or Latino,White,Female,45-54,85.0,Loan originated
1,445000.0,40,565000.0,110.0,1,Not Hispanic or Latino,American Indian or Alaska Native,Male,<25,80.0,Loan originated
1,745000.0,46,825000.0,187.0,1,Not Hispanic or Latino,White,Male,35-44,90.0,Loan originated
1,655000.0,44,685000.0,142.0,1,Hispanic or Latino,White,Male,35-44,95.0,Loan originated
1,535000.0,44,545000.0,137.0,1,Not Hispanic or Latino,Asian,Female,25-34,97.0,Loan originated
1,405000.0,38,1255000.0,321.0,1,Not Hispanic or Latino,Asian,Male,35-44,31.95,Loan originated
1,845000.0,49,895000.0,242.0,1,Hispanic or Latino,White,Male,45-54,95.0,Loan originated
1,225000.0,46,245000.0,54.0,1,Hispanic or Latino,White,Female,25-34,95.0,Loan originated
1,365000.0,30%-<36%,485000.0,660.0,1,Not Hispanic or Latino,Asian,Male,55-64,75.258,Loan originated
1,665000.0,40,835000.0,188.0,1,Hispanic or Latino,White,Male,35-44,80.0,Loan originated
1,295000.0,40,305000.0,94.0,1,Not Hispanic or Latino,White,Female,25-34,97.0,Loan originated
1,785000.0,41,1055000.0,283.0,1,Not Hispanic or Latino,Asian,Male,45-54,74.685,Loan originated
1,395000.0,44,425000.0,124.0,1,Hispanic or Latino,White,Male,25-34,95.0,Loan originated
1,635000.0,40,705000.0,150.0,1,Not Hispanic or Latino,Asian,Female,<25,90.0,Loan originated
1,785000.0,42,835000.0,254.0,1,Not Hispanic or Latino,White,Male,35-44,95.0,Loan originated
1,695000.0,38,795000.0,180.0,1,Not Hispanic or Latino,Asian,Male,45-54,87.471,Loan originated
1,485000.0,49,505000.0,112.0,1,Hispanic or Latino,White,Female,25-34,95.0,Loan originated
1,245000.0,44,265000.0,55.0,1,Not Hispanic or Latino,American Indian or Alaska Native,Male,45-54,95.0,Loan originated
1,655000.0,42,685000.0,181.0,1,Not Hispanic or Latino,White,Male,45-54,95.0,Loan originated
1,355000.0,30%-<36%,445000.0,100.0,1,Hispanic or Latino,White,Male,25-34,80.0,Loan originated
1,1025000.0,47,1705000.0,211.0,1,Not Hispanic or Latino,White,Female,65-74,60.0,Loan originated
1,455000.0,48,565000.0,86.0,1,Not Hispanic or Latino,Asian,Female,25-34,80.0,Loan originated
1,315000.0,30%-<36%,565000.0,102.0,1,Not Hispanic or Latino,White,Female,35-44,55.861,Loan originated
1,595000.0,41,745000.0,154.0,1,Not Hispanic or Latino,White,Male,25-34,80.0,Loan originated
1,465000.0,30%-<36%,495000.0,239.0,1,Not Hispanic or Latino,White,Male,65-74,95.0,Loan originated
1,925000.0,38,1255000.0,244.0,1,Not Hispanic or Latino,White,Male,35-44,74.0,Loan originated
1,405000.0,41,475000.0,94.0,1,Not Hispanic or Latino,White,Male,25-34,85.0,Loan originated
1,705000.0,45,745000.0,130.0,1,Hispanic or Latino,White,Male,25-34,95.0,Loan originated
1,555000.0,20%-<30%,685000.0,238.0,1,Not Hispanic or Latino,Black or African American,Male,35-44,80.0,Loan originated
1,455000.0,>60%,565000.0,174.0,1,Not Hispanic or Latino,Asian,Male,45-54,80.0,Application denied
1,95000.0,>60%,155000.0,38.0,1,Not Hispanic or Latino,White,Female,55-64,63.08,Application denied
1,545000.0,37,575000.0,160.0,1,Not Hispanic or Latino,Asian,Female,25-34,95.0,Loan originated
1,725000.0,20%-<30%,965000.0,269.0,1,Not Hispanic or Latino,Asian,Male,25-34,75.0,Loan originated
1,615000.0,41,1025000.0,166.0,1,Not Hispanic or Latino,Asian,Female,35-44,59.922,Loan originated
1,925000.0,44,1085000.0,213.0,1,Not Hispanic or Latino,Asian,Male,45-54,85.0,Loan originated
1,495000.0,44,515000.0,170.0,1,Not Hispanic or Latino,Asian,Male,25-34,97.0,Loan originated
1,155000.0,20%-<30%,675000.0,104.0,1,Not Hispanic or Latino,White,Male,65-74,22.157,Loan originated
1,625000.0,44,775000.0,150.0,1,Not Hispanic or Latino,Asian,Female,25-34,80.0,Loan originated
1,1065000.0,42,1325000.0,227.0,1,Not Hispanic or Latino,Asian,Male,25-34,80.0,Loan originated
1,545000.0,47,785000.0,260.0,1,Not Hispanic or Latino,Asian,Male,35-44,70.0,Loan originated
1,495000.0,46,615000.0,129.0,1,Not Hispanic or Latino,White,Male,25-34,80.0,Loan originated
1,375000.0,38,465000.0,121.0,1,Hispanic or Latino,White,Male,65-74,80.0,Loan originated
1,735000.0,45,765000.0,165.0,1,Not Hispanic or Latino,Black or African American,Female,35-44,95.99,Loan originated
1,335000.0,48,485000.0,163.0,1,Not Hispanic or Latino,Asian,Female,35-44,70.0,Loan originated
1,305000.0,<20%,435000.0,211.0,1,Not Hispanic or Latino,White,Male,45-54,68.299,Loan originated
1,535000.0,30%-<36%,705000.0,194.0,1,Not Hispanic or Latino,Asian,Male,35-44,75.0,Loan originated
1,575000.0,36,685000.0,168.0,1,Not Hispanic or Latino,Asian,Male,45-54,85.0,Loan originated
1,375000.0,48,395000.0,71.0,1,Hispanic or Latino,White,Female,25-34,95.0,Loan originated
1,385000.0,20%-<30%,455000.0,163.0,1,Not Hispanic or Latino,White,Male,55-64,85.0,Loan originated
1,595000.0,50%-60%,605000.0,138.0,1,Hispanic or Latino,White,Male,25-34,95.0,Application denied
1,245000.0,47,545000.0,71.0,1,Not Hispanic or Latino,White,Female,65-74,44.93,Loan originated
1,335000.0,42,415000.0,73.0,1,Not Hispanic or Latino,White,Male,35-44,80.0,Loan originated
1,485000.0,45,505000.0,110.0,1,Hispanic or Latino,White,Male,45-54,99.97,Loan originated
1,365000.0,50%-60%,385000.0,78.0,1,Hispanic or Latino,White,Male,55-64,95.0,Loan originated
1,575000.0,46,1475000.0,162.0,1,Not Hispanic or Latino,Asian,Male,35-44,38.983,Loan originated
1,575000.0,20%-<30%,605000.0,305.0,1,Hispanic or Latino,White,Male,55-64,95.0,Loan originated
1,575000.0,45,765000.0,125.0,1,Not Hispanic or Latino,Asian,Male,45-54,75.0,Loan originated
1,375000.0,49,395000.0,75.0,1,Hispanic or Latino,White,Female,25-34,98.0,Loan originated
1,345000.0,44,845000.0,182.0,1,Not Hispanic or Latino,White,Male,35-44,40.476,Loan originated
1,405000.0,45,765000.0,150.0,1,Not Hispanic or Latino,White,Female,55-64,52.535,Loan originated
1,995000.0,30%-<36%,1055000.0,301.0,1,Not Hispanic or Latino,White,Male,25-34,95.0,Loan originated
1,305000.0,48,325000.0,83.0,1,Not Hispanic or Latino,White,Female,65-74,95.0,Loan originated
1,405000.0,48,805000.0,158.0,1,Not Hispanic or Latino,Asian,Male,25-34,50.0,Loan originated
1,645000.0,47,1165000.0,136.0,1,Not Hispanic or Latino,White,Female,45-54,55.6,Loan originated
1,355000.0,41,435000.0,110.0,1,Not Hispanic or Latino,Asian,Male,25-34,80.0,Loan originated
1,285000.0,45,305000.0,76.0,1,Not Hispanic or Latino,White,Male,25-34,102.333,Loan originated
1,175000.0,42,195000.0,85.0,1,Hispanic or Latino,White,Female,45-54,90.0,Application denied
1,585000.0,20%-<30%,725000.0,221.0,1,Not Hispanic or Latino,Asian,Male,35-44,80.0,Loan originated
1,715000.0,37,955000.0,191.0,1,Not Hispanic or Latino,White,Female,55-64,75.0,Loan originated
1,175000.0,38,185000.0,67.0,1,Hispanic or Latino,White,Female,35-44,100.0,Loan originated
1,935000.0,42,1075000.0,201.0,1,Not Hispanic or Latino,Asian,Male,35-44,87.68,Loan originated
1,105000.0,49,505000.0,40.0,1,Hispanic or Latino,White,Male,>74,21.244,Loan originated
1,875000.0,20%-<30%,1095000.0,356.0,1,Not Hispanic or Latino,White,Male,35-44,80.0,Loan originated
1,1145000.0,37,1665000.0,317.0,1,Not Hispanic or Latino,White,Male,25-34,69.0,Loan originated
1,365000.0,49,405000.0,67.0,1,Not Hispanic or Latino,White,Male,35-44,90.0,Loan originated
1,515000.0,44,745000.0,111.0,1,Not Hispanic or Latino,Asian,Male,55-64,70.0,Loan originated
1,625000.0,37,785000.0,265.0,1,Not Hispanic or Latino,Asian,Male,35-44,80.0,Loan originated
1,555000.0,45,575000.0,240.0,1,Hispanic or Latino,White,Female,25-34,95.0,Application denied
1,735000.0,48,915000.0,160.0,1,Not Hispanic or Latino,Asian,Male,25-34,80.0,Loan originated
1,355000.0,45,365000.0,104.0,1,Not Hispanic or Latino,Asian,Female,35-44,100.0,Loan originated
1,445000.0,44,455000.0,115.0,1,Hispanic or Latino,White,Male,25-34,96.393,Loan originated
1,355000.0,42,445000.0,215.0,1,Not Hispanic or Latino,White,Male,55-64,80.0,Loan originated
1,1055000.0,45,1405000.0,456.0,1,Not Hispanic or Latino,White,Female,45-54,75.0,Loan originated
1,765000.0,30%-<36%,955000.0,260.0,1,Not Hispanic or Latino,White,Female,25-34,80.0,Loan originated
1,485000.0,20%-<30%,1185000.0,211.0,1,Hispanic or Latino,White,Female,25-34,40.68,Loan originated
1,445000.0,47,635000.0,95.0,1,Hispanic or Latino,White,Male,25-34,70.079,Loan originated
1,1005000.0,44,1285000.0,218.0,1,Not Hispanic or Latino,White,Male,25-34,78.13,Loan originated
1,475000.0,49,545000.0,98.0,1,Not Hispanic or Latino,White,Male,45-54,87.41,Loan originated
1,355000.0,36,455000.0,90.0,1,Not Hispanic or Latino,Asian,Female,35-44,77.77,Loan originated
1,745000.0,43,785000.0,165.0,1,Hispanic or Latino,White,Female,65-74,95.0,Loan originated
1,645000.0,30%-<36%,865000.0,179.0,1,Not Hispanic or Latino,White,Male,65-74,75.0,Loan originated
1,685000.0,30%-<36%,855000.0,197.0,1,Not Hispanic or Latino,Asian,Male,25-34,80.471,Loan originated
1,735000.0,43,815000.0,177.0,1,Not Hispanic or Latino,Asian,Male,35-44,89.99,Loan originated
1,525000.0,41,665000.0,172.0,1,Not Hispanic or Latino,Asian,Female,35-44,80.0,Loan originated
1,445000.0,40,465000.0,112.0,1,Not Hispanic or Latino,White,Female,55-64,95.0,Loan originated
1,255000.0,38,275000.0,81.0,1,Not Hispanic or Latino,White,Male,25-34,94.606,Loan originated
1,485000.0,49,895000.0,168.0,1,Not Hispanic or Latino,Asian,Female,55-64,54.06,Loan originated
1,815000.0,20%-<30%,1035000.0,40.0,1,Not Hispanic or Latino,Asian,Female,35-44,80.0,Loan originated
1,525000.0,45,525000.0,108.0,1,Not Hispanic or Latino,Black or African American,Female,55-64,100.772,Loan originated
1,585000.0,20%-<30%,735000.0,257.0,1,Not Hispanic or Latino,Asian,Female,25-34,80.0,Loan originated
1,345000.0,39,425000.0,98.0,1,Not Hispanic or Latino,White,Male,45-54,80.0,Loan originated
1,485000.0,37,505000.0,150.0,1,Not Hispanic or Latino,White,Female,25-34,97.0,Loan originated
1,485000.0,49,505000.0,175.0,1,Hispanic or Latino,Black or African American,Male,25-34,95.0,Loan originated
1,825000.0,50%-60%,865000.0,165.0,1,Not Hispanic or Latino,Black or African American,Female,35-44,95.0,Application denied
1,975000.0,44,975000.0,340.0,1,Not Hispanic or Latino,Asian,Male,35-44,100.0,Loan originated
1,265000.0,37,335000.0,100.0,1,Not Hispanic or Latino,White,Male,<25,80.0,Loan originated
1,915000.0,48,1525000.0,240.0,1,Not Hispanic or Latino,Asian,Female,25-34,60.0,Loan originated
1,265000.0,44,275000.0,73.0,1,Hispanic or Latino,Black or African American,Female,35-44,97.0,Application denied
1,635000.0,44,675000.0,152.0,1,Hispanic or Latino,White,Male,<25,95.0,Loan originated
1,635000.0,49,905000.0,148.0,1,Not Hispanic or Latino,Asian,Male,25-34,70.0,Loan originated
1,785000.0,47,985000.0,181.0,1,Hispanic or Latino,White,Female,45-54,80.0,Loan originated
1,405000.0,49,435000.0,84.0,1,Not Hispanic or Latino,Black or African American,Female,55-64,98.0,Application denied
1,525000.0,47,1295000.0,170.0,1,Not Hispanic or Latino,White,Female,35-44,41.0,Loan originated
1,235000.0,49,285000.0,45.0,1,Not Hispanic or Latino,White,Male,55-64,80.0,Loan originated
1,175000.0,36,195000.0,48.0,1,Hispanic or Latino,White,Male,65-74,90.0,Loan originated
1,365000.0,46,485000.0,123.0,1,Not Hispanic or Latino,White,Female,45-54,75.0,Loan originated
1,585000.0,46,725000.0,123.0,1,Hispanic or Latino,American Indian or Alaska Native,Male,25-34,80.0,Application denied
1,535000.0,36,895000.0,220.0,1,Hispanic or Latino,White,Male,35-44,60.0,Loan originated
1,525000.0,49,555000.0,205.0,1,Not Hispanic or Latino,Asian,Female,45-54,95.0,Loan originated
1,695000.0,20%-<30%,925000.0,254.0,1,Not Hispanic or Latino,Asian,Male,25-34,75.0,Loan originated
1,485000.0,37,785000.0,132.0,1,Not Hispanic or Latino,Asian,Female,35-44,61.88,Loan originated
1,745000.0,42,935000.0,210.0,1,Not Hispanic or Latino,White,Male,65-74,80.0,Loan originated
1,295000.0,40,485000.0,105.0,1,Hispanic or Latino,White,Male,35-44,61.34,Loan originated
1,305000.0,47,455000.0,73.0,1,Not Hispanic or Latino,White,Male,25-34,66.667,Loan originated
1,365000.0,42,455000.0,120.0,1,Hispanic or Latino,White,Male,45-54,80.0,Loan originated
1,715000.0,49,835000.0,136.0,1,Not Hispanic or Latino,White,Female,35-44,85.0,Loan originated
1,495000.0,47,615000.0,384.0,1,Not Hispanic or Latino,Asian,Female,45-54,80.0,Loan originated
1,385000.0,49,695000.0,149.0,1,Not Hispanic or Latino,White,Female,65-74,54.363,Loan originated
1,785000.0,49,845000.0,151.0,1,Not Hispanic or Latino,White,Male,25-34,94.0,Loan originated
1,425000.0,47,535000.0,168.0,1,Not Hispanic or Latino,Asian,Female,65-74,80.0,Loan originated
1,415000.0,30%-<36%,425000.0,129.0,1,Not Hispanic or Latino,Asian,Female,35-44,98.824,Loan originated
1,745000.0,48,885000.0,207.0,1,Not Hispanic or Latino,Black or African American,Female,35-44,84.66,Application denied
1,375000.0,42,755000.0,111.0,1,Not Hispanic or Latino,White,Female,35-44,84.67,Loan originated
1,515000.0,20%-<30%,585000.0,161.0,1,Not Hispanic or Latino,White,Male,25-34,88.448,Loan originated
1,675000.0,50%-60%,795000.0,288.0,1,Not Hispanic or Latino,Asian,Male,25-34,85.0,Application denied
1,765000.0,45,855000.0,191.0,1,Not Hispanic or Latino,Asian,Female,25-34,90.0,Loan originated
1,905000.0,40,1805000.0,254.0,1,Not Hispanic or Latino,Asian,Female,25-34,50.0,Loan originated
1,555000.0,36,565000.0,179.0,1,Not Hispanic or Latino,Asian,Male,25-34,97.0,Loan originated
1,365000.0,36,465000.0,119.0,1,Not Hispanic or Latino,Asian,Male,35-44,78.448,Loan originated
1,365000.0,49,385000.0,93.0,1,Hispanic or Latino,White,Male,25-34,100.0,Loan originated
1,465000.0,37,585000.0,147.0,1,Not Hispanic or Latino,Asian,Male,35-44,80.0,Loan originated
1,175000.0,30%-<36%,195000.0,76.0,1,Hispanic or Latino,American Indian or Alaska Native,Male,35-44,89.637,Application denied
1,665000.0,30%-<36%,675000.0,55.0,1,Not Hispanic or Latino,Black or African American,Female,25-34,101.5,Application denied
1,385000.0,39,405000.0,104.0,1,Hispanic or Latino,White,Female,25-34,95.0,Loan originated
1,505000.0,38,625000.0,159.0,1,Not Hispanic or Latino,Asian,Male,45-54,80.0,Loan originated
1,375000.0,46,395000.0,80.0,1,Not Hispanic or Latino,Asian,Female,45-54,95.0,Application denied
1,495000.0,20%-<30%,555000.0,154.0,1,Not Hispanic or Latino,White,Male,25-34,90.0,Loan originated
1,625000.0,41,785000.0,255.0,1,Not Hispanic or Latino,White,Male,35-44,80.0,Loan originated
1,535000.0,49,595000.0,160.0,1,Hispanic or Latino,White,Female,35-44,90.0,Loan originated
1,815000.0,41,1085000.0,258.0,1,Not Hispanic or Latino,White,Male,25-34,75.0,Loan originated
1,455000.0,47,495000.0,88.0,1,Not Hispanic or Latino,White,Male,<25,91.837,Loan originated
1,665000.0,47,905000.0,173.0,1,Not Hispanic or Latino,Asian,Female,25-34,75.0,Loan originated
1,845000.0,49,1065000.0,187.0,1,Not Hispanic or Latino,White,Male,55-64,79.811,Loan originated
1,35000.0,30%-<36%,95000.0,17.0,1,Hispanic or Latino,White,Male,55-64,97.98,Loan originated
1,875000.0,48,975000.0,192.0,1,Not Hispanic or Latino,Asian,Male,45-54,90.0,Loan originated
1,425000.0,40,525000.0,120.0,1,Not Hispanic or Latino,White,Male,25-34,100.0,Loan originated
1,65000.0,30%-<36%,165000.0,52.0,1,Not Hispanic or Latino,White,Female,65-74,37.5,Loan originated
1,755000.0,46,1105000.0,154.0,1,Not Hispanic or Latino,Asian,Female,55-64,68.0,Loan originated
1,265000.0,20%-<30%,375000.0,166.0,1,Not Hispanic or Latino,Asian,Female,45-54,70.0,Loan originated
1,715000.0,47,955000.0,172.0,1,Not Hispanic or Latino,White,Female,25-34,75.0,Loan originated
1,315000.0,46,355000.0,72.0,1,Hispanic or Latino,White,Female,35-44,90.0,Loan originated
1,265000.0,30%-<36%,325000.0,331.0,1,Not Hispanic or Latino,White,Male,35-44,80.0,Loan originated
1,535000.0,47,675000.0,102.0,1,Not Hispanic or Latino,Asian,Male,35-44,80.0,Loan originated
1,435000.0,47,475000.0,105.0,1,Hispanic or Latino,White,Male,25-34,90.0,Loan originated
1,55000.0,42,65000.0,14.0,1,Not Hispanic or Latino,White,Male,55-64,80.0,Application denied
1,495000.0,30%-<36%,1245000.0,201.0,1,Not Hispanic or Latino,Asian,Male,45-54,39.88,Loan originated
1,505000.0,49,525000.0,121.0,1,Hispanic or Latino,American Indian or Alaska Native,Male,25-34,95.0,Loan originated
1,765000.0,30%-<36%,985000.0,258.0,1,Not Hispanic or Latino,White,Female,35-44,77.51,Loan originated
1,945000.0,49,1545000.0,203.0,1,Not Hispanic or Latino,White,Male,35-44,60.999,Loan originated
1,1145000.0,48,1215000.0,327.0,1,Hispanic or Latino,American Indian or Alaska Native,Female,25-34,95.0,Loan originated
1,725000.0,37,915000.0,180.0,1,Not Hispanic or Latino,White,Male,45-54,80.0,Loan originated
1,345000.0,<20%,485000.0,226.0,1,Not Hispanic or Latino,Asian,Male,35-44,95.0,Loan originated
1,395000.0,47,695000.0,96.0,1,Not Hispanic or Latino,White,Female,45-54,56.551,Loan originated
1,335000.0,44,445000.0,130.0,1,Hispanic or Latino,White,Female,45-54,75.0,Loan originated
1,505000.0,45,1005000.0,192.0,1,Not Hispanic or Latino,Asian,Male,25-34,50.0,Loan originated
1,195000.0,46,245000.0,51.0,1,Hispanic or Latino,White,Female,55-64,80.0,Loan originated
1,455000.0,<20%,875000.0,237.0,1,Hispanic or Latino,White,Male,25-34,51.73,Loan originated
1,475000.0,48,765000.0,302.0,1,Not Hispanic or Latino,White,Male,45-54,62.23,Loan originated
1,845000.0,30%-<36%,1055000.0,319.0,1,Not Hispanic or Latino,White,Male,25-34,80.0,Loan originated
1,125000.0,30%-<36%,175000.0,91.0,1,Hispanic or Latino,White,Male,35-44,70.0,Loan originated
1,125000.0,<20%,525000.0,152.0,1,Not Hispanic or Latino,White,Female,>74,22.857,Loan originated
1,325000.0,40,525000.0,96.0,1,Not Hispanic or Latino,White,Female,55-64,63.0,Loan originated
1,525000.0,38,725000.0,128.0,1,Not Hispanic or Latino,Asian,Female,45-54,72.41,Loan originated
1,375000.0,47,445000.0,81.0,1,Not Hispanic or Latino,White,Male,35-44,85.0,Loan originated
1,415000.0,30%-<36%,465000.0,122.0,1,Not Hispanic or Latino,Asian,Male,25-34,90.0,Loan originated
1,235000.0,20%-<30%,315000.0,132.0,1,Not Hispanic or Latino,White,Male,25-34,76.0,Loan originated
1,655000.0,36,815000.0,200.0,1,Not Hispanic or Latino,White,Male,35-44,80.0,Loan originated
1,765000.0,38,995000.0,187.0,1,Not Hispanic or Latino,White,Female,25-34,77.04,Loan originated
1,735000.0,30%-<36%,915000.0,237.0,1,Not Hispanic or Latino,White,Male,25-34,80.0,Loan originated
1,185000.0,47,195000.0,98.0,1,Not Hispanic or Latino,White,Female,45-54,95.0,Loan originated
1,605000.0,39,755000.0,158.0,1,Not Hispanic or Latino,Asian,Male,25-34,80.0,Loan originated
1,185000.0,20%-<30%,225000.0,110.0,1,Hispanic or Latino,White,Female,65-74,84.64,Loan originated
1,205000.0,30%-<36%,435000.0,89.0,1,Not Hispanic or Latino,Asian,Female,45-54,45.924,Loan originated
1,595000.0,41,745000.0,143.0,1,Not Hispanic or Latino,White,Male,<25,80.0,Loan originated
1,195000.0,20%-<30%,265000.0,193.0,1,Hispanic or Latino,White,Male,25-34,75.0,Loan originated
1,365000.0,46,515000.0,79.0,1,Hispanic or Latino,White,Male,35-44,69.903,Loan originated
1,295000.0,20%-<30%,375000.0,88.0,1,Not Hispanic or Latino,Asian,Female,25-34,80.0,Loan originated
1,705000.0,42,1005000.0,210.0,1,Not Hispanic or Latino,White,Female,>74,70.0,Loan originated
1,265000.0,30%-<36%,745000.0,88.0,1,Not Hispanic or Latino,Asian,Female,45-54,35.62,Loan originated
1,365000.0,44,415000.0,72.0,1,Hispanic or Latino,White,Male,25-34,87.89,Loan originated
1,205000.0,20%-<30%,595000.0,88.0,1,Not Hispanic or Latino,Asian,Female,25-34,34.349,Loan originated
1,685000.0,20%-<30%,865000.0,443.0,1,Not Hispanic or Latino,White,Male,35-44,80.0,Loan originated
1,275000.0,30%-<36%,315000.0,81.0,1,Hispanic or Latino,American Indian or Alaska Native,Male,45-54,90.0,Loan originated
1,395000.0,49,415000.0,81.0,1,Hispanic or Latino,White,Female,35-44,95.0,Application denied
1,485000.0,50%-60%,505000.0,150.0,1,Hispanic or Latino,White,Male,45-54,97.0,Application denied
1,385000.0,48,535000.0,82.0,1,Hispanic or Latino,White,Male,25-34,72.0,Loan originated
1,635000.0,48,785000.0,28.0,1,Not Hispanic or Latino,Asian,Male,35-44,80.0,Loan originated
1,235000.0,41,405000.0,74.0,1,Not Hispanic or Latino,Black or African American,Female,65-74,57.5,Loan originated
1,645000.0,41,925000.0,155.0,1,Not Hispanic or Latino,White,Female,55-64,70.0,Loan originated
1,305000.0,48,825000.0,87.0,1,Not Hispanic or Latino,White,Male,35-44,36.585,Loan originated
1,465000.0,48,905000.0,186.0,1,Not Hispanic or Latino,White,Female,65-74,51.389,Loan originated
1,635000.0,45,685000.0,218.0,1,Not Hispanic or Latino,White,Female,25-34,92.7,Loan originated
1,575000.0,50%-60%,605000.0,113.0,1,Hispanic or Latino,White,Male,35-44,95.0,Loan originated
1,695000.0,49,775000.0,168.0,1,Not Hispanic or Latino,White,Male,25-34,89.806,Loan originated
1,1015000.0,47,1195000.0,206.0,1,Hispanic or Latino,White,Male,35-44,85.0,Loan originated
1,385000.0,46,475000.0,101.0,1,Not Hispanic or Latino,White,Male,25-34,80.0,Loan originated
1,775000.0,42,1035000.0,210.0,1,Not Hispanic or Latino,White,Female,45-54,75.0,Loan originated
1,675000.0,20%-<30%,1275000.0,271.0,1,Not Hispanic or Latino,White,Male,45-54,52.941,Loan originated
1,445000.0,30%-<36%,465000.0,130.0,1,Hispanic or Latino,White,Female,35-44,97.0,Loan originated
1,425000.0,49,635000.0,147.0,1,Not Hispanic or Latino,White,Female,25-34,80.0,Loan originated
1,445000.0,30%-<36%,465000.0,118.0,1,Hispanic or Latino,White,Female,55-64,95.0,Loan originated
1,765000.0,42,785000.0,220.0,1,Hispanic or Latino,White,Female,25-34,97.0,Loan originated
1,655000.0,41,955000.0,329.0,1,Not Hispanic or Latino,Asian,Male,25-34,68.43,Loan originated
1,1005000.0,50%-60%,1935000.0,239.0,1,Not Hispanic or Latino,White,Female,55-64,51.76,Application denied
1,765000.0,48,875000.0,230.0,1,Not Hispanic or Latino,White,Male,35-44,87.4,Loan originated
1,735000.0,20%-<30%,925000.0,285.0,1,Not Hispanic or Latino,Asian,Male,55-64,80.0,Loan originated
1,465000.0,30%-<36%,555000.0,144.0,1,Not Hispanic or Latino,White,Female,35-44,85.0,Loan originated
1,925000.0,48,1155000.0,279.0,1,Not Hispanic or Latino,White,Male,35-44,80.0,Loan originated
1,465000.0,48,525000.0,102.0,1,Hispanic or Latino,White,Male,<25,88.462,Loan originated
1,965000.0,46,1765000.0,244.0,1,Not Hispanic or Latino,White,Male,45-54,54.777,Loan originated
1,305000.0,42,385000.0,189.0,1,Hispanic or Latino,White,Male,45-54,80.0,Loan originated
1,745000.0,48,935000.0,156.0,1,Not Hispanic or Latino,Asian,Female,25-34,80.0,Loan originated
1,805000.0,30%-<36%,1455000.0,277.0,1,Not Hispanic or Latino,Asian,Male,25-34,55.17,Loan originated
1,665000.0,39,835000.0,165.0,1,Hispanic or Latino,White,Male,35-44,80.0,Loan originated
1,675000.0,46,715000.0,181.0,1,Not Hispanic or Latino,White,Female,25-34,95.0,Loan originated
1,255000.0,41,365000.0,66.0,1,Hispanic or Latino,American Indian or Alaska Native,Female,35-44,69.0,Loan originated
1,675000.0,20%-<30%,955000.0,430.0,1,Hispanic or Latino,White,Male,45-54,71.053,Loan originated
1,1075000.0,44,1435000.0,294.0,1,Not Hispanic or Latino,Asian,Female,45-54,75.0,Loan originated
1,185000.0,30%-<36%,205000.0,152.0,1,Not Hispanic or Latino,White,Male,35-44,90.73,Loan originated
1,1025000.0,40,1285000.0,281.0,1,Not Hispanic or Latino,Asian,Male,25-34,80.0,Loan originated
1,205000.0,49,265000.0,57.0,1,Hispanic or Latino,White,Female,45-54,80.0,Loan originated
1,595000.0,45,625000.0,169.0,1,Not Hispanic or Latino,Black or African American,Male,55-64,95.0,Loan originated
1,545000.0,43,695000.0,113.0,1,Not Hispanic or Latino,Black or African American,Male,25-34,77.64,Loan originated
1,285000.0,20%-<30%,355000.0,117.0,1,Hispanic or Latino,White,Female,35-44,80.0,Loan originated
1,435000.0,45,455000.0,96.0,1,Hispanic or Latino,White,Female,25-34,94.999,Loan originated
1,685000.0,40,855000.0,244.0,1,Not Hispanic or Latino,White,Female,35-44,80.0,Loan originated
1,755000.0,20%-<30%,1725000.0,322.0,1,Not Hispanic or Latino,White,Male,35-44,43.456,Loan originated
1,905000.0,43,2305000.0,322.0,1,Not Hispanic or Latino,Asian,Male,25-34,39.13,Loan originated
1,165000.0,38,205000.0,42.0,1,Not Hispanic or Latino,White,Female,35-44,94.5,Loan originated
1,455000.0,49,605000.0,92.0,1,Hispanic or Latino,White,Female,45-54,75.0,Loan originated
1,525000.0,44,555000.0,168.0,1,Hispanic or Latino,2 or more minority races,Female,35-44,95.0,Loan originated
1,455000.0,38,485000.0,114.0,1,Not Hispanic or Latino,White,Male,25-34,95.0,Loan originated
1,655000.0,39,825000.0,257.0,1,Not Hispanic or Latino,Asian,Male,45-54,80.0,Loan originated
1,395000.0,45,565000.0,114.0,1,Hispanic or Latino,White,Female,25-34,70.0,Loan originated
1,315000.0,47,365000.0,75.0,1,Hispanic or Latino,Native Hawaiian or Other Pacific Islander,Female,25-34,87.0,Loan originated
1,565000.0,43,705000.0,139.0,1,Not Hispanic or Latino,Asian,Female,45-54,80.0,Loan originated
1,205000.0,39,225000.0,61.0,1,Hispanic or Latino,White,Male,45-54,90.0,Loan originated
1,175000.0,30%-<36%,235000.0,58.0,1,Not Hispanic or Latino,White,Male,35-44,75.819,Loan originated
1,625000.0,46,835000.0,250.0,1,Hispanic or Latino,White,Female,45-54,75.0,Loan originated
1,375000.0,49,705000.0,138.0,1,Not Hispanic or Latino,Asian,Female,45-54,53.39,Loan originated
1,865000.0,47,1445000.0,215.0,1,Not Hispanic or Latino,Asian,Male,35-44,60.0,Loan originated
1,515000.0,47,1055000.0,115.0,1,Not Hispanic or Latino,Asian,Male,<25,48.929,Loan originated
1,1095000.0,39,1365000.0,272.0,1,Not Hispanic or Latino,Asian,Male,35-44,80.0,Loan originated
1,1075000.0,50%-60%,1345000.0,227.0,1,Not Hispanic or Latino,White,Male,45-54,79.926,Application denied
1,505000.0,47,635000.0,153.0,1,Not Hispanic or Latino,White,Male,55-64,80.0,Loan originated
1,765000.0,45,965000.0,157.0,1,Not Hispanic or Latino,Asian,Male,55-64,79.76,Loan originated
1,965000.0,37,1215000.0,266.0,1,Not Hispanic or Latino,Asian,Male,>74,80.0,Loan originated
1,405000.0,49,485000.0,88.0,1,Hispanic or Latino,White,Female,25-34,84.445,Loan originated
1,655000.0,48,1155000.0,130.0,1,Not Hispanic or Latino,Asian,Male,25-34,56.52,Loan originated
1,475000.0,<20%,625000.0,285.0,1,Not Hispanic or Latino,Asian,Female,35-44,77.317,Loan originated
1,505000.0,48,685000.0,114.0,1,Not Hispanic or Latino,Asian,Female,25-34,75.0,Loan originated
1,475000.0,49,555000.0,103.0,1,Not Hispanic or Latino,Asian,Male,25-34,85.0,Loan originated
1,615000.0,41,675000.0,133.0,1,Not Hispanic or Latino,Asian,Male,35-44,89.99,Loan originated
1,665000.0,49,705000.0,155.0,1,Not Hispanic or Latino,Black or African American,Female,45-54,95.0,Loan originated
1,305000.0,43,485000.0,76.0,1,Not Hispanic or Latino,White,Female,>74,63.542,Loan originated
1,535000.0,41,565000.0,153.0,1,Hispanic or Latino,White,Male,25-34,95.0,Loan originated
1,605000.0,42,635000.0,261.0,1,Hispanic or Latino,White,Male,35-44,95.0,Loan originated
1,485000.0,30%-<36%,535000.0,164.0,1,Not Hispanic or Latino,Asian,Female,25-34,89.99,Loan originated
1,735000.0,38,975000.0,210.0,1,Not Hispanic or Latino,White,Male,35-44,75.0,Loan originated
1,75000.0,20%-<30%,315000.0,41.0,1,Not Hispanic or Latino,White,Male,45-54,22.508,Loan originated
1,385000.0,40,555000.0,146.0,1,Not Hispanic or Latino,White,Male,>74,70.0,Loan originated
1,415000.0,39,515000.0,187.0,1,Hispanic or Latino,White,Male,35-44,80.0,Loan originated
1,355000.0,45,515000.0,180.0,1,Not Hispanic or Latino,Black or African American,Female,55-64,70.0,Loan originated
1,655000.0,41,685000.0,167.0,1,Not Hispanic or Latino,White,Male,35-44,95.0,Loan originated
1,215000.0,45,225000.0,71.0,1,Not Hispanic or Latino,White,Male,25-34,97.0,Loan originated
1,515000.0,41,535000.0,128.0,1,Not Hispanic or Latino,White,Female,25-34,97.0,Loan originated
1,655000.0,49,1155000.0,140.0,1,Not Hispanic or Latino,Asian,Male,<25,57.0,Loan originated
1,345000.0,41,365000.0,85.0,1,Hispanic or Latino,White,Male,25-34,95.0,Loan originated
1,545000.0,41,605000.0,136.0,1,Hispanic or Latino,White,Male,25-34,90.0,Loan originated
1,765000.0,47,825000.0,172.0,1,Not Hispanic or Latino,Asian,Male,25-34,93.415,Loan originated
1,865000.0,20%-<30%,1075000.0,384.0,1,Not Hispanic or Latino,White,Female,35-44,80.0,Loan originated
1,275000.0,36,345000.0,77.0,1,Not Hispanic or Latino,White,Female,45-54,80.0,Loan originated
1,285000.0,30%-<36%,585000.0,108.0,1,Not Hispanic or Latino,Asian,Male,45-54,47.782,Loan originated
1,455000.0,41,475000.0,136.0,1,Hispanic or Latino,White,Male,35-44,95.0,Loan originated
1,825000.0,49,1085000.0,325.0,1,Not Hispanic or Latino,White,Male,45-54,75.495,Loan originated
1,535000.0,48,665000.0,143.0,1,Not Hispanic or Latino,White,Female,35-44,80.0,Loan originated
1,675000.0,40,845000.0,177.0,1,Not Hispanic or Latino,White,Male,35-44,80.0,Loan originated
1,765000.0,42,1005000.0,367.0,1,Not Hispanic or Latino,White,Female,35-44,76.655,Loan originated
1,545000.0,49,575000.0,134.0,1,Not Hispanic or Latino,Asian,Male,25-34,95.0,Loan originated
1,685000.0,37,855000.0,252.0,1,Not Hispanic or Latino,White,Female,45-54,80.0,Loan originated
1,325000.0,49,1205000.0,96.0,1,Not Hispanic or Latino,Asian,Female,45-54,39.167,Loan originated
1,415000.0,46,465000.0,232.0,1,Not Hispanic or Latino,Asian,Male,35-44,90.0,Loan originated
1,565000.0,47,755000.0,263.0,1,Not Hispanic or Latino,White,Female,35-44,75.0,Loan originated
1,1145000.0,42,1905000.0,395.0,1,Not Hispanic or Latino,White,Female,35-44,60.0,Loan originated
1,365000.0,30%-<36%,675000.0,121.0,1,Hispanic or Latino,White,Male,55-64,54.746,Loan originated
1,325000.0,48,485000.0,140.0,1,Not Hispanic or Latino,White,Male,35-44,66.97,Loan originated
1,845000.0,40,1055000.0,231.0,1,Not Hispanic or Latino,White,Male,25-34,80.0,Loan originated
1,945000.0,40,1055000.0,330.0,1,Hispanic or Latino,White,Male,35-44,90.0,Loan originated
1,495000.0,37,585000.0,137.0,1,Not Hispanic or Latino,White,Female,25-34,84.1,Loan originated
1,415000.0,41,435000.0,125.0,1,Not Hispanic or Latino,White,Male,<25,97.0,Loan originated
1,385000.0,48,515000.0,82.0,1,Not Hispanic or Latino,White,Female,25-34,74.226,Loan originated
1,265000.0,30%-<36%,515000.0,95.0,1,Hispanic or Latino,White,Female,35-44,51.456,Loan originated
1,425000.0,>60%,525000.0,120.0,1,Not Hispanic or Latino,Asian,Male,25-34,80.0,Application denied
1,755000.0,48,945000.0,167.0,1,Hispanic or Latino,White,Female,55-64,80.0,Application denied
1,505000.0,<20%,805000.0,1443.0,1,Not Hispanic or Latino,White,Male,55-64,62.5,Loan originated
1,285000.0,49,525000.0,77.0,1,Not Hispanic or Latino,White,Male,55-64,53.131,Loan originated
1,1005000.0,49,1775000.0,216.0,1,Hispanic or Latino,White,Male,35-44,56.338,Loan originated
1,485000.0,49,515000.0,143.0,1,Not Hispanic or Latino,White,Female,25-34,94.68,Loan originated
1,555000.0,49,815000.0,143.0,1,Hispanic or Latino,White,Male,45-54,69.0,Loan originated
1,515000.0,30%-<36%,545000.0,151.0,1,Not Hispanic or Latino,Black or African American,Male,45-54,95.0,Loan originated
1,575000.0,44,605000.0,242.0,1,Hispanic or Latino,White,Male,35-44,95.0,Loan originated
1,265000.0,30%-<36%,565000.0,81.0,1,Not Hispanic or Latino,White,Male,25-34,46.429,Loan originated
1,605000.0,30%-<36%,1005000.0,209.0,1,Not Hispanic or Latino,White,Female,35-44,60.0,Loan originated
1,255000.0,20%-<30%,435000.0,477.0,1,Not Hispanic or Latino,White,Male,25-34,57.339,Loan originated
1,445000.0,20%-<30%,555000.0,180.0,1,Hispanic or Latino,American Indian or Alaska Native,Male,25-34,80.0,Loan originated
1,585000.0,49,735000.0,153.0,1,Not Hispanic or Latino,Asian,Female,25-34,100.0,Loan originated
1,1005000.0,40,1275000.0,299.0,1,Not Hispanic or Latino,Asian,Female,25-34,78.161,Loan originated
1,705000.0,30%-<36%,805000.0,483.0,1,Not Hispanic or Latino,White,Male,35-44,90.0,Loan originated
1,405000.0,49,685000.0,142.0,1,Not Hispanic or Latino,Black or African American,Male,35-44,60.0,Loan originated
1,195000.0,40,205000.0,53.0,1,Not Hispanic or Latino,White,Female,35-44,97.0,Loan originated
1,255000.0,49,275000.0,88.0,1,Not Hispanic or Latino,White,Male,25-34,95.0,Loan originated
1,195000.0,49,365000.0,42.0,1,Not Hispanic or Latino,Asian,Male,45-54,52.349,Loan originated
1,625000.0,46,775000.0,127.0,1,Not Hispanic or Latino,White,Male,25-34,80.0,Loan originated
1,755000.0,49,885000.0,235.0,1,Hispanic or Latino,White,Male,55-64,85.0,Loan originated
1,445000.0,46,565000.0,119.0,1,Not Hispanic or Latino,Asian,Male,35-44,80.0,Loan originated
1,265000.0,45,285000.0,126.0,1,Not Hispanic or Latino,White,Male,65-74,90.0,Application denied
1,145000.0,30%-<36%,445000.0,64.0,1,Not Hispanic or Latino,Asian,Male,35-44,32.713,Loan originated
1,155000.0,38,815000.0,73.0,1,Not Hispanic or Latino,Asian,Male,25-34,19.0,Loan originated
1,495000.0,46,665000.0,115.0,1,Not Hispanic or Latino,Asian,Female,25-34,95.0,Loan originated
1,515000.0,<20%,645000.0,368.0,1,Not Hispanic or Latino,Asian,Male,45-54,80.0,Loan originated
1,695000.0,49,1065000.0,139.0,1,Not Hispanic or Latino,Asian,Male,35-44,65.189,Loan originated
1,335000.0,20%-<30%,515000.0,204.0,1,Not Hispanic or Latino,White,Male,55-64,64.372,Loan originated
1,225000.0,37,855000.0,126.0,1,Hispanic or Latino,White,Male,25-34,25.882,Loan originated
1,505000.0,43,1255000.0,136.0,1,Not Hispanic or Latino,White,Female,65-74,40.0,Loan originated
1,795000.0,49,995000.0,236.0,1,Hispanic or Latino,White,Male,35-44,80.0,Loan originated
1,585000.0,49,655000.0,160.0,1,Hispanic or Latino,White,Male,25-34,90.0,Loan originated
1,485000.0,49,515000.0,135.0,1,Not Hispanic or Latino,White,Male,25-34,95.0,Loan originated
1,325000.0,41,875000.0,515.0,1,Not Hispanic or Latino,Asian,Male,55-64,37.143,Loan originated
1,65000.0,49,605000.0,38.0,1,Not Hispanic or Latino,White,Female,>74,12.0,Loan originated
1,445000.0,47,465000.0,94.0,1,Hispanic or Latino,White,Female,25-34,97.0,Loan originated
1,495000.0,49,705000.0,96.0,1,Not Hispanic or Latino,White,Female,35-44,70.0,Loan originated
1,515000.0,44,595000.0,203.0,1,Not Hispanic or Latino,Asian,Male,35-44,86.555,Loan originated
1,365000.0,46,465000.0,86.0,1,Hispanic or Latino,White,Female,25-34,100.0,Loan originated
1,405000.0,47,415000.0,153.0,1,Hispanic or Latino,White,Female,25-34,97.0,Loan originated
1,325000.0,47,415000.0,74.0,1,Not Hispanic or Latino,White,Female,45-54,80.0,Loan originated
1,335000.0,30%-<36%,815000.0,150.0,1,Hispanic or Latino,White,Female,35-44,41.256,Loan originated
1,445000.0,46,465000.0,96.0,1,Not Hispanic or Latino,White,Male,35-44,95.0,Loan originated
1,435000.0,20%-<30%,575000.0,186.0,1,Not Hispanic or Latino,Asian,Male,25-34,75.0,Loan originated
1,765000.0,30%-<36%,1255000.0,227.0,1,Not Hispanic or Latino,Asian,Male,35-44,62.0,Loan originated
1,695000.0,48,995000.0,153.0,1,Not Hispanic or Latino,White,Male,45-54,69.99,Loan originated
1,335000.0,49,365000.0,143.0,1,Hispanic or Latino,Native Hawaiian or Other Pacific Islander,Female,35-44,90.0,Loan originated
1,595000.0,>60%,625000.0,50.0,1,Not Hispanic or Latino,White,Male,35-44,95.0,Application denied
1,445000.0,36,565000.0,152.0,1,Not Hispanic or Latino,American Indian or Alaska Native,Female,25-34,80.0,Loan originated
1,235000.0,47,335000.0,52.0,1,Not Hispanic or Latino,White,Female,>74,70.0,Loan originated
1,635000.0,47,795000.0,174.0,1,Hispanic or Latino,White,Male,35-44,80.0,Loan originated
1,1125000.0,43,1185000.0,399.0,1,Not Hispanic or Latino,White,Male,25-34,95.0,Loan originated
1,245000.0,39,255000.0,78.0,1,Not Hispanic or Latino,Black or African American,Female,25-34,97.0,Loan originated
1,285000.0,39,515000.0,74.0,1,Not Hispanic or Latino,White,Female,55-64,55.34,Loan originated
1,525000.0,50%-60%,525000.0,112.0,1,Hispanic or Latino,White,Male,25-34,101.75,Application denied
1,515000.0,42,575000.0,144.0,1,Not Hispanic or Latino,White,Female,55-64,90.0,Loan originated
1,625000.0,45,1125000.0,166.0,1,Not Hispanic or Latino,Asian,Male,25-34,55.0,Application denied
1,505000.0,45,975000.0,394.0,1,Hispanic or Latino,Asian,Male,35-44,51.545,Loan originated
1,535000.0,45,675000.0,121.0,1,Hispanic or Latino,White,Male,25-34,80.0,Loan originated
1,425000.0,41,535000.0,113.0,1,Not Hispanic or Latino,Asian,Female,45-54,80.0,Loan originated
1,725000.0,40,965000.0,239.0,1,Not Hispanic or Latino,Asian,Female,45-54,75.0,Loan originated
1,495000.0,20%-<30%,545000.0,261.0,1,Not Hispanic or Latino,Asian,Female,25-34,90.0,Loan originated
1,685000.0,38,855000.0,500.0,1,Not Hispanic or Latino,White,Male,25-34,80.0,Loan originated
1,75000.0,44,175000.0,36.0,1,Not Hispanic or Latino,White,Male,55-64,42.857,Loan originated
1,525000.0,40,545000.0,283.0,1,Not Hispanic or Latino,White,Male,55-64,95.0,Loan originated
1,685000.0,44,855000.0,185.0,1,Not Hispanic or Latino,Asian,Female,25-34,80.0,Loan originated
1,355000.0,48,455000.0,151.0,1,Not Hispanic or Latino,White,Male,45-54,77.778,Loan originated
1,1135000.0,43,1555000.0,344.0,1,Not Hispanic or Latino,Black or African American,Male,35-44,72.903,Loan originated
1,495000.0,20%-<30%,625000.0,240.0,1,Not Hispanic or Latino,Asian,Female,35-44,80.0,Loan originated
1,905000.0,30%-<36%,1805000.0,612.0,1,Not Hispanic or Latino,Asian,Male,35-44,49.864,Loan originated
1,205000.0,<20%,695000.0,441.0,1,Not Hispanic or Latino,Asian,Male,35-44,28.573,Application denied
1,355000.0,46,445000.0,133.0,1,Not Hispanic or Latino,Asian,Male,25-34,79.545,Loan originated
1,445000.0,45,555000.0,129.0,1,Not Hispanic or Latino,Asian,Male,25-34,80.0,Loan originated
1,355000.0,47,395000.0,195.0,1,Hispanic or Latino,White,Male,45-54,89.0,Loan originated
1,475000.0,41,655000.0,123.0,1,Hispanic or Latino,Asian,Male,25-34,72.429,Loan originated
1,1055000.0,38,1315000.0,289.0,1,Not Hispanic or Latino,Asian,Male,25-34,80.0,Loan originated
1,555000.0,49,585000.0,141.0,1,Not Hispanic or Latino,Asian,Male,25-34,95.0,Loan originated
1,495000.0,20%-<30%,625000.0,193.0,1,Hispanic or Latino,White,Male,55-64,80.0,Loan originated
1,725000.0,36,905000.0,207.0,1,Not Hispanic or Latino,White,Male,45-54,80.0,Loan originated
1,245000.0,44,745000.0,92.0,1,Not Hispanic or Latino,Asian,Female,45-54,32.44,Application denied
1,295000.0,30%-<36%,375000.0,96.0,1,Not Hispanic or Latino,Asian,Male,35-44,80.0,Loan originated
1,885000.0,46,1115000.0,232.0,1,Not Hispanic or Latino,Black or African American,Male,45-54,80.0,Loan originated
1,755000.0,20%-<30%,1265000.0,307.0,1,Not Hispanic or Latino,Asian,Male,25-34,60.0,Application denied
1,1125000.0,30%-<36%,1405000.0,364.0,1,Not Hispanic or Latino,White,Female,45-54,80.0,Loan originated
1,635000.0,43,705000.0,297.0,1,Hispanic or Latino,White,Male,35-44,90.0,Loan originated
1,365000.0,46,385000.0,90.0,1,Hispanic or Latino,White,Male,35-44,95.0,Loan originated
1,735000.0,41,1105000.0,213.0,1,Not Hispanic or Latino,White,Male,25-34,69.96,Loan originated
1,515000.0,<20%,605000.0,312.0,1,Hispanic or Latino,White,Male,35-44,85.0,Loan originated
1,505000.0,49,525000.0,102.0,1,Hispanic or Latino,White,Male,55-64,95.0,Loan originated
1,1095000.0,47,1825000.0,477.0,1,Not Hispanic or Latino,Asian,Male,45-54,60.0,Loan originated
1,825000.0,46,1225000.0,269.0,1,Not Hispanic or Latino,White,Male,45-54,67.35,Loan originated
1,1015000.0,49,1135000.0,202.0,1,Not Hispanic or Latino,Asian,Male,35-44,90.0,Loan originated
1,665000.0,45,785000.0,173.0,1,Not Hispanic or Latino,Black or African American,Male,35-44,85.0,Loan originated
1,895000.0,37,995000.0,257.0,1,Not Hispanic or Latino,White,Female,35-44,90.0,Loan originated
1,175000.0,36,205000.0,86.0,1,Not Hispanic or Latino,White,Female,65-74,85.88,Application denied
1,765000.0,46,1045000.0,165.0,1,Not Hispanic or Latino,Asian,Male,45-54,73.105,Loan originated
1,425000.0,47,455000.0,89.0,1,Hispanic or Latino,White,Female,45-54,95.0,Loan originated
1,1095000.0,40,1375000.0,301.0,1,Not Hispanic or Latino,White,Male,25-34,79.97,Loan originated
1,245000.0,49,315000.0,56.0,1,Not Hispanic or Latino,White,Male,45-54,78.526,Loan originated
1,625000.0,<20%,695000.0,807.0,1,Not Hispanic or Latino,White,Female,35-44,90.0,Loan originated
1,225000.0,>60%,255000.0,70.0,1,Hispanic or Latino,White,Male,<25,88.58,Application denied
1,825000.0,47,875000.0,199.0,1,Not Hispanic or Latino,White,Male,25-34,95.0,Loan originated
1,795000.0,20%-<30%,995000.0,355.0,1,Not Hispanic or Latino,Asian,Male,35-44,80.0,Loan originated
1,505000.0,30%-<36%,625000.0,137.0,1,Not Hispanic or Latino,Asian,Male,25-34,80.0,Loan originated
1,345000.0,49,355000.0,77.0,1,Hispanic or Latino,White,Male,25-34,100.0,Loan originated
1,315000.0,30%-<36%,705000.0,129.0,1,Hispanic or Latino,Asian,Female,35-44,43.67,Loan originated
1,235000.0,20%-<30%,515000.0,113.0,1,Not Hispanic or Latino,White,Male,55-64,45.726,Loan originated
1,245000.0,42,485000.0,64.0,1,Not Hispanic or Latino,Asian,Male,25-34,50.0,Loan originated
1,955000.0,48,1655000.0,199.0,1,Not Hispanic or Latino,White,Female,55-64,57.576,Loan originated
1,315000.0,49,1435000.0,89.0,1,Hispanic or Latino,White,Male,55-64,21.96,Loan originated
1,375000.0,41,465000.0,144.0,1,Not Hispanic or Latino,Asian,Male,35-44,80.0,Loan originated
1,855000.0,30%-<36%,1135000.0,275.0,1,Hispanic or Latino,White,Male,35-44,75.0,Loan originated
1,935000.0,20%-<30%,1505000.0,525.0,1,Not Hispanic or Latino,White,Male,35-44,62.28,Loan originated
1,75000.0,44,415000.0,25.0,1,Not Hispanic or Latino,White,Female,<25,17.195,Loan originated
1,665000.0,45,745000.0,155.0,1,Not Hispanic or Latino,Asian,Male,45-54,89.99,Loan originated
1,245000.0,48,355000.0,48.0,1,Not Hispanic or Latino,White,Male,55-64,69.0,Loan originated
1,615000.0,49,825000.0,132.0,1,Not Hispanic or Latino,White,Female,55-64,74.621,Loan originated
1,585000.0,48,735000.0,128.0,1,Not Hispanic or Latino,Black or African American,Female,65-74,80.0,Loan originated
1,325000.0,36,405000.0,87.0,1,Not Hispanic or Latino,White,Female,55-64,80.0,Loan originated
1,1005000.0,30%-<36%,1345000.0,317.0,1,Not Hispanic or Latino,Asian,Female,45-54,75.0,Loan originated
1,1005000.0,20%-<30%,1605000.0,655.0,1,Not Hispanic or Latino,White,Male,35-44,62.5,Loan originated
1,1095000.0,40,1565000.0,290.0,1,Not Hispanic or Latino,Asian,Male,35-44,70.0,Loan originated
1,175000.0,43,315000.0,55.0,1,Not Hispanic or Latino,White,Female,>74,56.0,Loan originated
1,605000.0,48,715000.0,152.0,1,Hispanic or Latino,White,Male,35-44,85.0,Loan originated
1,545000.0,>60%,685000.0,75.0,1,Hispanic or Latino,White,Male,35-44,80.0,Application denied
1,445000.0,30%-<36%,465000.0,116.0,1,Not Hispanic or Latino,Asian,Male,25-34,94.027,Loan originated
1,435000.0,41,485000.0,236.0,1,Not Hispanic or Latino,Asian,Female,35-44,90.0,Loan originated
1,235000.0,30%-<36%,245000.0,70.0,1,Hispanic or Latino,White,Female,25-34,95.0,Loan originated
1,475000.0,45,545000.0,95.0,1,Not Hispanic or Latino,Asian,Male,25-34,87.0,Loan originated
1,665000.0,46,745000.0,140.0,1,Not Hispanic or Latino,Asian,Male,25-34,90.0,Loan originated
1,385000.0,37,405000.0,109.0,1,Hispanic or Latino,White,Female,25-34,100.0,Loan originated
1,1015000.0,42,1355000.0,254.0,1,Not Hispanic or Latino,White,Male,25-34,75.0,Loan originated
1,275000.0,45,385000.0,72.0,1,Not Hispanic or Latino,White,Male,25-34,70.97,Loan originated
1,245000.0,30%-<36%,305000.0,162.0,1,Not Hispanic or Latino,Asian,Female,45-54,80.0,Loan originated
1,1085000.0,47,1135000.0,243.0,1,Hispanic or Latino,White,Female,25-34,95.0,Loan originated
1,305000.0,47,315000.0,65.0,1,Hispanic or Latino,White,Male,<25,97.0,Loan originated
1,535000.0,41,675000.0,143.0,1,Not Hispanic or Latino,Asian,Male,35-44,80.0,Application denied
1,1005000.0,41,1255000.0,299.0,1,Not Hispanic or Latino,White,Male,35-44,80.0,Loan originated
1,525000.0,44,705000.0,168.0,1,Hispanic or Latino,Asian,Male,35-44,75.0,Loan originated
1,315000.0,30%-<36%,615000.0,120.0,1,Not Hispanic or Latino,Asian,Female,35-44,50.81,Loan originated
1,985000.0,42,1235000.0,480.0,1,Hispanic or Latino,White,Male,35-44,80.0,Loan originated
1,555000.0,44,1125000.0,260.0,1,Not Hispanic or Latino,Asian,Male,25-34,49.11,Loan originated
1,255000.0,50%-60%,965000.0,74.0,1,Not Hispanic or Latino,White,Female,35-44,25.907,Application denied
1,1145000.0,48,1445000.0,230.0,1,Not Hispanic or Latino,Asian,Male,35-44,80.0,Loan originated
1,465000.0,50%-60%,475000.0,95.0,1,Hispanic or Latino,Asian,Female,35-44,97.0,Application denied
1,855000.0,36,1065000.0,243.0,1,Not Hispanic or Latino,Asian,Female,25-34,80.0,Loan originated
1,575000.0,47,775000.0,119.0,1,Not Hispanic or Latino,White,Female,45-54,73.548,Loan originated
1,335000.0,30%-<36%,415000.0,110.0,1,Not Hispanic or Latino,White,Female,65-74,80.0,Loan originated
1,335000.0,47,435000.0,96.0,1,Hispanic or Latino,White,Male,45-54,77.143,Loan originated
1,925000.0,20%-<30%,2285000.0,414.0,1,Not Hispanic or Latino,Asian,Male,45-54,40.25,Loan originated
1,735000.0,47,1155000.0,162.0,1,Not Hispanic or Latino,Asian,Female,<25,63.939,Loan originated
1,275000.0,>60%,375000.0,49.0,1,Not Hispanic or Latino,White,Male,65-74,72.97,Application denied
1,405000.0,49,555000.0,83.0,1,Hispanic or Latino,White,Female,65-74,73.37,Loan originated
1,685000.0,48,1255000.0,141.0,1,Not Hispanic or Latino,White,Female,35-44,55.0,Loan originated
1,685000.0,30%-<36%,855000.0,216.0,1,Not Hispanic or Latino,White,Male,35-44,80.0,Loan originated
1,545000.0,40,675000.0,131.0,1,Not Hispanic or Latino,Asian,Male,25-34,80.0,Loan originated
1,755000.0,37,895000.0,195.0,1,Not Hispanic or Latino,Asian,Female,25-34,83.987,Loan originated
1,385000.0,36,1075000.0,152.0,1,Not Hispanic or Latino,White,Male,35-44,35.85,Loan originated
1,405000.0,47,555000.0,98.0,1,Not Hispanic or Latino,Asian,Female,35-44,72.727,Loan originated
1,495000.0,45,555000.0,139.0,1,Not Hispanic or Latino,Asian,Male,25-34,90.0,Loan originated
1,655000.0,<20%,955000.0,399.0,1,Not Hispanic or Latino,Asian,Male,25-34,69.0,Loan originated
1,365000.0,43,385000.0,189.0,1,Not Hispanic or Latino,White,Male,25-34,95.0,Loan originated
1,405000.0,20%-<30%,425000.0,189.0,1,Hispanic or Latino,Black or African American,Female,35-44,95.0,Application denied
1,745000.0,30%-<36%,995000.0,540.0,1,Not Hispanic or Latino,American Indian or Alaska Native,Male,25-34,75.0,Loan originated
1,205000.0,49,315000.0,199.0,1,Not Hispanic or Latino,White,Female,55-64,62.893,Loan originated
1,745000.0,43,995000.0,200.0,1,Not Hispanic or Latino,Black or African American,Male,35-44,75.0,Loan originated
1,365000.0,30%-<36%,465000.0,180.0,1,Hispanic or Latino,White,Male,35-44,80.0,Loan originated
1,845000.0,30%-<36%,895000.0,282.0,1,Not Hispanic or Latino,White,Male,25-34,95.0,Loan originated
1,685000.0,40,855000.0,231.0,1,Not Hispanic or Latino,Asian,Male,45-54,80.0,Loan originated
1,575000.0,43,925000.0,146.0,1,Not Hispanic or Latino,Asian,Female,45-54,62.0,Loan originated
1,235000.0,>60%,305000.0,64.0,1,Not Hispanic or Latino,White,Female,65-74,78.24,Application denied
1,765000.0,46,865000.0,212.0,1,Not Hispanic or Latino,Asian,Female,35-44,88.953,Loan originated
1,205000.0,30%-<36%,405000.0,90.0,1,Not Hispanic or Latino,White,Male,25-34,50.617,Application denied
1,475000.0,39,515000.0,104.0,1,Not Hispanic or Latino,Asian,Female,25-34,92.157,Loan originated
1,295000.0,46,315000.0,83.0,1,Not Hispanic or Latino,White,Female,35-44,95.0,Loan originated
1,805000.0,20%-<30%,1285000.0,345.0,1,Not Hispanic or Latino,Asian,Male,35-44,62.5,Loan originated
1,495000.0,49,615000.0,118.0,1,Not Hispanic or Latino,White,Male,25-34,100.0,Loan originated
1,415000.0,48,515000.0,80.0,1,Not Hispanic or Latino,Asian,Male,35-44,80.0,Loan originated
1,475000.0,49,745000.0,123.0,1,Not Hispanic or Latino,White,Female,35-44,63.087,Loan originated
1,715000.0,49,845000.0,173.0,1,Not Hispanic or Latino,Asian,Male,25-34,85.0,Loan originated
1,225000.0,48,635000.0,66.0,1,Not Hispanic or Latino,White,Male,25-34,34.646,Application denied
1,145000.0,37,445000.0,94.0,1,Not Hispanic or Latino,White,Female,35-44,33.021,Loan originated
1,205000.0,49,215000.0,46.0,1,Hispanic or Latino,White,Male,<25,97.0,Loan originated
1,815000.0,49,905000.0,174.0,1,Not Hispanic or Latino,Asian,Male,45-54,90.0,Loan originated
1,565000.0,30%-<36%,705000.0,169.0,1,Not Hispanic or Latino,Asian,Male,35-44,80.0,Loan originated
1,635000.0,47,795000.0,174.0,1,Not Hispanic or Latino,Asian,Male,25-34,79.99,Loan originated
1,365000.0,46,455000.0,88.0,1,Hispanic or Latino,White,Male,25-34,80.0,Loan originated
1,675000.0,30%-<36%,835000.0,200.0,1,Not Hispanic or Latino,White,Male,25-34,80.0,Loan originated
1,1005000.0,42,1255000.0,287.0,1,Not Hispanic or Latino,White,Male,25-34,80.0,Loan originated
1,585000.0,47,615000.0,136.0,1,Hispanic or Latino,White,Male,25-34,95.0,Loan originated
1,905000.0,44,1155000.0,290.0,1,Not Hispanic or Latino,Asian,Male,35-44,79.255,Loan originated
1,955000.0,39,1355000.0,277.0,1,Not Hispanic or Latino,Asian,Male,35-44,71.7,Loan originated
1,755000.0,45,945000.0,200.0,1,Not Hispanic or Latino,White,Male,55-64,80.0,Loan originated
1,465000.0,50%-60%,615000.0,82.0,1,Hispanic or Latino,White,Female,25-34,95.285,Application denied
1,465000.0,47,785000.0,310.0,1,Not Hispanic or Latino,White,Female,35-44,60.0,Loan originated
1,475000.0,43,555000.0,123.0,1,Hispanic or Latino,White,Male,25-34,85.632,Loan originated
1,695000.0,42,735000.0,198.0,1,Hispanic or Latino,White,Male,35-44,95.0,Loan originated
1,585000.0,37,605000.0,154.0,1,Not Hispanic or Latino,Asian,Female,35-44,97.0,Loan originated
1,445000.0,30%-<36%,555000.0,135.0,1,Hispanic or Latino,White,Female,25-34,80.0,Loan originated
1,485000.0,48,605000.0,113.0,1,Not Hispanic or Latino,Asian,Female,55-64,80.0,Loan originated
1,255000.0,30%-<36%,655000.0,92.0,1,Not Hispanic or Latino,Asian,Female,45-54,38.6,Loan originated
1,1015000.0,>60%,1355000.0,0.0,1,Not Hispanic or Latino,Asian,Male,25-34,75.0,Application denied
1,205000.0,36,275000.0,57.0,1,Not Hispanic or Latino,White,Male,55-64,74.63,Loan originated
1,305000.0,48,385000.0,235.0,1,Not Hispanic or Latino,White,Male,45-54,80.0,Loan originated
1,395000.0,48,865000.0,98.0,1,Not Hispanic or Latino,Asian,Female,25-34,46.0,Loan originated
1,295000.0,42,315000.0,146.0,1,Not Hispanic or Latino,White,Male,45-54,95.0,Loan originated
1,275000.0,39,305000.0,83.0,1,Hispanic or Latino,White,Female,45-54,90.0,Loan originated
1,705000.0,38,1605000.0,447.0,1,Not Hispanic or Latino,White,Male,45-54,43.75,Application denied
1,205000.0,<20%,525000.0,275.0,1,Not Hispanic or Latino,White,Male,35-44,39.604,Loan originated
1,175000.0,48,245000.0,68.0,1,Hispanic or Latino,White,Male,35-44,70.0,Loan originated
1,565000.0,30%-<36%,595000.0,158.0,1,Hispanic or Latino,White,Male,25-34,95.0,Loan originated
1,705000.0,41,885000.0,205.0,1,Not Hispanic or Latino,Asian,Female,35-44,80.0,Loan originated
1,1105000.0,30%-<36%,1385000.0,361.0,1,Not Hispanic or Latino,Asian,Female,25-34,80.0,Loan originated
1,325000.0,45,395000.0,70.0,1,Not Hispanic or Latino,White,Female,45-54,82.53,Loan originated
1,185000.0,<20%,725000.0,145.0,1,Not Hispanic or Latino,Asian,Female,35-44,24.949,Loan originated
1,675000.0,30%-<36%,855000.0,213.0,1,Not Hispanic or Latino,Asian,Male,45-54,78.824,Loan originated
1,355000.0,30%-<36%,415000.0,130.0,1,Not Hispanic or Latino,White,Male,35-44,85.0,Loan originated
1,585000.0,49,895000.0,120.0,1,Hispanic or Latino,White,Male,35-44,65.169,Loan originated
1,535000.0,48,1125000.0,117.0,1,Not Hispanic or Latino,Asian,Male,45-54,47.321,Loan originated
1,865000.0,30%-<36%,1245000.0,274.0,1,Not Hispanic or Latino,White,Male,55-64,70.0,Loan originated
1,1105000.0,30%-<36%,1385000.0,411.0,1,Not Hispanic or Latino,Asian,Female,45-54,80.0,Loan originated
1,315000.0,43,615000.0,85.0,1,Not Hispanic or Latino,White,Male,25-34,50.82,Loan originated
1,485000.0,49,545000.0,99.0,1,Hispanic or Latino,White,Female,<25,90.0,Loan originated
1,175000.0,49,225000.0,50.0,1,Hispanic or Latino,White,Male,45-54,80.0,Application denied
1,235000.0,30%-<36%,275000.0,34.0,1,Hispanic or Latino,American Indian or Alaska Native,Female,25-34,85.185,Application denied
1,955000.0,20%-<30%,1885000.0,460.0,1,Not Hispanic or Latino,White,Male,45-54,51.0,Loan originated
1,375000.0,49,475000.0,98.0,1,Not Hispanic or Latino,White,Female,55-64,80.0,Loan originated
1,75000.0,30%-<36%,95000.0,59.0,1,Not Hispanic or Latino,White,Male,35-44,81.23,Application denied
1,405000.0,30%-<36%,505000.0,165.0,1,Hispanic or Latino,White,Female,35-44,80.0,Loan originated
1,225000.0,36,645000.0,74.0,1,Not Hispanic or Latino,White,Male,25-34,35.21,Loan originated
1,885000.0,44,1105000.0,314.0,1,Hispanic or Latino,White,Male,45-54,80.0,Loan originated
1,285000.0,30%-<36%,305000.0,90.0,1,Hispanic or Latino,White,Female,25-34,95.0,Loan originated
1,705000.0,42,885000.0,194.0,1,Not Hispanic or Latino,White,Male,25-34,80.0,Loan originated
1,415000.0,43,435000.0,101.0,1,Not Hispanic or Latino,Asian,Male,35-44,97.0,Loan originated
1,375000.0,38,535000.0,115.0,1,Not Hispanic or Latino,White,Female,45-54,70.093,Loan originated
1,255000.0,49,555000.0,56.0,1,Not Hispanic or Latino,Asian,Female,25-34,45.45,Loan originated
1,315000.0,38,355000.0,79.0,1,Not Hispanic or Latino,Asian,Male,35-44,88.732,Loan originated
1,585000.0,43,695000.0,139.0,1,Not Hispanic or Latino,Asian,Male,25-34,85.0,Loan originated
1,495000.0,45,625000.0,122.0,1,Not Hispanic or Latino,Asian,Male,55-64,80.0,Loan originated
1,605000.0,44,705000.0,230.0,1,Not Hispanic or Latino,Asian,Female,55-64,85.714,Loan originated
1,145000.0,36,195000.0,99.0,1,Hispanic or Latino,White,Female,65-74,74.36,Loan originated
1,445000.0,40,675000.0,184.0,1,Not Hispanic or Latino,Asian,Male,35-44,66.0,Loan originated
1,355000.0,20%-<30%,575000.0,148.0,1,Not Hispanic or Latino,White,Male,25-34,60.87,Loan originated
1,505000.0,20%-<30%,585000.0,152.0,1,Hispanic or Latino,Black or African American,Male,25-34,85.0,Loan originated
1,705000.0,>60%,1495000.0,80.0,1,Not Hispanic or Latino,White,Male,>74,46.92,Application denied
1,465000.0,49,705000.0,99.0,1,Not Hispanic or Latino,White,Female,35-44,66.454,Loan originated
1,975000.0,20%-<30%,1495000.0,488.0,1,Not Hispanic or Latino,Asian,Male,35-44,64.684,Loan originated
1,375000.0,50%-60%,385000.0,81.0,1,Hispanic or Latino,White,Female,35-44,97.0,Application denied
1,385000.0,40,635000.0,122.0,1,Not Hispanic or Latino,White,Male,55-64,60.63,Loan originated
1,465000.0,41,515000.0,158.0,1,Not Hispanic or Latino,Black or African American,Female,45-54,90.0,Application denied
1,495000.0,47,525000.0,109.0,1,Not Hispanic or Latino,American Indian or Alaska Native,Male,<25,95.0,Loan originated
1,365000.0,20%-<30%,455000.0,365.0,1,Not Hispanic or Latino,Black or African American,Male,25-34,80.0,Loan originated
1,445000.0,46,615000.0,103.0,1,Not Hispanic or Latino,White,Female,45-54,72.106,Loan originated
1,755000.0,30%-<36%,1435000.0,346.0,1,Hispanic or Latino,White,Male,55-64,53.0,Loan originated
1,325000.0,20%-<30%,405000.0,168.0,1,Not Hispanic or Latino,White,Male,25-34,80.0,Loan originated
1,615000.0,43,875000.0,105.0,1,Not Hispanic or Latino,White,Female,35-44,70.286,Loan originated
1,155000.0,36,215000.0,106.0,1,Not Hispanic or Latino,White,Female,65-74,72.6,Loan originated
1,285000.0,30%-<36%,325000.0,225.0,1,Not Hispanic or Latino,White,Female,55-64,90.0,Loan originated
1,105000.0,46,385000.0,36.0,1,Hispanic or Latino,White,Female,45-54,27.0,Loan originated
1,455000.0,30%-<36%,565000.0,159.0,1,Not Hispanic or Latino,Asian,Male,35-44,80.0,Loan originated
1,325000.0,40,335000.0,85.0,1,Hispanic or Latino,White,Female,25-34,100.0,Loan originated
1,895000.0,38,995000.0,282.0,1,Hispanic or Latino,White,Male,45-54,90.0,Loan originated
1,575000.0,>60%,585000.0,225.0,1,Not Hispanic or Latino,White,Male,55-64,95.0,Application denied
1,215000.0,44,265000.0,65.0,1,Hispanic or Latino,White,Male,35-44,81.13,Loan originated
1,365000.0,37,375000.0,148.0,1,Not Hispanic or Latino,Asian,Male,35-44,100.0,Loan originated
1,635000.0,43,865000.0,153.0,1,Not Hispanic or Latino,Asian,Female,25-34,73.645,Loan originated
1,385000.0,43,435000.0,112.0,1,Hispanic or Latino,White,Female,35-44,87.356,Loan originated
1,445000.0,20%-<30%,525000.0,165.0,1,Hispanic or Latino,American Indian or Alaska Native,Male,25-34,85.0,Loan originated
1,595000.0,30%-<36%,745000.0,191.0,1,Not Hispanic or Latino,Asian,Female,55-64,80.0,Loan originated
1,535000.0,49,825000.0,118.0,1,Not Hispanic or Latino,White,Female,35-44,65.25,Loan originated
1,295000.0,39,375000.0,109.0,1,Not Hispanic or Latino,White,Male,25-34,80.0,Loan originated
1,85000.0,38,115000.0,96.0,1,Not Hispanic or Latino,White,Male,55-64,73.82,Loan originated
1,165000.0,20%-<30%,765000.0,101.0,1,Not Hispanic or Latino,White,Female,65-74,21.569,Loan originated
1,395000.0,30%-<36%,495000.0,140.0,1,Not Hispanic or Latino,White,Male,25-34,80.0,Loan originated
1,605000.0,43,655000.0,130.0,1,Not Hispanic or Latino,Asian,Female,35-44,93.27,Loan originated
1,515000.0,36,695000.0,178.0,1,Not Hispanic or Latino,Asian,Male,35-44,75.0,Loan originated
1,505000.0,42,525000.0,171.0,1,Not Hispanic or Latino,White,Male,25-34,97.0,Loan originated
1,1925000.0,42,2405000.0,450.0,1,Not Hispanic or Latino,White,Male,25-34,80.0,Loan originated
1,525000.0,44,755000.0,120.0,1,Not Hispanic or Latino,Asian,Male,25-34,70.08,Loan originated
1,635000.0,30%-<36%,845000.0,240.0,1,Not Hispanic or Latino,2 or more minority races,Male,45-54,75.0,Loan originated
1,765000.0,30%-<36%,965000.0,284.0,1,Hispanic or Latino,Asian,Male,35-44,80.0,Loan originated
1,645000.0,44,815000.0,180.0,1,Not Hispanic or Latino,White,Male,35-44,80.0,Loan originated
1,695000.0,41,725000.0,180.0,1,Hispanic or Latino,White,Male,25-34,97.0,Loan originated
1,925000.0,30%-<36%,1155000.0,433.0,1,Not Hispanic or Latino,White,Female,25-34,80.0,Loan originated
1,605000.0,30%-<36%,1055000.0,228.0,1,Not Hispanic or Latino,White,Female,35-44,58.0,Loan originated
1,975000.0,48,1435000.0,190.0,1,Not Hispanic or Latino,Asian,Male,35-44,68.5,Loan originated
1,545000.0,20%-<30%,775000.0,271.0,1,Not Hispanic or Latino,White,Male,<25,70.13,Loan originated
1,545000.0,37,685000.0,400.0,1,Not Hispanic or Latino,White,Male,25-34,80.0,Loan originated
1,745000.0,49,1015000.0,150.0,1,Not Hispanic or Latino,Asian,Female,25-34,73.103,Loan originated
1,185000.0,20%-<30%,235000.0,97.0,1,Hispanic or Latino,White,Female,55-64,80.0,Loan originated
1,265000.0,20%-<30%,515000.0,105.0,1,Not Hispanic or Latino,Asian,Male,25-34,51.46,Loan originated
1,615000.0,49,775000.0,170.0,1,Not Hispanic or Latino,Asian,Female,25-34,80.0,Loan originated
1,495000.0,49,615000.0,85.0,1,Hispanic or Latino,Asian,Male,25-34,80.0,Loan originated
1,475000.0,48,505000.0,164.0,1,Not Hispanic or Latino,Asian,Female,35-44,95.0,Loan originated
1,555000.0,43,1355000.0,171.0,1,Not Hispanic or Latino,White,Female,45-54,41.0,Loan originated
1,195000.0,20%-<30%,585000.0,102.0,1,Not Hispanic or Latino,Asian,Female,45-54,33.0,Loan originated
1,395000.0,46,495000.0,86.0,1,Not Hispanic or Latino,White,Male,65-74,79.675,Loan originated
1,575000.0,48,645000.0,148.0,1,Not Hispanic or Latino,White,Male,25-34,90.0,Loan originated
1,605000.0,45,635000.0,137.0,1,Hispanic or Latino,White,Male,35-44,96.616,Loan originated
1,1025000.0,43,1525000.0,355.0,1,Not Hispanic or Latino,White,Male,35-44,67.105,Loan originated
1,65000.0,30%-<36%,75000.0,94.0,1,Not Hispanic or Latino,White,Male,>74,84.81,Loan originated
1,475000.0,47,485000.0,109.0,1,Not Hispanic or Latino,Asian,Male,45-54,100.0,Loan originated
1,715000.0,41,1015000.0,220.0,1,Not Hispanic or Latino,Asian,Male,45-54,70.0,Loan originated
1,765000.0,48,955000.0,174.0,1,Not Hispanic or Latino,White,Male,35-44,80.0,Loan originated
1,635000.0,47,795000.0,133.0,1,Not Hispanic or Latino,Black or African American,Female,25-34,80.0,Loan originated
1,655000.0,20%-<30%,815000.0,231.0,1,Not Hispanic or Latino,Asian,Male,45-54,80.0,Loan originated
1,955000.0,30%-<36%,1605000.0,297.0,1,Not Hispanic or Latino,Asian,Male,35-44,59.375,Loan originated
1,405000.0,42,615000.0,108.0,1,Not Hispanic or Latino,Asian,Male,35-44,65.0,Loan originated
1,625000.0,48,655000.0,151.0,1,Not Hispanic or Latino,Black or African American,Male,35-44,95.0,Loan originated
1,385000.0,20%-<30%,635000.0,291.0,1,Not Hispanic or Latino,White,Female,25-34,60.63,Loan originated
1,565000.0,30%-<36%,1125000.0,195.0,1,Not Hispanic or Latino,Black or African American,Female,65-74,50.0,Loan originated
1,455000.0,36,615000.0,141.0,1,Not Hispanic or Latino,Black or African American,Male,25-34,75.0,Loan originated
1,735000.0,45,835000.0,160.0,1,Not Hispanic or Latino,Asian,Male,25-34,87.972,Loan originated
1,675000.0,49,755000.0,133.0,1,Hispanic or Latino,White,Male,45-54,90.0,Loan originated
1,255000.0,20%-<30%,285000.0,148.0,1,Not Hispanic or Latino,Asian,Male,35-44,97.0,Loan originated
1,295000.0,48,305000.0,86.0,1,Not Hispanic or Latino,White,Female,25-34,97.0,Loan originated
1,305000.0,38,715000.0,99.0,1,Not Hispanic or Latino,White,Female,45-54,42.18,Loan originated
1,435000.0,30%-<36%,545000.0,224.0,1,Hispanic or Latino,White,Female,35-44,80.0,Loan originated
1,775000.0,47,1105000.0,196.0,1,Not Hispanic or Latino,White,Male,45-54,70.0,Loan originated
1,525000.0,46,545000.0,128.0,1,Hispanic or Latino,White,Female,35-44,98.0,Loan originated
1,335000.0,46,575000.0,104.0,1,Not Hispanic or Latino,White,Female,35-44,57.895,Loan originated
1,675000.0,41,835000.0,198.0,1,Not Hispanic or Latino,Asian,Male,25-34,80.0,Loan originated
1,515000.0,49,575000.0,101.0,1,Not Hispanic or Latino,White,Female,35-44,90.0,Loan originated
1,145000.0,41,185000.0,178.0,1,Not Hispanic or Latino,White,Female,55-64,80.0,Application denied
1,35000.0,48,55000.0,57.0,1,Hispanic or Latino,White,Male,55-64,70.59,Application denied
1,565000.0,20%-<30%,815000.0,195.0,1,Not Hispanic or Latino,White,Female,35-44,69.33,Loan originated
1,295000.0,20%-<30%,785000.0,194.0,1,Not Hispanic or Latino,Asian,Female,25-34,37.18,Loan originated
1,945000.0,38,1175000.0,233.0,1,Not Hispanic or Latino,Asian,Male,35-44,80.0,Loan originated
