term,Coef.,P>|z|,odds_ratio,significant,adverse,ground_truth_label
C(race)[T.2 or more minority races],0.4987042763907717,0.01786581919134934,1.64658636704587,True,True,BIAS
C(race)[T.American Indian or Alaska Native],0.32680993995547736,0.015462966657897767,1.3865379266758089,True,True,BIAS
C(race)[T.Asian],0.09341977153045052,0.026827003674850646,1.0979225151646814,True,True,BIAS
C(race)[T.Black or African American],0.5357417143472867,1.9578000972070065e-14,1.708715150896818,True,True,BIAS
C(race)[T.Native Hawaiian or Other Pacific Islander],0.3965457599621908,0.07390138970311964,1.4866804668602314,False,True,NO_BIAS
C(sex)[T.Female],-0.1080254936588317,0.0018490414039328126,0.8976047129104271,True,False,FAVORED
C(ethnicity)[T.Hispanic or Latino],0.13915066724385755,0.0008593054301128417,1.1492972484081718,True,True,BIAS
